ef5ba2c48f906e24e6cbe3a94f614f84	gi|559795255|ref|NR_104846.1|	98.409	440	7	0	6	445	288	727	0.0	774	745368
ef5ba2c48f906e24e6cbe3a94f614f84	gi|265678692|ref|NR_028997.1|	97.959	441	8	1	6	445	303	743	0.0	763	214851
ef5ba2c48f906e24e6cbe3a94f614f84	gi|2363084747|ref|NR_180622.1|	94.091	440	26	0	6	445	335	774	0.0	669	2779354
ef5ba2c48f906e24e6cbe3a94f614f84	gi|1397641802|ref|NR_156911.1|	93.636	440	28	0	6	445	351	790	0.0	658	1650663
ef5ba2c48f906e24e6cbe3a94f614f84	gi|1277396189|ref|NR_151900.1|	93.182	440	30	0	6	445	351	790	0.0	647	1550024
ef5ba2c48f906e24e6cbe3a94f614f84	gi|3030611269|ref|NR_199945.1|	92.955	440	31	0	6	445	335	774	0.0	641	3435293
ef5ba2c48f906e24e6cbe3a94f614f84	gi|2363082282|ref|NR_179388.1|	92.955	440	31	0	6	445	335	774	0.0	641	2935520
ef5ba2c48f906e24e6cbe3a94f614f84	gi|265678656|ref|NR_028961.1|	92.955	440	31	0	6	445	327	766	0.0	641	853
ef5ba2c48f906e24e6cbe3a94f614f84	gi|2363082356|ref|NR_179425.1|	92.517	441	31	2	6	445	351	790	2.11e-180	630	1689304
ef5ba2c48f906e24e6cbe3a94f614f84	gi|2363081451|ref|NR_178972.1|	92.500	440	33	0	6	445	285	724	2.11e-180	630	1851428
38dae54bfda598fb16d7a26e38bbaf52	gi|343200190|ref|NR_040877.1|	97.826	460	10	0	6	465	341	800	0.0	797	537011
38dae54bfda598fb16d7a26e38bbaf52	gi|631252213|ref|NR_113411.1|	97.826	460	10	0	6	465	341	800	0.0	795	537011
38dae54bfda598fb16d7a26e38bbaf52	gi|2363084409|ref|NR_180452.1|	96.522	460	16	0	6	465	321	780	0.0	761	2518605
38dae54bfda598fb16d7a26e38bbaf52	gi|631253107|ref|NR_114305.1|	93.492	461	28	2	6	465	341	800	0.0	684	1236518
38dae54bfda598fb16d7a26e38bbaf52	gi|636560666|ref|NR_116726.1|	93.492	461	28	2	6	465	321	780	0.0	684	1236518
38dae54bfda598fb16d7a26e38bbaf52	gi|631251907|ref|NR_113105.1|	92.888	464	25	7	6	465	329	788	0.0	667	470565
38dae54bfda598fb16d7a26e38bbaf52	gi|343199048|ref|NR_044407.1|	92.888	464	25	7	6	465	321	780	0.0	667	470565
38dae54bfda598fb16d7a26e38bbaf52	gi|507148088|ref|NR_102895.1|	92.609	460	34	0	6	465	349	808	0.0	662	553174
38dae54bfda598fb16d7a26e38bbaf52	gi|631251915|ref|NR_113113.1|	92.609	460	34	0	6	465	329	788	0.0	662	553174
38dae54bfda598fb16d7a26e38bbaf52	gi|343198546|ref|NR_042843.1|	92.609	460	34	0	6	465	321	780	0.0	662	553174
a2ccfad931e099e6dc19807d763247a9	gi|631252213|ref|NR_113411.1|	98.261	460	8	0	6	465	341	800	0.0	806	537011
a2ccfad931e099e6dc19807d763247a9	gi|343200190|ref|NR_040877.1|	98.043	460	9	0	6	465	341	800	0.0	802	537011
a2ccfad931e099e6dc19807d763247a9	gi|2363084409|ref|NR_180452.1|	96.957	460	14	0	6	465	321	780	0.0	773	2518605
a2ccfad931e099e6dc19807d763247a9	gi|631251922|ref|NR_113120.1|	93.305	463	25	6	6	465	339	798	0.0	678	28136
a2ccfad931e099e6dc19807d763247a9	gi|631251907|ref|NR_113105.1|	93.319	464	23	7	6	465	329	788	0.0	678	470565
a2ccfad931e099e6dc19807d763247a9	gi|343199048|ref|NR_044407.1|	93.319	464	23	7	6	465	321	780	0.0	678	470565
a2ccfad931e099e6dc19807d763247a9	gi|631253107|ref|NR_114305.1|	93.059	461	30	2	6	465	341	800	0.0	673	1236518
a2ccfad931e099e6dc19807d763247a9	gi|265678842|ref|NR_029147.1|	93.074	462	28	4	6	465	344	803	0.0	673	28136
a2ccfad931e099e6dc19807d763247a9	gi|636560666|ref|NR_116726.1|	93.059	461	30	2	6	465	321	780	0.0	673	1236518
a2ccfad931e099e6dc19807d763247a9	gi|566085557|ref|NR_109628.1|	92.888	464	25	8	6	465	322	781	0.0	667	1177574
19eb8ebe3f4eb24f6609e08fd5f13ce4	gi|444304189|ref|NR_074613.1|	94.545	440	24	0	6	445	350	789	0.0	680	515620
19eb8ebe3f4eb24f6609e08fd5f13ce4	gi|559795169|ref|NR_104758.1|	94.091	440	26	0	6	445	345	784	0.0	669	1282887
19eb8ebe3f4eb24f6609e08fd5f13ce4	gi|559795246|ref|NR_104836.1|	94.104	441	24	2	6	445	333	772	0.0	669	706562
19eb8ebe3f4eb24f6609e08fd5f13ce4	gi|219846511|ref|NR_026103.1|	94.091	440	26	0	6	445	316	755	0.0	669	37658
19eb8ebe3f4eb24f6609e08fd5f13ce4	gi|1277396381|ref|NR_152095.1|	93.864	440	27	0	6	445	348	787	0.0	664	1679721
19eb8ebe3f4eb24f6609e08fd5f13ce4	gi|645321749|ref|NR_118643.1|	93.864	440	27	0	6	445	254	693	0.0	664	1432052
19eb8ebe3f4eb24f6609e08fd5f13ce4	gi|631252121|ref|NR_113319.1|	93.636	440	28	0	6	445	350	789	0.0	658	645466
19eb8ebe3f4eb24f6609e08fd5f13ce4	gi|1277396183|ref|NR_151894.1|	93.636	440	28	0	6	445	335	774	0.0	658	433293
19eb8ebe3f4eb24f6609e08fd5f13ce4	gi|343202586|ref|NR_042953.1|	93.636	440	28	0	6	445	308	747	0.0	658	264463
19eb8ebe3f4eb24f6609e08fd5f13ce4	gi|2363085103|ref|NR_180800.1|	93.409	440	29	0	6	445	347	786	0.0	652	2652274
12466acfa3c4a77d2dc282bbbc311778	gi|631252213|ref|NR_113411.1|	98.696	460	6	0	6	465	341	800	0.0	817	537011
12466acfa3c4a77d2dc282bbbc311778	gi|343200190|ref|NR_040877.1|	98.478	460	7	0	6	465	341	800	0.0	813	537011
12466acfa3c4a77d2dc282bbbc311778	gi|2363084409|ref|NR_180452.1|	97.826	460	10	0	6	465	321	780	0.0	795	2518605
12466acfa3c4a77d2dc282bbbc311778	gi|631251907|ref|NR_113105.1|	93.926	461	26	2	6	465	329	788	0.0	695	470565
12466acfa3c4a77d2dc282bbbc311778	gi|343199048|ref|NR_044407.1|	93.926	461	26	2	6	465	321	780	0.0	695	470565
12466acfa3c4a77d2dc282bbbc311778	gi|566085557|ref|NR_109628.1|	93.492	461	28	2	6	465	322	781	0.0	684	1177574
12466acfa3c4a77d2dc282bbbc311778	gi|631251926|ref|NR_113124.1|	93.059	461	30	2	6	465	341	800	0.0	673	28137
12466acfa3c4a77d2dc282bbbc311778	gi|265678842|ref|NR_029147.1|	93.089	463	26	6	6	465	344	803	0.0	673	28136
12466acfa3c4a77d2dc282bbbc311778	gi|636559270|ref|NR_115327.1|	93.059	461	30	2	6	465	321	780	0.0	673	28137
12466acfa3c4a77d2dc282bbbc311778	gi|265678843|ref|NR_029148.1|	92.842	461	31	2	6	465	349	808	0.0	671	28137
0f14a2439752b6e29f20e129abaaf8bf	gi|3248465636|ref|NR_201647.1|	99.091	440	4	0	6	445	300	739	0.0	791	3380806
0f14a2439752b6e29f20e129abaaf8bf	gi|343198924|ref|NR_044048.1|	99.091	440	4	0	6	445	328	767	0.0	791	470146
0f14a2439752b6e29f20e129abaaf8bf	gi|1116030277|ref|NR_144735.1|	98.636	440	6	0	6	445	350	789	0.0	780	1745713
0f14a2439752b6e29f20e129abaaf8bf	gi|2363082603|ref|NR_179548.1|	96.818	440	14	0	6	445	348	787	0.0	737	1870993
0f14a2439752b6e29f20e129abaaf8bf	gi|265678940|ref|NR_029248.1|	96.364	440	14	2	6	445	349	786	0.0	725	500632
0f14a2439752b6e29f20e129abaaf8bf	gi|2363084846|ref|NR_180671.1|	95.682	440	19	0	6	445	63	502	0.0	708	2594882
0f14a2439752b6e29f20e129abaaf8bf	gi|2962412221|ref|NR_199415.1|	95.682	440	19	0	6	445	338	777	0.0	708	3136600
0f14a2439752b6e29f20e129abaaf8bf	gi|2363086021|ref|NR_181263.1|	95.682	440	19	0	6	445	334	773	0.0	708	2726362
0f14a2439752b6e29f20e129abaaf8bf	gi|2363086282|ref|NR_181393.1|	95.475	442	16	4	6	445	290	729	0.0	702	2763664
0f14a2439752b6e29f20e129abaaf8bf	gi|343203027|ref|NR_043551.1|	95.455	440	20	0	6	445	349	788	0.0	702	341220
51ffb47e914d2368dbb71d52622c9c4a	gi|444439494|ref|NR_074809.1|	99.093	441	4	0	6	446	350	790	0.0	793	585394
51ffb47e914d2368dbb71d52622c9c4a	gi|343201282|ref|NR_042008.1|	98.866	441	4	1	6	446	341	780	0.0	785	585394
51ffb47e914d2368dbb71d52622c9c4a	gi|645320588|ref|NR_117758.1|	98.643	442	5	1	6	446	322	763	0.0	782	166486
51ffb47e914d2368dbb71d52622c9c4a	gi|228716944|ref|NR_027557.1|	98.643	442	5	1	6	446	343	784	0.0	782	536231
51ffb47e914d2368dbb71d52622c9c4a	gi|343198540|ref|NR_042832.1|	98.186	441	8	0	6	446	330	770	0.0	771	301302
51ffb47e914d2368dbb71d52622c9c4a	gi|1227086116|ref|NR_148619.1|	97.511	442	10	1	6	446	301	742	0.0	754	1712665
51ffb47e914d2368dbb71d52622c9c4a	gi|2363085153|ref|NR_180825.1|	97.052	441	13	0	6	446	347	787	0.0	743	2605790
51ffb47e914d2368dbb71d52622c9c4a	gi|444304209|ref|NR_074634.1|	97.052	441	12	1	6	446	350	789	0.0	741	515619
51ffb47e914d2368dbb71d52622c9c4a	gi|343201281|ref|NR_042007.1|	96.847	444	9	5	6	446	343	784	0.0	737	622312
51ffb47e914d2368dbb71d52622c9c4a	gi|2363086282|ref|NR_181393.1|	96.825	441	13	1	6	446	290	729	0.0	736	2763664
7756c782586e5c3fb8dd355b15fe3f1e	gi|2363085153|ref|NR_180825.1|	96.614	443	13	1	6	448	347	787	0.0	734	2605790
7756c782586e5c3fb8dd355b15fe3f1e	gi|343198540|ref|NR_042832.1|	96.614	443	13	1	6	448	330	770	0.0	734	301302
7756c782586e5c3fb8dd355b15fe3f1e	gi|645320588|ref|NR_117758.1|	96.163	443	16	1	6	448	322	763	0.0	723	166486
7756c782586e5c3fb8dd355b15fe3f1e	gi|228716944|ref|NR_027557.1|	96.163	443	16	1	6	448	343	784	0.0	723	536231
7756c782586e5c3fb8dd355b15fe3f1e	gi|2363085149|ref|NR_180823.1|	96.163	443	14	1	6	448	357	796	0.0	721	2606634
7756c782586e5c3fb8dd355b15fe3f1e	gi|444439494|ref|NR_074809.1|	95.711	443	17	1	6	448	350	790	0.0	712	585394
7756c782586e5c3fb8dd355b15fe3f1e	gi|444304209|ref|NR_074634.1|	95.711	443	16	1	6	448	350	789	0.0	710	515619
7756c782586e5c3fb8dd355b15fe3f1e	gi|2363086282|ref|NR_181393.1|	95.711	443	16	1	6	448	290	729	0.0	710	2763664
7756c782586e5c3fb8dd355b15fe3f1e	gi|559795194|ref|NR_104783.1|	95.711	443	16	1	6	448	353	792	0.0	710	290052
7756c782586e5c3fb8dd355b15fe3f1e	gi|1227086116|ref|NR_148619.1|	95.495	444	17	2	6	448	301	742	0.0	706	1712665
ae1d648eef6a394cb7c2c3588d7ab1b1	gi|2363081451|ref|NR_178972.1|	99.318	440	3	0	6	445	285	724	0.0	797	1851428
ae1d648eef6a394cb7c2c3588d7ab1b1	gi|265678656|ref|NR_028961.1|	98.636	440	6	0	6	445	327	766	0.0	780	853
ae1d648eef6a394cb7c2c3588d7ab1b1	gi|2363082282|ref|NR_179388.1|	98.409	440	7	0	6	445	335	774	0.0	774	2935520
ae1d648eef6a394cb7c2c3588d7ab1b1	gi|2363080123|ref|NR_178280.1|	98.409	440	7	0	6	445	331	770	0.0	774	411483
ae1d648eef6a394cb7c2c3588d7ab1b1	gi|3030611269|ref|NR_199945.1|	98.182	440	8	0	6	445	335	774	0.0	769	3435293
ae1d648eef6a394cb7c2c3588d7ab1b1	gi|2363081449|ref|NR_178971.1|	97.955	440	8	1	6	445	285	723	0.0	761	1851427
ae1d648eef6a394cb7c2c3588d7ab1b1	gi|2363080175|ref|NR_178311.1|	96.364	440	16	0	6	445	412	851	0.0	725	2903556
ae1d648eef6a394cb7c2c3588d7ab1b1	gi|1397641802|ref|NR_156911.1|	92.500	440	33	0	6	445	351	790	2.11e-180	630	1650663
ae1d648eef6a394cb7c2c3588d7ab1b1	gi|2363084747|ref|NR_180622.1|	92.500	440	33	0	6	445	335	774	2.11e-180	630	2779354
ae1d648eef6a394cb7c2c3588d7ab1b1	gi|2363082356|ref|NR_179425.1|	92.290	441	32	2	6	445	351	790	9.80e-179	625	1689304
5368efc4a99a8b90c730cd9c0a0ed2ac	gi|2621112340|ref|NR_189244.1|	95.701	442	19	0	6	447	363	804	0.0	712	3046382
5368efc4a99a8b90c730cd9c0a0ed2ac	gi|2621112341|ref|NR_189245.1|	95.475	442	20	0	6	447	363	804	0.0	706	3046383
5368efc4a99a8b90c730cd9c0a0ed2ac	gi|636559633|ref|NR_115693.1|	88.789	446	41	8	6	447	442	882	1.32e-152	538	694434
5368efc4a99a8b90c730cd9c0a0ed2ac	gi|636559632|ref|NR_115692.1|	88.789	446	41	8	6	447	442	882	1.32e-152	538	694434
5368efc4a99a8b90c730cd9c0a0ed2ac	gi|636559631|ref|NR_115691.1|	88.789	446	41	8	6	447	436	876	1.32e-152	538	694434
5368efc4a99a8b90c730cd9c0a0ed2ac	gi|636559630|ref|NR_115690.1|	88.789	446	41	8	6	447	448	888	1.32e-152	538	694434
5368efc4a99a8b90c730cd9c0a0ed2ac	gi|343198739|ref|NR_043559.1|	88.789	446	41	8	6	447	447	887	1.32e-152	538	694434
5368efc4a99a8b90c730cd9c0a0ed2ac	gi|2363081417|ref|NR_178955.1|	86.742	445	54	5	6	447	288	730	3.75e-138	490	1851429
5368efc4a99a8b90c730cd9c0a0ed2ac	gi|631251702|ref|NR_112900.1|	86.801	447	50	9	6	447	341	783	3.75e-138	490	626937
5368efc4a99a8b90c730cd9c0a0ed2ac	gi|1116030284|ref|NR_144742.1|	86.323	446	54	7	6	447	352	794	8.11e-135	479	1805714
57bf54716226cb96e57e3a0e403feed4	gi|645320614|ref|NR_117778.1|	99.570	465	2	0	6	470	293	757	0.0	848	40545
57bf54716226cb96e57e3a0e403feed4	gi|559795260|ref|NR_104851.1|	99.570	465	2	0	6	470	282	746	0.0	848	40545
57bf54716226cb96e57e3a0e403feed4	gi|1864207054|ref|NR_169348.1|	98.065	465	9	0	6	470	319	783	0.0	809	2584944
57bf54716226cb96e57e3a0e403feed4	gi|2363082713|ref|NR_179604.1|	98.065	465	9	0	6	470	310	774	0.0	809	1944635
57bf54716226cb96e57e3a0e403feed4	gi|219878461|ref|NR_025600.1|	94.421	466	24	2	6	470	302	766	0.0	715	234908
57bf54716226cb96e57e3a0e403feed4	gi|2363082045|ref|NR_179269.1|	94.206	466	25	2	6	470	320	784	0.0	710	2494234
57bf54716226cb96e57e3a0e403feed4	gi|1193829159|ref|NR_147402.1|	93.548	465	30	0	6	470	332	796	0.0	693	1907660
57bf54716226cb96e57e3a0e403feed4	gi|2136551693|ref|NR_173698.1|	92.949	468	27	4	6	470	318	782	0.0	676	2259133
57bf54716226cb96e57e3a0e403feed4	gi|2363082296|ref|NR_179395.1|	92.934	467	29	3	6	470	330	794	0.0	676	1506471
57bf54716226cb96e57e3a0e403feed4	gi|566084840|ref|NR_108217.1|	91.277	470	31	10	6	470	285	749	0.0	632	551988
a1c7be04d1cc5c4dc73f71ecb2742aac	gi|2363085153|ref|NR_180825.1|	97.065	443	11	1	6	448	347	787	0.0	745	2605790
a1c7be04d1cc5c4dc73f71ecb2742aac	gi|343198540|ref|NR_042832.1|	97.065	443	11	1	6	448	330	770	0.0	745	301302
a1c7be04d1cc5c4dc73f71ecb2742aac	gi|645320588|ref|NR_117758.1|	96.614	443	14	1	6	448	322	763	0.0	734	166486
a1c7be04d1cc5c4dc73f71ecb2742aac	gi|228716944|ref|NR_027557.1|	96.614	443	14	1	6	448	343	784	0.0	734	536231
a1c7be04d1cc5c4dc73f71ecb2742aac	gi|2363085149|ref|NR_180823.1|	96.614	443	12	1	6	448	357	796	0.0	732	2606634
a1c7be04d1cc5c4dc73f71ecb2742aac	gi|444439494|ref|NR_074809.1|	96.163	443	15	1	6	448	350	790	0.0	723	585394
a1c7be04d1cc5c4dc73f71ecb2742aac	gi|444304209|ref|NR_074634.1|	96.163	443	14	1	6	448	350	789	0.0	721	515619
a1c7be04d1cc5c4dc73f71ecb2742aac	gi|2363086282|ref|NR_181393.1|	96.163	443	14	1	6	448	290	729	0.0	721	2763664
a1c7be04d1cc5c4dc73f71ecb2742aac	gi|559795194|ref|NR_104783.1|	96.163	443	14	1	6	448	353	792	0.0	721	290052
a1c7be04d1cc5c4dc73f71ecb2742aac	gi|1227086116|ref|NR_148619.1|	95.946	444	15	2	6	448	301	742	0.0	717	1712665
5483c06446f4e7eddbfb59c3d2c87e0a	gi|631251745|ref|NR_112943.1|	99.130	460	4	0	6	465	326	785	0.0	828	449673
5483c06446f4e7eddbfb59c3d2c87e0a	gi|224581415|ref|NR_027196.1|	98.261	460	8	0	6	465	317	776	0.0	808	449673
5483c06446f4e7eddbfb59c3d2c87e0a	gi|631251867|ref|NR_113065.1|	96.957	460	14	0	6	465	338	797	0.0	773	762984
5483c06446f4e7eddbfb59c3d2c87e0a	gi|631251695|ref|NR_112893.1|	96.957	460	14	0	6	465	318	777	0.0	773	762984
5483c06446f4e7eddbfb59c3d2c87e0a	gi|2363086949|ref|NR_181731.1|	96.739	460	15	0	6	465	290	749	0.0	767	2834112
5483c06446f4e7eddbfb59c3d2c87e0a	gi|343200620|ref|NR_041307.1|	96.739	460	15	0	6	465	334	793	0.0	767	329854
5483c06446f4e7eddbfb59c3d2c87e0a	gi|631251735|ref|NR_112933.1|	96.312	461	15	2	6	465	334	793	0.0	756	246787
5483c06446f4e7eddbfb59c3d2c87e0a	gi|2363086550|ref|NR_181532.1|	96.087	460	18	0	6	465	322	781	0.0	750	2763025
5483c06446f4e7eddbfb59c3d2c87e0a	gi|343200761|ref|NR_041448.1|	96.087	460	18	0	6	465	322	781	0.0	750	376806
5483c06446f4e7eddbfb59c3d2c87e0a	gi|631251747|ref|NR_112945.1|	95.652	460	20	0	6	465	327	786	0.0	739	820
0d420bf078a86facff1450d10068d7eb	gi|343200677|ref|NR_041364.1|	98.913	460	5	0	6	465	337	796	0.0	822	1002367
0d420bf078a86facff1450d10068d7eb	gi|2363080041|ref|NR_178237.1|	91.558	462	35	4	6	465	330	789	0.0	634	2801997
0d420bf078a86facff1450d10068d7eb	gi|631252122|ref|NR_113320.1|	91.540	461	37	2	6	465	339	798	0.0	634	1236516
0d420bf078a86facff1450d10068d7eb	gi|631251924|ref|NR_113122.1|	91.558	462	35	4	6	465	339	798	0.0	634	185294
0d420bf078a86facff1450d10068d7eb	gi|631251898|ref|NR_113096.1|	91.522	460	39	0	6	465	339	798	0.0	634	28125
0d420bf078a86facff1450d10068d7eb	gi|636560772|ref|NR_116832.1|	91.540	461	37	2	6	465	319	778	0.0	634	1236516
0d420bf078a86facff1450d10068d7eb	gi|343200237|ref|NR_040924.1|	91.342	462	35	5	6	465	319	777	2.85e-179	627	185294
0d420bf078a86facff1450d10068d7eb	gi|219857187|ref|NR_024815.1|	91.126	462	37	4	6	465	339	798	3.69e-178	623	228603
0d420bf078a86facff1450d10068d7eb	gi|343206049|ref|NR_044629.1|	90.652	460	43	0	6	465	346	805	1.72e-176	617	28125
0d420bf078a86facff1450d10068d7eb	gi|631251895|ref|NR_113093.1|	90.652	460	43	0	6	465	339	798	7.99e-175	612	419005
5ef1b3fd5e3a055674dee5371dacb2ee	gi|1109168025|ref|NR_144611.1|	92.551	443	33	0	6	448	282	724	0.0	636	1417852
5ef1b3fd5e3a055674dee5371dacb2ee	gi|2363082168|ref|NR_179330.1|	92.568	444	30	3	6	448	327	768	0.0	634	2714355
5ef1b3fd5e3a055674dee5371dacb2ee	gi|2363082165|ref|NR_179329.1|	92.342	444	31	3	6	448	327	768	7.63e-180	628	2714353
5ef1b3fd5e3a055674dee5371dacb2ee	gi|343206380|ref|NR_044972.1|	91.892	444	34	2	6	448	331	773	3.55e-178	623	44749
5ef1b3fd5e3a055674dee5371dacb2ee	gi|3030611324|ref|NR_200000.1|	91.216	444	37	2	6	448	301	743	4.62e-172	603	3342383
5ef1b3fd5e3a055674dee5371dacb2ee	gi|2363082342|ref|NR_179418.1|	91.216	444	37	2	6	448	348	790	4.62e-172	603	1673721
5ef1b3fd5e3a055674dee5371dacb2ee	gi|219857437|ref|NR_025025.1|	90.991	444	36	4	6	448	332	772	1.66e-171	601	100176
5ef1b3fd5e3a055674dee5371dacb2ee	gi|2363082352|ref|NR_179423.1|	91.031	446	34	6	6	448	349	791	2.15e-170	597	1689270
5ef1b3fd5e3a055674dee5371dacb2ee	gi|645321636|ref|NR_118554.1|	91.011	445	36	4	6	448	329	771	2.15e-170	597	1297617
5ef1b3fd5e3a055674dee5371dacb2ee	gi|2363083800|ref|NR_180148.1|	90.541	444	40	2	6	448	349	791	4.66e-167	586	2211183
cf734f46208641e66fc00ca16fa54257	gi|265678578|ref|NR_028883.1|	98.866	441	4	1	6	445	226	666	0.0	785	88431
cf734f46208641e66fc00ca16fa54257	gi|1397641798|ref|NR_156907.1|	96.380	442	12	4	6	445	348	787	0.0	725	1912855
cf734f46208641e66fc00ca16fa54257	gi|265678482|ref|NR_028785.1|	96.372	441	14	2	6	445	351	790	0.0	725	29347
cf734f46208641e66fc00ca16fa54257	gi|1109168023|ref|NR_144610.1|	96.145	441	15	2	6	445	339	778	0.0	719	1796622
cf734f46208641e66fc00ca16fa54257	gi|645322565|ref|NR_119285.1|	96.145	441	15	2	6	445	325	764	0.0	719	29347
cf734f46208641e66fc00ca16fa54257	gi|631250892|ref|NR_112089.1|	96.154	442	13	4	6	445	336	775	0.0	719	553973
cf734f46208641e66fc00ca16fa54257	gi|310974936|ref|NR_036800.1|	96.145	441	15	2	6	445	326	765	0.0	719	411470
cf734f46208641e66fc00ca16fa54257	gi|645321810|ref|NR_118690.1|	96.145	441	15	2	6	445	338	777	0.0	719	411470
cf734f46208641e66fc00ca16fa54257	gi|224581401|ref|NR_024719.1|	96.154	442	12	5	6	445	341	779	0.0	717	89153
cf734f46208641e66fc00ca16fa54257	gi|2363082765|ref|NR_179631.1|	95.909	440	18	0	6	445	348	787	0.0	713	2014528
65900784f6246171cc1e1881ed05104d	gi|631252213|ref|NR_113411.1|	97.609	460	11	0	6	465	341	800	0.0	789	537011
65900784f6246171cc1e1881ed05104d	gi|343200190|ref|NR_040877.1|	97.391	460	12	0	6	465	341	800	0.0	785	537011
65900784f6246171cc1e1881ed05104d	gi|2363084409|ref|NR_180452.1|	96.304	460	17	0	6	465	321	780	0.0	756	2518605
65900784f6246171cc1e1881ed05104d	gi|631251922|ref|NR_113120.1|	92.657	463	28	6	6	465	339	798	0.0	662	28136
65900784f6246171cc1e1881ed05104d	gi|631251907|ref|NR_113105.1|	92.672	464	26	7	6	465	329	788	0.0	662	470565
65900784f6246171cc1e1881ed05104d	gi|343199048|ref|NR_044407.1|	92.672	464	26	7	6	465	321	780	0.0	662	470565
65900784f6246171cc1e1881ed05104d	gi|631253107|ref|NR_114305.1|	92.408	461	33	2	6	465	341	800	0.0	656	1236518
65900784f6246171cc1e1881ed05104d	gi|265678842|ref|NR_029147.1|	92.424	462	31	4	6	465	344	803	0.0	656	28136
65900784f6246171cc1e1881ed05104d	gi|636560666|ref|NR_116726.1|	92.408	461	33	2	6	465	321	780	0.0	656	1236518
65900784f6246171cc1e1881ed05104d	gi|566085557|ref|NR_109628.1|	92.241	464	28	8	6	465	322	781	0.0	651	1177574
a7b27522e8ad5fdabc8f018008fc7883	gi|343200677|ref|NR_041364.1|	99.565	460	2	0	6	465	337	796	0.0	839	1002367
a7b27522e8ad5fdabc8f018008fc7883	gi|631251898|ref|NR_113096.1|	92.174	460	36	0	6	465	339	798	0.0	651	28125
a7b27522e8ad5fdabc8f018008fc7883	gi|2363080041|ref|NR_178237.1|	91.775	462	34	4	6	465	330	789	0.0	640	2801997
a7b27522e8ad5fdabc8f018008fc7883	gi|631252122|ref|NR_113320.1|	91.757	461	36	2	6	465	339	798	0.0	640	1236516
a7b27522e8ad5fdabc8f018008fc7883	gi|631251924|ref|NR_113122.1|	91.775	462	34	4	6	465	339	798	0.0	640	185294
a7b27522e8ad5fdabc8f018008fc7883	gi|636560772|ref|NR_116832.1|	91.757	461	36	2	6	465	319	778	0.0	640	1236516
a7b27522e8ad5fdabc8f018008fc7883	gi|343206049|ref|NR_044629.1|	91.304	460	40	0	6	465	346	805	0.0	634	28125
a7b27522e8ad5fdabc8f018008fc7883	gi|343200237|ref|NR_040924.1|	91.558	462	34	5	6	465	319	777	0.0	632	185294
a7b27522e8ad5fdabc8f018008fc7883	gi|631251894|ref|NR_113092.1|	91.361	463	34	5	6	465	329	788	7.93e-180	628	77768
a7b27522e8ad5fdabc8f018008fc7883	gi|219857187|ref|NR_024815.1|	91.342	462	36	4	6	465	339	798	7.93e-180	628	228603
9f1a16210c6c090bac4df04dfd6777be	gi|631253128|ref|NR_114326.1|	99.091	440	4	0	6	445	334	773	0.0	791	1150298
9f1a16210c6c090bac4df04dfd6777be	gi|2363087259|ref|NR_181885.1|	96.364	440	16	0	6	445	335	774	0.0	726	2885351
9f1a16210c6c090bac4df04dfd6777be	gi|974142252|ref|NR_134772.1|	96.136	440	17	0	6	445	297	736	0.0	719	1337051
9f1a16210c6c090bac4df04dfd6777be	gi|343205837|ref|NR_044289.1|	95.909	440	18	0	6	445	328	767	0.0	713	460384
9f1a16210c6c090bac4df04dfd6777be	gi|3030611230|ref|NR_199906.1|	95.682	440	19	0	6	445	354	793	0.0	708	3123317
9f1a16210c6c090bac4df04dfd6777be	gi|2363085103|ref|NR_180800.1|	95.682	440	19	0	6	445	347	786	0.0	708	2652274
9f1a16210c6c090bac4df04dfd6777be	gi|3030611314|ref|NR_199990.1|	95.682	440	19	0	6	445	350	789	0.0	708	3123317
9f1a16210c6c090bac4df04dfd6777be	gi|1384992331|ref|NR_156080.1|	95.682	440	19	0	6	445	336	775	0.0	708	1469948
9f1a16210c6c090bac4df04dfd6777be	gi|1384992328|ref|NR_156077.1|	95.682	440	19	0	6	445	336	775	0.0	708	1469948
9f1a16210c6c090bac4df04dfd6777be	gi|1116030273|ref|NR_144731.1|	95.682	440	19	0	6	445	347	786	0.0	708	1720294
1521a723004603850fc60cd365f516c3	gi|631251740|ref|NR_112938.1|	99.130	460	4	0	6	465	326	785	0.0	828	204516
1521a723004603850fc60cd365f516c3	gi|343198509|ref|NR_042745.1|	99.130	460	4	0	6	465	338	797	0.0	828	204516
1521a723004603850fc60cd365f516c3	gi|343200626|ref|NR_041313.1|	94.783	460	24	0	6	465	340	799	0.0	717	338188
1521a723004603850fc60cd365f516c3	gi|631251749|ref|NR_112947.1|	94.143	461	25	2	6	465	326	785	0.0	702	657309
1521a723004603850fc60cd365f516c3	gi|1491509587|ref|NR_159118.1|	94.143	461	25	2	6	465	310	769	0.0	701	28116
1521a723004603850fc60cd365f516c3	gi|1491509586|ref|NR_159117.1|	94.143	461	25	2	6	465	301	760	0.0	701	28116
1521a723004603850fc60cd365f516c3	gi|2363085522|ref|NR_181010.1|	94.143	461	25	2	6	465	297	756	0.0	701	2786956
1521a723004603850fc60cd365f516c3	gi|2363084431|ref|NR_180463.1|	94.143	461	25	2	6	465	340	799	0.0	701	2650158
1521a723004603850fc60cd365f516c3	gi|2363084421|ref|NR_180458.1|	94.130	460	27	0	6	465	340	799	0.0	701	2650157
1521a723004603850fc60cd365f516c3	gi|631251866|ref|NR_113064.1|	94.130	460	27	0	6	465	338	797	0.0	701	1236538
14b48ab95c1b5b6a647113a059c31290	gi|631251747|ref|NR_112945.1|	99.783	460	1	0	6	465	327	786	0.0	845	820
14b48ab95c1b5b6a647113a059c31290	gi|343200179|ref|NR_040866.1|	99.783	460	1	0	6	465	334	793	0.0	845	820
14b48ab95c1b5b6a647113a059c31290	gi|2363086550|ref|NR_181532.1|	99.348	460	3	0	6	465	322	781	0.0	833	2763025
14b48ab95c1b5b6a647113a059c31290	gi|2363082773|ref|NR_179635.1|	97.609	460	11	0	6	465	338	797	0.0	789	2024197
14b48ab95c1b5b6a647113a059c31290	gi|631251874|ref|NR_113072.1|	97.391	460	12	0	6	465	338	797	0.0	784	1236512
14b48ab95c1b5b6a647113a059c31290	gi|631251816|ref|NR_113014.1|	97.174	460	13	0	6	465	338	797	0.0	778	1236512
14b48ab95c1b5b6a647113a059c31290	gi|631251735|ref|NR_112933.1|	96.957	460	14	0	6	465	334	793	0.0	773	246787
14b48ab95c1b5b6a647113a059c31290	gi|343200620|ref|NR_041307.1|	96.739	460	15	0	6	465	334	793	0.0	767	329854
14b48ab95c1b5b6a647113a059c31290	gi|2363084421|ref|NR_180458.1|	96.522	460	16	0	6	465	340	799	0.0	761	2650157
14b48ab95c1b5b6a647113a059c31290	gi|2363082635|ref|NR_179564.1|	96.522	460	16	0	6	465	338	797	0.0	761	1903262
0550178291dd2eaafb5d481520f0747b	gi|1277396271|ref|NR_151982.1|	99.097	443	4	0	6	448	248	690	0.0	797	1628085
0550178291dd2eaafb5d481520f0747b	gi|1277396349|ref|NR_152060.1|	98.871	443	5	0	6	448	336	778	0.0	793	1712515
0550178291dd2eaafb5d481520f0747b	gi|545589041|ref|NR_044644.2|	95.711	443	17	1	6	448	354	794	0.0	719	39484
0550178291dd2eaafb5d481520f0747b	gi|1193829128|ref|NR_147371.1|	95.711	443	17	1	6	448	277	717	0.0	712	1871029
0550178291dd2eaafb5d481520f0747b	gi|343205971|ref|NR_044490.1|	94.369	444	24	1	6	448	348	791	0.0	680	501571
0550178291dd2eaafb5d481520f0747b	gi|2363082930|ref|NR_179713.1|	93.679	443	28	0	6	448	319	761	0.0	664	1945634
0550178291dd2eaafb5d481520f0747b	gi|2363087009|ref|NR_181761.1|	92.325	443	33	1	6	448	269	710	7.63e-180	628	2841509
0550178291dd2eaafb5d481520f0747b	gi|645321636|ref|NR_118554.1|	90.293	443	43	0	6	448	329	771	2.17e-165	580	1297617
0550178291dd2eaafb5d481520f0747b	gi|3248465658|ref|NR_201672.1|	90.090	444	42	2	6	448	296	738	1.01e-163	575	3381350
0550178291dd2eaafb5d481520f0747b	gi|2363082352|ref|NR_179423.1|	90.090	444	42	2	6	448	349	791	1.01e-163	575	1689270
641fe4a3595b02024cc28ca298b93c7f	gi|343200190|ref|NR_040877.1|	98.043	460	9	0	6	465	341	800	0.0	802	537011
641fe4a3595b02024cc28ca298b93c7f	gi|631252213|ref|NR_113411.1|	98.043	460	9	0	6	465	341	800	0.0	800	537011
641fe4a3595b02024cc28ca298b93c7f	gi|2363084409|ref|NR_180452.1|	96.739	460	15	0	6	465	321	780	0.0	767	2518605
641fe4a3595b02024cc28ca298b93c7f	gi|631253107|ref|NR_114305.1|	93.709	461	27	2	6	465	341	800	0.0	689	1236518
641fe4a3595b02024cc28ca298b93c7f	gi|636560666|ref|NR_116726.1|	93.709	461	27	2	6	465	321	780	0.0	689	1236518
641fe4a3595b02024cc28ca298b93c7f	gi|631251907|ref|NR_113105.1|	93.103	464	24	7	6	465	329	788	0.0	673	470565
641fe4a3595b02024cc28ca298b93c7f	gi|343199048|ref|NR_044407.1|	93.103	464	24	7	6	465	321	780	0.0	673	470565
641fe4a3595b02024cc28ca298b93c7f	gi|507148088|ref|NR_102895.1|	92.826	460	33	0	6	465	349	808	0.0	667	553174
641fe4a3595b02024cc28ca298b93c7f	gi|631251915|ref|NR_113113.1|	92.826	460	33	0	6	465	329	788	0.0	667	553174
641fe4a3595b02024cc28ca298b93c7f	gi|343198546|ref|NR_042843.1|	92.826	460	33	0	6	465	321	780	0.0	667	553174
3c3456d60334d846acce3276912e4e8e	gi|2363080123|ref|NR_178280.1|	98.636	440	6	0	6	445	331	770	0.0	780	411483
3c3456d60334d846acce3276912e4e8e	gi|3030611269|ref|NR_199945.1|	98.409	440	7	0	6	445	335	774	0.0	774	3435293
3c3456d60334d846acce3276912e4e8e	gi|2363081449|ref|NR_178971.1|	98.409	440	6	1	6	445	285	723	0.0	773	1851427
3c3456d60334d846acce3276912e4e8e	gi|265678656|ref|NR_028961.1|	97.955	440	9	0	6	445	327	766	0.0	763	853
3c3456d60334d846acce3276912e4e8e	gi|2363081451|ref|NR_178972.1|	97.727	440	10	0	6	445	285	724	0.0	758	1851428
3c3456d60334d846acce3276912e4e8e	gi|2363082282|ref|NR_179388.1|	97.052	441	11	2	6	445	335	774	0.0	741	2935520
3c3456d60334d846acce3276912e4e8e	gi|2363080175|ref|NR_178311.1|	96.364	440	16	0	6	445	412	851	0.0	725	2903556
3c3456d60334d846acce3276912e4e8e	gi|2363084747|ref|NR_180622.1|	93.197	441	28	2	6	445	335	774	0.0	647	2779354
3c3456d60334d846acce3276912e4e8e	gi|559795255|ref|NR_104846.1|	92.955	440	31	0	6	445	288	727	0.0	641	745368
3c3456d60334d846acce3276912e4e8e	gi|1277396189|ref|NR_151900.1|	92.500	440	33	0	6	445	351	790	2.11e-180	630	1550024
537e40afad886f751e183e559ddf0661	gi|2363086274|ref|NR_181389.1|	88.488	443	46	5	6	446	295	734	2.20e-150	531	2763657
537e40afad886f751e183e559ddf0661	gi|1776910887|ref|NR_164620.1|	87.302	441	55	1	6	446	347	786	4.80e-142	503	2173034
537e40afad886f751e183e559ddf0661	gi|2363083221|ref|NR_179859.1|	87.302	441	55	1	6	446	347	786	4.80e-142	503	2078660
537e40afad886f751e183e559ddf0661	gi|3030611263|ref|NR_199939.1|	87.359	443	51	5	6	446	332	771	4.80e-142	503	3074434
537e40afad886f751e183e559ddf0661	gi|672239088|ref|NR_125677.1|	87.387	444	49	7	6	446	346	785	4.80e-142	503	1348613
537e40afad886f751e183e559ddf0661	gi|1116030284|ref|NR_144742.1|	87.162	444	53	4	6	446	352	794	1.73e-141	501	1805714
537e40afad886f751e183e559ddf0661	gi|2363084132|ref|NR_180315.1|	87.191	445	51	6	6	446	323	765	1.73e-141	501	2496273
537e40afad886f751e183e559ddf0661	gi|2363081254|ref|NR_178871.1|	87.104	442	55	2	6	446	337	777	6.21e-141	499	1792311
537e40afad886f751e183e559ddf0661	gi|2363086270|ref|NR_181387.1|	87.104	442	56	1	6	446	302	743	6.21e-141	499	2763656
537e40afad886f751e183e559ddf0661	gi|2363082625|ref|NR_179559.1|	86.878	442	56	2	6	446	333	773	2.89e-139	494	1871018
b03bf8527609d87e922d6d97dc707863	gi|444439494|ref|NR_074809.1|	99.320	441	3	0	6	446	350	790	0.0	798	585394
b03bf8527609d87e922d6d97dc707863	gi|343201282|ref|NR_042008.1|	99.093	441	3	1	6	446	341	780	0.0	791	585394
b03bf8527609d87e922d6d97dc707863	gi|645320588|ref|NR_117758.1|	98.869	442	4	1	6	446	322	763	0.0	787	166486
b03bf8527609d87e922d6d97dc707863	gi|228716944|ref|NR_027557.1|	98.869	442	4	1	6	446	343	784	0.0	787	536231
b03bf8527609d87e922d6d97dc707863	gi|343198540|ref|NR_042832.1|	98.413	441	7	0	6	446	330	770	0.0	776	301302
b03bf8527609d87e922d6d97dc707863	gi|1227086116|ref|NR_148619.1|	97.738	442	9	1	6	446	301	742	0.0	760	1712665
b03bf8527609d87e922d6d97dc707863	gi|2363085153|ref|NR_180825.1|	97.279	441	12	0	6	446	347	787	0.0	749	2605790
b03bf8527609d87e922d6d97dc707863	gi|444304209|ref|NR_074634.1|	97.279	441	11	1	6	446	350	789	0.0	747	515619
b03bf8527609d87e922d6d97dc707863	gi|343201281|ref|NR_042007.1|	97.072	444	8	5	6	446	343	784	0.0	743	622312
b03bf8527609d87e922d6d97dc707863	gi|2363086282|ref|NR_181393.1|	97.052	441	12	1	6	446	290	729	0.0	741	2763664
a179c2cf6c93cb8af2f489eaea20f768	gi|343200190|ref|NR_040877.1|	98.478	460	7	0	6	465	341	800	0.0	813	537011
a179c2cf6c93cb8af2f489eaea20f768	gi|631252213|ref|NR_113411.1|	98.478	460	7	0	6	465	341	800	0.0	811	537011
a179c2cf6c93cb8af2f489eaea20f768	gi|2363084409|ref|NR_180452.1|	97.174	460	13	0	6	465	321	780	0.0	778	2518605
a179c2cf6c93cb8af2f489eaea20f768	gi|631253107|ref|NR_114305.1|	94.143	461	25	2	6	465	341	800	0.0	701	1236518
a179c2cf6c93cb8af2f489eaea20f768	gi|636560666|ref|NR_116726.1|	94.143	461	25	2	6	465	321	780	0.0	701	1236518
a179c2cf6c93cb8af2f489eaea20f768	gi|631251907|ref|NR_113105.1|	93.534	464	22	7	6	465	329	788	0.0	684	470565
a179c2cf6c93cb8af2f489eaea20f768	gi|343199048|ref|NR_044407.1|	93.534	464	22	7	6	465	321	780	0.0	684	470565
a179c2cf6c93cb8af2f489eaea20f768	gi|507148088|ref|NR_102895.1|	93.261	460	31	0	6	465	349	808	0.0	678	553174
a179c2cf6c93cb8af2f489eaea20f768	gi|631251915|ref|NR_113113.1|	93.261	460	31	0	6	465	329	788	0.0	678	553174
a179c2cf6c93cb8af2f489eaea20f768	gi|343198546|ref|NR_042843.1|	93.261	460	31	0	6	465	321	780	0.0	678	553174
8531b46374d8e6f54836aaa666d10580	gi|631251735|ref|NR_112933.1|	99.348	460	3	0	6	465	334	793	0.0	833	246787
8531b46374d8e6f54836aaa666d10580	gi|1116030246|ref|NR_144704.1|	98.482	461	5	2	6	465	251	710	0.0	811	1203465
8531b46374d8e6f54836aaa666d10580	gi|343200620|ref|NR_041307.1|	98.478	460	7	0	6	465	334	793	0.0	811	329854
8531b46374d8e6f54836aaa666d10580	gi|343201477|ref|NR_042203.1|	98.478	460	7	0	6	465	295	754	0.0	811	537012
8531b46374d8e6f54836aaa666d10580	gi|631251747|ref|NR_112945.1|	96.522	460	16	0	6	465	327	786	0.0	761	820
8531b46374d8e6f54836aaa666d10580	gi|631251745|ref|NR_112943.1|	96.529	461	14	2	6	465	326	785	0.0	761	449673
8531b46374d8e6f54836aaa666d10580	gi|343200179|ref|NR_040866.1|	96.522	460	16	0	6	465	334	793	0.0	761	820
8531b46374d8e6f54836aaa666d10580	gi|631251734|ref|NR_112932.1|	96.304	460	17	0	6	465	328	787	0.0	756	47678
8531b46374d8e6f54836aaa666d10580	gi|645320100|ref|NR_117387.1|	96.304	460	17	0	6	465	320	779	0.0	756	1077285
8531b46374d8e6f54836aaa666d10580	gi|219846650|ref|NR_026242.1|	96.304	460	17	0	6	465	318	777	0.0	756	47678
806b3de3753c48f29854b2593f36b113	gi|559795314|ref|NR_104907.1|	95.023	442	20	2	6	446	315	755	0.0	693	290054
806b3de3753c48f29854b2593f36b113	gi|2136551683|ref|NR_173688.1|	92.744	441	31	1	6	446	321	760	0.0	636	2780922
806b3de3753c48f29854b2593f36b113	gi|507148077|ref|NR_102884.1|	90.519	443	37	5	6	446	331	770	2.16e-165	580	213810
806b3de3753c48f29854b2593f36b113	gi|1445136071|ref|NR_158111.1|	90.293	443	37	6	6	446	349	787	1.00e-163	575	2038680
806b3de3753c48f29854b2593f36b113	gi|1864207164|ref|NR_169458.1|	90.023	441	43	1	6	446	345	784	4.67e-162	569	2164149
806b3de3753c48f29854b2593f36b113	gi|1193829135|ref|NR_147378.1|	89.842	443	41	4	6	446	339	779	6.04e-161	566	1871035
806b3de3753c48f29854b2593f36b113	gi|3248465648|ref|NR_201660.1|	89.796	441	44	1	6	446	319	758	2.17e-160	564	3417630
806b3de3753c48f29854b2593f36b113	gi|3248465644|ref|NR_201656.1|	89.819	442	42	3	6	446	329	768	2.17e-160	564	3417633
806b3de3753c48f29854b2593f36b113	gi|2363082585|ref|NR_179539.1|	89.819	442	41	4	6	446	351	789	2.17e-160	564	1852384
806b3de3753c48f29854b2593f36b113	gi|636558832|ref|NR_114889.1|	89.842	443	39	6	6	446	277	715	2.17e-160	564	213810
78ef7c4afa5c1f820c255e055cff41c0	gi|343200656|ref|NR_041343.1|	99.565	460	2	0	6	465	340	799	0.0	839	46503
78ef7c4afa5c1f820c255e055cff41c0	gi|645322411|ref|NR_119166.1|	99.348	460	3	0	6	465	319	778	0.0	835	411477
78ef7c4afa5c1f820c255e055cff41c0	gi|343200777|ref|NR_041464.1|	97.609	460	11	0	6	465	340	799	0.0	789	387661
78ef7c4afa5c1f820c255e055cff41c0	gi|2363083816|ref|NR_180156.1|	96.739	460	15	0	6	465	291	750	0.0	767	2290935
78ef7c4afa5c1f820c255e055cff41c0	gi|2363086049|ref|NR_181277.1|	96.304	460	17	0	6	465	309	768	0.0	756	2753162
78ef7c4afa5c1f820c255e055cff41c0	gi|631251878|ref|NR_113076.1|	96.095	461	16	2	6	465	324	783	0.0	750	927665
78ef7c4afa5c1f820c255e055cff41c0	gi|343202832|ref|NR_043317.1|	96.095	461	16	2	6	465	284	743	0.0	750	328812
78ef7c4afa5c1f820c255e055cff41c0	gi|1811131517|ref|NR_165699.1|	95.652	460	20	0	6	465	336	795	0.0	739	2685834
78ef7c4afa5c1f820c255e055cff41c0	gi|2363082715|ref|NR_179605.1|	95.662	461	18	2	6	465	316	775	0.0	739	1944636
78ef7c4afa5c1f820c255e055cff41c0	gi|2363082619|ref|NR_179556.1|	95.435	460	21	0	6	465	316	775	0.0	734	1871013
e0c64f1b8f5e55e395d627722a2503f5	gi|2363086268|ref|NR_181386.1|	92.325	443	34	0	6	448	303	745	2.12e-180	630	2763655
e0c64f1b8f5e55e395d627722a2503f5	gi|2363086270|ref|NR_181387.1|	91.874	443	35	1	6	448	302	743	1.65e-176	617	2763656
e0c64f1b8f5e55e395d627722a2503f5	gi|2363086262|ref|NR_181383.1|	90.583	446	37	5	6	448	307	750	4.66e-167	586	2763654
e0c64f1b8f5e55e395d627722a2503f5	gi|1116030284|ref|NR_144742.1|	89.165	443	48	0	6	448	352	794	4.72e-157	553	1805714
e0c64f1b8f5e55e395d627722a2503f5	gi|631251702|ref|NR_112900.1|	88.739	444	48	2	6	448	341	783	1.02e-153	542	626937
e0c64f1b8f5e55e395d627722a2503f5	gi|1237079451|ref|NR_029239.3|	88.565	446	42	9	6	448	306	745	6.15e-151	532	29356
e0c64f1b8f5e55e395d627722a2503f5	gi|2363081417|ref|NR_178955.1|	88.090	445	49	4	6	448	288	730	1.03e-148	525	1851429
e0c64f1b8f5e55e395d627722a2503f5	gi|1116030285|ref|NR_144743.1|	88.117	446	47	6	6	448	352	794	1.03e-148	525	1816678
e0c64f1b8f5e55e395d627722a2503f5	gi|2363087003|ref|NR_181758.1|	88.196	449	38	14	6	448	283	722	1.33e-147	521	2841506
e0c64f1b8f5e55e395d627722a2503f5	gi|2363082294|ref|NR_179394.1|	88.196	449	38	14	6	448	332	771	1.33e-147	521	1499689
eaad2eeee5186b6e6b6bfa9a9ee6ff2e	gi|2363082679|ref|NR_179587.1|	99.091	440	4	0	6	445	328	767	0.0	791	1926283
eaad2eeee5186b6e6b6bfa9a9ee6ff2e	gi|2363081854|ref|NR_179173.1|	99.091	440	4	0	6	445	333	772	0.0	791	2126740
eaad2eeee5186b6e6b6bfa9a9ee6ff2e	gi|1384992332|ref|NR_156081.1|	96.818	440	14	0	6	445	336	775	0.0	736	1469948
eaad2eeee5186b6e6b6bfa9a9ee6ff2e	gi|1384992329|ref|NR_156078.1|	96.818	440	14	0	6	445	336	775	0.0	736	1469948
eaad2eeee5186b6e6b6bfa9a9ee6ff2e	gi|3030611230|ref|NR_199906.1|	96.591	440	15	0	6	445	354	793	0.0	730	3123317
eaad2eeee5186b6e6b6bfa9a9ee6ff2e	gi|3030611314|ref|NR_199990.1|	96.591	440	15	0	6	445	350	789	0.0	730	3123317
eaad2eeee5186b6e6b6bfa9a9ee6ff2e	gi|1384992331|ref|NR_156080.1|	96.591	440	15	0	6	445	336	775	0.0	730	1469948
eaad2eeee5186b6e6b6bfa9a9ee6ff2e	gi|1384992328|ref|NR_156077.1|	96.591	440	15	0	6	445	336	775	0.0	730	1469948
eaad2eeee5186b6e6b6bfa9a9ee6ff2e	gi|2363085097|ref|NR_180797.1|	96.591	440	15	0	6	445	346	785	0.0	730	2605778
eaad2eeee5186b6e6b6bfa9a9ee6ff2e	gi|2363082819|ref|NR_179658.1|	96.591	440	15	0	6	445	353	792	0.0	730	2086584
ba9b7960052f9e50e57c5bfeec920c37	gi|645321785|ref|NR_118670.1|	98.636	440	6	0	6	445	357	796	0.0	787	39496
ba9b7960052f9e50e57c5bfeec920c37	gi|219857617|ref|NR_025206.1|	95.000	440	22	0	6	445	314	753	0.0	691	180286
ba9b7960052f9e50e57c5bfeec920c37	gi|1040567056|ref|NR_137405.1|	94.773	440	23	0	6	445	307	746	0.0	686	1619234
ba9b7960052f9e50e57c5bfeec920c37	gi|631250892|ref|NR_112089.1|	94.773	440	23	0	6	445	336	775	0.0	686	553973
ba9b7960052f9e50e57c5bfeec920c37	gi|224581401|ref|NR_024719.1|	94.773	440	22	1	6	445	341	779	0.0	684	89153
ba9b7960052f9e50e57c5bfeec920c37	gi|1397641798|ref|NR_156907.1|	94.558	441	22	2	6	445	348	787	0.0	680	1912855
ba9b7960052f9e50e57c5bfeec920c37	gi|1109168027|ref|NR_144612.1|	94.558	441	22	2	6	445	350	789	0.0	680	1796636
ba9b7960052f9e50e57c5bfeec920c37	gi|559795252|ref|NR_104842.1|	94.545	440	24	0	6	445	345	784	0.0	680	39495
ba9b7960052f9e50e57c5bfeec920c37	gi|343203027|ref|NR_043551.1|	94.558	441	22	2	6	445	349	788	0.0	680	341220
ba9b7960052f9e50e57c5bfeec920c37	gi|3248465643|ref|NR_201655.1|	94.091	440	26	0	6	445	313	752	0.0	669	3380807
ceeaa3e6465e8a1d251514fa07660c2f	gi|631252213|ref|NR_113411.1|	98.696	460	6	0	6	465	341	800	0.0	817	537011
ceeaa3e6465e8a1d251514fa07660c2f	gi|343200190|ref|NR_040877.1|	98.478	460	7	0	6	465	341	800	0.0	813	537011
ceeaa3e6465e8a1d251514fa07660c2f	gi|2363084409|ref|NR_180452.1|	97.826	460	10	0	6	465	321	780	0.0	795	2518605
ceeaa3e6465e8a1d251514fa07660c2f	gi|631251907|ref|NR_113105.1|	93.926	461	26	2	6	465	329	788	0.0	695	470565
ceeaa3e6465e8a1d251514fa07660c2f	gi|343199048|ref|NR_044407.1|	93.926	461	26	2	6	465	321	780	0.0	695	470565
ceeaa3e6465e8a1d251514fa07660c2f	gi|566085557|ref|NR_109628.1|	93.492	461	28	2	6	465	322	781	0.0	684	1177574
ceeaa3e6465e8a1d251514fa07660c2f	gi|631251926|ref|NR_113124.1|	93.492	461	28	2	6	465	341	800	0.0	684	28137
ceeaa3e6465e8a1d251514fa07660c2f	gi|265678842|ref|NR_029147.1|	93.521	463	24	6	6	465	344	803	0.0	684	28136
ceeaa3e6465e8a1d251514fa07660c2f	gi|636559270|ref|NR_115327.1|	93.492	461	28	2	6	465	321	780	0.0	684	28137
ceeaa3e6465e8a1d251514fa07660c2f	gi|265678843|ref|NR_029148.1|	93.275	461	29	2	6	465	349	808	0.0	682	28137
f410676ef014bb9704133cdc7c05d35c	gi|2836274932|ref|NR_197695.1|	99.355	465	3	0	6	470	344	808	0.0	843	3053355
f410676ef014bb9704133cdc7c05d35c	gi|343198520|ref|NR_042776.1|	99.355	465	3	0	6	470	345	809	0.0	843	1304
f410676ef014bb9704133cdc7c05d35c	gi|343198522|ref|NR_042778.1|	99.140	465	4	0	6	470	345	809	0.0	837	1308
f410676ef014bb9704133cdc7c05d35c	gi|343198521|ref|NR_042777.1|	99.140	465	3	1	6	470	345	808	0.0	835	889206
f410676ef014bb9704133cdc7c05d35c	gi|645322192|ref|NR_118998.1|	98.710	465	6	0	6	470	340	804	0.0	826	1308
f410676ef014bb9704133cdc7c05d35c	gi|566084933|ref|NR_108477.1|	97.849	465	10	0	6	470	251	715	0.0	804	701526
f410676ef014bb9704133cdc7c05d35c	gi|645322122|ref|NR_118942.1|	96.996	466	12	2	6	470	243	707	0.0	798	889206
f410676ef014bb9704133cdc7c05d35c	gi|2363087357|ref|NR_181935.1|	97.419	465	12	0	6	470	355	819	0.0	793	2781599
f410676ef014bb9704133cdc7c05d35c	gi|2363086454|ref|NR_181481.1|	97.419	465	12	0	6	470	348	812	0.0	793	2781599
f410676ef014bb9704133cdc7c05d35c	gi|2363081939|ref|NR_179215.1|	97.419	465	12	0	6	470	336	800	0.0	793	1501662
43069138bee46babffe80c964b012a20	gi|2363082841|ref|NR_179669.1|	99.140	465	4	0	6	470	360	824	0.0	837	2161821
43069138bee46babffe80c964b012a20	gi|2363082109|ref|NR_179301.1|	99.140	465	4	0	6	470	344	808	0.0	837	2582419
43069138bee46babffe80c964b012a20	gi|343200979|ref|NR_041666.1|	96.129	465	18	0	6	470	336	800	0.0	760	742743
43069138bee46babffe80c964b012a20	gi|343198671|ref|NR_043231.1|	94.850	466	22	2	6	470	283	747	0.0	726	308994
43069138bee46babffe80c964b012a20	gi|631252159|ref|NR_113357.1|	94.647	467	22	3	6	470	356	821	0.0	721	308994
43069138bee46babffe80c964b012a20	gi|631252158|ref|NR_113356.1|	93.763	465	28	1	6	470	355	818	0.0	697	309120
43069138bee46babffe80c964b012a20	gi|343198462|ref|NR_041895.1|	93.763	465	28	1	6	470	296	759	0.0	697	888062
43069138bee46babffe80c964b012a20	gi|631252157|ref|NR_113355.1|	93.576	467	26	4	6	470	356	820	0.0	693	218538
43069138bee46babffe80c964b012a20	gi|219846090|ref|NR_025680.1|	93.576	467	26	4	6	470	336	800	0.0	693	592028
43069138bee46babffe80c964b012a20	gi|631252179|ref|NR_113377.1|	91.932	471	26	11	6	470	353	817	0.0	649	103892
dc3500206969a17c766faef06d45a3a0	gi|631252213|ref|NR_113411.1|	98.913	460	5	0	6	465	341	800	0.0	822	537011
dc3500206969a17c766faef06d45a3a0	gi|343200190|ref|NR_040877.1|	98.696	460	6	0	6	465	341	800	0.0	819	537011
dc3500206969a17c766faef06d45a3a0	gi|2363084409|ref|NR_180452.1|	98.043	460	9	0	6	465	321	780	0.0	800	2518605
dc3500206969a17c766faef06d45a3a0	gi|631251907|ref|NR_113105.1|	94.143	461	25	2	6	465	329	788	0.0	701	470565
dc3500206969a17c766faef06d45a3a0	gi|343199048|ref|NR_044407.1|	94.143	461	25	2	6	465	321	780	0.0	701	470565
dc3500206969a17c766faef06d45a3a0	gi|566085557|ref|NR_109628.1|	93.709	461	27	2	6	465	322	781	0.0	689	1177574
dc3500206969a17c766faef06d45a3a0	gi|631251926|ref|NR_113124.1|	93.275	461	29	2	6	465	341	800	0.0	678	28137
dc3500206969a17c766faef06d45a3a0	gi|265678842|ref|NR_029147.1|	93.305	463	25	6	6	465	344	803	0.0	678	28136
dc3500206969a17c766faef06d45a3a0	gi|636559270|ref|NR_115327.1|	93.275	461	29	2	6	465	321	780	0.0	678	28137
dc3500206969a17c766faef06d45a3a0	gi|265678843|ref|NR_029148.1|	93.059	461	30	2	6	465	349	808	0.0	676	28137
f6bc29b330ca70a5d74489453cb0d46d	gi|631252118|ref|NR_113316.1|	99.093	441	4	0	6	446	327	767	0.0	793	74426
f6bc29b330ca70a5d74489453cb0d46d	gi|265678302|ref|NR_028604.1|	98.186	441	7	1	6	446	327	766	0.0	769	74426
f6bc29b330ca70a5d74489453cb0d46d	gi|1193829136|ref|NR_147379.1|	96.380	442	13	3	6	446	328	767	0.0	725	1907654
f6bc29b330ca70a5d74489453cb0d46d	gi|1193829156|ref|NR_147399.1|	95.465	441	19	1	6	446	328	767	0.0	702	1871016
f6bc29b330ca70a5d74489453cb0d46d	gi|1109167962|ref|NR_144579.1|	95.011	441	21	1	6	446	322	761	0.0	691	1232426
f6bc29b330ca70a5d74489453cb0d46d	gi|2363082368|ref|NR_179431.1|	94.785	441	22	1	6	446	328	767	0.0	686	1720204
f6bc29b330ca70a5d74489453cb0d46d	gi|631251967|ref|NR_113165.1|	94.785	441	22	1	6	446	328	767	0.0	686	147207
f6bc29b330ca70a5d74489453cb0d46d	gi|631251966|ref|NR_113164.1|	94.785	441	22	1	6	446	328	767	0.0	686	147206
f6bc29b330ca70a5d74489453cb0d46d	gi|2363084792|ref|NR_180644.1|	94.558	441	23	1	6	446	249	688	0.0	682	2603815
f6bc29b330ca70a5d74489453cb0d46d	gi|2363082703|ref|NR_179599.1|	94.344	442	22	3	6	446	308	747	0.0	675	1937461
970a666cad55d9cf5702e4440bec7e2e	gi|2363082168|ref|NR_179330.1|	94.796	442	23	0	6	447	327	768	0.0	689	2714355
970a666cad55d9cf5702e4440bec7e2e	gi|2363082569|ref|NR_179531.1|	94.595	444	20	4	6	447	347	788	0.0	684	1852369
970a666cad55d9cf5702e4440bec7e2e	gi|2363082165|ref|NR_179329.1|	94.570	442	24	0	6	447	327	768	0.0	684	2714353
970a666cad55d9cf5702e4440bec7e2e	gi|1109168025|ref|NR_144611.1|	93.002	443	30	1	6	447	282	724	0.0	645	1417852
970a666cad55d9cf5702e4440bec7e2e	gi|2136551692|ref|NR_173697.1|	92.760	442	32	0	6	447	349	790	0.0	640	2108523
970a666cad55d9cf5702e4440bec7e2e	gi|3030611324|ref|NR_200000.1|	92.777	443	31	1	6	447	301	743	0.0	640	3342383
970a666cad55d9cf5702e4440bec7e2e	gi|645321110|ref|NR_118156.1|	92.809	445	26	5	6	447	304	745	0.0	640	1007096
970a666cad55d9cf5702e4440bec7e2e	gi|1269801610|ref|NR_074793.2|	92.551	443	31	2	6	447	355	796	0.0	634	351091
970a666cad55d9cf5702e4440bec7e2e	gi|343200653|ref|NR_041340.1|	92.551	443	31	2	6	447	328	769	0.0	634	351091
970a666cad55d9cf5702e4440bec7e2e	gi|2363082342|ref|NR_179418.1|	92.325	443	33	1	6	447	348	790	7.61e-180	628	1673721
c3681e2a318e5d819ea119f2021d1360	gi|2363085153|ref|NR_180825.1|	96.840	443	12	1	6	448	347	787	0.0	739	2605790
c3681e2a318e5d819ea119f2021d1360	gi|343198540|ref|NR_042832.1|	96.840	443	12	1	6	448	330	770	0.0	739	301302
c3681e2a318e5d819ea119f2021d1360	gi|645320588|ref|NR_117758.1|	96.388	443	15	1	6	448	322	763	0.0	728	166486
c3681e2a318e5d819ea119f2021d1360	gi|228716944|ref|NR_027557.1|	96.388	443	15	1	6	448	343	784	0.0	728	536231
c3681e2a318e5d819ea119f2021d1360	gi|2363085149|ref|NR_180823.1|	96.388	443	13	1	6	448	357	796	0.0	726	2606634
c3681e2a318e5d819ea119f2021d1360	gi|444439494|ref|NR_074809.1|	95.937	443	16	1	6	448	350	790	0.0	717	585394
c3681e2a318e5d819ea119f2021d1360	gi|444304209|ref|NR_074634.1|	95.937	443	15	1	6	448	350	789	0.0	715	515619
c3681e2a318e5d819ea119f2021d1360	gi|2363086282|ref|NR_181393.1|	95.937	443	15	1	6	448	290	729	0.0	715	2763664
c3681e2a318e5d819ea119f2021d1360	gi|559795194|ref|NR_104783.1|	95.937	443	15	1	6	448	353	792	0.0	715	290052
c3681e2a318e5d819ea119f2021d1360	gi|1227086116|ref|NR_148619.1|	95.721	444	16	2	6	448	301	742	0.0	712	1712665
0588e604973f80ee1348db8861be7277	gi|2363082569|ref|NR_179531.1|	98.869	442	5	0	6	447	347	788	0.0	789	1852369
0588e604973f80ee1348db8861be7277	gi|1269801610|ref|NR_074793.2|	94.118	442	26	0	6	447	355	796	0.0	673	351091
0588e604973f80ee1348db8861be7277	gi|343200653|ref|NR_041340.1|	94.118	442	26	0	6	447	328	769	0.0	673	351091
0588e604973f80ee1348db8861be7277	gi|2260349448|ref|NR_176530.1|	93.891	442	27	0	6	447	358	799	0.0	667	2093857
0588e604973f80ee1348db8861be7277	gi|2363082559|ref|NR_179526.1|	93.891	442	27	0	6	447	349	790	0.0	667	1841866
0588e604973f80ee1348db8861be7277	gi|645321110|ref|NR_118156.1|	93.665	442	28	0	6	447	304	745	0.0	662	1007096
0588e604973f80ee1348db8861be7277	gi|2962412234|ref|NR_199428.1|	92.986	442	31	0	6	447	352	793	0.0	645	3073143
0588e604973f80ee1348db8861be7277	gi|2363082170|ref|NR_179331.1|	92.777	443	31	1	6	447	328	770	0.0	640	2714358
0588e604973f80ee1348db8861be7277	gi|2363082168|ref|NR_179330.1|	92.568	444	29	4	6	447	327	768	0.0	634	2714355
0588e604973f80ee1348db8861be7277	gi|2363087001|ref|NR_181757.1|	92.342	444	30	4	6	447	289	730	7.61e-180	628	2841504
a39d0000f84b83153ae2a5074e8afe5a	gi|444304189|ref|NR_074613.1|	99.318	440	3	0	6	445	350	789	0.0	797	515620
a39d0000f84b83153ae2a5074e8afe5a	gi|559795246|ref|NR_104836.1|	96.364	440	16	0	6	445	333	772	0.0	725	706562
a39d0000f84b83153ae2a5074e8afe5a	gi|559795169|ref|NR_104758.1|	95.682	440	19	0	6	445	345	784	0.0	708	1282887
a39d0000f84b83153ae2a5074e8afe5a	gi|645321781|ref|NR_118667.1|	94.785	441	21	2	6	445	355	794	0.0	699	28052
a39d0000f84b83153ae2a5074e8afe5a	gi|1277396183|ref|NR_151894.1|	93.636	440	28	0	6	445	335	774	0.0	658	433293
a39d0000f84b83153ae2a5074e8afe5a	gi|343198925|ref|NR_044049.1|	93.636	440	28	0	6	445	316	755	0.0	658	33043
a39d0000f84b83153ae2a5074e8afe5a	gi|645321783|ref|NR_118669.1|	92.727	440	32	0	6	445	355	794	0.0	652	39479
a39d0000f84b83153ae2a5074e8afe5a	gi|343202586|ref|NR_042953.1|	93.424	441	27	2	6	445	308	747	0.0	652	264463
a39d0000f84b83153ae2a5074e8afe5a	gi|219846511|ref|NR_026103.1|	93.182	440	30	0	6	445	316	755	0.0	647	37658
a39d0000f84b83153ae2a5074e8afe5a	gi|219857405|ref|NR_024993.1|	93.197	441	28	2	6	445	349	788	0.0	647	99656
cdc22d124d1e997a91cc8080d9fef220	gi|943392602|ref|NR_117139.2|	99.318	440	3	0	6	445	346	785	0.0	797	649756
cdc22d124d1e997a91cc8080d9fef220	gi|943392601|ref|NR_117138.2|	99.318	440	3	0	6	445	346	785	0.0	797	649756
cdc22d124d1e997a91cc8080d9fef220	gi|559795210|ref|NR_104799.1|	99.318	440	3	0	6	445	338	777	0.0	797	649756
cdc22d124d1e997a91cc8080d9fef220	gi|2363085925|ref|NR_181215.1|	98.864	440	5	0	6	445	331	770	0.0	785	2738446
cdc22d124d1e997a91cc8080d9fef220	gi|631252121|ref|NR_113319.1|	97.506	441	9	2	6	445	350	789	0.0	752	645466
cdc22d124d1e997a91cc8080d9fef220	gi|636560803|ref|NR_116863.1|	97.285	442	9	3	6	445	337	777	0.0	747	645466
cdc22d124d1e997a91cc8080d9fef220	gi|2363081778|ref|NR_179135.1|	95.918	441	17	1	6	445	330	770	0.0	713	2025494
cdc22d124d1e997a91cc8080d9fef220	gi|2363087251|ref|NR_181881.1|	95.918	441	17	1	6	445	307	747	0.0	713	2880702
cdc22d124d1e997a91cc8080d9fef220	gi|265678610|ref|NR_028915.1|	95.701	442	17	2	6	445	315	756	0.0	710	105841
cdc22d124d1e997a91cc8080d9fef220	gi|2363080591|ref|NR_178536.1|	95.465	441	19	1	6	445	286	726	0.0	702	1229621
c3896039bd642f53a394487c1c001749	gi|631252213|ref|NR_113411.1|	98.913	460	5	0	6	465	341	800	0.0	822	537011
c3896039bd642f53a394487c1c001749	gi|343200190|ref|NR_040877.1|	98.696	460	6	0	6	465	341	800	0.0	819	537011
c3896039bd642f53a394487c1c001749	gi|2363084409|ref|NR_180452.1|	98.043	460	9	0	6	465	321	780	0.0	800	2518605
c3896039bd642f53a394487c1c001749	gi|631251907|ref|NR_113105.1|	94.143	461	25	2	6	465	329	788	0.0	701	470565
c3896039bd642f53a394487c1c001749	gi|343199048|ref|NR_044407.1|	94.143	461	25	2	6	465	321	780	0.0	701	470565
c3896039bd642f53a394487c1c001749	gi|566085557|ref|NR_109628.1|	93.709	461	27	2	6	465	322	781	0.0	689	1177574
c3896039bd642f53a394487c1c001749	gi|631251926|ref|NR_113124.1|	93.275	461	29	2	6	465	341	800	0.0	678	28137
c3896039bd642f53a394487c1c001749	gi|265678842|ref|NR_029147.1|	93.305	463	25	6	6	465	344	803	0.0	678	28136
c3896039bd642f53a394487c1c001749	gi|636559270|ref|NR_115327.1|	93.275	461	29	2	6	465	321	780	0.0	678	28137
c3896039bd642f53a394487c1c001749	gi|265678843|ref|NR_029148.1|	93.059	461	30	2	6	465	349	808	0.0	676	28137
55254faaa05799a611233c1bc23e1ff8	gi|2363085169|ref|NR_180833.1|	99.318	440	3	0	6	445	337	776	0.0	797	2606635
55254faaa05799a611233c1bc23e1ff8	gi|310975204|ref|NR_037068.1|	97.052	441	11	2	6	445	341	780	0.0	741	29375
55254faaa05799a611233c1bc23e1ff8	gi|3030611230|ref|NR_199906.1|	96.818	440	14	0	6	445	354	793	0.0	736	3123317
55254faaa05799a611233c1bc23e1ff8	gi|3030611314|ref|NR_199990.1|	96.818	440	14	0	6	445	350	789	0.0	736	3123317
55254faaa05799a611233c1bc23e1ff8	gi|2836274880|ref|NR_197643.1|	96.818	440	14	0	6	445	329	768	0.0	736	2962432
55254faaa05799a611233c1bc23e1ff8	gi|1384992331|ref|NR_156080.1|	96.818	440	14	0	6	445	336	775	0.0	736	1469948
55254faaa05799a611233c1bc23e1ff8	gi|1384992328|ref|NR_156077.1|	96.818	440	14	0	6	445	336	775	0.0	736	1469948
55254faaa05799a611233c1bc23e1ff8	gi|559795307|ref|NR_104899.1|	96.818	440	14	0	6	445	328	767	0.0	736	384636
55254faaa05799a611233c1bc23e1ff8	gi|645322280|ref|NR_119068.1|	96.825	441	11	3	6	445	315	753	0.0	734	36832
55254faaa05799a611233c1bc23e1ff8	gi|2363082679|ref|NR_179587.1|	96.591	440	15	0	6	445	328	767	0.0	730	1926283
7478dd761c32bc7cd39fecc7e4782323	gi|2363080123|ref|NR_178280.1|	99.545	440	2	0	6	445	331	770	0.0	802	411483
7478dd761c32bc7cd39fecc7e4782323	gi|2363081449|ref|NR_178971.1|	99.091	440	3	1	6	445	285	723	0.0	789	1851427
7478dd761c32bc7cd39fecc7e4782323	gi|265678656|ref|NR_028961.1|	98.864	440	5	0	6	445	327	766	0.0	785	853
7478dd761c32bc7cd39fecc7e4782323	gi|2363081451|ref|NR_178972.1|	98.636	440	6	0	6	445	285	724	0.0	780	1851428
7478dd761c32bc7cd39fecc7e4782323	gi|3030611269|ref|NR_199945.1|	98.409	440	7	0	6	445	335	774	0.0	774	3435293
7478dd761c32bc7cd39fecc7e4782323	gi|2363082282|ref|NR_179388.1|	97.959	441	7	2	6	445	335	774	0.0	763	2935520
7478dd761c32bc7cd39fecc7e4782323	gi|2363080175|ref|NR_178311.1|	97.273	440	12	0	6	445	412	851	0.0	747	2903556
7478dd761c32bc7cd39fecc7e4782323	gi|2363084747|ref|NR_180622.1|	93.197	441	28	2	6	445	335	774	0.0	647	2779354
7478dd761c32bc7cd39fecc7e4782323	gi|559795255|ref|NR_104846.1|	92.955	440	31	0	6	445	288	727	0.0	641	745368
7478dd761c32bc7cd39fecc7e4782323	gi|1277396189|ref|NR_151900.1|	92.500	440	33	0	6	445	351	790	2.11e-180	630	1550024
be7d819eb84a37baae8b53bde9faee34	gi|631251879|ref|NR_113077.1|	97.386	459	12	0	6	464	329	787	0.0	782	454154
be7d819eb84a37baae8b53bde9faee34	gi|343200939|ref|NR_041626.1|	97.386	459	12	0	6	464	321	779	0.0	782	762968
be7d819eb84a37baae8b53bde9faee34	gi|631251880|ref|NR_113078.1|	92.375	459	35	0	6	464	339	797	0.0	654	454155
be7d819eb84a37baae8b53bde9faee34	gi|343200940|ref|NR_041627.1|	92.375	459	35	0	6	464	319	777	0.0	654	762982
be7d819eb84a37baae8b53bde9faee34	gi|2363082635|ref|NR_179564.1|	88.312	462	49	5	6	464	338	797	6.34e-156	549	1903262
be7d819eb84a37baae8b53bde9faee34	gi|2363086250|ref|NR_181377.1|	87.879	462	51	5	6	464	343	802	1.37e-152	538	2763138
be7d819eb84a37baae8b53bde9faee34	gi|1146059112|ref|NR_145844.1|	87.689	463	50	6	6	464	339	798	6.39e-151	532	1411144
be7d819eb84a37baae8b53bde9faee34	gi|631252155|ref|NR_113353.1|	87.662	462	52	4	6	464	338	797	6.39e-151	532	28119
be7d819eb84a37baae8b53bde9faee34	gi|1116030289|ref|NR_144747.1|	86.825	463	54	5	6	464	337	796	2.99e-144	510	1841865
be7d819eb84a37baae8b53bde9faee34	gi|2363086254|ref|NR_181379.1|	86.853	464	52	7	6	464	341	800	2.99e-144	510	2725562
30fdd8e2fbdf20a5599509b0d5b62d33	gi|444304111|ref|NR_074535.1|	99.129	459	4	0	6	464	334	792	0.0	826	28118
30fdd8e2fbdf20a5599509b0d5b62d33	gi|631251877|ref|NR_113075.1|	99.129	459	4	0	6	464	334	792	0.0	826	28118
30fdd8e2fbdf20a5599509b0d5b62d33	gi|343206056|ref|NR_044636.1|	97.821	459	10	0	6	464	342	800	0.0	798	28118
30fdd8e2fbdf20a5599509b0d5b62d33	gi|631251876|ref|NR_113074.1|	89.633	463	40	7	6	464	335	793	6.25e-166	582	742817
30fdd8e2fbdf20a5599509b0d5b62d33	gi|631251699|ref|NR_112897.1|	89.633	463	40	7	6	464	315	773	6.25e-166	582	742817
30fdd8e2fbdf20a5599509b0d5b62d33	gi|959494837|ref|NR_133715.1|	86.853	464	52	8	6	464	280	739	2.99e-144	510	1416875
30fdd8e2fbdf20a5599509b0d5b62d33	gi|1953646717|ref|NR_171512.1|	86.580	462	57	5	6	464	313	772	1.39e-142	505	2162893
30fdd8e2fbdf20a5599509b0d5b62d33	gi|1341394029|ref|NR_153701.1|	86.422	464	54	8	6	464	299	758	6.48e-141	499	1740245
30fdd8e2fbdf20a5599509b0d5b62d33	gi|559795096|ref|NR_104682.1|	86.393	463	56	6	6	464	315	774	6.48e-141	499	1168289
30fdd8e2fbdf20a5599509b0d5b62d33	gi|265678658|ref|NR_028963.1|	85.991	464	57	7	6	464	327	787	3.90e-138	490	886379
abc6c11a39d5cfb90395edf10bc5b638	gi|2363082390|ref|NR_179442.1|	98.696	460	6	0	6	465	343	802	0.0	822	1776379
abc6c11a39d5cfb90395edf10bc5b638	gi|343200677|ref|NR_041364.1|	90.022	461	44	2	6	465	337	796	8.05e-170	595	1002367
abc6c11a39d5cfb90395edf10bc5b638	gi|631251900|ref|NR_113098.1|	89.827	462	43	3	6	465	339	798	3.74e-168	590	28127
abc6c11a39d5cfb90395edf10bc5b638	gi|631251925|ref|NR_113123.1|	89.588	461	46	2	6	465	339	798	1.74e-166	584	1122992
abc6c11a39d5cfb90395edf10bc5b638	gi|343198858|ref|NR_043894.1|	89.588	461	46	2	6	465	319	778	1.74e-166	584	1122992
abc6c11a39d5cfb90395edf10bc5b638	gi|2363082394|ref|NR_179444.1|	89.348	460	49	0	6	465	342	801	8.10e-165	579	1776388
abc6c11a39d5cfb90395edf10bc5b638	gi|485099085|ref|NR_102481.1|	89.440	464	41	8	6	465	337	796	8.10e-165	579	908937
abc6c11a39d5cfb90395edf10bc5b638	gi|631251919|ref|NR_113117.1|	89.348	460	49	0	6	465	344	803	8.10e-165	579	873533
abc6c11a39d5cfb90395edf10bc5b638	gi|631251902|ref|NR_113100.1|	89.440	464	41	8	6	465	328	787	8.10e-165	579	908937
abc6c11a39d5cfb90395edf10bc5b638	gi|265678976|ref|NR_029284.1|	89.440	464	41	8	6	465	308	767	8.10e-165	579	52227
3adeb6dc54fc21c270bb37086a5fac3d	gi|631252213|ref|NR_113411.1|	98.043	460	9	0	6	465	341	800	0.0	800	537011
3adeb6dc54fc21c270bb37086a5fac3d	gi|343200190|ref|NR_040877.1|	97.826	460	10	0	6	465	341	800	0.0	797	537011
3adeb6dc54fc21c270bb37086a5fac3d	gi|2363084409|ref|NR_180452.1|	96.739	460	15	0	6	465	321	780	0.0	767	2518605
3adeb6dc54fc21c270bb37086a5fac3d	gi|631251922|ref|NR_113120.1|	93.089	463	26	6	6	465	339	798	0.0	673	28136
3adeb6dc54fc21c270bb37086a5fac3d	gi|631251907|ref|NR_113105.1|	93.103	464	24	7	6	465	329	788	0.0	673	470565
3adeb6dc54fc21c270bb37086a5fac3d	gi|343199048|ref|NR_044407.1|	93.103	464	24	7	6	465	321	780	0.0	673	470565
3adeb6dc54fc21c270bb37086a5fac3d	gi|631253107|ref|NR_114305.1|	92.842	461	31	2	6	465	341	800	0.0	667	1236518
3adeb6dc54fc21c270bb37086a5fac3d	gi|265678842|ref|NR_029147.1|	92.857	462	29	4	6	465	344	803	0.0	667	28136
3adeb6dc54fc21c270bb37086a5fac3d	gi|636560666|ref|NR_116726.1|	92.842	461	31	2	6	465	321	780	0.0	667	1236518
3adeb6dc54fc21c270bb37086a5fac3d	gi|566085557|ref|NR_109628.1|	92.672	464	26	8	6	465	322	781	0.0	662	1177574
f789b30fcd0cb514a7fc805a5c5af276	gi|2363082841|ref|NR_179669.1|	99.355	465	3	0	6	470	360	824	0.0	843	2161821
f789b30fcd0cb514a7fc805a5c5af276	gi|2363082109|ref|NR_179301.1|	99.355	465	3	0	6	470	344	808	0.0	843	2582419
f789b30fcd0cb514a7fc805a5c5af276	gi|343200979|ref|NR_041666.1|	96.344	465	17	0	6	470	336	800	0.0	765	742743
f789b30fcd0cb514a7fc805a5c5af276	gi|343198671|ref|NR_043231.1|	95.064	466	21	2	6	470	283	747	0.0	732	308994
f789b30fcd0cb514a7fc805a5c5af276	gi|631252159|ref|NR_113357.1|	94.861	467	21	3	6	470	356	821	0.0	726	308994
f789b30fcd0cb514a7fc805a5c5af276	gi|631252158|ref|NR_113356.1|	93.978	465	27	1	6	470	355	818	0.0	702	309120
f789b30fcd0cb514a7fc805a5c5af276	gi|343198462|ref|NR_041895.1|	93.978	465	27	1	6	470	296	759	0.0	702	888062
f789b30fcd0cb514a7fc805a5c5af276	gi|631252157|ref|NR_113355.1|	93.790	467	25	4	6	470	356	820	0.0	699	218538
f789b30fcd0cb514a7fc805a5c5af276	gi|219846090|ref|NR_025680.1|	93.790	467	25	4	6	470	336	800	0.0	699	592028
f789b30fcd0cb514a7fc805a5c5af276	gi|631252179|ref|NR_113377.1|	92.144	471	25	11	6	470	353	817	0.0	654	103892
2c19bdd193ded55d4fc9002392e069e8	gi|265678854|ref|NR_029160.1|	99.091	440	4	0	6	445	293	732	0.0	791	40519
2c19bdd193ded55d4fc9002392e069e8	gi|507148077|ref|NR_102884.1|	94.796	442	19	4	6	445	331	770	0.0	686	213810
2c19bdd193ded55d4fc9002392e069e8	gi|219846341|ref|NR_025931.1|	94.570	442	20	4	6	445	308	747	0.0	680	1265
2c19bdd193ded55d4fc9002392e069e8	gi|636558832|ref|NR_114889.1|	94.118	442	21	5	6	445	277	715	0.0	667	213810
2c19bdd193ded55d4fc9002392e069e8	gi|3248465648|ref|NR_201660.1|	93.905	443	21	5	6	445	319	758	0.0	664	3417630
2c19bdd193ded55d4fc9002392e069e8	gi|3248465644|ref|NR_201656.1|	92.500	440	33	0	6	445	329	768	2.11e-180	630	3417633
2c19bdd193ded55d4fc9002392e069e8	gi|1864207164|ref|NR_169458.1|	91.403	442	34	4	6	445	345	784	4.59e-172	603	2164149
2c19bdd193ded55d4fc9002392e069e8	gi|444303976|ref|NR_074399.1|	90.909	440	40	0	6	445	333	772	9.94e-169	592	697329
2c19bdd193ded55d4fc9002392e069e8	gi|631251834|ref|NR_113032.1|	90.909	440	40	0	6	445	333	772	9.94e-169	592	1264
2c19bdd193ded55d4fc9002392e069e8	gi|636559173|ref|NR_115230.1|	90.909	440	40	0	6	445	333	772	9.94e-169	592	697329
989e1563fbd94766c4fbfe06088c1473	gi|645321791|ref|NR_118675.1|	98.409	440	7	0	6	445	339	778	0.0	782	39492
989e1563fbd94766c4fbfe06088c1473	gi|1277396348|ref|NR_152059.1|	89.462	446	37	9	6	445	272	713	1.30e-157	555	1849041
989e1563fbd94766c4fbfe06088c1473	gi|2363082561|ref|NR_179527.1|	89.462	446	37	9	6	445	336	777	1.30e-157	555	1841868
989e1563fbd94766c4fbfe06088c1473	gi|343202572|ref|NR_042930.1|	89.342	441	44	3	6	445	366	804	1.69e-156	551	258515
989e1563fbd94766c4fbfe06088c1473	gi|1445136071|ref|NR_158111.1|	89.165	443	41	7	6	445	349	787	7.85e-155	545	2038680
989e1563fbd94766c4fbfe06088c1473	gi|2363082585|ref|NR_179539.1|	89.140	442	43	5	6	445	351	789	7.85e-155	545	1852384
989e1563fbd94766c4fbfe06088c1473	gi|3248465644|ref|NR_201656.1|	88.889	441	47	2	6	445	329	768	1.02e-153	542	3417633
989e1563fbd94766c4fbfe06088c1473	gi|2363082755|ref|NR_179626.1|	88.914	442	44	5	6	445	351	789	3.65e-153	540	1987501
989e1563fbd94766c4fbfe06088c1473	gi|265678854|ref|NR_029160.1|	88.636	440	50	0	6	445	293	732	4.72e-152	536	40519
989e1563fbd94766c4fbfe06088c1473	gi|1116030290|ref|NR_144748.1|	88.688	442	45	5	6	445	335	773	1.70e-151	534	2897707
0e81a2a15a5e933c18cc682a0902f064	gi|645320588|ref|NR_117758.1|	99.548	442	2	0	6	447	322	763	0.0	806	166486
0e81a2a15a5e933c18cc682a0902f064	gi|228716944|ref|NR_027557.1|	99.548	442	2	0	6	447	343	784	0.0	806	536231
0e81a2a15a5e933c18cc682a0902f064	gi|444439494|ref|NR_074809.1|	99.095	442	3	1	6	447	350	790	0.0	793	585394
0e81a2a15a5e933c18cc682a0902f064	gi|343201282|ref|NR_042008.1|	98.869	442	3	2	6	447	341	780	0.0	787	585394
0e81a2a15a5e933c18cc682a0902f064	gi|343198540|ref|NR_042832.1|	98.643	442	5	1	6	447	330	770	0.0	782	301302
0e81a2a15a5e933c18cc682a0902f064	gi|1227086116|ref|NR_148619.1|	98.194	443	6	2	6	447	301	742	0.0	773	1712665
0e81a2a15a5e933c18cc682a0902f064	gi|343201281|ref|NR_042007.1|	97.748	444	6	4	6	447	343	784	0.0	761	622312
0e81a2a15a5e933c18cc682a0902f064	gi|2363085153|ref|NR_180825.1|	97.511	442	10	1	6	447	347	787	0.0	754	2605790
0e81a2a15a5e933c18cc682a0902f064	gi|444304209|ref|NR_074634.1|	97.511	442	9	1	6	447	350	789	0.0	754	515619
0e81a2a15a5e933c18cc682a0902f064	gi|2363086282|ref|NR_181393.1|	97.285	442	10	1	6	447	290	729	0.0	749	2763664
624aba09f34d2576c567516213d2b743	gi|631251955|ref|NR_113153.1|	99.348	460	3	0	6	465	334	793	0.0	833	328814
624aba09f34d2576c567516213d2b743	gi|343202834|ref|NR_043319.1|	99.130	460	4	0	6	465	323	782	0.0	830	717959
624aba09f34d2576c567516213d2b743	gi|507148054|ref|NR_102861.1|	99.130	460	4	0	6	465	334	793	0.0	828	717959
624aba09f34d2576c567516213d2b743	gi|507148137|ref|NR_102944.1|	98.043	460	9	0	6	465	334	793	0.0	800	214856
624aba09f34d2576c567516213d2b743	gi|343198609|ref|NR_043064.1|	98.043	460	9	0	6	465	314	773	0.0	800	214856
624aba09f34d2576c567516213d2b743	gi|631251952|ref|NR_113150.1|	97.826	460	10	0	6	465	334	793	0.0	795	214856
624aba09f34d2576c567516213d2b743	gi|636559243|ref|NR_115300.1|	97.609	460	11	0	6	465	314	773	0.0	789	679935
624aba09f34d2576c567516213d2b743	gi|2363086959|ref|NR_181736.1|	97.391	460	12	0	6	465	334	793	0.0	784	2834113
624aba09f34d2576c567516213d2b743	gi|645321193|ref|NR_118219.1|	96.957	460	14	0	6	465	332	791	0.0	773	1033732
624aba09f34d2576c567516213d2b743	gi|2363082505|ref|NR_179499.1|	96.739	460	15	0	6	465	342	801	0.0	767	2364787
4514dc74d68b785865c96cf61db73769	gi|2363082841|ref|NR_179669.1|	99.140	465	4	0	6	470	360	824	0.0	837	2161821
4514dc74d68b785865c96cf61db73769	gi|2363082109|ref|NR_179301.1|	99.140	465	4	0	6	470	344	808	0.0	837	2582419
4514dc74d68b785865c96cf61db73769	gi|343200979|ref|NR_041666.1|	96.129	465	18	0	6	470	336	800	0.0	760	742743
4514dc74d68b785865c96cf61db73769	gi|343198671|ref|NR_043231.1|	94.850	466	22	2	6	470	283	747	0.0	726	308994
4514dc74d68b785865c96cf61db73769	gi|631252159|ref|NR_113357.1|	94.647	467	22	3	6	470	356	821	0.0	721	308994
4514dc74d68b785865c96cf61db73769	gi|631252158|ref|NR_113356.1|	93.763	465	28	1	6	470	355	818	0.0	697	309120
4514dc74d68b785865c96cf61db73769	gi|343198462|ref|NR_041895.1|	93.763	465	28	1	6	470	296	759	0.0	697	888062
4514dc74d68b785865c96cf61db73769	gi|631252157|ref|NR_113355.1|	93.576	467	26	4	6	470	356	820	0.0	693	218538
4514dc74d68b785865c96cf61db73769	gi|219846090|ref|NR_025680.1|	93.576	467	26	4	6	470	336	800	0.0	693	592028
4514dc74d68b785865c96cf61db73769	gi|219846637|ref|NR_026229.1|	91.863	467	34	4	6	470	336	800	0.0	649	39950
9d3fa8d8e87b6a5c5b7f6d164dda9c53	gi|2136551683|ref|NR_173688.1|	89.663	445	39	7	6	448	321	760	2.82e-159	560	2780922
9d3fa8d8e87b6a5c5b7f6d164dda9c53	gi|3248465658|ref|NR_201672.1|	89.262	447	40	8	6	448	296	738	4.72e-157	553	3381350
9d3fa8d8e87b6a5c5b7f6d164dda9c53	gi|2363082711|ref|NR_179603.1|	89.238	446	38	10	6	448	317	755	6.11e-156	549	1944642
9d3fa8d8e87b6a5c5b7f6d164dda9c53	gi|265679047|ref|NR_029355.1|	88.989	445	42	7	6	448	332	771	2.84e-154	544	84026
9d3fa8d8e87b6a5c5b7f6d164dda9c53	gi|2363086272|ref|NR_181388.1|	88.789	446	41	7	6	448	388	827	1.32e-152	538	2763658
9d3fa8d8e87b6a5c5b7f6d164dda9c53	gi|2363082585|ref|NR_179539.1|	88.739	444	44	6	6	448	351	789	1.32e-152	538	1852384
9d3fa8d8e87b6a5c5b7f6d164dda9c53	gi|343205927|ref|NR_044425.1|	88.814	447	39	10	6	448	346	785	1.32e-152	538	474960
9d3fa8d8e87b6a5c5b7f6d164dda9c53	gi|785794309|ref|NG_041947.1|	88.488	443	51	0	6	448	469	911	4.76e-152	536	394503
9d3fa8d8e87b6a5c5b7f6d164dda9c53	gi|785497611|ref|NR_102768.2|	88.488	443	51	0	6	448	330	772	4.76e-152	536	1521
9d3fa8d8e87b6a5c5b7f6d164dda9c53	gi|559795314|ref|NR_104907.1|	88.514	444	47	4	6	448	315	755	1.71e-151	534	290054
4a9bc798db022561f634598eef4daa90	gi|2363082168|ref|NR_179330.1|	90.745	443	40	1	6	448	327	768	3.60e-168	590	2714355
4a9bc798db022561f634598eef4daa90	gi|2363082165|ref|NR_179329.1|	90.562	445	37	5	6	448	327	768	1.68e-166	584	2714353
4a9bc798db022561f634598eef4daa90	gi|2363082342|ref|NR_179418.1|	90.315	444	41	2	6	448	348	790	2.17e-165	580	1673721
4a9bc798db022561f634598eef4daa90	gi|343206380|ref|NR_044972.1|	89.865	444	43	2	6	448	331	773	3.63e-163	573	44749
4a9bc798db022561f634598eef4daa90	gi|1109168025|ref|NR_144611.1|	89.842	443	45	0	6	448	282	724	4.69e-162	569	1417852
4a9bc798db022561f634598eef4daa90	gi|444304204|ref|NR_074629.1|	89.865	444	43	2	6	448	341	783	4.69e-162	569	1515
4a9bc798db022561f634598eef4daa90	gi|631251959|ref|NR_113157.1|	89.865	444	43	2	6	448	341	783	4.69e-162	569	1515
4a9bc798db022561f634598eef4daa90	gi|645321636|ref|NR_118554.1|	89.663	445	42	4	6	448	329	771	2.18e-160	564	1297617
4a9bc798db022561f634598eef4daa90	gi|219857201|ref|NR_024829.1|	89.640	444	44	2	6	448	321	763	2.18e-160	564	253314
4a9bc798db022561f634598eef4daa90	gi|3030611324|ref|NR_200000.1|	89.414	444	45	2	6	448	301	743	1.02e-158	558	3342383
51b1f360d38cd9b7e13281491abf4bf6	gi|2363081254|ref|NR_178871.1|	89.213	445	42	6	6	448	337	777	1.70e-156	551	1792311
51b1f360d38cd9b7e13281491abf4bf6	gi|2363086264|ref|NR_181384.1|	89.238	446	39	9	6	448	250	689	6.11e-156	549	2763660
51b1f360d38cd9b7e13281491abf4bf6	gi|444304204|ref|NR_074629.1|	88.864	449	38	9	6	448	341	783	1.02e-153	542	1515
51b1f360d38cd9b7e13281491abf4bf6	gi|631251959|ref|NR_113157.1|	88.864	449	38	9	6	448	341	783	1.02e-153	542	1515
51b1f360d38cd9b7e13281491abf4bf6	gi|343200549|ref|NR_041236.1|	88.713	443	48	2	6	448	321	761	3.68e-153	540	1122184
51b1f360d38cd9b7e13281491abf4bf6	gi|2363084120|ref|NR_180309.1|	88.641	449	39	9	6	448	289	731	4.76e-152	536	2487273
51b1f360d38cd9b7e13281491abf4bf6	gi|785794309|ref|NG_041947.1|	88.616	448	41	10	6	448	469	911	4.76e-152	536	394503
51b1f360d38cd9b7e13281491abf4bf6	gi|785497611|ref|NR_102768.2|	88.616	448	41	10	6	448	330	772	4.76e-152	536	1521
51b1f360d38cd9b7e13281491abf4bf6	gi|631252162|ref|NR_113360.1|	88.641	449	39	12	6	448	339	781	4.76e-152	536	1121303
51b1f360d38cd9b7e13281491abf4bf6	gi|645319736|ref|NR_117111.1|	88.641	449	39	12	6	448	336	778	4.76e-152	536	29371
9af66988efedde350ab7da2a62ef2304	gi|343200190|ref|NR_040877.1|	97.826	460	10	0	6	465	341	800	0.0	797	537011
9af66988efedde350ab7da2a62ef2304	gi|631252213|ref|NR_113411.1|	97.826	460	10	0	6	465	341	800	0.0	795	537011
9af66988efedde350ab7da2a62ef2304	gi|2363084409|ref|NR_180452.1|	96.522	460	16	0	6	465	321	780	0.0	761	2518605
9af66988efedde350ab7da2a62ef2304	gi|631253107|ref|NR_114305.1|	93.492	461	28	2	6	465	341	800	0.0	684	1236518
9af66988efedde350ab7da2a62ef2304	gi|636560666|ref|NR_116726.1|	93.492	461	28	2	6	465	321	780	0.0	684	1236518
9af66988efedde350ab7da2a62ef2304	gi|631251907|ref|NR_113105.1|	92.888	464	25	7	6	465	329	788	0.0	667	470565
9af66988efedde350ab7da2a62ef2304	gi|343199048|ref|NR_044407.1|	92.888	464	25	7	6	465	321	780	0.0	667	470565
9af66988efedde350ab7da2a62ef2304	gi|507148088|ref|NR_102895.1|	92.609	460	34	0	6	465	349	808	0.0	662	553174
9af66988efedde350ab7da2a62ef2304	gi|631251915|ref|NR_113113.1|	92.609	460	34	0	6	465	329	788	0.0	662	553174
9af66988efedde350ab7da2a62ef2304	gi|343198546|ref|NR_042843.1|	92.609	460	34	0	6	465	321	780	0.0	662	553174
621a237641b1152caf6f282a7b4868b0	gi|631251740|ref|NR_112938.1|	99.130	460	4	0	6	465	326	785	0.0	828	204516
621a237641b1152caf6f282a7b4868b0	gi|343198509|ref|NR_042745.1|	99.130	460	4	0	6	465	338	797	0.0	828	204516
621a237641b1152caf6f282a7b4868b0	gi|343200626|ref|NR_041313.1|	94.783	460	24	0	6	465	340	799	0.0	717	338188
621a237641b1152caf6f282a7b4868b0	gi|2363084421|ref|NR_180458.1|	94.130	460	27	0	6	465	340	799	0.0	701	2650157
621a237641b1152caf6f282a7b4868b0	gi|636560121|ref|NR_116181.1|	94.130	460	26	1	6	465	333	791	0.0	699	28116
621a237641b1152caf6f282a7b4868b0	gi|631251749|ref|NR_112947.1|	93.926	461	26	2	6	465	326	785	0.0	697	657309
621a237641b1152caf6f282a7b4868b0	gi|1491509587|ref|NR_159118.1|	93.913	460	28	0	6	465	310	769	0.0	695	28116
621a237641b1152caf6f282a7b4868b0	gi|1491509586|ref|NR_159117.1|	93.913	460	28	0	6	465	301	760	0.0	695	28116
621a237641b1152caf6f282a7b4868b0	gi|2363085522|ref|NR_181010.1|	93.926	461	26	2	6	465	297	756	0.0	695	2786956
621a237641b1152caf6f282a7b4868b0	gi|2363084431|ref|NR_180463.1|	93.926	461	26	2	6	465	340	799	0.0	695	2650158
ce4f0d5d581171e79df3dd5e0c8bf62d	gi|265678656|ref|NR_028961.1|	99.091	440	4	0	6	445	327	766	0.0	791	853
ce4f0d5d581171e79df3dd5e0c8bf62d	gi|2363081451|ref|NR_178972.1|	98.864	440	5	0	6	445	285	724	0.0	785	1851428
ce4f0d5d581171e79df3dd5e0c8bf62d	gi|2363080123|ref|NR_178280.1|	98.864	440	5	0	6	445	331	770	0.0	785	411483
ce4f0d5d581171e79df3dd5e0c8bf62d	gi|3030611269|ref|NR_199945.1|	98.636	440	6	0	6	445	335	774	0.0	780	3435293
ce4f0d5d581171e79df3dd5e0c8bf62d	gi|2363081449|ref|NR_178971.1|	98.409	440	6	1	6	445	285	723	0.0	773	1851427
ce4f0d5d581171e79df3dd5e0c8bf62d	gi|2363082282|ref|NR_179388.1|	98.186	441	6	2	6	445	335	774	0.0	769	2935520
ce4f0d5d581171e79df3dd5e0c8bf62d	gi|2363080175|ref|NR_178311.1|	96.591	440	15	0	6	445	412	851	0.0	730	2903556
ce4f0d5d581171e79df3dd5e0c8bf62d	gi|1397641802|ref|NR_156911.1|	92.500	440	33	0	6	445	351	790	2.11e-180	630	1650663
ce4f0d5d581171e79df3dd5e0c8bf62d	gi|2363084747|ref|NR_180622.1|	92.517	441	31	2	6	445	335	774	2.11e-180	630	2779354
ce4f0d5d581171e79df3dd5e0c8bf62d	gi|2363082356|ref|NR_179425.1|	92.500	440	33	0	6	445	351	790	2.11e-180	630	1689304
2226c0f451720814bc0d7ba5e7912197	gi|343200677|ref|NR_041364.1|	99.348	460	3	0	6	465	337	796	0.0	833	1002367
2226c0f451720814bc0d7ba5e7912197	gi|2363080041|ref|NR_178237.1|	91.991	462	33	4	6	465	330	789	0.0	645	2801997
2226c0f451720814bc0d7ba5e7912197	gi|631252122|ref|NR_113320.1|	91.974	461	35	2	6	465	339	798	0.0	645	1236516
2226c0f451720814bc0d7ba5e7912197	gi|631251924|ref|NR_113122.1|	91.991	462	33	4	6	465	339	798	0.0	645	185294
2226c0f451720814bc0d7ba5e7912197	gi|631251898|ref|NR_113096.1|	91.957	460	37	0	6	465	339	798	0.0	645	28125
2226c0f451720814bc0d7ba5e7912197	gi|636560772|ref|NR_116832.1|	91.974	461	35	2	6	465	319	778	0.0	645	1236516
2226c0f451720814bc0d7ba5e7912197	gi|343200237|ref|NR_040924.1|	91.775	462	33	5	6	465	319	777	0.0	638	185294
2226c0f451720814bc0d7ba5e7912197	gi|219857187|ref|NR_024815.1|	91.558	462	35	4	6	465	339	798	0.0	634	228603
2226c0f451720814bc0d7ba5e7912197	gi|343206049|ref|NR_044629.1|	91.087	460	41	0	6	465	346	805	7.93e-180	628	28125
2226c0f451720814bc0d7ba5e7912197	gi|631251895|ref|NR_113093.1|	91.087	460	41	0	6	465	339	798	3.69e-178	623	419005
28d097efd0766442860c42179a98bfc7	gi|2363080123|ref|NR_178280.1|	98.864	440	5	0	6	445	331	770	0.0	785	411483
28d097efd0766442860c42179a98bfc7	gi|3030611269|ref|NR_199945.1|	98.636	440	6	0	6	445	335	774	0.0	780	3435293
28d097efd0766442860c42179a98bfc7	gi|2363081449|ref|NR_178971.1|	98.409	440	6	1	6	445	285	723	0.0	773	1851427
28d097efd0766442860c42179a98bfc7	gi|265678656|ref|NR_028961.1|	98.182	440	8	0	6	445	327	766	0.0	769	853
28d097efd0766442860c42179a98bfc7	gi|2363081451|ref|NR_178972.1|	97.955	440	9	0	6	445	285	724	0.0	763	1851428
28d097efd0766442860c42179a98bfc7	gi|2363082282|ref|NR_179388.1|	97.279	441	10	2	6	445	335	774	0.0	747	2935520
28d097efd0766442860c42179a98bfc7	gi|2363080175|ref|NR_178311.1|	96.591	440	15	0	6	445	412	851	0.0	730	2903556
28d097efd0766442860c42179a98bfc7	gi|2363084747|ref|NR_180622.1|	93.424	441	27	2	6	445	335	774	0.0	652	2779354
28d097efd0766442860c42179a98bfc7	gi|559795255|ref|NR_104846.1|	93.182	440	30	0	6	445	288	727	0.0	647	745368
28d097efd0766442860c42179a98bfc7	gi|1277396189|ref|NR_151900.1|	92.727	440	32	0	6	445	351	790	0.0	636	1550024
ac2721eb23aba0b1ca6f7b45c59486c6	gi|631252213|ref|NR_113411.1|	98.043	460	9	0	6	465	341	800	0.0	800	537011
ac2721eb23aba0b1ca6f7b45c59486c6	gi|343200190|ref|NR_040877.1|	97.826	460	10	0	6	465	341	800	0.0	797	537011
ac2721eb23aba0b1ca6f7b45c59486c6	gi|2363084409|ref|NR_180452.1|	96.739	460	15	0	6	465	321	780	0.0	767	2518605
ac2721eb23aba0b1ca6f7b45c59486c6	gi|631251922|ref|NR_113120.1|	93.089	463	26	6	6	465	339	798	0.0	673	28136
ac2721eb23aba0b1ca6f7b45c59486c6	gi|631251907|ref|NR_113105.1|	93.103	464	24	7	6	465	329	788	0.0	673	470565
ac2721eb23aba0b1ca6f7b45c59486c6	gi|343199048|ref|NR_044407.1|	93.103	464	24	7	6	465	321	780	0.0	673	470565
ac2721eb23aba0b1ca6f7b45c59486c6	gi|631253107|ref|NR_114305.1|	92.842	461	31	2	6	465	341	800	0.0	667	1236518
ac2721eb23aba0b1ca6f7b45c59486c6	gi|265678842|ref|NR_029147.1|	92.857	462	29	4	6	465	344	803	0.0	667	28136
ac2721eb23aba0b1ca6f7b45c59486c6	gi|636560666|ref|NR_116726.1|	92.842	461	31	2	6	465	321	780	0.0	667	1236518
ac2721eb23aba0b1ca6f7b45c59486c6	gi|566085557|ref|NR_109628.1|	92.672	464	26	8	6	465	322	781	0.0	662	1177574
369189a58bd679da0006a9ea89b7f042	gi|645320257|ref|NR_117506.1|	99.326	445	3	0	6	450	311	755	0.0	806	216816
369189a58bd679da0006a9ea89b7f042	gi|545589064|ref|NR_044691.2|	99.101	445	4	0	6	450	341	785	0.0	802	216816
369189a58bd679da0006a9ea89b7f042	gi|1137647753|ref|NR_145535.1|	99.101	445	4	0	6	450	319	763	0.0	800	1931217
369189a58bd679da0006a9ea89b7f042	gi|343202943|ref|NR_043437.1|	99.101	445	4	0	6	450	328	772	0.0	800	1682
369189a58bd679da0006a9ea89b7f042	gi|2180566473|ref|NR_174313.1|	98.427	445	7	0	6	450	331	775	0.0	784	2650773
369189a58bd679da0006a9ea89b7f042	gi|2363087087|ref|NR_181799.1|	98.202	445	8	0	6	450	330	774	0.0	778	2809026
369189a58bd679da0006a9ea89b7f042	gi|545589069|ref|NR_044693.2|	97.753	445	10	0	6	450	339	783	0.0	778	1695
369189a58bd679da0006a9ea89b7f042	gi|1040567047|ref|NR_137396.1|	97.528	445	11	0	6	450	264	708	0.0	761	1798158
369189a58bd679da0006a9ea89b7f042	gi|2363084292|ref|NR_180396.1|	97.528	445	11	0	6	450	330	774	0.0	761	2306975
369189a58bd679da0006a9ea89b7f042	gi|1491520099|ref|NR_159261.1|	97.309	446	11	1	6	450	262	707	0.0	756	2052941
a9a8b447a979c366f6bb5bab79396948	gi|219846340|ref|NR_025930.1|	98.869	442	4	1	6	446	296	737	0.0	787	40518
a9a8b447a979c366f6bb5bab79396948	gi|2136551638|ref|NR_173642.1|	97.743	443	8	2	6	446	349	791	0.0	761	2678306
a9a8b447a979c366f6bb5bab79396948	gi|2363084544|ref|NR_180520.1|	95.692	441	17	2	6	446	356	794	0.0	708	2564099
a9a8b447a979c366f6bb5bab79396948	gi|2363082825|ref|NR_179661.1|	92.777	443	30	2	6	446	342	784	0.0	640	2086583
a9a8b447a979c366f6bb5bab79396948	gi|636558732|ref|NR_114789.1|	91.383	441	37	1	6	446	347	786	4.60e-172	603	1535
a9a8b447a979c366f6bb5bab79396948	gi|2136551663|ref|NR_173668.1|	91.176	442	36	3	6	446	294	733	2.14e-170	597	2766537
a9a8b447a979c366f6bb5bab79396948	gi|3248465687|ref|NR_201701.1|	90.971	443	38	2	6	446	330	772	7.70e-170	595	3435187
a9a8b447a979c366f6bb5bab79396948	gi|3248465688|ref|NR_201702.1|	90.971	443	38	2	6	446	328	770	7.70e-170	595	3435000
a9a8b447a979c366f6bb5bab79396948	gi|2180566484|ref|NR_174324.1|	90.930	441	39	1	6	446	346	785	9.96e-169	592	2576756
a9a8b447a979c366f6bb5bab79396948	gi|3248465658|ref|NR_201672.1|	90.315	444	39	4	6	446	296	738	7.76e-165	579	3381350
cc83f28acbc8c34089c9dda0d362b994	gi|2363082168|ref|NR_179330.1|	94.796	442	23	0	6	447	327	768	0.0	689	2714355
cc83f28acbc8c34089c9dda0d362b994	gi|2363082569|ref|NR_179531.1|	94.595	444	20	4	6	447	347	788	0.0	684	1852369
cc83f28acbc8c34089c9dda0d362b994	gi|2363082165|ref|NR_179329.1|	94.570	442	24	0	6	447	327	768	0.0	684	2714353
cc83f28acbc8c34089c9dda0d362b994	gi|1109168025|ref|NR_144611.1|	93.002	443	30	1	6	447	282	724	0.0	645	1417852
cc83f28acbc8c34089c9dda0d362b994	gi|2136551692|ref|NR_173697.1|	92.760	442	32	0	6	447	349	790	0.0	640	2108523
cc83f28acbc8c34089c9dda0d362b994	gi|3030611324|ref|NR_200000.1|	92.777	443	31	1	6	447	301	743	0.0	640	3342383
cc83f28acbc8c34089c9dda0d362b994	gi|645321110|ref|NR_118156.1|	92.809	445	26	5	6	447	304	745	0.0	640	1007096
cc83f28acbc8c34089c9dda0d362b994	gi|1269801610|ref|NR_074793.2|	92.551	443	31	2	6	447	355	796	0.0	634	351091
cc83f28acbc8c34089c9dda0d362b994	gi|343200653|ref|NR_041340.1|	92.551	443	31	2	6	447	328	769	0.0	634	351091
cc83f28acbc8c34089c9dda0d362b994	gi|2363082342|ref|NR_179418.1|	92.325	443	33	1	6	447	348	790	7.61e-180	628	1673721
1193d8e2a484e1740653223639d69d8a	gi|2363082342|ref|NR_179418.1|	92.551	443	32	1	6	447	348	790	0.0	634	1673721
1193d8e2a484e1740653223639d69d8a	gi|1109168025|ref|NR_144611.1|	92.551	443	32	1	6	447	282	724	0.0	634	1417852
1193d8e2a484e1740653223639d69d8a	gi|3030611324|ref|NR_200000.1|	92.325	443	33	1	6	447	301	743	7.61e-180	628	3342383
1193d8e2a484e1740653223639d69d8a	gi|2363082352|ref|NR_179423.1|	92.099	443	34	1	6	447	349	791	3.54e-178	623	1689270
1193d8e2a484e1740653223639d69d8a	gi|2363082168|ref|NR_179330.1|	91.874	443	34	2	6	447	327	768	1.65e-176	617	2714355
1193d8e2a484e1740653223639d69d8a	gi|2363083800|ref|NR_180148.1|	91.422	443	37	1	6	447	349	791	3.57e-173	606	2211183
1193d8e2a484e1740653223639d69d8a	gi|2363082569|ref|NR_179531.1|	91.422	443	36	2	6	447	347	788	3.57e-173	606	1852369
1193d8e2a484e1740653223639d69d8a	gi|645321636|ref|NR_118554.1|	91.422	443	37	1	6	447	329	771	3.57e-173	606	1297617
1193d8e2a484e1740653223639d69d8a	gi|219846612|ref|NR_026204.1|	91.196	443	38	1	6	447	328	770	4.61e-172	603	47246
1193d8e2a484e1740653223639d69d8a	gi|2363082165|ref|NR_179329.1|	91.196	443	37	2	6	447	327	768	1.66e-171	601	2714353
ec3ade32161d24b3dadbe929a6aba511	gi|645320257|ref|NR_117506.1|	99.326	445	3	0	6	450	311	755	0.0	806	216816
ec3ade32161d24b3dadbe929a6aba511	gi|545589064|ref|NR_044691.2|	99.101	445	4	0	6	450	341	785	0.0	802	216816
ec3ade32161d24b3dadbe929a6aba511	gi|1137647753|ref|NR_145535.1|	99.101	445	4	0	6	450	319	763	0.0	800	1931217
ec3ade32161d24b3dadbe929a6aba511	gi|343202943|ref|NR_043437.1|	99.101	445	4	0	6	450	328	772	0.0	800	1682
ec3ade32161d24b3dadbe929a6aba511	gi|2180566473|ref|NR_174313.1|	98.427	445	7	0	6	450	331	775	0.0	784	2650773
ec3ade32161d24b3dadbe929a6aba511	gi|2363087087|ref|NR_181799.1|	98.202	445	8	0	6	450	330	774	0.0	778	2809026
ec3ade32161d24b3dadbe929a6aba511	gi|545589069|ref|NR_044693.2|	97.753	445	10	0	6	450	339	783	0.0	778	1695
ec3ade32161d24b3dadbe929a6aba511	gi|1040567047|ref|NR_137396.1|	97.528	445	11	0	6	450	264	708	0.0	761	1798158
ec3ade32161d24b3dadbe929a6aba511	gi|2363084292|ref|NR_180396.1|	97.528	445	11	0	6	450	330	774	0.0	761	2306975
ec3ade32161d24b3dadbe929a6aba511	gi|1491520099|ref|NR_159261.1|	97.309	446	11	1	6	450	262	707	0.0	756	2052941
b5df92fe4209024793408fd5ceb70c71	gi|631251954|ref|NR_113152.1|	99.130	460	4	0	6	465	337	796	0.0	828	28117
b5df92fe4209024793408fd5ceb70c71	gi|219846319|ref|NR_025909.1|	96.304	460	17	0	6	465	344	803	0.0	776	28117
b5df92fe4209024793408fd5ceb70c71	gi|645321193|ref|NR_118219.1|	96.746	461	13	2	6	465	332	791	0.0	767	1033732
b5df92fe4209024793408fd5ceb70c71	gi|672239000|ref|NR_125589.1|	96.529	461	14	2	6	465	269	728	0.0	761	1033731
b5df92fe4209024793408fd5ceb70c71	gi|2363086959|ref|NR_181736.1|	96.312	461	15	2	6	465	334	793	0.0	756	2834113
b5df92fe4209024793408fd5ceb70c71	gi|2363082099|ref|NR_179296.1|	96.312	461	15	2	6	465	324	783	0.0	756	2585119
b5df92fe4209024793408fd5ceb70c71	gi|631251953|ref|NR_113151.1|	95.887	462	15	4	6	465	338	797	0.0	745	328813
b5df92fe4209024793408fd5ceb70c71	gi|343202833|ref|NR_043318.1|	95.887	462	15	4	6	465	324	783	0.0	745	328813
b5df92fe4209024793408fd5ceb70c71	gi|2363082505|ref|NR_179499.1|	95.464	463	15	6	6	465	342	801	0.0	734	2364787
b5df92fe4209024793408fd5ceb70c71	gi|507148137|ref|NR_102944.1|	95.445	461	19	2	6	465	334	793	0.0	734	214856
e03a0e599772af95556035b29b65b412	gi|343200677|ref|NR_041364.1|	99.130	460	4	0	6	465	337	796	0.0	828	1002367
e03a0e599772af95556035b29b65b412	gi|631251898|ref|NR_113096.1|	91.739	460	38	0	6	465	339	798	0.0	640	28125
e03a0e599772af95556035b29b65b412	gi|2363080041|ref|NR_178237.1|	91.342	462	36	4	6	465	330	789	7.93e-180	628	2801997
e03a0e599772af95556035b29b65b412	gi|631252122|ref|NR_113320.1|	91.323	461	38	2	6	465	339	798	7.93e-180	628	1236516
e03a0e599772af95556035b29b65b412	gi|631251924|ref|NR_113122.1|	91.342	462	36	4	6	465	339	798	7.93e-180	628	185294
e03a0e599772af95556035b29b65b412	gi|636560772|ref|NR_116832.1|	91.323	461	38	2	6	465	319	778	7.93e-180	628	1236516
e03a0e599772af95556035b29b65b412	gi|343206049|ref|NR_044629.1|	90.870	460	42	0	6	465	346	805	3.69e-178	623	28125
e03a0e599772af95556035b29b65b412	gi|343200237|ref|NR_040924.1|	91.126	462	36	5	6	465	319	777	1.33e-177	621	185294
e03a0e599772af95556035b29b65b412	gi|631251894|ref|NR_113092.1|	90.929	463	36	5	6	465	329	788	1.72e-176	617	77768
e03a0e599772af95556035b29b65b412	gi|219857187|ref|NR_024815.1|	90.909	462	38	4	6	465	339	798	1.72e-176	617	228603
39171ed17100bc28c18c5d376a8b357a	gi|559795314|ref|NR_104907.1|	92.534	442	32	1	6	447	315	755	0.0	632	290054
39171ed17100bc28c18c5d376a8b357a	gi|2136551683|ref|NR_173688.1|	91.176	442	37	2	6	447	321	760	5.97e-171	599	2780922
39171ed17100bc28c18c5d376a8b357a	gi|444303976|ref|NR_074399.1|	90.724	442	39	1	6	447	333	772	1.29e-167	588	697329
39171ed17100bc28c18c5d376a8b357a	gi|631251834|ref|NR_113032.1|	90.724	442	39	1	6	447	333	772	1.29e-167	588	1264
39171ed17100bc28c18c5d376a8b357a	gi|636559173|ref|NR_115230.1|	90.724	442	39	1	6	447	333	772	1.29e-167	588	697329
39171ed17100bc28c18c5d376a8b357a	gi|219846339|ref|NR_025929.1|	90.724	442	39	1	6	447	328	767	1.29e-167	588	697329
39171ed17100bc28c18c5d376a8b357a	gi|1277396348|ref|NR_152059.1|	90.541	444	38	4	6	447	272	713	1.67e-166	584	1849041
39171ed17100bc28c18c5d376a8b357a	gi|2363082561|ref|NR_179527.1|	90.541	444	38	4	6	447	336	777	1.67e-166	584	1841868
39171ed17100bc28c18c5d376a8b357a	gi|2363082601|ref|NR_179547.1|	90.293	443	39	4	6	447	347	786	2.80e-164	577	1870991
39171ed17100bc28c18c5d376a8b357a	gi|2136551692|ref|NR_173697.1|	90.045	442	44	0	6	447	349	790	3.62e-163	573	2108523
7aa0bb56f9611782bc67c5c6cbf8729a	gi|2363080123|ref|NR_178280.1|	99.545	440	2	0	6	445	331	770	0.0	802	411483
7aa0bb56f9611782bc67c5c6cbf8729a	gi|2363081449|ref|NR_178971.1|	99.091	440	3	1	6	445	285	723	0.0	789	1851427
7aa0bb56f9611782bc67c5c6cbf8729a	gi|265678656|ref|NR_028961.1|	98.864	440	5	0	6	445	327	766	0.0	785	853
7aa0bb56f9611782bc67c5c6cbf8729a	gi|2363081451|ref|NR_178972.1|	98.636	440	6	0	6	445	285	724	0.0	780	1851428
7aa0bb56f9611782bc67c5c6cbf8729a	gi|3030611269|ref|NR_199945.1|	98.409	440	7	0	6	445	335	774	0.0	774	3435293
7aa0bb56f9611782bc67c5c6cbf8729a	gi|2363082282|ref|NR_179388.1|	97.959	441	7	2	6	445	335	774	0.0	763	2935520
7aa0bb56f9611782bc67c5c6cbf8729a	gi|2363080175|ref|NR_178311.1|	97.273	440	12	0	6	445	412	851	0.0	747	2903556
7aa0bb56f9611782bc67c5c6cbf8729a	gi|2363084747|ref|NR_180622.1|	93.197	441	28	2	6	445	335	774	0.0	647	2779354
7aa0bb56f9611782bc67c5c6cbf8729a	gi|559795255|ref|NR_104846.1|	92.955	440	31	0	6	445	288	727	0.0	641	745368
7aa0bb56f9611782bc67c5c6cbf8729a	gi|1277396189|ref|NR_151900.1|	92.500	440	33	0	6	445	351	790	2.11e-180	630	1550024
4c1c5e5f6fd0ec230c4df5697d95d054	gi|2621112340|ref|NR_189244.1|	95.475	442	20	0	6	447	363	804	0.0	706	3046382
4c1c5e5f6fd0ec230c4df5697d95d054	gi|2621112341|ref|NR_189245.1|	95.249	442	21	0	6	447	363	804	0.0	701	3046383
4c1c5e5f6fd0ec230c4df5697d95d054	gi|636559633|ref|NR_115693.1|	88.565	446	42	8	6	447	442	882	6.14e-151	532	694434
4c1c5e5f6fd0ec230c4df5697d95d054	gi|636559632|ref|NR_115692.1|	88.565	446	42	8	6	447	442	882	6.14e-151	532	694434
4c1c5e5f6fd0ec230c4df5697d95d054	gi|636559631|ref|NR_115691.1|	88.565	446	42	8	6	447	436	876	6.14e-151	532	694434
4c1c5e5f6fd0ec230c4df5697d95d054	gi|636559630|ref|NR_115690.1|	88.565	446	42	8	6	447	448	888	6.14e-151	532	694434
4c1c5e5f6fd0ec230c4df5697d95d054	gi|343198739|ref|NR_043559.1|	88.565	446	42	8	6	447	447	887	6.14e-151	532	694434
4c1c5e5f6fd0ec230c4df5697d95d054	gi|2363081417|ref|NR_178955.1|	86.517	445	55	5	6	447	288	730	1.74e-136	484	1851429
4c1c5e5f6fd0ec230c4df5697d95d054	gi|631251702|ref|NR_112900.1|	86.577	447	51	9	6	447	341	783	1.74e-136	484	626937
4c1c5e5f6fd0ec230c4df5697d95d054	gi|645320092|ref|NR_117381.1|	86.547	446	49	10	6	447	347	785	2.26e-135	481	165813
d7661788fb820f92494c4ee02a718805	gi|444304189|ref|NR_074613.1|	94.545	440	24	0	6	445	350	789	0.0	680	515620
d7661788fb820f92494c4ee02a718805	gi|559795169|ref|NR_104758.1|	94.091	440	26	0	6	445	345	784	0.0	669	1282887
d7661788fb820f92494c4ee02a718805	gi|559795246|ref|NR_104836.1|	94.104	441	24	2	6	445	333	772	0.0	669	706562
d7661788fb820f92494c4ee02a718805	gi|219846511|ref|NR_026103.1|	94.091	440	26	0	6	445	316	755	0.0	669	37658
d7661788fb820f92494c4ee02a718805	gi|1277396381|ref|NR_152095.1|	93.864	440	27	0	6	445	348	787	0.0	664	1679721
d7661788fb820f92494c4ee02a718805	gi|645321749|ref|NR_118643.1|	93.864	440	27	0	6	445	254	693	0.0	664	1432052
d7661788fb820f92494c4ee02a718805	gi|631252121|ref|NR_113319.1|	93.636	440	28	0	6	445	350	789	0.0	658	645466
d7661788fb820f92494c4ee02a718805	gi|1277396183|ref|NR_151894.1|	93.636	440	28	0	6	445	335	774	0.0	658	433293
d7661788fb820f92494c4ee02a718805	gi|343202586|ref|NR_042953.1|	93.636	440	28	0	6	445	308	747	0.0	658	264463
d7661788fb820f92494c4ee02a718805	gi|2363085103|ref|NR_180800.1|	93.409	440	29	0	6	445	347	786	0.0	652	2652274
e4eef1dbcdfcb1adbd2564a294e4f487	gi|559795255|ref|NR_104846.1|	96.136	440	17	0	6	445	288	727	0.0	719	745368
e4eef1dbcdfcb1adbd2564a294e4f487	gi|265678692|ref|NR_028997.1|	95.238	441	20	1	6	445	303	743	0.0	697	214851
e4eef1dbcdfcb1adbd2564a294e4f487	gi|3030611269|ref|NR_199945.1|	94.318	440	25	0	6	445	335	774	0.0	675	3435293
e4eef1dbcdfcb1adbd2564a294e4f487	gi|265678656|ref|NR_028961.1|	93.864	440	27	0	6	445	327	766	0.0	664	853
e4eef1dbcdfcb1adbd2564a294e4f487	gi|2363081451|ref|NR_178972.1|	93.636	440	28	0	6	445	285	724	0.0	658	1851428
e4eef1dbcdfcb1adbd2564a294e4f487	gi|2363080123|ref|NR_178280.1|	93.636	440	28	0	6	445	331	770	0.0	658	411483
e4eef1dbcdfcb1adbd2564a294e4f487	gi|2363081449|ref|NR_178971.1|	93.636	440	27	1	6	445	285	723	0.0	656	1851427
e4eef1dbcdfcb1adbd2564a294e4f487	gi|2363082356|ref|NR_179425.1|	93.182	440	30	0	6	445	351	790	0.0	647	1689304
e4eef1dbcdfcb1adbd2564a294e4f487	gi|1397641802|ref|NR_156911.1|	92.955	440	31	0	6	445	351	790	0.0	641	1650663
e4eef1dbcdfcb1adbd2564a294e4f487	gi|2363082282|ref|NR_179388.1|	92.971	441	29	2	6	445	335	774	0.0	641	2935520
fddf6a3af2ba00938fdf869b60b123dd	gi|2363086274|ref|NR_181389.1|	88.713	443	45	5	6	446	295	734	4.74e-152	536	2763657
fddf6a3af2ba00938fdf869b60b123dd	gi|1776910887|ref|NR_164620.1|	87.528	441	54	1	6	446	347	786	1.03e-143	508	2173034
fddf6a3af2ba00938fdf869b60b123dd	gi|2363083221|ref|NR_179859.1|	87.528	441	54	1	6	446	347	786	1.03e-143	508	2078660
fddf6a3af2ba00938fdf869b60b123dd	gi|3030611263|ref|NR_199939.1|	87.585	443	50	5	6	446	332	771	1.03e-143	508	3074434
fddf6a3af2ba00938fdf869b60b123dd	gi|672239088|ref|NR_125677.1|	87.613	444	48	7	6	446	346	785	1.03e-143	508	1348613
fddf6a3af2ba00938fdf869b60b123dd	gi|1116030284|ref|NR_144742.1|	87.387	444	52	4	6	446	352	794	3.71e-143	507	1805714
fddf6a3af2ba00938fdf869b60b123dd	gi|2363084132|ref|NR_180315.1|	87.416	445	50	6	6	446	323	765	3.71e-143	507	2496273
fddf6a3af2ba00938fdf869b60b123dd	gi|2363081254|ref|NR_178871.1|	87.330	442	54	2	6	446	337	777	1.34e-142	505	1792311
fddf6a3af2ba00938fdf869b60b123dd	gi|2363086270|ref|NR_181387.1|	87.330	442	55	1	6	446	302	743	1.34e-142	505	2763656
fddf6a3af2ba00938fdf869b60b123dd	gi|2363082625|ref|NR_179559.1|	87.104	442	55	2	6	446	333	773	6.21e-141	499	1871018
c4c2e616ffa418eddf4c6b43450c4177	gi|631251740|ref|NR_112938.1|	99.130	460	4	0	6	465	326	785	0.0	828	204516
c4c2e616ffa418eddf4c6b43450c4177	gi|343198509|ref|NR_042745.1|	99.130	460	4	0	6	465	338	797	0.0	828	204516
c4c2e616ffa418eddf4c6b43450c4177	gi|343200626|ref|NR_041313.1|	94.783	460	24	0	6	465	340	799	0.0	717	338188
c4c2e616ffa418eddf4c6b43450c4177	gi|631251749|ref|NR_112947.1|	94.143	461	25	2	6	465	326	785	0.0	702	657309
c4c2e616ffa418eddf4c6b43450c4177	gi|1491509587|ref|NR_159118.1|	94.143	461	25	2	6	465	310	769	0.0	701	28116
c4c2e616ffa418eddf4c6b43450c4177	gi|1491509586|ref|NR_159117.1|	94.143	461	25	2	6	465	301	760	0.0	701	28116
c4c2e616ffa418eddf4c6b43450c4177	gi|2363085522|ref|NR_181010.1|	94.143	461	25	2	6	465	297	756	0.0	701	2786956
c4c2e616ffa418eddf4c6b43450c4177	gi|2363084431|ref|NR_180463.1|	94.143	461	25	2	6	465	340	799	0.0	701	2650158
c4c2e616ffa418eddf4c6b43450c4177	gi|2363084421|ref|NR_180458.1|	94.130	460	27	0	6	465	340	799	0.0	701	2650157
c4c2e616ffa418eddf4c6b43450c4177	gi|631251866|ref|NR_113064.1|	94.130	460	27	0	6	465	338	797	0.0	701	1236538
8aebadb436e70b0ad22884cdaab066c4	gi|444439494|ref|NR_074809.1|	99.320	441	3	0	6	446	350	790	0.0	798	585394
8aebadb436e70b0ad22884cdaab066c4	gi|343201282|ref|NR_042008.1|	99.093	441	3	1	6	446	341	780	0.0	791	585394
8aebadb436e70b0ad22884cdaab066c4	gi|645320588|ref|NR_117758.1|	98.869	442	4	1	6	446	322	763	0.0	787	166486
8aebadb436e70b0ad22884cdaab066c4	gi|228716944|ref|NR_027557.1|	98.869	442	4	1	6	446	343	784	0.0	787	536231
8aebadb436e70b0ad22884cdaab066c4	gi|343198540|ref|NR_042832.1|	98.413	441	7	0	6	446	330	770	0.0	776	301302
8aebadb436e70b0ad22884cdaab066c4	gi|1227086116|ref|NR_148619.1|	97.738	442	9	1	6	446	301	742	0.0	760	1712665
8aebadb436e70b0ad22884cdaab066c4	gi|2363085153|ref|NR_180825.1|	97.279	441	12	0	6	446	347	787	0.0	749	2605790
8aebadb436e70b0ad22884cdaab066c4	gi|444304209|ref|NR_074634.1|	97.279	441	11	1	6	446	350	789	0.0	747	515619
8aebadb436e70b0ad22884cdaab066c4	gi|343201281|ref|NR_042007.1|	97.072	444	8	5	6	446	343	784	0.0	743	622312
8aebadb436e70b0ad22884cdaab066c4	gi|2363086282|ref|NR_181393.1|	97.052	441	12	1	6	446	290	729	0.0	741	2763664
e4f73c7c2595de886583d5471fb6eeab	gi|343200677|ref|NR_041364.1|	99.348	460	3	0	6	465	337	796	0.0	833	1002367
e4f73c7c2595de886583d5471fb6eeab	gi|631251898|ref|NR_113096.1|	91.957	460	37	0	6	465	339	798	0.0	645	28125
e4f73c7c2595de886583d5471fb6eeab	gi|2363080041|ref|NR_178237.1|	91.558	462	35	4	6	465	330	789	0.0	634	2801997
e4f73c7c2595de886583d5471fb6eeab	gi|631252122|ref|NR_113320.1|	91.540	461	37	2	6	465	339	798	0.0	634	1236516
e4f73c7c2595de886583d5471fb6eeab	gi|631251924|ref|NR_113122.1|	91.558	462	35	4	6	465	339	798	0.0	634	185294
e4f73c7c2595de886583d5471fb6eeab	gi|636560772|ref|NR_116832.1|	91.540	461	37	2	6	465	319	778	0.0	634	1236516
e4f73c7c2595de886583d5471fb6eeab	gi|343206049|ref|NR_044629.1|	91.087	460	41	0	6	465	346	805	7.93e-180	628	28125
e4f73c7c2595de886583d5471fb6eeab	gi|343200237|ref|NR_040924.1|	91.342	462	35	5	6	465	319	777	2.85e-179	627	185294
e4f73c7c2595de886583d5471fb6eeab	gi|631251894|ref|NR_113092.1|	91.145	463	35	5	6	465	329	788	3.69e-178	623	77768
e4f73c7c2595de886583d5471fb6eeab	gi|219857187|ref|NR_024815.1|	91.126	462	37	4	6	465	339	798	3.69e-178	623	228603
61d8b028bae35310226518ae7315d9ec	gi|2363080123|ref|NR_178280.1|	98.864	440	5	0	6	445	331	770	0.0	785	411483
61d8b028bae35310226518ae7315d9ec	gi|3030611269|ref|NR_199945.1|	98.636	440	6	0	6	445	335	774	0.0	780	3435293
61d8b028bae35310226518ae7315d9ec	gi|2363081449|ref|NR_178971.1|	99.072	431	4	0	6	436	285	715	0.0	774	1851427
61d8b028bae35310226518ae7315d9ec	gi|265678656|ref|NR_028961.1|	98.182	440	8	0	6	445	327	766	0.0	769	853
61d8b028bae35310226518ae7315d9ec	gi|2363081451|ref|NR_178972.1|	97.955	440	9	0	6	445	285	724	0.0	763	1851428
61d8b028bae35310226518ae7315d9ec	gi|2363082282|ref|NR_179388.1|	97.279	441	10	2	6	445	335	774	0.0	747	2935520
61d8b028bae35310226518ae7315d9ec	gi|2363080175|ref|NR_178311.1|	96.591	440	15	0	6	445	412	851	0.0	730	2903556
61d8b028bae35310226518ae7315d9ec	gi|2363084747|ref|NR_180622.1|	93.424	441	27	2	6	445	335	774	0.0	652	2779354
61d8b028bae35310226518ae7315d9ec	gi|559795255|ref|NR_104846.1|	93.182	440	30	0	6	445	288	727	0.0	647	745368
61d8b028bae35310226518ae7315d9ec	gi|1277396189|ref|NR_151900.1|	92.727	440	32	0	6	445	351	790	0.0	636	1550024
d27b8ade6f147f4d3a066a09726f0f4b	gi|444304091|ref|NR_074515.1|	98.913	460	5	0	6	465	350	809	0.0	822	435590
d27b8ade6f147f4d3a066a09726f0f4b	gi|631251748|ref|NR_112946.1|	98.913	460	5	0	6	465	339	798	0.0	822	821
d27b8ade6f147f4d3a066a09726f0f4b	gi|631250946|ref|NR_112143.1|	98.696	460	6	0	6	465	307	766	0.0	817	821
d27b8ade6f147f4d3a066a09726f0f4b	gi|343200664|ref|NR_041351.1|	98.261	460	8	0	6	465	341	800	0.0	806	357276
d27b8ade6f147f4d3a066a09726f0f4b	gi|631251997|ref|NR_113195.1|	93.696	460	29	0	6	465	338	797	0.0	689	1236515
d27b8ade6f147f4d3a066a09726f0f4b	gi|631251866|ref|NR_113064.1|	93.478	460	30	0	6	465	338	797	0.0	684	1236538
d27b8ade6f147f4d3a066a09726f0f4b	gi|631251817|ref|NR_113015.1|	93.478	460	30	0	6	465	338	797	0.0	684	1236538
d27b8ade6f147f4d3a066a09726f0f4b	gi|645320081|ref|NR_117373.1|	93.478	460	30	0	6	465	289	748	0.0	684	1236515
d27b8ade6f147f4d3a066a09726f0f4b	gi|2363085522|ref|NR_181010.1|	93.043	460	32	0	6	465	297	756	0.0	673	2786956
d27b8ade6f147f4d3a066a09726f0f4b	gi|631251874|ref|NR_113072.1|	93.043	460	32	0	6	465	338	797	0.0	673	1236512
7369e696f3e380e786b8f7a590792b24	gi|645321785|ref|NR_118670.1|	98.182	440	8	0	6	445	357	796	0.0	776	39496
7369e696f3e380e786b8f7a590792b24	gi|219857617|ref|NR_025206.1|	94.545	440	24	0	6	445	314	753	0.0	680	180286
7369e696f3e380e786b8f7a590792b24	gi|1040567056|ref|NR_137405.1|	94.318	440	25	0	6	445	307	746	0.0	675	1619234
7369e696f3e380e786b8f7a590792b24	gi|631250892|ref|NR_112089.1|	94.318	440	25	0	6	445	336	775	0.0	675	553973
7369e696f3e380e786b8f7a590792b24	gi|224581401|ref|NR_024719.1|	94.318	440	24	1	6	445	341	779	0.0	673	89153
7369e696f3e380e786b8f7a590792b24	gi|1397641798|ref|NR_156907.1|	94.104	441	24	2	6	445	348	787	0.0	669	1912855
7369e696f3e380e786b8f7a590792b24	gi|1109168027|ref|NR_144612.1|	94.104	441	24	2	6	445	350	789	0.0	669	1796636
7369e696f3e380e786b8f7a590792b24	gi|559795252|ref|NR_104842.1|	94.091	440	26	0	6	445	345	784	0.0	669	39495
7369e696f3e380e786b8f7a590792b24	gi|343203027|ref|NR_043551.1|	94.104	441	24	2	6	445	349	788	0.0	669	341220
7369e696f3e380e786b8f7a590792b24	gi|3248465643|ref|NR_201655.1|	93.636	440	28	0	6	445	313	752	0.0	658	3380807
30d60aae516d9881cf94c399e05e9907	gi|631251875|ref|NR_113073.1|	98.913	460	5	0	6	465	329	788	0.0	822	487174
30d60aae516d9881cf94c399e05e9907	gi|343200981|ref|NR_041668.1|	98.913	460	5	0	6	465	321	780	0.0	822	742726
30d60aae516d9881cf94c399e05e9907	gi|1270532346|ref|NR_121773.2|	95.662	461	18	2	6	465	348	807	0.0	739	397865
30d60aae516d9881cf94c399e05e9907	gi|343200821|ref|NR_041508.1|	95.445	461	18	3	6	465	325	783	0.0	732	397865
30d60aae516d9881cf94c399e05e9907	gi|2136551682|ref|NR_173687.1|	90.043	462	42	4	6	465	325	784	8.05e-170	595	2751153
30d60aae516d9881cf94c399e05e9907	gi|1146059151|ref|NR_145883.1|	89.610	462	44	4	6	465	284	743	1.74e-166	584	1501392
30d60aae516d9881cf94c399e05e9907	gi|1116030267|ref|NR_144725.1|	89.177	462	46	4	6	465	337	796	8.10e-165	579	1686296
30d60aae516d9881cf94c399e05e9907	gi|2621112336|ref|NR_189240.1|	87.716	464	49	8	6	465	342	801	1.78e-151	534	2944915
30d60aae516d9881cf94c399e05e9907	gi|1909404453|ref|NR_170508.1|	87.636	461	54	3	6	465	352	810	6.40e-151	532	2518971
30d60aae516d9881cf94c399e05e9907	gi|2363083455|ref|NR_179976.1|	87.527	465	47	10	6	465	289	747	2.98e-149	527	2094151
c79b49727c853d1fdc086d8a9b0c8366	gi|3248465636|ref|NR_201647.1|	99.545	440	2	0	6	445	300	739	0.0	802	3380806
c79b49727c853d1fdc086d8a9b0c8366	gi|343198924|ref|NR_044048.1|	99.545	440	2	0	6	445	328	767	0.0	802	470146
c79b49727c853d1fdc086d8a9b0c8366	gi|1116030277|ref|NR_144735.1|	99.091	440	4	0	6	445	350	789	0.0	791	1745713
c79b49727c853d1fdc086d8a9b0c8366	gi|2363082603|ref|NR_179548.1|	97.273	440	12	0	6	445	348	787	0.0	749	1870993
c79b49727c853d1fdc086d8a9b0c8366	gi|265678940|ref|NR_029248.1|	96.818	440	12	2	6	445	349	786	0.0	736	500632
c79b49727c853d1fdc086d8a9b0c8366	gi|2363084846|ref|NR_180671.1|	96.136	440	17	0	6	445	63	502	0.0	719	2594882
c79b49727c853d1fdc086d8a9b0c8366	gi|2962412221|ref|NR_199415.1|	96.136	440	17	0	6	445	338	777	0.0	719	3136600
c79b49727c853d1fdc086d8a9b0c8366	gi|2363086021|ref|NR_181263.1|	96.136	440	17	0	6	445	334	773	0.0	719	2726362
c79b49727c853d1fdc086d8a9b0c8366	gi|2363086282|ref|NR_181393.1|	95.928	442	14	4	6	445	290	729	0.0	713	2763664
c79b49727c853d1fdc086d8a9b0c8366	gi|343203027|ref|NR_043551.1|	95.909	440	18	0	6	445	349	788	0.0	713	341220
6b9498072c0f5a935abfea21d8e3be47	gi|219846519|ref|NR_026111.1|	99.355	465	3	0	6	470	339	803	0.0	843	33025
6b9498072c0f5a935abfea21d8e3be47	gi|631251704|ref|NR_112902.1|	93.348	466	29	2	6	470	427	891	0.0	688	626940
6b9498072c0f5a935abfea21d8e3be47	gi|2363082047|ref|NR_179270.1|	92.094	468	32	5	6	470	326	791	0.0	658	2654621
6b9498072c0f5a935abfea21d8e3be47	gi|2363082805|ref|NR_179651.1|	91.471	469	32	8	6	470	350	814	0.0	638	2058289
6b9498072c0f5a935abfea21d8e3be47	gi|2621112327|ref|NR_189230.1|	91.471	469	32	8	6	470	298	762	0.0	638	2897706
6b9498072c0f5a935abfea21d8e3be47	gi|343198461|ref|NR_041894.1|	91.435	467	36	4	6	470	286	750	0.0	638	187327
6b9498072c0f5a935abfea21d8e3be47	gi|2363082575|ref|NR_179534.1|	91.064	470	32	8	6	470	345	809	2.89e-179	627	1852375
6b9498072c0f5a935abfea21d8e3be47	gi|636558634|ref|NR_114691.1|	90.426	470	41	4	4	470	328	796	6.25e-176	616	78126
6b9498072c0f5a935abfea21d8e3be47	gi|645320469|ref|NR_117668.1|	90.129	466	45	1	6	470	341	806	1.35e-172	604	1337886
6b9498072c0f5a935abfea21d8e3be47	gi|645320468|ref|NR_117667.1|	90.129	466	45	1	6	470	339	804	1.35e-172	604	1337886
04c20d77ae44e1dccfa9df6cd7699cf5	gi|3248465644|ref|NR_201656.1|	96.599	441	14	1	6	446	329	768	0.0	730	3417633
04c20d77ae44e1dccfa9df6cd7699cf5	gi|507148077|ref|NR_102884.1|	94.785	441	22	1	6	446	331	770	0.0	686	213810
04c20d77ae44e1dccfa9df6cd7699cf5	gi|444303976|ref|NR_074399.1|	94.785	441	22	1	6	446	333	772	0.0	686	697329
04c20d77ae44e1dccfa9df6cd7699cf5	gi|631251834|ref|NR_113032.1|	94.785	441	22	1	6	446	333	772	0.0	686	1264
04c20d77ae44e1dccfa9df6cd7699cf5	gi|636559173|ref|NR_115230.1|	94.785	441	22	1	6	446	333	772	0.0	686	697329
04c20d77ae44e1dccfa9df6cd7699cf5	gi|219846339|ref|NR_025929.1|	94.785	441	22	1	6	446	328	767	0.0	686	697329
04c20d77ae44e1dccfa9df6cd7699cf5	gi|636558832|ref|NR_114889.1|	94.558	441	22	2	6	446	277	715	0.0	680	213810
04c20d77ae44e1dccfa9df6cd7699cf5	gi|2363082601|ref|NR_179547.1|	94.104	441	25	1	6	446	347	786	0.0	669	1870991
04c20d77ae44e1dccfa9df6cd7699cf5	gi|3248465648|ref|NR_201660.1|	93.878	441	26	1	6	446	319	758	0.0	664	3417630
04c20d77ae44e1dccfa9df6cd7699cf5	gi|219846341|ref|NR_025931.1|	93.213	442	27	3	6	446	308	747	0.0	647	1265
e293fdf1ce4febef628bb5f778da168c	gi|310975253|ref|NR_037117.1|	99.105	447	4	0	6	452	331	777	0.0	804	28026
e293fdf1ce4febef628bb5f778da168c	gi|631251581|ref|NR_112779.1|	99.105	447	4	0	6	452	331	777	0.0	804	1150460
e293fdf1ce4febef628bb5f778da168c	gi|343201160|ref|NR_041875.1|	99.105	447	4	0	6	452	310	756	0.0	804	1686
e293fdf1ce4febef628bb5f778da168c	gi|3248465902|ref|NR_201917.1|	98.658	447	6	0	6	452	338	784	0.0	793	3692808
e293fdf1ce4febef628bb5f778da168c	gi|310974989|ref|NR_036853.1|	98.210	447	8	0	6	452	330	776	0.0	782	1683
e293fdf1ce4febef628bb5f778da168c	gi|2363087083|ref|NR_181797.1|	97.768	448	8	2	6	452	250	696	0.0	771	2834432
e293fdf1ce4febef628bb5f778da168c	gi|636559583|ref|NR_115643.1|	97.768	448	8	2	6	452	248	694	0.0	771	78345
e293fdf1ce4febef628bb5f778da168c	gi|1269801543|ref|NR_074802.2|	97.550	449	9	2	6	452	341	789	0.0	767	367928
e293fdf1ce4febef628bb5f778da168c	gi|961555015|ref|NR_133982.1|	97.550	449	9	2	6	452	311	759	0.0	767	1680
e293fdf1ce4febef628bb5f778da168c	gi|645321680|ref|NR_118589.1|	97.550	449	9	2	6	452	335	783	0.0	767	1437612
32a9d40f1c4d049ffe798d0e43edbc2e	gi|2363082168|ref|NR_179330.1|	99.095	442	4	0	6	447	327	768	0.0	795	2714355
32a9d40f1c4d049ffe798d0e43edbc2e	gi|2363082165|ref|NR_179329.1|	98.416	442	7	0	6	447	327	768	0.0	778	2714353
32a9d40f1c4d049ffe798d0e43edbc2e	gi|645321110|ref|NR_118156.1|	94.131	443	24	2	6	447	304	745	0.0	673	1007096
32a9d40f1c4d049ffe798d0e43edbc2e	gi|2962412234|ref|NR_199428.1|	93.905	443	25	2	6	447	352	793	0.0	667	3073143
32a9d40f1c4d049ffe798d0e43edbc2e	gi|2363087001|ref|NR_181757.1|	93.483	445	23	6	6	447	289	730	0.0	656	2841504
32a9d40f1c4d049ffe798d0e43edbc2e	gi|1109168025|ref|NR_144611.1|	93.483	445	24	3	6	447	282	724	0.0	656	1417852
32a9d40f1c4d049ffe798d0e43edbc2e	gi|1269801610|ref|NR_074793.2|	93.228	443	28	2	6	447	355	796	0.0	651	351091
32a9d40f1c4d049ffe798d0e43edbc2e	gi|343200653|ref|NR_041340.1|	93.228	443	28	2	6	447	328	769	0.0	651	351091
32a9d40f1c4d049ffe798d0e43edbc2e	gi|2260349448|ref|NR_176530.1|	93.002	443	29	2	6	447	358	799	0.0	645	2093857
32a9d40f1c4d049ffe798d0e43edbc2e	gi|2136551692|ref|NR_173697.1|	92.986	442	31	0	6	447	349	790	0.0	645	2108523
73c4701d54c09392040bf953767ac309	gi|343200677|ref|NR_041364.1|	99.348	460	3	0	6	465	337	796	0.0	833	1002367
73c4701d54c09392040bf953767ac309	gi|2363080041|ref|NR_178237.1|	91.991	462	33	4	6	465	330	789	0.0	645	2801997
73c4701d54c09392040bf953767ac309	gi|631252122|ref|NR_113320.1|	91.974	461	35	2	6	465	339	798	0.0	645	1236516
73c4701d54c09392040bf953767ac309	gi|631251924|ref|NR_113122.1|	91.991	462	33	4	6	465	339	798	0.0	645	185294
73c4701d54c09392040bf953767ac309	gi|631251898|ref|NR_113096.1|	91.957	460	37	0	6	465	339	798	0.0	645	28125
73c4701d54c09392040bf953767ac309	gi|636560772|ref|NR_116832.1|	91.974	461	35	2	6	465	319	778	0.0	645	1236516
73c4701d54c09392040bf953767ac309	gi|343200237|ref|NR_040924.1|	91.775	462	33	5	6	465	319	777	0.0	638	185294
73c4701d54c09392040bf953767ac309	gi|219857187|ref|NR_024815.1|	91.558	462	35	4	6	465	339	798	0.0	634	228603
73c4701d54c09392040bf953767ac309	gi|343206049|ref|NR_044629.1|	91.087	460	41	0	6	465	346	805	7.93e-180	628	28125
73c4701d54c09392040bf953767ac309	gi|631251895|ref|NR_113093.1|	91.087	460	41	0	6	465	339	798	3.69e-178	623	419005
7736db796809184298a0c6827ac43f3b	gi|2363086268|ref|NR_181386.1|	91.874	443	36	0	6	448	303	745	4.59e-177	619	2763655
7736db796809184298a0c6827ac43f3b	gi|2363086270|ref|NR_181387.1|	91.422	443	37	1	6	448	302	743	3.58e-173	606	2763656
7736db796809184298a0c6827ac43f3b	gi|2363086262|ref|NR_181383.1|	90.135	446	39	5	6	448	307	750	1.01e-163	575	2763654
7736db796809184298a0c6827ac43f3b	gi|1116030284|ref|NR_144742.1|	88.713	443	50	0	6	448	352	794	1.02e-153	542	1805714
7736db796809184298a0c6827ac43f3b	gi|631251702|ref|NR_112900.1|	88.288	444	50	2	6	448	341	783	2.21e-150	531	626937
7736db796809184298a0c6827ac43f3b	gi|1237079451|ref|NR_029239.3|	88.117	446	44	9	6	448	306	745	1.33e-147	521	29356
7736db796809184298a0c6827ac43f3b	gi|2363081417|ref|NR_178955.1|	87.640	445	51	4	6	448	288	730	2.23e-145	514	1851429
7736db796809184298a0c6827ac43f3b	gi|1116030285|ref|NR_144743.1|	87.668	446	49	6	6	448	352	794	2.23e-145	514	1816678
7736db796809184298a0c6827ac43f3b	gi|2363087003|ref|NR_181758.1|	87.751	449	40	14	6	448	283	722	2.88e-144	510	2841506
7736db796809184298a0c6827ac43f3b	gi|2363082294|ref|NR_179394.1|	87.751	449	40	14	6	448	332	771	2.88e-144	510	1499689
e8f9f0ffbce5a8d9fa593cd3a9c30290	gi|2363086262|ref|NR_181383.1|	92.117	444	35	0	6	449	307	750	2.75e-179	627	2763654
e8f9f0ffbce5a8d9fa593cd3a9c30290	gi|2363086270|ref|NR_181387.1|	91.667	444	35	2	6	449	302	743	2.14e-175	614	2763656
e8f9f0ffbce5a8d9fa593cd3a9c30290	gi|2363086268|ref|NR_181386.1|	90.766	444	40	1	6	449	303	745	1.00e-168	592	2763655
e8f9f0ffbce5a8d9fa593cd3a9c30290	gi|1116030284|ref|NR_144742.1|	90.541	444	41	1	6	449	352	794	4.67e-167	586	1805714
e8f9f0ffbce5a8d9fa593cd3a9c30290	gi|631251702|ref|NR_112900.1|	89.663	445	43	3	6	449	341	783	2.19e-160	564	626937
e8f9f0ffbce5a8d9fa593cd3a9c30290	gi|2363081417|ref|NR_178955.1|	88.764	445	47	3	6	449	288	730	1.02e-153	542	1851429
e8f9f0ffbce5a8d9fa593cd3a9c30290	gi|1116030285|ref|NR_144743.1|	88.764	445	47	3	6	449	352	794	1.02e-153	542	1816678
e8f9f0ffbce5a8d9fa593cd3a9c30290	gi|444304270|ref|NR_074696.1|	88.814	447	43	7	6	449	344	786	1.02e-153	542	697281
e8f9f0ffbce5a8d9fa593cd3a9c30290	gi|1445136073|ref|NR_158113.1|	88.591	447	44	6	6	449	328	770	4.77e-152	536	433287
e8f9f0ffbce5a8d9fa593cd3a9c30290	gi|219846168|ref|NR_025758.1|	88.591	447	44	7	6	449	344	786	4.77e-152	536	697281
d80255eefe49f54c76b922e5273b1f1e	gi|645321785|ref|NR_118670.1|	98.636	440	6	0	6	445	357	796	0.0	787	39496
d80255eefe49f54c76b922e5273b1f1e	gi|219857617|ref|NR_025206.1|	95.000	440	22	0	6	445	314	753	0.0	691	180286
d80255eefe49f54c76b922e5273b1f1e	gi|1040567056|ref|NR_137405.1|	94.773	440	23	0	6	445	307	746	0.0	686	1619234
d80255eefe49f54c76b922e5273b1f1e	gi|631250892|ref|NR_112089.1|	94.773	440	23	0	6	445	336	775	0.0	686	553973
d80255eefe49f54c76b922e5273b1f1e	gi|224581401|ref|NR_024719.1|	94.773	440	22	1	6	445	341	779	0.0	684	89153
d80255eefe49f54c76b922e5273b1f1e	gi|1397641798|ref|NR_156907.1|	94.558	441	22	2	6	445	348	787	0.0	680	1912855
d80255eefe49f54c76b922e5273b1f1e	gi|1109168027|ref|NR_144612.1|	94.558	441	22	2	6	445	350	789	0.0	680	1796636
d80255eefe49f54c76b922e5273b1f1e	gi|559795252|ref|NR_104842.1|	94.545	440	24	0	6	445	345	784	0.0	680	39495
d80255eefe49f54c76b922e5273b1f1e	gi|343203027|ref|NR_043551.1|	94.558	441	22	2	6	445	349	788	0.0	680	341220
d80255eefe49f54c76b922e5273b1f1e	gi|3248465643|ref|NR_201655.1|	94.091	440	26	0	6	445	313	752	0.0	669	3380807
dcde6c14637b6defd6cc53b7ca673955	gi|631251867|ref|NR_113065.1|	99.130	460	4	0	6	465	338	797	0.0	828	762984
dcde6c14637b6defd6cc53b7ca673955	gi|631251695|ref|NR_112893.1|	99.130	460	4	0	6	465	318	777	0.0	828	762984
dcde6c14637b6defd6cc53b7ca673955	gi|2363086949|ref|NR_181731.1|	98.478	460	7	0	6	465	290	749	0.0	811	2834112
dcde6c14637b6defd6cc53b7ca673955	gi|343200761|ref|NR_041448.1|	97.391	460	12	0	6	465	322	781	0.0	784	376806
dcde6c14637b6defd6cc53b7ca673955	gi|631251745|ref|NR_112943.1|	96.522	460	16	0	6	465	326	785	0.0	761	449673
dcde6c14637b6defd6cc53b7ca673955	gi|343200620|ref|NR_041307.1|	96.304	460	17	0	6	465	334	793	0.0	756	329854
dcde6c14637b6defd6cc53b7ca673955	gi|224581415|ref|NR_027196.1|	95.662	461	18	2	6	465	317	776	0.0	741	449673
dcde6c14637b6defd6cc53b7ca673955	gi|631251735|ref|NR_112933.1|	95.652	460	20	0	6	465	334	793	0.0	739	246787
dcde6c14637b6defd6cc53b7ca673955	gi|631251734|ref|NR_112932.1|	95.652	460	20	0	6	465	328	787	0.0	739	47678
dcde6c14637b6defd6cc53b7ca673955	gi|219846650|ref|NR_026242.1|	95.652	460	20	0	6	465	318	777	0.0	739	47678
c8a9dd880193148c02cb2293d0d65593	gi|343200664|ref|NR_041351.1|	99.130	460	4	0	6	465	341	800	0.0	828	357276
c8a9dd880193148c02cb2293d0d65593	gi|444304091|ref|NR_074515.1|	98.261	460	8	0	6	465	350	809	0.0	806	435590
c8a9dd880193148c02cb2293d0d65593	gi|631251748|ref|NR_112946.1|	98.261	460	8	0	6	465	339	798	0.0	806	821
c8a9dd880193148c02cb2293d0d65593	gi|631250946|ref|NR_112143.1|	98.043	460	9	0	6	465	307	766	0.0	800	821
c8a9dd880193148c02cb2293d0d65593	gi|631251997|ref|NR_113195.1|	93.261	460	31	0	6	465	338	797	0.0	678	1236515
c8a9dd880193148c02cb2293d0d65593	gi|631251866|ref|NR_113064.1|	93.043	460	32	0	6	465	338	797	0.0	673	1236538
c8a9dd880193148c02cb2293d0d65593	gi|631251817|ref|NR_113015.1|	93.043	460	32	0	6	465	338	797	0.0	673	1236538
c8a9dd880193148c02cb2293d0d65593	gi|645320081|ref|NR_117373.1|	93.043	460	32	0	6	465	289	748	0.0	673	1236515
c8a9dd880193148c02cb2293d0d65593	gi|2363085522|ref|NR_181010.1|	92.842	461	31	2	6	465	297	756	0.0	667	2786956
c8a9dd880193148c02cb2293d0d65593	gi|2363082773|ref|NR_179635.1|	92.826	460	33	0	6	465	338	797	0.0	667	2024197
d1a1f935eb6709956f10064b03205b4f	gi|559795314|ref|NR_104907.1|	92.081	442	34	1	6	447	315	755	1.27e-177	621	290054
d1a1f935eb6709956f10064b03205b4f	gi|444303976|ref|NR_074399.1|	90.045	442	42	2	6	447	333	772	1.30e-162	571	697329
d1a1f935eb6709956f10064b03205b4f	gi|631251834|ref|NR_113032.1|	90.045	442	42	2	6	447	333	772	1.30e-162	571	1264
d1a1f935eb6709956f10064b03205b4f	gi|636559173|ref|NR_115230.1|	90.045	442	42	2	6	447	333	772	1.30e-162	571	697329
d1a1f935eb6709956f10064b03205b4f	gi|219846339|ref|NR_025929.1|	90.045	442	42	2	6	447	328	767	1.30e-162	571	697329
d1a1f935eb6709956f10064b03205b4f	gi|228717037|ref|NR_027558.1|	90.090	444	37	7	6	447	292	730	4.68e-162	569	169435
d1a1f935eb6709956f10064b03205b4f	gi|2136551683|ref|NR_173688.1|	89.819	442	43	2	6	447	321	760	6.05e-161	566	2780922
d1a1f935eb6709956f10064b03205b4f	gi|1445136071|ref|NR_158111.1|	89.616	443	41	5	6	447	349	787	1.01e-158	558	2038680
d1a1f935eb6709956f10064b03205b4f	gi|2363082755|ref|NR_179626.1|	89.391	443	42	5	6	447	351	789	4.71e-157	553	1987501
d1a1f935eb6709956f10064b03205b4f	gi|2363082585|ref|NR_179539.1|	89.391	443	42	5	6	447	351	789	4.71e-157	553	1852384
d4151da8f2d0951fc472951a1432691e	gi|2363082679|ref|NR_179587.1|	95.909	440	18	0	6	445	328	767	0.0	713	1926283
d4151da8f2d0951fc472951a1432691e	gi|1193829153|ref|NR_147396.1|	95.909	440	18	0	6	445	328	767	0.0	713	1917870
d4151da8f2d0951fc472951a1432691e	gi|2363081854|ref|NR_179173.1|	95.909	440	18	0	6	445	333	772	0.0	713	2126740
d4151da8f2d0951fc472951a1432691e	gi|2836274880|ref|NR_197643.1|	95.455	440	20	0	6	445	329	768	0.0	702	2962432
d4151da8f2d0951fc472951a1432691e	gi|1384992332|ref|NR_156081.1|	95.455	440	20	0	6	445	336	775	0.0	702	1469948
d4151da8f2d0951fc472951a1432691e	gi|1384992329|ref|NR_156078.1|	95.455	440	20	0	6	445	336	775	0.0	702	1469948
d4151da8f2d0951fc472951a1432691e	gi|2363080261|ref|NR_178356.1|	95.455	440	20	0	6	445	313	752	0.0	702	558153
d4151da8f2d0951fc472951a1432691e	gi|310975204|ref|NR_037068.1|	95.455	440	20	0	6	445	341	780	0.0	702	29375
d4151da8f2d0951fc472951a1432691e	gi|219846508|ref|NR_026100.1|	95.455	440	20	0	6	445	323	762	0.0	702	1286362
d4151da8f2d0951fc472951a1432691e	gi|343201474|ref|NR_042200.1|	95.455	440	20	0	6	445	318	757	0.0	702	333367
48852db62870f5a256feda7236d21d66	gi|2363082168|ref|NR_179330.1|	91.196	443	38	1	6	448	327	768	1.66e-171	601	2714355
48852db62870f5a256feda7236d21d66	gi|2363082165|ref|NR_179329.1|	91.011	445	35	5	6	448	327	768	7.74e-170	595	2714353
48852db62870f5a256feda7236d21d66	gi|2363082342|ref|NR_179418.1|	90.766	444	39	2	6	448	348	790	1.00e-168	592	1673721
48852db62870f5a256feda7236d21d66	gi|343206380|ref|NR_044972.1|	90.315	444	41	2	6	448	331	773	1.68e-166	584	44749
48852db62870f5a256feda7236d21d66	gi|1109168025|ref|NR_144611.1|	90.293	443	43	0	6	448	282	724	2.17e-165	580	1417852
48852db62870f5a256feda7236d21d66	gi|444304204|ref|NR_074629.1|	90.315	444	41	2	6	448	341	783	2.17e-165	580	1515
48852db62870f5a256feda7236d21d66	gi|631251959|ref|NR_113157.1|	90.315	444	41	2	6	448	341	783	2.17e-165	580	1515
48852db62870f5a256feda7236d21d66	gi|645321636|ref|NR_118554.1|	90.112	445	40	4	6	448	329	771	1.01e-163	575	1297617
48852db62870f5a256feda7236d21d66	gi|219857201|ref|NR_024829.1|	90.090	444	42	2	6	448	321	763	1.01e-163	575	253314
48852db62870f5a256feda7236d21d66	gi|3030611324|ref|NR_200000.1|	89.865	444	43	2	6	448	301	743	4.69e-162	569	3342383
1fcba31769903031c24976a3a79877dc	gi|343200590|ref|NR_041277.1|	98.696	460	6	0	6	465	339	798	0.0	817	484018
1fcba31769903031c24976a3a79877dc	gi|2221405488|ref|NR_175548.1|	95.671	462	16	4	6	465	346	805	0.0	739	2739389
1fcba31769903031c24976a3a79877dc	gi|1116030286|ref|NR_144744.1|	93.913	460	28	0	6	465	339	798	0.0	697	1841856
1fcba31769903031c24976a3a79877dc	gi|343200591|ref|NR_041278.1|	92.826	460	33	0	6	465	339	798	0.0	667	470145
1fcba31769903031c24976a3a79877dc	gi|2363082641|ref|NR_179567.1|	92.391	460	35	0	6	465	339	798	0.0	658	1907658
1fcba31769903031c24976a3a79877dc	gi|444304192|ref|NR_074616.1|	91.957	460	37	0	6	465	341	800	0.0	645	376805
1fcba31769903031c24976a3a79877dc	gi|343200760|ref|NR_041447.1|	91.957	460	37	0	6	465	326	785	0.0	645	376805
1fcba31769903031c24976a3a79877dc	gi|631251740|ref|NR_112938.1|	91.757	461	36	2	6	465	326	785	0.0	640	204516
1fcba31769903031c24976a3a79877dc	gi|343198509|ref|NR_042745.1|	91.757	461	36	2	6	465	338	797	0.0	640	204516
1fcba31769903031c24976a3a79877dc	gi|1146059112|ref|NR_145844.1|	91.540	461	37	2	6	465	339	798	0.0	634	1411144
b5f72af47974a87ea2a07b1647f2eb9a	gi|2363086274|ref|NR_181389.1|	88.713	443	45	5	6	446	295	734	4.74e-152	536	2763657
b5f72af47974a87ea2a07b1647f2eb9a	gi|1776910887|ref|NR_164620.1|	87.528	441	54	1	6	446	347	786	1.03e-143	508	2173034
b5f72af47974a87ea2a07b1647f2eb9a	gi|2363083221|ref|NR_179859.1|	87.528	441	54	1	6	446	347	786	1.03e-143	508	2078660
b5f72af47974a87ea2a07b1647f2eb9a	gi|3030611263|ref|NR_199939.1|	87.585	443	50	5	6	446	332	771	1.03e-143	508	3074434
b5f72af47974a87ea2a07b1647f2eb9a	gi|672239088|ref|NR_125677.1|	87.613	444	48	7	6	446	346	785	1.03e-143	508	1348613
b5f72af47974a87ea2a07b1647f2eb9a	gi|1116030284|ref|NR_144742.1|	87.387	444	52	4	6	446	352	794	3.71e-143	507	1805714
b5f72af47974a87ea2a07b1647f2eb9a	gi|2363084132|ref|NR_180315.1|	87.416	445	50	6	6	446	323	765	3.71e-143	507	2496273
b5f72af47974a87ea2a07b1647f2eb9a	gi|2363081254|ref|NR_178871.1|	87.330	442	54	2	6	446	337	777	1.34e-142	505	1792311
b5f72af47974a87ea2a07b1647f2eb9a	gi|2363086270|ref|NR_181387.1|	87.330	442	55	1	6	446	302	743	1.34e-142	505	2763656
b5f72af47974a87ea2a07b1647f2eb9a	gi|2363082625|ref|NR_179559.1|	87.104	442	55	2	6	446	333	773	6.21e-141	499	1871018
d47dc3f396e0605d3b3c9ee5acae9333	gi|645321636|ref|NR_118554.1|	93.002	443	31	0	6	448	329	771	0.0	647	1297617
d47dc3f396e0605d3b3c9ee5acae9333	gi|2363082352|ref|NR_179423.1|	92.809	445	28	4	6	448	349	791	0.0	641	1689270
d47dc3f396e0605d3b3c9ee5acae9333	gi|2363082326|ref|NR_179410.1|	92.777	443	32	0	6	448	349	791	0.0	641	1650661
d47dc3f396e0605d3b3c9ee5acae9333	gi|1109168025|ref|NR_144611.1|	92.325	443	34	0	6	448	282	724	2.12e-180	630	1417852
d47dc3f396e0605d3b3c9ee5acae9333	gi|2136551692|ref|NR_173697.1|	92.325	443	33	1	6	448	349	790	7.63e-180	628	2108523
d47dc3f396e0605d3b3c9ee5acae9333	gi|3030611324|ref|NR_200000.1|	92.099	443	35	0	6	448	301	743	9.87e-179	625	3342383
d47dc3f396e0605d3b3c9ee5acae9333	gi|3030611323|ref|NR_199999.1|	92.099	443	35	0	6	448	301	743	9.87e-179	625	3133422
d47dc3f396e0605d3b3c9ee5acae9333	gi|1193829127|ref|NR_147370.1|	92.099	443	35	0	6	448	349	791	9.87e-179	625	1870988
d47dc3f396e0605d3b3c9ee5acae9333	gi|2363082358|ref|NR_179426.1|	92.099	443	35	0	6	448	349	791	9.87e-179	625	1702285
d47dc3f396e0605d3b3c9ee5acae9333	gi|2363082569|ref|NR_179531.1|	92.099	443	34	1	6	448	347	788	3.55e-178	623	1852369
461fa08e4f902dccf521e12ac1d689f1	gi|631251879|ref|NR_113077.1|	97.386	459	12	0	6	464	329	787	0.0	782	454154
461fa08e4f902dccf521e12ac1d689f1	gi|343200939|ref|NR_041626.1|	97.386	459	12	0	6	464	321	779	0.0	782	762968
461fa08e4f902dccf521e12ac1d689f1	gi|631251880|ref|NR_113078.1|	92.375	459	35	0	6	464	339	797	0.0	654	454155
461fa08e4f902dccf521e12ac1d689f1	gi|343200940|ref|NR_041627.1|	92.375	459	35	0	6	464	319	777	0.0	654	762982
461fa08e4f902dccf521e12ac1d689f1	gi|2363082635|ref|NR_179564.1|	88.312	462	49	5	6	464	338	797	6.34e-156	549	1903262
461fa08e4f902dccf521e12ac1d689f1	gi|2363086250|ref|NR_181377.1|	87.879	462	51	5	6	464	343	802	1.37e-152	538	2763138
461fa08e4f902dccf521e12ac1d689f1	gi|1146059112|ref|NR_145844.1|	87.689	463	50	6	6	464	339	798	6.39e-151	532	1411144
461fa08e4f902dccf521e12ac1d689f1	gi|631252155|ref|NR_113353.1|	87.662	462	52	4	6	464	338	797	6.39e-151	532	28119
461fa08e4f902dccf521e12ac1d689f1	gi|1116030289|ref|NR_144747.1|	86.825	463	54	5	6	464	337	796	2.99e-144	510	1841865
461fa08e4f902dccf521e12ac1d689f1	gi|2363086254|ref|NR_181379.1|	86.853	464	52	7	6	464	341	800	2.99e-144	510	2725562
daeed7eb1bae9e93eb2f1d764f5d8226	gi|2363085097|ref|NR_180797.1|	96.825	441	12	2	6	445	346	785	0.0	736	2605778
daeed7eb1bae9e93eb2f1d764f5d8226	gi|2363082679|ref|NR_179587.1|	95.455	440	20	0	6	445	328	767	0.0	702	1926283
daeed7eb1bae9e93eb2f1d764f5d8226	gi|2363081854|ref|NR_179173.1|	95.455	440	20	0	6	445	333	772	0.0	702	2126740
daeed7eb1bae9e93eb2f1d764f5d8226	gi|2363086234|ref|NR_181369.1|	95.249	442	17	4	6	445	335	774	0.0	697	2784388
daeed7eb1bae9e93eb2f1d764f5d8226	gi|1193829153|ref|NR_147396.1|	95.000	440	22	0	6	445	328	767	0.0	691	1917870
daeed7eb1bae9e93eb2f1d764f5d8226	gi|631253128|ref|NR_114326.1|	95.023	442	18	4	6	445	334	773	0.0	691	1150298
daeed7eb1bae9e93eb2f1d764f5d8226	gi|645321072|ref|NR_118128.1|	95.023	442	18	4	6	445	174	613	0.0	691	1531
daeed7eb1bae9e93eb2f1d764f5d8226	gi|631252212|ref|NR_113410.1|	95.023	442	18	4	6	445	257	696	0.0	691	208479
daeed7eb1bae9e93eb2f1d764f5d8226	gi|343201474|ref|NR_042200.1|	95.034	443	16	6	6	445	318	757	0.0	691	333367
daeed7eb1bae9e93eb2f1d764f5d8226	gi|219878428|ref|NR_025567.1|	95.023	442	18	4	6	445	348	787	0.0	691	208479
8b981b0cf708c6d12047689e3f204a07	gi|444303953|ref|NR_074376.1|	98.696	460	6	0	6	465	351	810	0.0	817	435591
8b981b0cf708c6d12047689e3f204a07	gi|343200655|ref|NR_041342.1|	97.826	460	10	0	6	465	336	795	0.0	795	823
8b981b0cf708c6d12047689e3f204a07	gi|2363082619|ref|NR_179556.1|	93.261	460	31	0	6	465	316	775	0.0	678	1871013
8b981b0cf708c6d12047689e3f204a07	gi|1811131517|ref|NR_165699.1|	93.043	460	32	0	6	465	336	795	0.0	673	2685834
8b981b0cf708c6d12047689e3f204a07	gi|2363086049|ref|NR_181277.1|	92.609	460	34	0	6	465	309	768	0.0	662	2753162
8b981b0cf708c6d12047689e3f204a07	gi|631251637|ref|NR_112835.1|	92.609	460	33	1	6	465	336	794	0.0	660	574930
8b981b0cf708c6d12047689e3f204a07	gi|2363082715|ref|NR_179605.1|	92.391	460	35	0	6	465	316	775	0.0	656	1944636
8b981b0cf708c6d12047689e3f204a07	gi|974142265|ref|NR_134785.1|	92.391	460	35	0	6	465	336	795	0.0	656	1217282
8b981b0cf708c6d12047689e3f204a07	gi|343200777|ref|NR_041464.1|	92.391	460	35	0	6	465	340	799	0.0	656	387661
8b981b0cf708c6d12047689e3f204a07	gi|343200656|ref|NR_041343.1|	92.391	460	35	0	6	465	340	799	0.0	656	46503
ffe6a9e2c1390a17b13d9a9256cc3b61	gi|2363082841|ref|NR_179669.1|	99.570	465	2	0	6	470	360	824	0.0	848	2161821
ffe6a9e2c1390a17b13d9a9256cc3b61	gi|2363082109|ref|NR_179301.1|	99.570	465	2	0	6	470	344	808	0.0	848	2582419
ffe6a9e2c1390a17b13d9a9256cc3b61	gi|343200979|ref|NR_041666.1|	96.559	465	16	0	6	470	336	800	0.0	771	742743
ffe6a9e2c1390a17b13d9a9256cc3b61	gi|343198671|ref|NR_043231.1|	95.279	466	20	2	6	470	283	747	0.0	737	308994
ffe6a9e2c1390a17b13d9a9256cc3b61	gi|631252159|ref|NR_113357.1|	95.075	467	20	3	6	470	356	821	0.0	732	308994
ffe6a9e2c1390a17b13d9a9256cc3b61	gi|631252158|ref|NR_113356.1|	94.194	465	26	1	6	470	355	818	0.0	708	309120
ffe6a9e2c1390a17b13d9a9256cc3b61	gi|343198462|ref|NR_041895.1|	94.194	465	26	1	6	470	296	759	0.0	708	888062
ffe6a9e2c1390a17b13d9a9256cc3b61	gi|631252157|ref|NR_113355.1|	94.004	467	24	4	6	470	356	820	0.0	704	218538
ffe6a9e2c1390a17b13d9a9256cc3b61	gi|219846090|ref|NR_025680.1|	94.004	467	24	4	6	470	336	800	0.0	704	592028
ffe6a9e2c1390a17b13d9a9256cc3b61	gi|219846637|ref|NR_026229.1|	92.291	467	32	4	6	470	336	800	0.0	660	39950
cf8242dca694f532f3ff38e435e9ab6a	gi|219857539|ref|NR_025127.1|	95.475	442	20	0	6	447	345	786	0.0	706	140626
cf8242dca694f532f3ff38e435e9ab6a	gi|2363085153|ref|NR_180825.1|	94.796	442	22	1	6	447	347	787	0.0	688	2605790
cf8242dca694f532f3ff38e435e9ab6a	gi|2363082059|ref|NR_179276.1|	94.820	444	17	4	6	447	334	773	0.0	688	2316025
cf8242dca694f532f3ff38e435e9ab6a	gi|2363085149|ref|NR_180823.1|	94.570	442	22	1	6	447	357	796	0.0	682	2606634
cf8242dca694f532f3ff38e435e9ab6a	gi|2363085103|ref|NR_180800.1|	94.570	442	22	1	6	447	347	786	0.0	682	2652274
cf8242dca694f532f3ff38e435e9ab6a	gi|1116030273|ref|NR_144731.1|	94.570	442	22	1	6	447	347	786	0.0	682	1720294
cf8242dca694f532f3ff38e435e9ab6a	gi|602270486|ref|NR_036869.2|	94.582	443	20	3	6	447	342	781	0.0	682	84037
cf8242dca694f532f3ff38e435e9ab6a	gi|631253128|ref|NR_114326.1|	94.570	442	22	1	6	447	334	773	0.0	682	1150298
cf8242dca694f532f3ff38e435e9ab6a	gi|645321373|ref|NR_118354.1|	94.582	443	20	3	6	447	342	781	0.0	682	84037
cf8242dca694f532f3ff38e435e9ab6a	gi|2363086284|ref|NR_181394.1|	94.570	442	22	1	6	447	306	745	0.0	682	2763668
fa6a6fedb80c7f0ad342210d4c338518	gi|2621112340|ref|NR_189244.1|	95.475	442	20	0	6	447	363	804	0.0	706	3046382
fa6a6fedb80c7f0ad342210d4c338518	gi|2621112341|ref|NR_189245.1|	95.249	442	21	0	6	447	363	804	0.0	701	3046383
fa6a6fedb80c7f0ad342210d4c338518	gi|636559633|ref|NR_115693.1|	88.565	446	42	8	6	447	442	882	6.14e-151	532	694434
fa6a6fedb80c7f0ad342210d4c338518	gi|636559632|ref|NR_115692.1|	88.565	446	42	8	6	447	442	882	6.14e-151	532	694434
fa6a6fedb80c7f0ad342210d4c338518	gi|636559631|ref|NR_115691.1|	88.565	446	42	8	6	447	436	876	6.14e-151	532	694434
fa6a6fedb80c7f0ad342210d4c338518	gi|636559630|ref|NR_115690.1|	88.565	446	42	8	6	447	448	888	6.14e-151	532	694434
fa6a6fedb80c7f0ad342210d4c338518	gi|343198739|ref|NR_043559.1|	88.565	446	42	8	6	447	447	887	6.14e-151	532	694434
fa6a6fedb80c7f0ad342210d4c338518	gi|2363081417|ref|NR_178955.1|	86.517	445	55	5	6	447	288	730	1.74e-136	484	1851429
fa6a6fedb80c7f0ad342210d4c338518	gi|631251702|ref|NR_112900.1|	86.577	447	51	9	6	447	341	783	1.74e-136	484	626937
fa6a6fedb80c7f0ad342210d4c338518	gi|1116030284|ref|NR_144742.1|	86.099	446	55	7	6	447	352	794	3.77e-133	473	1805714
087ff3f5659dfc31ac31b7454c93e4a3	gi|631252118|ref|NR_113316.1|	99.546	441	2	0	6	446	327	767	0.0	804	74426
087ff3f5659dfc31ac31b7454c93e4a3	gi|265678302|ref|NR_028604.1|	98.639	441	5	1	6	446	327	766	0.0	780	74426
087ff3f5659dfc31ac31b7454c93e4a3	gi|1193829136|ref|NR_147379.1|	96.833	442	11	3	6	446	328	767	0.0	736	1907654
087ff3f5659dfc31ac31b7454c93e4a3	gi|1193829156|ref|NR_147399.1|	95.918	441	17	1	6	446	328	767	0.0	713	1871016
087ff3f5659dfc31ac31b7454c93e4a3	gi|1109167962|ref|NR_144579.1|	95.465	441	19	1	6	446	322	761	0.0	702	1232426
087ff3f5659dfc31ac31b7454c93e4a3	gi|2363082368|ref|NR_179431.1|	95.238	441	20	1	6	446	328	767	0.0	697	1720204
087ff3f5659dfc31ac31b7454c93e4a3	gi|631251967|ref|NR_113165.1|	95.238	441	20	1	6	446	328	767	0.0	697	147207
087ff3f5659dfc31ac31b7454c93e4a3	gi|631251966|ref|NR_113164.1|	95.238	441	20	1	6	446	328	767	0.0	697	147206
087ff3f5659dfc31ac31b7454c93e4a3	gi|2363084792|ref|NR_180644.1|	95.011	441	21	1	6	446	249	688	0.0	693	2603815
087ff3f5659dfc31ac31b7454c93e4a3	gi|2363082703|ref|NR_179599.1|	94.796	442	20	3	6	446	308	747	0.0	686	1937461
8fb3aaddf6303323729dc47aa29aacaf	gi|645320588|ref|NR_117758.1|	99.548	442	2	0	6	447	322	763	0.0	806	166486
8fb3aaddf6303323729dc47aa29aacaf	gi|228716944|ref|NR_027557.1|	99.548	442	2	0	6	447	343	784	0.0	806	536231
8fb3aaddf6303323729dc47aa29aacaf	gi|444439494|ref|NR_074809.1|	99.095	442	3	1	6	447	350	790	0.0	793	585394
8fb3aaddf6303323729dc47aa29aacaf	gi|343201282|ref|NR_042008.1|	98.869	442	3	2	6	447	341	780	0.0	787	585394
8fb3aaddf6303323729dc47aa29aacaf	gi|343198540|ref|NR_042832.1|	98.643	442	5	1	6	447	330	770	0.0	782	301302
8fb3aaddf6303323729dc47aa29aacaf	gi|1227086116|ref|NR_148619.1|	98.194	443	6	2	6	447	301	742	0.0	773	1712665
8fb3aaddf6303323729dc47aa29aacaf	gi|343201281|ref|NR_042007.1|	97.748	444	6	4	6	447	343	784	0.0	761	622312
8fb3aaddf6303323729dc47aa29aacaf	gi|2363085153|ref|NR_180825.1|	97.511	442	10	1	6	447	347	787	0.0	754	2605790
8fb3aaddf6303323729dc47aa29aacaf	gi|444304209|ref|NR_074634.1|	97.511	442	9	1	6	447	350	789	0.0	754	515619
8fb3aaddf6303323729dc47aa29aacaf	gi|2363086282|ref|NR_181393.1|	97.285	442	10	1	6	447	290	729	0.0	749	2763664
1b972759138413d05878ac2d5bac9c85	gi|343200677|ref|NR_041364.1|	99.565	460	2	0	6	465	337	796	0.0	839	1002367
1b972759138413d05878ac2d5bac9c85	gi|631251898|ref|NR_113096.1|	92.174	460	36	0	6	465	339	798	0.0	651	28125
1b972759138413d05878ac2d5bac9c85	gi|2363080041|ref|NR_178237.1|	91.775	462	34	4	6	465	330	789	0.0	640	2801997
1b972759138413d05878ac2d5bac9c85	gi|631252122|ref|NR_113320.1|	91.757	461	36	2	6	465	339	798	0.0	640	1236516
1b972759138413d05878ac2d5bac9c85	gi|631251924|ref|NR_113122.1|	91.775	462	34	4	6	465	339	798	0.0	640	185294
1b972759138413d05878ac2d5bac9c85	gi|636560772|ref|NR_116832.1|	91.757	461	36	2	6	465	319	778	0.0	640	1236516
1b972759138413d05878ac2d5bac9c85	gi|343206049|ref|NR_044629.1|	91.304	460	40	0	6	465	346	805	0.0	634	28125
1b972759138413d05878ac2d5bac9c85	gi|343200237|ref|NR_040924.1|	91.558	462	34	5	6	465	319	777	0.0	632	185294
1b972759138413d05878ac2d5bac9c85	gi|631251894|ref|NR_113092.1|	91.361	463	34	5	6	465	329	788	7.93e-180	628	77768
1b972759138413d05878ac2d5bac9c85	gi|219857187|ref|NR_024815.1|	91.342	462	36	4	6	465	339	798	7.93e-180	628	228603
4103fc2de45c6e81fa86e310e07bde79	gi|1811131545|ref|NR_165727.1|	99.550	444	2	0	6	449	358	801	0.0	809	2358141
4103fc2de45c6e81fa86e310e07bde79	gi|219846061|ref|NR_025651.1|	95.270	444	20	1	6	449	350	792	0.0	702	160404
4103fc2de45c6e81fa86e310e07bde79	gi|1445136073|ref|NR_158113.1|	94.607	445	21	3	6	449	328	770	0.0	686	433287
4103fc2de45c6e81fa86e310e07bde79	gi|631252210|ref|NR_113408.1|	93.694	444	27	1	6	449	351	793	0.0	664	28446
4103fc2de45c6e81fa86e310e07bde79	gi|2621112349|ref|NR_189253.1|	93.468	444	29	0	6	449	345	788	0.0	660	2918914
4103fc2de45c6e81fa86e310e07bde79	gi|265678961|ref|NR_029269.1|	93.468	444	27	2	6	449	350	791	0.0	658	28446
4103fc2de45c6e81fa86e310e07bde79	gi|219846558|ref|NR_026150.1|	93.243	444	28	2	6	449	350	791	0.0	652	36847
4103fc2de45c6e81fa86e310e07bde79	gi|645320791|ref|NR_117912.1|	93.018	444	30	1	6	449	325	767	0.0	647	879970
4103fc2de45c6e81fa86e310e07bde79	gi|1397641803|ref|NR_156912.1|	92.793	444	31	1	6	449	307	749	0.0	641	1450156
4103fc2de45c6e81fa86e310e07bde79	gi|1230874676|ref|NR_148837.1|	92.584	445	27	4	6	449	347	786	0.0	634	1675854
874ae3d736c1a244c681dbb4c07bd99f	gi|559795255|ref|NR_104846.1|	96.136	440	17	0	6	445	288	727	0.0	719	745368
874ae3d736c1a244c681dbb4c07bd99f	gi|3030611269|ref|NR_199945.1|	95.682	440	19	0	6	445	335	774	0.0	708	3435293
874ae3d736c1a244c681dbb4c07bd99f	gi|265678692|ref|NR_028997.1|	95.238	441	20	1	6	445	303	743	0.0	697	214851
874ae3d736c1a244c681dbb4c07bd99f	gi|265678656|ref|NR_028961.1|	95.227	440	21	0	6	445	327	766	0.0	697	853
874ae3d736c1a244c681dbb4c07bd99f	gi|2363081451|ref|NR_178972.1|	95.000	440	22	0	6	445	285	724	0.0	691	1851428
874ae3d736c1a244c681dbb4c07bd99f	gi|2363080123|ref|NR_178280.1|	95.000	440	22	0	6	445	331	770	0.0	691	411483
874ae3d736c1a244c681dbb4c07bd99f	gi|2363081449|ref|NR_178971.1|	94.773	440	22	1	6	445	285	723	0.0	684	1851427
874ae3d736c1a244c681dbb4c07bd99f	gi|2363082282|ref|NR_179388.1|	94.331	441	23	2	6	445	335	774	0.0	675	2935520
874ae3d736c1a244c681dbb4c07bd99f	gi|2363084747|ref|NR_180622.1|	93.651	441	26	2	6	445	335	774	0.0	658	2779354
874ae3d736c1a244c681dbb4c07bd99f	gi|2363082356|ref|NR_179425.1|	93.636	440	28	0	6	445	351	790	0.0	658	1689304
27a13d0b597c694ea73197387e56e1f2	gi|2363082841|ref|NR_179669.1|	98.925	465	5	0	6	470	360	824	0.0	832	2161821
27a13d0b597c694ea73197387e56e1f2	gi|2363082109|ref|NR_179301.1|	98.925	465	5	0	6	470	344	808	0.0	832	2582419
27a13d0b597c694ea73197387e56e1f2	gi|343200979|ref|NR_041666.1|	95.914	465	19	0	6	470	336	800	0.0	754	742743
27a13d0b597c694ea73197387e56e1f2	gi|343198671|ref|NR_043231.1|	94.635	466	23	2	6	470	283	747	0.0	721	308994
27a13d0b597c694ea73197387e56e1f2	gi|631252159|ref|NR_113357.1|	94.433	467	23	3	6	470	356	821	0.0	715	308994
27a13d0b597c694ea73197387e56e1f2	gi|631252158|ref|NR_113356.1|	93.548	465	29	1	6	470	355	818	0.0	691	309120
27a13d0b597c694ea73197387e56e1f2	gi|343198462|ref|NR_041895.1|	93.548	465	29	1	6	470	296	759	0.0	691	888062
27a13d0b597c694ea73197387e56e1f2	gi|631252157|ref|NR_113355.1|	93.362	467	27	4	6	470	356	820	0.0	688	218538
27a13d0b597c694ea73197387e56e1f2	gi|219846090|ref|NR_025680.1|	93.362	467	27	4	6	470	336	800	0.0	688	592028
27a13d0b597c694ea73197387e56e1f2	gi|631252179|ref|NR_113377.1|	91.720	471	27	11	6	470	353	817	0.0	643	103892
8f9d1aa4a6d265a7ac76fa14b506eb5a	gi|2363085153|ref|NR_180825.1|	97.291	443	10	1	6	448	347	787	0.0	750	2605790
8f9d1aa4a6d265a7ac76fa14b506eb5a	gi|343198540|ref|NR_042832.1|	97.291	443	10	1	6	448	330	770	0.0	750	301302
8f9d1aa4a6d265a7ac76fa14b506eb5a	gi|645320588|ref|NR_117758.1|	96.840	443	13	1	6	448	322	763	0.0	739	166486
8f9d1aa4a6d265a7ac76fa14b506eb5a	gi|228716944|ref|NR_027557.1|	96.840	443	13	1	6	448	343	784	0.0	739	536231
8f9d1aa4a6d265a7ac76fa14b506eb5a	gi|2363085149|ref|NR_180823.1|	96.840	443	11	1	6	448	357	796	0.0	737	2606634
8f9d1aa4a6d265a7ac76fa14b506eb5a	gi|444439494|ref|NR_074809.1|	96.388	443	14	1	6	448	350	790	0.0	728	585394
8f9d1aa4a6d265a7ac76fa14b506eb5a	gi|444304209|ref|NR_074634.1|	96.388	443	13	1	6	448	350	789	0.0	726	515619
8f9d1aa4a6d265a7ac76fa14b506eb5a	gi|2363086282|ref|NR_181393.1|	96.388	443	13	1	6	448	290	729	0.0	726	2763664
8f9d1aa4a6d265a7ac76fa14b506eb5a	gi|559795194|ref|NR_104783.1|	96.388	443	13	1	6	448	353	792	0.0	726	290052
8f9d1aa4a6d265a7ac76fa14b506eb5a	gi|1227086116|ref|NR_148619.1|	96.171	444	14	2	6	448	301	742	0.0	723	1712665
45228c5713d289783320718d08b823c3	gi|2363085153|ref|NR_180825.1|	96.840	443	12	1	6	448	347	787	0.0	739	2605790
45228c5713d289783320718d08b823c3	gi|343198540|ref|NR_042832.1|	96.840	443	12	1	6	448	330	770	0.0	739	301302
45228c5713d289783320718d08b823c3	gi|645320588|ref|NR_117758.1|	96.388	443	15	1	6	448	322	763	0.0	728	166486
45228c5713d289783320718d08b823c3	gi|228716944|ref|NR_027557.1|	96.388	443	15	1	6	448	343	784	0.0	728	536231
45228c5713d289783320718d08b823c3	gi|2363085149|ref|NR_180823.1|	96.388	443	13	1	6	448	357	796	0.0	726	2606634
45228c5713d289783320718d08b823c3	gi|444439494|ref|NR_074809.1|	95.937	443	16	1	6	448	350	790	0.0	717	585394
45228c5713d289783320718d08b823c3	gi|444304209|ref|NR_074634.1|	95.937	443	15	1	6	448	350	789	0.0	715	515619
45228c5713d289783320718d08b823c3	gi|2363086282|ref|NR_181393.1|	95.937	443	15	1	6	448	290	729	0.0	715	2763664
45228c5713d289783320718d08b823c3	gi|559795194|ref|NR_104783.1|	95.937	443	15	1	6	448	353	792	0.0	715	290052
45228c5713d289783320718d08b823c3	gi|1227086116|ref|NR_148619.1|	95.721	444	16	2	6	448	301	742	0.0	712	1712665
29df8bd3d9af36f25aed6137ce0bed22	gi|631252118|ref|NR_113316.1|	99.320	441	3	0	6	446	327	767	0.0	798	74426
29df8bd3d9af36f25aed6137ce0bed22	gi|265678302|ref|NR_028604.1|	98.413	441	6	1	6	446	327	766	0.0	774	74426
29df8bd3d9af36f25aed6137ce0bed22	gi|1193829136|ref|NR_147379.1|	96.606	442	12	3	6	446	328	767	0.0	730	1907654
29df8bd3d9af36f25aed6137ce0bed22	gi|1193829156|ref|NR_147399.1|	95.692	441	18	1	6	446	328	767	0.0	708	1871016
29df8bd3d9af36f25aed6137ce0bed22	gi|1109167962|ref|NR_144579.1|	95.238	441	20	1	6	446	322	761	0.0	697	1232426
29df8bd3d9af36f25aed6137ce0bed22	gi|2363082368|ref|NR_179431.1|	95.011	441	21	1	6	446	328	767	0.0	691	1720204
29df8bd3d9af36f25aed6137ce0bed22	gi|631251967|ref|NR_113165.1|	95.011	441	21	1	6	446	328	767	0.0	691	147207
29df8bd3d9af36f25aed6137ce0bed22	gi|631251966|ref|NR_113164.1|	95.011	441	21	1	6	446	328	767	0.0	691	147206
29df8bd3d9af36f25aed6137ce0bed22	gi|2363084792|ref|NR_180644.1|	94.785	441	22	1	6	446	249	688	0.0	688	2603815
29df8bd3d9af36f25aed6137ce0bed22	gi|2363082703|ref|NR_179599.1|	94.570	442	21	3	6	446	308	747	0.0	680	1937461
f83e356c1a30050e2d9440ea9ce55046	gi|559795314|ref|NR_104907.1|	92.308	442	33	1	6	447	315	755	2.74e-179	627	290054
f83e356c1a30050e2d9440ea9ce55046	gi|2136551683|ref|NR_173688.1|	90.950	442	38	2	6	447	321	760	2.78e-169	593	2780922
f83e356c1a30050e2d9440ea9ce55046	gi|444303976|ref|NR_074399.1|	90.498	442	40	1	6	447	333	772	6.01e-166	582	697329
f83e356c1a30050e2d9440ea9ce55046	gi|631251834|ref|NR_113032.1|	90.498	442	40	1	6	447	333	772	6.01e-166	582	1264
f83e356c1a30050e2d9440ea9ce55046	gi|636559173|ref|NR_115230.1|	90.498	442	40	1	6	447	333	772	6.01e-166	582	697329
f83e356c1a30050e2d9440ea9ce55046	gi|219846339|ref|NR_025929.1|	90.498	442	40	1	6	447	328	767	6.01e-166	582	697329
f83e356c1a30050e2d9440ea9ce55046	gi|1277396348|ref|NR_152059.1|	90.315	444	39	4	6	447	272	713	7.78e-165	579	1849041
f83e356c1a30050e2d9440ea9ce55046	gi|2363082561|ref|NR_179527.1|	90.315	444	39	4	6	447	336	777	7.78e-165	579	1841868
f83e356c1a30050e2d9440ea9ce55046	gi|2363082601|ref|NR_179547.1|	90.068	443	40	4	6	447	347	786	1.30e-162	571	1870991
f83e356c1a30050e2d9440ea9ce55046	gi|2136551692|ref|NR_173697.1|	89.819	442	45	0	6	447	349	790	1.68e-161	568	2108523
735ff11e390f69225731877d8f25be95	gi|1109168025|ref|NR_144611.1|	93.002	443	31	0	6	448	282	724	0.0	647	1417852
735ff11e390f69225731877d8f25be95	gi|2363082168|ref|NR_179330.1|	93.018	444	28	3	6	448	327	768	0.0	645	2714355
735ff11e390f69225731877d8f25be95	gi|2363082165|ref|NR_179329.1|	92.793	444	29	3	6	448	327	768	0.0	640	2714353
735ff11e390f69225731877d8f25be95	gi|343206380|ref|NR_044972.1|	92.342	444	32	2	6	448	331	773	0.0	634	44749
735ff11e390f69225731877d8f25be95	gi|3030611324|ref|NR_200000.1|	91.667	444	35	2	6	448	301	743	2.14e-175	614	3342383
735ff11e390f69225731877d8f25be95	gi|2363082342|ref|NR_179418.1|	91.667	444	35	2	6	448	348	790	2.14e-175	614	1673721
735ff11e390f69225731877d8f25be95	gi|219857437|ref|NR_025025.1|	91.441	444	34	4	6	448	332	772	7.68e-175	612	100176
735ff11e390f69225731877d8f25be95	gi|2363082352|ref|NR_179423.1|	91.480	446	32	6	6	448	349	791	9.94e-174	608	1689270
735ff11e390f69225731877d8f25be95	gi|645321636|ref|NR_118554.1|	91.461	445	34	4	6	448	329	771	9.94e-174	608	1297617
735ff11e390f69225731877d8f25be95	gi|2363083800|ref|NR_180148.1|	90.991	444	38	2	6	448	349	791	2.15e-170	597	2211183
857f2a75ad4b47f6f23c6009da823558	gi|631252213|ref|NR_113411.1|	97.826	460	10	0	6	465	341	800	0.0	795	537011
857f2a75ad4b47f6f23c6009da823558	gi|343200190|ref|NR_040877.1|	97.609	460	11	0	6	465	341	800	0.0	791	537011
857f2a75ad4b47f6f23c6009da823558	gi|2363084409|ref|NR_180452.1|	96.522	460	16	0	6	465	321	780	0.0	761	2518605
857f2a75ad4b47f6f23c6009da823558	gi|631251922|ref|NR_113120.1|	92.873	463	27	6	6	465	339	798	0.0	667	28136
857f2a75ad4b47f6f23c6009da823558	gi|631251907|ref|NR_113105.1|	92.888	464	25	7	6	465	329	788	0.0	667	470565
857f2a75ad4b47f6f23c6009da823558	gi|343199048|ref|NR_044407.1|	92.888	464	25	7	6	465	321	780	0.0	667	470565
857f2a75ad4b47f6f23c6009da823558	gi|631253107|ref|NR_114305.1|	92.625	461	32	2	6	465	341	800	0.0	662	1236518
857f2a75ad4b47f6f23c6009da823558	gi|265678842|ref|NR_029147.1|	92.641	462	30	4	6	465	344	803	0.0	662	28136
857f2a75ad4b47f6f23c6009da823558	gi|636560666|ref|NR_116726.1|	92.625	461	32	2	6	465	321	780	0.0	662	1236518
857f2a75ad4b47f6f23c6009da823558	gi|566085557|ref|NR_109628.1|	92.457	464	27	8	6	465	322	781	0.0	656	1177574
405c4db0ebc667f3375a9db3ca4026cd	gi|2621112340|ref|NR_189244.1|	93.034	445	26	5	6	448	363	804	0.0	645	3046382
405c4db0ebc667f3375a9db3ca4026cd	gi|2621112341|ref|NR_189245.1|	92.809	445	27	5	6	448	363	804	0.0	640	3046383
405c4db0ebc667f3375a9db3ca4026cd	gi|2363086262|ref|NR_181383.1|	89.238	446	43	5	6	448	307	750	4.72e-157	553	2763654
405c4db0ebc667f3375a9db3ca4026cd	gi|2363086268|ref|NR_181386.1|	88.989	445	45	4	6	448	303	745	2.20e-155	547	2763655
405c4db0ebc667f3375a9db3ca4026cd	gi|343205970|ref|NR_044489.1|	87.162	444	55	2	6	448	336	778	4.83e-142	503	857293
405c4db0ebc667f3375a9db3ca4026cd	gi|1491509619|ref|NR_159150.1|	87.191	445	52	4	6	448	350	791	1.74e-141	501	489973
405c4db0ebc667f3375a9db3ca4026cd	gi|1491509615|ref|NR_159146.1|	86.937	444	55	3	6	448	348	789	8.07e-140	496	1715347
405c4db0ebc667f3375a9db3ca4026cd	gi|645320205|ref|NR_117466.1|	86.937	444	55	3	6	448	332	773	8.07e-140	496	699281
405c4db0ebc667f3375a9db3ca4026cd	gi|343199076|ref|NR_044503.1|	87.025	447	47	8	6	448	450	889	2.90e-139	494	520762
405c4db0ebc667f3375a9db3ca4026cd	gi|559795176|ref|NR_104765.1|	86.712	444	57	2	6	448	323	765	1.04e-138	492	108007
5e6d5d2914cc8183266a56225ce90b2e	gi|343200656|ref|NR_041343.1|	99.348	460	3	0	6	465	340	799	0.0	833	46503
5e6d5d2914cc8183266a56225ce90b2e	gi|645322411|ref|NR_119166.1|	99.130	460	4	0	6	465	319	778	0.0	830	411477
5e6d5d2914cc8183266a56225ce90b2e	gi|343200777|ref|NR_041464.1|	97.391	460	12	0	6	465	340	799	0.0	784	387661
5e6d5d2914cc8183266a56225ce90b2e	gi|2363083816|ref|NR_180156.1|	96.522	460	16	0	6	465	291	750	0.0	761	2290935
5e6d5d2914cc8183266a56225ce90b2e	gi|2363086049|ref|NR_181277.1|	96.087	460	18	0	6	465	309	768	0.0	750	2753162
5e6d5d2914cc8183266a56225ce90b2e	gi|631251878|ref|NR_113076.1|	95.879	461	17	2	6	465	324	783	0.0	745	927665
5e6d5d2914cc8183266a56225ce90b2e	gi|343202832|ref|NR_043317.1|	95.879	461	17	2	6	465	284	743	0.0	745	328812
5e6d5d2914cc8183266a56225ce90b2e	gi|1811131517|ref|NR_165699.1|	95.435	460	21	0	6	465	336	795	0.0	734	2685834
5e6d5d2914cc8183266a56225ce90b2e	gi|2363082715|ref|NR_179605.1|	95.445	461	19	2	6	465	316	775	0.0	734	1944636
5e6d5d2914cc8183266a56225ce90b2e	gi|2363082619|ref|NR_179556.1|	95.217	460	22	0	6	465	316	775	0.0	728	1871013
322cef92b54fcf746504ee05178f1dc8	gi|444303953|ref|NR_074376.1|	99.130	460	4	0	6	465	351	810	0.0	828	435591
322cef92b54fcf746504ee05178f1dc8	gi|343200655|ref|NR_041342.1|	98.261	460	8	0	6	465	336	795	0.0	806	823
322cef92b54fcf746504ee05178f1dc8	gi|1811131517|ref|NR_165699.1|	93.478	460	30	0	6	465	336	795	0.0	684	2685834
322cef92b54fcf746504ee05178f1dc8	gi|2363082619|ref|NR_179556.1|	93.261	460	31	0	6	465	316	775	0.0	678	1871013
322cef92b54fcf746504ee05178f1dc8	gi|631251637|ref|NR_112835.1|	92.609	460	33	1	6	465	336	794	0.0	660	574930
322cef92b54fcf746504ee05178f1dc8	gi|2363082715|ref|NR_179605.1|	92.391	460	35	0	6	465	316	775	0.0	656	1944636
322cef92b54fcf746504ee05178f1dc8	gi|2363086049|ref|NR_181277.1|	92.174	460	36	0	6	465	309	768	0.0	651	2753162
322cef92b54fcf746504ee05178f1dc8	gi|974142265|ref|NR_134785.1|	92.174	460	36	0	6	465	336	795	0.0	651	1217282
322cef92b54fcf746504ee05178f1dc8	gi|631252010|ref|NR_113208.1|	91.957	460	37	0	6	465	336	795	0.0	645	871327
322cef92b54fcf746504ee05178f1dc8	gi|343200777|ref|NR_041464.1|	91.957	460	37	0	6	465	340	799	0.0	645	387661
21bfb9f13f8ec50b19b382a2d4ca7262	gi|2363082168|ref|NR_179330.1|	90.745	443	40	1	6	448	327	768	3.60e-168	590	2714355
21bfb9f13f8ec50b19b382a2d4ca7262	gi|2363082165|ref|NR_179329.1|	90.562	445	37	5	6	448	327	768	1.68e-166	584	2714353
21bfb9f13f8ec50b19b382a2d4ca7262	gi|2363082342|ref|NR_179418.1|	90.315	444	41	2	6	448	348	790	2.17e-165	580	1673721
21bfb9f13f8ec50b19b382a2d4ca7262	gi|343206380|ref|NR_044972.1|	89.865	444	43	2	6	448	331	773	3.63e-163	573	44749
21bfb9f13f8ec50b19b382a2d4ca7262	gi|1109168025|ref|NR_144611.1|	89.842	443	45	0	6	448	282	724	4.69e-162	569	1417852
21bfb9f13f8ec50b19b382a2d4ca7262	gi|444304204|ref|NR_074629.1|	89.865	444	43	2	6	448	341	783	4.69e-162	569	1515
21bfb9f13f8ec50b19b382a2d4ca7262	gi|631251959|ref|NR_113157.1|	89.865	444	43	2	6	448	341	783	4.69e-162	569	1515
21bfb9f13f8ec50b19b382a2d4ca7262	gi|645321636|ref|NR_118554.1|	89.663	445	42	4	6	448	329	771	2.18e-160	564	1297617
21bfb9f13f8ec50b19b382a2d4ca7262	gi|219857201|ref|NR_024829.1|	89.640	444	44	2	6	448	321	763	2.18e-160	564	253314
21bfb9f13f8ec50b19b382a2d4ca7262	gi|3030611324|ref|NR_200000.1|	89.414	444	45	2	6	448	301	743	1.02e-158	558	3342383
a715fdd49e597e5bb467a12b1c626c64	gi|444304091|ref|NR_074515.1|	98.698	461	4	2	6	465	350	809	0.0	817	435590
a715fdd49e597e5bb467a12b1c626c64	gi|631251748|ref|NR_112946.1|	98.698	461	4	2	6	465	339	798	0.0	817	821
a715fdd49e597e5bb467a12b1c626c64	gi|343200664|ref|NR_041351.1|	98.478	460	7	0	6	465	341	800	0.0	811	357276
a715fdd49e597e5bb467a12b1c626c64	gi|631250946|ref|NR_112143.1|	98.482	461	5	2	6	465	307	766	0.0	811	821
a715fdd49e597e5bb467a12b1c626c64	gi|631251997|ref|NR_113195.1|	93.696	460	29	0	6	465	338	797	0.0	689	1236515
a715fdd49e597e5bb467a12b1c626c64	gi|631251866|ref|NR_113064.1|	93.478	460	30	0	6	465	338	797	0.0	684	1236538
a715fdd49e597e5bb467a12b1c626c64	gi|631251817|ref|NR_113015.1|	93.478	460	30	0	6	465	338	797	0.0	684	1236538
a715fdd49e597e5bb467a12b1c626c64	gi|645320081|ref|NR_117373.1|	93.478	460	30	0	6	465	289	748	0.0	684	1236515
a715fdd49e597e5bb467a12b1c626c64	gi|2363085522|ref|NR_181010.1|	93.043	460	32	0	6	465	297	756	0.0	673	2786956
a715fdd49e597e5bb467a12b1c626c64	gi|2363082773|ref|NR_179635.1|	93.043	460	32	0	6	465	338	797	0.0	673	2024197
193de06ec5b42f490578999524b9e382	gi|3030611230|ref|NR_199906.1|	97.500	440	11	0	6	445	354	793	0.0	752	3123317
193de06ec5b42f490578999524b9e382	gi|3030611314|ref|NR_199990.1|	97.500	440	11	0	6	445	350	789	0.0	752	3123317
193de06ec5b42f490578999524b9e382	gi|1384992331|ref|NR_156080.1|	97.500	440	11	0	6	445	336	775	0.0	752	1469948
193de06ec5b42f490578999524b9e382	gi|1384992328|ref|NR_156077.1|	97.500	440	11	0	6	445	336	775	0.0	752	1469948
193de06ec5b42f490578999524b9e382	gi|1384992332|ref|NR_156081.1|	97.273	440	12	0	6	445	336	775	0.0	747	1469948
193de06ec5b42f490578999524b9e382	gi|1384992329|ref|NR_156078.1|	97.273	440	12	0	6	445	336	775	0.0	747	1469948
193de06ec5b42f490578999524b9e382	gi|343201474|ref|NR_042200.1|	96.591	440	15	0	6	445	318	757	0.0	730	333367
193de06ec5b42f490578999524b9e382	gi|1193829153|ref|NR_147396.1|	96.372	441	14	2	6	445	328	767	0.0	725	1917870
193de06ec5b42f490578999524b9e382	gi|974142252|ref|NR_134772.1|	96.364	440	16	0	6	445	297	736	0.0	725	1337051
193de06ec5b42f490578999524b9e382	gi|343205837|ref|NR_044289.1|	96.364	440	16	0	6	445	328	767	0.0	725	460384
37afb102b31640bbad35aaf4747493fb	gi|2363082841|ref|NR_179669.1|	99.570	465	2	0	6	470	360	824	0.0	848	2161821
37afb102b31640bbad35aaf4747493fb	gi|2363082109|ref|NR_179301.1|	99.570	465	2	0	6	470	344	808	0.0	848	2582419
37afb102b31640bbad35aaf4747493fb	gi|343200979|ref|NR_041666.1|	96.559	465	16	0	6	470	336	800	0.0	771	742743
37afb102b31640bbad35aaf4747493fb	gi|343198671|ref|NR_043231.1|	95.279	466	20	2	6	470	283	747	0.0	737	308994
37afb102b31640bbad35aaf4747493fb	gi|631252159|ref|NR_113357.1|	95.075	467	20	3	6	470	356	821	0.0	732	308994
37afb102b31640bbad35aaf4747493fb	gi|631252158|ref|NR_113356.1|	94.194	465	26	1	6	470	355	818	0.0	708	309120
37afb102b31640bbad35aaf4747493fb	gi|343198462|ref|NR_041895.1|	94.194	465	26	1	6	470	296	759	0.0	708	888062
37afb102b31640bbad35aaf4747493fb	gi|631252157|ref|NR_113355.1|	94.004	467	24	4	6	470	356	820	0.0	704	218538
37afb102b31640bbad35aaf4747493fb	gi|219846090|ref|NR_025680.1|	94.004	467	24	4	6	470	336	800	0.0	704	592028
37afb102b31640bbad35aaf4747493fb	gi|219846637|ref|NR_026229.1|	92.291	467	32	4	6	470	336	800	0.0	660	39950
70bdbe1626606b52346b201f4bbac1a0	gi|2363082165|ref|NR_179329.1|	93.228	443	29	1	6	448	327	768	0.0	651	2714353
70bdbe1626606b52346b201f4bbac1a0	gi|343206380|ref|NR_044972.1|	93.002	443	31	0	6	448	331	773	0.0	651	44749
70bdbe1626606b52346b201f4bbac1a0	gi|1109168025|ref|NR_144611.1|	92.777	443	32	0	6	448	282	724	0.0	641	1417852
70bdbe1626606b52346b201f4bbac1a0	gi|645321636|ref|NR_118554.1|	92.793	444	30	2	6	448	329	771	0.0	641	1297617
70bdbe1626606b52346b201f4bbac1a0	gi|2363082342|ref|NR_179418.1|	92.551	443	33	0	6	448	348	790	0.0	636	1673721
70bdbe1626606b52346b201f4bbac1a0	gi|2363082168|ref|NR_179330.1|	92.551	443	32	1	6	448	327	768	0.0	634	2714355
70bdbe1626606b52346b201f4bbac1a0	gi|2363082352|ref|NR_179423.1|	91.892	444	34	2	6	448	349	791	4.59e-177	619	1689270
70bdbe1626606b52346b201f4bbac1a0	gi|3030611324|ref|NR_200000.1|	91.648	443	37	0	6	448	301	743	2.14e-175	614	3342383
70bdbe1626606b52346b201f4bbac1a0	gi|1193829127|ref|NR_147370.1|	91.422	443	38	0	6	448	349	791	9.94e-174	608	1870988
70bdbe1626606b52346b201f4bbac1a0	gi|2136551692|ref|NR_173697.1|	91.422	443	37	1	6	448	349	790	3.58e-173	606	2108523
b8a585f5551a5758eb80b9b1adea2dae	gi|631251734|ref|NR_112932.1|	98.696	460	6	0	6	465	328	787	0.0	817	47678
b8a585f5551a5758eb80b9b1adea2dae	gi|219846650|ref|NR_026242.1|	98.696	460	6	0	6	465	318	777	0.0	817	47678
b8a585f5551a5758eb80b9b1adea2dae	gi|631251869|ref|NR_113067.1|	96.957	460	14	0	6	465	325	784	0.0	773	1077285
b8a585f5551a5758eb80b9b1adea2dae	gi|343200626|ref|NR_041313.1|	96.957	460	14	0	6	465	340	799	0.0	773	338188
b8a585f5551a5758eb80b9b1adea2dae	gi|645320100|ref|NR_117387.1|	96.739	460	15	0	6	465	320	779	0.0	767	1077285
b8a585f5551a5758eb80b9b1adea2dae	gi|631251749|ref|NR_112947.1|	96.522	460	16	0	6	465	326	785	0.0	763	657309
b8a585f5551a5758eb80b9b1adea2dae	gi|2363084431|ref|NR_180463.1|	96.522	460	16	0	6	465	340	799	0.0	761	2650158
b8a585f5551a5758eb80b9b1adea2dae	gi|2363084421|ref|NR_180458.1|	96.522	460	16	0	6	465	340	799	0.0	761	2650157
b8a585f5551a5758eb80b9b1adea2dae	gi|343201773|ref|NR_042499.1|	96.522	460	16	0	6	465	294	753	0.0	761	657309
b8a585f5551a5758eb80b9b1adea2dae	gi|343200620|ref|NR_041307.1|	96.522	460	16	0	6	465	334	793	0.0	761	329854
dc666cc16837e66d32b2d9342cdb53a7	gi|631251875|ref|NR_113073.1|	98.913	460	5	0	6	465	329	788	0.0	822	487174
dc666cc16837e66d32b2d9342cdb53a7	gi|343200981|ref|NR_041668.1|	98.913	460	5	0	6	465	321	780	0.0	822	742726
dc666cc16837e66d32b2d9342cdb53a7	gi|1270532346|ref|NR_121773.2|	95.662	461	18	2	6	465	348	807	0.0	739	397865
dc666cc16837e66d32b2d9342cdb53a7	gi|343200821|ref|NR_041508.1|	95.445	461	18	3	6	465	325	783	0.0	732	397865
dc666cc16837e66d32b2d9342cdb53a7	gi|2136551682|ref|NR_173687.1|	90.043	462	42	4	6	465	325	784	8.05e-170	595	2751153
dc666cc16837e66d32b2d9342cdb53a7	gi|1146059151|ref|NR_145883.1|	89.610	462	44	4	6	465	284	743	1.74e-166	584	1501392
dc666cc16837e66d32b2d9342cdb53a7	gi|1116030267|ref|NR_144725.1|	89.177	462	46	4	6	465	337	796	8.10e-165	579	1686296
dc666cc16837e66d32b2d9342cdb53a7	gi|2621112336|ref|NR_189240.1|	87.716	464	49	8	6	465	342	801	1.78e-151	534	2944915
dc666cc16837e66d32b2d9342cdb53a7	gi|1909404453|ref|NR_170508.1|	87.636	461	54	3	6	465	352	810	6.40e-151	532	2518971
dc666cc16837e66d32b2d9342cdb53a7	gi|2363083455|ref|NR_179976.1|	87.527	465	47	10	6	465	289	747	2.98e-149	527	2094151
13b35469cdd16e18cacf3981598c2963	gi|2621112340|ref|NR_189244.1|	95.475	442	20	0	6	447	363	804	0.0	706	3046382
13b35469cdd16e18cacf3981598c2963	gi|2621112341|ref|NR_189245.1|	95.249	442	21	0	6	447	363	804	0.0	701	3046383
13b35469cdd16e18cacf3981598c2963	gi|636559633|ref|NR_115693.1|	88.565	446	42	8	6	447	442	882	6.14e-151	532	694434
13b35469cdd16e18cacf3981598c2963	gi|636559632|ref|NR_115692.1|	88.565	446	42	8	6	447	442	882	6.14e-151	532	694434
13b35469cdd16e18cacf3981598c2963	gi|636559631|ref|NR_115691.1|	88.565	446	42	8	6	447	436	876	6.14e-151	532	694434
13b35469cdd16e18cacf3981598c2963	gi|636559630|ref|NR_115690.1|	88.565	446	42	8	6	447	448	888	6.14e-151	532	694434
13b35469cdd16e18cacf3981598c2963	gi|343198739|ref|NR_043559.1|	88.565	446	42	8	6	447	447	887	6.14e-151	532	694434
13b35469cdd16e18cacf3981598c2963	gi|2363081417|ref|NR_178955.1|	86.517	445	55	5	6	447	288	730	1.74e-136	484	1851429
13b35469cdd16e18cacf3981598c2963	gi|631251702|ref|NR_112900.1|	86.577	447	51	9	6	447	341	783	1.74e-136	484	626937
13b35469cdd16e18cacf3981598c2963	gi|645320092|ref|NR_117381.1|	86.547	446	49	10	6	447	347	785	2.26e-135	481	165813
adb736a22127ab4b705c3d1ceea42e75	gi|343200677|ref|NR_041364.1|	99.348	460	3	0	6	465	337	796	0.0	833	1002367
adb736a22127ab4b705c3d1ceea42e75	gi|2363080041|ref|NR_178237.1|	91.991	462	33	4	6	465	330	789	0.0	645	2801997
adb736a22127ab4b705c3d1ceea42e75	gi|631252122|ref|NR_113320.1|	91.974	461	35	2	6	465	339	798	0.0	645	1236516
adb736a22127ab4b705c3d1ceea42e75	gi|631251924|ref|NR_113122.1|	91.991	462	33	4	6	465	339	798	0.0	645	185294
adb736a22127ab4b705c3d1ceea42e75	gi|631251898|ref|NR_113096.1|	91.957	460	37	0	6	465	339	798	0.0	645	28125
adb736a22127ab4b705c3d1ceea42e75	gi|636560772|ref|NR_116832.1|	91.974	461	35	2	6	465	319	778	0.0	645	1236516
adb736a22127ab4b705c3d1ceea42e75	gi|343200237|ref|NR_040924.1|	91.775	462	33	5	6	465	319	777	0.0	638	185294
adb736a22127ab4b705c3d1ceea42e75	gi|219857187|ref|NR_024815.1|	91.558	462	35	4	6	465	339	798	0.0	634	228603
adb736a22127ab4b705c3d1ceea42e75	gi|343206049|ref|NR_044629.1|	91.087	460	41	0	6	465	346	805	7.93e-180	628	28125
adb736a22127ab4b705c3d1ceea42e75	gi|631251895|ref|NR_113093.1|	91.087	460	41	0	6	465	339	798	3.69e-178	623	419005
d6e349a12ade16f49d22528fcd7c0080	gi|2363082168|ref|NR_179330.1|	99.321	442	3	0	6	447	327	768	0.0	800	2714355
d6e349a12ade16f49d22528fcd7c0080	gi|2363082165|ref|NR_179329.1|	98.643	442	6	0	6	447	327	768	0.0	784	2714353
d6e349a12ade16f49d22528fcd7c0080	gi|645321110|ref|NR_118156.1|	94.357	443	23	2	6	447	304	745	0.0	678	1007096
d6e349a12ade16f49d22528fcd7c0080	gi|2962412234|ref|NR_199428.1|	94.131	443	24	2	6	447	352	793	0.0	673	3073143
d6e349a12ade16f49d22528fcd7c0080	gi|2363087001|ref|NR_181757.1|	93.708	445	22	6	6	447	289	730	0.0	662	2841504
d6e349a12ade16f49d22528fcd7c0080	gi|1109168025|ref|NR_144611.1|	93.708	445	23	3	6	447	282	724	0.0	662	1417852
d6e349a12ade16f49d22528fcd7c0080	gi|1269801610|ref|NR_074793.2|	93.454	443	27	2	6	447	355	796	0.0	656	351091
d6e349a12ade16f49d22528fcd7c0080	gi|343200653|ref|NR_041340.1|	93.454	443	27	2	6	447	328	769	0.0	656	351091
d6e349a12ade16f49d22528fcd7c0080	gi|2260349448|ref|NR_176530.1|	93.228	443	28	2	6	447	358	799	0.0	651	2093857
d6e349a12ade16f49d22528fcd7c0080	gi|2136551692|ref|NR_173697.1|	93.213	442	30	0	6	447	349	790	0.0	651	2108523
860a7470641e249faa4bc60cc4774c53	gi|2363086270|ref|NR_181387.1|	94.808	443	22	1	6	448	302	743	0.0	689	2763656
860a7470641e249faa4bc60cc4774c53	gi|2363086268|ref|NR_181386.1|	93.905	443	27	0	6	448	303	745	0.0	669	2763655
860a7470641e249faa4bc60cc4774c53	gi|2363086262|ref|NR_181383.1|	91.704	446	32	5	6	448	307	750	2.14e-175	614	2763654
860a7470641e249faa4bc60cc4774c53	gi|1116030284|ref|NR_144742.1|	90.971	443	40	0	6	448	352	794	2.15e-170	597	1805714
860a7470641e249faa4bc60cc4774c53	gi|631251702|ref|NR_112900.1|	90.971	443	40	0	6	448	341	783	2.15e-170	597	626937
860a7470641e249faa4bc60cc4774c53	gi|2363081417|ref|NR_178955.1|	90.293	443	43	0	6	448	288	730	2.17e-165	580	1851429
860a7470641e249faa4bc60cc4774c53	gi|1116030285|ref|NR_144743.1|	90.315	444	41	2	6	448	352	794	2.17e-165	580	1816678
860a7470641e249faa4bc60cc4774c53	gi|2363082320|ref|NR_179407.1|	89.888	445	38	6	6	448	331	770	6.07e-161	566	1622073
860a7470641e249faa4bc60cc4774c53	gi|943392597|ref|NR_117133.2|	89.709	447	35	10	6	448	330	769	2.82e-159	560	1543
860a7470641e249faa4bc60cc4774c53	gi|943392596|ref|NR_117132.2|	89.509	448	35	11	6	448	330	770	3.65e-158	556	1543
0d14bb1da808f947411100c3184bec2a	gi|2621112340|ref|NR_189244.1|	95.475	442	20	0	6	447	363	804	0.0	706	3046382
0d14bb1da808f947411100c3184bec2a	gi|2621112341|ref|NR_189245.1|	95.249	442	21	0	6	447	363	804	0.0	701	3046383
0d14bb1da808f947411100c3184bec2a	gi|636559633|ref|NR_115693.1|	88.565	446	42	8	6	447	442	882	6.14e-151	532	694434
0d14bb1da808f947411100c3184bec2a	gi|636559632|ref|NR_115692.1|	88.565	446	42	8	6	447	442	882	6.14e-151	532	694434
0d14bb1da808f947411100c3184bec2a	gi|636559631|ref|NR_115691.1|	88.565	446	42	8	6	447	436	876	6.14e-151	532	694434
0d14bb1da808f947411100c3184bec2a	gi|636559630|ref|NR_115690.1|	88.565	446	42	8	6	447	448	888	6.14e-151	532	694434
0d14bb1da808f947411100c3184bec2a	gi|343198739|ref|NR_043559.1|	88.565	446	42	8	6	447	447	887	6.14e-151	532	694434
0d14bb1da808f947411100c3184bec2a	gi|2363081417|ref|NR_178955.1|	86.517	445	55	5	6	447	288	730	1.74e-136	484	1851429
0d14bb1da808f947411100c3184bec2a	gi|631251702|ref|NR_112900.1|	86.577	447	51	9	6	447	341	783	1.74e-136	484	626937
0d14bb1da808f947411100c3184bec2a	gi|645320092|ref|NR_117381.1|	86.547	446	49	10	6	447	347	785	2.26e-135	481	165813
3bf6874c275318940cd3c0a4aa487a60	gi|2363082168|ref|NR_179330.1|	94.796	442	23	0	6	447	327	768	0.0	689	2714355
3bf6874c275318940cd3c0a4aa487a60	gi|2363082569|ref|NR_179531.1|	94.595	444	20	4	6	447	347	788	0.0	684	1852369
3bf6874c275318940cd3c0a4aa487a60	gi|2363082165|ref|NR_179329.1|	94.570	442	24	0	6	447	327	768	0.0	684	2714353
3bf6874c275318940cd3c0a4aa487a60	gi|1109168025|ref|NR_144611.1|	93.002	443	30	1	6	447	282	724	0.0	645	1417852
3bf6874c275318940cd3c0a4aa487a60	gi|2136551692|ref|NR_173697.1|	92.760	442	32	0	6	447	349	790	0.0	640	2108523
3bf6874c275318940cd3c0a4aa487a60	gi|3030611324|ref|NR_200000.1|	92.777	443	31	1	6	447	301	743	0.0	640	3342383
3bf6874c275318940cd3c0a4aa487a60	gi|645321110|ref|NR_118156.1|	92.809	445	26	5	6	447	304	745	0.0	640	1007096
3bf6874c275318940cd3c0a4aa487a60	gi|1269801610|ref|NR_074793.2|	92.551	443	31	2	6	447	355	796	0.0	634	351091
3bf6874c275318940cd3c0a4aa487a60	gi|343200653|ref|NR_041340.1|	92.551	443	31	2	6	447	328	769	0.0	634	351091
3bf6874c275318940cd3c0a4aa487a60	gi|2363082342|ref|NR_179418.1|	92.325	443	33	1	6	447	348	790	7.61e-180	628	1673721
0006f2efd788919b7406521cbce9f338	gi|631251875|ref|NR_113073.1|	98.043	460	9	0	6	465	329	788	0.0	800	487174
0006f2efd788919b7406521cbce9f338	gi|343200981|ref|NR_041668.1|	98.043	460	9	0	6	465	321	780	0.0	800	742726
0006f2efd788919b7406521cbce9f338	gi|1270532346|ref|NR_121773.2|	95.870	460	19	0	6	465	348	807	0.0	745	397865
0006f2efd788919b7406521cbce9f338	gi|343200821|ref|NR_041508.1|	95.652	460	19	1	6	465	325	783	0.0	737	397865
0006f2efd788919b7406521cbce9f338	gi|2136551682|ref|NR_173687.1|	89.827	462	43	4	6	465	325	784	3.74e-168	590	2751153
0006f2efd788919b7406521cbce9f338	gi|1146059151|ref|NR_145883.1|	89.394	462	45	4	6	465	284	743	8.10e-165	579	1501392
0006f2efd788919b7406521cbce9f338	gi|1116030267|ref|NR_144725.1|	88.961	462	47	4	6	465	337	796	3.77e-163	573	1686296
0006f2efd788919b7406521cbce9f338	gi|2621112336|ref|NR_189240.1|	87.931	464	48	8	6	465	342	801	3.82e-153	540	2944915
0006f2efd788919b7406521cbce9f338	gi|1909404453|ref|NR_170508.1|	87.852	461	53	3	6	465	352	810	1.38e-152	538	2518971
0006f2efd788919b7406521cbce9f338	gi|2363087247|ref|NR_181879.1|	87.689	463	50	7	6	465	285	743	6.40e-151	532	2880704
cb310be0aebe91331facbe9b67a81013	gi|645320257|ref|NR_117506.1|	99.551	445	2	0	6	450	311	755	0.0	811	216816
cb310be0aebe91331facbe9b67a81013	gi|545589064|ref|NR_044691.2|	99.326	445	3	0	6	450	341	785	0.0	808	216816
cb310be0aebe91331facbe9b67a81013	gi|1137647753|ref|NR_145535.1|	99.326	445	3	0	6	450	319	763	0.0	806	1931217
cb310be0aebe91331facbe9b67a81013	gi|343202943|ref|NR_043437.1|	99.326	445	3	0	6	450	328	772	0.0	806	1682
cb310be0aebe91331facbe9b67a81013	gi|2180566473|ref|NR_174313.1|	98.652	445	6	0	6	450	331	775	0.0	789	2650773
cb310be0aebe91331facbe9b67a81013	gi|2363087087|ref|NR_181799.1|	98.427	445	7	0	6	450	330	774	0.0	784	2809026
cb310be0aebe91331facbe9b67a81013	gi|545589069|ref|NR_044693.2|	97.978	445	9	0	6	450	339	783	0.0	784	1695
cb310be0aebe91331facbe9b67a81013	gi|1040567047|ref|NR_137396.1|	97.753	445	10	0	6	450	264	708	0.0	767	1798158
cb310be0aebe91331facbe9b67a81013	gi|2363084292|ref|NR_180396.1|	97.753	445	10	0	6	450	330	774	0.0	767	2306975
cb310be0aebe91331facbe9b67a81013	gi|1491520099|ref|NR_159261.1|	97.534	446	10	1	6	450	262	707	0.0	761	2052941
bb9cd9c61936530ba83760a652b35efb	gi|2136551628|ref|NR_173632.1|	96.591	440	15	0	6	445	301	740	0.0	730	2068655
bb9cd9c61936530ba83760a652b35efb	gi|3030611230|ref|NR_199906.1|	96.591	440	15	0	6	445	354	793	0.0	730	3123317
bb9cd9c61936530ba83760a652b35efb	gi|3030611314|ref|NR_199990.1|	96.591	440	15	0	6	445	350	789	0.0	730	3123317
bb9cd9c61936530ba83760a652b35efb	gi|1384992331|ref|NR_156080.1|	96.591	440	15	0	6	445	336	775	0.0	730	1469948
bb9cd9c61936530ba83760a652b35efb	gi|1384992328|ref|NR_156077.1|	96.591	440	15	0	6	445	336	775	0.0	730	1469948
bb9cd9c61936530ba83760a652b35efb	gi|1384992332|ref|NR_156081.1|	96.364	440	16	0	6	445	336	775	0.0	725	1469948
bb9cd9c61936530ba83760a652b35efb	gi|1384992329|ref|NR_156078.1|	96.364	440	16	0	6	445	336	775	0.0	725	1469948
bb9cd9c61936530ba83760a652b35efb	gi|2363086292|ref|NR_181398.1|	96.136	440	17	0	6	445	299	738	0.0	719	2763667
bb9cd9c61936530ba83760a652b35efb	gi|2836274880|ref|NR_197643.1|	95.909	440	18	0	6	445	329	768	0.0	713	2962432
bb9cd9c61936530ba83760a652b35efb	gi|2363082679|ref|NR_179587.1|	95.909	440	18	0	6	445	328	767	0.0	713	1926283
e46af8670163e298b1529b06375d78e2	gi|2363086274|ref|NR_181389.1|	88.713	443	45	5	6	446	295	734	4.74e-152	536	2763657
e46af8670163e298b1529b06375d78e2	gi|1776910887|ref|NR_164620.1|	87.528	441	54	1	6	446	347	786	1.03e-143	508	2173034
e46af8670163e298b1529b06375d78e2	gi|2363083221|ref|NR_179859.1|	87.528	441	54	1	6	446	347	786	1.03e-143	508	2078660
e46af8670163e298b1529b06375d78e2	gi|3030611263|ref|NR_199939.1|	87.585	443	50	5	6	446	332	771	1.03e-143	508	3074434
e46af8670163e298b1529b06375d78e2	gi|672239088|ref|NR_125677.1|	87.613	444	48	7	6	446	346	785	1.03e-143	508	1348613
e46af8670163e298b1529b06375d78e2	gi|1116030284|ref|NR_144742.1|	87.387	444	52	4	6	446	352	794	3.71e-143	507	1805714
e46af8670163e298b1529b06375d78e2	gi|2363084132|ref|NR_180315.1|	87.416	445	50	6	6	446	323	765	3.71e-143	507	2496273
e46af8670163e298b1529b06375d78e2	gi|2363081254|ref|NR_178871.1|	87.330	442	54	2	6	446	337	777	1.34e-142	505	1792311
e46af8670163e298b1529b06375d78e2	gi|2363086270|ref|NR_181387.1|	87.330	442	55	1	6	446	302	743	1.34e-142	505	2763656
e46af8670163e298b1529b06375d78e2	gi|2363082625|ref|NR_179559.1|	87.104	442	55	2	6	446	333	773	6.21e-141	499	1871018
94e9e0b80d0bc159198b7c1db801f6fa	gi|631252073|ref|NR_113271.1|	96.087	460	18	0	6	465	339	798	0.0	750	742725
94e9e0b80d0bc159198b7c1db801f6fa	gi|631251698|ref|NR_112896.1|	96.087	460	18	0	6	465	319	778	0.0	750	742725
94e9e0b80d0bc159198b7c1db801f6fa	gi|1116030248|ref|NR_144706.1|	94.348	460	26	0	6	465	342	801	0.0	706	1211813
94e9e0b80d0bc159198b7c1db801f6fa	gi|2363082099|ref|NR_179296.1|	90.000	460	46	0	6	465	324	783	8.05e-170	595	2585119
94e9e0b80d0bc159198b7c1db801f6fa	gi|631251954|ref|NR_113152.1|	90.000	460	46	0	6	465	337	796	8.05e-170	595	28117
94e9e0b80d0bc159198b7c1db801f6fa	gi|645321193|ref|NR_118219.1|	89.783	460	47	0	6	465	332	791	3.74e-168	590	1033732
94e9e0b80d0bc159198b7c1db801f6fa	gi|2363086959|ref|NR_181736.1|	89.565	460	48	0	6	465	334	793	1.74e-166	584	2834113
94e9e0b80d0bc159198b7c1db801f6fa	gi|631251953|ref|NR_113151.1|	89.565	460	48	0	6	465	338	797	1.74e-166	584	328813
94e9e0b80d0bc159198b7c1db801f6fa	gi|343202833|ref|NR_043318.1|	89.565	460	48	0	6	465	324	783	1.74e-166	584	328813
94e9e0b80d0bc159198b7c1db801f6fa	gi|507148054|ref|NR_102861.1|	89.348	460	49	0	6	465	334	793	8.10e-165	579	717959
ba82f2aefae605890a2e3d19ac3f91b3	gi|343200677|ref|NR_041364.1|	99.348	460	3	0	6	465	337	796	0.0	833	1002367
ba82f2aefae605890a2e3d19ac3f91b3	gi|631251898|ref|NR_113096.1|	91.957	460	37	0	6	465	339	798	0.0	645	28125
ba82f2aefae605890a2e3d19ac3f91b3	gi|2363080041|ref|NR_178237.1|	91.558	462	35	4	6	465	330	789	0.0	634	2801997
ba82f2aefae605890a2e3d19ac3f91b3	gi|631252122|ref|NR_113320.1|	91.540	461	37	2	6	465	339	798	0.0	634	1236516
ba82f2aefae605890a2e3d19ac3f91b3	gi|631251924|ref|NR_113122.1|	91.558	462	35	4	6	465	339	798	0.0	634	185294
ba82f2aefae605890a2e3d19ac3f91b3	gi|636560772|ref|NR_116832.1|	91.540	461	37	2	6	465	319	778	0.0	634	1236516
ba82f2aefae605890a2e3d19ac3f91b3	gi|343206049|ref|NR_044629.1|	91.087	460	41	0	6	465	346	805	7.93e-180	628	28125
ba82f2aefae605890a2e3d19ac3f91b3	gi|343200237|ref|NR_040924.1|	91.342	462	35	5	6	465	319	777	2.85e-179	627	185294
ba82f2aefae605890a2e3d19ac3f91b3	gi|631251894|ref|NR_113092.1|	91.145	463	35	5	6	465	329	788	3.69e-178	623	77768
ba82f2aefae605890a2e3d19ac3f91b3	gi|219857187|ref|NR_024815.1|	91.126	462	37	4	6	465	339	798	3.69e-178	623	228603
f41d371562d857690f04e9d730378b15	gi|1909404440|ref|NR_170495.1|	99.318	440	3	0	6	445	355	794	0.0	797	2509240
f41d371562d857690f04e9d730378b15	gi|2363085133|ref|NR_180815.1|	99.091	440	4	0	6	445	350	789	0.0	791	2606633
f41d371562d857690f04e9d730378b15	gi|2363083556|ref|NR_180026.1|	99.091	440	4	0	6	445	348	787	0.0	791	2696678
f41d371562d857690f04e9d730378b15	gi|636560687|ref|NR_116747.1|	96.818	440	14	0	6	445	301	740	0.0	736	1298596
f41d371562d857690f04e9d730378b15	gi|2363082059|ref|NR_179276.1|	96.364	440	16	0	6	445	334	773	0.0	725	2316025
f41d371562d857690f04e9d730378b15	gi|974142252|ref|NR_134772.1|	96.364	440	16	0	6	445	297	736	0.0	725	1337051
f41d371562d857690f04e9d730378b15	gi|1384992332|ref|NR_156081.1|	96.136	440	17	0	6	445	336	775	0.0	719	1469948
f41d371562d857690f04e9d730378b15	gi|1384992329|ref|NR_156078.1|	96.136	440	17	0	6	445	336	775	0.0	719	1469948
f41d371562d857690f04e9d730378b15	gi|343201234|ref|NR_041960.1|	96.145	441	16	1	6	445	222	662	0.0	719	89014
f41d371562d857690f04e9d730378b15	gi|228719063|ref|NR_027579.1|	95.909	440	18	0	6	445	316	755	0.0	719	471875
f5d96df81538299f98baa5efd30c8f25	gi|265678854|ref|NR_029160.1|	99.318	440	3	0	6	445	293	732	0.0	797	40519
f5d96df81538299f98baa5efd30c8f25	gi|507148077|ref|NR_102884.1|	95.023	442	18	4	6	445	331	770	0.0	691	213810
f5d96df81538299f98baa5efd30c8f25	gi|219846341|ref|NR_025931.1|	94.796	442	19	4	6	445	308	747	0.0	686	1265
f5d96df81538299f98baa5efd30c8f25	gi|636558832|ref|NR_114889.1|	94.344	442	20	5	6	445	277	715	0.0	673	213810
f5d96df81538299f98baa5efd30c8f25	gi|3248465648|ref|NR_201660.1|	94.131	443	20	5	6	445	319	758	0.0	669	3417630
f5d96df81538299f98baa5efd30c8f25	gi|3248465644|ref|NR_201656.1|	92.727	440	32	0	6	445	329	768	0.0	636	3417633
f5d96df81538299f98baa5efd30c8f25	gi|1864207164|ref|NR_169458.1|	91.629	442	33	4	6	445	345	784	9.87e-174	608	2164149
f5d96df81538299f98baa5efd30c8f25	gi|444303976|ref|NR_074399.1|	91.136	440	39	0	6	445	333	772	2.14e-170	597	697329
f5d96df81538299f98baa5efd30c8f25	gi|631251834|ref|NR_113032.1|	91.136	440	39	0	6	445	333	772	2.14e-170	597	1264
f5d96df81538299f98baa5efd30c8f25	gi|636559173|ref|NR_115230.1|	91.136	440	39	0	6	445	333	772	2.14e-170	597	697329
9db10d6703ca6722e8d32f2b2ec945a5	gi|636560687|ref|NR_116747.1|	99.091	440	4	0	6	445	301	740	0.0	791	1298596
9db10d6703ca6722e8d32f2b2ec945a5	gi|2363085133|ref|NR_180815.1|	96.818	440	14	0	6	445	350	789	0.0	736	2606633
9db10d6703ca6722e8d32f2b2ec945a5	gi|2363083556|ref|NR_180026.1|	96.818	440	14	0	6	445	348	787	0.0	736	2696678
9db10d6703ca6722e8d32f2b2ec945a5	gi|1909404440|ref|NR_170495.1|	96.591	440	15	0	6	445	355	794	0.0	730	2509240
9db10d6703ca6722e8d32f2b2ec945a5	gi|2363082374|ref|NR_179434.1|	96.591	440	15	0	6	445	349	788	0.0	730	1720300
9db10d6703ca6722e8d32f2b2ec945a5	gi|310974914|ref|NR_036777.1|	96.991	432	13	0	6	437	333	764	0.0	728	33039
9db10d6703ca6722e8d32f2b2ec945a5	gi|631251356|ref|NR_112553.1|	96.372	441	15	1	6	445	348	788	0.0	725	342942
9db10d6703ca6722e8d32f2b2ec945a5	gi|228719063|ref|NR_027579.1|	95.909	440	18	0	6	445	316	755	0.0	719	471875
9db10d6703ca6722e8d32f2b2ec945a5	gi|2363084846|ref|NR_180671.1|	95.909	440	18	0	6	445	63	502	0.0	713	2594882
9db10d6703ca6722e8d32f2b2ec945a5	gi|2962412221|ref|NR_199415.1|	95.909	440	18	0	6	445	338	777	0.0	713	3136600
63553bc56a764efe2849c799ff26c9eb	gi|2621112340|ref|NR_189244.1|	95.475	442	20	0	6	447	363	804	0.0	706	3046382
63553bc56a764efe2849c799ff26c9eb	gi|2621112341|ref|NR_189245.1|	95.249	442	21	0	6	447	363	804	0.0	701	3046383
63553bc56a764efe2849c799ff26c9eb	gi|636559633|ref|NR_115693.1|	88.565	446	42	8	6	447	442	882	6.14e-151	532	694434
63553bc56a764efe2849c799ff26c9eb	gi|636559632|ref|NR_115692.1|	88.565	446	42	8	6	447	442	882	6.14e-151	532	694434
63553bc56a764efe2849c799ff26c9eb	gi|636559631|ref|NR_115691.1|	88.565	446	42	8	6	447	436	876	6.14e-151	532	694434
63553bc56a764efe2849c799ff26c9eb	gi|636559630|ref|NR_115690.1|	88.565	446	42	8	6	447	448	888	6.14e-151	532	694434
63553bc56a764efe2849c799ff26c9eb	gi|343198739|ref|NR_043559.1|	88.565	446	42	8	6	447	447	887	6.14e-151	532	694434
63553bc56a764efe2849c799ff26c9eb	gi|2363081417|ref|NR_178955.1|	86.517	445	55	5	6	447	288	730	1.74e-136	484	1851429
63553bc56a764efe2849c799ff26c9eb	gi|631251702|ref|NR_112900.1|	86.577	447	51	9	6	447	341	783	1.74e-136	484	626937
63553bc56a764efe2849c799ff26c9eb	gi|645320092|ref|NR_117381.1|	86.547	446	49	10	6	447	347	785	2.26e-135	481	165813
161d782708e466daae79f46e731ae4bd	gi|2621112340|ref|NR_189244.1|	95.475	442	20	0	6	447	363	804	0.0	706	3046382
161d782708e466daae79f46e731ae4bd	gi|2621112341|ref|NR_189245.1|	95.249	442	21	0	6	447	363	804	0.0	701	3046383
161d782708e466daae79f46e731ae4bd	gi|636559633|ref|NR_115693.1|	88.565	446	42	8	6	447	442	882	6.14e-151	532	694434
161d782708e466daae79f46e731ae4bd	gi|636559632|ref|NR_115692.1|	88.565	446	42	8	6	447	442	882	6.14e-151	532	694434
161d782708e466daae79f46e731ae4bd	gi|636559631|ref|NR_115691.1|	88.565	446	42	8	6	447	436	876	6.14e-151	532	694434
161d782708e466daae79f46e731ae4bd	gi|636559630|ref|NR_115690.1|	88.565	446	42	8	6	447	448	888	6.14e-151	532	694434
161d782708e466daae79f46e731ae4bd	gi|343198739|ref|NR_043559.1|	88.565	446	42	8	6	447	447	887	6.14e-151	532	694434
161d782708e466daae79f46e731ae4bd	gi|2363081417|ref|NR_178955.1|	86.517	445	55	5	6	447	288	730	1.74e-136	484	1851429
161d782708e466daae79f46e731ae4bd	gi|631251702|ref|NR_112900.1|	86.577	447	51	9	6	447	341	783	1.74e-136	484	626937
161d782708e466daae79f46e731ae4bd	gi|645320092|ref|NR_117381.1|	86.547	446	49	10	6	447	347	785	2.26e-135	481	165813
5e8f971469211ed76c10ecaf7d80f495	gi|2836274968|ref|NR_197731.1|	96.818	440	14	0	6	445	306	745	0.0	736	3093659
5e8f971469211ed76c10ecaf7d80f495	gi|2836274966|ref|NR_197729.1|	96.825	441	12	2	6	445	304	743	0.0	736	3093657
5e8f971469211ed76c10ecaf7d80f495	gi|2836274967|ref|NR_197730.1|	96.591	440	15	0	6	445	312	751	0.0	730	3093658
5e8f971469211ed76c10ecaf7d80f495	gi|1116030278|ref|NR_144736.1|	96.599	441	13	2	6	445	360	799	0.0	730	1776382
5e8f971469211ed76c10ecaf7d80f495	gi|1109168013|ref|NR_144605.1|	96.145	441	15	2	6	445	367	806	0.0	719	1796620
5e8f971469211ed76c10ecaf7d80f495	gi|2363082767|ref|NR_179632.1|	95.692	441	17	2	6	445	337	776	0.0	708	2014781
5e8f971469211ed76c10ecaf7d80f495	gi|1116030269|ref|NR_144727.1|	92.273	440	34	0	6	445	335	774	9.80e-179	625	1673717
5e8f971469211ed76c10ecaf7d80f495	gi|2363086260|ref|NR_181382.1|	92.308	442	30	4	6	445	322	761	9.80e-179	625	2763662
5e8f971469211ed76c10ecaf7d80f495	gi|636558732|ref|NR_114789.1|	92.290	441	32	2	6	445	347	786	9.80e-179	625	1535
5e8f971469211ed76c10ecaf7d80f495	gi|3248465687|ref|NR_201701.1|	91.667	444	32	4	6	445	330	772	2.74e-174	610	3435187
3ae6ff1b25ac8a5b0b1effbb978610b3	gi|2621112341|ref|NR_189245.1|	91.196	443	38	1	6	448	363	804	1.66e-171	601	3046383
3ae6ff1b25ac8a5b0b1effbb978610b3	gi|2621112340|ref|NR_189244.1|	90.971	443	39	1	6	448	363	804	7.74e-170	595	3046382
3ae6ff1b25ac8a5b0b1effbb978610b3	gi|2363086262|ref|NR_181383.1|	89.189	444	47	1	6	448	307	750	4.72e-157	553	2763654
3ae6ff1b25ac8a5b0b1effbb978610b3	gi|2363086268|ref|NR_181386.1|	88.713	443	50	0	6	448	303	745	1.02e-153	542	2763655
3ae6ff1b25ac8a5b0b1effbb978610b3	gi|2363086270|ref|NR_181387.1|	88.090	445	48	4	6	448	302	743	3.70e-148	523	2763656
3ae6ff1b25ac8a5b0b1effbb978610b3	gi|636559633|ref|NR_115693.1|	87.865	445	48	6	6	448	442	882	1.72e-146	518	694434
3ae6ff1b25ac8a5b0b1effbb978610b3	gi|636559632|ref|NR_115692.1|	87.865	445	48	6	6	448	442	882	1.72e-146	518	694434
3ae6ff1b25ac8a5b0b1effbb978610b3	gi|636559631|ref|NR_115691.1|	87.865	445	48	6	6	448	436	876	1.72e-146	518	694434
3ae6ff1b25ac8a5b0b1effbb978610b3	gi|636559630|ref|NR_115690.1|	87.865	445	48	6	6	448	448	888	1.72e-146	518	694434
3ae6ff1b25ac8a5b0b1effbb978610b3	gi|343198739|ref|NR_043559.1|	87.865	445	48	6	6	448	447	887	1.72e-146	518	694434
d1acaeb5d1a4ee04c33a9864eaf22ee7	gi|631251879|ref|NR_113077.1|	98.475	459	7	0	6	464	329	787	0.0	809	454154
d1acaeb5d1a4ee04c33a9864eaf22ee7	gi|343200939|ref|NR_041626.1|	98.475	459	7	0	6	464	321	779	0.0	809	762968
d1acaeb5d1a4ee04c33a9864eaf22ee7	gi|631251880|ref|NR_113078.1|	92.157	459	36	0	6	464	339	797	0.0	649	454155
d1acaeb5d1a4ee04c33a9864eaf22ee7	gi|343200940|ref|NR_041627.1|	92.157	459	36	0	6	464	319	777	0.0	649	762982
d1acaeb5d1a4ee04c33a9864eaf22ee7	gi|343200759|ref|NR_041446.1|	88.769	463	45	6	6	464	323	782	2.93e-159	560	376804
d1acaeb5d1a4ee04c33a9864eaf22ee7	gi|2363082635|ref|NR_179564.1|	87.689	463	50	7	6	464	338	797	6.39e-151	532	1903262
d1acaeb5d1a4ee04c33a9864eaf22ee7	gi|2363086250|ref|NR_181377.1|	87.013	462	55	5	6	464	343	802	6.43e-146	516	2763138
d1acaeb5d1a4ee04c33a9864eaf22ee7	gi|343200761|ref|NR_041448.1|	86.797	462	56	5	6	464	322	781	2.99e-144	510	376806
d1acaeb5d1a4ee04c33a9864eaf22ee7	gi|631251867|ref|NR_113065.1|	86.393	463	56	6	6	464	338	797	6.48e-141	499	762984
d1acaeb5d1a4ee04c33a9864eaf22ee7	gi|631251695|ref|NR_112893.1|	86.393	463	56	6	6	464	318	777	6.48e-141	499	762984
0ae9254c3ab1df449c19534a35a133ef	gi|631251879|ref|NR_113077.1|	97.168	459	13	0	6	464	329	787	0.0	776	454154
0ae9254c3ab1df449c19534a35a133ef	gi|343200939|ref|NR_041626.1|	97.168	459	13	0	6	464	321	779	0.0	776	762968
0ae9254c3ab1df449c19534a35a133ef	gi|631251880|ref|NR_113078.1|	92.157	459	36	0	6	464	339	797	0.0	649	454155
0ae9254c3ab1df449c19534a35a133ef	gi|343200940|ref|NR_041627.1|	92.157	459	36	0	6	464	319	777	0.0	649	762982
0ae9254c3ab1df449c19534a35a133ef	gi|2363082635|ref|NR_179564.1|	88.095	462	50	5	6	464	338	797	2.95e-154	544	1903262
0ae9254c3ab1df449c19534a35a133ef	gi|2363086250|ref|NR_181377.1|	87.662	462	52	5	6	464	343	802	6.39e-151	532	2763138
0ae9254c3ab1df449c19534a35a133ef	gi|1146059112|ref|NR_145844.1|	87.473	463	51	6	6	464	339	798	2.97e-149	527	1411144
0ae9254c3ab1df449c19534a35a133ef	gi|631252155|ref|NR_113353.1|	87.446	462	53	4	6	464	338	797	2.97e-149	527	28119
0ae9254c3ab1df449c19534a35a133ef	gi|1116030289|ref|NR_144747.1|	86.609	463	55	5	6	464	337	796	1.39e-142	505	1841865
0ae9254c3ab1df449c19534a35a133ef	gi|2363086254|ref|NR_181379.1|	86.638	464	53	7	6	464	341	800	1.39e-142	505	2725562
1cd06f63fcf684e59cdf21d201b1c65d	gi|636558732|ref|NR_114789.1|	94.545	440	24	0	6	445	347	786	0.0	680	1535
1cd06f63fcf684e59cdf21d201b1c65d	gi|1146059197|ref|NR_145929.1|	93.468	444	25	2	6	445	319	762	0.0	656	642589
1cd06f63fcf684e59cdf21d201b1c65d	gi|3248465687|ref|NR_201701.1|	93.228	443	27	2	6	445	330	772	0.0	649	3435187
1cd06f63fcf684e59cdf21d201b1c65d	gi|3248465688|ref|NR_201702.1|	93.228	443	27	2	6	445	328	770	0.0	649	3435000
1cd06f63fcf684e59cdf21d201b1c65d	gi|2836274966|ref|NR_197729.1|	93.182	440	30	0	6	445	304	743	0.0	647	3093657
1cd06f63fcf684e59cdf21d201b1c65d	gi|1193829157|ref|NR_147400.1|	92.727	440	32	0	6	445	339	778	0.0	636	1958780
1cd06f63fcf684e59cdf21d201b1c65d	gi|2836274967|ref|NR_197730.1|	92.727	440	32	0	6	445	312	751	0.0	636	3093658
1cd06f63fcf684e59cdf21d201b1c65d	gi|1116030278|ref|NR_144736.1|	92.727	440	32	0	6	445	360	799	0.0	636	1776382
1cd06f63fcf684e59cdf21d201b1c65d	gi|2363082799|ref|NR_179648.1|	92.500	440	33	0	6	445	339	778	2.11e-180	630	2045012
1cd06f63fcf684e59cdf21d201b1c65d	gi|2180566484|ref|NR_174324.1|	92.500	440	33	0	6	445	346	785	2.11e-180	630	2576756
d54b977b18905ac2c4ae5e2f2fa6aa77	gi|939733298|ref|NR_133025.1|	99.348	460	3	0	6	465	275	734	0.0	833	2585118
d54b977b18905ac2c4ae5e2f2fa6aa77	gi|631251954|ref|NR_113152.1|	95.217	460	22	0	6	465	337	796	0.0	728	28117
d54b977b18905ac2c4ae5e2f2fa6aa77	gi|2363082099|ref|NR_179296.1|	94.783	460	24	0	6	465	324	783	0.0	717	2585119
d54b977b18905ac2c4ae5e2f2fa6aa77	gi|672239000|ref|NR_125589.1|	94.794	461	22	2	6	465	269	728	0.0	717	1033731
d54b977b18905ac2c4ae5e2f2fa6aa77	gi|2363086959|ref|NR_181736.1|	94.577	461	23	2	6	465	334	793	0.0	712	2834113
d54b977b18905ac2c4ae5e2f2fa6aa77	gi|507148054|ref|NR_102861.1|	94.577	461	23	2	6	465	334	793	0.0	712	717959
d54b977b18905ac2c4ae5e2f2fa6aa77	gi|645321193|ref|NR_118219.1|	94.577	461	23	2	6	465	332	791	0.0	712	1033732
d54b977b18905ac2c4ae5e2f2fa6aa77	gi|343202834|ref|NR_043319.1|	94.360	461	24	2	6	465	323	782	0.0	708	717959
d54b977b18905ac2c4ae5e2f2fa6aa77	gi|631251955|ref|NR_113153.1|	94.360	461	24	2	6	465	334	793	0.0	706	328814
d54b977b18905ac2c4ae5e2f2fa6aa77	gi|2363082505|ref|NR_179499.1|	93.952	463	22	6	6	465	342	801	0.0	695	2364787
ea471745edcf9d6a54724c1e00ac4ec2	gi|1193829129|ref|NR_147372.1|	99.565	460	2	0	6	465	339	798	0.0	839	1871003
ea471745edcf9d6a54724c1e00ac4ec2	gi|1146059150|ref|NR_145882.1|	99.565	460	2	0	6	465	286	745	0.0	839	1501391
ea471745edcf9d6a54724c1e00ac4ec2	gi|2363082099|ref|NR_179296.1|	91.106	461	39	2	6	465	324	783	3.69e-178	623	2585119
ea471745edcf9d6a54724c1e00ac4ec2	gi|672239000|ref|NR_125589.1|	91.106	461	39	2	6	465	269	728	3.69e-178	623	1033731
ea471745edcf9d6a54724c1e00ac4ec2	gi|2363087245|ref|NR_181878.1|	90.948	464	34	8	6	465	284	743	1.72e-176	617	2880705
ea471745edcf9d6a54724c1e00ac4ec2	gi|631251954|ref|NR_113152.1|	90.948	464	34	8	6	465	337	796	1.72e-176	617	28117
ea471745edcf9d6a54724c1e00ac4ec2	gi|2363082505|ref|NR_179499.1|	90.713	463	37	6	6	465	342	801	7.99e-175	612	2364787
ea471745edcf9d6a54724c1e00ac4ec2	gi|631251953|ref|NR_113151.1|	90.713	463	37	6	6	465	338	797	7.99e-175	612	328813
ea471745edcf9d6a54724c1e00ac4ec2	gi|343202833|ref|NR_043318.1|	90.713	463	37	6	6	465	324	783	7.99e-175	612	328813
ea471745edcf9d6a54724c1e00ac4ec2	gi|2363082531|ref|NR_179512.1|	90.456	461	42	2	6	465	338	797	1.03e-173	608	1816676
64dfe0b6e3a7afc7c61aa77316ed1f78	gi|631252213|ref|NR_113411.1|	94.577	461	23	2	6	465	341	800	0.0	712	537011
64dfe0b6e3a7afc7c61aa77316ed1f78	gi|343200190|ref|NR_040877.1|	94.360	461	24	2	6	465	341	800	0.0	708	537011
64dfe0b6e3a7afc7c61aa77316ed1f78	gi|2363084409|ref|NR_180452.1|	93.709	461	27	2	6	465	321	780	0.0	689	2518605
64dfe0b6e3a7afc7c61aa77316ed1f78	gi|631251907|ref|NR_113105.1|	90.260	462	41	4	6	465	329	788	1.73e-171	601	470565
64dfe0b6e3a7afc7c61aa77316ed1f78	gi|265678842|ref|NR_029147.1|	90.302	464	37	8	6	465	344	803	1.73e-171	601	28136
64dfe0b6e3a7afc7c61aa77316ed1f78	gi|343199048|ref|NR_044407.1|	90.260	462	41	4	6	465	321	780	1.73e-171	601	470565
64dfe0b6e3a7afc7c61aa77316ed1f78	gi|631251922|ref|NR_113120.1|	90.086	464	38	8	6	465	339	798	8.05e-170	595	28136
64dfe0b6e3a7afc7c61aa77316ed1f78	gi|219857188|ref|NR_024816.1|	90.065	463	40	6	6	465	339	798	8.05e-170	595	228604
64dfe0b6e3a7afc7c61aa77316ed1f78	gi|566085557|ref|NR_109628.1|	89.827	462	43	4	6	465	322	781	3.74e-168	590	1177574
64dfe0b6e3a7afc7c61aa77316ed1f78	gi|631253107|ref|NR_114305.1|	89.394	462	45	4	6	465	341	800	8.10e-165	579	1236518
2edcc54e7fdf6b32c7231fe41ff1be95	gi|636560108|ref|NR_116168.1|	98.495	465	7	0	6	470	335	799	0.0	821	888828
2edcc54e7fdf6b32c7231fe41ff1be95	gi|343202529|ref|NR_042878.1|	98.495	465	7	0	6	470	314	778	0.0	821	888828
2edcc54e7fdf6b32c7231fe41ff1be95	gi|645321895|ref|NR_118762.1|	97.408	463	12	0	8	470	340	802	0.0	800	888828
2edcc54e7fdf6b32c7231fe41ff1be95	gi|645321093|ref|NR_118143.1|	97.204	465	13	0	6	470	316	780	0.0	789	1035839
2edcc54e7fdf6b32c7231fe41ff1be95	gi|219878284|ref|NR_025423.1|	96.559	465	16	0	6	470	319	783	0.0	771	249188
2edcc54e7fdf6b32c7231fe41ff1be95	gi|3248465850|ref|NR_201865.1|	95.726	468	14	5	6	470	261	725	0.0	749	3414265
2edcc54e7fdf6b32c7231fe41ff1be95	gi|343202528|ref|NR_042877.1|	95.513	468	15	5	6	470	312	776	0.0	743	733
2edcc54e7fdf6b32c7231fe41ff1be95	gi|343202522|ref|NR_042871.1|	95.269	465	22	0	6	470	316	780	0.0	741	123820
2edcc54e7fdf6b32c7231fe41ff1be95	gi|1491522540|ref|NR_159347.1|	95.279	466	20	2	6	470	340	804	0.0	741	28161
2edcc54e7fdf6b32c7231fe41ff1be95	gi|694281134|ref|NR_115546.2|	95.075	467	19	4	6	470	344	808	0.0	732	715
39b3f00ad9bd3eb7ff4b7da71cd83930	gi|219857122|ref|NR_024750.1|	95.937	443	13	5	6	445	300	740	0.0	715	116085
39b3f00ad9bd3eb7ff4b7da71cd83930	gi|1040567056|ref|NR_137405.1|	95.918	441	16	2	6	445	307	746	0.0	713	1619234
39b3f00ad9bd3eb7ff4b7da71cd83930	gi|219878251|ref|NR_025390.1|	95.918	441	16	2	6	445	330	769	0.0	713	115544
39b3f00ad9bd3eb7ff4b7da71cd83930	gi|1109168019|ref|NR_144608.1|	95.711	443	15	4	6	445	348	789	0.0	710	1796618
39b3f00ad9bd3eb7ff4b7da71cd83930	gi|2363080283|ref|NR_178367.1|	95.682	440	19	0	6	445	328	767	0.0	708	673271
39b3f00ad9bd3eb7ff4b7da71cd83930	gi|3030611230|ref|NR_199906.1|	95.465	441	18	2	6	445	354	793	0.0	702	3123317
39b3f00ad9bd3eb7ff4b7da71cd83930	gi|3030611314|ref|NR_199990.1|	95.465	441	18	2	6	445	350	789	0.0	702	3123317
39b3f00ad9bd3eb7ff4b7da71cd83930	gi|1384992332|ref|NR_156081.1|	95.475	442	16	4	6	445	336	775	0.0	702	1469948
39b3f00ad9bd3eb7ff4b7da71cd83930	gi|1384992331|ref|NR_156080.1|	95.465	441	18	2	6	445	336	775	0.0	702	1469948
39b3f00ad9bd3eb7ff4b7da71cd83930	gi|1384992329|ref|NR_156078.1|	95.475	442	16	4	6	445	336	775	0.0	702	1469948
dc6c296ec7f3c70227dffebe05415bf0	gi|2363082342|ref|NR_179418.1|	93.002	443	30	1	6	447	348	790	0.0	645	1673721
dc6c296ec7f3c70227dffebe05415bf0	gi|1109168025|ref|NR_144611.1|	93.002	443	30	1	6	447	282	724	0.0	645	1417852
dc6c296ec7f3c70227dffebe05415bf0	gi|3030611324|ref|NR_200000.1|	92.777	443	31	1	6	447	301	743	0.0	640	3342383
dc6c296ec7f3c70227dffebe05415bf0	gi|2363082352|ref|NR_179423.1|	92.551	443	32	1	6	447	349	791	0.0	634	1689270
dc6c296ec7f3c70227dffebe05415bf0	gi|2363082168|ref|NR_179330.1|	92.325	443	32	2	6	447	327	768	7.61e-180	628	2714355
dc6c296ec7f3c70227dffebe05415bf0	gi|2363083800|ref|NR_180148.1|	91.874	443	35	1	6	447	349	791	1.65e-176	617	2211183
dc6c296ec7f3c70227dffebe05415bf0	gi|2363082569|ref|NR_179531.1|	91.874	443	34	2	6	447	347	788	1.65e-176	617	1852369
dc6c296ec7f3c70227dffebe05415bf0	gi|645321636|ref|NR_118554.1|	91.874	443	35	1	6	447	329	771	1.65e-176	617	1297617
dc6c296ec7f3c70227dffebe05415bf0	gi|219846612|ref|NR_026204.1|	91.648	443	36	1	6	447	328	770	2.13e-175	614	47246
dc6c296ec7f3c70227dffebe05415bf0	gi|2363082165|ref|NR_179329.1|	91.648	443	35	2	6	447	327	768	7.67e-175	612	2714353
a74389818cd71110a9699b5966ad67d8	gi|2621112340|ref|NR_189244.1|	94.570	442	24	0	6	447	363	804	0.0	684	3046382
a74389818cd71110a9699b5966ad67d8	gi|2621112341|ref|NR_189245.1|	94.344	442	25	0	6	447	363	804	0.0	678	3046383
a74389818cd71110a9699b5966ad67d8	gi|636559633|ref|NR_115693.1|	87.838	444	49	4	6	447	442	882	6.18e-146	516	694434
a74389818cd71110a9699b5966ad67d8	gi|636559632|ref|NR_115692.1|	87.838	444	49	4	6	447	442	882	6.18e-146	516	694434
a74389818cd71110a9699b5966ad67d8	gi|636559631|ref|NR_115691.1|	87.838	444	49	4	6	447	436	876	6.18e-146	516	694434
a74389818cd71110a9699b5966ad67d8	gi|636559630|ref|NR_115690.1|	87.838	444	49	4	6	447	448	888	6.18e-146	516	694434
a74389818cd71110a9699b5966ad67d8	gi|343198739|ref|NR_043559.1|	87.838	444	49	4	6	447	447	887	6.18e-146	516	694434
a74389818cd71110a9699b5966ad67d8	gi|566085050|ref|NR_108636.1|	87.359	443	52	4	6	447	348	787	1.34e-142	505	682400
a74389818cd71110a9699b5966ad67d8	gi|343198541|ref|NR_042834.1|	86.907	443	56	2	6	447	321	762	8.06e-140	496	235931
a74389818cd71110a9699b5966ad67d8	gi|2836274966|ref|NR_197729.1|	86.682	443	55	4	6	447	304	743	1.35e-137	488	3093657
76941cef6000821feb2d0b0e17513152	gi|631251873|ref|NR_113071.1|	92.873	463	27	6	6	465	341	800	0.0	667	1236498
76941cef6000821feb2d0b0e17513152	gi|631251471|ref|NR_112668.1|	92.873	463	27	6	6	465	330	789	0.0	667	732242
76941cef6000821feb2d0b0e17513152	gi|444304091|ref|NR_074515.1|	92.424	462	31	4	6	465	350	809	0.0	656	435590
76941cef6000821feb2d0b0e17513152	gi|631251748|ref|NR_112946.1|	92.424	462	31	4	6	465	339	798	0.0	656	821
76941cef6000821feb2d0b0e17513152	gi|1146059112|ref|NR_145844.1|	92.208	462	32	4	6	465	339	798	0.0	651	1411144
76941cef6000821feb2d0b0e17513152	gi|631250946|ref|NR_112143.1|	92.208	462	32	4	6	465	307	766	0.0	651	821
76941cef6000821feb2d0b0e17513152	gi|1116030286|ref|NR_144744.1|	91.957	460	37	0	6	465	339	798	0.0	645	1841856
76941cef6000821feb2d0b0e17513152	gi|343200664|ref|NR_041351.1|	91.991	462	33	4	6	465	341	800	0.0	645	357276
76941cef6000821feb2d0b0e17513152	gi|2363082635|ref|NR_179564.1|	91.342	462	36	4	6	465	338	797	7.93e-180	628	1903262
76941cef6000821feb2d0b0e17513152	gi|444304192|ref|NR_074616.1|	91.304	460	40	0	6	465	341	800	7.93e-180	628	376805
ee409600864918331757a35b685e25dd	gi|645320588|ref|NR_117758.1|	99.548	442	2	0	6	447	322	763	0.0	806	166486
ee409600864918331757a35b685e25dd	gi|228716944|ref|NR_027557.1|	99.548	442	2	0	6	447	343	784	0.0	806	536231
ee409600864918331757a35b685e25dd	gi|444439494|ref|NR_074809.1|	99.095	442	3	1	6	447	350	790	0.0	793	585394
ee409600864918331757a35b685e25dd	gi|343201282|ref|NR_042008.1|	98.869	442	3	2	6	447	341	780	0.0	787	585394
ee409600864918331757a35b685e25dd	gi|343198540|ref|NR_042832.1|	98.643	442	5	1	6	447	330	770	0.0	782	301302
ee409600864918331757a35b685e25dd	gi|1227086116|ref|NR_148619.1|	98.194	443	6	2	6	447	301	742	0.0	773	1712665
ee409600864918331757a35b685e25dd	gi|343201281|ref|NR_042007.1|	97.748	444	6	4	6	447	343	784	0.0	761	622312
ee409600864918331757a35b685e25dd	gi|2363085153|ref|NR_180825.1|	97.511	442	10	1	6	447	347	787	0.0	754	2605790
ee409600864918331757a35b685e25dd	gi|444304209|ref|NR_074634.1|	97.511	442	9	1	6	447	350	789	0.0	754	515619
ee409600864918331757a35b685e25dd	gi|2363086282|ref|NR_181393.1|	97.285	442	10	1	6	447	290	729	0.0	749	2763664
554b9cd34e49bf3d45e3989c9a1e378d	gi|343200677|ref|NR_041364.1|	96.304	460	17	0	6	465	337	796	0.0	756	1002367
554b9cd34e49bf3d45e3989c9a1e378d	gi|2363084409|ref|NR_180452.1|	92.826	460	33	0	6	465	321	780	0.0	667	2518605
554b9cd34e49bf3d45e3989c9a1e378d	gi|631252213|ref|NR_113411.1|	92.391	460	35	0	6	465	341	800	0.0	656	537011
554b9cd34e49bf3d45e3989c9a1e378d	gi|343200190|ref|NR_040877.1|	92.174	460	36	0	6	465	341	800	0.0	652	537011
554b9cd34e49bf3d45e3989c9a1e378d	gi|2363080041|ref|NR_178237.1|	91.558	462	35	4	6	465	330	789	0.0	634	2801997
554b9cd34e49bf3d45e3989c9a1e378d	gi|631251924|ref|NR_113122.1|	91.558	462	35	4	6	465	339	798	0.0	634	185294
554b9cd34e49bf3d45e3989c9a1e378d	gi|631251895|ref|NR_113093.1|	91.522	460	39	0	6	465	339	798	0.0	634	419005
554b9cd34e49bf3d45e3989c9a1e378d	gi|219857187|ref|NR_024815.1|	91.126	462	37	4	6	465	339	798	3.69e-178	623	228603
554b9cd34e49bf3d45e3989c9a1e378d	gi|343202301|ref|NR_042587.1|	90.889	461	40	2	6	465	319	778	1.33e-177	621	419005
554b9cd34e49bf3d45e3989c9a1e378d	gi|343200237|ref|NR_040924.1|	91.126	462	36	5	6	465	319	777	1.33e-177	621	185294
58bc08eee82f6ad223525aaccfcb6c1a	gi|219857122|ref|NR_024750.1|	98.866	441	4	1	6	445	300	740	0.0	787	116085
58bc08eee82f6ad223525aaccfcb6c1a	gi|2363080283|ref|NR_178367.1|	95.455	440	20	0	6	445	328	767	0.0	702	673271
58bc08eee82f6ad223525aaccfcb6c1a	gi|219878251|ref|NR_025390.1|	95.000	440	22	0	6	445	330	769	0.0	691	115544
58bc08eee82f6ad223525aaccfcb6c1a	gi|1040567056|ref|NR_137405.1|	94.773	440	23	0	6	445	307	746	0.0	686	1619234
58bc08eee82f6ad223525aaccfcb6c1a	gi|1109168027|ref|NR_144612.1|	94.545	440	24	0	6	445	350	789	0.0	680	1796636
58bc08eee82f6ad223525aaccfcb6c1a	gi|3248465643|ref|NR_201655.1|	94.344	442	21	4	6	445	313	752	0.0	675	3380807
58bc08eee82f6ad223525aaccfcb6c1a	gi|3030611230|ref|NR_199906.1|	94.318	440	25	0	6	445	354	793	0.0	675	3123317
58bc08eee82f6ad223525aaccfcb6c1a	gi|3030611314|ref|NR_199990.1|	94.318	440	25	0	6	445	350	789	0.0	675	3123317
58bc08eee82f6ad223525aaccfcb6c1a	gi|2136551567|ref|NR_173570.1|	94.344	442	21	4	6	445	330	769	0.0	675	1912090
58bc08eee82f6ad223525aaccfcb6c1a	gi|1384992332|ref|NR_156081.1|	94.318	440	25	0	6	445	336	775	0.0	675	1469948
90d6ca94cf41d62f41547b77333de55e	gi|2363086274|ref|NR_181389.1|	88.939	443	44	5	6	446	295	734	1.02e-153	542	2763657
90d6ca94cf41d62f41547b77333de55e	gi|1776910887|ref|NR_164620.1|	87.755	441	53	1	6	446	347	786	2.22e-145	514	2173034
90d6ca94cf41d62f41547b77333de55e	gi|2363083221|ref|NR_179859.1|	87.755	441	53	1	6	446	347	786	2.22e-145	514	2078660
90d6ca94cf41d62f41547b77333de55e	gi|3030611263|ref|NR_199939.1|	87.810	443	49	5	6	446	332	771	2.22e-145	514	3074434
90d6ca94cf41d62f41547b77333de55e	gi|672239088|ref|NR_125677.1|	87.838	444	47	7	6	446	346	785	2.22e-145	514	1348613
90d6ca94cf41d62f41547b77333de55e	gi|1116030284|ref|NR_144742.1|	87.613	444	51	4	6	446	352	794	7.98e-145	512	1805714
90d6ca94cf41d62f41547b77333de55e	gi|2363084132|ref|NR_180315.1|	87.640	445	49	6	6	446	323	765	7.98e-145	512	2496273
90d6ca94cf41d62f41547b77333de55e	gi|2363081254|ref|NR_178871.1|	87.557	442	53	2	6	446	337	777	2.87e-144	510	1792311
90d6ca94cf41d62f41547b77333de55e	gi|2363086270|ref|NR_181387.1|	87.557	442	54	1	6	446	302	743	2.87e-144	510	2763656
90d6ca94cf41d62f41547b77333de55e	gi|2363082625|ref|NR_179559.1|	87.330	442	54	2	6	446	333	773	1.34e-142	505	1871018
6aa9f1b63baebbaa1f1da3a8963971c2	gi|2363083451|ref|NR_179974.1|	98.911	459	5	0	6	464	327	785	0.0	822	2093856
6aa9f1b63baebbaa1f1da3a8963971c2	gi|2363082787|ref|NR_179642.1|	98.911	459	5	0	6	464	315	773	0.0	822	2042309
6aa9f1b63baebbaa1f1da3a8963971c2	gi|699005326|ref|NR_126195.1|	96.732	459	15	0	6	464	335	793	0.0	765	1472417
6aa9f1b63baebbaa1f1da3a8963971c2	gi|1864207064|ref|NR_169358.1|	96.514	459	16	0	6	464	335	793	0.0	760	1720203
6aa9f1b63baebbaa1f1da3a8963971c2	gi|699005325|ref|NR_126194.1|	96.296	459	17	0	6	464	335	793	0.0	760	1472416
6aa9f1b63baebbaa1f1da3a8963971c2	gi|343201004|ref|NR_041691.1|	95.861	459	19	0	6	464	335	793	0.0	743	544645
6aa9f1b63baebbaa1f1da3a8963971c2	gi|3248465683|ref|NR_201697.1|	94.553	459	25	0	6	464	285	743	0.0	710	3378067
6aa9f1b63baebbaa1f1da3a8963971c2	gi|343201003|ref|NR_041690.1|	93.464	459	30	0	6	464	333	791	0.0	682	544644
6aa9f1b63baebbaa1f1da3a8963971c2	gi|1182956112|ref|NR_146820.1|	90.022	461	42	4	6	464	335	793	8.03e-170	595	1720195
6aa9f1b63baebbaa1f1da3a8963971c2	gi|2363082669|ref|NR_179582.1|	89.588	461	44	4	6	464	315	773	6.25e-166	582	1917882
60b3dc3d28fa38c322173aa3732db63f	gi|2363082157|ref|NR_179325.1|	99.355	465	3	0	6	470	300	764	0.0	843	2682456
60b3dc3d28fa38c322173aa3732db63f	gi|343201163|ref|NR_041879.1|	99.355	465	3	0	6	470	283	747	0.0	843	39778
60b3dc3d28fa38c322173aa3732db63f	gi|636559298|ref|NR_115355.1|	99.355	465	3	0	6	470	326	790	0.0	843	39778
60b3dc3d28fa38c322173aa3732db63f	gi|645322415|ref|NR_119169.1|	99.140	465	4	0	6	470	331	795	0.0	839	39778
60b3dc3d28fa38c322173aa3732db63f	gi|631252372|ref|NR_113570.1|	98.495	465	7	0	6	470	333	797	0.0	821	1110546
60b3dc3d28fa38c322173aa3732db63f	gi|1679775917|ref|NR_163639.1|	98.498	466	3	4	6	470	345	807	0.0	819	1911679
60b3dc3d28fa38c322173aa3732db63f	gi|444439665|ref|NR_074980.1|	98.280	465	8	0	6	470	353	817	0.0	815	479436
60b3dc3d28fa38c322173aa3732db63f	gi|631251833|ref|NR_113031.1|	98.280	465	8	0	6	470	353	817	0.0	815	29466
60b3dc3d28fa38c322173aa3732db63f	gi|645322414|ref|NR_119168.1|	98.280	465	8	0	6	470	331	795	0.0	815	479436
60b3dc3d28fa38c322173aa3732db63f	gi|645320589|ref|NR_117759.1|	98.065	465	9	0	6	470	329	793	0.0	811	479436
9ddb15ebd30296315a5cacf7ae596725	gi|2260349448|ref|NR_176530.1|	99.321	442	3	0	6	447	358	799	0.0	800	2093857
9ddb15ebd30296315a5cacf7ae596725	gi|2363082559|ref|NR_179526.1|	99.321	442	3	0	6	447	349	790	0.0	800	1841866
9ddb15ebd30296315a5cacf7ae596725	gi|645321110|ref|NR_118156.1|	95.475	442	20	0	6	447	304	745	0.0	706	1007096
9ddb15ebd30296315a5cacf7ae596725	gi|2962412234|ref|NR_199428.1|	95.249	442	21	0	6	447	352	793	0.0	701	3073143
9ddb15ebd30296315a5cacf7ae596725	gi|2363087001|ref|NR_181757.1|	94.820	444	19	4	6	447	289	730	0.0	689	2841504
9ddb15ebd30296315a5cacf7ae596725	gi|2363082170|ref|NR_179331.1|	94.808	443	22	1	6	447	328	770	0.0	689	2714358
9ddb15ebd30296315a5cacf7ae596725	gi|1269801610|ref|NR_074793.2|	94.118	442	26	0	6	447	355	796	0.0	673	351091
9ddb15ebd30296315a5cacf7ae596725	gi|343200653|ref|NR_041340.1|	94.118	442	26	0	6	447	328	769	0.0	673	351091
9ddb15ebd30296315a5cacf7ae596725	gi|2363082569|ref|NR_179531.1|	93.891	442	27	0	6	447	347	788	0.0	667	1852369
9ddb15ebd30296315a5cacf7ae596725	gi|2363082165|ref|NR_179329.1|	93.454	443	27	2	6	447	327	768	0.0	656	2714353
80929b1627972bdd60461241cacf4b60	gi|2363082168|ref|NR_179330.1|	93.679	443	27	1	6	448	327	768	0.0	662	2714355
80929b1627972bdd60461241cacf4b60	gi|2363082165|ref|NR_179329.1|	93.454	443	28	1	6	448	327	768	0.0	656	2714353
80929b1627972bdd60461241cacf4b60	gi|3030611324|ref|NR_200000.1|	93.002	443	31	0	6	448	301	743	0.0	647	3342383
80929b1627972bdd60461241cacf4b60	gi|2363082342|ref|NR_179418.1|	93.002	443	31	0	6	448	348	790	0.0	647	1673721
80929b1627972bdd60461241cacf4b60	gi|1109168025|ref|NR_144611.1|	92.777	443	32	0	6	448	282	724	0.0	641	1417852
80929b1627972bdd60461241cacf4b60	gi|2363082326|ref|NR_179410.1|	92.325	443	34	0	6	448	349	791	2.12e-180	630	1650661
80929b1627972bdd60461241cacf4b60	gi|645321636|ref|NR_118554.1|	92.342	444	32	2	6	448	329	771	2.12e-180	630	1297617
80929b1627972bdd60461241cacf4b60	gi|2363082352|ref|NR_179423.1|	92.135	445	31	4	6	448	349	791	9.87e-179	625	1689270
80929b1627972bdd60461241cacf4b60	gi|219846612|ref|NR_026204.1|	91.685	445	33	4	6	448	328	770	5.94e-176	616	47246
80929b1627972bdd60461241cacf4b60	gi|2136551692|ref|NR_173697.1|	91.648	443	36	1	6	448	349	790	7.68e-175	612	2108523
9544c972e0728e05b5e8fc23efffb71e	gi|631252118|ref|NR_113316.1|	99.773	441	1	0	6	446	327	767	0.0	809	74426
9544c972e0728e05b5e8fc23efffb71e	gi|265678302|ref|NR_028604.1|	98.866	441	4	1	6	446	327	766	0.0	785	74426
9544c972e0728e05b5e8fc23efffb71e	gi|1193829136|ref|NR_147379.1|	97.059	442	10	3	6	446	328	767	0.0	741	1907654
9544c972e0728e05b5e8fc23efffb71e	gi|1193829156|ref|NR_147399.1|	96.145	441	16	1	6	446	328	767	0.0	719	1871016
9544c972e0728e05b5e8fc23efffb71e	gi|1109167962|ref|NR_144579.1|	95.692	441	18	1	6	446	322	761	0.0	708	1232426
9544c972e0728e05b5e8fc23efffb71e	gi|2363082368|ref|NR_179431.1|	95.465	441	19	1	6	446	328	767	0.0	702	1720204
9544c972e0728e05b5e8fc23efffb71e	gi|631251967|ref|NR_113165.1|	95.465	441	19	1	6	446	328	767	0.0	702	147207
9544c972e0728e05b5e8fc23efffb71e	gi|631251966|ref|NR_113164.1|	95.465	441	19	1	6	446	328	767	0.0	702	147206
9544c972e0728e05b5e8fc23efffb71e	gi|2363084792|ref|NR_180644.1|	95.238	441	20	1	6	446	249	688	0.0	699	2603815
9544c972e0728e05b5e8fc23efffb71e	gi|2363082703|ref|NR_179599.1|	95.023	442	19	3	6	446	308	747	0.0	691	1937461
4becebf170d8b3420af2d07c9cf79776	gi|2363087001|ref|NR_181757.1|	96.154	442	17	0	6	447	289	730	0.0	723	2841504
4becebf170d8b3420af2d07c9cf79776	gi|2260349448|ref|NR_176530.1|	95.270	444	17	4	6	447	358	799	0.0	701	2093857
4becebf170d8b3420af2d07c9cf79776	gi|2363082559|ref|NR_179526.1|	95.270	444	17	4	6	447	349	790	0.0	701	1841866
4becebf170d8b3420af2d07c9cf79776	gi|2363082170|ref|NR_179331.1|	93.933	445	22	5	6	447	328	770	0.0	667	2714358
4becebf170d8b3420af2d07c9cf79776	gi|645321110|ref|NR_118156.1|	93.919	444	23	4	6	447	304	745	0.0	667	1007096
4becebf170d8b3420af2d07c9cf79776	gi|1269801610|ref|NR_074793.2|	93.454	443	27	2	6	447	355	796	0.0	656	351091
4becebf170d8b3420af2d07c9cf79776	gi|2962412234|ref|NR_199428.1|	93.468	444	25	4	6	447	352	793	0.0	656	3073143
4becebf170d8b3420af2d07c9cf79776	gi|343200653|ref|NR_041340.1|	93.454	443	27	2	6	447	328	769	0.0	656	351091
4becebf170d8b3420af2d07c9cf79776	gi|2363082165|ref|NR_179329.1|	93.049	446	23	8	6	447	327	768	0.0	645	2714353
4becebf170d8b3420af2d07c9cf79776	gi|2363082569|ref|NR_179531.1|	92.793	444	28	4	6	447	347	788	0.0	640	1852369
f4a2eeaf63429fad42b9e0f594d1d762	gi|631251740|ref|NR_112938.1|	99.348	460	3	0	6	465	326	785	0.0	833	204516
f4a2eeaf63429fad42b9e0f594d1d762	gi|343198509|ref|NR_042745.1|	99.348	460	3	0	6	465	338	797	0.0	833	204516
f4a2eeaf63429fad42b9e0f594d1d762	gi|343200626|ref|NR_041313.1|	95.000	460	23	0	6	465	340	799	0.0	723	338188
f4a2eeaf63429fad42b9e0f594d1d762	gi|636560121|ref|NR_116181.1|	94.565	460	24	1	6	465	333	791	0.0	710	28116
f4a2eeaf63429fad42b9e0f594d1d762	gi|631251749|ref|NR_112947.1|	94.348	460	26	0	6	465	326	785	0.0	708	657309
f4a2eeaf63429fad42b9e0f594d1d762	gi|1491509587|ref|NR_159118.1|	94.348	460	26	0	6	465	310	769	0.0	706	28116
f4a2eeaf63429fad42b9e0f594d1d762	gi|1491509586|ref|NR_159117.1|	94.348	460	26	0	6	465	301	760	0.0	706	28116
f4a2eeaf63429fad42b9e0f594d1d762	gi|2363084431|ref|NR_180463.1|	94.348	460	26	0	6	465	340	799	0.0	706	2650158
f4a2eeaf63429fad42b9e0f594d1d762	gi|2363084421|ref|NR_180458.1|	94.348	460	26	0	6	465	340	799	0.0	706	2650157
f4a2eeaf63429fad42b9e0f594d1d762	gi|631251742|ref|NR_112940.1|	94.348	460	26	0	6	465	327	786	0.0	706	28116
09a50d41b29ab49d2fbe401e12424bec	gi|2363086290|ref|NR_181397.1|	96.136	440	17	0	6	445	303	742	0.0	719	2763671
09a50d41b29ab49d2fbe401e12424bec	gi|2363087259|ref|NR_181885.1|	95.909	440	18	0	6	445	335	774	0.0	715	2885351
09a50d41b29ab49d2fbe401e12424bec	gi|3030611230|ref|NR_199906.1|	95.682	440	19	0	6	445	354	793	0.0	708	3123317
09a50d41b29ab49d2fbe401e12424bec	gi|3030611314|ref|NR_199990.1|	95.682	440	19	0	6	445	350	789	0.0	708	3123317
09a50d41b29ab49d2fbe401e12424bec	gi|1384992331|ref|NR_156080.1|	95.682	440	19	0	6	445	336	775	0.0	708	1469948
09a50d41b29ab49d2fbe401e12424bec	gi|1384992328|ref|NR_156077.1|	95.682	440	19	0	6	445	336	775	0.0	708	1469948
09a50d41b29ab49d2fbe401e12424bec	gi|974142252|ref|NR_134772.1|	95.682	440	19	0	6	445	297	736	0.0	708	1337051
09a50d41b29ab49d2fbe401e12424bec	gi|2363086292|ref|NR_181398.1|	95.682	440	19	0	6	445	299	738	0.0	708	2763667
09a50d41b29ab49d2fbe401e12424bec	gi|2363085169|ref|NR_180833.1|	95.455	440	20	0	6	445	337	776	0.0	702	2606635
09a50d41b29ab49d2fbe401e12424bec	gi|1384992332|ref|NR_156081.1|	95.455	440	20	0	6	445	336	775	0.0	702	1469948
7bef678181658bdfc817068b4c597d95	gi|645321791|ref|NR_118675.1|	92.727	440	32	0	6	445	339	778	0.0	643	39492
7bef678181658bdfc817068b4c597d95	gi|265678854|ref|NR_029160.1|	91.629	442	33	4	6	445	293	732	9.87e-174	608	40519
7bef678181658bdfc817068b4c597d95	gi|3248465644|ref|NR_201656.1|	90.455	440	42	0	6	445	329	768	2.15e-165	580	3417633
7bef678181658bdfc817068b4c597d95	gi|2136551683|ref|NR_173688.1|	90.455	440	42	0	6	445	321	760	2.15e-165	580	2780922
7bef678181658bdfc817068b4c597d95	gi|1864207164|ref|NR_169458.1|	90.227	440	43	0	6	445	345	784	1.00e-163	575	2164149
7bef678181658bdfc817068b4c597d95	gi|2363082601|ref|NR_179547.1|	90.249	441	41	2	6	445	347	786	1.00e-163	575	1870991
7bef678181658bdfc817068b4c597d95	gi|507148077|ref|NR_102884.1|	90.000	440	44	0	6	445	331	770	4.66e-162	569	213810
7bef678181658bdfc817068b4c597d95	gi|3248465648|ref|NR_201660.1|	89.545	440	46	0	6	445	319	758	1.01e-158	558	3417630
7bef678181658bdfc817068b4c597d95	gi|444303976|ref|NR_074399.1|	89.545	440	46	0	6	445	333	772	1.01e-158	558	697329
7bef678181658bdfc817068b4c597d95	gi|631251834|ref|NR_113032.1|	89.545	440	46	0	6	445	333	772	1.01e-158	558	1264
8fc57591fca5a8fab0229f96b6a7e22c	gi|444304012|ref|NR_074436.1|	98.434	447	7	0	5	451	320	766	0.0	787	239935
8fc57591fca5a8fab0229f96b6a7e22c	gi|343202494|ref|NR_042817.1|	98.434	447	7	0	5	451	300	746	0.0	787	349741
8fc57591fca5a8fab0229f96b6a7e22c	gi|1315204026|ref|NR_152695.1|	92.000	450	32	3	5	451	299	747	7.68e-180	628	1679444
8fc57591fca5a8fab0229f96b6a7e22c	gi|343200983|ref|NR_041670.1|	85.439	467	47	7	5	451	297	762	1.77e-131	468	490092
8fc57591fca5a8fab0229f96b6a7e22c	gi|343200984|ref|NR_041671.1|	85.225	467	48	9	5	451	319	784	2.97e-129	460	490093
8fc57591fca5a8fab0229f96b6a7e22c	gi|219846674|ref|NR_026266.1|	85.011	467	48	8	5	451	303	767	1.07e-128	459	240016
8fc57591fca5a8fab0229f96b6a7e22c	gi|343200937|ref|NR_041624.1|	85.043	468	47	9	5	451	320	785	1.38e-127	455	454151
8fc57591fca5a8fab0229f96b6a7e22c	gi|2260349445|ref|NR_176527.1|	84.979	466	49	7	5	451	317	780	4.96e-127	453	2576071
8fc57591fca5a8fab0229f96b6a7e22c	gi|343200987|ref|NR_041674.1|	84.797	467	50	9	5	451	318	783	6.42e-126	449	490096
8fc57591fca5a8fab0229f96b6a7e22c	gi|566085532|ref|NR_109603.1|	84.582	467	51	9	5	451	280	745	2.99e-124	444	1157309
11eee66c5b33f31b29b96b67dcc3aa51	gi|631252213|ref|NR_113411.1|	95.639	321	14	0	127	447	480	800	6.18e-146	516	537011
11eee66c5b33f31b29b96b67dcc3aa51	gi|343200190|ref|NR_040877.1|	95.639	321	14	0	127	447	480	800	6.18e-146	516	537011
11eee66c5b33f31b29b96b67dcc3aa51	gi|2363084409|ref|NR_180452.1|	93.769	321	20	0	127	447	460	780	6.27e-136	483	2518605
11eee66c5b33f31b29b96b67dcc3aa51	gi|2221405403|ref|NR_175509.1|	91.950	323	24	2	126	447	479	800	1.77e-126	451	2608404
11eee66c5b33f31b29b96b67dcc3aa51	gi|2363087259|ref|NR_181885.1|	85.169	445	58	7	6	447	335	774	1.77e-126	451	2885351
11eee66c5b33f31b29b96b67dcc3aa51	gi|566085557|ref|NR_109628.1|	91.641	323	25	2	126	447	460	781	8.23e-125	446	1177574
11eee66c5b33f31b29b96b67dcc3aa51	gi|631253107|ref|NR_114305.1|	91.641	323	25	2	126	447	479	800	8.23e-125	446	1236518
11eee66c5b33f31b29b96b67dcc3aa51	gi|631251907|ref|NR_113105.1|	91.641	323	25	2	126	447	467	788	8.23e-125	446	470565
11eee66c5b33f31b29b96b67dcc3aa51	gi|636560666|ref|NR_116726.1|	91.641	323	25	2	126	447	459	780	8.23e-125	446	1236518
11eee66c5b33f31b29b96b67dcc3aa51	gi|343199048|ref|NR_044407.1|	91.641	323	25	2	126	447	459	780	8.23e-125	446	470565
5039150fa2720ef5c4912452746903ec	gi|3248465651|ref|NR_201663.1|	99.355	465	3	0	6	470	347	811	0.0	843	3434972
5039150fa2720ef5c4912452746903ec	gi|2363080549|ref|NR_178515.1|	98.925	465	5	0	6	470	320	784	0.0	832	1156431
5039150fa2720ef5c4912452746903ec	gi|3248465650|ref|NR_201662.1|	98.925	465	5	0	6	470	347	811	0.0	832	3434972
5039150fa2720ef5c4912452746903ec	gi|265678529|ref|NR_028833.1|	98.925	465	5	0	6	470	347	811	0.0	832	176090
5039150fa2720ef5c4912452746903ec	gi|1811131555|ref|NR_165737.1|	98.495	465	7	0	6	470	320	784	0.0	821	2382163
5039150fa2720ef5c4912452746903ec	gi|631252062|ref|NR_113260.1|	98.280	465	8	0	6	470	320	784	0.0	815	1305
5039150fa2720ef5c4912452746903ec	gi|636560151|ref|NR_116211.1|	98.280	465	8	0	6	470	243	707	0.0	815	760570
5039150fa2720ef5c4912452746903ec	gi|636559675|ref|NR_115735.1|	98.280	465	8	0	6	470	311	775	0.0	815	760570
5039150fa2720ef5c4912452746903ec	gi|636559184|ref|NR_115241.1|	98.280	465	8	0	6	470	320	784	0.0	815	760570
5039150fa2720ef5c4912452746903ec	gi|219857213|ref|NR_024841.1|	98.280	465	8	0	6	470	334	798	0.0	815	888807
5a5615a2ff7eded23cd03e1630b9946a	gi|2363082342|ref|NR_179418.1|	90.519	443	42	0	6	448	348	790	4.66e-167	586	1673721
5a5615a2ff7eded23cd03e1630b9946a	gi|2363082358|ref|NR_179426.1|	90.135	446	38	5	6	448	349	791	1.01e-163	575	1702285
5a5615a2ff7eded23cd03e1630b9946a	gi|2136551692|ref|NR_173697.1|	90.112	445	39	4	6	448	349	790	3.63e-163	573	2108523
5a5615a2ff7eded23cd03e1630b9946a	gi|2363082352|ref|NR_179423.1|	89.888	445	41	4	6	448	349	791	4.69e-162	569	1689270
5a5615a2ff7eded23cd03e1630b9946a	gi|645321636|ref|NR_118554.1|	89.865	444	43	2	6	448	329	771	4.69e-162	569	1297617
5a5615a2ff7eded23cd03e1630b9946a	gi|2363082326|ref|NR_179410.1|	88.989	445	45	3	6	448	349	791	2.20e-155	547	1650661
5a5615a2ff7eded23cd03e1630b9946a	gi|1193829127|ref|NR_147370.1|	88.539	445	47	3	6	448	349	791	4.76e-152	536	1870988
5a5615a2ff7eded23cd03e1630b9946a	gi|1109168025|ref|NR_144611.1|	88.565	446	45	5	6	448	282	724	4.76e-152	536	1417852
5a5615a2ff7eded23cd03e1630b9946a	gi|645321110|ref|NR_118156.1|	88.288	444	49	3	6	448	304	745	7.96e-150	529	1007096
5a5615a2ff7eded23cd03e1630b9946a	gi|3030611323|ref|NR_199999.1|	87.810	443	54	0	6	448	301	743	4.79e-147	520	3133422
292dd0b5827270914d18c49b4d99cb09	gi|343200980|ref|NR_041667.1|	99.140	465	4	0	6	470	320	784	0.0	837	487175
292dd0b5827270914d18c49b4d99cb09	gi|631252130|ref|NR_113328.1|	91.221	467	37	4	6	470	332	796	0.0	632	626947
292dd0b5827270914d18c49b4d99cb09	gi|631251705|ref|NR_112903.1|	91.221	467	37	4	6	470	312	776	0.0	632	626947
292dd0b5827270914d18c49b4d99cb09	gi|2363082296|ref|NR_179395.1|	89.507	467	45	4	6	470	330	794	1.05e-168	592	1506471
292dd0b5827270914d18c49b4d99cb09	gi|2136551693|ref|NR_173698.1|	89.079	467	47	4	6	470	318	782	1.76e-166	584	2259133
292dd0b5827270914d18c49b4d99cb09	gi|1811131556|ref|NR_165738.1|	89.293	467	46	4	6	470	309	773	6.34e-166	582	2490857
292dd0b5827270914d18c49b4d99cb09	gi|1246951785|ref|NR_149789.1|	89.032	465	51	0	6	470	297	761	2.95e-164	577	1783360
292dd0b5827270914d18c49b4d99cb09	gi|1246951779|ref|NR_149783.1|	89.079	467	47	4	6	470	337	801	2.95e-164	577	1769758
292dd0b5827270914d18c49b4d99cb09	gi|2363086886|ref|NR_181700.1|	89.079	467	47	4	6	470	329	793	2.95e-164	577	2825886
292dd0b5827270914d18c49b4d99cb09	gi|2363086884|ref|NR_181699.1|	89.079	467	47	4	6	470	329	793	2.95e-164	577	2825884
f94736cfb7cc8f7bc807580c6afc9664	gi|631252073|ref|NR_113271.1|	96.522	460	16	0	6	465	339	798	0.0	761	742725
f94736cfb7cc8f7bc807580c6afc9664	gi|631251698|ref|NR_112896.1|	96.522	460	16	0	6	465	319	778	0.0	761	742725
f94736cfb7cc8f7bc807580c6afc9664	gi|1116030248|ref|NR_144706.1|	96.304	460	17	0	6	465	342	801	0.0	756	1211813
f94736cfb7cc8f7bc807580c6afc9664	gi|2363082099|ref|NR_179296.1|	91.739	460	38	0	6	465	324	783	0.0	640	2585119
f94736cfb7cc8f7bc807580c6afc9664	gi|631251954|ref|NR_113152.1|	91.757	461	36	2	6	465	337	796	0.0	640	28117
f94736cfb7cc8f7bc807580c6afc9664	gi|645321193|ref|NR_118219.1|	91.323	461	38	2	6	465	332	791	7.93e-180	628	1033732
f94736cfb7cc8f7bc807580c6afc9664	gi|672239000|ref|NR_125589.1|	91.323	461	38	2	6	465	269	728	7.93e-180	628	1033731
f94736cfb7cc8f7bc807580c6afc9664	gi|2363086959|ref|NR_181736.1|	91.087	460	41	0	6	465	334	793	3.69e-178	623	2834113
f94736cfb7cc8f7bc807580c6afc9664	gi|631251953|ref|NR_113151.1|	91.087	460	41	0	6	465	338	797	3.69e-178	623	328813
f94736cfb7cc8f7bc807580c6afc9664	gi|343202833|ref|NR_043318.1|	91.087	460	41	0	6	465	324	783	3.69e-178	623	328813
1db6382520567213437974fb22fbf96a	gi|343200626|ref|NR_041313.1|	99.130	460	4	0	6	465	340	799	0.0	828	338188
1db6382520567213437974fb22fbf96a	gi|2363084421|ref|NR_180458.1|	98.478	460	7	0	6	465	340	799	0.0	811	2650157
1db6382520567213437974fb22fbf96a	gi|631251869|ref|NR_113067.1|	98.043	460	9	0	6	465	325	784	0.0	800	1077285
1db6382520567213437974fb22fbf96a	gi|645320100|ref|NR_117387.1|	97.826	460	10	0	6	465	320	779	0.0	795	1077285
1db6382520567213437974fb22fbf96a	gi|631251749|ref|NR_112947.1|	97.391	460	12	0	6	465	326	785	0.0	785	657309
1db6382520567213437974fb22fbf96a	gi|2363084431|ref|NR_180463.1|	97.391	460	12	0	6	465	340	799	0.0	784	2650158
1db6382520567213437974fb22fbf96a	gi|631251734|ref|NR_112932.1|	97.391	460	12	0	6	465	328	787	0.0	784	47678
1db6382520567213437974fb22fbf96a	gi|631251733|ref|NR_112931.1|	97.391	460	12	0	6	465	340	799	0.0	784	85831
1db6382520567213437974fb22fbf96a	gi|343201773|ref|NR_042499.1|	97.391	460	12	0	6	465	294	753	0.0	784	657309
1db6382520567213437974fb22fbf96a	gi|219846650|ref|NR_026242.1|	97.391	460	12	0	6	465	318	777	0.0	784	47678
ed752333c9cb645b56d3f78fa1aba657	gi|2363082841|ref|NR_179669.1|	98.031	457	9	0	6	462	360	816	0.0	795	2161821
ed752333c9cb645b56d3f78fa1aba657	gi|2363082109|ref|NR_179301.1|	98.031	457	9	0	6	462	344	800	0.0	795	2582419
ed752333c9cb645b56d3f78fa1aba657	gi|343200979|ref|NR_041666.1|	94.967	457	23	0	6	462	336	792	0.0	717	742743
ed752333c9cb645b56d3f78fa1aba657	gi|343198671|ref|NR_043231.1|	93.886	458	26	2	6	462	283	739	0.0	689	308994
ed752333c9cb645b56d3f78fa1aba657	gi|631252159|ref|NR_113357.1|	93.682	459	26	3	6	462	356	813	0.0	684	308994
ed752333c9cb645b56d3f78fa1aba657	gi|631252158|ref|NR_113356.1|	93.217	457	30	1	6	462	355	810	0.0	671	309120
ed752333c9cb645b56d3f78fa1aba657	gi|343198462|ref|NR_041895.1|	93.217	457	30	1	6	462	296	751	0.0	671	888062
ed752333c9cb645b56d3f78fa1aba657	gi|631252157|ref|NR_113355.1|	92.593	459	30	4	6	462	356	812	0.0	656	218538
ed752333c9cb645b56d3f78fa1aba657	gi|219846090|ref|NR_025680.1|	92.593	459	30	4	6	462	336	792	0.0	656	592028
ed752333c9cb645b56d3f78fa1aba657	gi|631252179|ref|NR_113377.1|	91.667	468	27	11	6	467	353	814	0.0	638	103892
ffe9f5016fc893b85677b2e27be66d59	gi|645320257|ref|NR_117506.1|	99.775	445	1	0	6	450	311	755	0.0	817	216816
ffe9f5016fc893b85677b2e27be66d59	gi|545589064|ref|NR_044691.2|	99.551	445	2	0	6	450	341	785	0.0	813	216816
ffe9f5016fc893b85677b2e27be66d59	gi|1137647753|ref|NR_145535.1|	99.551	445	2	0	6	450	319	763	0.0	811	1931217
ffe9f5016fc893b85677b2e27be66d59	gi|343202943|ref|NR_043437.1|	99.551	445	2	0	6	450	328	772	0.0	811	1682
ffe9f5016fc893b85677b2e27be66d59	gi|2180566473|ref|NR_174313.1|	98.876	445	5	0	6	450	331	775	0.0	795	2650773
ffe9f5016fc893b85677b2e27be66d59	gi|2363087087|ref|NR_181799.1|	98.652	445	6	0	6	450	330	774	0.0	789	2809026
ffe9f5016fc893b85677b2e27be66d59	gi|545589069|ref|NR_044693.2|	98.202	445	8	0	6	450	339	783	0.0	789	1695
ffe9f5016fc893b85677b2e27be66d59	gi|1040567047|ref|NR_137396.1|	97.978	445	9	0	6	450	264	708	0.0	773	1798158
ffe9f5016fc893b85677b2e27be66d59	gi|2363084292|ref|NR_180396.1|	97.978	445	9	0	6	450	330	774	0.0	773	2306975
ffe9f5016fc893b85677b2e27be66d59	gi|1491520099|ref|NR_159261.1|	97.758	446	9	1	6	450	262	707	0.0	767	2052941
3d08afdbe03b5dad59e5ba4650f47132	gi|1109168025|ref|NR_144611.1|	93.454	443	29	0	6	448	282	724	0.0	658	1417852
3d08afdbe03b5dad59e5ba4650f47132	gi|2363082168|ref|NR_179330.1|	93.468	444	26	3	6	448	327	768	0.0	656	2714355
3d08afdbe03b5dad59e5ba4650f47132	gi|2363082165|ref|NR_179329.1|	93.243	444	27	3	6	448	327	768	0.0	651	2714353
3d08afdbe03b5dad59e5ba4650f47132	gi|343206380|ref|NR_044972.1|	92.793	444	30	2	6	448	331	773	0.0	645	44749
3d08afdbe03b5dad59e5ba4650f47132	gi|3030611324|ref|NR_200000.1|	92.117	444	33	2	6	448	301	743	9.87e-179	625	3342383
3d08afdbe03b5dad59e5ba4650f47132	gi|2363082342|ref|NR_179418.1|	92.117	444	33	2	6	448	348	790	9.87e-179	625	1673721
3d08afdbe03b5dad59e5ba4650f47132	gi|219857437|ref|NR_025025.1|	91.892	444	32	4	6	448	332	772	3.55e-178	623	100176
3d08afdbe03b5dad59e5ba4650f47132	gi|2363082352|ref|NR_179423.1|	91.928	446	30	6	6	448	349	791	4.59e-177	619	1689270
3d08afdbe03b5dad59e5ba4650f47132	gi|645321636|ref|NR_118554.1|	91.910	445	32	4	6	448	329	771	4.59e-177	619	1297617
3d08afdbe03b5dad59e5ba4650f47132	gi|2363083800|ref|NR_180148.1|	91.441	444	36	2	6	448	349	791	9.94e-174	608	2211183
6aa21673ac44deb4075e76b5b9d464d6	gi|265679047|ref|NR_029355.1|	93.905	443	23	4	6	447	332	771	0.0	665	84026
6aa21673ac44deb4075e76b5b9d464d6	gi|2363082601|ref|NR_179547.1|	93.454	443	25	4	6	447	347	786	0.0	654	1870991
6aa21673ac44deb4075e76b5b9d464d6	gi|228717037|ref|NR_027558.1|	92.986	442	28	3	6	447	292	730	0.0	641	169435
6aa21673ac44deb4075e76b5b9d464d6	gi|343205927|ref|NR_044425.1|	92.099	443	31	4	6	447	346	785	1.27e-177	621	474960
6aa21673ac44deb4075e76b5b9d464d6	gi|2363082625|ref|NR_179559.1|	91.910	445	29	7	6	447	333	773	5.93e-176	616	1871018
6aa21673ac44deb4075e76b5b9d464d6	gi|2363082340|ref|NR_179417.1|	91.874	443	31	5	6	447	345	783	2.13e-175	614	1673720
6aa21673ac44deb4075e76b5b9d464d6	gi|2363082755|ref|NR_179626.1|	91.855	442	33	3	6	447	351	789	2.13e-175	614	1987501
6aa21673ac44deb4075e76b5b9d464d6	gi|2363086272|ref|NR_181388.1|	91.648	443	33	4	6	447	388	827	2.76e-174	610	2763658
6aa21673ac44deb4075e76b5b9d464d6	gi|2363082711|ref|NR_179603.1|	91.685	445	28	8	6	447	317	755	9.92e-174	608	1944642
6aa21673ac44deb4075e76b5b9d464d6	gi|2363082585|ref|NR_179539.1|	91.629	442	34	3	6	447	351	789	9.92e-174	608	1852384
48bbbf4f06c65d18d43bfc999b052a02	gi|631251953|ref|NR_113151.1|	96.739	460	15	0	6	465	338	797	0.0	767	328813
48bbbf4f06c65d18d43bfc999b052a02	gi|343202833|ref|NR_043318.1|	96.739	460	15	0	6	465	324	783	0.0	767	328813
48bbbf4f06c65d18d43bfc999b052a02	gi|507148137|ref|NR_102944.1|	96.087	460	18	0	6	465	334	793	0.0	750	214856
48bbbf4f06c65d18d43bfc999b052a02	gi|631251954|ref|NR_113152.1|	96.087	460	18	0	6	465	337	796	0.0	750	28117
48bbbf4f06c65d18d43bfc999b052a02	gi|636559243|ref|NR_115300.1|	96.087	460	18	0	6	465	314	773	0.0	750	679935
48bbbf4f06c65d18d43bfc999b052a02	gi|343198609|ref|NR_043064.1|	96.087	460	18	0	6	465	314	773	0.0	750	214856
48bbbf4f06c65d18d43bfc999b052a02	gi|672239000|ref|NR_125589.1|	95.870	460	19	0	6	465	269	728	0.0	745	1033731
48bbbf4f06c65d18d43bfc999b052a02	gi|631251952|ref|NR_113150.1|	95.870	460	19	0	6	465	334	793	0.0	745	214856
48bbbf4f06c65d18d43bfc999b052a02	gi|2363082099|ref|NR_179296.1|	95.217	460	22	0	6	465	324	783	0.0	728	2585119
48bbbf4f06c65d18d43bfc999b052a02	gi|507148054|ref|NR_102861.1|	95.217	460	22	0	6	465	334	793	0.0	728	717959
50b1975e305178e11d8462a1e45cee33	gi|2363080123|ref|NR_178280.1|	92.342	444	26	8	6	445	331	770	9.80e-179	625	411483
50b1975e305178e11d8462a1e45cee33	gi|2363082667|ref|NR_179581.1|	92.045	440	34	1	6	445	331	769	1.64e-176	617	1917873
50b1975e305178e11d8462a1e45cee33	gi|3030611269|ref|NR_199945.1|	91.874	443	30	6	6	445	335	774	2.12e-175	614	3435293
50b1975e305178e11d8462a1e45cee33	gi|2363081449|ref|NR_178971.1|	91.892	444	27	9	6	445	285	723	7.63e-175	612	1851427
50b1975e305178e11d8462a1e45cee33	gi|265678656|ref|NR_028961.1|	91.667	444	29	8	6	445	327	766	9.87e-174	608	853
50b1975e305178e11d8462a1e45cee33	gi|2363081451|ref|NR_178972.1|	91.441	444	30	8	6	445	285	724	4.59e-172	603	1851428
50b1975e305178e11d8462a1e45cee33	gi|2363080175|ref|NR_178311.1|	90.991	444	32	8	6	445	412	851	9.94e-169	592	2903556
50b1975e305178e11d8462a1e45cee33	gi|559795255|ref|NR_104846.1|	90.971	443	34	6	6	445	288	727	9.94e-169	592	745368
50b1975e305178e11d8462a1e45cee33	gi|2962412223|ref|NR_199417.1|	90.724	442	37	4	6	445	342	781	4.62e-167	586	3136601
50b1975e305178e11d8462a1e45cee33	gi|2363084747|ref|NR_180622.1|	90.766	444	33	8	6	445	335	774	4.62e-167	586	2779354
4539ba0dc0334be51d0f1cd434712459	gi|343198588|ref|NR_042961.1|	87.288	472	45	13	6	470	298	761	1.08e-148	525	264639
4539ba0dc0334be51d0f1cd434712459	gi|2363085892|ref|NR_181198.1|	86.266	466	62	2	6	470	268	732	1.41e-142	505	2735723
4539ba0dc0334be51d0f1cd434712459	gi|265678513|ref|NR_028816.1|	86.266	466	62	2	6	470	310	774	1.41e-142	505	154288
4539ba0dc0334be51d0f1cd434712459	gi|265678525|ref|NR_028829.1|	86.229	472	50	13	6	470	298	761	2.36e-140	497	29552
4539ba0dc0334be51d0f1cd434712459	gi|631252153|ref|NR_113351.1|	85.225	467	65	4	6	470	321	785	3.08e-134	477	1141106
4539ba0dc0334be51d0f1cd434712459	gi|645320726|ref|NR_117863.1|	85.193	466	67	2	6	470	295	759	3.08e-134	477	985762
4539ba0dc0334be51d0f1cd434712459	gi|343201695|ref|NR_042421.1|	85.225	467	66	3	6	470	334	799	3.08e-134	477	337097
4539ba0dc0334be51d0f1cd434712459	gi|343201558|ref|NR_042284.1|	85.225	467	65	4	6	470	341	805	3.08e-134	477	283734
4539ba0dc0334be51d0f1cd434712459	gi|228715349|ref|NR_027521.1|	85.225	467	65	4	6	470	341	805	3.08e-134	477	74706
4539ba0dc0334be51d0f1cd434712459	gi|310975041|ref|NR_036905.1|	85.193	466	67	2	6	470	323	787	3.08e-134	477	1284
72ef7448a681a033bc095233e2746b46	gi|2260349448|ref|NR_176530.1|	99.321	442	3	0	6	447	358	799	0.0	800	2093857
72ef7448a681a033bc095233e2746b46	gi|2363082559|ref|NR_179526.1|	99.321	442	3	0	6	447	349	790	0.0	800	1841866
72ef7448a681a033bc095233e2746b46	gi|645321110|ref|NR_118156.1|	95.475	442	20	0	6	447	304	745	0.0	706	1007096
72ef7448a681a033bc095233e2746b46	gi|2962412234|ref|NR_199428.1|	95.249	442	21	0	6	447	352	793	0.0	701	3073143
72ef7448a681a033bc095233e2746b46	gi|2363087001|ref|NR_181757.1|	94.820	444	19	4	6	447	289	730	0.0	689	2841504
72ef7448a681a033bc095233e2746b46	gi|2363082170|ref|NR_179331.1|	94.808	443	22	1	6	447	328	770	0.0	689	2714358
72ef7448a681a033bc095233e2746b46	gi|1269801610|ref|NR_074793.2|	94.118	442	26	0	6	447	355	796	0.0	673	351091
72ef7448a681a033bc095233e2746b46	gi|343200653|ref|NR_041340.1|	94.118	442	26	0	6	447	328	769	0.0	673	351091
72ef7448a681a033bc095233e2746b46	gi|2363082569|ref|NR_179531.1|	93.891	442	27	0	6	447	347	788	0.0	667	1852369
72ef7448a681a033bc095233e2746b46	gi|2363082165|ref|NR_179329.1|	93.454	443	27	2	6	447	327	768	0.0	656	2714353
6e440d17c5c6001bb1585d1d13b88271	gi|2260473023|ref|NR_176800.1|	99.142	466	4	0	6	471	303	768	0.0	839	35833
6e440d17c5c6001bb1585d1d13b88271	gi|2962412215|ref|NR_199409.1|	92.111	469	30	7	6	471	328	792	0.0	654	3136602
6e440d17c5c6001bb1585d1d13b88271	gi|631252098|ref|NR_113296.1|	92.077	467	34	3	6	471	341	805	0.0	654	54565
6e440d17c5c6001bb1585d1d13b88271	gi|645319734|ref|NR_117110.1|	92.077	467	34	3	6	471	337	801	0.0	654	54565
6e440d17c5c6001bb1585d1d13b88271	gi|219846821|ref|NR_026413.1|	92.094	468	32	5	6	471	320	784	0.0	654	58621
6e440d17c5c6001bb1585d1d13b88271	gi|219846663|ref|NR_026255.1|	91.202	466	40	1	6	471	319	783	0.0	632	644897
6e440d17c5c6001bb1585d1d13b88271	gi|343198744|ref|NR_043567.1|	90.987	466	41	1	6	471	340	804	2.89e-179	627	32016
6e440d17c5c6001bb1585d1d13b88271	gi|636558706|ref|NR_114763.1|	90.987	466	41	1	6	471	200	664	2.89e-179	627	32016
6e440d17c5c6001bb1585d1d13b88271	gi|559795397|ref|NR_104990.1|	91.064	470	33	9	6	471	340	804	2.89e-179	627	876
6e440d17c5c6001bb1585d1d13b88271	gi|566084868|ref|NR_108301.1|	90.928	474	29	14	6	471	324	791	1.04e-178	625	571438
c2b651c21d83b18188c46cf106a76911	gi|3030611230|ref|NR_199906.1|	96.364	440	16	0	6	445	354	793	0.0	725	3123317
c2b651c21d83b18188c46cf106a76911	gi|3030611314|ref|NR_199990.1|	96.364	440	16	0	6	445	350	789	0.0	725	3123317
c2b651c21d83b18188c46cf106a76911	gi|1384992331|ref|NR_156080.1|	96.364	440	16	0	6	445	336	775	0.0	725	1469948
c2b651c21d83b18188c46cf106a76911	gi|1384992328|ref|NR_156077.1|	96.364	440	16	0	6	445	336	775	0.0	725	1469948
c2b651c21d83b18188c46cf106a76911	gi|2363082679|ref|NR_179587.1|	96.136	440	17	0	6	445	328	767	0.0	719	1926283
c2b651c21d83b18188c46cf106a76911	gi|1384992332|ref|NR_156081.1|	96.136	440	17	0	6	445	336	775	0.0	719	1469948
c2b651c21d83b18188c46cf106a76911	gi|1384992329|ref|NR_156078.1|	96.136	440	17	0	6	445	336	775	0.0	719	1469948
c2b651c21d83b18188c46cf106a76911	gi|2363081854|ref|NR_179173.1|	96.136	440	17	0	6	445	333	772	0.0	719	2126740
c2b651c21d83b18188c46cf106a76911	gi|631253128|ref|NR_114326.1|	96.136	440	17	0	6	445	334	773	0.0	719	1150298
c2b651c21d83b18188c46cf106a76911	gi|1193829153|ref|NR_147396.1|	95.682	440	19	0	6	445	328	767	0.0	708	1917870
da7b3c9e36b1009fbcb8e53130ce4f10	gi|3030611324|ref|NR_200000.1|	94.808	443	22	1	6	447	301	743	0.0	689	3342383
da7b3c9e36b1009fbcb8e53130ce4f10	gi|1109168025|ref|NR_144611.1|	94.357	443	24	1	6	447	282	724	0.0	678	1417852
da7b3c9e36b1009fbcb8e53130ce4f10	gi|2363084741|ref|NR_180619.1|	93.679	443	27	1	6	447	347	789	0.0	662	2779352
da7b3c9e36b1009fbcb8e53130ce4f10	gi|1193829127|ref|NR_147370.1|	93.002	443	30	1	6	447	349	791	0.0	645	1870988
da7b3c9e36b1009fbcb8e53130ce4f10	gi|219846080|ref|NR_025670.1|	92.568	444	30	2	6	447	329	771	0.0	634	411467
da7b3c9e36b1009fbcb8e53130ce4f10	gi|343198636|ref|NR_043142.1|	92.325	443	33	1	6	447	323	765	7.61e-180	628	292800
da7b3c9e36b1009fbcb8e53130ce4f10	gi|265679048|ref|NR_029356.1|	92.325	443	33	1	6	447	336	778	7.61e-180	628	292800
da7b3c9e36b1009fbcb8e53130ce4f10	gi|2363082168|ref|NR_179330.1|	91.874	443	34	2	6	447	327	768	1.65e-176	617	2714355
da7b3c9e36b1009fbcb8e53130ce4f10	gi|2363082165|ref|NR_179329.1|	91.648	443	35	2	6	447	327	768	7.67e-175	612	2714353
da7b3c9e36b1009fbcb8e53130ce4f10	gi|645321636|ref|NR_118554.1|	91.648	443	36	1	6	447	329	771	7.67e-175	612	1297617
ce63e9c222f5a34728bdc58f47a55552	gi|3030611324|ref|NR_200000.1|	99.323	443	3	0	6	448	301	743	0.0	802	3342383
ce63e9c222f5a34728bdc58f47a55552	gi|1109168025|ref|NR_144611.1|	97.743	443	10	0	6	448	282	724	0.0	763	1417852
ce63e9c222f5a34728bdc58f47a55552	gi|2363082326|ref|NR_179410.1|	95.485	443	20	0	6	448	349	791	0.0	708	1650661
ce63e9c222f5a34728bdc58f47a55552	gi|2363084741|ref|NR_180619.1|	94.808	443	23	0	6	448	347	789	0.0	691	2779352
ce63e9c222f5a34728bdc58f47a55552	gi|219846080|ref|NR_025670.1|	94.808	443	23	0	6	448	329	771	0.0	691	411467
ce63e9c222f5a34728bdc58f47a55552	gi|1193829127|ref|NR_147370.1|	94.131	443	26	0	6	448	349	791	0.0	675	1870988
ce63e9c222f5a34728bdc58f47a55552	gi|2136551692|ref|NR_173697.1|	94.131	443	25	1	6	448	349	790	0.0	673	2108523
ce63e9c222f5a34728bdc58f47a55552	gi|3030611323|ref|NR_199999.1|	93.905	443	27	0	6	448	301	743	0.0	669	3133422
ce63e9c222f5a34728bdc58f47a55552	gi|645321636|ref|NR_118554.1|	93.905	443	27	0	6	448	329	771	0.0	669	1297617
ce63e9c222f5a34728bdc58f47a55552	gi|343198636|ref|NR_043142.1|	93.905	443	27	0	6	448	323	765	0.0	669	292800
701697b30bbc711422ff3d3debe2e104	gi|2363082168|ref|NR_179330.1|	99.548	442	2	0	6	447	327	768	0.0	806	2714355
701697b30bbc711422ff3d3debe2e104	gi|2363082165|ref|NR_179329.1|	98.869	442	5	0	6	447	327	768	0.0	789	2714353
701697b30bbc711422ff3d3debe2e104	gi|645321110|ref|NR_118156.1|	94.582	443	22	2	6	447	304	745	0.0	684	1007096
701697b30bbc711422ff3d3debe2e104	gi|2962412234|ref|NR_199428.1|	94.357	443	23	2	6	447	352	793	0.0	678	3073143
701697b30bbc711422ff3d3debe2e104	gi|2363087001|ref|NR_181757.1|	93.933	445	21	6	6	447	289	730	0.0	667	2841504
701697b30bbc711422ff3d3debe2e104	gi|1109168025|ref|NR_144611.1|	93.933	445	22	3	6	447	282	724	0.0	667	1417852
701697b30bbc711422ff3d3debe2e104	gi|1269801610|ref|NR_074793.2|	93.679	443	26	2	6	447	355	796	0.0	662	351091
701697b30bbc711422ff3d3debe2e104	gi|343200653|ref|NR_041340.1|	93.679	443	26	2	6	447	328	769	0.0	662	351091
701697b30bbc711422ff3d3debe2e104	gi|2260349448|ref|NR_176530.1|	93.454	443	27	2	6	447	358	799	0.0	656	2093857
701697b30bbc711422ff3d3debe2e104	gi|2136551692|ref|NR_173697.1|	93.439	442	29	0	6	447	349	790	0.0	656	2108523
e1a947325097d58567060a6826ee10c7	gi|645321790|ref|NR_118674.1|	97.045	440	13	0	6	445	356	795	0.0	758	1256908
e1a947325097d58567060a6826ee10c7	gi|444439494|ref|NR_074809.1|	96.825	441	13	1	6	445	350	790	0.0	736	585394
e1a947325097d58567060a6826ee10c7	gi|645320588|ref|NR_117758.1|	96.606	442	13	1	6	445	322	763	0.0	732	166486
e1a947325097d58567060a6826ee10c7	gi|228716944|ref|NR_027557.1|	96.606	442	13	1	6	445	343	784	0.0	732	536231
e1a947325097d58567060a6826ee10c7	gi|343198540|ref|NR_042832.1|	96.599	441	14	1	6	445	330	770	0.0	730	301302
e1a947325097d58567060a6826ee10c7	gi|343201282|ref|NR_042008.1|	96.599	441	13	2	6	445	341	780	0.0	730	585394
e1a947325097d58567060a6826ee10c7	gi|2363086302|ref|NR_181403.1|	96.380	442	14	1	6	445	246	687	0.0	726	2763061
e1a947325097d58567060a6826ee10c7	gi|2363085153|ref|NR_180825.1|	96.372	441	15	1	6	445	347	787	0.0	725	2605790
e1a947325097d58567060a6826ee10c7	gi|2363085149|ref|NR_180823.1|	96.364	440	16	0	6	445	357	796	0.0	725	2606634
e1a947325097d58567060a6826ee10c7	gi|444304209|ref|NR_074634.1|	96.364	440	16	0	6	445	350	789	0.0	725	515619
fa1d61973c3eb3065e94d9f4c1bfff4a	gi|645321072|ref|NR_118128.1|	97.500	440	11	0	6	445	174	613	0.0	752	1531
fa1d61973c3eb3065e94d9f4c1bfff4a	gi|631252212|ref|NR_113410.1|	97.500	440	11	0	6	445	257	696	0.0	752	208479
fa1d61973c3eb3065e94d9f4c1bfff4a	gi|219878428|ref|NR_025567.1|	97.500	440	11	0	6	445	348	787	0.0	752	208479
fa1d61973c3eb3065e94d9f4c1bfff4a	gi|2363082583|ref|NR_179538.1|	97.273	440	12	0	6	445	346	785	0.0	747	1852382
fa1d61973c3eb3065e94d9f4c1bfff4a	gi|545589118|ref|NR_044715.2|	97.045	440	13	0	6	445	355	794	0.0	743	1531
fa1d61973c3eb3065e94d9f4c1bfff4a	gi|343198784|ref|NR_043681.1|	97.045	440	13	0	6	445	313	752	0.0	741	358743
fa1d61973c3eb3065e94d9f4c1bfff4a	gi|343201474|ref|NR_042200.1|	95.682	440	19	0	6	445	318	757	0.0	708	333367
fa1d61973c3eb3065e94d9f4c1bfff4a	gi|2363085097|ref|NR_180797.1|	95.455	440	20	0	6	445	346	785	0.0	702	2605778
fa1d61973c3eb3065e94d9f4c1bfff4a	gi|343205837|ref|NR_044289.1|	95.455	440	20	0	6	445	328	767	0.0	702	460384
fa1d61973c3eb3065e94d9f4c1bfff4a	gi|1193829153|ref|NR_147396.1|	95.227	440	21	0	6	445	328	767	0.0	697	1917870
a620b38e948fb5623a510f2720a25b43	gi|2363085151|ref|NR_180824.1|	99.320	441	3	0	6	446	322	762	0.0	798	2606640
a620b38e948fb5623a510f2720a25b43	gi|228717635|ref|NR_027565.1|	95.011	441	22	0	6	446	316	756	0.0	693	172901
a620b38e948fb5623a510f2720a25b43	gi|645321370|ref|NR_118352.1|	95.011	441	21	1	6	446	321	760	0.0	691	340101
a620b38e948fb5623a510f2720a25b43	gi|566085134|ref|NR_108870.1|	83.296	443	70	4	6	446	328	768	1.39e-112	405	1096341
a620b38e948fb5623a510f2720a25b43	gi|219846673|ref|NR_026265.1|	82.805	442	73	3	6	446	315	754	1.08e-108	392	53342
a620b38e948fb5623a510f2720a25b43	gi|343205970|ref|NR_044489.1|	82.697	445	71	6	6	446	336	778	3.90e-108	390	857293
a620b38e948fb5623a510f2720a25b43	gi|219846309|ref|NR_025899.1|	82.658	444	73	3	6	446	339	781	3.90e-108	390	29344
a620b38e948fb5623a510f2720a25b43	gi|219857367|ref|NR_024955.1|	82.550	447	72	5	4	446	311	755	1.40e-107	388	95159
a620b38e948fb5623a510f2720a25b43	gi|2180566387|ref|NR_174250.1|	82.619	443	72	5	6	446	287	726	5.05e-107	387	2769420
a620b38e948fb5623a510f2720a25b43	gi|2363082332|ref|NR_179413.1|	82.393	443	73	5	6	446	333	772	2.35e-105	381	1658110
6c3dfe995aab3eefd1bd460916267f0e	gi|566085158|ref|NR_108891.1|	93.548	465	30	0	6	470	258	722	0.0	693	1193621
6c3dfe995aab3eefd1bd460916267f0e	gi|566085422|ref|NR_109463.1|	93.333	465	31	0	6	470	266	730	0.0	688	1069161
6c3dfe995aab3eefd1bd460916267f0e	gi|343200113|ref|NR_040800.1|	93.348	466	29	2	6	470	306	770	0.0	688	45465
6c3dfe995aab3eefd1bd460916267f0e	gi|343200208|ref|NR_040895.1|	91.828	465	38	0	6	470	331	795	0.0	649	190
6c3dfe995aab3eefd1bd460916267f0e	gi|631252501|ref|NR_113699.1|	91.613	465	39	0	6	470	308	772	0.0	647	190
6c3dfe995aab3eefd1bd460916267f0e	gi|1277396355|ref|NR_152068.1|	91.631	466	37	2	6	470	302	766	0.0	643	1778675
6c3dfe995aab3eefd1bd460916267f0e	gi|1341394063|ref|NR_153735.1|	91.631	466	37	2	6	470	326	790	0.0	643	1071719
6c3dfe995aab3eefd1bd460916267f0e	gi|343198893|ref|NR_043957.1|	91.631	466	37	2	6	470	297	761	0.0	643	394935
6c3dfe995aab3eefd1bd460916267f0e	gi|1227086174|ref|NR_148648.1|	91.435	467	36	4	6	470	315	779	0.0	638	1293573
6c3dfe995aab3eefd1bd460916267f0e	gi|2363087287|ref|NR_181899.1|	91.416	466	38	2	6	470	328	792	0.0	638	2073169
13381c40a131cc7eee1b2fb2bd6a8cad	gi|699005326|ref|NR_126195.1|	98.475	459	7	0	6	464	335	793	0.0	809	1472417
13381c40a131cc7eee1b2fb2bd6a8cad	gi|699005325|ref|NR_126194.1|	97.168	459	13	0	6	464	335	793	0.0	782	1472416
13381c40a131cc7eee1b2fb2bd6a8cad	gi|2363083451|ref|NR_179974.1|	96.514	459	16	0	6	464	327	785	0.0	761	2093856
13381c40a131cc7eee1b2fb2bd6a8cad	gi|2363082787|ref|NR_179642.1|	96.514	459	16	0	6	464	315	773	0.0	760	2042309
13381c40a131cc7eee1b2fb2bd6a8cad	gi|343201004|ref|NR_041691.1|	96.312	461	13	4	6	464	335	793	0.0	754	544645
13381c40a131cc7eee1b2fb2bd6a8cad	gi|1864207064|ref|NR_169358.1|	96.078	459	18	0	6	464	335	793	0.0	749	1720203
13381c40a131cc7eee1b2fb2bd6a8cad	gi|3248465683|ref|NR_201697.1|	95.207	459	22	0	6	464	285	743	0.0	726	3378067
13381c40a131cc7eee1b2fb2bd6a8cad	gi|343201003|ref|NR_041690.1|	94.336	459	26	0	6	464	333	791	0.0	704	544644
13381c40a131cc7eee1b2fb2bd6a8cad	gi|1182956112|ref|NR_146820.1|	89.760	459	47	0	6	464	335	793	1.04e-168	592	1720195
13381c40a131cc7eee1b2fb2bd6a8cad	gi|2363080968|ref|NR_178727.1|	89.325	459	49	0	6	464	315	773	2.91e-164	577	1547597
6b5b0a28eb6a80982dfb46e1329d1c89	gi|343206380|ref|NR_044972.1|	93.243	444	28	2	6	448	331	773	0.0	656	44749
6b5b0a28eb6a80982dfb46e1329d1c89	gi|2363082165|ref|NR_179329.1|	93.018	444	28	3	6	448	327	768	0.0	645	2714353
6b5b0a28eb6a80982dfb46e1329d1c89	gi|2363082342|ref|NR_179418.1|	92.777	443	32	0	6	448	348	790	0.0	641	1673721
6b5b0a28eb6a80982dfb46e1329d1c89	gi|2363082168|ref|NR_179330.1|	92.551	443	32	1	6	448	327	768	0.0	634	2714355
6b5b0a28eb6a80982dfb46e1329d1c89	gi|219857437|ref|NR_025025.1|	92.342	444	30	4	6	448	332	772	0.0	634	100176
6b5b0a28eb6a80982dfb46e1329d1c89	gi|444304204|ref|NR_074629.1|	92.135	445	31	4	6	448	341	783	9.87e-179	625	1515
6b5b0a28eb6a80982dfb46e1329d1c89	gi|631251959|ref|NR_113157.1|	92.135	445	31	4	6	448	341	783	9.87e-179	625	1515
6b5b0a28eb6a80982dfb46e1329d1c89	gi|645321636|ref|NR_118554.1|	91.910	445	32	4	6	448	329	771	4.59e-177	619	1297617
6b5b0a28eb6a80982dfb46e1329d1c89	gi|219857201|ref|NR_024829.1|	91.910	445	32	4	6	448	321	763	4.59e-177	619	253314
6b5b0a28eb6a80982dfb46e1329d1c89	gi|636559283|ref|NR_115340.1|	91.874	443	36	0	6	448	336	778	4.59e-177	619	319644
9ecacccb483e8b210de49670818825b9	gi|343200190|ref|NR_040877.1|	95.652	460	20	0	6	465	341	800	0.0	741	537011
9ecacccb483e8b210de49670818825b9	gi|631252213|ref|NR_113411.1|	95.652	460	20	0	6	465	341	800	0.0	739	537011
9ecacccb483e8b210de49670818825b9	gi|2363084409|ref|NR_180452.1|	94.348	460	26	0	6	465	321	780	0.0	706	2518605
9ecacccb483e8b210de49670818825b9	gi|631253107|ref|NR_114305.1|	92.191	461	34	2	6	465	341	800	0.0	651	1236518
9ecacccb483e8b210de49670818825b9	gi|636560666|ref|NR_116726.1|	92.191	461	34	2	6	465	321	780	0.0	651	1236518
9ecacccb483e8b210de49670818825b9	gi|2221405403|ref|NR_175509.1|	91.757	461	36	2	6	465	341	800	0.0	640	2608404
9ecacccb483e8b210de49670818825b9	gi|631251907|ref|NR_113105.1|	91.757	461	36	2	6	465	329	788	0.0	640	470565
9ecacccb483e8b210de49670818825b9	gi|343199048|ref|NR_044407.1|	91.757	461	36	2	6	465	321	780	0.0	640	470565
9ecacccb483e8b210de49670818825b9	gi|631251922|ref|NR_113120.1|	91.558	462	35	4	6	465	339	798	0.0	634	28136
9ecacccb483e8b210de49670818825b9	gi|265678842|ref|NR_029147.1|	91.540	461	37	2	6	465	344	803	0.0	634	28136
1c3d861b84d06881c6b9872bf5c501ef	gi|631252118|ref|NR_113316.1|	94.570	442	22	2	6	446	327	767	0.0	682	74426
1c3d861b84d06881c6b9872bf5c501ef	gi|265678302|ref|NR_028604.1|	93.665	442	25	3	6	446	327	766	0.0	658	74426
1c3d861b84d06881c6b9872bf5c501ef	gi|1193829136|ref|NR_147379.1|	92.551	443	28	5	6	446	328	767	2.11e-180	630	1907654
1c3d861b84d06881c6b9872bf5c501ef	gi|1193829156|ref|NR_147399.1|	91.855	442	33	3	6	446	328	767	2.13e-175	614	1871016
1c3d861b84d06881c6b9872bf5c501ef	gi|631251967|ref|NR_113165.1|	91.629	442	34	3	6	446	328	767	9.89e-174	608	147207
1c3d861b84d06881c6b9872bf5c501ef	gi|631251966|ref|NR_113164.1|	91.629	442	34	3	6	446	328	767	9.89e-174	608	147206
1c3d861b84d06881c6b9872bf5c501ef	gi|2363084792|ref|NR_180644.1|	90.950	442	37	3	6	446	249	688	2.77e-169	593	2603815
1c3d861b84d06881c6b9872bf5c501ef	gi|2363082703|ref|NR_179599.1|	90.971	443	35	5	6	446	308	747	9.96e-169	592	1937461
1c3d861b84d06881c6b9872bf5c501ef	gi|2363082368|ref|NR_179431.1|	90.950	442	37	3	6	446	328	767	9.96e-169	592	1720204
1c3d861b84d06881c6b9872bf5c501ef	gi|1109167962|ref|NR_144579.1|	90.950	442	37	3	6	446	322	761	9.96e-169	592	1232426
00bed35303f59e794a8d4e06c4c82a5b	gi|2363084747|ref|NR_180622.1|	91.723	447	26	11	6	448	335	774	2.76e-174	610	2779354
00bed35303f59e794a8d4e06c4c82a5b	gi|2363082356|ref|NR_179425.1|	90.807	446	32	8	6	448	351	790	1.30e-167	588	1689304
00bed35303f59e794a8d4e06c4c82a5b	gi|1277396189|ref|NR_151900.1|	90.337	445	36	7	6	448	351	790	2.80e-164	577	1550024
00bed35303f59e794a8d4e06c4c82a5b	gi|1397641802|ref|NR_156911.1|	90.359	446	34	8	6	448	351	790	2.80e-164	577	1650663
00bed35303f59e794a8d4e06c4c82a5b	gi|1277396349|ref|NR_152060.1|	90.068	443	44	0	6	448	336	778	1.01e-163	575	1712515
00bed35303f59e794a8d4e06c4c82a5b	gi|1277396271|ref|NR_151982.1|	90.068	443	44	0	6	448	248	690	1.01e-163	575	1628085
00bed35303f59e794a8d4e06c4c82a5b	gi|265678692|ref|NR_028997.1|	90.090	444	40	3	6	448	303	743	3.63e-163	573	214851
00bed35303f59e794a8d4e06c4c82a5b	gi|2363082667|ref|NR_179581.1|	89.865	444	39	6	6	448	331	769	6.07e-161	566	1917873
00bed35303f59e794a8d4e06c4c82a5b	gi|559795255|ref|NR_104846.1|	89.640	444	41	4	6	448	288	727	2.82e-159	560	745368
00bed35303f59e794a8d4e06c4c82a5b	gi|645321636|ref|NR_118554.1|	89.391	443	47	0	6	448	329	771	1.02e-158	558	1297617
a1de1e4734a0c38a46c9ca00fa18936c	gi|631251742|ref|NR_112940.1|	99.348	460	3	0	6	465	327	786	0.0	833	28116
a1de1e4734a0c38a46c9ca00fa18936c	gi|636559244|ref|NR_115301.1|	99.348	460	3	0	6	465	320	779	0.0	833	28116
a1de1e4734a0c38a46c9ca00fa18936c	gi|1491509587|ref|NR_159118.1|	99.130	460	4	0	6	465	310	769	0.0	828	28116
a1de1e4734a0c38a46c9ca00fa18936c	gi|1491509586|ref|NR_159117.1|	99.130	460	4	0	6	465	301	760	0.0	828	28116
a1de1e4734a0c38a46c9ca00fa18936c	gi|636560121|ref|NR_116181.1|	99.130	460	3	1	6	465	333	791	0.0	826	28116
a1de1e4734a0c38a46c9ca00fa18936c	gi|343200178|ref|NR_040865.1|	98.915	461	3	2	6	465	333	792	0.0	822	28116
a1de1e4734a0c38a46c9ca00fa18936c	gi|645322410|ref|NR_119165.1|	98.261	460	8	0	6	465	319	778	0.0	813	28116
a1de1e4734a0c38a46c9ca00fa18936c	gi|631251749|ref|NR_112947.1|	97.174	460	13	0	6	465	326	785	0.0	780	657309
a1de1e4734a0c38a46c9ca00fa18936c	gi|2363084431|ref|NR_180463.1|	97.174	460	13	0	6	465	340	799	0.0	778	2650158
a1de1e4734a0c38a46c9ca00fa18936c	gi|343201773|ref|NR_042499.1|	97.174	460	13	0	6	465	294	753	0.0	778	657309
17269dbb6bfb46c72667ac797b98650a	gi|310974914|ref|NR_036777.1|	97.917	432	9	0	6	437	333	764	0.0	750	33039
17269dbb6bfb46c72667ac797b98650a	gi|2363084846|ref|NR_180671.1|	96.818	440	14	0	6	445	63	502	0.0	736	2594882
17269dbb6bfb46c72667ac797b98650a	gi|2363082374|ref|NR_179434.1|	96.591	440	15	0	6	445	349	788	0.0	730	1720300
17269dbb6bfb46c72667ac797b98650a	gi|2962412221|ref|NR_199415.1|	96.136	440	17	0	6	445	338	777	0.0	719	3136600
17269dbb6bfb46c72667ac797b98650a	gi|636560687|ref|NR_116747.1|	95.909	440	18	0	6	445	301	740	0.0	713	1298596
17269dbb6bfb46c72667ac797b98650a	gi|636559443|ref|NR_115502.1|	94.796	442	20	3	6	445	349	789	0.0	699	33039
17269dbb6bfb46c72667ac797b98650a	gi|631251356|ref|NR_112553.1|	95.011	441	21	1	6	445	348	788	0.0	691	342942
17269dbb6bfb46c72667ac797b98650a	gi|2363085133|ref|NR_180815.1|	94.773	440	23	0	6	445	350	789	0.0	686	2606633
17269dbb6bfb46c72667ac797b98650a	gi|2363082059|ref|NR_179276.1|	94.773	440	23	0	6	445	334	773	0.0	686	2316025
17269dbb6bfb46c72667ac797b98650a	gi|2363083556|ref|NR_180026.1|	94.773	440	23	0	6	445	348	787	0.0	686	2696678
1a709f5e5bff5f102aee807bccb519a4	gi|2363086298|ref|NR_181401.1|	97.722	439	10	0	6	444	303	741	0.0	756	2763645
1a709f5e5bff5f102aee807bccb519a4	gi|2363086296|ref|NR_181400.1|	97.025	437	13	0	8	444	250	686	0.0	737	2764712
1a709f5e5bff5f102aee807bccb519a4	gi|1116030291|ref|NR_144749.1|	93.878	441	25	2	6	444	347	787	0.0	664	1852367
1a709f5e5bff5f102aee807bccb519a4	gi|2463901899|ref|NR_184630.1|	92.971	441	29	1	6	444	343	783	0.0	641	2839743
1a709f5e5bff5f102aee807bccb519a4	gi|1116030279|ref|NR_144737.1|	92.760	442	29	1	6	444	347	788	0.0	636	1776384
1a709f5e5bff5f102aee807bccb519a4	gi|224581422|ref|NR_027203.1|	91.837	441	33	1	7	444	346	786	7.61e-175	612	114528
1a709f5e5bff5f102aee807bccb519a4	gi|645321917|ref|NR_118780.1|	91.648	443	33	3	6	444	326	768	2.74e-174	610	56774
1a709f5e5bff5f102aee807bccb519a4	gi|219856893|ref|NR_024712.1|	91.610	441	33	2	7	444	347	786	3.54e-173	606	86333
1a709f5e5bff5f102aee807bccb519a4	gi|265678606|ref|NR_028911.1|	91.403	442	35	1	6	444	335	776	4.58e-172	603	109327
1a709f5e5bff5f102aee807bccb519a4	gi|265678306|ref|NR_028608.1|	91.383	441	33	3	7	444	342	780	5.93e-171	599	86332
fb4cb166a920b5abcd1c8f46b970830f	gi|631252213|ref|NR_113411.1|	95.217	460	22	0	6	465	341	800	0.0	728	537011
fb4cb166a920b5abcd1c8f46b970830f	gi|343200190|ref|NR_040877.1|	95.000	460	23	0	6	465	341	800	0.0	725	537011
fb4cb166a920b5abcd1c8f46b970830f	gi|2363084409|ref|NR_180452.1|	93.478	460	30	0	6	465	321	780	0.0	684	2518605
fb4cb166a920b5abcd1c8f46b970830f	gi|631251894|ref|NR_113092.1|	91.757	461	36	2	6	465	329	788	0.0	640	77768
fb4cb166a920b5abcd1c8f46b970830f	gi|219878161|ref|NR_025300.1|	91.757	461	36	2	6	465	341	800	0.0	640	77768
fb4cb166a920b5abcd1c8f46b970830f	gi|631251922|ref|NR_113120.1|	91.106	461	39	2	6	465	339	798	3.69e-178	623	28136
fb4cb166a920b5abcd1c8f46b970830f	gi|631251907|ref|NR_113105.1|	91.106	461	39	2	6	465	329	788	3.69e-178	623	470565
fb4cb166a920b5abcd1c8f46b970830f	gi|265678842|ref|NR_029147.1|	91.106	461	39	2	6	465	344	803	3.69e-178	623	28136
fb4cb166a920b5abcd1c8f46b970830f	gi|343199048|ref|NR_044407.1|	91.106	461	39	2	6	465	321	780	3.69e-178	623	470565
fb4cb166a920b5abcd1c8f46b970830f	gi|566085557|ref|NR_109628.1|	90.889	461	40	2	6	465	322	781	1.72e-176	617	1177574
2ad2f48a227c791f3b49f0ea595538de	gi|631252213|ref|NR_113411.1|	96.957	460	14	0	6	465	341	800	0.0	773	537011
2ad2f48a227c791f3b49f0ea595538de	gi|343200190|ref|NR_040877.1|	96.739	460	15	0	6	465	341	800	0.0	769	537011
2ad2f48a227c791f3b49f0ea595538de	gi|2363084409|ref|NR_180452.1|	96.087	460	18	0	6	465	321	780	0.0	750	2518605
2ad2f48a227c791f3b49f0ea595538de	gi|631251907|ref|NR_113105.1|	93.103	464	24	8	6	465	329	788	0.0	673	470565
2ad2f48a227c791f3b49f0ea595538de	gi|343199048|ref|NR_044407.1|	93.103	464	24	8	6	465	321	780	0.0	673	470565
2ad2f48a227c791f3b49f0ea595538de	gi|566085557|ref|NR_109628.1|	92.672	464	26	8	6	465	322	781	0.0	662	1177574
2ad2f48a227c791f3b49f0ea595538de	gi|265678842|ref|NR_029147.1|	92.688	465	24	10	6	465	344	803	0.0	662	28136
2ad2f48a227c791f3b49f0ea595538de	gi|631251922|ref|NR_113120.1|	92.473	465	25	10	6	465	339	798	0.0	656	28136
2ad2f48a227c791f3b49f0ea595538de	gi|219857188|ref|NR_024816.1|	92.457	464	27	8	6	465	339	798	0.0	656	228604
2ad2f48a227c791f3b49f0ea595538de	gi|631253107|ref|NR_114305.1|	92.241	464	28	8	6	465	341	800	0.0	651	1236518
df9859fd67e1921cd3e33b7999249cd5	gi|2363080123|ref|NR_178280.1|	92.135	445	28	6	6	448	331	770	1.28e-177	621	411483
df9859fd67e1921cd3e33b7999249cd5	gi|3030611269|ref|NR_199945.1|	91.910	445	29	6	6	448	335	774	5.94e-176	616	3435293
df9859fd67e1921cd3e33b7999249cd5	gi|2363081449|ref|NR_178971.1|	91.685	445	29	7	6	448	285	723	2.76e-174	610	1851427
df9859fd67e1921cd3e33b7999249cd5	gi|265678656|ref|NR_028961.1|	91.461	445	31	6	6	448	327	766	1.29e-172	604	853
df9859fd67e1921cd3e33b7999249cd5	gi|2363082667|ref|NR_179581.1|	91.196	443	35	2	6	448	331	769	5.98e-171	599	1917873
df9859fd67e1921cd3e33b7999249cd5	gi|2363081451|ref|NR_178972.1|	91.236	445	32	6	6	448	285	724	5.98e-171	599	1851428
df9859fd67e1921cd3e33b7999249cd5	gi|2363086280|ref|NR_181392.1|	90.991	444	37	3	6	448	324	765	7.74e-170	595	2763665
df9859fd67e1921cd3e33b7999249cd5	gi|265678692|ref|NR_028997.1|	91.031	446	32	7	6	448	303	743	7.74e-170	595	214851
df9859fd67e1921cd3e33b7999249cd5	gi|2363084747|ref|NR_180622.1|	91.031	446	31	7	6	448	335	774	2.78e-169	593	2779354
df9859fd67e1921cd3e33b7999249cd5	gi|559795255|ref|NR_104846.1|	91.031	446	31	7	6	448	288	727	2.78e-169	593	745368
74dfac9a3fe53686f589b71e9e756fd8	gi|343205678|ref|NR_044054.1|	99.545	440	2	0	6	445	297	736	0.0	802	1121115
74dfac9a3fe53686f589b71e9e756fd8	gi|631253117|ref|NR_114315.1|	99.318	440	3	0	6	445	336	775	0.0	798	649762
74dfac9a3fe53686f589b71e9e756fd8	gi|2363082685|ref|NR_179590.1|	99.093	441	3	1	6	445	327	767	0.0	793	1936059
74dfac9a3fe53686f589b71e9e756fd8	gi|219846722|ref|NR_026314.1|	97.500	440	11	0	6	445	330	769	0.0	752	53443
74dfac9a3fe53686f589b71e9e756fd8	gi|219846720|ref|NR_026312.1|	97.045	440	13	0	6	445	327	766	0.0	743	180164
74dfac9a3fe53686f589b71e9e756fd8	gi|2363084170|ref|NR_180334.1|	97.045	440	13	0	6	445	253	692	0.0	741	2763028
74dfac9a3fe53686f589b71e9e756fd8	gi|2363086300|ref|NR_181402.1|	97.045	440	13	0	6	445	300	739	0.0	741	2763028
74dfac9a3fe53686f589b71e9e756fd8	gi|631252033|ref|NR_113231.1|	97.052	441	11	2	6	445	347	786	0.0	741	536633
74dfac9a3fe53686f589b71e9e756fd8	gi|631251591|ref|NR_112789.1|	97.052	441	11	2	6	445	333	772	0.0	741	536633
74dfac9a3fe53686f589b71e9e756fd8	gi|2363082673|ref|NR_179584.1|	96.825	441	12	2	6	445	327	766	0.0	736	1917888
13f7258c2fe85bdc278c63391f38aef4	gi|2962412223|ref|NR_199417.1|	98.864	440	5	0	6	445	342	781	0.0	785	3136601
13f7258c2fe85bdc278c63391f38aef4	gi|1397641802|ref|NR_156911.1|	95.227	440	21	0	6	445	351	790	0.0	697	1650663
13f7258c2fe85bdc278c63391f38aef4	gi|1277396189|ref|NR_151900.1|	93.454	443	23	6	6	445	351	790	0.0	652	1550024
13f7258c2fe85bdc278c63391f38aef4	gi|2363084747|ref|NR_180622.1|	93.182	440	30	0	6	445	335	774	0.0	647	2779354
13f7258c2fe85bdc278c63391f38aef4	gi|2363082356|ref|NR_179425.1|	92.500	440	33	0	6	445	351	790	2.11e-180	630	1689304
13f7258c2fe85bdc278c63391f38aef4	gi|2363082667|ref|NR_179581.1|	92.063	441	32	2	6	445	331	769	1.64e-176	617	1917873
13f7258c2fe85bdc278c63391f38aef4	gi|3030611269|ref|NR_199945.1|	91.818	440	36	0	6	445	335	774	2.12e-175	614	3435293
13f7258c2fe85bdc278c63391f38aef4	gi|559795255|ref|NR_104846.1|	91.818	440	36	0	6	445	288	727	2.12e-175	614	745368
13f7258c2fe85bdc278c63391f38aef4	gi|265678656|ref|NR_028961.1|	91.818	440	36	0	6	445	327	766	2.12e-175	614	853
13f7258c2fe85bdc278c63391f38aef4	gi|2363082282|ref|NR_179388.1|	91.591	440	37	0	6	445	335	774	9.87e-174	608	2935520
00c9af1176696c4da5ebd5eea13b0a19	gi|2363080123|ref|NR_178280.1|	98.864	440	5	0	6	445	331	770	0.0	785	411483
00c9af1176696c4da5ebd5eea13b0a19	gi|2363081449|ref|NR_178971.1|	98.636	440	5	1	6	445	285	723	0.0	778	1851427
00c9af1176696c4da5ebd5eea13b0a19	gi|3030611269|ref|NR_199945.1|	98.182	440	8	0	6	445	335	774	0.0	769	3435293
00c9af1176696c4da5ebd5eea13b0a19	gi|265678656|ref|NR_028961.1|	98.182	440	8	0	6	445	327	766	0.0	769	853
00c9af1176696c4da5ebd5eea13b0a19	gi|2363081451|ref|NR_178972.1|	97.955	440	9	0	6	445	285	724	0.0	763	1851428
00c9af1176696c4da5ebd5eea13b0a19	gi|2363082282|ref|NR_179388.1|	97.279	441	10	2	6	445	335	774	0.0	747	2935520
00c9af1176696c4da5ebd5eea13b0a19	gi|2363080175|ref|NR_178311.1|	96.591	440	15	0	6	445	412	851	0.0	730	2903556
00c9af1176696c4da5ebd5eea13b0a19	gi|2363084747|ref|NR_180622.1|	92.517	441	31	2	6	445	335	774	2.11e-180	630	2779354
00c9af1176696c4da5ebd5eea13b0a19	gi|559795255|ref|NR_104846.1|	92.273	440	34	0	6	445	288	727	9.80e-179	625	745368
00c9af1176696c4da5ebd5eea13b0a19	gi|1277396189|ref|NR_151900.1|	91.818	440	36	0	6	445	351	790	2.12e-175	614	1550024
ca56b174cb5b7c516d492dbeacb1dbdb	gi|2363085149|ref|NR_180823.1|	95.455	440	20	0	6	445	357	796	0.0	702	2606634
ca56b174cb5b7c516d492dbeacb1dbdb	gi|2363086282|ref|NR_181393.1|	95.227	440	21	0	6	445	290	729	0.0	697	2763664
ca56b174cb5b7c516d492dbeacb1dbdb	gi|219857617|ref|NR_025206.1|	95.227	440	21	0	6	445	314	753	0.0	697	180286
ca56b174cb5b7c516d492dbeacb1dbdb	gi|2363086284|ref|NR_181394.1|	95.000	440	22	0	6	445	306	745	0.0	691	2763668
ca56b174cb5b7c516d492dbeacb1dbdb	gi|310974936|ref|NR_036800.1|	95.000	440	22	0	6	445	326	765	0.0	691	411470
ca56b174cb5b7c516d492dbeacb1dbdb	gi|645321810|ref|NR_118690.1|	95.000	440	22	0	6	445	338	777	0.0	691	411470
ca56b174cb5b7c516d492dbeacb1dbdb	gi|2363085169|ref|NR_180833.1|	94.773	440	23	0	6	445	337	776	0.0	686	2606635
ca56b174cb5b7c516d492dbeacb1dbdb	gi|2363082059|ref|NR_179276.1|	94.558	441	22	2	6	445	334	773	0.0	680	2316025
ca56b174cb5b7c516d492dbeacb1dbdb	gi|2363082679|ref|NR_179587.1|	94.545	440	24	0	6	445	328	767	0.0	680	1926283
ca56b174cb5b7c516d492dbeacb1dbdb	gi|2363081854|ref|NR_179173.1|	94.545	440	24	0	6	445	333	772	0.0	680	2126740
a0388ed434a64bf67703b89a48bb69b6	gi|444303855|ref|NR_074277.1|	97.826	460	10	0	6	465	352	811	0.0	795	818
a0388ed434a64bf67703b89a48bb69b6	gi|631251746|ref|NR_112944.1|	97.826	460	10	0	6	465	324	783	0.0	795	818
a0388ed434a64bf67703b89a48bb69b6	gi|631252008|ref|NR_113206.1|	96.963	461	12	2	6	465	336	795	0.0	773	1236513
a0388ed434a64bf67703b89a48bb69b6	gi|631250945|ref|NR_112142.1|	96.943	458	13	1	8	465	336	792	0.0	767	818
a0388ed434a64bf67703b89a48bb69b6	gi|631251869|ref|NR_113067.1|	96.312	461	15	2	6	465	325	784	0.0	756	1077285
a0388ed434a64bf67703b89a48bb69b6	gi|645320100|ref|NR_117387.1|	96.312	461	15	2	6	465	320	779	0.0	756	1077285
a0388ed434a64bf67703b89a48bb69b6	gi|631251749|ref|NR_112947.1|	95.879	461	17	2	6	465	326	785	0.0	747	657309
a0388ed434a64bf67703b89a48bb69b6	gi|645322410|ref|NR_119165.1|	95.662	461	18	2	6	465	319	778	0.0	747	28116
a0388ed434a64bf67703b89a48bb69b6	gi|1491509587|ref|NR_159118.1|	95.879	461	17	2	6	465	310	769	0.0	745	28116
a0388ed434a64bf67703b89a48bb69b6	gi|1491509586|ref|NR_159117.1|	95.879	461	17	2	6	465	301	760	0.0	745	28116
fbd0c8f788eca240776f7cf3ed29dfb7	gi|1109168025|ref|NR_144611.1|	97.065	443	13	0	6	448	282	724	0.0	747	1417852
fbd0c8f788eca240776f7cf3ed29dfb7	gi|3030611324|ref|NR_200000.1|	95.485	443	20	0	6	448	301	743	0.0	708	3342383
fbd0c8f788eca240776f7cf3ed29dfb7	gi|2136551692|ref|NR_173697.1|	95.506	445	15	5	6	448	349	790	0.0	706	2108523
fbd0c8f788eca240776f7cf3ed29dfb7	gi|2363082358|ref|NR_179426.1|	94.831	445	19	4	6	448	349	791	0.0	691	1702285
fbd0c8f788eca240776f7cf3ed29dfb7	gi|645321636|ref|NR_118554.1|	94.582	443	24	0	6	448	329	771	0.0	686	1297617
fbd0c8f788eca240776f7cf3ed29dfb7	gi|343198636|ref|NR_043142.1|	94.607	445	20	4	6	448	323	765	0.0	686	292800
fbd0c8f788eca240776f7cf3ed29dfb7	gi|265679048|ref|NR_029356.1|	94.607	445	20	4	6	448	336	778	0.0	686	292800
fbd0c8f788eca240776f7cf3ed29dfb7	gi|2363082326|ref|NR_179410.1|	94.382	445	21	4	6	448	349	791	0.0	680	1650661
fbd0c8f788eca240776f7cf3ed29dfb7	gi|2363082342|ref|NR_179418.1|	93.933	445	23	4	6	448	348	790	0.0	669	1673721
fbd0c8f788eca240776f7cf3ed29dfb7	gi|1193829127|ref|NR_147370.1|	93.933	445	23	4	6	448	349	791	0.0	669	1870988
02ef187b1296482357078529e6ab4f55	gi|2363082667|ref|NR_179581.1|	93.878	441	25	2	6	446	331	769	0.0	664	1917873
02ef187b1296482357078529e6ab4f55	gi|3030611269|ref|NR_199945.1|	92.744	441	31	1	6	446	335	774	0.0	636	3435293
02ef187b1296482357078529e6ab4f55	gi|2363082601|ref|NR_179547.1|	92.793	444	25	6	6	446	347	786	0.0	636	1870991
02ef187b1296482357078529e6ab4f55	gi|2962412223|ref|NR_199417.1|	92.517	441	32	1	6	446	342	781	2.11e-180	630	3136601
02ef187b1296482357078529e6ab4f55	gi|265678656|ref|NR_028961.1|	92.534	442	30	3	6	446	327	766	2.11e-180	630	853
02ef187b1296482357078529e6ab4f55	gi|2363081451|ref|NR_178972.1|	92.308	442	31	3	6	446	285	724	9.82e-179	625	1851428
02ef187b1296482357078529e6ab4f55	gi|2363080123|ref|NR_178280.1|	92.308	442	31	3	6	446	331	770	9.82e-179	625	411483
02ef187b1296482357078529e6ab4f55	gi|2363081449|ref|NR_178971.1|	91.855	442	32	4	6	446	285	723	2.13e-175	614	1851427
02ef187b1296482357078529e6ab4f55	gi|265679005|ref|NR_029313.1|	91.648	443	34	3	6	446	360	801	7.65e-175	612	52787
02ef187b1296482357078529e6ab4f55	gi|265679007|ref|NR_029315.1|	91.648	443	34	3	6	446	362	803	7.65e-175	612	52786
d14daa7c9dc2410f759815b11622767d	gi|310975253|ref|NR_037117.1|	95.536	448	18	2	6	452	331	777	0.0	715	28026
d14daa7c9dc2410f759815b11622767d	gi|631251581|ref|NR_112779.1|	95.536	448	18	2	6	452	331	777	0.0	715	1150460
d14daa7c9dc2410f759815b11622767d	gi|343201160|ref|NR_041875.1|	95.536	448	18	2	6	452	310	756	0.0	715	1686
d14daa7c9dc2410f759815b11622767d	gi|3248465902|ref|NR_201917.1|	95.089	448	20	2	6	452	338	784	0.0	704	3692808
d14daa7c9dc2410f759815b11622767d	gi|310974989|ref|NR_036853.1|	94.643	448	22	2	6	452	330	776	0.0	693	1683
d14daa7c9dc2410f759815b11622767d	gi|1269801543|ref|NR_074802.2|	94.222	450	22	4	6	452	341	789	0.0	684	367928
d14daa7c9dc2410f759815b11622767d	gi|961555015|ref|NR_133982.1|	94.222	450	22	4	6	452	311	759	0.0	684	1680
d14daa7c9dc2410f759815b11622767d	gi|645321680|ref|NR_118589.1|	94.222	450	22	4	6	452	335	783	0.0	684	1437612
d14daa7c9dc2410f759815b11622767d	gi|636560686|ref|NR_116746.1|	94.222	450	22	4	6	452	309	757	0.0	684	1437612
d14daa7c9dc2410f759815b11622767d	gi|310974993|ref|NR_036857.1|	94.222	450	22	4	6	452	248	696	0.0	684	78346
034bdb5486dd92ec5bfcc132f2ae990b	gi|2363085169|ref|NR_180833.1|	99.091	440	4	0	6	445	337	776	0.0	791	2606635
034bdb5486dd92ec5bfcc132f2ae990b	gi|559795307|ref|NR_104899.1|	97.045	440	13	0	6	445	328	767	0.0	741	384636
034bdb5486dd92ec5bfcc132f2ae990b	gi|310975204|ref|NR_037068.1|	97.045	440	13	0	6	445	341	780	0.0	741	29375
034bdb5486dd92ec5bfcc132f2ae990b	gi|2363082679|ref|NR_179587.1|	96.818	440	14	0	6	445	328	767	0.0	736	1926283
034bdb5486dd92ec5bfcc132f2ae990b	gi|1384992332|ref|NR_156081.1|	96.818	440	14	0	6	445	336	775	0.0	736	1469948
034bdb5486dd92ec5bfcc132f2ae990b	gi|1384992329|ref|NR_156078.1|	96.818	440	14	0	6	445	336	775	0.0	736	1469948
034bdb5486dd92ec5bfcc132f2ae990b	gi|2363081854|ref|NR_179173.1|	96.818	440	14	0	6	445	333	772	0.0	736	2126740
034bdb5486dd92ec5bfcc132f2ae990b	gi|645322280|ref|NR_119068.1|	96.818	440	13	1	6	445	315	753	0.0	734	36832
034bdb5486dd92ec5bfcc132f2ae990b	gi|3030611230|ref|NR_199906.1|	96.591	440	15	0	6	445	354	793	0.0	730	3123317
034bdb5486dd92ec5bfcc132f2ae990b	gi|3030611314|ref|NR_199990.1|	96.591	440	15	0	6	445	350	789	0.0	730	3123317
57ba09cde47c2df8d65bee9f7595aaaa	gi|1864207064|ref|NR_169358.1|	99.782	459	1	0	6	464	335	793	0.0	843	1720203
57ba09cde47c2df8d65bee9f7595aaaa	gi|699005325|ref|NR_126194.1|	97.603	459	11	0	6	464	335	793	0.0	793	1472416
57ba09cde47c2df8d65bee9f7595aaaa	gi|2363083451|ref|NR_179974.1|	97.168	459	13	0	6	464	327	785	0.0	776	2093856
57ba09cde47c2df8d65bee9f7595aaaa	gi|2363082787|ref|NR_179642.1|	97.168	459	13	0	6	464	315	773	0.0	776	2042309
57ba09cde47c2df8d65bee9f7595aaaa	gi|699005326|ref|NR_126195.1|	97.168	459	13	0	6	464	335	793	0.0	776	1472417
57ba09cde47c2df8d65bee9f7595aaaa	gi|343201004|ref|NR_041691.1|	96.970	462	8	5	6	464	335	793	0.0	771	544645
57ba09cde47c2df8d65bee9f7595aaaa	gi|3248465683|ref|NR_201697.1|	94.771	459	24	0	6	464	285	743	0.0	715	3378067
57ba09cde47c2df8d65bee9f7595aaaa	gi|343201003|ref|NR_041690.1|	93.464	459	30	0	6	464	333	791	0.0	682	544644
57ba09cde47c2df8d65bee9f7595aaaa	gi|1182956112|ref|NR_146820.1|	90.435	460	42	2	6	464	335	793	3.71e-173	606	1720195
57ba09cde47c2df8d65bee9f7595aaaa	gi|2363082669|ref|NR_179582.1|	90.000	460	44	2	6	464	315	773	2.89e-169	593	1917882
4d3f7a81b4025ff04b0d567e10d13e13	gi|1277396189|ref|NR_151900.1|	99.318	440	3	0	6	445	351	790	0.0	797	1550024
4d3f7a81b4025ff04b0d567e10d13e13	gi|2962412223|ref|NR_199417.1|	93.694	444	20	8	6	445	342	781	0.0	658	3136601
4d3f7a81b4025ff04b0d567e10d13e13	gi|559795255|ref|NR_104846.1|	93.636	440	28	0	6	445	288	727	0.0	658	745368
4d3f7a81b4025ff04b0d567e10d13e13	gi|1397641802|ref|NR_156911.1|	93.424	441	27	2	6	445	351	790	0.0	652	1650663
4d3f7a81b4025ff04b0d567e10d13e13	gi|2363084747|ref|NR_180622.1|	93.409	440	29	0	6	445	335	774	0.0	652	2779354
4d3f7a81b4025ff04b0d567e10d13e13	gi|265678692|ref|NR_028997.1|	93.197	441	29	1	6	445	303	743	0.0	647	214851
4d3f7a81b4025ff04b0d567e10d13e13	gi|2363080123|ref|NR_178280.1|	92.273	440	34	0	6	445	331	770	9.80e-179	625	411483
4d3f7a81b4025ff04b0d567e10d13e13	gi|3030611269|ref|NR_199945.1|	92.045	440	35	0	6	445	335	774	4.56e-177	619	3435293
4d3f7a81b4025ff04b0d567e10d13e13	gi|265678656|ref|NR_028961.1|	92.045	440	35	0	6	445	327	766	4.56e-177	619	853
4d3f7a81b4025ff04b0d567e10d13e13	gi|2363080175|ref|NR_178311.1|	91.837	441	34	2	6	445	412	851	2.12e-175	614	2903556
555210342f20a0f447a030ec617f1e74	gi|343198636|ref|NR_043142.1|	99.774	443	1	0	6	448	323	765	0.0	813	292800
555210342f20a0f447a030ec617f1e74	gi|265679048|ref|NR_029356.1|	99.774	443	1	0	6	448	336	778	0.0	813	292800
555210342f20a0f447a030ec617f1e74	gi|2363084741|ref|NR_180619.1|	97.968	443	9	0	6	448	347	789	0.0	769	2779352
555210342f20a0f447a030ec617f1e74	gi|219846080|ref|NR_025670.1|	96.614	443	15	0	6	448	329	771	0.0	736	411467
555210342f20a0f447a030ec617f1e74	gi|2136551692|ref|NR_173697.1|	96.614	443	14	1	6	448	349	790	0.0	734	2108523
555210342f20a0f447a030ec617f1e74	gi|1193829127|ref|NR_147370.1|	96.388	443	16	0	6	448	349	791	0.0	730	1870988
555210342f20a0f447a030ec617f1e74	gi|2363082326|ref|NR_179410.1|	96.388	443	16	0	6	448	349	791	0.0	730	1650661
555210342f20a0f447a030ec617f1e74	gi|3030611323|ref|NR_199999.1|	96.163	443	17	0	6	448	301	743	0.0	725	3133422
555210342f20a0f447a030ec617f1e74	gi|2363082358|ref|NR_179426.1|	96.163	443	17	0	6	448	349	791	0.0	725	1702285
555210342f20a0f447a030ec617f1e74	gi|2363082342|ref|NR_179418.1|	95.711	443	19	0	6	448	348	790	0.0	713	1673721
c98635e740976ad2025ef8705d45dfa9	gi|2363082577|ref|NR_179535.1|	97.598	458	10	1	6	462	335	792	0.0	784	1852376
c98635e740976ad2025ef8705d45dfa9	gi|631253197|ref|NR_114395.1|	97.593	457	11	0	6	462	333	789	0.0	784	1660
c98635e740976ad2025ef8705d45dfa9	gi|343201257|ref|NR_041983.1|	97.593	457	11	0	6	462	301	757	0.0	784	1660
c98635e740976ad2025ef8705d45dfa9	gi|2363082563|ref|NR_179528.1|	96.725	458	14	1	6	462	317	774	0.0	763	1852361
c98635e740976ad2025ef8705d45dfa9	gi|265678978|ref|NR_029286.1|	96.725	458	14	1	6	462	327	784	0.0	761	52773
c98635e740976ad2025ef8705d45dfa9	gi|645322323|ref|NR_119102.1|	95.852	458	18	1	6	462	302	759	0.0	747	1660
c98635e740976ad2025ef8705d45dfa9	gi|2363082675|ref|NR_179585.1|	96.070	458	16	2	6	462	318	774	0.0	745	1926276
c98635e740976ad2025ef8705d45dfa9	gi|219846590|ref|NR_026182.1|	95.861	459	17	2	6	462	329	787	0.0	741	52768
c98635e740976ad2025ef8705d45dfa9	gi|2363082579|ref|NR_179536.1|	95.415	458	19	2	6	462	335	791	0.0	728	1852377
c98635e740976ad2025ef8705d45dfa9	gi|219878262|ref|NR_025401.1|	95.415	458	20	1	6	462	318	775	0.0	728	121163
c4fd5cb88a4d378ed28a6b97713b84a6	gi|2363085892|ref|NR_181198.1|	99.355	465	3	0	6	470	268	732	0.0	843	2735723
c4fd5cb88a4d378ed28a6b97713b84a6	gi|265678513|ref|NR_028816.1|	98.495	465	7	0	6	470	310	774	0.0	821	154288
c4fd5cb88a4d378ed28a6b97713b84a6	gi|566085589|ref|NR_109669.1|	91.183	465	41	0	6	470	329	793	0.0	632	1202712
c4fd5cb88a4d378ed28a6b97713b84a6	gi|636560492|ref|NR_116552.1|	91.183	465	41	0	6	470	291	755	0.0	632	1384057
c4fd5cb88a4d378ed28a6b97713b84a6	gi|636559469|ref|NR_115529.1|	91.183	465	41	0	6	470	320	784	0.0	632	1421
c4fd5cb88a4d378ed28a6b97713b84a6	gi|1811131534|ref|NR_165716.1|	90.968	465	42	0	6	470	317	781	2.89e-179	627	2304605
c4fd5cb88a4d378ed28a6b97713b84a6	gi|2363086993|ref|NR_181753.1|	91.006	467	38	4	6	470	295	759	2.89e-179	627	1547283
c4fd5cb88a4d378ed28a6b97713b84a6	gi|645321097|ref|NR_118146.1|	90.968	465	42	0	6	470	311	775	2.89e-179	627	1130819
c4fd5cb88a4d378ed28a6b97713b84a6	gi|631251372|ref|NR_112569.1|	90.968	465	42	0	6	470	322	786	2.89e-179	627	28031
c4fd5cb88a4d378ed28a6b97713b84a6	gi|631251431|ref|NR_112628.1|	90.968	465	42	0	6	470	322	786	2.89e-179	627	28031
b50c7629f4f3859670448cf78f237e0e	gi|2363086270|ref|NR_181387.1|	99.774	442	1	0	6	447	302	743	0.0	811	2763656
b50c7629f4f3859670448cf78f237e0e	gi|2363086268|ref|NR_181386.1|	93.905	443	26	1	6	447	303	745	0.0	667	2763655
b50c7629f4f3859670448cf78f237e0e	gi|1116030284|ref|NR_144742.1|	93.679	443	27	1	6	447	352	794	0.0	662	1805714
b50c7629f4f3859670448cf78f237e0e	gi|631251702|ref|NR_112900.1|	93.679	443	27	1	6	447	341	783	0.0	662	626937
b50c7629f4f3859670448cf78f237e0e	gi|2363081417|ref|NR_178955.1|	93.002	443	30	1	6	447	288	730	0.0	645	1851429
b50c7629f4f3859670448cf78f237e0e	gi|1116030285|ref|NR_144743.1|	91.874	443	35	1	6	447	352	794	1.65e-176	617	1816678
b50c7629f4f3859670448cf78f237e0e	gi|2363084132|ref|NR_180315.1|	91.422	443	37	1	6	447	323	765	3.57e-173	606	2496273
b50c7629f4f3859670448cf78f237e0e	gi|636559212|ref|NR_115269.1|	91.422	443	37	1	6	447	332	774	3.57e-173	606	270498
b50c7629f4f3859670448cf78f237e0e	gi|636559633|ref|NR_115693.1|	91.422	443	35	3	6	447	442	882	1.28e-172	604	694434
b50c7629f4f3859670448cf78f237e0e	gi|636559632|ref|NR_115692.1|	91.422	443	35	3	6	447	442	882	1.28e-172	604	694434
626b1de6d13f317236801b94848808bd	gi|2363082667|ref|NR_179581.1|	91.629	442	33	3	6	446	331	769	9.89e-174	608	1917873
626b1de6d13f317236801b94848808bd	gi|2962412223|ref|NR_199417.1|	91.156	441	38	1	6	446	342	781	2.14e-170	597	3136601
626b1de6d13f317236801b94848808bd	gi|2363082601|ref|NR_179547.1|	91.196	443	34	4	6	446	347	786	2.14e-170	597	1870991
626b1de6d13f317236801b94848808bd	gi|559795255|ref|NR_104846.1|	90.498	442	39	3	6	446	288	727	2.16e-165	580	745368
626b1de6d13f317236801b94848808bd	gi|265679005|ref|NR_029313.1|	90.315	444	38	4	6	446	360	801	7.76e-165	579	52787
626b1de6d13f317236801b94848808bd	gi|265679007|ref|NR_029315.1|	90.315	444	38	4	6	446	362	803	7.76e-165	579	52786
626b1de6d13f317236801b94848808bd	gi|265678692|ref|NR_028997.1|	90.045	442	42	2	6	446	303	743	1.30e-162	571	214851
626b1de6d13f317236801b94848808bd	gi|3248465644|ref|NR_201656.1|	89.842	443	40	4	6	446	329	768	2.17e-160	564	3417633
626b1de6d13f317236801b94848808bd	gi|1277396189|ref|NR_151900.1|	89.842	443	40	5	6	446	351	790	2.17e-160	564	1550024
626b1de6d13f317236801b94848808bd	gi|2180566484|ref|NR_174324.1|	89.842	443	40	4	6	446	346	785	2.17e-160	564	2576756
3bfc7a4d53493cb74d255b27e26a06f8	gi|444439494|ref|NR_074809.1|	93.002	443	29	2	6	448	350	790	0.0	645	585394
3bfc7a4d53493cb74d255b27e26a06f8	gi|645320588|ref|NR_117758.1|	92.777	443	31	1	6	448	322	763	0.0	640	166486
3bfc7a4d53493cb74d255b27e26a06f8	gi|228716944|ref|NR_027557.1|	92.777	443	31	1	6	448	343	784	0.0	640	536231
3bfc7a4d53493cb74d255b27e26a06f8	gi|343201282|ref|NR_042008.1|	92.777	443	29	3	6	448	341	780	0.0	638	585394
3bfc7a4d53493cb74d255b27e26a06f8	gi|343198540|ref|NR_042832.1|	92.099	443	33	2	6	448	330	770	3.55e-178	623	301302
3bfc7a4d53493cb74d255b27e26a06f8	gi|2363085153|ref|NR_180825.1|	91.874	443	34	2	6	448	347	787	1.65e-176	617	2605790
3bfc7a4d53493cb74d255b27e26a06f8	gi|1227086116|ref|NR_148619.1|	91.441	444	35	2	6	448	301	742	3.58e-173	606	1712665
3bfc7a4d53493cb74d255b27e26a06f8	gi|2363086282|ref|NR_181393.1|	91.422	443	35	2	6	448	290	729	1.29e-172	604	2763664
3bfc7a4d53493cb74d255b27e26a06f8	gi|343201281|ref|NR_042007.1|	91.011	445	35	5	6	448	343	784	7.74e-170	595	622312
3bfc7a4d53493cb74d255b27e26a06f8	gi|444304209|ref|NR_074634.1|	90.971	443	37	2	6	448	350	789	2.78e-169	593	515619
72e93c50bfd8270e6b6824ed7b5df11a	gi|2363082342|ref|NR_179418.1|	90.541	444	40	2	6	448	348	790	4.66e-167	586	1673721
72e93c50bfd8270e6b6824ed7b5df11a	gi|444304204|ref|NR_074629.1|	90.293	443	43	0	6	448	341	783	2.17e-165	580	1515
72e93c50bfd8270e6b6824ed7b5df11a	gi|631251959|ref|NR_113157.1|	90.293	443	43	0	6	448	341	783	2.17e-165	580	1515
72e93c50bfd8270e6b6824ed7b5df11a	gi|2363082168|ref|NR_179330.1|	90.315	444	40	3	6	448	327	768	7.79e-165	579	2714355
72e93c50bfd8270e6b6824ed7b5df11a	gi|2363082165|ref|NR_179329.1|	90.315	444	40	3	6	448	327	768	7.79e-165	579	2714353
72e93c50bfd8270e6b6824ed7b5df11a	gi|219857437|ref|NR_025025.1|	90.090	444	40	4	6	448	332	772	7.79e-165	579	100176
72e93c50bfd8270e6b6824ed7b5df11a	gi|219846512|ref|NR_026104.1|	90.090	444	42	2	6	448	312	754	1.01e-163	575	1121303
72e93c50bfd8270e6b6824ed7b5df11a	gi|219857201|ref|NR_024829.1|	90.068	443	44	0	6	448	321	763	1.01e-163	575	253314
72e93c50bfd8270e6b6824ed7b5df11a	gi|645319762|ref|NR_117131.1|	90.068	443	41	2	6	448	348	787	1.30e-162	571	1544
72e93c50bfd8270e6b6824ed7b5df11a	gi|785794309|ref|NG_041947.1|	89.865	444	43	2	6	448	469	911	4.69e-162	569	394503
b9c3918a5d9284a34d05414b3c0d6cef	gi|343200549|ref|NR_041236.1|	90.315	444	39	4	6	448	321	761	7.79e-165	579	1122184
b9c3918a5d9284a34d05414b3c0d6cef	gi|2363086268|ref|NR_181386.1|	89.414	444	45	2	6	448	303	745	1.02e-158	558	2763655
b9c3918a5d9284a34d05414b3c0d6cef	gi|2363086270|ref|NR_181387.1|	89.391	443	46	1	6	448	302	743	3.65e-158	556	2763656
b9c3918a5d9284a34d05414b3c0d6cef	gi|2363086264|ref|NR_181384.1|	89.165	443	45	2	6	448	250	689	6.11e-156	549	2763660
b9c3918a5d9284a34d05414b3c0d6cef	gi|631252162|ref|NR_113360.1|	88.964	444	47	2	6	448	339	781	2.20e-155	547	1121303
b9c3918a5d9284a34d05414b3c0d6cef	gi|645319736|ref|NR_117111.1|	88.964	444	47	2	6	448	336	778	2.20e-155	547	29371
b9c3918a5d9284a34d05414b3c0d6cef	gi|219846512|ref|NR_026104.1|	88.964	444	47	2	6	448	312	754	2.20e-155	547	1121303
b9c3918a5d9284a34d05414b3c0d6cef	gi|1116030269|ref|NR_144727.1|	88.764	445	43	6	6	448	335	774	1.32e-152	538	1673717
b9c3918a5d9284a34d05414b3c0d6cef	gi|2363084629|ref|NR_180563.1|	88.514	444	48	3	6	448	291	732	1.71e-151	534	2488810
b9c3918a5d9284a34d05414b3c0d6cef	gi|636559633|ref|NR_115693.1|	88.514	444	47	4	6	448	442	882	1.71e-151	534	694434
9c62081dd12f3633f802f8c80ecbdafd	gi|2363082625|ref|NR_179559.1|	92.986	442	29	2	6	446	333	773	0.0	643	1871018
9c62081dd12f3633f802f8c80ecbdafd	gi|1193829155|ref|NR_147398.1|	91.837	441	34	2	6	446	351	789	2.13e-175	614	1720200
9c62081dd12f3633f802f8c80ecbdafd	gi|2363082601|ref|NR_179547.1|	91.610	441	36	1	6	446	347	786	9.89e-174	608	1870991
9c62081dd12f3633f802f8c80ecbdafd	gi|2363082711|ref|NR_179603.1|	91.383	441	36	2	6	446	317	755	4.60e-172	603	1944642
9c62081dd12f3633f802f8c80ecbdafd	gi|228717037|ref|NR_027558.1|	91.383	441	36	2	6	446	292	730	4.60e-172	603	169435
9c62081dd12f3633f802f8c80ecbdafd	gi|1116030290|ref|NR_144748.1|	91.156	441	37	2	6	446	335	773	2.14e-170	597	2897707
9c62081dd12f3633f802f8c80ecbdafd	gi|3248465644|ref|NR_201656.1|	90.930	441	39	1	6	446	329	768	9.96e-169	592	3417633
9c62081dd12f3633f802f8c80ecbdafd	gi|265679047|ref|NR_029355.1|	90.930	441	39	1	6	446	332	771	9.96e-169	592	84026
9c62081dd12f3633f802f8c80ecbdafd	gi|2363086276|ref|NR_181390.1|	90.476	441	41	1	6	446	304	743	2.16e-165	580	2763659
9c62081dd12f3633f802f8c80ecbdafd	gi|2363082755|ref|NR_179626.1|	90.476	441	40	2	6	446	351	789	2.16e-165	580	1987501
d55942d1b3d30919f2b24feb3efd5e41	gi|1116030282|ref|NR_144740.1|	99.317	439	3	0	6	444	321	759	0.0	795	1776391
d55942d1b3d30919f2b24feb3efd5e41	gi|974142280|ref|NR_134800.1|	98.633	439	6	0	6	444	255	693	0.0	778	1368474
d55942d1b3d30919f2b24feb3efd5e41	gi|672239008|ref|NR_125597.1|	97.959	441	7	2	6	444	318	758	0.0	763	1115758
d55942d1b3d30919f2b24feb3efd5e41	gi|2363083072|ref|NR_179784.1|	97.950	439	9	0	6	444	301	739	0.0	761	2020948
d55942d1b3d30919f2b24feb3efd5e41	gi|2363082877|ref|NR_179687.1|	97.267	439	12	0	6	444	273	711	0.0	745	2662455
d55942d1b3d30919f2b24feb3efd5e41	gi|1230874654|ref|NR_148815.1|	97.267	439	12	0	6	444	319	757	0.0	745	1629550
d55942d1b3d30919f2b24feb3efd5e41	gi|631252125|ref|NR_113323.1|	97.267	439	12	0	6	444	319	757	0.0	745	1490
d55942d1b3d30919f2b24feb3efd5e41	gi|1269785414|ref|NR_118728.2|	97.039	439	13	0	6	444	330	768	0.0	743	1121325
d55942d1b3d30919f2b24feb3efd5e41	gi|631250974|ref|NR_112171.1|	97.039	439	13	0	6	444	309	747	0.0	739	1490
d55942d1b3d30919f2b24feb3efd5e41	gi|1040567059|ref|NR_137408.1|	96.811	439	14	0	6	444	290	728	0.0	734	1460447
611f623bf44b3e8634a8a5bcd242974e	gi|1491520133|ref|NR_159296.1|	92.777	443	27	3	6	444	335	776	0.0	636	433296
611f623bf44b3e8634a8a5bcd242974e	gi|1116030291|ref|NR_144749.1|	92.534	442	29	4	6	444	347	787	2.10e-180	630	1852367
611f623bf44b3e8634a8a5bcd242974e	gi|1116030279|ref|NR_144737.1|	92.551	443	28	3	6	444	347	788	2.10e-180	630	1776384
611f623bf44b3e8634a8a5bcd242974e	gi|2363085330|ref|NR_180913.1|	92.325	443	29	3	6	444	327	768	9.78e-179	625	2697030
611f623bf44b3e8634a8a5bcd242974e	gi|1116030282|ref|NR_144740.1|	92.308	442	28	6	6	444	321	759	3.52e-178	623	1776391
611f623bf44b3e8634a8a5bcd242974e	gi|2463901899|ref|NR_184630.1|	91.855	442	32	3	6	444	343	783	2.12e-175	614	2839743
611f623bf44b3e8634a8a5bcd242974e	gi|2136551617|ref|NR_173621.1|	91.648	443	32	3	6	444	354	795	9.85e-174	608	2818044
611f623bf44b3e8634a8a5bcd242974e	gi|265678606|ref|NR_028911.1|	91.629	442	34	1	6	444	335	776	9.85e-174	608	109327
611f623bf44b3e8634a8a5bcd242974e	gi|1040567059|ref|NR_137408.1|	91.629	442	31	6	6	444	290	728	3.54e-173	606	1460447
611f623bf44b3e8634a8a5bcd242974e	gi|974142280|ref|NR_134800.1|	91.629	442	31	6	6	444	255	693	3.54e-173	606	1368474
2c7f4c7d0872969c63d02eff063e3587	gi|2363080123|ref|NR_178280.1|	96.136	440	17	0	6	445	331	770	0.0	719	411483
2c7f4c7d0872969c63d02eff063e3587	gi|3030611269|ref|NR_199945.1|	95.909	440	18	0	6	445	335	774	0.0	713	3435293
2c7f4c7d0872969c63d02eff063e3587	gi|2363081449|ref|NR_178971.1|	95.682	440	18	1	6	445	285	723	0.0	706	1851427
2c7f4c7d0872969c63d02eff063e3587	gi|265678656|ref|NR_028961.1|	95.455	440	20	0	6	445	327	766	0.0	702	853
2c7f4c7d0872969c63d02eff063e3587	gi|2363081451|ref|NR_178972.1|	95.227	440	21	0	6	445	285	724	0.0	697	1851428
2c7f4c7d0872969c63d02eff063e3587	gi|2363082282|ref|NR_179388.1|	94.558	441	22	2	6	445	335	774	0.0	680	2935520
2c7f4c7d0872969c63d02eff063e3587	gi|2363080175|ref|NR_178311.1|	93.864	440	27	0	6	445	412	851	0.0	664	2903556
2c7f4c7d0872969c63d02eff063e3587	gi|2363084747|ref|NR_180622.1|	92.063	441	33	2	6	445	335	774	4.56e-177	619	2779354
2c7f4c7d0872969c63d02eff063e3587	gi|2363082356|ref|NR_179425.1|	91.136	440	39	0	6	445	351	790	2.14e-170	597	1689304
2c7f4c7d0872969c63d02eff063e3587	gi|559795255|ref|NR_104846.1|	90.909	440	40	0	6	445	288	727	9.94e-169	592	745368
1990c787b43c82a232b67ed04e9e92ae	gi|2363085169|ref|NR_180833.1|	98.182	440	8	0	6	445	337	776	0.0	769	2606635
1990c787b43c82a232b67ed04e9e92ae	gi|310975204|ref|NR_037068.1|	95.918	441	16	2	6	445	341	780	0.0	713	29375
1990c787b43c82a232b67ed04e9e92ae	gi|3030611230|ref|NR_199906.1|	95.682	440	19	0	6	445	354	793	0.0	708	3123317
1990c787b43c82a232b67ed04e9e92ae	gi|3030611314|ref|NR_199990.1|	95.682	440	19	0	6	445	350	789	0.0	708	3123317
1990c787b43c82a232b67ed04e9e92ae	gi|2836274880|ref|NR_197643.1|	95.682	440	19	0	6	445	329	768	0.0	708	2962432
1990c787b43c82a232b67ed04e9e92ae	gi|1384992331|ref|NR_156080.1|	95.682	440	19	0	6	445	336	775	0.0	708	1469948
1990c787b43c82a232b67ed04e9e92ae	gi|1384992328|ref|NR_156077.1|	95.682	440	19	0	6	445	336	775	0.0	708	1469948
1990c787b43c82a232b67ed04e9e92ae	gi|559795307|ref|NR_104899.1|	95.682	440	19	0	6	445	328	767	0.0	708	384636
1990c787b43c82a232b67ed04e9e92ae	gi|645322280|ref|NR_119068.1|	95.692	441	16	3	6	445	315	753	0.0	706	36832
1990c787b43c82a232b67ed04e9e92ae	gi|2363082679|ref|NR_179587.1|	95.455	440	20	0	6	445	328	767	0.0	702	1926283
5af7f904ea3ce148dbd02159f3b4bd57	gi|1116030246|ref|NR_144704.1|	95.662	461	18	2	6	465	251	710	0.0	739	1203465
5af7f904ea3ce148dbd02159f3b4bd57	gi|631251735|ref|NR_112933.1|	95.652	460	20	0	6	465	334	793	0.0	739	246787
5af7f904ea3ce148dbd02159f3b4bd57	gi|343200620|ref|NR_041307.1|	94.783	460	24	0	6	465	334	793	0.0	717	329854
5af7f904ea3ce148dbd02159f3b4bd57	gi|343201477|ref|NR_042203.1|	94.783	460	24	0	6	465	295	754	0.0	717	537012
5af7f904ea3ce148dbd02159f3b4bd57	gi|631251872|ref|NR_113070.1|	94.372	462	22	4	6	465	334	793	0.0	706	742727
5af7f904ea3ce148dbd02159f3b4bd57	gi|631251697|ref|NR_112895.1|	94.372	462	22	4	6	465	314	773	0.0	706	742727
5af7f904ea3ce148dbd02159f3b4bd57	gi|631251747|ref|NR_112945.1|	94.130	460	27	0	6	465	327	786	0.0	701	820
5af7f904ea3ce148dbd02159f3b4bd57	gi|343200179|ref|NR_040866.1|	94.130	460	27	0	6	465	334	793	0.0	701	820
5af7f904ea3ce148dbd02159f3b4bd57	gi|2363082773|ref|NR_179635.1|	93.696	460	29	0	6	465	338	797	0.0	689	2024197
5af7f904ea3ce148dbd02159f3b4bd57	gi|2363086550|ref|NR_181532.1|	93.696	460	29	0	6	465	322	781	0.0	689	2763025
e18328053f823ce2989bd8026c5daf13	gi|2363080123|ref|NR_178280.1|	95.011	441	20	2	6	445	331	770	0.0	691	411483
e18328053f823ce2989bd8026c5daf13	gi|2363081449|ref|NR_178971.1|	94.796	442	18	5	6	445	285	723	0.0	684	1851427
e18328053f823ce2989bd8026c5daf13	gi|3030611269|ref|NR_199945.1|	94.331	441	23	2	6	445	335	774	0.0	675	3435293
e18328053f823ce2989bd8026c5daf13	gi|265678656|ref|NR_028961.1|	94.331	441	23	2	6	445	327	766	0.0	675	853
e18328053f823ce2989bd8026c5daf13	gi|2363081451|ref|NR_178972.1|	94.104	441	24	2	6	445	285	724	0.0	669	1851428
e18328053f823ce2989bd8026c5daf13	gi|2363082282|ref|NR_179388.1|	93.439	442	25	4	6	445	335	774	0.0	652	2935520
e18328053f823ce2989bd8026c5daf13	gi|2363080175|ref|NR_178311.1|	92.744	441	30	2	6	445	412	851	0.0	636	2903556
e18328053f823ce2989bd8026c5daf13	gi|2363084747|ref|NR_180622.1|	88.688	442	46	4	6	445	335	774	4.72e-152	536	2779354
e18328053f823ce2989bd8026c5daf13	gi|559795255|ref|NR_104846.1|	88.688	442	46	4	6	445	288	727	4.72e-152	536	745368
e18328053f823ce2989bd8026c5daf13	gi|1277396189|ref|NR_151900.1|	88.209	441	50	2	6	445	351	790	1.02e-148	525	1550024
5abb9cdb05ef3f28ce6d37a4e3098479	gi|3030611269|ref|NR_199945.1|	89.485	447	40	5	6	452	335	774	1.02e-158	558	3435293
5abb9cdb05ef3f28ce6d37a4e3098479	gi|265678656|ref|NR_028961.1|	89.038	447	42	4	6	452	327	766	2.22e-155	547	853
5abb9cdb05ef3f28ce6d37a4e3098479	gi|2363081451|ref|NR_178972.1|	88.814	447	43	4	6	452	285	724	1.03e-153	542	1851428
5abb9cdb05ef3f28ce6d37a4e3098479	gi|2363080123|ref|NR_178280.1|	88.814	447	43	4	6	452	331	770	1.03e-153	542	411483
5abb9cdb05ef3f28ce6d37a4e3098479	gi|2363081449|ref|NR_178971.1|	88.367	447	44	5	6	452	285	723	2.23e-150	531	1851427
5abb9cdb05ef3f28ce6d37a4e3098479	gi|2363082356|ref|NR_179425.1|	88.143	447	46	4	6	452	351	790	1.04e-148	525	1689304
5abb9cdb05ef3f28ce6d37a4e3098479	gi|2363082282|ref|NR_179388.1|	88.170	448	44	6	6	452	335	774	1.04e-148	525	2935520
5abb9cdb05ef3f28ce6d37a4e3098479	gi|2363084747|ref|NR_180622.1|	87.946	448	45	6	6	452	335	774	4.84e-147	520	2779354
5abb9cdb05ef3f28ce6d37a4e3098479	gi|265678692|ref|NR_028997.1|	87.696	447	49	4	6	452	303	743	6.26e-146	516	214851
5abb9cdb05ef3f28ce6d37a4e3098479	gi|1397641802|ref|NR_156911.1|	87.696	447	48	4	6	452	351	790	2.25e-145	514	1650663
ebf95a36a32a8bdf2cee6b6661865849	gi|2136551617|ref|NR_173621.1|	94.118	442	23	1	6	444	354	795	0.0	669	2818044
ebf95a36a32a8bdf2cee6b6661865849	gi|1116030279|ref|NR_144737.1|	93.665	442	25	1	6	444	347	788	0.0	658	1776384
ebf95a36a32a8bdf2cee6b6661865849	gi|1116030291|ref|NR_144749.1|	92.971	441	29	2	6	444	347	787	0.0	641	1852367
ebf95a36a32a8bdf2cee6b6661865849	gi|1491520133|ref|NR_159296.1|	92.986	442	28	1	6	444	335	776	0.0	641	433296
ebf95a36a32a8bdf2cee6b6661865849	gi|265678606|ref|NR_028911.1|	92.760	442	29	1	6	444	335	776	0.0	636	109327
ebf95a36a32a8bdf2cee6b6661865849	gi|2363085330|ref|NR_180913.1|	92.081	442	32	1	6	444	327	768	4.55e-177	619	2697030
ebf95a36a32a8bdf2cee6b6661865849	gi|1116030282|ref|NR_144740.1|	92.063	441	31	4	6	444	321	759	1.64e-176	617	1776391
ebf95a36a32a8bdf2cee6b6661865849	gi|1024974767|ref|NR_136796.1|	92.081	442	29	6	6	444	324	762	1.64e-176	617	1482736
ebf95a36a32a8bdf2cee6b6661865849	gi|2463901899|ref|NR_184630.1|	91.837	441	34	1	6	444	343	783	2.12e-175	614	2839743
ebf95a36a32a8bdf2cee6b6661865849	gi|2363084124|ref|NR_180311.1|	91.855	442	30	6	6	444	290	728	7.61e-175	612	2743610
cc8b967e113dee22d28b039160f3f46d	gi|1445136073|ref|NR_158113.1|	96.847	444	12	2	6	448	328	770	0.0	741	433287
cc8b967e113dee22d28b039160f3f46d	gi|1811131545|ref|NR_165727.1|	96.171	444	16	1	6	448	358	801	0.0	725	2358141
cc8b967e113dee22d28b039160f3f46d	gi|631252210|ref|NR_113408.1|	95.946	444	16	2	6	448	351	793	0.0	719	28446
cc8b967e113dee22d28b039160f3f46d	gi|219846061|ref|NR_025651.1|	95.946	444	16	2	6	448	350	792	0.0	719	160404
cc8b967e113dee22d28b039160f3f46d	gi|265678961|ref|NR_029269.1|	95.721	444	16	3	6	448	350	791	0.0	712	28446
cc8b967e113dee22d28b039160f3f46d	gi|219846558|ref|NR_026150.1|	95.045	444	19	3	6	448	350	791	0.0	695	36847
cc8b967e113dee22d28b039160f3f46d	gi|2621112349|ref|NR_189253.1|	94.369	444	24	1	6	448	345	788	0.0	680	2918914
cc8b967e113dee22d28b039160f3f46d	gi|3030611264|ref|NR_199940.1|	93.694	444	23	5	6	448	338	777	0.0	660	3074433
cc8b967e113dee22d28b039160f3f46d	gi|2363083221|ref|NR_179859.1|	93.228	443	27	2	6	448	347	786	0.0	649	2078660
cc8b967e113dee22d28b039160f3f46d	gi|1230874676|ref|NR_148837.1|	93.002	443	28	3	6	448	347	786	0.0	643	1675854
12f37de4676fc34014099c7654f42803	gi|219857122|ref|NR_024750.1|	97.065	443	10	2	6	447	300	740	0.0	745	116085
12f37de4676fc34014099c7654f42803	gi|3030611230|ref|NR_199906.1|	95.023	442	20	1	6	447	354	793	0.0	693	3123317
12f37de4676fc34014099c7654f42803	gi|3030611314|ref|NR_199990.1|	95.023	442	20	1	6	447	350	789	0.0	693	3123317
12f37de4676fc34014099c7654f42803	gi|1384992332|ref|NR_156081.1|	95.023	442	20	1	6	447	336	775	0.0	693	1469948
12f37de4676fc34014099c7654f42803	gi|1384992331|ref|NR_156080.1|	95.023	442	20	1	6	447	336	775	0.0	693	1469948
12f37de4676fc34014099c7654f42803	gi|1384992329|ref|NR_156078.1|	95.023	442	20	1	6	447	336	775	0.0	693	1469948
12f37de4676fc34014099c7654f42803	gi|1384992328|ref|NR_156077.1|	95.023	442	20	1	6	447	336	775	0.0	693	1469948
12f37de4676fc34014099c7654f42803	gi|1109168019|ref|NR_144608.1|	94.582	443	22	2	6	447	348	789	0.0	684	1796618
12f37de4676fc34014099c7654f42803	gi|631252121|ref|NR_113319.1|	94.570	442	22	1	6	447	350	789	0.0	682	645466
12f37de4676fc34014099c7654f42803	gi|219846511|ref|NR_026103.1|	94.570	442	22	1	6	447	316	755	0.0	682	37658
cde2b2a1f1d2510a4011caa5d68b65a7	gi|631252213|ref|NR_113411.1|	95.022	462	19	4	6	465	341	800	0.0	723	537011
cde2b2a1f1d2510a4011caa5d68b65a7	gi|343200190|ref|NR_040877.1|	94.805	462	20	4	6	465	341	800	0.0	719	537011
cde2b2a1f1d2510a4011caa5d68b65a7	gi|2363084409|ref|NR_180452.1|	94.156	462	23	4	6	465	321	780	0.0	701	2518605
cde2b2a1f1d2510a4011caa5d68b65a7	gi|631253107|ref|NR_114305.1|	90.239	461	43	2	6	465	341	800	1.73e-171	601	1236518
cde2b2a1f1d2510a4011caa5d68b65a7	gi|636560666|ref|NR_116726.1|	90.239	461	43	2	6	465	321	780	1.73e-171	601	1236518
cde2b2a1f1d2510a4011caa5d68b65a7	gi|507148088|ref|NR_102895.1|	89.783	460	47	0	6	465	349	808	3.74e-168	590	553174
cde2b2a1f1d2510a4011caa5d68b65a7	gi|631251915|ref|NR_113113.1|	89.783	460	47	0	6	465	329	788	3.74e-168	590	553174
cde2b2a1f1d2510a4011caa5d68b65a7	gi|343198546|ref|NR_042843.1|	89.783	460	47	0	6	465	321	780	3.74e-168	590	553174
cde2b2a1f1d2510a4011caa5d68b65a7	gi|631251895|ref|NR_113093.1|	89.177	462	46	4	6	465	339	798	3.77e-163	573	419005
cde2b2a1f1d2510a4011caa5d68b65a7	gi|631251872|ref|NR_113070.1|	89.009	464	43	7	6	465	334	793	1.75e-161	568	742727
ce1a6f42ac0828a1cac5cfd807dc3fbc	gi|2363082168|ref|NR_179330.1|	97.964	442	9	0	6	447	327	768	0.0	767	2714355
ce1a6f42ac0828a1cac5cfd807dc3fbc	gi|2363082165|ref|NR_179329.1|	97.285	442	12	0	6	447	327	768	0.0	750	2714353
ce1a6f42ac0828a1cac5cfd807dc3fbc	gi|645321110|ref|NR_118156.1|	93.454	443	27	2	6	447	304	745	0.0	656	1007096
ce1a6f42ac0828a1cac5cfd807dc3fbc	gi|2962412234|ref|NR_199428.1|	93.228	443	28	2	6	447	352	793	0.0	651	3073143
ce1a6f42ac0828a1cac5cfd807dc3fbc	gi|1109168025|ref|NR_144611.1|	93.034	445	26	3	6	447	282	724	0.0	645	1417852
ce1a6f42ac0828a1cac5cfd807dc3fbc	gi|2136551692|ref|NR_173697.1|	92.760	442	32	0	6	447	349	790	0.0	640	2108523
ce1a6f42ac0828a1cac5cfd807dc3fbc	gi|2363087001|ref|NR_181757.1|	92.809	445	26	6	6	447	289	730	0.0	640	2841504
ce1a6f42ac0828a1cac5cfd807dc3fbc	gi|1269801610|ref|NR_074793.2|	92.551	443	31	2	6	447	355	796	0.0	634	351091
ce1a6f42ac0828a1cac5cfd807dc3fbc	gi|343200653|ref|NR_041340.1|	92.551	443	31	2	6	447	328	769	0.0	634	351091
ce1a6f42ac0828a1cac5cfd807dc3fbc	gi|2260349448|ref|NR_176530.1|	92.325	443	32	2	6	447	358	799	7.61e-180	628	2093857
fff1195d855507496267a01688c19533	gi|3030611269|ref|NR_199945.1|	94.545	440	24	0	6	445	335	774	0.0	680	3435293
fff1195d855507496267a01688c19533	gi|265678656|ref|NR_028961.1|	94.545	440	24	0	6	445	327	766	0.0	680	853
fff1195d855507496267a01688c19533	gi|2363081451|ref|NR_178972.1|	94.318	440	25	0	6	445	285	724	0.0	675	1851428
fff1195d855507496267a01688c19533	gi|2363080123|ref|NR_178280.1|	94.318	440	25	0	6	445	331	770	0.0	675	411483
fff1195d855507496267a01688c19533	gi|2363082282|ref|NR_179388.1|	93.878	441	25	2	6	445	335	774	0.0	664	2935520
fff1195d855507496267a01688c19533	gi|2363081449|ref|NR_178971.1|	93.864	440	26	1	6	445	285	723	0.0	662	1851427
fff1195d855507496267a01688c19533	gi|2363080175|ref|NR_178311.1|	92.045	440	35	0	6	445	412	851	4.56e-177	619	2903556
fff1195d855507496267a01688c19533	gi|1397641802|ref|NR_156911.1|	89.116	441	46	2	6	445	351	790	2.18e-155	547	1650663
fff1195d855507496267a01688c19533	gi|2363082356|ref|NR_179425.1|	88.864	440	49	0	6	445	351	790	1.02e-153	542	1689304
fff1195d855507496267a01688c19533	gi|559795255|ref|NR_104846.1|	88.864	440	49	0	6	445	288	727	1.02e-153	542	745368
f0b24df9a22fc58c92619697eb0ca159	gi|645321013|ref|NR_118082.1|	99.355	465	3	0	6	470	241	705	0.0	843	60552
f0b24df9a22fc58c92619697eb0ca159	gi|645320981|ref|NR_118057.1|	99.355	465	3	0	6	470	241	705	0.0	843	983594
f0b24df9a22fc58c92619697eb0ca159	gi|265678901|ref|NR_029209.1|	99.355	465	3	0	6	470	283	747	0.0	843	292
f0b24df9a22fc58c92619697eb0ca159	gi|645322034|ref|NR_118872.1|	99.355	465	3	0	6	470	280	744	0.0	843	60552
f0b24df9a22fc58c92619697eb0ca159	gi|1018196617|ref|NR_136496.1|	99.140	465	4	0	6	470	310	774	0.0	839	1503055
f0b24df9a22fc58c92619697eb0ca159	gi|219857425|ref|NR_025013.1|	99.140	465	4	0	6	470	310	774	0.0	839	95486
f0b24df9a22fc58c92619697eb0ca159	gi|2180566354|ref|NR_174230.1|	99.140	465	4	0	6	470	310	774	0.0	837	2015348
f0b24df9a22fc58c92619697eb0ca159	gi|2363081214|ref|NR_178850.1|	99.140	465	4	0	6	470	330	794	0.0	837	1506587
f0b24df9a22fc58c92619697eb0ca159	gi|507148083|ref|NR_102890.1|	99.140	465	4	0	6	470	330	794	0.0	837	482957
f0b24df9a22fc58c92619697eb0ca159	gi|559795385|ref|NR_104978.1|	99.140	465	4	0	6	470	310	774	0.0	837	488447
1100ea984b279b2639be2ab819576a6c	gi|631252510|ref|NR_113708.1|	99.355	465	3	0	6	470	306	770	0.0	843	80866
1100ea984b279b2639be2ab819576a6c	gi|636560079|ref|NR_116139.1|	99.355	465	3	0	6	470	244	708	0.0	843	80866
1100ea984b279b2639be2ab819576a6c	gi|631252672|ref|NR_113870.1|	98.280	465	8	0	6	470	306	770	0.0	815	180282
1100ea984b279b2639be2ab819576a6c	gi|636560435|ref|NR_116495.1|	98.280	465	8	0	6	470	325	789	0.0	815	558537
1100ea984b279b2639be2ab819576a6c	gi|219857158|ref|NR_024786.1|	98.280	465	8	0	6	470	307	771	0.0	815	180282
1100ea984b279b2639be2ab819576a6c	gi|1397641903|ref|NR_157013.1|	98.065	465	9	0	6	470	306	770	0.0	809	1915059
1100ea984b279b2639be2ab819576a6c	gi|219856892|ref|NR_024711.1|	98.060	464	9	0	7	470	325	788	0.0	809	80866
1100ea984b279b2639be2ab819576a6c	gi|636558410|ref|NR_114466.1|	97.849	465	10	0	6	470	331	795	0.0	804	80866
1100ea984b279b2639be2ab819576a6c	gi|219846250|ref|NR_025840.1|	97.419	465	12	0	6	470	308	772	0.0	793	28066
1100ea984b279b2639be2ab819576a6c	gi|566085102|ref|NR_108843.1|	96.996	466	12	2	6	470	274	738	0.0	782	747302
ccc01290f00c49eab794342db1b91af0	gi|1116030269|ref|NR_144727.1|	91.441	444	30	8	6	445	335	774	4.59e-172	603	1673717
ccc01290f00c49eab794342db1b91af0	gi|2180566484|ref|NR_174324.1|	91.383	441	36	2	6	445	346	785	4.59e-172	603	2576756
ccc01290f00c49eab794342db1b91af0	gi|444303976|ref|NR_074399.1|	90.950	442	36	3	6	445	333	772	9.94e-169	592	697329
ccc01290f00c49eab794342db1b91af0	gi|631251834|ref|NR_113032.1|	90.950	442	36	3	6	445	333	772	9.94e-169	592	1264
ccc01290f00c49eab794342db1b91af0	gi|636559173|ref|NR_115230.1|	90.950	442	36	3	6	445	333	772	9.94e-169	592	697329
ccc01290f00c49eab794342db1b91af0	gi|219846339|ref|NR_025929.1|	90.950	442	36	3	6	445	328	767	9.94e-169	592	697329
ccc01290f00c49eab794342db1b91af0	gi|1864207164|ref|NR_169458.1|	90.682	440	41	0	6	445	345	784	4.62e-167	586	2164149
ccc01290f00c49eab794342db1b91af0	gi|2363086264|ref|NR_181384.1|	90.724	442	37	3	6	445	250	689	4.62e-167	586	2763660
ccc01290f00c49eab794342db1b91af0	gi|265679047|ref|NR_029355.1|	90.682	440	41	0	6	445	332	771	4.62e-167	586	84026
ccc01290f00c49eab794342db1b91af0	gi|228717037|ref|NR_027558.1|	90.703	441	38	3	6	445	292	730	1.66e-166	584	169435
de4c680ae27d8ebfc1a4f7d261e619b3	gi|265679005|ref|NR_029313.1|	94.357	443	23	2	6	447	360	801	0.0	680	52787
de4c680ae27d8ebfc1a4f7d261e619b3	gi|265679007|ref|NR_029315.1|	94.357	443	23	2	6	447	362	803	0.0	680	52786
de4c680ae27d8ebfc1a4f7d261e619b3	gi|2363082667|ref|NR_179581.1|	91.648	443	32	3	6	447	331	769	9.92e-174	608	1917873
de4c680ae27d8ebfc1a4f7d261e619b3	gi|2363084747|ref|NR_180622.1|	91.236	445	31	6	6	447	335	774	5.97e-171	599	2779354
de4c680ae27d8ebfc1a4f7d261e619b3	gi|2962412223|ref|NR_199417.1|	90.766	444	35	4	6	447	342	781	1.29e-167	588	3136601
de4c680ae27d8ebfc1a4f7d261e619b3	gi|444303910|ref|NR_074333.1|	90.562	445	36	5	6	447	323	764	1.67e-166	584	663278
de4c680ae27d8ebfc1a4f7d261e619b3	gi|343202504|ref|NR_042828.1|	90.562	445	36	5	6	447	323	764	1.67e-166	584	663278
de4c680ae27d8ebfc1a4f7d261e619b3	gi|636559250|ref|NR_115307.1|	90.562	445	36	5	6	447	323	764	1.67e-166	584	663278
de4c680ae27d8ebfc1a4f7d261e619b3	gi|2363080175|ref|NR_178311.1|	90.519	443	38	2	6	447	412	851	6.01e-166	582	2903556
de4c680ae27d8ebfc1a4f7d261e619b3	gi|2363082282|ref|NR_179388.1|	89.888	445	37	7	6	447	335	774	6.05e-161	566	2935520
bb20566829fe8c274ee42a9a34a5dfb8	gi|444439494|ref|NR_074809.1|	96.599	441	14	1	6	445	350	790	0.0	730	585394
bb20566829fe8c274ee42a9a34a5dfb8	gi|645320588|ref|NR_117758.1|	96.380	442	14	1	6	445	322	763	0.0	726	166486
bb20566829fe8c274ee42a9a34a5dfb8	gi|228716944|ref|NR_027557.1|	96.380	442	14	1	6	445	343	784	0.0	726	536231
bb20566829fe8c274ee42a9a34a5dfb8	gi|343201282|ref|NR_042008.1|	96.372	441	14	2	6	445	341	780	0.0	725	585394
bb20566829fe8c274ee42a9a34a5dfb8	gi|343198540|ref|NR_042832.1|	95.918	441	17	1	6	445	330	770	0.0	713	301302
bb20566829fe8c274ee42a9a34a5dfb8	gi|2363086282|ref|NR_181393.1|	95.682	440	19	0	6	445	290	729	0.0	708	2763664
bb20566829fe8c274ee42a9a34a5dfb8	gi|1227086116|ref|NR_148619.1|	95.475	442	18	2	6	445	301	742	0.0	704	1712665
bb20566829fe8c274ee42a9a34a5dfb8	gi|343201281|ref|NR_042007.1|	95.270	444	15	5	6	445	343	784	0.0	699	622312
bb20566829fe8c274ee42a9a34a5dfb8	gi|2136551593|ref|NR_173596.1|	95.238	441	20	1	6	445	301	741	0.0	697	1703332
bb20566829fe8c274ee42a9a34a5dfb8	gi|444304209|ref|NR_074634.1|	95.227	440	21	0	6	445	350	789	0.0	697	515619
eae09384629aa1c83a9fc2305305ad83	gi|631251745|ref|NR_112943.1|	87.826	460	56	0	6	465	326	785	3.82e-153	540	449673
eae09384629aa1c83a9fc2305305ad83	gi|631251735|ref|NR_112933.1|	87.662	462	53	4	6	465	334	793	1.78e-151	534	246787
eae09384629aa1c83a9fc2305305ad83	gi|224581415|ref|NR_027196.1|	86.957	460	60	0	6	465	317	776	4.98e-147	520	449673
eae09384629aa1c83a9fc2305305ad83	gi|1116030246|ref|NR_144704.1|	86.825	463	55	6	6	465	251	710	8.34e-145	512	1203465
eae09384629aa1c83a9fc2305305ad83	gi|343201477|ref|NR_042203.1|	86.797	462	57	4	6	465	295	754	8.34e-145	512	537012
eae09384629aa1c83a9fc2305305ad83	gi|631251734|ref|NR_112932.1|	86.117	461	62	2	6	465	328	787	8.40e-140	496	47678
eae09384629aa1c83a9fc2305305ad83	gi|219846650|ref|NR_026242.1|	86.117	461	62	2	6	465	318	777	8.40e-140	496	47678
eae09384629aa1c83a9fc2305305ad83	gi|444439494|ref|NR_074809.1|	95.177	311	15	0	155	465	480	790	1.09e-138	492	585394
eae09384629aa1c83a9fc2305305ad83	gi|343201282|ref|NR_042008.1|	95.177	311	15	0	155	465	470	780	1.09e-138	492	585394
eae09384629aa1c83a9fc2305305ad83	gi|2363084431|ref|NR_180463.1|	85.900	461	63	2	6	465	340	799	3.91e-138	490	2650158
2f9496f425d591b9438e9d7bcf7391aa	gi|2363082374|ref|NR_179434.1|	92.308	442	31	3	6	446	349	788	9.82e-179	625	1720300
2f9496f425d591b9438e9d7bcf7391aa	gi|2363081874|ref|NR_179183.1|	92.099	443	32	3	6	446	325	766	1.27e-177	621	1727145
2f9496f425d591b9438e9d7bcf7391aa	gi|2962412221|ref|NR_199415.1|	92.081	442	32	3	6	446	338	777	4.57e-177	619	3136600
2f9496f425d591b9438e9d7bcf7391aa	gi|310974914|ref|NR_036777.1|	92.027	439	34	1	6	444	333	770	1.64e-176	617	33039
2f9496f425d591b9438e9d7bcf7391aa	gi|631251356|ref|NR_112553.1|	91.837	441	36	0	6	446	348	788	5.91e-176	616	342942
2f9496f425d591b9438e9d7bcf7391aa	gi|1024974678|ref|NR_136763.1|	91.629	442	34	3	6	446	358	797	7.65e-175	612	1564487
2f9496f425d591b9438e9d7bcf7391aa	gi|2363087259|ref|NR_181885.1|	91.610	441	36	1	6	446	335	774	2.75e-174	610	2885351
2f9496f425d591b9438e9d7bcf7391aa	gi|2363085332|ref|NR_180914.1|	91.648	443	32	4	6	446	328	767	9.89e-174	608	2696063
2f9496f425d591b9438e9d7bcf7391aa	gi|1277396381|ref|NR_152095.1|	91.610	441	36	1	6	446	348	787	9.89e-174	608	1679721
2f9496f425d591b9438e9d7bcf7391aa	gi|636560687|ref|NR_116747.1|	91.610	441	36	1	6	446	301	740	9.89e-174	608	1298596
7f4e4e8a9b978f7992cb61f60555dc6f	gi|645321785|ref|NR_118670.1|	92.290	441	33	1	6	446	357	796	0.0	632	39496
7f4e4e8a9b978f7992cb61f60555dc6f	gi|219857617|ref|NR_025206.1|	90.703	441	40	1	6	446	314	753	4.64e-167	586	180286
7f4e4e8a9b978f7992cb61f60555dc6f	gi|310974936|ref|NR_036800.1|	90.703	441	40	1	6	446	326	765	4.64e-167	586	411470
7f4e4e8a9b978f7992cb61f60555dc6f	gi|645321810|ref|NR_118690.1|	90.703	441	40	1	6	446	338	777	4.64e-167	586	411470
7f4e4e8a9b978f7992cb61f60555dc6f	gi|645320588|ref|NR_117758.1|	90.498	442	41	1	6	446	322	763	6.00e-166	582	166486
7f4e4e8a9b978f7992cb61f60555dc6f	gi|228716944|ref|NR_027557.1|	90.498	442	41	1	6	446	343	784	6.00e-166	582	536231
7f4e4e8a9b978f7992cb61f60555dc6f	gi|224581401|ref|NR_024719.1|	90.476	441	40	2	6	446	341	779	2.16e-165	580	89153
7f4e4e8a9b978f7992cb61f60555dc6f	gi|631250892|ref|NR_112089.1|	90.476	441	41	1	6	446	336	775	2.16e-165	580	553973
7f4e4e8a9b978f7992cb61f60555dc6f	gi|2363085153|ref|NR_180825.1|	90.249	441	43	0	6	446	347	787	2.79e-164	577	2605790
7f4e4e8a9b978f7992cb61f60555dc6f	gi|444439494|ref|NR_074809.1|	90.249	441	43	0	6	446	350	790	2.79e-164	577	585394
2745726e4a32539011577f42cfc1f3c6	gi|631251866|ref|NR_113064.1|	93.737	463	23	5	6	465	338	797	0.0	689	1236538
2745726e4a32539011577f42cfc1f3c6	gi|631251817|ref|NR_113015.1|	93.737	463	23	5	6	465	338	797	0.0	689	1236538
2745726e4a32539011577f42cfc1f3c6	gi|645320081|ref|NR_117373.1|	93.737	463	23	5	6	465	289	748	0.0	689	1236515
2745726e4a32539011577f42cfc1f3c6	gi|631251997|ref|NR_113195.1|	93.521	463	24	5	6	465	338	797	0.0	684	1236515
2745726e4a32539011577f42cfc1f3c6	gi|343200626|ref|NR_041313.1|	92.391	460	35	0	6	465	340	799	0.0	656	338188
2745726e4a32539011577f42cfc1f3c6	gi|343200620|ref|NR_041307.1|	92.174	460	36	0	6	465	334	793	0.0	651	329854
2745726e4a32539011577f42cfc1f3c6	gi|2363085522|ref|NR_181010.1|	92.026	464	29	8	6	465	297	756	0.0	645	2786956
2745726e4a32539011577f42cfc1f3c6	gi|631251745|ref|NR_112943.1|	91.957	460	37	0	6	465	326	785	0.0	645	449673
2745726e4a32539011577f42cfc1f3c6	gi|645320100|ref|NR_117387.1|	91.957	460	37	0	6	465	320	779	0.0	645	1077285
2745726e4a32539011577f42cfc1f3c6	gi|224581415|ref|NR_027196.1|	91.739	460	38	0	6	465	317	776	0.0	641	449673
37350f41aa4b26d3d63e4eb2a8667373	gi|3248465658|ref|NR_201672.1|	90.157	447	36	8	6	448	296	738	1.01e-163	575	3381350
37350f41aa4b26d3d63e4eb2a8667373	gi|3030611269|ref|NR_199945.1|	89.865	444	40	5	6	448	335	774	6.07e-161	566	3435293
37350f41aa4b26d3d63e4eb2a8667373	gi|265678656|ref|NR_028961.1|	89.888	445	38	6	6	448	327	766	6.07e-161	566	853
37350f41aa4b26d3d63e4eb2a8667373	gi|2363081451|ref|NR_178972.1|	89.663	445	39	6	6	448	285	724	2.82e-159	560	1851428
37350f41aa4b26d3d63e4eb2a8667373	gi|2363080175|ref|NR_178311.1|	89.532	449	32	14	6	448	412	851	1.31e-157	555	2903556
37350f41aa4b26d3d63e4eb2a8667373	gi|2363082282|ref|NR_179388.1|	89.262	447	37	10	6	448	335	774	6.11e-156	549	2935520
37350f41aa4b26d3d63e4eb2a8667373	gi|2363080123|ref|NR_178280.1|	89.213	445	41	6	6	448	331	770	6.11e-156	549	411483
37350f41aa4b26d3d63e4eb2a8667373	gi|265679005|ref|NR_029313.1|	89.062	448	38	11	6	448	360	801	2.20e-155	547	52787
37350f41aa4b26d3d63e4eb2a8667373	gi|265679007|ref|NR_029315.1|	89.062	448	38	11	6	448	362	803	2.20e-155	547	52786
37350f41aa4b26d3d63e4eb2a8667373	gi|2363082667|ref|NR_179581.1|	89.013	446	39	10	6	448	331	769	2.84e-154	544	1917873
a833c67a519bd5bba870ceccb52594e1	gi|1116030248|ref|NR_144706.1|	99.130	460	4	0	6	465	342	801	0.0	828	1211813
a833c67a519bd5bba870ceccb52594e1	gi|631252073|ref|NR_113271.1|	94.565	460	25	0	6	465	339	798	0.0	712	742725
a833c67a519bd5bba870ceccb52594e1	gi|631251698|ref|NR_112896.1|	94.565	460	25	0	6	465	319	778	0.0	712	742725
a833c67a519bd5bba870ceccb52594e1	gi|631251954|ref|NR_113152.1|	90.456	461	42	2	6	465	337	796	3.72e-173	606	28117
a833c67a519bd5bba870ceccb52594e1	gi|2363082099|ref|NR_179296.1|	90.217	460	45	0	6	465	324	783	1.73e-171	601	2585119
a833c67a519bd5bba870ceccb52594e1	gi|645321193|ref|NR_118219.1|	90.022	461	44	2	6	465	332	791	8.05e-170	595	1033732
a833c67a519bd5bba870ceccb52594e1	gi|2363086959|ref|NR_181736.1|	89.805	461	45	2	6	465	334	793	3.74e-168	590	2834113
a833c67a519bd5bba870ceccb52594e1	gi|939733298|ref|NR_133025.1|	89.565	460	48	0	6	465	275	734	1.74e-166	584	2585118
a833c67a519bd5bba870ceccb52594e1	gi|672239000|ref|NR_125589.1|	89.588	461	46	2	6	465	269	728	1.74e-166	584	1033731
a833c67a519bd5bba870ceccb52594e1	gi|631251953|ref|NR_113151.1|	89.565	460	48	0	6	465	338	797	1.74e-166	584	328813
9bb0d86cde22c2f5ba21fa61f8acbc7b	gi|2363082059|ref|NR_179276.1|	98.636	440	6	0	6	445	334	773	0.0	780	2316025
9bb0d86cde22c2f5ba21fa61f8acbc7b	gi|645319761|ref|NR_117130.1|	96.825	441	12	2	6	445	347	786	0.0	736	1544
9bb0d86cde22c2f5ba21fa61f8acbc7b	gi|645319760|ref|NR_117129.1|	96.825	441	12	2	6	445	347	786	0.0	736	1544
9bb0d86cde22c2f5ba21fa61f8acbc7b	gi|631253194|ref|NR_114392.1|	96.599	441	13	2	6	445	350	789	0.0	730	1544
9bb0d86cde22c2f5ba21fa61f8acbc7b	gi|645319759|ref|NR_117128.1|	96.599	441	13	2	6	445	347	786	0.0	730	1544
9bb0d86cde22c2f5ba21fa61f8acbc7b	gi|645319756|ref|NR_117127.1|	96.599	441	13	2	6	445	347	786	0.0	730	1544
9bb0d86cde22c2f5ba21fa61f8acbc7b	gi|645319755|ref|NR_117126.1|	96.599	441	13	2	6	445	347	786	0.0	730	1544
9bb0d86cde22c2f5ba21fa61f8acbc7b	gi|228719063|ref|NR_027579.1|	96.364	440	16	0	6	445	316	755	0.0	730	471875
9bb0d86cde22c2f5ba21fa61f8acbc7b	gi|645319762|ref|NR_117131.1|	96.372	441	14	2	6	445	348	787	0.0	725	1544
9bb0d86cde22c2f5ba21fa61f8acbc7b	gi|1109168038|ref|NR_144617.1|	96.136	440	17	0	6	445	340	779	0.0	719	1796634
2f9395dd49c8047b0f8bac59ba075659	gi|645321785|ref|NR_118670.1|	90.991	444	34	5	6	447	357	796	1.66e-171	601	39496
2f9395dd49c8047b0f8bac59ba075659	gi|2363086264|ref|NR_181384.1|	88.764	445	42	8	6	447	250	689	1.32e-152	538	2763660
2f9395dd49c8047b0f8bac59ba075659	gi|631250892|ref|NR_112089.1|	88.713	443	46	3	6	447	336	775	1.32e-152	538	553973
2f9395dd49c8047b0f8bac59ba075659	gi|224581401|ref|NR_024719.1|	88.713	443	45	4	6	447	341	779	4.75e-152	536	89153
2f9395dd49c8047b0f8bac59ba075659	gi|343200549|ref|NR_041236.1|	88.514	444	46	5	6	447	321	761	6.14e-151	532	1122184
2f9395dd49c8047b0f8bac59ba075659	gi|1109168023|ref|NR_144610.1|	88.036	443	49	3	6	447	339	778	1.33e-147	521	1796622
2f9395dd49c8047b0f8bac59ba075659	gi|2363080283|ref|NR_178367.1|	87.838	444	48	6	6	447	328	767	6.18e-146	516	673271
2f9395dd49c8047b0f8bac59ba075659	gi|636559633|ref|NR_115693.1|	87.865	445	47	6	6	447	442	882	6.18e-146	516	694434
2f9395dd49c8047b0f8bac59ba075659	gi|636559632|ref|NR_115692.1|	87.865	445	47	6	6	447	442	882	6.18e-146	516	694434
2f9395dd49c8047b0f8bac59ba075659	gi|636559631|ref|NR_115691.1|	87.865	445	47	6	6	447	436	876	6.18e-146	516	694434
7243a25bad197beb6aca6195b13d66b9	gi|2363086266|ref|NR_181385.1|	98.026	456	9	0	6	461	296	751	0.0	793	2763661
7243a25bad197beb6aca6195b13d66b9	gi|1230874676|ref|NR_148837.1|	89.301	458	29	11	6	461	347	786	3.76e-158	556	1675854
7243a25bad197beb6aca6195b13d66b9	gi|645320438|ref|NR_117645.1|	89.301	458	29	11	6	461	345	784	3.76e-158	556	1185412
7243a25bad197beb6aca6195b13d66b9	gi|3030611264|ref|NR_199940.1|	89.083	458	30	11	6	461	338	777	1.75e-156	551	3074433
7243a25bad197beb6aca6195b13d66b9	gi|3030611263|ref|NR_199939.1|	88.865	458	31	11	6	461	332	771	8.15e-155	545	3074434
7243a25bad197beb6aca6195b13d66b9	gi|2363080077|ref|NR_178255.1|	88.017	459	51	3	6	461	320	777	3.79e-153	540	1408099
7243a25bad197beb6aca6195b13d66b9	gi|1811131545|ref|NR_165727.1|	88.453	459	35	10	6	461	358	801	1.36e-152	538	2358141
7243a25bad197beb6aca6195b13d66b9	gi|672239088|ref|NR_125677.1|	88.377	456	37	7	6	461	346	785	1.76e-151	534	1348613
7243a25bad197beb6aca6195b13d66b9	gi|566085050|ref|NR_108636.1|	87.939	456	39	8	6	461	348	787	3.82e-148	523	682400
7243a25bad197beb6aca6195b13d66b9	gi|265678438|ref|NR_028740.1|	86.768	461	55	5	6	461	339	798	1.07e-143	508	100134
7960f453f36ff43b916847d104d417de	gi|2363082841|ref|NR_179669.1|	87.179	468	55	5	6	471	360	824	3.02e-149	527	2161821
7960f453f36ff43b916847d104d417de	gi|2363082109|ref|NR_179301.1|	87.179	468	55	5	6	471	344	808	3.02e-149	527	2582419
7960f453f36ff43b916847d104d417de	gi|3030611269|ref|NR_199945.1|	93.252	326	22	0	146	471	449	774	2.38e-135	481	3435293
7960f453f36ff43b916847d104d417de	gi|265678656|ref|NR_028961.1|	92.945	326	23	0	146	471	441	766	1.11e-133	475	853
7960f453f36ff43b916847d104d417de	gi|2363081451|ref|NR_178972.1|	92.638	326	24	0	146	471	399	724	5.16e-132	470	1851428
7960f453f36ff43b916847d104d417de	gi|2363080123|ref|NR_178280.1|	92.638	326	24	0	146	471	445	770	5.16e-132	470	411483
7960f453f36ff43b916847d104d417de	gi|2363081449|ref|NR_178971.1|	93.060	317	22	0	146	462	399	715	2.40e-130	464	1851427
7960f453f36ff43b916847d104d417de	gi|2363082282|ref|NR_179388.1|	91.743	327	25	2	146	471	449	774	5.20e-127	453	2935520
7960f453f36ff43b916847d104d417de	gi|1179766720|ref|NR_146670.1|	84.322	472	62	11	6	471	322	787	1.87e-126	451	1380685
7960f453f36ff43b916847d104d417de	gi|2363084747|ref|NR_180622.1|	91.437	327	26	2	146	471	449	774	2.42e-125	448	2779354
ea4eec450549cea3ec29d399f8e2db65	gi|3030611269|ref|NR_199945.1|	95.011	441	20	2	6	445	335	774	0.0	691	3435293
ea4eec450549cea3ec29d399f8e2db65	gi|265678656|ref|NR_028961.1|	95.011	441	20	2	6	445	327	766	0.0	691	853
ea4eec450549cea3ec29d399f8e2db65	gi|2363081451|ref|NR_178972.1|	94.785	441	21	2	6	445	285	724	0.0	686	1851428
ea4eec450549cea3ec29d399f8e2db65	gi|2363080123|ref|NR_178280.1|	94.785	441	21	2	6	445	331	770	0.0	686	411483
ea4eec450549cea3ec29d399f8e2db65	gi|2363081449|ref|NR_178971.1|	95.139	432	19	2	6	436	285	715	0.0	680	1851427
ea4eec450549cea3ec29d399f8e2db65	gi|2363082282|ref|NR_179388.1|	94.118	442	22	4	6	445	335	774	0.0	669	2935520
ea4eec450549cea3ec29d399f8e2db65	gi|2363080175|ref|NR_178311.1|	92.517	441	31	2	6	445	412	851	2.11e-180	630	2903556
ea4eec450549cea3ec29d399f8e2db65	gi|1397641802|ref|NR_156911.1|	89.796	441	43	2	6	445	351	790	2.17e-160	564	1650663
ea4eec450549cea3ec29d399f8e2db65	gi|2363082356|ref|NR_179425.1|	89.342	441	45	2	6	445	351	790	4.69e-157	553	1689304
ea4eec450549cea3ec29d399f8e2db65	gi|1277396189|ref|NR_151900.1|	89.116	441	46	2	6	445	351	790	2.18e-155	547	1550024
05290ad3eb1cd1c244376cfe552b4726	gi|2363082168|ref|NR_179330.1|	92.081	442	33	2	6	445	327	768	1.27e-177	621	2714355
05290ad3eb1cd1c244376cfe552b4726	gi|2363082165|ref|NR_179329.1|	91.403	442	36	2	6	445	327	768	1.28e-172	604	2714353
05290ad3eb1cd1c244376cfe552b4726	gi|2136551683|ref|NR_173688.1|	90.023	441	42	2	6	445	321	760	4.66e-162	569	2780922
05290ad3eb1cd1c244376cfe552b4726	gi|219846341|ref|NR_025931.1|	90.000	440	44	0	6	445	308	747	4.66e-162	569	1265
05290ad3eb1cd1c244376cfe552b4726	gi|631252162|ref|NR_113360.1|	89.865	444	40	3	6	445	339	781	6.03e-161	566	1121303
05290ad3eb1cd1c244376cfe552b4726	gi|645319736|ref|NR_117111.1|	89.865	444	40	3	6	445	336	778	6.03e-161	566	29371
05290ad3eb1cd1c244376cfe552b4726	gi|219846512|ref|NR_026104.1|	89.865	444	40	3	6	445	312	754	6.03e-161	566	1121303
05290ad3eb1cd1c244376cfe552b4726	gi|219846510|ref|NR_026102.1|	89.842	443	41	4	6	445	313	754	6.03e-161	566	588581
05290ad3eb1cd1c244376cfe552b4726	gi|3030611269|ref|NR_199945.1|	89.773	440	45	0	6	445	335	774	2.17e-160	564	3435293
05290ad3eb1cd1c244376cfe552b4726	gi|2363086272|ref|NR_181388.1|	89.796	441	43	2	6	445	388	827	2.17e-160	564	2763658
299f941b878790eddb2eecdc970a8089	gi|2621112340|ref|NR_189244.1|	91.441	444	32	6	6	445	363	804	1.28e-172	604	3046382
299f941b878790eddb2eecdc970a8089	gi|2621112341|ref|NR_189245.1|	91.216	444	33	6	6	445	363	804	5.94e-171	599	3046383
299f941b878790eddb2eecdc970a8089	gi|2363085169|ref|NR_180833.1|	90.227	440	43	0	6	445	337	776	1.00e-163	575	2606635
299f941b878790eddb2eecdc970a8089	gi|2363085097|ref|NR_180797.1|	90.249	441	41	2	6	445	346	785	1.00e-163	575	2605778
299f941b878790eddb2eecdc970a8089	gi|2363082400|ref|NR_179447.1|	90.271	442	39	4	6	445	351	790	1.00e-163	575	2479838
299f941b878790eddb2eecdc970a8089	gi|2363085149|ref|NR_180823.1|	90.000	440	44	0	6	445	357	796	4.66e-162	569	2606634
299f941b878790eddb2eecdc970a8089	gi|265678610|ref|NR_028915.1|	89.819	442	43	2	6	445	315	756	6.03e-161	566	105841
299f941b878790eddb2eecdc970a8089	gi|2363081778|ref|NR_179135.1|	89.796	441	44	1	6	445	330	770	2.17e-160	564	2025494
299f941b878790eddb2eecdc970a8089	gi|2363087251|ref|NR_181881.1|	89.796	441	44	1	6	445	307	747	2.17e-160	564	2880702
299f941b878790eddb2eecdc970a8089	gi|1491509616|ref|NR_159147.1|	89.773	440	45	0	6	445	335	774	2.17e-160	564	915180
22921c7cd196705e2795f896dfda4be5	gi|2363087001|ref|NR_181757.1|	98.416	442	7	0	6	447	289	730	0.0	778	2841504
22921c7cd196705e2795f896dfda4be5	gi|645321110|ref|NR_118156.1|	96.622	444	11	4	6	447	304	745	0.0	734	1007096
22921c7cd196705e2795f896dfda4be5	gi|1269801610|ref|NR_074793.2|	96.154	442	17	0	6	447	355	796	0.0	723	351091
22921c7cd196705e2795f896dfda4be5	gi|2962412234|ref|NR_199428.1|	96.171	444	13	4	6	447	352	793	0.0	723	3073143
22921c7cd196705e2795f896dfda4be5	gi|343200653|ref|NR_041340.1|	96.154	442	17	0	6	447	328	769	0.0	723	351091
22921c7cd196705e2795f896dfda4be5	gi|2260349448|ref|NR_176530.1|	95.045	444	18	4	6	447	358	799	0.0	695	2093857
22921c7cd196705e2795f896dfda4be5	gi|2363082559|ref|NR_179526.1|	95.045	444	18	4	6	447	349	790	0.0	695	1841866
22921c7cd196705e2795f896dfda4be5	gi|2363082168|ref|NR_179330.1|	94.157	445	20	6	6	447	327	768	0.0	673	2714355
22921c7cd196705e2795f896dfda4be5	gi|2363082165|ref|NR_179329.1|	93.483	445	23	6	6	447	327	768	0.0	656	2714353
22921c7cd196705e2795f896dfda4be5	gi|2363082569|ref|NR_179531.1|	93.018	444	27	4	6	447	347	788	0.0	645	1852369
6cb881e6d36c7d7736a86cea7ec79085	gi|943392602|ref|NR_117139.2|	98.148	432	8	0	6	437	346	777	0.0	754	649756
6cb881e6d36c7d7736a86cea7ec79085	gi|943392601|ref|NR_117138.2|	98.148	432	8	0	6	437	346	777	0.0	754	649756
6cb881e6d36c7d7736a86cea7ec79085	gi|559795210|ref|NR_104799.1|	98.148	432	8	0	6	437	338	769	0.0	754	649756
6cb881e6d36c7d7736a86cea7ec79085	gi|2363085925|ref|NR_181215.1|	97.685	432	10	0	6	437	331	762	0.0	743	2738446
6cb881e6d36c7d7736a86cea7ec79085	gi|631252121|ref|NR_113319.1|	96.767	433	12	2	6	437	350	781	0.0	721	645466
6cb881e6d36c7d7736a86cea7ec79085	gi|636560803|ref|NR_116863.1|	96.544	434	12	3	6	437	337	769	0.0	715	645466
6cb881e6d36c7d7736a86cea7ec79085	gi|2363086278|ref|NR_181391.1|	95.370	432	20	0	6	437	249	680	0.0	688	2763670
6cb881e6d36c7d7736a86cea7ec79085	gi|2363081778|ref|NR_179135.1|	95.150	433	20	1	6	437	330	762	0.0	682	2025494
6cb881e6d36c7d7736a86cea7ec79085	gi|2363087251|ref|NR_181881.1|	95.150	433	20	1	6	437	307	739	0.0	682	2880702
6cb881e6d36c7d7736a86cea7ec79085	gi|265678610|ref|NR_028915.1|	94.931	434	20	2	6	437	315	748	0.0	678	105841
97aa019763030e421ace39fd5a17537b	gi|645319970|ref|NR_117289.1|	99.774	443	1	0	6	448	312	754	0.0	813	209882
97aa019763030e421ace39fd5a17537b	gi|636559012|ref|NR_115069.1|	99.774	443	1	0	6	448	328	770	0.0	813	155615
97aa019763030e421ace39fd5a17537b	gi|219878151|ref|NR_025290.1|	99.774	443	1	0	6	448	309	751	0.0	813	209882
97aa019763030e421ace39fd5a17537b	gi|645320695|ref|NR_117840.1|	99.549	443	2	0	6	448	342	784	0.0	808	209882
97aa019763030e421ace39fd5a17537b	gi|2363082159|ref|NR_179326.1|	99.323	443	3	0	6	448	298	740	0.0	802	2686067
97aa019763030e421ace39fd5a17537b	gi|645320698|ref|NR_117841.1|	99.323	443	3	0	6	448	345	787	0.0	802	1196653
97aa019763030e421ace39fd5a17537b	gi|631252180|ref|NR_113378.1|	99.323	443	3	0	6	448	332	774	0.0	802	76859
97aa019763030e421ace39fd5a17537b	gi|631251842|ref|NR_113040.1|	99.323	443	3	0	6	448	332	774	0.0	802	1196653
97aa019763030e421ace39fd5a17537b	gi|645319971|ref|NR_117290.1|	99.323	443	3	0	6	448	312	754	0.0	802	1196653
97aa019763030e421ace39fd5a17537b	gi|636559011|ref|NR_115068.1|	99.323	443	3	0	6	448	324	766	0.0	802	1196653
94ce442b08e9ff3c3f0e01dc11c3cbf2	gi|343202630|ref|NR_043014.1|	99.091	440	4	0	6	445	282	721	0.0	791	279369
94ce442b08e9ff3c3f0e01dc11c3cbf2	gi|1445136088|ref|NR_158128.1|	98.636	440	6	0	6	445	290	729	0.0	780	2035528
94ce442b08e9ff3c3f0e01dc11c3cbf2	gi|1441204252|ref|NR_157667.1|	98.409	440	7	0	6	445	302	741	0.0	774	1737443
94ce442b08e9ff3c3f0e01dc11c3cbf2	gi|1277396223|ref|NR_151934.1|	98.409	440	7	0	6	445	293	732	0.0	774	1776118
94ce442b08e9ff3c3f0e01dc11c3cbf2	gi|961555138|ref|NR_134106.1|	98.409	440	7	0	6	445	300	739	0.0	774	1211806
94ce442b08e9ff3c3f0e01dc11c3cbf2	gi|1237076873|ref|NR_145944.2|	98.182	440	8	0	6	445	306	745	0.0	769	1955250
94ce442b08e9ff3c3f0e01dc11c3cbf2	gi|1246951777|ref|NR_149781.1|	98.182	440	8	0	6	445	293	732	0.0	769	1708790
94ce442b08e9ff3c3f0e01dc11c3cbf2	gi|2363085794|ref|NR_181149.1|	98.182	440	8	0	6	445	291	730	0.0	769	2726450
94ce442b08e9ff3c3f0e01dc11c3cbf2	gi|2363085587|ref|NR_181046.1|	98.182	440	8	0	6	445	213	652	0.0	769	2705546
94ce442b08e9ff3c3f0e01dc11c3cbf2	gi|974142293|ref|NR_134813.1|	98.182	440	8	0	6	445	291	730	0.0	769	1501356
1d40bef4ca92db30b2b202b069986204	gi|1116030269|ref|NR_144727.1|	98.182	440	8	0	6	445	335	774	0.0	769	1673717
1d40bef4ca92db30b2b202b069986204	gi|2363083495|ref|NR_179996.1|	95.000	440	22	0	6	445	363	802	0.0	691	2764322
1d40bef4ca92db30b2b202b069986204	gi|2180566484|ref|NR_174324.1|	94.104	441	24	2	6	445	346	785	0.0	669	2576756
1d40bef4ca92db30b2b202b069986204	gi|2363086260|ref|NR_181382.1|	93.651	441	26	2	6	445	322	761	0.0	658	2763662
1d40bef4ca92db30b2b202b069986204	gi|1116030278|ref|NR_144736.1|	93.409	440	29	0	6	445	360	799	0.0	652	1776382
1d40bef4ca92db30b2b202b069986204	gi|1109168013|ref|NR_144605.1|	92.955	440	31	0	6	445	367	806	0.0	641	1796620
1d40bef4ca92db30b2b202b069986204	gi|2836274967|ref|NR_197730.1|	92.727	440	32	0	6	445	312	751	0.0	636	3093658
1d40bef4ca92db30b2b202b069986204	gi|2836274968|ref|NR_197731.1|	92.500	440	33	0	6	445	306	745	2.11e-180	630	3093659
1d40bef4ca92db30b2b202b069986204	gi|2836274966|ref|NR_197729.1|	92.290	441	32	2	6	445	304	743	9.80e-179	625	3093657
1d40bef4ca92db30b2b202b069986204	gi|636558732|ref|NR_114789.1|	92.273	440	34	0	6	445	347	786	9.80e-179	625	1535
1af586e19156c5639d98a40326a5bcc2	gi|2363086286|ref|NR_181395.1|	96.599	441	15	0	6	446	297	737	0.0	732	2763669
1af586e19156c5639d98a40326a5bcc2	gi|2621112325|ref|NR_189228.1|	96.145	441	17	0	6	446	303	743	0.0	721	2897778
1af586e19156c5639d98a40326a5bcc2	gi|645322302|ref|NR_119085.1|	94.558	441	21	2	6	446	347	784	0.0	678	29364
1af586e19156c5639d98a40326a5bcc2	gi|1277396381|ref|NR_152095.1|	93.197	441	29	1	6	446	348	787	0.0	647	1679721
1af586e19156c5639d98a40326a5bcc2	gi|1227086118|ref|NR_148620.1|	93.197	441	29	1	6	446	195	634	0.0	647	1763509
1af586e19156c5639d98a40326a5bcc2	gi|1277396183|ref|NR_151894.1|	93.197	441	29	1	6	446	335	774	0.0	647	433293
1af586e19156c5639d98a40326a5bcc2	gi|343202586|ref|NR_042953.1|	93.197	441	29	1	6	446	308	747	0.0	647	264463
1af586e19156c5639d98a40326a5bcc2	gi|645321749|ref|NR_118643.1|	92.971	441	30	1	6	446	254	693	0.0	641	1432052
1af586e19156c5639d98a40326a5bcc2	gi|631252121|ref|NR_113319.1|	92.971	441	30	1	6	446	350	789	0.0	641	645466
1af586e19156c5639d98a40326a5bcc2	gi|219846511|ref|NR_026103.1|	92.971	441	30	1	6	446	316	755	0.0	641	37658
038a83a116c52ea60b7c8237dd69945a	gi|265678606|ref|NR_028911.1|	92.551	443	31	2	6	447	335	776	0.0	634	109327
038a83a116c52ea60b7c8237dd69945a	gi|2136551617|ref|NR_173621.1|	92.099	443	33	2	6	447	354	795	3.54e-178	623	2818044
038a83a116c52ea60b7c8237dd69945a	gi|2363085330|ref|NR_180913.1|	91.874	443	34	2	6	447	327	768	1.65e-176	617	2697030
038a83a116c52ea60b7c8237dd69945a	gi|1491520133|ref|NR_159296.1|	91.855	442	36	0	6	447	335	776	1.65e-176	617	433296
038a83a116c52ea60b7c8237dd69945a	gi|2363085498|ref|NR_180998.1|	91.441	444	34	4	6	447	292	733	3.57e-173	606	2507160
038a83a116c52ea60b7c8237dd69945a	gi|343203380|ref|NR_043664.1|	91.480	446	29	9	6	447	348	788	1.28e-172	604	361365
038a83a116c52ea60b7c8237dd69945a	gi|2363086296|ref|NR_181400.1|	91.364	440	35	2	8	447	250	686	1.66e-171	601	2764712
038a83a116c52ea60b7c8237dd69945a	gi|1315203955|ref|NR_152624.1|	91.011	445	32	7	6	447	324	763	2.78e-169	593	1482730
038a83a116c52ea60b7c8237dd69945a	gi|2463901899|ref|NR_184630.1|	90.950	442	39	1	6	447	343	783	2.78e-169	593	2839743
038a83a116c52ea60b7c8237dd69945a	gi|343200622|ref|NR_041309.1|	91.011	445	31	7	6	447	337	775	9.99e-169	592	332095
a96bb9c89bcec0d95a39b36b9296f3ce	gi|2136551692|ref|NR_173697.1|	90.090	444	40	4	6	447	349	790	3.62e-163	573	2108523
a96bb9c89bcec0d95a39b36b9296f3ce	gi|1109168025|ref|NR_144611.1|	89.888	445	40	5	6	447	282	724	1.68e-161	568	1417852
a96bb9c89bcec0d95a39b36b9296f3ce	gi|2363082358|ref|NR_179426.1|	89.663	445	41	5	6	447	349	791	7.83e-160	562	1702285
a96bb9c89bcec0d95a39b36b9296f3ce	gi|2363082342|ref|NR_179418.1|	89.391	443	46	1	6	447	348	790	3.64e-158	556	1673721
a96bb9c89bcec0d95a39b36b9296f3ce	gi|2363082352|ref|NR_179423.1|	89.438	445	42	5	6	447	349	791	3.64e-158	556	1689270
a96bb9c89bcec0d95a39b36b9296f3ce	gi|2363082168|ref|NR_179330.1|	89.165	443	46	2	6	447	327	768	1.70e-156	551	2714355
a96bb9c89bcec0d95a39b36b9296f3ce	gi|645321636|ref|NR_118554.1|	88.989	445	44	5	6	447	329	771	7.89e-155	545	1297617
a96bb9c89bcec0d95a39b36b9296f3ce	gi|3030611324|ref|NR_200000.1|	88.789	446	43	6	6	447	301	743	3.67e-153	540	3342383
a96bb9c89bcec0d95a39b36b9296f3ce	gi|219846080|ref|NR_025670.1|	88.764	445	45	5	6	447	329	771	3.67e-153	540	411467
a96bb9c89bcec0d95a39b36b9296f3ce	gi|3248465658|ref|NR_201672.1|	88.591	447	42	9	6	447	296	738	1.71e-151	534	3381350
a9f171df64013cf1b19cea703777b20c	gi|2363082635|ref|NR_179564.1|	91.991	462	33	3	6	465	338	797	0.0	645	1903262
a9f171df64013cf1b19cea703777b20c	gi|2363082023|ref|NR_179258.1|	91.974	461	36	1	6	465	311	771	0.0	645	2136147
a9f171df64013cf1b19cea703777b20c	gi|672238875|ref|NR_125463.1|	91.957	460	37	0	6	465	311	770	0.0	645	1297750
a9f171df64013cf1b19cea703777b20c	gi|1116030246|ref|NR_144704.1|	91.957	460	37	0	6	465	251	710	0.0	645	1203465
a9f171df64013cf1b19cea703777b20c	gi|631251735|ref|NR_112933.1|	91.957	460	37	0	6	465	334	793	0.0	645	246787
a9f171df64013cf1b19cea703777b20c	gi|343200620|ref|NR_041307.1|	91.974	461	35	2	6	465	334	793	0.0	645	329854
a9f171df64013cf1b19cea703777b20c	gi|631251745|ref|NR_112943.1|	91.757	461	36	2	6	465	326	785	0.0	640	449673
a9f171df64013cf1b19cea703777b20c	gi|631251743|ref|NR_112941.1|	91.775	462	35	3	6	465	328	788	0.0	640	392838
a9f171df64013cf1b19cea703777b20c	gi|631251733|ref|NR_112931.1|	91.775	462	34	3	6	465	340	799	0.0	640	85831
a9f171df64013cf1b19cea703777b20c	gi|343200626|ref|NR_041313.1|	91.775	462	34	3	6	465	340	799	0.0	640	338188
b885aea54286a1cec3a39614833f0c20	gi|636558732|ref|NR_114789.1|	99.091	440	4	0	6	445	347	786	0.0	791	1535
b885aea54286a1cec3a39614833f0c20	gi|2363082767|ref|NR_179632.1|	94.091	440	26	0	6	445	337	776	0.0	669	2014781
b885aea54286a1cec3a39614833f0c20	gi|3248465687|ref|NR_201701.1|	93.905	443	24	1	6	445	330	772	0.0	665	3435187
b885aea54286a1cec3a39614833f0c20	gi|3248465688|ref|NR_201702.1|	93.905	443	24	1	6	445	328	770	0.0	665	3435000
b885aea54286a1cec3a39614833f0c20	gi|2836274967|ref|NR_197730.1|	93.182	440	30	0	6	445	312	751	0.0	647	3093658
b885aea54286a1cec3a39614833f0c20	gi|2180566484|ref|NR_174324.1|	93.182	440	30	0	6	445	346	785	0.0	647	2576756
b885aea54286a1cec3a39614833f0c20	gi|2836274966|ref|NR_197729.1|	92.955	440	31	0	6	445	304	743	0.0	641	3093657
b885aea54286a1cec3a39614833f0c20	gi|1109168013|ref|NR_144605.1|	92.955	440	31	0	6	445	367	806	0.0	641	1796620
b885aea54286a1cec3a39614833f0c20	gi|1116030278|ref|NR_144736.1|	92.955	440	31	0	6	445	360	799	0.0	641	1776382
b885aea54286a1cec3a39614833f0c20	gi|2363085985|ref|NR_181245.1|	92.955	440	31	0	6	445	284	723	0.0	641	2666138
34dd2dd31a41bda9fa107fd22d618c1e	gi|310975253|ref|NR_037117.1|	95.312	448	19	2	6	452	331	777	0.0	710	28026
34dd2dd31a41bda9fa107fd22d618c1e	gi|631251581|ref|NR_112779.1|	95.312	448	19	2	6	452	331	777	0.0	710	1150460
34dd2dd31a41bda9fa107fd22d618c1e	gi|343201160|ref|NR_041875.1|	95.312	448	19	2	6	452	310	756	0.0	710	1686
34dd2dd31a41bda9fa107fd22d618c1e	gi|3248465902|ref|NR_201917.1|	94.866	448	21	2	6	452	338	784	0.0	699	3692808
34dd2dd31a41bda9fa107fd22d618c1e	gi|310974989|ref|NR_036853.1|	94.420	448	23	2	6	452	330	776	0.0	688	1683
34dd2dd31a41bda9fa107fd22d618c1e	gi|2363087083|ref|NR_181797.1|	93.987	449	23	4	6	452	250	696	0.0	676	2834432
34dd2dd31a41bda9fa107fd22d618c1e	gi|636559583|ref|NR_115643.1|	93.987	449	23	4	6	452	248	694	0.0	676	78345
34dd2dd31a41bda9fa107fd22d618c1e	gi|1269801543|ref|NR_074802.2|	93.778	450	24	4	6	452	341	789	0.0	673	367928
34dd2dd31a41bda9fa107fd22d618c1e	gi|961555015|ref|NR_133982.1|	93.778	450	24	4	6	452	311	759	0.0	673	1680
34dd2dd31a41bda9fa107fd22d618c1e	gi|645321680|ref|NR_118589.1|	93.778	450	24	4	6	452	335	783	0.0	673	1437612
d3a1b6490159d053fc15950c23c1fd5e	gi|444304111|ref|NR_074535.1|	97.386	459	12	0	6	464	334	792	0.0	782	28118
d3a1b6490159d053fc15950c23c1fd5e	gi|631251877|ref|NR_113075.1|	97.386	459	12	0	6	464	334	792	0.0	782	28118
d3a1b6490159d053fc15950c23c1fd5e	gi|343206056|ref|NR_044636.1|	96.296	459	17	0	6	464	342	800	0.0	760	28118
d3a1b6490159d053fc15950c23c1fd5e	gi|631251876|ref|NR_113074.1|	89.633	463	40	7	6	464	335	793	6.25e-166	582	742817
d3a1b6490159d053fc15950c23c1fd5e	gi|631251699|ref|NR_112897.1|	89.633	463	40	7	6	464	315	773	6.25e-166	582	742817
d3a1b6490159d053fc15950c23c1fd5e	gi|1953646717|ref|NR_171512.1|	87.229	462	54	5	6	464	313	772	1.38e-147	521	2162893
d3a1b6490159d053fc15950c23c1fd5e	gi|2363081792|ref|NR_179142.1|	87.284	464	50	8	6	464	334	793	1.38e-147	521	2006564
d3a1b6490159d053fc15950c23c1fd5e	gi|959494837|ref|NR_133715.1|	87.069	464	51	8	6	464	280	739	6.43e-146	516	1416875
d3a1b6490159d053fc15950c23c1fd5e	gi|959494835|ref|NR_133714.1|	87.013	462	55	4	6	464	314	773	6.43e-146	516	1166478
d3a1b6490159d053fc15950c23c1fd5e	gi|645320817|ref|NR_117932.1|	87.013	462	55	5	6	464	333	792	6.43e-146	516	889453
9ca44e7a2a5d1335b15b7f554ea356e2	gi|2621112340|ref|NR_189244.1|	94.570	442	22	2	6	445	363	804	0.0	682	3046382
9ca44e7a2a5d1335b15b7f554ea356e2	gi|2621112341|ref|NR_189245.1|	94.344	442	23	2	6	445	363	804	0.0	676	3046383
9ca44e7a2a5d1335b15b7f554ea356e2	gi|2363086262|ref|NR_181383.1|	88.591	447	41	9	6	445	307	750	1.70e-151	534	2763654
9ca44e7a2a5d1335b15b7f554ea356e2	gi|2836274966|ref|NR_197729.1|	87.982	441	51	2	6	445	304	743	4.76e-147	520	3093657
9ca44e7a2a5d1335b15b7f554ea356e2	gi|2836274967|ref|NR_197730.1|	86.848	441	56	2	6	445	312	751	1.04e-138	492	3093658
9ca44e7a2a5d1335b15b7f554ea356e2	gi|1116030278|ref|NR_144736.1|	86.878	442	54	4	6	445	360	799	1.04e-138	492	1776382
9ca44e7a2a5d1335b15b7f554ea356e2	gi|219846587|ref|NR_026179.1|	86.878	442	54	4	6	445	332	771	1.04e-138	492	76489
9ca44e7a2a5d1335b15b7f554ea356e2	gi|566085050|ref|NR_108636.1|	86.712	444	51	7	6	445	348	787	4.83e-137	486	682400
9ca44e7a2a5d1335b15b7f554ea356e2	gi|1491509615|ref|NR_159146.1|	86.486	444	54	6	6	445	348	789	6.24e-136	483	1715347
9ca44e7a2a5d1335b15b7f554ea356e2	gi|1116030284|ref|NR_144742.1|	86.486	444	55	5	6	445	352	794	6.24e-136	483	1805714
70b2729ecd77b453d2cc7fa536be3bf1	gi|2363080283|ref|NR_178367.1|	90.703	441	39	2	6	445	328	767	4.62e-167	586	673271
70b2729ecd77b453d2cc7fa536be3bf1	gi|2363085169|ref|NR_180833.1|	89.773	440	45	0	6	445	337	776	2.17e-160	564	2606635
70b2729ecd77b453d2cc7fa536be3bf1	gi|2363085097|ref|NR_180797.1|	89.796	441	43	2	6	445	346	785	2.17e-160	564	2605778
70b2729ecd77b453d2cc7fa536be3bf1	gi|2363085149|ref|NR_180823.1|	89.545	440	46	0	6	445	357	796	1.01e-158	558	2606634
70b2729ecd77b453d2cc7fa536be3bf1	gi|2363082779|ref|NR_179638.1|	89.318	440	47	0	6	445	348	787	4.69e-157	553	2040291
70b2729ecd77b453d2cc7fa536be3bf1	gi|1953646571|ref|NR_171444.1|	89.318	440	47	0	6	445	301	740	4.69e-157	553	1912897
70b2729ecd77b453d2cc7fa536be3bf1	gi|1953646488|ref|NR_171392.1|	89.318	440	47	0	6	445	355	794	4.69e-157	553	1912897
70b2729ecd77b453d2cc7fa536be3bf1	gi|1953646486|ref|NR_171390.1|	89.318	440	47	0	6	445	355	794	4.69e-157	553	1912897
70b2729ecd77b453d2cc7fa536be3bf1	gi|219846722|ref|NR_026314.1|	89.318	440	47	0	6	445	330	769	4.69e-157	553	53443
70b2729ecd77b453d2cc7fa536be3bf1	gi|1953646481|ref|NR_171388.1|	89.318	440	46	1	6	445	355	793	1.69e-156	551	1912897
bca8fe23668a7c95ad718bf63310f7c7	gi|343200190|ref|NR_040877.1|	93.709	461	27	2	6	465	341	800	0.0	691	537011
bca8fe23668a7c95ad718bf63310f7c7	gi|631252213|ref|NR_113411.1|	93.709	461	27	2	6	465	341	800	0.0	689	537011
bca8fe23668a7c95ad718bf63310f7c7	gi|631252008|ref|NR_113206.1|	92.441	463	29	6	6	465	336	795	0.0	656	1236513
bca8fe23668a7c95ad718bf63310f7c7	gi|631251869|ref|NR_113067.1|	92.225	463	30	6	6	465	325	784	0.0	651	1077285
bca8fe23668a7c95ad718bf63310f7c7	gi|645320100|ref|NR_117387.1|	92.225	463	30	6	6	465	320	779	0.0	651	1077285
bca8fe23668a7c95ad718bf63310f7c7	gi|2363084409|ref|NR_180452.1|	91.974	461	35	2	6	465	321	780	0.0	645	2518605
bca8fe23668a7c95ad718bf63310f7c7	gi|2363086949|ref|NR_181731.1|	92.026	464	29	7	6	465	290	749	0.0	645	2834112
bca8fe23668a7c95ad718bf63310f7c7	gi|444303855|ref|NR_074277.1|	92.026	464	29	8	6	465	352	811	0.0	645	818
bca8fe23668a7c95ad718bf63310f7c7	gi|631251746|ref|NR_112944.1|	92.026	464	29	8	6	465	324	783	0.0	645	818
bca8fe23668a7c95ad718bf63310f7c7	gi|2363084421|ref|NR_180458.1|	91.793	463	32	6	6	465	340	799	0.0	640	2650157
ae31f8dfe52d8b094a31206206cfe233	gi|631252213|ref|NR_113411.1|	93.492	461	28	2	6	465	341	800	0.0	684	537011
ae31f8dfe52d8b094a31206206cfe233	gi|343200190|ref|NR_040877.1|	93.492	461	28	2	6	465	341	800	0.0	684	537011
ae31f8dfe52d8b094a31206206cfe233	gi|2363084409|ref|NR_180452.1|	92.191	461	34	2	6	465	321	780	0.0	651	2518605
ae31f8dfe52d8b094a31206206cfe233	gi|631253107|ref|NR_114305.1|	89.805	461	45	2	6	465	341	800	3.74e-168	590	1236518
ae31f8dfe52d8b094a31206206cfe233	gi|636560666|ref|NR_116726.1|	89.805	461	45	2	6	465	321	780	3.74e-168	590	1236518
ae31f8dfe52d8b094a31206206cfe233	gi|631251907|ref|NR_113105.1|	89.371	461	47	2	6	465	329	788	8.10e-165	579	470565
ae31f8dfe52d8b094a31206206cfe233	gi|343199048|ref|NR_044407.1|	89.371	461	47	2	6	465	321	780	8.10e-165	579	470565
ae31f8dfe52d8b094a31206206cfe233	gi|507148088|ref|NR_102895.1|	89.154	461	48	2	6	465	349	808	3.77e-163	573	553174
ae31f8dfe52d8b094a31206206cfe233	gi|631251922|ref|NR_113120.1|	89.154	461	48	2	6	465	339	798	3.77e-163	573	28136
ae31f8dfe52d8b094a31206206cfe233	gi|631251915|ref|NR_113113.1|	89.154	461	48	2	6	465	329	788	3.77e-163	573	553174
8613a576ded9954bf4d36641e0df5cf3	gi|2621112341|ref|NR_189245.1|	94.118	442	24	2	6	445	363	804	0.0	671	3046383
8613a576ded9954bf4d36641e0df5cf3	gi|2621112340|ref|NR_189244.1|	93.891	442	25	2	6	445	363	804	0.0	665	3046382
8613a576ded9954bf4d36641e0df5cf3	gi|2363086260|ref|NR_181382.1|	84.944	445	57	10	6	445	322	761	1.06e-123	442	2763662
8613a576ded9954bf4d36641e0df5cf3	gi|2621112345|ref|NR_189249.1|	84.910	444	59	8	6	445	344	783	1.06e-123	442	2966552
8613a576ded9954bf4d36641e0df5cf3	gi|566085134|ref|NR_108870.1|	84.199	443	65	4	6	445	328	768	1.07e-118	425	1096341
8613a576ded9954bf4d36641e0df5cf3	gi|1116030281|ref|NR_144739.1|	83.937	442	67	4	6	445	333	772	4.96e-117	420	1776385
8613a576ded9954bf4d36641e0df5cf3	gi|1033657126|ref|NR_137216.1|	83.710	442	67	4	6	445	304	742	8.31e-115	412	1548890
8613a576ded9954bf4d36641e0df5cf3	gi|219846556|ref|NR_026148.1|	83.484	442	69	4	6	445	296	735	1.07e-113	409	36844
8613a576ded9954bf4d36641e0df5cf3	gi|631251824|ref|NR_113022.1|	83.258	442	70	4	6	445	333	772	5.00e-112	403	1542
8613a576ded9954bf4d36641e0df5cf3	gi|343200168|ref|NR_040855.1|	83.258	442	70	4	6	445	313	752	5.00e-112	403	1542
ff11b022d6c391420c294bdb04fa95c5	gi|602270698|ref|NR_028725.2|	99.570	465	2	0	6	470	354	818	0.0	848	1624
ff11b022d6c391420c294bdb04fa95c5	gi|631251562|ref|NR_112759.1|	99.570	465	2	0	6	470	335	799	0.0	848	1624
ff11b022d6c391420c294bdb04fa95c5	gi|265678356|ref|NR_028658.1|	96.781	466	14	1	6	470	353	818	0.0	776	259059
ff11b022d6c391420c294bdb04fa95c5	gi|631251587|ref|NR_112785.1|	96.559	465	16	0	6	470	333	797	0.0	771	519050
ff11b022d6c391420c294bdb04fa95c5	gi|343200968|ref|NR_041655.1|	96.559	465	16	0	6	470	351	815	0.0	771	480931
ff11b022d6c391420c294bdb04fa95c5	gi|343200811|ref|NR_041498.1|	96.567	466	14	2	6	470	333	797	0.0	771	396716
ff11b022d6c391420c294bdb04fa95c5	gi|636559787|ref|NR_115847.1|	96.344	465	17	0	6	470	339	803	0.0	765	392566
ff11b022d6c391420c294bdb04fa95c5	gi|343202682|ref|NR_043095.1|	96.344	465	17	0	6	470	353	817	0.0	765	303241
ff11b022d6c391420c294bdb04fa95c5	gi|2363081909|ref|NR_179200.1|	96.129	465	18	0	6	470	337	801	0.0	760	1808352
ff11b022d6c391420c294bdb04fa95c5	gi|2363080417|ref|NR_178448.1|	96.146	467	14	3	6	470	317	781	0.0	760	1416943
63d8ecc778ab9f78047b4fb50602ac1a	gi|219846123|ref|NR_025713.1|	85.622	466	64	3	6	470	328	791	5.11e-137	486	216947
63d8ecc778ab9f78047b4fb50602ac1a	gi|219846108|ref|NR_025698.1|	85.622	466	64	3	6	470	329	792	5.11e-137	486	216932
63d8ecc778ab9f78047b4fb50602ac1a	gi|559795163|ref|NR_104750.1|	85.591	465	64	3	7	470	321	783	1.84e-136	484	2139
63d8ecc778ab9f78047b4fb50602ac1a	gi|659364801|ref|NR_121737.1|	85.161	465	68	1	6	470	325	788	1.11e-133	475	1276246
63d8ecc778ab9f78047b4fb50602ac1a	gi|645321825|ref|NR_118701.1|	85.193	466	65	4	7	470	333	796	1.11e-133	475	2139
63d8ecc778ab9f78047b4fb50602ac1a	gi|219846114|ref|NR_025704.1|	85.193	466	66	3	6	470	328	791	1.11e-133	475	216938
63d8ecc778ab9f78047b4fb50602ac1a	gi|219846111|ref|NR_025701.1|	85.161	465	68	1	6	470	328	791	1.11e-133	475	216935
63d8ecc778ab9f78047b4fb50602ac1a	gi|672238926|ref|NR_125515.1|	84.979	466	67	3	6	470	313	776	5.15e-132	470	299214
63d8ecc778ab9f78047b4fb50602ac1a	gi|636560769|ref|NR_116829.1|	84.979	466	67	3	6	470	299	762	5.15e-132	470	324079
63d8ecc778ab9f78047b4fb50602ac1a	gi|559795166|ref|NR_104753.1|	84.979	466	67	3	6	470	322	785	5.15e-132	470	324079
624d383b5266ce830f37741159a54fc9	gi|645320413|ref|NR_117624.1|	99.356	466	3	0	6	471	328	793	0.0	845	40214
624d383b5266ce830f37741159a54fc9	gi|1776910894|ref|NR_164627.1|	99.142	466	4	0	6	471	310	775	0.0	839	40214
624d383b5266ce830f37741159a54fc9	gi|343206383|ref|NR_044975.1|	99.142	466	4	0	6	471	318	783	0.0	839	40214
624d383b5266ce830f37741159a54fc9	gi|645322343|ref|NR_119114.1|	98.927	466	5	0	6	471	304	769	0.0	839	40214
624d383b5266ce830f37741159a54fc9	gi|1230874685|ref|NR_148846.1|	98.498	466	7	0	6	471	308	773	0.0	822	1776741
624d383b5266ce830f37741159a54fc9	gi|2363086410|ref|NR_181459.1|	98.498	466	7	0	6	471	331	796	0.0	822	2699469
624d383b5266ce830f37741159a54fc9	gi|2363083513|ref|NR_180005.1|	98.498	466	7	0	6	471	328	793	0.0	822	742719
624d383b5266ce830f37741159a54fc9	gi|1230874686|ref|NR_148847.1|	98.283	466	8	0	6	471	308	773	0.0	817	1776742
624d383b5266ce830f37741159a54fc9	gi|1230874682|ref|NR_148843.1|	98.069	466	9	0	6	471	308	773	0.0	811	280147
624d383b5266ce830f37741159a54fc9	gi|645320419|ref|NR_117629.1|	98.069	466	9	0	6	471	328	793	0.0	811	202955
a910474098cbd1d9602936c442afe26b	gi|2363082168|ref|NR_179330.1|	92.534	442	31	2	6	445	327	768	0.0	632	2714355
a910474098cbd1d9602936c442afe26b	gi|2363082165|ref|NR_179329.1|	91.855	442	34	2	6	445	327	768	5.90e-176	616	2714353
a910474098cbd1d9602936c442afe26b	gi|3030611269|ref|NR_199945.1|	91.364	440	38	0	6	445	335	774	4.59e-172	603	3435293
a910474098cbd1d9602936c442afe26b	gi|265678656|ref|NR_028961.1|	91.364	440	38	0	6	445	327	766	4.59e-172	603	853
a910474098cbd1d9602936c442afe26b	gi|2363081451|ref|NR_178972.1|	90.682	440	41	0	6	445	285	724	4.62e-167	586	1851428
a910474098cbd1d9602936c442afe26b	gi|2363080123|ref|NR_178280.1|	90.682	440	41	0	6	445	331	770	4.62e-167	586	411483
a910474098cbd1d9602936c442afe26b	gi|2363081449|ref|NR_178971.1|	90.455	440	41	1	6	445	285	723	7.74e-165	579	1851427
a910474098cbd1d9602936c442afe26b	gi|2363082282|ref|NR_179388.1|	90.000	440	44	0	6	445	335	774	4.66e-162	569	2935520
a910474098cbd1d9602936c442afe26b	gi|1491516029|ref|NR_159227.1|	89.796	441	43	2	6	445	351	790	2.17e-160	564	1981510
a910474098cbd1d9602936c442afe26b	gi|2363080175|ref|NR_178311.1|	89.773	440	45	0	6	445	412	851	2.17e-160	564	2903556
063cc5d021565fe3cc925d4f9de3da55	gi|343200626|ref|NR_041313.1|	94.783	460	24	0	6	465	340	799	0.0	717	338188
063cc5d021565fe3cc925d4f9de3da55	gi|2363082611|ref|NR_179552.1|	94.600	463	20	5	6	465	340	800	0.0	712	1871006
063cc5d021565fe3cc925d4f9de3da55	gi|645320100|ref|NR_117387.1|	94.348	460	26	0	6	465	320	779	0.0	706	1077285
063cc5d021565fe3cc925d4f9de3da55	gi|631251734|ref|NR_112932.1|	93.737	463	23	5	6	465	328	787	0.0	689	47678
063cc5d021565fe3cc925d4f9de3da55	gi|343200620|ref|NR_041307.1|	93.696	460	29	0	6	465	334	793	0.0	689	329854
063cc5d021565fe3cc925d4f9de3da55	gi|219846650|ref|NR_026242.1|	93.737	463	23	5	6	465	318	777	0.0	689	47678
063cc5d021565fe3cc925d4f9de3da55	gi|631251741|ref|NR_112939.1|	93.492	461	28	2	6	465	334	793	0.0	684	1203608
063cc5d021565fe3cc925d4f9de3da55	gi|343202633|ref|NR_043017.1|	93.492	461	28	2	6	465	314	773	0.0	684	1203608
063cc5d021565fe3cc925d4f9de3da55	gi|2363086550|ref|NR_181532.1|	93.305	463	25	5	6	465	322	781	0.0	678	2763025
063cc5d021565fe3cc925d4f9de3da55	gi|631253118|ref|NR_114316.1|	93.275	461	29	2	6	465	269	728	0.0	678	1445607
fec8907df06ccb2fcf93a682e5fec556	gi|1277396183|ref|NR_151894.1|	94.545	440	24	0	6	445	335	774	0.0	680	433293
fec8907df06ccb2fcf93a682e5fec556	gi|2136551633|ref|NR_173637.1|	94.091	440	26	0	6	445	294	733	0.0	669	2755051
fec8907df06ccb2fcf93a682e5fec556	gi|343202586|ref|NR_042953.1|	94.091	440	26	0	6	445	308	747	0.0	669	264463
fec8907df06ccb2fcf93a682e5fec556	gi|2363085169|ref|NR_180833.1|	93.864	440	27	0	6	445	337	776	0.0	664	2606635
fec8907df06ccb2fcf93a682e5fec556	gi|2621112285|ref|NR_189188.1|	93.694	444	23	3	6	445	320	762	0.0	660	2785025
fec8907df06ccb2fcf93a682e5fec556	gi|2363085925|ref|NR_181215.1|	93.651	441	26	2	6	445	331	770	0.0	658	2738446
fec8907df06ccb2fcf93a682e5fec556	gi|2836274880|ref|NR_197643.1|	93.636	440	28	0	6	445	329	768	0.0	658	2962432
fec8907df06ccb2fcf93a682e5fec556	gi|943392602|ref|NR_117139.2|	93.651	441	26	2	6	445	346	785	0.0	658	649756
fec8907df06ccb2fcf93a682e5fec556	gi|943392601|ref|NR_117138.2|	93.651	441	26	2	6	445	346	785	0.0	658	649756
fec8907df06ccb2fcf93a682e5fec556	gi|444304227|ref|NR_074652.1|	93.636	440	28	0	6	445	347	786	0.0	658	66219
c3cbd3246d153902be34daa0c838a1cf	gi|1811131545|ref|NR_165727.1|	90.315	444	42	1	6	448	358	801	2.17e-165	580	2358141
c3cbd3246d153902be34daa0c838a1cf	gi|1227086118|ref|NR_148620.1|	90.068	443	41	2	6	448	195	634	1.30e-162	571	1763509
c3cbd3246d153902be34daa0c838a1cf	gi|1040567056|ref|NR_137405.1|	89.842	443	42	2	6	448	307	746	6.07e-161	566	1619234
c3cbd3246d153902be34daa0c838a1cf	gi|219878251|ref|NR_025390.1|	89.842	443	42	2	6	448	330	769	6.07e-161	566	115544
c3cbd3246d153902be34daa0c838a1cf	gi|2363082757|ref|NR_179627.1|	89.438	445	40	6	6	448	340	779	1.31e-157	555	2002841
c3cbd3246d153902be34daa0c838a1cf	gi|1109168027|ref|NR_144612.1|	89.391	443	44	2	6	448	350	789	1.31e-157	555	1796636
c3cbd3246d153902be34daa0c838a1cf	gi|559795252|ref|NR_104842.1|	89.391	443	44	2	6	448	345	784	1.31e-157	555	39495
c3cbd3246d153902be34daa0c838a1cf	gi|219846511|ref|NR_026103.1|	88.939	443	46	2	6	448	316	755	2.84e-154	544	37658
c3cbd3246d153902be34daa0c838a1cf	gi|645321749|ref|NR_118643.1|	88.713	443	47	2	6	448	254	693	1.32e-152	538	1432052
c3cbd3246d153902be34daa0c838a1cf	gi|566085050|ref|NR_108636.1|	88.713	443	47	2	6	448	348	787	1.32e-152	538	682400
9da03f904fcc870c6d3ac2fea6f82392	gi|631251747|ref|NR_112945.1|	97.174	460	13	0	6	465	327	786	0.0	778	820
9da03f904fcc870c6d3ac2fea6f82392	gi|343200179|ref|NR_040866.1|	97.174	460	13	0	6	465	334	793	0.0	778	820
9da03f904fcc870c6d3ac2fea6f82392	gi|2363086550|ref|NR_181532.1|	96.739	460	15	0	6	465	322	781	0.0	767	2763025
9da03f904fcc870c6d3ac2fea6f82392	gi|631251734|ref|NR_112932.1|	96.304	460	17	0	6	465	328	787	0.0	756	47678
9da03f904fcc870c6d3ac2fea6f82392	gi|219846650|ref|NR_026242.1|	96.304	460	17	0	6	465	318	777	0.0	756	47678
9da03f904fcc870c6d3ac2fea6f82392	gi|2363084421|ref|NR_180458.1|	96.087	460	18	0	6	465	340	799	0.0	750	2650157
9da03f904fcc870c6d3ac2fea6f82392	gi|631251867|ref|NR_113065.1|	96.087	460	18	0	6	465	338	797	0.0	750	762984
9da03f904fcc870c6d3ac2fea6f82392	gi|631251735|ref|NR_112933.1|	96.087	460	18	0	6	465	334	793	0.0	750	246787
9da03f904fcc870c6d3ac2fea6f82392	gi|631251695|ref|NR_112893.1|	96.087	460	18	0	6	465	318	777	0.0	750	762984
9da03f904fcc870c6d3ac2fea6f82392	gi|343200620|ref|NR_041307.1|	96.087	460	18	0	6	465	334	793	0.0	750	329854
ff1ac5679b2b51432596a7eee3aa8044	gi|265679005|ref|NR_029313.1|	91.422	443	36	2	6	447	360	801	9.92e-174	608	52787
ff1ac5679b2b51432596a7eee3aa8044	gi|265679007|ref|NR_029315.1|	91.422	443	36	2	6	447	362	803	9.92e-174	608	52786
ff1ac5679b2b51432596a7eee3aa8044	gi|2363080123|ref|NR_178280.1|	91.441	444	32	5	6	447	331	770	1.28e-172	604	411483
ff1ac5679b2b51432596a7eee3aa8044	gi|3030611269|ref|NR_199945.1|	90.991	444	34	5	6	447	335	774	2.78e-169	593	3435293
ff1ac5679b2b51432596a7eee3aa8044	gi|2962412223|ref|NR_199417.1|	90.971	443	36	4	6	447	342	781	2.78e-169	593	3136601
ff1ac5679b2b51432596a7eee3aa8044	gi|2363081451|ref|NR_178972.1|	90.971	443	36	3	6	447	285	724	2.78e-169	593	1851428
ff1ac5679b2b51432596a7eee3aa8044	gi|265678656|ref|NR_028961.1|	90.971	443	36	3	6	447	327	766	2.78e-169	593	853
ff1ac5679b2b51432596a7eee3aa8044	gi|2363081449|ref|NR_178971.1|	90.991	444	33	6	6	447	285	723	9.99e-169	592	1851427
ff1ac5679b2b51432596a7eee3aa8044	gi|2363084747|ref|NR_180622.1|	90.766	444	35	6	6	447	335	774	1.29e-167	588	2779354
ff1ac5679b2b51432596a7eee3aa8044	gi|3248465658|ref|NR_201672.1|	90.337	445	38	5	6	447	296	738	7.78e-165	579	3381350
968e2e8ce1a2dd564b7fcd01f0483d4a	gi|631251747|ref|NR_112945.1|	98.043	460	9	0	6	465	327	786	0.0	800	820
968e2e8ce1a2dd564b7fcd01f0483d4a	gi|343200179|ref|NR_040866.1|	98.043	460	9	0	6	465	334	793	0.0	800	820
968e2e8ce1a2dd564b7fcd01f0483d4a	gi|2363086550|ref|NR_181532.1|	97.609	460	11	0	6	465	322	781	0.0	789	2763025
968e2e8ce1a2dd564b7fcd01f0483d4a	gi|2363082773|ref|NR_179635.1|	96.739	460	15	0	6	465	338	797	0.0	767	2024197
968e2e8ce1a2dd564b7fcd01f0483d4a	gi|2363082635|ref|NR_179564.1|	96.087	460	18	0	6	465	338	797	0.0	750	1903262
968e2e8ce1a2dd564b7fcd01f0483d4a	gi|631251874|ref|NR_113072.1|	95.652	460	20	0	6	465	338	797	0.0	739	1236512
968e2e8ce1a2dd564b7fcd01f0483d4a	gi|1116030246|ref|NR_144704.1|	95.445	461	19	2	6	465	251	710	0.0	734	1203465
968e2e8ce1a2dd564b7fcd01f0483d4a	gi|631251872|ref|NR_113070.1|	95.435	460	21	0	6	465	334	793	0.0	734	742727
968e2e8ce1a2dd564b7fcd01f0483d4a	gi|631251816|ref|NR_113014.1|	95.435	460	21	0	6	465	338	797	0.0	734	1236512
968e2e8ce1a2dd564b7fcd01f0483d4a	gi|631251735|ref|NR_112933.1|	95.435	460	21	0	6	465	334	793	0.0	734	246787
44bc5a244c5059fe515cc4f0cf6e9fe1	gi|228717635|ref|NR_027565.1|	99.093	441	4	0	6	446	316	756	0.0	793	172901
44bc5a244c5059fe515cc4f0cf6e9fe1	gi|645321370|ref|NR_118352.1|	98.866	441	4	1	6	446	321	760	0.0	785	340101
44bc5a244c5059fe515cc4f0cf6e9fe1	gi|2363085151|ref|NR_180824.1|	94.785	441	23	0	6	446	322	762	0.0	688	2606640
44bc5a244c5059fe515cc4f0cf6e9fe1	gi|219846673|ref|NR_026265.1|	82.353	442	75	3	6	446	315	754	2.35e-105	381	53342
44bc5a244c5059fe515cc4f0cf6e9fe1	gi|566085451|ref|NR_109502.1|	82.127	442	76	3	6	446	407	846	1.09e-103	375	1147123
44bc5a244c5059fe515cc4f0cf6e9fe1	gi|2180566387|ref|NR_174250.1|	81.900	442	77	3	6	446	287	726	5.08e-102	370	2769420
44bc5a244c5059fe515cc4f0cf6e9fe1	gi|961555039|ref|NR_134006.1|	81.900	442	77	3	6	446	292	731	5.08e-102	370	1335065
44bc5a244c5059fe515cc4f0cf6e9fe1	gi|636559104|ref|NR_115161.1|	81.900	442	77	3	6	446	329	768	5.08e-102	370	219748
44bc5a244c5059fe515cc4f0cf6e9fe1	gi|219846900|ref|NR_026492.1|	81.900	442	77	3	6	446	321	760	5.08e-102	370	1495
44bc5a244c5059fe515cc4f0cf6e9fe1	gi|343205970|ref|NR_044489.1|	81.798	445	75	6	6	446	336	778	1.83e-101	368	857293
ce93bb4304e43470bd5007e1cc2bcff4	gi|1269847389|ref|NR_041006.2|	87.783	442	50	4	6	445	340	779	2.21e-145	514	29369
ce93bb4304e43470bd5007e1cc2bcff4	gi|1269801278|ref|NR_112226.2|	87.783	442	50	4	6	445	340	779	2.21e-145	514	29369
ce93bb4304e43470bd5007e1cc2bcff4	gi|961555123|ref|NR_134091.1|	87.783	442	50	4	6	445	335	774	2.21e-145	514	1462919
ce93bb4304e43470bd5007e1cc2bcff4	gi|219846511|ref|NR_026103.1|	87.783	442	50	4	6	445	316	755	2.21e-145	514	37658
ce93bb4304e43470bd5007e1cc2bcff4	gi|2221405456|ref|NR_175533.1|	87.640	445	45	10	6	445	317	756	1.03e-143	508	2665504
ce93bb4304e43470bd5007e1cc2bcff4	gi|2363081254|ref|NR_178871.1|	87.668	446	44	7	6	445	337	777	1.03e-143	508	1792311
ce93bb4304e43470bd5007e1cc2bcff4	gi|566085050|ref|NR_108636.1|	87.500	440	55	0	6	445	348	787	1.03e-143	508	682400
ce93bb4304e43470bd5007e1cc2bcff4	gi|636559633|ref|NR_115693.1|	87.528	441	54	1	6	445	442	882	1.03e-143	508	694434
ce93bb4304e43470bd5007e1cc2bcff4	gi|636559632|ref|NR_115692.1|	87.528	441	54	1	6	445	442	882	1.03e-143	508	694434
ce93bb4304e43470bd5007e1cc2bcff4	gi|636559631|ref|NR_115691.1|	87.528	441	54	1	6	445	436	876	1.03e-143	508	694434
dc384fa7f17632fdd509e73f17d9ab6c	gi|2363086270|ref|NR_181387.1|	92.551	443	31	2	6	447	302	743	0.0	634	2763656
dc384fa7f17632fdd509e73f17d9ab6c	gi|2363081417|ref|NR_178955.1|	92.117	444	32	3	6	447	288	730	3.54e-178	623	1851429
dc384fa7f17632fdd509e73f17d9ab6c	gi|631251702|ref|NR_112900.1|	92.135	445	30	5	6	447	341	783	3.54e-178	623	626937
dc384fa7f17632fdd509e73f17d9ab6c	gi|1116030284|ref|NR_144742.1|	91.441	444	35	3	6	447	352	794	3.57e-173	606	1805714
dc384fa7f17632fdd509e73f17d9ab6c	gi|636559212|ref|NR_115269.1|	91.461	445	33	5	6	447	332	774	3.57e-173	606	270498
dc384fa7f17632fdd509e73f17d9ab6c	gi|1116030285|ref|NR_144743.1|	91.011	445	35	5	6	447	352	794	7.72e-170	595	1816678
dc384fa7f17632fdd509e73f17d9ab6c	gi|2363086268|ref|NR_181386.1|	90.787	445	36	5	6	447	303	745	3.59e-168	590	2763655
dc384fa7f17632fdd509e73f17d9ab6c	gi|2363086264|ref|NR_181384.1|	89.842	443	41	4	6	447	250	689	6.05e-161	566	2763660
dc384fa7f17632fdd509e73f17d9ab6c	gi|219846469|ref|NR_026061.1|	89.616	443	44	2	6	447	348	789	7.83e-160	562	57172
dc384fa7f17632fdd509e73f17d9ab6c	gi|2363086262|ref|NR_181383.1|	89.213	445	44	4	6	447	307	750	4.71e-157	553	2763654
e34f52e57ab31b71930152cfd0d69823	gi|645322302|ref|NR_119085.1|	91.837	441	33	3	6	446	347	784	7.65e-175	612	29364
e34f52e57ab31b71930152cfd0d69823	gi|2136551593|ref|NR_173596.1|	90.724	442	39	2	6	446	301	741	1.29e-167	588	1703332
e34f52e57ab31b71930152cfd0d69823	gi|444439494|ref|NR_074809.1|	90.703	441	41	0	6	446	350	790	1.29e-167	588	585394
e34f52e57ab31b71930152cfd0d69823	gi|343198540|ref|NR_042832.1|	90.703	441	41	0	6	446	330	770	1.29e-167	588	301302
e34f52e57ab31b71930152cfd0d69823	gi|2363085474|ref|NR_180986.1|	90.724	442	38	3	6	446	347	786	4.64e-167	586	2681861
e34f52e57ab31b71930152cfd0d69823	gi|2962412221|ref|NR_199415.1|	90.724	442	38	3	6	446	338	777	4.64e-167	586	3136600
e34f52e57ab31b71930152cfd0d69823	gi|2363080125|ref|NR_178281.1|	90.724	442	38	3	6	446	340	779	4.64e-167	586	105843
e34f52e57ab31b71930152cfd0d69823	gi|343201281|ref|NR_042007.1|	90.519	443	39	3	6	446	343	784	6.00e-166	582	622312
e34f52e57ab31b71930152cfd0d69823	gi|2363086282|ref|NR_181393.1|	90.476	441	41	1	6	446	290	729	2.16e-165	580	2763664
e34f52e57ab31b71930152cfd0d69823	gi|343201282|ref|NR_042008.1|	90.476	441	41	1	6	446	341	780	2.16e-165	580	585394
0db5a7098cdadeb7ab50981f5080c658	gi|343206281|ref|NR_044873.1|	98.879	446	5	0	6	451	324	769	0.0	797	43675
0db5a7098cdadeb7ab50981f5080c658	gi|2363083489|ref|NR_179993.1|	95.964	446	17	1	6	451	336	780	0.0	723	2109647
0db5a7098cdadeb7ab50981f5080c658	gi|2363080269|ref|NR_178360.1|	95.964	446	17	1	6	451	302	746	0.0	723	578216
0db5a7098cdadeb7ab50981f5080c658	gi|602269356|ref|NR_044712.2|	95.964	446	17	1	6	451	344	788	0.0	723	762948
0db5a7098cdadeb7ab50981f5080c658	gi|566085657|ref|NR_109752.1|	95.964	446	17	1	6	451	346	790	0.0	723	1324766
0db5a7098cdadeb7ab50981f5080c658	gi|444304144|ref|NR_074568.1|	95.964	446	17	1	6	451	335	779	0.0	723	762948
0db5a7098cdadeb7ab50981f5080c658	gi|343198899|ref|NR_043968.1|	95.964	446	17	1	6	451	293	737	0.0	723	396015
0db5a7098cdadeb7ab50981f5080c658	gi|219857157|ref|NR_024785.1|	95.740	446	17	2	6	451	292	735	0.0	717	172042
0db5a7098cdadeb7ab50981f5080c658	gi|219878171|ref|NR_025310.1|	95.740	446	18	1	6	451	315	759	0.0	717	85336
0db5a7098cdadeb7ab50981f5080c658	gi|1109167977|ref|NR_144586.1|	95.516	446	19	1	6	451	356	800	0.0	712	1736139
bec8cf75e5b46f9398f2c943a05c6f4e	gi|2363084786|ref|NR_180641.1|	99.355	465	3	0	6	470	316	780	0.0	843	2562449
bec8cf75e5b46f9398f2c943a05c6f4e	gi|645320576|ref|NR_117750.1|	99.355	465	3	0	6	470	265	729	0.0	843	57706
bec8cf75e5b46f9398f2c943a05c6f4e	gi|219857234|ref|NR_024862.1|	99.140	465	4	0	6	470	329	793	0.0	837	67827
bec8cf75e5b46f9398f2c943a05c6f4e	gi|2363081052|ref|NR_178769.1|	98.925	465	5	0	6	470	300	764	0.0	832	1563222
bec8cf75e5b46f9398f2c943a05c6f4e	gi|645320579|ref|NR_117752.1|	98.925	465	5	0	6	470	265	729	0.0	832	546
bec8cf75e5b46f9398f2c943a05c6f4e	gi|631253147|ref|NR_114345.1|	98.925	465	5	0	6	470	258	722	0.0	832	546
bec8cf75e5b46f9398f2c943a05c6f4e	gi|631252398|ref|NR_113596.1|	98.925	465	5	0	6	470	314	778	0.0	832	546
bec8cf75e5b46f9398f2c943a05c6f4e	gi|631252142|ref|NR_113340.1|	98.925	465	5	0	6	470	314	778	0.0	832	546
bec8cf75e5b46f9398f2c943a05c6f4e	gi|265678589|ref|NR_028894.1|	98.925	465	5	0	6	470	321	785	0.0	832	1006003
bec8cf75e5b46f9398f2c943a05c6f4e	gi|265678386|ref|NR_028688.1|	98.925	465	5	0	6	470	335	799	0.0	832	67829
3d0f2f8c95fba31d9d1fcae1a451838c	gi|631251954|ref|NR_113152.1|	96.815	314	10	0	133	446	483	796	1.03e-148	525	28117
3d0f2f8c95fba31d9d1fcae1a451838c	gi|2363082603|ref|NR_179548.1|	87.359	443	51	5	6	446	348	787	1.34e-142	505	1870993
3d0f2f8c95fba31d9d1fcae1a451838c	gi|444439494|ref|NR_074809.1|	87.330	442	54	2	6	446	350	790	1.34e-142	505	585394
3d0f2f8c95fba31d9d1fcae1a451838c	gi|343198540|ref|NR_042832.1|	87.330	442	54	2	6	446	330	770	1.34e-142	505	301302
3d0f2f8c95fba31d9d1fcae1a451838c	gi|265678940|ref|NR_029248.1|	87.330	442	51	5	6	446	349	786	4.80e-142	503	500632
3d0f2f8c95fba31d9d1fcae1a451838c	gi|2136551593|ref|NR_173596.1|	87.162	444	51	6	6	446	301	741	6.21e-141	499	1703332
3d0f2f8c95fba31d9d1fcae1a451838c	gi|343201281|ref|NR_042007.1|	87.133	443	54	3	6	446	343	784	6.21e-141	499	622312
3d0f2f8c95fba31d9d1fcae1a451838c	gi|343201282|ref|NR_042008.1|	87.104	442	54	3	6	446	341	780	2.23e-140	497	585394
3d0f2f8c95fba31d9d1fcae1a451838c	gi|645320588|ref|NR_117758.1|	86.907	443	55	3	6	446	322	763	2.89e-139	494	166486
3d0f2f8c95fba31d9d1fcae1a451838c	gi|228716944|ref|NR_027557.1|	86.907	443	55	3	6	446	343	784	2.89e-139	494	536231
0cd508795b8fbad5b50ac130b2384d21	gi|631252213|ref|NR_113411.1|	91.641	323	23	4	126	446	480	800	2.95e-124	444	537011
0cd508795b8fbad5b50ac130b2384d21	gi|343200190|ref|NR_040877.1|	91.641	323	23	4	126	446	480	800	2.95e-124	444	537011
0cd508795b8fbad5b50ac130b2384d21	gi|2363084409|ref|NR_180452.1|	90.402	323	27	4	126	446	460	780	1.38e-117	422	2518605
0cd508795b8fbad5b50ac130b2384d21	gi|2221405403|ref|NR_175509.1|	90.523	306	23	6	144	446	498	800	6.48e-111	399	2608404
0cd508795b8fbad5b50ac130b2384d21	gi|566085557|ref|NR_109628.1|	90.196	306	24	6	144	446	479	781	3.02e-109	394	1177574
0cd508795b8fbad5b50ac130b2384d21	gi|631253107|ref|NR_114305.1|	90.196	306	24	6	144	446	498	800	3.02e-109	394	1236518
0cd508795b8fbad5b50ac130b2384d21	gi|631251926|ref|NR_113124.1|	90.164	305	26	4	144	446	498	800	3.02e-109	394	28137
0cd508795b8fbad5b50ac130b2384d21	gi|631251907|ref|NR_113105.1|	90.196	306	24	6	144	446	486	788	3.02e-109	394	470565
0cd508795b8fbad5b50ac130b2384d21	gi|636560666|ref|NR_116726.1|	90.196	306	24	6	144	446	478	780	3.02e-109	394	1236518
0cd508795b8fbad5b50ac130b2384d21	gi|343199048|ref|NR_044407.1|	90.196	306	24	6	144	446	478	780	3.02e-109	394	470565
60b50203dbc3857c688e0b5bca20e9c1	gi|631252213|ref|NR_113411.1|	88.913	460	36	8	6	450	341	800	4.75e-157	553	537011
60b50203dbc3857c688e0b5bca20e9c1	gi|343200190|ref|NR_040877.1|	88.696	460	37	8	6	450	341	800	6.14e-156	549	537011
60b50203dbc3857c688e0b5bca20e9c1	gi|2363084409|ref|NR_180452.1|	87.609	460	42	7	6	450	321	780	4.81e-147	520	2518605
60b50203dbc3857c688e0b5bca20e9c1	gi|566085557|ref|NR_109628.1|	86.177	463	43	15	6	450	322	781	2.27e-135	481	1177574
60b50203dbc3857c688e0b5bca20e9c1	gi|631251907|ref|NR_113105.1|	86.207	464	41	18	6	450	329	788	2.27e-135	481	470565
60b50203dbc3857c688e0b5bca20e9c1	gi|343199048|ref|NR_044407.1|	86.207	464	41	18	6	450	321	780	2.27e-135	481	470565
60b50203dbc3857c688e0b5bca20e9c1	gi|219857188|ref|NR_024816.1|	86.147	462	45	12	6	450	339	798	2.27e-135	481	228604
60b50203dbc3857c688e0b5bca20e9c1	gi|631253106|ref|NR_114304.1|	85.961	463	44	16	6	450	341	800	1.06e-133	475	1236517
60b50203dbc3857c688e0b5bca20e9c1	gi|636560665|ref|NR_116725.1|	85.961	463	44	16	6	450	321	780	1.06e-133	475	1236517
60b50203dbc3857c688e0b5bca20e9c1	gi|2221405403|ref|NR_175509.1|	85.529	463	46	15	6	450	341	800	2.29e-130	464	2608404
cdcc6389f3d8b35ad332c7c6efc8a306	gi|219846519|ref|NR_026111.1|	89.149	470	42	7	6	471	339	803	2.95e-164	577	33025
cdcc6389f3d8b35ad332c7c6efc8a306	gi|961555169|ref|NR_134138.1|	86.141	469	58	7	6	471	262	726	6.58e-141	499	433321
cdcc6389f3d8b35ad332c7c6efc8a306	gi|2363082047|ref|NR_179270.1|	85.714	469	61	6	6	471	326	791	3.06e-139	494	2654621
cdcc6389f3d8b35ad332c7c6efc8a306	gi|310975048|ref|NR_036912.1|	85.957	470	55	11	6	471	302	764	1.10e-138	492	114197
cdcc6389f3d8b35ad332c7c6efc8a306	gi|2621112342|ref|NR_189246.1|	85.350	471	58	9	6	471	350	814	3.08e-134	477	3054208
cdcc6389f3d8b35ad332c7c6efc8a306	gi|2363082805|ref|NR_179651.1|	84.861	469	64	7	6	471	350	814	6.67e-131	466	2058289
cdcc6389f3d8b35ad332c7c6efc8a306	gi|2621112327|ref|NR_189230.1|	84.861	469	64	7	6	471	298	762	6.67e-131	466	2897706
cdcc6389f3d8b35ad332c7c6efc8a306	gi|343198461|ref|NR_041894.1|	84.797	467	68	3	6	471	286	750	6.67e-131	466	187327
cdcc6389f3d8b35ad332c7c6efc8a306	gi|265678564|ref|NR_028868.1|	84.861	469	64	7	6	471	328	792	6.67e-131	466	78120
cdcc6389f3d8b35ad332c7c6efc8a306	gi|1269785360|ref|NR_121722.2|	84.681	470	63	8	6	471	361	825	3.10e-129	460	871738
047c9638144372bad0af9229271b09ad	gi|631252213|ref|NR_113411.1|	87.852	461	37	8	6	448	341	800	3.70e-148	523	537011
047c9638144372bad0af9229271b09ad	gi|343200190|ref|NR_040877.1|	87.636	461	38	8	6	448	341	800	4.79e-147	520	537011
047c9638144372bad0af9229271b09ad	gi|2363084409|ref|NR_180452.1|	86.551	461	43	8	6	448	321	780	3.76e-138	490	2518605
047c9638144372bad0af9229271b09ad	gi|2221405403|ref|NR_175509.1|	84.881	463	47	12	6	448	341	800	8.25e-125	446	2608404
047c9638144372bad0af9229271b09ad	gi|566085557|ref|NR_109628.1|	84.881	463	47	12	6	448	322	781	8.25e-125	446	1177574
047c9638144372bad0af9229271b09ad	gi|265678843|ref|NR_029148.1|	84.698	464	46	14	6	448	349	808	1.07e-123	442	28137
047c9638144372bad0af9229271b09ad	gi|631251926|ref|NR_113124.1|	84.665	463	48	12	6	448	341	800	3.84e-123	440	28137
047c9638144372bad0af9229271b09ad	gi|631251894|ref|NR_113092.1|	84.698	464	46	16	6	448	329	788	3.84e-123	440	77768
047c9638144372bad0af9229271b09ad	gi|636559270|ref|NR_115327.1|	84.665	463	48	12	6	448	321	780	3.84e-123	440	28137
047c9638144372bad0af9229271b09ad	gi|219857188|ref|NR_024816.1|	84.599	461	52	9	6	448	339	798	3.84e-123	440	228604
513dec932040b7a2391ff1178c56f6c5	gi|444303953|ref|NR_074376.1|	93.478	460	30	0	6	465	351	810	0.0	684	435591
513dec932040b7a2391ff1178c56f6c5	gi|343200655|ref|NR_041342.1|	93.478	460	30	0	6	465	336	795	0.0	684	823
513dec932040b7a2391ff1178c56f6c5	gi|2363082619|ref|NR_179556.1|	90.260	462	41	4	6	465	316	775	1.73e-171	601	1871013
513dec932040b7a2391ff1178c56f6c5	gi|1811131517|ref|NR_165699.1|	90.000	460	46	0	6	465	336	795	8.05e-170	595	2685834
513dec932040b7a2391ff1178c56f6c5	gi|631251878|ref|NR_113076.1|	89.565	460	48	0	6	465	324	783	1.74e-166	584	927665
513dec932040b7a2391ff1178c56f6c5	gi|343202832|ref|NR_043317.1|	89.565	460	48	0	6	465	284	743	1.74e-166	584	328812
513dec932040b7a2391ff1178c56f6c5	gi|631251637|ref|NR_112835.1|	89.588	461	45	3	6	465	336	794	6.27e-166	582	574930
513dec932040b7a2391ff1178c56f6c5	gi|974142265|ref|NR_134785.1|	89.371	461	47	2	6	465	336	795	2.25e-165	580	1217282
513dec932040b7a2391ff1178c56f6c5	gi|645322411|ref|NR_119166.1|	89.371	461	47	2	6	465	319	778	2.25e-165	580	411477
513dec932040b7a2391ff1178c56f6c5	gi|343200656|ref|NR_041343.1|	89.371	461	47	2	6	465	340	799	8.10e-165	579	46503
29c316de04c7a56556a962e9e53bbfc4	gi|2363082711|ref|NR_179603.1|	91.011	445	30	10	6	446	317	755	9.96e-169	592	1944642
29c316de04c7a56556a962e9e53bbfc4	gi|265679047|ref|NR_029355.1|	90.045	442	41	3	6	446	332	771	4.67e-162	569	84026
29c316de04c7a56556a962e9e53bbfc4	gi|2363082625|ref|NR_179559.1|	89.414	444	41	6	6	446	333	773	1.31e-157	555	1871018
29c316de04c7a56556a962e9e53bbfc4	gi|3248465644|ref|NR_201656.1|	89.414	444	40	7	6	446	329	768	4.70e-157	553	3417633
29c316de04c7a56556a962e9e53bbfc4	gi|2363082601|ref|NR_179547.1|	89.391	443	42	5	6	446	347	786	4.70e-157	553	1870991
29c316de04c7a56556a962e9e53bbfc4	gi|507148077|ref|NR_102884.1|	89.165	443	43	5	6	446	331	770	2.19e-155	547	213810
29c316de04c7a56556a962e9e53bbfc4	gi|444303976|ref|NR_074399.1|	89.116	441	47	1	6	446	333	772	2.19e-155	547	697329
29c316de04c7a56556a962e9e53bbfc4	gi|631251834|ref|NR_113032.1|	89.116	441	47	1	6	446	333	772	2.19e-155	547	1264
29c316de04c7a56556a962e9e53bbfc4	gi|636559173|ref|NR_115230.1|	89.116	441	47	1	6	446	333	772	2.19e-155	547	697329
29c316de04c7a56556a962e9e53bbfc4	gi|219846339|ref|NR_025929.1|	89.116	441	47	1	6	446	328	767	2.19e-155	547	697329
24154418f58fa87582e2734deff1ce8d	gi|631251745|ref|NR_112943.1|	94.130	460	27	0	6	465	326	785	0.0	701	449673
24154418f58fa87582e2734deff1ce8d	gi|224581415|ref|NR_027196.1|	93.478	460	30	0	6	465	317	776	0.0	686	449673
24154418f58fa87582e2734deff1ce8d	gi|631251872|ref|NR_113070.1|	92.857	462	29	4	6	465	334	793	0.0	667	742727
24154418f58fa87582e2734deff1ce8d	gi|631251697|ref|NR_112895.1|	92.857	462	29	4	6	465	314	773	0.0	667	742727
24154418f58fa87582e2734deff1ce8d	gi|343200620|ref|NR_041307.1|	92.842	461	31	2	6	465	334	793	0.0	667	329854
24154418f58fa87582e2734deff1ce8d	gi|1116030246|ref|NR_144704.1|	92.657	463	28	6	6	465	251	710	0.0	662	1203465
24154418f58fa87582e2734deff1ce8d	gi|631251867|ref|NR_113065.1|	92.609	460	34	0	6	465	338	797	0.0	662	762984
24154418f58fa87582e2734deff1ce8d	gi|631251735|ref|NR_112933.1|	92.641	462	30	4	6	465	334	793	0.0	662	246787
24154418f58fa87582e2734deff1ce8d	gi|631251695|ref|NR_112893.1|	92.609	460	34	0	6	465	318	777	0.0	662	762984
24154418f58fa87582e2734deff1ce8d	gi|2363086949|ref|NR_181731.1|	92.391	460	35	0	6	465	290	749	0.0	656	2834112
59d96a24d01f7a61f1ceff6f2347fb4c	gi|645321785|ref|NR_118670.1|	92.290	441	32	2	6	445	357	796	2.11e-180	630	39496
59d96a24d01f7a61f1ceff6f2347fb4c	gi|2363086310|ref|NR_181407.1|	92.045	440	35	0	6	445	355	794	4.56e-177	619	2850323
59d96a24d01f7a61f1ceff6f2347fb4c	gi|1397641798|ref|NR_156907.1|	91.837	441	34	2	6	445	348	787	2.12e-175	614	1912855
59d96a24d01f7a61f1ceff6f2347fb4c	gi|265678482|ref|NR_028785.1|	91.818	440	36	0	6	445	351	790	2.12e-175	614	29347
59d96a24d01f7a61f1ceff6f2347fb4c	gi|545589113|ref|NR_044713.2|	91.156	441	37	2	6	445	356	795	2.74e-174	610	2382
59d96a24d01f7a61f1ceff6f2347fb4c	gi|3248465643|ref|NR_201655.1|	91.610	441	35	2	6	445	313	752	9.87e-174	608	3380807
59d96a24d01f7a61f1ceff6f2347fb4c	gi|2136551567|ref|NR_173570.1|	91.610	441	35	2	6	445	330	769	9.87e-174	608	1912090
59d96a24d01f7a61f1ceff6f2347fb4c	gi|2363086308|ref|NR_181406.1|	91.591	440	37	0	6	445	357	796	9.87e-174	608	2850322
59d96a24d01f7a61f1ceff6f2347fb4c	gi|645321018|ref|NR_118086.1|	91.591	440	37	0	6	445	345	784	9.87e-174	608	979627
59d96a24d01f7a61f1ceff6f2347fb4c	gi|631252033|ref|NR_113231.1|	91.591	440	37	0	6	445	347	786	9.87e-174	608	536633
8ec10a2c7a3fec7b3f7cd0a1bc3332b4	gi|3248465644|ref|NR_201656.1|	90.950	442	37	3	6	446	329	768	9.96e-169	592	3417633
8ec10a2c7a3fec7b3f7cd0a1bc3332b4	gi|631252162|ref|NR_113360.1|	90.519	443	40	2	6	446	339	781	1.67e-166	584	1121303
8ec10a2c7a3fec7b3f7cd0a1bc3332b4	gi|645319736|ref|NR_117111.1|	90.519	443	40	2	6	446	336	778	1.67e-166	584	29371
8ec10a2c7a3fec7b3f7cd0a1bc3332b4	gi|219846512|ref|NR_026104.1|	90.519	443	40	2	6	446	312	754	1.67e-166	584	1121303
8ec10a2c7a3fec7b3f7cd0a1bc3332b4	gi|2363084629|ref|NR_180563.1|	90.498	442	41	1	6	446	291	732	6.00e-166	582	2488810
8ec10a2c7a3fec7b3f7cd0a1bc3332b4	gi|645319803|ref|NR_117165.1|	90.271	442	42	1	6	446	476	917	2.79e-164	577	48256
8ec10a2c7a3fec7b3f7cd0a1bc3332b4	gi|645319802|ref|NR_117164.1|	90.271	442	42	1	6	446	476	917	2.79e-164	577	48256
8ec10a2c7a3fec7b3f7cd0a1bc3332b4	gi|645319800|ref|NR_117163.1|	90.271	442	42	1	6	446	445	886	2.79e-164	577	48256
8ec10a2c7a3fec7b3f7cd0a1bc3332b4	gi|645319799|ref|NR_117162.1|	90.271	442	42	1	6	446	472	913	2.79e-164	577	48256
8ec10a2c7a3fec7b3f7cd0a1bc3332b4	gi|444303976|ref|NR_074399.1|	90.271	442	40	3	6	446	333	772	1.00e-163	575	697329
19138c557d4f3ec2b4620e785c5d3f58	gi|2363080123|ref|NR_178280.1|	94.091	440	26	0	6	445	331	770	0.0	669	411483
19138c557d4f3ec2b4620e785c5d3f58	gi|2363081449|ref|NR_178971.1|	93.864	440	26	1	6	445	285	723	0.0	662	1851427
19138c557d4f3ec2b4620e785c5d3f58	gi|265678656|ref|NR_028961.1|	93.409	440	29	0	6	445	327	766	0.0	652	853
19138c557d4f3ec2b4620e785c5d3f58	gi|2363082282|ref|NR_179388.1|	93.197	441	28	2	6	445	335	774	0.0	647	2935520
19138c557d4f3ec2b4620e785c5d3f58	gi|2363081451|ref|NR_178972.1|	93.182	440	30	0	6	445	285	724	0.0	647	1851428
19138c557d4f3ec2b4620e785c5d3f58	gi|3030611269|ref|NR_199945.1|	92.955	440	31	0	6	445	335	774	0.0	641	3435293
19138c557d4f3ec2b4620e785c5d3f58	gi|2363080175|ref|NR_178311.1|	92.727	440	32	0	6	445	412	851	0.0	636	2903556
19138c557d4f3ec2b4620e785c5d3f58	gi|2962412223|ref|NR_199417.1|	89.796	441	43	2	6	445	342	781	2.17e-160	564	3136601
19138c557d4f3ec2b4620e785c5d3f58	gi|1397641802|ref|NR_156911.1|	89.545	440	46	0	6	445	351	790	1.01e-158	558	1650663
19138c557d4f3ec2b4620e785c5d3f58	gi|1277396189|ref|NR_151900.1|	89.318	440	47	0	6	445	351	790	4.69e-157	553	1550024
adecfaa008e689f30f7ab46f0eeb9e24	gi|2363082168|ref|NR_179330.1|	92.551	443	30	2	6	446	327	768	0.0	632	2714355
adecfaa008e689f30f7ab46f0eeb9e24	gi|2363087259|ref|NR_181885.1|	92.534	442	30	3	6	446	335	774	0.0	632	2885351
adecfaa008e689f30f7ab46f0eeb9e24	gi|2363082165|ref|NR_179329.1|	91.874	443	33	2	6	446	327	768	5.91e-176	616	2714353
adecfaa008e689f30f7ab46f0eeb9e24	gi|631251356|ref|NR_112553.1|	91.855	442	34	2	6	446	348	788	5.91e-176	616	342942
adecfaa008e689f30f7ab46f0eeb9e24	gi|444439494|ref|NR_074809.1|	91.629	442	35	2	6	446	350	790	2.75e-174	610	585394
adecfaa008e689f30f7ab46f0eeb9e24	gi|343198540|ref|NR_042832.1|	91.629	442	35	2	6	446	330	770	2.75e-174	610	301302
adecfaa008e689f30f7ab46f0eeb9e24	gi|343201281|ref|NR_042007.1|	91.667	444	32	5	6	446	343	784	2.75e-174	610	622312
adecfaa008e689f30f7ab46f0eeb9e24	gi|636560687|ref|NR_116747.1|	91.629	442	34	3	6	446	301	740	9.89e-174	608	1298596
adecfaa008e689f30f7ab46f0eeb9e24	gi|2363082059|ref|NR_179276.1|	91.383	441	37	1	6	446	334	773	4.60e-172	603	2316025
adecfaa008e689f30f7ab46f0eeb9e24	gi|974142252|ref|NR_134772.1|	91.383	441	37	1	6	446	297	736	4.60e-172	603	1337051
e85655e096c5c7740ad087ed957e1a9e	gi|2363082390|ref|NR_179442.1|	95.217	460	22	0	6	465	343	802	0.0	734	1776379
e85655e096c5c7740ad087ed957e1a9e	gi|343200677|ref|NR_041364.1|	90.239	461	43	2	6	465	337	796	1.73e-171	601	1002367
e85655e096c5c7740ad087ed957e1a9e	gi|219857187|ref|NR_024815.1|	88.937	461	49	2	6	465	339	798	1.75e-161	568	228603
e85655e096c5c7740ad087ed957e1a9e	gi|2363082404|ref|NR_179449.1|	88.769	463	46	6	6	465	342	801	8.16e-160	562	2479840
e85655e096c5c7740ad087ed957e1a9e	gi|2363081463|ref|NR_178978.1|	88.769	463	46	6	6	465	346	805	8.16e-160	562	1676614
e85655e096c5c7740ad087ed957e1a9e	gi|631252122|ref|NR_113320.1|	88.745	462	48	4	6	465	339	798	8.16e-160	562	1236516
e85655e096c5c7740ad087ed957e1a9e	gi|636560772|ref|NR_116832.1|	88.745	462	48	4	6	465	319	778	8.16e-160	562	1236516
e85655e096c5c7740ad087ed957e1a9e	gi|631251911|ref|NR_113109.1|	88.553	463	47	4	6	465	325	784	3.80e-158	556	840
e85655e096c5c7740ad087ed957e1a9e	gi|631251910|ref|NR_113108.1|	88.553	463	47	4	6	465	339	798	3.80e-158	556	840
e85655e096c5c7740ad087ed957e1a9e	gi|343198659|ref|NR_043216.1|	88.337	463	48	4	6	465	319	778	1.37e-157	555	840
b2ecb3285647f7573bd473a1f12f5385	gi|2363086270|ref|NR_181387.1|	91.422	443	37	1	6	448	302	743	3.58e-173	606	2763656
b2ecb3285647f7573bd473a1f12f5385	gi|2363086268|ref|NR_181386.1|	90.971	443	40	0	6	448	303	745	2.15e-170	597	2763655
b2ecb3285647f7573bd473a1f12f5385	gi|2363086262|ref|NR_181383.1|	88.341	446	47	5	6	448	307	750	2.21e-150	531	2763654
b2ecb3285647f7573bd473a1f12f5385	gi|1116030284|ref|NR_144742.1|	88.036	443	53	0	6	448	352	794	1.03e-148	525	1805714
b2ecb3285647f7573bd473a1f12f5385	gi|631251702|ref|NR_112900.1|	88.036	443	53	0	6	448	341	783	1.03e-148	525	626937
b2ecb3285647f7573bd473a1f12f5385	gi|2363081417|ref|NR_178955.1|	87.810	443	54	0	6	448	288	730	4.79e-147	520	1851429
b2ecb3285647f7573bd473a1f12f5385	gi|1116030285|ref|NR_144743.1|	87.387	444	54	2	6	448	352	794	1.04e-143	508	1816678
b2ecb3285647f7573bd473a1f12f5385	gi|2363082320|ref|NR_179407.1|	86.966	445	51	6	6	448	331	770	2.90e-139	494	1622073
b2ecb3285647f7573bd473a1f12f5385	gi|943392597|ref|NR_117133.2|	86.830	448	46	11	6	448	330	769	1.35e-137	488	1543
b2ecb3285647f7573bd473a1f12f5385	gi|943392596|ref|NR_117132.2|	86.637	449	46	12	6	448	330	770	1.75e-136	484	1543
0e6f6b2bcb748682cdd69febc28caf7f	gi|559795255|ref|NR_104846.1|	94.318	440	25	0	6	445	288	727	0.0	675	745368
0e6f6b2bcb748682cdd69febc28caf7f	gi|265678692|ref|NR_028997.1|	93.424	441	28	1	6	445	303	743	0.0	652	214851
0e6f6b2bcb748682cdd69febc28caf7f	gi|1397641802|ref|NR_156911.1|	90.000	440	44	0	6	445	351	790	4.66e-162	569	1650663
0e6f6b2bcb748682cdd69febc28caf7f	gi|2363084747|ref|NR_180622.1|	90.000	440	44	0	6	445	335	774	4.66e-162	569	2779354
0e6f6b2bcb748682cdd69febc28caf7f	gi|1277396189|ref|NR_151900.1|	89.318	440	47	0	6	445	351	790	4.69e-157	553	1550024
0e6f6b2bcb748682cdd69febc28caf7f	gi|2363082356|ref|NR_179425.1|	89.342	441	45	2	6	445	351	790	4.69e-157	553	1689304
0e6f6b2bcb748682cdd69febc28caf7f	gi|3030611269|ref|NR_199945.1|	88.864	440	49	0	6	445	335	774	1.02e-153	542	3435293
0e6f6b2bcb748682cdd69febc28caf7f	gi|2363082282|ref|NR_179388.1|	88.864	440	49	0	6	445	335	774	1.02e-153	542	2935520
0e6f6b2bcb748682cdd69febc28caf7f	gi|265678656|ref|NR_028961.1|	88.864	440	49	0	6	445	327	766	1.02e-153	542	853
0e6f6b2bcb748682cdd69febc28caf7f	gi|2962412223|ref|NR_199417.1|	88.409	440	51	0	6	445	342	781	2.20e-150	531	3136601
ee9114b8ce2b45e87ef9f3c78748e1ca	gi|2363082168|ref|NR_179330.1|	94.570	442	24	0	6	447	327	768	0.0	684	2714355
ee9114b8ce2b45e87ef9f3c78748e1ca	gi|2363082165|ref|NR_179329.1|	94.344	442	25	0	6	447	327	768	0.0	678	2714353
ee9114b8ce2b45e87ef9f3c78748e1ca	gi|2363082342|ref|NR_179418.1|	93.002	443	30	1	6	447	348	790	0.0	645	1673721
ee9114b8ce2b45e87ef9f3c78748e1ca	gi|2363082352|ref|NR_179423.1|	92.793	444	29	3	6	447	349	791	0.0	640	1689270
ee9114b8ce2b45e87ef9f3c78748e1ca	gi|2363082569|ref|NR_179531.1|	92.584	445	27	6	6	447	347	788	0.0	634	1852369
ee9114b8ce2b45e87ef9f3c78748e1ca	gi|645321110|ref|NR_118156.1|	92.584	445	27	5	6	447	304	745	0.0	634	1007096
ee9114b8ce2b45e87ef9f3c78748e1ca	gi|3030611324|ref|NR_200000.1|	92.325	443	33	1	6	447	301	743	7.61e-180	628	3342383
ee9114b8ce2b45e87ef9f3c78748e1ca	gi|1269801610|ref|NR_074793.2|	92.325	443	32	2	6	447	355	796	7.61e-180	628	351091
ee9114b8ce2b45e87ef9f3c78748e1ca	gi|343200653|ref|NR_041340.1|	92.325	443	32	2	6	447	328	769	7.61e-180	628	351091
ee9114b8ce2b45e87ef9f3c78748e1ca	gi|1109168025|ref|NR_144611.1|	92.099	443	34	1	6	447	282	724	3.54e-178	623	1417852
761d56d1ca5a81c1f14b990640f9a556	gi|2363086272|ref|NR_181388.1|	91.629	442	33	3	6	445	388	827	9.87e-174	608	2763658
761d56d1ca5a81c1f14b990640f9a556	gi|265679047|ref|NR_029355.1|	91.610	441	35	2	6	445	332	771	9.87e-174	608	84026
761d56d1ca5a81c1f14b990640f9a556	gi|343205927|ref|NR_044425.1|	91.422	443	32	5	6	445	346	785	4.59e-172	603	474960
761d56d1ca5a81c1f14b990640f9a556	gi|2363082711|ref|NR_179603.1|	91.461	445	27	10	6	445	317	755	1.65e-171	601	1944642
761d56d1ca5a81c1f14b990640f9a556	gi|507148077|ref|NR_102884.1|	91.176	442	35	4	6	445	331	770	2.14e-170	597	213810
761d56d1ca5a81c1f14b990640f9a556	gi|2363082601|ref|NR_179547.1|	90.930	441	38	2	6	445	347	786	9.94e-169	592	1870991
761d56d1ca5a81c1f14b990640f9a556	gi|444303976|ref|NR_074399.1|	90.682	440	41	0	6	445	333	772	4.62e-167	586	697329
761d56d1ca5a81c1f14b990640f9a556	gi|2136551683|ref|NR_173688.1|	90.724	442	37	4	6	445	321	760	4.62e-167	586	2780922
761d56d1ca5a81c1f14b990640f9a556	gi|631251834|ref|NR_113032.1|	90.682	440	41	0	6	445	333	772	4.62e-167	586	1264
761d56d1ca5a81c1f14b990640f9a556	gi|636559173|ref|NR_115230.1|	90.682	440	41	0	6	445	333	772	4.62e-167	586	697329
fa1f998bf632ede4004e3b0c33a4f641	gi|2363081449|ref|NR_178971.1|	87.946	448	40	14	6	448	285	723	6.20e-146	516	1851427
fa1f998bf632ede4004e3b0c33a4f641	gi|2363080123|ref|NR_178280.1|	87.919	447	43	11	6	448	331	770	6.20e-146	516	411483
fa1f998bf632ede4004e3b0c33a4f641	gi|3030611269|ref|NR_199945.1|	87.248	447	46	10	6	448	335	774	6.24e-141	499	3435293
fa1f998bf632ede4004e3b0c33a4f641	gi|265678656|ref|NR_028961.1|	87.248	447	46	11	6	448	327	766	6.24e-141	499	853
fa1f998bf632ede4004e3b0c33a4f641	gi|2363081451|ref|NR_178972.1|	87.025	447	47	11	6	448	285	724	2.90e-139	494	1851428
fa1f998bf632ede4004e3b0c33a4f641	gi|2363084747|ref|NR_180622.1|	86.547	446	51	9	6	448	335	774	6.29e-136	483	2779354
fa1f998bf632ede4004e3b0c33a4f641	gi|2363082282|ref|NR_179388.1|	86.384	448	48	13	6	448	335	774	2.92e-134	477	2935520
fa1f998bf632ede4004e3b0c33a4f641	gi|2363082356|ref|NR_179425.1|	86.067	445	55	7	6	448	351	790	1.36e-132	472	1689304
fa1f998bf632ede4004e3b0c33a4f641	gi|1277396189|ref|NR_151900.1|	85.714	448	51	13	6	448	351	790	2.95e-129	460	1550024
fa1f998bf632ede4004e3b0c33a4f641	gi|1397641802|ref|NR_156911.1|	85.682	447	53	9	6	448	351	790	2.95e-129	460	1650663
b302dba202f8110276df3ac35b28bf64	gi|2836274973|ref|NR_197736.1|	95.465	441	17	3	6	445	335	773	0.0	701	3111451
b302dba202f8110276df3ac35b28bf64	gi|2363082244|ref|NR_179369.1|	95.227	440	20	1	6	445	334	772	0.0	695	2707299
b302dba202f8110276df3ac35b28bf64	gi|659364522|ref|NR_121696.1|	95.011	441	19	3	6	445	331	769	0.0	689	446660
b302dba202f8110276df3ac35b28bf64	gi|631253204|ref|NR_114402.1|	95.011	441	19	3	6	445	331	769	0.0	689	394340
b302dba202f8110276df3ac35b28bf64	gi|631252209|ref|NR_113407.1|	95.011	441	19	3	6	445	331	769	0.0	689	446660
b302dba202f8110276df3ac35b28bf64	gi|343202351|ref|NR_042637.1|	95.011	441	19	3	6	445	282	720	0.0	689	580026
b302dba202f8110276df3ac35b28bf64	gi|343200922|ref|NR_041609.1|	95.011	441	19	3	6	445	331	769	0.0	689	446660
b302dba202f8110276df3ac35b28bf64	gi|343200807|ref|NR_041494.1|	95.011	441	19	3	6	445	331	769	0.0	689	1121021
b302dba202f8110276df3ac35b28bf64	gi|2836274974|ref|NR_197737.1|	94.785	441	21	2	6	445	331	770	0.0	686	3111773
b302dba202f8110276df3ac35b28bf64	gi|2463901826|ref|NR_184618.1|	94.785	441	20	3	6	445	331	769	0.0	684	2734634
56d9333cf49859a4522986451930ac6d	gi|631251967|ref|NR_113165.1|	90.249	441	42	1	6	446	328	767	1.00e-163	575	147207
56d9333cf49859a4522986451930ac6d	gi|631251966|ref|NR_113164.1|	90.249	441	42	1	6	446	328	767	1.00e-163	575	147206
56d9333cf49859a4522986451930ac6d	gi|2363082703|ref|NR_179599.1|	90.090	444	37	6	6	446	308	747	4.67e-162	569	1937461
56d9333cf49859a4522986451930ac6d	gi|2363082597|ref|NR_179545.1|	90.023	441	43	1	6	446	328	767	4.67e-162	569	1870987
56d9333cf49859a4522986451930ac6d	gi|631252075|ref|NR_113273.1|	90.023	441	43	1	6	446	328	767	4.67e-162	569	742742
56d9333cf49859a4522986451930ac6d	gi|631251701|ref|NR_112899.1|	90.023	441	43	1	6	446	319	758	4.67e-162	569	742742
56d9333cf49859a4522986451930ac6d	gi|1193829136|ref|NR_147379.1|	89.842	443	40	4	6	446	328	767	2.17e-160	564	1907654
56d9333cf49859a4522986451930ac6d	gi|228715356|ref|NR_027528.1|	89.796	441	42	3	6	446	325	762	7.81e-160	562	147207
56d9333cf49859a4522986451930ac6d	gi|631252118|ref|NR_113316.1|	89.616	443	42	4	6	446	327	767	2.81e-159	560	74426
56d9333cf49859a4522986451930ac6d	gi|1193829160|ref|NR_147403.1|	89.593	442	42	4	6	446	328	766	1.01e-158	558	1871019
28e734f8216da36b2965f6dc9d97f450	gi|2363086262|ref|NR_181383.1|	90.787	445	38	3	6	448	307	750	1.00e-168	592	2763654
28e734f8216da36b2965f6dc9d97f450	gi|2621112341|ref|NR_189245.1|	89.640	444	43	3	6	448	363	804	7.85e-160	562	3046383
28e734f8216da36b2965f6dc9d97f450	gi|2621112340|ref|NR_189244.1|	89.640	444	43	3	6	448	363	804	7.85e-160	562	3046382
28e734f8216da36b2965f6dc9d97f450	gi|219846469|ref|NR_026061.1|	88.989	445	44	5	6	448	348	789	7.91e-155	545	57172
28e734f8216da36b2965f6dc9d97f450	gi|566085061|ref|NR_108684.1|	87.973	449	42	10	6	448	294	736	4.79e-147	520	886292
28e734f8216da36b2965f6dc9d97f450	gi|1109168029|ref|NR_144613.1|	87.640	445	51	4	6	448	330	772	2.23e-145	514	1796619
28e734f8216da36b2965f6dc9d97f450	gi|219857359|ref|NR_024947.1|	86.907	443	57	1	6	448	335	776	1.34e-142	505	105483
28e734f8216da36b2965f6dc9d97f450	gi|219846098|ref|NR_025688.1|	87.133	443	56	1	6	448	315	756	1.74e-141	501	218205
28e734f8216da36b2965f6dc9d97f450	gi|1491509615|ref|NR_159146.1|	86.907	443	57	1	6	448	348	789	8.07e-140	496	1715347
28e734f8216da36b2965f6dc9d97f450	gi|566085555|ref|NR_109625.1|	86.712	444	54	4	6	448	333	772	1.35e-137	488	1176697
ab5ea7389553bcefae628ef96d90d90f	gi|1277396349|ref|NR_152060.1|	95.950	321	13	0	145	465	458	778	1.39e-147	521	1712515
ab5ea7389553bcefae628ef96d90d90f	gi|1277396271|ref|NR_151982.1|	95.950	321	13	0	145	465	370	690	1.39e-147	521	1628085
ab5ea7389553bcefae628ef96d90d90f	gi|545589041|ref|NR_044644.2|	93.146	321	22	0	145	465	474	794	3.04e-134	477	39484
ab5ea7389553bcefae628ef96d90d90f	gi|2363084409|ref|NR_180452.1|	85.097	463	63	6	6	465	321	780	1.83e-131	468	2518605
ab5ea7389553bcefae628ef96d90d90f	gi|1193829128|ref|NR_147371.1|	92.523	321	24	0	145	465	397	717	3.06e-129	460	1871029
ab5ea7389553bcefae628ef96d90d90f	gi|2363082930|ref|NR_179713.1|	91.900	321	26	0	145	465	441	761	6.63e-126	449	1945634
ab5ea7389553bcefae628ef96d90d90f	gi|2363082352|ref|NR_179423.1|	84.816	461	51	10	6	465	349	791	8.58e-125	446	1689270
ab5ea7389553bcefae628ef96d90d90f	gi|343202727|ref|NR_043154.1|	84.301	465	63	10	6	465	339	798	8.58e-125	446	294710
ab5ea7389553bcefae628ef96d90d90f	gi|343205971|ref|NR_044490.1|	91.277	321	28	0	145	465	471	791	1.44e-122	438	501571
ab5ea7389553bcefae628ef96d90d90f	gi|1230874646|ref|NR_148807.1|	83.656	465	66	10	6	465	324	783	8.64e-120	429	1642647
5c2cdd2b176a6dc583b1b8a952177d99	gi|219846340|ref|NR_025930.1|	91.855	442	35	1	6	446	296	737	1.64e-176	617	40518
5c2cdd2b176a6dc583b1b8a952177d99	gi|2136551638|ref|NR_173642.1|	91.011	445	34	6	6	446	349	791	7.70e-170	595	2678306
5c2cdd2b176a6dc583b1b8a952177d99	gi|2363087009|ref|NR_181761.1|	90.519	443	39	3	6	446	269	710	6.00e-166	582	2841509
5c2cdd2b176a6dc583b1b8a952177d99	gi|2363084544|ref|NR_180520.1|	89.819	442	41	4	6	446	356	794	2.17e-160	564	2564099
5c2cdd2b176a6dc583b1b8a952177d99	gi|2363082711|ref|NR_179603.1|	89.888	445	35	10	6	446	317	755	2.17e-160	564	1944642
5c2cdd2b176a6dc583b1b8a952177d99	gi|2363082930|ref|NR_179713.1|	89.640	444	42	4	6	446	319	761	7.81e-160	562	1945634
5c2cdd2b176a6dc583b1b8a952177d99	gi|343205971|ref|NR_044490.1|	89.663	445	41	4	6	446	348	791	7.81e-160	562	501571
5c2cdd2b176a6dc583b1b8a952177d99	gi|265679047|ref|NR_029355.1|	89.593	442	43	3	6	446	332	771	1.01e-158	558	84026
5c2cdd2b176a6dc583b1b8a952177d99	gi|2136551683|ref|NR_173688.1|	89.391	443	42	5	6	446	321	760	4.70e-157	553	2780922
5c2cdd2b176a6dc583b1b8a952177d99	gi|1193829128|ref|NR_147371.1|	89.140	442	46	2	6	446	277	717	6.08e-156	549	1871029
d19b0e275c03ba1a3c916b659189147e	gi|3248465658|ref|NR_201672.1|	93.002	443	31	0	6	448	296	738	0.0	647	3381350
d19b0e275c03ba1a3c916b659189147e	gi|219846340|ref|NR_025930.1|	90.787	445	36	4	6	448	296	737	3.60e-168	590	40518
d19b0e275c03ba1a3c916b659189147e	gi|2136551638|ref|NR_173642.1|	90.541	444	40	2	6	448	349	791	4.66e-167	586	2678306
d19b0e275c03ba1a3c916b659189147e	gi|3030611323|ref|NR_199999.1|	90.541	444	40	2	6	448	301	743	4.66e-167	586	3133422
d19b0e275c03ba1a3c916b659189147e	gi|645321636|ref|NR_118554.1|	90.562	445	38	4	6	448	329	771	4.66e-167	586	1297617
d19b0e275c03ba1a3c916b659189147e	gi|343205971|ref|NR_044490.1|	90.583	446	37	5	6	448	348	791	4.66e-167	586	501571
d19b0e275c03ba1a3c916b659189147e	gi|2363082930|ref|NR_179713.1|	90.359	446	37	6	6	448	319	761	2.17e-165	580	1945634
d19b0e275c03ba1a3c916b659189147e	gi|2363087009|ref|NR_181761.1|	90.337	445	38	5	6	448	269	710	7.79e-165	579	2841509
d19b0e275c03ba1a3c916b659189147e	gi|672238876|ref|NR_125464.1|	90.337	445	38	5	6	448	325	766	7.79e-165	579	1297424
d19b0e275c03ba1a3c916b659189147e	gi|219846612|ref|NR_026204.1|	90.090	444	42	2	6	448	328	770	2.80e-164	577	47246
8cf73e45cada3b66b340bef4933f85bf	gi|2363086264|ref|NR_181384.1|	88.989	445	41	8	6	447	250	689	2.84e-154	544	2763660
8cf73e45cada3b66b340bef4933f85bf	gi|2363081254|ref|NR_178871.1|	88.939	443	46	3	6	447	337	777	2.84e-154	544	1792311
8cf73e45cada3b66b340bef4933f85bf	gi|2363086270|ref|NR_181387.1|	88.488	443	49	2	6	447	302	743	1.71e-151	534	2763656
8cf73e45cada3b66b340bef4933f85bf	gi|631251702|ref|NR_112900.1|	88.591	447	42	9	6	447	341	783	1.71e-151	534	626937
8cf73e45cada3b66b340bef4933f85bf	gi|1277396184|ref|NR_151895.1|	88.565	446	41	10	6	447	336	775	6.14e-151	532	433286
8cf73e45cada3b66b340bef4933f85bf	gi|2180566454|ref|NR_174299.1|	88.315	445	47	5	6	447	332	774	7.94e-150	529	2655001
8cf73e45cada3b66b340bef4933f85bf	gi|566085050|ref|NR_108636.1|	88.063	444	47	6	6	447	348	787	1.33e-147	521	682400
8cf73e45cada3b66b340bef4933f85bf	gi|631252033|ref|NR_113231.1|	88.063	444	47	6	6	447	347	786	1.33e-147	521	536633
8cf73e45cada3b66b340bef4933f85bf	gi|631251591|ref|NR_112789.1|	88.063	444	47	6	6	447	333	772	1.33e-147	521	536633
8cf73e45cada3b66b340bef4933f85bf	gi|636559633|ref|NR_115693.1|	88.090	445	46	6	6	447	442	882	1.33e-147	521	694434
87390876f7bc4d5c1d21817fb59ee6f7	gi|645321789|ref|NR_118673.1|	98.636	440	6	0	6	445	354	793	0.0	787	39488
87390876f7bc4d5c1d21817fb59ee6f7	gi|2363080125|ref|NR_178281.1|	98.864	440	5	0	6	445	340	779	0.0	785	105843
87390876f7bc4d5c1d21817fb59ee6f7	gi|219856842|ref|NR_024661.1|	95.011	441	20	2	6	445	361	800	0.0	691	42322
87390876f7bc4d5c1d21817fb59ee6f7	gi|343198925|ref|NR_044049.1|	94.545	440	24	0	6	445	316	755	0.0	680	33043
87390876f7bc4d5c1d21817fb59ee6f7	gi|2363086278|ref|NR_181391.1|	94.331	441	23	2	6	445	249	688	0.0	675	2763670
87390876f7bc4d5c1d21817fb59ee6f7	gi|645322302|ref|NR_119085.1|	94.344	442	19	5	6	445	347	784	0.0	673	29364
87390876f7bc4d5c1d21817fb59ee6f7	gi|559795246|ref|NR_104836.1|	94.104	441	24	2	6	445	333	772	0.0	669	706562
87390876f7bc4d5c1d21817fb59ee6f7	gi|219846511|ref|NR_026103.1|	93.891	442	23	4	6	445	316	755	0.0	664	37658
87390876f7bc4d5c1d21817fb59ee6f7	gi|1277396183|ref|NR_151894.1|	93.891	442	23	4	6	445	335	774	0.0	664	433293
87390876f7bc4d5c1d21817fb59ee6f7	gi|645321792|ref|NR_118676.1|	93.424	441	27	2	6	445	370	809	0.0	662	39497
4bd039e688b5531c5f107696b10115af	gi|631252213|ref|NR_113411.1|	98.442	321	5	0	128	448	480	800	6.07e-161	566	537011
4bd039e688b5531c5f107696b10115af	gi|343200190|ref|NR_040877.1|	98.442	321	5	0	128	448	480	800	6.07e-161	566	537011
4bd039e688b5531c5f107696b10115af	gi|2363084409|ref|NR_180452.1|	96.573	321	11	0	128	448	460	780	6.15e-151	532	2518605
4bd039e688b5531c5f107696b10115af	gi|2221405403|ref|NR_175509.1|	94.118	323	17	2	127	448	479	800	3.76e-138	490	2608404
4bd039e688b5531c5f107696b10115af	gi|566085557|ref|NR_109628.1|	94.118	323	17	2	127	448	460	781	3.76e-138	490	1177574
4bd039e688b5531c5f107696b10115af	gi|631251907|ref|NR_113105.1|	94.118	323	17	2	127	448	467	788	3.76e-138	490	470565
4bd039e688b5531c5f107696b10115af	gi|343199048|ref|NR_044407.1|	94.118	323	17	2	127	448	459	780	3.76e-138	490	470565
4bd039e688b5531c5f107696b10115af	gi|265678843|ref|NR_029148.1|	93.498	323	19	2	127	448	487	808	2.26e-135	481	28137
4bd039e688b5531c5f107696b10115af	gi|631253107|ref|NR_114305.1|	93.498	323	19	2	127	448	479	800	8.13e-135	479	1236518
4bd039e688b5531c5f107696b10115af	gi|631253106|ref|NR_114304.1|	93.498	323	19	2	127	448	479	800	8.13e-135	479	1236517
592ab929ba0c339e3128eb8339db4607	gi|559795255|ref|NR_104846.1|	92.500	440	33	0	6	445	288	727	2.11e-180	630	745368
592ab929ba0c339e3128eb8339db4607	gi|265678692|ref|NR_028997.1|	91.610	441	36	1	6	445	303	743	9.87e-174	608	214851
592ab929ba0c339e3128eb8339db4607	gi|2363082356|ref|NR_179425.1|	90.227	440	43	0	6	445	351	790	1.00e-163	575	1689304
592ab929ba0c339e3128eb8339db4607	gi|1397641802|ref|NR_156911.1|	89.796	441	43	2	6	445	351	790	2.17e-160	564	1650663
592ab929ba0c339e3128eb8339db4607	gi|3030611269|ref|NR_199945.1|	89.545	440	46	0	6	445	335	774	1.01e-158	558	3435293
592ab929ba0c339e3128eb8339db4607	gi|265678656|ref|NR_028961.1|	89.545	440	46	0	6	445	327	766	1.01e-158	558	853
592ab929ba0c339e3128eb8339db4607	gi|1277396189|ref|NR_151900.1|	89.140	442	44	4	6	445	351	790	2.18e-155	547	1550024
592ab929ba0c339e3128eb8339db4607	gi|2363082282|ref|NR_179388.1|	89.091	440	48	0	6	445	335	774	2.18e-155	547	2935520
592ab929ba0c339e3128eb8339db4607	gi|2363081451|ref|NR_178972.1|	89.091	440	48	0	6	445	285	724	2.18e-155	547	1851428
592ab929ba0c339e3128eb8339db4607	gi|2363086272|ref|NR_181388.1|	88.864	440	49	0	6	445	388	827	1.02e-153	542	2763658
e051b78b962059cd6b63f6e01073650e	gi|559795255|ref|NR_104846.1|	96.136	440	17	0	6	445	288	727	0.0	719	745368
e051b78b962059cd6b63f6e01073650e	gi|265678692|ref|NR_028997.1|	95.692	441	18	1	6	445	303	743	0.0	708	214851
e051b78b962059cd6b63f6e01073650e	gi|2363084747|ref|NR_180622.1|	92.273	440	34	0	6	445	335	774	9.80e-179	625	2779354
e051b78b962059cd6b63f6e01073650e	gi|1397641802|ref|NR_156911.1|	92.063	441	33	2	6	445	351	790	4.56e-177	619	1650663
e051b78b962059cd6b63f6e01073650e	gi|3030611269|ref|NR_199945.1|	91.591	440	37	0	6	445	335	774	9.87e-174	608	3435293
e051b78b962059cd6b63f6e01073650e	gi|1277396189|ref|NR_151900.1|	91.610	441	35	2	6	445	351	790	9.87e-174	608	1550024
e051b78b962059cd6b63f6e01073650e	gi|2363082282|ref|NR_179388.1|	91.591	440	37	0	6	445	335	774	9.87e-174	608	2935520
e051b78b962059cd6b63f6e01073650e	gi|265678656|ref|NR_028961.1|	91.591	440	37	0	6	445	327	766	9.87e-174	608	853
e051b78b962059cd6b63f6e01073650e	gi|2363082356|ref|NR_179425.1|	91.156	441	37	2	6	445	351	790	2.14e-170	597	1689304
e051b78b962059cd6b63f6e01073650e	gi|2363081451|ref|NR_178972.1|	91.136	440	39	0	6	445	285	724	2.14e-170	597	1851428
24040dc081f923f8789a894c2576df7d	gi|3248465868|ref|NR_201883.1|	99.773	440	1	0	6	445	233	672	0.0	808	3096154
24040dc081f923f8789a894c2576df7d	gi|559795301|ref|NR_104893.1|	99.773	440	1	0	6	445	282	721	0.0	808	13689
24040dc081f923f8789a894c2576df7d	gi|631252439|ref|NR_113637.1|	99.773	440	1	0	6	445	282	721	0.0	808	33051
24040dc081f923f8789a894c2576df7d	gi|631252438|ref|NR_113636.1|	99.773	440	1	0	6	445	282	721	0.0	808	13689
24040dc081f923f8789a894c2576df7d	gi|343202292|ref|NR_042578.1|	99.773	440	1	0	6	445	280	719	0.0	808	413712
24040dc081f923f8789a894c2576df7d	gi|636558942|ref|NR_114999.1|	99.773	440	1	0	6	445	273	712	0.0	808	13689
24040dc081f923f8789a894c2576df7d	gi|265678332|ref|NR_028634.1|	99.773	440	1	0	6	445	305	744	0.0	808	172044
24040dc081f923f8789a894c2576df7d	gi|645321945|ref|NR_118806.1|	99.773	440	1	0	6	445	293	732	0.0	808	13689
24040dc081f923f8789a894c2576df7d	gi|636559463|ref|NR_115523.1|	99.773	440	1	0	6	445	283	722	0.0	808	13689
24040dc081f923f8789a894c2576df7d	gi|1024974760|ref|NR_136793.1|	99.545	440	2	0	6	445	297	736	0.0	802	1646122
f64c0a41a47f23d0d7f8ae5b2a83165e	gi|2363082157|ref|NR_179325.1|	96.989	465	14	0	6	470	300	764	0.0	782	2682456
f64c0a41a47f23d0d7f8ae5b2a83165e	gi|343201163|ref|NR_041879.1|	96.989	465	14	0	6	470	283	747	0.0	782	39778
f64c0a41a47f23d0d7f8ae5b2a83165e	gi|636559298|ref|NR_115355.1|	96.989	465	14	0	6	470	326	790	0.0	782	39778
f64c0a41a47f23d0d7f8ae5b2a83165e	gi|645322415|ref|NR_119169.1|	96.774	465	15	0	6	470	331	795	0.0	778	39778
f64c0a41a47f23d0d7f8ae5b2a83165e	gi|631252372|ref|NR_113570.1|	96.129	465	18	0	6	470	333	797	0.0	760	1110546
f64c0a41a47f23d0d7f8ae5b2a83165e	gi|1679775917|ref|NR_163639.1|	96.137	466	14	4	6	470	345	807	0.0	758	1911679
f64c0a41a47f23d0d7f8ae5b2a83165e	gi|444439665|ref|NR_074980.1|	95.914	465	19	0	6	470	353	817	0.0	754	479436
f64c0a41a47f23d0d7f8ae5b2a83165e	gi|631251833|ref|NR_113031.1|	95.914	465	19	0	6	470	353	817	0.0	754	29466
f64c0a41a47f23d0d7f8ae5b2a83165e	gi|645322414|ref|NR_119168.1|	95.914	465	19	0	6	470	331	795	0.0	754	479436
f64c0a41a47f23d0d7f8ae5b2a83165e	gi|645320589|ref|NR_117759.1|	95.699	465	20	0	6	470	329	793	0.0	750	479436
af6f6d3ca096105334595630a7af5211	gi|645321791|ref|NR_118675.1|	92.986	442	27	4	6	445	339	778	0.0	649	39492
af6f6d3ca096105334595630a7af5211	gi|2363082679|ref|NR_179587.1|	90.227	440	43	0	6	445	328	767	1.00e-163	575	1926283
af6f6d3ca096105334595630a7af5211	gi|1441204227|ref|NR_157642.1|	90.227	440	43	0	6	445	301	740	1.00e-163	575	1653435
af6f6d3ca096105334595630a7af5211	gi|2363081854|ref|NR_179173.1|	90.227	440	43	0	6	445	333	772	1.00e-163	575	2126740
af6f6d3ca096105334595630a7af5211	gi|310975204|ref|NR_037068.1|	90.023	441	42	2	6	445	341	780	4.66e-162	569	29375
af6f6d3ca096105334595630a7af5211	gi|2836274880|ref|NR_197643.1|	89.773	440	45	0	6	445	329	768	2.17e-160	564	2962432
af6f6d3ca096105334595630a7af5211	gi|2363085097|ref|NR_180797.1|	89.796	441	43	2	6	445	346	785	2.17e-160	564	2605778
af6f6d3ca096105334595630a7af5211	gi|2363080261|ref|NR_178356.1|	89.773	440	45	0	6	445	313	752	2.17e-160	564	558153
af6f6d3ca096105334595630a7af5211	gi|559795307|ref|NR_104899.1|	89.796	441	43	2	6	445	328	767	2.17e-160	564	384636
af6f6d3ca096105334595630a7af5211	gi|219846508|ref|NR_026100.1|	89.773	440	45	0	6	445	323	762	2.17e-160	564	1286362
0aa54ddae1e3cb42243611475f6c3603	gi|2363082841|ref|NR_179669.1|	94.624	465	25	0	6	470	360	824	0.0	721	2161821
0aa54ddae1e3cb42243611475f6c3603	gi|2363082109|ref|NR_179301.1|	94.624	465	25	0	6	470	344	808	0.0	721	2582419
0aa54ddae1e3cb42243611475f6c3603	gi|343200979|ref|NR_041666.1|	91.613	465	39	0	6	470	336	800	0.0	643	742743
0aa54ddae1e3cb42243611475f6c3603	gi|343198671|ref|NR_043231.1|	90.558	466	42	2	6	470	283	747	6.25e-176	616	308994
0aa54ddae1e3cb42243611475f6c3603	gi|631252159|ref|NR_113357.1|	90.364	467	42	3	6	470	356	821	2.91e-174	610	308994
0aa54ddae1e3cb42243611475f6c3603	gi|631252158|ref|NR_113356.1|	89.892	465	46	1	6	470	355	818	2.26e-170	597	309120
0aa54ddae1e3cb42243611475f6c3603	gi|343198462|ref|NR_041895.1|	89.892	465	46	1	6	470	296	759	2.26e-170	597	888062
0aa54ddae1e3cb42243611475f6c3603	gi|631252157|ref|NR_113355.1|	89.293	467	46	4	6	470	356	820	6.34e-166	582	218538
0aa54ddae1e3cb42243611475f6c3603	gi|219846090|ref|NR_025680.1|	89.293	467	46	4	6	470	336	800	6.34e-166	582	592028
0aa54ddae1e3cb42243611475f6c3603	gi|219846637|ref|NR_026229.1|	88.009	467	52	4	6	470	336	800	6.43e-156	549	39950
244561f6108e32f2a41565ec5076e86b	gi|645321785|ref|NR_118670.1|	92.551	443	30	3	6	448	357	796	0.0	640	39496
244561f6108e32f2a41565ec5076e86b	gi|645320588|ref|NR_117758.1|	90.971	443	39	1	6	448	322	763	7.74e-170	595	166486
244561f6108e32f2a41565ec5076e86b	gi|228716944|ref|NR_027557.1|	90.971	443	39	1	6	448	343	784	7.74e-170	595	536231
244561f6108e32f2a41565ec5076e86b	gi|2363086282|ref|NR_181393.1|	90.971	443	37	1	6	448	290	729	2.78e-169	593	2763664
244561f6108e32f2a41565ec5076e86b	gi|310974936|ref|NR_036800.1|	90.745	443	38	1	6	448	326	765	1.30e-167	588	411470
244561f6108e32f2a41565ec5076e86b	gi|645321810|ref|NR_118690.1|	90.745	443	38	1	6	448	338	777	1.30e-167	588	411470
244561f6108e32f2a41565ec5076e86b	gi|444439494|ref|NR_074809.1|	90.519	443	40	1	6	448	350	790	1.68e-166	584	585394
244561f6108e32f2a41565ec5076e86b	gi|2363086284|ref|NR_181394.1|	90.519	443	39	1	6	448	306	745	6.03e-166	582	2763668
244561f6108e32f2a41565ec5076e86b	gi|219857617|ref|NR_025206.1|	90.519	443	39	1	6	448	314	753	6.03e-166	582	180286
244561f6108e32f2a41565ec5076e86b	gi|2363082930|ref|NR_179713.1|	90.359	446	37	6	6	448	319	761	2.17e-165	580	1945634
9cd8cc327031de16d9cc492e75d0a2d7	gi|559795255|ref|NR_104846.1|	94.091	440	26	0	6	445	288	727	0.0	669	745368
9cd8cc327031de16d9cc492e75d0a2d7	gi|265678692|ref|NR_028997.1|	93.197	441	29	1	6	445	303	743	0.0	647	214851
9cd8cc327031de16d9cc492e75d0a2d7	gi|2363084747|ref|NR_180622.1|	90.227	440	43	0	6	445	335	774	1.00e-163	575	2779354
9cd8cc327031de16d9cc492e75d0a2d7	gi|1397641802|ref|NR_156911.1|	90.000	440	44	0	6	445	351	790	4.66e-162	569	1650663
9cd8cc327031de16d9cc492e75d0a2d7	gi|3030611269|ref|NR_199945.1|	89.545	440	46	0	6	445	335	774	1.01e-158	558	3435293
9cd8cc327031de16d9cc492e75d0a2d7	gi|2363082282|ref|NR_179388.1|	89.545	440	46	0	6	445	335	774	1.01e-158	558	2935520
9cd8cc327031de16d9cc492e75d0a2d7	gi|265678656|ref|NR_028961.1|	89.545	440	46	0	6	445	327	766	1.01e-158	558	853
9cd8cc327031de16d9cc492e75d0a2d7	gi|1277396189|ref|NR_151900.1|	89.318	440	47	0	6	445	351	790	4.69e-157	553	1550024
9cd8cc327031de16d9cc492e75d0a2d7	gi|2363082356|ref|NR_179425.1|	89.116	441	46	2	6	445	351	790	2.18e-155	547	1689304
9cd8cc327031de16d9cc492e75d0a2d7	gi|2363081451|ref|NR_178972.1|	89.091	440	48	0	6	445	285	724	2.18e-155	547	1851428
36396658da59a0b241b2f3ec4a01e8ff	gi|1397641798|ref|NR_156907.1|	95.000	440	22	0	6	445	348	787	0.0	691	1912855
36396658da59a0b241b2f3ec4a01e8ff	gi|1193829163|ref|NR_147406.1|	95.000	440	22	0	6	445	350	789	0.0	691	1871024
36396658da59a0b241b2f3ec4a01e8ff	gi|1441204227|ref|NR_157642.1|	95.011	441	20	2	6	445	301	740	0.0	691	1653435
36396658da59a0b241b2f3ec4a01e8ff	gi|2621112294|ref|NR_189197.1|	94.545	440	24	0	6	445	340	779	0.0	680	3028070
36396658da59a0b241b2f3ec4a01e8ff	gi|631250892|ref|NR_112089.1|	94.558	441	22	2	6	445	336	775	0.0	680	553973
36396658da59a0b241b2f3ec4a01e8ff	gi|224581401|ref|NR_024719.1|	94.558	441	21	3	6	445	341	779	0.0	678	89153
36396658da59a0b241b2f3ec4a01e8ff	gi|2836274880|ref|NR_197643.1|	94.318	440	25	0	6	445	329	768	0.0	675	2962432
36396658da59a0b241b2f3ec4a01e8ff	gi|2363082679|ref|NR_179587.1|	94.318	440	25	0	6	445	328	767	0.0	675	1926283
36396658da59a0b241b2f3ec4a01e8ff	gi|1109168023|ref|NR_144610.1|	94.318	440	25	0	6	445	339	778	0.0	675	1796622
36396658da59a0b241b2f3ec4a01e8ff	gi|2363081854|ref|NR_179173.1|	94.318	440	25	0	6	445	333	772	0.0	675	2126740
6b3f899e2616b9cc0d913beb31888d3d	gi|939733298|ref|NR_133025.1|	96.087	460	18	0	6	465	275	734	0.0	750	2585118
6b3f899e2616b9cc0d913beb31888d3d	gi|631251954|ref|NR_113152.1|	91.957	460	37	0	6	465	337	796	0.0	645	28117
6b3f899e2616b9cc0d913beb31888d3d	gi|2363082099|ref|NR_179296.1|	91.522	460	39	0	6	465	324	783	0.0	634	2585119
6b3f899e2616b9cc0d913beb31888d3d	gi|672239000|ref|NR_125589.1|	91.540	461	37	2	6	465	269	728	0.0	634	1033731
6b3f899e2616b9cc0d913beb31888d3d	gi|2363086959|ref|NR_181736.1|	91.323	461	38	2	6	465	334	793	7.93e-180	628	2834113
6b3f899e2616b9cc0d913beb31888d3d	gi|507148054|ref|NR_102861.1|	91.323	461	38	2	6	465	334	793	7.93e-180	628	717959
6b3f899e2616b9cc0d913beb31888d3d	gi|645321193|ref|NR_118219.1|	91.323	461	38	2	6	465	332	791	7.93e-180	628	1033732
6b3f899e2616b9cc0d913beb31888d3d	gi|343202834|ref|NR_043319.1|	91.106	461	39	2	6	465	323	782	1.03e-178	625	717959
6b3f899e2616b9cc0d913beb31888d3d	gi|631251955|ref|NR_113153.1|	91.106	461	39	2	6	465	334	793	3.69e-178	623	328814
6b3f899e2616b9cc0d913beb31888d3d	gi|2363082531|ref|NR_179512.1|	90.693	462	39	4	6	465	338	797	2.22e-175	614	1816676
cb9a4234fa6744410025838ca2a49f08	gi|310974936|ref|NR_036800.1|	96.599	441	13	2	6	445	326	765	0.0	730	411470
cb9a4234fa6744410025838ca2a49f08	gi|645321810|ref|NR_118690.1|	96.599	441	13	2	6	445	338	777	0.0	730	411470
cb9a4234fa6744410025838ca2a49f08	gi|265678578|ref|NR_028883.1|	96.372	441	15	1	6	445	226	666	0.0	725	88431
cb9a4234fa6744410025838ca2a49f08	gi|1315204019|ref|NR_152688.1|	96.136	440	17	0	6	445	348	787	0.0	719	433279
cb9a4234fa6744410025838ca2a49f08	gi|2363082059|ref|NR_179276.1|	95.909	440	18	0	6	445	334	773	0.0	713	2316025
cb9a4234fa6744410025838ca2a49f08	gi|2363085474|ref|NR_180986.1|	95.238	441	19	2	6	445	347	786	0.0	697	2681861
cb9a4234fa6744410025838ca2a49f08	gi|2363085149|ref|NR_180823.1|	95.238	441	19	2	6	445	357	796	0.0	697	2606634
cb9a4234fa6744410025838ca2a49f08	gi|3030611230|ref|NR_199906.1|	95.023	442	18	4	6	445	354	793	0.0	691	3123317
cb9a4234fa6744410025838ca2a49f08	gi|2363085103|ref|NR_180800.1|	95.000	440	22	0	6	445	347	786	0.0	691	2652274
cb9a4234fa6744410025838ca2a49f08	gi|3030611314|ref|NR_199990.1|	95.023	442	18	4	6	445	350	789	0.0	691	3123317
312c0a70fd6f8d3756e005ca2c161f05	gi|631252213|ref|NR_113411.1|	87.852	461	37	9	6	448	341	800	3.70e-148	523	537011
312c0a70fd6f8d3756e005ca2c161f05	gi|343200190|ref|NR_040877.1|	87.636	461	38	9	6	448	341	800	4.79e-147	520	537011
312c0a70fd6f8d3756e005ca2c161f05	gi|2363084409|ref|NR_180452.1|	86.551	461	43	9	6	448	321	780	3.76e-138	490	2518605
312c0a70fd6f8d3756e005ca2c161f05	gi|2221405403|ref|NR_175509.1|	92.763	304	18	4	147	448	499	800	4.96e-122	436	2608404
312c0a70fd6f8d3756e005ca2c161f05	gi|631253106|ref|NR_114304.1|	84.416	462	51	13	6	448	341	800	1.79e-121	435	1236517
312c0a70fd6f8d3756e005ca2c161f05	gi|631251907|ref|NR_113105.1|	84.416	462	51	11	6	448	329	788	1.79e-121	435	470565
312c0a70fd6f8d3756e005ca2c161f05	gi|636560665|ref|NR_116725.1|	84.416	462	51	13	6	448	321	780	1.79e-121	435	1236517
312c0a70fd6f8d3756e005ca2c161f05	gi|343199048|ref|NR_044407.1|	84.416	462	51	11	6	448	321	780	1.79e-121	435	470565
312c0a70fd6f8d3756e005ca2c161f05	gi|566085557|ref|NR_109628.1|	92.434	304	19	4	147	448	480	781	2.31e-120	431	1177574
312c0a70fd6f8d3756e005ca2c161f05	gi|631253107|ref|NR_114305.1|	92.434	304	19	4	147	448	499	800	2.31e-120	431	1236518
be7e7561b7e0157e1cf9fd3c156deb7c	gi|645320588|ref|NR_117758.1|	95.475	442	20	0	6	447	322	763	0.0	706	166486
be7e7561b7e0157e1cf9fd3c156deb7c	gi|228716944|ref|NR_027557.1|	95.475	442	20	0	6	447	343	784	0.0	706	536231
be7e7561b7e0157e1cf9fd3c156deb7c	gi|444439494|ref|NR_074809.1|	95.023	442	21	1	6	447	350	790	0.0	693	585394
be7e7561b7e0157e1cf9fd3c156deb7c	gi|343198540|ref|NR_042832.1|	95.023	442	21	1	6	447	330	770	0.0	693	301302
be7e7561b7e0157e1cf9fd3c156deb7c	gi|2363084846|ref|NR_180671.1|	94.796	442	21	1	6	447	63	502	0.0	688	2594882
be7e7561b7e0157e1cf9fd3c156deb7c	gi|2962412221|ref|NR_199415.1|	94.808	443	19	3	6	447	338	777	0.0	688	3136600
be7e7561b7e0157e1cf9fd3c156deb7c	gi|2363082374|ref|NR_179434.1|	94.796	442	21	1	6	447	349	788	0.0	688	1720300
be7e7561b7e0157e1cf9fd3c156deb7c	gi|343201282|ref|NR_042008.1|	94.796	442	21	2	6	447	341	780	0.0	688	585394
be7e7561b7e0157e1cf9fd3c156deb7c	gi|2363082679|ref|NR_179587.1|	94.570	442	22	1	6	447	328	767	0.0	682	1926283
be7e7561b7e0157e1cf9fd3c156deb7c	gi|2363081854|ref|NR_179173.1|	94.570	442	22	1	6	447	333	772	0.0	682	2126740
6cb975939522bdcd8e90a4b411eb9b9a	gi|265679005|ref|NR_029313.1|	96.606	442	15	0	6	447	360	801	0.0	736	52787
6cb975939522bdcd8e90a4b411eb9b9a	gi|265679007|ref|NR_029315.1|	96.606	442	15	0	6	447	362	803	0.0	736	52786
6cb975939522bdcd8e90a4b411eb9b9a	gi|2363082667|ref|NR_179581.1|	93.439	442	26	1	6	447	331	769	0.0	652	1917873
6cb975939522bdcd8e90a4b411eb9b9a	gi|2962412223|ref|NR_199417.1|	93.018	444	25	5	6	447	342	781	0.0	643	3136601
6cb975939522bdcd8e90a4b411eb9b9a	gi|2363084747|ref|NR_180622.1|	92.360	445	26	7	6	447	335	774	2.74e-179	627	2779354
6cb975939522bdcd8e90a4b411eb9b9a	gi|444303910|ref|NR_074333.1|	91.910	445	30	5	6	447	323	764	1.65e-176	617	663278
6cb975939522bdcd8e90a4b411eb9b9a	gi|343202504|ref|NR_042828.1|	91.910	445	30	5	6	447	323	764	1.65e-176	617	663278
6cb975939522bdcd8e90a4b411eb9b9a	gi|636559250|ref|NR_115307.1|	91.910	445	30	5	6	447	323	764	1.65e-176	617	663278
6cb975939522bdcd8e90a4b411eb9b9a	gi|2363080175|ref|NR_178311.1|	91.648	443	33	3	6	447	412	851	2.76e-174	610	2903556
6cb975939522bdcd8e90a4b411eb9b9a	gi|343202572|ref|NR_042930.1|	91.441	444	31	5	6	447	366	804	4.61e-172	603	258515
18f9bd439ecd69d468320e67375a0e1d	gi|631251955|ref|NR_113153.1|	95.879	461	17	2	6	465	334	793	0.0	745	328814
18f9bd439ecd69d468320e67375a0e1d	gi|343202834|ref|NR_043319.1|	95.662	461	18	2	6	465	323	782	0.0	741	717959
18f9bd439ecd69d468320e67375a0e1d	gi|507148054|ref|NR_102861.1|	95.662	461	18	2	6	465	334	793	0.0	739	717959
18f9bd439ecd69d468320e67375a0e1d	gi|507148137|ref|NR_102944.1|	94.577	461	23	2	6	465	334	793	0.0	712	214856
18f9bd439ecd69d468320e67375a0e1d	gi|343198609|ref|NR_043064.1|	94.577	461	23	2	6	465	314	773	0.0	712	214856
18f9bd439ecd69d468320e67375a0e1d	gi|631251952|ref|NR_113150.1|	94.360	461	24	2	6	465	334	793	0.0	706	214856
18f9bd439ecd69d468320e67375a0e1d	gi|636559243|ref|NR_115300.1|	94.143	461	25	2	6	465	314	773	0.0	701	679935
18f9bd439ecd69d468320e67375a0e1d	gi|2363086959|ref|NR_181736.1|	93.926	461	26	2	6	465	334	793	0.0	695	2834113
18f9bd439ecd69d468320e67375a0e1d	gi|645321193|ref|NR_118219.1|	93.492	461	28	2	6	465	332	791	0.0	684	1033732
18f9bd439ecd69d468320e67375a0e1d	gi|2363082505|ref|NR_179499.1|	93.275	461	29	2	6	465	342	801	0.0	678	2364787
d1c0aca86556a92e2e1319f246a11632	gi|444304091|ref|NR_074515.1|	96.522	460	16	0	6	465	350	809	0.0	761	435590
d1c0aca86556a92e2e1319f246a11632	gi|631251748|ref|NR_112946.1|	96.522	460	16	0	6	465	339	798	0.0	761	821
d1c0aca86556a92e2e1319f246a11632	gi|631250946|ref|NR_112143.1|	96.304	460	17	0	6	465	307	766	0.0	756	821
d1c0aca86556a92e2e1319f246a11632	gi|631251866|ref|NR_113064.1|	96.087	460	18	0	6	465	338	797	0.0	750	1236538
d1c0aca86556a92e2e1319f246a11632	gi|631251817|ref|NR_113015.1|	96.087	460	18	0	6	465	338	797	0.0	750	1236538
d1c0aca86556a92e2e1319f246a11632	gi|645320081|ref|NR_117373.1|	96.087	460	18	0	6	465	289	748	0.0	750	1236515
d1c0aca86556a92e2e1319f246a11632	gi|343200664|ref|NR_041351.1|	96.087	460	18	0	6	465	341	800	0.0	750	357276
d1c0aca86556a92e2e1319f246a11632	gi|631251997|ref|NR_113195.1|	95.870	460	19	0	6	465	338	797	0.0	745	1236515
d1c0aca86556a92e2e1319f246a11632	gi|2363085522|ref|NR_181010.1|	94.360	461	24	2	6	465	297	756	0.0	706	2786956
d1c0aca86556a92e2e1319f246a11632	gi|1109168015|ref|NR_144606.1|	94.130	460	27	0	6	465	340	799	0.0	701	1796613
2b340ee09e0a675861a79cf4a14c4726	gi|2363080123|ref|NR_178280.1|	95.011	441	20	2	6	445	331	770	0.0	691	411483
2b340ee09e0a675861a79cf4a14c4726	gi|2363081449|ref|NR_178971.1|	94.558	441	21	3	6	445	285	723	0.0	678	1851427
2b340ee09e0a675861a79cf4a14c4726	gi|265678656|ref|NR_028961.1|	94.331	441	23	2	6	445	327	766	0.0	675	853
2b340ee09e0a675861a79cf4a14c4726	gi|2363081451|ref|NR_178972.1|	94.104	441	24	2	6	445	285	724	0.0	669	1851428
2b340ee09e0a675861a79cf4a14c4726	gi|3030611269|ref|NR_199945.1|	93.878	441	25	2	6	445	335	774	0.0	664	3435293
2b340ee09e0a675861a79cf4a14c4726	gi|2363082282|ref|NR_179388.1|	93.439	442	25	4	6	445	335	774	0.0	652	2935520
2b340ee09e0a675861a79cf4a14c4726	gi|2363080175|ref|NR_178311.1|	92.744	441	30	2	6	445	412	851	0.0	636	2903556
2b340ee09e0a675861a79cf4a14c4726	gi|559795255|ref|NR_104846.1|	89.796	441	43	2	6	445	288	727	2.17e-160	564	745368
2b340ee09e0a675861a79cf4a14c4726	gi|265678692|ref|NR_028997.1|	89.367	442	44	3	6	445	303	743	4.69e-157	553	214851
2b340ee09e0a675861a79cf4a14c4726	gi|1277396189|ref|NR_151900.1|	89.091	440	48	0	6	445	351	790	2.18e-155	547	1550024
1c2ad68d7f825843b83e3ce28e5de329	gi|2363084747|ref|NR_180622.1|	92.081	442	31	4	6	445	335	774	4.56e-177	619	2779354
1c2ad68d7f825843b83e3ce28e5de329	gi|2363080123|ref|NR_178280.1|	91.837	441	34	2	6	445	331	770	2.12e-175	614	411483
1c2ad68d7f825843b83e3ce28e5de329	gi|3030611269|ref|NR_199945.1|	91.364	440	38	0	6	445	335	774	4.59e-172	603	3435293
1c2ad68d7f825843b83e3ce28e5de329	gi|2363081449|ref|NR_178971.1|	91.898	432	33	2	6	436	285	715	4.59e-172	603	1851427
1c2ad68d7f825843b83e3ce28e5de329	gi|3248465643|ref|NR_201655.1|	91.176	442	35	4	6	445	313	752	2.14e-170	597	3380807
1c2ad68d7f825843b83e3ce28e5de329	gi|2136551567|ref|NR_173570.1|	91.176	442	35	4	6	445	330	769	2.14e-170	597	1912090
1c2ad68d7f825843b83e3ce28e5de329	gi|2363081451|ref|NR_178972.1|	91.156	441	37	2	6	445	285	724	2.14e-170	597	1851428
1c2ad68d7f825843b83e3ce28e5de329	gi|559795255|ref|NR_104846.1|	91.156	441	37	2	6	445	288	727	2.14e-170	597	745368
1c2ad68d7f825843b83e3ce28e5de329	gi|265678656|ref|NR_028961.1|	91.156	441	37	2	6	445	327	766	2.14e-170	597	853
1c2ad68d7f825843b83e3ce28e5de329	gi|2363082282|ref|NR_179388.1|	90.950	442	36	4	6	445	335	774	9.94e-169	592	2935520
5e967f52b99f8b9d6cb04337e2ff0155	gi|645321110|ref|NR_118156.1|	91.480	446	33	5	6	450	304	745	9.99e-174	608	1007096
5e967f52b99f8b9d6cb04337e2ff0155	gi|1269801610|ref|NR_074793.2|	91.031	446	35	5	6	450	355	796	2.16e-170	597	351091
5e967f52b99f8b9d6cb04337e2ff0155	gi|2962412234|ref|NR_199428.1|	91.031	446	35	3	6	450	352	793	2.16e-170	597	3073143
5e967f52b99f8b9d6cb04337e2ff0155	gi|343200653|ref|NR_041340.1|	91.031	446	35	5	6	450	328	769	2.16e-170	597	351091
5e967f52b99f8b9d6cb04337e2ff0155	gi|2363087001|ref|NR_181757.1|	90.359	446	38	5	6	450	289	730	2.18e-165	580	2841504
5e967f52b99f8b9d6cb04337e2ff0155	gi|2363082168|ref|NR_179330.1|	89.462	446	42	5	6	450	327	768	1.02e-158	558	2714355
5e967f52b99f8b9d6cb04337e2ff0155	gi|2363082342|ref|NR_179418.1|	88.814	447	44	6	6	450	348	790	2.86e-154	544	1673721
5e967f52b99f8b9d6cb04337e2ff0155	gi|2363082165|ref|NR_179329.1|	88.789	446	45	5	6	450	327	768	1.03e-153	542	2714353
5e967f52b99f8b9d6cb04337e2ff0155	gi|343198636|ref|NR_043142.1|	88.539	445	49	2	6	450	323	765	1.33e-152	538	292800
5e967f52b99f8b9d6cb04337e2ff0155	gi|265679048|ref|NR_029356.1|	88.539	445	49	2	6	450	336	778	1.33e-152	538	292800
7969d4474f40fb7038630461ab52a9f4	gi|265679027|ref|NR_029335.1|	98.777	327	4	0	121	447	387	713	6.01e-166	582	61171
7969d4474f40fb7038630461ab52a9f4	gi|672239039|ref|NR_125628.1|	97.554	327	8	0	121	447	473	799	2.82e-159	560	1211819
7969d4474f40fb7038630461ab52a9f4	gi|645320615|ref|NR_117779.1|	88.235	459	37	10	6	447	333	791	6.14e-151	532	118967
7969d4474f40fb7038630461ab52a9f4	gi|559795259|ref|NR_104850.1|	88.235	459	37	10	6	447	323	781	6.14e-151	532	118967
7969d4474f40fb7038630461ab52a9f4	gi|219878455|ref|NR_025594.1|	92.331	326	23	2	123	447	468	792	8.17e-130	462	225084
7969d4474f40fb7038630461ab52a9f4	gi|2363085171|ref|NR_180834.1|	85.403	459	50	9	6	447	335	793	2.94e-129	460	2606630
7969d4474f40fb7038630461ab52a9f4	gi|2363082793|ref|NR_179645.1|	85.403	459	50	9	6	447	339	797	2.94e-129	460	2044573
7969d4474f40fb7038630461ab52a9f4	gi|2363085135|ref|NR_180816.1|	85.327	443	61	4	7	447	274	714	1.37e-127	455	2606708
7969d4474f40fb7038630461ab52a9f4	gi|2363082643|ref|NR_179568.1|	85.327	443	61	4	7	447	348	788	1.37e-127	455	1907655
7969d4474f40fb7038630461ab52a9f4	gi|636559633|ref|NR_115693.1|	85.360	444	60	5	6	447	442	882	1.37e-127	455	694434
9ea9956fc36e55a6ad805c3d61157fc2	gi|631253128|ref|NR_114326.1|	91.874	443	33	2	6	448	334	773	5.94e-176	616	1150298
9ea9956fc36e55a6ad805c3d61157fc2	gi|1227086126|ref|NR_148624.1|	90.562	445	35	6	6	448	255	694	6.03e-166	582	1653434
9ea9956fc36e55a6ad805c3d61157fc2	gi|1116030264|ref|NR_144722.1|	90.337	445	36	6	6	448	338	777	7.79e-165	579	1632013
9ea9956fc36e55a6ad805c3d61157fc2	gi|444304204|ref|NR_074629.1|	90.068	443	44	0	6	448	341	783	1.01e-163	575	1515
9ea9956fc36e55a6ad805c3d61157fc2	gi|631251959|ref|NR_113157.1|	90.068	443	44	0	6	448	341	783	1.01e-163	575	1515
9ea9956fc36e55a6ad805c3d61157fc2	gi|343201234|ref|NR_041960.1|	90.090	444	40	3	6	448	222	662	3.63e-163	573	89014
9ea9956fc36e55a6ad805c3d61157fc2	gi|1679775916|ref|NR_163638.1|	90.090	444	39	4	6	448	328	767	1.30e-162	571	2025493
9ea9956fc36e55a6ad805c3d61157fc2	gi|1679775915|ref|NR_163637.1|	90.090	444	39	4	6	448	328	767	1.30e-162	571	2025493
9ea9956fc36e55a6ad805c3d61157fc2	gi|1679775914|ref|NR_163636.1|	90.090	444	39	4	6	448	328	767	1.30e-162	571	2025493
9ea9956fc36e55a6ad805c3d61157fc2	gi|1679775913|ref|NR_163635.1|	90.090	444	39	4	6	448	328	767	1.30e-162	571	2025493
184590016304edfd4f0462c795e6f774	gi|2363082157|ref|NR_179325.1|	93.148	467	28	3	6	470	300	764	0.0	682	2682456
184590016304edfd4f0462c795e6f774	gi|343201163|ref|NR_041879.1|	93.148	467	28	3	6	470	283	747	0.0	682	39778
184590016304edfd4f0462c795e6f774	gi|636559298|ref|NR_115355.1|	93.148	467	28	3	6	470	326	790	0.0	682	39778
184590016304edfd4f0462c795e6f774	gi|645322415|ref|NR_119169.1|	92.934	467	29	3	6	470	331	795	0.0	678	39778
184590016304edfd4f0462c795e6f774	gi|631252372|ref|NR_113570.1|	92.719	467	30	3	6	470	333	797	0.0	671	1110546
184590016304edfd4f0462c795e6f774	gi|444439665|ref|NR_074980.1|	92.505	467	31	3	6	470	353	817	0.0	665	479436
184590016304edfd4f0462c795e6f774	gi|631251833|ref|NR_113031.1|	92.505	467	31	3	6	470	353	817	0.0	665	29466
184590016304edfd4f0462c795e6f774	gi|645322414|ref|NR_119168.1|	92.505	467	31	3	6	470	331	795	0.0	665	479436
184590016304edfd4f0462c795e6f774	gi|645320589|ref|NR_117759.1|	92.291	467	32	3	6	470	329	793	0.0	662	479436
184590016304edfd4f0462c795e6f774	gi|343202841|ref|NR_043332.1|	92.291	467	32	3	6	470	326	790	0.0	662	479436
fb89409dfb913491e8af4fe84b99d70e	gi|343200980|ref|NR_041667.1|	97.859	327	5	2	123	448	459	784	2.18e-160	564	487175
fb89409dfb913491e8af4fe84b99d70e	gi|2621112285|ref|NR_189188.1|	87.919	447	46	8	6	448	320	762	4.79e-147	520	2785025
fb89409dfb913491e8af4fe84b99d70e	gi|2363085149|ref|NR_180823.1|	87.919	447	43	9	6	448	357	796	6.20e-146	516	2606634
fb89409dfb913491e8af4fe84b99d70e	gi|2363086284|ref|NR_181394.1|	87.696	447	44	9	6	448	306	745	2.88e-144	510	2763668
fb89409dfb913491e8af4fe84b99d70e	gi|2136551633|ref|NR_173637.1|	87.444	446	47	7	6	448	294	733	1.34e-142	505	2755051
fb89409dfb913491e8af4fe84b99d70e	gi|2363086282|ref|NR_181393.1|	87.500	448	43	11	6	448	290	729	1.34e-142	505	2763664
fb89409dfb913491e8af4fe84b99d70e	gi|2363085153|ref|NR_180825.1|	87.248	447	47	9	6	448	347	787	1.74e-141	501	2605790
fb89409dfb913491e8af4fe84b99d70e	gi|2136551593|ref|NR_173596.1|	87.277	448	45	10	6	448	301	741	1.74e-141	501	1703332
fb89409dfb913491e8af4fe84b99d70e	gi|444439494|ref|NR_074809.1|	87.220	446	49	7	6	448	350	790	1.74e-141	501	585394
fb89409dfb913491e8af4fe84b99d70e	gi|645320588|ref|NR_117758.1|	87.220	446	50	7	6	448	322	763	1.74e-141	501	166486
7df053f77b54f46c894971d22a36dddb	gi|2363082170|ref|NR_179331.1|	99.097	443	3	1	6	447	328	770	0.0	795	2714358
7df053f77b54f46c894971d22a36dddb	gi|2260349448|ref|NR_176530.1|	95.023	442	22	0	6	447	358	799	0.0	695	2093857
7df053f77b54f46c894971d22a36dddb	gi|2363082559|ref|NR_179526.1|	95.023	442	22	0	6	447	349	790	0.0	695	1841866
7df053f77b54f46c894971d22a36dddb	gi|645321110|ref|NR_118156.1|	93.213	442	30	0	6	447	304	745	0.0	651	1007096
7df053f77b54f46c894971d22a36dddb	gi|2363087001|ref|NR_181757.1|	93.018	444	27	4	6	447	289	730	0.0	645	2841504
7df053f77b54f46c894971d22a36dddb	gi|2363082569|ref|NR_179531.1|	92.986	442	31	0	6	447	347	788	0.0	645	1852369
7df053f77b54f46c894971d22a36dddb	gi|2363082168|ref|NR_179330.1|	92.986	442	31	0	6	447	327	768	0.0	645	2714355
7df053f77b54f46c894971d22a36dddb	gi|2962412234|ref|NR_199428.1|	92.986	442	31	0	6	447	352	793	0.0	645	3073143
7df053f77b54f46c894971d22a36dddb	gi|2363082165|ref|NR_179329.1|	92.760	442	32	0	6	447	327	768	0.0	640	2714353
7df053f77b54f46c894971d22a36dddb	gi|1269801610|ref|NR_074793.2|	92.308	442	34	0	6	447	355	796	7.61e-180	628	351091
e43b7a5e91f57937a2fdb04a74831007	gi|631251740|ref|NR_112938.1|	86.334	461	61	2	6	465	326	785	1.80e-141	501	204516
e43b7a5e91f57937a2fdb04a74831007	gi|343198509|ref|NR_042745.1|	86.334	461	61	2	6	465	338	797	1.80e-141	501	204516
e43b7a5e91f57937a2fdb04a74831007	gi|2363081451|ref|NR_178972.1|	95.806	310	9	4	158	465	417	724	2.33e-140	497	1851428
e43b7a5e91f57937a2fdb04a74831007	gi|672238875|ref|NR_125463.1|	85.714	462	62	4	6	465	311	770	1.82e-136	484	1297750
e43b7a5e91f57937a2fdb04a74831007	gi|3030611269|ref|NR_199945.1|	94.839	310	12	4	158	465	467	774	2.35e-135	481	3435293
e43b7a5e91f57937a2fdb04a74831007	gi|265678656|ref|NR_028961.1|	94.839	310	12	4	158	465	459	766	2.35e-135	481	853
e43b7a5e91f57937a2fdb04a74831007	gi|2363082282|ref|NR_179388.1|	94.516	310	13	4	158	465	467	774	1.09e-133	475	2935520
e43b7a5e91f57937a2fdb04a74831007	gi|2363080123|ref|NR_178280.1|	94.516	310	13	4	158	465	463	770	1.09e-133	475	411483
e43b7a5e91f57937a2fdb04a74831007	gi|2363081449|ref|NR_178971.1|	94.684	301	12	4	158	456	417	715	2.37e-130	464	1851427
e43b7a5e91f57937a2fdb04a74831007	gi|343200591|ref|NR_041278.1|	84.449	463	66	6	6	465	339	798	1.84e-126	451	470145
954c536ba48b4f54d3d4ab01fb04b1d9	gi|1146059151|ref|NR_145883.1|	99.348	460	3	0	6	465	284	743	0.0	833	1501392
954c536ba48b4f54d3d4ab01fb04b1d9	gi|1116030267|ref|NR_144725.1|	98.696	460	6	0	6	465	337	796	0.0	822	1686296
954c536ba48b4f54d3d4ab01fb04b1d9	gi|2136551682|ref|NR_173687.1|	98.261	460	8	0	6	465	325	784	0.0	806	2751153
954c536ba48b4f54d3d4ab01fb04b1d9	gi|2621112336|ref|NR_189240.1|	91.757	461	36	2	6	465	342	801	0.0	640	2944915
954c536ba48b4f54d3d4ab01fb04b1d9	gi|631251875|ref|NR_113073.1|	89.805	461	45	2	6	465	329	788	3.74e-168	590	487174
954c536ba48b4f54d3d4ab01fb04b1d9	gi|343200981|ref|NR_041668.1|	89.805	461	45	2	6	465	321	780	3.74e-168	590	742726
954c536ba48b4f54d3d4ab01fb04b1d9	gi|1270532346|ref|NR_121773.2|	89.371	461	47	2	6	465	348	807	8.10e-165	579	397865
954c536ba48b4f54d3d4ab01fb04b1d9	gi|343200821|ref|NR_041508.1|	89.371	461	46	3	6	465	325	783	2.92e-164	577	397865
954c536ba48b4f54d3d4ab01fb04b1d9	gi|645321322|ref|NR_118316.1|	88.528	462	49	4	6	465	338	797	3.80e-158	556	1349822
954c536ba48b4f54d3d4ab01fb04b1d9	gi|1109168036|ref|NR_144616.1|	88.147	464	47	8	6	465	280	739	8.22e-155	545	1796646
cde77930dc63179a952f24f75b47f346	gi|2260349417|ref|NR_176499.1|	88.662	441	48	2	6	445	350	789	4.72e-152	536	1812858
cde77930dc63179a952f24f75b47f346	gi|1227086118|ref|NR_148620.1|	88.182	440	52	0	6	445	195	634	1.02e-148	525	1763509
cde77930dc63179a952f24f75b47f346	gi|1040567056|ref|NR_137405.1|	87.955	440	53	0	6	445	307	746	4.76e-147	520	1619234
cde77930dc63179a952f24f75b47f346	gi|961555123|ref|NR_134091.1|	87.955	440	53	0	6	445	335	774	4.76e-147	520	1462919
cde77930dc63179a952f24f75b47f346	gi|343201234|ref|NR_041960.1|	87.982	441	52	1	6	445	222	662	4.76e-147	520	89014
cde77930dc63179a952f24f75b47f346	gi|1277396183|ref|NR_151894.1|	87.955	440	53	0	6	445	335	774	4.76e-147	520	433293
cde77930dc63179a952f24f75b47f346	gi|631252001|ref|NR_113199.1|	87.755	441	52	2	6	445	366	805	2.21e-145	514	1527
cde77930dc63179a952f24f75b47f346	gi|219846511|ref|NR_026103.1|	87.727	440	54	0	6	445	316	755	2.21e-145	514	37658
cde77930dc63179a952f24f75b47f346	gi|343198449|ref|NR_041882.1|	87.727	440	54	0	6	445	349	788	2.21e-145	514	180332
cde77930dc63179a952f24f75b47f346	gi|219857617|ref|NR_025206.1|	87.755	441	52	2	6	445	314	753	2.21e-145	514	180286
55330bfc0157687f8c5d25f47cdabc11	gi|343200656|ref|NR_041343.1|	87.446	462	54	4	6	465	340	799	8.28e-150	529	46503
55330bfc0157687f8c5d25f47cdabc11	gi|645322411|ref|NR_119166.1|	87.229	462	55	4	6	465	319	778	1.07e-148	525	411477
55330bfc0157687f8c5d25f47cdabc11	gi|645321791|ref|NR_118675.1|	95.130	308	15	0	158	465	471	778	3.02e-139	494	39492
55330bfc0157687f8c5d25f47cdabc11	gi|2363083816|ref|NR_180156.1|	85.900	461	63	2	6	465	291	750	3.91e-138	490	2290935
55330bfc0157687f8c5d25f47cdabc11	gi|1146059112|ref|NR_145844.1|	85.961	463	59	6	6	465	339	798	3.91e-138	490	1411144
55330bfc0157687f8c5d25f47cdabc11	gi|343200777|ref|NR_041464.1|	85.900	461	63	2	6	465	340	799	3.91e-138	490	387661
55330bfc0157687f8c5d25f47cdabc11	gi|2363082619|ref|NR_179556.1|	85.683	461	64	2	6	465	316	775	1.82e-136	484	1871013
55330bfc0157687f8c5d25f47cdabc11	gi|2363086550|ref|NR_181532.1|	85.745	463	60	6	6	465	322	781	1.82e-136	484	2763025
55330bfc0157687f8c5d25f47cdabc11	gi|631251747|ref|NR_112945.1|	85.776	464	58	7	6	465	327	786	1.82e-136	484	820
55330bfc0157687f8c5d25f47cdabc11	gi|343200179|ref|NR_040866.1|	85.776	464	58	7	6	465	334	793	1.82e-136	484	820
b291857188390e66de3bb3c3f2808bde	gi|2363085151|ref|NR_180824.1|	97.030	303	7	2	164	465	461	762	1.08e-143	508	2606640
b291857188390e66de3bb3c3f2808bde	gi|645321370|ref|NR_118352.1|	93.729	303	17	2	164	465	459	760	5.13e-127	453	340101
b291857188390e66de3bb3c3f2808bde	gi|228717635|ref|NR_027565.1|	93.729	303	17	2	164	465	455	756	5.13e-127	453	172901
b291857188390e66de3bb3c3f2808bde	gi|2363084409|ref|NR_180452.1|	84.233	463	67	5	6	465	321	780	8.58e-125	446	2518605
b291857188390e66de3bb3c3f2808bde	gi|631252213|ref|NR_113411.1|	84.017	463	68	5	6	465	341	800	3.99e-123	440	537011
b291857188390e66de3bb3c3f2808bde	gi|343200190|ref|NR_040877.1|	83.801	463	69	5	6	465	341	800	5.16e-122	436	537011
b291857188390e66de3bb3c3f2808bde	gi|1779814827|ref|NR_164902.1|	82.974	464	71	8	6	465	335	794	8.70e-115	412	1824889
b291857188390e66de3bb3c3f2808bde	gi|2363083044|ref|NR_179770.1|	82.759	464	72	8	6	465	342	801	4.05e-113	407	2184082
b291857188390e66de3bb3c3f2808bde	gi|1024974747|ref|NR_136788.1|	82.468	462	77	4	6	465	339	798	1.88e-111	401	1583331
b291857188390e66de3bb3c3f2808bde	gi|631252083|ref|NR_113281.1|	81.957	460	82	1	6	465	311	769	1.47e-107	388	931531
2257e3a1f49b7ee450ba2283df1b220c	gi|645320869|ref|NR_117974.1|	90.385	468	39	4	6	470	288	752	2.91e-174	610	910939
2257e3a1f49b7ee450ba2283df1b220c	gi|343200133|ref|NR_040820.1|	89.316	468	44	5	6	470	320	784	6.34e-166	582	1349
2257e3a1f49b7ee450ba2283df1b220c	gi|219856815|ref|NR_024634.1|	89.316	468	44	5	6	470	331	795	6.34e-166	582	1340
2257e3a1f49b7ee450ba2283df1b220c	gi|2836274932|ref|NR_197695.1|	89.195	472	37	10	6	470	344	808	2.95e-164	577	3053355
2257e3a1f49b7ee450ba2283df1b220c	gi|699005309|ref|NR_126178.1|	89.103	468	45	5	6	470	320	784	2.95e-164	577	1349416
2257e3a1f49b7ee450ba2283df1b220c	gi|699005308|ref|NR_126177.1|	89.103	468	45	5	6	470	322	786	2.95e-164	577	1349415
2257e3a1f49b7ee450ba2283df1b220c	gi|645322192|ref|NR_118998.1|	89.103	468	45	6	6	470	340	804	2.95e-164	577	1308
2257e3a1f49b7ee450ba2283df1b220c	gi|343198522|ref|NR_042778.1|	89.149	470	41	8	6	470	345	809	2.95e-164	577	1308
2257e3a1f49b7ee450ba2283df1b220c	gi|343198520|ref|NR_042776.1|	89.195	472	37	10	6	470	345	809	2.95e-164	577	1304
2257e3a1f49b7ee450ba2283df1b220c	gi|343198521|ref|NR_042777.1|	89.195	472	36	11	6	470	345	808	1.06e-163	575	889206
46f29f22e4bbd03ebdc65351da4efa08	gi|1277396189|ref|NR_151900.1|	94.785	441	21	2	6	445	351	790	0.0	686	1550024
46f29f22e4bbd03ebdc65351da4efa08	gi|2363084747|ref|NR_180622.1|	89.569	441	44	2	6	445	335	774	1.01e-158	558	2779354
46f29f22e4bbd03ebdc65351da4efa08	gi|559795255|ref|NR_104846.1|	89.593	442	42	4	6	445	288	727	1.01e-158	558	745368
46f29f22e4bbd03ebdc65351da4efa08	gi|2962412223|ref|NR_199417.1|	89.213	445	38	10	6	445	342	781	2.18e-155	547	3136601
46f29f22e4bbd03ebdc65351da4efa08	gi|265678692|ref|NR_028997.1|	89.165	443	43	5	6	445	303	743	2.18e-155	547	214851
46f29f22e4bbd03ebdc65351da4efa08	gi|1397641802|ref|NR_156911.1|	88.914	442	45	4	6	445	351	790	1.02e-153	542	1650663
46f29f22e4bbd03ebdc65351da4efa08	gi|2363080123|ref|NR_178280.1|	88.889	441	47	2	6	445	331	770	1.02e-153	542	411483
46f29f22e4bbd03ebdc65351da4efa08	gi|3030611269|ref|NR_199945.1|	88.662	441	48	2	6	445	335	774	4.72e-152	536	3435293
46f29f22e4bbd03ebdc65351da4efa08	gi|265678656|ref|NR_028961.1|	88.662	441	48	2	6	445	327	766	4.72e-152	536	853
46f29f22e4bbd03ebdc65351da4efa08	gi|2363081449|ref|NR_178971.1|	88.688	442	45	5	6	445	285	723	1.70e-151	534	1851427
2411f594a4ac4a50c485d50c4cc4a9f7	gi|3248465644|ref|NR_201656.1|	87.387	444	49	7	6	446	329	768	4.80e-142	503	3417633
2411f594a4ac4a50c485d50c4cc4a9f7	gi|2363082601|ref|NR_179547.1|	87.359	443	51	5	6	446	347	786	4.80e-142	503	1870991
2411f594a4ac4a50c485d50c4cc4a9f7	gi|444303976|ref|NR_074399.1|	87.359	443	51	5	6	446	333	772	4.80e-142	503	697329
2411f594a4ac4a50c485d50c4cc4a9f7	gi|631251867|ref|NR_113065.1|	96.689	302	10	0	145	446	496	797	4.80e-142	503	762984
2411f594a4ac4a50c485d50c4cc4a9f7	gi|631251834|ref|NR_113032.1|	87.359	443	51	5	6	446	333	772	4.80e-142	503	1264
2411f594a4ac4a50c485d50c4cc4a9f7	gi|631251695|ref|NR_112893.1|	96.689	302	10	0	145	446	476	777	4.80e-142	503	762984
2411f594a4ac4a50c485d50c4cc4a9f7	gi|636559173|ref|NR_115230.1|	87.359	443	51	5	6	446	333	772	4.80e-142	503	697329
2411f594a4ac4a50c485d50c4cc4a9f7	gi|219846339|ref|NR_025929.1|	87.359	443	51	5	6	446	328	767	4.80e-142	503	697329
2411f594a4ac4a50c485d50c4cc4a9f7	gi|2363086949|ref|NR_181731.1|	96.358	302	11	0	145	446	448	749	2.23e-140	497	2834112
2411f594a4ac4a50c485d50c4cc4a9f7	gi|3248465648|ref|NR_201660.1|	86.907	443	53	5	6	446	319	758	1.04e-138	492	3417630
f3bf2186d1de50d20eb1200dacbf9df1	gi|343200980|ref|NR_041667.1|	88.651	467	49	4	6	470	320	784	6.38e-161	566	487175
f3bf2186d1de50d20eb1200dacbf9df1	gi|1277396349|ref|NR_152060.1|	96.942	327	8	2	145	470	453	778	2.31e-155	547	1712515
f3bf2186d1de50d20eb1200dacbf9df1	gi|1277396271|ref|NR_151982.1|	96.942	327	8	2	145	470	365	690	2.31e-155	547	1628085
f3bf2186d1de50d20eb1200dacbf9df1	gi|545589041|ref|NR_044644.2|	94.190	327	17	2	145	470	469	794	5.07e-142	503	39484
f3bf2186d1de50d20eb1200dacbf9df1	gi|1193829128|ref|NR_147371.1|	93.578	327	19	2	145	470	392	717	5.11e-137	486	1871029
f3bf2186d1de50d20eb1200dacbf9df1	gi|2363082930|ref|NR_179713.1|	92.355	327	23	2	145	470	436	761	2.39e-130	464	1945634
f3bf2186d1de50d20eb1200dacbf9df1	gi|343205971|ref|NR_044490.1|	92.355	327	23	2	145	470	466	791	2.39e-130	464	501571
f3bf2186d1de50d20eb1200dacbf9df1	gi|2363082296|ref|NR_179395.1|	84.468	470	63	10	6	470	330	794	4.01e-128	457	1506471
f3bf2186d1de50d20eb1200dacbf9df1	gi|2363082352|ref|NR_179423.1|	85.011	467	44	11	6	470	349	791	1.86e-126	451	1689270
f3bf2186d1de50d20eb1200dacbf9df1	gi|2136551693|ref|NR_173698.1|	84.009	469	67	8	6	470	318	782	2.41e-125	448	2259133
26363210b36f19695ee329c38eedee93	gi|2363084747|ref|NR_180622.1|	90.583	446	33	9	6	448	335	774	6.03e-166	582	2779354
26363210b36f19695ee329c38eedee93	gi|2363082356|ref|NR_179425.1|	90.135	446	35	8	6	448	351	790	1.30e-162	571	1689304
26363210b36f19695ee329c38eedee93	gi|2962412223|ref|NR_199417.1|	89.842	443	42	2	6	448	342	781	6.07e-161	566	3136601
26363210b36f19695ee329c38eedee93	gi|1397641802|ref|NR_156911.1|	89.686	446	37	8	6	448	351	790	2.82e-159	560	1650663
26363210b36f19695ee329c38eedee93	gi|1109168025|ref|NR_144611.1|	89.165	443	48	0	6	448	282	724	4.72e-157	553	1417852
26363210b36f19695ee329c38eedee93	gi|645321636|ref|NR_118554.1|	88.739	444	48	2	6	448	329	771	1.02e-153	542	1297617
26363210b36f19695ee329c38eedee93	gi|3248465658|ref|NR_201672.1|	88.539	445	47	4	6	448	296	738	4.76e-152	536	3381350
26363210b36f19695ee329c38eedee93	gi|2363082352|ref|NR_179423.1|	88.315	445	48	4	6	448	349	791	2.21e-150	531	1689270
26363210b36f19695ee329c38eedee93	gi|1277396189|ref|NR_151900.1|	88.315	445	45	7	6	448	351	790	2.86e-149	527	1550024
26363210b36f19695ee329c38eedee93	gi|2363082358|ref|NR_179426.1|	88.063	444	51	2	6	448	349	791	1.03e-148	525	1702285
8106ac0272a850ad98bc709efa048db9	gi|2363085097|ref|NR_180797.1|	90.455	440	42	0	6	445	346	785	2.15e-165	580	2605778
8106ac0272a850ad98bc709efa048db9	gi|2363086292|ref|NR_181398.1|	90.455	440	42	0	6	445	299	738	2.15e-165	580	2763667
8106ac0272a850ad98bc709efa048db9	gi|636560754|ref|NR_116814.1|	90.455	440	42	0	6	445	328	767	2.15e-165	580	617123
8106ac0272a850ad98bc709efa048db9	gi|2363087259|ref|NR_181885.1|	90.249	441	41	2	6	445	335	774	2.78e-164	577	2885351
8106ac0272a850ad98bc709efa048db9	gi|1811131557|ref|NR_165739.1|	90.227	440	43	0	6	445	328	767	1.00e-163	575	2490855
8106ac0272a850ad98bc709efa048db9	gi|645321018|ref|NR_118086.1|	90.227	440	43	0	6	445	345	784	1.00e-163	575	979627
8106ac0272a850ad98bc709efa048db9	gi|2363082679|ref|NR_179587.1|	90.000	440	44	0	6	445	328	767	4.66e-162	569	1926283
8106ac0272a850ad98bc709efa048db9	gi|2363081854|ref|NR_179173.1|	90.000	440	44	0	6	445	333	772	4.66e-162	569	2126740
8106ac0272a850ad98bc709efa048db9	gi|559795098|ref|NR_104684.1|	90.000	440	44	0	6	445	348	787	4.66e-162	569	887325
8106ac0272a850ad98bc709efa048db9	gi|219846656|ref|NR_026248.1|	89.796	441	43	2	6	445	328	767	6.03e-161	566	592026
3456e9435a28518b2afd32c80c41e1b9	gi|343206145|ref|NR_044734.1|	85.745	470	58	9	6	471	358	822	3.96e-138	490	971
3456e9435a28518b2afd32c80c41e1b9	gi|631252162|ref|NR_113360.1|	93.252	326	22	0	146	471	456	781	2.38e-135	481	1121303
3456e9435a28518b2afd32c80c41e1b9	gi|645319736|ref|NR_117111.1|	93.252	326	22	0	146	471	453	778	2.38e-135	481	29371
3456e9435a28518b2afd32c80c41e1b9	gi|219846512|ref|NR_026104.1|	92.945	326	23	0	146	471	429	754	1.11e-133	475	1121303
3456e9435a28518b2afd32c80c41e1b9	gi|1397641866|ref|NR_156976.1|	85.169	472	58	12	6	471	333	798	3.99e-133	473	2018669
3456e9435a28518b2afd32c80c41e1b9	gi|2463901635|ref|NR_184592.1|	84.861	469	65	5	6	471	351	816	1.86e-131	468	1561005
3456e9435a28518b2afd32c80c41e1b9	gi|265678536|ref|NR_028840.1|	84.958	472	58	11	6	471	345	809	6.67e-131	466	187979
3456e9435a28518b2afd32c80c41e1b9	gi|645319803|ref|NR_117165.1|	92.331	326	25	0	146	471	592	917	2.40e-130	464	48256
3456e9435a28518b2afd32c80c41e1b9	gi|645319802|ref|NR_117164.1|	92.331	326	25	0	146	471	592	917	2.40e-130	464	48256
3456e9435a28518b2afd32c80c41e1b9	gi|645319800|ref|NR_117163.1|	92.331	326	25	0	146	471	561	886	2.40e-130	464	48256
46ee1edfce965a994295ea43e6c41295	gi|343206380|ref|NR_044972.1|	93.018	444	29	2	6	448	331	773	0.0	651	44749
46ee1edfce965a994295ea43e6c41295	gi|219857437|ref|NR_025025.1|	91.441	444	34	4	6	448	332	772	7.68e-175	612	100176
46ee1edfce965a994295ea43e6c41295	gi|2363082342|ref|NR_179418.1|	91.196	443	39	0	6	448	348	790	4.62e-172	603	1673721
46ee1edfce965a994295ea43e6c41295	gi|3030611324|ref|NR_200000.1|	90.971	443	40	0	6	448	301	743	2.15e-170	597	3342383
46ee1edfce965a994295ea43e6c41295	gi|645321636|ref|NR_118554.1|	91.011	445	36	4	6	448	329	771	2.15e-170	597	1297617
46ee1edfce965a994295ea43e6c41295	gi|2363083800|ref|NR_180148.1|	90.766	444	39	2	6	448	349	791	1.00e-168	592	2211183
46ee1edfce965a994295ea43e6c41295	gi|1109168025|ref|NR_144611.1|	90.766	444	39	2	6	448	282	724	1.00e-168	592	1417852
46ee1edfce965a994295ea43e6c41295	gi|1193829132|ref|NR_147375.1|	90.766	444	36	4	6	448	347	786	1.30e-167	588	1870986
46ee1edfce965a994295ea43e6c41295	gi|2363082168|ref|NR_179330.1|	90.519	443	41	1	6	448	327	768	1.68e-166	584	2714355
46ee1edfce965a994295ea43e6c41295	gi|2363082165|ref|NR_179329.1|	90.541	444	39	3	6	448	327	768	1.68e-166	584	2714353
0a1a434ae9e73fc60072208ef5db5cb0	gi|343206380|ref|NR_044972.1|	92.777	443	32	0	6	448	331	773	0.0	645	44749
0a1a434ae9e73fc60072208ef5db5cb0	gi|645321636|ref|NR_118554.1|	91.685	445	33	4	6	448	329	771	2.14e-175	614	1297617
0a1a434ae9e73fc60072208ef5db5cb0	gi|2363082342|ref|NR_179418.1|	91.441	444	36	2	6	448	348	790	9.94e-174	608	1673721
0a1a434ae9e73fc60072208ef5db5cb0	gi|219857437|ref|NR_025025.1|	91.236	445	33	6	6	448	332	772	3.58e-173	606	100176
0a1a434ae9e73fc60072208ef5db5cb0	gi|3030611324|ref|NR_200000.1|	90.971	443	40	0	6	448	301	743	2.15e-170	597	3342383
0a1a434ae9e73fc60072208ef5db5cb0	gi|645321110|ref|NR_118156.1|	90.991	444	37	2	6	448	304	745	7.74e-170	595	1007096
0a1a434ae9e73fc60072208ef5db5cb0	gi|219846612|ref|NR_026204.1|	90.807	446	35	6	6	448	328	770	2.78e-169	593	47246
0a1a434ae9e73fc60072208ef5db5cb0	gi|1109168025|ref|NR_144611.1|	90.745	443	41	0	6	448	282	724	1.00e-168	592	1417852
0a1a434ae9e73fc60072208ef5db5cb0	gi|2363082168|ref|NR_179330.1|	90.519	443	41	1	6	448	327	768	1.68e-166	584	2714355
0a1a434ae9e73fc60072208ef5db5cb0	gi|2363082165|ref|NR_179329.1|	90.293	443	42	1	6	448	327	768	7.79e-165	579	2714353
db9bf3dacfc7e6eced9d28a611c381c9	gi|631252118|ref|NR_113316.1|	96.154	312	12	0	154	465	456	767	3.00e-144	510	74426
db9bf3dacfc7e6eced9d28a611c381c9	gi|265678302|ref|NR_028604.1|	94.872	312	15	1	154	465	456	766	5.05e-137	486	74426
db9bf3dacfc7e6eced9d28a611c381c9	gi|1193829136|ref|NR_147379.1|	92.971	313	19	3	154	465	457	767	5.13e-127	453	1907654
db9bf3dacfc7e6eced9d28a611c381c9	gi|1193829156|ref|NR_147399.1|	91.987	312	24	1	154	465	457	767	5.16e-122	436	1871016
db9bf3dacfc7e6eced9d28a611c381c9	gi|631251967|ref|NR_113165.1|	91.667	312	25	1	154	465	457	767	2.40e-120	431	147207
db9bf3dacfc7e6eced9d28a611c381c9	gi|631251966|ref|NR_113164.1|	91.667	312	25	1	154	465	457	767	2.40e-120	431	147206
db9bf3dacfc7e6eced9d28a611c381c9	gi|2363082368|ref|NR_179431.1|	91.346	312	26	1	154	465	457	767	1.12e-118	425	1720204
db9bf3dacfc7e6eced9d28a611c381c9	gi|1109167962|ref|NR_144579.1|	91.346	312	26	1	154	465	451	761	1.12e-118	425	1232426
db9bf3dacfc7e6eced9d28a611c381c9	gi|343200677|ref|NR_041364.1|	83.405	464	69	8	6	465	337	796	4.02e-118	424	1002367
db9bf3dacfc7e6eced9d28a611c381c9	gi|2363084792|ref|NR_180644.1|	91.026	312	27	1	154	465	378	688	5.20e-117	420	2603815
e87844c138f30a4197bd640098dc6a64	gi|3030611269|ref|NR_199945.1|	88.817	465	27	16	6	470	335	774	2.31e-155	547	3435293
e87844c138f30a4197bd640098dc6a64	gi|265678656|ref|NR_028961.1|	95.413	327	13	2	145	470	441	766	5.04e-147	520	853
e87844c138f30a4197bd640098dc6a64	gi|2363081451|ref|NR_178972.1|	95.107	327	14	2	145	470	399	724	2.34e-145	514	1851428
e87844c138f30a4197bd640098dc6a64	gi|2363080123|ref|NR_178280.1|	95.107	327	14	2	145	470	445	770	2.34e-145	514	411483
e87844c138f30a4197bd640098dc6a64	gi|2363081449|ref|NR_178971.1|	95.283	318	13	2	145	461	399	715	5.07e-142	503	1851427
e87844c138f30a4197bd640098dc6a64	gi|2363082282|ref|NR_179388.1|	94.207	328	15	4	145	470	449	774	2.36e-140	497	2935520
e87844c138f30a4197bd640098dc6a64	gi|265678692|ref|NR_028997.1|	86.695	466	36	12	6	470	303	743	3.05e-139	494	214851
e87844c138f30a4197bd640098dc6a64	gi|1277396189|ref|NR_151900.1|	86.695	466	35	10	6	470	351	790	1.10e-138	492	1550024
e87844c138f30a4197bd640098dc6a64	gi|2363084747|ref|NR_180622.1|	86.695	466	35	16	6	470	335	774	1.10e-138	492	2779354
e87844c138f30a4197bd640098dc6a64	gi|2363082667|ref|NR_179581.1|	86.667	465	36	9	6	470	331	769	1.10e-138	492	1917873
b8bca5f1fe99e0d857fa73b7e4410ae6	gi|559795255|ref|NR_104846.1|	91.156	441	38	1	6	446	288	727	2.14e-170	597	745368
b8bca5f1fe99e0d857fa73b7e4410ae6	gi|265678656|ref|NR_028961.1|	90.930	441	39	1	6	446	327	766	9.96e-169	592	853
b8bca5f1fe99e0d857fa73b7e4410ae6	gi|265678692|ref|NR_028997.1|	90.703	441	41	0	6	446	303	743	1.29e-167	588	214851
b8bca5f1fe99e0d857fa73b7e4410ae6	gi|2363081451|ref|NR_178972.1|	90.703	441	40	1	6	446	285	724	4.64e-167	586	1851428
b8bca5f1fe99e0d857fa73b7e4410ae6	gi|2363080123|ref|NR_178280.1|	90.703	441	40	1	6	446	331	770	4.64e-167	586	411483
b8bca5f1fe99e0d857fa73b7e4410ae6	gi|3030611269|ref|NR_199945.1|	90.476	441	41	1	6	446	335	774	2.16e-165	580	3435293
b8bca5f1fe99e0d857fa73b7e4410ae6	gi|2363081449|ref|NR_178971.1|	90.476	441	40	2	6	446	285	723	2.16e-165	580	1851427
b8bca5f1fe99e0d857fa73b7e4410ae6	gi|219846340|ref|NR_025930.1|	90.090	444	39	4	6	446	296	737	3.61e-163	573	40518
b8bca5f1fe99e0d857fa73b7e4410ae6	gi|2363082282|ref|NR_179388.1|	90.045	442	41	3	6	446	335	774	4.67e-162	569	2935520
b8bca5f1fe99e0d857fa73b7e4410ae6	gi|2363082356|ref|NR_179425.1|	89.842	443	40	5	6	446	351	790	2.17e-160	564	1689304
8a8911cfb53842a10dda07a300822ae9	gi|3248465644|ref|NR_201656.1|	92.744	441	31	1	6	446	329	768	0.0	636	3417633
8a8911cfb53842a10dda07a300822ae9	gi|2363082601|ref|NR_179547.1|	92.081	442	32	3	6	446	347	786	4.57e-177	619	1870991
8a8911cfb53842a10dda07a300822ae9	gi|444303976|ref|NR_074399.1|	91.610	441	36	1	6	446	333	772	9.89e-174	608	697329
8a8911cfb53842a10dda07a300822ae9	gi|631251834|ref|NR_113032.1|	91.610	441	36	1	6	446	333	772	9.89e-174	608	1264
8a8911cfb53842a10dda07a300822ae9	gi|636559173|ref|NR_115230.1|	91.610	441	36	1	6	446	333	772	9.89e-174	608	697329
8a8911cfb53842a10dda07a300822ae9	gi|219846339|ref|NR_025929.1|	91.610	441	36	1	6	446	328	767	9.89e-174	608	697329
8a8911cfb53842a10dda07a300822ae9	gi|3248465648|ref|NR_201660.1|	91.156	441	38	1	6	446	319	758	2.14e-170	597	3417630
8a8911cfb53842a10dda07a300822ae9	gi|507148077|ref|NR_102884.1|	91.156	441	38	1	6	446	331	770	2.14e-170	597	213810
8a8911cfb53842a10dda07a300822ae9	gi|2136551683|ref|NR_173688.1|	91.176	442	36	3	6	446	321	760	2.14e-170	597	2780922
8a8911cfb53842a10dda07a300822ae9	gi|1277396348|ref|NR_152059.1|	90.991	444	35	4	6	446	272	713	2.77e-169	593	1849041
ca9c6bc9e9f1a42c235cb5c091544131	gi|2363086270|ref|NR_181387.1|	95.711	443	18	1	6	448	302	743	0.0	712	2763656
ca9c6bc9e9f1a42c235cb5c091544131	gi|2363086268|ref|NR_181386.1|	92.342	444	32	2	6	448	303	745	2.12e-180	630	2763655
ca9c6bc9e9f1a42c235cb5c091544131	gi|631251702|ref|NR_112900.1|	92.117	444	33	2	6	448	341	783	9.87e-179	625	626937
ca9c6bc9e9f1a42c235cb5c091544131	gi|2363081417|ref|NR_178955.1|	91.441	444	36	2	6	448	288	730	9.94e-174	608	1851429
ca9c6bc9e9f1a42c235cb5c091544131	gi|1116030284|ref|NR_144742.1|	91.422	443	38	0	6	448	352	794	9.94e-174	608	1805714
ca9c6bc9e9f1a42c235cb5c091544131	gi|1116030285|ref|NR_144743.1|	90.991	444	38	2	6	448	352	794	2.15e-170	597	1816678
ca9c6bc9e9f1a42c235cb5c091544131	gi|2363084132|ref|NR_180315.1|	90.787	445	37	2	6	448	323	765	1.00e-168	592	2496273
ca9c6bc9e9f1a42c235cb5c091544131	gi|2363086262|ref|NR_181383.1|	90.337	445	40	3	6	448	307	750	2.17e-165	580	2763654
ca9c6bc9e9f1a42c235cb5c091544131	gi|2363081152|ref|NR_178819.1|	90.090	444	42	2	6	448	286	728	1.01e-163	575	1712410
ca9c6bc9e9f1a42c235cb5c091544131	gi|636559633|ref|NR_115693.1|	90.157	447	34	10	6	448	442	882	3.63e-163	573	694434
1a2e3f7fc7f4c4b6a54817225ff0ad7b	gi|943392602|ref|NR_117139.2|	97.500	440	11	0	6	445	346	785	0.0	752	649756
1a2e3f7fc7f4c4b6a54817225ff0ad7b	gi|943392601|ref|NR_117138.2|	97.500	440	11	0	6	445	346	785	0.0	752	649756
1a2e3f7fc7f4c4b6a54817225ff0ad7b	gi|559795210|ref|NR_104799.1|	97.500	440	11	0	6	445	338	777	0.0	752	649756
1a2e3f7fc7f4c4b6a54817225ff0ad7b	gi|2363085925|ref|NR_181215.1|	97.045	440	13	0	6	445	331	770	0.0	741	2738446
1a2e3f7fc7f4c4b6a54817225ff0ad7b	gi|631252121|ref|NR_113319.1|	96.145	441	15	2	6	445	350	789	0.0	719	645466
1a2e3f7fc7f4c4b6a54817225ff0ad7b	gi|636560803|ref|NR_116863.1|	95.928	442	15	3	6	445	337	777	0.0	713	645466
1a2e3f7fc7f4c4b6a54817225ff0ad7b	gi|1227086118|ref|NR_148620.1|	95.682	440	19	0	6	445	195	634	0.0	708	1763509
1a2e3f7fc7f4c4b6a54817225ff0ad7b	gi|2363081778|ref|NR_179135.1|	94.558	441	23	1	6	445	330	770	0.0	680	2025494
1a2e3f7fc7f4c4b6a54817225ff0ad7b	gi|2363087251|ref|NR_181881.1|	94.558	441	23	1	6	445	307	747	0.0	680	2880702
1a2e3f7fc7f4c4b6a54817225ff0ad7b	gi|265678610|ref|NR_028915.1|	94.344	442	23	2	6	445	315	756	0.0	676	105841
cba54dbb1153bd186af93bbf62e38ee8	gi|2621112340|ref|NR_189244.1|	92.099	443	34	1	6	448	363	804	3.55e-178	623	3046382
cba54dbb1153bd186af93bbf62e38ee8	gi|2621112341|ref|NR_189245.1|	91.874	443	35	1	6	448	363	804	1.65e-176	617	3046383
cba54dbb1153bd186af93bbf62e38ee8	gi|2363086262|ref|NR_181383.1|	88.341	446	47	5	6	448	307	750	2.21e-150	531	2763654
cba54dbb1153bd186af93bbf62e38ee8	gi|2363086268|ref|NR_181386.1|	87.640	445	51	4	6	448	303	745	2.23e-145	514	2763655
cba54dbb1153bd186af93bbf62e38ee8	gi|343205970|ref|NR_044489.1|	86.937	444	56	2	6	448	336	778	2.25e-140	497	857293
cba54dbb1153bd186af93bbf62e38ee8	gi|566085061|ref|NR_108684.1|	86.860	449	47	11	6	448	294	736	1.04e-138	492	886292
cba54dbb1153bd186af93bbf62e38ee8	gi|645320205|ref|NR_117466.1|	86.517	445	55	5	6	448	332	773	1.75e-136	484	699281
cba54dbb1153bd186af93bbf62e38ee8	gi|2621112296|ref|NR_189199.1|	86.230	443	61	0	6	448	342	784	2.26e-135	481	2086585
cba54dbb1153bd186af93bbf62e38ee8	gi|559795176|ref|NR_104765.1|	86.261	444	59	2	6	448	323	765	2.26e-135	481	108007
cba54dbb1153bd186af93bbf62e38ee8	gi|559795222|ref|NR_104811.1|	86.292	445	56	5	6	448	345	786	8.13e-135	479	937334
0917d007adc04895770a0350c3e45255	gi|265678692|ref|NR_028997.1|	93.651	441	28	0	6	446	303	743	0.0	660	214851
0917d007adc04895770a0350c3e45255	gi|559795255|ref|NR_104846.1|	93.651	441	27	1	6	446	288	727	0.0	658	745368
0917d007adc04895770a0350c3e45255	gi|2962412223|ref|NR_199417.1|	92.744	441	31	1	6	446	342	781	0.0	636	3136601
0917d007adc04895770a0350c3e45255	gi|2363082667|ref|NR_179581.1|	92.063	441	33	2	6	446	331	769	4.57e-177	619	1917873
0917d007adc04895770a0350c3e45255	gi|265679005|ref|NR_029313.1|	91.892	444	31	5	6	446	360	801	1.64e-176	617	52787
0917d007adc04895770a0350c3e45255	gi|265679007|ref|NR_029315.1|	91.892	444	31	5	6	446	362	803	1.64e-176	617	52786
0917d007adc04895770a0350c3e45255	gi|2363082601|ref|NR_179547.1|	91.648	443	32	4	6	446	347	786	9.89e-174	608	1870991
0917d007adc04895770a0350c3e45255	gi|1277396189|ref|NR_151900.1|	91.422	443	33	5	6	446	351	790	4.60e-172	603	1550024
0917d007adc04895770a0350c3e45255	gi|2363084747|ref|NR_180622.1|	91.156	441	38	1	6	446	335	774	2.14e-170	597	2779354
0917d007adc04895770a0350c3e45255	gi|1397641802|ref|NR_156911.1|	90.249	441	42	1	6	446	351	790	1.00e-163	575	1650663
a036983349b9255cd8055a9600c19dcc	gi|2363087413|ref|NR_181963.1|	89.588	461	40	8	6	461	129	586	8.18e-165	579	51515
a036983349b9255cd8055a9600c19dcc	gi|1397641866|ref|NR_156976.1|	88.273	469	47	7	6	469	333	798	1.38e-157	555	2018669
a036983349b9255cd8055a9600c19dcc	gi|2363084399|ref|NR_180447.1|	88.197	466	51	3	6	469	314	777	4.96e-157	553	2528593
a036983349b9255cd8055a9600c19dcc	gi|470466547|ref|NR_074128.1|	87.633	469	50	8	6	469	340	805	1.39e-152	538	36854
a036983349b9255cd8055a9600c19dcc	gi|343201476|ref|NR_042202.1|	87.633	469	50	7	6	469	346	811	1.39e-152	538	329936
a036983349b9255cd8055a9600c19dcc	gi|219857537|ref|NR_025125.1|	87.366	467	55	4	6	469	327	792	6.46e-151	532	142877
a036983349b9255cd8055a9600c19dcc	gi|566085373|ref|NR_109421.1|	87.207	469	52	7	6	469	386	851	3.00e-149	527	1037382
a036983349b9255cd8055a9600c19dcc	gi|1397641867|ref|NR_156977.1|	86.910	466	59	2	6	469	259	724	3.89e-148	523	2018668
a036983349b9255cd8055a9600c19dcc	gi|566085097|ref|NR_108839.1|	86.966	468	54	7	6	469	338	802	5.03e-147	520	744873
a036983349b9255cd8055a9600c19dcc	gi|219846905|ref|NR_026497.1|	86.809	470	52	9	6	469	330	795	6.50e-146	516	83661
4aa92cc6cd6daced27ff8f36a9b67d1e	gi|1116030246|ref|NR_144704.1|	85.097	463	63	6	6	465	251	710	1.83e-131	468	1203465
4aa92cc6cd6daced27ff8f36a9b67d1e	gi|631251735|ref|NR_112933.1|	85.065	462	65	4	6	465	334	793	1.83e-131	468	246787
4aa92cc6cd6daced27ff8f36a9b67d1e	gi|343200620|ref|NR_041307.1|	85.097	463	63	6	6	465	334	793	1.83e-131	468	329854
4aa92cc6cd6daced27ff8f36a9b67d1e	gi|631252155|ref|NR_113353.1|	84.816	461	68	2	6	465	338	797	8.52e-130	462	28119
4aa92cc6cd6daced27ff8f36a9b67d1e	gi|631251747|ref|NR_112945.1|	84.848	462	66	4	6	465	327	786	8.52e-130	462	820
4aa92cc6cd6daced27ff8f36a9b67d1e	gi|631251741|ref|NR_112939.1|	84.816	461	68	2	6	465	334	793	8.52e-130	462	1203608
4aa92cc6cd6daced27ff8f36a9b67d1e	gi|343200759|ref|NR_041446.1|	84.848	462	66	4	6	465	323	782	8.52e-130	462	376804
4aa92cc6cd6daced27ff8f36a9b67d1e	gi|343202633|ref|NR_043017.1|	84.816	461	68	2	6	465	314	773	8.52e-130	462	1203608
4aa92cc6cd6daced27ff8f36a9b67d1e	gi|343200179|ref|NR_040866.1|	84.848	462	66	4	6	465	334	793	8.52e-130	462	820
4aa92cc6cd6daced27ff8f36a9b67d1e	gi|2363082773|ref|NR_179635.1|	84.665	463	65	4	6	465	338	797	3.96e-128	457	2024197
7ae62d66a6f0338e13468d57e451bd30	gi|559795304|ref|NR_104896.1|	99.351	462	3	0	6	467	295	756	0.0	837	544580
7ae62d66a6f0338e13468d57e451bd30	gi|631251862|ref|NR_113060.1|	99.351	462	3	0	6	467	350	811	0.0	837	544580
7ae62d66a6f0338e13468d57e451bd30	gi|645320060|ref|NR_117358.1|	99.134	462	3	1	6	467	351	811	0.0	830	544580
7ae62d66a6f0338e13468d57e451bd30	gi|631252128|ref|NR_113326.1|	98.485	462	7	0	6	467	353	814	0.0	815	1655
7ae62d66a6f0338e13468d57e451bd30	gi|310975169|ref|NR_037033.1|	98.485	462	7	0	6	467	344	805	0.0	815	1655
7ae62d66a6f0338e13468d57e451bd30	gi|631251832|ref|NR_113030.1|	98.268	462	6	1	6	467	337	796	0.0	808	1656
7ae62d66a6f0338e13468d57e451bd30	gi|2363082649|ref|NR_179571.1|	98.052	462	8	1	6	467	353	813	0.0	802	2060916
7ae62d66a6f0338e13468d57e451bd30	gi|219846636|ref|NR_026228.1|	98.052	462	7	1	6	467	305	764	0.0	802	1656
7ae62d66a6f0338e13468d57e451bd30	gi|559795303|ref|NR_104895.1|	97.835	462	9	1	6	467	332	792	0.0	797	544581
7ae62d66a6f0338e13468d57e451bd30	gi|631251860|ref|NR_113058.1|	97.835	462	9	1	6	467	352	812	0.0	797	544581
ddfcd03673aa79b74d5b2850d4dae563	gi|343201004|ref|NR_041691.1|	94.130	460	24	2	6	463	335	793	0.0	697	544645
ddfcd03673aa79b74d5b2850d4dae563	gi|1864207064|ref|NR_169358.1|	91.361	463	31	7	6	463	335	793	1.02e-178	625	1720203
ddfcd03673aa79b74d5b2850d4dae563	gi|2363083451|ref|NR_179974.1|	90.870	460	39	2	6	463	327	785	2.21e-175	614	2093856
ddfcd03673aa79b74d5b2850d4dae563	gi|2363082787|ref|NR_179642.1|	90.870	460	39	2	6	463	315	773	2.21e-175	614	2042309
ddfcd03673aa79b74d5b2850d4dae563	gi|699005326|ref|NR_126195.1|	90.929	463	33	8	6	463	335	793	2.21e-175	614	1472417
ddfcd03673aa79b74d5b2850d4dae563	gi|699005325|ref|NR_126194.1|	90.476	462	37	6	6	463	335	793	1.03e-173	608	1472416
ddfcd03673aa79b74d5b2850d4dae563	gi|3248465683|ref|NR_201697.1|	88.937	461	46	4	6	463	285	743	2.26e-160	564	3378067
ddfcd03673aa79b74d5b2850d4dae563	gi|343201003|ref|NR_041690.1|	88.312	462	47	6	6	463	333	791	2.28e-155	547	544644
ddfcd03673aa79b74d5b2850d4dae563	gi|1182956112|ref|NR_146820.1|	85.097	463	60	8	6	463	335	793	6.55e-131	466	1720195
ddfcd03673aa79b74d5b2850d4dae563	gi|2363082669|ref|NR_179582.1|	85.065	462	62	6	6	463	315	773	2.36e-130	464	1917882
574d6581813d4d33f7f188d0d4629223	gi|444304204|ref|NR_074629.1|	86.577	447	54	6	6	450	341	783	1.36e-137	488	1515
574d6581813d4d33f7f188d0d4629223	gi|631251959|ref|NR_113157.1|	86.577	447	54	6	6	450	341	783	1.36e-137	488	1515
574d6581813d4d33f7f188d0d4629223	gi|2363086270|ref|NR_181387.1|	86.517	445	57	2	6	450	302	743	4.88e-137	486	2763656
574d6581813d4d33f7f188d0d4629223	gi|959494862|ref|NR_133738.1|	86.384	448	53	8	6	450	335	777	6.32e-136	483	1216062
574d6581813d4d33f7f188d0d4629223	gi|631252162|ref|NR_113360.1|	86.384	448	53	8	6	450	339	781	6.32e-136	483	1121303
574d6581813d4d33f7f188d0d4629223	gi|645319736|ref|NR_117111.1|	86.384	448	53	8	6	450	336	778	6.32e-136	483	29371
574d6581813d4d33f7f188d0d4629223	gi|959495023|ref|NR_133872.1|	86.099	446	60	2	6	450	312	756	8.17e-135	479	1187859
574d6581813d4d33f7f188d0d4629223	gi|219846512|ref|NR_026104.1|	86.161	448	54	8	6	450	312	754	2.94e-134	477	1121303
574d6581813d4d33f7f188d0d4629223	gi|219846469|ref|NR_026061.1|	86.161	448	53	8	6	450	348	789	1.06e-133	475	57172
574d6581813d4d33f7f188d0d4629223	gi|1953646580|ref|NR_171447.1|	85.874	446	61	2	6	450	329	773	3.80e-133	473	2250578
7ca4d626f208a62bd25b057d11d5a443	gi|265678578|ref|NR_028883.1|	89.367	442	45	2	6	446	226	666	1.31e-157	555	88431
7ca4d626f208a62bd25b057d11d5a443	gi|219857617|ref|NR_025206.1|	89.116	441	47	1	6	446	314	753	2.19e-155	547	180286
7ca4d626f208a62bd25b057d11d5a443	gi|310974936|ref|NR_036800.1|	89.165	443	43	5	6	446	326	765	2.19e-155	547	411470
7ca4d626f208a62bd25b057d11d5a443	gi|645321810|ref|NR_118690.1|	89.165	443	43	5	6	446	338	777	2.19e-155	547	411470
7ca4d626f208a62bd25b057d11d5a443	gi|219857618|ref|NR_025207.1|	88.889	441	48	1	6	446	321	760	2.83e-154	544	180311
7ca4d626f208a62bd25b057d11d5a443	gi|2363085474|ref|NR_180986.1|	88.964	444	42	7	6	446	347	786	1.02e-153	542	2681861
7ca4d626f208a62bd25b057d11d5a443	gi|2363085133|ref|NR_180815.1|	88.939	443	44	5	6	446	350	789	1.02e-153	542	2606633
7ca4d626f208a62bd25b057d11d5a443	gi|2363083556|ref|NR_180026.1|	88.939	443	44	5	6	446	348	787	1.02e-153	542	2696678
7ca4d626f208a62bd25b057d11d5a443	gi|1909404440|ref|NR_170495.1|	88.713	443	45	5	6	446	355	794	4.74e-152	536	2509240
7ca4d626f208a62bd25b057d11d5a443	gi|2363086264|ref|NR_181384.1|	88.688	442	47	3	6	446	250	689	4.74e-152	536	2763660
8e9840ea63413ba029f87f1d86fe06e5	gi|2363085302|ref|NR_180899.1|	87.359	443	51	5	6	445	347	787	4.79e-142	503	2683708
8e9840ea63413ba029f87f1d86fe06e5	gi|1116030275|ref|NR_144733.1|	87.104	442	53	4	6	445	348	787	6.20e-141	499	1720316
8e9840ea63413ba029f87f1d86fe06e5	gi|3248465644|ref|NR_201656.1|	87.133	443	51	6	6	445	329	768	2.23e-140	497	3417633
8e9840ea63413ba029f87f1d86fe06e5	gi|1193829135|ref|NR_147378.1|	87.220	446	46	10	6	445	339	779	2.23e-140	497	1871035
8e9840ea63413ba029f87f1d86fe06e5	gi|2363085300|ref|NR_180898.1|	87.104	442	54	3	6	445	347	787	2.23e-140	497	2683194
8e9840ea63413ba029f87f1d86fe06e5	gi|645320588|ref|NR_117758.1|	86.907	443	54	4	6	445	322	763	2.88e-139	494	166486
8e9840ea63413ba029f87f1d86fe06e5	gi|228716944|ref|NR_027557.1|	86.907	443	54	4	6	445	343	784	2.88e-139	494	536231
8e9840ea63413ba029f87f1d86fe06e5	gi|2260349417|ref|NR_176499.1|	86.848	441	56	2	6	445	350	789	1.04e-138	492	1812858
8e9840ea63413ba029f87f1d86fe06e5	gi|645320092|ref|NR_117381.1|	86.878	442	53	5	6	445	347	785	3.73e-138	490	165813
8e9840ea63413ba029f87f1d86fe06e5	gi|219857563|ref|NR_025151.1|	86.878	442	53	5	6	445	350	788	3.73e-138	490	165813
57d3b1b16f39ab081031be6947af19a1	gi|1779814937|ref|NR_165011.1|	95.023	442	19	3	6	446	290	729	0.0	691	2676787
57d3b1b16f39ab081031be6947af19a1	gi|1779814924|ref|NR_164998.1|	94.369	444	18	7	6	446	293	732	0.0	675	1550733
57d3b1b16f39ab081031be6947af19a1	gi|1779814935|ref|NR_165009.1|	93.891	442	24	3	6	446	305	744	0.0	664	2056873
57d3b1b16f39ab081031be6947af19a1	gi|1779814895|ref|NR_164970.1|	94.009	434	23	3	6	438	302	733	0.0	654	2056873
57d3b1b16f39ab081031be6947af19a1	gi|566085424|ref|NR_109465.1|	93.213	442	27	3	6	446	292	731	0.0	647	1078469
57d3b1b16f39ab081031be6947af19a1	gi|645320895|ref|NR_117995.1|	92.760	442	29	3	6	446	289	728	0.0	636	1282858
57d3b1b16f39ab081031be6947af19a1	gi|1441204379|ref|NR_157794.1|	92.308	442	31	3	6	446	302	741	9.82e-179	625	1861874
57d3b1b16f39ab081031be6947af19a1	gi|1441204271|ref|NR_157686.1|	92.308	442	31	3	6	446	301	740	9.82e-179	625	1508805
57d3b1b16f39ab081031be6947af19a1	gi|566085276|ref|NR_109148.1|	92.308	442	31	3	6	446	289	728	9.82e-179	625	940136
57d3b1b16f39ab081031be6947af19a1	gi|1445136100|ref|NR_158140.1|	92.099	443	30	5	6	446	270	709	4.57e-177	619	2040274
d3d4c6f09046e8253d3c5d48856de33d	gi|343200590|ref|NR_041277.1|	98.701	308	4	0	138	445	491	798	2.18e-155	547	484018
d3d4c6f09046e8253d3c5d48856de33d	gi|2221405488|ref|NR_175548.1|	96.104	308	12	0	138	445	498	805	4.79e-142	503	2739389
d3d4c6f09046e8253d3c5d48856de33d	gi|2363082641|ref|NR_179567.1|	94.156	308	18	0	138	445	491	798	1.35e-132	472	1907658
d3d4c6f09046e8253d3c5d48856de33d	gi|1116030286|ref|NR_144744.1|	94.156	308	18	0	138	445	491	798	4.86e-132	470	1841856
d3d4c6f09046e8253d3c5d48856de33d	gi|343200591|ref|NR_041278.1|	93.182	308	21	0	138	445	491	798	4.89e-127	453	470145
d3d4c6f09046e8253d3c5d48856de33d	gi|1146059112|ref|NR_145844.1|	92.857	308	22	0	138	445	491	798	2.28e-125	448	1411144
d3d4c6f09046e8253d3c5d48856de33d	gi|343200774|ref|NR_041461.1|	91.615	322	26	1	125	445	478	799	2.95e-124	444	387090
d3d4c6f09046e8253d3c5d48856de33d	gi|1116030289|ref|NR_144747.1|	92.532	308	23	0	138	445	489	796	1.06e-123	442	1841865
d3d4c6f09046e8253d3c5d48856de33d	gi|2363085522|ref|NR_181010.1|	92.532	308	23	0	138	445	449	756	1.06e-123	442	2786956
d3d4c6f09046e8253d3c5d48856de33d	gi|2363082671|ref|NR_179583.1|	92.532	308	23	0	138	445	469	776	1.06e-123	442	1917883
1f120a133e50092fe313b4ad65c46a3e	gi|343200655|ref|NR_041342.1|	90.000	460	29	9	6	448	336	795	7.79e-165	579	823
1f120a133e50092fe313b4ad65c46a3e	gi|444303953|ref|NR_074376.1|	89.565	460	31	9	6	448	351	810	1.69e-161	568	435591
1f120a133e50092fe313b4ad65c46a3e	gi|1018196564|ref|NR_136443.1|	86.177	463	42	14	6	448	300	760	2.26e-135	481	867595
1f120a133e50092fe313b4ad65c46a3e	gi|1811131517|ref|NR_165699.1|	86.087	460	47	9	6	448	336	795	8.13e-135	479	2685834
1f120a133e50092fe313b4ad65c46a3e	gi|2363082619|ref|NR_179556.1|	85.870	460	48	10	6	448	316	775	3.78e-133	473	1871013
1f120a133e50092fe313b4ad65c46a3e	gi|2363082715|ref|NR_179605.1|	85.652	460	49	9	6	448	316	775	1.76e-131	468	1944636
1f120a133e50092fe313b4ad65c46a3e	gi|631251637|ref|NR_112835.1|	85.403	459	51	10	6	448	336	794	8.19e-130	462	574930
1f120a133e50092fe313b4ad65c46a3e	gi|343200656|ref|NR_041343.1|	93.269	312	21	0	137	448	488	799	2.95e-129	460	46503
1f120a133e50092fe313b4ad65c46a3e	gi|645322411|ref|NR_119166.1|	93.269	312	21	0	137	448	467	778	2.95e-129	460	411477
1f120a133e50092fe313b4ad65c46a3e	gi|631252010|ref|NR_113208.1|	85.217	460	51	9	6	448	336	795	3.81e-128	457	871327
103695ac38220ead1564177fbd25d710	gi|343200656|ref|NR_041343.1|	86.797	462	57	4	6	465	340	799	8.34e-145	512	46503
103695ac38220ead1564177fbd25d710	gi|645322411|ref|NR_119166.1|	86.580	462	58	4	6	465	319	778	1.08e-143	508	411477
103695ac38220ead1564177fbd25d710	gi|2363083816|ref|NR_180156.1|	85.313	463	62	6	6	465	291	750	3.93e-133	473	2290935
103695ac38220ead1564177fbd25d710	gi|631252010|ref|NR_113208.1|	84.416	462	68	4	6	465	336	795	1.84e-126	451	871327
103695ac38220ead1564177fbd25d710	gi|2363082168|ref|NR_179330.1|	84.632	462	49	10	6	465	327	768	3.99e-123	440	2714355
103695ac38220ead1564177fbd25d710	gi|2363082165|ref|NR_179329.1|	84.483	464	46	14	6	465	327	768	1.86e-121	435	2714353
103695ac38220ead1564177fbd25d710	gi|444303953|ref|NR_074376.1|	83.836	464	67	7	6	465	351	810	1.86e-121	435	435591
103695ac38220ead1564177fbd25d710	gi|631251871|ref|NR_113069.1|	83.550	462	72	4	6	465	336	795	8.64e-120	429	477666
103695ac38220ead1564177fbd25d710	gi|343200955|ref|NR_041642.1|	83.550	462	72	4	6	465	302	761	8.64e-120	429	477666
103695ac38220ead1564177fbd25d710	gi|1779814875|ref|NR_164950.1|	83.153	463	72	6	6	465	340	799	1.87e-116	418	2040292
f1ab67d893006b5178def231feda9341	gi|645322411|ref|NR_119166.1|	92.826	460	33	0	6	465	319	778	0.0	669	411477
f1ab67d893006b5178def231feda9341	gi|343200656|ref|NR_041343.1|	92.826	460	33	0	6	465	340	799	0.0	667	46503
f1ab67d893006b5178def231feda9341	gi|2363083816|ref|NR_180156.1|	92.391	460	35	0	6	465	291	750	0.0	656	2290935
f1ab67d893006b5178def231feda9341	gi|343200777|ref|NR_041464.1|	91.957	460	37	0	6	465	340	799	0.0	645	387661
f1ab67d893006b5178def231feda9341	gi|2363086049|ref|NR_181277.1|	91.342	462	36	4	6	465	309	768	7.93e-180	628	2753162
f1ab67d893006b5178def231feda9341	gi|2363082715|ref|NR_179605.1|	91.106	461	39	2	6	465	316	775	3.69e-178	623	1944636
f1ab67d893006b5178def231feda9341	gi|1811131517|ref|NR_165699.1|	90.870	460	42	0	6	465	336	795	1.72e-176	617	2685834
f1ab67d893006b5178def231feda9341	gi|631252010|ref|NR_113208.1|	90.889	461	40	2	6	465	336	795	1.72e-176	617	871327
f1ab67d893006b5178def231feda9341	gi|2363082827|ref|NR_179662.1|	90.693	462	39	4	6	465	339	798	7.99e-175	612	2086575
f1ab67d893006b5178def231feda9341	gi|631251878|ref|NR_113076.1|	90.672	461	41	2	6	465	324	783	7.99e-175	612	927665
5b950208b13c37468a5974baf71745aa	gi|2363082342|ref|NR_179418.1|	93.228	443	28	2	6	446	348	790	0.0	651	1673721
5b950208b13c37468a5974baf71745aa	gi|343198540|ref|NR_042832.1|	92.308	442	32	2	6	446	330	770	2.73e-179	627	301302
5b950208b13c37468a5974baf71745aa	gi|444439494|ref|NR_074809.1|	92.081	442	33	2	6	446	350	790	1.27e-177	621	585394
5b950208b13c37468a5974baf71745aa	gi|2363082059|ref|NR_179276.1|	92.063	441	34	1	6	446	334	773	4.57e-177	619	2316025
5b950208b13c37468a5974baf71745aa	gi|645320588|ref|NR_117758.1|	91.874	443	33	3	6	446	322	763	5.91e-176	616	166486
5b950208b13c37468a5974baf71745aa	gi|228716944|ref|NR_027557.1|	91.874	443	33	3	6	446	343	784	5.91e-176	616	536231
5b950208b13c37468a5974baf71745aa	gi|2363086282|ref|NR_181393.1|	91.892	444	29	7	6	446	290	729	2.13e-175	614	2763664
5b950208b13c37468a5974baf71745aa	gi|343201282|ref|NR_042008.1|	91.855	442	33	3	6	446	341	780	2.13e-175	614	585394
5b950208b13c37468a5974baf71745aa	gi|2363085153|ref|NR_180825.1|	91.610	441	37	0	6	446	347	787	2.75e-174	610	2605790
5b950208b13c37468a5974baf71745aa	gi|631251356|ref|NR_112553.1|	91.648	443	33	4	6	446	348	788	2.75e-174	610	342942
0c4a8c29f912c1c1ae6ec22475f6e954	gi|2363082569|ref|NR_179531.1|	90.971	443	38	2	6	447	347	788	7.72e-170	595	1852369
0c4a8c29f912c1c1ae6ec22475f6e954	gi|2363082168|ref|NR_179330.1|	90.724	442	41	0	6	447	327	768	3.59e-168	590	2714355
0c4a8c29f912c1c1ae6ec22475f6e954	gi|2363082165|ref|NR_179329.1|	90.498	442	42	0	6	447	327	768	1.67e-166	584	2714353
0c4a8c29f912c1c1ae6ec22475f6e954	gi|219857437|ref|NR_025025.1|	90.068	443	41	2	6	447	332	772	2.80e-164	577	100176
0c4a8c29f912c1c1ae6ec22475f6e954	gi|3030611324|ref|NR_200000.1|	90.068	443	43	1	6	447	301	743	3.62e-163	573	3342383
0c4a8c29f912c1c1ae6ec22475f6e954	gi|2363082352|ref|NR_179423.1|	90.068	443	43	1	6	447	349	791	3.62e-163	573	1689270
0c4a8c29f912c1c1ae6ec22475f6e954	gi|1109168025|ref|NR_144611.1|	90.068	443	43	1	6	447	282	724	3.62e-163	573	1417852
0c4a8c29f912c1c1ae6ec22475f6e954	gi|1441204227|ref|NR_157642.1|	90.045	442	42	2	6	447	301	740	1.30e-162	571	1653435
0c4a8c29f912c1c1ae6ec22475f6e954	gi|2363084741|ref|NR_180619.1|	89.865	444	42	3	6	447	347	789	1.68e-161	568	2779352
0c4a8c29f912c1c1ae6ec22475f6e954	gi|219846080|ref|NR_025670.1|	89.842	443	44	1	6	447	329	771	1.68e-161	568	411467
ccadc222e6baac6bf9f5bfdfefd1a3bb	gi|2363082711|ref|NR_179603.1|	91.022	323	24	5	145	465	436	755	2.40e-120	431	1944642
ccadc222e6baac6bf9f5bfdfefd1a3bb	gi|219846612|ref|NR_026204.1|	83.696	460	58	7	6	465	328	770	5.20e-117	420	47246
ccadc222e6baac6bf9f5bfdfefd1a3bb	gi|2363086272|ref|NR_181388.1|	90.645	310	25	3	158	465	520	827	1.13e-113	409	2763658
ccadc222e6baac6bf9f5bfdfefd1a3bb	gi|343205927|ref|NR_044425.1|	90.675	311	23	5	158	465	478	785	1.13e-113	409	474960
ccadc222e6baac6bf9f5bfdfefd1a3bb	gi|265679047|ref|NR_029355.1|	90.615	309	27	2	158	465	464	771	1.13e-113	409	84026
ccadc222e6baac6bf9f5bfdfefd1a3bb	gi|444303976|ref|NR_074399.1|	89.408	321	34	0	145	465	452	772	1.46e-112	405	697329
ccadc222e6baac6bf9f5bfdfefd1a3bb	gi|631251834|ref|NR_113032.1|	89.408	321	34	0	145	465	452	772	1.46e-112	405	1264
ccadc222e6baac6bf9f5bfdfefd1a3bb	gi|636559173|ref|NR_115230.1|	89.408	321	34	0	145	465	452	772	1.46e-112	405	697329
ccadc222e6baac6bf9f5bfdfefd1a3bb	gi|219846339|ref|NR_025929.1|	89.408	321	34	0	145	465	447	767	1.46e-112	405	697329
ccadc222e6baac6bf9f5bfdfefd1a3bb	gi|2363087009|ref|NR_181761.1|	89.841	315	30	2	152	465	397	710	5.24e-112	403	2841509
186771ed1fc320c3d1fa57f00327042a	gi|2363081874|ref|NR_179183.1|	91.403	442	36	1	6	445	325	766	1.28e-172	604	1727145
186771ed1fc320c3d1fa57f00327042a	gi|2363085332|ref|NR_180914.1|	91.364	440	38	0	6	445	328	767	4.59e-172	603	2696063
186771ed1fc320c3d1fa57f00327042a	gi|2363085169|ref|NR_180833.1|	91.364	440	38	0	6	445	337	776	4.59e-172	603	2606635
186771ed1fc320c3d1fa57f00327042a	gi|2363085097|ref|NR_180797.1|	91.364	440	38	0	6	445	346	785	4.59e-172	603	2605778
186771ed1fc320c3d1fa57f00327042a	gi|2363086284|ref|NR_181394.1|	91.364	440	38	0	6	445	306	745	4.59e-172	603	2763668
186771ed1fc320c3d1fa57f00327042a	gi|2363082679|ref|NR_179587.1|	91.136	440	39	0	6	445	328	767	2.14e-170	597	1926283
186771ed1fc320c3d1fa57f00327042a	gi|2363081854|ref|NR_179173.1|	91.136	440	39	0	6	445	333	772	2.14e-170	597	2126740
186771ed1fc320c3d1fa57f00327042a	gi|631253128|ref|NR_114326.1|	91.136	440	39	0	6	445	334	773	2.14e-170	597	1150298
186771ed1fc320c3d1fa57f00327042a	gi|2363087259|ref|NR_181885.1|	90.909	440	40	0	6	445	335	774	2.76e-169	593	2885351
186771ed1fc320c3d1fa57f00327042a	gi|2363086280|ref|NR_181392.1|	90.950	442	38	1	6	445	324	765	2.76e-169	593	2763665
7253c77f906b3180a2cf45dfe755aa83	gi|2621112340|ref|NR_189244.1|	92.568	444	30	3	6	448	363	804	0.0	634	3046382
7253c77f906b3180a2cf45dfe755aa83	gi|2621112341|ref|NR_189245.1|	92.342	444	31	3	6	448	363	804	7.63e-180	628	3046383
7253c77f906b3180a2cf45dfe755aa83	gi|2363084132|ref|NR_180315.1|	87.416	445	52	4	6	448	323	765	1.04e-143	508	2496273
7253c77f906b3180a2cf45dfe755aa83	gi|219857574|ref|NR_025162.1|	87.444	446	49	7	6	448	328	769	3.73e-143	507	159292
7253c77f906b3180a2cf45dfe755aa83	gi|219846854|ref|NR_026446.1|	87.416	445	50	6	6	448	328	768	3.73e-143	507	69895
7253c77f906b3180a2cf45dfe755aa83	gi|219846469|ref|NR_026061.1|	87.444	446	49	7	6	448	348	789	3.73e-143	507	57172
7253c77f906b3180a2cf45dfe755aa83	gi|343199076|ref|NR_044503.1|	87.133	443	54	3	6	448	450	889	6.24e-141	499	520762
7253c77f906b3180a2cf45dfe755aa83	gi|2621112296|ref|NR_189199.1|	86.486	444	58	2	6	448	342	784	4.86e-137	486	2086585
7253c77f906b3180a2cf45dfe755aa83	gi|1491509619|ref|NR_159150.1|	86.517	445	55	5	6	448	350	791	1.75e-136	484	489973
7253c77f906b3180a2cf45dfe755aa83	gi|631252050|ref|NR_113248.1|	86.517	445	54	6	6	448	347	787	1.75e-136	484	1736
1f3a9f07f78d26661641eff3689b49d5	gi|631251954|ref|NR_113152.1|	93.709	461	27	2	6	465	337	796	0.0	689	28117
1f3a9f07f78d26661641eff3689b49d5	gi|219846319|ref|NR_025909.1|	91.974	461	35	2	6	465	344	803	0.0	665	28117
1f3a9f07f78d26661641eff3689b49d5	gi|645321193|ref|NR_118219.1|	91.342	462	36	4	6	465	332	791	7.93e-180	628	1033732
1f3a9f07f78d26661641eff3689b49d5	gi|672239000|ref|NR_125589.1|	91.126	462	37	4	6	465	269	728	3.69e-178	623	1033731
1f3a9f07f78d26661641eff3689b49d5	gi|2363086959|ref|NR_181736.1|	90.909	462	38	4	6	465	334	793	1.72e-176	617	2834113
1f3a9f07f78d26661641eff3689b49d5	gi|2363082099|ref|NR_179296.1|	90.909	462	38	4	6	465	324	783	1.72e-176	617	2585119
1f3a9f07f78d26661641eff3689b49d5	gi|631251953|ref|NR_113151.1|	90.497	463	38	6	6	465	338	797	3.72e-173	606	328813
1f3a9f07f78d26661641eff3689b49d5	gi|343202833|ref|NR_043318.1|	90.497	463	38	6	6	465	324	783	3.72e-173	606	328813
1f3a9f07f78d26661641eff3689b49d5	gi|2363082505|ref|NR_179499.1|	90.086	464	38	8	6	465	342	801	8.05e-170	595	2364787
1f3a9f07f78d26661641eff3689b49d5	gi|507148137|ref|NR_102944.1|	90.043	462	42	4	6	465	334	793	8.05e-170	595	214856
e4af038c85e3ea7f8d92999cd682cd01	gi|645321093|ref|NR_118143.1|	89.677	465	24	12	6	446	316	780	1.30e-162	571	1035839
e4af038c85e3ea7f8d92999cd682cd01	gi|636560108|ref|NR_116168.1|	89.677	465	24	12	6	446	335	799	1.30e-162	571	888828
e4af038c85e3ea7f8d92999cd682cd01	gi|343202529|ref|NR_042878.1|	89.677	465	24	12	6	446	314	778	1.30e-162	571	888828
e4af038c85e3ea7f8d92999cd682cd01	gi|219846439|ref|NR_026030.1|	89.485	466	23	15	6	446	318	782	6.04e-161	566	51048
e4af038c85e3ea7f8d92999cd682cd01	gi|343202522|ref|NR_042871.1|	89.032	465	27	16	6	446	316	780	1.01e-158	558	123820
e4af038c85e3ea7f8d92999cd682cd01	gi|636559155|ref|NR_115212.1|	89.056	466	25	15	6	446	316	780	1.01e-158	558	51048
e4af038c85e3ea7f8d92999cd682cd01	gi|645321091|ref|NR_118142.1|	89.056	466	25	14	6	446	314	778	1.31e-157	555	736
e4af038c85e3ea7f8d92999cd682cd01	gi|343202528|ref|NR_042877.1|	89.032	465	27	17	6	446	312	776	1.31e-157	555	733
e4af038c85e3ea7f8d92999cd682cd01	gi|1491522540|ref|NR_159347.1|	88.817	465	28	11	6	446	340	804	4.70e-157	553	28161
e4af038c85e3ea7f8d92999cd682cd01	gi|645321895|ref|NR_118762.1|	88.553	463	29	12	8	446	340	802	1.69e-156	551	888828
d701300ac420ad2c02e8e08271c15e4b	gi|2363080123|ref|NR_178280.1|	94.091	440	26	0	6	445	331	770	0.0	669	411483
d701300ac420ad2c02e8e08271c15e4b	gi|2363081449|ref|NR_178971.1|	93.864	440	26	1	6	445	285	723	0.0	662	1851427
d701300ac420ad2c02e8e08271c15e4b	gi|265678656|ref|NR_028961.1|	93.409	440	29	0	6	445	327	766	0.0	652	853
d701300ac420ad2c02e8e08271c15e4b	gi|2363081451|ref|NR_178972.1|	93.182	440	30	0	6	445	285	724	0.0	647	1851428
d701300ac420ad2c02e8e08271c15e4b	gi|3030611269|ref|NR_199945.1|	92.955	440	31	0	6	445	335	774	0.0	641	3435293
d701300ac420ad2c02e8e08271c15e4b	gi|2363082282|ref|NR_179388.1|	92.744	441	30	2	6	445	335	774	0.0	636	2935520
d701300ac420ad2c02e8e08271c15e4b	gi|2363080175|ref|NR_178311.1|	92.273	440	34	0	6	445	412	851	9.80e-179	625	2903556
d701300ac420ad2c02e8e08271c15e4b	gi|1277396189|ref|NR_151900.1|	89.091	440	48	0	6	445	351	790	2.18e-155	547	1550024
d701300ac420ad2c02e8e08271c15e4b	gi|1397641802|ref|NR_156911.1|	88.864	440	49	0	6	445	351	790	1.02e-153	542	1650663
d701300ac420ad2c02e8e08271c15e4b	gi|2962412223|ref|NR_199417.1|	88.435	441	49	2	6	445	342	781	2.20e-150	531	3136601
fa4a6f29e8f8a99fe1186125467b6e83	gi|2363085097|ref|NR_180797.1|	92.744	441	30	2	6	445	346	785	0.0	636	2605778
fa4a6f29e8f8a99fe1186125467b6e83	gi|219846514|ref|NR_026106.1|	92.777	443	26	6	6	445	316	755	0.0	636	29322
fa4a6f29e8f8a99fe1186125467b6e83	gi|2363082679|ref|NR_179587.1|	92.273	440	34	0	6	445	328	767	9.80e-179	625	1926283
fa4a6f29e8f8a99fe1186125467b6e83	gi|1193829153|ref|NR_147396.1|	92.290	441	32	2	6	445	328	767	9.80e-179	625	1917870
fa4a6f29e8f8a99fe1186125467b6e83	gi|2363081854|ref|NR_179173.1|	92.273	440	34	0	6	445	333	772	9.80e-179	625	2126740
fa4a6f29e8f8a99fe1186125467b6e83	gi|2363087259|ref|NR_181885.1|	92.063	441	33	2	6	445	335	774	1.27e-177	621	2885351
fa4a6f29e8f8a99fe1186125467b6e83	gi|3030611230|ref|NR_199906.1|	92.045	440	35	0	6	445	354	793	4.56e-177	619	3123317
fa4a6f29e8f8a99fe1186125467b6e83	gi|2363085169|ref|NR_180833.1|	92.045	440	35	0	6	445	337	776	4.56e-177	619	2606635
fa4a6f29e8f8a99fe1186125467b6e83	gi|3030611314|ref|NR_199990.1|	92.045	440	35	0	6	445	350	789	4.56e-177	619	3123317
fa4a6f29e8f8a99fe1186125467b6e83	gi|2836274880|ref|NR_197643.1|	92.045	440	35	0	6	445	329	768	4.56e-177	619	2962432
d46988e53c9d31c2ec05c595e72269bc	gi|2363082165|ref|NR_179329.1|	90.337	445	38	5	6	448	327	768	7.79e-165	579	2714353
d46988e53c9d31c2ec05c595e72269bc	gi|1109168025|ref|NR_144611.1|	90.112	445	40	4	6	448	282	724	1.01e-163	575	1417852
d46988e53c9d31c2ec05c595e72269bc	gi|2363082342|ref|NR_179418.1|	89.663	445	42	4	6	448	348	790	2.18e-160	564	1673721
d46988e53c9d31c2ec05c595e72269bc	gi|645321636|ref|NR_118554.1|	89.686	446	40	6	6	448	329	771	2.18e-160	564	1297617
d46988e53c9d31c2ec05c595e72269bc	gi|2363082168|ref|NR_179330.1|	89.663	445	41	5	6	448	327	768	7.85e-160	562	2714355
d46988e53c9d31c2ec05c595e72269bc	gi|2363082352|ref|NR_179423.1|	89.238	446	42	6	6	448	349	791	4.72e-157	553	1689270
d46988e53c9d31c2ec05c595e72269bc	gi|3030611324|ref|NR_200000.1|	88.989	445	45	4	6	448	301	743	2.20e-155	547	3342383
d46988e53c9d31c2ec05c595e72269bc	gi|2363083800|ref|NR_180148.1|	88.789	446	44	6	6	448	349	791	1.02e-153	542	2211183
d46988e53c9d31c2ec05c595e72269bc	gi|2363082358|ref|NR_179426.1|	88.764	445	46	4	6	448	349	791	1.02e-153	542	1702285
d46988e53c9d31c2ec05c595e72269bc	gi|343206380|ref|NR_044972.1|	88.565	446	45	5	6	448	331	773	3.68e-153	540	44749
f9a5c843081dfd04fb7f9a73ca6aeb95	gi|2363082583|ref|NR_179538.1|	92.517	441	32	1	6	446	346	785	2.11e-180	630	1852382
f9a5c843081dfd04fb7f9a73ca6aeb95	gi|645321072|ref|NR_118128.1|	92.290	441	33	1	6	446	174	613	9.82e-179	625	1531
f9a5c843081dfd04fb7f9a73ca6aeb95	gi|631252212|ref|NR_113410.1|	92.290	441	33	1	6	446	257	696	9.82e-179	625	208479
f9a5c843081dfd04fb7f9a73ca6aeb95	gi|219878428|ref|NR_025567.1|	92.290	441	33	1	6	446	348	787	9.82e-179	625	208479
f9a5c843081dfd04fb7f9a73ca6aeb95	gi|545589118|ref|NR_044715.2|	92.063	441	34	1	6	446	355	794	1.27e-177	621	1531
f9a5c843081dfd04fb7f9a73ca6aeb95	gi|343198784|ref|NR_043681.1|	91.837	441	35	1	6	446	313	752	2.13e-175	614	358743
f9a5c843081dfd04fb7f9a73ca6aeb95	gi|631251356|ref|NR_112553.1|	90.476	441	42	0	6	446	348	788	6.00e-166	582	342942
f9a5c843081dfd04fb7f9a73ca6aeb95	gi|2363085097|ref|NR_180797.1|	90.476	441	41	1	6	446	346	785	2.16e-165	580	2605778
f9a5c843081dfd04fb7f9a73ca6aeb95	gi|2363082059|ref|NR_179276.1|	90.249	441	42	1	6	446	334	773	1.00e-163	575	2316025
f9a5c843081dfd04fb7f9a73ca6aeb95	gi|631253194|ref|NR_114392.1|	90.249	441	42	1	6	446	350	789	1.00e-163	575	1544
17077a20fb591c39c6f63e2f5dfb9cb4	gi|3248465644|ref|NR_201656.1|	92.063	441	34	1	6	446	329	768	4.57e-177	619	3417633
17077a20fb591c39c6f63e2f5dfb9cb4	gi|219846341|ref|NR_025931.1|	91.403	442	35	3	6	446	308	747	4.60e-172	603	1265
17077a20fb591c39c6f63e2f5dfb9cb4	gi|507148077|ref|NR_102884.1|	91.156	441	38	1	6	446	331	770	2.14e-170	597	213810
17077a20fb591c39c6f63e2f5dfb9cb4	gi|3248465648|ref|NR_201660.1|	90.930	441	39	1	6	446	319	758	9.96e-169	592	3417630
17077a20fb591c39c6f63e2f5dfb9cb4	gi|636558832|ref|NR_114889.1|	90.930	441	38	2	6	446	277	715	9.96e-169	592	213810
17077a20fb591c39c6f63e2f5dfb9cb4	gi|265678854|ref|NR_029160.1|	90.745	443	36	5	6	446	293	732	4.64e-167	586	40519
17077a20fb591c39c6f63e2f5dfb9cb4	gi|2363082601|ref|NR_179547.1|	90.023	441	43	1	6	446	347	786	4.67e-162	569	1870991
17077a20fb591c39c6f63e2f5dfb9cb4	gi|444303976|ref|NR_074399.1|	90.023	441	43	1	6	446	333	772	4.67e-162	569	697329
17077a20fb591c39c6f63e2f5dfb9cb4	gi|631251834|ref|NR_113032.1|	90.023	441	43	1	6	446	333	772	4.67e-162	569	1264
17077a20fb591c39c6f63e2f5dfb9cb4	gi|636559173|ref|NR_115230.1|	90.023	441	43	1	6	446	333	772	4.67e-162	569	697329
a5372cb13e4610d788fb6688de96b557	gi|2363082841|ref|NR_179669.1|	89.936	467	44	3	6	471	360	824	6.31e-171	599	2161821
a5372cb13e4610d788fb6688de96b557	gi|2363082109|ref|NR_179301.1|	89.936	467	44	3	6	471	344	808	6.31e-171	599	2582419
a5372cb13e4610d788fb6688de96b557	gi|343200979|ref|NR_041666.1|	87.339	466	58	1	6	471	336	800	6.49e-151	532	742743
a5372cb13e4610d788fb6688de96b557	gi|2836274880|ref|NR_197643.1|	95.092	326	16	0	146	471	443	768	2.35e-145	514	2962432
a5372cb13e4610d788fb6688de96b557	gi|2363080261|ref|NR_178356.1|	94.785	326	17	0	146	471	427	752	1.09e-143	508	558153
a5372cb13e4610d788fb6688de96b557	gi|219846508|ref|NR_026100.1|	94.785	326	17	0	146	471	437	762	1.09e-143	508	1286362
a5372cb13e4610d788fb6688de96b557	gi|631251457|ref|NR_112654.1|	94.785	326	17	0	146	471	452	777	1.09e-143	508	1286362
a5372cb13e4610d788fb6688de96b557	gi|219846817|ref|NR_026409.1|	94.785	326	17	0	146	471	455	780	1.09e-143	508	29370
a5372cb13e4610d788fb6688de96b557	gi|1441204227|ref|NR_157642.1|	94.512	328	18	0	144	471	413	740	3.93e-143	507	1653435
a5372cb13e4610d788fb6688de96b557	gi|2363082819|ref|NR_179658.1|	94.512	328	18	0	144	471	465	792	3.93e-143	507	2086584
c0f0124cde7bcda0b12716dc8eee65a4	gi|2363080283|ref|NR_178367.1|	99.318	440	3	0	6	445	328	767	0.0	797	673271
c0f0124cde7bcda0b12716dc8eee65a4	gi|219857617|ref|NR_025206.1|	95.455	440	20	0	6	445	314	753	0.0	702	180286
c0f0124cde7bcda0b12716dc8eee65a4	gi|1109168027|ref|NR_144612.1|	95.227	440	21	0	6	445	350	789	0.0	697	1796636
c0f0124cde7bcda0b12716dc8eee65a4	gi|1227086118|ref|NR_148620.1|	95.227	440	21	0	6	445	195	634	0.0	697	1763509
c0f0124cde7bcda0b12716dc8eee65a4	gi|1040567056|ref|NR_137405.1|	95.227	440	21	0	6	445	307	746	0.0	697	1619234
c0f0124cde7bcda0b12716dc8eee65a4	gi|219857122|ref|NR_024750.1|	95.011	441	21	1	6	445	300	740	0.0	693	116085
c0f0124cde7bcda0b12716dc8eee65a4	gi|2260349417|ref|NR_176499.1|	95.011	441	20	2	6	445	350	789	0.0	691	1812858
c0f0124cde7bcda0b12716dc8eee65a4	gi|343202586|ref|NR_042953.1|	94.545	440	24	0	6	445	308	747	0.0	680	264463
c0f0124cde7bcda0b12716dc8eee65a4	gi|219878251|ref|NR_025390.1|	94.318	440	25	0	6	445	330	769	0.0	675	115544
c0f0124cde7bcda0b12716dc8eee65a4	gi|631250892|ref|NR_112089.1|	94.318	440	25	0	6	445	336	775	0.0	675	553973
ee9ca81be1836a10bfa3b03f0cd48d94	gi|3030611269|ref|NR_199945.1|	92.500	440	33	0	6	445	335	774	2.11e-180	630	3435293
ee9ca81be1836a10bfa3b03f0cd48d94	gi|265678656|ref|NR_028961.1|	92.500	440	33	0	6	445	327	766	2.11e-180	630	853
ee9ca81be1836a10bfa3b03f0cd48d94	gi|636558732|ref|NR_114789.1|	92.308	442	30	3	6	445	347	786	9.80e-179	625	1535
ee9ca81be1836a10bfa3b03f0cd48d94	gi|2363081451|ref|NR_178972.1|	92.063	441	33	2	6	445	285	724	4.56e-177	619	1851428
ee9ca81be1836a10bfa3b03f0cd48d94	gi|2363080123|ref|NR_178280.1|	91.818	440	36	0	6	445	331	770	2.12e-175	614	411483
ee9ca81be1836a10bfa3b03f0cd48d94	gi|2363082282|ref|NR_179388.1|	91.610	441	35	2	6	445	335	774	9.87e-174	608	2935520
ee9ca81be1836a10bfa3b03f0cd48d94	gi|2836274967|ref|NR_197730.1|	91.403	442	34	3	6	445	312	751	4.59e-172	603	3093658
ee9ca81be1836a10bfa3b03f0cd48d94	gi|2836274966|ref|NR_197729.1|	91.403	442	34	3	6	445	304	743	4.59e-172	603	3093657
ee9ca81be1836a10bfa3b03f0cd48d94	gi|2363081449|ref|NR_178971.1|	91.364	440	37	1	6	445	285	723	1.65e-171	601	1851427
ee9ca81be1836a10bfa3b03f0cd48d94	gi|2363086260|ref|NR_181382.1|	91.176	442	35	4	6	445	322	761	2.14e-170	597	2763662
82bd6d08cd7e6e14320a94e6f45859d3	gi|3248465636|ref|NR_201647.1|	94.582	443	21	2	6	448	300	739	0.0	682	3380806
82bd6d08cd7e6e14320a94e6f45859d3	gi|343198924|ref|NR_044048.1|	94.582	443	21	2	6	448	328	767	0.0	682	470146
82bd6d08cd7e6e14320a94e6f45859d3	gi|1116030277|ref|NR_144735.1|	94.131	443	23	2	6	448	350	789	0.0	671	1745713
82bd6d08cd7e6e14320a94e6f45859d3	gi|2363086021|ref|NR_181263.1|	93.002	443	28	2	6	448	334	773	0.0	643	2726362
82bd6d08cd7e6e14320a94e6f45859d3	gi|343203027|ref|NR_043551.1|	92.777	443	29	2	6	448	349	788	0.0	638	341220
82bd6d08cd7e6e14320a94e6f45859d3	gi|1397641798|ref|NR_156907.1|	92.551	443	30	2	6	448	348	787	0.0	632	1912855
82bd6d08cd7e6e14320a94e6f45859d3	gi|1109168038|ref|NR_144617.1|	92.551	443	30	2	6	448	340	779	0.0	632	1796634
82bd6d08cd7e6e14320a94e6f45859d3	gi|2363082603|ref|NR_179548.1|	92.325	443	31	2	6	448	348	787	7.63e-180	628	1870993
82bd6d08cd7e6e14320a94e6f45859d3	gi|645319781|ref|NR_117147.1|	92.325	443	31	2	6	448	346	785	2.74e-179	627	39482
82bd6d08cd7e6e14320a94e6f45859d3	gi|559795214|ref|NR_104803.1|	92.325	443	31	2	6	448	343	782	2.74e-179	627	39482
fb6ca45d77b02bad2e2a58091bfee80e	gi|444439494|ref|NR_074809.1|	94.331	441	25	0	6	446	350	790	0.0	676	585394
fb6ca45d77b02bad2e2a58091bfee80e	gi|343198540|ref|NR_042832.1|	94.104	441	26	0	6	446	330	770	0.0	671	301302
fb6ca45d77b02bad2e2a58091bfee80e	gi|343201282|ref|NR_042008.1|	94.104	441	25	1	6	446	341	780	0.0	669	585394
fb6ca45d77b02bad2e2a58091bfee80e	gi|645320588|ref|NR_117758.1|	93.891	442	26	1	6	446	322	763	0.0	665	166486
fb6ca45d77b02bad2e2a58091bfee80e	gi|228716944|ref|NR_027557.1|	93.891	442	26	1	6	446	343	784	0.0	665	536231
fb6ca45d77b02bad2e2a58091bfee80e	gi|343201281|ref|NR_042007.1|	93.694	444	23	5	6	446	343	784	0.0	660	622312
fb6ca45d77b02bad2e2a58091bfee80e	gi|310974914|ref|NR_036777.1|	94.009	434	23	3	6	438	333	764	0.0	656	33039
fb6ca45d77b02bad2e2a58091bfee80e	gi|2363082374|ref|NR_179434.1|	93.424	441	28	1	6	446	349	788	0.0	652	1720300
fb6ca45d77b02bad2e2a58091bfee80e	gi|444304209|ref|NR_074634.1|	93.424	441	28	1	6	446	350	789	0.0	652	515619
fb6ca45d77b02bad2e2a58091bfee80e	gi|1227086116|ref|NR_148619.1|	93.213	442	29	1	6	446	301	742	0.0	649	1712665
532f717845990d17762f4e73d1547ed5	gi|1109168025|ref|NR_144611.1|	93.454	443	29	0	6	448	282	724	0.0	658	1417852
532f717845990d17762f4e73d1547ed5	gi|645321636|ref|NR_118554.1|	93.468	444	27	2	6	448	329	771	0.0	658	1297617
532f717845990d17762f4e73d1547ed5	gi|2363082165|ref|NR_179329.1|	93.454	443	28	1	6	448	327	768	0.0	656	2714353
532f717845990d17762f4e73d1547ed5	gi|2363082168|ref|NR_179330.1|	93.228	443	29	1	6	448	327	768	0.0	651	2714355
532f717845990d17762f4e73d1547ed5	gi|343206380|ref|NR_044972.1|	92.793	444	30	2	6	448	331	773	0.0	645	44749
532f717845990d17762f4e73d1547ed5	gi|3030611324|ref|NR_200000.1|	92.777	443	32	0	6	448	301	743	0.0	641	3342383
532f717845990d17762f4e73d1547ed5	gi|2363082342|ref|NR_179418.1|	92.777	443	32	0	6	448	348	790	0.0	641	1673721
532f717845990d17762f4e73d1547ed5	gi|3248465658|ref|NR_201672.1|	91.892	444	34	2	6	448	296	738	4.59e-177	619	3381350
532f717845990d17762f4e73d1547ed5	gi|2136551692|ref|NR_173697.1|	91.874	443	35	1	6	448	349	790	1.65e-176	617	2108523
532f717845990d17762f4e73d1547ed5	gi|1193829127|ref|NR_147370.1|	91.648	443	37	0	6	448	349	791	2.14e-175	614	1870988
8cb0d36dbdd53f95da02f6d10ffc61c6	gi|943392602|ref|NR_117139.2|	95.227	440	21	0	6	445	346	785	0.0	697	649756
8cb0d36dbdd53f95da02f6d10ffc61c6	gi|943392601|ref|NR_117138.2|	95.227	440	21	0	6	445	346	785	0.0	697	649756
8cb0d36dbdd53f95da02f6d10ffc61c6	gi|559795210|ref|NR_104799.1|	95.227	440	21	0	6	445	338	777	0.0	697	649756
8cb0d36dbdd53f95da02f6d10ffc61c6	gi|2363085925|ref|NR_181215.1|	94.773	440	23	0	6	445	331	770	0.0	686	2738446
8cb0d36dbdd53f95da02f6d10ffc61c6	gi|631252121|ref|NR_113319.1|	93.878	441	25	2	6	445	350	789	0.0	664	645466
8cb0d36dbdd53f95da02f6d10ffc61c6	gi|636560803|ref|NR_116863.1|	93.665	442	25	3	6	445	337	777	0.0	658	645466
8cb0d36dbdd53f95da02f6d10ffc61c6	gi|2363081778|ref|NR_179135.1|	92.290	441	33	1	6	445	330	770	9.80e-179	625	2025494
8cb0d36dbdd53f95da02f6d10ffc61c6	gi|2363087251|ref|NR_181881.1|	92.290	441	33	1	6	445	307	747	9.80e-179	625	2880702
8cb0d36dbdd53f95da02f6d10ffc61c6	gi|265678610|ref|NR_028915.1|	92.081	442	33	2	6	445	315	756	1.27e-177	621	105841
8cb0d36dbdd53f95da02f6d10ffc61c6	gi|1227086118|ref|NR_148620.1|	92.045	440	35	0	6	445	195	634	4.56e-177	619	1763509
2117e948d80e54d64f9b36dc438aaefc	gi|2363082841|ref|NR_179669.1|	90.323	465	21	9	6	446	360	824	1.29e-167	588	2161821
2117e948d80e54d64f9b36dc438aaefc	gi|2363082109|ref|NR_179301.1|	90.323	465	21	9	6	446	344	808	1.29e-167	588	2582419
2117e948d80e54d64f9b36dc438aaefc	gi|343200979|ref|NR_041666.1|	90.108	465	22	11	6	446	336	800	6.00e-166	582	742743
2117e948d80e54d64f9b36dc438aaefc	gi|343198671|ref|NR_043231.1|	89.462	465	25	11	6	446	283	747	6.04e-161	566	308994
2117e948d80e54d64f9b36dc438aaefc	gi|631252159|ref|NR_113357.1|	89.270	466	25	12	6	446	356	821	2.81e-159	560	308994
2117e948d80e54d64f9b36dc438aaefc	gi|631252157|ref|NR_113355.1|	89.032	465	27	8	6	446	356	820	1.31e-157	555	218538
2117e948d80e54d64f9b36dc438aaefc	gi|219846090|ref|NR_025680.1|	89.032	465	27	8	6	446	336	800	1.31e-157	555	592028
2117e948d80e54d64f9b36dc438aaefc	gi|631252158|ref|NR_113356.1|	88.817	465	27	11	6	446	355	818	2.19e-155	547	309120
2117e948d80e54d64f9b36dc438aaefc	gi|343198462|ref|NR_041895.1|	88.817	465	27	11	6	446	296	759	2.19e-155	547	888062
2117e948d80e54d64f9b36dc438aaefc	gi|219846637|ref|NR_026229.1|	87.983	466	30	10	6	446	336	800	2.85e-149	527	39950
a6cb16b1a9b223b0b02a618cb651bf1a	gi|631251955|ref|NR_113153.1|	99.669	302	1	0	144	445	492	793	4.69e-157	553	328814
a6cb16b1a9b223b0b02a618cb651bf1a	gi|343202834|ref|NR_043319.1|	99.338	302	2	0	144	445	481	782	6.07e-156	549	717959
a6cb16b1a9b223b0b02a618cb651bf1a	gi|2363086959|ref|NR_181736.1|	99.338	302	2	0	144	445	492	793	2.18e-155	547	2834113
a6cb16b1a9b223b0b02a618cb651bf1a	gi|507148054|ref|NR_102861.1|	99.338	302	2	0	144	445	492	793	2.18e-155	547	717959
a6cb16b1a9b223b0b02a618cb651bf1a	gi|645321193|ref|NR_118219.1|	99.007	302	3	0	144	445	490	791	1.02e-153	542	1033732
a6cb16b1a9b223b0b02a618cb651bf1a	gi|672239000|ref|NR_125589.1|	99.007	302	3	0	144	445	427	728	1.02e-153	542	1033731
a6cb16b1a9b223b0b02a618cb651bf1a	gi|507148137|ref|NR_102944.1|	98.675	302	4	0	144	445	492	793	4.72e-152	536	214856
a6cb16b1a9b223b0b02a618cb651bf1a	gi|631251952|ref|NR_113150.1|	98.675	302	4	0	144	445	492	793	4.72e-152	536	214856
a6cb16b1a9b223b0b02a618cb651bf1a	gi|636559243|ref|NR_115300.1|	98.675	302	4	0	144	445	472	773	4.72e-152	536	679935
a6cb16b1a9b223b0b02a618cb651bf1a	gi|343198609|ref|NR_043064.1|	98.675	302	4	0	144	445	472	773	4.72e-152	536	214856
db7bd3d9bcd03d71b8da64e5894995be	gi|1109168025|ref|NR_144611.1|	90.293	443	43	0	6	448	282	724	2.17e-165	580	1417852
db7bd3d9bcd03d71b8da64e5894995be	gi|444304204|ref|NR_074629.1|	90.293	443	43	0	6	448	341	783	2.17e-165	580	1515
db7bd3d9bcd03d71b8da64e5894995be	gi|631251959|ref|NR_113157.1|	90.293	443	43	0	6	448	341	783	2.17e-165	580	1515
db7bd3d9bcd03d71b8da64e5894995be	gi|2363082168|ref|NR_179330.1|	90.315	444	40	3	6	448	327	768	7.79e-165	579	2714355
db7bd3d9bcd03d71b8da64e5894995be	gi|785794309|ref|NG_041947.1|	90.090	444	42	2	6	448	469	911	1.01e-163	575	394503
db7bd3d9bcd03d71b8da64e5894995be	gi|785497611|ref|NR_102768.2|	90.090	444	42	2	6	448	330	772	1.01e-163	575	1521
db7bd3d9bcd03d71b8da64e5894995be	gi|219857201|ref|NR_024829.1|	90.068	443	44	0	6	448	321	763	1.01e-163	575	253314
db7bd3d9bcd03d71b8da64e5894995be	gi|2363082165|ref|NR_179329.1|	90.090	444	41	3	6	448	327	768	3.63e-163	573	2714353
db7bd3d9bcd03d71b8da64e5894995be	gi|219857437|ref|NR_025025.1|	89.842	443	43	2	6	448	332	772	3.63e-163	573	100176
db7bd3d9bcd03d71b8da64e5894995be	gi|2363082342|ref|NR_179418.1|	89.865	444	43	2	6	448	348	790	4.69e-162	569	1673721
2bde61eed12b130eafe5f25645b6696f	gi|2363086262|ref|NR_181383.1|	91.461	445	36	2	6	449	307	750	2.77e-174	610	2763654
2bde61eed12b130eafe5f25645b6696f	gi|1116030284|ref|NR_144742.1|	89.910	446	40	4	6	449	352	794	4.70e-162	569	1805714
2bde61eed12b130eafe5f25645b6696f	gi|2363086270|ref|NR_181387.1|	89.663	445	42	4	6	449	302	743	2.19e-160	564	2763656
2bde61eed12b130eafe5f25645b6696f	gi|444304204|ref|NR_074629.1|	89.485	447	40	6	6	449	341	783	1.02e-158	558	1515
2bde61eed12b130eafe5f25645b6696f	gi|2363086268|ref|NR_181386.1|	89.438	445	44	3	6	449	303	745	1.02e-158	558	2763655
2bde61eed12b130eafe5f25645b6696f	gi|631251959|ref|NR_113157.1|	89.485	447	40	6	6	449	341	783	1.02e-158	558	1515
2bde61eed12b130eafe5f25645b6696f	gi|631251702|ref|NR_112900.1|	89.038	447	42	6	6	449	341	783	2.20e-155	547	626937
2bde61eed12b130eafe5f25645b6696f	gi|974142194|ref|NR_134714.1|	88.989	445	43	5	6	449	303	742	7.92e-155	545	1450648
2bde61eed12b130eafe5f25645b6696f	gi|2363084120|ref|NR_180309.1|	88.739	444	49	1	6	449	289	731	1.02e-153	542	2487273
2bde61eed12b130eafe5f25645b6696f	gi|636559212|ref|NR_115269.1|	88.565	446	46	5	6	449	332	774	4.77e-152	536	270498
8a8b673ac8ef580317454bbce0df1a8e	gi|1109168025|ref|NR_144611.1|	91.480	446	32	6	6	448	282	724	9.94e-174	608	1417852
8a8b673ac8ef580317454bbce0df1a8e	gi|3030611324|ref|NR_200000.1|	90.828	447	33	6	6	448	301	743	1.00e-168	592	3342383
8a8b673ac8ef580317454bbce0df1a8e	gi|631252162|ref|NR_113360.1|	90.583	446	36	6	6	448	339	781	4.66e-167	586	1121303
8a8b673ac8ef580317454bbce0df1a8e	gi|645319736|ref|NR_117111.1|	90.583	446	36	6	6	448	336	778	4.66e-167	586	29371
8a8b673ac8ef580317454bbce0df1a8e	gi|2363082168|ref|NR_179330.1|	90.583	446	35	7	6	448	327	768	1.68e-166	584	2714355
8a8b673ac8ef580317454bbce0df1a8e	gi|2363082342|ref|NR_179418.1|	90.337	445	39	4	6	448	348	790	2.17e-165	580	1673721
8a8b673ac8ef580317454bbce0df1a8e	gi|219846512|ref|NR_026104.1|	90.359	446	37	6	6	448	312	754	2.17e-165	580	1121303
8a8b673ac8ef580317454bbce0df1a8e	gi|2363082165|ref|NR_179329.1|	89.910	446	38	7	6	448	327	768	1.69e-161	568	2714353
8a8b673ac8ef580317454bbce0df1a8e	gi|645319803|ref|NR_117165.1|	89.910	446	38	7	6	448	476	917	1.69e-161	568	48256
8a8b673ac8ef580317454bbce0df1a8e	gi|645319802|ref|NR_117164.1|	89.910	446	38	7	6	448	476	917	1.69e-161	568	48256
66ba0897e755d216a2aecc687c9fdfa7	gi|444304209|ref|NR_074634.1|	90.971	443	34	6	6	445	350	789	9.94e-169	592	515619
66ba0897e755d216a2aecc687c9fdfa7	gi|1227086116|ref|NR_148619.1|	90.787	445	33	8	6	445	301	742	1.29e-167	588	1712665
66ba0897e755d216a2aecc687c9fdfa7	gi|645320588|ref|NR_117758.1|	90.787	445	33	7	6	445	322	763	1.29e-167	588	166486
66ba0897e755d216a2aecc687c9fdfa7	gi|228716944|ref|NR_027557.1|	90.787	445	33	7	6	445	343	784	1.29e-167	588	536231
66ba0897e755d216a2aecc687c9fdfa7	gi|2363085153|ref|NR_180825.1|	90.766	444	34	7	6	445	347	787	4.62e-167	586	2605790
66ba0897e755d216a2aecc687c9fdfa7	gi|444439494|ref|NR_074809.1|	90.766	444	34	7	6	445	350	790	4.62e-167	586	585394
66ba0897e755d216a2aecc687c9fdfa7	gi|343201282|ref|NR_042008.1|	90.541	444	34	8	6	445	341	780	2.15e-165	580	585394
66ba0897e755d216a2aecc687c9fdfa7	gi|343198540|ref|NR_042832.1|	90.315	444	36	7	6	445	330	770	1.00e-163	575	301302
66ba0897e755d216a2aecc687c9fdfa7	gi|2363086282|ref|NR_181393.1|	90.068	443	38	6	6	445	290	729	4.66e-162	569	2763664
66ba0897e755d216a2aecc687c9fdfa7	gi|219846723|ref|NR_026315.1|	89.842	443	39	6	6	445	317	756	2.17e-160	564	46206
