a388aacb0038de3bc2b1eacc91f70c90	gi|602267405|ref|NR_044688.3|	94.144	444	24	2	6	448	335	777	0.0	688	852
a388aacb0038de3bc2b1eacc91f70c90	gi|645320556|ref|NR_117734.1|	93.905	443	27	0	6	448	309	751	0.0	669	850
a388aacb0038de3bc2b1eacc91f70c90	gi|631252181|ref|NR_113379.1|	93.679	443	28	0	6	448	321	763	0.0	664	134605
a388aacb0038de3bc2b1eacc91f70c90	gi|265678628|ref|NR_028933.1|	93.679	443	28	0	6	448	321	763	0.0	664	134605
a388aacb0038de3bc2b1eacc91f70c90	gi|3248465646|ref|NR_201658.1|	93.454	443	28	1	6	448	302	743	0.0	656	3455867
a388aacb0038de3bc2b1eacc91f70c90	gi|228720055|ref|NR_027588.1|	93.228	443	30	0	6	448	246	688	0.0	656	469615
a388aacb0038de3bc2b1eacc91f70c90	gi|343198594|ref|NR_042997.1|	93.228	443	30	0	6	448	266	708	0.0	652	271091
a388aacb0038de3bc2b1eacc91f70c90	gi|219878394|ref|NR_025533.1|	93.228	443	30	0	6	448	327	769	0.0	652	188913
a388aacb0038de3bc2b1eacc91f70c90	gi|645322306|ref|NR_119089.1|	93.593	437	24	4	6	440	323	757	0.0	649	850
a388aacb0038de3bc2b1eacc91f70c90	gi|1269235450|ref|NR_146837.2|	92.777	443	32	0	6	448	326	768	0.0	641	1755100
342e583e26a826effc6fd09e1c39909a	gi|602267405|ref|NR_044688.3|	94.144	444	24	2	6	448	335	777	0.0	688	852
342e583e26a826effc6fd09e1c39909a	gi|645320556|ref|NR_117734.1|	93.905	443	27	0	6	448	309	751	0.0	669	850
342e583e26a826effc6fd09e1c39909a	gi|631252181|ref|NR_113379.1|	93.679	443	28	0	6	448	321	763	0.0	664	134605
342e583e26a826effc6fd09e1c39909a	gi|265678628|ref|NR_028933.1|	93.679	443	28	0	6	448	321	763	0.0	664	134605
342e583e26a826effc6fd09e1c39909a	gi|3248465646|ref|NR_201658.1|	93.454	443	28	1	6	448	302	743	0.0	656	3455867
342e583e26a826effc6fd09e1c39909a	gi|228720055|ref|NR_027588.1|	93.228	443	30	0	6	448	246	688	0.0	656	469615
342e583e26a826effc6fd09e1c39909a	gi|343198594|ref|NR_042997.1|	93.228	443	30	0	6	448	266	708	0.0	652	271091
342e583e26a826effc6fd09e1c39909a	gi|219878394|ref|NR_025533.1|	93.228	443	30	0	6	448	327	769	0.0	652	188913
342e583e26a826effc6fd09e1c39909a	gi|645322306|ref|NR_119089.1|	93.593	437	24	4	6	440	323	757	0.0	649	850
342e583e26a826effc6fd09e1c39909a	gi|1269235450|ref|NR_146837.2|	92.777	443	32	0	6	448	326	768	0.0	641	1755100
069bba323a15ca4a7bb180d1f573736c	gi|602267405|ref|NR_044688.3|	94.144	444	24	2	6	448	335	777	0.0	688	852
069bba323a15ca4a7bb180d1f573736c	gi|645320556|ref|NR_117734.1|	93.905	443	27	0	6	448	309	751	0.0	669	850
069bba323a15ca4a7bb180d1f573736c	gi|631252181|ref|NR_113379.1|	93.679	443	28	0	6	448	321	763	0.0	664	134605
069bba323a15ca4a7bb180d1f573736c	gi|265678628|ref|NR_028933.1|	93.679	443	28	0	6	448	321	763	0.0	664	134605
069bba323a15ca4a7bb180d1f573736c	gi|3248465646|ref|NR_201658.1|	93.454	443	28	1	6	448	302	743	0.0	656	3455867
069bba323a15ca4a7bb180d1f573736c	gi|228720055|ref|NR_027588.1|	93.228	443	30	0	6	448	246	688	0.0	656	469615
069bba323a15ca4a7bb180d1f573736c	gi|343198594|ref|NR_042997.1|	93.228	443	30	0	6	448	266	708	0.0	652	271091
069bba323a15ca4a7bb180d1f573736c	gi|219878394|ref|NR_025533.1|	93.228	443	30	0	6	448	327	769	0.0	652	188913
069bba323a15ca4a7bb180d1f573736c	gi|645322306|ref|NR_119089.1|	93.593	437	24	4	6	440	323	757	0.0	649	850
069bba323a15ca4a7bb180d1f573736c	gi|1269235450|ref|NR_146837.2|	92.777	443	32	0	6	448	326	768	0.0	641	1755100
3f280c46f92e31b6c64222dc25201f93	gi|602267405|ref|NR_044688.3|	94.595	444	22	2	6	448	335	777	0.0	699	852
3f280c46f92e31b6c64222dc25201f93	gi|645320556|ref|NR_117734.1|	94.357	443	25	0	6	448	309	751	0.0	680	850
3f280c46f92e31b6c64222dc25201f93	gi|631252181|ref|NR_113379.1|	94.131	443	26	0	6	448	321	763	0.0	675	134605
3f280c46f92e31b6c64222dc25201f93	gi|265678628|ref|NR_028933.1|	94.131	443	26	0	6	448	321	763	0.0	675	134605
3f280c46f92e31b6c64222dc25201f93	gi|3248465646|ref|NR_201658.1|	93.905	443	26	1	6	448	302	743	0.0	667	3455867
3f280c46f92e31b6c64222dc25201f93	gi|228720055|ref|NR_027588.1|	93.679	443	28	0	6	448	246	688	0.0	667	469615
3f280c46f92e31b6c64222dc25201f93	gi|343198594|ref|NR_042997.1|	93.679	443	28	0	6	448	266	708	0.0	664	271091
3f280c46f92e31b6c64222dc25201f93	gi|219878394|ref|NR_025533.1|	93.679	443	28	0	6	448	327	769	0.0	664	188913
3f280c46f92e31b6c64222dc25201f93	gi|645322306|ref|NR_119089.1|	93.836	438	23	4	6	441	323	758	0.0	656	850
3f280c46f92e31b6c64222dc25201f93	gi|1269235450|ref|NR_146837.2|	93.228	443	30	0	6	448	326	768	0.0	652	1755100
1b6ac98217fc09e7e12f9373b0bb6735	gi|602267405|ref|NR_044688.3|	94.595	444	22	2	6	448	335	777	0.0	699	852
1b6ac98217fc09e7e12f9373b0bb6735	gi|645320556|ref|NR_117734.1|	94.357	443	25	0	6	448	309	751	0.0	680	850
1b6ac98217fc09e7e12f9373b0bb6735	gi|631252181|ref|NR_113379.1|	94.131	443	26	0	6	448	321	763	0.0	675	134605
1b6ac98217fc09e7e12f9373b0bb6735	gi|265678628|ref|NR_028933.1|	94.131	443	26	0	6	448	321	763	0.0	675	134605
1b6ac98217fc09e7e12f9373b0bb6735	gi|3248465646|ref|NR_201658.1|	93.905	443	26	1	6	448	302	743	0.0	667	3455867
1b6ac98217fc09e7e12f9373b0bb6735	gi|343198594|ref|NR_042997.1|	93.679	443	28	0	6	448	266	708	0.0	664	271091
1b6ac98217fc09e7e12f9373b0bb6735	gi|219878394|ref|NR_025533.1|	93.679	443	28	0	6	448	327	769	0.0	664	188913
1b6ac98217fc09e7e12f9373b0bb6735	gi|228720055|ref|NR_027588.1|	93.454	443	29	0	6	448	246	688	0.0	662	469615
1b6ac98217fc09e7e12f9373b0bb6735	gi|645322306|ref|NR_119089.1|	93.836	438	23	4	6	441	323	758	0.0	656	850
1b6ac98217fc09e7e12f9373b0bb6735	gi|1269235450|ref|NR_146837.2|	93.228	443	30	0	6	448	326	768	0.0	652	1755100
339d2fb9e2a9db48d9f168d2b2c830d4	gi|602267405|ref|NR_044688.3|	94.369	444	23	2	6	448	335	777	0.0	693	852
339d2fb9e2a9db48d9f168d2b2c830d4	gi|645320556|ref|NR_117734.1|	94.131	443	26	0	6	448	309	751	0.0	675	850
339d2fb9e2a9db48d9f168d2b2c830d4	gi|631252181|ref|NR_113379.1|	93.905	443	27	0	6	448	321	763	0.0	669	134605
339d2fb9e2a9db48d9f168d2b2c830d4	gi|265678628|ref|NR_028933.1|	93.905	443	27	0	6	448	321	763	0.0	669	134605
339d2fb9e2a9db48d9f168d2b2c830d4	gi|3248465646|ref|NR_201658.1|	93.679	443	27	1	6	448	302	743	0.0	662	3455867
339d2fb9e2a9db48d9f168d2b2c830d4	gi|343198594|ref|NR_042997.1|	93.454	443	29	0	6	448	266	708	0.0	658	271091
339d2fb9e2a9db48d9f168d2b2c830d4	gi|219878394|ref|NR_025533.1|	93.454	443	29	0	6	448	327	769	0.0	658	188913
339d2fb9e2a9db48d9f168d2b2c830d4	gi|228720055|ref|NR_027588.1|	93.228	443	30	0	6	448	246	688	0.0	656	469615
339d2fb9e2a9db48d9f168d2b2c830d4	gi|645322306|ref|NR_119089.1|	93.822	437	23	4	6	440	323	757	0.0	654	850
339d2fb9e2a9db48d9f168d2b2c830d4	gi|1269235450|ref|NR_146837.2|	93.002	443	31	0	6	448	326	768	0.0	647	1755100
f578f48cf0cfad6ae8fe792382f9f0a8	gi|2363082603|ref|NR_179548.1|	98.864	440	5	0	6	445	348	787	0.0	787	1870993
f578f48cf0cfad6ae8fe792382f9f0a8	gi|265678940|ref|NR_029248.1|	98.409	440	5	2	6	445	349	786	0.0	774	500632
f578f48cf0cfad6ae8fe792382f9f0a8	gi|3248465636|ref|NR_201647.1|	97.045	440	13	0	6	445	300	739	0.0	741	3380806
f578f48cf0cfad6ae8fe792382f9f0a8	gi|343198924|ref|NR_044048.1|	97.045	440	13	0	6	445	328	767	0.0	741	470146
f578f48cf0cfad6ae8fe792382f9f0a8	gi|1116030277|ref|NR_144735.1|	96.591	440	15	0	6	445	350	789	0.0	730	1745713
f578f48cf0cfad6ae8fe792382f9f0a8	gi|645319776|ref|NR_117142.1|	96.364	440	16	0	6	445	347	786	0.0	725	290055
f578f48cf0cfad6ae8fe792382f9f0a8	gi|645319775|ref|NR_117141.1|	96.364	440	16	0	6	445	347	786	0.0	725	290055
f578f48cf0cfad6ae8fe792382f9f0a8	gi|645319774|ref|NR_117140.1|	96.364	440	16	0	6	445	348	787	0.0	725	290055
f578f48cf0cfad6ae8fe792382f9f0a8	gi|559795211|ref|NR_104800.1|	96.364	440	16	0	6	445	346	785	0.0	725	290055
f578f48cf0cfad6ae8fe792382f9f0a8	gi|645320334|ref|NR_117563.1|	96.364	440	16	0	6	445	351	790	0.0	725	290055
0bccafdcf6ff6320b63e621f23b61869	gi|3030611230|ref|NR_199906.1|	97.273	440	12	0	6	445	354	793	0.0	747	3123317
0bccafdcf6ff6320b63e621f23b61869	gi|3030611314|ref|NR_199990.1|	97.273	440	12	0	6	445	350	789	0.0	747	3123317
0bccafdcf6ff6320b63e621f23b61869	gi|2363082679|ref|NR_179587.1|	97.273	440	12	0	6	445	328	767	0.0	747	1926283
0bccafdcf6ff6320b63e621f23b61869	gi|1384992332|ref|NR_156081.1|	97.273	440	12	0	6	445	336	775	0.0	747	1469948
0bccafdcf6ff6320b63e621f23b61869	gi|1384992331|ref|NR_156080.1|	97.273	440	12	0	6	445	336	775	0.0	747	1469948
0bccafdcf6ff6320b63e621f23b61869	gi|1384992329|ref|NR_156078.1|	97.273	440	12	0	6	445	336	775	0.0	747	1469948
0bccafdcf6ff6320b63e621f23b61869	gi|1384992328|ref|NR_156077.1|	97.273	440	12	0	6	445	336	775	0.0	747	1469948
0bccafdcf6ff6320b63e621f23b61869	gi|2363081854|ref|NR_179173.1|	97.273	440	12	0	6	445	333	772	0.0	747	2126740
0bccafdcf6ff6320b63e621f23b61869	gi|1193829153|ref|NR_147396.1|	96.818	440	14	0	6	445	328	767	0.0	736	1917870
0bccafdcf6ff6320b63e621f23b61869	gi|2363085097|ref|NR_180797.1|	96.818	440	14	0	6	445	346	785	0.0	736	2605778
8d7e4a49c2f8216fdbf05247bfbef7e2	gi|2363082679|ref|NR_179587.1|	99.091	440	4	0	6	445	328	767	0.0	791	1926283
8d7e4a49c2f8216fdbf05247bfbef7e2	gi|2363081854|ref|NR_179173.1|	99.091	440	4	0	6	445	333	772	0.0	791	2126740
8d7e4a49c2f8216fdbf05247bfbef7e2	gi|1384992332|ref|NR_156081.1|	96.818	440	14	0	6	445	336	775	0.0	736	1469948
8d7e4a49c2f8216fdbf05247bfbef7e2	gi|1384992329|ref|NR_156078.1|	96.818	440	14	0	6	445	336	775	0.0	736	1469948
8d7e4a49c2f8216fdbf05247bfbef7e2	gi|3030611230|ref|NR_199906.1|	96.591	440	15	0	6	445	354	793	0.0	730	3123317
8d7e4a49c2f8216fdbf05247bfbef7e2	gi|3030611314|ref|NR_199990.1|	96.591	440	15	0	6	445	350	789	0.0	730	3123317
8d7e4a49c2f8216fdbf05247bfbef7e2	gi|1384992331|ref|NR_156080.1|	96.591	440	15	0	6	445	336	775	0.0	730	1469948
8d7e4a49c2f8216fdbf05247bfbef7e2	gi|1384992328|ref|NR_156077.1|	96.591	440	15	0	6	445	336	775	0.0	730	1469948
8d7e4a49c2f8216fdbf05247bfbef7e2	gi|2363085097|ref|NR_180797.1|	96.591	440	15	0	6	445	346	785	0.0	730	2605778
8d7e4a49c2f8216fdbf05247bfbef7e2	gi|2363082819|ref|NR_179658.1|	96.591	440	15	0	6	445	353	792	0.0	730	2086584
136b3d945ab8121163f6883770c2555d	gi|602267405|ref|NR_044688.3|	94.595	444	22	2	6	448	335	777	0.0	699	852
136b3d945ab8121163f6883770c2555d	gi|645320556|ref|NR_117734.1|	94.357	443	25	0	6	448	309	751	0.0	680	850
136b3d945ab8121163f6883770c2555d	gi|631252181|ref|NR_113379.1|	94.131	443	26	0	6	448	321	763	0.0	675	134605
136b3d945ab8121163f6883770c2555d	gi|265678628|ref|NR_028933.1|	94.131	443	26	0	6	448	321	763	0.0	675	134605
136b3d945ab8121163f6883770c2555d	gi|3248465646|ref|NR_201658.1|	93.905	443	26	1	6	448	302	743	0.0	667	3455867
136b3d945ab8121163f6883770c2555d	gi|228720055|ref|NR_027588.1|	93.679	443	28	0	6	448	246	688	0.0	667	469615
136b3d945ab8121163f6883770c2555d	gi|343198594|ref|NR_042997.1|	93.679	443	28	0	6	448	266	708	0.0	664	271091
136b3d945ab8121163f6883770c2555d	gi|219878394|ref|NR_025533.1|	93.679	443	28	0	6	448	327	769	0.0	664	188913
136b3d945ab8121163f6883770c2555d	gi|645322306|ref|NR_119089.1|	93.636	440	24	4	6	443	323	760	0.0	654	850
136b3d945ab8121163f6883770c2555d	gi|1269235450|ref|NR_146837.2|	93.228	443	30	0	6	448	326	768	0.0	652	1755100
b551afc88406027e7e072b2b2c36c2a5	gi|602267405|ref|NR_044688.3|	94.369	444	23	2	6	448	335	777	0.0	693	852
b551afc88406027e7e072b2b2c36c2a5	gi|645320556|ref|NR_117734.1|	94.131	443	26	0	6	448	309	751	0.0	675	850
b551afc88406027e7e072b2b2c36c2a5	gi|631252181|ref|NR_113379.1|	93.905	443	27	0	6	448	321	763	0.0	669	134605
b551afc88406027e7e072b2b2c36c2a5	gi|265678628|ref|NR_028933.1|	93.905	443	27	0	6	448	321	763	0.0	669	134605
b551afc88406027e7e072b2b2c36c2a5	gi|3248465646|ref|NR_201658.1|	93.679	443	27	1	6	448	302	743	0.0	662	3455867
b551afc88406027e7e072b2b2c36c2a5	gi|228720055|ref|NR_027588.1|	93.454	443	29	0	6	448	246	688	0.0	662	469615
b551afc88406027e7e072b2b2c36c2a5	gi|343198594|ref|NR_042997.1|	93.454	443	29	0	6	448	266	708	0.0	658	271091
b551afc88406027e7e072b2b2c36c2a5	gi|219878394|ref|NR_025533.1|	93.454	443	29	0	6	448	327	769	0.0	658	188913
b551afc88406027e7e072b2b2c36c2a5	gi|645322306|ref|NR_119089.1|	93.607	438	24	4	6	441	323	758	0.0	651	850
b551afc88406027e7e072b2b2c36c2a5	gi|1269235450|ref|NR_146837.2|	93.002	443	31	0	6	448	326	768	0.0	647	1755100
135cb152bb78359194854b88834c119a	gi|2363082679|ref|NR_179587.1|	96.136	440	17	0	6	445	328	767	0.0	719	1926283
135cb152bb78359194854b88834c119a	gi|1193829153|ref|NR_147396.1|	96.136	440	17	0	6	445	328	767	0.0	719	1917870
135cb152bb78359194854b88834c119a	gi|2363081854|ref|NR_179173.1|	96.136	440	17	0	6	445	333	772	0.0	719	2126740
135cb152bb78359194854b88834c119a	gi|2836274880|ref|NR_197643.1|	95.682	440	19	0	6	445	329	768	0.0	708	2962432
135cb152bb78359194854b88834c119a	gi|1384992332|ref|NR_156081.1|	95.682	440	19	0	6	445	336	775	0.0	708	1469948
135cb152bb78359194854b88834c119a	gi|1384992329|ref|NR_156078.1|	95.682	440	19	0	6	445	336	775	0.0	708	1469948
135cb152bb78359194854b88834c119a	gi|2363080261|ref|NR_178356.1|	95.682	440	19	0	6	445	313	752	0.0	708	558153
135cb152bb78359194854b88834c119a	gi|310975204|ref|NR_037068.1|	95.682	440	19	0	6	445	341	780	0.0	708	29375
135cb152bb78359194854b88834c119a	gi|219846508|ref|NR_026100.1|	95.682	440	19	0	6	445	323	762	0.0	708	1286362
135cb152bb78359194854b88834c119a	gi|343201474|ref|NR_042200.1|	95.682	440	19	0	6	445	318	757	0.0	708	333367
86c41fa25031f75e582db1261da46d30	gi|602267405|ref|NR_044688.3|	94.595	444	22	2	6	448	335	777	0.0	699	852
86c41fa25031f75e582db1261da46d30	gi|645320556|ref|NR_117734.1|	94.357	443	25	0	6	448	309	751	0.0	680	850
86c41fa25031f75e582db1261da46d30	gi|631252181|ref|NR_113379.1|	94.131	443	26	0	6	448	321	763	0.0	675	134605
86c41fa25031f75e582db1261da46d30	gi|265678628|ref|NR_028933.1|	94.131	443	26	0	6	448	321	763	0.0	675	134605
86c41fa25031f75e582db1261da46d30	gi|3248465646|ref|NR_201658.1|	93.905	443	26	1	6	448	302	743	0.0	667	3455867
86c41fa25031f75e582db1261da46d30	gi|343198594|ref|NR_042997.1|	93.679	443	28	0	6	448	266	708	0.0	664	271091
86c41fa25031f75e582db1261da46d30	gi|219878394|ref|NR_025533.1|	93.679	443	28	0	6	448	327	769	0.0	664	188913
86c41fa25031f75e582db1261da46d30	gi|228720055|ref|NR_027588.1|	93.454	443	29	0	6	448	246	688	0.0	662	469615
86c41fa25031f75e582db1261da46d30	gi|645322306|ref|NR_119089.1|	94.050	437	22	4	6	440	323	757	0.0	660	850
86c41fa25031f75e582db1261da46d30	gi|1269235450|ref|NR_146837.2|	93.228	443	30	0	6	448	326	768	0.0	652	1755100
e8d15c165d4a17a459f93c82fc24ef72	gi|444439587|ref|NR_074902.1|	99.355	465	3	0	6	470	341	805	0.0	843	585054
e8d15c165d4a17a459f93c82fc24ef72	gi|631252881|ref|NR_114079.1|	99.355	465	3	0	6	470	314	778	0.0	843	564
e8d15c165d4a17a459f93c82fc24ef72	gi|559795236|ref|NR_104826.1|	99.355	465	3	0	6	470	321	785	0.0	843	624
e8d15c165d4a17a459f93c82fc24ef72	gi|631251361|ref|NR_112558.1|	99.355	465	3	0	6	470	174	638	0.0	843	562
e8d15c165d4a17a459f93c82fc24ef72	gi|228716249|ref|NR_027549.1|	99.355	465	3	0	6	470	307	771	0.0	843	585054
e8d15c165d4a17a459f93c82fc24ef72	gi|219846739|ref|NR_026331.1|	99.355	465	3	0	6	470	322	786	0.0	843	623
e8d15c165d4a17a459f93c82fc24ef72	gi|645322332|ref|NR_119109.1|	99.145	468	3	1	4	470	324	791	0.0	841	566
e8d15c165d4a17a459f93c82fc24ef72	gi|631252844|ref|NR_114042.1|	99.140	465	4	0	6	470	314	778	0.0	839	562
e8d15c165d4a17a459f93c82fc24ef72	gi|219722938|ref|NR_024570.1|	99.140	465	4	0	6	470	332	796	0.0	839	562
e8d15c165d4a17a459f93c82fc24ef72	gi|1018196593|ref|NR_136472.1|	99.140	465	4	0	6	470	334	798	0.0	837	1499973
9ddc1274eeb2d679578723f1dcf215fa	gi|444304091|ref|NR_074515.1|	99.130	460	4	0	6	465	350	809	0.0	828	435590
9ddc1274eeb2d679578723f1dcf215fa	gi|631251748|ref|NR_112946.1|	99.130	460	4	0	6	465	339	798	0.0	828	821
9ddc1274eeb2d679578723f1dcf215fa	gi|631250946|ref|NR_112143.1|	98.913	460	5	0	6	465	307	766	0.0	822	821
9ddc1274eeb2d679578723f1dcf215fa	gi|343200664|ref|NR_041351.1|	98.261	460	8	0	6	465	341	800	0.0	806	357276
9ddc1274eeb2d679578723f1dcf215fa	gi|631251997|ref|NR_113195.1|	93.478	460	30	0	6	465	338	797	0.0	684	1236515
9ddc1274eeb2d679578723f1dcf215fa	gi|631251866|ref|NR_113064.1|	93.261	460	31	0	6	465	338	797	0.0	678	1236538
9ddc1274eeb2d679578723f1dcf215fa	gi|631251817|ref|NR_113015.1|	93.261	460	31	0	6	465	338	797	0.0	678	1236538
9ddc1274eeb2d679578723f1dcf215fa	gi|645320081|ref|NR_117373.1|	93.261	460	31	0	6	465	289	748	0.0	678	1236515
9ddc1274eeb2d679578723f1dcf215fa	gi|2363085522|ref|NR_181010.1|	92.826	460	33	0	6	465	297	756	0.0	667	2786956
9ddc1274eeb2d679578723f1dcf215fa	gi|2363082547|ref|NR_179520.1|	92.826	460	33	0	6	465	314	773	0.0	667	1841855
cbb72027e5cf4373a4d337d63ddc6e4c	gi|310974936|ref|NR_036800.1|	99.091	440	4	0	6	445	326	765	0.0	791	411470
cbb72027e5cf4373a4d337d63ddc6e4c	gi|645321810|ref|NR_118690.1|	99.091	440	4	0	6	445	338	777	0.0	791	411470
cbb72027e5cf4373a4d337d63ddc6e4c	gi|2363085474|ref|NR_180986.1|	97.045	440	13	0	6	445	347	786	0.0	741	2681861
cbb72027e5cf4373a4d337d63ddc6e4c	gi|265678578|ref|NR_028883.1|	95.928	442	15	3	6	445	226	666	0.0	713	88431
cbb72027e5cf4373a4d337d63ddc6e4c	gi|631250892|ref|NR_112089.1|	95.918	441	16	2	6	445	336	775	0.0	713	553973
cbb72027e5cf4373a4d337d63ddc6e4c	gi|224581401|ref|NR_024719.1|	95.918	441	15	3	6	445	341	779	0.0	712	89153
cbb72027e5cf4373a4d337d63ddc6e4c	gi|2363085103|ref|NR_180800.1|	95.682	440	19	0	6	445	347	786	0.0	708	2652274
cbb72027e5cf4373a4d337d63ddc6e4c	gi|1397641798|ref|NR_156907.1|	95.701	442	15	4	6	445	348	787	0.0	708	1912855
cbb72027e5cf4373a4d337d63ddc6e4c	gi|1116030273|ref|NR_144731.1|	95.682	440	19	0	6	445	347	786	0.0	708	1720294
cbb72027e5cf4373a4d337d63ddc6e4c	gi|219857617|ref|NR_025206.1|	95.682	440	19	0	6	445	314	753	0.0	708	180286
d42e2da08d6f95a34084e3aa7e026b30	gi|2363082679|ref|NR_179587.1|	95.682	440	19	0	6	445	328	767	0.0	708	1926283
d42e2da08d6f95a34084e3aa7e026b30	gi|1193829153|ref|NR_147396.1|	95.682	440	19	0	6	445	328	767	0.0	708	1917870
d42e2da08d6f95a34084e3aa7e026b30	gi|2363081854|ref|NR_179173.1|	95.682	440	19	0	6	445	333	772	0.0	708	2126740
d42e2da08d6f95a34084e3aa7e026b30	gi|2836274880|ref|NR_197643.1|	95.227	440	21	0	6	445	329	768	0.0	697	2962432
d42e2da08d6f95a34084e3aa7e026b30	gi|1384992332|ref|NR_156081.1|	95.227	440	21	0	6	445	336	775	0.0	697	1469948
d42e2da08d6f95a34084e3aa7e026b30	gi|1384992329|ref|NR_156078.1|	95.227	440	21	0	6	445	336	775	0.0	697	1469948
d42e2da08d6f95a34084e3aa7e026b30	gi|2363080261|ref|NR_178356.1|	95.227	440	21	0	6	445	313	752	0.0	697	558153
d42e2da08d6f95a34084e3aa7e026b30	gi|310975204|ref|NR_037068.1|	95.227	440	21	0	6	445	341	780	0.0	697	29375
d42e2da08d6f95a34084e3aa7e026b30	gi|219846508|ref|NR_026100.1|	95.227	440	21	0	6	445	323	762	0.0	697	1286362
d42e2da08d6f95a34084e3aa7e026b30	gi|343201474|ref|NR_042200.1|	95.227	440	21	0	6	445	318	757	0.0	697	333367
4d539d4ae0597dda83720182b7b7ee4e	gi|3030611230|ref|NR_199906.1|	97.500	440	11	0	6	445	354	793	0.0	752	3123317
4d539d4ae0597dda83720182b7b7ee4e	gi|3030611314|ref|NR_199990.1|	97.500	440	11	0	6	445	350	789	0.0	752	3123317
4d539d4ae0597dda83720182b7b7ee4e	gi|2363082679|ref|NR_179587.1|	97.500	440	11	0	6	445	328	767	0.0	752	1926283
4d539d4ae0597dda83720182b7b7ee4e	gi|1384992332|ref|NR_156081.1|	97.500	440	11	0	6	445	336	775	0.0	752	1469948
4d539d4ae0597dda83720182b7b7ee4e	gi|1384992331|ref|NR_156080.1|	97.500	440	11	0	6	445	336	775	0.0	752	1469948
4d539d4ae0597dda83720182b7b7ee4e	gi|1384992329|ref|NR_156078.1|	97.500	440	11	0	6	445	336	775	0.0	752	1469948
4d539d4ae0597dda83720182b7b7ee4e	gi|1384992328|ref|NR_156077.1|	97.500	440	11	0	6	445	336	775	0.0	752	1469948
4d539d4ae0597dda83720182b7b7ee4e	gi|2363081854|ref|NR_179173.1|	97.500	440	11	0	6	445	333	772	0.0	752	2126740
4d539d4ae0597dda83720182b7b7ee4e	gi|1193829153|ref|NR_147396.1|	97.045	440	13	0	6	445	328	767	0.0	741	1917870
4d539d4ae0597dda83720182b7b7ee4e	gi|2363085097|ref|NR_180797.1|	97.045	440	13	0	6	445	346	785	0.0	741	2605778
3943c74c65970bb450447eeeb8e8a2bc	gi|3030611230|ref|NR_199906.1|	97.955	440	9	0	6	445	354	793	0.0	763	3123317
3943c74c65970bb450447eeeb8e8a2bc	gi|3030611314|ref|NR_199990.1|	97.955	440	9	0	6	445	350	789	0.0	763	3123317
3943c74c65970bb450447eeeb8e8a2bc	gi|2363082679|ref|NR_179587.1|	97.955	440	9	0	6	445	328	767	0.0	763	1926283
3943c74c65970bb450447eeeb8e8a2bc	gi|1384992332|ref|NR_156081.1|	97.955	440	9	0	6	445	336	775	0.0	763	1469948
3943c74c65970bb450447eeeb8e8a2bc	gi|1384992331|ref|NR_156080.1|	97.955	440	9	0	6	445	336	775	0.0	763	1469948
3943c74c65970bb450447eeeb8e8a2bc	gi|1384992329|ref|NR_156078.1|	97.955	440	9	0	6	445	336	775	0.0	763	1469948
3943c74c65970bb450447eeeb8e8a2bc	gi|1384992328|ref|NR_156077.1|	97.955	440	9	0	6	445	336	775	0.0	763	1469948
3943c74c65970bb450447eeeb8e8a2bc	gi|2363081854|ref|NR_179173.1|	97.955	440	9	0	6	445	333	772	0.0	763	2126740
3943c74c65970bb450447eeeb8e8a2bc	gi|1193829153|ref|NR_147396.1|	97.500	440	11	0	6	445	328	767	0.0	752	1917870
3943c74c65970bb450447eeeb8e8a2bc	gi|2363085097|ref|NR_180797.1|	97.500	440	11	0	6	445	346	785	0.0	752	2605778
d9f0028ac3dfd3f1b53004ed1fb014f1	gi|961555094|ref|NR_134062.1|	99.140	465	4	0	6	470	312	776	0.0	837	1667327
d9f0028ac3dfd3f1b53004ed1fb014f1	gi|645320489|ref|NR_117683.1|	99.140	465	4	0	6	470	329	793	0.0	837	573
d9f0028ac3dfd3f1b53004ed1fb014f1	gi|636558451|ref|NR_114507.1|	99.140	465	4	0	6	470	324	788	0.0	837	667127
d9f0028ac3dfd3f1b53004ed1fb014f1	gi|310975220|ref|NR_037084.1|	99.140	465	4	0	6	470	310	774	0.0	837	39831
d9f0028ac3dfd3f1b53004ed1fb014f1	gi|961555095|ref|NR_134063.1|	98.710	465	6	0	6	470	312	776	0.0	828	1463164
d9f0028ac3dfd3f1b53004ed1fb014f1	gi|636558658|ref|NR_114715.1|	98.710	465	6	0	6	470	299	763	0.0	828	573
d9f0028ac3dfd3f1b53004ed1fb014f1	gi|2363083969|ref|NR_180233.1|	98.710	465	6	0	6	470	312	776	0.0	826	2489010
d9f0028ac3dfd3f1b53004ed1fb014f1	gi|2363084407|ref|NR_180451.1|	98.710	465	6	0	6	470	338	802	0.0	826	2529382
d9f0028ac3dfd3f1b53004ed1fb014f1	gi|645321653|ref|NR_118568.1|	98.710	465	6	0	6	470	267	731	0.0	826	550
d9f0028ac3dfd3f1b53004ed1fb014f1	gi|699005339|ref|NR_126208.1|	98.710	465	6	0	6	470	281	745	0.0	826	1296536
827d70d17eee3a3dbb5c1e87f20233d5	gi|1397641798|ref|NR_156907.1|	99.318	440	3	0	6	445	348	787	0.0	797	1912855
827d70d17eee3a3dbb5c1e87f20233d5	gi|1109168023|ref|NR_144610.1|	97.732	441	8	2	6	445	339	778	0.0	758	1796622
827d70d17eee3a3dbb5c1e87f20233d5	gi|631250892|ref|NR_112089.1|	97.732	441	8	2	6	445	336	775	0.0	758	553973
827d70d17eee3a3dbb5c1e87f20233d5	gi|224581401|ref|NR_024719.1|	97.732	441	7	3	6	445	341	779	0.0	756	89153
827d70d17eee3a3dbb5c1e87f20233d5	gi|1109168038|ref|NR_144617.1|	97.500	440	11	0	6	445	340	779	0.0	752	1796634
827d70d17eee3a3dbb5c1e87f20233d5	gi|3248465643|ref|NR_201655.1|	97.273	440	12	0	6	445	313	752	0.0	747	3380807
827d70d17eee3a3dbb5c1e87f20233d5	gi|2136551567|ref|NR_173570.1|	97.273	440	12	0	6	445	330	769	0.0	747	1912090
827d70d17eee3a3dbb5c1e87f20233d5	gi|343203027|ref|NR_043551.1|	97.273	440	12	0	6	445	349	788	0.0	747	341220
827d70d17eee3a3dbb5c1e87f20233d5	gi|2363086021|ref|NR_181263.1|	97.045	440	13	0	6	445	334	773	0.0	741	2726362
827d70d17eee3a3dbb5c1e87f20233d5	gi|2363084743|ref|NR_180620.1|	96.818	440	14	0	6	445	338	777	0.0	736	2779351
dbeb3db3c360e2a6bea7288552ba26ef	gi|1811131545|ref|NR_165727.1|	98.874	444	5	0	6	449	358	801	0.0	793	2358141
dbeb3db3c360e2a6bea7288552ba26ef	gi|219846061|ref|NR_025651.1|	94.820	444	22	1	6	449	350	792	0.0	691	160404
dbeb3db3c360e2a6bea7288552ba26ef	gi|1445136073|ref|NR_158113.1|	94.157	445	23	3	6	449	328	770	0.0	675	433287
dbeb3db3c360e2a6bea7288552ba26ef	gi|631252210|ref|NR_113408.1|	93.243	444	29	1	6	449	351	793	0.0	652	28446
dbeb3db3c360e2a6bea7288552ba26ef	gi|2621112349|ref|NR_189253.1|	93.018	444	31	0	6	449	345	788	0.0	649	2918914
dbeb3db3c360e2a6bea7288552ba26ef	gi|265678961|ref|NR_029269.1|	93.018	444	29	2	6	449	350	791	0.0	647	28446
dbeb3db3c360e2a6bea7288552ba26ef	gi|219846558|ref|NR_026150.1|	92.793	444	30	2	6	449	350	791	0.0	641	36847
dbeb3db3c360e2a6bea7288552ba26ef	gi|645320791|ref|NR_117912.1|	92.568	444	32	1	6	449	325	767	0.0	636	879970
dbeb3db3c360e2a6bea7288552ba26ef	gi|1397641803|ref|NR_156912.1|	92.342	444	33	1	6	449	307	749	2.12e-180	630	1450156
dbeb3db3c360e2a6bea7288552ba26ef	gi|1230874676|ref|NR_148837.1|	92.135	445	29	4	6	449	347	786	3.55e-178	623	1675854
22d5c80d5304ef908d89093f1b0da6dc	gi|343205678|ref|NR_044054.1|	99.318	440	3	0	6	445	297	736	0.0	797	1121115
22d5c80d5304ef908d89093f1b0da6dc	gi|631253117|ref|NR_114315.1|	99.091	440	4	0	6	445	336	775	0.0	793	649762
22d5c80d5304ef908d89093f1b0da6dc	gi|2363082685|ref|NR_179590.1|	98.866	441	4	1	6	445	327	767	0.0	787	1936059
22d5c80d5304ef908d89093f1b0da6dc	gi|219846722|ref|NR_026314.1|	97.273	440	12	0	6	445	330	769	0.0	747	53443
22d5c80d5304ef908d89093f1b0da6dc	gi|219846720|ref|NR_026312.1|	96.818	440	14	0	6	445	327	766	0.0	737	180164
22d5c80d5304ef908d89093f1b0da6dc	gi|2363084170|ref|NR_180334.1|	96.818	440	14	0	6	445	253	692	0.0	736	2763028
22d5c80d5304ef908d89093f1b0da6dc	gi|2363086300|ref|NR_181402.1|	96.818	440	14	0	6	445	300	739	0.0	736	2763028
22d5c80d5304ef908d89093f1b0da6dc	gi|631252033|ref|NR_113231.1|	96.825	441	12	2	6	445	347	786	0.0	736	536633
22d5c80d5304ef908d89093f1b0da6dc	gi|631251591|ref|NR_112789.1|	96.825	441	12	2	6	445	333	772	0.0	736	536633
22d5c80d5304ef908d89093f1b0da6dc	gi|2363082673|ref|NR_179584.1|	96.599	441	13	2	6	445	327	766	0.0	730	1917888
14f2e782c2ef98fbd3433c0244ecf13f	gi|645321072|ref|NR_118128.1|	99.318	440	3	0	6	445	174	613	0.0	797	1531
14f2e782c2ef98fbd3433c0244ecf13f	gi|631252212|ref|NR_113410.1|	99.318	440	3	0	6	445	257	696	0.0	797	208479
14f2e782c2ef98fbd3433c0244ecf13f	gi|219878428|ref|NR_025567.1|	99.318	440	3	0	6	445	348	787	0.0	797	208479
14f2e782c2ef98fbd3433c0244ecf13f	gi|2363082583|ref|NR_179538.1|	99.091	440	4	0	6	445	346	785	0.0	791	1852382
14f2e782c2ef98fbd3433c0244ecf13f	gi|545589118|ref|NR_044715.2|	98.864	440	5	0	6	445	355	794	0.0	787	1531
14f2e782c2ef98fbd3433c0244ecf13f	gi|343198784|ref|NR_043681.1|	98.864	440	5	0	6	445	313	752	0.0	785	358743
14f2e782c2ef98fbd3433c0244ecf13f	gi|343201474|ref|NR_042200.1|	97.045	440	13	0	6	445	318	757	0.0	741	333367
14f2e782c2ef98fbd3433c0244ecf13f	gi|343205837|ref|NR_044289.1|	96.818	440	14	0	6	445	328	767	0.0	736	460384
14f2e782c2ef98fbd3433c0244ecf13f	gi|1193829153|ref|NR_147396.1|	96.591	440	15	0	6	445	328	767	0.0	730	1917870
14f2e782c2ef98fbd3433c0244ecf13f	gi|2363085097|ref|NR_180797.1|	96.591	440	15	0	6	445	346	785	0.0	730	2605778
1f9a6f4bf7c73fc0f49ad83eb1877901	gi|310974936|ref|NR_036800.1|	99.545	440	2	0	6	445	326	765	0.0	802	411470
1f9a6f4bf7c73fc0f49ad83eb1877901	gi|645321810|ref|NR_118690.1|	99.545	440	2	0	6	445	338	777	0.0	802	411470
1f9a6f4bf7c73fc0f49ad83eb1877901	gi|2363085474|ref|NR_180986.1|	97.500	440	11	0	6	445	347	786	0.0	752	2681861
1f9a6f4bf7c73fc0f49ad83eb1877901	gi|265678578|ref|NR_028883.1|	96.380	442	13	3	6	445	226	666	0.0	725	88431
1f9a6f4bf7c73fc0f49ad83eb1877901	gi|631250892|ref|NR_112089.1|	96.372	441	14	2	6	445	336	775	0.0	725	553973
1f9a6f4bf7c73fc0f49ad83eb1877901	gi|224581401|ref|NR_024719.1|	96.372	441	13	3	6	445	341	779	0.0	723	89153
1f9a6f4bf7c73fc0f49ad83eb1877901	gi|2363085103|ref|NR_180800.1|	96.136	440	17	0	6	445	347	786	0.0	719	2652274
1f9a6f4bf7c73fc0f49ad83eb1877901	gi|1397641798|ref|NR_156907.1|	96.154	442	13	4	6	445	348	787	0.0	719	1912855
1f9a6f4bf7c73fc0f49ad83eb1877901	gi|1116030273|ref|NR_144731.1|	96.136	440	17	0	6	445	347	786	0.0	719	1720294
1f9a6f4bf7c73fc0f49ad83eb1877901	gi|219857617|ref|NR_025206.1|	96.136	440	17	0	6	445	314	753	0.0	719	180286
a8b94e79c68169f980b0501f10713381	gi|444439587|ref|NR_074902.1|	99.140	465	4	0	6	470	341	805	0.0	837	585054
a8b94e79c68169f980b0501f10713381	gi|631252881|ref|NR_114079.1|	99.140	465	4	0	6	470	314	778	0.0	837	564
a8b94e79c68169f980b0501f10713381	gi|559795236|ref|NR_104826.1|	99.140	465	4	0	6	470	321	785	0.0	837	624
a8b94e79c68169f980b0501f10713381	gi|631251361|ref|NR_112558.1|	99.140	465	4	0	6	470	174	638	0.0	837	562
a8b94e79c68169f980b0501f10713381	gi|228716249|ref|NR_027549.1|	99.140	465	4	0	6	470	307	771	0.0	837	585054
a8b94e79c68169f980b0501f10713381	gi|219846739|ref|NR_026331.1|	99.140	465	4	0	6	470	322	786	0.0	837	623
a8b94e79c68169f980b0501f10713381	gi|645322332|ref|NR_119109.1|	98.932	468	4	1	4	470	324	791	0.0	835	566
a8b94e79c68169f980b0501f10713381	gi|631252844|ref|NR_114042.1|	98.925	465	5	0	6	470	314	778	0.0	833	562
a8b94e79c68169f980b0501f10713381	gi|219722938|ref|NR_024570.1|	98.925	465	5	0	6	470	332	796	0.0	833	562
a8b94e79c68169f980b0501f10713381	gi|1018196593|ref|NR_136472.1|	98.925	465	5	0	6	470	334	798	0.0	832	1499973
37ba23baf1ac0f7e943ee4466b7d5aca	gi|219846045|ref|NR_025635.1|	99.140	465	4	0	6	470	287	751	0.0	837	244366
37ba23baf1ac0f7e943ee4466b7d5aca	gi|645320493|ref|NR_117686.1|	98.925	465	5	0	6	470	329	793	0.0	832	573
37ba23baf1ac0f7e943ee4466b7d5aca	gi|645320492|ref|NR_117685.1|	98.925	465	5	0	6	470	329	793	0.0	832	573
37ba23baf1ac0f7e943ee4466b7d5aca	gi|645320491|ref|NR_117684.1|	98.925	465	5	0	6	470	329	793	0.0	832	573
37ba23baf1ac0f7e943ee4466b7d5aca	gi|645320488|ref|NR_117682.1|	98.925	465	5	0	6	470	323	787	0.0	832	573
37ba23baf1ac0f7e943ee4466b7d5aca	gi|631250813|ref|NR_112009.1|	98.925	465	5	0	6	470	307	771	0.0	832	573
37ba23baf1ac0f7e943ee4466b7d5aca	gi|2363087291|ref|NR_181901.1|	98.925	465	4	1	6	470	333	796	0.0	830	2026240
37ba23baf1ac0f7e943ee4466b7d5aca	gi|645322555|ref|NR_119278.1|	98.710	465	6	0	6	470	310	774	0.0	828	573
37ba23baf1ac0f7e943ee4466b7d5aca	gi|636558450|ref|NR_114506.1|	98.710	465	6	0	6	470	324	788	0.0	826	573
37ba23baf1ac0f7e943ee4466b7d5aca	gi|310974930|ref|NR_036794.1|	98.712	466	5	1	6	470	332	797	0.0	826	573
58dcd44c19198605bd8defb740d21f1c	gi|961555094|ref|NR_134062.1|	98.710	465	6	0	6	470	312	776	0.0	826	1667327
58dcd44c19198605bd8defb740d21f1c	gi|645320489|ref|NR_117683.1|	98.710	465	6	0	6	470	329	793	0.0	826	573
58dcd44c19198605bd8defb740d21f1c	gi|636558451|ref|NR_114507.1|	98.710	465	6	0	6	470	324	788	0.0	826	667127
58dcd44c19198605bd8defb740d21f1c	gi|310975220|ref|NR_037084.1|	98.710	465	6	0	6	470	310	774	0.0	826	39831
58dcd44c19198605bd8defb740d21f1c	gi|343201063|ref|NR_041750.1|	98.495	465	7	0	6	470	324	788	0.0	821	574
58dcd44c19198605bd8defb740d21f1c	gi|645322553|ref|NR_119276.1|	98.280	465	8	0	6	470	310	774	0.0	821	574
58dcd44c19198605bd8defb740d21f1c	gi|961555095|ref|NR_134063.1|	98.280	465	8	0	6	470	312	776	0.0	817	1463164
58dcd44c19198605bd8defb740d21f1c	gi|636558658|ref|NR_114715.1|	98.280	465	8	0	6	470	299	763	0.0	817	573
58dcd44c19198605bd8defb740d21f1c	gi|2363083969|ref|NR_180233.1|	98.280	465	8	0	6	470	312	776	0.0	815	2489010
58dcd44c19198605bd8defb740d21f1c	gi|2363084407|ref|NR_180451.1|	98.280	465	8	0	6	470	338	802	0.0	815	2529382
1c174a4da40de596c06f050678de5be0	gi|219846519|ref|NR_026111.1|	99.570	465	2	0	6	470	339	803	0.0	848	33025
1c174a4da40de596c06f050678de5be0	gi|631251704|ref|NR_112902.1|	93.562	466	28	2	6	470	427	891	0.0	693	626940
1c174a4da40de596c06f050678de5be0	gi|2363082047|ref|NR_179270.1|	92.308	468	31	5	6	470	326	791	0.0	664	2654621
1c174a4da40de596c06f050678de5be0	gi|2363082805|ref|NR_179651.1|	91.684	469	31	8	6	470	350	814	0.0	643	2058289
1c174a4da40de596c06f050678de5be0	gi|2621112327|ref|NR_189230.1|	91.684	469	31	8	6	470	298	762	0.0	643	2897706
1c174a4da40de596c06f050678de5be0	gi|343198461|ref|NR_041894.1|	91.649	467	35	4	6	470	286	750	0.0	643	187327
1c174a4da40de596c06f050678de5be0	gi|2363082575|ref|NR_179534.1|	91.277	470	31	8	6	470	345	809	0.0	632	1852375
1c174a4da40de596c06f050678de5be0	gi|636558634|ref|NR_114691.1|	90.638	470	40	4	4	470	328	796	1.34e-177	621	78126
1c174a4da40de596c06f050678de5be0	gi|645320469|ref|NR_117668.1|	90.343	466	44	1	6	470	341	806	2.90e-174	610	1337886
1c174a4da40de596c06f050678de5be0	gi|645320468|ref|NR_117667.1|	90.343	466	44	1	6	470	339	804	2.90e-174	610	1337886
3cd934d3ab3b1a7b594a91158e29296c	gi|343201063|ref|NR_041750.1|	99.140	465	4	0	6	470	324	788	0.0	837	574
3cd934d3ab3b1a7b594a91158e29296c	gi|645322553|ref|NR_119276.1|	98.495	465	7	0	6	470	310	774	0.0	826	574
3cd934d3ab3b1a7b594a91158e29296c	gi|961555094|ref|NR_134062.1|	98.495	465	7	0	6	470	312	776	0.0	821	1667327
3cd934d3ab3b1a7b594a91158e29296c	gi|645320489|ref|NR_117683.1|	98.495	465	7	0	6	470	329	793	0.0	821	573
3cd934d3ab3b1a7b594a91158e29296c	gi|636558451|ref|NR_114507.1|	98.495	465	7	0	6	470	324	788	0.0	821	667127
3cd934d3ab3b1a7b594a91158e29296c	gi|310975220|ref|NR_037084.1|	98.495	465	7	0	6	470	310	774	0.0	821	39831
3cd934d3ab3b1a7b594a91158e29296c	gi|961555095|ref|NR_134063.1|	98.065	465	9	0	6	470	312	776	0.0	811	1463164
3cd934d3ab3b1a7b594a91158e29296c	gi|636558658|ref|NR_114715.1|	98.065	465	9	0	6	470	299	763	0.0	811	573
3cd934d3ab3b1a7b594a91158e29296c	gi|2363083969|ref|NR_180233.1|	98.065	465	9	0	6	470	312	776	0.0	809	2489010
3cd934d3ab3b1a7b594a91158e29296c	gi|1269801491|ref|NR_102493.2|	98.065	465	9	0	6	470	339	803	0.0	809	1028307
287bc7e7ce7510101a519c3cfbb8be60	gi|2363082679|ref|NR_179587.1|	99.318	440	3	0	6	445	328	767	0.0	797	1926283
287bc7e7ce7510101a519c3cfbb8be60	gi|2363081854|ref|NR_179173.1|	99.318	440	3	0	6	445	333	772	0.0	797	2126740
287bc7e7ce7510101a519c3cfbb8be60	gi|1384992332|ref|NR_156081.1|	97.045	440	13	0	6	445	336	775	0.0	741	1469948
287bc7e7ce7510101a519c3cfbb8be60	gi|1384992329|ref|NR_156078.1|	97.045	440	13	0	6	445	336	775	0.0	741	1469948
287bc7e7ce7510101a519c3cfbb8be60	gi|3030611230|ref|NR_199906.1|	96.818	440	14	0	6	445	354	793	0.0	736	3123317
287bc7e7ce7510101a519c3cfbb8be60	gi|3030611314|ref|NR_199990.1|	96.818	440	14	0	6	445	350	789	0.0	736	3123317
287bc7e7ce7510101a519c3cfbb8be60	gi|1384992331|ref|NR_156080.1|	96.818	440	14	0	6	445	336	775	0.0	736	1469948
287bc7e7ce7510101a519c3cfbb8be60	gi|1384992328|ref|NR_156077.1|	96.818	440	14	0	6	445	336	775	0.0	736	1469948
287bc7e7ce7510101a519c3cfbb8be60	gi|2363085097|ref|NR_180797.1|	96.818	440	14	0	6	445	346	785	0.0	736	2605778
287bc7e7ce7510101a519c3cfbb8be60	gi|2363082819|ref|NR_179658.1|	96.818	440	14	0	6	445	353	792	0.0	736	2086584
e09616e0cf13a88f6dbc0f997af3053b	gi|219846519|ref|NR_026111.1|	99.140	465	4	0	6	470	339	803	0.0	837	33025
e09616e0cf13a88f6dbc0f997af3053b	gi|631251704|ref|NR_112902.1|	93.133	466	30	2	6	470	427	891	0.0	682	626940
e09616e0cf13a88f6dbc0f997af3053b	gi|2363082047|ref|NR_179270.1|	91.880	468	33	5	6	470	326	791	0.0	652	2654621
e09616e0cf13a88f6dbc0f997af3053b	gi|2363082805|ref|NR_179651.1|	91.258	469	33	8	6	470	350	814	0.0	632	2058289
e09616e0cf13a88f6dbc0f997af3053b	gi|2621112327|ref|NR_189230.1|	91.258	469	33	8	6	470	298	762	0.0	632	2897706
e09616e0cf13a88f6dbc0f997af3053b	gi|343198461|ref|NR_041894.1|	91.221	467	37	4	6	470	286	750	0.0	632	187327
e09616e0cf13a88f6dbc0f997af3053b	gi|2363082575|ref|NR_179534.1|	90.851	470	33	8	6	470	345	809	1.34e-177	621	1852375
e09616e0cf13a88f6dbc0f997af3053b	gi|636558634|ref|NR_114691.1|	90.213	470	42	4	4	470	328	796	2.90e-174	610	78126
e09616e0cf13a88f6dbc0f997af3053b	gi|645320469|ref|NR_117668.1|	89.914	466	46	1	6	470	341	806	6.28e-171	599	1337886
e09616e0cf13a88f6dbc0f997af3053b	gi|645320468|ref|NR_117667.1|	89.914	466	46	1	6	470	339	804	6.28e-171	599	1337886
073bf5a7df5e15d7994b36376991f978	gi|219846045|ref|NR_025635.1|	98.925	465	5	0	6	470	287	751	0.0	832	244366
073bf5a7df5e15d7994b36376991f978	gi|645320493|ref|NR_117686.1|	98.710	465	6	0	6	470	329	793	0.0	826	573
073bf5a7df5e15d7994b36376991f978	gi|645320492|ref|NR_117685.1|	98.710	465	6	0	6	470	329	793	0.0	826	573
073bf5a7df5e15d7994b36376991f978	gi|645320491|ref|NR_117684.1|	98.710	465	6	0	6	470	329	793	0.0	826	573
073bf5a7df5e15d7994b36376991f978	gi|645320488|ref|NR_117682.1|	98.710	465	6	0	6	470	323	787	0.0	826	573
073bf5a7df5e15d7994b36376991f978	gi|631250813|ref|NR_112009.1|	98.710	465	6	0	6	470	307	771	0.0	826	573
073bf5a7df5e15d7994b36376991f978	gi|2363087291|ref|NR_181901.1|	98.710	465	5	1	6	470	333	796	0.0	824	2026240
073bf5a7df5e15d7994b36376991f978	gi|645322555|ref|NR_119278.1|	98.495	465	7	0	6	470	310	774	0.0	822	573
073bf5a7df5e15d7994b36376991f978	gi|636558450|ref|NR_114506.1|	98.495	465	7	0	6	470	324	788	0.0	821	573
073bf5a7df5e15d7994b36376991f978	gi|310974930|ref|NR_036794.1|	98.498	466	6	1	6	470	332	797	0.0	821	573
6013dae55d7085ef13631f558db8f66b	gi|2363082679|ref|NR_179587.1|	99.318	440	3	0	6	445	328	767	0.0	797	1926283
6013dae55d7085ef13631f558db8f66b	gi|2363081854|ref|NR_179173.1|	99.318	440	3	0	6	445	333	772	0.0	797	2126740
6013dae55d7085ef13631f558db8f66b	gi|1384992332|ref|NR_156081.1|	97.045	440	13	0	6	445	336	775	0.0	741	1469948
6013dae55d7085ef13631f558db8f66b	gi|1384992329|ref|NR_156078.1|	97.045	440	13	0	6	445	336	775	0.0	741	1469948
6013dae55d7085ef13631f558db8f66b	gi|3030611230|ref|NR_199906.1|	96.818	440	14	0	6	445	354	793	0.0	736	3123317
6013dae55d7085ef13631f558db8f66b	gi|3030611314|ref|NR_199990.1|	96.818	440	14	0	6	445	350	789	0.0	736	3123317
6013dae55d7085ef13631f558db8f66b	gi|1384992331|ref|NR_156080.1|	96.818	440	14	0	6	445	336	775	0.0	736	1469948
6013dae55d7085ef13631f558db8f66b	gi|1384992328|ref|NR_156077.1|	96.818	440	14	0	6	445	336	775	0.0	736	1469948
6013dae55d7085ef13631f558db8f66b	gi|2363085097|ref|NR_180797.1|	96.818	440	14	0	6	445	346	785	0.0	736	2605778
6013dae55d7085ef13631f558db8f66b	gi|2363082819|ref|NR_179658.1|	96.818	440	14	0	6	445	353	792	0.0	736	2086584
2b105dbc69ba388cad69cead82bdda31	gi|645321072|ref|NR_118128.1|	99.091	440	4	0	6	445	174	613	0.0	791	1531
2b105dbc69ba388cad69cead82bdda31	gi|631252212|ref|NR_113410.1|	99.091	440	4	0	6	445	257	696	0.0	791	208479
2b105dbc69ba388cad69cead82bdda31	gi|219878428|ref|NR_025567.1|	99.091	440	4	0	6	445	348	787	0.0	791	208479
2b105dbc69ba388cad69cead82bdda31	gi|2363082583|ref|NR_179538.1|	98.864	440	5	0	6	445	346	785	0.0	785	1852382
2b105dbc69ba388cad69cead82bdda31	gi|545589118|ref|NR_044715.2|	98.636	440	6	0	6	445	355	794	0.0	782	1531
2b105dbc69ba388cad69cead82bdda31	gi|343198784|ref|NR_043681.1|	98.636	440	6	0	6	445	313	752	0.0	780	358743
2b105dbc69ba388cad69cead82bdda31	gi|343201474|ref|NR_042200.1|	96.818	440	14	0	6	445	318	757	0.0	736	333367
2b105dbc69ba388cad69cead82bdda31	gi|343205837|ref|NR_044289.1|	96.591	440	15	0	6	445	328	767	0.0	730	460384
2b105dbc69ba388cad69cead82bdda31	gi|1193829153|ref|NR_147396.1|	96.364	440	16	0	6	445	328	767	0.0	725	1917870
2b105dbc69ba388cad69cead82bdda31	gi|2363085097|ref|NR_180797.1|	96.364	440	16	0	6	445	346	785	0.0	725	2605778
d33e90ce63f970b0552474c6ed9c25c2	gi|2363082603|ref|NR_179548.1|	99.091	440	4	0	6	445	348	787	0.0	793	1870993
d33e90ce63f970b0552474c6ed9c25c2	gi|265678940|ref|NR_029248.1|	98.636	440	4	2	6	445	349	786	0.0	780	500632
d33e90ce63f970b0552474c6ed9c25c2	gi|3248465636|ref|NR_201647.1|	97.273	440	12	0	6	445	300	739	0.0	747	3380806
d33e90ce63f970b0552474c6ed9c25c2	gi|343198924|ref|NR_044048.1|	97.273	440	12	0	6	445	328	767	0.0	747	470146
d33e90ce63f970b0552474c6ed9c25c2	gi|1116030277|ref|NR_144735.1|	96.818	440	14	0	6	445	350	789	0.0	736	1745713
d33e90ce63f970b0552474c6ed9c25c2	gi|645319776|ref|NR_117142.1|	96.591	440	15	0	6	445	347	786	0.0	730	290055
d33e90ce63f970b0552474c6ed9c25c2	gi|645319775|ref|NR_117141.1|	96.591	440	15	0	6	445	347	786	0.0	730	290055
d33e90ce63f970b0552474c6ed9c25c2	gi|645319774|ref|NR_117140.1|	96.591	440	15	0	6	445	348	787	0.0	730	290055
d33e90ce63f970b0552474c6ed9c25c2	gi|559795211|ref|NR_104800.1|	96.591	440	15	0	6	445	346	785	0.0	730	290055
d33e90ce63f970b0552474c6ed9c25c2	gi|645320334|ref|NR_117563.1|	96.591	440	15	0	6	445	351	790	0.0	730	290055
d2829a1fe0c6db0ae5f63789ac7ee296	gi|219846519|ref|NR_026111.1|	99.570	465	2	0	6	470	339	803	0.0	848	33025
d2829a1fe0c6db0ae5f63789ac7ee296	gi|631251704|ref|NR_112902.1|	93.562	466	28	2	6	470	427	891	0.0	693	626940
d2829a1fe0c6db0ae5f63789ac7ee296	gi|2363082047|ref|NR_179270.1|	92.308	468	31	5	6	470	326	791	0.0	664	2654621
d2829a1fe0c6db0ae5f63789ac7ee296	gi|2363082805|ref|NR_179651.1|	91.684	469	31	8	6	470	350	814	0.0	643	2058289
d2829a1fe0c6db0ae5f63789ac7ee296	gi|2621112327|ref|NR_189230.1|	91.684	469	31	8	6	470	298	762	0.0	643	2897706
d2829a1fe0c6db0ae5f63789ac7ee296	gi|343198461|ref|NR_041894.1|	91.649	467	35	4	6	470	286	750	0.0	643	187327
d2829a1fe0c6db0ae5f63789ac7ee296	gi|2363082575|ref|NR_179534.1|	91.277	470	31	8	6	470	345	809	0.0	632	1852375
d2829a1fe0c6db0ae5f63789ac7ee296	gi|636558634|ref|NR_114691.1|	90.638	470	40	4	4	470	328	796	1.34e-177	621	78126
d2829a1fe0c6db0ae5f63789ac7ee296	gi|645320469|ref|NR_117668.1|	90.343	466	44	1	6	470	341	806	2.90e-174	610	1337886
d2829a1fe0c6db0ae5f63789ac7ee296	gi|645320468|ref|NR_117667.1|	90.343	466	44	1	6	470	339	804	2.90e-174	610	1337886
e5c0140372f444c62db381b9c18c8735	gi|1679775916|ref|NR_163638.1|	99.091	440	4	0	6	445	328	767	0.0	791	2025493
e5c0140372f444c62db381b9c18c8735	gi|1679775915|ref|NR_163637.1|	99.091	440	4	0	6	445	328	767	0.0	791	2025493
e5c0140372f444c62db381b9c18c8735	gi|1679775914|ref|NR_163636.1|	99.091	440	4	0	6	445	328	767	0.0	791	2025493
e5c0140372f444c62db381b9c18c8735	gi|1679775913|ref|NR_163635.1|	99.091	440	4	0	6	445	328	767	0.0	791	2025493
e5c0140372f444c62db381b9c18c8735	gi|1679775912|ref|NR_163634.1|	99.091	440	4	0	6	445	328	767	0.0	791	2025493
e5c0140372f444c62db381b9c18c8735	gi|1193829152|ref|NR_147395.1|	99.091	440	4	0	6	445	348	787	0.0	791	1917868
e5c0140372f444c62db381b9c18c8735	gi|2363081194|ref|NR_178840.1|	99.091	440	4	0	6	445	348	787	0.0	791	1796616
e5c0140372f444c62db381b9c18c8735	gi|559795101|ref|NR_104687.1|	99.091	440	4	0	6	445	348	787	0.0	791	537007
e5c0140372f444c62db381b9c18c8735	gi|631252072|ref|NR_113270.1|	98.864	440	5	0	6	445	348	787	0.0	785	1121114
e5c0140372f444c62db381b9c18c8735	gi|645320731|ref|NR_117867.1|	98.864	440	5	0	6	445	300	739	0.0	785	871664
5ecb9f74689b07e2eef29c911fb2ea08	gi|2363083441|ref|NR_179969.1|	98.287	467	4	4	6	470	250	714	0.0	815	2364647
5ecb9f74689b07e2eef29c911fb2ea08	gi|2363087055|ref|NR_181783.1|	98.287	467	4	4	6	470	249	713	0.0	815	2364647
5ecb9f74689b07e2eef29c911fb2ea08	gi|2363084407|ref|NR_180451.1|	97.859	467	6	4	6	470	338	802	0.0	804	2529382
5ecb9f74689b07e2eef29c911fb2ea08	gi|2363081507|ref|NR_179000.1|	97.849	465	10	0	6	470	314	778	0.0	804	1891675
5ecb9f74689b07e2eef29c911fb2ea08	gi|645321653|ref|NR_118568.1|	97.859	467	6	4	6	470	267	731	0.0	804	550
5ecb9f74689b07e2eef29c911fb2ea08	gi|699005339|ref|NR_126208.1|	97.859	467	6	4	6	470	281	745	0.0	804	1296536
5ecb9f74689b07e2eef29c911fb2ea08	gi|631252954|ref|NR_114152.1|	97.849	465	10	0	6	470	312	776	0.0	804	571
5ecb9f74689b07e2eef29c911fb2ea08	gi|631252143|ref|NR_113341.1|	97.849	465	10	0	6	470	312	776	0.0	804	571
5ecb9f74689b07e2eef29c911fb2ea08	gi|636560694|ref|NR_116754.1|	97.854	466	8	2	6	470	236	700	0.0	804	644651
5ecb9f74689b07e2eef29c911fb2ea08	gi|631251358|ref|NR_112555.1|	97.854	466	8	2	6	470	174	638	0.0	804	644651
6de2dc9165d3ba51ec8f36c4892a86b1	gi|343198636|ref|NR_043142.1|	99.323	443	3	0	6	448	323	765	0.0	802	292800
6de2dc9165d3ba51ec8f36c4892a86b1	gi|265679048|ref|NR_029356.1|	99.323	443	3	0	6	448	336	778	0.0	802	292800
6de2dc9165d3ba51ec8f36c4892a86b1	gi|2363084741|ref|NR_180619.1|	97.517	443	11	0	6	448	347	789	0.0	758	2779352
6de2dc9165d3ba51ec8f36c4892a86b1	gi|219846080|ref|NR_025670.1|	96.163	443	17	0	6	448	329	771	0.0	725	411467
6de2dc9165d3ba51ec8f36c4892a86b1	gi|2136551692|ref|NR_173697.1|	96.163	443	16	1	6	448	349	790	0.0	723	2108523
6de2dc9165d3ba51ec8f36c4892a86b1	gi|1193829127|ref|NR_147370.1|	95.937	443	18	0	6	448	349	791	0.0	719	1870988
6de2dc9165d3ba51ec8f36c4892a86b1	gi|2363082326|ref|NR_179410.1|	95.937	443	18	0	6	448	349	791	0.0	719	1650661
6de2dc9165d3ba51ec8f36c4892a86b1	gi|3030611323|ref|NR_199999.1|	95.711	443	19	0	6	448	301	743	0.0	713	3133422
6de2dc9165d3ba51ec8f36c4892a86b1	gi|2363082358|ref|NR_179426.1|	95.711	443	19	0	6	448	349	791	0.0	713	1702285
6de2dc9165d3ba51ec8f36c4892a86b1	gi|2363082342|ref|NR_179418.1|	95.260	443	21	0	6	448	348	790	0.0	702	1673721
2724c3f9be86bf5a76070e6e1fc3be0f	gi|631251740|ref|NR_112938.1|	98.913	460	5	0	6	465	326	785	0.0	822	204516
2724c3f9be86bf5a76070e6e1fc3be0f	gi|343198509|ref|NR_042745.1|	98.913	460	5	0	6	465	338	797	0.0	822	204516
2724c3f9be86bf5a76070e6e1fc3be0f	gi|343200626|ref|NR_041313.1|	94.565	460	25	0	6	465	340	799	0.0	712	338188
2724c3f9be86bf5a76070e6e1fc3be0f	gi|2363084421|ref|NR_180458.1|	93.913	460	28	0	6	465	340	799	0.0	695	2650157
2724c3f9be86bf5a76070e6e1fc3be0f	gi|636560121|ref|NR_116181.1|	93.913	460	27	1	6	465	333	791	0.0	693	28116
2724c3f9be86bf5a76070e6e1fc3be0f	gi|631251749|ref|NR_112947.1|	93.709	461	27	2	6	465	326	785	0.0	691	657309
2724c3f9be86bf5a76070e6e1fc3be0f	gi|1491509587|ref|NR_159118.1|	93.696	460	29	0	6	465	310	769	0.0	689	28116
2724c3f9be86bf5a76070e6e1fc3be0f	gi|1491509586|ref|NR_159117.1|	93.696	460	29	0	6	465	301	760	0.0	689	28116
2724c3f9be86bf5a76070e6e1fc3be0f	gi|2363085522|ref|NR_181010.1|	93.709	461	27	2	6	465	297	756	0.0	689	2786956
2724c3f9be86bf5a76070e6e1fc3be0f	gi|2363084431|ref|NR_180463.1|	93.709	461	27	2	6	465	340	799	0.0	689	2650158
2c8c6a27ca79977c5da2bbb3148b2c6d	gi|444304091|ref|NR_074515.1|	99.565	460	2	0	6	465	350	809	0.0	839	435590
2c8c6a27ca79977c5da2bbb3148b2c6d	gi|631251748|ref|NR_112946.1|	99.565	460	2	0	6	465	339	798	0.0	839	821
2c8c6a27ca79977c5da2bbb3148b2c6d	gi|631250946|ref|NR_112143.1|	99.348	460	3	0	6	465	307	766	0.0	833	821
2c8c6a27ca79977c5da2bbb3148b2c6d	gi|343200664|ref|NR_041351.1|	98.696	460	6	0	6	465	341	800	0.0	817	357276
2c8c6a27ca79977c5da2bbb3148b2c6d	gi|631251997|ref|NR_113195.1|	93.913	460	28	0	6	465	338	797	0.0	695	1236515
2c8c6a27ca79977c5da2bbb3148b2c6d	gi|631251866|ref|NR_113064.1|	93.696	460	29	0	6	465	338	797	0.0	689	1236538
2c8c6a27ca79977c5da2bbb3148b2c6d	gi|631251817|ref|NR_113015.1|	93.696	460	29	0	6	465	338	797	0.0	689	1236538
2c8c6a27ca79977c5da2bbb3148b2c6d	gi|645320081|ref|NR_117373.1|	93.696	460	29	0	6	465	289	748	0.0	689	1236515
2c8c6a27ca79977c5da2bbb3148b2c6d	gi|2363085522|ref|NR_181010.1|	93.261	460	31	0	6	465	297	756	0.0	678	2786956
2c8c6a27ca79977c5da2bbb3148b2c6d	gi|2363082547|ref|NR_179520.1|	93.261	460	31	0	6	465	314	773	0.0	678	1841855
28c88c36a2d3c649c0993665b2dc2534	gi|444439587|ref|NR_074902.1|	99.570	465	2	0	6	470	341	805	0.0	848	585054
28c88c36a2d3c649c0993665b2dc2534	gi|631252881|ref|NR_114079.1|	99.570	465	2	0	6	470	314	778	0.0	848	564
28c88c36a2d3c649c0993665b2dc2534	gi|559795236|ref|NR_104826.1|	99.570	465	2	0	6	470	321	785	0.0	848	624
28c88c36a2d3c649c0993665b2dc2534	gi|631251361|ref|NR_112558.1|	99.570	465	2	0	6	470	174	638	0.0	848	562
28c88c36a2d3c649c0993665b2dc2534	gi|228716249|ref|NR_027549.1|	99.570	465	2	0	6	470	307	771	0.0	848	585054
28c88c36a2d3c649c0993665b2dc2534	gi|219846739|ref|NR_026331.1|	99.570	465	2	0	6	470	322	786	0.0	848	623
28c88c36a2d3c649c0993665b2dc2534	gi|645322332|ref|NR_119109.1|	99.359	468	2	1	4	470	324	791	0.0	846	566
28c88c36a2d3c649c0993665b2dc2534	gi|631252844|ref|NR_114042.1|	99.355	465	3	0	6	470	314	778	0.0	845	562
28c88c36a2d3c649c0993665b2dc2534	gi|219722938|ref|NR_024570.1|	99.355	465	3	0	6	470	332	796	0.0	845	562
28c88c36a2d3c649c0993665b2dc2534	gi|1018196593|ref|NR_136472.1|	99.355	465	3	0	6	470	334	798	0.0	843	1499973
1a2b5b431e261d7df3b11a32b1b0ced1	gi|219846519|ref|NR_026111.1|	99.355	465	3	0	6	470	339	803	0.0	843	33025
1a2b5b431e261d7df3b11a32b1b0ced1	gi|631251704|ref|NR_112902.1|	93.348	466	29	2	6	470	427	891	0.0	688	626940
1a2b5b431e261d7df3b11a32b1b0ced1	gi|2363082047|ref|NR_179270.1|	92.094	468	32	5	6	470	326	791	0.0	658	2654621
1a2b5b431e261d7df3b11a32b1b0ced1	gi|2363082805|ref|NR_179651.1|	91.471	469	32	8	6	470	350	814	0.0	638	2058289
1a2b5b431e261d7df3b11a32b1b0ced1	gi|2621112327|ref|NR_189230.1|	91.471	469	32	8	6	470	298	762	0.0	638	2897706
1a2b5b431e261d7df3b11a32b1b0ced1	gi|343198461|ref|NR_041894.1|	91.435	467	36	4	6	470	286	750	0.0	638	187327
1a2b5b431e261d7df3b11a32b1b0ced1	gi|2363082575|ref|NR_179534.1|	91.064	470	32	8	6	470	345	809	2.88e-179	627	1852375
1a2b5b431e261d7df3b11a32b1b0ced1	gi|636558634|ref|NR_114691.1|	90.426	470	41	4	4	470	328	796	6.23e-176	616	78126
1a2b5b431e261d7df3b11a32b1b0ced1	gi|645320469|ref|NR_117668.1|	90.129	466	45	1	6	470	341	806	1.35e-172	604	1337886
1a2b5b431e261d7df3b11a32b1b0ced1	gi|645320468|ref|NR_117667.1|	90.129	466	45	1	6	470	339	804	1.35e-172	604	1337886
42e672e36e2f2331a3d6de978c94a573	gi|645320588|ref|NR_117758.1|	99.548	442	2	0	6	447	322	763	0.0	806	166486
42e672e36e2f2331a3d6de978c94a573	gi|228716944|ref|NR_027557.1|	99.548	442	2	0	6	447	343	784	0.0	806	536231
42e672e36e2f2331a3d6de978c94a573	gi|444439494|ref|NR_074809.1|	99.095	442	3	1	6	447	350	790	0.0	793	585394
42e672e36e2f2331a3d6de978c94a573	gi|343201282|ref|NR_042008.1|	98.869	442	3	2	6	447	341	780	0.0	787	585394
42e672e36e2f2331a3d6de978c94a573	gi|343198540|ref|NR_042832.1|	98.643	442	5	1	6	447	330	770	0.0	782	301302
42e672e36e2f2331a3d6de978c94a573	gi|1227086116|ref|NR_148619.1|	98.194	443	6	2	6	447	301	742	0.0	773	1712665
42e672e36e2f2331a3d6de978c94a573	gi|343201281|ref|NR_042007.1|	97.748	444	6	4	6	447	343	784	0.0	761	622312
42e672e36e2f2331a3d6de978c94a573	gi|2363085153|ref|NR_180825.1|	97.511	442	10	1	6	447	347	787	0.0	754	2605790
42e672e36e2f2331a3d6de978c94a573	gi|444304209|ref|NR_074634.1|	97.511	442	9	1	6	447	350	789	0.0	754	515619
42e672e36e2f2331a3d6de978c94a573	gi|2363086282|ref|NR_181393.1|	97.285	442	10	1	6	447	290	729	0.0	749	2763664
c064717f46e37ca560f765072d346c6d	gi|2363082679|ref|NR_179587.1|	97.727	440	10	0	6	445	328	767	0.0	758	1926283
c064717f46e37ca560f765072d346c6d	gi|2363081854|ref|NR_179173.1|	97.727	440	10	0	6	445	333	772	0.0	758	2126740
c064717f46e37ca560f765072d346c6d	gi|1384992332|ref|NR_156081.1|	97.273	440	12	0	6	445	336	775	0.0	747	1469948
c064717f46e37ca560f765072d346c6d	gi|1384992329|ref|NR_156078.1|	97.273	440	12	0	6	445	336	775	0.0	747	1469948
c064717f46e37ca560f765072d346c6d	gi|3030611230|ref|NR_199906.1|	97.045	440	13	0	6	445	354	793	0.0	741	3123317
c064717f46e37ca560f765072d346c6d	gi|3030611314|ref|NR_199990.1|	97.045	440	13	0	6	445	350	789	0.0	741	3123317
c064717f46e37ca560f765072d346c6d	gi|1384992331|ref|NR_156080.1|	97.045	440	13	0	6	445	336	775	0.0	741	1469948
c064717f46e37ca560f765072d346c6d	gi|1384992328|ref|NR_156077.1|	97.045	440	13	0	6	445	336	775	0.0	741	1469948
c064717f46e37ca560f765072d346c6d	gi|310975204|ref|NR_037068.1|	96.591	440	15	0	6	445	341	780	0.0	730	29375
c064717f46e37ca560f765072d346c6d	gi|2363085169|ref|NR_180833.1|	96.372	441	14	2	6	445	337	776	0.0	725	2606635
71ba3852bd5e07101979908624941305	gi|444304091|ref|NR_074515.1|	99.565	460	2	0	6	465	350	809	0.0	839	435590
71ba3852bd5e07101979908624941305	gi|631251748|ref|NR_112946.1|	99.565	460	2	0	6	465	339	798	0.0	839	821
71ba3852bd5e07101979908624941305	gi|631250946|ref|NR_112143.1|	99.348	460	3	0	6	465	307	766	0.0	833	821
71ba3852bd5e07101979908624941305	gi|343200664|ref|NR_041351.1|	98.696	460	6	0	6	465	341	800	0.0	817	357276
71ba3852bd5e07101979908624941305	gi|631251997|ref|NR_113195.1|	93.913	460	28	0	6	465	338	797	0.0	695	1236515
71ba3852bd5e07101979908624941305	gi|631251866|ref|NR_113064.1|	93.696	460	29	0	6	465	338	797	0.0	689	1236538
71ba3852bd5e07101979908624941305	gi|631251817|ref|NR_113015.1|	93.696	460	29	0	6	465	338	797	0.0	689	1236538
71ba3852bd5e07101979908624941305	gi|645320081|ref|NR_117373.1|	93.696	460	29	0	6	465	289	748	0.0	689	1236515
71ba3852bd5e07101979908624941305	gi|2363085522|ref|NR_181010.1|	93.261	460	31	0	6	465	297	756	0.0	678	2786956
71ba3852bd5e07101979908624941305	gi|2363082547|ref|NR_179520.1|	93.261	460	31	0	6	465	314	773	0.0	678	1841855
2ecbbb76dbffe63fb0a275c589990750	gi|2363082679|ref|NR_179587.1|	99.318	440	3	0	6	445	328	767	0.0	797	1926283
2ecbbb76dbffe63fb0a275c589990750	gi|2363081854|ref|NR_179173.1|	99.318	440	3	0	6	445	333	772	0.0	797	2126740
2ecbbb76dbffe63fb0a275c589990750	gi|1384992332|ref|NR_156081.1|	97.045	440	13	0	6	445	336	775	0.0	741	1469948
2ecbbb76dbffe63fb0a275c589990750	gi|1384992329|ref|NR_156078.1|	97.045	440	13	0	6	445	336	775	0.0	741	1469948
2ecbbb76dbffe63fb0a275c589990750	gi|3030611230|ref|NR_199906.1|	96.818	440	14	0	6	445	354	793	0.0	736	3123317
2ecbbb76dbffe63fb0a275c589990750	gi|3030611314|ref|NR_199990.1|	96.818	440	14	0	6	445	350	789	0.0	736	3123317
2ecbbb76dbffe63fb0a275c589990750	gi|1384992331|ref|NR_156080.1|	96.818	440	14	0	6	445	336	775	0.0	736	1469948
2ecbbb76dbffe63fb0a275c589990750	gi|1384992328|ref|NR_156077.1|	96.818	440	14	0	6	445	336	775	0.0	736	1469948
2ecbbb76dbffe63fb0a275c589990750	gi|2363085097|ref|NR_180797.1|	96.818	440	14	0	6	445	346	785	0.0	736	2605778
2ecbbb76dbffe63fb0a275c589990750	gi|2363082819|ref|NR_179658.1|	96.818	440	14	0	6	445	353	792	0.0	736	2086584
9f3969752e961f0e1b3ba460ffe4bc10	gi|961555094|ref|NR_134062.1|	99.570	465	2	0	6	470	312	776	0.0	848	1667327
9f3969752e961f0e1b3ba460ffe4bc10	gi|645320489|ref|NR_117683.1|	99.570	465	2	0	6	470	329	793	0.0	848	573
9f3969752e961f0e1b3ba460ffe4bc10	gi|636558451|ref|NR_114507.1|	99.570	465	2	0	6	470	324	788	0.0	848	667127
9f3969752e961f0e1b3ba460ffe4bc10	gi|310975220|ref|NR_037084.1|	99.570	465	2	0	6	470	310	774	0.0	848	39831
9f3969752e961f0e1b3ba460ffe4bc10	gi|961555095|ref|NR_134063.1|	99.140	465	4	0	6	470	312	776	0.0	839	1463164
9f3969752e961f0e1b3ba460ffe4bc10	gi|636558658|ref|NR_114715.1|	99.140	465	4	0	6	470	299	763	0.0	839	573
9f3969752e961f0e1b3ba460ffe4bc10	gi|2363083969|ref|NR_180233.1|	99.140	465	4	0	6	470	312	776	0.0	837	2489010
9f3969752e961f0e1b3ba460ffe4bc10	gi|2363084407|ref|NR_180451.1|	99.140	465	4	0	6	470	338	802	0.0	837	2529382
9f3969752e961f0e1b3ba460ffe4bc10	gi|645321653|ref|NR_118568.1|	99.140	465	4	0	6	470	267	731	0.0	837	550
9f3969752e961f0e1b3ba460ffe4bc10	gi|699005339|ref|NR_126208.1|	99.140	465	4	0	6	470	281	745	0.0	837	1296536
af9c29bcd72715a8c43b4c2825bedbda	gi|559795246|ref|NR_104836.1|	99.545	440	2	0	6	445	333	772	0.0	802	706562
af9c29bcd72715a8c43b4c2825bedbda	gi|444304189|ref|NR_074613.1|	96.591	440	15	0	6	445	350	789	0.0	730	515620
af9c29bcd72715a8c43b4c2825bedbda	gi|645321781|ref|NR_118667.1|	95.682	440	19	0	6	445	355	794	0.0	721	28052
af9c29bcd72715a8c43b4c2825bedbda	gi|559795169|ref|NR_104758.1|	95.227	440	21	0	6	445	345	784	0.0	697	1282887
af9c29bcd72715a8c43b4c2825bedbda	gi|1277396183|ref|NR_151894.1|	94.545	440	24	0	6	445	335	774	0.0	680	433293
af9c29bcd72715a8c43b4c2825bedbda	gi|659364459|ref|NR_121686.1|	94.318	440	25	0	6	445	348	787	0.0	675	384638
af9c29bcd72715a8c43b4c2825bedbda	gi|219846511|ref|NR_026103.1|	94.331	441	23	2	6	445	316	755	0.0	675	37658
af9c29bcd72715a8c43b4c2825bedbda	gi|343202586|ref|NR_042953.1|	94.331	441	23	2	6	445	308	747	0.0	675	264463
af9c29bcd72715a8c43b4c2825bedbda	gi|219857405|ref|NR_024993.1|	94.318	440	25	0	6	445	349	788	0.0	675	99656
af9c29bcd72715a8c43b4c2825bedbda	gi|645321789|ref|NR_118673.1|	93.878	441	25	2	6	445	354	793	0.0	669	39488
86931335fec2008110ee4677a5849ded	gi|219846045|ref|NR_025635.1|	99.570	465	2	0	6	470	287	751	0.0	848	244366
86931335fec2008110ee4677a5849ded	gi|645320493|ref|NR_117686.1|	99.355	465	3	0	6	470	329	793	0.0	843	573
86931335fec2008110ee4677a5849ded	gi|645320492|ref|NR_117685.1|	99.355	465	3	0	6	470	329	793	0.0	843	573
86931335fec2008110ee4677a5849ded	gi|645320491|ref|NR_117684.1|	99.355	465	3	0	6	470	329	793	0.0	843	573
86931335fec2008110ee4677a5849ded	gi|645320488|ref|NR_117682.1|	99.355	465	3	0	6	470	323	787	0.0	843	573
86931335fec2008110ee4677a5849ded	gi|631250813|ref|NR_112009.1|	99.355	465	3	0	6	470	307	771	0.0	843	573
86931335fec2008110ee4677a5849ded	gi|2363087291|ref|NR_181901.1|	99.355	465	2	1	6	470	333	796	0.0	841	2026240
86931335fec2008110ee4677a5849ded	gi|645322555|ref|NR_119278.1|	99.140	465	4	0	6	470	310	774	0.0	839	573
86931335fec2008110ee4677a5849ded	gi|636558450|ref|NR_114506.1|	99.140	465	4	0	6	470	324	788	0.0	837	573
86931335fec2008110ee4677a5849ded	gi|310974930|ref|NR_036794.1|	99.142	466	3	1	6	470	332	797	0.0	837	573
f7de9e8f647af29914b7e156b1f21b0b	gi|2363082679|ref|NR_179587.1|	96.136	440	17	0	6	445	328	767	0.0	719	1926283
f7de9e8f647af29914b7e156b1f21b0b	gi|1193829153|ref|NR_147396.1|	96.136	440	17	0	6	445	328	767	0.0	719	1917870
f7de9e8f647af29914b7e156b1f21b0b	gi|2363081854|ref|NR_179173.1|	96.136	440	17	0	6	445	333	772	0.0	719	2126740
f7de9e8f647af29914b7e156b1f21b0b	gi|2836274880|ref|NR_197643.1|	95.682	440	19	0	6	445	329	768	0.0	708	2962432
f7de9e8f647af29914b7e156b1f21b0b	gi|1384992332|ref|NR_156081.1|	95.682	440	19	0	6	445	336	775	0.0	708	1469948
f7de9e8f647af29914b7e156b1f21b0b	gi|1384992329|ref|NR_156078.1|	95.682	440	19	0	6	445	336	775	0.0	708	1469948
f7de9e8f647af29914b7e156b1f21b0b	gi|2363080261|ref|NR_178356.1|	95.682	440	19	0	6	445	313	752	0.0	708	558153
f7de9e8f647af29914b7e156b1f21b0b	gi|310975204|ref|NR_037068.1|	95.682	440	19	0	6	445	341	780	0.0	708	29375
f7de9e8f647af29914b7e156b1f21b0b	gi|219846508|ref|NR_026100.1|	95.682	440	19	0	6	445	323	762	0.0	708	1286362
f7de9e8f647af29914b7e156b1f21b0b	gi|343201474|ref|NR_042200.1|	95.682	440	19	0	6	445	318	757	0.0	708	333367
79a4263183953ff06b60ade47d26fcba	gi|3030611324|ref|NR_200000.1|	96.388	443	16	0	6	448	301	743	0.0	730	3342383
79a4263183953ff06b60ade47d26fcba	gi|1109168025|ref|NR_144611.1|	96.396	444	14	2	6	448	282	724	0.0	730	1417852
79a4263183953ff06b60ade47d26fcba	gi|343198636|ref|NR_043142.1|	95.034	443	22	0	6	448	323	765	0.0	697	292800
79a4263183953ff06b60ade47d26fcba	gi|265679048|ref|NR_029356.1|	95.034	443	22	0	6	448	336	778	0.0	697	292800
79a4263183953ff06b60ade47d26fcba	gi|2363082326|ref|NR_179410.1|	93.905	443	27	0	6	448	349	791	0.0	669	1650661
79a4263183953ff06b60ade47d26fcba	gi|2136551692|ref|NR_173697.1|	93.905	443	26	1	6	448	349	790	0.0	667	2108523
79a4263183953ff06b60ade47d26fcba	gi|2363084741|ref|NR_180619.1|	93.679	443	28	0	6	448	347	789	0.0	664	2779352
79a4263183953ff06b60ade47d26fcba	gi|1193829127|ref|NR_147370.1|	93.454	443	29	0	6	448	349	791	0.0	658	1870988
79a4263183953ff06b60ade47d26fcba	gi|2363082358|ref|NR_179426.1|	93.228	443	30	0	6	448	349	791	0.0	652	1702285
79a4263183953ff06b60ade47d26fcba	gi|645321636|ref|NR_118554.1|	93.228	443	30	0	6	448	329	771	0.0	652	1297617
46f74a5c14e3777776f487d522f6f3a7	gi|219846720|ref|NR_026312.1|	97.955	440	9	0	6	445	327	766	0.0	765	180164
46f74a5c14e3777776f487d522f6f3a7	gi|1109168017|ref|NR_144607.1|	97.506	441	9	2	6	445	282	721	0.0	752	1796615
46f74a5c14e3777776f487d522f6f3a7	gi|631252033|ref|NR_113231.1|	97.279	441	10	2	6	445	347	786	0.0	747	536633
46f74a5c14e3777776f487d522f6f3a7	gi|631251591|ref|NR_112789.1|	97.279	441	10	2	6	445	333	772	0.0	747	536633
46f74a5c14e3777776f487d522f6f3a7	gi|343205678|ref|NR_044054.1|	97.273	440	12	0	6	445	297	736	0.0	747	1121115
46f74a5c14e3777776f487d522f6f3a7	gi|631253117|ref|NR_114315.1|	97.045	440	13	0	6	445	336	775	0.0	743	649762
46f74a5c14e3777776f487d522f6f3a7	gi|1679775916|ref|NR_163638.1|	97.045	440	13	0	6	445	328	767	0.0	741	2025493
46f74a5c14e3777776f487d522f6f3a7	gi|1679775915|ref|NR_163637.1|	97.045	440	13	0	6	445	328	767	0.0	741	2025493
46f74a5c14e3777776f487d522f6f3a7	gi|1679775914|ref|NR_163636.1|	97.045	440	13	0	6	445	328	767	0.0	741	2025493
46f74a5c14e3777776f487d522f6f3a7	gi|1679775913|ref|NR_163635.1|	97.045	440	13	0	6	445	328	767	0.0	741	2025493
4c48f1e3f5ce63cfe24d66a340ab799d	gi|3030611230|ref|NR_199906.1|	97.727	440	10	0	6	445	354	793	0.0	758	3123317
4c48f1e3f5ce63cfe24d66a340ab799d	gi|3030611314|ref|NR_199990.1|	97.727	440	10	0	6	445	350	789	0.0	758	3123317
4c48f1e3f5ce63cfe24d66a340ab799d	gi|2363082679|ref|NR_179587.1|	97.727	440	10	0	6	445	328	767	0.0	758	1926283
4c48f1e3f5ce63cfe24d66a340ab799d	gi|1384992332|ref|NR_156081.1|	97.727	440	10	0	6	445	336	775	0.0	758	1469948
4c48f1e3f5ce63cfe24d66a340ab799d	gi|1384992331|ref|NR_156080.1|	97.727	440	10	0	6	445	336	775	0.0	758	1469948
4c48f1e3f5ce63cfe24d66a340ab799d	gi|1384992329|ref|NR_156078.1|	97.727	440	10	0	6	445	336	775	0.0	758	1469948
4c48f1e3f5ce63cfe24d66a340ab799d	gi|1384992328|ref|NR_156077.1|	97.727	440	10	0	6	445	336	775	0.0	758	1469948
4c48f1e3f5ce63cfe24d66a340ab799d	gi|2363081854|ref|NR_179173.1|	97.727	440	10	0	6	445	333	772	0.0	758	2126740
4c48f1e3f5ce63cfe24d66a340ab799d	gi|1193829153|ref|NR_147396.1|	97.273	440	12	0	6	445	328	767	0.0	747	1917870
4c48f1e3f5ce63cfe24d66a340ab799d	gi|2363085097|ref|NR_180797.1|	97.273	440	12	0	6	445	346	785	0.0	747	2605778
44a77c6d1e1455545b15b9c64fc6214a	gi|636558732|ref|NR_114789.1|	94.545	440	24	0	6	445	347	786	0.0	680	1535
44a77c6d1e1455545b15b9c64fc6214a	gi|1146059197|ref|NR_145929.1|	93.468	444	25	2	6	445	319	762	0.0	656	642589
44a77c6d1e1455545b15b9c64fc6214a	gi|3248465687|ref|NR_201701.1|	93.228	443	27	2	6	445	330	772	0.0	649	3435187
44a77c6d1e1455545b15b9c64fc6214a	gi|3248465688|ref|NR_201702.1|	93.228	443	27	2	6	445	328	770	0.0	649	3435000
44a77c6d1e1455545b15b9c64fc6214a	gi|2836274966|ref|NR_197729.1|	93.182	440	30	0	6	445	304	743	0.0	647	3093657
44a77c6d1e1455545b15b9c64fc6214a	gi|1193829157|ref|NR_147400.1|	92.727	440	32	0	6	445	339	778	0.0	636	1958780
44a77c6d1e1455545b15b9c64fc6214a	gi|2836274967|ref|NR_197730.1|	92.727	440	32	0	6	445	312	751	0.0	636	3093658
44a77c6d1e1455545b15b9c64fc6214a	gi|1116030278|ref|NR_144736.1|	92.727	440	32	0	6	445	360	799	0.0	636	1776382
44a77c6d1e1455545b15b9c64fc6214a	gi|2363082799|ref|NR_179648.1|	92.500	440	33	0	6	445	339	778	2.10e-180	630	2045012
44a77c6d1e1455545b15b9c64fc6214a	gi|2180566484|ref|NR_174324.1|	92.500	440	33	0	6	445	346	785	2.10e-180	630	2576756
2fd96579c2e9908fcfd868e5089f6b7d	gi|343198636|ref|NR_043142.1|	99.323	443	3	0	6	448	323	765	0.0	802	292800
2fd96579c2e9908fcfd868e5089f6b7d	gi|265679048|ref|NR_029356.1|	99.323	443	3	0	6	448	336	778	0.0	802	292800
2fd96579c2e9908fcfd868e5089f6b7d	gi|2363084741|ref|NR_180619.1|	97.517	443	11	0	6	448	347	789	0.0	758	2779352
2fd96579c2e9908fcfd868e5089f6b7d	gi|219846080|ref|NR_025670.1|	96.163	443	17	0	6	448	329	771	0.0	725	411467
2fd96579c2e9908fcfd868e5089f6b7d	gi|2136551692|ref|NR_173697.1|	96.163	443	16	1	6	448	349	790	0.0	723	2108523
2fd96579c2e9908fcfd868e5089f6b7d	gi|1193829127|ref|NR_147370.1|	95.937	443	18	0	6	448	349	791	0.0	719	1870988
2fd96579c2e9908fcfd868e5089f6b7d	gi|2363082326|ref|NR_179410.1|	95.937	443	18	0	6	448	349	791	0.0	719	1650661
2fd96579c2e9908fcfd868e5089f6b7d	gi|3030611323|ref|NR_199999.1|	95.711	443	19	0	6	448	301	743	0.0	713	3133422
2fd96579c2e9908fcfd868e5089f6b7d	gi|2363082358|ref|NR_179426.1|	95.711	443	19	0	6	448	349	791	0.0	713	1702285
2fd96579c2e9908fcfd868e5089f6b7d	gi|2363082342|ref|NR_179418.1|	95.260	443	21	0	6	448	348	790	0.0	702	1673721
34f1c279c959d8e05b66482079d9024f	gi|343205678|ref|NR_044054.1|	99.318	440	3	0	6	445	297	736	0.0	797	1121115
34f1c279c959d8e05b66482079d9024f	gi|631253117|ref|NR_114315.1|	99.091	440	4	0	6	445	336	775	0.0	793	649762
34f1c279c959d8e05b66482079d9024f	gi|2363082685|ref|NR_179590.1|	98.866	441	4	1	6	445	327	767	0.0	787	1936059
34f1c279c959d8e05b66482079d9024f	gi|219846722|ref|NR_026314.1|	97.273	440	12	0	6	445	330	769	0.0	747	53443
34f1c279c959d8e05b66482079d9024f	gi|219846720|ref|NR_026312.1|	96.818	440	14	0	6	445	327	766	0.0	737	180164
34f1c279c959d8e05b66482079d9024f	gi|2363084170|ref|NR_180334.1|	96.818	440	14	0	6	445	253	692	0.0	736	2763028
34f1c279c959d8e05b66482079d9024f	gi|2363086300|ref|NR_181402.1|	96.818	440	14	0	6	445	300	739	0.0	736	2763028
34f1c279c959d8e05b66482079d9024f	gi|631252033|ref|NR_113231.1|	96.825	441	12	2	6	445	347	786	0.0	736	536633
34f1c279c959d8e05b66482079d9024f	gi|631251591|ref|NR_112789.1|	96.825	441	12	2	6	445	333	772	0.0	736	536633
34f1c279c959d8e05b66482079d9024f	gi|2363082673|ref|NR_179584.1|	96.599	441	13	2	6	445	327	766	0.0	730	1917888
b3bc2d4b931d0f9f4f18fd612cf9b25d	gi|1811131545|ref|NR_165727.1|	98.874	444	5	0	6	449	358	801	0.0	793	2358141
b3bc2d4b931d0f9f4f18fd612cf9b25d	gi|219846061|ref|NR_025651.1|	94.820	444	22	1	6	449	350	792	0.0	691	160404
b3bc2d4b931d0f9f4f18fd612cf9b25d	gi|1445136073|ref|NR_158113.1|	94.157	445	23	3	6	449	328	770	0.0	675	433287
b3bc2d4b931d0f9f4f18fd612cf9b25d	gi|631252210|ref|NR_113408.1|	93.243	444	29	1	6	449	351	793	0.0	652	28446
b3bc2d4b931d0f9f4f18fd612cf9b25d	gi|2621112349|ref|NR_189253.1|	93.018	444	31	0	6	449	345	788	0.0	649	2918914
b3bc2d4b931d0f9f4f18fd612cf9b25d	gi|265678961|ref|NR_029269.1|	93.018	444	29	2	6	449	350	791	0.0	647	28446
b3bc2d4b931d0f9f4f18fd612cf9b25d	gi|219846558|ref|NR_026150.1|	92.793	444	30	2	6	449	350	791	0.0	641	36847
b3bc2d4b931d0f9f4f18fd612cf9b25d	gi|645320791|ref|NR_117912.1|	92.568	444	32	1	6	449	325	767	0.0	636	879970
b3bc2d4b931d0f9f4f18fd612cf9b25d	gi|1397641803|ref|NR_156912.1|	92.342	444	33	1	6	449	307	749	2.12e-180	630	1450156
b3bc2d4b931d0f9f4f18fd612cf9b25d	gi|1230874676|ref|NR_148837.1|	92.135	445	29	4	6	449	347	786	3.55e-178	623	1675854
c24d78a7f62a69c3688865dc73108bff	gi|3030611230|ref|NR_199906.1|	97.727	440	10	0	6	445	354	793	0.0	758	3123317
c24d78a7f62a69c3688865dc73108bff	gi|3030611314|ref|NR_199990.1|	97.727	440	10	0	6	445	350	789	0.0	758	3123317
c24d78a7f62a69c3688865dc73108bff	gi|2363082679|ref|NR_179587.1|	97.727	440	10	0	6	445	328	767	0.0	758	1926283
c24d78a7f62a69c3688865dc73108bff	gi|1384992332|ref|NR_156081.1|	97.727	440	10	0	6	445	336	775	0.0	758	1469948
c24d78a7f62a69c3688865dc73108bff	gi|1384992331|ref|NR_156080.1|	97.727	440	10	0	6	445	336	775	0.0	758	1469948
c24d78a7f62a69c3688865dc73108bff	gi|1384992329|ref|NR_156078.1|	97.727	440	10	0	6	445	336	775	0.0	758	1469948
c24d78a7f62a69c3688865dc73108bff	gi|1384992328|ref|NR_156077.1|	97.727	440	10	0	6	445	336	775	0.0	758	1469948
c24d78a7f62a69c3688865dc73108bff	gi|2363081854|ref|NR_179173.1|	97.727	440	10	0	6	445	333	772	0.0	758	2126740
c24d78a7f62a69c3688865dc73108bff	gi|1193829153|ref|NR_147396.1|	97.273	440	12	0	6	445	328	767	0.0	747	1917870
c24d78a7f62a69c3688865dc73108bff	gi|2363085097|ref|NR_180797.1|	97.273	440	12	0	6	445	346	785	0.0	747	2605778
153976808187e58edb2b1d1db671ce5d	gi|444439587|ref|NR_074902.1|	99.570	465	2	0	6	470	341	805	0.0	848	585054
153976808187e58edb2b1d1db671ce5d	gi|631252881|ref|NR_114079.1|	99.570	465	2	0	6	470	314	778	0.0	848	564
153976808187e58edb2b1d1db671ce5d	gi|559795236|ref|NR_104826.1|	99.570	465	2	0	6	470	321	785	0.0	848	624
153976808187e58edb2b1d1db671ce5d	gi|631251361|ref|NR_112558.1|	99.570	465	2	0	6	470	174	638	0.0	848	562
153976808187e58edb2b1d1db671ce5d	gi|228716249|ref|NR_027549.1|	99.570	465	2	0	6	470	307	771	0.0	848	585054
153976808187e58edb2b1d1db671ce5d	gi|219846739|ref|NR_026331.1|	99.570	465	2	0	6	470	322	786	0.0	848	623
153976808187e58edb2b1d1db671ce5d	gi|645322332|ref|NR_119109.1|	99.359	468	2	1	4	470	324	791	0.0	846	566
153976808187e58edb2b1d1db671ce5d	gi|631252844|ref|NR_114042.1|	99.355	465	3	0	6	470	314	778	0.0	845	562
153976808187e58edb2b1d1db671ce5d	gi|219722938|ref|NR_024570.1|	99.355	465	3	0	6	470	332	796	0.0	845	562
153976808187e58edb2b1d1db671ce5d	gi|1018196593|ref|NR_136472.1|	99.355	465	3	0	6	470	334	798	0.0	843	1499973
2b808d20e37ad1fceaac1630841a384d	gi|2363082679|ref|NR_179587.1|	96.364	440	16	0	6	445	328	767	0.0	725	1926283
2b808d20e37ad1fceaac1630841a384d	gi|2363081854|ref|NR_179173.1|	96.364	440	16	0	6	445	333	772	0.0	725	2126740
2b808d20e37ad1fceaac1630841a384d	gi|3030611230|ref|NR_199906.1|	95.682	440	19	0	6	445	354	793	0.0	708	3123317
2b808d20e37ad1fceaac1630841a384d	gi|3030611314|ref|NR_199990.1|	95.682	440	19	0	6	445	350	789	0.0	708	3123317
2b808d20e37ad1fceaac1630841a384d	gi|2836274880|ref|NR_197643.1|	95.682	440	19	0	6	445	329	768	0.0	708	2962432
2b808d20e37ad1fceaac1630841a384d	gi|1384992331|ref|NR_156080.1|	95.682	440	19	0	6	445	336	775	0.0	708	1469948
2b808d20e37ad1fceaac1630841a384d	gi|1384992328|ref|NR_156077.1|	95.682	440	19	0	6	445	336	775	0.0	708	1469948
2b808d20e37ad1fceaac1630841a384d	gi|2363085097|ref|NR_180797.1|	95.682	440	19	0	6	445	346	785	0.0	708	2605778
2b808d20e37ad1fceaac1630841a384d	gi|1384992332|ref|NR_156081.1|	95.455	440	20	0	6	445	336	775	0.0	702	1469948
2b808d20e37ad1fceaac1630841a384d	gi|1384992329|ref|NR_156078.1|	95.455	440	20	0	6	445	336	775	0.0	702	1469948
5259a1637898f11f200ccb800b73c982	gi|343201063|ref|NR_041750.1|	99.570	465	2	0	6	470	324	788	0.0	848	574
5259a1637898f11f200ccb800b73c982	gi|645322553|ref|NR_119276.1|	98.925	465	5	0	6	470	310	774	0.0	837	574
5259a1637898f11f200ccb800b73c982	gi|961555094|ref|NR_134062.1|	98.925	465	5	0	6	470	312	776	0.0	832	1667327
5259a1637898f11f200ccb800b73c982	gi|645320489|ref|NR_117683.1|	98.925	465	5	0	6	470	329	793	0.0	832	573
5259a1637898f11f200ccb800b73c982	gi|636558451|ref|NR_114507.1|	98.925	465	5	0	6	470	324	788	0.0	832	667127
5259a1637898f11f200ccb800b73c982	gi|310975220|ref|NR_037084.1|	98.925	465	5	0	6	470	310	774	0.0	832	39831
5259a1637898f11f200ccb800b73c982	gi|961555095|ref|NR_134063.1|	98.495	465	7	0	6	470	312	776	0.0	822	1463164
5259a1637898f11f200ccb800b73c982	gi|636558658|ref|NR_114715.1|	98.495	465	7	0	6	470	299	763	0.0	822	573
5259a1637898f11f200ccb800b73c982	gi|2363083969|ref|NR_180233.1|	98.495	465	7	0	6	470	312	776	0.0	821	2489010
5259a1637898f11f200ccb800b73c982	gi|1269801491|ref|NR_102493.2|	98.495	465	7	0	6	470	339	803	0.0	821	1028307
04e551c0e07210e8c3ba086172cb8301	gi|343205678|ref|NR_044054.1|	99.318	440	3	0	6	445	297	736	0.0	797	1121115
04e551c0e07210e8c3ba086172cb8301	gi|631253117|ref|NR_114315.1|	99.091	440	4	0	6	445	336	775	0.0	793	649762
04e551c0e07210e8c3ba086172cb8301	gi|2363082685|ref|NR_179590.1|	98.866	441	4	1	6	445	327	767	0.0	787	1936059
04e551c0e07210e8c3ba086172cb8301	gi|219846722|ref|NR_026314.1|	97.273	440	12	0	6	445	330	769	0.0	747	53443
04e551c0e07210e8c3ba086172cb8301	gi|219846720|ref|NR_026312.1|	96.818	440	14	0	6	445	327	766	0.0	737	180164
04e551c0e07210e8c3ba086172cb8301	gi|2363084170|ref|NR_180334.1|	96.818	440	14	0	6	445	253	692	0.0	736	2763028
04e551c0e07210e8c3ba086172cb8301	gi|2363086300|ref|NR_181402.1|	96.818	440	14	0	6	445	300	739	0.0	736	2763028
04e551c0e07210e8c3ba086172cb8301	gi|631252033|ref|NR_113231.1|	96.825	441	12	2	6	445	347	786	0.0	736	536633
04e551c0e07210e8c3ba086172cb8301	gi|631251591|ref|NR_112789.1|	96.825	441	12	2	6	445	333	772	0.0	736	536633
04e551c0e07210e8c3ba086172cb8301	gi|2363082673|ref|NR_179584.1|	96.599	441	13	2	6	445	327	766	0.0	730	1917888
2aee0dfeac11e320ca139a614887c8bc	gi|444304091|ref|NR_074515.1|	99.348	460	3	0	6	465	350	809	0.0	833	435590
2aee0dfeac11e320ca139a614887c8bc	gi|631251748|ref|NR_112946.1|	99.348	460	3	0	6	465	339	798	0.0	833	821
2aee0dfeac11e320ca139a614887c8bc	gi|631250946|ref|NR_112143.1|	99.130	460	4	0	6	465	307	766	0.0	828	821
2aee0dfeac11e320ca139a614887c8bc	gi|343200664|ref|NR_041351.1|	98.478	460	7	0	6	465	341	800	0.0	811	357276
2aee0dfeac11e320ca139a614887c8bc	gi|631251997|ref|NR_113195.1|	93.696	460	29	0	6	465	338	797	0.0	689	1236515
2aee0dfeac11e320ca139a614887c8bc	gi|631251866|ref|NR_113064.1|	93.478	460	30	0	6	465	338	797	0.0	684	1236538
2aee0dfeac11e320ca139a614887c8bc	gi|631251817|ref|NR_113015.1|	93.478	460	30	0	6	465	338	797	0.0	684	1236538
2aee0dfeac11e320ca139a614887c8bc	gi|645320081|ref|NR_117373.1|	93.478	460	30	0	6	465	289	748	0.0	684	1236515
2aee0dfeac11e320ca139a614887c8bc	gi|2363085522|ref|NR_181010.1|	93.043	460	32	0	6	465	297	756	0.0	673	2786956
2aee0dfeac11e320ca139a614887c8bc	gi|2363082547|ref|NR_179520.1|	93.043	460	32	0	6	465	314	773	0.0	673	1841855
e912992c8427673c4fa702eed8246819	gi|219846519|ref|NR_026111.1|	96.559	465	16	0	6	470	339	803	0.0	771	33025
e912992c8427673c4fa702eed8246819	gi|631251704|ref|NR_112902.1|	90.558	466	42	2	6	470	427	891	6.23e-176	616	626940
e912992c8427673c4fa702eed8246819	gi|2363082047|ref|NR_179270.1|	90.171	468	41	5	6	470	326	791	1.04e-173	608	2654621
e912992c8427673c4fa702eed8246819	gi|636558634|ref|NR_114691.1|	89.362	470	46	4	4	470	328	796	1.36e-167	588	78126
e912992c8427673c4fa702eed8246819	gi|2363082805|ref|NR_179651.1|	89.126	469	43	8	6	470	350	814	2.94e-164	577	2058289
e912992c8427673c4fa702eed8246819	gi|2621112327|ref|NR_189230.1|	89.126	469	43	8	6	470	298	762	2.94e-164	577	2897706
e912992c8427673c4fa702eed8246819	gi|343198461|ref|NR_041894.1|	89.079	467	47	4	6	470	286	750	2.94e-164	577	187327
e912992c8427673c4fa702eed8246819	gi|645320469|ref|NR_117668.1|	88.841	466	51	1	6	470	341	806	1.37e-162	571	1337886
e912992c8427673c4fa702eed8246819	gi|645320468|ref|NR_117667.1|	88.841	466	51	1	6	470	339	804	1.37e-162	571	1337886
e912992c8427673c4fa702eed8246819	gi|645320466|ref|NR_117666.1|	88.841	466	51	1	6	470	342	807	1.37e-162	571	1337886
d6f3155e20386f5d2334e19690ea29bd	gi|3030611230|ref|NR_199906.1|	97.727	440	10	0	6	445	354	793	0.0	758	3123317
d6f3155e20386f5d2334e19690ea29bd	gi|3030611314|ref|NR_199990.1|	97.727	440	10	0	6	445	350	789	0.0	758	3123317
d6f3155e20386f5d2334e19690ea29bd	gi|2363082679|ref|NR_179587.1|	97.727	440	10	0	6	445	328	767	0.0	758	1926283
d6f3155e20386f5d2334e19690ea29bd	gi|1384992332|ref|NR_156081.1|	97.727	440	10	0	6	445	336	775	0.0	758	1469948
d6f3155e20386f5d2334e19690ea29bd	gi|1384992331|ref|NR_156080.1|	97.727	440	10	0	6	445	336	775	0.0	758	1469948
d6f3155e20386f5d2334e19690ea29bd	gi|1384992329|ref|NR_156078.1|	97.727	440	10	0	6	445	336	775	0.0	758	1469948
d6f3155e20386f5d2334e19690ea29bd	gi|1384992328|ref|NR_156077.1|	97.727	440	10	0	6	445	336	775	0.0	758	1469948
d6f3155e20386f5d2334e19690ea29bd	gi|2363081854|ref|NR_179173.1|	97.727	440	10	0	6	445	333	772	0.0	758	2126740
d6f3155e20386f5d2334e19690ea29bd	gi|1193829153|ref|NR_147396.1|	97.273	440	12	0	6	445	328	767	0.0	747	1917870
d6f3155e20386f5d2334e19690ea29bd	gi|2363085097|ref|NR_180797.1|	97.273	440	12	0	6	445	346	785	0.0	747	2605778
e35ce11a7f7ff0decf066329e1110df0	gi|1811131545|ref|NR_165727.1|	99.099	444	4	0	6	449	358	801	0.0	798	2358141
e35ce11a7f7ff0decf066329e1110df0	gi|219846061|ref|NR_025651.1|	94.820	444	22	1	6	449	350	792	0.0	691	160404
e35ce11a7f7ff0decf066329e1110df0	gi|1445136073|ref|NR_158113.1|	94.157	445	23	3	6	449	328	770	0.0	675	433287
e35ce11a7f7ff0decf066329e1110df0	gi|631252210|ref|NR_113408.1|	93.243	444	29	1	6	449	351	793	0.0	652	28446
e35ce11a7f7ff0decf066329e1110df0	gi|2621112349|ref|NR_189253.1|	93.018	444	31	0	6	449	345	788	0.0	649	2918914
e35ce11a7f7ff0decf066329e1110df0	gi|265678961|ref|NR_029269.1|	93.018	444	29	2	6	449	350	791	0.0	647	28446
e35ce11a7f7ff0decf066329e1110df0	gi|219846558|ref|NR_026150.1|	92.793	444	30	2	6	449	350	791	0.0	641	36847
e35ce11a7f7ff0decf066329e1110df0	gi|645320791|ref|NR_117912.1|	92.568	444	32	1	6	449	325	767	0.0	636	879970
e35ce11a7f7ff0decf066329e1110df0	gi|1397641803|ref|NR_156912.1|	92.342	444	33	1	6	449	307	749	2.12e-180	630	1450156
e35ce11a7f7ff0decf066329e1110df0	gi|1230874676|ref|NR_148837.1|	92.135	445	29	4	6	449	347	786	3.55e-178	623	1675854
79882d036927287f3b6848f774c420c4	gi|343201063|ref|NR_041750.1|	99.140	465	4	0	6	470	324	788	0.0	837	574
79882d036927287f3b6848f774c420c4	gi|645322553|ref|NR_119276.1|	98.495	465	7	0	6	470	310	774	0.0	826	574
79882d036927287f3b6848f774c420c4	gi|961555094|ref|NR_134062.1|	98.495	465	7	0	6	470	312	776	0.0	821	1667327
79882d036927287f3b6848f774c420c4	gi|645320489|ref|NR_117683.1|	98.495	465	7	0	6	470	329	793	0.0	821	573
79882d036927287f3b6848f774c420c4	gi|636558451|ref|NR_114507.1|	98.495	465	7	0	6	470	324	788	0.0	821	667127
79882d036927287f3b6848f774c420c4	gi|310975220|ref|NR_037084.1|	98.495	465	7	0	6	470	310	774	0.0	821	39831
79882d036927287f3b6848f774c420c4	gi|961555095|ref|NR_134063.1|	98.065	465	9	0	6	470	312	776	0.0	811	1463164
79882d036927287f3b6848f774c420c4	gi|636558658|ref|NR_114715.1|	98.065	465	9	0	6	470	299	763	0.0	811	573
79882d036927287f3b6848f774c420c4	gi|2363083969|ref|NR_180233.1|	98.065	465	9	0	6	470	312	776	0.0	809	2489010
79882d036927287f3b6848f774c420c4	gi|1269801491|ref|NR_102493.2|	98.065	465	9	0	6	470	339	803	0.0	809	1028307
06ad925aadb0408f7f2a58da3ea8c9e9	gi|444304012|ref|NR_074436.1|	98.434	447	7	0	5	451	320	766	0.0	787	239935
06ad925aadb0408f7f2a58da3ea8c9e9	gi|343202494|ref|NR_042817.1|	98.434	447	7	0	5	451	300	746	0.0	787	349741
06ad925aadb0408f7f2a58da3ea8c9e9	gi|1315204026|ref|NR_152695.1|	92.000	450	32	3	5	451	299	747	7.67e-180	628	1679444
06ad925aadb0408f7f2a58da3ea8c9e9	gi|343200983|ref|NR_041670.1|	85.439	467	47	7	5	451	297	762	1.77e-131	468	490092
06ad925aadb0408f7f2a58da3ea8c9e9	gi|343200984|ref|NR_041671.1|	85.225	467	48	9	5	451	319	784	2.96e-129	460	490093
06ad925aadb0408f7f2a58da3ea8c9e9	gi|219846674|ref|NR_026266.1|	85.011	467	48	8	5	451	303	767	1.06e-128	459	240016
06ad925aadb0408f7f2a58da3ea8c9e9	gi|343200937|ref|NR_041624.1|	85.043	468	47	9	5	451	320	785	1.38e-127	455	454151
06ad925aadb0408f7f2a58da3ea8c9e9	gi|2260349445|ref|NR_176527.1|	84.979	466	49	7	5	451	317	780	4.95e-127	453	2576071
06ad925aadb0408f7f2a58da3ea8c9e9	gi|343200987|ref|NR_041674.1|	84.797	467	50	9	5	451	318	783	6.41e-126	449	490096
06ad925aadb0408f7f2a58da3ea8c9e9	gi|566085532|ref|NR_109603.1|	84.582	467	51	9	5	451	280	745	2.98e-124	444	1157309
bb71a2a87aa89698d0d6e198fd21217f	gi|343201063|ref|NR_041750.1|	99.785	465	1	0	6	470	324	788	0.0	854	574
bb71a2a87aa89698d0d6e198fd21217f	gi|645322553|ref|NR_119276.1|	99.140	465	4	0	6	470	310	774	0.0	843	574
bb71a2a87aa89698d0d6e198fd21217f	gi|961555094|ref|NR_134062.1|	99.140	465	4	0	6	470	312	776	0.0	837	1667327
bb71a2a87aa89698d0d6e198fd21217f	gi|645320489|ref|NR_117683.1|	99.140	465	4	0	6	470	329	793	0.0	837	573
bb71a2a87aa89698d0d6e198fd21217f	gi|636558451|ref|NR_114507.1|	99.140	465	4	0	6	470	324	788	0.0	837	667127
bb71a2a87aa89698d0d6e198fd21217f	gi|310975220|ref|NR_037084.1|	99.140	465	4	0	6	470	310	774	0.0	837	39831
bb71a2a87aa89698d0d6e198fd21217f	gi|961555095|ref|NR_134063.1|	98.710	465	6	0	6	470	312	776	0.0	828	1463164
bb71a2a87aa89698d0d6e198fd21217f	gi|636558658|ref|NR_114715.1|	98.710	465	6	0	6	470	299	763	0.0	828	573
bb71a2a87aa89698d0d6e198fd21217f	gi|2363083969|ref|NR_180233.1|	98.710	465	6	0	6	470	312	776	0.0	826	2489010
bb71a2a87aa89698d0d6e198fd21217f	gi|1269801491|ref|NR_102493.2|	98.710	465	6	0	6	470	339	803	0.0	826	1028307
03efed801a592fa110848930cfba0175	gi|310974936|ref|NR_036800.1|	99.318	440	3	0	6	445	326	765	0.0	797	411470
03efed801a592fa110848930cfba0175	gi|645321810|ref|NR_118690.1|	99.318	440	3	0	6	445	338	777	0.0	797	411470
03efed801a592fa110848930cfba0175	gi|2363085474|ref|NR_180986.1|	97.273	440	12	0	6	445	347	786	0.0	747	2681861
03efed801a592fa110848930cfba0175	gi|265678578|ref|NR_028883.1|	96.154	442	14	3	6	445	226	666	0.0	719	88431
03efed801a592fa110848930cfba0175	gi|631250892|ref|NR_112089.1|	96.145	441	15	2	6	445	336	775	0.0	719	553973
03efed801a592fa110848930cfba0175	gi|224581401|ref|NR_024719.1|	96.145	441	14	3	6	445	341	779	0.0	717	89153
03efed801a592fa110848930cfba0175	gi|2363085103|ref|NR_180800.1|	95.909	440	18	0	6	445	347	786	0.0	713	2652274
03efed801a592fa110848930cfba0175	gi|1397641798|ref|NR_156907.1|	95.928	442	14	4	6	445	348	787	0.0	713	1912855
03efed801a592fa110848930cfba0175	gi|1116030273|ref|NR_144731.1|	95.909	440	18	0	6	445	347	786	0.0	713	1720294
03efed801a592fa110848930cfba0175	gi|219857617|ref|NR_025206.1|	95.909	440	18	0	6	445	314	753	0.0	713	180286
83ede220c162d31d3a4654dd16a9d271	gi|265678656|ref|NR_028961.1|	98.864	440	5	0	6	445	327	766	0.0	785	853
83ede220c162d31d3a4654dd16a9d271	gi|2363081451|ref|NR_178972.1|	98.636	440	6	0	6	445	285	724	0.0	780	1851428
83ede220c162d31d3a4654dd16a9d271	gi|2363080123|ref|NR_178280.1|	98.636	440	6	0	6	445	331	770	0.0	780	411483
83ede220c162d31d3a4654dd16a9d271	gi|3030611269|ref|NR_199945.1|	98.409	440	7	0	6	445	335	774	0.0	774	3435293
83ede220c162d31d3a4654dd16a9d271	gi|2363081449|ref|NR_178971.1|	98.840	431	5	0	6	436	285	715	0.0	769	1851427
83ede220c162d31d3a4654dd16a9d271	gi|2363082282|ref|NR_179388.1|	97.959	441	7	2	6	445	335	774	0.0	763	2935520
83ede220c162d31d3a4654dd16a9d271	gi|2363080175|ref|NR_178311.1|	96.364	440	16	0	6	445	412	851	0.0	725	2903556
83ede220c162d31d3a4654dd16a9d271	gi|1397641802|ref|NR_156911.1|	92.273	440	34	0	6	445	351	790	9.78e-179	625	1650663
83ede220c162d31d3a4654dd16a9d271	gi|2363084747|ref|NR_180622.1|	92.290	441	32	2	6	445	335	774	9.78e-179	625	2779354
83ede220c162d31d3a4654dd16a9d271	gi|2363082356|ref|NR_179425.1|	92.273	440	34	0	6	445	351	790	9.78e-179	625	1689304
54c05f68af0fddf2c95a399fd81e4026	gi|219846519|ref|NR_026111.1|	99.785	465	1	0	6	470	339	803	0.0	854	33025
54c05f68af0fddf2c95a399fd81e4026	gi|631251704|ref|NR_112902.1|	93.777	466	27	2	6	470	427	891	0.0	699	626940
54c05f68af0fddf2c95a399fd81e4026	gi|2363082047|ref|NR_179270.1|	92.521	468	30	5	6	470	326	791	0.0	669	2654621
54c05f68af0fddf2c95a399fd81e4026	gi|2363082805|ref|NR_179651.1|	91.898	469	30	8	6	470	350	814	0.0	649	2058289
54c05f68af0fddf2c95a399fd81e4026	gi|2621112327|ref|NR_189230.1|	91.898	469	30	8	6	470	298	762	0.0	649	2897706
54c05f68af0fddf2c95a399fd81e4026	gi|343198461|ref|NR_041894.1|	91.863	467	34	4	6	470	286	750	0.0	649	187327
54c05f68af0fddf2c95a399fd81e4026	gi|2363082575|ref|NR_179534.1|	91.489	470	30	8	6	470	345	809	0.0	638	1852375
54c05f68af0fddf2c95a399fd81e4026	gi|636558634|ref|NR_114691.1|	90.851	470	39	4	4	470	328	796	2.88e-179	627	78126
54c05f68af0fddf2c95a399fd81e4026	gi|645320469|ref|NR_117668.1|	90.558	466	43	1	6	470	341	806	6.23e-176	616	1337886
54c05f68af0fddf2c95a399fd81e4026	gi|645320468|ref|NR_117667.1|	90.558	466	43	1	6	470	339	804	6.23e-176	616	1337886
88eb6e6333e37f232ceb85e521f9dd16	gi|219846045|ref|NR_025635.1|	99.355	465	3	0	6	470	287	751	0.0	843	244366
88eb6e6333e37f232ceb85e521f9dd16	gi|645320493|ref|NR_117686.1|	99.140	465	4	0	6	470	329	793	0.0	837	573
88eb6e6333e37f232ceb85e521f9dd16	gi|645320492|ref|NR_117685.1|	99.140	465	4	0	6	470	329	793	0.0	837	573
88eb6e6333e37f232ceb85e521f9dd16	gi|645320491|ref|NR_117684.1|	99.140	465	4	0	6	470	329	793	0.0	837	573
88eb6e6333e37f232ceb85e521f9dd16	gi|645320488|ref|NR_117682.1|	99.140	465	4	0	6	470	323	787	0.0	837	573
88eb6e6333e37f232ceb85e521f9dd16	gi|631250813|ref|NR_112009.1|	99.140	465	4	0	6	470	307	771	0.0	837	573
88eb6e6333e37f232ceb85e521f9dd16	gi|2363087291|ref|NR_181901.1|	99.140	465	3	1	6	470	333	796	0.0	835	2026240
88eb6e6333e37f232ceb85e521f9dd16	gi|645322555|ref|NR_119278.1|	98.925	465	5	0	6	470	310	774	0.0	833	573
88eb6e6333e37f232ceb85e521f9dd16	gi|636558450|ref|NR_114506.1|	98.925	465	5	0	6	470	324	788	0.0	832	573
88eb6e6333e37f232ceb85e521f9dd16	gi|310974930|ref|NR_036794.1|	98.927	466	4	1	6	470	332	797	0.0	832	573
f60389b72d6c27111312fde62348379b	gi|343201063|ref|NR_041750.1|	99.140	465	4	0	6	470	324	788	0.0	837	574
f60389b72d6c27111312fde62348379b	gi|645322553|ref|NR_119276.1|	98.495	465	7	0	6	470	310	774	0.0	826	574
f60389b72d6c27111312fde62348379b	gi|961555094|ref|NR_134062.1|	98.495	465	7	0	6	470	312	776	0.0	821	1667327
f60389b72d6c27111312fde62348379b	gi|645320489|ref|NR_117683.1|	98.495	465	7	0	6	470	329	793	0.0	821	573
f60389b72d6c27111312fde62348379b	gi|636558451|ref|NR_114507.1|	98.495	465	7	0	6	470	324	788	0.0	821	667127
f60389b72d6c27111312fde62348379b	gi|310975220|ref|NR_037084.1|	98.495	465	7	0	6	470	310	774	0.0	821	39831
f60389b72d6c27111312fde62348379b	gi|961555095|ref|NR_134063.1|	98.065	465	9	0	6	470	312	776	0.0	811	1463164
f60389b72d6c27111312fde62348379b	gi|636558658|ref|NR_114715.1|	98.065	465	9	0	6	470	299	763	0.0	811	573
f60389b72d6c27111312fde62348379b	gi|2363083969|ref|NR_180233.1|	98.065	465	9	0	6	470	312	776	0.0	809	2489010
f60389b72d6c27111312fde62348379b	gi|1269801491|ref|NR_102493.2|	98.065	465	9	0	6	470	339	803	0.0	809	1028307
cc63a3c4ad11724905063f692b75d585	gi|343201063|ref|NR_041750.1|	99.570	465	2	0	6	470	324	788	0.0	848	574
cc63a3c4ad11724905063f692b75d585	gi|645322553|ref|NR_119276.1|	98.925	465	5	0	6	470	310	774	0.0	837	574
cc63a3c4ad11724905063f692b75d585	gi|961555094|ref|NR_134062.1|	98.925	465	5	0	6	470	312	776	0.0	832	1667327
cc63a3c4ad11724905063f692b75d585	gi|645320489|ref|NR_117683.1|	98.925	465	5	0	6	470	329	793	0.0	832	573
cc63a3c4ad11724905063f692b75d585	gi|636558451|ref|NR_114507.1|	98.925	465	5	0	6	470	324	788	0.0	832	667127
cc63a3c4ad11724905063f692b75d585	gi|310975220|ref|NR_037084.1|	98.925	465	5	0	6	470	310	774	0.0	832	39831
cc63a3c4ad11724905063f692b75d585	gi|961555095|ref|NR_134063.1|	98.495	465	7	0	6	470	312	776	0.0	822	1463164
cc63a3c4ad11724905063f692b75d585	gi|636558658|ref|NR_114715.1|	98.495	465	7	0	6	470	299	763	0.0	822	573
cc63a3c4ad11724905063f692b75d585	gi|2363083969|ref|NR_180233.1|	98.495	465	7	0	6	470	312	776	0.0	821	2489010
cc63a3c4ad11724905063f692b75d585	gi|1269801491|ref|NR_102493.2|	98.495	465	7	0	6	470	339	803	0.0	821	1028307
e2ea55157c9877fcabadacdf4c89420f	gi|444304091|ref|NR_074515.1|	98.698	461	4	2	6	465	350	809	0.0	817	435590
e2ea55157c9877fcabadacdf4c89420f	gi|631251748|ref|NR_112946.1|	98.698	461	4	2	6	465	339	798	0.0	817	821
e2ea55157c9877fcabadacdf4c89420f	gi|343200664|ref|NR_041351.1|	98.478	460	7	0	6	465	341	800	0.0	811	357276
e2ea55157c9877fcabadacdf4c89420f	gi|631250946|ref|NR_112143.1|	98.482	461	5	2	6	465	307	766	0.0	811	821
e2ea55157c9877fcabadacdf4c89420f	gi|631251997|ref|NR_113195.1|	93.696	460	29	0	6	465	338	797	0.0	689	1236515
e2ea55157c9877fcabadacdf4c89420f	gi|631251866|ref|NR_113064.1|	93.478	460	30	0	6	465	338	797	0.0	684	1236538
e2ea55157c9877fcabadacdf4c89420f	gi|631251817|ref|NR_113015.1|	93.478	460	30	0	6	465	338	797	0.0	684	1236538
e2ea55157c9877fcabadacdf4c89420f	gi|645320081|ref|NR_117373.1|	93.478	460	30	0	6	465	289	748	0.0	684	1236515
e2ea55157c9877fcabadacdf4c89420f	gi|2363085522|ref|NR_181010.1|	93.043	460	32	0	6	465	297	756	0.0	673	2786956
e2ea55157c9877fcabadacdf4c89420f	gi|2363082773|ref|NR_179635.1|	93.043	460	32	0	6	465	338	797	0.0	673	2024197
fce23ddb65071c2759d06c91d9f5df6d	gi|1277396271|ref|NR_151982.1|	99.097	443	4	0	6	448	248	690	0.0	797	1628085
fce23ddb65071c2759d06c91d9f5df6d	gi|1277396349|ref|NR_152060.1|	98.871	443	5	0	6	448	336	778	0.0	793	1712515
fce23ddb65071c2759d06c91d9f5df6d	gi|545589041|ref|NR_044644.2|	95.711	443	17	1	6	448	354	794	0.0	719	39484
fce23ddb65071c2759d06c91d9f5df6d	gi|1193829128|ref|NR_147371.1|	95.711	443	17	1	6	448	277	717	0.0	712	1871029
fce23ddb65071c2759d06c91d9f5df6d	gi|343205971|ref|NR_044490.1|	94.369	444	24	1	6	448	348	791	0.0	680	501571
fce23ddb65071c2759d06c91d9f5df6d	gi|2363082930|ref|NR_179713.1|	93.679	443	28	0	6	448	319	761	0.0	664	1945634
fce23ddb65071c2759d06c91d9f5df6d	gi|2363087009|ref|NR_181761.1|	92.325	443	33	1	6	448	269	710	7.61e-180	628	2841509
fce23ddb65071c2759d06c91d9f5df6d	gi|645321636|ref|NR_118554.1|	90.293	443	43	0	6	448	329	771	2.16e-165	580	1297617
fce23ddb65071c2759d06c91d9f5df6d	gi|3248465658|ref|NR_201672.1|	90.090	444	42	2	6	448	296	738	1.01e-163	575	3381350
fce23ddb65071c2759d06c91d9f5df6d	gi|2363082352|ref|NR_179423.1|	90.090	444	42	2	6	448	349	791	1.01e-163	575	1689270
bd429ed09ab557644854fb90cd9bb03a	gi|310974914|ref|NR_036777.1|	99.074	432	4	0	6	437	333	764	0.0	778	33039
bd429ed09ab557644854fb90cd9bb03a	gi|2363084846|ref|NR_180671.1|	97.955	440	9	0	6	445	63	502	0.0	763	2594882
bd429ed09ab557644854fb90cd9bb03a	gi|2363082374|ref|NR_179434.1|	97.727	440	10	0	6	445	349	788	0.0	758	1720300
bd429ed09ab557644854fb90cd9bb03a	gi|2962412221|ref|NR_199415.1|	97.273	440	12	0	6	445	338	777	0.0	747	3136600
bd429ed09ab557644854fb90cd9bb03a	gi|636560687|ref|NR_116747.1|	97.045	440	13	0	6	445	301	740	0.0	741	1298596
bd429ed09ab557644854fb90cd9bb03a	gi|636559443|ref|NR_115502.1|	95.928	442	15	3	6	445	349	789	0.0	726	33039
bd429ed09ab557644854fb90cd9bb03a	gi|631251356|ref|NR_112553.1|	96.145	441	16	1	6	445	348	788	0.0	719	342942
bd429ed09ab557644854fb90cd9bb03a	gi|2363085133|ref|NR_180815.1|	95.909	440	18	0	6	445	350	789	0.0	713	2606633
bd429ed09ab557644854fb90cd9bb03a	gi|2363082059|ref|NR_179276.1|	95.909	440	18	0	6	445	334	773	0.0	713	2316025
bd429ed09ab557644854fb90cd9bb03a	gi|2363083556|ref|NR_180026.1|	95.909	440	18	0	6	445	348	787	0.0	713	2696678
4663cddd8715d98f85dc08b9cb33f58d	gi|343198636|ref|NR_043142.1|	99.549	443	2	0	6	448	323	765	0.0	808	292800
4663cddd8715d98f85dc08b9cb33f58d	gi|265679048|ref|NR_029356.1|	99.549	443	2	0	6	448	336	778	0.0	808	292800
4663cddd8715d98f85dc08b9cb33f58d	gi|2363084741|ref|NR_180619.1|	97.743	443	10	0	6	448	347	789	0.0	763	2779352
4663cddd8715d98f85dc08b9cb33f58d	gi|219846080|ref|NR_025670.1|	96.388	443	16	0	6	448	329	771	0.0	730	411467
4663cddd8715d98f85dc08b9cb33f58d	gi|2136551692|ref|NR_173697.1|	96.388	443	15	1	6	448	349	790	0.0	728	2108523
4663cddd8715d98f85dc08b9cb33f58d	gi|1193829127|ref|NR_147370.1|	96.163	443	17	0	6	448	349	791	0.0	725	1870988
4663cddd8715d98f85dc08b9cb33f58d	gi|2363082326|ref|NR_179410.1|	96.163	443	17	0	6	448	349	791	0.0	725	1650661
4663cddd8715d98f85dc08b9cb33f58d	gi|3030611323|ref|NR_199999.1|	95.937	443	18	0	6	448	301	743	0.0	719	3133422
4663cddd8715d98f85dc08b9cb33f58d	gi|2363082358|ref|NR_179426.1|	95.937	443	18	0	6	448	349	791	0.0	719	1702285
4663cddd8715d98f85dc08b9cb33f58d	gi|2363082342|ref|NR_179418.1|	95.485	443	20	0	6	448	348	790	0.0	708	1673721
853d15c9365afee5638927f59cd57aaa	gi|343198636|ref|NR_043142.1|	99.323	443	3	0	6	448	323	765	0.0	802	292800
853d15c9365afee5638927f59cd57aaa	gi|265679048|ref|NR_029356.1|	99.323	443	3	0	6	448	336	778	0.0	802	292800
853d15c9365afee5638927f59cd57aaa	gi|2363084741|ref|NR_180619.1|	97.517	443	11	0	6	448	347	789	0.0	758	2779352
853d15c9365afee5638927f59cd57aaa	gi|219846080|ref|NR_025670.1|	96.163	443	17	0	6	448	329	771	0.0	725	411467
853d15c9365afee5638927f59cd57aaa	gi|2136551692|ref|NR_173697.1|	96.163	443	16	1	6	448	349	790	0.0	723	2108523
853d15c9365afee5638927f59cd57aaa	gi|1193829127|ref|NR_147370.1|	95.937	443	18	0	6	448	349	791	0.0	719	1870988
853d15c9365afee5638927f59cd57aaa	gi|2363082326|ref|NR_179410.1|	95.937	443	18	0	6	448	349	791	0.0	719	1650661
853d15c9365afee5638927f59cd57aaa	gi|3030611323|ref|NR_199999.1|	95.711	443	19	0	6	448	301	743	0.0	713	3133422
853d15c9365afee5638927f59cd57aaa	gi|2363082358|ref|NR_179426.1|	95.711	443	19	0	6	448	349	791	0.0	713	1702285
853d15c9365afee5638927f59cd57aaa	gi|2363082342|ref|NR_179418.1|	95.260	443	21	0	6	448	348	790	0.0	702	1673721
20d08f79df6b9da77e23e4c28e82576d	gi|343200655|ref|NR_041342.1|	98.478	460	7	0	6	465	336	795	0.0	811	823
20d08f79df6b9da77e23e4c28e82576d	gi|444303953|ref|NR_074376.1|	97.609	460	11	0	6	465	351	810	0.0	789	435591
20d08f79df6b9da77e23e4c28e82576d	gi|1811131517|ref|NR_165699.1|	93.478	460	30	0	6	465	336	795	0.0	684	2685834
20d08f79df6b9da77e23e4c28e82576d	gi|2363082619|ref|NR_179556.1|	92.826	460	33	0	6	465	316	775	0.0	667	1871013
20d08f79df6b9da77e23e4c28e82576d	gi|631251637|ref|NR_112835.1|	92.174	460	35	1	6	465	336	794	0.0	649	574930
20d08f79df6b9da77e23e4c28e82576d	gi|2363082715|ref|NR_179605.1|	91.957	460	37	0	6	465	316	775	0.0	645	1944636
20d08f79df6b9da77e23e4c28e82576d	gi|631252010|ref|NR_113208.1|	91.522	460	39	0	6	465	336	795	0.0	634	871327
20d08f79df6b9da77e23e4c28e82576d	gi|974142265|ref|NR_134785.1|	91.304	460	40	0	6	465	336	795	2.20e-180	630	1217282
20d08f79df6b9da77e23e4c28e82576d	gi|2363086049|ref|NR_181277.1|	91.087	460	41	0	6	465	309	768	3.68e-178	623	2753162
20d08f79df6b9da77e23e4c28e82576d	gi|631251878|ref|NR_113076.1|	90.870	460	42	0	6	465	324	783	1.71e-176	617	927665
5784e7807fc4eb5c4f119c46d902a833	gi|310974936|ref|NR_036800.1|	99.318	440	3	0	6	445	326	765	0.0	797	411470
5784e7807fc4eb5c4f119c46d902a833	gi|645321810|ref|NR_118690.1|	99.318	440	3	0	6	445	338	777	0.0	797	411470
5784e7807fc4eb5c4f119c46d902a833	gi|2363085474|ref|NR_180986.1|	97.273	440	12	0	6	445	347	786	0.0	747	2681861
5784e7807fc4eb5c4f119c46d902a833	gi|265678578|ref|NR_028883.1|	96.154	442	14	3	6	445	226	666	0.0	719	88431
5784e7807fc4eb5c4f119c46d902a833	gi|631250892|ref|NR_112089.1|	96.145	441	15	2	6	445	336	775	0.0	719	553973
5784e7807fc4eb5c4f119c46d902a833	gi|224581401|ref|NR_024719.1|	96.145	441	14	3	6	445	341	779	0.0	717	89153
5784e7807fc4eb5c4f119c46d902a833	gi|2363085103|ref|NR_180800.1|	95.909	440	18	0	6	445	347	786	0.0	713	2652274
5784e7807fc4eb5c4f119c46d902a833	gi|1397641798|ref|NR_156907.1|	95.928	442	14	4	6	445	348	787	0.0	713	1912855
5784e7807fc4eb5c4f119c46d902a833	gi|1116030273|ref|NR_144731.1|	95.909	440	18	0	6	445	347	786	0.0	713	1720294
5784e7807fc4eb5c4f119c46d902a833	gi|219857617|ref|NR_025206.1|	95.909	440	18	0	6	445	314	753	0.0	713	180286
8174092585cf95446e835754611d6422	gi|343198461|ref|NR_041894.1|	99.140	465	4	0	6	470	286	750	0.0	837	187327
8174092585cf95446e835754611d6422	gi|444439613|ref|NR_074928.1|	95.914	465	19	0	6	470	345	809	0.0	754	591001
8174092585cf95446e835754611d6422	gi|310975154|ref|NR_037018.1|	95.914	465	19	0	6	470	332	796	0.0	754	905
8174092585cf95446e835754611d6422	gi|2363082609|ref|NR_179551.1|	95.503	467	17	3	6	470	345	809	0.0	745	1871002
8174092585cf95446e835754611d6422	gi|2363082805|ref|NR_179651.1|	95.319	470	12	7	6	470	350	814	0.0	737	2058289
8174092585cf95446e835754611d6422	gi|2621112327|ref|NR_189230.1|	95.319	470	12	7	6	470	298	762	0.0	737	2897706
8174092585cf95446e835754611d6422	gi|2363082575|ref|NR_179534.1|	94.433	467	22	4	6	470	345	809	0.0	715	1852375
8174092585cf95446e835754611d6422	gi|3248465909|ref|NR_201924.1|	94.218	467	23	4	6	470	333	797	0.0	712	3456956
8174092585cf95446e835754611d6422	gi|219846519|ref|NR_026111.1|	91.221	467	37	4	6	470	339	803	0.0	632	33025
8174092585cf95446e835754611d6422	gi|2363082047|ref|NR_179270.1|	90.658	471	33	10	6	470	326	791	1.73e-176	617	2654621
facd3cf425e920057b9aadd3cb0ef75b	gi|219846340|ref|NR_025930.1|	99.095	442	3	1	6	446	296	737	0.0	793	40518
facd3cf425e920057b9aadd3cb0ef75b	gi|2136551638|ref|NR_173642.1|	97.968	443	7	2	6	446	349	791	0.0	767	2678306
facd3cf425e920057b9aadd3cb0ef75b	gi|2363084544|ref|NR_180520.1|	95.918	441	16	2	6	446	356	794	0.0	713	2564099
facd3cf425e920057b9aadd3cb0ef75b	gi|2363082825|ref|NR_179661.1|	93.002	443	29	2	6	446	342	784	0.0	645	2086583
facd3cf425e920057b9aadd3cb0ef75b	gi|636558732|ref|NR_114789.1|	91.610	441	36	1	6	446	347	786	9.87e-174	608	1535
facd3cf425e920057b9aadd3cb0ef75b	gi|2136551663|ref|NR_173668.1|	91.403	442	35	3	6	446	294	733	4.59e-172	603	2766537
facd3cf425e920057b9aadd3cb0ef75b	gi|3248465687|ref|NR_201701.1|	91.196	443	37	2	6	446	330	772	1.65e-171	601	3435187
facd3cf425e920057b9aadd3cb0ef75b	gi|3248465688|ref|NR_201702.1|	91.196	443	37	2	6	446	328	770	1.65e-171	601	3435000
facd3cf425e920057b9aadd3cb0ef75b	gi|2180566484|ref|NR_174324.1|	91.156	441	38	1	6	446	346	785	2.14e-170	597	2576756
facd3cf425e920057b9aadd3cb0ef75b	gi|3248465658|ref|NR_201672.1|	90.541	444	38	4	6	446	296	738	1.66e-166	584	3381350
7e9a0f46ce410af02d817c34e0964783	gi|1277396189|ref|NR_151900.1|	99.091	440	4	0	6	445	351	790	0.0	791	1550024
7e9a0f46ce410af02d817c34e0964783	gi|2962412223|ref|NR_199417.1|	93.468	444	21	8	6	445	342	781	0.0	652	3136601
7e9a0f46ce410af02d817c34e0964783	gi|559795255|ref|NR_104846.1|	93.409	440	29	0	6	445	288	727	0.0	652	745368
7e9a0f46ce410af02d817c34e0964783	gi|1397641802|ref|NR_156911.1|	93.197	441	28	2	6	445	351	790	0.0	647	1650663
7e9a0f46ce410af02d817c34e0964783	gi|2363084747|ref|NR_180622.1|	93.182	440	30	0	6	445	335	774	0.0	647	2779354
7e9a0f46ce410af02d817c34e0964783	gi|265678692|ref|NR_028997.1|	92.971	441	30	1	6	445	303	743	0.0	641	214851
7e9a0f46ce410af02d817c34e0964783	gi|2363080123|ref|NR_178280.1|	92.045	440	35	0	6	445	331	770	4.55e-177	619	411483
7e9a0f46ce410af02d817c34e0964783	gi|3030611269|ref|NR_199945.1|	91.818	440	36	0	6	445	335	774	2.12e-175	614	3435293
7e9a0f46ce410af02d817c34e0964783	gi|265678656|ref|NR_028961.1|	91.818	440	36	0	6	445	327	766	2.12e-175	614	853
7e9a0f46ce410af02d817c34e0964783	gi|2363081449|ref|NR_178971.1|	91.818	440	35	1	6	445	285	723	7.61e-175	612	1851427
65e16434c3d850663acb09e71f849c00	gi|2260473023|ref|NR_176800.1|	99.571	466	2	0	6	471	303	768	0.0	850	35833
65e16434c3d850663acb09e71f849c00	gi|2962412215|ref|NR_199409.1|	92.537	469	28	7	6	471	328	792	0.0	665	3136602
65e16434c3d850663acb09e71f849c00	gi|631252098|ref|NR_113296.1|	92.505	467	32	3	6	471	341	805	0.0	665	54565
65e16434c3d850663acb09e71f849c00	gi|645319734|ref|NR_117110.1|	92.505	467	32	3	6	471	337	801	0.0	665	54565
65e16434c3d850663acb09e71f849c00	gi|219846821|ref|NR_026413.1|	92.521	468	30	5	6	471	320	784	0.0	665	58621
65e16434c3d850663acb09e71f849c00	gi|219846663|ref|NR_026255.1|	91.631	466	38	1	6	471	319	783	0.0	643	644897
65e16434c3d850663acb09e71f849c00	gi|343198744|ref|NR_043567.1|	91.416	466	39	1	6	471	340	804	0.0	638	32016
65e16434c3d850663acb09e71f849c00	gi|636558706|ref|NR_114763.1|	91.416	466	39	1	6	471	200	664	0.0	638	32016
65e16434c3d850663acb09e71f849c00	gi|559795397|ref|NR_104990.1|	91.489	470	31	9	6	471	340	804	0.0	638	876
65e16434c3d850663acb09e71f849c00	gi|566084868|ref|NR_108301.1|	91.350	474	27	14	6	471	324	791	0.0	636	571438
7af7400397dc837d774b85c3909c68c8	gi|2363082679|ref|NR_179587.1|	95.227	440	21	0	6	445	328	767	0.0	697	1926283
7af7400397dc837d774b85c3909c68c8	gi|2363081854|ref|NR_179173.1|	95.227	440	21	0	6	445	333	772	0.0	697	2126740
7af7400397dc837d774b85c3909c68c8	gi|2363082059|ref|NR_179276.1|	92.971	441	29	2	6	445	334	773	0.0	641	2316025
7af7400397dc837d774b85c3909c68c8	gi|1384992332|ref|NR_156081.1|	92.955	440	31	0	6	445	336	775	0.0	641	1469948
7af7400397dc837d774b85c3909c68c8	gi|1384992329|ref|NR_156078.1|	92.955	440	31	0	6	445	336	775	0.0	641	1469948
7af7400397dc837d774b85c3909c68c8	gi|2363082819|ref|NR_179658.1|	92.955	440	31	0	6	445	353	792	0.0	641	2086584
7af7400397dc837d774b85c3909c68c8	gi|2363086280|ref|NR_181392.1|	92.760	442	30	1	6	445	324	765	0.0	638	2763665
7af7400397dc837d774b85c3909c68c8	gi|3030611230|ref|NR_199906.1|	92.727	440	32	0	6	445	354	793	0.0	636	3123317
7af7400397dc837d774b85c3909c68c8	gi|3030611314|ref|NR_199990.1|	92.727	440	32	0	6	445	350	789	0.0	636	3123317
7af7400397dc837d774b85c3909c68c8	gi|1384992331|ref|NR_156080.1|	92.727	440	32	0	6	445	336	775	0.0	636	1469948
f9b8eb07920903ef986d3183f966aa9b	gi|2363083800|ref|NR_180148.1|	99.097	443	4	0	6	448	349	791	0.0	797	2211183
f9b8eb07920903ef986d3183f966aa9b	gi|2363082352|ref|NR_179423.1|	94.582	443	24	0	6	448	349	791	0.0	686	1689270
f9b8eb07920903ef986d3183f966aa9b	gi|2363082358|ref|NR_179426.1|	93.454	443	29	0	6	448	349	791	0.0	658	1702285
f9b8eb07920903ef986d3183f966aa9b	gi|1109168025|ref|NR_144611.1|	93.454	443	29	0	6	448	282	724	0.0	658	1417852
f9b8eb07920903ef986d3183f966aa9b	gi|2363084741|ref|NR_180619.1|	93.228	443	30	0	6	448	347	789	0.0	652	2779352
f9b8eb07920903ef986d3183f966aa9b	gi|645321636|ref|NR_118554.1|	93.228	443	30	0	6	448	329	771	0.0	652	1297617
f9b8eb07920903ef986d3183f966aa9b	gi|2136551692|ref|NR_173697.1|	93.228	443	29	1	6	448	349	790	0.0	651	2108523
f9b8eb07920903ef986d3183f966aa9b	gi|219846080|ref|NR_025670.1|	93.002	443	31	0	6	448	329	771	0.0	647	411467
f9b8eb07920903ef986d3183f966aa9b	gi|219846612|ref|NR_026204.1|	92.584	445	29	4	6	448	328	770	0.0	638	47246
f9b8eb07920903ef986d3183f966aa9b	gi|3030611324|ref|NR_200000.1|	92.551	443	33	0	6	448	301	743	0.0	636	3342383
f363169a250f9bd6c16fe20acf3e7d25	gi|545589041|ref|NR_044644.2|	97.052	441	13	0	6	446	354	794	0.0	750	39484
f363169a250f9bd6c16fe20acf3e7d25	gi|1193829128|ref|NR_147371.1|	96.372	441	16	0	6	446	277	717	0.0	726	1871029
f363169a250f9bd6c16fe20acf3e7d25	gi|1277396349|ref|NR_152060.1|	95.711	443	17	2	6	446	336	778	0.0	712	1712515
f363169a250f9bd6c16fe20acf3e7d25	gi|1277396271|ref|NR_151982.1|	95.711	443	17	2	6	446	248	690	0.0	712	1628085
f363169a250f9bd6c16fe20acf3e7d25	gi|2363082930|ref|NR_179713.1|	92.777	443	30	1	6	446	319	761	0.0	640	1945634
f363169a250f9bd6c16fe20acf3e7d25	gi|343205971|ref|NR_044490.1|	92.342	444	31	3	6	446	348	791	7.58e-180	628	501571
f363169a250f9bd6c16fe20acf3e7d25	gi|2363087009|ref|NR_181761.1|	91.629	442	36	1	6	446	269	710	2.74e-174	610	2841509
f363169a250f9bd6c16fe20acf3e7d25	gi|2363083800|ref|NR_180148.1|	89.616	443	44	1	6	446	349	791	7.79e-160	562	2211183
f363169a250f9bd6c16fe20acf3e7d25	gi|219846612|ref|NR_026204.1|	88.964	444	45	3	6	446	328	770	2.18e-155	547	47246
f363169a250f9bd6c16fe20acf3e7d25	gi|3248465658|ref|NR_201672.1|	88.514	444	47	3	6	446	296	738	1.70e-151	534	3381350
e29484e46b56539ac46ed168193d1fe8	gi|1193829158|ref|NR_147401.1|	98.925	465	5	0	6	470	332	796	0.0	833	1816689
e29484e46b56539ac46ed168193d1fe8	gi|219878461|ref|NR_025600.1|	97.849	465	10	0	6	470	302	766	0.0	804	234908
e29484e46b56539ac46ed168193d1fe8	gi|2363082045|ref|NR_179269.1|	95.279	466	20	2	6	470	320	784	0.0	739	2494234
e29484e46b56539ac46ed168193d1fe8	gi|1193829159|ref|NR_147402.1|	94.433	467	22	3	6	470	332	796	0.0	715	1907660
e29484e46b56539ac46ed168193d1fe8	gi|1864207054|ref|NR_169348.1|	93.978	465	28	0	6	470	319	783	0.0	704	2584944
e29484e46b56539ac46ed168193d1fe8	gi|2363082713|ref|NR_179604.1|	93.978	465	28	0	6	470	310	774	0.0	704	1944635
e29484e46b56539ac46ed168193d1fe8	gi|343200904|ref|NR_041591.1|	93.763	465	29	0	6	470	312	776	0.0	701	762967
e29484e46b56539ac46ed168193d1fe8	gi|1193829138|ref|NR_147381.1|	93.333	465	31	0	6	470	332	796	0.0	688	1852381
e29484e46b56539ac46ed168193d1fe8	gi|645320614|ref|NR_117778.1|	93.362	467	27	3	6	470	293	757	0.0	688	40545
e29484e46b56539ac46ed168193d1fe8	gi|559795260|ref|NR_104851.1|	93.362	467	27	3	6	470	282	746	0.0	688	40545
b195158de440784f737fdf4e5be89af4	gi|1109168017|ref|NR_144607.1|	98.864	440	5	0	6	445	282	721	0.0	785	1796615
b195158de440784f737fdf4e5be89af4	gi|631252033|ref|NR_113231.1|	98.182	440	8	0	6	445	347	786	0.0	769	536633
b195158de440784f737fdf4e5be89af4	gi|631251591|ref|NR_112789.1|	98.182	440	8	0	6	445	333	772	0.0	769	536633
b195158de440784f737fdf4e5be89af4	gi|631252072|ref|NR_113270.1|	97.273	440	12	0	6	445	348	787	0.0	747	1121114
b195158de440784f737fdf4e5be89af4	gi|645320731|ref|NR_117867.1|	97.273	440	12	0	6	445	300	739	0.0	747	871664
b195158de440784f737fdf4e5be89af4	gi|559795114|ref|NR_104700.1|	97.273	440	12	0	6	445	348	787	0.0	747	33035
b195158de440784f737fdf4e5be89af4	gi|2363082673|ref|NR_179584.1|	97.045	440	13	0	6	445	327	766	0.0	743	1917888
b195158de440784f737fdf4e5be89af4	gi|219846720|ref|NR_026312.1|	97.045	440	13	0	6	445	327	766	0.0	743	180164
b195158de440784f737fdf4e5be89af4	gi|1679775916|ref|NR_163638.1|	97.045	440	13	0	6	445	328	767	0.0	741	2025493
b195158de440784f737fdf4e5be89af4	gi|1679775915|ref|NR_163637.1|	97.045	440	13	0	6	445	328	767	0.0	741	2025493
8673fc71d23559912a035bf318b80e38	gi|1811131545|ref|NR_165727.1|	94.831	445	18	4	6	446	358	801	0.0	689	2358141
8673fc71d23559912a035bf318b80e38	gi|645321749|ref|NR_118643.1|	94.785	441	22	1	6	446	254	693	0.0	686	1432052
8673fc71d23559912a035bf318b80e38	gi|2363085103|ref|NR_180800.1|	94.331	441	24	1	6	446	347	786	0.0	675	2652274
8673fc71d23559912a035bf318b80e38	gi|1277396381|ref|NR_152095.1|	94.331	441	24	1	6	446	348	787	0.0	675	1679721
8673fc71d23559912a035bf318b80e38	gi|1116030273|ref|NR_144731.1|	94.331	441	24	1	6	446	347	786	0.0	675	1720294
8673fc71d23559912a035bf318b80e38	gi|1277396183|ref|NR_151894.1|	94.331	441	24	1	6	446	335	774	0.0	675	433293
8673fc71d23559912a035bf318b80e38	gi|310974936|ref|NR_036800.1|	94.344	442	22	3	6	446	326	765	0.0	675	411470
8673fc71d23559912a035bf318b80e38	gi|645321810|ref|NR_118690.1|	94.344	442	22	3	6	446	338	777	0.0	675	411470
8673fc71d23559912a035bf318b80e38	gi|1384992332|ref|NR_156081.1|	93.891	442	24	3	6	446	336	775	0.0	664	1469948
8673fc71d23559912a035bf318b80e38	gi|1384992329|ref|NR_156078.1|	93.891	442	24	3	6	446	336	775	0.0	664	1469948
35a74c48476cd6a1099104c895b33b8c	gi|631251734|ref|NR_112932.1|	98.913	460	5	0	6	465	328	787	0.0	822	47678
35a74c48476cd6a1099104c895b33b8c	gi|219846650|ref|NR_026242.1|	98.913	460	5	0	6	465	318	777	0.0	822	47678
35a74c48476cd6a1099104c895b33b8c	gi|631251869|ref|NR_113067.1|	97.174	460	13	0	6	465	325	784	0.0	778	1077285
35a74c48476cd6a1099104c895b33b8c	gi|343200626|ref|NR_041313.1|	97.174	460	13	0	6	465	340	799	0.0	778	338188
35a74c48476cd6a1099104c895b33b8c	gi|645320100|ref|NR_117387.1|	96.957	460	14	0	6	465	320	779	0.0	773	1077285
35a74c48476cd6a1099104c895b33b8c	gi|631251749|ref|NR_112947.1|	96.739	460	15	0	6	465	326	785	0.0	769	657309
35a74c48476cd6a1099104c895b33b8c	gi|2363084431|ref|NR_180463.1|	96.739	460	15	0	6	465	340	799	0.0	767	2650158
35a74c48476cd6a1099104c895b33b8c	gi|2363084421|ref|NR_180458.1|	96.739	460	15	0	6	465	340	799	0.0	767	2650157
35a74c48476cd6a1099104c895b33b8c	gi|343201773|ref|NR_042499.1|	96.739	460	15	0	6	465	294	753	0.0	767	657309
35a74c48476cd6a1099104c895b33b8c	gi|343200620|ref|NR_041307.1|	96.739	460	15	0	6	465	334	793	0.0	767	329854
e06c9df9577777d8f5e44c7017176262	gi|219857122|ref|NR_024750.1|	98.866	441	4	1	6	445	300	740	0.0	787	116085
e06c9df9577777d8f5e44c7017176262	gi|2363080283|ref|NR_178367.1|	95.455	440	20	0	6	445	328	767	0.0	702	673271
e06c9df9577777d8f5e44c7017176262	gi|219878251|ref|NR_025390.1|	95.000	440	22	0	6	445	330	769	0.0	691	115544
e06c9df9577777d8f5e44c7017176262	gi|1040567056|ref|NR_137405.1|	94.773	440	23	0	6	445	307	746	0.0	686	1619234
e06c9df9577777d8f5e44c7017176262	gi|1109168027|ref|NR_144612.1|	94.545	440	24	0	6	445	350	789	0.0	680	1796636
e06c9df9577777d8f5e44c7017176262	gi|3248465643|ref|NR_201655.1|	94.344	442	21	4	6	445	313	752	0.0	675	3380807
e06c9df9577777d8f5e44c7017176262	gi|3030611230|ref|NR_199906.1|	94.318	440	25	0	6	445	354	793	0.0	675	3123317
e06c9df9577777d8f5e44c7017176262	gi|3030611314|ref|NR_199990.1|	94.318	440	25	0	6	445	350	789	0.0	675	3123317
e06c9df9577777d8f5e44c7017176262	gi|2136551567|ref|NR_173570.1|	94.344	442	21	4	6	445	330	769	0.0	675	1912090
e06c9df9577777d8f5e44c7017176262	gi|1384992332|ref|NR_156081.1|	94.318	440	25	0	6	445	336	775	0.0	675	1469948
d3fbe67fb0d69f0febbc111ed221b2c3	gi|636560687|ref|NR_116747.1|	89.238	446	40	6	6	449	301	740	1.70e-156	551	1298596
d3fbe67fb0d69f0febbc111ed221b2c3	gi|2363082603|ref|NR_179548.1|	88.170	448	41	9	6	449	348	787	1.03e-148	525	1870993
d3fbe67fb0d69f0febbc111ed221b2c3	gi|1953646571|ref|NR_171444.1|	88.117	446	45	6	6	449	301	740	3.70e-148	523	1912897
d3fbe67fb0d69f0febbc111ed221b2c3	gi|1953646488|ref|NR_171392.1|	88.117	446	45	6	6	449	355	794	3.70e-148	523	1912897
d3fbe67fb0d69f0febbc111ed221b2c3	gi|1953646486|ref|NR_171390.1|	88.117	446	45	6	6	449	355	794	3.70e-148	523	1912897
d3fbe67fb0d69f0febbc111ed221b2c3	gi|1953646481|ref|NR_171388.1|	88.117	446	44	7	6	449	355	793	1.33e-147	521	1912897
d3fbe67fb0d69f0febbc111ed221b2c3	gi|2363086302|ref|NR_181403.1|	87.892	446	48	6	6	449	246	687	4.79e-147	520	2763061
d3fbe67fb0d69f0febbc111ed221b2c3	gi|2363085133|ref|NR_180815.1|	87.892	446	46	6	6	449	350	789	1.72e-146	518	2606633
d3fbe67fb0d69f0febbc111ed221b2c3	gi|2363083556|ref|NR_180026.1|	87.892	446	46	6	6	449	348	787	1.72e-146	518	2696678
d3fbe67fb0d69f0febbc111ed221b2c3	gi|265678940|ref|NR_029248.1|	87.919	447	42	9	6	449	349	786	1.72e-146	518	500632
fb8cf80d9a60f890e4680e72437618cb	gi|2363082679|ref|NR_179587.1|	90.682	440	40	1	6	444	328	767	1.66e-166	584	1926283
fb8cf80d9a60f890e4680e72437618cb	gi|2363081854|ref|NR_179173.1|	90.682	440	40	1	6	444	333	772	1.66e-166	584	2126740
fb8cf80d9a60f890e4680e72437618cb	gi|1384992332|ref|NR_156081.1|	90.476	441	39	3	6	444	336	775	7.70e-165	579	1469948
fb8cf80d9a60f890e4680e72437618cb	gi|1384992329|ref|NR_156078.1|	90.476	441	39	3	6	444	336	775	7.70e-165	579	1469948
fb8cf80d9a60f890e4680e72437618cb	gi|3030611230|ref|NR_199906.1|	90.227	440	42	1	6	444	354	793	3.58e-163	573	3123317
fb8cf80d9a60f890e4680e72437618cb	gi|3030611314|ref|NR_199990.1|	90.227	440	42	1	6	444	350	789	3.58e-163	573	3123317
fb8cf80d9a60f890e4680e72437618cb	gi|1384992331|ref|NR_156080.1|	90.227	440	42	1	6	444	336	775	3.58e-163	573	1469948
fb8cf80d9a60f890e4680e72437618cb	gi|1384992328|ref|NR_156077.1|	90.227	440	42	1	6	444	336	775	3.58e-163	573	1469948
fb8cf80d9a60f890e4680e72437618cb	gi|2363085149|ref|NR_180823.1|	89.796	441	42	3	6	444	357	796	7.76e-160	562	2606634
fb8cf80d9a60f890e4680e72437618cb	gi|1193829153|ref|NR_147396.1|	89.773	440	44	1	6	444	328	767	7.76e-160	562	1917870
c175e220e16a5cc9b70eecfc662d2e30	gi|2260349424|ref|NR_176506.1|	99.353	464	3	0	6	469	315	778	0.0	841	1982626
c175e220e16a5cc9b70eecfc662d2e30	gi|2260349423|ref|NR_176505.1|	98.276	464	8	0	6	469	314	777	0.0	813	1982628
c175e220e16a5cc9b70eecfc662d2e30	gi|631253195|ref|NR_114393.1|	92.888	464	33	0	6	469	326	789	0.0	675	29348
c175e220e16a5cc9b70eecfc662d2e30	gi|228720470|ref|NR_027592.1|	92.672	464	34	0	6	469	316	779	0.0	669	29348
c175e220e16a5cc9b70eecfc662d2e30	gi|645322231|ref|NR_119030.1|	92.473	465	33	2	6	469	324	787	0.0	664	428126
c175e220e16a5cc9b70eecfc662d2e30	gi|645322566|ref|NR_119286.1|	92.473	465	33	2	6	469	313	776	0.0	664	69824
c175e220e16a5cc9b70eecfc662d2e30	gi|1109168034|ref|NR_144615.1|	92.094	468	29	7	6	469	316	779	0.0	652	1796628
c175e220e16a5cc9b70eecfc662d2e30	gi|343203026|ref|NR_043550.1|	91.810	464	38	0	6	469	327	790	0.0	647	341225
c175e220e16a5cc9b70eecfc662d2e30	gi|631252045|ref|NR_113243.1|	91.613	465	37	2	6	469	328	791	0.0	641	1547
c175e220e16a5cc9b70eecfc662d2e30	gi|2363083393|ref|NR_179945.1|	91.416	466	36	3	6	469	280	743	0.0	636	2899121
5eb13ca0ff7090b270cd47faff2e6d09	gi|1116030290|ref|NR_144748.1|	99.544	439	2	0	6	444	335	773	0.0	800	2897707
5eb13ca0ff7090b270cd47faff2e6d09	gi|228717037|ref|NR_027558.1|	94.761	439	23	0	6	444	292	730	0.0	684	169435
5eb13ca0ff7090b270cd47faff2e6d09	gi|343202572|ref|NR_042930.1|	94.761	439	23	0	6	444	366	804	0.0	684	258515
5eb13ca0ff7090b270cd47faff2e6d09	gi|1193829155|ref|NR_147398.1|	94.533	439	24	0	6	444	351	789	0.0	678	1720200
5eb13ca0ff7090b270cd47faff2e6d09	gi|2363082711|ref|NR_179603.1|	94.533	439	24	0	6	444	317	755	0.0	678	1944642
5eb13ca0ff7090b270cd47faff2e6d09	gi|2363082340|ref|NR_179417.1|	94.305	439	25	0	6	444	345	783	0.0	673	1673720
5eb13ca0ff7090b270cd47faff2e6d09	gi|2363082625|ref|NR_179559.1|	93.197	441	28	2	6	444	333	773	0.0	647	1871018
5eb13ca0ff7090b270cd47faff2e6d09	gi|2363082755|ref|NR_179626.1|	92.938	439	31	0	6	444	351	789	0.0	640	1987501
5eb13ca0ff7090b270cd47faff2e6d09	gi|2363082585|ref|NR_179539.1|	92.938	439	31	0	6	444	351	789	0.0	640	1852384
5eb13ca0ff7090b270cd47faff2e6d09	gi|2363082601|ref|NR_179547.1|	92.500	440	32	1	6	444	347	786	7.54e-180	628	1870991
ecf2d97d52baf0207a067ed8562e4838	gi|631251740|ref|NR_112938.1|	89.201	463	44	6	6	465	326	785	3.76e-163	573	204516
ecf2d97d52baf0207a067ed8562e4838	gi|343198509|ref|NR_042745.1|	89.201	463	44	6	6	465	338	797	3.76e-163	573	204516
ecf2d97d52baf0207a067ed8562e4838	gi|1146059112|ref|NR_145844.1|	87.879	462	52	4	6	465	339	798	3.82e-153	540	1411144
ecf2d97d52baf0207a067ed8562e4838	gi|631251745|ref|NR_112943.1|	87.446	462	54	4	6	465	326	785	8.26e-150	529	449673
ecf2d97d52baf0207a067ed8562e4838	gi|2363082635|ref|NR_179564.1|	87.229	462	55	4	6	465	338	797	3.84e-148	523	1903262
ecf2d97d52baf0207a067ed8562e4838	gi|2363086550|ref|NR_181532.1|	87.257	463	53	6	6	465	322	781	3.84e-148	523	2763025
ecf2d97d52baf0207a067ed8562e4838	gi|631251867|ref|NR_113065.1|	87.257	463	53	6	6	465	338	797	3.84e-148	523	762984
ecf2d97d52baf0207a067ed8562e4838	gi|631251695|ref|NR_112893.1|	87.257	463	53	6	6	465	318	777	3.84e-148	523	762984
ecf2d97d52baf0207a067ed8562e4838	gi|343200620|ref|NR_041307.1|	87.257	463	53	6	6	465	334	793	3.84e-148	523	329854
ecf2d97d52baf0207a067ed8562e4838	gi|343200626|ref|NR_041313.1|	87.257	463	53	6	6	465	340	799	3.84e-148	523	338188
742ad42bd8e718d1125d72560cb45222	gi|2363082679|ref|NR_179587.1|	90.682	440	41	0	6	445	328	767	4.61e-167	586	1926283
742ad42bd8e718d1125d72560cb45222	gi|1193829153|ref|NR_147396.1|	90.682	440	41	0	6	445	328	767	4.61e-167	586	1917870
742ad42bd8e718d1125d72560cb45222	gi|2363085097|ref|NR_180797.1|	90.682	440	41	0	6	445	346	785	4.61e-167	586	2605778
742ad42bd8e718d1125d72560cb45222	gi|2363081854|ref|NR_179173.1|	90.682	440	41	0	6	445	333	772	4.61e-167	586	2126740
742ad42bd8e718d1125d72560cb45222	gi|2136551628|ref|NR_173632.1|	90.476	441	40	2	6	445	301	740	2.15e-165	580	2068655
742ad42bd8e718d1125d72560cb45222	gi|2836274880|ref|NR_197643.1|	90.455	440	42	0	6	445	329	768	2.15e-165	580	2962432
742ad42bd8e718d1125d72560cb45222	gi|1384992332|ref|NR_156081.1|	90.476	441	40	2	6	445	336	775	2.15e-165	580	1469948
742ad42bd8e718d1125d72560cb45222	gi|1384992329|ref|NR_156078.1|	90.476	441	40	2	6	445	336	775	2.15e-165	580	1469948
742ad42bd8e718d1125d72560cb45222	gi|3030611230|ref|NR_199906.1|	90.227	440	43	0	6	445	354	793	9.99e-164	575	3123317
742ad42bd8e718d1125d72560cb45222	gi|2363085153|ref|NR_180825.1|	90.271	442	40	3	6	445	347	787	9.99e-164	575	2605790
82e34bbfc22fcc4fe34435de1bfa1619	gi|3030611324|ref|NR_200000.1|	89.910	446	39	6	6	448	301	743	4.68e-162	569	3342383
82e34bbfc22fcc4fe34435de1bfa1619	gi|2363084741|ref|NR_180619.1|	89.910	446	39	6	6	448	347	789	4.68e-162	569	2779352
82e34bbfc22fcc4fe34435de1bfa1619	gi|1109168025|ref|NR_144611.1|	89.663	445	42	4	6	448	282	724	2.18e-160	564	1417852
82e34bbfc22fcc4fe34435de1bfa1619	gi|219846080|ref|NR_025670.1|	89.462	446	41	6	6	448	329	771	1.01e-158	558	411467
82e34bbfc22fcc4fe34435de1bfa1619	gi|219846612|ref|NR_026204.1|	89.213	445	44	4	6	448	328	770	1.31e-157	555	47246
82e34bbfc22fcc4fe34435de1bfa1619	gi|636559283|ref|NR_115340.1|	89.238	446	42	6	6	448	336	778	4.71e-157	553	319644
82e34bbfc22fcc4fe34435de1bfa1619	gi|2363082168|ref|NR_179330.1|	89.165	443	47	1	6	448	327	768	1.70e-156	551	2714355
82e34bbfc22fcc4fe34435de1bfa1619	gi|2363082165|ref|NR_179329.1|	88.939	443	48	1	6	448	327	768	7.89e-155	545	2714353
82e34bbfc22fcc4fe34435de1bfa1619	gi|645321636|ref|NR_118554.1|	88.713	443	50	0	6	448	329	771	1.02e-153	542	1297617
82e34bbfc22fcc4fe34435de1bfa1619	gi|2363082342|ref|NR_179418.1|	88.514	444	49	2	6	448	348	790	4.75e-152	536	1673721
6733860a18cef5bacb949cee919b997a	gi|219846045|ref|NR_025635.1|	88.437	467	49	5	6	469	287	751	1.06e-158	558	244366
6733860a18cef5bacb949cee919b997a	gi|2363087291|ref|NR_181901.1|	88.223	467	49	6	6	469	333	796	4.95e-157	553	2026240
6733860a18cef5bacb949cee919b997a	gi|645320493|ref|NR_117686.1|	88.223	467	50	5	6	469	329	793	4.95e-157	553	573
6733860a18cef5bacb949cee919b997a	gi|645320492|ref|NR_117685.1|	88.223	467	50	5	6	469	329	793	4.95e-157	553	573
6733860a18cef5bacb949cee919b997a	gi|645320491|ref|NR_117684.1|	88.223	467	50	5	6	469	329	793	4.95e-157	553	573
6733860a18cef5bacb949cee919b997a	gi|645320488|ref|NR_117682.1|	88.223	467	50	5	6	469	323	787	4.95e-157	553	573
6733860a18cef5bacb949cee919b997a	gi|631250813|ref|NR_112009.1|	88.223	467	50	5	6	469	307	771	4.95e-157	553	573
6733860a18cef5bacb949cee919b997a	gi|645322555|ref|NR_119278.1|	88.009	467	51	5	6	469	310	774	6.40e-156	549	573
6733860a18cef5bacb949cee919b997a	gi|310974930|ref|NR_036794.1|	88.034	468	50	6	6	469	332	797	6.40e-156	549	573
6733860a18cef5bacb949cee919b997a	gi|636558450|ref|NR_114506.1|	88.009	467	51	5	6	469	324	788	2.30e-155	547	573
06e03f1b4ea1dbd54b39c752449db805	gi|343200590|ref|NR_041277.1|	98.696	460	6	0	6	465	339	798	0.0	817	484018
06e03f1b4ea1dbd54b39c752449db805	gi|2221405488|ref|NR_175548.1|	95.671	462	16	4	6	465	346	805	0.0	739	2739389
06e03f1b4ea1dbd54b39c752449db805	gi|1116030286|ref|NR_144744.1|	93.913	460	28	0	6	465	339	798	0.0	697	1841856
06e03f1b4ea1dbd54b39c752449db805	gi|343200591|ref|NR_041278.1|	92.826	460	33	0	6	465	339	798	0.0	667	470145
06e03f1b4ea1dbd54b39c752449db805	gi|2363082641|ref|NR_179567.1|	92.391	460	35	0	6	465	339	798	0.0	658	1907658
06e03f1b4ea1dbd54b39c752449db805	gi|444304192|ref|NR_074616.1|	91.957	460	37	0	6	465	341	800	0.0	645	376805
06e03f1b4ea1dbd54b39c752449db805	gi|343200760|ref|NR_041447.1|	91.957	460	37	0	6	465	326	785	0.0	645	376805
06e03f1b4ea1dbd54b39c752449db805	gi|631251740|ref|NR_112938.1|	91.757	461	36	2	6	465	326	785	0.0	640	204516
06e03f1b4ea1dbd54b39c752449db805	gi|343198509|ref|NR_042745.1|	91.757	461	36	2	6	465	338	797	0.0	640	204516
06e03f1b4ea1dbd54b39c752449db805	gi|1146059112|ref|NR_145844.1|	91.540	461	37	2	6	465	339	798	0.0	634	1411144
3579908e69c0c7db9d3566b7dd7456dd	gi|265678578|ref|NR_028883.1|	99.093	441	3	1	6	445	226	666	0.0	791	88431
3579908e69c0c7db9d3566b7dd7456dd	gi|1397641798|ref|NR_156907.1|	96.606	442	11	4	6	445	348	787	0.0	730	1912855
3579908e69c0c7db9d3566b7dd7456dd	gi|265678482|ref|NR_028785.1|	96.599	441	13	2	6	445	351	790	0.0	730	29347
3579908e69c0c7db9d3566b7dd7456dd	gi|1109168023|ref|NR_144610.1|	96.372	441	14	2	6	445	339	778	0.0	725	1796622
3579908e69c0c7db9d3566b7dd7456dd	gi|645322565|ref|NR_119285.1|	96.372	441	14	2	6	445	325	764	0.0	725	29347
3579908e69c0c7db9d3566b7dd7456dd	gi|631250892|ref|NR_112089.1|	96.380	442	12	4	6	445	336	775	0.0	725	553973
3579908e69c0c7db9d3566b7dd7456dd	gi|310974936|ref|NR_036800.1|	96.372	441	14	2	6	445	326	765	0.0	725	411470
3579908e69c0c7db9d3566b7dd7456dd	gi|645321810|ref|NR_118690.1|	96.372	441	14	2	6	445	338	777	0.0	725	411470
3579908e69c0c7db9d3566b7dd7456dd	gi|224581401|ref|NR_024719.1|	96.380	442	11	5	6	445	341	779	0.0	723	89153
3579908e69c0c7db9d3566b7dd7456dd	gi|2363082765|ref|NR_179631.1|	96.136	440	17	0	6	445	348	787	0.0	719	2014528
18b86e1ccc5634127c27414a6b66539f	gi|2363086282|ref|NR_181393.1|	89.318	440	47	0	6	445	290	729	4.68e-157	553	2763664
18b86e1ccc5634127c27414a6b66539f	gi|3248465636|ref|NR_201647.1|	89.140	442	44	4	6	445	300	739	2.18e-155	547	3380806
18b86e1ccc5634127c27414a6b66539f	gi|444439494|ref|NR_074809.1|	89.116	441	47	1	6	445	350	790	2.18e-155	547	585394
18b86e1ccc5634127c27414a6b66539f	gi|343198924|ref|NR_044048.1|	89.140	442	44	4	6	445	328	767	2.18e-155	547	470146
18b86e1ccc5634127c27414a6b66539f	gi|343201281|ref|NR_042007.1|	88.914	442	47	1	6	445	343	784	2.82e-154	544	622312
18b86e1ccc5634127c27414a6b66539f	gi|1116030277|ref|NR_144735.1|	88.939	443	43	6	6	445	350	789	1.01e-153	542	1745713
18b86e1ccc5634127c27414a6b66539f	gi|2136551593|ref|NR_173596.1|	88.889	441	48	1	6	445	301	741	1.01e-153	542	1703332
18b86e1ccc5634127c27414a6b66539f	gi|2363086284|ref|NR_181394.1|	88.864	440	49	0	6	445	306	745	1.01e-153	542	2763668
18b86e1ccc5634127c27414a6b66539f	gi|343198540|ref|NR_042832.1|	88.889	441	48	1	6	445	330	770	1.01e-153	542	301302
18b86e1ccc5634127c27414a6b66539f	gi|343201282|ref|NR_042008.1|	88.889	441	47	2	6	445	341	780	1.01e-153	542	585394
68a3234e7af9e320c0af7c58979db4b8	gi|631251747|ref|NR_112945.1|	99.565	460	2	0	6	465	327	786	0.0	839	820
68a3234e7af9e320c0af7c58979db4b8	gi|343200179|ref|NR_040866.1|	99.565	460	2	0	6	465	334	793	0.0	839	820
68a3234e7af9e320c0af7c58979db4b8	gi|2363086550|ref|NR_181532.1|	99.130	460	4	0	6	465	322	781	0.0	828	2763025
68a3234e7af9e320c0af7c58979db4b8	gi|2363082773|ref|NR_179635.1|	97.391	460	12	0	6	465	338	797	0.0	784	2024197
68a3234e7af9e320c0af7c58979db4b8	gi|631251874|ref|NR_113072.1|	97.174	460	13	0	6	465	338	797	0.0	778	1236512
68a3234e7af9e320c0af7c58979db4b8	gi|631251816|ref|NR_113014.1|	96.957	460	14	0	6	465	338	797	0.0	773	1236512
68a3234e7af9e320c0af7c58979db4b8	gi|631251735|ref|NR_112933.1|	96.739	460	15	0	6	465	334	793	0.0	767	246787
68a3234e7af9e320c0af7c58979db4b8	gi|343200620|ref|NR_041307.1|	96.522	460	16	0	6	465	334	793	0.0	761	329854
68a3234e7af9e320c0af7c58979db4b8	gi|2363084421|ref|NR_180458.1|	96.304	460	17	0	6	465	340	799	0.0	756	2650157
68a3234e7af9e320c0af7c58979db4b8	gi|2363082635|ref|NR_179564.1|	96.304	460	17	0	6	465	338	797	0.0	756	1903262
9fb38ec4530c7c85eb9179f46682fbd4	gi|631251745|ref|NR_112943.1|	98.913	460	5	0	6	465	326	785	0.0	822	449673
9fb38ec4530c7c85eb9179f46682fbd4	gi|224581415|ref|NR_027196.1|	98.043	460	9	0	6	465	317	776	0.0	802	449673
9fb38ec4530c7c85eb9179f46682fbd4	gi|631251867|ref|NR_113065.1|	96.739	460	15	0	6	465	338	797	0.0	767	762984
9fb38ec4530c7c85eb9179f46682fbd4	gi|631251695|ref|NR_112893.1|	96.739	460	15	0	6	465	318	777	0.0	767	762984
9fb38ec4530c7c85eb9179f46682fbd4	gi|2363086949|ref|NR_181731.1|	96.522	460	16	0	6	465	290	749	0.0	761	2834112
9fb38ec4530c7c85eb9179f46682fbd4	gi|343200620|ref|NR_041307.1|	96.522	460	16	0	6	465	334	793	0.0	761	329854
9fb38ec4530c7c85eb9179f46682fbd4	gi|631251735|ref|NR_112933.1|	96.095	461	16	2	6	465	334	793	0.0	750	246787
9fb38ec4530c7c85eb9179f46682fbd4	gi|2363086550|ref|NR_181532.1|	95.870	460	19	0	6	465	322	781	0.0	745	2763025
9fb38ec4530c7c85eb9179f46682fbd4	gi|343200761|ref|NR_041448.1|	95.870	460	19	0	6	465	322	781	0.0	745	376806
9fb38ec4530c7c85eb9179f46682fbd4	gi|631251747|ref|NR_112945.1|	95.435	460	21	0	6	465	327	786	0.0	734	820
f27468bc60622351719153fe65086003	gi|444304091|ref|NR_074515.1|	98.083	313	4	2	138	449	498	809	2.84e-154	544	435590
f27468bc60622351719153fe65086003	gi|631251748|ref|NR_112946.1|	98.083	313	4	2	138	449	487	798	2.84e-154	544	821
f27468bc60622351719153fe65086003	gi|631250946|ref|NR_112143.1|	99.007	302	3	0	148	449	465	766	1.02e-153	542	821
f27468bc60622351719153fe65086003	gi|343200664|ref|NR_041351.1|	97.764	313	5	2	138	449	489	800	1.32e-152	538	357276
f27468bc60622351719153fe65086003	gi|631251740|ref|NR_112938.1|	86.422	464	39	15	6	449	326	785	4.86e-137	486	204516
f27468bc60622351719153fe65086003	gi|343198509|ref|NR_042745.1|	86.422	464	39	15	6	449	338	797	4.86e-137	486	204516
f27468bc60622351719153fe65086003	gi|631251873|ref|NR_113071.1|	94.249	313	16	2	138	449	489	800	2.92e-134	477	1236498
f27468bc60622351719153fe65086003	gi|631251471|ref|NR_112668.1|	94.249	313	16	2	138	449	478	789	2.92e-134	477	732242
f27468bc60622351719153fe65086003	gi|631251870|ref|NR_113068.1|	86.022	465	39	18	6	449	336	795	1.05e-133	475	763034
f27468bc60622351719153fe65086003	gi|631251696|ref|NR_112894.1|	86.022	465	39	18	6	449	316	775	1.05e-133	475	763034
3d0395e329aaa7d0691aecab9dbf502a	gi|631251954|ref|NR_113152.1|	99.348	460	3	0	6	465	337	796	0.0	833	28117
3d0395e329aaa7d0691aecab9dbf502a	gi|219846319|ref|NR_025909.1|	96.522	460	16	0	6	465	344	803	0.0	782	28117
3d0395e329aaa7d0691aecab9dbf502a	gi|645321193|ref|NR_118219.1|	96.963	461	12	2	6	465	332	791	0.0	773	1033732
3d0395e329aaa7d0691aecab9dbf502a	gi|672239000|ref|NR_125589.1|	96.746	461	13	2	6	465	269	728	0.0	767	1033731
3d0395e329aaa7d0691aecab9dbf502a	gi|2363086959|ref|NR_181736.1|	96.529	461	14	2	6	465	334	793	0.0	761	2834113
3d0395e329aaa7d0691aecab9dbf502a	gi|2363082099|ref|NR_179296.1|	96.529	461	14	2	6	465	324	783	0.0	761	2585119
3d0395e329aaa7d0691aecab9dbf502a	gi|631251953|ref|NR_113151.1|	96.104	462	14	4	6	465	338	797	0.0	750	328813
3d0395e329aaa7d0691aecab9dbf502a	gi|343202833|ref|NR_043318.1|	96.104	462	14	4	6	465	324	783	0.0	750	328813
3d0395e329aaa7d0691aecab9dbf502a	gi|2363082505|ref|NR_179499.1|	95.680	463	14	6	6	465	342	801	0.0	739	2364787
3d0395e329aaa7d0691aecab9dbf502a	gi|507148137|ref|NR_102944.1|	95.662	461	18	2	6	465	334	793	0.0	739	214856
c3559c8c719ceda1401a231956634362	gi|2363082603|ref|NR_179548.1|	89.677	465	23	8	6	470	348	787	1.37e-162	571	1870993
c3559c8c719ceda1401a231956634362	gi|645320516|ref|NR_117704.1|	88.651	467	49	4	6	470	329	793	6.37e-161	566	1177180
c3559c8c719ceda1401a231956634362	gi|636559973|ref|NR_116033.1|	88.651	467	49	4	6	470	314	778	6.37e-161	566	497725
c3559c8c719ceda1401a231956634362	gi|343201063|ref|NR_041750.1|	88.651	467	49	4	6	470	324	788	6.37e-161	566	574
c3559c8c719ceda1401a231956634362	gi|961555094|ref|NR_134062.1|	88.437	467	50	4	6	470	312	776	2.96e-159	560	1667327
c3559c8c719ceda1401a231956634362	gi|645320489|ref|NR_117683.1|	88.437	467	50	4	6	470	329	793	2.96e-159	560	573
c3559c8c719ceda1401a231956634362	gi|636560343|ref|NR_116403.1|	88.437	467	50	4	6	470	294	758	2.96e-159	560	551989
c3559c8c719ceda1401a231956634362	gi|636558451|ref|NR_114507.1|	88.437	467	50	4	6	470	324	788	2.96e-159	560	667127
c3559c8c719ceda1401a231956634362	gi|310975220|ref|NR_037084.1|	88.437	467	50	4	6	470	310	774	2.96e-159	560	39831
c3559c8c719ceda1401a231956634362	gi|645321066|ref|NR_118122.1|	88.223	467	51	4	6	470	235	699	1.38e-157	555	1076551
61e10513a04e5230ce40df2ff776df72	gi|444303954|ref|NR_074377.1|	99.091	440	4	0	6	445	331	770	0.0	791	84112
61e10513a04e5230ce40df2ff776df72	gi|631251960|ref|NR_113158.1|	99.091	440	4	0	6	445	331	770	0.0	791	84112
61e10513a04e5230ce40df2ff776df72	gi|310975225|ref|NR_037089.1|	99.091	440	4	0	6	445	331	770	0.0	791	84112
61e10513a04e5230ce40df2ff776df72	gi|631250842|ref|NR_112038.1|	99.091	440	4	0	6	445	334	773	0.0	791	84112
61e10513a04e5230ce40df2ff776df72	gi|343198543|ref|NR_042840.1|	98.409	440	7	0	6	445	311	750	0.0	774	883107
61e10513a04e5230ce40df2ff776df72	gi|1193829137|ref|NR_147380.1|	97.955	440	9	0	6	445	331	770	0.0	763	1871008
61e10513a04e5230ce40df2ff776df72	gi|2363084900|ref|NR_180698.1|	97.955	440	9	0	6	445	331	770	0.0	763	2690837
61e10513a04e5230ce40df2ff776df72	gi|2363081735|ref|NR_179114.1|	94.582	443	19	5	6	445	265	705	0.0	680	2070686
61e10513a04e5230ce40df2ff776df72	gi|2363082557|ref|NR_179525.1|	94.091	440	25	1	6	445	331	769	0.0	667	1841863
61e10513a04e5230ce40df2ff776df72	gi|2363082244|ref|NR_179369.1|	94.091	440	25	1	6	445	334	772	0.0	667	2707299
fb5b5f1a0e23b80a354623b9f627833a	gi|1018196593|ref|NR_136472.1|	89.032	465	29	7	6	448	334	798	3.64e-158	556	1499973
fb5b5f1a0e23b80a354623b9f627833a	gi|444439587|ref|NR_074902.1|	89.032	465	29	7	6	448	341	805	3.64e-158	556	585054
fb5b5f1a0e23b80a354623b9f627833a	gi|631252881|ref|NR_114079.1|	89.032	465	29	7	6	448	314	778	3.64e-158	556	564
fb5b5f1a0e23b80a354623b9f627833a	gi|559795236|ref|NR_104826.1|	89.032	465	29	7	6	448	321	785	3.64e-158	556	624
fb5b5f1a0e23b80a354623b9f627833a	gi|631251361|ref|NR_112558.1|	89.032	465	29	7	6	448	174	638	3.64e-158	556	562
fb5b5f1a0e23b80a354623b9f627833a	gi|228716249|ref|NR_027549.1|	89.032	465	29	7	6	448	307	771	3.64e-158	556	585054
fb5b5f1a0e23b80a354623b9f627833a	gi|219846739|ref|NR_026331.1|	89.032	465	29	7	6	448	322	786	3.64e-158	556	623
fb5b5f1a0e23b80a354623b9f627833a	gi|645322332|ref|NR_119109.1|	88.889	468	29	8	4	448	324	791	1.31e-157	555	566
fb5b5f1a0e23b80a354623b9f627833a	gi|559795308|ref|NR_104901.1|	98.714	311	4	0	138	448	468	778	4.71e-157	553	621
fb5b5f1a0e23b80a354623b9f627833a	gi|631252844|ref|NR_114042.1|	88.817	465	30	7	6	448	314	778	4.71e-157	553	562
6fc2aa23a5251f14cb1802d4d3167570	gi|1116030282|ref|NR_144740.1|	99.544	439	2	0	6	444	321	759	0.0	800	1776391
6fc2aa23a5251f14cb1802d4d3167570	gi|974142280|ref|NR_134800.1|	98.861	439	5	0	6	444	255	693	0.0	784	1368474
6fc2aa23a5251f14cb1802d4d3167570	gi|672239008|ref|NR_125597.1|	98.186	441	6	2	6	444	318	758	0.0	769	1115758
6fc2aa23a5251f14cb1802d4d3167570	gi|2363083072|ref|NR_179784.1|	98.178	439	8	0	6	444	301	739	0.0	767	2020948
6fc2aa23a5251f14cb1802d4d3167570	gi|2363082877|ref|NR_179687.1|	97.494	439	11	0	6	444	273	711	0.0	750	2662455
6fc2aa23a5251f14cb1802d4d3167570	gi|1230874654|ref|NR_148815.1|	97.494	439	11	0	6	444	319	757	0.0	750	1629550
6fc2aa23a5251f14cb1802d4d3167570	gi|631252125|ref|NR_113323.1|	97.494	439	11	0	6	444	319	757	0.0	750	1490
6fc2aa23a5251f14cb1802d4d3167570	gi|1269785414|ref|NR_118728.2|	97.267	439	12	0	6	444	330	768	0.0	749	1121325
6fc2aa23a5251f14cb1802d4d3167570	gi|631250974|ref|NR_112171.1|	97.267	439	12	0	6	444	309	747	0.0	745	1490
6fc2aa23a5251f14cb1802d4d3167570	gi|1040567059|ref|NR_137408.1|	97.039	439	13	0	6	444	290	728	0.0	739	1460447
2b95535715f17070542441510c5fc200	gi|2363086282|ref|NR_181393.1|	90.455	440	42	0	6	445	290	729	2.15e-165	580	2763664
2b95535715f17070542441510c5fc200	gi|2136551593|ref|NR_173596.1|	90.023	441	43	1	6	445	301	741	4.65e-162	569	1703332
2b95535715f17070542441510c5fc200	gi|444439494|ref|NR_074809.1|	90.023	441	43	1	6	445	350	790	4.65e-162	569	585394
2b95535715f17070542441510c5fc200	gi|343201282|ref|NR_042008.1|	89.796	441	43	2	6	445	341	780	2.16e-160	564	585394
2b95535715f17070542441510c5fc200	gi|645320588|ref|NR_117758.1|	89.593	442	44	1	6	445	322	763	2.80e-159	560	166486
2b95535715f17070542441510c5fc200	gi|228716944|ref|NR_027557.1|	89.593	442	44	1	6	445	343	784	2.80e-159	560	536231
2b95535715f17070542441510c5fc200	gi|2363086284|ref|NR_181394.1|	89.545	440	46	0	6	445	306	745	1.01e-158	558	2763668
2b95535715f17070542441510c5fc200	gi|343198540|ref|NR_042832.1|	89.569	441	45	1	6	445	330	770	1.01e-158	558	301302
2b95535715f17070542441510c5fc200	gi|3248465636|ref|NR_201647.1|	89.367	442	43	4	6	445	300	739	4.68e-157	553	3380806
2b95535715f17070542441510c5fc200	gi|343198924|ref|NR_044048.1|	89.367	442	43	4	6	445	328	767	4.68e-157	553	470146
870f238093570e74811f18d49a1f344e	gi|1109168031|ref|NR_144614.1|	99.353	464	3	0	6	469	288	751	0.0	841	1796635
870f238093570e74811f18d49a1f344e	gi|3248465743|ref|NR_201757.1|	94.828	464	24	0	6	469	347	810	0.0	725	3681510
870f238093570e74811f18d49a1f344e	gi|265678858|ref|NR_029164.1|	94.194	465	25	2	6	469	349	812	0.0	710	1522
870f238093570e74811f18d49a1f344e	gi|545589049|ref|NR_044648.2|	94.181	464	27	0	6	469	351	814	0.0	708	39494
870f238093570e74811f18d49a1f344e	gi|2363082145|ref|NR_179319.1|	93.348	466	27	4	6	469	337	800	0.0	686	2583452
870f238093570e74811f18d49a1f344e	gi|2363081170|ref|NR_178828.1|	93.148	467	27	5	6	469	281	745	0.0	680	2583452
870f238093570e74811f18d49a1f344e	gi|545589047|ref|NR_044647.2|	92.888	464	33	0	6	469	352	815	0.0	675	428127
870f238093570e74811f18d49a1f344e	gi|631252211|ref|NR_113409.1|	92.888	464	33	0	6	469	334	797	0.0	675	31971
870f238093570e74811f18d49a1f344e	gi|2363085762|ref|NR_181133.1|	92.241	464	36	0	6	469	267	730	0.0	658	2692629
870f238093570e74811f18d49a1f344e	gi|2363082631|ref|NR_179562.1|	92.094	468	29	7	6	469	343	806	0.0	652	1871030
8d00b0cb845431a8c57aa89b328f3195	gi|1811131545|ref|NR_165727.1|	89.270	466	28	7	6	471	358	801	2.30e-160	564	2358141
8d00b0cb845431a8c57aa89b328f3195	gi|631252556|ref|NR_113754.1|	88.298	470	46	8	6	471	312	776	1.38e-157	555	64976
8d00b0cb845431a8c57aa89b328f3195	gi|343200097|ref|NR_040784.1|	88.298	470	46	8	6	471	312	776	1.38e-157	555	64976
8d00b0cb845431a8c57aa89b328f3195	gi|631252844|ref|NR_114042.1|	88.009	467	53	3	6	471	314	778	1.79e-156	551	562
8d00b0cb845431a8c57aa89b328f3195	gi|631250821|ref|NR_112017.1|	88.085	470	47	8	6	471	312	776	1.79e-156	551	64982
8d00b0cb845431a8c57aa89b328f3195	gi|444439587|ref|NR_074902.1|	88.009	467	53	3	6	471	341	805	6.43e-156	549	585054
8d00b0cb845431a8c57aa89b328f3195	gi|631252881|ref|NR_114079.1|	88.009	467	53	3	6	471	314	778	6.43e-156	549	564
8d00b0cb845431a8c57aa89b328f3195	gi|559795236|ref|NR_104826.1|	88.009	467	53	3	6	471	321	785	6.43e-156	549	624
8d00b0cb845431a8c57aa89b328f3195	gi|631251361|ref|NR_112558.1|	88.009	467	53	3	6	471	174	638	6.43e-156	549	562
8d00b0cb845431a8c57aa89b328f3195	gi|228716249|ref|NR_027549.1|	88.009	467	53	3	6	471	307	771	6.43e-156	549	585054
a9fe5308eb15ad1868884c9b02862478	gi|265679027|ref|NR_029335.1|	99.353	464	3	0	6	469	250	713	0.0	841	61171
a9fe5308eb15ad1868884c9b02862478	gi|672239039|ref|NR_125628.1|	98.060	464	9	0	6	469	336	799	0.0	808	1211819
a9fe5308eb15ad1868884c9b02862478	gi|645320615|ref|NR_117779.1|	93.966	464	23	4	6	469	333	791	0.0	697	118967
a9fe5308eb15ad1868884c9b02862478	gi|559795259|ref|NR_104850.1|	93.966	464	23	4	6	469	323	781	0.0	697	118967
a9fe5308eb15ad1868884c9b02862478	gi|219878455|ref|NR_025594.1|	90.792	467	37	6	6	469	329	792	4.81e-177	619	225084
a9fe5308eb15ad1868884c9b02862478	gi|2363087359|ref|NR_181936.1|	90.578	467	38	6	6	469	269	732	2.24e-175	614	2683713
a9fe5308eb15ad1868884c9b02862478	gi|672239004|ref|NR_125593.1|	90.323	465	43	2	6	469	338	801	1.04e-173	608	1034346
a9fe5308eb15ad1868884c9b02862478	gi|1270532561|ref|NR_146814.2|	90.086	464	46	0	6	469	350	813	4.84e-172	603	1514105
a9fe5308eb15ad1868884c9b02862478	gi|1150406785|ref|NR_146039.1|	90.086	464	46	0	6	469	266	729	4.84e-172	603	1514105
a9fe5308eb15ad1868884c9b02862478	gi|2363087361|ref|NR_181937.1|	89.936	467	41	6	6	469	291	754	2.25e-170	597	2683717
1e50a934b241068a949411ad9df3a5bd	gi|2363086938|ref|NR_181726.1|	87.607	468	53	5	6	471	338	802	1.39e-152	538	2831590
1e50a934b241068a949411ad9df3a5bd	gi|636558532|ref|NR_114589.1|	87.420	469	51	7	6	471	308	771	6.47e-151	532	1006000
1e50a934b241068a949411ad9df3a5bd	gi|3248465710|ref|NR_201724.1|	87.152	467	57	3	6	471	338	802	3.01e-149	527	3133271
1e50a934b241068a949411ad9df3a5bd	gi|2463901926|ref|NR_184633.1|	87.179	468	55	5	6	471	235	699	3.01e-149	527	2926467
1e50a934b241068a949411ad9df3a5bd	gi|2463901912|ref|NR_184631.1|	87.207	469	53	6	6	471	235	699	3.01e-149	527	2926469
1e50a934b241068a949411ad9df3a5bd	gi|2363084405|ref|NR_180450.1|	87.152	467	57	3	6	471	336	800	3.01e-149	527	2529381
1e50a934b241068a949411ad9df3a5bd	gi|1269801491|ref|NR_102493.2|	86.994	469	54	6	6	471	339	803	1.40e-147	521	1028307
1e50a934b241068a949411ad9df3a5bd	gi|2463901913|ref|NR_184632.1|	86.966	468	56	5	6	471	235	699	1.40e-147	521	2926470
1e50a934b241068a949411ad9df3a5bd	gi|1864207181|ref|NR_169476.1|	86.837	471	51	9	6	471	336	800	6.52e-146	516	2529380
1e50a934b241068a949411ad9df3a5bd	gi|2363083969|ref|NR_180233.1|	86.864	472	49	9	6	471	312	776	6.52e-146	516	2489010
42655d3815d9060f3fd4ba304e783c14	gi|631251740|ref|NR_112938.1|	88.095	462	51	4	6	465	326	785	8.20e-155	545	204516
42655d3815d9060f3fd4ba304e783c14	gi|343198509|ref|NR_042745.1|	88.095	462	51	4	6	465	338	797	8.20e-155	545	204516
42655d3815d9060f3fd4ba304e783c14	gi|2363082635|ref|NR_179564.1|	87.905	463	50	6	6	465	338	797	3.82e-153	540	1903262
42655d3815d9060f3fd4ba304e783c14	gi|2363086550|ref|NR_181532.1|	87.229	462	55	4	6	465	322	781	3.84e-148	523	2763025
42655d3815d9060f3fd4ba304e783c14	gi|631251870|ref|NR_113068.1|	87.339	466	47	10	6	465	336	795	3.84e-148	523	763034
42655d3815d9060f3fd4ba304e783c14	gi|631251747|ref|NR_112945.1|	87.257	463	53	6	6	465	327	786	3.84e-148	523	820
42655d3815d9060f3fd4ba304e783c14	gi|631251745|ref|NR_112943.1|	87.202	461	57	2	6	465	326	785	3.84e-148	523	449673
42655d3815d9060f3fd4ba304e783c14	gi|631251696|ref|NR_112894.1|	87.339	466	47	10	6	465	316	775	3.84e-148	523	763034
42655d3815d9060f3fd4ba304e783c14	gi|343200179|ref|NR_040866.1|	87.257	463	53	6	6	465	334	793	3.84e-148	523	820
42655d3815d9060f3fd4ba304e783c14	gi|631251735|ref|NR_112933.1|	87.041	463	54	6	6	465	334	793	1.79e-146	518	246787
2e082c7945a4be18127c7ab60b102db7	gi|343205678|ref|NR_044054.1|	89.462	446	39	6	6	449	297	736	3.65e-158	556	1121115
2e082c7945a4be18127c7ab60b102db7	gi|2363082685|ref|NR_179590.1|	89.262	447	39	7	6	449	327	767	4.72e-157	553	1936059
2e082c7945a4be18127c7ab60b102db7	gi|631253117|ref|NR_114315.1|	89.238	446	40	6	6	449	336	775	4.72e-157	553	649762
2e082c7945a4be18127c7ab60b102db7	gi|219846722|ref|NR_026314.1|	88.341	446	44	6	6	449	330	769	7.96e-150	529	53443
2e082c7945a4be18127c7ab60b102db7	gi|219846720|ref|NR_026312.1|	87.444	446	48	6	6	449	327	766	1.04e-143	508	180164
2e082c7945a4be18127c7ab60b102db7	gi|636560687|ref|NR_116747.1|	87.191	445	51	4	6	449	301	740	1.74e-141	501	1298596
2e082c7945a4be18127c7ab60b102db7	gi|2363084170|ref|NR_180334.1|	86.996	446	50	6	6	449	253	692	8.07e-140	496	2763028
2e082c7945a4be18127c7ab60b102db7	gi|974142252|ref|NR_134772.1|	86.966	445	52	4	6	449	297	736	8.07e-140	496	1337051
2e082c7945a4be18127c7ab60b102db7	gi|2363086300|ref|NR_181402.1|	86.996	446	50	6	6	449	300	739	8.07e-140	496	2763028
2e082c7945a4be18127c7ab60b102db7	gi|631252033|ref|NR_113231.1|	87.025	447	48	8	6	449	347	786	8.07e-140	496	536633
bca58130ffd737632cf8488556be9e6e	gi|310975064|ref|NR_036928.1|	91.156	441	36	3	6	444	333	772	7.65e-170	595	154046
bca58130ffd737632cf8488556be9e6e	gi|3030611230|ref|NR_199906.1|	90.930	441	37	3	6	444	354	793	3.56e-168	590	3123317
bca58130ffd737632cf8488556be9e6e	gi|3030611314|ref|NR_199990.1|	90.930	441	37	3	6	444	350	789	3.56e-168	590	3123317
bca58130ffd737632cf8488556be9e6e	gi|1384992331|ref|NR_156080.1|	90.930	441	37	3	6	444	336	775	3.56e-168	590	1469948
bca58130ffd737632cf8488556be9e6e	gi|1384992328|ref|NR_156077.1|	90.930	441	37	3	6	444	336	775	3.56e-168	590	1469948
bca58130ffd737632cf8488556be9e6e	gi|961555123|ref|NR_134091.1|	90.909	440	39	1	6	444	335	774	3.56e-168	590	1462919
bca58130ffd737632cf8488556be9e6e	gi|2363087259|ref|NR_181885.1|	90.703	441	38	3	6	444	335	774	4.60e-167	586	2885351
bca58130ffd737632cf8488556be9e6e	gi|1384992332|ref|NR_156081.1|	90.703	441	38	3	6	444	336	775	1.66e-166	584	1469948
bca58130ffd737632cf8488556be9e6e	gi|1384992329|ref|NR_156078.1|	90.703	441	38	3	6	444	336	775	1.66e-166	584	1469948
bca58130ffd737632cf8488556be9e6e	gi|2363085169|ref|NR_180833.1|	90.498	442	37	5	6	444	337	776	7.70e-165	579	2606635
05e1da0d748003045d845386a23363c5	gi|3248465636|ref|NR_201647.1|	99.091	440	4	0	6	445	300	739	0.0	791	3380806
05e1da0d748003045d845386a23363c5	gi|343198924|ref|NR_044048.1|	99.091	440	4	0	6	445	328	767	0.0	791	470146
05e1da0d748003045d845386a23363c5	gi|1116030277|ref|NR_144735.1|	98.636	440	6	0	6	445	350	789	0.0	780	1745713
05e1da0d748003045d845386a23363c5	gi|2363082603|ref|NR_179548.1|	96.818	440	14	0	6	445	348	787	0.0	737	1870993
05e1da0d748003045d845386a23363c5	gi|265678940|ref|NR_029248.1|	96.364	440	14	2	6	445	349	786	0.0	725	500632
05e1da0d748003045d845386a23363c5	gi|2363084846|ref|NR_180671.1|	95.682	440	19	0	6	445	63	502	0.0	708	2594882
05e1da0d748003045d845386a23363c5	gi|2962412221|ref|NR_199415.1|	95.682	440	19	0	6	445	338	777	0.0	708	3136600
05e1da0d748003045d845386a23363c5	gi|2363086021|ref|NR_181263.1|	95.682	440	19	0	6	445	334	773	0.0	708	2726362
05e1da0d748003045d845386a23363c5	gi|2363086282|ref|NR_181393.1|	95.475	442	16	4	6	445	290	729	0.0	702	2763664
05e1da0d748003045d845386a23363c5	gi|343203027|ref|NR_043551.1|	95.455	440	20	0	6	445	349	788	0.0	702	341220
c6430d523a4cd0eeac01f31c0c37d7e9	gi|636560687|ref|NR_116747.1|	93.182	440	30	0	6	445	301	740	0.0	647	1298596
c6430d523a4cd0eeac01f31c0c37d7e9	gi|2363082374|ref|NR_179434.1|	91.818	440	36	0	6	445	349	788	2.12e-175	614	1720300
c6430d523a4cd0eeac01f31c0c37d7e9	gi|310974914|ref|NR_036777.1|	91.898	432	35	0	6	437	333	764	3.54e-173	606	33039
c6430d523a4cd0eeac01f31c0c37d7e9	gi|2962412221|ref|NR_199415.1|	91.136	440	39	0	6	445	338	777	2.13e-170	597	3136600
c6430d523a4cd0eeac01f31c0c37d7e9	gi|631251356|ref|NR_112553.1|	91.176	442	36	3	6	445	348	788	2.13e-170	597	342942
c6430d523a4cd0eeac01f31c0c37d7e9	gi|2363085133|ref|NR_180815.1|	90.909	440	40	0	6	445	350	789	9.92e-169	592	2606633
c6430d523a4cd0eeac01f31c0c37d7e9	gi|2363084846|ref|NR_180671.1|	90.909	440	40	0	6	445	63	502	9.92e-169	592	2594882
c6430d523a4cd0eeac01f31c0c37d7e9	gi|2363083556|ref|NR_180026.1|	90.909	440	40	0	6	445	348	787	9.92e-169	592	2696678
c6430d523a4cd0eeac01f31c0c37d7e9	gi|1909404440|ref|NR_170495.1|	90.682	440	41	0	6	445	355	794	4.61e-167	586	2509240
c6430d523a4cd0eeac01f31c0c37d7e9	gi|2363086282|ref|NR_181393.1|	90.703	441	39	2	6	445	290	729	4.61e-167	586	2763664
ea3f940bf211ed4ea56fb837f6a3200d	gi|310974914|ref|NR_036777.1|	95.612	433	17	2	6	437	333	764	0.0	695	33039
ea3f940bf211ed4ea56fb837f6a3200d	gi|2363084846|ref|NR_180671.1|	94.558	441	22	2	6	445	63	502	0.0	680	2594882
ea3f940bf211ed4ea56fb837f6a3200d	gi|2363082374|ref|NR_179434.1|	94.545	440	24	0	6	445	349	788	0.0	680	1720300
ea3f940bf211ed4ea56fb837f6a3200d	gi|2962412221|ref|NR_199415.1|	94.091	440	26	0	6	445	338	777	0.0	669	3136600
ea3f940bf211ed4ea56fb837f6a3200d	gi|636560687|ref|NR_116747.1|	93.864	440	27	0	6	445	301	740	0.0	664	1298596
ea3f940bf211ed4ea56fb837f6a3200d	gi|631251356|ref|NR_112553.1|	93.878	441	26	1	6	445	348	788	0.0	664	342942
ea3f940bf211ed4ea56fb837f6a3200d	gi|2363082059|ref|NR_179276.1|	93.636	440	28	0	6	445	334	773	0.0	658	2316025
ea3f940bf211ed4ea56fb837f6a3200d	gi|3248465636|ref|NR_201647.1|	93.409	440	29	0	6	445	300	739	0.0	652	3380806
ea3f940bf211ed4ea56fb837f6a3200d	gi|343198924|ref|NR_044048.1|	93.409	440	29	0	6	445	328	767	0.0	652	470146
ea3f940bf211ed4ea56fb837f6a3200d	gi|2363082603|ref|NR_179548.1|	93.182	440	30	0	6	445	348	787	0.0	649	1870993
e202f603350544fdf4d5b38b424b2989	gi|602267405|ref|NR_044688.3|	89.640	444	44	2	6	448	335	777	2.80e-164	577	852
e202f603350544fdf4d5b38b424b2989	gi|631252181|ref|NR_113379.1|	89.865	444	43	2	6	448	321	763	4.68e-162	569	134605
e202f603350544fdf4d5b38b424b2989	gi|265678628|ref|NR_028933.1|	89.865	444	43	2	6	448	321	763	4.68e-162	569	134605
e202f603350544fdf4d5b38b424b2989	gi|1269235450|ref|NR_146837.2|	89.414	444	45	2	6	448	326	768	1.01e-158	558	1755100
e202f603350544fdf4d5b38b424b2989	gi|228720055|ref|NR_027588.1|	89.189	444	46	2	6	448	246	688	3.64e-158	556	469615
e202f603350544fdf4d5b38b424b2989	gi|645320556|ref|NR_117734.1|	89.189	444	46	2	6	448	309	751	4.71e-157	553	850
e202f603350544fdf4d5b38b424b2989	gi|631252186|ref|NR_113384.1|	88.964	444	47	2	6	448	321	763	2.19e-155	547	856
e202f603350544fdf4d5b38b424b2989	gi|545589058|ref|NR_044687.2|	88.789	446	44	6	6	448	325	767	2.84e-154	544	854
e202f603350544fdf4d5b38b424b2989	gi|631253202|ref|NR_114400.1|	88.739	444	48	2	6	448	321	763	1.02e-153	542	859
e202f603350544fdf4d5b38b424b2989	gi|444304082|ref|NR_074506.1|	88.713	443	50	0	6	448	331	773	1.02e-153	542	167642
5b987a610322c059038c7d2d041fda7a	gi|2363086284|ref|NR_181394.1|	89.545	440	46	0	6	445	306	745	1.01e-158	558	2763668
5b987a610322c059038c7d2d041fda7a	gi|2363085153|ref|NR_180825.1|	88.889	441	48	1	6	445	347	787	1.01e-153	542	2605790
5b987a610322c059038c7d2d041fda7a	gi|1315204019|ref|NR_152688.1|	88.864	440	49	0	6	445	348	787	1.01e-153	542	433279
5b987a610322c059038c7d2d041fda7a	gi|2363085149|ref|NR_180823.1|	88.662	441	48	2	6	445	357	796	4.71e-152	536	2606634
5b987a610322c059038c7d2d041fda7a	gi|444304227|ref|NR_074652.1|	88.688	442	46	4	6	445	347	786	4.71e-152	536	66219
5b987a610322c059038c7d2d041fda7a	gi|2363086282|ref|NR_181393.1|	88.636	440	50	0	6	445	290	729	4.71e-152	536	2763664
5b987a610322c059038c7d2d041fda7a	gi|1277396183|ref|NR_151894.1|	88.662	441	48	2	6	445	335	774	4.71e-152	536	433293
5b987a610322c059038c7d2d041fda7a	gi|343201474|ref|NR_042200.1|	88.688	442	46	4	6	445	318	757	4.71e-152	536	333367
5b987a610322c059038c7d2d041fda7a	gi|219857539|ref|NR_025127.1|	88.488	443	47	3	6	445	345	786	6.10e-151	532	140626
5b987a610322c059038c7d2d041fda7a	gi|2363082059|ref|NR_179276.1|	88.435	441	49	2	6	445	334	773	2.19e-150	531	2316025
dcff1486e1da38afeb7cd8d988d0b551	gi|1018196593|ref|NR_136472.1|	97.239	326	9	0	120	445	473	798	4.68e-157	553	1499973
dcff1486e1da38afeb7cd8d988d0b551	gi|444439587|ref|NR_074902.1|	97.239	326	9	0	120	445	480	805	4.68e-157	553	585054
dcff1486e1da38afeb7cd8d988d0b551	gi|559795308|ref|NR_104901.1|	98.714	311	4	0	135	445	468	778	4.68e-157	553	621
dcff1486e1da38afeb7cd8d988d0b551	gi|631252881|ref|NR_114079.1|	97.239	326	9	0	120	445	453	778	4.68e-157	553	564
dcff1486e1da38afeb7cd8d988d0b551	gi|559795236|ref|NR_104826.1|	97.239	326	9	0	120	445	460	785	4.68e-157	553	624
dcff1486e1da38afeb7cd8d988d0b551	gi|631251361|ref|NR_112558.1|	97.239	326	9	0	120	445	313	638	4.68e-157	553	562
dcff1486e1da38afeb7cd8d988d0b551	gi|228716249|ref|NR_027549.1|	97.239	326	9	0	120	445	446	771	4.68e-157	553	585054
dcff1486e1da38afeb7cd8d988d0b551	gi|219846739|ref|NR_026331.1|	97.239	326	9	0	120	445	461	786	4.68e-157	553	623
dcff1486e1da38afeb7cd8d988d0b551	gi|645322332|ref|NR_119109.1|	97.239	326	9	0	120	445	466	791	4.68e-157	553	566
dcff1486e1da38afeb7cd8d988d0b551	gi|219722938|ref|NR_024570.1|	97.239	326	9	0	120	445	471	796	4.68e-157	553	562
a01b2cbdb383b426d43d38e3ac8f52ac	gi|343200890|ref|NR_041577.1|	99.140	465	4	0	6	470	334	798	0.0	837	40324
a01b2cbdb383b426d43d38e3ac8f52ac	gi|631252450|ref|NR_113648.1|	98.925	465	5	0	6	470	314	778	0.0	833	40324
a01b2cbdb383b426d43d38e3ac8f52ac	gi|645322481|ref|NR_119220.1|	98.925	465	5	0	6	470	314	778	0.0	833	40324
a01b2cbdb383b426d43d38e3ac8f52ac	gi|219856889|ref|NR_024708.1|	98.925	465	5	0	6	470	322	786	0.0	832	1336242
a01b2cbdb383b426d43d38e3ac8f52ac	gi|631250834|ref|NR_112030.1|	98.925	465	5	0	6	470	314	778	0.0	832	40324
a01b2cbdb383b426d43d38e3ac8f52ac	gi|645320911|ref|NR_118008.1|	98.710	465	6	0	6	470	314	778	0.0	828	487698
a01b2cbdb383b426d43d38e3ac8f52ac	gi|636560733|ref|NR_116793.1|	98.710	465	6	0	6	470	314	778	0.0	826	487698
a01b2cbdb383b426d43d38e3ac8f52ac	gi|219856890|ref|NR_024709.1|	98.495	465	7	0	6	470	322	786	0.0	821	86189
a01b2cbdb383b426d43d38e3ac8f52ac	gi|343200117|ref|NR_040804.1|	97.634	465	11	0	6	470	320	784	0.0	798	3384461
a01b2cbdb383b426d43d38e3ac8f52ac	gi|2363084729|ref|NR_180613.1|	97.634	465	10	1	6	470	289	752	0.0	797	2771362
8bccb45e1b15c5114749ad55ce00cc35	gi|2363082288|ref|NR_179391.1|	97.955	440	9	0	6	445	332	771	0.0	763	1499684
8bccb45e1b15c5114749ad55ce00cc35	gi|1116030238|ref|NR_144696.1|	97.955	440	9	0	6	445	333	772	0.0	763	1414720
8bccb45e1b15c5114749ad55ce00cc35	gi|219846899|ref|NR_026491.1|	97.955	440	9	0	6	445	319	758	0.0	763	84024
8bccb45e1b15c5114749ad55ce00cc35	gi|219846557|ref|NR_026149.1|	97.500	440	11	0	6	445	325	764	0.0	752	36850
8bccb45e1b15c5114749ad55ce00cc35	gi|219846575|ref|NR_026167.1|	96.833	442	11	2	6	445	246	686	0.0	739	36834
8bccb45e1b15c5114749ad55ce00cc35	gi|631252127|ref|NR_113325.1|	96.591	440	15	0	6	445	333	772	0.0	730	1559
8bccb45e1b15c5114749ad55ce00cc35	gi|219846898|ref|NR_026490.1|	96.591	440	15	0	6	445	320	759	0.0	730	84031
8bccb45e1b15c5114749ad55ce00cc35	gi|310975222|ref|NR_037086.1|	96.591	440	15	0	6	445	316	755	0.0	730	1559
8bccb45e1b15c5114749ad55ce00cc35	gi|636558671|ref|NR_114728.1|	96.591	440	15	0	6	445	287	726	0.0	730	1559
8bccb45e1b15c5114749ad55ce00cc35	gi|219846429|ref|NR_026020.1|	96.364	440	16	0	6	445	333	772	0.0	725	1504
a0ac20e231440ecd2985139dad24dea4	gi|3030611324|ref|NR_200000.1|	95.034	443	21	1	6	447	301	743	0.0	695	3342383
a0ac20e231440ecd2985139dad24dea4	gi|1109168025|ref|NR_144611.1|	94.582	443	23	1	6	447	282	724	0.0	684	1417852
a0ac20e231440ecd2985139dad24dea4	gi|2363084741|ref|NR_180619.1|	93.905	443	26	1	6	447	347	789	0.0	667	2779352
a0ac20e231440ecd2985139dad24dea4	gi|1193829127|ref|NR_147370.1|	93.228	443	29	1	6	447	349	791	0.0	651	1870988
a0ac20e231440ecd2985139dad24dea4	gi|219846080|ref|NR_025670.1|	92.793	444	29	2	6	447	329	771	0.0	640	411467
a0ac20e231440ecd2985139dad24dea4	gi|343198636|ref|NR_043142.1|	92.551	443	32	1	6	447	323	765	0.0	634	292800
a0ac20e231440ecd2985139dad24dea4	gi|265679048|ref|NR_029356.1|	92.551	443	32	1	6	447	336	778	0.0	634	292800
a0ac20e231440ecd2985139dad24dea4	gi|2363082168|ref|NR_179330.1|	92.099	443	33	2	6	447	327	768	3.53e-178	623	2714355
a0ac20e231440ecd2985139dad24dea4	gi|2363082165|ref|NR_179329.1|	91.874	443	34	2	6	447	327	768	1.64e-176	617	2714353
a0ac20e231440ecd2985139dad24dea4	gi|645321636|ref|NR_118554.1|	91.874	443	35	1	6	447	329	771	1.64e-176	617	1297617
d3e2b763b9c1ebc301ee4b7bb24e37bf	gi|219878150|ref|NR_025289.1|	99.095	442	4	0	6	447	321	762	0.0	795	888727
d3e2b763b9c1ebc301ee4b7bb24e37bf	gi|645321917|ref|NR_118780.1|	97.743	443	9	1	6	447	326	768	0.0	761	56774
d3e2b763b9c1ebc301ee4b7bb24e37bf	gi|1116030279|ref|NR_144737.1|	95.034	443	20	2	6	447	347	788	0.0	695	1776384
d3e2b763b9c1ebc301ee4b7bb24e37bf	gi|265678606|ref|NR_028911.1|	93.665	442	28	0	6	447	335	776	0.0	662	109327
d3e2b763b9c1ebc301ee4b7bb24e37bf	gi|1116030291|ref|NR_144749.1|	93.454	443	26	3	6	447	347	787	0.0	654	1852367
d3e2b763b9c1ebc301ee4b7bb24e37bf	gi|939733310|ref|NR_133037.1|	92.099	443	33	2	6	447	348	789	3.53e-178	623	938278
d3e2b763b9c1ebc301ee4b7bb24e37bf	gi|2363082665|ref|NR_179580.1|	91.855	442	35	1	6	447	327	767	1.64e-176	617	1917867
d3e2b763b9c1ebc301ee4b7bb24e37bf	gi|219856893|ref|NR_024712.1|	91.837	441	35	1	7	447	347	786	2.13e-175	614	86333
d3e2b763b9c1ebc301ee4b7bb24e37bf	gi|2136551617|ref|NR_173621.1|	91.629	442	37	0	6	447	354	795	7.65e-175	612	2818044
d3e2b763b9c1ebc301ee4b7bb24e37bf	gi|224581422|ref|NR_027203.1|	91.629	442	35	2	7	447	346	786	2.75e-174	610	114528
56bdf3be25e1b9af8fdefdd906cf9a35	gi|1811131545|ref|NR_165727.1|	95.946	444	18	0	6	449	358	801	0.0	721	2358141
56bdf3be25e1b9af8fdefdd906cf9a35	gi|219846061|ref|NR_025651.1|	95.946	444	17	1	6	449	350	792	0.0	719	160404
56bdf3be25e1b9af8fdefdd906cf9a35	gi|2621112349|ref|NR_189253.1|	95.270	444	21	0	6	449	345	788	0.0	704	2918914
56bdf3be25e1b9af8fdefdd906cf9a35	gi|1445136073|ref|NR_158113.1|	95.270	444	20	1	6	449	328	770	0.0	702	433287
56bdf3be25e1b9af8fdefdd906cf9a35	gi|631252210|ref|NR_113408.1|	94.369	444	24	1	6	449	351	793	0.0	680	28446
56bdf3be25e1b9af8fdefdd906cf9a35	gi|265678961|ref|NR_029269.1|	94.144	444	24	2	6	449	350	791	0.0	675	28446
56bdf3be25e1b9af8fdefdd906cf9a35	gi|219846558|ref|NR_026150.1|	93.468	444	27	2	6	449	350	791	0.0	658	36847
56bdf3be25e1b9af8fdefdd906cf9a35	gi|3030611264|ref|NR_199940.1|	92.809	445	26	5	6	449	338	777	0.0	640	3074433
56bdf3be25e1b9af8fdefdd906cf9a35	gi|2363083221|ref|NR_179859.1|	92.117	444	31	3	6	449	347	786	3.55e-178	623	2078660
56bdf3be25e1b9af8fdefdd906cf9a35	gi|2621112282|ref|NR_189185.1|	91.667	444	36	1	6	449	323	765	2.14e-175	614	2934315
ed218d82dca695a804ba1e9deb37f7c6	gi|1909404440|ref|NR_170495.1|	91.837	441	33	3	6	444	355	794	7.59e-175	612	2509240
ed218d82dca695a804ba1e9deb37f7c6	gi|2363085133|ref|NR_180815.1|	91.610	441	34	3	6	444	350	789	3.53e-173	606	2606633
ed218d82dca695a804ba1e9deb37f7c6	gi|2363083556|ref|NR_180026.1|	91.610	441	34	3	6	444	348	787	3.53e-173	606	2696678
ed218d82dca695a804ba1e9deb37f7c6	gi|974142252|ref|NR_134772.1|	91.610	441	34	3	6	444	297	736	3.53e-173	606	1337051
ed218d82dca695a804ba1e9deb37f7c6	gi|2363086284|ref|NR_181394.1|	91.648	443	30	6	6	444	306	745	3.53e-173	606	2763668
ed218d82dca695a804ba1e9deb37f7c6	gi|636560687|ref|NR_116747.1|	91.364	440	37	1	6	444	301	740	1.64e-171	601	1298596
ed218d82dca695a804ba1e9deb37f7c6	gi|2363082679|ref|NR_179587.1|	91.156	441	36	3	6	444	328	767	7.65e-170	595	1926283
ed218d82dca695a804ba1e9deb37f7c6	gi|2363081854|ref|NR_179173.1|	91.156	441	36	3	6	444	333	772	7.65e-170	595	2126740
ed218d82dca695a804ba1e9deb37f7c6	gi|559795194|ref|NR_104783.1|	90.930	441	37	3	6	444	353	792	3.56e-168	590	290052
ed218d82dca695a804ba1e9deb37f7c6	gi|631252001|ref|NR_113199.1|	90.930	441	37	3	6	444	366	805	3.56e-168	590	1527
ac5d41a592aed584f67096816a28df44	gi|2363082366|ref|NR_179430.1|	94.570	442	20	4	6	445	351	790	0.0	680	1720313
ac5d41a592aed584f67096816a28df44	gi|444303910|ref|NR_074333.1|	92.534	442	31	2	6	445	323	764	0.0	632	663278
ac5d41a592aed584f67096816a28df44	gi|343202504|ref|NR_042828.1|	92.534	442	31	2	6	445	323	764	0.0	632	663278
ac5d41a592aed584f67096816a28df44	gi|636559250|ref|NR_115307.1|	92.534	442	31	2	6	445	323	764	0.0	632	663278
ac5d41a592aed584f67096816a28df44	gi|2363082585|ref|NR_179539.1|	91.855	442	31	5	6	445	351	789	7.61e-175	612	1852384
ac5d41a592aed584f67096816a28df44	gi|2363082601|ref|NR_179547.1|	91.591	440	37	0	6	445	347	786	9.85e-174	608	1870991
ac5d41a592aed584f67096816a28df44	gi|2363082755|ref|NR_179626.1|	91.629	442	32	5	6	445	351	789	3.54e-173	606	1987501
ac5d41a592aed584f67096816a28df44	gi|343202572|ref|NR_042930.1|	91.591	440	36	1	6	445	366	804	3.54e-173	606	258515
ac5d41a592aed584f67096816a28df44	gi|343205927|ref|NR_044425.1|	91.364	440	38	0	6	445	346	785	4.58e-172	603	474960
ac5d41a592aed584f67096816a28df44	gi|1445136071|ref|NR_158111.1|	90.950	442	35	5	6	445	349	787	3.57e-168	590	2038680
3c7861efd0f8d3547f53ef64cf9bd239	gi|1269801543|ref|NR_074802.2|	99.109	449	4	0	6	454	341	789	0.0	808	367928
3c7861efd0f8d3547f53ef64cf9bd239	gi|961555015|ref|NR_133982.1|	99.109	449	4	0	6	454	311	759	0.0	808	1680
3c7861efd0f8d3547f53ef64cf9bd239	gi|645321680|ref|NR_118589.1|	99.109	449	4	0	6	454	335	783	0.0	808	1437612
3c7861efd0f8d3547f53ef64cf9bd239	gi|636560686|ref|NR_116746.1|	99.109	449	4	0	6	454	309	757	0.0	808	1437612
3c7861efd0f8d3547f53ef64cf9bd239	gi|310974993|ref|NR_036857.1|	98.886	449	5	0	6	454	248	696	0.0	802	78346
3c7861efd0f8d3547f53ef64cf9bd239	gi|3248465902|ref|NR_201917.1|	97.996	449	7	2	6	454	338	784	0.0	778	3692808
3c7861efd0f8d3547f53ef64cf9bd239	gi|310975253|ref|NR_037117.1|	97.550	449	9	2	6	454	331	777	0.0	767	28026
3c7861efd0f8d3547f53ef64cf9bd239	gi|631251581|ref|NR_112779.1|	97.550	449	9	2	6	454	331	777	0.0	767	1150460
3c7861efd0f8d3547f53ef64cf9bd239	gi|343201160|ref|NR_041875.1|	97.550	449	9	2	6	454	310	756	0.0	767	1686
3c7861efd0f8d3547f53ef64cf9bd239	gi|586661365|ref|NR_036854.2|	97.327	449	12	0	6	454	326	774	0.0	763	78343
8b740665c91f541883707a4eaa43d8c5	gi|1040567066|ref|NR_137415.1|	88.699	469	45	8	6	470	314	778	1.77e-161	568	1458355
8b740665c91f541883707a4eaa43d8c5	gi|631252844|ref|NR_114042.1|	88.462	468	48	6	6	470	314	778	8.24e-160	562	562
8b740665c91f541883707a4eaa43d8c5	gi|2363081507|ref|NR_179000.1|	88.437	467	50	4	6	470	314	778	2.96e-159	560	1891675
8b740665c91f541883707a4eaa43d8c5	gi|444439587|ref|NR_074902.1|	88.462	468	48	6	6	470	341	805	2.96e-159	560	585054
8b740665c91f541883707a4eaa43d8c5	gi|645321345|ref|NR_118333.1|	88.511	470	44	10	6	470	332	796	2.96e-159	560	1158459
8b740665c91f541883707a4eaa43d8c5	gi|631252881|ref|NR_114079.1|	88.462	468	48	6	6	470	314	778	2.96e-159	560	564
8b740665c91f541883707a4eaa43d8c5	gi|559795236|ref|NR_104826.1|	88.462	468	48	6	6	470	321	785	2.96e-159	560	624
8b740665c91f541883707a4eaa43d8c5	gi|631251361|ref|NR_112558.1|	88.462	468	48	6	6	470	174	638	2.96e-159	560	562
8b740665c91f541883707a4eaa43d8c5	gi|228716249|ref|NR_027549.1|	88.462	468	48	6	6	470	307	771	2.96e-159	560	585054
8b740665c91f541883707a4eaa43d8c5	gi|219846739|ref|NR_026331.1|	88.462	468	48	6	6	470	322	786	2.96e-159	560	623
d7af54e87150aee98ee84e14e6f53421	gi|343198461|ref|NR_041894.1|	95.269	465	22	0	6	470	286	750	0.0	737	187327
d7af54e87150aee98ee84e14e6f53421	gi|2363082609|ref|NR_179551.1|	91.649	467	35	3	6	470	345	809	0.0	645	1871002
d7af54e87150aee98ee84e14e6f53421	gi|219846553|ref|NR_026145.1|	87.712	472	45	11	6	470	320	785	1.39e-152	538	79884
d7af54e87150aee98ee84e14e6f53421	gi|631251525|ref|NR_112722.1|	87.447	470	50	9	6	470	320	785	6.46e-151	532	1218173
d7af54e87150aee98ee84e14e6f53421	gi|343200691|ref|NR_041378.1|	87.473	471	48	9	6	470	325	790	6.46e-151	532	363870
d7af54e87150aee98ee84e14e6f53421	gi|219846519|ref|NR_026111.1|	87.366	467	55	4	6	470	339	803	6.46e-151	532	33025
d7af54e87150aee98ee84e14e6f53421	gi|645322131|ref|NR_118949.1|	87.234	470	50	10	6	470	340	804	2.32e-150	531	1218173
d7af54e87150aee98ee84e14e6f53421	gi|1520188694|ref|NR_159907.1|	87.261	471	49	9	6	470	292	757	3.00e-149	527	2078954
d7af54e87150aee98ee84e14e6f53421	gi|2363082615|ref|NR_179554.1|	87.261	471	49	9	6	470	340	805	3.00e-149	527	1871011
d7af54e87150aee98ee84e14e6f53421	gi|2363080533|ref|NR_178507.1|	87.261	471	48	10	6	470	319	783	3.00e-149	527	1134413
b8558ec3f1713630ab97fe178b4992cb	gi|1146059197|ref|NR_145929.1|	87.500	448	48	7	6	449	319	762	2.88e-144	510	642589
b8558ec3f1713630ab97fe178b4992cb	gi|3248465687|ref|NR_201701.1|	87.191	445	54	3	6	449	330	772	4.83e-142	503	3435187
b8558ec3f1713630ab97fe178b4992cb	gi|3248465688|ref|NR_201702.1|	87.191	445	54	3	6	449	328	770	4.83e-142	503	3435000
b8558ec3f1713630ab97fe178b4992cb	gi|2136551663|ref|NR_173668.1|	87.191	445	51	5	6	449	294	733	1.74e-141	501	2766537
b8558ec3f1713630ab97fe178b4992cb	gi|2836274966|ref|NR_197729.1|	86.742	445	53	6	6	449	304	743	3.76e-138	490	3093657
b8558ec3f1713630ab97fe178b4992cb	gi|1116030278|ref|NR_144736.1|	86.742	445	53	6	6	449	360	799	3.76e-138	490	1776382
b8558ec3f1713630ab97fe178b4992cb	gi|2136551638|ref|NR_173642.1|	86.486	444	59	1	6	449	349	791	4.86e-137	486	2678306
b8558ec3f1713630ab97fe178b4992cb	gi|2363082825|ref|NR_179661.1|	86.577	447	53	7	6	449	342	784	4.86e-137	486	2086583
b8558ec3f1713630ab97fe178b4992cb	gi|2836274967|ref|NR_197730.1|	86.292	445	55	6	6	449	312	751	8.13e-135	479	3093658
b8558ec3f1713630ab97fe178b4992cb	gi|1109168013|ref|NR_144605.1|	85.874	446	55	7	6	449	367	806	1.76e-131	468	1796620
ac7fd15f9701b28880b7794a23aca1d7	gi|2363085097|ref|NR_180797.1|	96.145	441	15	2	6	445	346	785	0.0	719	2605778
ac7fd15f9701b28880b7794a23aca1d7	gi|2363082679|ref|NR_179587.1|	95.455	440	20	0	6	445	328	767	0.0	702	1926283
ac7fd15f9701b28880b7794a23aca1d7	gi|2363081854|ref|NR_179173.1|	95.455	440	20	0	6	445	333	772	0.0	702	2126740
ac7fd15f9701b28880b7794a23aca1d7	gi|645321072|ref|NR_118128.1|	95.011	441	20	2	6	445	174	613	0.0	691	1531
ac7fd15f9701b28880b7794a23aca1d7	gi|631252212|ref|NR_113410.1|	95.011	441	20	2	6	445	257	696	0.0	691	208479
ac7fd15f9701b28880b7794a23aca1d7	gi|219878428|ref|NR_025567.1|	95.011	441	20	2	6	445	348	787	0.0	691	208479
ac7fd15f9701b28880b7794a23aca1d7	gi|631251457|ref|NR_112654.1|	94.785	441	21	2	6	445	338	777	0.0	688	1286362
ac7fd15f9701b28880b7794a23aca1d7	gi|2363083601|ref|NR_180048.1|	94.773	440	23	0	6	445	338	777	0.0	686	253257
ac7fd15f9701b28880b7794a23aca1d7	gi|2962412268|ref|NR_199462.1|	94.773	440	23	0	6	445	303	742	0.0	686	3111456
ac7fd15f9701b28880b7794a23aca1d7	gi|1193829153|ref|NR_147396.1|	94.773	440	23	0	6	445	328	767	0.0	686	1917870
3dea52626fefb401451a080e574041dc	gi|2363082168|ref|NR_179330.1|	93.891	442	27	0	6	447	327	768	0.0	667	2714355
3dea52626fefb401451a080e574041dc	gi|2363082165|ref|NR_179329.1|	93.694	444	24	4	6	447	327	768	0.0	662	2714353
3dea52626fefb401451a080e574041dc	gi|2363082342|ref|NR_179418.1|	90.807	446	34	5	6	447	348	790	3.58e-168	590	1673721
3dea52626fefb401451a080e574041dc	gi|1109168025|ref|NR_144611.1|	90.787	445	36	3	6	447	282	724	3.58e-168	590	1417852
3dea52626fefb401451a080e574041dc	gi|2363084741|ref|NR_180619.1|	90.541	444	39	3	6	447	347	789	1.67e-166	584	2779352
3dea52626fefb401451a080e574041dc	gi|3030611324|ref|NR_200000.1|	90.359	446	36	5	6	447	301	743	7.76e-165	579	3342383
3dea52626fefb401451a080e574041dc	gi|1193829127|ref|NR_147370.1|	90.315	444	40	3	6	447	349	791	7.76e-165	579	1870988
3dea52626fefb401451a080e574041dc	gi|2136551692|ref|NR_173697.1|	90.045	442	44	0	6	447	349	790	3.61e-163	573	2108523
3dea52626fefb401451a080e574041dc	gi|645321636|ref|NR_118554.1|	90.112	445	39	5	6	447	329	771	3.61e-163	573	1297617
3dea52626fefb401451a080e574041dc	gi|219846080|ref|NR_025670.1|	90.090	444	41	3	6	447	329	771	3.61e-163	573	411467
5db2a7631e4509649b3b235af3d107fd	gi|343198636|ref|NR_043142.1|	91.648	443	34	2	6	445	323	765	2.74e-174	610	292800
5db2a7631e4509649b3b235af3d107fd	gi|265679048|ref|NR_029356.1|	91.648	443	34	2	6	445	336	778	2.74e-174	610	292800
5db2a7631e4509649b3b235af3d107fd	gi|2363082326|ref|NR_179410.1|	90.519	443	39	2	6	445	349	791	5.97e-166	582	1650661
5db2a7631e4509649b3b235af3d107fd	gi|2363086264|ref|NR_181384.1|	90.498	442	38	4	6	445	250	689	2.15e-165	580	2763660
5db2a7631e4509649b3b235af3d107fd	gi|3030611323|ref|NR_199999.1|	90.293	443	40	2	6	445	301	743	2.78e-164	577	3133422
5db2a7631e4509649b3b235af3d107fd	gi|1193829127|ref|NR_147370.1|	90.068	443	41	2	6	445	349	791	1.29e-162	571	1870988
5db2a7631e4509649b3b235af3d107fd	gi|2136551683|ref|NR_173688.1|	90.000	440	44	0	6	445	321	760	4.65e-162	569	2780922
5db2a7631e4509649b3b235af3d107fd	gi|2136551692|ref|NR_173697.1|	89.842	443	41	3	6	445	349	790	6.01e-161	566	2108523
5db2a7631e4509649b3b235af3d107fd	gi|219846327|ref|NR_025917.1|	89.569	441	43	3	6	445	309	747	3.62e-158	556	35830
5db2a7631e4509649b3b235af3d107fd	gi|2363082358|ref|NR_179426.1|	89.414	444	42	4	6	445	349	791	1.30e-157	555	1702285
55fa145e583d7e49e47bcba451ef4bd8	gi|559795246|ref|NR_104836.1|	89.955	448	33	9	6	449	333	772	1.69e-161	568	706562
55fa145e583d7e49e47bcba451ef4bd8	gi|444304189|ref|NR_074613.1|	87.500	448	44	9	6	449	350	789	3.73e-143	507	515620
55fa145e583d7e49e47bcba451ef4bd8	gi|219857405|ref|NR_024993.1|	87.444	446	48	6	6	449	349	788	3.73e-143	507	99656
55fa145e583d7e49e47bcba451ef4bd8	gi|645321781|ref|NR_118667.1|	86.830	448	47	9	6	449	355	794	1.74e-141	501	28052
55fa145e583d7e49e47bcba451ef4bd8	gi|659364459|ref|NR_121686.1|	86.742	445	53	4	6	449	348	787	3.76e-138	490	384638
55fa145e583d7e49e47bcba451ef4bd8	gi|559795169|ref|NR_104758.1|	86.742	445	53	4	6	449	345	784	3.76e-138	490	1282887
55fa145e583d7e49e47bcba451ef4bd8	gi|559795252|ref|NR_104842.1|	86.771	446	51	6	6	449	345	784	3.76e-138	490	39495
55fa145e583d7e49e47bcba451ef4bd8	gi|343202586|ref|NR_042953.1|	86.860	449	45	11	6	449	308	747	3.76e-138	490	264463
55fa145e583d7e49e47bcba451ef4bd8	gi|2363086302|ref|NR_181403.1|	86.547	446	54	6	6	449	246	687	4.86e-137	486	2763061
55fa145e583d7e49e47bcba451ef4bd8	gi|1227086118|ref|NR_148620.1|	86.547	446	52	6	6	449	195	634	1.75e-136	484	1763509
26e97c5d4df21b2c4ed74aca1860686f	gi|1277396349|ref|NR_152060.1|	90.807	446	36	5	6	449	336	778	1.00e-168	592	1712515
26e97c5d4df21b2c4ed74aca1860686f	gi|1277396271|ref|NR_151982.1|	90.807	446	36	5	6	449	248	690	1.00e-168	592	1628085
26e97c5d4df21b2c4ed74aca1860686f	gi|1193829128|ref|NR_147371.1|	90.787	445	36	5	6	449	277	717	3.60e-168	590	1871029
26e97c5d4df21b2c4ed74aca1860686f	gi|545589041|ref|NR_044644.2|	90.337	445	38	4	6	449	354	794	4.66e-167	586	39484
26e97c5d4df21b2c4ed74aca1860686f	gi|2363082930|ref|NR_179713.1|	89.663	445	43	3	6	449	319	761	2.18e-160	564	1945634
26e97c5d4df21b2c4ed74aca1860686f	gi|343205971|ref|NR_044490.1|	88.814	447	44	6	6	449	348	791	2.84e-154	544	501571
26e97c5d4df21b2c4ed74aca1860686f	gi|2363087009|ref|NR_181761.1|	88.090	445	49	4	6	449	269	710	1.03e-148	525	2841509
26e97c5d4df21b2c4ed74aca1860686f	gi|2363083800|ref|NR_180148.1|	87.613	444	54	1	6	449	349	791	2.23e-145	514	2211183
26e97c5d4df21b2c4ed74aca1860686f	gi|219846612|ref|NR_026204.1|	86.966	445	55	3	6	449	328	770	6.24e-141	499	47246
26e97c5d4df21b2c4ed74aca1860686f	gi|3248465658|ref|NR_201672.1|	86.517	445	57	3	6	449	296	738	4.86e-137	486	3381350
e37ebae8901cb6fec34f55018c87427f	gi|645320556|ref|NR_117734.1|	94.551	312	15	2	154	464	441	751	2.34e-135	481	850
e37ebae8901cb6fec34f55018c87427f	gi|3248465646|ref|NR_201658.1|	93.168	322	18	4	145	464	424	743	5.07e-132	470	3455867
e37ebae8901cb6fec34f55018c87427f	gi|602267405|ref|NR_044688.3|	92.547	322	20	4	145	464	458	777	1.82e-131	468	852
e37ebae8901cb6fec34f55018c87427f	gi|645322306|ref|NR_119089.1|	94.118	306	13	5	154	456	454	757	3.05e-129	460	850
e37ebae8901cb6fec34f55018c87427f	gi|631252186|ref|NR_113384.1|	92.949	312	20	2	154	464	453	763	5.10e-127	453	856
e37ebae8901cb6fec34f55018c87427f	gi|219878394|ref|NR_025533.1|	92.949	312	20	2	154	464	459	769	5.10e-127	453	188913
e37ebae8901cb6fec34f55018c87427f	gi|1269235450|ref|NR_146837.2|	92.628	312	21	2	154	464	458	768	2.37e-125	448	1755100
e37ebae8901cb6fec34f55018c87427f	gi|631252181|ref|NR_113379.1|	91.900	321	24	2	145	464	444	763	2.37e-125	448	134605
e37ebae8901cb6fec34f55018c87427f	gi|343198594|ref|NR_042997.1|	92.628	312	21	2	154	464	398	708	2.37e-125	448	271091
e37ebae8901cb6fec34f55018c87427f	gi|265678628|ref|NR_028933.1|	91.900	321	24	2	145	464	444	763	2.37e-125	448	134605
75bebce1981107bf9e3278cdbaf447eb	gi|444304091|ref|NR_074515.1|	88.745	462	48	4	6	465	350	809	8.14e-160	562	435590
75bebce1981107bf9e3278cdbaf447eb	gi|631251748|ref|NR_112946.1|	88.745	462	48	4	6	465	339	798	8.14e-160	562	821
75bebce1981107bf9e3278cdbaf447eb	gi|631250946|ref|NR_112143.1|	88.528	462	49	4	6	465	307	766	3.79e-158	556	821
75bebce1981107bf9e3278cdbaf447eb	gi|343200664|ref|NR_041351.1|	87.879	462	52	4	6	465	341	800	3.82e-153	540	357276
75bebce1981107bf9e3278cdbaf447eb	gi|631251872|ref|NR_113070.1|	86.985	461	58	2	6	465	334	793	1.79e-146	518	742727
75bebce1981107bf9e3278cdbaf447eb	gi|631251697|ref|NR_112895.1|	86.985	461	58	2	6	465	314	773	1.79e-146	518	742727
75bebce1981107bf9e3278cdbaf447eb	gi|631251737|ref|NR_112935.1|	86.768	461	59	2	6	465	338	797	8.32e-145	512	28111
75bebce1981107bf9e3278cdbaf447eb	gi|343200177|ref|NR_040864.1|	86.768	461	59	2	6	465	336	795	8.32e-145	512	28111
75bebce1981107bf9e3278cdbaf447eb	gi|631252009|ref|NR_113207.1|	86.334	461	61	2	6	465	334	793	1.80e-141	501	1236514
75bebce1981107bf9e3278cdbaf447eb	gi|631252155|ref|NR_113353.1|	86.117	461	62	2	6	465	338	797	8.38e-140	496	28119
e0f406eea9c961c007035874f3752917	gi|631252181|ref|NR_113379.1|	89.865	444	43	2	6	448	321	763	4.68e-162	569	134605
e0f406eea9c961c007035874f3752917	gi|265678628|ref|NR_028933.1|	89.865	444	43	2	6	448	321	763	4.68e-162	569	134605
e0f406eea9c961c007035874f3752917	gi|602267405|ref|NR_044688.3|	89.238	446	42	6	6	448	335	777	6.05e-161	566	852
e0f406eea9c961c007035874f3752917	gi|645320556|ref|NR_117734.1|	89.640	444	44	2	6	448	309	751	2.18e-160	564	850
e0f406eea9c961c007035874f3752917	gi|228720055|ref|NR_027588.1|	89.189	444	46	2	6	448	246	688	3.64e-158	556	469615
e0f406eea9c961c007035874f3752917	gi|1269235450|ref|NR_146837.2|	88.964	444	47	2	6	448	326	768	2.19e-155	547	1755100
e0f406eea9c961c007035874f3752917	gi|631252186|ref|NR_113384.1|	88.964	444	47	2	6	448	321	763	2.19e-155	547	856
e0f406eea9c961c007035874f3752917	gi|645322306|ref|NR_119089.1|	89.269	438	41	6	6	440	323	757	2.84e-154	544	850
e0f406eea9c961c007035874f3752917	gi|631253202|ref|NR_114400.1|	88.739	444	48	2	6	448	321	763	1.02e-153	542	859
e0f406eea9c961c007035874f3752917	gi|444304082|ref|NR_074506.1|	88.764	445	46	4	6	448	331	773	1.02e-153	542	167642
847413774234d730749027b38351e518	gi|343205678|ref|NR_044054.1|	95.455	440	20	0	6	445	297	736	0.0	702	1121115
847413774234d730749027b38351e518	gi|631253117|ref|NR_114315.1|	95.227	440	21	0	6	445	336	775	0.0	699	649762
847413774234d730749027b38351e518	gi|2363082685|ref|NR_179590.1|	95.011	441	21	1	6	445	327	767	0.0	693	1936059
847413774234d730749027b38351e518	gi|219846722|ref|NR_026314.1|	94.091	440	26	0	6	445	330	769	0.0	669	53443
847413774234d730749027b38351e518	gi|2363084170|ref|NR_180334.1|	93.182	440	30	0	6	445	253	692	0.0	647	2763028
847413774234d730749027b38351e518	gi|2363086300|ref|NR_181402.1|	93.182	440	30	0	6	445	300	739	0.0	647	2763028
847413774234d730749027b38351e518	gi|219846720|ref|NR_026312.1|	92.955	440	31	0	6	445	327	766	0.0	643	180164
847413774234d730749027b38351e518	gi|631252033|ref|NR_113231.1|	92.971	441	29	2	6	445	347	786	0.0	641	536633
847413774234d730749027b38351e518	gi|631251591|ref|NR_112789.1|	92.971	441	29	2	6	445	333	772	0.0	641	536633
847413774234d730749027b38351e518	gi|2363082673|ref|NR_179584.1|	92.744	441	30	2	6	445	327	766	0.0	636	1917888
ea14699a6580e75cbfb7b372dfafacf9	gi|2363082603|ref|NR_179548.1|	96.136	440	17	0	6	445	348	787	0.0	721	1870993
ea14699a6580e75cbfb7b372dfafacf9	gi|265678940|ref|NR_029248.1|	95.682	440	17	2	6	445	349	786	0.0	708	500632
ea14699a6580e75cbfb7b372dfafacf9	gi|3248465636|ref|NR_201647.1|	94.318	440	25	0	6	445	300	739	0.0	675	3380806
ea14699a6580e75cbfb7b372dfafacf9	gi|645319776|ref|NR_117142.1|	94.318	440	25	0	6	445	347	786	0.0	675	290055
ea14699a6580e75cbfb7b372dfafacf9	gi|645319775|ref|NR_117141.1|	94.318	440	25	0	6	445	347	786	0.0	675	290055
ea14699a6580e75cbfb7b372dfafacf9	gi|645319774|ref|NR_117140.1|	94.318	440	25	0	6	445	348	787	0.0	675	290055
ea14699a6580e75cbfb7b372dfafacf9	gi|559795211|ref|NR_104800.1|	94.318	440	25	0	6	445	346	785	0.0	675	290055
ea14699a6580e75cbfb7b372dfafacf9	gi|645320334|ref|NR_117563.1|	94.318	440	25	0	6	445	351	790	0.0	675	290055
ea14699a6580e75cbfb7b372dfafacf9	gi|343198924|ref|NR_044048.1|	94.318	440	25	0	6	445	328	767	0.0	675	470146
ea14699a6580e75cbfb7b372dfafacf9	gi|2363086282|ref|NR_181393.1|	94.104	441	24	2	6	445	290	729	0.0	669	2763664
728f6c3989dedf6c74759939a580a53a	gi|636559662|ref|NR_115722.1|	84.222	469	61	8	6	465	256	720	3.08e-124	444	357233
728f6c3989dedf6c74759939a580a53a	gi|1269801491|ref|NR_102493.2|	84.009	469	62	8	6	465	339	803	1.43e-122	438	1028307
728f6c3989dedf6c74759939a580a53a	gi|3248465710|ref|NR_201724.1|	83.795	469	63	11	6	465	338	802	6.66e-121	433	3133271
728f6c3989dedf6c74759939a580a53a	gi|2463901926|ref|NR_184633.1|	83.761	468	65	9	6	465	235	699	6.66e-121	433	2926467
728f6c3989dedf6c74759939a580a53a	gi|2463901913|ref|NR_184632.1|	83.795	469	63	11	6	465	235	699	6.66e-121	433	2926470
728f6c3989dedf6c74759939a580a53a	gi|2463901912|ref|NR_184631.1|	83.795	469	63	10	6	465	235	699	6.66e-121	433	2926469
728f6c3989dedf6c74759939a580a53a	gi|2363082611|ref|NR_179552.1|	83.550	462	73	3	6	465	340	800	8.62e-120	429	1871006
728f6c3989dedf6c74759939a580a53a	gi|636560692|ref|NR_116752.1|	83.582	469	64	9	6	465	235	699	8.62e-120	429	472695
728f6c3989dedf6c74759939a580a53a	gi|636560184|ref|NR_116244.1|	83.582	469	64	9	6	465	235	699	8.62e-120	429	472695
728f6c3989dedf6c74759939a580a53a	gi|2363083441|ref|NR_179969.1|	91.346	312	27	0	154	465	403	714	3.10e-119	427	2364647
8acdcfa93975d7164920166d99dce7fc	gi|343200655|ref|NR_041342.1|	89.348	460	49	0	6	465	336	795	8.09e-165	579	823
8acdcfa93975d7164920166d99dce7fc	gi|444303953|ref|NR_074376.1|	88.478	460	53	0	6	465	351	810	3.79e-158	556	435591
8acdcfa93975d7164920166d99dce7fc	gi|1146059112|ref|NR_145844.1|	86.422	464	55	8	6	465	339	798	1.80e-141	501	1411144
8acdcfa93975d7164920166d99dce7fc	gi|343200777|ref|NR_041464.1|	86.304	460	63	0	6	465	340	799	1.80e-141	501	387661
8acdcfa93975d7164920166d99dce7fc	gi|645322411|ref|NR_119166.1|	85.870	460	65	0	6	465	319	778	1.08e-138	492	411477
8acdcfa93975d7164920166d99dce7fc	gi|343200656|ref|NR_041343.1|	85.870	460	65	0	6	465	340	799	3.90e-138	490	46503
8acdcfa93975d7164920166d99dce7fc	gi|2363083816|ref|NR_180156.1|	85.652	460	66	0	6	465	291	750	1.81e-136	484	2290935
8acdcfa93975d7164920166d99dce7fc	gi|631251872|ref|NR_113070.1|	85.217	460	68	0	6	465	334	793	3.93e-133	473	742727
8acdcfa93975d7164920166d99dce7fc	gi|631251871|ref|NR_113069.1|	85.217	460	68	0	6	465	336	795	3.93e-133	473	477666
8acdcfa93975d7164920166d99dce7fc	gi|631251697|ref|NR_112895.1|	85.217	460	68	0	6	465	314	773	3.93e-133	473	742727
9bd47cd2dfdfa69d034419d177ee4c8c	gi|645320588|ref|NR_117758.1|	91.629	442	37	0	6	447	322	763	7.65e-175	612	166486
9bd47cd2dfdfa69d034419d177ee4c8c	gi|228716944|ref|NR_027557.1|	91.629	442	37	0	6	447	343	784	7.65e-175	612	536231
9bd47cd2dfdfa69d034419d177ee4c8c	gi|1227086116|ref|NR_148619.1|	91.422	443	36	2	6	447	301	742	3.56e-173	606	1712665
9bd47cd2dfdfa69d034419d177ee4c8c	gi|2363086282|ref|NR_181393.1|	91.403	442	36	1	6	447	290	729	1.28e-172	604	2763664
9bd47cd2dfdfa69d034419d177ee4c8c	gi|444439494|ref|NR_074809.1|	91.176	442	38	1	6	447	350	790	5.95e-171	599	585394
9bd47cd2dfdfa69d034419d177ee4c8c	gi|343201281|ref|NR_042007.1|	90.991	444	36	4	6	447	343	784	7.70e-170	595	622312
9bd47cd2dfdfa69d034419d177ee4c8c	gi|343198540|ref|NR_042832.1|	90.950	442	39	1	6	447	330	770	2.77e-169	593	301302
9bd47cd2dfdfa69d034419d177ee4c8c	gi|343201282|ref|NR_042008.1|	90.950	442	38	2	6	447	341	780	2.77e-169	593	585394
9bd47cd2dfdfa69d034419d177ee4c8c	gi|2363085153|ref|NR_180825.1|	90.724	442	40	1	6	447	347	787	1.29e-167	588	2605790
9bd47cd2dfdfa69d034419d177ee4c8c	gi|444304209|ref|NR_074634.1|	90.724	442	39	1	6	447	350	789	1.29e-167	588	515619
d18860042033720a8a5780b6c6affe01	gi|645320556|ref|NR_117734.1|	94.855	311	16	0	154	464	441	751	5.03e-137	486	850
d18860042033720a8a5780b6c6affe01	gi|3248465646|ref|NR_201658.1|	86.117	461	43	12	6	464	302	743	3.03e-134	477	3455867
d18860042033720a8a5780b6c6affe01	gi|602267405|ref|NR_044688.3|	92.835	321	21	2	145	464	458	777	3.92e-133	473	852
d18860042033720a8a5780b6c6affe01	gi|343198594|ref|NR_042997.1|	85.466	461	47	13	6	464	266	708	8.48e-130	462	271091
d18860042033720a8a5780b6c6affe01	gi|645322306|ref|NR_119089.1|	94.098	305	15	3	154	456	454	757	3.05e-129	460	850
d18860042033720a8a5780b6c6affe01	gi|631252186|ref|NR_113384.1|	93.248	311	21	0	154	464	453	763	1.10e-128	459	856
d18860042033720a8a5780b6c6affe01	gi|219878394|ref|NR_025533.1|	93.248	311	21	0	154	464	459	769	1.10e-128	459	188913
d18860042033720a8a5780b6c6affe01	gi|1269235450|ref|NR_146837.2|	92.926	311	22	0	154	464	458	768	5.10e-127	453	1755100
d18860042033720a8a5780b6c6affe01	gi|631252181|ref|NR_113379.1|	92.926	311	22	0	154	464	453	763	5.10e-127	453	134605
d18860042033720a8a5780b6c6affe01	gi|265678628|ref|NR_028933.1|	92.926	311	22	0	154	464	453	763	5.10e-127	453	134605
cf0eff87564f34cf22eaf3eabd85aaee	gi|2260473023|ref|NR_176800.1|	94.004	467	26	2	6	471	303	768	0.0	706	35833
cf0eff87564f34cf22eaf3eabd85aaee	gi|2962412215|ref|NR_199409.1|	88.273	469	48	7	6	471	328	792	1.38e-157	555	3136602
cf0eff87564f34cf22eaf3eabd85aaee	gi|631252098|ref|NR_113296.1|	88.223	467	52	3	6	471	341	805	1.38e-157	555	54565
cf0eff87564f34cf22eaf3eabd85aaee	gi|645319734|ref|NR_117110.1|	88.223	467	52	3	6	471	337	801	1.38e-157	555	54565
cf0eff87564f34cf22eaf3eabd85aaee	gi|219846821|ref|NR_026413.1|	88.248	468	50	5	6	471	320	784	1.38e-157	555	58621
cf0eff87564f34cf22eaf3eabd85aaee	gi|219846663|ref|NR_026255.1|	87.794	467	54	3	6	471	319	783	2.99e-154	544	644897
cf0eff87564f34cf22eaf3eabd85aaee	gi|343198744|ref|NR_043567.1|	87.580	467	55	3	6	471	340	804	1.39e-152	538	32016
cf0eff87564f34cf22eaf3eabd85aaee	gi|636558706|ref|NR_114763.1|	87.580	467	55	3	6	471	200	664	1.39e-152	538	32016
cf0eff87564f34cf22eaf3eabd85aaee	gi|566084868|ref|NR_108301.1|	87.315	473	48	12	6	471	324	791	2.33e-150	531	571438
cf0eff87564f34cf22eaf3eabd85aaee	gi|444304022|ref|NR_074446.1|	87.152	467	57	3	6	471	318	782	3.01e-149	527	882
171a5267b1d9a8c572d76de6ac760eb1	gi|444439587|ref|NR_074902.1|	96.137	466	17	1	6	471	341	805	0.0	760	585054
171a5267b1d9a8c572d76de6ac760eb1	gi|631252881|ref|NR_114079.1|	96.137	466	17	1	6	471	314	778	0.0	760	564
171a5267b1d9a8c572d76de6ac760eb1	gi|559795236|ref|NR_104826.1|	96.137	466	17	1	6	471	321	785	0.0	760	624
171a5267b1d9a8c572d76de6ac760eb1	gi|631251361|ref|NR_112558.1|	96.137	466	17	1	6	471	174	638	0.0	760	562
171a5267b1d9a8c572d76de6ac760eb1	gi|228716249|ref|NR_027549.1|	96.137	466	17	1	6	471	307	771	0.0	760	585054
171a5267b1d9a8c572d76de6ac760eb1	gi|219846739|ref|NR_026331.1|	96.137	466	17	1	6	471	322	786	0.0	760	623
171a5267b1d9a8c572d76de6ac760eb1	gi|645322332|ref|NR_119109.1|	95.949	469	17	2	4	471	324	791	0.0	760	566
171a5267b1d9a8c572d76de6ac760eb1	gi|631252844|ref|NR_114042.1|	95.923	466	18	1	6	471	314	778	0.0	756	562
171a5267b1d9a8c572d76de6ac760eb1	gi|219722938|ref|NR_024570.1|	95.923	466	18	1	6	471	332	796	0.0	756	562
171a5267b1d9a8c572d76de6ac760eb1	gi|1018196593|ref|NR_136472.1|	95.923	466	18	1	6	471	334	798	0.0	754	1499973
4bb878ca2433fa23a3e7bf11b3a9839f	gi|444303953|ref|NR_074376.1|	96.904	323	6	4	129	449	490	810	1.32e-152	538	435591
4bb878ca2433fa23a3e7bf11b3a9839f	gi|343200655|ref|NR_041342.1|	96.904	323	6	4	129	449	475	795	1.32e-152	538	823
4bb878ca2433fa23a3e7bf11b3a9839f	gi|1811131517|ref|NR_165699.1|	92.971	313	20	2	138	449	484	795	1.37e-127	455	2685834
4bb878ca2433fa23a3e7bf11b3a9839f	gi|2363082619|ref|NR_179556.1|	91.950	323	22	4	129	449	455	775	6.38e-126	449	1871013
4bb878ca2433fa23a3e7bf11b3a9839f	gi|2363086049|ref|NR_181277.1|	90.994	322	27	2	129	449	448	768	6.42e-121	433	2753162
4bb878ca2433fa23a3e7bf11b3a9839f	gi|2363082715|ref|NR_179605.1|	91.667	312	26	0	138	449	464	775	6.42e-121	433	1944636
4bb878ca2433fa23a3e7bf11b3a9839f	gi|343200656|ref|NR_041343.1|	90.994	322	27	2	129	449	479	799	6.42e-121	433	46503
4bb878ca2433fa23a3e7bf11b3a9839f	gi|645322411|ref|NR_119166.1|	90.994	322	27	2	129	449	458	778	6.42e-121	433	411477
4bb878ca2433fa23a3e7bf11b3a9839f	gi|1018196564|ref|NR_136443.1|	84.301	465	48	16	6	449	300	760	2.31e-120	431	867595
4bb878ca2433fa23a3e7bf11b3a9839f	gi|631251878|ref|NR_113076.1|	84.267	464	49	14	6	449	324	783	2.31e-120	431	927665
d4cb952d0196071a6585fe111c62b81d	gi|631251740|ref|NR_112938.1|	89.348	460	32	7	6	448	326	785	7.83e-160	562	204516
d4cb952d0196071a6585fe111c62b81d	gi|343198509|ref|NR_042745.1|	89.348	460	32	7	6	448	338	797	7.83e-160	562	204516
d4cb952d0196071a6585fe111c62b81d	gi|631251866|ref|NR_113064.1|	88.478	460	36	6	6	448	338	797	3.67e-153	540	1236538
d4cb952d0196071a6585fe111c62b81d	gi|631251817|ref|NR_113015.1|	88.478	460	36	6	6	448	338	797	3.67e-153	540	1236538
d4cb952d0196071a6585fe111c62b81d	gi|645320081|ref|NR_117373.1|	88.478	460	36	6	6	448	289	748	3.67e-153	540	1236515
d4cb952d0196071a6585fe111c62b81d	gi|631251997|ref|NR_113195.1|	88.261	460	37	6	6	448	338	797	1.71e-151	534	1236515
d4cb952d0196071a6585fe111c62b81d	gi|636560121|ref|NR_116181.1|	87.364	459	42	4	6	448	333	791	8.00e-145	512	28116
d4cb952d0196071a6585fe111c62b81d	gi|1491509587|ref|NR_159118.1|	87.174	460	42	4	6	448	310	769	3.72e-143	507	28116
d4cb952d0196071a6585fe111c62b81d	gi|1491509586|ref|NR_159117.1|	87.174	460	42	4	6	448	301	760	3.72e-143	507	28116
d4cb952d0196071a6585fe111c62b81d	gi|2363085522|ref|NR_181010.1|	87.202	461	40	7	6	448	297	756	3.72e-143	507	2786956
39725b05d484abd5c7404f50bfefc092	gi|219846519|ref|NR_026111.1|	99.003	301	3	0	164	464	503	803	3.81e-153	540	33025
39725b05d484abd5c7404f50bfefc092	gi|631251704|ref|NR_112902.1|	94.534	311	17	0	154	464	581	891	2.34e-135	481	626940
39725b05d484abd5c7404f50bfefc092	gi|3248465909|ref|NR_201924.1|	95.050	303	11	4	164	464	497	797	3.92e-133	473	3456956
39725b05d484abd5c7404f50bfefc092	gi|2363082805|ref|NR_179651.1|	94.719	303	12	4	164	464	514	814	1.82e-131	468	2058289
39725b05d484abd5c7404f50bfefc092	gi|2363082609|ref|NR_179551.1|	94.719	303	12	4	164	464	509	809	1.82e-131	468	1871002
39725b05d484abd5c7404f50bfefc092	gi|2621112327|ref|NR_189230.1|	94.719	303	12	4	164	464	462	762	1.82e-131	468	2897706
39725b05d484abd5c7404f50bfefc092	gi|444439613|ref|NR_074928.1|	94.719	303	12	4	164	464	509	809	1.82e-131	468	591001
39725b05d484abd5c7404f50bfefc092	gi|343198461|ref|NR_041894.1|	94.719	303	12	4	164	464	450	750	1.82e-131	468	187327
39725b05d484abd5c7404f50bfefc092	gi|310975154|ref|NR_037018.1|	94.719	303	12	4	164	464	496	796	1.82e-131	468	905
39725b05d484abd5c7404f50bfefc092	gi|2363082575|ref|NR_179534.1|	94.389	303	13	4	164	464	509	809	8.48e-130	462	1852375
7d00b293135bc7b51abf52ca188ca6f9	gi|1491509587|ref|NR_159118.1|	99.338	302	2	0	170	471	468	769	2.31e-155	547	28116
7d00b293135bc7b51abf52ca188ca6f9	gi|1491509586|ref|NR_159117.1|	99.338	302	2	0	170	471	459	760	2.31e-155	547	28116
7d00b293135bc7b51abf52ca188ca6f9	gi|631251742|ref|NR_112940.1|	99.007	302	3	0	170	471	485	786	1.08e-153	542	28116
7d00b293135bc7b51abf52ca188ca6f9	gi|636560121|ref|NR_116181.1|	99.007	302	3	0	170	471	490	791	1.08e-153	542	28116
7d00b293135bc7b51abf52ca188ca6f9	gi|636559244|ref|NR_115301.1|	99.007	302	3	0	170	471	478	779	1.08e-153	542	28116
7d00b293135bc7b51abf52ca188ca6f9	gi|645322410|ref|NR_119165.1|	98.675	302	4	0	170	471	477	778	3.87e-153	540	28116
7d00b293135bc7b51abf52ca188ca6f9	gi|631251749|ref|NR_112947.1|	98.675	302	4	0	170	471	484	785	5.00e-152	536	657309
7d00b293135bc7b51abf52ca188ca6f9	gi|343201773|ref|NR_042499.1|	98.675	302	4	0	170	471	452	753	5.00e-152	536	657309
7d00b293135bc7b51abf52ca188ca6f9	gi|1109168015|ref|NR_144606.1|	98.344	302	5	0	170	471	498	799	2.33e-150	531	1796613
7d00b293135bc7b51abf52ca188ca6f9	gi|2363084431|ref|NR_180463.1|	98.344	302	5	0	170	471	498	799	2.33e-150	531	2650158
8fc6a57141e06d062f16040f7d75e7b7	gi|1116030290|ref|NR_144748.1|	95.900	439	18	0	6	444	335	773	0.0	712	2897707
8fc6a57141e06d062f16040f7d75e7b7	gi|343202572|ref|NR_042930.1|	91.591	440	35	2	6	444	366	804	3.53e-173	606	258515
8fc6a57141e06d062f16040f7d75e7b7	gi|228717037|ref|NR_027558.1|	91.344	439	38	0	6	444	292	730	1.64e-171	601	169435
8fc6a57141e06d062f16040f7d75e7b7	gi|1193829155|ref|NR_147398.1|	91.116	439	39	0	6	444	351	789	7.65e-170	595	1720200
8fc6a57141e06d062f16040f7d75e7b7	gi|2363082711|ref|NR_179603.1|	91.116	439	39	0	6	444	317	755	7.65e-170	595	1944642
8fc6a57141e06d062f16040f7d75e7b7	gi|2363082340|ref|NR_179417.1|	90.888	439	40	0	6	444	345	783	3.56e-168	590	1673720
8fc6a57141e06d062f16040f7d75e7b7	gi|2363082755|ref|NR_179626.1|	89.977	439	44	0	6	444	351	789	1.67e-161	568	1987501
8fc6a57141e06d062f16040f7d75e7b7	gi|2363082585|ref|NR_179539.1|	89.977	439	44	0	6	444	351	789	1.67e-161	568	1852384
8fc6a57141e06d062f16040f7d75e7b7	gi|2363082601|ref|NR_179547.1|	89.773	440	44	1	6	444	347	786	7.76e-160	562	1870991
8fc6a57141e06d062f16040f7d75e7b7	gi|2363082625|ref|NR_179559.1|	89.569	441	44	2	6	444	333	773	1.00e-158	558	1871018
e2715b9e2fdddd4827a8a37267e85fba	gi|2363083601|ref|NR_180048.1|	96.626	326	11	0	146	471	452	777	1.08e-153	542	253257
e2715b9e2fdddd4827a8a37267e85fba	gi|2962412268|ref|NR_199462.1|	96.626	326	11	0	146	471	417	742	1.08e-153	542	3111456
e2715b9e2fdddd4827a8a37267e85fba	gi|2363082679|ref|NR_179587.1|	96.626	326	11	0	146	471	442	767	1.08e-153	542	1926283
e2715b9e2fdddd4827a8a37267e85fba	gi|2363081854|ref|NR_179173.1|	96.626	326	11	0	146	471	447	772	1.08e-153	542	2126740
e2715b9e2fdddd4827a8a37267e85fba	gi|636559154|ref|NR_115211.1|	96.626	326	11	0	146	471	447	772	1.08e-153	542	253257
e2715b9e2fdddd4827a8a37267e85fba	gi|1193829153|ref|NR_147396.1|	96.319	326	12	0	146	471	442	767	5.00e-152	536	1917870
e2715b9e2fdddd4827a8a37267e85fba	gi|2363085097|ref|NR_180797.1|	96.319	326	12	0	146	471	460	785	5.00e-152	536	2605778
e2715b9e2fdddd4827a8a37267e85fba	gi|2363080309|ref|NR_178380.1|	96.319	326	12	0	146	471	464	789	5.00e-152	536	253257
e2715b9e2fdddd4827a8a37267e85fba	gi|219846901|ref|NR_026493.1|	96.319	326	12	0	146	471	452	777	5.00e-152	536	69825
e2715b9e2fdddd4827a8a37267e85fba	gi|2363082819|ref|NR_179658.1|	96.012	326	13	0	146	471	467	792	2.33e-150	531	2086584
bdce0ddc637604300ec1c2a8dd64e07e	gi|343198636|ref|NR_043142.1|	95.495	444	19	1	6	449	323	765	0.0	708	292800
bdce0ddc637604300ec1c2a8dd64e07e	gi|265679048|ref|NR_029356.1|	95.495	444	19	1	6	449	336	778	0.0	708	292800
bdce0ddc637604300ec1c2a8dd64e07e	gi|2363084741|ref|NR_180619.1|	93.694	444	27	1	6	449	347	789	0.0	664	2779352
bdce0ddc637604300ec1c2a8dd64e07e	gi|2363082326|ref|NR_179410.1|	93.018	444	30	1	6	449	349	791	0.0	647	1650661
bdce0ddc637604300ec1c2a8dd64e07e	gi|219846080|ref|NR_025670.1|	92.793	444	31	1	6	449	329	771	0.0	641	411467
bdce0ddc637604300ec1c2a8dd64e07e	gi|2136551692|ref|NR_173697.1|	92.342	444	32	2	6	449	349	790	2.12e-180	630	2108523
bdce0ddc637604300ec1c2a8dd64e07e	gi|3030611323|ref|NR_199999.1|	92.342	444	33	1	6	449	301	743	2.12e-180	630	3133422
bdce0ddc637604300ec1c2a8dd64e07e	gi|2363082358|ref|NR_179426.1|	92.342	444	33	1	6	449	349	791	2.12e-180	630	1702285
bdce0ddc637604300ec1c2a8dd64e07e	gi|1193829127|ref|NR_147370.1|	92.117	444	34	1	6	449	349	791	9.87e-179	625	1870988
bdce0ddc637604300ec1c2a8dd64e07e	gi|645321636|ref|NR_118554.1|	91.892	444	35	1	6	449	329	771	4.59e-177	619	1297617
46e95d25bbb4cecc989c1c75b2d6562d	gi|961555005|ref|NR_133972.1|	98.438	448	6	1	6	452	281	728	0.0	787	1393034
46e95d25bbb4cecc989c1c75b2d6562d	gi|645320597|ref|NR_117765.1|	97.763	447	10	0	6	452	317	763	0.0	771	1381
46e95d25bbb4cecc989c1c75b2d6562d	gi|645319533|ref|NR_116940.1|	97.763	447	10	0	6	452	313	759	0.0	771	1381
46e95d25bbb4cecc989c1c75b2d6562d	gi|343206246|ref|NR_044838.1|	97.763	447	10	0	6	452	341	787	0.0	771	1381
46e95d25bbb4cecc989c1c75b2d6562d	gi|343206064|ref|NR_044646.1|	95.100	449	19	3	6	452	341	788	0.0	725	39487
46e95d25bbb4cecc989c1c75b2d6562d	gi|507148129|ref|NR_102936.1|	94.407	447	22	2	6	452	331	774	0.0	684	521095
46e95d25bbb4cecc989c1c75b2d6562d	gi|631251961|ref|NR_113159.1|	94.407	447	22	2	6	452	331	774	0.0	684	521095
46e95d25bbb4cecc989c1c75b2d6562d	gi|219846501|ref|NR_026093.1|	94.407	447	22	2	6	452	238	681	0.0	684	1382
46e95d25bbb4cecc989c1c75b2d6562d	gi|631251840|ref|NR_113038.1|	94.183	447	23	2	6	452	332	775	0.0	678	1383
46e95d25bbb4cecc989c1c75b2d6562d	gi|310974955|ref|NR_036819.1|	94.183	447	23	2	6	452	312	755	0.0	678	1383
55274d6e1ee7a42e0e0ee734f2c07e50	gi|444304091|ref|NR_074515.1|	87.284	464	51	7	6	465	350	809	3.84e-148	523	435590
55274d6e1ee7a42e0e0ee734f2c07e50	gi|631251748|ref|NR_112946.1|	87.284	464	51	7	6	465	339	798	3.84e-148	523	821
55274d6e1ee7a42e0e0ee734f2c07e50	gi|631250946|ref|NR_112143.1|	87.069	464	52	7	6	465	307	766	1.79e-146	518	821
55274d6e1ee7a42e0e0ee734f2c07e50	gi|343200664|ref|NR_041351.1|	86.853	464	53	7	6	465	341	800	8.32e-145	512	357276
55274d6e1ee7a42e0e0ee734f2c07e50	gi|2363082547|ref|NR_179520.1|	85.498	462	63	4	6	465	314	773	8.44e-135	479	1841855
55274d6e1ee7a42e0e0ee734f2c07e50	gi|2363086250|ref|NR_181377.1|	84.165	461	71	2	6	465	343	802	8.56e-125	446	2763138
55274d6e1ee7a42e0e0ee734f2c07e50	gi|631251871|ref|NR_113069.1|	84.199	462	69	4	6	465	336	795	8.56e-125	446	477666
55274d6e1ee7a42e0e0ee734f2c07e50	gi|343200955|ref|NR_041642.1|	84.199	462	69	4	6	465	302	761	8.56e-125	446	477666
55274d6e1ee7a42e0e0ee734f2c07e50	gi|1397641798|ref|NR_156907.1|	92.384	302	23	0	164	465	486	787	2.40e-120	431	1912855
55274d6e1ee7a42e0e0ee734f2c07e50	gi|1269806089|ref|NR_074784.2|	83.550	462	72	4	6	465	345	804	8.62e-120	429	272559
24bfa07a71d33be39b1b8391c8ba0a14	gi|343198636|ref|NR_043142.1|	93.679	443	28	0	6	448	323	765	0.0	664	292800
24bfa07a71d33be39b1b8391c8ba0a14	gi|265679048|ref|NR_029356.1|	93.679	443	28	0	6	448	336	778	0.0	664	292800
24bfa07a71d33be39b1b8391c8ba0a14	gi|645321636|ref|NR_118554.1|	92.551	443	33	0	6	448	329	771	0.0	636	1297617
24bfa07a71d33be39b1b8391c8ba0a14	gi|2363084741|ref|NR_180619.1|	91.874	443	36	0	6	448	347	789	4.58e-177	619	2779352
24bfa07a71d33be39b1b8391c8ba0a14	gi|2363082352|ref|NR_179423.1|	91.441	444	36	2	6	448	349	791	9.92e-174	608	1689270
24bfa07a71d33be39b1b8391c8ba0a14	gi|2136551692|ref|NR_173697.1|	91.422	443	37	1	6	448	349	790	3.57e-173	606	2108523
24bfa07a71d33be39b1b8391c8ba0a14	gi|2363082358|ref|NR_179426.1|	90.971	443	40	0	6	448	349	791	2.15e-170	597	1702285
24bfa07a71d33be39b1b8391c8ba0a14	gi|1109168025|ref|NR_144611.1|	90.971	443	40	0	6	448	282	724	2.15e-170	597	1417852
24bfa07a71d33be39b1b8391c8ba0a14	gi|219846612|ref|NR_026204.1|	90.541	444	40	2	6	448	328	770	1.29e-167	588	47246
24bfa07a71d33be39b1b8391c8ba0a14	gi|3030611324|ref|NR_200000.1|	90.519	443	42	0	6	448	301	743	4.65e-167	586	3342383
b1833e3dda4b9e63dbad84297f93223d	gi|2363082603|ref|NR_179548.1|	94.118	442	23	3	6	446	348	787	0.0	671	1870993
b1833e3dda4b9e63dbad84297f93223d	gi|636560687|ref|NR_116747.1|	94.118	442	23	3	6	446	301	740	0.0	669	1298596
b1833e3dda4b9e63dbad84297f93223d	gi|265678940|ref|NR_029248.1|	93.891	442	22	5	6	446	349	786	0.0	664	500632
b1833e3dda4b9e63dbad84297f93223d	gi|3248465636|ref|NR_201647.1|	93.694	444	21	7	6	446	300	739	0.0	658	3380806
b1833e3dda4b9e63dbad84297f93223d	gi|343198924|ref|NR_044048.1|	93.694	444	21	7	6	446	328	767	0.0	658	470146
b1833e3dda4b9e63dbad84297f93223d	gi|2363084846|ref|NR_180671.1|	93.439	442	26	3	6	446	63	502	0.0	652	2594882
b1833e3dda4b9e63dbad84297f93223d	gi|2363082374|ref|NR_179434.1|	93.424	441	28	1	6	446	349	788	0.0	652	1720300
b1833e3dda4b9e63dbad84297f93223d	gi|2363086282|ref|NR_181393.1|	93.468	444	22	7	6	446	290	729	0.0	652	2763664
b1833e3dda4b9e63dbad84297f93223d	gi|310974914|ref|NR_036777.1|	93.394	439	28	1	6	444	333	770	0.0	651	33039
b1833e3dda4b9e63dbad84297f93223d	gi|2363085169|ref|NR_180833.1|	93.213	442	27	3	6	446	337	776	0.0	647	2606635
283e14fb879b6b4a8ebb5915dffca8e9	gi|219846519|ref|NR_026111.1|	90.987	466	41	1	6	471	339	803	2.89e-179	627	33025
283e14fb879b6b4a8ebb5915dffca8e9	gi|2363082047|ref|NR_179270.1|	86.111	468	61	4	6	471	326	791	1.41e-142	505	2654621
283e14fb879b6b4a8ebb5915dffca8e9	gi|631251704|ref|NR_112902.1|	85.867	467	63	3	6	471	427	891	3.05e-139	494	626940
283e14fb879b6b4a8ebb5915dffca8e9	gi|2621112342|ref|NR_189246.1|	84.255	470	65	8	6	471	350	814	6.71e-126	449	3054208
283e14fb879b6b4a8ebb5915dffca8e9	gi|2363082805|ref|NR_179651.1|	84.255	470	65	9	6	471	350	814	6.71e-126	449	2058289
283e14fb879b6b4a8ebb5915dffca8e9	gi|2621112327|ref|NR_189230.1|	84.255	470	65	9	6	471	298	762	6.71e-126	449	2897706
283e14fb879b6b4a8ebb5915dffca8e9	gi|343198461|ref|NR_041894.1|	84.188	468	69	5	6	471	286	750	6.71e-126	449	187327
283e14fb879b6b4a8ebb5915dffca8e9	gi|265678536|ref|NR_028840.1|	84.222	469	67	7	6	471	345	809	6.71e-126	449	187979
283e14fb879b6b4a8ebb5915dffca8e9	gi|219878279|ref|NR_025418.1|	84.348	460	68	4	6	463	343	800	2.41e-125	448	112903
283e14fb879b6b4a8ebb5915dffca8e9	gi|636558560|ref|NR_114617.1|	83.940	467	72	3	6	471	351	815	3.12e-124	444	86957
74423f1e060abbec899fd42e1dc19d5f	gi|2363082603|ref|NR_179548.1|	95.016	321	16	0	145	465	467	787	1.39e-142	505	1870993
74423f1e060abbec899fd42e1dc19d5f	gi|265678940|ref|NR_029248.1|	95.016	321	14	2	145	465	468	786	5.01e-142	503	500632
74423f1e060abbec899fd42e1dc19d5f	gi|645319776|ref|NR_117142.1|	96.026	302	12	0	164	465	485	786	1.08e-138	492	290055
74423f1e060abbec899fd42e1dc19d5f	gi|645319775|ref|NR_117141.1|	96.026	302	12	0	164	465	485	786	1.08e-138	492	290055
74423f1e060abbec899fd42e1dc19d5f	gi|645319774|ref|NR_117140.1|	96.026	302	12	0	164	465	486	787	1.08e-138	492	290055
74423f1e060abbec899fd42e1dc19d5f	gi|559795211|ref|NR_104800.1|	96.026	302	12	0	164	465	484	785	1.08e-138	492	290055
74423f1e060abbec899fd42e1dc19d5f	gi|645320334|ref|NR_117563.1|	96.026	302	12	0	164	465	489	790	1.08e-138	492	290055
74423f1e060abbec899fd42e1dc19d5f	gi|645319781|ref|NR_117147.1|	95.695	302	13	0	164	465	484	785	5.04e-137	486	39482
74423f1e060abbec899fd42e1dc19d5f	gi|559795214|ref|NR_104803.1|	95.695	302	13	0	164	465	481	782	5.04e-137	486	39482
74423f1e060abbec899fd42e1dc19d5f	gi|1146059112|ref|NR_145844.1|	85.776	464	56	10	7	465	340	798	6.52e-136	483	1411144
