61d6da30a40b037d47be98c5285c0439	gi|2363085169|ref|NR_180833.1|	99.318	440	3	0	1	440	337	776	0.0	797	2606635
61d6da30a40b037d47be98c5285c0439	gi|559795307|ref|NR_104899.1|	97.273	440	12	0	1	440	328	767	0.0	747	384636
61d6da30a40b037d47be98c5285c0439	gi|310975204|ref|NR_037068.1|	97.273	440	12	0	1	440	341	780	0.0	747	29375
61d6da30a40b037d47be98c5285c0439	gi|2363082679|ref|NR_179587.1|	97.045	440	13	0	1	440	328	767	0.0	741	1926283
61d6da30a40b037d47be98c5285c0439	gi|1384992332|ref|NR_156081.1|	97.045	440	13	0	1	440	336	775	0.0	741	1469948
61d6da30a40b037d47be98c5285c0439	gi|1384992329|ref|NR_156078.1|	97.045	440	13	0	1	440	336	775	0.0	741	1469948
61d6da30a40b037d47be98c5285c0439	gi|2363081854|ref|NR_179173.1|	97.045	440	13	0	1	440	333	772	0.0	741	2126740
61d6da30a40b037d47be98c5285c0439	gi|645322280|ref|NR_119068.1|	97.045	440	12	1	1	440	315	753	0.0	739	36832
61d6da30a40b037d47be98c5285c0439	gi|3030611230|ref|NR_199906.1|	96.818	440	14	0	1	440	354	793	0.0	736	3123317
61d6da30a40b037d47be98c5285c0439	gi|3030611314|ref|NR_199990.1|	96.818	440	14	0	1	440	350	789	0.0	736	3123317
8c1f1f78e50d74c76d6d218e9c03625c	gi|343200591|ref|NR_041278.1|	99.130	460	4	0	1	460	339	798	0.0	828	470145
8c1f1f78e50d74c76d6d218e9c03625c	gi|2221405488|ref|NR_175548.1|	94.372	462	22	4	1	460	346	805	0.0	706	2739389
8c1f1f78e50d74c76d6d218e9c03625c	gi|2363082641|ref|NR_179567.1|	93.478	460	30	0	1	460	339	798	0.0	686	1907658
8c1f1f78e50d74c76d6d218e9c03625c	gi|2363082635|ref|NR_179564.1|	93.506	462	26	4	1	460	338	797	0.0	684	1903262
8c1f1f78e50d74c76d6d218e9c03625c	gi|1116030286|ref|NR_144744.1|	93.261	460	31	0	1	460	339	798	0.0	680	1841856
8c1f1f78e50d74c76d6d218e9c03625c	gi|631251740|ref|NR_112938.1|	93.074	462	28	4	1	460	326	785	0.0	673	204516
8c1f1f78e50d74c76d6d218e9c03625c	gi|343200590|ref|NR_041277.1|	93.043	460	32	0	1	460	339	798	0.0	673	484018
8c1f1f78e50d74c76d6d218e9c03625c	gi|343198509|ref|NR_042745.1|	93.074	462	28	4	1	460	338	797	0.0	673	204516
8c1f1f78e50d74c76d6d218e9c03625c	gi|1146059112|ref|NR_145844.1|	92.842	461	31	2	1	460	339	798	0.0	667	1411144
8c1f1f78e50d74c76d6d218e9c03625c	gi|2363086254|ref|NR_181379.1|	92.842	461	31	2	1	460	341	800	0.0	667	2725562
506953698fa804687501ea319a463c60	gi|631251734|ref|NR_112932.1|	98.913	460	5	0	1	460	328	787	0.0	822	47678
506953698fa804687501ea319a463c60	gi|219846650|ref|NR_026242.1|	98.913	460	5	0	1	460	318	777	0.0	822	47678
506953698fa804687501ea319a463c60	gi|631251869|ref|NR_113067.1|	97.174	460	13	0	1	460	325	784	0.0	778	1077285
506953698fa804687501ea319a463c60	gi|343200626|ref|NR_041313.1|	97.174	460	13	0	1	460	340	799	0.0	778	338188
506953698fa804687501ea319a463c60	gi|645320100|ref|NR_117387.1|	96.957	460	14	0	1	460	320	779	0.0	773	1077285
506953698fa804687501ea319a463c60	gi|631251749|ref|NR_112947.1|	96.739	460	15	0	1	460	326	785	0.0	769	657309
506953698fa804687501ea319a463c60	gi|2363084431|ref|NR_180463.1|	96.739	460	15	0	1	460	340	799	0.0	767	2650158
506953698fa804687501ea319a463c60	gi|2363084421|ref|NR_180458.1|	96.739	460	15	0	1	460	340	799	0.0	767	2650157
506953698fa804687501ea319a463c60	gi|343201773|ref|NR_042499.1|	96.739	460	15	0	1	460	294	753	0.0	767	657309
506953698fa804687501ea319a463c60	gi|343200620|ref|NR_041307.1|	96.739	460	15	0	1	460	334	793	0.0	767	329854
ae72b09db807d5d5b86a2e56d2bedbc6	gi|343198540|ref|NR_042832.1|	99.546	441	2	0	1	441	330	770	0.0	804	301302
ae72b09db807d5d5b86a2e56d2bedbc6	gi|444439494|ref|NR_074809.1|	98.639	441	6	0	1	441	350	790	0.0	782	585394
ae72b09db807d5d5b86a2e56d2bedbc6	gi|645320588|ref|NR_117758.1|	98.643	442	5	1	1	441	322	763	0.0	782	166486
ae72b09db807d5d5b86a2e56d2bedbc6	gi|228716944|ref|NR_027557.1|	98.643	442	5	1	1	441	343	784	0.0	782	536231
ae72b09db807d5d5b86a2e56d2bedbc6	gi|444304209|ref|NR_074634.1|	98.413	441	6	1	1	441	350	789	0.0	774	515619
ae72b09db807d5d5b86a2e56d2bedbc6	gi|343201282|ref|NR_042008.1|	98.413	441	6	1	1	441	341	780	0.0	774	585394
ae72b09db807d5d5b86a2e56d2bedbc6	gi|1227086116|ref|NR_148619.1|	97.964	442	8	1	1	441	301	742	0.0	765	1712665
ae72b09db807d5d5b86a2e56d2bedbc6	gi|343201281|ref|NR_042007.1|	97.748	444	5	5	1	441	343	784	0.0	760	622312
ae72b09db807d5d5b86a2e56d2bedbc6	gi|2363086282|ref|NR_181393.1|	97.506	441	10	1	1	441	290	729	0.0	752	2763664
ae72b09db807d5d5b86a2e56d2bedbc6	gi|2363085153|ref|NR_180825.1|	97.279	441	12	0	1	441	347	787	0.0	749	2605790
7f9076c85cd2b6b97e4626ba7b8d821c	gi|631252157|ref|NR_113355.1|	99.355	465	3	0	1	465	356	820	0.0	843	218538
7f9076c85cd2b6b97e4626ba7b8d821c	gi|219846090|ref|NR_025680.1|	99.355	465	3	0	1	465	336	800	0.0	843	592028
7f9076c85cd2b6b97e4626ba7b8d821c	gi|343198671|ref|NR_043231.1|	94.850	466	22	2	1	465	283	747	0.0	726	308994
7f9076c85cd2b6b97e4626ba7b8d821c	gi|631252159|ref|NR_113357.1|	94.647	467	22	3	1	465	356	821	0.0	721	308994
7f9076c85cd2b6b97e4626ba7b8d821c	gi|343200979|ref|NR_041666.1|	93.978	465	28	0	1	465	336	800	0.0	704	742743
7f9076c85cd2b6b97e4626ba7b8d821c	gi|2363082841|ref|NR_179669.1|	93.790	467	25	4	1	465	360	824	0.0	699	2161821
7f9076c85cd2b6b97e4626ba7b8d821c	gi|2363082109|ref|NR_179301.1|	93.790	467	25	4	1	465	344	808	0.0	699	2582419
7f9076c85cd2b6b97e4626ba7b8d821c	gi|631252158|ref|NR_113356.1|	93.133	466	29	3	1	465	355	818	0.0	680	309120
7f9076c85cd2b6b97e4626ba7b8d821c	gi|343198462|ref|NR_041895.1|	93.133	466	29	3	1	465	296	759	0.0	680	888062
7f9076c85cd2b6b97e4626ba7b8d821c	gi|219846637|ref|NR_026229.1|	91.667	468	33	4	1	465	336	800	0.0	643	39950
c55dc26124bd3d4c33cd323ad815bd76	gi|444304209|ref|NR_074634.1|	99.318	440	3	0	1	440	350	789	0.0	797	515619
c55dc26124bd3d4c33cd323ad815bd76	gi|343198540|ref|NR_042832.1|	98.186	441	7	1	1	440	330	770	0.0	769	301302
c55dc26124bd3d4c33cd323ad815bd76	gi|1227086116|ref|NR_148619.1|	97.738	442	8	2	1	440	301	742	0.0	760	1712665
c55dc26124bd3d4c33cd323ad815bd76	gi|645320588|ref|NR_117758.1|	97.285	442	10	1	1	440	322	763	0.0	749	166486
c55dc26124bd3d4c33cd323ad815bd76	gi|228716944|ref|NR_027557.1|	97.285	442	10	1	1	440	343	784	0.0	749	536231
c55dc26124bd3d4c33cd323ad815bd76	gi|444439494|ref|NR_074809.1|	97.279	441	11	1	1	440	350	790	0.0	747	585394
c55dc26124bd3d4c33cd323ad815bd76	gi|343201282|ref|NR_042008.1|	97.052	441	11	2	1	440	341	780	0.0	741	585394
c55dc26124bd3d4c33cd323ad815bd76	gi|2363085153|ref|NR_180825.1|	96.825	441	13	1	1	440	347	787	0.0	736	2605790
c55dc26124bd3d4c33cd323ad815bd76	gi|219846723|ref|NR_026315.1|	96.818	440	14	0	1	440	317	756	0.0	736	46206
c55dc26124bd3d4c33cd323ad815bd76	gi|2363086282|ref|NR_181393.1|	96.591	440	15	0	1	440	290	729	0.0	730	2763664
f241c64cb46859d4f9bb386bb1f0d93a	gi|265678656|ref|NR_028961.1|	99.091	440	4	0	1	440	327	766	0.0	791	853
f241c64cb46859d4f9bb386bb1f0d93a	gi|2363081451|ref|NR_178972.1|	98.864	440	5	0	1	440	285	724	0.0	785	1851428
f241c64cb46859d4f9bb386bb1f0d93a	gi|2363080123|ref|NR_178280.1|	98.864	440	5	0	1	440	331	770	0.0	785	411483
f241c64cb46859d4f9bb386bb1f0d93a	gi|3030611269|ref|NR_199945.1|	98.636	440	6	0	1	440	335	774	0.0	780	3435293
f241c64cb46859d4f9bb386bb1f0d93a	gi|2363081449|ref|NR_178971.1|	99.072	431	4	0	1	431	285	715	0.0	774	1851427
f241c64cb46859d4f9bb386bb1f0d93a	gi|2363082282|ref|NR_179388.1|	98.186	441	6	2	1	440	335	774	0.0	769	2935520
f241c64cb46859d4f9bb386bb1f0d93a	gi|2363080175|ref|NR_178311.1|	96.591	440	15	0	1	440	412	851	0.0	730	2903556
f241c64cb46859d4f9bb386bb1f0d93a	gi|1397641802|ref|NR_156911.1|	92.500	440	33	0	1	440	351	790	2.07e-180	630	1650663
f241c64cb46859d4f9bb386bb1f0d93a	gi|2363084747|ref|NR_180622.1|	92.517	441	31	2	1	440	335	774	2.07e-180	630	2779354
f241c64cb46859d4f9bb386bb1f0d93a	gi|2363082356|ref|NR_179425.1|	92.500	440	33	0	1	440	351	790	2.07e-180	630	1689304
6932732515cb7a7763e958f0bf6b9827	gi|2363084629|ref|NR_180563.1|	88.713	443	47	3	1	441	291	732	1.29e-152	538	2488810
6932732515cb7a7763e958f0bf6b9827	gi|672238876|ref|NR_125464.1|	88.713	443	47	3	1	441	325	766	1.29e-152	538	1297424
6932732515cb7a7763e958f0bf6b9827	gi|785794309|ref|NG_041947.1|	88.514	444	47	4	1	441	469	911	1.67e-151	534	394503
6932732515cb7a7763e958f0bf6b9827	gi|785497611|ref|NR_102768.2|	88.514	444	47	4	1	441	330	772	1.67e-151	534	1521
6932732515cb7a7763e958f0bf6b9827	gi|219846510|ref|NR_026102.1|	88.488	443	48	3	1	441	313	754	6.02e-151	532	588581
6932732515cb7a7763e958f0bf6b9827	gi|3030611263|ref|NR_199939.1|	88.462	442	48	3	1	441	332	771	2.17e-150	531	3074434
6932732515cb7a7763e958f0bf6b9827	gi|672239088|ref|NR_125677.1|	88.488	443	46	5	1	441	346	785	2.17e-150	531	1348613
6932732515cb7a7763e958f0bf6b9827	gi|343200810|ref|NR_041497.1|	88.288	444	48	4	1	441	293	735	7.79e-150	529	396504
6932732515cb7a7763e958f0bf6b9827	gi|645319803|ref|NR_117165.1|	88.262	443	49	3	1	441	476	917	2.80e-149	527	48256
6932732515cb7a7763e958f0bf6b9827	gi|645319802|ref|NR_117164.1|	88.262	443	49	3	1	441	476	917	2.80e-149	527	48256
3acb899e77ef5448ce27be7e214380e0	gi|559795255|ref|NR_104846.1|	99.318	440	3	0	1	440	288	727	0.0	797	745368
3acb899e77ef5448ce27be7e214380e0	gi|265678692|ref|NR_028997.1|	98.413	441	6	1	1	440	303	743	0.0	774	214851
3acb899e77ef5448ce27be7e214380e0	gi|2363084747|ref|NR_180622.1|	94.545	440	24	0	1	440	335	774	0.0	680	2779354
3acb899e77ef5448ce27be7e214380e0	gi|1277396189|ref|NR_151900.1|	93.636	440	28	0	1	440	351	790	0.0	658	1550024
3acb899e77ef5448ce27be7e214380e0	gi|1397641802|ref|NR_156911.1|	93.409	440	29	0	1	440	351	790	0.0	652	1650663
3acb899e77ef5448ce27be7e214380e0	gi|2363080123|ref|NR_178280.1|	92.727	440	32	0	1	440	331	770	0.0	636	411483
3acb899e77ef5448ce27be7e214380e0	gi|3030611269|ref|NR_199945.1|	92.500	440	33	0	1	440	335	774	2.07e-180	630	3435293
3acb899e77ef5448ce27be7e214380e0	gi|2363082356|ref|NR_179425.1|	92.517	441	31	2	1	440	351	790	2.07e-180	630	1689304
3acb899e77ef5448ce27be7e214380e0	gi|2363082282|ref|NR_179388.1|	92.500	440	33	0	1	440	335	774	2.07e-180	630	2935520
3acb899e77ef5448ce27be7e214380e0	gi|265678656|ref|NR_028961.1|	92.500	440	33	0	1	440	327	766	2.07e-180	630	853
419451a645fa2c5fdf562dcb06e3d0c6	gi|2363082679|ref|NR_179587.1|	96.591	440	15	0	1	440	328	767	0.0	730	1926283
419451a645fa2c5fdf562dcb06e3d0c6	gi|1384992332|ref|NR_156081.1|	96.591	440	15	0	1	440	336	775	0.0	730	1469948
419451a645fa2c5fdf562dcb06e3d0c6	gi|1384992329|ref|NR_156078.1|	96.591	440	15	0	1	440	336	775	0.0	730	1469948
419451a645fa2c5fdf562dcb06e3d0c6	gi|2363081854|ref|NR_179173.1|	96.591	440	15	0	1	440	333	772	0.0	730	2126740
419451a645fa2c5fdf562dcb06e3d0c6	gi|3030611230|ref|NR_199906.1|	96.364	440	16	0	1	440	354	793	0.0	725	3123317
419451a645fa2c5fdf562dcb06e3d0c6	gi|3030611314|ref|NR_199990.1|	96.364	440	16	0	1	440	350	789	0.0	725	3123317
419451a645fa2c5fdf562dcb06e3d0c6	gi|1384992331|ref|NR_156080.1|	96.364	440	16	0	1	440	336	775	0.0	725	1469948
419451a645fa2c5fdf562dcb06e3d0c6	gi|1384992328|ref|NR_156077.1|	96.364	440	16	0	1	440	336	775	0.0	725	1469948
419451a645fa2c5fdf562dcb06e3d0c6	gi|631253128|ref|NR_114326.1|	96.136	440	17	0	1	440	334	773	0.0	719	1150298
419451a645fa2c5fdf562dcb06e3d0c6	gi|2363087259|ref|NR_181885.1|	95.682	440	19	0	1	440	335	774	0.0	710	2885351
f183e1e707b689f0e4d44637495f02e9	gi|2363082157|ref|NR_179325.1|	99.570	465	2	0	1	465	300	764	0.0	848	2682456
f183e1e707b689f0e4d44637495f02e9	gi|343201163|ref|NR_041879.1|	99.570	465	2	0	1	465	283	747	0.0	848	39778
f183e1e707b689f0e4d44637495f02e9	gi|636559298|ref|NR_115355.1|	99.570	465	2	0	1	465	326	790	0.0	848	39778
f183e1e707b689f0e4d44637495f02e9	gi|645322415|ref|NR_119169.1|	99.355	465	3	0	1	465	331	795	0.0	845	39778
f183e1e707b689f0e4d44637495f02e9	gi|631252372|ref|NR_113570.1|	98.710	465	6	0	1	465	333	797	0.0	826	1110546
f183e1e707b689f0e4d44637495f02e9	gi|1679775917|ref|NR_163639.1|	98.712	466	2	4	1	465	345	807	0.0	824	1911679
f183e1e707b689f0e4d44637495f02e9	gi|444439665|ref|NR_074980.1|	98.495	465	7	0	1	465	353	817	0.0	821	479436
f183e1e707b689f0e4d44637495f02e9	gi|631251833|ref|NR_113031.1|	98.495	465	7	0	1	465	353	817	0.0	821	29466
f183e1e707b689f0e4d44637495f02e9	gi|645322414|ref|NR_119168.1|	98.495	465	7	0	1	465	331	795	0.0	821	479436
f183e1e707b689f0e4d44637495f02e9	gi|645320589|ref|NR_117759.1|	98.280	465	8	0	1	465	329	793	0.0	817	479436
9e73714674d275dad82c49db3dceff3b	gi|265678656|ref|NR_028961.1|	99.318	440	3	0	1	440	327	766	0.0	797	853
9e73714674d275dad82c49db3dceff3b	gi|2363081451|ref|NR_178972.1|	99.091	440	4	0	1	440	285	724	0.0	791	1851428
9e73714674d275dad82c49db3dceff3b	gi|2363080123|ref|NR_178280.1|	99.091	440	4	0	1	440	331	770	0.0	791	411483
9e73714674d275dad82c49db3dceff3b	gi|3030611269|ref|NR_199945.1|	98.864	440	5	0	1	440	335	774	0.0	785	3435293
9e73714674d275dad82c49db3dceff3b	gi|2363081449|ref|NR_178971.1|	98.864	440	4	1	1	440	285	723	0.0	784	1851427
9e73714674d275dad82c49db3dceff3b	gi|2363082282|ref|NR_179388.1|	98.413	441	5	2	1	440	335	774	0.0	774	2935520
9e73714674d275dad82c49db3dceff3b	gi|2363080175|ref|NR_178311.1|	96.818	440	14	0	1	440	412	851	0.0	736	2903556
9e73714674d275dad82c49db3dceff3b	gi|1397641802|ref|NR_156911.1|	92.727	440	32	0	1	440	351	790	0.0	636	1650663
9e73714674d275dad82c49db3dceff3b	gi|2363084747|ref|NR_180622.1|	92.744	441	30	2	1	440	335	774	0.0	636	2779354
9e73714674d275dad82c49db3dceff3b	gi|2363082356|ref|NR_179425.1|	92.727	440	32	0	1	440	351	790	0.0	636	1689304
b057acd9e3441d55967abe8f949d6a65	gi|2621112340|ref|NR_189244.1|	95.701	442	19	0	1	442	363	804	0.0	712	3046382
b057acd9e3441d55967abe8f949d6a65	gi|2621112341|ref|NR_189245.1|	95.475	442	20	0	1	442	363	804	0.0	706	3046383
b057acd9e3441d55967abe8f949d6a65	gi|636559633|ref|NR_115693.1|	88.789	446	41	8	1	442	442	882	1.30e-152	538	694434
b057acd9e3441d55967abe8f949d6a65	gi|636559632|ref|NR_115692.1|	88.789	446	41	8	1	442	442	882	1.30e-152	538	694434
b057acd9e3441d55967abe8f949d6a65	gi|636559631|ref|NR_115691.1|	88.789	446	41	8	1	442	436	876	1.30e-152	538	694434
b057acd9e3441d55967abe8f949d6a65	gi|636559630|ref|NR_115690.1|	88.789	446	41	8	1	442	448	888	1.30e-152	538	694434
b057acd9e3441d55967abe8f949d6a65	gi|343198739|ref|NR_043559.1|	88.789	446	41	8	1	442	447	887	1.30e-152	538	694434
b057acd9e3441d55967abe8f949d6a65	gi|2363081417|ref|NR_178955.1|	86.742	445	54	5	1	442	288	730	3.69e-138	490	1851429
b057acd9e3441d55967abe8f949d6a65	gi|631251702|ref|NR_112900.1|	86.801	447	50	9	1	442	341	783	3.69e-138	490	626937
b057acd9e3441d55967abe8f949d6a65	gi|1116030284|ref|NR_144742.1|	86.323	446	54	7	1	442	352	794	7.98e-135	479	1805714
d732beb3c420d5f3c7c4a4b3a429f11c	gi|631252157|ref|NR_113355.1|	99.355	465	3	0	1	465	356	820	0.0	843	218538
d732beb3c420d5f3c7c4a4b3a429f11c	gi|219846090|ref|NR_025680.1|	99.355	465	3	0	1	465	336	800	0.0	843	592028
d732beb3c420d5f3c7c4a4b3a429f11c	gi|343198671|ref|NR_043231.1|	94.850	466	22	2	1	465	283	747	0.0	726	308994
d732beb3c420d5f3c7c4a4b3a429f11c	gi|631252159|ref|NR_113357.1|	94.647	467	22	3	1	465	356	821	0.0	721	308994
d732beb3c420d5f3c7c4a4b3a429f11c	gi|343200979|ref|NR_041666.1|	93.978	465	28	0	1	465	336	800	0.0	704	742743
d732beb3c420d5f3c7c4a4b3a429f11c	gi|2363082841|ref|NR_179669.1|	93.790	467	25	4	1	465	360	824	0.0	699	2161821
d732beb3c420d5f3c7c4a4b3a429f11c	gi|2363082109|ref|NR_179301.1|	93.790	467	25	4	1	465	344	808	0.0	699	2582419
d732beb3c420d5f3c7c4a4b3a429f11c	gi|631252158|ref|NR_113356.1|	93.133	466	29	3	1	465	355	818	0.0	680	309120
d732beb3c420d5f3c7c4a4b3a429f11c	gi|343198462|ref|NR_041895.1|	93.133	466	29	3	1	465	296	759	0.0	680	888062
d732beb3c420d5f3c7c4a4b3a429f11c	gi|219846637|ref|NR_026229.1|	91.667	468	33	4	1	465	336	800	0.0	643	39950
b75d5faa3a155e26e85b58d3470dc1e9	gi|631251955|ref|NR_113153.1|	99.565	460	2	0	1	460	334	793	0.0	839	328814
b75d5faa3a155e26e85b58d3470dc1e9	gi|343202834|ref|NR_043319.1|	99.348	460	3	0	1	460	323	782	0.0	835	717959
b75d5faa3a155e26e85b58d3470dc1e9	gi|507148054|ref|NR_102861.1|	99.348	460	3	0	1	460	334	793	0.0	833	717959
b75d5faa3a155e26e85b58d3470dc1e9	gi|507148137|ref|NR_102944.1|	98.261	460	8	0	1	460	334	793	0.0	806	214856
b75d5faa3a155e26e85b58d3470dc1e9	gi|343198609|ref|NR_043064.1|	98.261	460	8	0	1	460	314	773	0.0	806	214856
b75d5faa3a155e26e85b58d3470dc1e9	gi|631251952|ref|NR_113150.1|	98.043	460	9	0	1	460	334	793	0.0	800	214856
b75d5faa3a155e26e85b58d3470dc1e9	gi|636559243|ref|NR_115300.1|	97.826	460	10	0	1	460	314	773	0.0	795	679935
b75d5faa3a155e26e85b58d3470dc1e9	gi|2363086959|ref|NR_181736.1|	97.609	460	11	0	1	460	334	793	0.0	789	2834113
b75d5faa3a155e26e85b58d3470dc1e9	gi|645321193|ref|NR_118219.1|	97.174	460	13	0	1	460	332	791	0.0	778	1033732
b75d5faa3a155e26e85b58d3470dc1e9	gi|2363082505|ref|NR_179499.1|	96.957	460	14	0	1	460	342	801	0.0	773	2364787
48a93224d7eb1b02775498783261af31	gi|343198522|ref|NR_042778.1|	99.355	465	3	0	1	465	345	809	0.0	843	1308
48a93224d7eb1b02775498783261af31	gi|2836274932|ref|NR_197695.1|	99.140	465	4	0	1	465	344	808	0.0	837	3053355
48a93224d7eb1b02775498783261af31	gi|343198520|ref|NR_042776.1|	99.140	465	4	0	1	465	345	809	0.0	837	1304
48a93224d7eb1b02775498783261af31	gi|645322192|ref|NR_118998.1|	98.925	465	5	0	1	465	340	804	0.0	832	1308
48a93224d7eb1b02775498783261af31	gi|343198521|ref|NR_042777.1|	98.925	465	4	1	1	465	345	808	0.0	830	889206
48a93224d7eb1b02775498783261af31	gi|566084933|ref|NR_108477.1|	97.849	465	10	0	1	465	251	715	0.0	804	701526
48a93224d7eb1b02775498783261af31	gi|645322122|ref|NR_118942.1|	96.996	466	12	2	1	465	243	707	0.0	798	889206
48a93224d7eb1b02775498783261af31	gi|2363081939|ref|NR_179215.1|	97.419	465	12	0	1	465	336	800	0.0	793	1501662
48a93224d7eb1b02775498783261af31	gi|2363080091|ref|NR_178262.1|	97.419	465	12	0	1	465	214	678	0.0	793	1501662
48a93224d7eb1b02775498783261af31	gi|2363087357|ref|NR_181935.1|	97.204	465	13	0	1	465	355	819	0.0	787	2781599
5de53a7da66461e72fe753c4af0a59c2	gi|343200777|ref|NR_041464.1|	99.348	460	3	0	1	460	340	799	0.0	833	387661
5de53a7da66461e72fe753c4af0a59c2	gi|343200656|ref|NR_041343.1|	97.391	460	12	0	1	460	340	799	0.0	784	46503
5de53a7da66461e72fe753c4af0a59c2	gi|645322411|ref|NR_119166.1|	97.174	460	13	0	1	460	319	778	0.0	780	411477
5de53a7da66461e72fe753c4af0a59c2	gi|2363083816|ref|NR_180156.1|	96.739	460	15	0	1	460	291	750	0.0	767	2290935
5de53a7da66461e72fe753c4af0a59c2	gi|2363086049|ref|NR_181277.1|	96.522	460	16	0	1	460	309	768	0.0	761	2753162
5de53a7da66461e72fe753c4af0a59c2	gi|631251878|ref|NR_113076.1|	96.304	460	17	0	1	460	324	783	0.0	756	927665
5de53a7da66461e72fe753c4af0a59c2	gi|343202832|ref|NR_043317.1|	96.304	460	17	0	1	460	284	743	0.0	756	328812
5de53a7da66461e72fe753c4af0a59c2	gi|2363082715|ref|NR_179605.1|	95.652	460	20	0	1	460	316	775	0.0	739	1944636
5de53a7da66461e72fe753c4af0a59c2	gi|1811131517|ref|NR_165699.1|	95.435	460	21	0	1	460	336	795	0.0	734	2685834
5de53a7da66461e72fe753c4af0a59c2	gi|974142265|ref|NR_134785.1|	95.228	461	20	2	1	460	336	795	0.0	728	1217282
0ed5585a3b672324fb757c8cd217dd5c	gi|631251745|ref|NR_112943.1|	99.130	460	4	0	1	460	326	785	0.0	828	449673
0ed5585a3b672324fb757c8cd217dd5c	gi|224581415|ref|NR_027196.1|	98.261	460	8	0	1	460	317	776	0.0	808	449673
0ed5585a3b672324fb757c8cd217dd5c	gi|631251867|ref|NR_113065.1|	97.391	460	12	0	1	460	338	797	0.0	784	762984
0ed5585a3b672324fb757c8cd217dd5c	gi|631251695|ref|NR_112893.1|	97.391	460	12	0	1	460	318	777	0.0	784	762984
0ed5585a3b672324fb757c8cd217dd5c	gi|2363086949|ref|NR_181731.1|	96.739	460	15	0	1	460	290	749	0.0	767	2834112
0ed5585a3b672324fb757c8cd217dd5c	gi|343200620|ref|NR_041307.1|	96.739	460	15	0	1	460	334	793	0.0	767	329854
0ed5585a3b672324fb757c8cd217dd5c	gi|343200761|ref|NR_041448.1|	96.522	460	16	0	1	460	322	781	0.0	761	376806
0ed5585a3b672324fb757c8cd217dd5c	gi|631251735|ref|NR_112933.1|	96.312	461	15	2	1	460	334	793	0.0	756	246787
0ed5585a3b672324fb757c8cd217dd5c	gi|2363086550|ref|NR_181532.1|	96.087	460	18	0	1	460	322	781	0.0	750	2763025
0ed5585a3b672324fb757c8cd217dd5c	gi|631251734|ref|NR_112932.1|	95.870	460	19	0	1	460	328	787	0.0	745	47678
c7ff79d5e2b94f9f1d6bf99b5a737515	gi|631251742|ref|NR_112940.1|	99.348	460	3	0	1	460	327	786	0.0	833	28116
c7ff79d5e2b94f9f1d6bf99b5a737515	gi|636559244|ref|NR_115301.1|	99.348	460	3	0	1	460	320	779	0.0	833	28116
c7ff79d5e2b94f9f1d6bf99b5a737515	gi|1491509587|ref|NR_159118.1|	99.130	460	4	0	1	460	310	769	0.0	828	28116
c7ff79d5e2b94f9f1d6bf99b5a737515	gi|1491509586|ref|NR_159117.1|	99.130	460	4	0	1	460	301	760	0.0	828	28116
c7ff79d5e2b94f9f1d6bf99b5a737515	gi|636560121|ref|NR_116181.1|	99.130	460	3	1	1	460	333	791	0.0	826	28116
c7ff79d5e2b94f9f1d6bf99b5a737515	gi|343200178|ref|NR_040865.1|	98.915	461	3	2	1	460	333	792	0.0	822	28116
c7ff79d5e2b94f9f1d6bf99b5a737515	gi|645322410|ref|NR_119165.1|	98.261	460	8	0	1	460	319	778	0.0	813	28116
c7ff79d5e2b94f9f1d6bf99b5a737515	gi|631251749|ref|NR_112947.1|	97.174	460	13	0	1	460	326	785	0.0	780	657309
c7ff79d5e2b94f9f1d6bf99b5a737515	gi|2363084431|ref|NR_180463.1|	97.174	460	13	0	1	460	340	799	0.0	778	2650158
c7ff79d5e2b94f9f1d6bf99b5a737515	gi|343201773|ref|NR_042499.1|	97.174	460	13	0	1	460	294	753	0.0	778	657309
d19888865382b606c2ed4c597e9e9777	gi|343200591|ref|NR_041278.1|	99.130	460	4	0	1	460	339	798	0.0	828	470145
d19888865382b606c2ed4c597e9e9777	gi|2221405488|ref|NR_175548.1|	94.372	462	22	4	1	460	346	805	0.0	706	2739389
d19888865382b606c2ed4c597e9e9777	gi|2363082641|ref|NR_179567.1|	93.478	460	30	0	1	460	339	798	0.0	686	1907658
d19888865382b606c2ed4c597e9e9777	gi|2363082635|ref|NR_179564.1|	93.506	462	26	4	1	460	338	797	0.0	684	1903262
d19888865382b606c2ed4c597e9e9777	gi|1116030286|ref|NR_144744.1|	93.261	460	31	0	1	460	339	798	0.0	680	1841856
d19888865382b606c2ed4c597e9e9777	gi|631251740|ref|NR_112938.1|	93.074	462	28	4	1	460	326	785	0.0	673	204516
d19888865382b606c2ed4c597e9e9777	gi|343200590|ref|NR_041277.1|	93.043	460	32	0	1	460	339	798	0.0	673	484018
d19888865382b606c2ed4c597e9e9777	gi|343198509|ref|NR_042745.1|	93.074	462	28	4	1	460	338	797	0.0	673	204516
d19888865382b606c2ed4c597e9e9777	gi|1146059112|ref|NR_145844.1|	92.842	461	31	2	1	460	339	798	0.0	667	1411144
d19888865382b606c2ed4c597e9e9777	gi|2363086254|ref|NR_181379.1|	92.842	461	31	2	1	460	341	800	0.0	667	2725562
0393bb4c760bbf093614ed294407762a	gi|1116030282|ref|NR_144740.1|	99.772	439	1	0	1	439	321	759	0.0	806	1776391
0393bb4c760bbf093614ed294407762a	gi|974142280|ref|NR_134800.1|	99.089	439	4	0	1	439	255	693	0.0	789	1368474
0393bb4c760bbf093614ed294407762a	gi|672239008|ref|NR_125597.1|	98.413	441	5	2	1	439	318	758	0.0	774	1115758
0393bb4c760bbf093614ed294407762a	gi|2363083072|ref|NR_179784.1|	98.405	439	7	0	1	439	301	739	0.0	773	2020948
0393bb4c760bbf093614ed294407762a	gi|2363082877|ref|NR_179687.1|	97.722	439	10	0	1	439	273	711	0.0	756	2662455
0393bb4c760bbf093614ed294407762a	gi|1230874654|ref|NR_148815.1|	97.722	439	10	0	1	439	319	757	0.0	756	1629550
0393bb4c760bbf093614ed294407762a	gi|631252125|ref|NR_113323.1|	97.722	439	10	0	1	439	319	757	0.0	756	1490
0393bb4c760bbf093614ed294407762a	gi|1269785414|ref|NR_118728.2|	97.494	439	11	0	1	439	330	768	0.0	754	1121325
0393bb4c760bbf093614ed294407762a	gi|631250974|ref|NR_112171.1|	97.494	439	11	0	1	439	309	747	0.0	750	1490
0393bb4c760bbf093614ed294407762a	gi|1040567059|ref|NR_137408.1|	97.267	439	12	0	1	439	290	728	0.0	745	1460447
c18c13beaf08549caed1878b920530ea	gi|631251745|ref|NR_112943.1|	99.348	460	3	0	1	460	326	785	0.0	833	449673
c18c13beaf08549caed1878b920530ea	gi|224581415|ref|NR_027196.1|	98.478	460	7	0	1	460	317	776	0.0	813	449673
c18c13beaf08549caed1878b920530ea	gi|343200620|ref|NR_041307.1|	96.957	460	14	0	1	460	334	793	0.0	773	329854
c18c13beaf08549caed1878b920530ea	gi|631251867|ref|NR_113065.1|	96.739	460	15	0	1	460	338	797	0.0	767	762984
c18c13beaf08549caed1878b920530ea	gi|631251695|ref|NR_112893.1|	96.739	460	15	0	1	460	318	777	0.0	767	762984
c18c13beaf08549caed1878b920530ea	gi|2363086949|ref|NR_181731.1|	96.522	460	16	0	1	460	290	749	0.0	761	2834112
c18c13beaf08549caed1878b920530ea	gi|631251735|ref|NR_112933.1|	96.529	461	14	2	1	460	334	793	0.0	761	246787
c18c13beaf08549caed1878b920530ea	gi|2363086550|ref|NR_181532.1|	95.870	460	19	0	1	460	322	781	0.0	745	2763025
c18c13beaf08549caed1878b920530ea	gi|631251747|ref|NR_112945.1|	95.870	460	19	0	1	460	327	786	0.0	745	820
c18c13beaf08549caed1878b920530ea	gi|631251734|ref|NR_112932.1|	95.870	460	19	0	1	460	328	787	0.0	745	47678
a3eb8a50fbc3f0a06311c661a3e200a6	gi|228719063|ref|NR_027579.1|	98.636	440	6	0	1	440	316	755	0.0	785	471875
a3eb8a50fbc3f0a06311c661a3e200a6	gi|2363082059|ref|NR_179276.1|	97.727	440	10	0	1	440	334	773	0.0	758	2316025
a3eb8a50fbc3f0a06311c661a3e200a6	gi|2363087259|ref|NR_181885.1|	97.279	441	10	2	1	440	335	774	0.0	747	2885351
a3eb8a50fbc3f0a06311c661a3e200a6	gi|2363082374|ref|NR_179434.1|	97.045	440	13	0	1	440	349	788	0.0	741	1720300
a3eb8a50fbc3f0a06311c661a3e200a6	gi|2363085133|ref|NR_180815.1|	96.818	440	14	0	1	440	350	789	0.0	736	2606633
a3eb8a50fbc3f0a06311c661a3e200a6	gi|2363083556|ref|NR_180026.1|	96.818	440	14	0	1	440	348	787	0.0	736	2696678
a3eb8a50fbc3f0a06311c661a3e200a6	gi|636560687|ref|NR_116747.1|	96.818	440	14	0	1	440	301	740	0.0	736	1298596
a3eb8a50fbc3f0a06311c661a3e200a6	gi|1909404440|ref|NR_170495.1|	96.591	440	15	0	1	440	355	794	0.0	730	2509240
a3eb8a50fbc3f0a06311c661a3e200a6	gi|2363082679|ref|NR_179587.1|	96.591	440	15	0	1	440	328	767	0.0	730	1926283
a3eb8a50fbc3f0a06311c661a3e200a6	gi|1109168017|ref|NR_144607.1|	96.591	440	15	0	1	440	282	721	0.0	730	1796615
a0dce8c768c2155d039039c993796683	gi|631251734|ref|NR_112932.1|	99.130	460	4	0	1	460	328	787	0.0	828	47678
a0dce8c768c2155d039039c993796683	gi|219846650|ref|NR_026242.1|	99.130	460	4	0	1	460	318	777	0.0	828	47678
a0dce8c768c2155d039039c993796683	gi|631251869|ref|NR_113067.1|	97.391	460	12	0	1	460	325	784	0.0	784	1077285
a0dce8c768c2155d039039c993796683	gi|343200626|ref|NR_041313.1|	97.391	460	12	0	1	460	340	799	0.0	784	338188
a0dce8c768c2155d039039c993796683	gi|645320100|ref|NR_117387.1|	97.174	460	13	0	1	460	320	779	0.0	778	1077285
a0dce8c768c2155d039039c993796683	gi|631251749|ref|NR_112947.1|	96.957	460	14	0	1	460	326	785	0.0	774	657309
a0dce8c768c2155d039039c993796683	gi|2363084431|ref|NR_180463.1|	96.957	460	14	0	1	460	340	799	0.0	773	2650158
a0dce8c768c2155d039039c993796683	gi|2363084421|ref|NR_180458.1|	96.957	460	14	0	1	460	340	799	0.0	773	2650157
a0dce8c768c2155d039039c993796683	gi|343201773|ref|NR_042499.1|	96.957	460	14	0	1	460	294	753	0.0	773	657309
a0dce8c768c2155d039039c993796683	gi|343200620|ref|NR_041307.1|	96.957	460	14	0	1	460	334	793	0.0	773	329854
9f13819a0a63264bc3c00dd3dfeb3e96	gi|645321785|ref|NR_118670.1|	98.409	440	7	0	1	440	357	796	0.0	782	39496
9f13819a0a63264bc3c00dd3dfeb3e96	gi|219857617|ref|NR_025206.1|	94.773	440	23	0	1	440	314	753	0.0	686	180286
9f13819a0a63264bc3c00dd3dfeb3e96	gi|1040567056|ref|NR_137405.1|	94.545	440	24	0	1	440	307	746	0.0	680	1619234
9f13819a0a63264bc3c00dd3dfeb3e96	gi|631250892|ref|NR_112089.1|	94.545	440	24	0	1	440	336	775	0.0	680	553973
9f13819a0a63264bc3c00dd3dfeb3e96	gi|224581401|ref|NR_024719.1|	94.545	440	23	1	1	440	341	779	0.0	678	89153
9f13819a0a63264bc3c00dd3dfeb3e96	gi|1397641798|ref|NR_156907.1|	94.331	441	23	2	1	440	348	787	0.0	675	1912855
9f13819a0a63264bc3c00dd3dfeb3e96	gi|1109168027|ref|NR_144612.1|	94.331	441	23	2	1	440	350	789	0.0	675	1796636
9f13819a0a63264bc3c00dd3dfeb3e96	gi|559795252|ref|NR_104842.1|	94.318	440	25	0	1	440	345	784	0.0	675	39495
9f13819a0a63264bc3c00dd3dfeb3e96	gi|343203027|ref|NR_043551.1|	94.331	441	23	2	1	440	349	788	0.0	675	341220
9f13819a0a63264bc3c00dd3dfeb3e96	gi|3248465643|ref|NR_201655.1|	93.864	440	27	0	1	440	313	752	0.0	664	3380807
3c6e50695ad19d8f600a00e1c546eff3	gi|2363085153|ref|NR_180825.1|	97.059	442	12	1	1	442	347	787	0.0	743	2605790
3c6e50695ad19d8f600a00e1c546eff3	gi|343198540|ref|NR_042832.1|	97.059	442	12	1	1	442	330	770	0.0	743	301302
3c6e50695ad19d8f600a00e1c546eff3	gi|645320588|ref|NR_117758.1|	96.606	442	15	0	1	442	322	763	0.0	734	166486
3c6e50695ad19d8f600a00e1c546eff3	gi|228716944|ref|NR_027557.1|	96.606	442	15	0	1	442	343	784	0.0	734	536231
3c6e50695ad19d8f600a00e1c546eff3	gi|2363085149|ref|NR_180823.1|	96.606	442	13	1	1	442	357	796	0.0	732	2606634
3c6e50695ad19d8f600a00e1c546eff3	gi|444439494|ref|NR_074809.1|	96.154	442	16	1	1	442	350	790	0.0	721	585394
3c6e50695ad19d8f600a00e1c546eff3	gi|444304209|ref|NR_074634.1|	96.154	442	15	1	1	442	350	789	0.0	721	515619
3c6e50695ad19d8f600a00e1c546eff3	gi|2363086282|ref|NR_181393.1|	96.154	442	15	1	1	442	290	729	0.0	721	2763664
3c6e50695ad19d8f600a00e1c546eff3	gi|559795194|ref|NR_104783.1|	96.154	442	15	1	1	442	353	792	0.0	721	290052
3c6e50695ad19d8f600a00e1c546eff3	gi|1227086116|ref|NR_148619.1|	95.937	443	16	2	1	442	301	742	0.0	717	1712665
bcf365c4c19b87cb6071495d449b6530	gi|2363080123|ref|NR_178280.1|	98.864	440	5	0	1	440	331	770	0.0	785	411483
bcf365c4c19b87cb6071495d449b6530	gi|3030611269|ref|NR_199945.1|	98.636	440	6	0	1	440	335	774	0.0	780	3435293
bcf365c4c19b87cb6071495d449b6530	gi|2363081449|ref|NR_178971.1|	99.072	431	4	0	1	431	285	715	0.0	774	1851427
bcf365c4c19b87cb6071495d449b6530	gi|265678656|ref|NR_028961.1|	98.182	440	8	0	1	440	327	766	0.0	769	853
bcf365c4c19b87cb6071495d449b6530	gi|2363081451|ref|NR_178972.1|	97.955	440	9	0	1	440	285	724	0.0	763	1851428
bcf365c4c19b87cb6071495d449b6530	gi|2363082282|ref|NR_179388.1|	97.279	441	10	2	1	440	335	774	0.0	747	2935520
bcf365c4c19b87cb6071495d449b6530	gi|2363080175|ref|NR_178311.1|	96.591	440	15	0	1	440	412	851	0.0	730	2903556
bcf365c4c19b87cb6071495d449b6530	gi|2363084747|ref|NR_180622.1|	93.424	441	27	2	1	440	335	774	0.0	652	2779354
bcf365c4c19b87cb6071495d449b6530	gi|559795255|ref|NR_104846.1|	93.182	440	30	0	1	440	288	727	0.0	647	745368
bcf365c4c19b87cb6071495d449b6530	gi|1277396189|ref|NR_151900.1|	92.727	440	32	0	1	440	351	790	0.0	636	1550024
e442863cb56b6b99a2e1bbcca4637ac4	gi|444304209|ref|NR_074634.1|	99.318	440	3	0	1	440	350	789	0.0	797	515619
e442863cb56b6b99a2e1bbcca4637ac4	gi|343198540|ref|NR_042832.1|	98.186	441	7	1	1	440	330	770	0.0	769	301302
e442863cb56b6b99a2e1bbcca4637ac4	gi|1227086116|ref|NR_148619.1|	97.738	442	8	2	1	440	301	742	0.0	760	1712665
e442863cb56b6b99a2e1bbcca4637ac4	gi|645320588|ref|NR_117758.1|	97.285	442	10	1	1	440	322	763	0.0	749	166486
e442863cb56b6b99a2e1bbcca4637ac4	gi|228716944|ref|NR_027557.1|	97.285	442	10	1	1	440	343	784	0.0	749	536231
e442863cb56b6b99a2e1bbcca4637ac4	gi|444439494|ref|NR_074809.1|	97.279	441	11	1	1	440	350	790	0.0	747	585394
e442863cb56b6b99a2e1bbcca4637ac4	gi|343201282|ref|NR_042008.1|	97.052	441	11	2	1	440	341	780	0.0	741	585394
e442863cb56b6b99a2e1bbcca4637ac4	gi|2363085153|ref|NR_180825.1|	96.825	441	13	1	1	440	347	787	0.0	736	2605790
e442863cb56b6b99a2e1bbcca4637ac4	gi|219846723|ref|NR_026315.1|	96.818	440	14	0	1	440	317	756	0.0	736	46206
e442863cb56b6b99a2e1bbcca4637ac4	gi|2363086282|ref|NR_181393.1|	96.591	440	15	0	1	440	290	729	0.0	730	2763664
32d5b26bc04da3e516f2f4e246c73db1	gi|1269806089|ref|NR_074784.2|	99.565	460	2	0	1	460	345	804	0.0	839	272559
32d5b26bc04da3e516f2f4e246c73db1	gi|631251738|ref|NR_112936.1|	99.565	460	2	0	1	460	338	797	0.0	839	817
32d5b26bc04da3e516f2f4e246c73db1	gi|645322408|ref|NR_119164.1|	99.565	460	2	0	1	460	317	776	0.0	839	817
32d5b26bc04da3e516f2f4e246c73db1	gi|631250944|ref|NR_112141.1|	98.261	460	6	2	1	460	335	792	0.0	804	817
32d5b26bc04da3e516f2f4e246c73db1	gi|2363082611|ref|NR_179552.1|	95.011	461	22	1	1	460	340	800	0.0	723	1871006
32d5b26bc04da3e516f2f4e246c73db1	gi|2363082547|ref|NR_179520.1|	95.011	461	21	2	1	460	314	773	0.0	723	1841855
32d5b26bc04da3e516f2f4e246c73db1	gi|636560121|ref|NR_116181.1|	94.600	463	18	4	1	460	333	791	0.0	710	28116
32d5b26bc04da3e516f2f4e246c73db1	gi|631251872|ref|NR_113070.1|	94.348	460	26	0	1	460	334	793	0.0	706	742727
32d5b26bc04da3e516f2f4e246c73db1	gi|631251697|ref|NR_112895.1|	94.348	460	26	0	1	460	314	773	0.0	706	742727
32d5b26bc04da3e516f2f4e246c73db1	gi|1109168015|ref|NR_144606.1|	94.130	460	27	0	1	460	340	799	0.0	701	1796613
3db51c0bb8ab6411b5b80242d1b78ef6	gi|631252073|ref|NR_113271.1|	96.522	460	16	0	1	460	339	798	0.0	761	742725
3db51c0bb8ab6411b5b80242d1b78ef6	gi|631251698|ref|NR_112896.1|	96.522	460	16	0	1	460	319	778	0.0	761	742725
3db51c0bb8ab6411b5b80242d1b78ef6	gi|1116030248|ref|NR_144706.1|	96.304	460	17	0	1	460	342	801	0.0	756	1211813
3db51c0bb8ab6411b5b80242d1b78ef6	gi|2363082099|ref|NR_179296.1|	91.739	460	38	0	1	460	324	783	0.0	640	2585119
3db51c0bb8ab6411b5b80242d1b78ef6	gi|631251954|ref|NR_113152.1|	91.757	461	36	2	1	460	337	796	0.0	640	28117
3db51c0bb8ab6411b5b80242d1b78ef6	gi|645321193|ref|NR_118219.1|	91.323	461	38	2	1	460	332	791	7.81e-180	628	1033732
3db51c0bb8ab6411b5b80242d1b78ef6	gi|672239000|ref|NR_125589.1|	91.323	461	38	2	1	460	269	728	7.81e-180	628	1033731
3db51c0bb8ab6411b5b80242d1b78ef6	gi|2363086959|ref|NR_181736.1|	91.087	460	41	0	1	460	334	793	3.63e-178	623	2834113
3db51c0bb8ab6411b5b80242d1b78ef6	gi|631251953|ref|NR_113151.1|	91.087	460	41	0	1	460	338	797	3.63e-178	623	328813
3db51c0bb8ab6411b5b80242d1b78ef6	gi|343202833|ref|NR_043318.1|	91.087	460	41	0	1	460	324	783	3.63e-178	623	328813
1933c7c449de98a88ffa6ac03659b4e6	gi|343201281|ref|NR_042007.1|	99.548	442	2	0	1	442	343	784	0.0	806	622312
1933c7c449de98a88ffa6ac03659b4e6	gi|645320588|ref|NR_117758.1|	97.748	444	6	4	1	442	322	763	0.0	761	166486
1933c7c449de98a88ffa6ac03659b4e6	gi|228716944|ref|NR_027557.1|	97.748	444	6	4	1	442	343	784	0.0	761	536231
1933c7c449de98a88ffa6ac03659b4e6	gi|343198540|ref|NR_042832.1|	97.748	444	5	5	1	442	330	770	0.0	760	301302
1933c7c449de98a88ffa6ac03659b4e6	gi|444439494|ref|NR_074809.1|	97.297	444	7	5	1	442	350	790	0.0	749	585394
1933c7c449de98a88ffa6ac03659b4e6	gi|1227086116|ref|NR_148619.1|	97.079	445	7	6	1	442	301	742	0.0	745	1712665
1933c7c449de98a88ffa6ac03659b4e6	gi|343201282|ref|NR_042008.1|	97.072	444	7	6	1	442	341	780	0.0	743	585394
1933c7c449de98a88ffa6ac03659b4e6	gi|444304209|ref|NR_074634.1|	96.622	444	9	5	1	442	350	789	0.0	732	515619
1933c7c449de98a88ffa6ac03659b4e6	gi|2363086282|ref|NR_181393.1|	96.622	444	9	5	1	442	290	729	0.0	732	2763664
1933c7c449de98a88ffa6ac03659b4e6	gi|2363085153|ref|NR_180825.1|	95.946	444	13	5	1	442	347	787	0.0	715	2605790
c5efa8fbbcba3ae7c2561245bbc20de7	gi|343200655|ref|NR_041342.1|	99.348	460	3	0	1	460	336	795	0.0	833	823
c5efa8fbbcba3ae7c2561245bbc20de7	gi|444303953|ref|NR_074376.1|	98.478	460	7	0	1	460	351	810	0.0	811	435591
c5efa8fbbcba3ae7c2561245bbc20de7	gi|2363082619|ref|NR_179556.1|	94.130	460	27	0	1	460	316	775	0.0	701	1871013
c5efa8fbbcba3ae7c2561245bbc20de7	gi|1811131517|ref|NR_165699.1|	93.913	460	28	0	1	460	336	795	0.0	695	2685834
c5efa8fbbcba3ae7c2561245bbc20de7	gi|631251637|ref|NR_112835.1|	93.478	460	29	1	1	460	336	794	0.0	682	574930
c5efa8fbbcba3ae7c2561245bbc20de7	gi|2363082715|ref|NR_179605.1|	93.261	460	31	0	1	460	316	775	0.0	678	1944636
c5efa8fbbcba3ae7c2561245bbc20de7	gi|631252010|ref|NR_113208.1|	92.826	460	33	0	1	460	336	795	0.0	667	871327
c5efa8fbbcba3ae7c2561245bbc20de7	gi|974142265|ref|NR_134785.1|	92.609	460	34	0	1	460	336	795	0.0	664	1217282
c5efa8fbbcba3ae7c2561245bbc20de7	gi|645322411|ref|NR_119166.1|	91.957	460	37	0	1	460	319	778	0.0	647	411477
c5efa8fbbcba3ae7c2561245bbc20de7	gi|2363086049|ref|NR_181277.1|	91.957	460	37	0	1	460	309	768	0.0	645	2753162
fa412803525b9771be672a26a76e847e	gi|444304091|ref|NR_074515.1|	99.348	460	3	0	1	460	350	809	0.0	833	435590
fa412803525b9771be672a26a76e847e	gi|631251748|ref|NR_112946.1|	99.348	460	3	0	1	460	339	798	0.0	833	821
fa412803525b9771be672a26a76e847e	gi|631250946|ref|NR_112143.1|	99.130	460	4	0	1	460	307	766	0.0	828	821
fa412803525b9771be672a26a76e847e	gi|343200664|ref|NR_041351.1|	98.478	460	7	0	1	460	341	800	0.0	811	357276
fa412803525b9771be672a26a76e847e	gi|631251997|ref|NR_113195.1|	93.696	460	29	0	1	460	338	797	0.0	689	1236515
fa412803525b9771be672a26a76e847e	gi|631251866|ref|NR_113064.1|	93.478	460	30	0	1	460	338	797	0.0	684	1236538
fa412803525b9771be672a26a76e847e	gi|631251817|ref|NR_113015.1|	93.478	460	30	0	1	460	338	797	0.0	684	1236538
fa412803525b9771be672a26a76e847e	gi|645320081|ref|NR_117373.1|	93.478	460	30	0	1	460	289	748	0.0	684	1236515
fa412803525b9771be672a26a76e847e	gi|2363085522|ref|NR_181010.1|	93.043	460	32	0	1	460	297	756	0.0	673	2786956
fa412803525b9771be672a26a76e847e	gi|2363082547|ref|NR_179520.1|	93.043	460	32	0	1	460	314	773	0.0	673	1841855
f32e6d961452b7b05ad9a95b38af79ff	gi|310974936|ref|NR_036800.1|	99.318	440	3	0	1	440	326	765	0.0	797	411470
f32e6d961452b7b05ad9a95b38af79ff	gi|645321810|ref|NR_118690.1|	99.318	440	3	0	1	440	338	777	0.0	797	411470
f32e6d961452b7b05ad9a95b38af79ff	gi|2363085474|ref|NR_180986.1|	97.273	440	12	0	1	440	347	786	0.0	747	2681861
f32e6d961452b7b05ad9a95b38af79ff	gi|265678578|ref|NR_028883.1|	96.154	442	14	3	1	440	226	666	0.0	719	88431
f32e6d961452b7b05ad9a95b38af79ff	gi|631250892|ref|NR_112089.1|	96.145	441	15	2	1	440	336	775	0.0	719	553973
f32e6d961452b7b05ad9a95b38af79ff	gi|224581401|ref|NR_024719.1|	96.145	441	14	3	1	440	341	779	0.0	717	89153
f32e6d961452b7b05ad9a95b38af79ff	gi|2363085103|ref|NR_180800.1|	95.909	440	18	0	1	440	347	786	0.0	713	2652274
f32e6d961452b7b05ad9a95b38af79ff	gi|1397641798|ref|NR_156907.1|	95.928	442	14	4	1	440	348	787	0.0	713	1912855
f32e6d961452b7b05ad9a95b38af79ff	gi|1116030273|ref|NR_144731.1|	95.909	440	18	0	1	440	347	786	0.0	713	1720294
f32e6d961452b7b05ad9a95b38af79ff	gi|219857617|ref|NR_025206.1|	95.909	440	18	0	1	440	314	753	0.0	713	180286
6430682cacad8ff963ad1421bfcdca7f	gi|631252157|ref|NR_113355.1|	99.570	465	2	0	1	465	356	820	0.0	848	218538
6430682cacad8ff963ad1421bfcdca7f	gi|219846090|ref|NR_025680.1|	99.570	465	2	0	1	465	336	800	0.0	848	592028
6430682cacad8ff963ad1421bfcdca7f	gi|343198671|ref|NR_043231.1|	95.064	466	21	2	1	465	283	747	0.0	732	308994
6430682cacad8ff963ad1421bfcdca7f	gi|631252159|ref|NR_113357.1|	94.861	467	21	3	1	465	356	821	0.0	726	308994
6430682cacad8ff963ad1421bfcdca7f	gi|343200979|ref|NR_041666.1|	94.194	465	27	0	1	465	336	800	0.0	710	742743
6430682cacad8ff963ad1421bfcdca7f	gi|2363082841|ref|NR_179669.1|	94.004	467	24	4	1	465	360	824	0.0	704	2161821
6430682cacad8ff963ad1421bfcdca7f	gi|2363082109|ref|NR_179301.1|	94.004	467	24	4	1	465	344	808	0.0	704	2582419
6430682cacad8ff963ad1421bfcdca7f	gi|631252158|ref|NR_113356.1|	93.348	466	28	3	1	465	355	818	0.0	686	309120
6430682cacad8ff963ad1421bfcdca7f	gi|343198462|ref|NR_041895.1|	93.348	466	28	3	1	465	296	759	0.0	686	888062
6430682cacad8ff963ad1421bfcdca7f	gi|219846637|ref|NR_026229.1|	91.880	468	32	4	1	465	336	800	0.0	649	39950
d013d1efda89538571d8c547dbea784e	gi|631252157|ref|NR_113355.1|	99.570	465	2	0	1	465	356	820	0.0	848	218538
d013d1efda89538571d8c547dbea784e	gi|219846090|ref|NR_025680.1|	99.570	465	2	0	1	465	336	800	0.0	848	592028
d013d1efda89538571d8c547dbea784e	gi|343198671|ref|NR_043231.1|	95.064	466	21	2	1	465	283	747	0.0	732	308994
d013d1efda89538571d8c547dbea784e	gi|631252159|ref|NR_113357.1|	94.861	467	21	3	1	465	356	821	0.0	726	308994
d013d1efda89538571d8c547dbea784e	gi|343200979|ref|NR_041666.1|	94.194	465	27	0	1	465	336	800	0.0	710	742743
d013d1efda89538571d8c547dbea784e	gi|2363082841|ref|NR_179669.1|	94.004	467	24	4	1	465	360	824	0.0	704	2161821
d013d1efda89538571d8c547dbea784e	gi|2363082109|ref|NR_179301.1|	94.004	467	24	4	1	465	344	808	0.0	704	2582419
d013d1efda89538571d8c547dbea784e	gi|631252158|ref|NR_113356.1|	93.348	466	28	3	1	465	355	818	0.0	686	309120
d013d1efda89538571d8c547dbea784e	gi|343198462|ref|NR_041895.1|	93.348	466	28	3	1	465	296	759	0.0	686	888062
d013d1efda89538571d8c547dbea784e	gi|219846637|ref|NR_026229.1|	91.880	468	32	4	1	465	336	800	0.0	649	39950
4c500d61cd23b3bbc3af7ee7fa50d97a	gi|444439665|ref|NR_074980.1|	99.140	465	4	0	1	465	353	817	0.0	837	479436
4c500d61cd23b3bbc3af7ee7fa50d97a	gi|631251833|ref|NR_113031.1|	99.140	465	4	0	1	465	353	817	0.0	837	29466
4c500d61cd23b3bbc3af7ee7fa50d97a	gi|645322414|ref|NR_119168.1|	99.140	465	4	0	1	465	331	795	0.0	837	479436
4c500d61cd23b3bbc3af7ee7fa50d97a	gi|645320589|ref|NR_117759.1|	98.925	465	5	0	1	465	329	793	0.0	833	479436
4c500d61cd23b3bbc3af7ee7fa50d97a	gi|343202841|ref|NR_043332.1|	98.925	465	5	0	1	465	326	790	0.0	833	479436
4c500d61cd23b3bbc3af7ee7fa50d97a	gi|631252372|ref|NR_113570.1|	98.925	465	5	0	1	465	333	797	0.0	832	1110546
4c500d61cd23b3bbc3af7ee7fa50d97a	gi|343202582|ref|NR_042940.1|	98.710	465	6	0	1	465	238	702	0.0	826	248315
4c500d61cd23b3bbc3af7ee7fa50d97a	gi|343205749|ref|NR_044153.1|	98.495	465	7	0	1	465	326	790	0.0	822	419208
4c500d61cd23b3bbc3af7ee7fa50d97a	gi|2363082157|ref|NR_179325.1|	98.065	465	9	0	1	465	300	764	0.0	809	2682456
4c500d61cd23b3bbc3af7ee7fa50d97a	gi|343205705|ref|NR_044091.1|	98.065	465	9	0	1	465	240	704	0.0	809	423477
7de7a99ad485385872641a5d4dbb0127	gi|2363081451|ref|NR_178972.1|	99.773	440	1	0	1	440	285	724	0.0	808	1851428
7de7a99ad485385872641a5d4dbb0127	gi|265678656|ref|NR_028961.1|	99.091	440	4	0	1	440	327	766	0.0	791	853
7de7a99ad485385872641a5d4dbb0127	gi|2363082282|ref|NR_179388.1|	98.864	440	5	0	1	440	335	774	0.0	785	2935520
7de7a99ad485385872641a5d4dbb0127	gi|2363080123|ref|NR_178280.1|	98.864	440	5	0	1	440	331	770	0.0	785	411483
7de7a99ad485385872641a5d4dbb0127	gi|3030611269|ref|NR_199945.1|	98.636	440	6	0	1	440	335	774	0.0	780	3435293
7de7a99ad485385872641a5d4dbb0127	gi|2363081449|ref|NR_178971.1|	98.409	440	6	1	1	440	285	723	0.0	773	1851427
7de7a99ad485385872641a5d4dbb0127	gi|2363080175|ref|NR_178311.1|	96.818	440	14	0	1	440	412	851	0.0	736	2903556
7de7a99ad485385872641a5d4dbb0127	gi|1397641802|ref|NR_156911.1|	92.955	440	31	0	1	440	351	790	0.0	641	1650663
7de7a99ad485385872641a5d4dbb0127	gi|2363084747|ref|NR_180622.1|	92.955	440	31	0	1	440	335	774	0.0	641	2779354
7de7a99ad485385872641a5d4dbb0127	gi|2363082356|ref|NR_179425.1|	92.744	441	30	2	1	440	351	790	0.0	636	1689304
875ddcc13d25c46283e63d82818e17f4	gi|2363085169|ref|NR_180833.1|	99.318	440	3	0	1	440	337	776	0.0	797	2606635
875ddcc13d25c46283e63d82818e17f4	gi|559795307|ref|NR_104899.1|	97.273	440	12	0	1	440	328	767	0.0	747	384636
875ddcc13d25c46283e63d82818e17f4	gi|310975204|ref|NR_037068.1|	97.273	440	12	0	1	440	341	780	0.0	747	29375
875ddcc13d25c46283e63d82818e17f4	gi|2363082679|ref|NR_179587.1|	97.045	440	13	0	1	440	328	767	0.0	741	1926283
875ddcc13d25c46283e63d82818e17f4	gi|1384992332|ref|NR_156081.1|	97.045	440	13	0	1	440	336	775	0.0	741	1469948
875ddcc13d25c46283e63d82818e17f4	gi|1384992329|ref|NR_156078.1|	97.045	440	13	0	1	440	336	775	0.0	741	1469948
875ddcc13d25c46283e63d82818e17f4	gi|2363081854|ref|NR_179173.1|	97.045	440	13	0	1	440	333	772	0.0	741	2126740
875ddcc13d25c46283e63d82818e17f4	gi|645322280|ref|NR_119068.1|	97.045	440	12	1	1	440	315	753	0.0	739	36832
875ddcc13d25c46283e63d82818e17f4	gi|3030611230|ref|NR_199906.1|	96.818	440	14	0	1	440	354	793	0.0	736	3123317
875ddcc13d25c46283e63d82818e17f4	gi|3030611314|ref|NR_199990.1|	96.818	440	14	0	1	440	350	789	0.0	736	3123317
bc0f30a4e671922081288e02c871db00	gi|343198522|ref|NR_042778.1|	99.785	465	1	0	1	465	345	809	0.0	854	1308
bc0f30a4e671922081288e02c871db00	gi|2836274932|ref|NR_197695.1|	99.570	465	2	0	1	465	344	808	0.0	848	3053355
bc0f30a4e671922081288e02c871db00	gi|343198520|ref|NR_042776.1|	99.570	465	2	0	1	465	345	809	0.0	848	1304
bc0f30a4e671922081288e02c871db00	gi|645322192|ref|NR_118998.1|	99.355	465	3	0	1	465	340	804	0.0	843	1308
bc0f30a4e671922081288e02c871db00	gi|343198521|ref|NR_042777.1|	99.355	465	2	1	1	465	345	808	0.0	841	889206
bc0f30a4e671922081288e02c871db00	gi|566084933|ref|NR_108477.1|	98.280	465	8	0	1	465	251	715	0.0	815	701526
bc0f30a4e671922081288e02c871db00	gi|2363081939|ref|NR_179215.1|	97.849	465	10	0	1	465	336	800	0.0	804	1501662
bc0f30a4e671922081288e02c871db00	gi|2363080091|ref|NR_178262.1|	97.849	465	10	0	1	465	214	678	0.0	804	1501662
bc0f30a4e671922081288e02c871db00	gi|645322122|ref|NR_118942.1|	97.210	466	11	2	1	465	243	707	0.0	804	889206
bc0f30a4e671922081288e02c871db00	gi|2363087357|ref|NR_181935.1|	97.634	465	11	0	1	465	355	819	0.0	798	2781599
cad6354524fc6d98f2a843a8f777e21d	gi|310974936|ref|NR_036800.1|	99.545	440	2	0	1	440	326	765	0.0	802	411470
cad6354524fc6d98f2a843a8f777e21d	gi|645321810|ref|NR_118690.1|	99.545	440	2	0	1	440	338	777	0.0	802	411470
cad6354524fc6d98f2a843a8f777e21d	gi|2363085474|ref|NR_180986.1|	97.500	440	11	0	1	440	347	786	0.0	752	2681861
cad6354524fc6d98f2a843a8f777e21d	gi|265678578|ref|NR_028883.1|	96.380	442	13	3	1	440	226	666	0.0	725	88431
cad6354524fc6d98f2a843a8f777e21d	gi|631250892|ref|NR_112089.1|	96.372	441	14	2	1	440	336	775	0.0	725	553973
cad6354524fc6d98f2a843a8f777e21d	gi|224581401|ref|NR_024719.1|	96.372	441	13	3	1	440	341	779	0.0	723	89153
cad6354524fc6d98f2a843a8f777e21d	gi|2363085103|ref|NR_180800.1|	96.136	440	17	0	1	440	347	786	0.0	719	2652274
cad6354524fc6d98f2a843a8f777e21d	gi|1397641798|ref|NR_156907.1|	96.154	442	13	4	1	440	348	787	0.0	719	1912855
cad6354524fc6d98f2a843a8f777e21d	gi|1116030273|ref|NR_144731.1|	96.136	440	17	0	1	440	347	786	0.0	719	1720294
cad6354524fc6d98f2a843a8f777e21d	gi|219857617|ref|NR_025206.1|	96.136	440	17	0	1	440	314	753	0.0	719	180286
f81dd927428b2eda6d44d0a18d6c70eb	gi|631252157|ref|NR_113355.1|	99.355	465	3	0	1	465	356	820	0.0	843	218538
f81dd927428b2eda6d44d0a18d6c70eb	gi|219846090|ref|NR_025680.1|	99.355	465	3	0	1	465	336	800	0.0	843	592028
f81dd927428b2eda6d44d0a18d6c70eb	gi|343198671|ref|NR_043231.1|	94.850	466	22	2	1	465	283	747	0.0	726	308994
f81dd927428b2eda6d44d0a18d6c70eb	gi|631252159|ref|NR_113357.1|	94.647	467	22	3	1	465	356	821	0.0	721	308994
f81dd927428b2eda6d44d0a18d6c70eb	gi|343200979|ref|NR_041666.1|	93.978	465	28	0	1	465	336	800	0.0	704	742743
f81dd927428b2eda6d44d0a18d6c70eb	gi|2363082841|ref|NR_179669.1|	93.790	467	25	4	1	465	360	824	0.0	699	2161821
f81dd927428b2eda6d44d0a18d6c70eb	gi|2363082109|ref|NR_179301.1|	93.790	467	25	4	1	465	344	808	0.0	699	2582419
f81dd927428b2eda6d44d0a18d6c70eb	gi|631252158|ref|NR_113356.1|	93.133	466	29	3	1	465	355	818	0.0	680	309120
f81dd927428b2eda6d44d0a18d6c70eb	gi|343198462|ref|NR_041895.1|	93.133	466	29	3	1	465	296	759	0.0	680	888062
f81dd927428b2eda6d44d0a18d6c70eb	gi|219846637|ref|NR_026229.1|	91.667	468	33	4	1	465	336	800	0.0	643	39950
dbb8793fd70c51e0b9f07fea8589a474	gi|1269806089|ref|NR_074784.2|	99.565	460	2	0	1	460	345	804	0.0	839	272559
dbb8793fd70c51e0b9f07fea8589a474	gi|631251738|ref|NR_112936.1|	99.565	460	2	0	1	460	338	797	0.0	839	817
dbb8793fd70c51e0b9f07fea8589a474	gi|645322408|ref|NR_119164.1|	99.565	460	2	0	1	460	317	776	0.0	839	817
dbb8793fd70c51e0b9f07fea8589a474	gi|631250944|ref|NR_112141.1|	98.261	460	6	2	1	460	335	792	0.0	804	817
dbb8793fd70c51e0b9f07fea8589a474	gi|2363082611|ref|NR_179552.1|	95.011	461	22	1	1	460	340	800	0.0	723	1871006
dbb8793fd70c51e0b9f07fea8589a474	gi|2363082547|ref|NR_179520.1|	95.011	461	21	2	1	460	314	773	0.0	723	1841855
dbb8793fd70c51e0b9f07fea8589a474	gi|636560121|ref|NR_116181.1|	94.600	463	18	4	1	460	333	791	0.0	710	28116
dbb8793fd70c51e0b9f07fea8589a474	gi|631251872|ref|NR_113070.1|	94.348	460	26	0	1	460	334	793	0.0	706	742727
dbb8793fd70c51e0b9f07fea8589a474	gi|631251697|ref|NR_112895.1|	94.348	460	26	0	1	460	314	773	0.0	706	742727
dbb8793fd70c51e0b9f07fea8589a474	gi|1109168015|ref|NR_144606.1|	94.130	460	27	0	1	460	340	799	0.0	701	1796613
998c7eeb81d207fb27e61aab62631871	gi|1269806089|ref|NR_074784.2|	99.348	460	3	0	1	460	345	804	0.0	833	272559
998c7eeb81d207fb27e61aab62631871	gi|631251738|ref|NR_112936.1|	99.348	460	3	0	1	460	338	797	0.0	833	817
998c7eeb81d207fb27e61aab62631871	gi|645322408|ref|NR_119164.1|	99.348	460	3	0	1	460	317	776	0.0	833	817
998c7eeb81d207fb27e61aab62631871	gi|631250944|ref|NR_112141.1|	98.043	460	7	2	1	460	335	792	0.0	798	817
998c7eeb81d207fb27e61aab62631871	gi|2363082547|ref|NR_179520.1|	95.011	461	21	2	1	460	314	773	0.0	723	1841855
998c7eeb81d207fb27e61aab62631871	gi|2363082611|ref|NR_179552.1|	94.794	461	23	1	1	460	340	800	0.0	717	1871006
998c7eeb81d207fb27e61aab62631871	gi|636560121|ref|NR_116181.1|	94.600	463	18	4	1	460	333	791	0.0	710	28116
998c7eeb81d207fb27e61aab62631871	gi|631251872|ref|NR_113070.1|	94.348	460	26	0	1	460	334	793	0.0	706	742727
998c7eeb81d207fb27e61aab62631871	gi|631251697|ref|NR_112895.1|	94.348	460	26	0	1	460	314	773	0.0	706	742727
998c7eeb81d207fb27e61aab62631871	gi|1109168015|ref|NR_144606.1|	94.130	460	27	0	1	460	340	799	0.0	701	1796613
7883b67d13870ce4221310f5e418e9f4	gi|2621112340|ref|NR_189244.1|	95.701	442	19	0	1	442	363	804	0.0	712	3046382
7883b67d13870ce4221310f5e418e9f4	gi|2621112341|ref|NR_189245.1|	95.475	442	20	0	1	442	363	804	0.0	706	3046383
7883b67d13870ce4221310f5e418e9f4	gi|636559633|ref|NR_115693.1|	88.789	446	41	8	1	442	442	882	1.30e-152	538	694434
7883b67d13870ce4221310f5e418e9f4	gi|636559632|ref|NR_115692.1|	88.789	446	41	8	1	442	442	882	1.30e-152	538	694434
7883b67d13870ce4221310f5e418e9f4	gi|636559631|ref|NR_115691.1|	88.789	446	41	8	1	442	436	876	1.30e-152	538	694434
7883b67d13870ce4221310f5e418e9f4	gi|636559630|ref|NR_115690.1|	88.789	446	41	8	1	442	448	888	1.30e-152	538	694434
7883b67d13870ce4221310f5e418e9f4	gi|343198739|ref|NR_043559.1|	88.789	446	41	8	1	442	447	887	1.30e-152	538	694434
7883b67d13870ce4221310f5e418e9f4	gi|2363081417|ref|NR_178955.1|	86.742	445	54	5	1	442	288	730	3.69e-138	490	1851429
7883b67d13870ce4221310f5e418e9f4	gi|631251702|ref|NR_112900.1|	86.801	447	50	9	1	442	341	783	3.69e-138	490	626937
7883b67d13870ce4221310f5e418e9f4	gi|645320092|ref|NR_117381.1|	86.771	446	48	10	1	442	347	785	4.77e-137	486	165813
3c08162c4fa55929728fa11d29577937	gi|645321792|ref|NR_118676.1|	96.818	440	14	0	1	440	370	809	0.0	745	39497
3c08162c4fa55929728fa11d29577937	gi|219846511|ref|NR_026103.1|	96.818	440	14	0	1	440	316	755	0.0	736	37658
3c08162c4fa55929728fa11d29577937	gi|1277396183|ref|NR_151894.1|	96.818	440	14	0	1	440	335	774	0.0	736	433293
3c08162c4fa55929728fa11d29577937	gi|1277396381|ref|NR_152095.1|	96.591	440	15	0	1	440	348	787	0.0	730	1679721
3c08162c4fa55929728fa11d29577937	gi|631252121|ref|NR_113319.1|	96.591	440	15	0	1	440	350	789	0.0	730	645466
3c08162c4fa55929728fa11d29577937	gi|636560803|ref|NR_116863.1|	96.372	441	15	1	1	440	337	777	0.0	725	645466
3c08162c4fa55929728fa11d29577937	gi|343202586|ref|NR_042953.1|	96.364	440	16	0	1	440	308	747	0.0	725	264463
3c08162c4fa55929728fa11d29577937	gi|2136551633|ref|NR_173637.1|	96.136	440	17	0	1	440	294	733	0.0	719	2755051
3c08162c4fa55929728fa11d29577937	gi|219878251|ref|NR_025390.1|	96.136	440	17	0	1	440	330	769	0.0	719	115544
3c08162c4fa55929728fa11d29577937	gi|2363081778|ref|NR_179135.1|	95.918	441	17	1	1	440	330	770	0.0	713	2025494
651092e8a1e4ec3e1051cf86ee292b68	gi|444304091|ref|NR_074515.1|	99.130	460	4	0	1	460	350	809	0.0	828	435590
651092e8a1e4ec3e1051cf86ee292b68	gi|631251748|ref|NR_112946.1|	99.130	460	4	0	1	460	339	798	0.0	828	821
651092e8a1e4ec3e1051cf86ee292b68	gi|631250946|ref|NR_112143.1|	98.913	460	5	0	1	460	307	766	0.0	822	821
651092e8a1e4ec3e1051cf86ee292b68	gi|343200664|ref|NR_041351.1|	98.478	460	7	0	1	460	341	800	0.0	811	357276
651092e8a1e4ec3e1051cf86ee292b68	gi|631251997|ref|NR_113195.1|	93.913	460	28	0	1	460	338	797	0.0	695	1236515
651092e8a1e4ec3e1051cf86ee292b68	gi|631251866|ref|NR_113064.1|	93.696	460	29	0	1	460	338	797	0.0	689	1236538
651092e8a1e4ec3e1051cf86ee292b68	gi|631251817|ref|NR_113015.1|	93.696	460	29	0	1	460	338	797	0.0	689	1236538
651092e8a1e4ec3e1051cf86ee292b68	gi|645320081|ref|NR_117373.1|	93.696	460	29	0	1	460	289	748	0.0	689	1236515
651092e8a1e4ec3e1051cf86ee292b68	gi|2363085522|ref|NR_181010.1|	93.261	460	31	0	1	460	297	756	0.0	678	2786956
651092e8a1e4ec3e1051cf86ee292b68	gi|631251874|ref|NR_113072.1|	93.261	460	31	0	1	460	338	797	0.0	678	1236512
09a2f4210932ece8791827524c0b7ca7	gi|631251954|ref|NR_113152.1|	99.348	460	3	0	1	460	337	796	0.0	833	28117
09a2f4210932ece8791827524c0b7ca7	gi|219846319|ref|NR_025909.1|	96.522	460	16	0	1	460	344	803	0.0	782	28117
09a2f4210932ece8791827524c0b7ca7	gi|645321193|ref|NR_118219.1|	96.963	461	12	2	1	460	332	791	0.0	773	1033732
09a2f4210932ece8791827524c0b7ca7	gi|672239000|ref|NR_125589.1|	96.746	461	13	2	1	460	269	728	0.0	767	1033731
09a2f4210932ece8791827524c0b7ca7	gi|2363086959|ref|NR_181736.1|	96.529	461	14	2	1	460	334	793	0.0	761	2834113
09a2f4210932ece8791827524c0b7ca7	gi|2363082099|ref|NR_179296.1|	96.529	461	14	2	1	460	324	783	0.0	761	2585119
09a2f4210932ece8791827524c0b7ca7	gi|631251953|ref|NR_113151.1|	96.104	462	14	4	1	460	338	797	0.0	750	328813
09a2f4210932ece8791827524c0b7ca7	gi|343202833|ref|NR_043318.1|	96.104	462	14	4	1	460	324	783	0.0	750	328813
09a2f4210932ece8791827524c0b7ca7	gi|2363082505|ref|NR_179499.1|	95.680	463	14	6	1	460	342	801	0.0	739	2364787
09a2f4210932ece8791827524c0b7ca7	gi|507148137|ref|NR_102944.1|	95.662	461	18	2	1	460	334	793	0.0	739	214856
c8de1cd0bee262f37c67abf6a3c3fdb6	gi|631251749|ref|NR_112947.1|	99.348	460	3	0	1	460	326	785	0.0	835	657309
c8de1cd0bee262f37c67abf6a3c3fdb6	gi|2363084431|ref|NR_180463.1|	99.348	460	3	0	1	460	340	799	0.0	833	2650158
c8de1cd0bee262f37c67abf6a3c3fdb6	gi|343201773|ref|NR_042499.1|	99.348	460	3	0	1	460	294	753	0.0	833	657309
c8de1cd0bee262f37c67abf6a3c3fdb6	gi|631251733|ref|NR_112931.1|	98.478	460	7	0	1	460	340	799	0.0	811	85831
c8de1cd0bee262f37c67abf6a3c3fdb6	gi|265678305|ref|NR_028607.1|	98.475	459	7	0	2	460	333	791	0.0	809	85831
c8de1cd0bee262f37c67abf6a3c3fdb6	gi|645322410|ref|NR_119165.1|	97.826	460	10	0	1	460	319	778	0.0	802	28116
c8de1cd0bee262f37c67abf6a3c3fdb6	gi|631252008|ref|NR_113206.1|	97.826	460	10	0	1	460	336	795	0.0	795	1236513
c8de1cd0bee262f37c67abf6a3c3fdb6	gi|631251869|ref|NR_113067.1|	97.826	460	10	0	1	460	325	784	0.0	795	1077285
c8de1cd0bee262f37c67abf6a3c3fdb6	gi|645320100|ref|NR_117387.1|	97.826	460	10	0	1	460	320	779	0.0	795	1077285
c8de1cd0bee262f37c67abf6a3c3fdb6	gi|343200626|ref|NR_041313.1|	97.826	460	10	0	1	460	340	799	0.0	795	338188
8675554d65cea8f227b365ba0cce00a9	gi|2363082679|ref|NR_179587.1|	96.818	440	14	0	1	440	328	767	0.0	736	1926283
8675554d65cea8f227b365ba0cce00a9	gi|1384992332|ref|NR_156081.1|	96.818	440	14	0	1	440	336	775	0.0	736	1469948
8675554d65cea8f227b365ba0cce00a9	gi|1384992329|ref|NR_156078.1|	96.818	440	14	0	1	440	336	775	0.0	736	1469948
8675554d65cea8f227b365ba0cce00a9	gi|2363081854|ref|NR_179173.1|	96.818	440	14	0	1	440	333	772	0.0	736	2126740
8675554d65cea8f227b365ba0cce00a9	gi|3030611230|ref|NR_199906.1|	96.591	440	15	0	1	440	354	793	0.0	730	3123317
8675554d65cea8f227b365ba0cce00a9	gi|3030611314|ref|NR_199990.1|	96.591	440	15	0	1	440	350	789	0.0	730	3123317
8675554d65cea8f227b365ba0cce00a9	gi|1384992331|ref|NR_156080.1|	96.591	440	15	0	1	440	336	775	0.0	730	1469948
8675554d65cea8f227b365ba0cce00a9	gi|1384992328|ref|NR_156077.1|	96.591	440	15	0	1	440	336	775	0.0	730	1469948
8675554d65cea8f227b365ba0cce00a9	gi|631253128|ref|NR_114326.1|	96.364	440	16	0	1	440	334	773	0.0	725	1150298
8675554d65cea8f227b365ba0cce00a9	gi|2363087259|ref|NR_181885.1|	95.909	440	18	0	1	440	335	774	0.0	715	2885351
75a02b5d8d75e3491efbd22e3bdd669f	gi|559795255|ref|NR_104846.1|	96.591	440	15	0	1	440	288	727	0.0	730	745368
75a02b5d8d75e3491efbd22e3bdd669f	gi|265678692|ref|NR_028997.1|	95.692	441	18	1	1	440	303	743	0.0	708	214851
75a02b5d8d75e3491efbd22e3bdd669f	gi|3030611269|ref|NR_199945.1|	94.773	440	23	0	1	440	335	774	0.0	686	3435293
75a02b5d8d75e3491efbd22e3bdd669f	gi|265678656|ref|NR_028961.1|	94.318	440	25	0	1	440	327	766	0.0	675	853
75a02b5d8d75e3491efbd22e3bdd669f	gi|2363081451|ref|NR_178972.1|	94.091	440	26	0	1	440	285	724	0.0	669	1851428
75a02b5d8d75e3491efbd22e3bdd669f	gi|2363080123|ref|NR_178280.1|	94.091	440	26	0	1	440	331	770	0.0	669	411483
75a02b5d8d75e3491efbd22e3bdd669f	gi|2363081449|ref|NR_178971.1|	93.864	440	26	1	1	440	285	723	0.0	662	1851427
75a02b5d8d75e3491efbd22e3bdd669f	gi|2363082356|ref|NR_179425.1|	93.636	440	28	0	1	440	351	790	0.0	658	1689304
75a02b5d8d75e3491efbd22e3bdd669f	gi|1397641802|ref|NR_156911.1|	93.409	440	29	0	1	440	351	790	0.0	652	1650663
75a02b5d8d75e3491efbd22e3bdd669f	gi|2363082282|ref|NR_179388.1|	93.424	441	27	2	1	440	335	774	0.0	652	2935520
16e377c04d53693594db51fd35c16758	gi|343200591|ref|NR_041278.1|	99.783	460	1	0	1	460	339	798	0.0	845	470145
16e377c04d53693594db51fd35c16758	gi|2221405488|ref|NR_175548.1|	94.805	462	20	4	1	460	346	805	0.0	717	2739389
16e377c04d53693594db51fd35c16758	gi|2363082641|ref|NR_179567.1|	93.913	460	28	0	1	460	339	798	0.0	697	1907658
16e377c04d53693594db51fd35c16758	gi|1116030286|ref|NR_144744.1|	93.696	460	29	0	1	460	339	798	0.0	691	1841856
16e377c04d53693594db51fd35c16758	gi|2363082635|ref|NR_179564.1|	93.723	462	25	4	1	460	338	797	0.0	689	1903262
16e377c04d53693594db51fd35c16758	gi|343200590|ref|NR_041277.1|	93.478	460	30	0	1	460	339	798	0.0	684	484018
16e377c04d53693594db51fd35c16758	gi|631251740|ref|NR_112938.1|	93.290	462	27	4	1	460	326	785	0.0	678	204516
16e377c04d53693594db51fd35c16758	gi|343200761|ref|NR_041448.1|	93.275	461	29	2	1	460	322	781	0.0	678	376806
16e377c04d53693594db51fd35c16758	gi|343198509|ref|NR_042745.1|	93.290	462	27	4	1	460	338	797	0.0	678	204516
16e377c04d53693594db51fd35c16758	gi|1146059112|ref|NR_145844.1|	93.059	461	30	2	1	460	339	798	0.0	673	1411144
666aefd3d69a87f4a6037802c23341ed	gi|343200626|ref|NR_041313.1|	99.565	460	2	0	1	460	340	799	0.0	839	338188
666aefd3d69a87f4a6037802c23341ed	gi|2363084421|ref|NR_180458.1|	98.478	460	7	0	1	460	340	799	0.0	811	2650157
666aefd3d69a87f4a6037802c23341ed	gi|645320100|ref|NR_117387.1|	98.261	460	8	0	1	460	320	779	0.0	806	1077285
666aefd3d69a87f4a6037802c23341ed	gi|631251869|ref|NR_113067.1|	98.043	460	9	0	1	460	325	784	0.0	800	1077285
666aefd3d69a87f4a6037802c23341ed	gi|631251749|ref|NR_112947.1|	97.609	460	11	0	1	460	326	785	0.0	791	657309
666aefd3d69a87f4a6037802c23341ed	gi|2363084431|ref|NR_180463.1|	97.609	460	11	0	1	460	340	799	0.0	789	2650158
666aefd3d69a87f4a6037802c23341ed	gi|631251733|ref|NR_112931.1|	97.609	460	11	0	1	460	340	799	0.0	789	85831
666aefd3d69a87f4a6037802c23341ed	gi|343201773|ref|NR_042499.1|	97.609	460	11	0	1	460	294	753	0.0	789	657309
666aefd3d69a87f4a6037802c23341ed	gi|265678305|ref|NR_028607.1|	97.603	459	11	0	2	460	333	791	0.0	787	85831
666aefd3d69a87f4a6037802c23341ed	gi|631251734|ref|NR_112932.1|	97.391	460	12	0	1	460	328	787	0.0	784	47678
8cdf20771588aa1038946a31a9ad2f85	gi|343200664|ref|NR_041351.1|	99.348	460	3	0	1	460	341	800	0.0	833	357276
8cdf20771588aa1038946a31a9ad2f85	gi|444304091|ref|NR_074515.1|	98.478	460	7	0	1	460	350	809	0.0	811	435590
8cdf20771588aa1038946a31a9ad2f85	gi|631251748|ref|NR_112946.1|	98.478	460	7	0	1	460	339	798	0.0	811	821
8cdf20771588aa1038946a31a9ad2f85	gi|631250946|ref|NR_112143.1|	98.261	460	8	0	1	460	307	766	0.0	806	821
8cdf20771588aa1038946a31a9ad2f85	gi|631251997|ref|NR_113195.1|	93.478	460	30	0	1	460	338	797	0.0	684	1236515
8cdf20771588aa1038946a31a9ad2f85	gi|631251866|ref|NR_113064.1|	93.261	460	31	0	1	460	338	797	0.0	678	1236538
8cdf20771588aa1038946a31a9ad2f85	gi|631251817|ref|NR_113015.1|	93.261	460	31	0	1	460	338	797	0.0	678	1236538
8cdf20771588aa1038946a31a9ad2f85	gi|645320081|ref|NR_117373.1|	93.261	460	31	0	1	460	289	748	0.0	678	1236515
8cdf20771588aa1038946a31a9ad2f85	gi|2363085522|ref|NR_181010.1|	93.059	461	30	2	1	460	297	756	0.0	673	2786956
8cdf20771588aa1038946a31a9ad2f85	gi|2363082773|ref|NR_179635.1|	93.043	460	32	0	1	460	338	797	0.0	673	2024197
79a792473efd6151213456752ad6d726	gi|645320588|ref|NR_117758.1|	99.548	442	2	0	1	442	322	763	0.0	806	166486
79a792473efd6151213456752ad6d726	gi|228716944|ref|NR_027557.1|	99.548	442	2	0	1	442	343	784	0.0	806	536231
79a792473efd6151213456752ad6d726	gi|444439494|ref|NR_074809.1|	99.095	442	3	1	1	442	350	790	0.0	793	585394
79a792473efd6151213456752ad6d726	gi|343201282|ref|NR_042008.1|	98.869	442	3	2	1	442	341	780	0.0	787	585394
79a792473efd6151213456752ad6d726	gi|343198540|ref|NR_042832.1|	98.643	442	5	1	1	442	330	770	0.0	782	301302
79a792473efd6151213456752ad6d726	gi|1227086116|ref|NR_148619.1|	98.194	443	6	2	1	442	301	742	0.0	773	1712665
79a792473efd6151213456752ad6d726	gi|343201281|ref|NR_042007.1|	97.748	444	6	4	1	442	343	784	0.0	761	622312
79a792473efd6151213456752ad6d726	gi|2363085153|ref|NR_180825.1|	97.511	442	10	1	1	442	347	787	0.0	754	2605790
79a792473efd6151213456752ad6d726	gi|444304209|ref|NR_074634.1|	97.511	442	9	1	1	442	350	789	0.0	754	515619
79a792473efd6151213456752ad6d726	gi|2363086282|ref|NR_181393.1|	97.285	442	10	1	1	442	290	729	0.0	749	2763664
1a839cc2472365ff07b5a919bf86f430	gi|2136551683|ref|NR_173688.1|	89.888	445	38	7	1	443	321	760	5.97e-161	566	2780922
1a839cc2472365ff07b5a919bf86f430	gi|3248465658|ref|NR_201672.1|	89.485	447	39	8	1	443	296	738	9.99e-159	558	3381350
1a839cc2472365ff07b5a919bf86f430	gi|2363082711|ref|NR_179603.1|	89.462	446	37	10	1	443	317	755	1.29e-157	555	1944642
1a839cc2472365ff07b5a919bf86f430	gi|265679047|ref|NR_029355.1|	89.213	445	41	7	1	443	332	771	6.01e-156	549	84026
1a839cc2472365ff07b5a919bf86f430	gi|2363086272|ref|NR_181388.1|	89.013	446	40	7	1	443	388	827	2.80e-154	544	2763658
1a839cc2472365ff07b5a919bf86f430	gi|2363082585|ref|NR_179539.1|	88.964	444	43	6	1	443	351	789	2.80e-154	544	1852384
1a839cc2472365ff07b5a919bf86f430	gi|343205927|ref|NR_044425.1|	89.038	447	38	10	1	443	346	785	2.80e-154	544	474960
1a839cc2472365ff07b5a919bf86f430	gi|785794309|ref|NG_041947.1|	88.713	443	50	0	1	443	469	911	1.01e-153	542	394503
1a839cc2472365ff07b5a919bf86f430	gi|785497611|ref|NR_102768.2|	88.713	443	50	0	1	443	330	772	1.01e-153	542	1521
1a839cc2472365ff07b5a919bf86f430	gi|559795314|ref|NR_104907.1|	88.739	444	46	4	1	443	315	755	3.62e-153	540	290054
22b44644c360d5bf4c3f413de3bb210e	gi|343205705|ref|NR_044091.1|	99.570	465	2	0	1	465	240	704	0.0	848	423477
22b44644c360d5bf4c3f413de3bb210e	gi|631252372|ref|NR_113570.1|	98.710	465	6	0	1	465	333	797	0.0	826	1110546
22b44644c360d5bf4c3f413de3bb210e	gi|444439665|ref|NR_074980.1|	98.495	465	7	0	1	465	353	817	0.0	821	479436
22b44644c360d5bf4c3f413de3bb210e	gi|631251833|ref|NR_113031.1|	98.495	465	7	0	1	465	353	817	0.0	821	29466
22b44644c360d5bf4c3f413de3bb210e	gi|645322414|ref|NR_119168.1|	98.495	465	7	0	1	465	331	795	0.0	821	479436
22b44644c360d5bf4c3f413de3bb210e	gi|645320589|ref|NR_117759.1|	98.280	465	8	0	1	465	329	793	0.0	817	479436
22b44644c360d5bf4c3f413de3bb210e	gi|343205749|ref|NR_044153.1|	98.283	466	6	2	1	465	326	790	0.0	817	419208
22b44644c360d5bf4c3f413de3bb210e	gi|343202841|ref|NR_043332.1|	98.280	465	8	0	1	465	326	790	0.0	817	479436
22b44644c360d5bf4c3f413de3bb210e	gi|219846172|ref|NR_025762.1|	98.280	465	8	0	1	465	304	768	0.0	815	248316
22b44644c360d5bf4c3f413de3bb210e	gi|343202582|ref|NR_042940.1|	98.065	465	9	0	1	465	238	702	0.0	809	248315
93de7d9fed87b398c0260b10c76ae4a0	gi|343200591|ref|NR_041278.1|	99.783	460	1	0	1	460	339	798	0.0	845	470145
93de7d9fed87b398c0260b10c76ae4a0	gi|2221405488|ref|NR_175548.1|	95.022	462	19	4	1	460	346	805	0.0	723	2739389
93de7d9fed87b398c0260b10c76ae4a0	gi|2363082641|ref|NR_179567.1|	94.130	460	27	0	1	460	339	798	0.0	702	1907658
93de7d9fed87b398c0260b10c76ae4a0	gi|2363082635|ref|NR_179564.1|	94.156	462	23	4	1	460	338	797	0.0	701	1903262
93de7d9fed87b398c0260b10c76ae4a0	gi|1116030286|ref|NR_144744.1|	93.913	460	28	0	1	460	339	798	0.0	697	1841856
93de7d9fed87b398c0260b10c76ae4a0	gi|631251740|ref|NR_112938.1|	93.723	462	25	4	1	460	326	785	0.0	689	204516
93de7d9fed87b398c0260b10c76ae4a0	gi|343200590|ref|NR_041277.1|	93.696	460	29	0	1	460	339	798	0.0	689	484018
93de7d9fed87b398c0260b10c76ae4a0	gi|343198509|ref|NR_042745.1|	93.723	462	25	4	1	460	338	797	0.0	689	204516
93de7d9fed87b398c0260b10c76ae4a0	gi|1146059112|ref|NR_145844.1|	93.492	461	28	2	1	460	339	798	0.0	684	1411144
93de7d9fed87b398c0260b10c76ae4a0	gi|2363086254|ref|NR_181379.1|	93.492	461	28	2	1	460	341	800	0.0	684	2725562
7adf5f9b35d684ea1463b95bb533df82	gi|444304209|ref|NR_074634.1|	99.318	440	3	0	1	440	350	789	0.0	797	515619
7adf5f9b35d684ea1463b95bb533df82	gi|343198540|ref|NR_042832.1|	98.186	441	7	1	1	440	330	770	0.0	769	301302
7adf5f9b35d684ea1463b95bb533df82	gi|1227086116|ref|NR_148619.1|	97.738	442	8	2	1	440	301	742	0.0	760	1712665
7adf5f9b35d684ea1463b95bb533df82	gi|645320588|ref|NR_117758.1|	97.285	442	10	1	1	440	322	763	0.0	749	166486
7adf5f9b35d684ea1463b95bb533df82	gi|228716944|ref|NR_027557.1|	97.285	442	10	1	1	440	343	784	0.0	749	536231
7adf5f9b35d684ea1463b95bb533df82	gi|444439494|ref|NR_074809.1|	97.279	441	11	1	1	440	350	790	0.0	747	585394
7adf5f9b35d684ea1463b95bb533df82	gi|343201282|ref|NR_042008.1|	97.052	441	11	2	1	440	341	780	0.0	741	585394
7adf5f9b35d684ea1463b95bb533df82	gi|2363085153|ref|NR_180825.1|	96.825	441	13	1	1	440	347	787	0.0	736	2605790
7adf5f9b35d684ea1463b95bb533df82	gi|219846723|ref|NR_026315.1|	96.818	440	14	0	1	440	317	756	0.0	736	46206
7adf5f9b35d684ea1463b95bb533df82	gi|2363086282|ref|NR_181393.1|	96.591	440	15	0	1	440	290	729	0.0	730	2763664
fe9736a7603265342ce782e3bf4b2f7b	gi|631251875|ref|NR_113073.1|	98.478	460	7	0	1	460	329	788	0.0	811	487174
fe9736a7603265342ce782e3bf4b2f7b	gi|343200981|ref|NR_041668.1|	98.478	460	7	0	1	460	321	780	0.0	811	742726
fe9736a7603265342ce782e3bf4b2f7b	gi|1270532346|ref|NR_121773.2|	95.652	460	20	0	1	460	348	807	0.0	739	397865
fe9736a7603265342ce782e3bf4b2f7b	gi|343200821|ref|NR_041508.1|	95.435	460	20	1	1	460	325	783	0.0	732	397865
fe9736a7603265342ce782e3bf4b2f7b	gi|1146059151|ref|NR_145883.1|	89.827	462	43	4	1	460	284	743	3.69e-168	590	1501392
fe9736a7603265342ce782e3bf4b2f7b	gi|2136551682|ref|NR_173687.1|	89.827	462	43	4	1	460	325	784	3.69e-168	590	2751153
fe9736a7603265342ce782e3bf4b2f7b	gi|1116030267|ref|NR_144725.1|	89.394	462	45	4	1	460	337	796	1.71e-166	584	1686296
fe9736a7603265342ce782e3bf4b2f7b	gi|2621112336|ref|NR_189240.1|	87.716	464	49	8	1	460	342	801	1.75e-151	534	2944915
fe9736a7603265342ce782e3bf4b2f7b	gi|1909404453|ref|NR_170508.1|	87.636	461	54	3	1	460	352	810	6.30e-151	532	2518971
fe9736a7603265342ce782e3bf4b2f7b	gi|2363084366|ref|NR_180431.1|	87.473	463	52	5	1	460	350	809	8.15e-150	529	2530390
5853d94fd3b12eec7fd93d1e64df7229	gi|631251734|ref|NR_112932.1|	98.913	460	5	0	1	460	328	787	0.0	822	47678
5853d94fd3b12eec7fd93d1e64df7229	gi|219846650|ref|NR_026242.1|	98.913	460	5	0	1	460	318	777	0.0	822	47678
5853d94fd3b12eec7fd93d1e64df7229	gi|631251869|ref|NR_113067.1|	97.174	460	13	0	1	460	325	784	0.0	778	1077285
5853d94fd3b12eec7fd93d1e64df7229	gi|343200626|ref|NR_041313.1|	97.174	460	13	0	1	460	340	799	0.0	778	338188
5853d94fd3b12eec7fd93d1e64df7229	gi|645320100|ref|NR_117387.1|	96.957	460	14	0	1	460	320	779	0.0	773	1077285
5853d94fd3b12eec7fd93d1e64df7229	gi|631251749|ref|NR_112947.1|	96.739	460	15	0	1	460	326	785	0.0	769	657309
5853d94fd3b12eec7fd93d1e64df7229	gi|2363084431|ref|NR_180463.1|	96.739	460	15	0	1	460	340	799	0.0	767	2650158
5853d94fd3b12eec7fd93d1e64df7229	gi|2363084421|ref|NR_180458.1|	96.739	460	15	0	1	460	340	799	0.0	767	2650157
5853d94fd3b12eec7fd93d1e64df7229	gi|343201773|ref|NR_042499.1|	96.739	460	15	0	1	460	294	753	0.0	767	657309
5853d94fd3b12eec7fd93d1e64df7229	gi|343200620|ref|NR_041307.1|	96.739	460	15	0	1	460	334	793	0.0	767	329854
fe47d50920cbded1ba8a2cabe6dd59b4	gi|559795255|ref|NR_104846.1|	99.545	440	2	0	1	440	288	727	0.0	802	745368
fe47d50920cbded1ba8a2cabe6dd59b4	gi|265678692|ref|NR_028997.1|	98.639	441	5	1	1	440	303	743	0.0	780	214851
fe47d50920cbded1ba8a2cabe6dd59b4	gi|2363084747|ref|NR_180622.1|	94.773	440	23	0	1	440	335	774	0.0	686	2779354
fe47d50920cbded1ba8a2cabe6dd59b4	gi|1277396189|ref|NR_151900.1|	93.864	440	27	0	1	440	351	790	0.0	664	1550024
fe47d50920cbded1ba8a2cabe6dd59b4	gi|1397641802|ref|NR_156911.1|	93.636	440	28	0	1	440	351	790	0.0	658	1650663
fe47d50920cbded1ba8a2cabe6dd59b4	gi|2363080123|ref|NR_178280.1|	92.955	440	31	0	1	440	331	770	0.0	641	411483
fe47d50920cbded1ba8a2cabe6dd59b4	gi|3030611269|ref|NR_199945.1|	92.727	440	32	0	1	440	335	774	0.0	636	3435293
fe47d50920cbded1ba8a2cabe6dd59b4	gi|2363082356|ref|NR_179425.1|	92.744	441	30	2	1	440	351	790	0.0	636	1689304
fe47d50920cbded1ba8a2cabe6dd59b4	gi|2363082282|ref|NR_179388.1|	92.727	440	32	0	1	440	335	774	0.0	636	2935520
fe47d50920cbded1ba8a2cabe6dd59b4	gi|265678656|ref|NR_028961.1|	92.727	440	32	0	1	440	327	766	0.0	636	853
55b5728b597bcd9a01f925b03cdf32d7	gi|343200591|ref|NR_041278.1|	97.391	460	12	0	1	460	339	798	0.0	784	470145
55b5728b597bcd9a01f925b03cdf32d7	gi|1116030286|ref|NR_144744.1|	93.926	461	26	2	1	460	339	798	0.0	697	1841856
55b5728b597bcd9a01f925b03cdf32d7	gi|343200759|ref|NR_041446.1|	93.913	460	28	0	1	460	323	782	0.0	695	376804
55b5728b597bcd9a01f925b03cdf32d7	gi|2363082641|ref|NR_179567.1|	93.492	461	28	2	1	460	339	798	0.0	686	1907658
55b5728b597bcd9a01f925b03cdf32d7	gi|2221405488|ref|NR_175548.1|	93.506	462	26	4	1	460	346	805	0.0	684	2739389
55b5728b597bcd9a01f925b03cdf32d7	gi|631251740|ref|NR_112938.1|	93.506	462	26	4	1	460	326	785	0.0	684	204516
55b5728b597bcd9a01f925b03cdf32d7	gi|343198509|ref|NR_042745.1|	93.506	462	26	4	1	460	338	797	0.0	684	204516
55b5728b597bcd9a01f925b03cdf32d7	gi|2363082635|ref|NR_179564.1|	93.074	462	28	4	1	460	338	797	0.0	673	1903262
55b5728b597bcd9a01f925b03cdf32d7	gi|343200774|ref|NR_041461.1|	93.059	461	31	1	1	460	339	799	0.0	673	387090
55b5728b597bcd9a01f925b03cdf32d7	gi|1146059112|ref|NR_145844.1|	92.873	463	27	6	1	460	339	798	0.0	667	1411144
501b99804ac1f9cbd0ce942845a12f21	gi|310974936|ref|NR_036800.1|	99.318	440	3	0	1	440	326	765	0.0	797	411470
501b99804ac1f9cbd0ce942845a12f21	gi|645321810|ref|NR_118690.1|	99.318	440	3	0	1	440	338	777	0.0	797	411470
501b99804ac1f9cbd0ce942845a12f21	gi|2363085474|ref|NR_180986.1|	97.273	440	12	0	1	440	347	786	0.0	747	2681861
501b99804ac1f9cbd0ce942845a12f21	gi|265678578|ref|NR_028883.1|	96.154	442	14	3	1	440	226	666	0.0	719	88431
501b99804ac1f9cbd0ce942845a12f21	gi|631250892|ref|NR_112089.1|	96.145	441	15	2	1	440	336	775	0.0	719	553973
501b99804ac1f9cbd0ce942845a12f21	gi|224581401|ref|NR_024719.1|	96.145	441	14	3	1	440	341	779	0.0	717	89153
501b99804ac1f9cbd0ce942845a12f21	gi|2363085103|ref|NR_180800.1|	95.909	440	18	0	1	440	347	786	0.0	713	2652274
501b99804ac1f9cbd0ce942845a12f21	gi|1397641798|ref|NR_156907.1|	95.928	442	14	4	1	440	348	787	0.0	713	1912855
501b99804ac1f9cbd0ce942845a12f21	gi|1116030273|ref|NR_144731.1|	95.909	440	18	0	1	440	347	786	0.0	713	1720294
501b99804ac1f9cbd0ce942845a12f21	gi|219857617|ref|NR_025206.1|	95.909	440	18	0	1	440	314	753	0.0	713	180286
e37846770889e8547474ba1b726225d1	gi|559795255|ref|NR_104846.1|	99.318	440	3	0	1	440	288	727	0.0	797	745368
e37846770889e8547474ba1b726225d1	gi|265678692|ref|NR_028997.1|	98.413	441	6	1	1	440	303	743	0.0	774	214851
e37846770889e8547474ba1b726225d1	gi|2363084747|ref|NR_180622.1|	94.545	440	24	0	1	440	335	774	0.0	680	2779354
e37846770889e8547474ba1b726225d1	gi|1277396189|ref|NR_151900.1|	93.636	440	28	0	1	440	351	790	0.0	658	1550024
e37846770889e8547474ba1b726225d1	gi|1397641802|ref|NR_156911.1|	93.409	440	29	0	1	440	351	790	0.0	652	1650663
e37846770889e8547474ba1b726225d1	gi|2363080123|ref|NR_178280.1|	92.727	440	32	0	1	440	331	770	0.0	636	411483
e37846770889e8547474ba1b726225d1	gi|3030611269|ref|NR_199945.1|	92.500	440	33	0	1	440	335	774	2.07e-180	630	3435293
e37846770889e8547474ba1b726225d1	gi|2363082356|ref|NR_179425.1|	92.517	441	31	2	1	440	351	790	2.07e-180	630	1689304
e37846770889e8547474ba1b726225d1	gi|2363082282|ref|NR_179388.1|	92.500	440	33	0	1	440	335	774	2.07e-180	630	2935520
e37846770889e8547474ba1b726225d1	gi|265678656|ref|NR_028961.1|	92.500	440	33	0	1	440	327	766	2.07e-180	630	853
954977cf756bb20ca962cbba95032d7a	gi|2363080123|ref|NR_178280.1|	99.318	440	3	0	1	440	331	770	0.0	797	411483
954977cf756bb20ca962cbba95032d7a	gi|2363081449|ref|NR_178971.1|	99.536	431	2	0	1	431	285	715	0.0	785	1851427
954977cf756bb20ca962cbba95032d7a	gi|265678656|ref|NR_028961.1|	98.636	440	6	0	1	440	327	766	0.0	780	853
954977cf756bb20ca962cbba95032d7a	gi|2363081451|ref|NR_178972.1|	98.409	440	7	0	1	440	285	724	0.0	774	1851428
954977cf756bb20ca962cbba95032d7a	gi|3030611269|ref|NR_199945.1|	98.182	440	8	0	1	440	335	774	0.0	769	3435293
954977cf756bb20ca962cbba95032d7a	gi|2363082282|ref|NR_179388.1|	97.732	441	8	2	1	440	335	774	0.0	758	2935520
954977cf756bb20ca962cbba95032d7a	gi|2363080175|ref|NR_178311.1|	97.045	440	13	0	1	440	412	851	0.0	741	2903556
954977cf756bb20ca962cbba95032d7a	gi|2363084747|ref|NR_180622.1|	92.971	441	29	2	1	440	335	774	0.0	641	2779354
954977cf756bb20ca962cbba95032d7a	gi|559795255|ref|NR_104846.1|	92.727	440	32	0	1	440	288	727	0.0	636	745368
954977cf756bb20ca962cbba95032d7a	gi|1277396189|ref|NR_151900.1|	92.273	440	34	0	1	440	351	790	9.64e-179	625	1550024
8a124e0fcfb6c92dfa5adf08375c58ec	gi|2363086264|ref|NR_181384.1|	87.755	441	53	1	1	441	250	689	2.18e-145	514	2763660
8a124e0fcfb6c92dfa5adf08375c58ec	gi|3030611263|ref|NR_199939.1|	86.878	442	55	3	1	441	332	771	1.02e-138	492	3074434
8a124e0fcfb6c92dfa5adf08375c58ec	gi|672239088|ref|NR_125677.1|	86.878	442	55	3	1	441	346	785	1.02e-138	492	1348613
8a124e0fcfb6c92dfa5adf08375c58ec	gi|2363086274|ref|NR_181389.1|	86.682	443	54	5	1	441	295	734	4.76e-137	486	2763657
8a124e0fcfb6c92dfa5adf08375c58ec	gi|1230874676|ref|NR_148837.1|	86.425	442	57	3	1	441	347	786	2.21e-135	481	1675854
8a124e0fcfb6c92dfa5adf08375c58ec	gi|645320438|ref|NR_117645.1|	86.425	442	57	3	1	441	345	784	2.21e-135	481	1185412
8a124e0fcfb6c92dfa5adf08375c58ec	gi|219846512|ref|NR_026104.1|	86.230	443	59	1	1	441	312	754	7.96e-135	479	1121303
8a124e0fcfb6c92dfa5adf08375c58ec	gi|672238876|ref|NR_125464.1|	86.199	442	60	1	1	441	325	766	2.86e-134	477	1297424
8a124e0fcfb6c92dfa5adf08375c58ec	gi|2363083221|ref|NR_179859.1|	86.168	441	60	1	1	441	347	786	1.03e-133	475	2078660
8a124e0fcfb6c92dfa5adf08375c58ec	gi|3030611264|ref|NR_199940.1|	86.168	441	60	1	1	441	338	777	1.03e-133	475	3074433
77cf2158ac6c4279e202726b6f9bc284	gi|631252157|ref|NR_113355.1|	99.570	465	2	0	1	465	356	820	0.0	848	218538
77cf2158ac6c4279e202726b6f9bc284	gi|219846090|ref|NR_025680.1|	99.570	465	2	0	1	465	336	800	0.0	848	592028
77cf2158ac6c4279e202726b6f9bc284	gi|343198671|ref|NR_043231.1|	95.064	466	21	2	1	465	283	747	0.0	732	308994
77cf2158ac6c4279e202726b6f9bc284	gi|631252159|ref|NR_113357.1|	94.861	467	21	3	1	465	356	821	0.0	726	308994
77cf2158ac6c4279e202726b6f9bc284	gi|343200979|ref|NR_041666.1|	94.194	465	27	0	1	465	336	800	0.0	710	742743
77cf2158ac6c4279e202726b6f9bc284	gi|2363082841|ref|NR_179669.1|	94.004	467	24	4	1	465	360	824	0.0	704	2161821
77cf2158ac6c4279e202726b6f9bc284	gi|2363082109|ref|NR_179301.1|	94.004	467	24	4	1	465	344	808	0.0	704	2582419
77cf2158ac6c4279e202726b6f9bc284	gi|631252158|ref|NR_113356.1|	93.348	466	28	3	1	465	355	818	0.0	686	309120
77cf2158ac6c4279e202726b6f9bc284	gi|343198462|ref|NR_041895.1|	93.348	466	28	3	1	465	296	759	0.0	686	888062
77cf2158ac6c4279e202726b6f9bc284	gi|219846637|ref|NR_026229.1|	91.880	468	32	4	1	465	336	800	0.0	649	39950
941b4c75ac9434193e165ef57973d41c	gi|1269806089|ref|NR_074784.2|	99.130	460	4	0	1	460	345	804	0.0	828	272559
941b4c75ac9434193e165ef57973d41c	gi|631251738|ref|NR_112936.1|	99.130	460	4	0	1	460	338	797	0.0	828	817
941b4c75ac9434193e165ef57973d41c	gi|645322408|ref|NR_119164.1|	99.130	460	4	0	1	460	317	776	0.0	828	817
941b4c75ac9434193e165ef57973d41c	gi|631250944|ref|NR_112141.1|	97.826	460	8	2	1	460	335	792	0.0	793	817
941b4c75ac9434193e165ef57973d41c	gi|2363082547|ref|NR_179520.1|	94.794	461	22	2	1	460	314	773	0.0	717	1841855
941b4c75ac9434193e165ef57973d41c	gi|2363082611|ref|NR_179552.1|	94.577	461	24	1	1	460	340	800	0.0	712	1871006
941b4c75ac9434193e165ef57973d41c	gi|636560121|ref|NR_116181.1|	94.384	463	19	4	1	460	333	791	0.0	704	28116
941b4c75ac9434193e165ef57973d41c	gi|631251872|ref|NR_113070.1|	94.130	460	27	0	1	460	334	793	0.0	701	742727
941b4c75ac9434193e165ef57973d41c	gi|631251697|ref|NR_112895.1|	94.130	460	27	0	1	460	314	773	0.0	701	742727
941b4c75ac9434193e165ef57973d41c	gi|1109168015|ref|NR_144606.1|	93.913	460	28	0	1	460	340	799	0.0	695	1796613
dc4b26258867c2ce30a4245775d2c881	gi|645321792|ref|NR_118676.1|	96.591	440	15	0	1	440	370	809	0.0	739	39497
dc4b26258867c2ce30a4245775d2c881	gi|219846511|ref|NR_026103.1|	96.591	440	15	0	1	440	316	755	0.0	730	37658
dc4b26258867c2ce30a4245775d2c881	gi|1277396183|ref|NR_151894.1|	96.591	440	15	0	1	440	335	774	0.0	730	433293
dc4b26258867c2ce30a4245775d2c881	gi|1277396381|ref|NR_152095.1|	96.364	440	16	0	1	440	348	787	0.0	725	1679721
dc4b26258867c2ce30a4245775d2c881	gi|631252121|ref|NR_113319.1|	96.364	440	16	0	1	440	350	789	0.0	725	645466
dc4b26258867c2ce30a4245775d2c881	gi|636560803|ref|NR_116863.1|	96.145	441	16	1	1	440	337	777	0.0	719	645466
dc4b26258867c2ce30a4245775d2c881	gi|343202586|ref|NR_042953.1|	96.136	440	17	0	1	440	308	747	0.0	719	264463
dc4b26258867c2ce30a4245775d2c881	gi|2136551633|ref|NR_173637.1|	95.909	440	18	0	1	440	294	733	0.0	713	2755051
dc4b26258867c2ce30a4245775d2c881	gi|219878251|ref|NR_025390.1|	95.909	440	18	0	1	440	330	769	0.0	713	115544
dc4b26258867c2ce30a4245775d2c881	gi|2363081778|ref|NR_179135.1|	95.692	441	18	1	1	440	330	770	0.0	708	2025494
1d7ef7c47c39b287cdca728b9aeb31fe	gi|2363082282|ref|NR_179388.1|	99.091	440	4	0	1	440	335	774	0.0	791	2935520
1d7ef7c47c39b287cdca728b9aeb31fe	gi|2363081451|ref|NR_178972.1|	98.409	440	7	0	1	440	285	724	0.0	774	1851428
1d7ef7c47c39b287cdca728b9aeb31fe	gi|265678656|ref|NR_028961.1|	97.955	440	9	0	1	440	327	766	0.0	763	853
1d7ef7c47c39b287cdca728b9aeb31fe	gi|2363080123|ref|NR_178280.1|	97.732	441	8	2	1	440	331	770	0.0	758	411483
1d7ef7c47c39b287cdca728b9aeb31fe	gi|3030611269|ref|NR_199945.1|	97.506	441	9	2	1	440	335	774	0.0	752	3435293
1d7ef7c47c39b287cdca728b9aeb31fe	gi|2363081449|ref|NR_178971.1|	97.279	441	9	3	1	440	285	723	0.0	745	1851427
1d7ef7c47c39b287cdca728b9aeb31fe	gi|2363080175|ref|NR_178311.1|	95.918	441	16	2	1	440	412	851	0.0	713	2903556
1d7ef7c47c39b287cdca728b9aeb31fe	gi|2363084747|ref|NR_180622.1|	93.182	440	30	0	1	440	335	774	0.0	647	2779354
1d7ef7c47c39b287cdca728b9aeb31fe	gi|1397641802|ref|NR_156911.1|	92.744	441	30	2	1	440	351	790	0.0	636	1650663
1d7ef7c47c39b287cdca728b9aeb31fe	gi|559795255|ref|NR_104846.1|	92.727	440	32	0	1	440	288	727	0.0	636	745368
d857635d977ef426ebef367f925522a3	gi|636559243|ref|NR_115300.1|	99.348	460	3	0	1	460	314	773	0.0	833	679935
d857635d977ef426ebef367f925522a3	gi|631251952|ref|NR_113150.1|	99.130	460	4	0	1	460	334	793	0.0	828	214856
d857635d977ef426ebef367f925522a3	gi|507148137|ref|NR_102944.1|	98.913	460	5	0	1	460	334	793	0.0	822	214856
d857635d977ef426ebef367f925522a3	gi|343198609|ref|NR_043064.1|	98.913	460	5	0	1	460	314	773	0.0	822	214856
d857635d977ef426ebef367f925522a3	gi|631251955|ref|NR_113153.1|	97.609	460	11	0	1	460	334	793	0.0	789	328814
d857635d977ef426ebef367f925522a3	gi|343202834|ref|NR_043319.1|	97.391	460	12	0	1	460	323	782	0.0	785	717959
d857635d977ef426ebef367f925522a3	gi|507148054|ref|NR_102861.1|	97.391	460	12	0	1	460	334	793	0.0	784	717959
d857635d977ef426ebef367f925522a3	gi|631251953|ref|NR_113151.1|	96.739	460	15	0	1	460	338	797	0.0	767	328813
d857635d977ef426ebef367f925522a3	gi|343202833|ref|NR_043318.1|	96.739	460	15	0	1	460	324	783	0.0	767	328813
d857635d977ef426ebef367f925522a3	gi|672239000|ref|NR_125589.1|	96.522	460	16	0	1	460	269	728	0.0	761	1033731
ed98c18ebe071f82090d7b536557413c	gi|2136551683|ref|NR_173688.1|	90.112	445	37	7	1	443	321	760	1.28e-162	571	2780922
ed98c18ebe071f82090d7b536557413c	gi|3248465658|ref|NR_201672.1|	89.709	447	38	8	1	443	296	738	2.15e-160	564	3381350
ed98c18ebe071f82090d7b536557413c	gi|2363082711|ref|NR_179603.1|	89.686	446	36	10	1	443	317	755	2.78e-159	560	1944642
ed98c18ebe071f82090d7b536557413c	gi|265679047|ref|NR_029355.1|	89.438	445	40	7	1	443	332	771	1.29e-157	555	84026
ed98c18ebe071f82090d7b536557413c	gi|2363086272|ref|NR_181388.1|	89.238	446	39	7	1	443	388	827	6.01e-156	549	2763658
ed98c18ebe071f82090d7b536557413c	gi|2363082585|ref|NR_179539.1|	89.189	444	42	6	1	443	351	789	6.01e-156	549	1852384
ed98c18ebe071f82090d7b536557413c	gi|343205927|ref|NR_044425.1|	89.262	447	37	10	1	443	346	785	6.01e-156	549	474960
ed98c18ebe071f82090d7b536557413c	gi|785794309|ref|NG_041947.1|	88.939	443	49	0	1	443	469	911	2.16e-155	547	394503
ed98c18ebe071f82090d7b536557413c	gi|785497611|ref|NR_102768.2|	88.939	443	49	0	1	443	330	772	2.16e-155	547	1521
ed98c18ebe071f82090d7b536557413c	gi|559795314|ref|NR_104907.1|	88.964	444	45	4	1	443	315	755	7.78e-155	545	290054
57aa534735f88d7f4a34c34b002f610c	gi|2363085169|ref|NR_180833.1|	99.091	440	4	0	1	440	337	776	0.0	791	2606635
57aa534735f88d7f4a34c34b002f610c	gi|559795307|ref|NR_104899.1|	97.045	440	13	0	1	440	328	767	0.0	741	384636
57aa534735f88d7f4a34c34b002f610c	gi|310975204|ref|NR_037068.1|	97.045	440	13	0	1	440	341	780	0.0	741	29375
57aa534735f88d7f4a34c34b002f610c	gi|2363082679|ref|NR_179587.1|	96.818	440	14	0	1	440	328	767	0.0	736	1926283
57aa534735f88d7f4a34c34b002f610c	gi|1384992332|ref|NR_156081.1|	96.818	440	14	0	1	440	336	775	0.0	736	1469948
57aa534735f88d7f4a34c34b002f610c	gi|1384992329|ref|NR_156078.1|	96.818	440	14	0	1	440	336	775	0.0	736	1469948
57aa534735f88d7f4a34c34b002f610c	gi|2363081854|ref|NR_179173.1|	96.818	440	14	0	1	440	333	772	0.0	736	2126740
57aa534735f88d7f4a34c34b002f610c	gi|645322280|ref|NR_119068.1|	96.818	440	13	1	1	440	315	753	0.0	734	36832
57aa534735f88d7f4a34c34b002f610c	gi|3030611230|ref|NR_199906.1|	96.591	440	15	0	1	440	354	793	0.0	730	3123317
57aa534735f88d7f4a34c34b002f610c	gi|3030611314|ref|NR_199990.1|	96.591	440	15	0	1	440	350	789	0.0	730	3123317
a7791ac2c55cfd6c6f5f9373899d95cd	gi|444439587|ref|NR_074902.1|	99.570	465	2	0	1	465	341	805	0.0	848	585054
a7791ac2c55cfd6c6f5f9373899d95cd	gi|631252881|ref|NR_114079.1|	99.570	465	2	0	1	465	314	778	0.0	848	564
a7791ac2c55cfd6c6f5f9373899d95cd	gi|559795236|ref|NR_104826.1|	99.570	465	2	0	1	465	321	785	0.0	848	624
a7791ac2c55cfd6c6f5f9373899d95cd	gi|631251361|ref|NR_112558.1|	99.570	465	2	0	1	465	174	638	0.0	848	562
a7791ac2c55cfd6c6f5f9373899d95cd	gi|228716249|ref|NR_027549.1|	99.570	465	2	0	1	465	307	771	0.0	848	585054
a7791ac2c55cfd6c6f5f9373899d95cd	gi|219846739|ref|NR_026331.1|	99.570	465	2	0	1	465	322	786	0.0	848	623
a7791ac2c55cfd6c6f5f9373899d95cd	gi|645322332|ref|NR_119109.1|	99.569	464	2	0	2	465	328	791	0.0	846	566
a7791ac2c55cfd6c6f5f9373899d95cd	gi|631252844|ref|NR_114042.1|	99.355	465	3	0	1	465	314	778	0.0	845	562
a7791ac2c55cfd6c6f5f9373899d95cd	gi|219722938|ref|NR_024570.1|	99.355	465	3	0	1	465	332	796	0.0	845	562
a7791ac2c55cfd6c6f5f9373899d95cd	gi|1018196593|ref|NR_136472.1|	99.355	465	3	0	1	465	334	798	0.0	843	1499973
ebb81ac894734ae2e8b2281c3d51af71	gi|631251745|ref|NR_112943.1|	99.565	460	2	0	1	460	326	785	0.0	839	449673
ebb81ac894734ae2e8b2281c3d51af71	gi|224581415|ref|NR_027196.1|	98.696	460	6	0	1	460	317	776	0.0	819	449673
ebb81ac894734ae2e8b2281c3d51af71	gi|343200620|ref|NR_041307.1|	97.174	460	13	0	1	460	334	793	0.0	778	329854
ebb81ac894734ae2e8b2281c3d51af71	gi|631251867|ref|NR_113065.1|	96.957	460	14	0	1	460	338	797	0.0	773	762984
ebb81ac894734ae2e8b2281c3d51af71	gi|631251695|ref|NR_112893.1|	96.957	460	14	0	1	460	318	777	0.0	773	762984
ebb81ac894734ae2e8b2281c3d51af71	gi|2363086949|ref|NR_181731.1|	96.739	460	15	0	1	460	290	749	0.0	767	2834112
ebb81ac894734ae2e8b2281c3d51af71	gi|631251735|ref|NR_112933.1|	96.746	461	13	2	1	460	334	793	0.0	767	246787
ebb81ac894734ae2e8b2281c3d51af71	gi|2363086550|ref|NR_181532.1|	96.087	460	18	0	1	460	322	781	0.0	750	2763025
ebb81ac894734ae2e8b2281c3d51af71	gi|631251747|ref|NR_112945.1|	96.087	460	18	0	1	460	327	786	0.0	750	820
ebb81ac894734ae2e8b2281c3d51af71	gi|631251734|ref|NR_112932.1|	96.087	460	18	0	1	460	328	787	0.0	750	47678
c3318595b2008891a6ada18885f662dd	gi|2363084786|ref|NR_180641.1|	99.355	465	3	0	1	465	316	780	0.0	843	2562449
c3318595b2008891a6ada18885f662dd	gi|645320576|ref|NR_117750.1|	99.355	465	3	0	1	465	265	729	0.0	843	57706
c3318595b2008891a6ada18885f662dd	gi|219857234|ref|NR_024862.1|	99.140	465	4	0	1	465	329	793	0.0	837	67827
c3318595b2008891a6ada18885f662dd	gi|2363081052|ref|NR_178769.1|	98.925	465	5	0	1	465	300	764	0.0	832	1563222
c3318595b2008891a6ada18885f662dd	gi|645320579|ref|NR_117752.1|	98.925	465	5	0	1	465	265	729	0.0	832	546
c3318595b2008891a6ada18885f662dd	gi|631253147|ref|NR_114345.1|	98.925	465	5	0	1	465	258	722	0.0	832	546
c3318595b2008891a6ada18885f662dd	gi|631252398|ref|NR_113596.1|	98.925	465	5	0	1	465	314	778	0.0	832	546
c3318595b2008891a6ada18885f662dd	gi|631252142|ref|NR_113340.1|	98.925	465	5	0	1	465	314	778	0.0	832	546
c3318595b2008891a6ada18885f662dd	gi|265678589|ref|NR_028894.1|	98.925	465	5	0	1	465	321	785	0.0	832	1006003
c3318595b2008891a6ada18885f662dd	gi|265678386|ref|NR_028688.1|	98.925	465	5	0	1	465	335	799	0.0	832	67829
5d9d8c6f053eeee0faedd31cebf7f2aa	gi|2363081451|ref|NR_178972.1|	99.318	440	3	0	1	440	285	724	0.0	797	1851428
5d9d8c6f053eeee0faedd31cebf7f2aa	gi|265678656|ref|NR_028961.1|	98.636	440	6	0	1	440	327	766	0.0	780	853
5d9d8c6f053eeee0faedd31cebf7f2aa	gi|2363082282|ref|NR_179388.1|	98.409	440	7	0	1	440	335	774	0.0	774	2935520
5d9d8c6f053eeee0faedd31cebf7f2aa	gi|2363080123|ref|NR_178280.1|	98.409	440	7	0	1	440	331	770	0.0	774	411483
5d9d8c6f053eeee0faedd31cebf7f2aa	gi|3030611269|ref|NR_199945.1|	98.182	440	8	0	1	440	335	774	0.0	769	3435293
5d9d8c6f053eeee0faedd31cebf7f2aa	gi|2363081449|ref|NR_178971.1|	98.608	431	6	0	1	431	285	715	0.0	763	1851427
5d9d8c6f053eeee0faedd31cebf7f2aa	gi|2363080175|ref|NR_178311.1|	96.364	440	16	0	1	440	412	851	0.0	725	2903556
5d9d8c6f053eeee0faedd31cebf7f2aa	gi|1397641802|ref|NR_156911.1|	92.500	440	33	0	1	440	351	790	2.07e-180	630	1650663
5d9d8c6f053eeee0faedd31cebf7f2aa	gi|2363084747|ref|NR_180622.1|	92.500	440	33	0	1	440	335	774	2.07e-180	630	2779354
5d9d8c6f053eeee0faedd31cebf7f2aa	gi|2363082356|ref|NR_179425.1|	92.290	441	32	2	1	440	351	790	9.64e-179	625	1689304
b18732aaa809ae79619117c9621469df	gi|2836274968|ref|NR_197731.1|	97.273	440	12	0	1	440	306	745	0.0	747	3093659
b18732aaa809ae79619117c9621469df	gi|2836274966|ref|NR_197729.1|	97.279	441	10	2	1	440	304	743	0.0	747	3093657
b18732aaa809ae79619117c9621469df	gi|2836274967|ref|NR_197730.1|	97.045	440	13	0	1	440	312	751	0.0	741	3093658
b18732aaa809ae79619117c9621469df	gi|1116030278|ref|NR_144736.1|	97.052	441	11	2	1	440	360	799	0.0	741	1776382
b18732aaa809ae79619117c9621469df	gi|1109168013|ref|NR_144605.1|	96.599	441	13	2	1	440	367	806	0.0	730	1796620
b18732aaa809ae79619117c9621469df	gi|2363082767|ref|NR_179632.1|	96.145	441	15	2	1	440	337	776	0.0	719	2014781
b18732aaa809ae79619117c9621469df	gi|1116030269|ref|NR_144727.1|	92.727	440	32	0	1	440	335	774	0.0	636	1673717
b18732aaa809ae79619117c9621469df	gi|2363086260|ref|NR_181382.1|	92.760	442	28	4	1	440	322	761	0.0	636	2763662
b18732aaa809ae79619117c9621469df	gi|636558732|ref|NR_114789.1|	92.744	441	30	2	1	440	347	786	0.0	636	1535
b18732aaa809ae79619117c9621469df	gi|3248465687|ref|NR_201701.1|	92.117	444	30	4	1	440	330	772	1.25e-177	621	3435187
2f721b0c097945acf75d3966c20acf5d	gi|636560108|ref|NR_116168.1|	98.710	465	6	0	1	465	335	799	0.0	826	888828
2f721b0c097945acf75d3966c20acf5d	gi|343202529|ref|NR_042878.1|	98.710	465	6	0	1	465	314	778	0.0	826	888828
2f721b0c097945acf75d3966c20acf5d	gi|645321895|ref|NR_118762.1|	97.408	463	12	0	3	465	340	802	0.0	800	888828
2f721b0c097945acf75d3966c20acf5d	gi|645321093|ref|NR_118143.1|	97.419	465	12	0	1	465	316	780	0.0	795	1035839
2f721b0c097945acf75d3966c20acf5d	gi|219878284|ref|NR_025423.1|	96.774	465	15	0	1	465	319	783	0.0	776	249188
2f721b0c097945acf75d3966c20acf5d	gi|3248465850|ref|NR_201865.1|	95.717	467	16	4	1	465	261	725	0.0	749	3414265
2f721b0c097945acf75d3966c20acf5d	gi|343202522|ref|NR_042871.1|	95.484	465	21	0	1	465	316	780	0.0	747	123820
2f721b0c097945acf75d3966c20acf5d	gi|1491522540|ref|NR_159347.1|	95.494	466	19	2	1	465	340	804	0.0	747	28161
2f721b0c097945acf75d3966c20acf5d	gi|694281134|ref|NR_115546.2|	95.289	467	18	4	1	465	344	808	0.0	737	715
2f721b0c097945acf75d3966c20acf5d	gi|636559161|ref|NR_115218.1|	95.289	467	18	4	1	465	314	778	0.0	737	157339
fa81aed1c0a9f766f6025a89264e4760	gi|636559243|ref|NR_115300.1|	99.565	460	2	0	1	460	314	773	0.0	839	679935
fa81aed1c0a9f766f6025a89264e4760	gi|631251952|ref|NR_113150.1|	99.348	460	3	0	1	460	334	793	0.0	833	214856
fa81aed1c0a9f766f6025a89264e4760	gi|507148137|ref|NR_102944.1|	99.130	460	4	0	1	460	334	793	0.0	828	214856
fa81aed1c0a9f766f6025a89264e4760	gi|343198609|ref|NR_043064.1|	99.130	460	4	0	1	460	314	773	0.0	828	214856
fa81aed1c0a9f766f6025a89264e4760	gi|631251955|ref|NR_113153.1|	97.826	460	10	0	1	460	334	793	0.0	795	328814
fa81aed1c0a9f766f6025a89264e4760	gi|343202834|ref|NR_043319.1|	97.609	460	11	0	1	460	323	782	0.0	791	717959
fa81aed1c0a9f766f6025a89264e4760	gi|507148054|ref|NR_102861.1|	97.609	460	11	0	1	460	334	793	0.0	789	717959
fa81aed1c0a9f766f6025a89264e4760	gi|631251953|ref|NR_113151.1|	96.957	460	14	0	1	460	338	797	0.0	773	328813
fa81aed1c0a9f766f6025a89264e4760	gi|343202833|ref|NR_043318.1|	96.957	460	14	0	1	460	324	783	0.0	773	328813
fa81aed1c0a9f766f6025a89264e4760	gi|672239000|ref|NR_125589.1|	96.739	460	15	0	1	460	269	728	0.0	767	1033731
395bbb2591f509da7f0c1a4458786de5	gi|645322417|ref|NR_119170.1|	98.495	465	7	0	1	465	331	795	0.0	822	39777
395bbb2591f509da7f0c1a4458786de5	gi|636559297|ref|NR_115354.1|	98.280	465	8	0	1	465	326	790	0.0	817	39777
395bbb2591f509da7f0c1a4458786de5	gi|343201164|ref|NR_041880.1|	98.280	465	8	0	1	465	282	746	0.0	815	39777
395bbb2591f509da7f0c1a4458786de5	gi|2363082157|ref|NR_179325.1|	97.430	467	8	4	1	465	300	764	0.0	793	2682456
395bbb2591f509da7f0c1a4458786de5	gi|343201163|ref|NR_041879.1|	97.430	467	8	4	1	465	283	747	0.0	793	39778
395bbb2591f509da7f0c1a4458786de5	gi|636559298|ref|NR_115355.1|	97.430	467	8	4	1	465	326	790	0.0	793	39778
395bbb2591f509da7f0c1a4458786de5	gi|645322415|ref|NR_119169.1|	97.216	467	9	4	1	465	331	795	0.0	789	39778
395bbb2591f509da7f0c1a4458786de5	gi|343205705|ref|NR_044091.1|	96.989	465	14	0	1	465	240	704	0.0	782	423477
395bbb2591f509da7f0c1a4458786de5	gi|219846172|ref|NR_025762.1|	96.788	467	11	2	1	465	304	768	0.0	776	248316
395bbb2591f509da7f0c1a4458786de5	gi|631252372|ref|NR_113570.1|	96.574	467	12	4	1	465	333	797	0.0	771	1110546
7486c070dd491970736f79a45071ed8a	gi|2363081451|ref|NR_178972.1|	99.773	440	1	0	1	440	285	724	0.0	808	1851428
7486c070dd491970736f79a45071ed8a	gi|265678656|ref|NR_028961.1|	99.091	440	4	0	1	440	327	766	0.0	791	853
7486c070dd491970736f79a45071ed8a	gi|2363082282|ref|NR_179388.1|	98.864	440	5	0	1	440	335	774	0.0	785	2935520
7486c070dd491970736f79a45071ed8a	gi|2363080123|ref|NR_178280.1|	98.864	440	5	0	1	440	331	770	0.0	785	411483
7486c070dd491970736f79a45071ed8a	gi|3030611269|ref|NR_199945.1|	98.636	440	6	0	1	440	335	774	0.0	780	3435293
7486c070dd491970736f79a45071ed8a	gi|2363081449|ref|NR_178971.1|	98.409	440	6	1	1	440	285	723	0.0	773	1851427
7486c070dd491970736f79a45071ed8a	gi|2363080175|ref|NR_178311.1|	96.818	440	14	0	1	440	412	851	0.0	736	2903556
7486c070dd491970736f79a45071ed8a	gi|1397641802|ref|NR_156911.1|	92.955	440	31	0	1	440	351	790	0.0	641	1650663
7486c070dd491970736f79a45071ed8a	gi|2363084747|ref|NR_180622.1|	92.955	440	31	0	1	440	335	774	0.0	641	2779354
7486c070dd491970736f79a45071ed8a	gi|2363082356|ref|NR_179425.1|	92.744	441	30	2	1	440	351	790	0.0	636	1689304
98b25e5f050a863829310d323f5daa0d	gi|2363082679|ref|NR_179587.1|	97.045	440	13	0	1	440	328	767	0.0	741	1926283
98b25e5f050a863829310d323f5daa0d	gi|1384992332|ref|NR_156081.1|	97.045	440	13	0	1	440	336	775	0.0	741	1469948
98b25e5f050a863829310d323f5daa0d	gi|1384992329|ref|NR_156078.1|	97.045	440	13	0	1	440	336	775	0.0	741	1469948
98b25e5f050a863829310d323f5daa0d	gi|2363081854|ref|NR_179173.1|	97.045	440	13	0	1	440	333	772	0.0	741	2126740
98b25e5f050a863829310d323f5daa0d	gi|3030611230|ref|NR_199906.1|	96.818	440	14	0	1	440	354	793	0.0	736	3123317
98b25e5f050a863829310d323f5daa0d	gi|3030611314|ref|NR_199990.1|	96.818	440	14	0	1	440	350	789	0.0	736	3123317
98b25e5f050a863829310d323f5daa0d	gi|1384992331|ref|NR_156080.1|	96.818	440	14	0	1	440	336	775	0.0	736	1469948
98b25e5f050a863829310d323f5daa0d	gi|1384992328|ref|NR_156077.1|	96.818	440	14	0	1	440	336	775	0.0	736	1469948
98b25e5f050a863829310d323f5daa0d	gi|631253128|ref|NR_114326.1|	96.591	440	15	0	1	440	334	773	0.0	730	1150298
98b25e5f050a863829310d323f5daa0d	gi|2363087259|ref|NR_181885.1|	96.136	440	17	0	1	440	335	774	0.0	721	2885351
027b3a3c474a278e57e61f1c4b1bdeb4	gi|2260349424|ref|NR_176506.1|	99.569	464	2	0	1	464	315	778	0.0	846	1982626
027b3a3c474a278e57e61f1c4b1bdeb4	gi|2260349423|ref|NR_176505.1|	98.491	464	7	0	1	464	314	777	0.0	819	1982628
027b3a3c474a278e57e61f1c4b1bdeb4	gi|631253195|ref|NR_114393.1|	93.103	464	32	0	1	464	326	789	0.0	680	29348
027b3a3c474a278e57e61f1c4b1bdeb4	gi|228720470|ref|NR_027592.1|	92.888	464	33	0	1	464	316	779	0.0	675	29348
027b3a3c474a278e57e61f1c4b1bdeb4	gi|645322231|ref|NR_119030.1|	92.688	465	32	2	1	464	324	787	0.0	669	428126
027b3a3c474a278e57e61f1c4b1bdeb4	gi|645322566|ref|NR_119286.1|	92.688	465	32	2	1	464	313	776	0.0	669	69824
027b3a3c474a278e57e61f1c4b1bdeb4	gi|1109168034|ref|NR_144615.1|	92.308	468	28	7	1	464	316	779	0.0	658	1796628
027b3a3c474a278e57e61f1c4b1bdeb4	gi|343203026|ref|NR_043550.1|	92.026	464	37	0	1	464	327	790	0.0	652	341225
027b3a3c474a278e57e61f1c4b1bdeb4	gi|631252045|ref|NR_113243.1|	91.828	465	36	2	1	464	328	791	0.0	647	1547
027b3a3c474a278e57e61f1c4b1bdeb4	gi|2363083393|ref|NR_179945.1|	91.631	466	35	3	1	464	280	743	0.0	641	2899121
676fa36994eba8a8c4780580fa1afec8	gi|2363082168|ref|NR_179330.1|	99.774	442	1	0	1	442	327	768	0.0	811	2714355
676fa36994eba8a8c4780580fa1afec8	gi|2363082165|ref|NR_179329.1|	99.095	442	4	0	1	442	327	768	0.0	795	2714353
676fa36994eba8a8c4780580fa1afec8	gi|645321110|ref|NR_118156.1|	94.808	443	21	2	1	442	304	745	0.0	689	1007096
676fa36994eba8a8c4780580fa1afec8	gi|2962412234|ref|NR_199428.1|	94.582	443	22	2	1	442	352	793	0.0	684	3073143
676fa36994eba8a8c4780580fa1afec8	gi|2363087001|ref|NR_181757.1|	94.157	445	20	6	1	442	289	730	0.0	673	2841504
676fa36994eba8a8c4780580fa1afec8	gi|1109168025|ref|NR_144611.1|	94.157	445	21	3	1	442	282	724	0.0	673	1417852
676fa36994eba8a8c4780580fa1afec8	gi|1269801610|ref|NR_074793.2|	93.905	443	25	2	1	442	355	796	0.0	667	351091
676fa36994eba8a8c4780580fa1afec8	gi|343200653|ref|NR_041340.1|	93.905	443	25	2	1	442	328	769	0.0	667	351091
676fa36994eba8a8c4780580fa1afec8	gi|2260349448|ref|NR_176530.1|	93.679	443	26	2	1	442	358	799	0.0	662	2093857
676fa36994eba8a8c4780580fa1afec8	gi|2136551692|ref|NR_173697.1|	93.665	442	28	0	1	442	349	790	0.0	662	2108523
cf8c782ae5517fbd4a33d86f7b583271	gi|1277396349|ref|NR_152060.1|	98.871	443	5	0	1	443	336	778	0.0	791	1712515
cf8c782ae5517fbd4a33d86f7b583271	gi|1277396271|ref|NR_151982.1|	98.871	443	5	0	1	443	248	690	0.0	791	1628085
cf8c782ae5517fbd4a33d86f7b583271	gi|545589041|ref|NR_044644.2|	95.937	443	16	2	1	443	354	794	0.0	725	39484
cf8c782ae5517fbd4a33d86f7b583271	gi|1193829128|ref|NR_147371.1|	95.711	443	17	1	1	443	277	717	0.0	712	1871029
cf8c782ae5517fbd4a33d86f7b583271	gi|343205971|ref|NR_044490.1|	94.595	444	23	1	1	443	348	791	0.0	686	501571
cf8c782ae5517fbd4a33d86f7b583271	gi|2363082930|ref|NR_179713.1|	94.131	443	26	0	1	443	319	761	0.0	675	1945634
cf8c782ae5517fbd4a33d86f7b583271	gi|2363087009|ref|NR_181761.1|	92.325	443	33	1	1	443	269	710	7.50e-180	628	2841509
cf8c782ae5517fbd4a33d86f7b583271	gi|265679047|ref|NR_029355.1|	90.293	443	40	2	1	443	332	771	2.76e-164	577	84026
cf8c782ae5517fbd4a33d86f7b583271	gi|645321636|ref|NR_118554.1|	90.068	443	44	0	1	443	329	771	9.92e-164	575	1297617
cf8c782ae5517fbd4a33d86f7b583271	gi|3248465658|ref|NR_201672.1|	89.865	444	43	2	1	443	296	738	4.61e-162	569	3381350
cb71acf95be20ae9a22787c73cebc39a	gi|343201773|ref|NR_042499.1|	99.565	460	2	0	1	460	294	753	0.0	839	657309
cb71acf95be20ae9a22787c73cebc39a	gi|631251749|ref|NR_112947.1|	99.348	460	3	0	1	460	326	785	0.0	835	657309
cb71acf95be20ae9a22787c73cebc39a	gi|2363084431|ref|NR_180463.1|	99.130	460	4	0	1	460	340	799	0.0	828	2650158
cb71acf95be20ae9a22787c73cebc39a	gi|631251733|ref|NR_112931.1|	98.696	460	6	0	1	460	340	799	0.0	817	85831
cb71acf95be20ae9a22787c73cebc39a	gi|265678305|ref|NR_028607.1|	98.693	459	6	0	2	460	333	791	0.0	815	85831
cb71acf95be20ae9a22787c73cebc39a	gi|631252008|ref|NR_113206.1|	98.043	460	9	0	1	460	336	795	0.0	800	1236513
cb71acf95be20ae9a22787c73cebc39a	gi|645322410|ref|NR_119165.1|	97.609	460	11	0	1	460	319	778	0.0	797	28116
cb71acf95be20ae9a22787c73cebc39a	gi|631251869|ref|NR_113067.1|	97.609	460	11	0	1	460	325	784	0.0	789	1077285
cb71acf95be20ae9a22787c73cebc39a	gi|645320100|ref|NR_117387.1|	97.609	460	11	0	1	460	320	779	0.0	789	1077285
cb71acf95be20ae9a22787c73cebc39a	gi|343200626|ref|NR_041313.1|	97.609	460	11	0	1	460	340	799	0.0	789	338188
09080e0c68b30966579429ec2cfb5bb3	gi|631251875|ref|NR_113073.1|	98.478	460	7	0	1	460	329	788	0.0	811	487174
09080e0c68b30966579429ec2cfb5bb3	gi|343200981|ref|NR_041668.1|	98.478	460	7	0	1	460	321	780	0.0	811	742726
09080e0c68b30966579429ec2cfb5bb3	gi|1270532346|ref|NR_121773.2|	95.652	460	20	0	1	460	348	807	0.0	739	397865
09080e0c68b30966579429ec2cfb5bb3	gi|343200821|ref|NR_041508.1|	95.435	460	20	1	1	460	325	783	0.0	732	397865
09080e0c68b30966579429ec2cfb5bb3	gi|1146059151|ref|NR_145883.1|	89.827	462	43	4	1	460	284	743	3.69e-168	590	1501392
09080e0c68b30966579429ec2cfb5bb3	gi|2136551682|ref|NR_173687.1|	89.827	462	43	4	1	460	325	784	3.69e-168	590	2751153
09080e0c68b30966579429ec2cfb5bb3	gi|1116030267|ref|NR_144725.1|	89.394	462	45	4	1	460	337	796	1.71e-166	584	1686296
09080e0c68b30966579429ec2cfb5bb3	gi|2621112336|ref|NR_189240.1|	87.716	464	49	8	1	460	342	801	1.75e-151	534	2944915
09080e0c68b30966579429ec2cfb5bb3	gi|1909404453|ref|NR_170508.1|	87.636	461	54	3	1	460	352	810	6.30e-151	532	2518971
09080e0c68b30966579429ec2cfb5bb3	gi|2363084366|ref|NR_180431.1|	87.473	463	52	5	1	460	350	809	8.15e-150	529	2530390
ad88f407982b729075ce64615602ceda	gi|2363082569|ref|NR_179531.1|	94.820	444	19	4	1	442	347	788	0.0	689	1852369
ad88f407982b729075ce64615602ceda	gi|2363082168|ref|NR_179330.1|	94.570	442	24	0	1	442	327	768	0.0	684	2714355
ad88f407982b729075ce64615602ceda	gi|2363082165|ref|NR_179329.1|	94.344	442	25	0	1	442	327	768	0.0	678	2714353
ad88f407982b729075ce64615602ceda	gi|1109168025|ref|NR_144611.1|	92.777	443	31	1	1	442	282	724	0.0	640	1417852
ad88f407982b729075ce64615602ceda	gi|2136551692|ref|NR_173697.1|	92.534	442	33	0	1	442	349	790	0.0	634	2108523
ad88f407982b729075ce64615602ceda	gi|3030611324|ref|NR_200000.1|	92.551	443	32	1	1	442	301	743	0.0	634	3342383
ad88f407982b729075ce64615602ceda	gi|645321110|ref|NR_118156.1|	92.584	445	27	5	1	442	304	745	0.0	634	1007096
ad88f407982b729075ce64615602ceda	gi|1269801610|ref|NR_074793.2|	92.325	443	32	2	1	442	355	796	7.49e-180	628	351091
ad88f407982b729075ce64615602ceda	gi|343200653|ref|NR_041340.1|	92.325	443	32	2	1	442	328	769	7.49e-180	628	351091
ad88f407982b729075ce64615602ceda	gi|2363082342|ref|NR_179418.1|	92.099	443	34	1	1	442	348	790	3.48e-178	623	1673721
a5d18044f1ff825475eb8ba4f26d2a8e	gi|228718376|ref|NR_027573.1|	99.317	439	3	0	1	439	303	741	0.0	795	261299
a5d18044f1ff825475eb8ba4f26d2a8e	gi|645322235|ref|NR_119034.1|	98.178	439	7	1	1	439	320	757	0.0	765	1121321
a5d18044f1ff825475eb8ba4f26d2a8e	gi|631251934|ref|NR_113132.1|	97.950	439	9	0	1	439	321	759	0.0	761	1121308
a5d18044f1ff825475eb8ba4f26d2a8e	gi|2363081240|ref|NR_178864.1|	97.722	439	10	0	1	439	321	759	0.0	756	1507512
a5d18044f1ff825475eb8ba4f26d2a8e	gi|631251942|ref|NR_113140.1|	97.722	439	10	0	1	439	319	757	0.0	756	1505
a5d18044f1ff825475eb8ba4f26d2a8e	gi|631250975|ref|NR_112172.1|	97.717	438	10	0	2	439	313	750	0.0	756	1121308
a5d18044f1ff825475eb8ba4f26d2a8e	gi|645319814|ref|NR_117174.1|	97.494	439	11	0	1	439	316	754	0.0	750	1737
a5d18044f1ff825475eb8ba4f26d2a8e	gi|631250758|ref|NR_104812.1|	97.494	439	11	0	1	439	318	756	0.0	750	1737
a5d18044f1ff825475eb8ba4f26d2a8e	gi|559795110|ref|NR_104696.1|	97.494	439	11	0	1	439	319	757	0.0	750	29358
a5d18044f1ff825475eb8ba4f26d2a8e	gi|636559738|ref|NR_115798.1|	97.494	439	11	0	1	439	321	759	0.0	750	1737
b24a79afcd25a29005550a5c6566469f	gi|559795255|ref|NR_104846.1|	98.636	440	6	0	1	440	288	727	0.0	780	745368
b24a79afcd25a29005550a5c6566469f	gi|265678692|ref|NR_028997.1|	98.186	441	7	1	1	440	303	743	0.0	769	214851
b24a79afcd25a29005550a5c6566469f	gi|2363084747|ref|NR_180622.1|	94.318	440	25	0	1	440	335	774	0.0	675	2779354
b24a79afcd25a29005550a5c6566469f	gi|1397641802|ref|NR_156911.1|	93.864	440	27	0	1	440	351	790	0.0	664	1650663
b24a79afcd25a29005550a5c6566469f	gi|1277396189|ref|NR_151900.1|	93.409	440	29	0	1	440	351	790	0.0	652	1550024
b24a79afcd25a29005550a5c6566469f	gi|3030611269|ref|NR_199945.1|	93.182	440	30	0	1	440	335	774	0.0	647	3435293
b24a79afcd25a29005550a5c6566469f	gi|2363082282|ref|NR_179388.1|	93.182	440	30	0	1	440	335	774	0.0	647	2935520
b24a79afcd25a29005550a5c6566469f	gi|265678656|ref|NR_028961.1|	93.182	440	30	0	1	440	327	766	0.0	647	853
b24a79afcd25a29005550a5c6566469f	gi|2363082356|ref|NR_179425.1|	92.744	441	30	2	1	440	351	790	0.0	636	1689304
b24a79afcd25a29005550a5c6566469f	gi|2363081451|ref|NR_178972.1|	92.727	440	32	0	1	440	285	724	0.0	636	1851428
178e7e53534b042b439133934f2ca616	gi|444303855|ref|NR_074277.1|	99.348	460	3	0	1	460	352	811	0.0	833	818
178e7e53534b042b439133934f2ca616	gi|631251746|ref|NR_112944.1|	99.348	460	3	0	1	460	324	783	0.0	833	818
178e7e53534b042b439133934f2ca616	gi|631252008|ref|NR_113206.1|	98.482	461	5	2	1	460	336	795	0.0	811	1236513
178e7e53534b042b439133934f2ca616	gi|631250945|ref|NR_112142.1|	98.472	458	6	1	3	460	336	792	0.0	806	818
178e7e53534b042b439133934f2ca616	gi|631251869|ref|NR_113067.1|	97.831	461	8	2	1	460	325	784	0.0	795	1077285
178e7e53534b042b439133934f2ca616	gi|645320100|ref|NR_117387.1|	97.831	461	8	2	1	460	320	779	0.0	795	1077285
178e7e53534b042b439133934f2ca616	gi|2363084421|ref|NR_180458.1|	97.397	461	10	2	1	460	340	799	0.0	784	2650157
178e7e53534b042b439133934f2ca616	gi|631251749|ref|NR_112947.1|	96.963	461	12	2	1	460	326	785	0.0	774	657309
178e7e53534b042b439133934f2ca616	gi|2363084431|ref|NR_180463.1|	96.963	461	12	2	1	460	340	799	0.0	773	2650158
178e7e53534b042b439133934f2ca616	gi|631251744|ref|NR_112942.1|	96.963	461	12	2	1	460	323	782	0.0	773	291644
b8c71959ef297010c507ce8eeff12dfb	gi|2363080123|ref|NR_178280.1|	99.091	440	4	0	1	440	331	770	0.0	791	411483
b8c71959ef297010c507ce8eeff12dfb	gi|3030611269|ref|NR_199945.1|	98.864	440	5	0	1	440	335	774	0.0	785	3435293
b8c71959ef297010c507ce8eeff12dfb	gi|2363081449|ref|NR_178971.1|	99.304	431	3	0	1	431	285	715	0.0	780	1851427
b8c71959ef297010c507ce8eeff12dfb	gi|265678656|ref|NR_028961.1|	98.409	440	7	0	1	440	327	766	0.0	774	853
b8c71959ef297010c507ce8eeff12dfb	gi|2363081451|ref|NR_178972.1|	98.182	440	8	0	1	440	285	724	0.0	769	1851428
b8c71959ef297010c507ce8eeff12dfb	gi|2363082282|ref|NR_179388.1|	97.506	441	9	2	1	440	335	774	0.0	752	2935520
b8c71959ef297010c507ce8eeff12dfb	gi|2363080175|ref|NR_178311.1|	96.818	440	14	0	1	440	412	851	0.0	736	2903556
b8c71959ef297010c507ce8eeff12dfb	gi|2363084747|ref|NR_180622.1|	93.651	441	26	2	1	440	335	774	0.0	658	2779354
b8c71959ef297010c507ce8eeff12dfb	gi|559795255|ref|NR_104846.1|	93.409	440	29	0	1	440	288	727	0.0	652	745368
b8c71959ef297010c507ce8eeff12dfb	gi|1277396189|ref|NR_151900.1|	92.955	440	31	0	1	440	351	790	0.0	641	1550024
cdd59ab16b430f80105ed026c0c9b0dc	gi|343201281|ref|NR_042007.1|	99.548	442	2	0	1	442	343	784	0.0	806	622312
cdd59ab16b430f80105ed026c0c9b0dc	gi|645320588|ref|NR_117758.1|	97.748	444	6	4	1	442	322	763	0.0	761	166486
cdd59ab16b430f80105ed026c0c9b0dc	gi|228716944|ref|NR_027557.1|	97.748	444	6	4	1	442	343	784	0.0	761	536231
cdd59ab16b430f80105ed026c0c9b0dc	gi|343198540|ref|NR_042832.1|	97.748	444	5	5	1	442	330	770	0.0	760	301302
cdd59ab16b430f80105ed026c0c9b0dc	gi|444439494|ref|NR_074809.1|	97.297	444	7	5	1	442	350	790	0.0	749	585394
cdd59ab16b430f80105ed026c0c9b0dc	gi|1227086116|ref|NR_148619.1|	97.079	445	7	6	1	442	301	742	0.0	745	1712665
cdd59ab16b430f80105ed026c0c9b0dc	gi|343201282|ref|NR_042008.1|	97.072	444	7	6	1	442	341	780	0.0	743	585394
cdd59ab16b430f80105ed026c0c9b0dc	gi|444304209|ref|NR_074634.1|	96.622	444	9	5	1	442	350	789	0.0	732	515619
cdd59ab16b430f80105ed026c0c9b0dc	gi|2363086282|ref|NR_181393.1|	96.622	444	9	5	1	442	290	729	0.0	732	2763664
cdd59ab16b430f80105ed026c0c9b0dc	gi|2363085153|ref|NR_180825.1|	95.946	444	13	5	1	442	347	787	0.0	715	2605790
a18eb1bdaea12f6974260bcccc0da442	gi|343201773|ref|NR_042499.1|	99.348	460	3	0	1	460	294	753	0.0	833	657309
a18eb1bdaea12f6974260bcccc0da442	gi|631251749|ref|NR_112947.1|	99.130	460	4	0	1	460	326	785	0.0	830	657309
a18eb1bdaea12f6974260bcccc0da442	gi|2363084431|ref|NR_180463.1|	98.913	460	5	0	1	460	340	799	0.0	822	2650158
a18eb1bdaea12f6974260bcccc0da442	gi|631251733|ref|NR_112931.1|	98.478	460	7	0	1	460	340	799	0.0	811	85831
a18eb1bdaea12f6974260bcccc0da442	gi|265678305|ref|NR_028607.1|	98.475	459	7	0	2	460	333	791	0.0	809	85831
a18eb1bdaea12f6974260bcccc0da442	gi|631252008|ref|NR_113206.1|	97.826	460	10	0	1	460	336	795	0.0	795	1236513
a18eb1bdaea12f6974260bcccc0da442	gi|645322410|ref|NR_119165.1|	97.391	460	12	0	1	460	319	778	0.0	791	28116
a18eb1bdaea12f6974260bcccc0da442	gi|631251869|ref|NR_113067.1|	97.391	460	12	0	1	460	325	784	0.0	784	1077285
a18eb1bdaea12f6974260bcccc0da442	gi|645320100|ref|NR_117387.1|	97.391	460	12	0	1	460	320	779	0.0	784	1077285
a18eb1bdaea12f6974260bcccc0da442	gi|343200626|ref|NR_041313.1|	97.391	460	12	0	1	460	340	799	0.0	784	338188
1c42e916daa6a541873ac50a398f12cb	gi|631251954|ref|NR_113152.1|	99.348	460	3	0	1	460	337	796	0.0	833	28117
1c42e916daa6a541873ac50a398f12cb	gi|219846319|ref|NR_025909.1|	96.522	460	16	0	1	460	344	803	0.0	782	28117
1c42e916daa6a541873ac50a398f12cb	gi|645321193|ref|NR_118219.1|	96.963	461	12	2	1	460	332	791	0.0	773	1033732
1c42e916daa6a541873ac50a398f12cb	gi|672239000|ref|NR_125589.1|	96.746	461	13	2	1	460	269	728	0.0	767	1033731
1c42e916daa6a541873ac50a398f12cb	gi|2363086959|ref|NR_181736.1|	96.529	461	14	2	1	460	334	793	0.0	761	2834113
1c42e916daa6a541873ac50a398f12cb	gi|2363082099|ref|NR_179296.1|	96.529	461	14	2	1	460	324	783	0.0	761	2585119
1c42e916daa6a541873ac50a398f12cb	gi|631251953|ref|NR_113151.1|	96.104	462	14	4	1	460	338	797	0.0	750	328813
1c42e916daa6a541873ac50a398f12cb	gi|343202833|ref|NR_043318.1|	96.104	462	14	4	1	460	324	783	0.0	750	328813
1c42e916daa6a541873ac50a398f12cb	gi|2363082505|ref|NR_179499.1|	95.680	463	14	6	1	460	342	801	0.0	739	2364787
1c42e916daa6a541873ac50a398f12cb	gi|507148137|ref|NR_102944.1|	95.662	461	18	2	1	460	334	793	0.0	739	214856
17d5c3d6876708919e5199044fe8495d	gi|1116030238|ref|NR_144696.1|	99.545	440	2	0	1	440	333	772	0.0	802	1414720
17d5c3d6876708919e5199044fe8495d	gi|219846899|ref|NR_026491.1|	99.545	440	2	0	1	440	319	758	0.0	802	84024
17d5c3d6876708919e5199044fe8495d	gi|219846557|ref|NR_026149.1|	98.636	440	6	0	1	440	325	764	0.0	780	36850
17d5c3d6876708919e5199044fe8495d	gi|219846575|ref|NR_026167.1|	98.416	442	4	2	1	440	246	686	0.0	778	36834
17d5c3d6876708919e5199044fe8495d	gi|219846422|ref|NR_026013.1|	97.955	440	9	0	1	440	333	772	0.0	763	46867
17d5c3d6876708919e5199044fe8495d	gi|2363082288|ref|NR_179391.1|	97.727	440	10	0	1	440	332	771	0.0	758	1499684
17d5c3d6876708919e5199044fe8495d	gi|631252127|ref|NR_113325.1|	97.727	440	10	0	1	440	333	772	0.0	758	1559
17d5c3d6876708919e5199044fe8495d	gi|219846898|ref|NR_026490.1|	97.727	440	10	0	1	440	320	759	0.0	758	84031
17d5c3d6876708919e5199044fe8495d	gi|310975222|ref|NR_037086.1|	97.727	440	10	0	1	440	316	755	0.0	758	1559
17d5c3d6876708919e5199044fe8495d	gi|636558671|ref|NR_114728.1|	97.727	440	10	0	1	440	287	726	0.0	758	1559
2f6e5a3614c7f47925593609bffd881d	gi|444303855|ref|NR_074277.1|	99.565	460	2	0	1	460	352	811	0.0	839	818
2f6e5a3614c7f47925593609bffd881d	gi|631251746|ref|NR_112944.1|	99.565	460	2	0	1	460	324	783	0.0	839	818
2f6e5a3614c7f47925593609bffd881d	gi|631252008|ref|NR_113206.1|	98.698	461	4	2	1	460	336	795	0.0	817	1236513
2f6e5a3614c7f47925593609bffd881d	gi|631250945|ref|NR_112142.1|	98.690	458	5	1	3	460	336	792	0.0	811	818
2f6e5a3614c7f47925593609bffd881d	gi|631251869|ref|NR_113067.1|	98.048	461	7	2	1	460	325	784	0.0	800	1077285
2f6e5a3614c7f47925593609bffd881d	gi|645320100|ref|NR_117387.1|	98.048	461	7	2	1	460	320	779	0.0	800	1077285
2f6e5a3614c7f47925593609bffd881d	gi|2363084421|ref|NR_180458.1|	97.614	461	9	2	1	460	340	799	0.0	789	2650157
2f6e5a3614c7f47925593609bffd881d	gi|631251749|ref|NR_112947.1|	97.180	461	11	2	1	460	326	785	0.0	780	657309
2f6e5a3614c7f47925593609bffd881d	gi|2363084431|ref|NR_180463.1|	97.180	461	11	2	1	460	340	799	0.0	778	2650158
2f6e5a3614c7f47925593609bffd881d	gi|631251744|ref|NR_112942.1|	97.180	461	11	2	1	460	323	782	0.0	778	291644
087803543e394ba3e9222974bd7b056f	gi|219846340|ref|NR_025930.1|	98.869	442	4	1	1	441	296	737	0.0	787	40518
087803543e394ba3e9222974bd7b056f	gi|2136551638|ref|NR_173642.1|	97.743	443	8	1	1	441	349	791	0.0	761	2678306
087803543e394ba3e9222974bd7b056f	gi|2363084544|ref|NR_180520.1|	95.692	441	17	2	1	441	356	794	0.0	708	2564099
087803543e394ba3e9222974bd7b056f	gi|2363082825|ref|NR_179661.1|	92.777	443	30	1	1	441	342	784	0.0	640	2086583
087803543e394ba3e9222974bd7b056f	gi|636558732|ref|NR_114789.1|	91.610	441	36	1	1	441	347	786	9.73e-174	608	1535
087803543e394ba3e9222974bd7b056f	gi|2136551663|ref|NR_173668.1|	91.403	442	35	3	1	441	294	733	4.53e-172	603	2766537
087803543e394ba3e9222974bd7b056f	gi|3248465687|ref|NR_201701.1|	91.196	443	37	1	1	441	330	772	1.63e-171	601	3435187
087803543e394ba3e9222974bd7b056f	gi|3248465688|ref|NR_201702.1|	91.196	443	37	1	1	441	328	770	1.63e-171	601	3435000
087803543e394ba3e9222974bd7b056f	gi|2180566484|ref|NR_174324.1|	91.156	441	38	1	1	441	346	785	2.11e-170	597	2576756
087803543e394ba3e9222974bd7b056f	gi|3248465658|ref|NR_201672.1|	90.541	444	38	3	1	441	296	738	1.64e-166	584	3381350
7ac321b09ce62d99b1eeab5beb56643c	gi|444304091|ref|NR_074515.1|	99.348	460	3	0	1	460	350	809	0.0	833	435590
7ac321b09ce62d99b1eeab5beb56643c	gi|631251748|ref|NR_112946.1|	99.348	460	3	0	1	460	339	798	0.0	833	821
7ac321b09ce62d99b1eeab5beb56643c	gi|631250946|ref|NR_112143.1|	99.130	460	4	0	1	460	307	766	0.0	828	821
7ac321b09ce62d99b1eeab5beb56643c	gi|343200664|ref|NR_041351.1|	98.478	460	7	0	1	460	341	800	0.0	811	357276
7ac321b09ce62d99b1eeab5beb56643c	gi|631251997|ref|NR_113195.1|	93.696	460	29	0	1	460	338	797	0.0	689	1236515
7ac321b09ce62d99b1eeab5beb56643c	gi|631251866|ref|NR_113064.1|	93.478	460	30	0	1	460	338	797	0.0	684	1236538
7ac321b09ce62d99b1eeab5beb56643c	gi|631251817|ref|NR_113015.1|	93.478	460	30	0	1	460	338	797	0.0	684	1236538
7ac321b09ce62d99b1eeab5beb56643c	gi|645320081|ref|NR_117373.1|	93.478	460	30	0	1	460	289	748	0.0	684	1236515
7ac321b09ce62d99b1eeab5beb56643c	gi|2363085522|ref|NR_181010.1|	93.043	460	32	0	1	460	297	756	0.0	673	2786956
7ac321b09ce62d99b1eeab5beb56643c	gi|2363082547|ref|NR_179520.1|	93.043	460	32	0	1	460	314	773	0.0	673	1841855
46cae32607c271a0a703c557d4e7a440	gi|444304091|ref|NR_074515.1|	96.739	460	15	0	1	460	350	809	0.0	767	435590
46cae32607c271a0a703c557d4e7a440	gi|631251748|ref|NR_112946.1|	96.739	460	15	0	1	460	339	798	0.0	767	821
46cae32607c271a0a703c557d4e7a440	gi|631250946|ref|NR_112143.1|	96.522	460	16	0	1	460	307	766	0.0	761	821
46cae32607c271a0a703c557d4e7a440	gi|343200664|ref|NR_041351.1|	96.304	460	17	0	1	460	341	800	0.0	756	357276
46cae32607c271a0a703c557d4e7a440	gi|631251872|ref|NR_113070.1|	93.696	460	29	0	1	460	334	793	0.0	689	742727
46cae32607c271a0a703c557d4e7a440	gi|631251697|ref|NR_112895.1|	93.696	460	29	0	1	460	314	773	0.0	689	742727
46cae32607c271a0a703c557d4e7a440	gi|631251866|ref|NR_113064.1|	93.478	460	30	0	1	460	338	797	0.0	684	1236538
46cae32607c271a0a703c557d4e7a440	gi|631251817|ref|NR_113015.1|	93.478	460	30	0	1	460	338	797	0.0	684	1236538
46cae32607c271a0a703c557d4e7a440	gi|645320081|ref|NR_117373.1|	93.478	460	30	0	1	460	289	748	0.0	684	1236515
46cae32607c271a0a703c557d4e7a440	gi|2363082773|ref|NR_179635.1|	93.261	460	31	0	1	460	338	797	0.0	678	2024197
f2ffd393251d4a255ed075a81857b02a	gi|2363085169|ref|NR_180833.1|	99.545	440	2	0	1	440	337	776	0.0	802	2606635
f2ffd393251d4a255ed075a81857b02a	gi|310975204|ref|NR_037068.1|	97.279	441	10	2	1	440	341	780	0.0	747	29375
f2ffd393251d4a255ed075a81857b02a	gi|3030611230|ref|NR_199906.1|	97.045	440	13	0	1	440	354	793	0.0	741	3123317
f2ffd393251d4a255ed075a81857b02a	gi|3030611314|ref|NR_199990.1|	97.045	440	13	0	1	440	350	789	0.0	741	3123317
f2ffd393251d4a255ed075a81857b02a	gi|2836274880|ref|NR_197643.1|	97.045	440	13	0	1	440	329	768	0.0	741	2962432
f2ffd393251d4a255ed075a81857b02a	gi|1384992331|ref|NR_156080.1|	97.045	440	13	0	1	440	336	775	0.0	741	1469948
f2ffd393251d4a255ed075a81857b02a	gi|1384992328|ref|NR_156077.1|	97.045	440	13	0	1	440	336	775	0.0	741	1469948
f2ffd393251d4a255ed075a81857b02a	gi|559795307|ref|NR_104899.1|	97.045	440	13	0	1	440	328	767	0.0	741	384636
f2ffd393251d4a255ed075a81857b02a	gi|645322280|ref|NR_119068.1|	97.052	441	10	3	1	440	315	753	0.0	739	36832
f2ffd393251d4a255ed075a81857b02a	gi|2363082679|ref|NR_179587.1|	96.818	440	14	0	1	440	328	767	0.0	736	1926283
44b3f6339ed5c29e2ba8874534cb1bc7	gi|2363080123|ref|NR_178280.1|	99.318	440	3	0	1	440	331	770	0.0	797	411483
44b3f6339ed5c29e2ba8874534cb1bc7	gi|2363081449|ref|NR_178971.1|	99.091	440	3	1	1	440	285	723	0.0	789	1851427
44b3f6339ed5c29e2ba8874534cb1bc7	gi|265678656|ref|NR_028961.1|	98.636	440	6	0	1	440	327	766	0.0	780	853
44b3f6339ed5c29e2ba8874534cb1bc7	gi|2363081451|ref|NR_178972.1|	98.409	440	7	0	1	440	285	724	0.0	774	1851428
44b3f6339ed5c29e2ba8874534cb1bc7	gi|3030611269|ref|NR_199945.1|	98.182	440	8	0	1	440	335	774	0.0	769	3435293
44b3f6339ed5c29e2ba8874534cb1bc7	gi|2363082282|ref|NR_179388.1|	97.732	441	8	2	1	440	335	774	0.0	758	2935520
44b3f6339ed5c29e2ba8874534cb1bc7	gi|2363080175|ref|NR_178311.1|	97.045	440	13	0	1	440	412	851	0.0	741	2903556
44b3f6339ed5c29e2ba8874534cb1bc7	gi|2363084747|ref|NR_180622.1|	92.971	441	29	2	1	440	335	774	0.0	641	2779354
44b3f6339ed5c29e2ba8874534cb1bc7	gi|559795255|ref|NR_104846.1|	92.727	440	32	0	1	440	288	727	0.0	636	745368
44b3f6339ed5c29e2ba8874534cb1bc7	gi|1277396189|ref|NR_151900.1|	92.273	440	34	0	1	440	351	790	9.64e-179	625	1550024
083f17f7014cb6d1dfd428f50b193296	gi|2363080123|ref|NR_178280.1|	99.091	440	4	0	1	440	331	770	0.0	791	411483
083f17f7014cb6d1dfd428f50b193296	gi|3030611269|ref|NR_199945.1|	98.864	440	5	0	1	440	335	774	0.0	785	3435293
083f17f7014cb6d1dfd428f50b193296	gi|2363081449|ref|NR_178971.1|	98.636	440	5	1	1	440	285	723	0.0	778	1851427
083f17f7014cb6d1dfd428f50b193296	gi|265678656|ref|NR_028961.1|	98.409	440	7	0	1	440	327	766	0.0	774	853
083f17f7014cb6d1dfd428f50b193296	gi|2363081451|ref|NR_178972.1|	98.182	440	8	0	1	440	285	724	0.0	769	1851428
083f17f7014cb6d1dfd428f50b193296	gi|2363082282|ref|NR_179388.1|	97.506	441	9	2	1	440	335	774	0.0	752	2935520
083f17f7014cb6d1dfd428f50b193296	gi|2363080175|ref|NR_178311.1|	96.818	440	14	0	1	440	412	851	0.0	736	2903556
083f17f7014cb6d1dfd428f50b193296	gi|2363084747|ref|NR_180622.1|	93.651	441	26	2	1	440	335	774	0.0	658	2779354
083f17f7014cb6d1dfd428f50b193296	gi|559795255|ref|NR_104846.1|	93.409	440	29	0	1	440	288	727	0.0	652	745368
083f17f7014cb6d1dfd428f50b193296	gi|1277396189|ref|NR_151900.1|	92.955	440	31	0	1	440	351	790	0.0	641	1550024
f401313da4453389f85c2f917f966fc8	gi|228719063|ref|NR_027579.1|	98.864	440	5	0	1	440	316	755	0.0	791	471875
f401313da4453389f85c2f917f966fc8	gi|2363082059|ref|NR_179276.1|	97.955	440	9	0	1	440	334	773	0.0	763	2316025
f401313da4453389f85c2f917f966fc8	gi|2363087259|ref|NR_181885.1|	97.506	441	9	2	1	440	335	774	0.0	752	2885351
f401313da4453389f85c2f917f966fc8	gi|2363082374|ref|NR_179434.1|	97.273	440	12	0	1	440	349	788	0.0	747	1720300
f401313da4453389f85c2f917f966fc8	gi|2363085133|ref|NR_180815.1|	97.045	440	13	0	1	440	350	789	0.0	741	2606633
f401313da4453389f85c2f917f966fc8	gi|2363083556|ref|NR_180026.1|	97.045	440	13	0	1	440	348	787	0.0	741	2696678
f401313da4453389f85c2f917f966fc8	gi|636560687|ref|NR_116747.1|	97.045	440	13	0	1	440	301	740	0.0	741	1298596
f401313da4453389f85c2f917f966fc8	gi|1909404440|ref|NR_170495.1|	96.818	440	14	0	1	440	355	794	0.0	736	2509240
f401313da4453389f85c2f917f966fc8	gi|2363082679|ref|NR_179587.1|	96.818	440	14	0	1	440	328	767	0.0	736	1926283
f401313da4453389f85c2f917f966fc8	gi|1109168017|ref|NR_144607.1|	96.818	440	14	0	1	440	282	721	0.0	736	1796615
32e441f7407acf44512c84ca5d419592	gi|2363082168|ref|NR_179330.1|	99.548	442	2	0	1	442	327	768	0.0	806	2714355
32e441f7407acf44512c84ca5d419592	gi|2363082165|ref|NR_179329.1|	98.869	442	5	0	1	442	327	768	0.0	789	2714353
32e441f7407acf44512c84ca5d419592	gi|645321110|ref|NR_118156.1|	94.582	443	22	2	1	442	304	745	0.0	684	1007096
32e441f7407acf44512c84ca5d419592	gi|2962412234|ref|NR_199428.1|	94.357	443	23	2	1	442	352	793	0.0	678	3073143
32e441f7407acf44512c84ca5d419592	gi|2363087001|ref|NR_181757.1|	93.933	445	21	6	1	442	289	730	0.0	667	2841504
32e441f7407acf44512c84ca5d419592	gi|1109168025|ref|NR_144611.1|	93.933	445	22	3	1	442	282	724	0.0	667	1417852
32e441f7407acf44512c84ca5d419592	gi|1269801610|ref|NR_074793.2|	93.679	443	26	2	1	442	355	796	0.0	662	351091
32e441f7407acf44512c84ca5d419592	gi|343200653|ref|NR_041340.1|	93.679	443	26	2	1	442	328	769	0.0	662	351091
32e441f7407acf44512c84ca5d419592	gi|2260349448|ref|NR_176530.1|	93.454	443	27	2	1	442	358	799	0.0	656	2093857
32e441f7407acf44512c84ca5d419592	gi|2136551692|ref|NR_173697.1|	93.439	442	29	0	1	442	349	790	0.0	656	2108523
184162b7cd781be45abb970c9b2f0e06	gi|631251745|ref|NR_112943.1|	99.783	460	1	0	1	460	326	785	0.0	845	449673
184162b7cd781be45abb970c9b2f0e06	gi|224581415|ref|NR_027196.1|	98.913	460	5	0	1	460	317	776	0.0	824	449673
184162b7cd781be45abb970c9b2f0e06	gi|343200620|ref|NR_041307.1|	97.391	460	12	0	1	460	334	793	0.0	784	329854
184162b7cd781be45abb970c9b2f0e06	gi|631251867|ref|NR_113065.1|	97.174	460	13	0	1	460	338	797	0.0	778	762984
184162b7cd781be45abb970c9b2f0e06	gi|631251695|ref|NR_112893.1|	97.174	460	13	0	1	460	318	777	0.0	778	762984
184162b7cd781be45abb970c9b2f0e06	gi|2363086949|ref|NR_181731.1|	96.957	460	14	0	1	460	290	749	0.0	773	2834112
184162b7cd781be45abb970c9b2f0e06	gi|631251735|ref|NR_112933.1|	96.963	461	12	2	1	460	334	793	0.0	773	246787
184162b7cd781be45abb970c9b2f0e06	gi|2363086550|ref|NR_181532.1|	96.304	460	17	0	1	460	322	781	0.0	756	2763025
184162b7cd781be45abb970c9b2f0e06	gi|631251747|ref|NR_112945.1|	96.304	460	17	0	1	460	327	786	0.0	756	820
184162b7cd781be45abb970c9b2f0e06	gi|631251734|ref|NR_112932.1|	96.304	460	17	0	1	460	328	787	0.0	756	47678
3f305cb5bb4adc26f3e7ef621fdb50ea	gi|645320588|ref|NR_117758.1|	99.095	442	4	0	1	442	322	763	0.0	795	166486
3f305cb5bb4adc26f3e7ef621fdb50ea	gi|228716944|ref|NR_027557.1|	99.095	442	4	0	1	442	343	784	0.0	795	536231
3f305cb5bb4adc26f3e7ef621fdb50ea	gi|444439494|ref|NR_074809.1|	98.643	442	5	1	1	442	350	790	0.0	782	585394
3f305cb5bb4adc26f3e7ef621fdb50ea	gi|343201282|ref|NR_042008.1|	98.416	442	5	2	1	442	341	780	0.0	776	585394
3f305cb5bb4adc26f3e7ef621fdb50ea	gi|343198540|ref|NR_042832.1|	98.190	442	7	1	1	442	330	770	0.0	771	301302
3f305cb5bb4adc26f3e7ef621fdb50ea	gi|1227086116|ref|NR_148619.1|	97.743	443	8	2	1	442	301	742	0.0	761	1712665
3f305cb5bb4adc26f3e7ef621fdb50ea	gi|343201281|ref|NR_042007.1|	97.297	444	8	4	1	442	343	784	0.0	750	622312
3f305cb5bb4adc26f3e7ef621fdb50ea	gi|2363085153|ref|NR_180825.1|	97.059	442	12	1	1	442	347	787	0.0	743	2605790
3f305cb5bb4adc26f3e7ef621fdb50ea	gi|444304209|ref|NR_074634.1|	97.059	442	11	1	1	442	350	789	0.0	743	515619
3f305cb5bb4adc26f3e7ef621fdb50ea	gi|2363086282|ref|NR_181393.1|	96.833	442	12	1	1	442	290	729	0.0	737	2763664
61991cdbf76c90d0f6448862d2b6228f	gi|228719063|ref|NR_027579.1|	99.091	440	4	0	1	440	316	755	0.0	797	471875
61991cdbf76c90d0f6448862d2b6228f	gi|2363082059|ref|NR_179276.1|	98.182	440	8	0	1	440	334	773	0.0	769	2316025
61991cdbf76c90d0f6448862d2b6228f	gi|2363087259|ref|NR_181885.1|	97.732	441	8	2	1	440	335	774	0.0	758	2885351
61991cdbf76c90d0f6448862d2b6228f	gi|2363082374|ref|NR_179434.1|	97.500	440	11	0	1	440	349	788	0.0	752	1720300
61991cdbf76c90d0f6448862d2b6228f	gi|2363085133|ref|NR_180815.1|	97.273	440	12	0	1	440	350	789	0.0	747	2606633
61991cdbf76c90d0f6448862d2b6228f	gi|2363083556|ref|NR_180026.1|	97.273	440	12	0	1	440	348	787	0.0	747	2696678
61991cdbf76c90d0f6448862d2b6228f	gi|636560687|ref|NR_116747.1|	97.273	440	12	0	1	440	301	740	0.0	747	1298596
61991cdbf76c90d0f6448862d2b6228f	gi|1909404440|ref|NR_170495.1|	97.045	440	13	0	1	440	355	794	0.0	741	2509240
61991cdbf76c90d0f6448862d2b6228f	gi|2363082679|ref|NR_179587.1|	97.045	440	13	0	1	440	328	767	0.0	741	1926283
61991cdbf76c90d0f6448862d2b6228f	gi|1109168017|ref|NR_144607.1|	97.045	440	13	0	1	440	282	721	0.0	741	1796615
99bb7a6fff0cbef055580fbf8956b27b	gi|343201281|ref|NR_042007.1|	97.285	442	12	0	1	442	343	784	0.0	750	622312
99bb7a6fff0cbef055580fbf8956b27b	gi|559795150|ref|NR_104737.1|	96.606	442	13	1	1	442	346	785	0.0	732	1732
99bb7a6fff0cbef055580fbf8956b27b	gi|1315204019|ref|NR_152688.1|	96.388	443	12	3	1	442	348	787	0.0	726	433279
99bb7a6fff0cbef055580fbf8956b27b	gi|2363085153|ref|NR_180825.1|	96.171	444	12	5	1	442	347	787	0.0	721	2605790
99bb7a6fff0cbef055580fbf8956b27b	gi|2363082059|ref|NR_179276.1|	95.937	443	14	3	1	442	334	773	0.0	715	2316025
99bb7a6fff0cbef055580fbf8956b27b	gi|645320588|ref|NR_117758.1|	95.721	444	15	4	1	442	322	763	0.0	712	166486
99bb7a6fff0cbef055580fbf8956b27b	gi|228716944|ref|NR_027557.1|	95.721	444	15	4	1	442	343	784	0.0	712	536231
99bb7a6fff0cbef055580fbf8956b27b	gi|2363085133|ref|NR_180815.1|	95.711	443	15	3	1	442	350	789	0.0	710	2606633
99bb7a6fff0cbef055580fbf8956b27b	gi|1909404440|ref|NR_170495.1|	95.711	443	15	3	1	442	355	794	0.0	710	2509240
99bb7a6fff0cbef055580fbf8956b27b	gi|2363083556|ref|NR_180026.1|	95.711	443	15	3	1	442	348	787	0.0	710	2696678
28f1c55bf2a8b61b0594126571f78748	gi|645320588|ref|NR_117758.1|	99.548	442	2	0	1	442	322	763	0.0	806	166486
28f1c55bf2a8b61b0594126571f78748	gi|228716944|ref|NR_027557.1|	99.548	442	2	0	1	442	343	784	0.0	806	536231
28f1c55bf2a8b61b0594126571f78748	gi|444439494|ref|NR_074809.1|	99.095	442	3	1	1	442	350	790	0.0	793	585394
28f1c55bf2a8b61b0594126571f78748	gi|343201282|ref|NR_042008.1|	98.869	442	3	2	1	442	341	780	0.0	787	585394
28f1c55bf2a8b61b0594126571f78748	gi|343198540|ref|NR_042832.1|	98.643	442	5	1	1	442	330	770	0.0	782	301302
28f1c55bf2a8b61b0594126571f78748	gi|1227086116|ref|NR_148619.1|	98.194	443	6	2	1	442	301	742	0.0	773	1712665
28f1c55bf2a8b61b0594126571f78748	gi|343201281|ref|NR_042007.1|	97.748	444	6	4	1	442	343	784	0.0	761	622312
28f1c55bf2a8b61b0594126571f78748	gi|2363085153|ref|NR_180825.1|	97.511	442	10	1	1	442	347	787	0.0	754	2605790
28f1c55bf2a8b61b0594126571f78748	gi|444304209|ref|NR_074634.1|	97.511	442	9	1	1	442	350	789	0.0	754	515619
28f1c55bf2a8b61b0594126571f78748	gi|2363086282|ref|NR_181393.1|	97.285	442	10	1	1	442	290	729	0.0	749	2763664
f25c2ba19a641132f7c3a4a96dcd65f4	gi|645320588|ref|NR_117758.1|	100.000	442	0	0	1	442	322	763	0.0	817	166486
f25c2ba19a641132f7c3a4a96dcd65f4	gi|228716944|ref|NR_027557.1|	100.000	442	0	0	1	442	343	784	0.0	817	536231
f25c2ba19a641132f7c3a4a96dcd65f4	gi|444439494|ref|NR_074809.1|	99.548	442	1	1	1	442	350	790	0.0	804	585394
f25c2ba19a641132f7c3a4a96dcd65f4	gi|343201282|ref|NR_042008.1|	99.321	442	1	2	1	442	341	780	0.0	798	585394
f25c2ba19a641132f7c3a4a96dcd65f4	gi|343198540|ref|NR_042832.1|	99.095	442	3	1	1	442	330	770	0.0	793	301302
f25c2ba19a641132f7c3a4a96dcd65f4	gi|1227086116|ref|NR_148619.1|	98.646	443	4	2	1	442	301	742	0.0	784	1712665
f25c2ba19a641132f7c3a4a96dcd65f4	gi|343201281|ref|NR_042007.1|	98.198	444	4	4	1	442	343	784	0.0	773	622312
f25c2ba19a641132f7c3a4a96dcd65f4	gi|2363085153|ref|NR_180825.1|	97.964	442	8	1	1	442	347	787	0.0	765	2605790
f25c2ba19a641132f7c3a4a96dcd65f4	gi|444304209|ref|NR_074634.1|	97.964	442	7	1	1	442	350	789	0.0	765	515619
f25c2ba19a641132f7c3a4a96dcd65f4	gi|2363086282|ref|NR_181393.1|	97.738	442	8	1	1	442	290	729	0.0	760	2763664
e351b706ee77fa2526b740696a072e2d	gi|343200664|ref|NR_041351.1|	99.565	460	2	0	1	460	341	800	0.0	839	357276
e351b706ee77fa2526b740696a072e2d	gi|444304091|ref|NR_074515.1|	98.696	460	6	0	1	460	350	809	0.0	817	435590
e351b706ee77fa2526b740696a072e2d	gi|631251748|ref|NR_112946.1|	98.696	460	6	0	1	460	339	798	0.0	817	821
e351b706ee77fa2526b740696a072e2d	gi|631250946|ref|NR_112143.1|	98.478	460	7	0	1	460	307	766	0.0	811	821
e351b706ee77fa2526b740696a072e2d	gi|631251997|ref|NR_113195.1|	93.696	460	29	0	1	460	338	797	0.0	689	1236515
e351b706ee77fa2526b740696a072e2d	gi|631251866|ref|NR_113064.1|	93.478	460	30	0	1	460	338	797	0.0	684	1236538
e351b706ee77fa2526b740696a072e2d	gi|631251817|ref|NR_113015.1|	93.478	460	30	0	1	460	338	797	0.0	684	1236538
e351b706ee77fa2526b740696a072e2d	gi|645320081|ref|NR_117373.1|	93.478	460	30	0	1	460	289	748	0.0	684	1236515
e351b706ee77fa2526b740696a072e2d	gi|2363085522|ref|NR_181010.1|	93.275	461	29	2	1	460	297	756	0.0	678	2786956
e351b706ee77fa2526b740696a072e2d	gi|2363082773|ref|NR_179635.1|	93.261	460	31	0	1	460	338	797	0.0	678	2024197
beb94d2d531cf4a847fefbad180036f5	gi|444304209|ref|NR_074634.1|	99.091	440	4	0	1	440	350	789	0.0	791	515619
beb94d2d531cf4a847fefbad180036f5	gi|343198540|ref|NR_042832.1|	97.959	441	8	1	1	440	330	770	0.0	763	301302
beb94d2d531cf4a847fefbad180036f5	gi|1227086116|ref|NR_148619.1|	97.511	442	9	2	1	440	301	742	0.0	754	1712665
beb94d2d531cf4a847fefbad180036f5	gi|645320588|ref|NR_117758.1|	97.059	442	11	1	1	440	322	763	0.0	743	166486
beb94d2d531cf4a847fefbad180036f5	gi|228716944|ref|NR_027557.1|	97.059	442	11	1	1	440	343	784	0.0	743	536231
beb94d2d531cf4a847fefbad180036f5	gi|444439494|ref|NR_074809.1|	97.052	441	12	1	1	440	350	790	0.0	741	585394
beb94d2d531cf4a847fefbad180036f5	gi|343201282|ref|NR_042008.1|	96.825	441	12	2	1	440	341	780	0.0	736	585394
beb94d2d531cf4a847fefbad180036f5	gi|2363085153|ref|NR_180825.1|	96.599	441	14	1	1	440	347	787	0.0	730	2605790
beb94d2d531cf4a847fefbad180036f5	gi|219846723|ref|NR_026315.1|	96.591	440	15	0	1	440	317	756	0.0	730	46206
beb94d2d531cf4a847fefbad180036f5	gi|2363086282|ref|NR_181393.1|	96.364	440	16	0	1	440	290	729	0.0	725	2763664
9e0866786ed1cedae0d65b6046d96cbb	gi|2363085169|ref|NR_180833.1|	99.545	440	2	0	1	440	337	776	0.0	802	2606635
9e0866786ed1cedae0d65b6046d96cbb	gi|310975204|ref|NR_037068.1|	97.279	441	10	2	1	440	341	780	0.0	747	29375
9e0866786ed1cedae0d65b6046d96cbb	gi|3030611230|ref|NR_199906.1|	97.045	440	13	0	1	440	354	793	0.0	741	3123317
9e0866786ed1cedae0d65b6046d96cbb	gi|3030611314|ref|NR_199990.1|	97.045	440	13	0	1	440	350	789	0.0	741	3123317
9e0866786ed1cedae0d65b6046d96cbb	gi|2836274880|ref|NR_197643.1|	97.045	440	13	0	1	440	329	768	0.0	741	2962432
9e0866786ed1cedae0d65b6046d96cbb	gi|1384992331|ref|NR_156080.1|	97.045	440	13	0	1	440	336	775	0.0	741	1469948
9e0866786ed1cedae0d65b6046d96cbb	gi|1384992328|ref|NR_156077.1|	97.045	440	13	0	1	440	336	775	0.0	741	1469948
9e0866786ed1cedae0d65b6046d96cbb	gi|559795307|ref|NR_104899.1|	97.045	440	13	0	1	440	328	767	0.0	741	384636
9e0866786ed1cedae0d65b6046d96cbb	gi|645322280|ref|NR_119068.1|	97.052	441	10	3	1	440	315	753	0.0	739	36832
9e0866786ed1cedae0d65b6046d96cbb	gi|2363082679|ref|NR_179587.1|	96.818	440	14	0	1	440	328	767	0.0	736	1926283
1f49415b8f955edb200114ccbb03fb85	gi|2363086276|ref|NR_181390.1|	98.186	441	5	3	1	439	304	743	0.0	767	2763659
1f49415b8f955edb200114ccbb03fb85	gi|1445136071|ref|NR_158111.1|	94.761	439	23	0	1	439	349	787	0.0	684	2038680
1f49415b8f955edb200114ccbb03fb85	gi|1193829135|ref|NR_147378.1|	93.651	441	26	1	1	439	339	779	0.0	658	1871035
1f49415b8f955edb200114ccbb03fb85	gi|2363082755|ref|NR_179626.1|	93.622	439	28	0	1	439	351	789	0.0	656	1987501
1f49415b8f955edb200114ccbb03fb85	gi|2363082585|ref|NR_179539.1|	93.394	439	29	0	1	439	351	789	0.0	651	1852384
1f49415b8f955edb200114ccbb03fb85	gi|1277396348|ref|NR_152059.1|	92.534	442	30	2	1	439	272	713	2.07e-180	630	1849041
1f49415b8f955edb200114ccbb03fb85	gi|2363082561|ref|NR_179527.1|	92.534	442	30	2	1	439	336	777	2.07e-180	630	1841868
1f49415b8f955edb200114ccbb03fb85	gi|2363082601|ref|NR_179547.1|	92.517	441	30	3	1	439	347	786	7.43e-180	628	1870991
1f49415b8f955edb200114ccbb03fb85	gi|228717037|ref|NR_027558.1|	90.888	439	40	0	1	439	292	730	3.51e-168	590	169435
1f49415b8f955edb200114ccbb03fb85	gi|343202572|ref|NR_042930.1|	90.888	439	40	0	1	439	366	804	3.51e-168	590	258515
2849414e7c1a42c604ff7925da722083	gi|631252045|ref|NR_113243.1|	99.784	464	1	0	1	464	328	791	0.0	852	1547
2849414e7c1a42c604ff7925da722083	gi|265678939|ref|NR_029247.1|	99.142	466	1	2	1	464	330	794	0.0	835	1547
2849414e7c1a42c604ff7925da722083	gi|343203026|ref|NR_043550.1|	97.198	464	13	0	1	464	327	790	0.0	785	341225
2849414e7c1a42c604ff7925da722083	gi|645322566|ref|NR_119286.1|	96.121	464	18	0	1	464	313	776	0.0	758	69824
2849414e7c1a42c604ff7925da722083	gi|631253195|ref|NR_114393.1|	95.043	464	23	0	1	464	326	789	0.0	730	29348
2849414e7c1a42c604ff7925da722083	gi|228720470|ref|NR_027592.1|	94.828	464	24	0	1	464	316	779	0.0	725	29348
2849414e7c1a42c604ff7925da722083	gi|645322231|ref|NR_119030.1|	94.624	465	23	2	1	464	324	787	0.0	719	428126
2849414e7c1a42c604ff7925da722083	gi|1116030260|ref|NR_144718.1|	93.763	465	27	2	1	464	326	789	0.0	697	1585974
2849414e7c1a42c604ff7925da722083	gi|3030611330|ref|NR_200006.1|	93.103	464	32	0	1	464	333	796	0.0	680	3035606
2849414e7c1a42c604ff7925da722083	gi|1109168034|ref|NR_144615.1|	92.258	465	34	2	1	464	316	779	0.0	658	1796628
360f28cfba254a3a5e689dac4724969a	gi|636558732|ref|NR_114789.1|	95.227	440	21	0	1	440	347	786	0.0	697	1535
360f28cfba254a3a5e689dac4724969a	gi|1146059197|ref|NR_145929.1|	94.144	444	22	2	1	440	319	762	0.0	673	642589
360f28cfba254a3a5e689dac4724969a	gi|3248465687|ref|NR_201701.1|	93.905	443	24	2	1	440	330	772	0.0	665	3435187
360f28cfba254a3a5e689dac4724969a	gi|3248465688|ref|NR_201702.1|	93.905	443	24	2	1	440	328	770	0.0	665	3435000
360f28cfba254a3a5e689dac4724969a	gi|2836274966|ref|NR_197729.1|	93.864	440	27	0	1	440	304	743	0.0	664	3093657
360f28cfba254a3a5e689dac4724969a	gi|1193829157|ref|NR_147400.1|	93.409	440	29	0	1	440	339	778	0.0	652	1958780
360f28cfba254a3a5e689dac4724969a	gi|2836274967|ref|NR_197730.1|	93.409	440	29	0	1	440	312	751	0.0	652	3093658
360f28cfba254a3a5e689dac4724969a	gi|1116030278|ref|NR_144736.1|	93.409	440	29	0	1	440	360	799	0.0	652	1776382
360f28cfba254a3a5e689dac4724969a	gi|2363082799|ref|NR_179648.1|	93.182	440	30	0	1	440	339	778	0.0	647	2045012
360f28cfba254a3a5e689dac4724969a	gi|2180566484|ref|NR_174324.1|	93.182	440	30	0	1	440	346	785	0.0	647	2576756
0df94b6173ff8c1b9648feb62a48bc99	gi|2363086296|ref|NR_181400.1|	93.409	440	26	2	3	442	250	686	0.0	651	2764712
0df94b6173ff8c1b9648feb62a48bc99	gi|2363085330|ref|NR_180913.1|	92.568	444	29	4	1	442	327	768	0.0	634	2697030
0df94b6173ff8c1b9648feb62a48bc99	gi|1491520133|ref|NR_159296.1|	92.551	443	31	2	1	442	335	776	0.0	634	433296
0df94b6173ff8c1b9648feb62a48bc99	gi|2363086298|ref|NR_181401.1|	92.308	442	31	2	1	442	303	741	9.69e-179	625	2763645
0df94b6173ff8c1b9648feb62a48bc99	gi|2136551617|ref|NR_173621.1|	92.081	442	35	0	1	442	354	795	3.48e-178	623	2818044
0df94b6173ff8c1b9648feb62a48bc99	gi|265678606|ref|NR_028911.1|	92.099	443	33	2	1	442	335	776	3.48e-178	623	109327
0df94b6173ff8c1b9648feb62a48bc99	gi|1116030291|ref|NR_144749.1|	92.117	444	30	5	1	442	347	787	1.25e-177	621	1852367
0df94b6173ff8c1b9648feb62a48bc99	gi|2463901899|ref|NR_184630.1|	92.081	442	34	1	1	442	343	783	1.25e-177	621	2839743
0df94b6173ff8c1b9648feb62a48bc99	gi|219846440|ref|NR_026031.1|	91.837	441	36	0	2	442	326	766	5.83e-176	616	51123
0df94b6173ff8c1b9648feb62a48bc99	gi|265678381|ref|NR_028683.1|	91.685	445	30	7	1	442	328	768	2.71e-174	610	65403
ccfb6def97d08e5ec15824a2b5076e12	gi|444304091|ref|NR_074515.1|	99.348	460	3	0	1	460	350	809	0.0	833	435590
ccfb6def97d08e5ec15824a2b5076e12	gi|631251748|ref|NR_112946.1|	99.348	460	3	0	1	460	339	798	0.0	833	821
ccfb6def97d08e5ec15824a2b5076e12	gi|631250946|ref|NR_112143.1|	99.130	460	4	0	1	460	307	766	0.0	828	821
ccfb6def97d08e5ec15824a2b5076e12	gi|343200664|ref|NR_041351.1|	98.913	460	5	0	1	460	341	800	0.0	822	357276
ccfb6def97d08e5ec15824a2b5076e12	gi|631251997|ref|NR_113195.1|	93.913	460	28	0	1	460	338	797	0.0	695	1236515
ccfb6def97d08e5ec15824a2b5076e12	gi|631251866|ref|NR_113064.1|	93.696	460	29	0	1	460	338	797	0.0	689	1236538
ccfb6def97d08e5ec15824a2b5076e12	gi|631251817|ref|NR_113015.1|	93.696	460	29	0	1	460	338	797	0.0	689	1236538
ccfb6def97d08e5ec15824a2b5076e12	gi|645320081|ref|NR_117373.1|	93.696	460	29	0	1	460	289	748	0.0	689	1236515
ccfb6def97d08e5ec15824a2b5076e12	gi|2363082547|ref|NR_179520.1|	93.478	460	30	0	1	460	314	773	0.0	684	1841855
ccfb6def97d08e5ec15824a2b5076e12	gi|2363085522|ref|NR_181010.1|	93.261	460	31	0	1	460	297	756	0.0	678	2786956
5eb06452be629845cce4816e336eb785	gi|228719063|ref|NR_027579.1|	98.636	440	6	0	1	440	316	755	0.0	785	471875
5eb06452be629845cce4816e336eb785	gi|2363082059|ref|NR_179276.1|	97.727	440	10	0	1	440	334	773	0.0	758	2316025
5eb06452be629845cce4816e336eb785	gi|2363087259|ref|NR_181885.1|	97.279	441	10	2	1	440	335	774	0.0	747	2885351
5eb06452be629845cce4816e336eb785	gi|2363082374|ref|NR_179434.1|	97.045	440	13	0	1	440	349	788	0.0	741	1720300
5eb06452be629845cce4816e336eb785	gi|2363085133|ref|NR_180815.1|	96.818	440	14	0	1	440	350	789	0.0	736	2606633
5eb06452be629845cce4816e336eb785	gi|2363083556|ref|NR_180026.1|	96.818	440	14	0	1	440	348	787	0.0	736	2696678
5eb06452be629845cce4816e336eb785	gi|636560687|ref|NR_116747.1|	96.818	440	14	0	1	440	301	740	0.0	736	1298596
5eb06452be629845cce4816e336eb785	gi|1909404440|ref|NR_170495.1|	96.591	440	15	0	1	440	355	794	0.0	730	2509240
5eb06452be629845cce4816e336eb785	gi|2363082679|ref|NR_179587.1|	96.591	440	15	0	1	440	328	767	0.0	730	1926283
5eb06452be629845cce4816e336eb785	gi|1109168017|ref|NR_144607.1|	96.591	440	15	0	1	440	282	721	0.0	730	1796615
5800356eb5cbea32f4d31965bc0d4de5	gi|265678578|ref|NR_028883.1|	99.093	441	3	1	1	440	226	666	0.0	791	88431
5800356eb5cbea32f4d31965bc0d4de5	gi|1397641798|ref|NR_156907.1|	96.606	442	11	4	1	440	348	787	0.0	730	1912855
5800356eb5cbea32f4d31965bc0d4de5	gi|265678482|ref|NR_028785.1|	96.599	441	13	2	1	440	351	790	0.0	730	29347
5800356eb5cbea32f4d31965bc0d4de5	gi|1109168023|ref|NR_144610.1|	96.372	441	14	2	1	440	339	778	0.0	725	1796622
5800356eb5cbea32f4d31965bc0d4de5	gi|645322565|ref|NR_119285.1|	96.372	441	14	2	1	440	325	764	0.0	725	29347
5800356eb5cbea32f4d31965bc0d4de5	gi|631250892|ref|NR_112089.1|	96.380	442	12	4	1	440	336	775	0.0	725	553973
5800356eb5cbea32f4d31965bc0d4de5	gi|310974936|ref|NR_036800.1|	96.372	441	14	2	1	440	326	765	0.0	725	411470
5800356eb5cbea32f4d31965bc0d4de5	gi|645321810|ref|NR_118690.1|	96.372	441	14	2	1	440	338	777	0.0	725	411470
5800356eb5cbea32f4d31965bc0d4de5	gi|224581401|ref|NR_024719.1|	96.380	442	11	5	1	440	341	779	0.0	723	89153
5800356eb5cbea32f4d31965bc0d4de5	gi|2363082765|ref|NR_179631.1|	96.136	440	17	0	1	440	348	787	0.0	719	2014528
22c6f4b841dc3e574828d953a5a6fbe0	gi|3248465636|ref|NR_201647.1|	99.545	440	2	0	1	440	300	739	0.0	802	3380806
22c6f4b841dc3e574828d953a5a6fbe0	gi|343198924|ref|NR_044048.1|	99.545	440	2	0	1	440	328	767	0.0	802	470146
22c6f4b841dc3e574828d953a5a6fbe0	gi|1116030277|ref|NR_144735.1|	99.091	440	4	0	1	440	350	789	0.0	791	1745713
22c6f4b841dc3e574828d953a5a6fbe0	gi|2363082603|ref|NR_179548.1|	97.273	440	12	0	1	440	348	787	0.0	749	1870993
22c6f4b841dc3e574828d953a5a6fbe0	gi|265678940|ref|NR_029248.1|	96.818	440	12	2	1	440	349	786	0.0	736	500632
22c6f4b841dc3e574828d953a5a6fbe0	gi|2363084846|ref|NR_180671.1|	96.136	440	17	0	1	440	63	502	0.0	719	2594882
22c6f4b841dc3e574828d953a5a6fbe0	gi|2962412221|ref|NR_199415.1|	96.136	440	17	0	1	440	338	777	0.0	719	3136600
22c6f4b841dc3e574828d953a5a6fbe0	gi|2363086021|ref|NR_181263.1|	96.136	440	17	0	1	440	334	773	0.0	719	2726362
22c6f4b841dc3e574828d953a5a6fbe0	gi|2363086282|ref|NR_181393.1|	95.928	442	14	4	1	440	290	729	0.0	713	2763664
22c6f4b841dc3e574828d953a5a6fbe0	gi|343203027|ref|NR_043551.1|	95.909	440	18	0	1	440	349	788	0.0	713	341220
a1f816553dc6386c53a0eaf072e68bd2	gi|444303855|ref|NR_074277.1|	99.565	460	2	0	1	460	352	811	0.0	839	818
a1f816553dc6386c53a0eaf072e68bd2	gi|631251746|ref|NR_112944.1|	99.565	460	2	0	1	460	324	783	0.0	839	818
a1f816553dc6386c53a0eaf072e68bd2	gi|631252008|ref|NR_113206.1|	98.698	461	4	2	1	460	336	795	0.0	817	1236513
a1f816553dc6386c53a0eaf072e68bd2	gi|631250945|ref|NR_112142.1|	98.690	458	5	1	3	460	336	792	0.0	811	818
a1f816553dc6386c53a0eaf072e68bd2	gi|631251869|ref|NR_113067.1|	98.048	461	7	2	1	460	325	784	0.0	800	1077285
a1f816553dc6386c53a0eaf072e68bd2	gi|645320100|ref|NR_117387.1|	98.048	461	7	2	1	460	320	779	0.0	800	1077285
a1f816553dc6386c53a0eaf072e68bd2	gi|2363084421|ref|NR_180458.1|	97.614	461	9	2	1	460	340	799	0.0	789	2650157
a1f816553dc6386c53a0eaf072e68bd2	gi|631251749|ref|NR_112947.1|	97.180	461	11	2	1	460	326	785	0.0	780	657309
a1f816553dc6386c53a0eaf072e68bd2	gi|2363084431|ref|NR_180463.1|	97.180	461	11	2	1	460	340	799	0.0	778	2650158
a1f816553dc6386c53a0eaf072e68bd2	gi|631251744|ref|NR_112942.1|	97.180	461	11	2	1	460	323	782	0.0	778	291644
cc93cce6a8980f71e2caad848a2a702a	gi|444304091|ref|NR_074515.1|	99.565	460	2	0	1	460	350	809	0.0	839	435590
cc93cce6a8980f71e2caad848a2a702a	gi|631251748|ref|NR_112946.1|	99.565	460	2	0	1	460	339	798	0.0	839	821
cc93cce6a8980f71e2caad848a2a702a	gi|631250946|ref|NR_112143.1|	99.348	460	3	0	1	460	307	766	0.0	833	821
cc93cce6a8980f71e2caad848a2a702a	gi|343200664|ref|NR_041351.1|	98.696	460	6	0	1	460	341	800	0.0	817	357276
cc93cce6a8980f71e2caad848a2a702a	gi|631251997|ref|NR_113195.1|	93.913	460	28	0	1	460	338	797	0.0	695	1236515
cc93cce6a8980f71e2caad848a2a702a	gi|631251866|ref|NR_113064.1|	93.696	460	29	0	1	460	338	797	0.0	689	1236538
cc93cce6a8980f71e2caad848a2a702a	gi|631251817|ref|NR_113015.1|	93.696	460	29	0	1	460	338	797	0.0	689	1236538
cc93cce6a8980f71e2caad848a2a702a	gi|645320081|ref|NR_117373.1|	93.696	460	29	0	1	460	289	748	0.0	689	1236515
cc93cce6a8980f71e2caad848a2a702a	gi|2363085522|ref|NR_181010.1|	93.261	460	31	0	1	460	297	756	0.0	678	2786956
cc93cce6a8980f71e2caad848a2a702a	gi|2363082547|ref|NR_179520.1|	93.261	460	31	0	1	460	314	773	0.0	678	1841855
80ed4b295bfee620a6458fa15f919349	gi|1491509587|ref|NR_159118.1|	98.265	461	6	2	1	460	310	769	0.0	806	28116
80ed4b295bfee620a6458fa15f919349	gi|1491509586|ref|NR_159117.1|	98.265	461	6	2	1	460	301	760	0.0	806	28116
80ed4b295bfee620a6458fa15f919349	gi|645322410|ref|NR_119165.1|	97.831	461	8	2	1	460	319	778	0.0	802	28116
80ed4b295bfee620a6458fa15f919349	gi|444303855|ref|NR_074277.1|	98.043	460	9	0	1	460	352	811	0.0	800	818
80ed4b295bfee620a6458fa15f919349	gi|631251746|ref|NR_112944.1|	98.043	460	9	0	1	460	324	783	0.0	800	818
80ed4b295bfee620a6458fa15f919349	gi|631251742|ref|NR_112940.1|	98.048	461	7	2	1	460	327	786	0.0	800	28116
80ed4b295bfee620a6458fa15f919349	gi|636559244|ref|NR_115301.1|	98.048	461	7	2	1	460	320	779	0.0	800	28116
80ed4b295bfee620a6458fa15f919349	gi|631251749|ref|NR_112947.1|	97.831	461	8	2	1	460	326	785	0.0	797	657309
80ed4b295bfee620a6458fa15f919349	gi|2363084431|ref|NR_180463.1|	97.831	461	8	2	1	460	340	799	0.0	795	2650158
80ed4b295bfee620a6458fa15f919349	gi|343201773|ref|NR_042499.1|	97.831	461	8	2	1	460	294	753	0.0	795	657309
62db107ad4d984c659d71d3522558949	gi|1491509587|ref|NR_159118.1|	99.130	460	4	0	1	460	310	769	0.0	828	28116
62db107ad4d984c659d71d3522558949	gi|1491509586|ref|NR_159117.1|	99.130	460	4	0	1	460	301	760	0.0	828	28116
62db107ad4d984c659d71d3522558949	gi|631251742|ref|NR_112940.1|	98.913	460	5	0	1	460	327	786	0.0	822	28116
62db107ad4d984c659d71d3522558949	gi|636559244|ref|NR_115301.1|	98.913	460	5	0	1	460	320	779	0.0	822	28116
62db107ad4d984c659d71d3522558949	gi|636560121|ref|NR_116181.1|	98.696	460	5	1	1	460	333	791	0.0	815	28116
62db107ad4d984c659d71d3522558949	gi|343200178|ref|NR_040865.1|	98.482	461	5	2	1	460	333	792	0.0	811	28116
62db107ad4d984c659d71d3522558949	gi|645322410|ref|NR_119165.1|	98.043	460	9	0	1	460	319	778	0.0	808	28116
62db107ad4d984c659d71d3522558949	gi|631251749|ref|NR_112947.1|	96.957	460	14	0	1	460	326	785	0.0	774	657309
62db107ad4d984c659d71d3522558949	gi|2363084431|ref|NR_180463.1|	96.957	460	14	0	1	460	340	799	0.0	773	2650158
62db107ad4d984c659d71d3522558949	gi|343201773|ref|NR_042499.1|	96.957	460	14	0	1	460	294	753	0.0	773	657309
d203956007bb6c25ece992f307e1aee7	gi|444304091|ref|NR_074515.1|	99.565	460	2	0	1	460	350	809	0.0	839	435590
d203956007bb6c25ece992f307e1aee7	gi|631251748|ref|NR_112946.1|	99.565	460	2	0	1	460	339	798	0.0	839	821
d203956007bb6c25ece992f307e1aee7	gi|631250946|ref|NR_112143.1|	99.348	460	3	0	1	460	307	766	0.0	833	821
d203956007bb6c25ece992f307e1aee7	gi|343200664|ref|NR_041351.1|	98.913	460	5	0	1	460	341	800	0.0	822	357276
d203956007bb6c25ece992f307e1aee7	gi|631251997|ref|NR_113195.1|	94.348	460	26	0	1	460	338	797	0.0	706	1236515
d203956007bb6c25ece992f307e1aee7	gi|631251866|ref|NR_113064.1|	94.130	460	27	0	1	460	338	797	0.0	701	1236538
d203956007bb6c25ece992f307e1aee7	gi|631251817|ref|NR_113015.1|	94.130	460	27	0	1	460	338	797	0.0	701	1236538
d203956007bb6c25ece992f307e1aee7	gi|645320081|ref|NR_117373.1|	94.130	460	27	0	1	460	289	748	0.0	701	1236515
d203956007bb6c25ece992f307e1aee7	gi|2363085522|ref|NR_181010.1|	93.696	460	29	0	1	460	297	756	0.0	689	2786956
d203956007bb6c25ece992f307e1aee7	gi|631251874|ref|NR_113072.1|	93.696	460	29	0	1	460	338	797	0.0	689	1236512
1cafc656760bf823895af72fae806c6e	gi|343205678|ref|NR_044054.1|	98.636	440	6	0	1	440	297	736	0.0	780	1121115
1cafc656760bf823895af72fae806c6e	gi|631253117|ref|NR_114315.1|	98.409	440	7	0	1	440	336	775	0.0	776	649762
1cafc656760bf823895af72fae806c6e	gi|2363082685|ref|NR_179590.1|	98.186	441	7	1	1	440	327	767	0.0	771	1936059
1cafc656760bf823895af72fae806c6e	gi|219846722|ref|NR_026314.1|	96.591	440	15	0	1	440	330	769	0.0	730	53443
1cafc656760bf823895af72fae806c6e	gi|219846720|ref|NR_026312.1|	96.136	440	17	0	1	440	327	766	0.0	721	180164
1cafc656760bf823895af72fae806c6e	gi|2363084170|ref|NR_180334.1|	96.136	440	17	0	1	440	253	692	0.0	719	2763028
1cafc656760bf823895af72fae806c6e	gi|2363086300|ref|NR_181402.1|	96.136	440	17	0	1	440	300	739	0.0	719	2763028
1cafc656760bf823895af72fae806c6e	gi|631252033|ref|NR_113231.1|	96.145	441	15	2	1	440	347	786	0.0	719	536633
1cafc656760bf823895af72fae806c6e	gi|631251591|ref|NR_112789.1|	96.145	441	15	2	1	440	333	772	0.0	719	536633
1cafc656760bf823895af72fae806c6e	gi|2363082673|ref|NR_179584.1|	95.918	441	16	2	1	440	327	766	0.0	713	1917888
f71e58801726113cc78d39f1fab54c36	gi|631251742|ref|NR_112940.1|	92.174	460	36	0	1	460	327	786	0.0	651	28116
f71e58801726113cc78d39f1fab54c36	gi|636559244|ref|NR_115301.1|	92.174	460	36	0	1	460	320	779	0.0	651	28116
f71e58801726113cc78d39f1fab54c36	gi|636560121|ref|NR_116181.1|	92.174	460	35	1	1	460	333	791	0.0	649	28116
f71e58801726113cc78d39f1fab54c36	gi|1491509587|ref|NR_159118.1|	91.957	460	37	0	1	460	310	769	0.0	645	28116
f71e58801726113cc78d39f1fab54c36	gi|1491509586|ref|NR_159117.1|	91.957	460	37	0	1	460	301	760	0.0	645	28116
f71e58801726113cc78d39f1fab54c36	gi|2363086949|ref|NR_181731.1|	91.957	460	37	0	1	460	290	749	0.0	645	2834112
f71e58801726113cc78d39f1fab54c36	gi|631251867|ref|NR_113065.1|	91.957	460	37	0	1	460	338	797	0.0	645	762984
f71e58801726113cc78d39f1fab54c36	gi|631251744|ref|NR_112942.1|	91.957	460	37	0	1	460	323	782	0.0	645	291644
f71e58801726113cc78d39f1fab54c36	gi|631251695|ref|NR_112893.1|	91.957	460	37	0	1	460	318	777	0.0	645	762984
f71e58801726113cc78d39f1fab54c36	gi|631251741|ref|NR_112939.1|	91.739	460	38	0	1	460	334	793	0.0	640	1203608
b066f8134dc017adf4ab5e328e0ace31	gi|631251954|ref|NR_113152.1|	99.348	460	3	0	1	460	337	796	0.0	833	28117
b066f8134dc017adf4ab5e328e0ace31	gi|219846319|ref|NR_025909.1|	96.522	460	16	0	1	460	344	803	0.0	782	28117
b066f8134dc017adf4ab5e328e0ace31	gi|645321193|ref|NR_118219.1|	96.963	461	12	2	1	460	332	791	0.0	773	1033732
b066f8134dc017adf4ab5e328e0ace31	gi|672239000|ref|NR_125589.1|	96.746	461	13	2	1	460	269	728	0.0	767	1033731
b066f8134dc017adf4ab5e328e0ace31	gi|2363086959|ref|NR_181736.1|	96.529	461	14	2	1	460	334	793	0.0	761	2834113
b066f8134dc017adf4ab5e328e0ace31	gi|2363082099|ref|NR_179296.1|	96.529	461	14	2	1	460	324	783	0.0	761	2585119
b066f8134dc017adf4ab5e328e0ace31	gi|631251953|ref|NR_113151.1|	96.104	462	14	4	1	460	338	797	0.0	750	328813
b066f8134dc017adf4ab5e328e0ace31	gi|343202833|ref|NR_043318.1|	96.104	462	14	4	1	460	324	783	0.0	750	328813
b066f8134dc017adf4ab5e328e0ace31	gi|2363082505|ref|NR_179499.1|	95.680	463	14	6	1	460	342	801	0.0	739	2364787
b066f8134dc017adf4ab5e328e0ace31	gi|507148137|ref|NR_102944.1|	95.662	461	18	2	1	460	334	793	0.0	739	214856
4da550e7af46d35c59ba650ed45d6e78	gi|1269806089|ref|NR_074784.2|	99.348	460	3	0	1	460	345	804	0.0	833	272559
4da550e7af46d35c59ba650ed45d6e78	gi|631251738|ref|NR_112936.1|	99.348	460	3	0	1	460	338	797	0.0	833	817
4da550e7af46d35c59ba650ed45d6e78	gi|645322408|ref|NR_119164.1|	99.348	460	3	0	1	460	317	776	0.0	833	817
4da550e7af46d35c59ba650ed45d6e78	gi|631250944|ref|NR_112141.1|	98.043	460	7	2	1	460	335	792	0.0	798	817
4da550e7af46d35c59ba650ed45d6e78	gi|2363082547|ref|NR_179520.1|	95.011	461	21	2	1	460	314	773	0.0	723	1841855
4da550e7af46d35c59ba650ed45d6e78	gi|2363082611|ref|NR_179552.1|	94.794	461	23	1	1	460	340	800	0.0	717	1871006
4da550e7af46d35c59ba650ed45d6e78	gi|636560121|ref|NR_116181.1|	94.600	463	18	4	1	460	333	791	0.0	710	28116
4da550e7af46d35c59ba650ed45d6e78	gi|631251872|ref|NR_113070.1|	94.348	460	26	0	1	460	334	793	0.0	706	742727
4da550e7af46d35c59ba650ed45d6e78	gi|631251697|ref|NR_112895.1|	94.348	460	26	0	1	460	314	773	0.0	706	742727
4da550e7af46d35c59ba650ed45d6e78	gi|1109168015|ref|NR_144606.1|	94.130	460	27	0	1	460	340	799	0.0	701	1796613
2c8402c118f504c66b77acecf35e0b65	gi|2363082679|ref|NR_179587.1|	96.591	440	15	0	1	440	328	767	0.0	730	1926283
2c8402c118f504c66b77acecf35e0b65	gi|1384992332|ref|NR_156081.1|	96.591	440	15	0	1	440	336	775	0.0	730	1469948
2c8402c118f504c66b77acecf35e0b65	gi|1384992329|ref|NR_156078.1|	96.591	440	15	0	1	440	336	775	0.0	730	1469948
2c8402c118f504c66b77acecf35e0b65	gi|2363081854|ref|NR_179173.1|	96.591	440	15	0	1	440	333	772	0.0	730	2126740
2c8402c118f504c66b77acecf35e0b65	gi|3030611230|ref|NR_199906.1|	96.364	440	16	0	1	440	354	793	0.0	725	3123317
2c8402c118f504c66b77acecf35e0b65	gi|3030611314|ref|NR_199990.1|	96.364	440	16	0	1	440	350	789	0.0	725	3123317
2c8402c118f504c66b77acecf35e0b65	gi|1384992331|ref|NR_156080.1|	96.364	440	16	0	1	440	336	775	0.0	725	1469948
2c8402c118f504c66b77acecf35e0b65	gi|1384992328|ref|NR_156077.1|	96.364	440	16	0	1	440	336	775	0.0	725	1469948
2c8402c118f504c66b77acecf35e0b65	gi|631253128|ref|NR_114326.1|	96.136	440	17	0	1	440	334	773	0.0	719	1150298
2c8402c118f504c66b77acecf35e0b65	gi|2363087259|ref|NR_181885.1|	95.682	440	19	0	1	440	335	774	0.0	710	2885351
cf2d8838aa5306f46b25f2ba896ca0d0	gi|645321785|ref|NR_118670.1|	98.409	440	7	0	1	440	357	796	0.0	782	39496
cf2d8838aa5306f46b25f2ba896ca0d0	gi|219857617|ref|NR_025206.1|	94.773	440	23	0	1	440	314	753	0.0	686	180286
cf2d8838aa5306f46b25f2ba896ca0d0	gi|1040567056|ref|NR_137405.1|	94.545	440	24	0	1	440	307	746	0.0	680	1619234
cf2d8838aa5306f46b25f2ba896ca0d0	gi|631250892|ref|NR_112089.1|	94.545	440	24	0	1	440	336	775	0.0	680	553973
cf2d8838aa5306f46b25f2ba896ca0d0	gi|224581401|ref|NR_024719.1|	94.545	440	23	1	1	440	341	779	0.0	678	89153
cf2d8838aa5306f46b25f2ba896ca0d0	gi|1397641798|ref|NR_156907.1|	94.331	441	23	2	1	440	348	787	0.0	675	1912855
cf2d8838aa5306f46b25f2ba896ca0d0	gi|1109168027|ref|NR_144612.1|	94.331	441	23	2	1	440	350	789	0.0	675	1796636
cf2d8838aa5306f46b25f2ba896ca0d0	gi|559795252|ref|NR_104842.1|	94.318	440	25	0	1	440	345	784	0.0	675	39495
cf2d8838aa5306f46b25f2ba896ca0d0	gi|343203027|ref|NR_043551.1|	94.331	441	23	2	1	440	349	788	0.0	675	341220
cf2d8838aa5306f46b25f2ba896ca0d0	gi|3248465643|ref|NR_201655.1|	93.864	440	27	0	1	440	313	752	0.0	664	3380807
4861aec5522eaa8b73a160bec2a5f2a2	gi|2363082288|ref|NR_179391.1|	97.727	440	10	0	1	440	332	771	0.0	758	1499684
4861aec5522eaa8b73a160bec2a5f2a2	gi|1116030238|ref|NR_144696.1|	97.727	440	10	0	1	440	333	772	0.0	758	1414720
4861aec5522eaa8b73a160bec2a5f2a2	gi|219846899|ref|NR_026491.1|	97.727	440	10	0	1	440	319	758	0.0	758	84024
4861aec5522eaa8b73a160bec2a5f2a2	gi|219846557|ref|NR_026149.1|	97.273	440	12	0	1	440	325	764	0.0	747	36850
4861aec5522eaa8b73a160bec2a5f2a2	gi|219846575|ref|NR_026167.1|	96.606	442	12	2	1	440	246	686	0.0	734	36834
4861aec5522eaa8b73a160bec2a5f2a2	gi|631252127|ref|NR_113325.1|	96.364	440	16	0	1	440	333	772	0.0	725	1559
4861aec5522eaa8b73a160bec2a5f2a2	gi|219846898|ref|NR_026490.1|	96.364	440	16	0	1	440	320	759	0.0	725	84031
4861aec5522eaa8b73a160bec2a5f2a2	gi|310975222|ref|NR_037086.1|	96.364	440	16	0	1	440	316	755	0.0	725	1559
4861aec5522eaa8b73a160bec2a5f2a2	gi|636558671|ref|NR_114728.1|	96.364	440	16	0	1	440	287	726	0.0	725	1559
4861aec5522eaa8b73a160bec2a5f2a2	gi|219846429|ref|NR_026020.1|	96.136	440	17	0	1	440	333	772	0.0	719	1504
d9cae9ae8f32307121d76ac00d35a329	gi|2363082779|ref|NR_179638.1|	99.091	440	4	0	1	440	348	787	0.0	791	2040291
d9cae9ae8f32307121d76ac00d35a329	gi|545589044|ref|NR_044645.2|	98.182	440	8	0	1	440	355	794	0.0	776	39486
d9cae9ae8f32307121d76ac00d35a329	gi|1397641798|ref|NR_156907.1|	96.364	440	16	0	1	440	348	787	0.0	725	1912855
d9cae9ae8f32307121d76ac00d35a329	gi|1109168038|ref|NR_144617.1|	96.364	440	16	0	1	440	340	779	0.0	725	1796634
d9cae9ae8f32307121d76ac00d35a329	gi|2363086021|ref|NR_181263.1|	95.909	440	18	0	1	440	334	773	0.0	713	2726362
d9cae9ae8f32307121d76ac00d35a329	gi|343203027|ref|NR_043551.1|	95.682	440	19	0	1	440	349	788	0.0	708	341220
d9cae9ae8f32307121d76ac00d35a329	gi|3248465643|ref|NR_201655.1|	95.465	441	18	2	1	440	313	752	0.0	702	3380807
d9cae9ae8f32307121d76ac00d35a329	gi|2136551567|ref|NR_173570.1|	95.465	441	18	2	1	440	330	769	0.0	702	1912090
d9cae9ae8f32307121d76ac00d35a329	gi|2363082765|ref|NR_179631.1|	95.475	442	16	4	1	440	348	787	0.0	702	2014528
d9cae9ae8f32307121d76ac00d35a329	gi|631253194|ref|NR_114392.1|	95.465	441	18	2	1	440	350	789	0.0	702	1544
8377b379730acb5287c118fa80a92e71	gi|343198522|ref|NR_042778.1|	99.355	465	3	0	1	465	345	809	0.0	843	1308
8377b379730acb5287c118fa80a92e71	gi|2836274932|ref|NR_197695.1|	99.140	465	4	0	1	465	344	808	0.0	837	3053355
8377b379730acb5287c118fa80a92e71	gi|343198520|ref|NR_042776.1|	99.140	465	4	0	1	465	345	809	0.0	837	1304
8377b379730acb5287c118fa80a92e71	gi|645322192|ref|NR_118998.1|	98.925	465	5	0	1	465	340	804	0.0	832	1308
8377b379730acb5287c118fa80a92e71	gi|343198521|ref|NR_042777.1|	98.925	465	4	1	1	465	345	808	0.0	830	889206
8377b379730acb5287c118fa80a92e71	gi|566084933|ref|NR_108477.1|	97.849	465	10	0	1	465	251	715	0.0	804	701526
8377b379730acb5287c118fa80a92e71	gi|645322122|ref|NR_118942.1|	96.996	466	12	2	1	465	243	707	0.0	798	889206
8377b379730acb5287c118fa80a92e71	gi|2363081939|ref|NR_179215.1|	97.419	465	12	0	1	465	336	800	0.0	793	1501662
8377b379730acb5287c118fa80a92e71	gi|2363080091|ref|NR_178262.1|	97.419	465	12	0	1	465	214	678	0.0	793	1501662
8377b379730acb5287c118fa80a92e71	gi|2363087357|ref|NR_181935.1|	97.204	465	13	0	1	465	355	819	0.0	787	2781599
78bfa6410275f8fda9b87b32f6929962	gi|444304189|ref|NR_074613.1|	98.636	440	6	0	1	440	350	789	0.0	780	515620
78bfa6410275f8fda9b87b32f6929962	gi|559795246|ref|NR_104836.1|	96.136	440	17	0	1	440	333	772	0.0	719	706562
78bfa6410275f8fda9b87b32f6929962	gi|559795169|ref|NR_104758.1|	95.455	440	20	0	1	440	345	784	0.0	702	1282887
78bfa6410275f8fda9b87b32f6929962	gi|645321781|ref|NR_118667.1|	94.331	441	23	2	1	440	355	794	0.0	688	28052
78bfa6410275f8fda9b87b32f6929962	gi|343198925|ref|NR_044049.1|	93.409	440	29	0	1	440	316	755	0.0	652	33043
78bfa6410275f8fda9b87b32f6929962	gi|343202586|ref|NR_042953.1|	93.197	441	28	2	1	440	308	747	0.0	647	264463
78bfa6410275f8fda9b87b32f6929962	gi|219846511|ref|NR_026103.1|	92.955	440	31	0	1	440	316	755	0.0	641	37658
78bfa6410275f8fda9b87b32f6929962	gi|1277396183|ref|NR_151894.1|	92.955	440	31	0	1	440	335	774	0.0	641	433293
78bfa6410275f8fda9b87b32f6929962	gi|219857405|ref|NR_024993.1|	92.971	441	29	2	1	440	349	788	0.0	641	99656
78bfa6410275f8fda9b87b32f6929962	gi|645321792|ref|NR_118676.1|	92.500	440	33	0	1	440	370	809	0.0	640	39497
e3cbde728084cfcd07f33e7a7b653cf7	gi|1277396189|ref|NR_151900.1|	99.545	440	2	0	1	440	351	790	0.0	802	1550024
e3cbde728084cfcd07f33e7a7b653cf7	gi|2962412223|ref|NR_199417.1|	93.919	444	19	8	1	440	342	781	0.0	664	3136601
e3cbde728084cfcd07f33e7a7b653cf7	gi|559795255|ref|NR_104846.1|	93.864	440	27	0	1	440	288	727	0.0	664	745368
e3cbde728084cfcd07f33e7a7b653cf7	gi|1397641802|ref|NR_156911.1|	93.651	441	26	2	1	440	351	790	0.0	658	1650663
e3cbde728084cfcd07f33e7a7b653cf7	gi|2363084747|ref|NR_180622.1|	93.636	440	28	0	1	440	335	774	0.0	658	2779354
e3cbde728084cfcd07f33e7a7b653cf7	gi|265678692|ref|NR_028997.1|	93.424	441	28	1	1	440	303	743	0.0	652	214851
e3cbde728084cfcd07f33e7a7b653cf7	gi|2363080123|ref|NR_178280.1|	92.500	440	33	0	1	440	331	770	2.07e-180	630	411483
e3cbde728084cfcd07f33e7a7b653cf7	gi|3030611269|ref|NR_199945.1|	92.273	440	34	0	1	440	335	774	9.64e-179	625	3435293
e3cbde728084cfcd07f33e7a7b653cf7	gi|265678656|ref|NR_028961.1|	92.273	440	34	0	1	440	327	766	9.64e-179	625	853
e3cbde728084cfcd07f33e7a7b653cf7	gi|2363080175|ref|NR_178311.1|	92.063	441	33	2	1	440	412	851	4.48e-177	619	2903556
d7de4960e5df66cebb92cd347c16995e	gi|631251875|ref|NR_113073.1|	98.913	460	5	0	1	460	329	788	0.0	822	487174
d7de4960e5df66cebb92cd347c16995e	gi|343200981|ref|NR_041668.1|	98.913	460	5	0	1	460	321	780	0.0	822	742726
d7de4960e5df66cebb92cd347c16995e	gi|1270532346|ref|NR_121773.2|	96.087	460	18	0	1	460	348	807	0.0	750	397865
d7de4960e5df66cebb92cd347c16995e	gi|343200821|ref|NR_041508.1|	95.870	460	18	1	1	460	325	783	0.0	743	397865
d7de4960e5df66cebb92cd347c16995e	gi|1146059151|ref|NR_145883.1|	90.260	462	41	4	1	460	284	743	1.70e-171	601	1501392
d7de4960e5df66cebb92cd347c16995e	gi|2136551682|ref|NR_173687.1|	90.260	462	41	4	1	460	325	784	1.70e-171	601	2751153
d7de4960e5df66cebb92cd347c16995e	gi|1116030267|ref|NR_144725.1|	89.827	462	43	4	1	460	337	796	7.92e-170	595	1686296
d7de4960e5df66cebb92cd347c16995e	gi|2621112336|ref|NR_189240.1|	88.147	464	47	8	1	460	342	801	8.09e-155	545	2944915
d7de4960e5df66cebb92cd347c16995e	gi|1909404453|ref|NR_170508.1|	88.069	461	52	3	1	460	352	810	2.91e-154	544	2518971
d7de4960e5df66cebb92cd347c16995e	gi|2363084366|ref|NR_180431.1|	87.905	463	50	5	1	460	350	809	3.76e-153	540	2530390
f89fa940d60099705d4a8672967ab08a	gi|631251749|ref|NR_112947.1|	99.348	460	3	0	1	460	326	785	0.0	835	657309
f89fa940d60099705d4a8672967ab08a	gi|2363084431|ref|NR_180463.1|	99.348	460	3	0	1	460	340	799	0.0	833	2650158
f89fa940d60099705d4a8672967ab08a	gi|343201773|ref|NR_042499.1|	99.348	460	3	0	1	460	294	753	0.0	833	657309
f89fa940d60099705d4a8672967ab08a	gi|631251733|ref|NR_112931.1|	98.478	460	7	0	1	460	340	799	0.0	811	85831
f89fa940d60099705d4a8672967ab08a	gi|265678305|ref|NR_028607.1|	98.475	459	7	0	2	460	333	791	0.0	809	85831
f89fa940d60099705d4a8672967ab08a	gi|645322410|ref|NR_119165.1|	97.826	460	10	0	1	460	319	778	0.0	802	28116
f89fa940d60099705d4a8672967ab08a	gi|631252008|ref|NR_113206.1|	97.826	460	10	0	1	460	336	795	0.0	795	1236513
f89fa940d60099705d4a8672967ab08a	gi|631251869|ref|NR_113067.1|	97.826	460	10	0	1	460	325	784	0.0	795	1077285
f89fa940d60099705d4a8672967ab08a	gi|645320100|ref|NR_117387.1|	97.826	460	10	0	1	460	320	779	0.0	795	1077285
f89fa940d60099705d4a8672967ab08a	gi|343200626|ref|NR_041313.1|	97.826	460	10	0	1	460	340	799	0.0	795	338188
d16e2294cfdad9e4ee9396289758f423	gi|1227086020|ref|NR_148574.1|	91.610	441	33	3	1	439	331	769	3.48e-173	606	1907662
d16e2294cfdad9e4ee9396289758f423	gi|1116030293|ref|NR_144751.1|	91.383	441	34	3	1	439	331	769	1.62e-171	601	1852371
d16e2294cfdad9e4ee9396289758f423	gi|645320082|ref|NR_117374.1|	89.116	441	44	2	1	439	319	757	7.70e-155	545	747645
d16e2294cfdad9e4ee9396289758f423	gi|343198543|ref|NR_042840.1|	88.864	440	48	1	1	439	311	750	3.58e-153	540	883107
d16e2294cfdad9e4ee9396289758f423	gi|1193829137|ref|NR_147380.1|	88.636	440	49	1	1	439	331	770	1.67e-151	534	1871008
d16e2294cfdad9e4ee9396289758f423	gi|2363082557|ref|NR_179525.1|	88.688	442	44	5	1	439	331	769	1.67e-151	534	1841863
d16e2294cfdad9e4ee9396289758f423	gi|2363084900|ref|NR_180698.1|	88.636	440	49	1	1	439	331	770	1.67e-151	534	2690837
d16e2294cfdad9e4ee9396289758f423	gi|444303954|ref|NR_074377.1|	88.636	440	49	1	1	439	331	770	1.67e-151	534	84112
d16e2294cfdad9e4ee9396289758f423	gi|631251960|ref|NR_113158.1|	88.636	440	49	1	1	439	331	770	1.67e-151	534	84112
d16e2294cfdad9e4ee9396289758f423	gi|310975225|ref|NR_037089.1|	88.636	440	49	1	1	439	331	770	1.67e-151	534	84112
de7b0c68184d489fae1f2816610ba1ca	gi|343201234|ref|NR_041960.1|	99.093	441	3	1	1	440	222	662	0.0	791	89014
de7b0c68184d489fae1f2816610ba1ca	gi|2363084170|ref|NR_180334.1|	97.273	440	12	0	1	440	253	692	0.0	747	2763028
de7b0c68184d489fae1f2816610ba1ca	gi|1953646571|ref|NR_171444.1|	97.273	440	12	0	1	440	301	740	0.0	747	1912897
de7b0c68184d489fae1f2816610ba1ca	gi|1953646488|ref|NR_171392.1|	97.273	440	12	0	1	440	355	794	0.0	747	1912897
de7b0c68184d489fae1f2816610ba1ca	gi|1953646486|ref|NR_171390.1|	97.273	440	12	0	1	440	355	794	0.0	747	1912897
de7b0c68184d489fae1f2816610ba1ca	gi|2363086300|ref|NR_181402.1|	97.273	440	12	0	1	440	300	739	0.0	747	2763028
de7b0c68184d489fae1f2816610ba1ca	gi|645320731|ref|NR_117867.1|	97.273	440	12	0	1	440	300	739	0.0	747	871664
de7b0c68184d489fae1f2816610ba1ca	gi|1679775916|ref|NR_163638.1|	97.045	440	13	0	1	440	328	767	0.0	741	2025493
de7b0c68184d489fae1f2816610ba1ca	gi|1679775915|ref|NR_163637.1|	97.045	440	13	0	1	440	328	767	0.0	741	2025493
de7b0c68184d489fae1f2816610ba1ca	gi|1679775914|ref|NR_163636.1|	97.045	440	13	0	1	440	328	767	0.0	741	2025493
6112d0a0ed78e27b5dc219b64654ed4b	gi|219856912|ref|NR_024733.1|	98.491	464	6	1	2	464	327	790	0.0	817	1297794
6112d0a0ed78e27b5dc219b64654ed4b	gi|1109168034|ref|NR_144615.1|	94.670	469	15	6	1	464	316	779	0.0	719	1796628
6112d0a0ed78e27b5dc219b64654ed4b	gi|2363083393|ref|NR_179945.1|	93.991	466	24	4	1	464	280	743	0.0	702	2899121
6112d0a0ed78e27b5dc219b64654ed4b	gi|1116030260|ref|NR_144718.1|	92.735	468	26	7	1	464	326	789	0.0	669	1585974
6112d0a0ed78e27b5dc219b64654ed4b	gi|631252045|ref|NR_113243.1|	92.258	465	34	2	1	464	328	791	0.0	658	1547
6112d0a0ed78e27b5dc219b64654ed4b	gi|631253195|ref|NR_114393.1|	92.060	466	33	4	1	464	326	789	0.0	652	29348
6112d0a0ed78e27b5dc219b64654ed4b	gi|645322566|ref|NR_119286.1|	92.111	469	27	5	1	464	313	776	0.0	652	69824
6112d0a0ed78e27b5dc219b64654ed4b	gi|2260349424|ref|NR_176506.1|	91.898	469	28	9	1	464	315	778	0.0	647	1982626
6112d0a0ed78e27b5dc219b64654ed4b	gi|228720470|ref|NR_027592.1|	91.845	466	34	4	1	464	316	779	0.0	647	29348
6112d0a0ed78e27b5dc219b64654ed4b	gi|645322231|ref|NR_119030.1|	91.649	467	33	6	1	464	324	787	0.0	641	428126
c5519380df5850139e1511d71398b352	gi|2363082611|ref|NR_179552.1|	96.312	461	16	1	1	460	340	800	0.0	756	1871006
c5519380df5850139e1511d71398b352	gi|1109168015|ref|NR_144606.1|	96.087	460	18	0	1	460	340	799	0.0	750	1796613
c5519380df5850139e1511d71398b352	gi|2363082547|ref|NR_179520.1|	95.652	460	20	0	1	460	314	773	0.0	739	1841855
c5519380df5850139e1511d71398b352	gi|444304091|ref|NR_074515.1|	95.217	460	22	0	1	460	350	809	0.0	728	435590
c5519380df5850139e1511d71398b352	gi|631251748|ref|NR_112946.1|	95.217	460	22	0	1	460	339	798	0.0	728	821
c5519380df5850139e1511d71398b352	gi|631250946|ref|NR_112143.1|	95.000	460	23	0	1	460	307	766	0.0	723	821
c5519380df5850139e1511d71398b352	gi|343200664|ref|NR_041351.1|	94.783	460	24	0	1	460	341	800	0.0	717	357276
c5519380df5850139e1511d71398b352	gi|631251866|ref|NR_113064.1|	94.348	460	26	0	1	460	338	797	0.0	706	1236538
c5519380df5850139e1511d71398b352	gi|631251817|ref|NR_113015.1|	94.348	460	26	0	1	460	338	797	0.0	706	1236538
c5519380df5850139e1511d71398b352	gi|645320081|ref|NR_117373.1|	94.348	460	26	0	1	460	289	748	0.0	706	1236515
7484ea4ec08f7d72910057e84061fb88	gi|2136551683|ref|NR_173688.1|	90.112	445	37	7	1	443	321	760	1.28e-162	571	2780922
7484ea4ec08f7d72910057e84061fb88	gi|3248465658|ref|NR_201672.1|	89.709	447	38	8	1	443	296	738	2.15e-160	564	3381350
7484ea4ec08f7d72910057e84061fb88	gi|2363082711|ref|NR_179603.1|	89.686	446	36	10	1	443	317	755	2.78e-159	560	1944642
7484ea4ec08f7d72910057e84061fb88	gi|265679047|ref|NR_029355.1|	89.438	445	40	7	1	443	332	771	1.29e-157	555	84026
7484ea4ec08f7d72910057e84061fb88	gi|2363086272|ref|NR_181388.1|	89.238	446	39	7	1	443	388	827	6.01e-156	549	2763658
7484ea4ec08f7d72910057e84061fb88	gi|2363082585|ref|NR_179539.1|	89.189	444	42	6	1	443	351	789	6.01e-156	549	1852384
7484ea4ec08f7d72910057e84061fb88	gi|343205927|ref|NR_044425.1|	89.262	447	37	10	1	443	346	785	6.01e-156	549	474960
7484ea4ec08f7d72910057e84061fb88	gi|785794309|ref|NG_041947.1|	88.939	443	49	0	1	443	469	911	2.16e-155	547	394503
7484ea4ec08f7d72910057e84061fb88	gi|785497611|ref|NR_102768.2|	88.939	443	49	0	1	443	330	772	2.16e-155	547	1521
7484ea4ec08f7d72910057e84061fb88	gi|559795314|ref|NR_104907.1|	88.964	444	45	4	1	443	315	755	7.78e-155	545	290054
274ca96cdf28adeff88cfb919a201da0	gi|444303855|ref|NR_074277.1|	99.565	460	2	0	1	460	352	811	0.0	839	818
274ca96cdf28adeff88cfb919a201da0	gi|631251746|ref|NR_112944.1|	99.565	460	2	0	1	460	324	783	0.0	839	818
274ca96cdf28adeff88cfb919a201da0	gi|631252008|ref|NR_113206.1|	98.698	461	4	2	1	460	336	795	0.0	817	1236513
274ca96cdf28adeff88cfb919a201da0	gi|631250945|ref|NR_112142.1|	98.690	458	5	1	3	460	336	792	0.0	811	818
274ca96cdf28adeff88cfb919a201da0	gi|631251869|ref|NR_113067.1|	98.048	461	7	2	1	460	325	784	0.0	800	1077285
274ca96cdf28adeff88cfb919a201da0	gi|645320100|ref|NR_117387.1|	98.048	461	7	2	1	460	320	779	0.0	800	1077285
274ca96cdf28adeff88cfb919a201da0	gi|2363084421|ref|NR_180458.1|	97.614	461	9	2	1	460	340	799	0.0	789	2650157
274ca96cdf28adeff88cfb919a201da0	gi|631251749|ref|NR_112947.1|	97.180	461	11	2	1	460	326	785	0.0	780	657309
274ca96cdf28adeff88cfb919a201da0	gi|2363084431|ref|NR_180463.1|	97.180	461	11	2	1	460	340	799	0.0	778	2650158
274ca96cdf28adeff88cfb919a201da0	gi|631251744|ref|NR_112942.1|	97.180	461	11	2	1	460	323	782	0.0	778	291644
75c562dbe17c52879fe4e32db2aa8edb	gi|2363081254|ref|NR_178871.1|	89.438	445	41	6	1	443	337	777	3.59e-158	556	1792311
75c562dbe17c52879fe4e32db2aa8edb	gi|2363086264|ref|NR_181384.1|	89.462	446	38	9	1	443	250	689	1.29e-157	555	2763660
75c562dbe17c52879fe4e32db2aa8edb	gi|444304204|ref|NR_074629.1|	89.087	449	37	9	1	443	341	783	2.16e-155	547	1515
75c562dbe17c52879fe4e32db2aa8edb	gi|631251959|ref|NR_113157.1|	89.087	449	37	9	1	443	341	783	2.16e-155	547	1515
75c562dbe17c52879fe4e32db2aa8edb	gi|343200549|ref|NR_041236.1|	88.939	443	47	2	1	443	321	761	7.78e-155	545	1122184
75c562dbe17c52879fe4e32db2aa8edb	gi|2363084120|ref|NR_180309.1|	88.864	449	38	9	1	443	289	731	1.01e-153	542	2487273
75c562dbe17c52879fe4e32db2aa8edb	gi|785794309|ref|NG_041947.1|	88.839	448	40	10	1	443	469	911	1.01e-153	542	394503
75c562dbe17c52879fe4e32db2aa8edb	gi|785497611|ref|NR_102768.2|	88.839	448	40	10	1	443	330	772	1.01e-153	542	1521
75c562dbe17c52879fe4e32db2aa8edb	gi|631252162|ref|NR_113360.1|	88.864	449	38	12	1	443	339	781	1.01e-153	542	1121303
75c562dbe17c52879fe4e32db2aa8edb	gi|645319736|ref|NR_117111.1|	88.864	449	38	12	1	443	336	778	1.01e-153	542	29371
bd6fc986fe1cc835e4f58ee62e459a48	gi|2621112340|ref|NR_189244.1|	93.258	445	25	5	1	443	363	804	0.0	651	3046382
bd6fc986fe1cc835e4f58ee62e459a48	gi|2621112341|ref|NR_189245.1|	93.034	445	26	5	1	443	363	804	0.0	645	3046383
bd6fc986fe1cc835e4f58ee62e459a48	gi|2363086262|ref|NR_181383.1|	89.462	446	42	5	1	443	307	750	9.99e-159	558	2763654
bd6fc986fe1cc835e4f58ee62e459a48	gi|2363086268|ref|NR_181386.1|	89.213	445	44	4	1	443	303	745	4.65e-157	553	2763655
bd6fc986fe1cc835e4f58ee62e459a48	gi|343205970|ref|NR_044489.1|	87.387	444	54	2	1	443	336	778	1.02e-143	508	857293
bd6fc986fe1cc835e4f58ee62e459a48	gi|1491509619|ref|NR_159150.1|	87.416	445	51	4	1	443	350	791	3.67e-143	507	489973
bd6fc986fe1cc835e4f58ee62e459a48	gi|559795176|ref|NR_104765.1|	87.162	444	55	2	1	443	323	765	4.75e-142	503	108007
bd6fc986fe1cc835e4f58ee62e459a48	gi|1491509615|ref|NR_159146.1|	87.162	444	54	3	1	443	348	789	1.71e-141	501	1715347
bd6fc986fe1cc835e4f58ee62e459a48	gi|645320205|ref|NR_117466.1|	87.162	444	54	3	1	443	332	773	1.71e-141	501	699281
bd6fc986fe1cc835e4f58ee62e459a48	gi|343199076|ref|NR_044503.1|	87.248	447	46	8	1	443	450	889	6.14e-141	499	520762
79f9be86877ac35a7153c566661337cd	gi|636558732|ref|NR_114789.1|	99.318	440	3	0	1	440	347	786	0.0	797	1535
79f9be86877ac35a7153c566661337cd	gi|2363082767|ref|NR_179632.1|	94.318	440	25	0	1	440	337	776	0.0	675	2014781
79f9be86877ac35a7153c566661337cd	gi|3248465687|ref|NR_201701.1|	94.131	443	23	1	1	440	330	772	0.0	671	3435187
79f9be86877ac35a7153c566661337cd	gi|3248465688|ref|NR_201702.1|	94.131	443	23	1	1	440	328	770	0.0	671	3435000
79f9be86877ac35a7153c566661337cd	gi|2836274967|ref|NR_197730.1|	93.409	440	29	0	1	440	312	751	0.0	652	3093658
79f9be86877ac35a7153c566661337cd	gi|2180566484|ref|NR_174324.1|	93.409	440	29	0	1	440	346	785	0.0	652	2576756
79f9be86877ac35a7153c566661337cd	gi|2836274966|ref|NR_197729.1|	93.182	440	30	0	1	440	304	743	0.0	647	3093657
79f9be86877ac35a7153c566661337cd	gi|1109168013|ref|NR_144605.1|	93.182	440	30	0	1	440	367	806	0.0	647	1796620
79f9be86877ac35a7153c566661337cd	gi|1116030278|ref|NR_144736.1|	93.182	440	30	0	1	440	360	799	0.0	647	1776382
79f9be86877ac35a7153c566661337cd	gi|2363085985|ref|NR_181245.1|	93.182	440	30	0	1	440	284	723	0.0	647	2666138
0699ba2d38408948fd9e7c6bbbe1a625	gi|2962412221|ref|NR_199415.1|	99.545	440	2	0	1	440	338	777	0.0	802	3136600
0699ba2d38408948fd9e7c6bbbe1a625	gi|2363084846|ref|NR_180671.1|	98.409	440	7	0	1	440	63	502	0.0	774	2594882
0699ba2d38408948fd9e7c6bbbe1a625	gi|2363082374|ref|NR_179434.1|	97.727	440	10	0	1	440	349	788	0.0	758	1720300
0699ba2d38408948fd9e7c6bbbe1a625	gi|310974914|ref|NR_036777.1|	97.260	438	12	0	1	438	333	770	0.0	745	33039
0699ba2d38408948fd9e7c6bbbe1a625	gi|2363082679|ref|NR_179587.1|	96.818	440	14	0	1	440	328	767	0.0	736	1926283
0699ba2d38408948fd9e7c6bbbe1a625	gi|2363081854|ref|NR_179173.1|	96.818	440	14	0	1	440	333	772	0.0	736	2126740
0699ba2d38408948fd9e7c6bbbe1a625	gi|2363082819|ref|NR_179658.1|	96.591	440	15	0	1	440	353	792	0.0	730	2086584
0699ba2d38408948fd9e7c6bbbe1a625	gi|636560687|ref|NR_116747.1|	96.364	440	16	0	1	440	301	740	0.0	725	1298596
0699ba2d38408948fd9e7c6bbbe1a625	gi|3248465636|ref|NR_201647.1|	96.136	440	17	0	1	440	300	739	0.0	719	3380806
0699ba2d38408948fd9e7c6bbbe1a625	gi|1116030277|ref|NR_144735.1|	96.136	440	17	0	1	440	350	789	0.0	719	1745713
fa29ac1a20d29aee48479567da59c50c	gi|444304111|ref|NR_074535.1|	99.346	459	3	0	1	459	334	792	0.0	832	28118
fa29ac1a20d29aee48479567da59c50c	gi|631251877|ref|NR_113075.1|	99.346	459	3	0	1	459	334	792	0.0	832	28118
fa29ac1a20d29aee48479567da59c50c	gi|343206056|ref|NR_044636.1|	98.039	459	9	0	1	459	342	800	0.0	804	28118
fa29ac1a20d29aee48479567da59c50c	gi|631251876|ref|NR_113074.1|	89.849	463	39	7	1	459	335	793	1.32e-167	588	742817
fa29ac1a20d29aee48479567da59c50c	gi|631251699|ref|NR_112897.1|	89.849	463	39	7	1	459	315	773	1.32e-167	588	742817
fa29ac1a20d29aee48479567da59c50c	gi|959494837|ref|NR_133715.1|	87.069	464	51	8	1	459	280	739	6.33e-146	516	1416875
fa29ac1a20d29aee48479567da59c50c	gi|1953646717|ref|NR_171512.1|	86.797	462	56	5	1	459	313	772	2.94e-144	510	2162893
fa29ac1a20d29aee48479567da59c50c	gi|1341394029|ref|NR_153701.1|	86.638	464	53	8	1	459	299	758	1.37e-142	505	1740245
fa29ac1a20d29aee48479567da59c50c	gi|559795096|ref|NR_104682.1|	86.609	463	55	6	1	459	315	774	1.37e-142	505	1168289
fa29ac1a20d29aee48479567da59c50c	gi|265678658|ref|NR_028963.1|	86.207	464	56	7	1	459	327	787	8.25e-140	496	886379
3d3a86c8fb2a290738e9dcd8be9e9d2e	gi|1277396381|ref|NR_152095.1|	97.500	440	11	0	1	440	348	787	0.0	752	1679721
3d3a86c8fb2a290738e9dcd8be9e9d2e	gi|645321792|ref|NR_118676.1|	96.818	440	14	0	1	440	370	809	0.0	745	39497
3d3a86c8fb2a290738e9dcd8be9e9d2e	gi|219846511|ref|NR_026103.1|	96.818	440	14	0	1	440	316	755	0.0	736	37658
3d3a86c8fb2a290738e9dcd8be9e9d2e	gi|1277396183|ref|NR_151894.1|	96.818	440	14	0	1	440	335	774	0.0	736	433293
3d3a86c8fb2a290738e9dcd8be9e9d2e	gi|961555123|ref|NR_134091.1|	96.364	440	16	0	1	440	335	774	0.0	725	1462919
3d3a86c8fb2a290738e9dcd8be9e9d2e	gi|343202586|ref|NR_042953.1|	96.364	440	16	0	1	440	308	747	0.0	725	264463
3d3a86c8fb2a290738e9dcd8be9e9d2e	gi|1024974678|ref|NR_136763.1|	96.136	440	17	0	1	440	358	797	0.0	723	1564487
3d3a86c8fb2a290738e9dcd8be9e9d2e	gi|444304227|ref|NR_074652.1|	96.145	441	15	2	1	440	347	786	0.0	719	66219
3d3a86c8fb2a290738e9dcd8be9e9d2e	gi|2136551633|ref|NR_173637.1|	96.136	440	17	0	1	440	294	733	0.0	719	2755051
3d3a86c8fb2a290738e9dcd8be9e9d2e	gi|631252121|ref|NR_113319.1|	96.136	440	17	0	1	440	350	789	0.0	719	645466
31a6c170e3cb3ff4770e51ad5d47481e	gi|343201164|ref|NR_041880.1|	99.785	465	1	0	1	465	282	746	0.0	854	39777
31a6c170e3cb3ff4770e51ad5d47481e	gi|636559297|ref|NR_115354.1|	99.570	465	2	0	1	465	326	790	0.0	850	39777
31a6c170e3cb3ff4770e51ad5d47481e	gi|645322417|ref|NR_119170.1|	99.355	465	3	0	1	465	331	795	0.0	845	39777
31a6c170e3cb3ff4770e51ad5d47481e	gi|343205705|ref|NR_044091.1|	98.065	465	9	0	1	465	240	704	0.0	809	423477
31a6c170e3cb3ff4770e51ad5d47481e	gi|631252372|ref|NR_113570.1|	97.645	467	7	4	1	465	333	797	0.0	798	1110546
31a6c170e3cb3ff4770e51ad5d47481e	gi|645320589|ref|NR_117759.1|	97.430	467	8	4	1	465	329	793	0.0	795	479436
31a6c170e3cb3ff4770e51ad5d47481e	gi|343202841|ref|NR_043332.1|	97.430	467	8	4	1	465	326	790	0.0	795	479436
31a6c170e3cb3ff4770e51ad5d47481e	gi|444439665|ref|NR_074980.1|	97.430	467	8	4	1	465	353	817	0.0	793	479436
31a6c170e3cb3ff4770e51ad5d47481e	gi|631251833|ref|NR_113031.1|	97.430	467	8	4	1	465	353	817	0.0	793	29466
31a6c170e3cb3ff4770e51ad5d47481e	gi|645322414|ref|NR_119168.1|	97.430	467	8	4	1	465	331	795	0.0	793	479436
c2e2235a84299889ad8e8d6c79e578e3	gi|444304091|ref|NR_074515.1|	99.130	460	4	0	1	460	350	809	0.0	828	435590
c2e2235a84299889ad8e8d6c79e578e3	gi|631251748|ref|NR_112946.1|	99.130	460	4	0	1	460	339	798	0.0	828	821
c2e2235a84299889ad8e8d6c79e578e3	gi|631250946|ref|NR_112143.1|	98.913	460	5	0	1	460	307	766	0.0	822	821
c2e2235a84299889ad8e8d6c79e578e3	gi|343200664|ref|NR_041351.1|	98.478	460	7	0	1	460	341	800	0.0	811	357276
c2e2235a84299889ad8e8d6c79e578e3	gi|631251997|ref|NR_113195.1|	93.913	460	28	0	1	460	338	797	0.0	695	1236515
c2e2235a84299889ad8e8d6c79e578e3	gi|631251866|ref|NR_113064.1|	93.696	460	29	0	1	460	338	797	0.0	689	1236538
c2e2235a84299889ad8e8d6c79e578e3	gi|631251817|ref|NR_113015.1|	93.696	460	29	0	1	460	338	797	0.0	689	1236538
c2e2235a84299889ad8e8d6c79e578e3	gi|645320081|ref|NR_117373.1|	93.696	460	29	0	1	460	289	748	0.0	689	1236515
c2e2235a84299889ad8e8d6c79e578e3	gi|2363085522|ref|NR_181010.1|	93.261	460	31	0	1	460	297	756	0.0	678	2786956
c2e2235a84299889ad8e8d6c79e578e3	gi|631251874|ref|NR_113072.1|	93.261	460	31	0	1	460	338	797	0.0	678	1236512
7deb65ba5144413c21760ed45ec27afa	gi|2363084431|ref|NR_180463.1|	95.870	460	19	0	1	460	340	799	0.0	745	2650158
7deb65ba5144413c21760ed45ec27afa	gi|343201773|ref|NR_042499.1|	95.870	460	19	0	1	460	294	753	0.0	745	657309
7deb65ba5144413c21760ed45ec27afa	gi|631251749|ref|NR_112947.1|	95.652	460	20	0	1	460	326	785	0.0	741	657309
7deb65ba5144413c21760ed45ec27afa	gi|631252008|ref|NR_113206.1|	95.435	460	21	0	1	460	336	795	0.0	734	1236513
7deb65ba5144413c21760ed45ec27afa	gi|631251733|ref|NR_112931.1|	95.435	460	21	0	1	460	340	799	0.0	734	85831
7deb65ba5144413c21760ed45ec27afa	gi|265678305|ref|NR_028607.1|	95.425	459	21	0	2	460	333	791	0.0	732	85831
7deb65ba5144413c21760ed45ec27afa	gi|631251869|ref|NR_113067.1|	95.000	460	23	0	1	460	325	784	0.0	723	1077285
7deb65ba5144413c21760ed45ec27afa	gi|645320100|ref|NR_117387.1|	95.000	460	23	0	1	460	320	779	0.0	723	1077285
7deb65ba5144413c21760ed45ec27afa	gi|631251873|ref|NR_113071.1|	94.783	460	24	0	1	460	341	800	0.0	717	1236498
7deb65ba5144413c21760ed45ec27afa	gi|631251471|ref|NR_112668.1|	94.783	460	24	0	1	460	330	789	0.0	717	732242
06b515af9592a81720d345ed2808a483	gi|2136551692|ref|NR_173697.1|	99.321	442	3	0	1	442	349	790	0.0	800	2108523
06b515af9592a81720d345ed2808a483	gi|2363082358|ref|NR_179426.1|	98.420	443	6	1	1	442	349	791	0.0	778	1702285
06b515af9592a81720d345ed2808a483	gi|1193829127|ref|NR_147370.1|	97.065	443	12	1	1	442	349	791	0.0	745	1870988
06b515af9592a81720d345ed2808a483	gi|2363082326|ref|NR_179410.1|	97.065	443	12	1	1	442	349	791	0.0	745	1650661
06b515af9592a81720d345ed2808a483	gi|343198636|ref|NR_043142.1|	96.614	443	14	1	1	442	323	765	0.0	734	292800
06b515af9592a81720d345ed2808a483	gi|265679048|ref|NR_029356.1|	96.614	443	14	1	1	442	336	778	0.0	734	292800
06b515af9592a81720d345ed2808a483	gi|3030611323|ref|NR_199999.1|	96.388	443	15	1	1	442	301	743	0.0	728	3133422
06b515af9592a81720d345ed2808a483	gi|2363084741|ref|NR_180619.1|	96.388	443	15	1	1	442	347	789	0.0	728	2779352
06b515af9592a81720d345ed2808a483	gi|2363082342|ref|NR_179418.1|	96.163	443	16	1	1	442	348	790	0.0	723	1673721
06b515af9592a81720d345ed2808a483	gi|2363082352|ref|NR_179423.1|	96.163	443	16	1	1	442	349	791	0.0	723	1689270
eb0fe1c621909e200ccb6c9a4b6252a9	gi|444304209|ref|NR_074634.1|	99.318	440	3	0	1	440	350	789	0.0	797	515619
eb0fe1c621909e200ccb6c9a4b6252a9	gi|343198540|ref|NR_042832.1|	98.186	441	7	1	1	440	330	770	0.0	769	301302
eb0fe1c621909e200ccb6c9a4b6252a9	gi|1227086116|ref|NR_148619.1|	97.738	442	8	2	1	440	301	742	0.0	760	1712665
eb0fe1c621909e200ccb6c9a4b6252a9	gi|645320588|ref|NR_117758.1|	97.285	442	10	1	1	440	322	763	0.0	749	166486
eb0fe1c621909e200ccb6c9a4b6252a9	gi|228716944|ref|NR_027557.1|	97.285	442	10	1	1	440	343	784	0.0	749	536231
eb0fe1c621909e200ccb6c9a4b6252a9	gi|444439494|ref|NR_074809.1|	97.279	441	11	1	1	440	350	790	0.0	747	585394
eb0fe1c621909e200ccb6c9a4b6252a9	gi|343201282|ref|NR_042008.1|	97.052	441	11	2	1	440	341	780	0.0	741	585394
eb0fe1c621909e200ccb6c9a4b6252a9	gi|2363085153|ref|NR_180825.1|	96.825	441	13	1	1	440	347	787	0.0	736	2605790
eb0fe1c621909e200ccb6c9a4b6252a9	gi|219846723|ref|NR_026315.1|	96.818	440	14	0	1	440	317	756	0.0	736	46206
eb0fe1c621909e200ccb6c9a4b6252a9	gi|2363086282|ref|NR_181393.1|	96.591	440	15	0	1	440	290	729	0.0	730	2763664
2211b8bec37d03c129f7e8629128cd0a	gi|444304209|ref|NR_074634.1|	94.676	432	23	0	1	432	350	781	0.0	671	515619
2211b8bec37d03c129f7e8629128cd0a	gi|343198540|ref|NR_042832.1|	93.533	433	27	1	1	432	330	762	0.0	643	301302
2211b8bec37d03c129f7e8629128cd0a	gi|1227086116|ref|NR_148619.1|	93.088	434	28	2	1	432	301	734	0.0	634	1712665
2211b8bec37d03c129f7e8629128cd0a	gi|645320588|ref|NR_117758.1|	92.627	434	30	1	1	432	322	755	3.45e-178	623	166486
2211b8bec37d03c129f7e8629128cd0a	gi|228716944|ref|NR_027557.1|	92.627	434	30	1	1	432	343	776	3.45e-178	623	536231
2211b8bec37d03c129f7e8629128cd0a	gi|444439494|ref|NR_074809.1|	92.610	433	31	1	1	432	350	782	1.24e-177	621	585394
2211b8bec37d03c129f7e8629128cd0a	gi|343201282|ref|NR_042008.1|	92.379	433	31	2	1	432	341	772	5.77e-176	616	585394
2211b8bec37d03c129f7e8629128cd0a	gi|2363085153|ref|NR_180825.1|	92.148	433	33	1	1	432	347	779	2.69e-174	610	2605790
2211b8bec37d03c129f7e8629128cd0a	gi|219846723|ref|NR_026315.1|	92.130	432	34	0	1	432	317	748	2.69e-174	610	46206
2211b8bec37d03c129f7e8629128cd0a	gi|2363086282|ref|NR_181393.1|	91.898	432	35	0	1	432	290	721	1.25e-172	604	2763664
db7c418508cc6641a168f48a2387e060	gi|631251735|ref|NR_112933.1|	98.261	460	8	0	1	460	334	793	0.0	806	246787
db7c418508cc6641a168f48a2387e060	gi|1116030246|ref|NR_144704.1|	97.397	461	10	2	1	460	251	710	0.0	784	1203465
db7c418508cc6641a168f48a2387e060	gi|343200620|ref|NR_041307.1|	97.391	460	12	0	1	460	334	793	0.0	784	329854
db7c418508cc6641a168f48a2387e060	gi|343201477|ref|NR_042203.1|	97.391	460	12	0	1	460	295	754	0.0	784	537012
db7c418508cc6641a168f48a2387e060	gi|631251747|ref|NR_112945.1|	95.435	460	21	0	1	460	327	786	0.0	734	820
db7c418508cc6641a168f48a2387e060	gi|631251745|ref|NR_112943.1|	95.445	461	19	2	1	460	326	785	0.0	734	449673
db7c418508cc6641a168f48a2387e060	gi|343200179|ref|NR_040866.1|	95.435	460	21	0	1	460	334	793	0.0	734	820
db7c418508cc6641a168f48a2387e060	gi|631251734|ref|NR_112932.1|	95.217	460	22	0	1	460	328	787	0.0	728	47678
db7c418508cc6641a168f48a2387e060	gi|645320100|ref|NR_117387.1|	95.217	460	22	0	1	460	320	779	0.0	728	1077285
db7c418508cc6641a168f48a2387e060	gi|219846650|ref|NR_026242.1|	95.217	460	22	0	1	460	318	777	0.0	728	47678
2dff2e676f5e6528622f1885102f0314	gi|645320257|ref|NR_117506.1|	99.326	445	3	0	1	445	311	755	0.0	806	216816
2dff2e676f5e6528622f1885102f0314	gi|545589064|ref|NR_044691.2|	99.101	445	4	0	1	445	341	785	0.0	802	216816
2dff2e676f5e6528622f1885102f0314	gi|1137647753|ref|NR_145535.1|	99.101	445	4	0	1	445	319	763	0.0	800	1931217
2dff2e676f5e6528622f1885102f0314	gi|343202943|ref|NR_043437.1|	99.101	445	4	0	1	445	328	772	0.0	800	1682
2dff2e676f5e6528622f1885102f0314	gi|2180566473|ref|NR_174313.1|	98.427	445	7	0	1	445	331	775	0.0	784	2650773
2dff2e676f5e6528622f1885102f0314	gi|2363087087|ref|NR_181799.1|	98.202	445	8	0	1	445	330	774	0.0	778	2809026
2dff2e676f5e6528622f1885102f0314	gi|545589069|ref|NR_044693.2|	97.753	445	10	0	1	445	339	783	0.0	778	1695
2dff2e676f5e6528622f1885102f0314	gi|1040567047|ref|NR_137396.1|	97.528	445	11	0	1	445	264	708	0.0	761	1798158
2dff2e676f5e6528622f1885102f0314	gi|2363084292|ref|NR_180396.1|	97.528	445	11	0	1	445	330	774	0.0	761	2306975
2dff2e676f5e6528622f1885102f0314	gi|1491520099|ref|NR_159261.1|	97.309	446	11	1	1	445	262	707	0.0	756	2052941
c7a2c64703428fa00fd59f46b000dea0	gi|559795255|ref|NR_104846.1|	94.570	442	20	4	1	440	288	727	0.0	680	745368
c7a2c64703428fa00fd59f46b000dea0	gi|265678692|ref|NR_028997.1|	93.679	443	23	5	1	440	303	743	0.0	658	214851
c7a2c64703428fa00fd59f46b000dea0	gi|2363084747|ref|NR_180622.1|	91.383	441	36	2	1	440	335	774	4.52e-172	603	2779354
c7a2c64703428fa00fd59f46b000dea0	gi|1277396189|ref|NR_151900.1|	91.216	444	31	8	1	440	351	790	2.10e-170	597	1550024
c7a2c64703428fa00fd59f46b000dea0	gi|2962412223|ref|NR_199417.1|	90.476	441	40	2	1	440	342	781	2.12e-165	580	3136601
c7a2c64703428fa00fd59f46b000dea0	gi|1397641802|ref|NR_156911.1|	90.045	442	40	4	1	440	351	790	4.58e-162	569	1650663
c7a2c64703428fa00fd59f46b000dea0	gi|2363082356|ref|NR_179425.1|	89.569	441	44	2	1	440	351	790	9.92e-159	558	1689304
c7a2c64703428fa00fd59f46b000dea0	gi|2363080123|ref|NR_178280.1|	89.391	443	41	6	1	440	331	770	4.61e-157	553	411483
c7a2c64703428fa00fd59f46b000dea0	gi|2363082667|ref|NR_179581.1|	89.318	440	46	1	1	440	331	769	1.66e-156	551	1917873
c7a2c64703428fa00fd59f46b000dea0	gi|2363082282|ref|NR_179388.1|	89.165	443	42	6	1	440	335	774	2.15e-155	547	2935520
78dd9454333310c796f267376f215efa	gi|2363082165|ref|NR_179329.1|	93.454	443	28	1	1	443	327	768	0.0	656	2714353
78dd9454333310c796f267376f215efa	gi|343206380|ref|NR_044972.1|	93.228	443	30	0	1	443	331	773	0.0	656	44749
78dd9454333310c796f267376f215efa	gi|1109168025|ref|NR_144611.1|	93.002	443	31	0	1	443	282	724	0.0	647	1417852
78dd9454333310c796f267376f215efa	gi|645321636|ref|NR_118554.1|	93.018	444	29	2	1	443	329	771	0.0	647	1297617
78dd9454333310c796f267376f215efa	gi|2363082342|ref|NR_179418.1|	92.777	443	32	0	1	443	348	790	0.0	641	1673721
78dd9454333310c796f267376f215efa	gi|2363082168|ref|NR_179330.1|	92.777	443	31	1	1	443	327	768	0.0	640	2714355
78dd9454333310c796f267376f215efa	gi|2363082352|ref|NR_179423.1|	92.135	445	31	4	1	443	349	791	9.71e-179	625	1689270
78dd9454333310c796f267376f215efa	gi|3030611324|ref|NR_200000.1|	91.874	443	36	0	1	443	301	743	4.52e-177	619	3342383
78dd9454333310c796f267376f215efa	gi|1193829127|ref|NR_147370.1|	91.422	443	38	0	1	443	349	791	9.78e-174	608	1870988
78dd9454333310c796f267376f215efa	gi|2136551692|ref|NR_173697.1|	91.422	443	37	1	1	443	349	790	3.52e-173	606	2108523
d3528ea57b3f7d27c9dac34854ade34a	gi|2363082157|ref|NR_179325.1|	93.763	465	29	0	1	465	300	764	0.0	699	2682456
d3528ea57b3f7d27c9dac34854ade34a	gi|343201163|ref|NR_041879.1|	93.763	465	29	0	1	465	283	747	0.0	699	39778
d3528ea57b3f7d27c9dac34854ade34a	gi|636559298|ref|NR_115355.1|	93.763	465	29	0	1	465	326	790	0.0	699	39778
d3528ea57b3f7d27c9dac34854ade34a	gi|645322415|ref|NR_119169.1|	93.548	465	30	0	1	465	331	795	0.0	695	39778
d3528ea57b3f7d27c9dac34854ade34a	gi|1679775917|ref|NR_163639.1|	93.133	466	28	4	1	465	345	807	0.0	680	1911679
d3528ea57b3f7d27c9dac34854ade34a	gi|631252372|ref|NR_113570.1|	92.903	465	33	0	1	465	333	797	0.0	676	1110546
d3528ea57b3f7d27c9dac34854ade34a	gi|444439665|ref|NR_074980.1|	92.688	465	34	0	1	465	353	817	0.0	671	479436
d3528ea57b3f7d27c9dac34854ade34a	gi|631251833|ref|NR_113031.1|	92.688	465	34	0	1	465	353	817	0.0	671	29466
d3528ea57b3f7d27c9dac34854ade34a	gi|645322414|ref|NR_119168.1|	92.688	465	34	0	1	465	331	795	0.0	671	479436
d3528ea57b3f7d27c9dac34854ade34a	gi|645320589|ref|NR_117759.1|	92.473	465	35	0	1	465	329	793	0.0	667	479436
c46bc6506cf4430b7124f7cb29bbd2da	gi|939733298|ref|NR_133025.1|	99.565	460	2	0	1	460	275	734	0.0	839	2585118
c46bc6506cf4430b7124f7cb29bbd2da	gi|631251954|ref|NR_113152.1|	95.435	460	21	0	1	460	337	796	0.0	734	28117
c46bc6506cf4430b7124f7cb29bbd2da	gi|2363082099|ref|NR_179296.1|	95.000	460	23	0	1	460	324	783	0.0	723	2585119
c46bc6506cf4430b7124f7cb29bbd2da	gi|672239000|ref|NR_125589.1|	95.011	461	21	2	1	460	269	728	0.0	723	1033731
c46bc6506cf4430b7124f7cb29bbd2da	gi|2363086959|ref|NR_181736.1|	94.794	461	22	2	1	460	334	793	0.0	717	2834113
c46bc6506cf4430b7124f7cb29bbd2da	gi|507148054|ref|NR_102861.1|	94.794	461	22	2	1	460	334	793	0.0	717	717959
c46bc6506cf4430b7124f7cb29bbd2da	gi|645321193|ref|NR_118219.1|	94.794	461	22	2	1	460	332	791	0.0	717	1033732
c46bc6506cf4430b7124f7cb29bbd2da	gi|343202834|ref|NR_043319.1|	94.577	461	23	2	1	460	323	782	0.0	713	717959
c46bc6506cf4430b7124f7cb29bbd2da	gi|631251955|ref|NR_113153.1|	94.577	461	23	2	1	460	334	793	0.0	712	328814
c46bc6506cf4430b7124f7cb29bbd2da	gi|2363082505|ref|NR_179499.1|	94.168	463	21	6	1	460	342	801	0.0	701	2364787
cde753913bd1130895e16b386abe3983	gi|645321322|ref|NR_118316.1|	99.130	460	4	0	1	460	338	797	0.0	828	1349822
cde753913bd1130895e16b386abe3983	gi|2621112336|ref|NR_189240.1|	90.260	462	41	4	1	460	342	801	1.70e-171	601	2944915
cde753913bd1130895e16b386abe3983	gi|2136551682|ref|NR_173687.1|	89.394	462	45	4	1	460	325	784	7.98e-165	579	2751153
cde753913bd1130895e16b386abe3983	gi|1146059151|ref|NR_145883.1|	88.961	462	47	4	1	460	284	743	1.73e-161	568	1501392
cde753913bd1130895e16b386abe3983	gi|1116030267|ref|NR_144725.1|	88.528	462	49	4	1	460	337	796	8.03e-160	562	1686296
cde753913bd1130895e16b386abe3983	gi|1953646717|ref|NR_171512.1|	87.826	460	56	0	1	460	313	772	3.76e-153	540	2162893
cde753913bd1130895e16b386abe3983	gi|566085049|ref|NR_108635.1|	87.852	461	54	2	1	460	316	775	3.76e-153	540	682526
cde753913bd1130895e16b386abe3983	gi|1040567039|ref|NR_137388.1|	87.662	462	53	4	1	460	315	774	4.87e-152	536	1605892
cde753913bd1130895e16b386abe3983	gi|645320817|ref|NR_117932.1|	87.636	461	55	2	1	460	333	792	1.75e-151	534	889453
cde753913bd1130895e16b386abe3983	gi|2363082338|ref|NR_179416.1|	87.446	462	55	3	1	460	342	802	8.15e-150	529	1673718
9148b52f645049aa280c9589370ee2a6	gi|645320614|ref|NR_117778.1|	98.925	465	5	0	1	465	293	757	0.0	832	40545
9148b52f645049aa280c9589370ee2a6	gi|559795260|ref|NR_104851.1|	98.925	465	5	0	1	465	282	746	0.0	832	40545
9148b52f645049aa280c9589370ee2a6	gi|1864207054|ref|NR_169348.1|	97.849	465	10	0	1	465	319	783	0.0	804	2584944
9148b52f645049aa280c9589370ee2a6	gi|2363082713|ref|NR_179604.1|	97.419	465	12	0	1	465	310	774	0.0	793	1944635
9148b52f645049aa280c9589370ee2a6	gi|219878461|ref|NR_025600.1|	94.194	465	27	0	1	465	302	766	0.0	710	234908
9148b52f645049aa280c9589370ee2a6	gi|2363082045|ref|NR_179269.1|	93.777	466	27	2	1	465	320	784	0.0	699	2494234
9148b52f645049aa280c9589370ee2a6	gi|1193829158|ref|NR_147401.1|	93.362	467	27	4	1	465	332	796	0.0	688	1816689
9148b52f645049aa280c9589370ee2a6	gi|1193829159|ref|NR_147402.1|	93.118	465	32	0	1	465	332	796	0.0	682	1907660
9148b52f645049aa280c9589370ee2a6	gi|2136551693|ref|NR_173698.1|	92.521	468	29	4	1	465	318	782	0.0	665	2259133
9148b52f645049aa280c9589370ee2a6	gi|2363082296|ref|NR_179395.1|	92.521	468	29	4	1	465	330	794	0.0	665	1506471
de547e561171e259b30d251b831a2973	gi|2363086298|ref|NR_181401.1|	99.089	439	4	0	1	439	303	741	0.0	789	2763645
de547e561171e259b30d251b831a2973	gi|2363086296|ref|NR_181400.1|	96.568	437	15	0	3	439	250	686	0.0	726	2764712
de547e561171e259b30d251b831a2973	gi|1116030291|ref|NR_144749.1|	93.439	442	25	3	1	439	347	787	0.0	652	1852367
de547e561171e259b30d251b831a2973	gi|1116030279|ref|NR_144737.1|	92.308	442	31	1	1	439	347	788	9.62e-179	625	1776384
de547e561171e259b30d251b831a2973	gi|2463901899|ref|NR_184630.1|	92.063	441	33	1	1	439	343	783	4.47e-177	619	2839743
de547e561171e259b30d251b831a2973	gi|645321917|ref|NR_118780.1|	90.971	443	36	2	1	439	326	768	2.71e-169	593	56774
de547e561171e259b30d251b831a2973	gi|219878150|ref|NR_025289.1|	90.971	443	35	3	1	439	321	762	9.75e-169	592	888727
de547e561171e259b30d251b831a2973	gi|645321915|ref|NR_118779.1|	90.930	441	38	2	1	439	327	767	9.75e-169	592	35517
de547e561171e259b30d251b831a2973	gi|310975129|ref|NR_036993.1|	90.930	441	38	2	1	439	359	799	9.75e-169	592	35517
de547e561171e259b30d251b831a2973	gi|2363085498|ref|NR_180998.1|	90.745	443	36	3	1	439	292	733	4.54e-167	586	2507160
69e2723fd17e28d3eeaac1017cfba897	gi|631251878|ref|NR_113076.1|	99.565	460	2	0	1	460	324	783	0.0	839	927665
69e2723fd17e28d3eeaac1017cfba897	gi|343202832|ref|NR_043317.1|	99.565	460	2	0	1	460	284	743	0.0	839	328812
69e2723fd17e28d3eeaac1017cfba897	gi|2363086049|ref|NR_181277.1|	96.957	460	14	0	1	460	309	768	0.0	773	2753162
69e2723fd17e28d3eeaac1017cfba897	gi|631251637|ref|NR_112835.1|	96.963	461	11	3	1	460	336	794	0.0	771	574930
69e2723fd17e28d3eeaac1017cfba897	gi|645322411|ref|NR_119166.1|	96.095	461	16	2	1	460	319	778	0.0	752	411477
69e2723fd17e28d3eeaac1017cfba897	gi|2363082619|ref|NR_179556.1|	96.104	462	14	4	1	460	316	775	0.0	750	1871013
69e2723fd17e28d3eeaac1017cfba897	gi|343200777|ref|NR_041464.1|	96.087	460	18	0	1	460	340	799	0.0	750	387661
69e2723fd17e28d3eeaac1017cfba897	gi|343200656|ref|NR_041343.1|	96.095	461	16	2	1	460	340	799	0.0	750	46503
69e2723fd17e28d3eeaac1017cfba897	gi|1811131517|ref|NR_165699.1|	95.870	460	19	0	1	460	336	795	0.0	745	2685834
69e2723fd17e28d3eeaac1017cfba897	gi|2363083816|ref|NR_180156.1|	95.217	460	22	0	1	460	291	750	0.0	728	2290935
86599f8734e2f9111661b12eaadef8ba	gi|559795255|ref|NR_104846.1|	91.196	443	33	6	1	440	288	727	2.10e-170	597	745368
86599f8734e2f9111661b12eaadef8ba	gi|3030611269|ref|NR_199945.1|	90.950	442	36	4	1	440	335	774	9.78e-169	592	3435293
86599f8734e2f9111661b12eaadef8ba	gi|2363082356|ref|NR_179425.1|	90.930	441	38	2	1	440	351	790	9.78e-169	592	1689304
86599f8734e2f9111661b12eaadef8ba	gi|645321018|ref|NR_118086.1|	90.950	442	36	4	1	440	345	784	9.78e-169	592	979627
86599f8734e2f9111661b12eaadef8ba	gi|2363087259|ref|NR_181885.1|	90.703	441	39	2	1	440	335	774	1.26e-167	588	2885351
86599f8734e2f9111661b12eaadef8ba	gi|2363082583|ref|NR_179538.1|	90.724	442	37	4	1	440	346	785	4.55e-167	586	1852382
86599f8734e2f9111661b12eaadef8ba	gi|645321072|ref|NR_118128.1|	90.724	442	37	4	1	440	174	613	4.55e-167	586	1531
86599f8734e2f9111661b12eaadef8ba	gi|631252212|ref|NR_113410.1|	90.724	442	37	4	1	440	257	696	4.55e-167	586	208479
86599f8734e2f9111661b12eaadef8ba	gi|1491509616|ref|NR_159147.1|	90.745	443	35	6	1	440	335	774	4.55e-167	586	915180
86599f8734e2f9111661b12eaadef8ba	gi|559795098|ref|NR_104684.1|	90.724	442	37	4	1	440	348	787	4.55e-167	586	887325
58c3b35468158512a04970eef2493510	gi|2363082342|ref|NR_179418.1|	93.002	443	30	1	1	442	348	790	0.0	645	1673721
58c3b35468158512a04970eef2493510	gi|3030611324|ref|NR_200000.1|	92.777	443	31	1	1	442	301	743	0.0	640	3342383
58c3b35468158512a04970eef2493510	gi|1109168025|ref|NR_144611.1|	92.777	443	31	1	1	442	282	724	0.0	640	1417852
58c3b35468158512a04970eef2493510	gi|2363082352|ref|NR_179423.1|	92.325	443	33	1	1	442	349	791	7.49e-180	628	1689270
58c3b35468158512a04970eef2493510	gi|2363082168|ref|NR_179330.1|	92.099	443	33	2	1	442	327	768	3.48e-178	623	2714355
58c3b35468158512a04970eef2493510	gi|2363082569|ref|NR_179531.1|	91.874	443	34	2	1	442	347	788	1.62e-176	617	1852369
58c3b35468158512a04970eef2493510	gi|645321636|ref|NR_118554.1|	91.874	443	35	1	1	442	329	771	1.62e-176	617	1297617
58c3b35468158512a04970eef2493510	gi|219846612|ref|NR_026204.1|	91.648	443	36	1	1	442	328	770	2.10e-175	614	47246
58c3b35468158512a04970eef2493510	gi|2363083800|ref|NR_180148.1|	91.648	443	36	1	1	442	349	791	7.54e-175	612	2211183
58c3b35468158512a04970eef2493510	gi|2363082165|ref|NR_179329.1|	91.422	443	36	2	1	442	327	768	3.51e-173	606	2714353
7eefa6941bb4e05e00d4c7616edc03dc	gi|631251953|ref|NR_113151.1|	99.783	460	1	0	1	460	338	797	0.0	845	328813
7eefa6941bb4e05e00d4c7616edc03dc	gi|343202833|ref|NR_043318.1|	99.783	460	1	0	1	460	324	783	0.0	845	328813
7eefa6941bb4e05e00d4c7616edc03dc	gi|2363082099|ref|NR_179296.1|	97.826	460	10	0	1	460	324	783	0.0	795	2585119
7eefa6941bb4e05e00d4c7616edc03dc	gi|507148054|ref|NR_102861.1|	97.391	460	12	0	1	460	334	793	0.0	784	717959
7eefa6941bb4e05e00d4c7616edc03dc	gi|672239000|ref|NR_125589.1|	97.397	461	10	2	1	460	269	728	0.0	784	1033731
7eefa6941bb4e05e00d4c7616edc03dc	gi|343202834|ref|NR_043319.1|	97.174	460	13	0	1	460	323	782	0.0	780	717959
7eefa6941bb4e05e00d4c7616edc03dc	gi|2363082505|ref|NR_179499.1|	97.174	460	13	0	1	460	342	801	0.0	778	2364787
7eefa6941bb4e05e00d4c7616edc03dc	gi|507148137|ref|NR_102944.1|	97.174	460	13	0	1	460	334	793	0.0	778	214856
7eefa6941bb4e05e00d4c7616edc03dc	gi|631251955|ref|NR_113153.1|	97.174	460	13	0	1	460	334	793	0.0	778	328814
7eefa6941bb4e05e00d4c7616edc03dc	gi|636559243|ref|NR_115300.1|	97.174	460	13	0	1	460	314	773	0.0	778	679935
beb4cd5d51fd50d7229fdf6f52d675cd	gi|645320588|ref|NR_117758.1|	89.888	445	38	5	1	441	322	763	5.94e-161	566	166486
beb4cd5d51fd50d7229fdf6f52d675cd	gi|343198540|ref|NR_042832.1|	89.865	444	39	6	1	441	330	770	5.94e-161	566	301302
beb4cd5d51fd50d7229fdf6f52d675cd	gi|228716944|ref|NR_027557.1|	89.888	445	38	5	1	441	343	784	5.94e-161	566	536231
beb4cd5d51fd50d7229fdf6f52d675cd	gi|2363086282|ref|NR_181393.1|	89.593	442	43	2	1	441	290	729	9.94e-159	558	2763664
beb4cd5d51fd50d7229fdf6f52d675cd	gi|2136551593|ref|NR_173596.1|	89.189	444	42	5	1	441	301	741	5.98e-156	549	1703332
beb4cd5d51fd50d7229fdf6f52d675cd	gi|636560687|ref|NR_116747.1|	88.939	443	44	4	1	441	301	740	1.00e-153	542	1298596
beb4cd5d51fd50d7229fdf6f52d675cd	gi|1315204019|ref|NR_152688.1|	88.939	443	44	4	1	441	348	787	1.00e-153	542	433279
beb4cd5d51fd50d7229fdf6f52d675cd	gi|219846723|ref|NR_026315.1|	88.939	443	44	4	1	441	317	756	1.00e-153	542	46206
beb4cd5d51fd50d7229fdf6f52d675cd	gi|444304209|ref|NR_074634.1|	88.739	444	43	6	1	441	350	789	4.66e-152	536	515619
beb4cd5d51fd50d7229fdf6f52d675cd	gi|559795150|ref|NR_104737.1|	88.688	442	47	2	1	441	346	785	4.66e-152	536	1732
cf8d00567237917e6411e0e3ea4dc705	gi|559795314|ref|NR_104907.1|	95.238	441	21	0	1	441	315	755	0.0	699	290054
cf8d00567237917e6411e0e3ea4dc705	gi|2136551683|ref|NR_173688.1|	91.383	441	37	1	1	441	321	760	4.53e-172	603	2780922
cf8d00567237917e6411e0e3ea4dc705	gi|507148077|ref|NR_102884.1|	90.498	442	39	3	1	441	331	770	2.12e-165	580	213810
cf8d00567237917e6411e0e3ea4dc705	gi|1864207164|ref|NR_169458.1|	90.249	441	42	1	1	441	345	784	9.87e-164	575	2164149
cf8d00567237917e6411e0e3ea4dc705	gi|444303976|ref|NR_074399.1|	90.249	441	42	1	1	441	333	772	9.87e-164	575	697329
cf8d00567237917e6411e0e3ea4dc705	gi|631251834|ref|NR_113032.1|	90.249	441	42	1	1	441	333	772	9.87e-164	575	1264
cf8d00567237917e6411e0e3ea4dc705	gi|636559173|ref|NR_115230.1|	90.249	441	42	1	1	441	333	772	9.87e-164	575	697329
cf8d00567237917e6411e0e3ea4dc705	gi|219846339|ref|NR_025929.1|	90.249	441	42	1	1	441	328	767	9.87e-164	575	697329
cf8d00567237917e6411e0e3ea4dc705	gi|1445136071|ref|NR_158111.1|	89.819	442	41	4	1	441	349	787	2.14e-160	564	2038680
cf8d00567237917e6411e0e3ea4dc705	gi|2363082601|ref|NR_179547.1|	89.842	443	40	5	1	441	347	786	2.14e-160	564	1870991
cabfd48d8a9776d4883b358669189f91	gi|631252157|ref|NR_113355.1|	89.339	469	43	7	1	466	356	820	6.25e-166	582	218538
cabfd48d8a9776d4883b358669189f91	gi|219846090|ref|NR_025680.1|	89.339	469	43	7	1	466	336	800	6.25e-166	582	592028
cabfd48d8a9776d4883b358669189f91	gi|444304209|ref|NR_074634.1|	98.165	327	4	2	141	466	464	789	4.87e-162	569	515619
cabfd48d8a9776d4883b358669189f91	gi|343198540|ref|NR_042832.1|	97.859	327	5	2	141	466	445	770	2.26e-160	564	301302
cabfd48d8a9776d4883b358669189f91	gi|1227086116|ref|NR_148619.1|	88.889	468	24	15	1	466	301	742	1.76e-156	551	1712665
cabfd48d8a9776d4883b358669189f91	gi|645320588|ref|NR_117758.1|	96.942	327	8	2	141	466	438	763	2.28e-155	547	166486
cabfd48d8a9776d4883b358669189f91	gi|228716944|ref|NR_027557.1|	96.942	327	8	2	141	466	459	784	2.28e-155	547	536231
cabfd48d8a9776d4883b358669189f91	gi|444439494|ref|NR_074809.1|	96.636	327	9	2	141	466	465	790	1.06e-153	542	585394
cabfd48d8a9776d4883b358669189f91	gi|343201282|ref|NR_042008.1|	96.605	324	9	2	144	466	458	780	4.94e-152	536	585394
cabfd48d8a9776d4883b358669189f91	gi|2363086282|ref|NR_181393.1|	88.223	467	27	13	1	466	290	729	6.39e-151	532	2763664
023d3ab6fac540c10651a00a9c45e38a	gi|2363085169|ref|NR_180833.1|	97.273	440	12	0	1	440	337	776	0.0	747	2606635
023d3ab6fac540c10651a00a9c45e38a	gi|310975064|ref|NR_036928.1|	96.364	440	16	0	1	440	333	772	0.0	725	154046
023d3ab6fac540c10651a00a9c45e38a	gi|2363084846|ref|NR_180671.1|	96.136	440	17	0	1	440	63	502	0.0	719	2594882
023d3ab6fac540c10651a00a9c45e38a	gi|1193829153|ref|NR_147396.1|	96.136	440	17	0	1	440	328	767	0.0	719	1917870
023d3ab6fac540c10651a00a9c45e38a	gi|2962412221|ref|NR_199415.1|	96.136	440	17	0	1	440	338	777	0.0	719	3136600
023d3ab6fac540c10651a00a9c45e38a	gi|343205837|ref|NR_044289.1|	96.145	441	15	2	1	440	328	767	0.0	719	460384
023d3ab6fac540c10651a00a9c45e38a	gi|310975204|ref|NR_037068.1|	95.918	441	16	2	1	440	341	780	0.0	713	29375
023d3ab6fac540c10651a00a9c45e38a	gi|343201474|ref|NR_042200.1|	95.918	441	16	2	1	440	318	757	0.0	713	333367
023d3ab6fac540c10651a00a9c45e38a	gi|219846723|ref|NR_026315.1|	95.909	440	18	0	1	440	317	756	0.0	713	46206
023d3ab6fac540c10651a00a9c45e38a	gi|3030611230|ref|NR_199906.1|	95.682	440	19	0	1	440	354	793	0.0	708	3123317
4c6a9001ddc8d005bbc98c958aca6b95	gi|566085203|ref|NR_109014.1|	95.023	442	18	4	1	440	195	634	0.0	691	871665
4c6a9001ddc8d005bbc98c958aca6b95	gi|2363082673|ref|NR_179584.1|	94.796	442	19	4	1	440	327	766	0.0	686	1917888
4c6a9001ddc8d005bbc98c958aca6b95	gi|631252033|ref|NR_113231.1|	94.131	443	20	6	1	440	347	786	0.0	669	536633
4c6a9001ddc8d005bbc98c958aca6b95	gi|631251591|ref|NR_112789.1|	94.131	443	20	6	1	440	333	772	0.0	669	536633
4c6a9001ddc8d005bbc98c958aca6b95	gi|219846720|ref|NR_026312.1|	93.665	442	24	4	1	440	327	766	0.0	660	180164
4c6a9001ddc8d005bbc98c958aca6b95	gi|2363084170|ref|NR_180334.1|	93.439	442	25	4	1	440	253	692	0.0	652	2763028
4c6a9001ddc8d005bbc98c958aca6b95	gi|631253117|ref|NR_114315.1|	93.439	442	25	4	1	440	336	775	0.0	652	649762
4c6a9001ddc8d005bbc98c958aca6b95	gi|2363086300|ref|NR_181402.1|	93.439	442	25	4	1	440	300	739	0.0	652	2763028
4c6a9001ddc8d005bbc98c958aca6b95	gi|645320731|ref|NR_117867.1|	93.439	442	25	4	1	440	300	739	0.0	652	871664
4c6a9001ddc8d005bbc98c958aca6b95	gi|343205678|ref|NR_044054.1|	93.439	442	25	4	1	440	297	736	0.0	652	1121115
4a8fa77087beef3848ddd01d04da5e9a	gi|2363086280|ref|NR_181392.1|	99.321	442	3	0	1	442	324	765	0.0	800	2763665
4a8fa77087beef3848ddd01d04da5e9a	gi|2363082679|ref|NR_179587.1|	96.380	442	14	1	1	442	328	767	0.0	726	1926283
4a8fa77087beef3848ddd01d04da5e9a	gi|2363081854|ref|NR_179173.1|	96.380	442	14	1	1	442	333	772	0.0	726	2126740
4a8fa77087beef3848ddd01d04da5e9a	gi|1384992332|ref|NR_156081.1|	95.928	442	16	1	1	442	336	775	0.0	715	1469948
4a8fa77087beef3848ddd01d04da5e9a	gi|1384992329|ref|NR_156078.1|	95.928	442	16	1	1	442	336	775	0.0	715	1469948
4a8fa77087beef3848ddd01d04da5e9a	gi|3030611230|ref|NR_199906.1|	95.701	442	17	1	1	442	354	793	0.0	710	3123317
4a8fa77087beef3848ddd01d04da5e9a	gi|3030611314|ref|NR_199990.1|	95.701	442	17	1	1	442	350	789	0.0	710	3123317
4a8fa77087beef3848ddd01d04da5e9a	gi|1193829153|ref|NR_147396.1|	95.701	442	17	1	1	442	328	767	0.0	710	1917870
4a8fa77087beef3848ddd01d04da5e9a	gi|1384992331|ref|NR_156080.1|	95.701	442	17	1	1	442	336	775	0.0	710	1469948
4a8fa77087beef3848ddd01d04da5e9a	gi|1384992328|ref|NR_156077.1|	95.701	442	17	1	1	442	336	775	0.0	710	1469948
7a8e921f14a061df1b8ba6e1d87531a1	gi|645321813|ref|NR_118692.1|	99.318	440	2	1	1	440	314	752	0.0	797	411459
7a8e921f14a061df1b8ba6e1d87531a1	gi|2363084170|ref|NR_180334.1|	98.409	440	7	0	1	440	253	692	0.0	774	2763028
7a8e921f14a061df1b8ba6e1d87531a1	gi|2363086300|ref|NR_181402.1|	98.409	440	7	0	1	440	300	739	0.0	774	2763028
7a8e921f14a061df1b8ba6e1d87531a1	gi|219846720|ref|NR_026312.1|	97.727	440	10	0	1	440	327	766	0.0	760	180164
7a8e921f14a061df1b8ba6e1d87531a1	gi|631252033|ref|NR_113231.1|	97.727	440	10	0	1	440	347	786	0.0	758	536633
7a8e921f14a061df1b8ba6e1d87531a1	gi|631251591|ref|NR_112789.1|	97.727	440	10	0	1	440	333	772	0.0	758	536633
7a8e921f14a061df1b8ba6e1d87531a1	gi|1109168017|ref|NR_144607.1|	97.500	440	11	0	1	440	282	721	0.0	752	1796615
7a8e921f14a061df1b8ba6e1d87531a1	gi|343201234|ref|NR_041960.1|	97.506	441	10	1	1	440	222	662	0.0	752	89014
7a8e921f14a061df1b8ba6e1d87531a1	gi|645320731|ref|NR_117867.1|	97.500	440	11	0	1	440	300	739	0.0	752	871664
7a8e921f14a061df1b8ba6e1d87531a1	gi|343205678|ref|NR_044054.1|	97.500	440	11	0	1	440	297	736	0.0	752	1121115
ece9989318213b921f006192481ce568	gi|343200777|ref|NR_041464.1|	94.130	460	27	0	1	460	340	799	0.0	701	387661
ece9989318213b921f006192481ce568	gi|343200591|ref|NR_041278.1|	93.261	460	31	0	1	460	339	798	0.0	678	470145
ece9989318213b921f006192481ce568	gi|2363086049|ref|NR_181277.1|	92.826	460	33	0	1	460	309	768	0.0	667	2753162
ece9989318213b921f006192481ce568	gi|631251878|ref|NR_113076.1|	92.826	460	33	0	1	460	324	783	0.0	667	927665
ece9989318213b921f006192481ce568	gi|343202832|ref|NR_043317.1|	92.826	460	33	0	1	460	284	743	0.0	667	328812
ece9989318213b921f006192481ce568	gi|343200656|ref|NR_041343.1|	92.609	460	34	0	1	460	340	799	0.0	662	46503
ece9989318213b921f006192481ce568	gi|645322411|ref|NR_119166.1|	92.391	460	35	0	1	460	319	778	0.0	658	411477
ece9989318213b921f006192481ce568	gi|2363083816|ref|NR_180156.1|	91.957	460	37	0	1	460	291	750	0.0	645	2290935
ece9989318213b921f006192481ce568	gi|631251747|ref|NR_112945.1|	91.304	460	40	0	1	460	327	786	7.81e-180	628	820
ece9989318213b921f006192481ce568	gi|343200179|ref|NR_040866.1|	91.304	460	40	0	1	460	334	793	7.81e-180	628	820
551ba74bf9379f9144ba3e34638657e7	gi|631252118|ref|NR_113316.1|	99.546	441	2	0	1	441	327	767	0.0	804	74426
551ba74bf9379f9144ba3e34638657e7	gi|265678302|ref|NR_028604.1|	98.639	441	5	1	1	441	327	766	0.0	780	74426
551ba74bf9379f9144ba3e34638657e7	gi|1193829136|ref|NR_147379.1|	96.833	442	11	3	1	441	328	767	0.0	736	1907654
551ba74bf9379f9144ba3e34638657e7	gi|1193829156|ref|NR_147399.1|	95.918	441	17	1	1	441	328	767	0.0	713	1871016
551ba74bf9379f9144ba3e34638657e7	gi|1109167962|ref|NR_144579.1|	95.465	441	19	1	1	441	322	761	0.0	702	1232426
551ba74bf9379f9144ba3e34638657e7	gi|2363082368|ref|NR_179431.1|	95.238	441	20	1	1	441	328	767	0.0	697	1720204
551ba74bf9379f9144ba3e34638657e7	gi|631251967|ref|NR_113165.1|	95.238	441	20	1	1	441	328	767	0.0	697	147207
551ba74bf9379f9144ba3e34638657e7	gi|631251966|ref|NR_113164.1|	95.238	441	20	1	1	441	328	767	0.0	697	147206
551ba74bf9379f9144ba3e34638657e7	gi|2363084792|ref|NR_180644.1|	95.011	441	21	1	1	441	249	688	0.0	693	2603815
551ba74bf9379f9144ba3e34638657e7	gi|2363082703|ref|NR_179599.1|	94.796	442	20	3	1	441	308	747	0.0	686	1937461
5d06a0d845b390ba3f9bd8229d82697d	gi|265679027|ref|NR_029335.1|	98.707	464	6	0	1	464	250	713	0.0	824	61171
5d06a0d845b390ba3f9bd8229d82697d	gi|672239039|ref|NR_125628.1|	97.414	464	12	0	1	464	336	799	0.0	791	1211819
5d06a0d845b390ba3f9bd8229d82697d	gi|645320615|ref|NR_117779.1|	93.750	464	24	4	1	464	333	791	0.0	691	118967
5d06a0d845b390ba3f9bd8229d82697d	gi|559795259|ref|NR_104850.1|	93.750	464	24	4	1	464	323	781	0.0	691	118967
5d06a0d845b390ba3f9bd8229d82697d	gi|219878455|ref|NR_025594.1|	90.578	467	38	6	1	464	329	792	2.21e-175	614	225084
5d06a0d845b390ba3f9bd8229d82697d	gi|2363087359|ref|NR_181936.1|	90.364	467	39	6	1	464	269	732	1.03e-173	608	2683713
5d06a0d845b390ba3f9bd8229d82697d	gi|1270532561|ref|NR_146814.2|	89.871	464	47	0	1	464	350	813	2.22e-170	597	1514105
5d06a0d845b390ba3f9bd8229d82697d	gi|1150406785|ref|NR_146039.1|	89.871	464	47	0	1	464	266	729	2.22e-170	597	1514105
5d06a0d845b390ba3f9bd8229d82697d	gi|2363087361|ref|NR_181937.1|	89.722	467	42	6	1	464	291	754	1.03e-168	592	2683717
5d06a0d845b390ba3f9bd8229d82697d	gi|2363085171|ref|NR_180834.1|	89.871	464	42	2	1	464	335	793	1.03e-168	592	2606630
4af9ba8465a4a19cd5891b39e80a2769	gi|631251875|ref|NR_113073.1|	91.957	460	36	1	1	459	329	788	0.0	643	487174
4af9ba8465a4a19cd5891b39e80a2769	gi|343200981|ref|NR_041668.1|	91.957	460	36	1	1	459	321	780	0.0	643	742726
4af9ba8465a4a19cd5891b39e80a2769	gi|2136551682|ref|NR_173687.1|	90.456	461	41	3	1	459	325	784	1.31e-172	604	2751153
4af9ba8465a4a19cd5891b39e80a2769	gi|1146059151|ref|NR_145883.1|	90.022	461	43	3	1	459	284	743	2.84e-169	593	1501392
4af9ba8465a4a19cd5891b39e80a2769	gi|631251734|ref|NR_112932.1|	90.043	462	41	5	1	459	328	787	2.84e-169	593	47678
4af9ba8465a4a19cd5891b39e80a2769	gi|219846650|ref|NR_026242.1|	90.043	462	41	5	1	459	318	777	2.84e-169	593	47678
4af9ba8465a4a19cd5891b39e80a2769	gi|1270532346|ref|NR_121773.2|	89.805	461	44	3	1	459	348	807	1.32e-167	588	397865
4af9ba8465a4a19cd5891b39e80a2769	gi|1116030267|ref|NR_144725.1|	89.588	461	45	3	1	459	337	796	1.32e-167	588	1686296
4af9ba8465a4a19cd5891b39e80a2769	gi|2363084431|ref|NR_180463.1|	89.827	462	42	5	1	459	340	799	1.32e-167	588	2650158
4af9ba8465a4a19cd5891b39e80a2769	gi|2363086550|ref|NR_181532.1|	89.633	463	41	7	1	459	322	781	6.15e-166	582	2763025
f3b7248666d5e45e74928a4a43e9f093	gi|2363082157|ref|NR_179325.1|	89.936	467	44	3	1	466	300	764	6.21e-171	599	2682456
f3b7248666d5e45e74928a4a43e9f093	gi|631252372|ref|NR_113570.1|	89.936	467	44	3	1	466	333	797	6.21e-171	599	1110546
f3b7248666d5e45e74928a4a43e9f093	gi|343201163|ref|NR_041879.1|	89.936	467	44	3	1	466	283	747	6.21e-171	599	39778
f3b7248666d5e45e74928a4a43e9f093	gi|636559298|ref|NR_115355.1|	89.936	467	44	3	1	466	326	790	6.21e-171	599	39778
f3b7248666d5e45e74928a4a43e9f093	gi|645322415|ref|NR_119169.1|	89.722	467	45	3	1	466	331	795	8.03e-170	595	39778
f3b7248666d5e45e74928a4a43e9f093	gi|444439665|ref|NR_074980.1|	89.722	467	45	3	1	466	353	817	2.89e-169	593	479436
f3b7248666d5e45e74928a4a43e9f093	gi|645320589|ref|NR_117759.1|	89.722	467	45	3	1	466	329	793	2.89e-169	593	479436
f3b7248666d5e45e74928a4a43e9f093	gi|631251833|ref|NR_113031.1|	89.722	467	45	3	1	466	353	817	2.89e-169	593	29466
f3b7248666d5e45e74928a4a43e9f093	gi|343202841|ref|NR_043332.1|	89.722	467	45	3	1	466	326	790	2.89e-169	593	479436
f3b7248666d5e45e74928a4a43e9f093	gi|645322414|ref|NR_119168.1|	89.722	467	45	3	1	466	331	795	2.89e-169	593	479436
456261d794e44bcd28d30ae3df538c44	gi|2363085169|ref|NR_180833.1|	94.773	440	23	0	1	440	337	776	0.0	686	2606635
456261d794e44bcd28d30ae3df538c44	gi|559795307|ref|NR_104899.1|	92.727	440	32	0	1	440	328	767	0.0	636	384636
456261d794e44bcd28d30ae3df538c44	gi|310975204|ref|NR_037068.1|	92.727	440	32	0	1	440	341	780	0.0	636	29375
456261d794e44bcd28d30ae3df538c44	gi|2363082679|ref|NR_179587.1|	92.500	440	33	0	1	440	328	767	2.07e-180	630	1926283
456261d794e44bcd28d30ae3df538c44	gi|1384992332|ref|NR_156081.1|	92.500	440	33	0	1	440	336	775	2.07e-180	630	1469948
456261d794e44bcd28d30ae3df538c44	gi|1384992329|ref|NR_156078.1|	92.500	440	33	0	1	440	336	775	2.07e-180	630	1469948
456261d794e44bcd28d30ae3df538c44	gi|2363081854|ref|NR_179173.1|	92.500	440	33	0	1	440	333	772	2.07e-180	630	2126740
456261d794e44bcd28d30ae3df538c44	gi|645322280|ref|NR_119068.1|	92.500	440	32	1	1	440	315	753	7.45e-180	628	36832
456261d794e44bcd28d30ae3df538c44	gi|3030611230|ref|NR_199906.1|	92.273	440	34	0	1	440	354	793	9.64e-179	625	3123317
456261d794e44bcd28d30ae3df538c44	gi|3030611314|ref|NR_199990.1|	92.273	440	34	0	1	440	350	789	9.64e-179	625	3123317
50fef2bd8ae100adb6a4db9a5d870556	gi|645320588|ref|NR_117758.1|	95.270	444	15	6	1	440	322	763	0.0	699	166486
50fef2bd8ae100adb6a4db9a5d870556	gi|228716944|ref|NR_027557.1|	95.270	444	15	6	1	440	343	784	0.0	699	536231
50fef2bd8ae100adb6a4db9a5d870556	gi|444439494|ref|NR_074809.1|	95.260	443	16	5	1	440	350	790	0.0	697	585394
50fef2bd8ae100adb6a4db9a5d870556	gi|343201282|ref|NR_042008.1|	95.034	443	16	6	1	440	341	780	0.0	691	585394
50fef2bd8ae100adb6a4db9a5d870556	gi|343198540|ref|NR_042832.1|	94.808	443	18	5	1	440	330	770	0.0	686	301302
50fef2bd8ae100adb6a4db9a5d870556	gi|444304209|ref|NR_074634.1|	94.570	442	20	4	1	440	350	789	0.0	680	515619
50fef2bd8ae100adb6a4db9a5d870556	gi|1227086116|ref|NR_148619.1|	94.369	444	19	6	1	440	301	742	0.0	676	1712665
50fef2bd8ae100adb6a4db9a5d870556	gi|2363086282|ref|NR_181393.1|	94.118	442	22	4	1	440	290	729	0.0	669	2763664
50fef2bd8ae100adb6a4db9a5d870556	gi|2363085153|ref|NR_180825.1|	93.679	443	23	5	1	440	347	787	0.0	658	2605790
50fef2bd8ae100adb6a4db9a5d870556	gi|343201281|ref|NR_042007.1|	93.498	446	19	10	1	440	343	784	0.0	654	622312
e2c3c6e47765662c520b2ca121725d87	gi|444304209|ref|NR_074634.1|	97.727	440	10	0	1	440	350	789	0.0	758	515619
e2c3c6e47765662c520b2ca121725d87	gi|343198540|ref|NR_042832.1|	97.506	441	10	1	1	440	330	770	0.0	752	301302
e2c3c6e47765662c520b2ca121725d87	gi|2363085149|ref|NR_180823.1|	97.273	440	12	0	1	440	357	796	0.0	747	2606634
e2c3c6e47765662c520b2ca121725d87	gi|2363085153|ref|NR_180825.1|	97.052	441	12	1	1	440	347	787	0.0	741	2605790
e2c3c6e47765662c520b2ca121725d87	gi|645320588|ref|NR_117758.1|	96.606	442	13	1	1	440	322	763	0.0	732	166486
e2c3c6e47765662c520b2ca121725d87	gi|228716944|ref|NR_027557.1|	96.606	442	13	1	1	440	343	784	0.0	732	536231
e2c3c6e47765662c520b2ca121725d87	gi|444439494|ref|NR_074809.1|	96.599	441	14	1	1	440	350	790	0.0	730	585394
e2c3c6e47765662c520b2ca121725d87	gi|2363086284|ref|NR_181394.1|	96.364	440	16	0	1	440	306	745	0.0	725	2763668
e2c3c6e47765662c520b2ca121725d87	gi|2363086282|ref|NR_181393.1|	96.364	440	16	0	1	440	290	729	0.0	725	2763664
e2c3c6e47765662c520b2ca121725d87	gi|559795194|ref|NR_104783.1|	96.364	440	16	0	1	440	353	792	0.0	725	290052
063b25876fd054985f9d1047b091b624	gi|343201281|ref|NR_042007.1|	95.023	442	22	0	1	442	343	784	0.0	695	622312
063b25876fd054985f9d1047b091b624	gi|645320588|ref|NR_117758.1|	93.694	444	24	4	1	442	322	763	0.0	662	166486
063b25876fd054985f9d1047b091b624	gi|228716944|ref|NR_027557.1|	93.694	444	24	4	1	442	343	784	0.0	662	536231
063b25876fd054985f9d1047b091b624	gi|444439494|ref|NR_074809.1|	93.243	444	25	5	1	442	350	790	0.0	649	585394
063b25876fd054985f9d1047b091b624	gi|343198540|ref|NR_042832.1|	93.243	444	25	5	1	442	330	770	0.0	649	301302
063b25876fd054985f9d1047b091b624	gi|343201282|ref|NR_042008.1|	93.018	444	25	6	1	442	341	780	0.0	643	585394
063b25876fd054985f9d1047b091b624	gi|1227086116|ref|NR_148619.1|	92.809	445	26	6	1	442	301	742	0.0	640	1712665
063b25876fd054985f9d1047b091b624	gi|444304209|ref|NR_074634.1|	92.117	444	29	5	1	442	350	789	1.25e-177	621	515619
063b25876fd054985f9d1047b091b624	gi|2363086282|ref|NR_181393.1|	92.117	444	29	5	1	442	290	729	1.25e-177	621	2763664
063b25876fd054985f9d1047b091b624	gi|2363085153|ref|NR_180825.1|	91.667	444	32	5	1	442	347	787	2.71e-174	610	2605790
6272eb06bbb8d790d45b296199b4db2d	gi|2363085169|ref|NR_180833.1|	95.498	311	14	0	150	460	466	776	2.30e-140	497	2606635
6272eb06bbb8d790d45b296199b4db2d	gi|343200759|ref|NR_041446.1|	85.870	460	65	0	1	460	323	782	3.84e-138	490	376804
6272eb06bbb8d790d45b296199b4db2d	gi|631251873|ref|NR_113071.1|	85.745	463	60	6	1	460	341	800	1.79e-136	484	1236498
6272eb06bbb8d790d45b296199b4db2d	gi|631251471|ref|NR_112668.1|	85.745	463	60	6	1	460	330	789	1.79e-136	484	732242
6272eb06bbb8d790d45b296199b4db2d	gi|559795307|ref|NR_104899.1|	94.534	311	17	0	150	460	457	767	2.31e-135	481	384636
6272eb06bbb8d790d45b296199b4db2d	gi|343200774|ref|NR_041461.1|	85.249	461	67	1	1	460	339	799	3.87e-133	473	387090
6272eb06bbb8d790d45b296199b4db2d	gi|310975204|ref|NR_037068.1|	93.891	311	19	0	150	460	470	780	5.01e-132	470	29375
6272eb06bbb8d790d45b296199b4db2d	gi|310975064|ref|NR_036928.1|	93.910	312	17	2	150	460	462	772	5.01e-132	470	154046
6272eb06bbb8d790d45b296199b4db2d	gi|265678424|ref|NR_028726.1|	93.891	311	19	0	150	460	477	787	5.01e-132	470	94868
6272eb06bbb8d790d45b296199b4db2d	gi|645322280|ref|NR_119068.1|	93.569	311	19	1	150	460	444	753	8.38e-130	462	36832
ebcba44b2312bdc211b2eccf4622f6fc	gi|2363080123|ref|NR_178280.1|	95.399	326	15	0	141	466	445	770	4.97e-147	520	411483
ebcba44b2312bdc211b2eccf4622f6fc	gi|2363081449|ref|NR_178971.1|	95.092	326	15	1	141	466	399	723	8.32e-145	512	1851427
ebcba44b2312bdc211b2eccf4622f6fc	gi|3030611269|ref|NR_199945.1|	94.785	326	17	0	141	466	449	774	1.08e-143	508	3435293
ebcba44b2312bdc211b2eccf4622f6fc	gi|265678656|ref|NR_028961.1|	94.479	326	18	0	141	466	441	766	5.01e-142	503	853
ebcba44b2312bdc211b2eccf4622f6fc	gi|631252157|ref|NR_113355.1|	86.052	466	64	1	1	466	356	820	6.48e-141	499	218538
ebcba44b2312bdc211b2eccf4622f6fc	gi|219846090|ref|NR_025680.1|	86.052	466	64	1	1	466	336	800	6.48e-141	499	592028
ebcba44b2312bdc211b2eccf4622f6fc	gi|2363084747|ref|NR_180622.1|	94.190	327	17	2	141	466	449	774	2.33e-140	497	2779354
ebcba44b2312bdc211b2eccf4622f6fc	gi|2363081451|ref|NR_178972.1|	94.172	326	19	0	141	466	399	724	2.33e-140	497	1851428
ebcba44b2312bdc211b2eccf4622f6fc	gi|2363082282|ref|NR_179388.1|	93.272	327	20	2	141	466	449	774	2.35e-135	481	2935520
ebcba44b2312bdc211b2eccf4622f6fc	gi|2363080175|ref|NR_178311.1|	93.252	326	22	0	141	466	526	851	2.35e-135	481	2903556
239734d61e6d8c21d44afcfd936aec66	gi|1269801543|ref|NR_074802.2|	99.109	449	4	0	1	449	341	789	0.0	808	367928
239734d61e6d8c21d44afcfd936aec66	gi|961555015|ref|NR_133982.1|	99.109	449	4	0	1	449	311	759	0.0	808	1680
239734d61e6d8c21d44afcfd936aec66	gi|645321680|ref|NR_118589.1|	99.109	449	4	0	1	449	335	783	0.0	808	1437612
239734d61e6d8c21d44afcfd936aec66	gi|636560686|ref|NR_116746.1|	99.109	449	4	0	1	449	309	757	0.0	808	1437612
239734d61e6d8c21d44afcfd936aec66	gi|310974993|ref|NR_036857.1|	98.886	449	5	0	1	449	248	696	0.0	802	78346
239734d61e6d8c21d44afcfd936aec66	gi|3248465902|ref|NR_201917.1|	97.996	449	7	2	1	449	338	784	0.0	778	3692808
239734d61e6d8c21d44afcfd936aec66	gi|310975253|ref|NR_037117.1|	97.550	449	9	2	1	449	331	777	0.0	767	28026
239734d61e6d8c21d44afcfd936aec66	gi|631251581|ref|NR_112779.1|	97.550	449	9	2	1	449	331	777	0.0	767	1150460
239734d61e6d8c21d44afcfd936aec66	gi|343201160|ref|NR_041875.1|	97.550	449	9	2	1	449	310	756	0.0	767	1686
239734d61e6d8c21d44afcfd936aec66	gi|586661365|ref|NR_036854.2|	97.327	449	12	0	1	449	326	774	0.0	763	78343
1581247c161c733eb3cac2bb50dcff8d	gi|559795255|ref|NR_104846.1|	94.545	440	24	0	1	440	288	727	0.0	680	745368
1581247c161c733eb3cac2bb50dcff8d	gi|265678692|ref|NR_028997.1|	93.651	441	27	1	1	440	303	743	0.0	658	214851
1581247c161c733eb3cac2bb50dcff8d	gi|3030611269|ref|NR_199945.1|	92.727	440	32	0	1	440	335	774	0.0	636	3435293
1581247c161c733eb3cac2bb50dcff8d	gi|265678656|ref|NR_028961.1|	92.273	440	34	0	1	440	327	766	9.64e-179	625	853
1581247c161c733eb3cac2bb50dcff8d	gi|2363081451|ref|NR_178972.1|	92.045	440	35	0	1	440	285	724	4.48e-177	619	1851428
1581247c161c733eb3cac2bb50dcff8d	gi|2363080123|ref|NR_178280.1|	92.045	440	35	0	1	440	331	770	4.48e-177	619	411483
1581247c161c733eb3cac2bb50dcff8d	gi|2363082356|ref|NR_179425.1|	91.591	440	37	0	1	440	351	790	9.71e-174	608	1689304
1581247c161c733eb3cac2bb50dcff8d	gi|2363081449|ref|NR_178971.1|	91.591	440	36	1	1	440	285	723	3.49e-173	606	1851427
1581247c161c733eb3cac2bb50dcff8d	gi|2363082282|ref|NR_179388.1|	91.383	441	36	2	1	440	335	774	4.52e-172	603	2935520
1581247c161c733eb3cac2bb50dcff8d	gi|1397641802|ref|NR_156911.1|	91.136	440	39	0	1	440	351	790	2.10e-170	597	1650663
46bd8d17901e9dc50b38b5825a131056	gi|343200591|ref|NR_041278.1|	93.913	460	28	0	1	460	339	798	0.0	695	470145
46bd8d17901e9dc50b38b5825a131056	gi|1116030286|ref|NR_144744.1|	91.304	460	40	0	1	460	339	798	2.17e-180	630	1841856
46bd8d17901e9dc50b38b5825a131056	gi|2363082641|ref|NR_179567.1|	91.304	460	40	0	1	460	339	798	2.17e-180	630	1907658
46bd8d17901e9dc50b38b5825a131056	gi|2363082635|ref|NR_179564.1|	91.361	463	34	6	1	460	338	797	7.81e-180	628	1903262
46bd8d17901e9dc50b38b5825a131056	gi|343200774|ref|NR_041461.1|	90.672	461	42	1	1	460	339	799	7.86e-175	612	387090
46bd8d17901e9dc50b38b5825a131056	gi|343200759|ref|NR_041446.1|	90.693	462	39	4	1	460	323	782	7.86e-175	612	376804
46bd8d17901e9dc50b38b5825a131056	gi|1146059112|ref|NR_145844.1|	90.456	461	42	2	1	460	339	798	3.66e-173	606	1411144
46bd8d17901e9dc50b38b5825a131056	gi|631251745|ref|NR_112943.1|	90.456	461	42	2	1	460	326	785	3.66e-173	606	449673
46bd8d17901e9dc50b38b5825a131056	gi|2221405488|ref|NR_175548.1|	90.260	462	41	4	1	460	346	805	1.70e-171	601	2739389
46bd8d17901e9dc50b38b5825a131056	gi|444304192|ref|NR_074616.1|	90.217	460	45	0	1	460	341	800	1.70e-171	601	376805
f1bfc88cdb4a4b574b69ba35d06ac99f	gi|961555123|ref|NR_134091.1|	87.500	440	55	0	1	440	335	774	1.01e-143	508	1462919
f1bfc88cdb4a4b574b69ba35d06ac99f	gi|631251742|ref|NR_112940.1|	96.141	311	12	0	130	440	476	786	1.01e-143	508	28116
f1bfc88cdb4a4b574b69ba35d06ac99f	gi|636560121|ref|NR_116181.1|	96.141	311	12	0	130	440	481	791	1.01e-143	508	28116
f1bfc88cdb4a4b574b69ba35d06ac99f	gi|636559244|ref|NR_115301.1|	96.141	311	12	0	130	440	469	779	1.01e-143	508	28116
f1bfc88cdb4a4b574b69ba35d06ac99f	gi|1491509587|ref|NR_159118.1|	95.820	311	13	0	130	440	459	769	4.71e-142	503	28116
f1bfc88cdb4a4b574b69ba35d06ac99f	gi|1491509586|ref|NR_159117.1|	95.820	311	13	0	130	440	450	760	4.71e-142	503	28116
f1bfc88cdb4a4b574b69ba35d06ac99f	gi|343200178|ref|NR_040865.1|	97.603	292	7	0	149	440	501	792	1.69e-141	501	28116
f1bfc88cdb4a4b574b69ba35d06ac99f	gi|645322410|ref|NR_119165.1|	95.498	311	14	0	130	440	468	778	1.69e-141	501	28116
f1bfc88cdb4a4b574b69ba35d06ac99f	gi|631251749|ref|NR_112947.1|	95.498	311	14	0	130	440	475	785	2.19e-140	497	657309
f1bfc88cdb4a4b574b69ba35d06ac99f	gi|219846511|ref|NR_026103.1|	87.045	440	57	0	1	440	316	755	2.19e-140	497	37658
b5234e6c2983235f7b5f87fdec822583	gi|444304091|ref|NR_074515.1|	95.435	460	21	0	1	460	350	809	0.0	734	435590
b5234e6c2983235f7b5f87fdec822583	gi|631251748|ref|NR_112946.1|	95.435	460	21	0	1	460	339	798	0.0	734	821
b5234e6c2983235f7b5f87fdec822583	gi|631251737|ref|NR_112935.1|	95.445	461	19	2	1	460	338	797	0.0	734	28111
b5234e6c2983235f7b5f87fdec822583	gi|343200177|ref|NR_040864.1|	95.445	461	19	2	1	460	336	795	0.0	734	28111
b5234e6c2983235f7b5f87fdec822583	gi|631250946|ref|NR_112143.1|	95.217	460	22	0	1	460	307	766	0.0	728	821
b5234e6c2983235f7b5f87fdec822583	gi|343200664|ref|NR_041351.1|	94.565	460	25	0	1	460	341	800	0.0	712	357276
b5234e6c2983235f7b5f87fdec822583	gi|631252009|ref|NR_113207.1|	94.348	460	26	0	1	460	334	793	0.0	706	1236514
b5234e6c2983235f7b5f87fdec822583	gi|631251874|ref|NR_113072.1|	94.130	460	27	0	1	460	338	797	0.0	701	1236512
b5234e6c2983235f7b5f87fdec822583	gi|631251872|ref|NR_113070.1|	94.130	460	27	0	1	460	334	793	0.0	701	742727
b5234e6c2983235f7b5f87fdec822583	gi|631251697|ref|NR_112895.1|	94.130	460	27	0	1	460	314	773	0.0	701	742727
791763061bc4275e0e2b12f97a8d8cdb	gi|2363086550|ref|NR_181532.1|	90.000	460	46	0	1	460	322	781	7.92e-170	595	2763025
791763061bc4275e0e2b12f97a8d8cdb	gi|631252009|ref|NR_113207.1|	90.065	463	40	5	1	460	334	793	7.92e-170	595	1236514
791763061bc4275e0e2b12f97a8d8cdb	gi|631251747|ref|NR_112945.1|	90.000	460	46	0	1	460	327	786	7.92e-170	595	820
791763061bc4275e0e2b12f97a8d8cdb	gi|343200179|ref|NR_040866.1|	90.000	460	46	0	1	460	334	793	7.92e-170	595	820
791763061bc4275e0e2b12f97a8d8cdb	gi|2363082635|ref|NR_179564.1|	89.783	460	47	0	1	460	338	797	3.69e-168	590	1903262
791763061bc4275e0e2b12f97a8d8cdb	gi|939733298|ref|NR_133025.1|	89.783	460	47	0	1	460	275	734	3.69e-168	590	2585118
791763061bc4275e0e2b12f97a8d8cdb	gi|631251874|ref|NR_113072.1|	89.849	463	41	5	1	460	338	797	3.69e-168	590	1236512
791763061bc4275e0e2b12f97a8d8cdb	gi|631251872|ref|NR_113070.1|	89.633	463	42	5	1	460	334	793	1.71e-166	584	742727
791763061bc4275e0e2b12f97a8d8cdb	gi|631251816|ref|NR_113014.1|	89.633	463	42	5	1	460	338	797	1.71e-166	584	1236512
791763061bc4275e0e2b12f97a8d8cdb	gi|631251697|ref|NR_112895.1|	89.633	463	42	5	1	460	314	773	1.71e-166	584	742727
a7628e59e24f595d2d8883e76b5deb92	gi|1116030248|ref|NR_144706.1|	99.348	460	3	0	1	460	342	801	0.0	833	1211813
a7628e59e24f595d2d8883e76b5deb92	gi|631252073|ref|NR_113271.1|	95.000	460	23	0	1	460	339	798	0.0	723	742725
a7628e59e24f595d2d8883e76b5deb92	gi|631251698|ref|NR_112896.1|	95.000	460	23	0	1	460	319	778	0.0	723	742725
a7628e59e24f595d2d8883e76b5deb92	gi|631251954|ref|NR_113152.1|	90.889	461	40	2	1	460	337	796	1.69e-176	617	28117
a7628e59e24f595d2d8883e76b5deb92	gi|2363082099|ref|NR_179296.1|	90.652	460	43	0	1	460	324	783	7.86e-175	612	2585119
a7628e59e24f595d2d8883e76b5deb92	gi|645321193|ref|NR_118219.1|	90.239	461	43	2	1	460	332	791	1.70e-171	601	1033732
a7628e59e24f595d2d8883e76b5deb92	gi|2363086959|ref|NR_181736.1|	90.022	461	44	2	1	460	334	793	7.92e-170	595	2834113
a7628e59e24f595d2d8883e76b5deb92	gi|939733298|ref|NR_133025.1|	90.000	460	46	0	1	460	275	734	7.92e-170	595	2585118
a7628e59e24f595d2d8883e76b5deb92	gi|672239000|ref|NR_125589.1|	90.022	461	44	2	1	460	269	728	7.92e-170	595	1033731
a7628e59e24f595d2d8883e76b5deb92	gi|631251953|ref|NR_113151.1|	90.000	460	46	0	1	460	338	797	7.92e-170	595	328813
ae69bd6536a3a2ae88912e04a478f57b	gi|343200591|ref|NR_041278.1|	94.348	460	26	0	1	460	339	798	0.0	706	470145
ae69bd6536a3a2ae88912e04a478f57b	gi|631251872|ref|NR_113070.1|	93.913	460	28	0	1	460	334	793	0.0	695	742727
ae69bd6536a3a2ae88912e04a478f57b	gi|631251697|ref|NR_112895.1|	93.913	460	28	0	1	460	314	773	0.0	695	742727
ae69bd6536a3a2ae88912e04a478f57b	gi|631252009|ref|NR_113207.1|	93.478	460	30	0	1	460	334	793	0.0	684	1236514
ae69bd6536a3a2ae88912e04a478f57b	gi|1269806089|ref|NR_074784.2|	93.261	460	31	0	1	460	345	804	0.0	678	272559
ae69bd6536a3a2ae88912e04a478f57b	gi|631251738|ref|NR_112936.1|	93.261	460	31	0	1	460	338	797	0.0	678	817
ae69bd6536a3a2ae88912e04a478f57b	gi|645322408|ref|NR_119164.1|	93.261	460	31	0	1	460	317	776	0.0	678	817
ae69bd6536a3a2ae88912e04a478f57b	gi|631251874|ref|NR_113072.1|	92.391	460	35	0	1	460	338	797	0.0	656	1236512
ae69bd6536a3a2ae88912e04a478f57b	gi|631251816|ref|NR_113014.1|	92.174	460	36	0	1	460	338	797	0.0	651	1236512
ae69bd6536a3a2ae88912e04a478f57b	gi|444304091|ref|NR_074515.1|	91.957	460	37	0	1	460	350	809	0.0	645	435590
037cf78baaeb9efccdec99d4260cc88c	gi|631252372|ref|NR_113570.1|	96.559	465	16	0	1	465	333	797	0.0	771	1110546
037cf78baaeb9efccdec99d4260cc88c	gi|343205749|ref|NR_044153.1|	96.344	465	17	0	1	465	326	790	0.0	767	419208
037cf78baaeb9efccdec99d4260cc88c	gi|444439665|ref|NR_074980.1|	96.344	465	17	0	1	465	353	817	0.0	765	479436
037cf78baaeb9efccdec99d4260cc88c	gi|631251833|ref|NR_113031.1|	96.344	465	17	0	1	465	353	817	0.0	765	29466
037cf78baaeb9efccdec99d4260cc88c	gi|343202582|ref|NR_042940.1|	96.344	465	17	0	1	465	238	702	0.0	765	248315
037cf78baaeb9efccdec99d4260cc88c	gi|645322414|ref|NR_119168.1|	96.344	465	17	0	1	465	331	795	0.0	765	479436
037cf78baaeb9efccdec99d4260cc88c	gi|645320589|ref|NR_117759.1|	96.129	465	18	0	1	465	329	793	0.0	761	479436
037cf78baaeb9efccdec99d4260cc88c	gi|343202841|ref|NR_043332.1|	96.129	465	18	0	1	465	326	790	0.0	761	479436
037cf78baaeb9efccdec99d4260cc88c	gi|2363082157|ref|NR_179325.1|	95.699	465	20	0	1	465	300	764	0.0	749	2682456
037cf78baaeb9efccdec99d4260cc88c	gi|343205705|ref|NR_044091.1|	95.699	465	20	0	1	465	240	704	0.0	749	423477
eaede58641da8aafef9a012961b739a0	gi|631251745|ref|NR_112943.1|	87.391	460	58	0	1	460	326	785	8.15e-150	529	449673
eaede58641da8aafef9a012961b739a0	gi|631251735|ref|NR_112933.1|	87.202	461	57	2	1	460	334	793	3.79e-148	523	246787
eaede58641da8aafef9a012961b739a0	gi|343200620|ref|NR_041307.1|	86.985	461	58	2	1	460	334	793	1.76e-146	518	329854
eaede58641da8aafef9a012961b739a0	gi|444304209|ref|NR_074634.1|	96.463	311	11	0	150	460	479	789	2.28e-145	514	515619
eaede58641da8aafef9a012961b739a0	gi|343198540|ref|NR_042832.1|	96.141	311	12	0	150	460	460	770	1.06e-143	508	301302
eaede58641da8aafef9a012961b739a0	gi|224581415|ref|NR_027196.1|	86.551	461	60	2	1	460	317	776	1.06e-143	508	449673
eaede58641da8aafef9a012961b739a0	gi|1116030246|ref|NR_144704.1|	86.364	462	59	4	1	460	251	710	1.78e-141	501	1203465
eaede58641da8aafef9a012961b739a0	gi|343201477|ref|NR_042203.1|	86.334	461	61	2	1	460	295	754	1.78e-141	501	537012
eaede58641da8aafef9a012961b739a0	gi|2363085153|ref|NR_180825.1|	96.026	302	12	0	159	460	486	787	1.07e-138	492	2605790
eaede58641da8aafef9a012961b739a0	gi|645320588|ref|NR_117758.1|	95.177	311	15	0	150	460	453	763	1.07e-138	492	166486
a45c41f588d69a45ad5cea514a4dc830	gi|631252157|ref|NR_113355.1|	94.788	307	16	0	153	459	514	820	8.30e-135	479	218538
a45c41f588d69a45ad5cea514a4dc830	gi|219846090|ref|NR_025680.1|	94.788	307	16	0	153	459	494	800	8.30e-135	479	592028
a45c41f588d69a45ad5cea514a4dc830	gi|343200591|ref|NR_041278.1|	85.435	460	66	1	1	459	339	798	2.99e-134	477	470145
a45c41f588d69a45ad5cea514a4dc830	gi|343198671|ref|NR_043231.1|	93.811	307	19	0	153	459	441	747	8.36e-130	462	308994
a45c41f588d69a45ad5cea514a4dc830	gi|631252159|ref|NR_113357.1|	93.506	308	19	1	153	459	514	821	3.89e-128	457	308994
a45c41f588d69a45ad5cea514a4dc830	gi|343200979|ref|NR_041666.1|	84.582	467	62	6	1	459	336	800	1.40e-127	455	742743
a45c41f588d69a45ad5cea514a4dc830	gi|2363082841|ref|NR_179669.1|	92.834	307	22	0	153	459	518	824	8.42e-125	446	2161821
a45c41f588d69a45ad5cea514a4dc830	gi|2363082109|ref|NR_179301.1|	92.834	307	22	0	153	459	502	808	8.42e-125	446	2582419
a45c41f588d69a45ad5cea514a4dc830	gi|2363082641|ref|NR_179567.1|	83.766	462	70	5	1	459	339	798	1.82e-121	435	1907658
a45c41f588d69a45ad5cea514a4dc830	gi|343200759|ref|NR_041446.1|	83.836	464	66	7	1	459	323	782	6.56e-121	433	376804
0fd0511b4696a38c718f5506341bd9e8	gi|444304209|ref|NR_074634.1|	92.568	444	25	8	1	440	350	789	2.07e-180	630	515619
0fd0511b4696a38c718f5506341bd9e8	gi|343198540|ref|NR_042832.1|	92.360	445	25	9	1	440	330	770	9.64e-179	625	301302
0fd0511b4696a38c718f5506341bd9e8	gi|645320588|ref|NR_117758.1|	91.480	446	28	9	1	440	322	763	1.26e-172	604	166486
0fd0511b4696a38c718f5506341bd9e8	gi|228716944|ref|NR_027557.1|	91.480	446	28	9	1	440	343	784	1.26e-172	604	536231
0fd0511b4696a38c718f5506341bd9e8	gi|444439494|ref|NR_074809.1|	91.461	445	29	9	1	440	350	790	4.52e-172	603	585394
0fd0511b4696a38c718f5506341bd9e8	gi|2363085153|ref|NR_180825.1|	91.216	444	32	7	1	440	347	787	2.10e-170	597	2605790
0fd0511b4696a38c718f5506341bd9e8	gi|2363085149|ref|NR_180823.1|	91.196	443	33	6	1	440	357	796	2.10e-170	597	2606634
0fd0511b4696a38c718f5506341bd9e8	gi|2363082282|ref|NR_179388.1|	91.196	443	33	6	1	440	335	774	2.10e-170	597	2935520
0fd0511b4696a38c718f5506341bd9e8	gi|265678656|ref|NR_028961.1|	91.156	441	37	2	1	440	327	766	2.10e-170	597	853
0fd0511b4696a38c718f5506341bd9e8	gi|343201282|ref|NR_042008.1|	91.236	445	29	10	1	440	341	780	2.10e-170	597	585394
621efcf3cb65e2119354d143751d32dc	gi|1909404440|ref|NR_170495.1|	91.156	441	36	3	1	439	355	794	7.54e-170	595	2509240
621efcf3cb65e2119354d143751d32dc	gi|2363085133|ref|NR_180815.1|	90.930	441	37	3	1	439	350	789	3.51e-168	590	2606633
621efcf3cb65e2119354d143751d32dc	gi|2363083556|ref|NR_180026.1|	90.930	441	37	3	1	439	348	787	3.51e-168	590	2696678
621efcf3cb65e2119354d143751d32dc	gi|2363086282|ref|NR_181393.1|	90.909	440	39	1	1	439	290	729	3.51e-168	590	2763664
621efcf3cb65e2119354d143751d32dc	gi|2363085149|ref|NR_180823.1|	90.682	440	40	1	1	439	357	796	1.63e-166	584	2606634
621efcf3cb65e2119354d143751d32dc	gi|2363086284|ref|NR_181394.1|	90.682	440	40	1	1	439	306	745	1.63e-166	584	2763668
621efcf3cb65e2119354d143751d32dc	gi|1315204019|ref|NR_152688.1|	90.703	441	38	3	1	439	348	787	1.63e-166	584	433279
621efcf3cb65e2119354d143751d32dc	gi|2136551593|ref|NR_173596.1|	90.498	442	38	4	1	439	301	741	2.11e-165	580	1703332
621efcf3cb65e2119354d143751d32dc	gi|2363082059|ref|NR_179276.1|	90.476	441	39	3	1	439	334	773	7.59e-165	579	2316025
621efcf3cb65e2119354d143751d32dc	gi|2363085169|ref|NR_180833.1|	90.227	440	42	1	1	439	337	776	3.53e-163	573	2606635
45840107dfe223b0a6325979511e459b	gi|559795255|ref|NR_104846.1|	99.693	326	1	0	140	465	402	727	2.23e-170	597	745368
45840107dfe223b0a6325979511e459b	gi|265678692|ref|NR_028997.1|	99.388	327	2	0	139	465	417	743	2.88e-169	593	214851
45840107dfe223b0a6325979511e459b	gi|2363084747|ref|NR_180622.1|	95.399	326	15	0	140	465	449	774	4.96e-147	520	2779354
45840107dfe223b0a6325979511e459b	gi|1277396189|ref|NR_151900.1|	93.865	326	20	0	140	465	465	790	1.08e-138	492	1550024
45840107dfe223b0a6325979511e459b	gi|1397641802|ref|NR_156911.1|	93.558	326	21	0	140	465	465	790	5.03e-137	486	1650663
45840107dfe223b0a6325979511e459b	gi|2962412223|ref|NR_199417.1|	92.966	327	21	2	140	465	456	781	1.09e-133	475	3136601
45840107dfe223b0a6325979511e459b	gi|2363082356|ref|NR_179425.1|	92.661	327	22	2	140	465	465	790	5.07e-132	470	1689304
45840107dfe223b0a6325979511e459b	gi|2363080123|ref|NR_178280.1|	92.638	326	24	0	140	465	445	770	5.07e-132	470	411483
45840107dfe223b0a6325979511e459b	gi|2363082282|ref|NR_179388.1|	92.331	326	25	0	140	465	449	774	2.36e-130	464	2935520
45840107dfe223b0a6325979511e459b	gi|265678656|ref|NR_028961.1|	92.331	326	25	0	140	465	441	766	2.36e-130	464	853
f2aa01b3dc90b816dcb718692185c9bb	gi|444304209|ref|NR_074634.1|	92.273	440	33	1	1	439	350	789	3.46e-178	623	515619
f2aa01b3dc90b816dcb718692185c9bb	gi|2363086282|ref|NR_181393.1|	92.273	440	33	1	1	439	290	729	3.46e-178	623	2763664
f2aa01b3dc90b816dcb718692185c9bb	gi|636560687|ref|NR_116747.1|	92.063	441	32	3	1	439	301	740	1.61e-176	617	1298596
f2aa01b3dc90b816dcb718692185c9bb	gi|1315204019|ref|NR_152688.1|	92.063	441	32	3	1	439	348	787	1.61e-176	617	433279
f2aa01b3dc90b816dcb718692185c9bb	gi|219846723|ref|NR_026315.1|	92.045	440	34	1	1	439	317	756	1.61e-176	617	46206
f2aa01b3dc90b816dcb718692185c9bb	gi|2136551593|ref|NR_173596.1|	91.855	442	32	4	1	439	301	741	2.08e-175	614	1703332
f2aa01b3dc90b816dcb718692185c9bb	gi|1227086116|ref|NR_148619.1|	91.855	442	33	3	1	439	301	742	2.08e-175	614	1712665
f2aa01b3dc90b816dcb718692185c9bb	gi|343201281|ref|NR_042007.1|	91.855	442	33	2	1	439	343	784	2.08e-175	614	622312
f2aa01b3dc90b816dcb718692185c9bb	gi|343198540|ref|NR_042832.1|	91.610	441	35	2	1	439	330	770	9.68e-174	608	301302
f2aa01b3dc90b816dcb718692185c9bb	gi|1909404440|ref|NR_170495.1|	91.610	441	34	3	1	439	355	794	3.48e-173	606	2509240
8875599ed6c09f2d1c755758258a18eb	gi|2363080123|ref|NR_178280.1|	94.318	440	25	0	1	440	331	770	0.0	675	411483
8875599ed6c09f2d1c755758258a18eb	gi|2363081449|ref|NR_178971.1|	94.432	431	24	0	1	431	285	715	0.0	664	1851427
8875599ed6c09f2d1c755758258a18eb	gi|265678656|ref|NR_028961.1|	93.636	440	28	0	1	440	327	766	0.0	658	853
8875599ed6c09f2d1c755758258a18eb	gi|2363081451|ref|NR_178972.1|	93.409	440	29	0	1	440	285	724	0.0	652	1851428
8875599ed6c09f2d1c755758258a18eb	gi|3030611269|ref|NR_199945.1|	93.182	440	30	0	1	440	335	774	0.0	647	3435293
8875599ed6c09f2d1c755758258a18eb	gi|2363082282|ref|NR_179388.1|	92.744	441	30	2	1	440	335	774	0.0	636	2935520
8875599ed6c09f2d1c755758258a18eb	gi|2363080175|ref|NR_178311.1|	92.045	440	35	0	1	440	412	851	4.48e-177	619	2903556
8875599ed6c09f2d1c755758258a18eb	gi|2363084747|ref|NR_180622.1|	87.982	441	51	2	1	440	335	774	4.68e-147	520	2779354
8875599ed6c09f2d1c755758258a18eb	gi|559795255|ref|NR_104846.1|	87.727	440	54	0	1	440	288	727	2.18e-145	514	745368
8875599ed6c09f2d1c755758258a18eb	gi|1277396189|ref|NR_151900.1|	87.273	440	56	0	1	440	351	790	4.71e-142	503	1550024
d35ed38033d3a95483b7b7d1d721a99a	gi|645322415|ref|NR_119169.1|	95.279	466	20	2	1	465	331	795	0.0	739	39778
d35ed38033d3a95483b7b7d1d721a99a	gi|2363082157|ref|NR_179325.1|	95.279	466	20	2	1	465	300	764	0.0	737	2682456
d35ed38033d3a95483b7b7d1d721a99a	gi|343201163|ref|NR_041879.1|	95.279	466	20	2	1	465	283	747	0.0	737	39778
d35ed38033d3a95483b7b7d1d721a99a	gi|636559298|ref|NR_115355.1|	95.279	466	20	2	1	465	326	790	0.0	737	39778
d35ed38033d3a95483b7b7d1d721a99a	gi|631252372|ref|NR_113570.1|	94.421	466	24	2	1	465	333	797	0.0	715	1110546
d35ed38033d3a95483b7b7d1d721a99a	gi|1679775917|ref|NR_163639.1|	94.433	467	20	6	1	465	345	807	0.0	713	1911679
d35ed38033d3a95483b7b7d1d721a99a	gi|444439665|ref|NR_074980.1|	94.206	466	25	2	1	465	353	817	0.0	710	479436
d35ed38033d3a95483b7b7d1d721a99a	gi|631251833|ref|NR_113031.1|	94.206	466	25	2	1	465	353	817	0.0	710	29466
d35ed38033d3a95483b7b7d1d721a99a	gi|645322414|ref|NR_119168.1|	94.206	466	25	2	1	465	331	795	0.0	710	479436
d35ed38033d3a95483b7b7d1d721a99a	gi|645320589|ref|NR_117759.1|	93.991	466	26	2	1	465	329	793	0.0	706	479436
28ece4987b953d54a4a20d7124e8141f	gi|631252157|ref|NR_113355.1|	88.627	466	52	1	1	466	356	820	6.30e-161	566	218538
28ece4987b953d54a4a20d7124e8141f	gi|219846090|ref|NR_025680.1|	88.627	466	52	1	1	466	336	800	6.30e-161	566	592028
28ece4987b953d54a4a20d7124e8141f	gi|2621112340|ref|NR_189244.1|	97.106	311	9	0	156	466	494	804	1.07e-148	525	3046382
28ece4987b953d54a4a20d7124e8141f	gi|2621112341|ref|NR_189245.1|	96.785	311	10	0	156	466	494	804	4.97e-147	520	3046383
28ece4987b953d54a4a20d7124e8141f	gi|2363085977|ref|NR_181241.1|	83.369	469	71	6	1	466	294	758	3.10e-119	427	2743000
28ece4987b953d54a4a20d7124e8141f	gi|1811131490|ref|NR_165672.1|	83.156	469	72	3	1	466	423	887	1.44e-117	422	2502791
28ece4987b953d54a4a20d7124e8141f	gi|2363085975|ref|NR_181240.1|	83.156	469	72	7	1	466	281	745	1.44e-117	422	2743001
28ece4987b953d54a4a20d7124e8141f	gi|1109168029|ref|NR_144613.1|	83.795	469	47	19	1	466	330	772	1.87e-116	418	1796619
28ece4987b953d54a4a20d7124e8141f	gi|566085061|ref|NR_108684.1|	83.830	470	45	20	1	466	294	736	1.87e-116	418	886292
28ece4987b953d54a4a20d7124e8141f	gi|636559633|ref|NR_115693.1|	83.120	468	50	15	1	466	442	882	6.76e-111	399	694434
e0163f27084857a6d440bc38987c3fe5	gi|2363086284|ref|NR_181394.1|	95.227	440	21	0	1	440	306	745	0.0	697	2763668
e0163f27084857a6d440bc38987c3fe5	gi|2363082059|ref|NR_179276.1|	95.023	442	18	3	1	440	334	773	0.0	691	2316025
e0163f27084857a6d440bc38987c3fe5	gi|219857539|ref|NR_025127.1|	94.796	442	21	1	1	440	345	786	0.0	688	140626
e0163f27084857a6d440bc38987c3fe5	gi|2363085149|ref|NR_180823.1|	94.773	440	23	0	1	440	357	796	0.0	686	2606634
e0163f27084857a6d440bc38987c3fe5	gi|2363085103|ref|NR_180800.1|	94.773	440	23	0	1	440	347	786	0.0	686	2652274
e0163f27084857a6d440bc38987c3fe5	gi|1116030273|ref|NR_144731.1|	94.773	440	23	0	1	440	347	786	0.0	686	1720294
e0163f27084857a6d440bc38987c3fe5	gi|631253128|ref|NR_114326.1|	94.773	440	23	0	1	440	334	773	0.0	686	1150298
e0163f27084857a6d440bc38987c3fe5	gi|2363086282|ref|NR_181393.1|	94.773	440	23	0	1	440	290	729	0.0	686	2763664
e0163f27084857a6d440bc38987c3fe5	gi|645321072|ref|NR_118128.1|	94.785	441	21	2	1	440	174	613	0.0	686	1531
e0163f27084857a6d440bc38987c3fe5	gi|631252212|ref|NR_113410.1|	94.785	441	21	2	1	440	257	696	0.0	686	208479
c17f2f2a4a58d23cde5e26e691a25bd0	gi|444303827|ref|NR_074249.1|	88.315	445	42	10	1	440	302	741	1.01e-148	525	269796
c17f2f2a4a58d23cde5e26e691a25bd0	gi|636559489|ref|NR_115549.1|	88.315	445	42	10	1	440	282	721	1.01e-148	525	269796
c17f2f2a4a58d23cde5e26e691a25bd0	gi|2363086372|ref|NR_181438.1|	87.919	447	40	13	1	440	291	730	2.18e-145	514	2775080
c17f2f2a4a58d23cde5e26e691a25bd0	gi|470467748|ref|NR_074191.1|	87.075	441	55	2	1	440	331	770	2.19e-140	497	1150469
c17f2f2a4a58d23cde5e26e691a25bd0	gi|631252428|ref|NR_113626.1|	87.075	441	55	2	1	440	282	721	2.19e-140	497	180200
c17f2f2a4a58d23cde5e26e691a25bd0	gi|636559018|ref|NR_115075.1|	87.104	442	54	3	1	440	260	700	2.19e-140	497	478448
c17f2f2a4a58d23cde5e26e691a25bd0	gi|343202338|ref|NR_042624.1|	87.075	441	55	2	1	440	258	697	2.19e-140	497	442525
c17f2f2a4a58d23cde5e26e691a25bd0	gi|343205857|ref|NR_044315.1|	87.075	441	55	2	1	440	282	721	2.19e-140	497	180200
c17f2f2a4a58d23cde5e26e691a25bd0	gi|343205856|ref|NR_044314.1|	87.075	441	55	2	1	440	282	721	2.19e-140	497	80876
c17f2f2a4a58d23cde5e26e691a25bd0	gi|631252500|ref|NR_113698.1|	86.848	441	56	2	1	440	282	721	2.84e-139	494	80876
abf08a4981155e5b7f7ef665279f6e2c	gi|3030611324|ref|NR_200000.1|	95.034	443	21	1	1	442	301	743	0.0	695	3342383
abf08a4981155e5b7f7ef665279f6e2c	gi|1109168025|ref|NR_144611.1|	94.582	443	23	1	1	442	282	724	0.0	684	1417852
abf08a4981155e5b7f7ef665279f6e2c	gi|2363084741|ref|NR_180619.1|	93.905	443	26	1	1	442	347	789	0.0	667	2779352
abf08a4981155e5b7f7ef665279f6e2c	gi|1193829127|ref|NR_147370.1|	93.228	443	29	1	1	442	349	791	0.0	651	1870988
abf08a4981155e5b7f7ef665279f6e2c	gi|219846080|ref|NR_025670.1|	92.777	443	31	1	1	442	329	771	0.0	640	411467
abf08a4981155e5b7f7ef665279f6e2c	gi|343198636|ref|NR_043142.1|	92.551	443	32	1	1	442	323	765	0.0	634	292800
abf08a4981155e5b7f7ef665279f6e2c	gi|265679048|ref|NR_029356.1|	92.551	443	32	1	1	442	336	778	0.0	634	292800
abf08a4981155e5b7f7ef665279f6e2c	gi|2363082168|ref|NR_179330.1|	92.117	444	31	4	1	442	327	768	3.48e-178	623	2714355
abf08a4981155e5b7f7ef665279f6e2c	gi|2363082165|ref|NR_179329.1|	91.892	444	32	4	1	442	327	768	1.62e-176	617	2714353
abf08a4981155e5b7f7ef665279f6e2c	gi|645321636|ref|NR_118554.1|	91.874	443	35	1	1	442	329	771	1.62e-176	617	1297617
853b8f73540839120c21e1b579a16add	gi|2363080123|ref|NR_178280.1|	92.517	441	31	2	1	440	331	770	2.07e-180	630	411483
853b8f73540839120c21e1b579a16add	gi|265678656|ref|NR_028961.1|	92.290	441	32	2	1	440	327	766	9.64e-179	625	853
853b8f73540839120c21e1b579a16add	gi|2363081449|ref|NR_178971.1|	92.290	441	31	3	1	440	285	723	3.47e-178	623	1851427
853b8f73540839120c21e1b579a16add	gi|2363081451|ref|NR_178972.1|	92.063	441	33	2	1	440	285	724	4.48e-177	619	1851428
853b8f73540839120c21e1b579a16add	gi|3030611269|ref|NR_199945.1|	91.837	441	34	2	1	440	335	774	2.09e-175	614	3435293
853b8f73540839120c21e1b579a16add	gi|2363082282|ref|NR_179388.1|	91.874	443	30	6	1	440	335	774	2.09e-175	614	2935520
853b8f73540839120c21e1b579a16add	gi|2363080175|ref|NR_178311.1|	90.724	442	37	4	1	440	412	851	4.55e-167	586	2903556
853b8f73540839120c21e1b579a16add	gi|444304209|ref|NR_074634.1|	89.414	444	39	8	1	440	350	789	4.61e-157	553	515619
853b8f73540839120c21e1b579a16add	gi|444439494|ref|NR_074809.1|	89.213	445	39	9	1	440	350	790	2.15e-155	547	585394
853b8f73540839120c21e1b579a16add	gi|343198540|ref|NR_042832.1|	89.213	445	39	9	1	440	330	770	2.15e-155	547	301302
9e5bbbd400bcdcc2b28babb4e3cd8a7c	gi|2260349448|ref|NR_176530.1|	99.095	442	4	0	1	442	358	799	0.0	795	2093857
9e5bbbd400bcdcc2b28babb4e3cd8a7c	gi|2363082559|ref|NR_179526.1|	99.095	442	4	0	1	442	349	790	0.0	795	1841866
9e5bbbd400bcdcc2b28babb4e3cd8a7c	gi|645321110|ref|NR_118156.1|	95.249	442	21	0	1	442	304	745	0.0	701	1007096
9e5bbbd400bcdcc2b28babb4e3cd8a7c	gi|2962412234|ref|NR_199428.1|	95.023	442	22	0	1	442	352	793	0.0	695	3073143
9e5bbbd400bcdcc2b28babb4e3cd8a7c	gi|2363087001|ref|NR_181757.1|	94.595	444	20	4	1	442	289	730	0.0	684	2841504
9e5bbbd400bcdcc2b28babb4e3cd8a7c	gi|2363082170|ref|NR_179331.1|	94.582	443	23	1	1	442	328	770	0.0	684	2714358
9e5bbbd400bcdcc2b28babb4e3cd8a7c	gi|1269801610|ref|NR_074793.2|	93.891	442	27	0	1	442	355	796	0.0	667	351091
9e5bbbd400bcdcc2b28babb4e3cd8a7c	gi|343200653|ref|NR_041340.1|	93.891	442	27	0	1	442	328	769	0.0	667	351091
9e5bbbd400bcdcc2b28babb4e3cd8a7c	gi|2363082569|ref|NR_179531.1|	93.665	442	28	0	1	442	347	788	0.0	662	1852369
9e5bbbd400bcdcc2b28babb4e3cd8a7c	gi|2363082165|ref|NR_179329.1|	93.228	443	28	2	1	442	327	768	0.0	651	2714353
fa21fbc9d205eca505cfb0f759193b5b	gi|2260473023|ref|NR_176800.1|	99.142	466	4	0	1	466	303	768	0.0	839	35833
fa21fbc9d205eca505cfb0f759193b5b	gi|2962412215|ref|NR_199409.1|	92.111	469	30	7	1	466	328	792	0.0	654	3136602
fa21fbc9d205eca505cfb0f759193b5b	gi|631252098|ref|NR_113296.1|	92.077	467	34	3	1	466	341	805	0.0	654	54565
fa21fbc9d205eca505cfb0f759193b5b	gi|645319734|ref|NR_117110.1|	92.077	467	34	3	1	466	337	801	0.0	654	54565
fa21fbc9d205eca505cfb0f759193b5b	gi|219846821|ref|NR_026413.1|	92.094	468	32	5	1	466	320	784	0.0	654	58621
fa21fbc9d205eca505cfb0f759193b5b	gi|219846663|ref|NR_026255.1|	91.202	466	40	1	1	466	319	783	0.0	632	644897
fa21fbc9d205eca505cfb0f759193b5b	gi|343198744|ref|NR_043567.1|	90.987	466	41	1	1	466	340	804	2.85e-179	627	32016
fa21fbc9d205eca505cfb0f759193b5b	gi|636558706|ref|NR_114763.1|	90.987	466	41	1	1	466	200	664	2.85e-179	627	32016
fa21fbc9d205eca505cfb0f759193b5b	gi|559795397|ref|NR_104990.1|	91.064	470	33	9	1	466	340	804	2.85e-179	627	876
fa21fbc9d205eca505cfb0f759193b5b	gi|566084868|ref|NR_108301.1|	90.928	474	29	14	1	466	324	791	1.02e-178	625	571438
3c0029f972fb8243812df83d6834551c	gi|2363085149|ref|NR_180823.1|	95.455	440	20	0	1	440	357	796	0.0	702	2606634
3c0029f972fb8243812df83d6834551c	gi|2363086282|ref|NR_181393.1|	95.227	440	21	0	1	440	290	729	0.0	697	2763664
3c0029f972fb8243812df83d6834551c	gi|219857617|ref|NR_025206.1|	95.227	440	21	0	1	440	314	753	0.0	697	180286
3c0029f972fb8243812df83d6834551c	gi|2363086284|ref|NR_181394.1|	95.000	440	22	0	1	440	306	745	0.0	691	2763668
3c0029f972fb8243812df83d6834551c	gi|310974936|ref|NR_036800.1|	95.000	440	22	0	1	440	326	765	0.0	691	411470
3c0029f972fb8243812df83d6834551c	gi|645321810|ref|NR_118690.1|	95.000	440	22	0	1	440	338	777	0.0	691	411470
3c0029f972fb8243812df83d6834551c	gi|2363085169|ref|NR_180833.1|	94.773	440	23	0	1	440	337	776	0.0	686	2606635
3c0029f972fb8243812df83d6834551c	gi|2363082059|ref|NR_179276.1|	94.558	441	22	2	1	440	334	773	0.0	680	2316025
3c0029f972fb8243812df83d6834551c	gi|2363082679|ref|NR_179587.1|	94.545	440	24	0	1	440	328	767	0.0	680	1926283
3c0029f972fb8243812df83d6834551c	gi|2363081854|ref|NR_179173.1|	94.545	440	24	0	1	440	333	772	0.0	680	2126740
061367cdaba5c5e83c061825a04752cb	gi|645319781|ref|NR_117147.1|	98.864	440	5	0	1	440	346	785	0.0	785	39482
061367cdaba5c5e83c061825a04752cb	gi|559795214|ref|NR_104803.1|	98.864	440	5	0	1	440	343	782	0.0	785	39482
061367cdaba5c5e83c061825a04752cb	gi|645319776|ref|NR_117142.1|	98.636	440	6	0	1	440	347	786	0.0	780	290055
061367cdaba5c5e83c061825a04752cb	gi|645319775|ref|NR_117141.1|	98.636	440	6	0	1	440	347	786	0.0	780	290055
061367cdaba5c5e83c061825a04752cb	gi|645319774|ref|NR_117140.1|	98.636	440	6	0	1	440	348	787	0.0	780	290055
061367cdaba5c5e83c061825a04752cb	gi|559795211|ref|NR_104800.1|	98.636	440	6	0	1	440	346	785	0.0	780	290055
061367cdaba5c5e83c061825a04752cb	gi|645320334|ref|NR_117563.1|	98.636	440	6	0	1	440	351	790	0.0	780	290055
061367cdaba5c5e83c061825a04752cb	gi|631253194|ref|NR_114392.1|	97.955	440	9	0	1	440	350	789	0.0	763	1544
061367cdaba5c5e83c061825a04752cb	gi|645319761|ref|NR_117130.1|	97.955	440	9	0	1	440	347	786	0.0	763	1544
061367cdaba5c5e83c061825a04752cb	gi|645319760|ref|NR_117129.1|	97.955	440	9	0	1	440	347	786	0.0	763	1544
018f2c8d788377b350268b0db3c1605d	gi|265678656|ref|NR_028961.1|	97.500	440	11	0	1	440	327	766	0.0	752	853
018f2c8d788377b350268b0db3c1605d	gi|2363081451|ref|NR_178972.1|	97.273	440	12	0	1	440	285	724	0.0	747	1851428
018f2c8d788377b350268b0db3c1605d	gi|2363080123|ref|NR_178280.1|	97.273	440	12	0	1	440	331	770	0.0	747	411483
018f2c8d788377b350268b0db3c1605d	gi|3030611269|ref|NR_199945.1|	97.045	440	13	0	1	440	335	774	0.0	741	3435293
018f2c8d788377b350268b0db3c1605d	gi|2363081449|ref|NR_178971.1|	96.818	440	13	1	1	440	285	723	0.0	734	1851427
018f2c8d788377b350268b0db3c1605d	gi|2363082282|ref|NR_179388.1|	96.599	441	13	2	1	440	335	774	0.0	730	2935520
018f2c8d788377b350268b0db3c1605d	gi|2363080175|ref|NR_178311.1|	95.000	440	22	0	1	440	412	851	0.0	691	2903556
018f2c8d788377b350268b0db3c1605d	gi|1397641802|ref|NR_156911.1|	90.909	440	40	0	1	440	351	790	9.78e-169	592	1650663
018f2c8d788377b350268b0db3c1605d	gi|2363084747|ref|NR_180622.1|	90.930	441	38	2	1	440	335	774	9.78e-169	592	2779354
018f2c8d788377b350268b0db3c1605d	gi|2363082356|ref|NR_179425.1|	90.909	440	40	0	1	440	351	790	9.78e-169	592	1689304
71e348e10f0fa2aa323174a95faf854a	gi|631251874|ref|NR_113072.1|	89.201	463	44	5	1	460	338	797	3.71e-163	573	1236512
71e348e10f0fa2aa323174a95faf854a	gi|2363086550|ref|NR_181532.1|	88.913	460	51	0	1	460	322	781	1.73e-161	568	2763025
71e348e10f0fa2aa323174a95faf854a	gi|631252009|ref|NR_113207.1|	88.985	463	45	5	1	460	334	793	1.73e-161	568	1236514
71e348e10f0fa2aa323174a95faf854a	gi|631251816|ref|NR_113014.1|	88.985	463	45	5	1	460	338	797	1.73e-161	568	1236512
71e348e10f0fa2aa323174a95faf854a	gi|631251747|ref|NR_112945.1|	88.913	460	51	0	1	460	327	786	1.73e-161	568	820
71e348e10f0fa2aa323174a95faf854a	gi|631251740|ref|NR_112938.1|	88.961	462	47	3	1	460	326	785	1.73e-161	568	204516
71e348e10f0fa2aa323174a95faf854a	gi|343198509|ref|NR_042745.1|	88.961	462	47	3	1	460	338	797	1.73e-161	568	204516
71e348e10f0fa2aa323174a95faf854a	gi|343200179|ref|NR_040866.1|	88.913	460	51	0	1	460	334	793	1.73e-161	568	820
71e348e10f0fa2aa323174a95faf854a	gi|1116030289|ref|NR_144747.1|	88.503	461	51	2	1	460	337	796	3.74e-158	556	1841865
71e348e10f0fa2aa323174a95faf854a	gi|2363082773|ref|NR_179635.1|	88.478	460	53	0	1	460	338	797	3.74e-158	556	2024197
c96df8bb749f125cd89330dee9aa4740	gi|444304091|ref|NR_074515.1|	93.913	460	28	0	1	460	350	809	0.0	695	435590
c96df8bb749f125cd89330dee9aa4740	gi|631251748|ref|NR_112946.1|	93.913	460	28	0	1	460	339	798	0.0	695	821
c96df8bb749f125cd89330dee9aa4740	gi|631250946|ref|NR_112143.1|	93.696	460	29	0	1	460	307	766	0.0	689	821
c96df8bb749f125cd89330dee9aa4740	gi|343200664|ref|NR_041351.1|	93.043	460	32	0	1	460	341	800	0.0	673	357276
c96df8bb749f125cd89330dee9aa4740	gi|631251872|ref|NR_113070.1|	89.783	460	47	0	1	460	334	793	3.69e-168	590	742727
c96df8bb749f125cd89330dee9aa4740	gi|631251697|ref|NR_112895.1|	89.783	460	47	0	1	460	314	773	3.69e-168	590	742727
c96df8bb749f125cd89330dee9aa4740	gi|2363082547|ref|NR_179520.1|	89.588	461	46	2	1	460	314	773	1.71e-166	584	1841855
c96df8bb749f125cd89330dee9aa4740	gi|631251874|ref|NR_113072.1|	89.348	460	49	0	1	460	338	797	7.98e-165	579	1236512
c96df8bb749f125cd89330dee9aa4740	gi|2363082773|ref|NR_179635.1|	89.130	460	50	0	1	460	338	797	3.71e-163	573	2024197
c96df8bb749f125cd89330dee9aa4740	gi|631252009|ref|NR_113207.1|	89.130	460	50	0	1	460	334	793	3.71e-163	573	1236514
2ea7f9e9e96eca63637ffee94a55d513	gi|631251875|ref|NR_113073.1|	93.709	461	27	2	1	460	329	788	0.0	689	487174
2ea7f9e9e96eca63637ffee94a55d513	gi|343200981|ref|NR_041668.1|	93.709	461	27	2	1	460	321	780	0.0	689	742726
2ea7f9e9e96eca63637ffee94a55d513	gi|1270532346|ref|NR_121773.2|	91.558	462	35	4	1	460	348	807	0.0	634	397865
2ea7f9e9e96eca63637ffee94a55d513	gi|343200821|ref|NR_041508.1|	91.342	462	35	5	1	460	325	783	2.81e-179	627	397865
2ea7f9e9e96eca63637ffee94a55d513	gi|1146059151|ref|NR_145883.1|	85.714	462	62	4	1	460	284	743	1.79e-136	484	1501392
2ea7f9e9e96eca63637ffee94a55d513	gi|2136551682|ref|NR_173687.1|	85.714	462	62	4	1	460	325	784	1.79e-136	484	2751153
2ea7f9e9e96eca63637ffee94a55d513	gi|1116030267|ref|NR_144725.1|	85.281	462	64	4	1	460	337	796	8.32e-135	479	1686296
2ea7f9e9e96eca63637ffee94a55d513	gi|2363085163|ref|NR_180830.1|	85.498	462	62	4	1	460	336	794	2.99e-134	477	2606626
2ea7f9e9e96eca63637ffee94a55d513	gi|2621112336|ref|NR_189240.1|	85.129	464	61	8	1	460	342	801	1.80e-131	468	2944915
2ea7f9e9e96eca63637ffee94a55d513	gi|1909404453|ref|NR_170508.1|	85.065	462	64	5	1	460	352	810	6.48e-131	466	2518971
2cb69232d68feb8070a0e4007fcaf361	gi|343205678|ref|NR_044054.1|	96.364	440	16	0	1	440	297	736	0.0	725	1121115
2cb69232d68feb8070a0e4007fcaf361	gi|631253117|ref|NR_114315.1|	96.136	440	17	0	1	440	336	775	0.0	721	649762
2cb69232d68feb8070a0e4007fcaf361	gi|2363082685|ref|NR_179590.1|	95.918	441	17	1	1	440	327	767	0.0	715	1936059
2cb69232d68feb8070a0e4007fcaf361	gi|219846722|ref|NR_026314.1|	95.011	441	20	2	1	440	330	769	0.0	691	53443
2cb69232d68feb8070a0e4007fcaf361	gi|219846720|ref|NR_026312.1|	93.864	440	27	0	1	440	327	766	0.0	665	180164
2cb69232d68feb8070a0e4007fcaf361	gi|2363084170|ref|NR_180334.1|	93.864	440	27	0	1	440	253	692	0.0	664	2763028
2cb69232d68feb8070a0e4007fcaf361	gi|2363086300|ref|NR_181402.1|	93.864	440	27	0	1	440	300	739	0.0	664	2763028
2cb69232d68feb8070a0e4007fcaf361	gi|631252033|ref|NR_113231.1|	93.878	441	25	2	1	440	347	786	0.0	664	536633
2cb69232d68feb8070a0e4007fcaf361	gi|631251591|ref|NR_112789.1|	93.878	441	25	2	1	440	333	772	0.0	664	536633
2cb69232d68feb8070a0e4007fcaf361	gi|2363082673|ref|NR_179584.1|	93.651	441	26	2	1	440	327	766	0.0	658	1917888
5a3f0b39af822db178b29d429b9896e3	gi|343200591|ref|NR_041278.1|	86.739	460	61	0	1	460	339	798	8.21e-145	512	470145
5a3f0b39af822db178b29d429b9896e3	gi|343200759|ref|NR_041446.1|	86.117	461	62	2	1	460	323	782	8.26e-140	496	376804
5a3f0b39af822db178b29d429b9896e3	gi|2363086250|ref|NR_181377.1|	84.565	460	71	0	1	460	343	802	3.90e-128	457	2763138
5a3f0b39af822db178b29d429b9896e3	gi|631251873|ref|NR_113071.1|	83.836	464	67	7	1	460	341	800	1.83e-121	435	1236498
5a3f0b39af822db178b29d429b9896e3	gi|631251471|ref|NR_112668.1|	83.836	464	67	7	1	460	330	789	1.83e-121	435	732242
5a3f0b39af822db178b29d429b9896e3	gi|2621112336|ref|NR_189240.1|	83.512	467	63	13	1	460	342	801	3.96e-118	424	2944915
5a3f0b39af822db178b29d429b9896e3	gi|1230874660|ref|NR_148821.1|	82.863	461	77	2	1	460	339	798	8.56e-115	412	1462569
5a3f0b39af822db178b29d429b9896e3	gi|1779814875|ref|NR_164950.1|	82.684	462	76	4	1	460	340	799	3.98e-113	407	2040292
5a3f0b39af822db178b29d429b9896e3	gi|631251743|ref|NR_112941.1|	82.869	467	67	12	1	460	328	788	3.98e-113	407	392838
5a3f0b39af822db178b29d429b9896e3	gi|631251736|ref|NR_112934.1|	82.721	463	74	6	1	460	339	798	3.98e-113	407	151276
80d1d1d51dc841c6ccbdfbb3db6cf1ec	gi|645321785|ref|NR_118670.1|	87.810	443	48	6	1	440	357	796	4.68e-147	520	39496
80d1d1d51dc841c6ccbdfbb3db6cf1ec	gi|559795252|ref|NR_104842.1|	87.755	441	52	2	1	440	345	784	2.18e-145	514	39495
80d1d1d51dc841c6ccbdfbb3db6cf1ec	gi|545589113|ref|NR_044713.2|	87.133	443	51	5	1	440	356	795	1.01e-143	508	2382
80d1d1d51dc841c6ccbdfbb3db6cf1ec	gi|1040567056|ref|NR_137405.1|	87.330	442	52	3	1	440	307	746	4.71e-142	503	1619234
80d1d1d51dc841c6ccbdfbb3db6cf1ec	gi|219878251|ref|NR_025390.1|	87.330	442	52	3	1	440	330	769	4.71e-142	503	115544
80d1d1d51dc841c6ccbdfbb3db6cf1ec	gi|2136551594|ref|NR_173597.1|	86.848	441	56	2	1	440	348	787	1.02e-138	492	2662126
80d1d1d51dc841c6ccbdfbb3db6cf1ec	gi|1227086118|ref|NR_148620.1|	86.878	442	54	3	1	440	195	634	1.02e-138	492	1763509
80d1d1d51dc841c6ccbdfbb3db6cf1ec	gi|2363080125|ref|NR_178281.1|	86.848	441	56	2	1	440	340	779	1.02e-138	492	105843
80d1d1d51dc841c6ccbdfbb3db6cf1ec	gi|219856842|ref|NR_024661.1|	86.848	441	56	2	1	440	361	800	1.02e-138	492	42322
80d1d1d51dc841c6ccbdfbb3db6cf1ec	gi|645322302|ref|NR_119085.1|	86.878	442	52	4	1	440	347	784	3.67e-138	490	29364
254816db7f023c2ac12248f5069b473a	gi|2836274961|ref|NR_197724.1|	98.925	465	5	0	1	465	366	830	0.0	832	3068306
254816db7f023c2ac12248f5069b473a	gi|2363082928|ref|NR_179712.1|	98.925	465	5	0	1	465	346	810	0.0	832	2100821
254816db7f023c2ac12248f5069b473a	gi|631252139|ref|NR_113337.1|	98.925	465	5	0	1	465	339	803	0.0	832	1597
254816db7f023c2ac12248f5069b473a	gi|631252135|ref|NR_113333.1|	98.925	465	5	0	1	465	339	803	0.0	832	1582
254816db7f023c2ac12248f5069b473a	gi|645320885|ref|NR_117987.1|	98.925	465	5	0	1	465	317	781	0.0	832	1597
254816db7f023c2ac12248f5069b473a	gi|343200367|ref|NR_041054.1|	98.925	465	5	0	1	465	339	803	0.0	832	113557
254816db7f023c2ac12248f5069b473a	gi|343198460|ref|NR_041893.1|	98.925	465	5	0	1	465	351	815	0.0	832	1423732
254816db7f023c2ac12248f5069b473a	gi|219846290|ref|NR_025880.1|	98.925	465	5	0	1	465	339	803	0.0	832	1597
254816db7f023c2ac12248f5069b473a	gi|310975258|ref|NR_037122.1|	98.925	465	5	0	1	465	339	803	0.0	832	57037
254816db7f023c2ac12248f5069b473a	gi|636559474|ref|NR_115534.1|	98.922	464	5	0	2	465	340	803	0.0	830	1423732
44f7c7bdda64d459fff479536bb3ed19	gi|444304091|ref|NR_074515.1|	95.217	460	22	0	1	460	350	809	0.0	728	435590
44f7c7bdda64d459fff479536bb3ed19	gi|631251748|ref|NR_112946.1|	95.217	460	22	0	1	460	339	798	0.0	728	821
44f7c7bdda64d459fff479536bb3ed19	gi|343200664|ref|NR_041351.1|	95.000	460	23	0	1	460	341	800	0.0	723	357276
44f7c7bdda64d459fff479536bb3ed19	gi|631250946|ref|NR_112143.1|	95.000	460	23	0	1	460	307	766	0.0	723	821
44f7c7bdda64d459fff479536bb3ed19	gi|1269806089|ref|NR_074784.2|	94.794	461	22	2	1	460	345	804	0.0	717	272559
44f7c7bdda64d459fff479536bb3ed19	gi|631251738|ref|NR_112936.1|	94.794	461	22	2	1	460	338	797	0.0	717	817
44f7c7bdda64d459fff479536bb3ed19	gi|645322408|ref|NR_119164.1|	94.794	461	22	2	1	460	317	776	0.0	717	817
44f7c7bdda64d459fff479536bb3ed19	gi|631250944|ref|NR_112141.1|	93.492	461	26	4	1	460	335	792	0.0	682	817
44f7c7bdda64d459fff479536bb3ed19	gi|631251872|ref|NR_113070.1|	93.261	460	31	0	1	460	334	793	0.0	678	742727
44f7c7bdda64d459fff479536bb3ed19	gi|631251697|ref|NR_112895.1|	93.261	460	31	0	1	460	314	773	0.0	678	742727
3361f8b33a6f313f43e178efd8ab87f2	gi|343200664|ref|NR_041351.1|	94.589	462	21	3	1	460	341	800	0.0	712	357276
3361f8b33a6f313f43e178efd8ab87f2	gi|444304091|ref|NR_074515.1|	93.723	462	25	3	1	460	350	809	0.0	689	435590
3361f8b33a6f313f43e178efd8ab87f2	gi|631251748|ref|NR_112946.1|	93.723	462	25	3	1	460	339	798	0.0	689	821
3361f8b33a6f313f43e178efd8ab87f2	gi|631250946|ref|NR_112143.1|	93.506	462	26	3	1	460	307	766	0.0	684	821
3361f8b33a6f313f43e178efd8ab87f2	gi|2363082773|ref|NR_179635.1|	90.652	460	43	0	1	460	338	797	7.86e-175	612	2024197
3361f8b33a6f313f43e178efd8ab87f2	gi|631251872|ref|NR_113070.1|	90.435	460	44	0	1	460	334	793	3.66e-173	606	742727
3361f8b33a6f313f43e178efd8ab87f2	gi|631251697|ref|NR_112895.1|	90.435	460	44	0	1	460	314	773	3.66e-173	606	742727
3361f8b33a6f313f43e178efd8ab87f2	gi|2363082611|ref|NR_179552.1|	90.022	461	45	1	1	460	340	800	7.92e-170	595	1871006
3361f8b33a6f313f43e178efd8ab87f2	gi|2363082547|ref|NR_179520.1|	90.000	460	46	0	1	460	314	773	7.92e-170	595	1841855
3361f8b33a6f313f43e178efd8ab87f2	gi|2363086550|ref|NR_181532.1|	90.000	460	46	0	1	460	322	781	7.92e-170	595	2763025
cc9ef3eb0bd9465374e81b7104650318	gi|2363082679|ref|NR_179587.1|	96.364	440	16	0	1	440	328	767	0.0	725	1926283
cc9ef3eb0bd9465374e81b7104650318	gi|1193829153|ref|NR_147396.1|	96.364	440	16	0	1	440	328	767	0.0	725	1917870
cc9ef3eb0bd9465374e81b7104650318	gi|2363081854|ref|NR_179173.1|	96.364	440	16	0	1	440	333	772	0.0	725	2126740
cc9ef3eb0bd9465374e81b7104650318	gi|2836274880|ref|NR_197643.1|	95.909	440	18	0	1	440	329	768	0.0	713	2962432
cc9ef3eb0bd9465374e81b7104650318	gi|1384992332|ref|NR_156081.1|	95.909	440	18	0	1	440	336	775	0.0	713	1469948
cc9ef3eb0bd9465374e81b7104650318	gi|1384992329|ref|NR_156078.1|	95.909	440	18	0	1	440	336	775	0.0	713	1469948
cc9ef3eb0bd9465374e81b7104650318	gi|2363080261|ref|NR_178356.1|	95.909	440	18	0	1	440	313	752	0.0	713	558153
cc9ef3eb0bd9465374e81b7104650318	gi|310975204|ref|NR_037068.1|	95.909	440	18	0	1	440	341	780	0.0	713	29375
cc9ef3eb0bd9465374e81b7104650318	gi|219846508|ref|NR_026100.1|	95.909	440	18	0	1	440	323	762	0.0	713	1286362
cc9ef3eb0bd9465374e81b7104650318	gi|343201474|ref|NR_042200.1|	95.909	440	18	0	1	440	318	757	0.0	713	333367
bc6d223c2954bbe5d42f8d896bf67db2	gi|3248465658|ref|NR_201672.1|	87.248	447	49	8	1	443	296	738	4.75e-142	503	3381350
bc6d223c2954bbe5d42f8d896bf67db2	gi|785794309|ref|NG_041947.1|	86.907	443	58	0	1	443	469	911	2.21e-140	497	394503
bc6d223c2954bbe5d42f8d896bf67db2	gi|785497611|ref|NR_102768.2|	86.907	443	58	0	1	443	330	772	2.21e-140	497	1521
bc6d223c2954bbe5d42f8d896bf67db2	gi|2363084629|ref|NR_180563.1|	86.682	443	58	1	1	443	291	732	3.70e-138	490	2488810
bc6d223c2954bbe5d42f8d896bf67db2	gi|645319803|ref|NR_117165.1|	86.682	443	58	1	1	443	476	917	3.70e-138	490	48256
bc6d223c2954bbe5d42f8d896bf67db2	gi|645319802|ref|NR_117164.1|	86.682	443	58	1	1	443	476	917	3.70e-138	490	48256
bc6d223c2954bbe5d42f8d896bf67db2	gi|645319800|ref|NR_117163.1|	86.682	443	58	1	1	443	445	886	3.70e-138	490	48256
bc6d223c2954bbe5d42f8d896bf67db2	gi|645319799|ref|NR_117162.1|	86.682	443	58	1	1	443	472	913	3.70e-138	490	48256
bc6d223c2954bbe5d42f8d896bf67db2	gi|2363082601|ref|NR_179547.1|	86.742	445	52	5	1	443	347	786	1.33e-137	488	1870991
bc6d223c2954bbe5d42f8d896bf67db2	gi|265679047|ref|NR_029355.1|	86.742	445	52	7	1	443	332	771	1.33e-137	488	84026
51f8705bc875ca521fe42ed4a7fadfd7	gi|219846272|ref|NR_025862.1|	99.355	465	3	0	1	465	341	805	0.0	846	46124
51f8705bc875ca521fe42ed4a7fadfd7	gi|2363084808|ref|NR_180652.1|	97.849	465	10	0	1	465	331	795	0.0	804	2714946
51f8705bc875ca521fe42ed4a7fadfd7	gi|219846862|ref|NR_026454.1|	97.650	468	7	4	1	465	316	782	0.0	800	137733
51f8705bc875ca521fe42ed4a7fadfd7	gi|219846875|ref|NR_026467.1|	97.634	465	11	0	1	465	323	787	0.0	798	81947
51f8705bc875ca521fe42ed4a7fadfd7	gi|2363086603|ref|NR_181558.1|	97.419	465	12	0	1	465	340	804	0.0	793	2794353
51f8705bc875ca521fe42ed4a7fadfd7	gi|219878221|ref|NR_025360.1|	97.419	465	12	0	1	465	329	793	0.0	793	120370
51f8705bc875ca521fe42ed4a7fadfd7	gi|1384992327|ref|NR_156076.1|	97.216	467	9	4	1	465	338	802	0.0	787	1889241
51f8705bc875ca521fe42ed4a7fadfd7	gi|2363086605|ref|NR_181559.1|	97.204	465	13	0	1	465	339	803	0.0	787	2794352
51f8705bc875ca521fe42ed4a7fadfd7	gi|343201680|ref|NR_042406.1|	97.204	465	13	0	1	465	332	796	0.0	787	332950
51f8705bc875ca521fe42ed4a7fadfd7	gi|343206347|ref|NR_044939.1|	97.204	465	13	0	1	465	325	789	0.0	787	2739
f4d619595dc8227412f9c15e19574f25	gi|2363082282|ref|NR_179388.1|	95.682	440	19	0	1	440	335	774	0.0	708	2935520
f4d619595dc8227412f9c15e19574f25	gi|2363081451|ref|NR_178972.1|	95.000	440	22	0	1	440	285	724	0.0	691	1851428
f4d619595dc8227412f9c15e19574f25	gi|265678656|ref|NR_028961.1|	94.545	440	24	0	1	440	327	766	0.0	680	853
f4d619595dc8227412f9c15e19574f25	gi|2363080123|ref|NR_178280.1|	94.331	441	23	2	1	440	331	770	0.0	675	411483
f4d619595dc8227412f9c15e19574f25	gi|3030611269|ref|NR_199945.1|	94.104	441	24	2	1	440	335	774	0.0	669	3435293
f4d619595dc8227412f9c15e19574f25	gi|2363081449|ref|NR_178971.1|	94.104	441	23	3	1	440	285	723	0.0	667	1851427
f4d619595dc8227412f9c15e19574f25	gi|2363080175|ref|NR_178311.1|	92.517	441	31	2	1	440	412	851	2.07e-180	630	2903556
f4d619595dc8227412f9c15e19574f25	gi|559795255|ref|NR_104846.1|	90.455	440	42	0	1	440	288	727	2.12e-165	580	745368
f4d619595dc8227412f9c15e19574f25	gi|1397641802|ref|NR_156911.1|	90.249	441	41	2	1	440	351	790	9.85e-164	575	1650663
f4d619595dc8227412f9c15e19574f25	gi|2363084747|ref|NR_180622.1|	90.000	440	44	0	1	440	335	774	4.58e-162	569	2779354
d0f90ef388dca03b14b53938cc22e5a2	gi|343200591|ref|NR_041278.1|	96.304	460	17	0	1	460	339	798	0.0	756	470145
d0f90ef388dca03b14b53938cc22e5a2	gi|1116030286|ref|NR_144744.1|	91.739	460	38	0	1	460	339	798	0.0	641	1841856
d0f90ef388dca03b14b53938cc22e5a2	gi|2221405488|ref|NR_175548.1|	91.775	462	34	4	1	460	346	805	0.0	640	2739389
d0f90ef388dca03b14b53938cc22e5a2	gi|2363082641|ref|NR_179567.1|	91.304	460	40	0	1	460	339	798	2.17e-180	630	1907658
d0f90ef388dca03b14b53938cc22e5a2	gi|2363082635|ref|NR_179564.1|	91.342	462	36	4	1	460	338	797	7.81e-180	628	1903262
d0f90ef388dca03b14b53938cc22e5a2	gi|631251740|ref|NR_112938.1|	90.909	462	38	4	1	460	326	785	1.69e-176	617	204516
d0f90ef388dca03b14b53938cc22e5a2	gi|343200761|ref|NR_041448.1|	90.889	461	40	2	1	460	322	781	1.69e-176	617	376806
d0f90ef388dca03b14b53938cc22e5a2	gi|343200759|ref|NR_041446.1|	90.870	460	42	0	1	460	323	782	1.69e-176	617	376804
d0f90ef388dca03b14b53938cc22e5a2	gi|343200590|ref|NR_041277.1|	90.870	460	42	0	1	460	339	798	1.69e-176	617	484018
d0f90ef388dca03b14b53938cc22e5a2	gi|343198509|ref|NR_042745.1|	90.909	462	38	4	1	460	338	797	1.69e-176	617	204516
772e92cc87a1bdb7edf76caf72de2128	gi|444304091|ref|NR_074515.1|	91.342	462	36	3	1	460	350	809	7.81e-180	628	435590
772e92cc87a1bdb7edf76caf72de2128	gi|631251748|ref|NR_112946.1|	91.342	462	36	3	1	460	339	798	7.81e-180	628	821
772e92cc87a1bdb7edf76caf72de2128	gi|631250946|ref|NR_112143.1|	91.126	462	37	3	1	460	307	766	3.63e-178	623	821
772e92cc87a1bdb7edf76caf72de2128	gi|343200664|ref|NR_041351.1|	90.909	462	38	3	1	460	341	800	1.69e-176	617	357276
772e92cc87a1bdb7edf76caf72de2128	gi|631251740|ref|NR_112938.1|	90.043	462	42	4	1	460	326	785	7.92e-170	595	204516
772e92cc87a1bdb7edf76caf72de2128	gi|343198509|ref|NR_042745.1|	90.043	462	42	4	1	460	338	797	7.92e-170	595	204516
772e92cc87a1bdb7edf76caf72de2128	gi|2363082635|ref|NR_179564.1|	89.201	463	44	6	1	460	338	797	3.71e-163	573	1903262
772e92cc87a1bdb7edf76caf72de2128	gi|343200774|ref|NR_041461.1|	89.154	461	49	1	1	460	339	799	3.71e-163	573	387090
772e92cc87a1bdb7edf76caf72de2128	gi|631253118|ref|NR_114316.1|	88.913	460	51	0	1	460	269	728	1.73e-161	568	1445607
772e92cc87a1bdb7edf76caf72de2128	gi|631251733|ref|NR_112931.1|	88.937	461	49	2	1	460	340	799	1.73e-161	568	85831
a5e0435f8e2410c1edcc87bff54436ba	gi|645321636|ref|NR_118554.1|	99.549	443	2	0	1	443	329	771	0.0	808	1297617
a5e0435f8e2410c1edcc87bff54436ba	gi|2363082326|ref|NR_179410.1|	96.163	443	17	0	1	443	349	791	0.0	725	1650661
a5e0435f8e2410c1edcc87bff54436ba	gi|2363082352|ref|NR_179423.1|	95.721	444	17	2	1	443	349	791	0.0	713	1689270
a5e0435f8e2410c1edcc87bff54436ba	gi|2363082342|ref|NR_179418.1|	95.260	443	21	0	1	443	348	790	0.0	702	1673721
a5e0435f8e2410c1edcc87bff54436ba	gi|2136551692|ref|NR_173697.1|	95.260	443	20	1	1	443	349	790	0.0	701	2108523
a5e0435f8e2410c1edcc87bff54436ba	gi|1193829127|ref|NR_147370.1|	94.808	443	23	0	1	443	349	791	0.0	691	1870988
a5e0435f8e2410c1edcc87bff54436ba	gi|2363084741|ref|NR_180619.1|	94.808	443	23	0	1	443	347	789	0.0	691	2779352
a5e0435f8e2410c1edcc87bff54436ba	gi|2363082358|ref|NR_179426.1|	94.582	443	24	0	1	443	349	791	0.0	686	1702285
a5e0435f8e2410c1edcc87bff54436ba	gi|343198636|ref|NR_043142.1|	94.582	443	24	0	1	443	323	765	0.0	686	292800
a5e0435f8e2410c1edcc87bff54436ba	gi|265679048|ref|NR_029356.1|	94.582	443	24	0	1	443	336	778	0.0	686	292800
3ee51aae6fa0b146cde4cda2e75286aa	gi|1116030282|ref|NR_144740.1|	95.444	439	20	0	1	439	321	759	0.0	701	1776391
3ee51aae6fa0b146cde4cda2e75286aa	gi|974142280|ref|NR_134800.1|	94.761	439	23	0	1	439	255	693	0.0	684	1368474
3ee51aae6fa0b146cde4cda2e75286aa	gi|672239008|ref|NR_125597.1|	94.104	441	24	2	1	439	318	758	0.0	669	1115758
3ee51aae6fa0b146cde4cda2e75286aa	gi|2363083072|ref|NR_179784.1|	94.077	439	26	0	1	439	301	739	0.0	667	2020948
3ee51aae6fa0b146cde4cda2e75286aa	gi|2363082877|ref|NR_179687.1|	93.394	439	29	0	1	439	273	711	0.0	651	2662455
3ee51aae6fa0b146cde4cda2e75286aa	gi|1230874654|ref|NR_148815.1|	93.394	439	29	0	1	439	319	757	0.0	651	1629550
3ee51aae6fa0b146cde4cda2e75286aa	gi|631252125|ref|NR_113323.1|	93.394	439	29	0	1	439	319	757	0.0	651	1490
3ee51aae6fa0b146cde4cda2e75286aa	gi|1269785414|ref|NR_118728.2|	93.166	439	30	0	1	439	330	768	0.0	649	1121325
3ee51aae6fa0b146cde4cda2e75286aa	gi|645322278|ref|NR_119066.1|	93.166	439	28	2	1	439	312	748	0.0	647	1490
3ee51aae6fa0b146cde4cda2e75286aa	gi|631250974|ref|NR_112171.1|	93.166	439	30	0	1	439	309	747	0.0	645	1490
b98f5c3ca75210d3fe2c505ad610b06d	gi|3030611230|ref|NR_199906.1|	95.455	440	20	0	1	440	354	793	0.0	702	3123317
b98f5c3ca75210d3fe2c505ad610b06d	gi|3030611314|ref|NR_199990.1|	95.455	440	20	0	1	440	350	789	0.0	702	3123317
b98f5c3ca75210d3fe2c505ad610b06d	gi|1384992331|ref|NR_156080.1|	95.455	440	20	0	1	440	336	775	0.0	702	1469948
b98f5c3ca75210d3fe2c505ad610b06d	gi|1384992328|ref|NR_156077.1|	95.455	440	20	0	1	440	336	775	0.0	702	1469948
b98f5c3ca75210d3fe2c505ad610b06d	gi|2363086290|ref|NR_181397.1|	95.455	440	20	0	1	440	303	742	0.0	702	2763671
b98f5c3ca75210d3fe2c505ad610b06d	gi|2836274880|ref|NR_197643.1|	95.227	440	21	0	1	440	329	768	0.0	697	2962432
b98f5c3ca75210d3fe2c505ad610b06d	gi|1384992332|ref|NR_156081.1|	95.227	440	21	0	1	440	336	775	0.0	697	1469948
b98f5c3ca75210d3fe2c505ad610b06d	gi|1384992329|ref|NR_156078.1|	95.227	440	21	0	1	440	336	775	0.0	697	1469948
b98f5c3ca75210d3fe2c505ad610b06d	gi|2363080261|ref|NR_178356.1|	95.238	441	19	2	1	440	313	752	0.0	697	558153
b98f5c3ca75210d3fe2c505ad610b06d	gi|507148045|ref|NR_102852.1|	95.238	441	19	2	1	440	348	787	0.0	697	84030
e41cdb6a368f29d6053e40d13112d91a	gi|2363081451|ref|NR_178972.1|	95.227	440	21	0	1	440	285	724	0.0	697	1851428
e41cdb6a368f29d6053e40d13112d91a	gi|265678656|ref|NR_028961.1|	95.000	440	22	0	1	440	327	766	0.0	691	853
e41cdb6a368f29d6053e40d13112d91a	gi|2363080123|ref|NR_178280.1|	94.773	440	23	0	1	440	331	770	0.0	686	411483
e41cdb6a368f29d6053e40d13112d91a	gi|3030611269|ref|NR_199945.1|	94.545	440	24	0	1	440	335	774	0.0	680	3435293
e41cdb6a368f29d6053e40d13112d91a	gi|2363082282|ref|NR_179388.1|	94.318	440	25	0	1	440	335	774	0.0	675	2935520
e41cdb6a368f29d6053e40d13112d91a	gi|2363081449|ref|NR_178971.1|	94.318	440	24	1	1	440	285	723	0.0	673	1851427
e41cdb6a368f29d6053e40d13112d91a	gi|2363080175|ref|NR_178311.1|	92.727	440	32	0	1	440	412	851	0.0	636	2903556
e41cdb6a368f29d6053e40d13112d91a	gi|1397641802|ref|NR_156911.1|	89.091	440	48	0	1	440	351	790	2.15e-155	547	1650663
e41cdb6a368f29d6053e40d13112d91a	gi|2363082356|ref|NR_179425.1|	88.864	440	49	0	1	440	351	790	9.99e-154	542	1689304
e41cdb6a368f29d6053e40d13112d91a	gi|2363084747|ref|NR_180622.1|	88.636	440	50	0	1	440	335	774	4.65e-152	536	2779354
8ae59714a68858020dc439b07d78c243	gi|343205678|ref|NR_044054.1|	96.380	442	14	1	1	442	297	736	0.0	726	1121115
8ae59714a68858020dc439b07d78c243	gi|2363082685|ref|NR_179590.1|	96.163	443	14	2	1	442	327	767	0.0	723	1936059
8ae59714a68858020dc439b07d78c243	gi|631253117|ref|NR_114315.1|	96.154	442	15	1	1	442	336	775	0.0	723	649762
8ae59714a68858020dc439b07d78c243	gi|636560687|ref|NR_116747.1|	95.701	442	17	1	1	442	301	740	0.0	710	1298596
8ae59714a68858020dc439b07d78c243	gi|974142252|ref|NR_134772.1|	95.475	442	18	1	1	442	297	736	0.0	704	1337051
8ae59714a68858020dc439b07d78c243	gi|343198540|ref|NR_042832.1|	95.475	442	19	1	1	442	330	770	0.0	704	301302
8ae59714a68858020dc439b07d78c243	gi|2363085133|ref|NR_180815.1|	95.249	442	19	1	1	442	350	789	0.0	699	2606633
8ae59714a68858020dc439b07d78c243	gi|2363083556|ref|NR_180026.1|	95.249	442	19	1	1	442	348	787	0.0	699	2696678
8ae59714a68858020dc439b07d78c243	gi|219846722|ref|NR_026314.1|	95.249	442	19	1	1	442	330	769	0.0	699	53443
8ae59714a68858020dc439b07d78c243	gi|645320588|ref|NR_117758.1|	95.023	442	22	0	1	442	322	763	0.0	695	166486
1f3ad7f9f1ed6bc7f570739dfc61c29f	gi|265678438|ref|NR_028740.1|	88.865	467	44	6	1	466	339	798	1.75e-161	568	100134
1f3ad7f9f1ed6bc7f570739dfc61c29f	gi|219878251|ref|NR_025390.1|	95.413	327	13	2	141	466	444	769	4.97e-147	520	115544
1f3ad7f9f1ed6bc7f570739dfc61c29f	gi|645321792|ref|NR_118676.1|	94.801	327	15	2	141	466	484	809	1.79e-146	518	39497
1f3ad7f9f1ed6bc7f570739dfc61c29f	gi|1277396381|ref|NR_152095.1|	95.107	327	14	2	141	466	462	787	2.31e-145	514	1679721
1f3ad7f9f1ed6bc7f570739dfc61c29f	gi|1040567056|ref|NR_137405.1|	95.107	327	14	2	141	466	421	746	2.31e-145	514	1619234
1f3ad7f9f1ed6bc7f570739dfc61c29f	gi|219846511|ref|NR_026103.1|	95.107	327	14	2	141	466	430	755	2.31e-145	514	37658
1f3ad7f9f1ed6bc7f570739dfc61c29f	gi|1277396183|ref|NR_151894.1|	95.107	327	14	2	141	466	449	774	2.31e-145	514	433293
1f3ad7f9f1ed6bc7f570739dfc61c29f	gi|566085050|ref|NR_108636.1|	87.366	467	31	14	1	466	348	787	2.99e-144	510	682400
1f3ad7f9f1ed6bc7f570739dfc61c29f	gi|636560803|ref|NR_116863.1|	87.366	467	32	14	1	466	337	777	2.99e-144	510	645466
1f3ad7f9f1ed6bc7f570739dfc61c29f	gi|1227086118|ref|NR_148620.1|	94.801	327	15	2	141	466	309	634	1.08e-143	508	1763509
bd36eb407c95a6cf0477055175092b19	gi|631251954|ref|NR_113152.1|	96.739	460	15	0	1	460	337	796	0.0	767	28117
bd36eb407c95a6cf0477055175092b19	gi|219846319|ref|NR_025909.1|	93.913	460	28	0	1	460	344	803	0.0	715	28117
bd36eb407c95a6cf0477055175092b19	gi|645321193|ref|NR_118219.1|	94.360	461	24	2	1	460	332	791	0.0	706	1033732
bd36eb407c95a6cf0477055175092b19	gi|672239000|ref|NR_125589.1|	94.143	461	25	2	1	460	269	728	0.0	701	1033731
bd36eb407c95a6cf0477055175092b19	gi|2363086959|ref|NR_181736.1|	93.926	461	26	2	1	460	334	793	0.0	695	2834113
bd36eb407c95a6cf0477055175092b19	gi|2363082099|ref|NR_179296.1|	93.926	461	26	2	1	460	324	783	0.0	695	2585119
bd36eb407c95a6cf0477055175092b19	gi|631251953|ref|NR_113151.1|	93.506	462	26	4	1	460	338	797	0.0	684	328813
bd36eb407c95a6cf0477055175092b19	gi|343202833|ref|NR_043318.1|	93.506	462	26	4	1	460	324	783	0.0	684	328813
bd36eb407c95a6cf0477055175092b19	gi|2363082505|ref|NR_179499.1|	93.089	463	26	6	1	460	342	801	0.0	673	2364787
bd36eb407c95a6cf0477055175092b19	gi|507148137|ref|NR_102944.1|	93.059	461	30	2	1	460	334	793	0.0	673	214856
cd275aeeb40b242d463c9b326acf0e5b	gi|343200777|ref|NR_041464.1|	94.348	460	26	0	1	460	340	799	0.0	706	387661
cd275aeeb40b242d463c9b326acf0e5b	gi|645322411|ref|NR_119166.1|	93.261	460	31	0	1	460	319	778	0.0	680	411477
cd275aeeb40b242d463c9b326acf0e5b	gi|343200656|ref|NR_041343.1|	93.261	460	31	0	1	460	340	799	0.0	678	46503
cd275aeeb40b242d463c9b326acf0e5b	gi|1811131517|ref|NR_165699.1|	93.074	462	28	4	1	460	336	795	0.0	673	2685834
cd275aeeb40b242d463c9b326acf0e5b	gi|2363082715|ref|NR_179605.1|	93.074	462	28	4	1	460	316	775	0.0	673	1944636
cd275aeeb40b242d463c9b326acf0e5b	gi|631251637|ref|NR_112835.1|	93.059	461	29	3	1	460	336	794	0.0	671	574930
cd275aeeb40b242d463c9b326acf0e5b	gi|631251878|ref|NR_113076.1|	92.826	460	33	0	1	460	324	783	0.0	667	927665
cd275aeeb40b242d463c9b326acf0e5b	gi|343202832|ref|NR_043317.1|	92.826	460	33	0	1	460	284	743	0.0	667	328812
cd275aeeb40b242d463c9b326acf0e5b	gi|631252010|ref|NR_113208.1|	92.424	462	31	4	1	460	336	795	0.0	656	871327
cd275aeeb40b242d463c9b326acf0e5b	gi|2363086049|ref|NR_181277.1|	92.174	460	36	0	1	460	309	768	0.0	651	2753162
979a1e086e6c0b6c83967f952ffa4b1e	gi|444303953|ref|NR_074376.1|	95.217	460	22	0	1	460	351	810	0.0	728	435591
979a1e086e6c0b6c83967f952ffa4b1e	gi|343200655|ref|NR_041342.1|	95.217	460	22	0	1	460	336	795	0.0	728	823
979a1e086e6c0b6c83967f952ffa4b1e	gi|1811131517|ref|NR_165699.1|	92.174	460	36	0	1	460	336	795	0.0	651	2685834
979a1e086e6c0b6c83967f952ffa4b1e	gi|2363082619|ref|NR_179556.1|	91.957	460	37	0	1	460	316	775	0.0	645	1871013
979a1e086e6c0b6c83967f952ffa4b1e	gi|1116030286|ref|NR_144744.1|	91.522	460	39	0	1	460	339	798	0.0	636	1841856
979a1e086e6c0b6c83967f952ffa4b1e	gi|343200591|ref|NR_041278.1|	91.522	460	39	0	1	460	339	798	0.0	634	470145
979a1e086e6c0b6c83967f952ffa4b1e	gi|2363082715|ref|NR_179605.1|	91.304	460	40	0	1	460	316	775	7.81e-180	628	1944636
979a1e086e6c0b6c83967f952ffa4b1e	gi|631251637|ref|NR_112835.1|	91.304	460	39	1	1	460	336	794	2.81e-179	627	574930
979a1e086e6c0b6c83967f952ffa4b1e	gi|2363086049|ref|NR_181277.1|	91.087	460	41	0	1	460	309	768	3.63e-178	623	2753162
979a1e086e6c0b6c83967f952ffa4b1e	gi|2363082641|ref|NR_179567.1|	90.870	460	42	0	1	460	339	798	4.70e-177	619	1907658
e47a17c5687f02452561fd5acfbe8e29	gi|645320588|ref|NR_117758.1|	98.392	311	5	0	150	460	453	763	2.25e-155	547	166486
e47a17c5687f02452561fd5acfbe8e29	gi|228716944|ref|NR_027557.1|	98.392	311	5	0	150	460	474	784	2.25e-155	547	536231
e47a17c5687f02452561fd5acfbe8e29	gi|444439494|ref|NR_074809.1|	98.071	311	6	0	150	460	480	790	1.05e-153	542	585394
e47a17c5687f02452561fd5acfbe8e29	gi|343201282|ref|NR_042008.1|	98.071	311	6	0	150	460	470	780	1.05e-153	542	585394
e47a17c5687f02452561fd5acfbe8e29	gi|2363085153|ref|NR_180825.1|	98.344	302	5	0	159	460	486	787	2.27e-150	531	2605790
e47a17c5687f02452561fd5acfbe8e29	gi|1227086116|ref|NR_148619.1|	97.436	312	7	1	150	460	431	742	2.27e-150	531	1712665
e47a17c5687f02452561fd5acfbe8e29	gi|343198540|ref|NR_042832.1|	97.428	311	8	0	150	460	460	770	2.27e-150	531	301302
e47a17c5687f02452561fd5acfbe8e29	gi|444304209|ref|NR_074634.1|	97.106	311	9	0	150	460	479	789	1.05e-148	525	515619
e47a17c5687f02452561fd5acfbe8e29	gi|2363086282|ref|NR_181393.1|	96.463	311	11	0	150	460	419	729	2.28e-145	514	2763664
e47a17c5687f02452561fd5acfbe8e29	gi|2363085149|ref|NR_180823.1|	96.689	302	10	0	159	460	495	796	4.94e-142	503	2606634
da3dbed689eb0fecef38e2bd9beb5937	gi|1491509587|ref|NR_159118.1|	93.696	460	29	0	1	460	310	769	0.0	689	28116
da3dbed689eb0fecef38e2bd9beb5937	gi|1491509586|ref|NR_159117.1|	93.696	460	29	0	1	460	301	760	0.0	689	28116
da3dbed689eb0fecef38e2bd9beb5937	gi|631251742|ref|NR_112940.1|	93.696	460	29	0	1	460	327	786	0.0	689	28116
da3dbed689eb0fecef38e2bd9beb5937	gi|636559244|ref|NR_115301.1|	93.696	460	29	0	1	460	320	779	0.0	689	28116
da3dbed689eb0fecef38e2bd9beb5937	gi|636560121|ref|NR_116181.1|	93.478	460	29	1	1	460	333	791	0.0	682	28116
da3dbed689eb0fecef38e2bd9beb5937	gi|645322410|ref|NR_119165.1|	93.043	460	32	0	1	460	319	778	0.0	680	28116
da3dbed689eb0fecef38e2bd9beb5937	gi|343200178|ref|NR_040865.1|	93.275	461	29	2	1	460	333	792	0.0	678	28116
da3dbed689eb0fecef38e2bd9beb5937	gi|2363084431|ref|NR_180463.1|	92.826	460	33	0	1	460	340	799	0.0	667	2650158
da3dbed689eb0fecef38e2bd9beb5937	gi|631251733|ref|NR_112931.1|	92.609	460	34	0	1	460	340	799	0.0	662	85831
da3dbed689eb0fecef38e2bd9beb5937	gi|265678305|ref|NR_028607.1|	92.593	459	34	0	2	460	333	791	0.0	660	85831
1c520e1502e5e44cf41f82ac35f6872e	gi|631252073|ref|NR_113271.1|	90.889	461	40	2	1	460	339	798	1.69e-176	617	742725
1c520e1502e5e44cf41f82ac35f6872e	gi|631251698|ref|NR_112896.1|	90.889	461	40	2	1	460	319	778	1.69e-176	617	742725
1c520e1502e5e44cf41f82ac35f6872e	gi|343200591|ref|NR_041278.1|	89.417	463	43	5	1	460	339	798	7.98e-165	579	470145
1c520e1502e5e44cf41f82ac35f6872e	gi|1864207193|ref|NR_169488.1|	88.961	462	47	4	1	460	333	792	1.73e-161	568	2570926
1c520e1502e5e44cf41f82ac35f6872e	gi|2363082338|ref|NR_179416.1|	88.769	463	47	5	1	460	342	802	8.03e-160	562	1673718
1c520e1502e5e44cf41f82ac35f6872e	gi|2363086049|ref|NR_181277.1|	88.503	461	51	2	1	460	309	768	3.74e-158	556	2753162
1c520e1502e5e44cf41f82ac35f6872e	gi|1024974747|ref|NR_136788.1|	88.312	462	50	4	1	460	339	798	1.74e-156	551	1583331
1c520e1502e5e44cf41f82ac35f6872e	gi|1040567055|ref|NR_137404.1|	88.362	464	47	7	1	460	314	774	1.74e-156	551	1477105
1c520e1502e5e44cf41f82ac35f6872e	gi|631251878|ref|NR_113076.1|	88.286	461	52	2	1	460	324	783	1.74e-156	551	927665
1c520e1502e5e44cf41f82ac35f6872e	gi|343202832|ref|NR_043317.1|	88.286	461	52	2	1	460	284	743	1.74e-156	551	328812
d91d94caee3cdacace16df4f7aaacfe7	gi|631251745|ref|NR_112943.1|	94.783	460	24	0	1	460	326	785	0.0	717	449673
d91d94caee3cdacace16df4f7aaacfe7	gi|224581415|ref|NR_027196.1|	93.913	460	28	0	1	460	317	776	0.0	697	449673
d91d94caee3cdacace16df4f7aaacfe7	gi|631251867|ref|NR_113065.1|	93.261	460	31	0	1	460	338	797	0.0	678	762984
d91d94caee3cdacace16df4f7aaacfe7	gi|631251695|ref|NR_112893.1|	93.261	460	31	0	1	460	318	777	0.0	678	762984
d91d94caee3cdacace16df4f7aaacfe7	gi|343200761|ref|NR_041448.1|	93.043	460	32	0	1	460	322	781	0.0	673	376806
d91d94caee3cdacace16df4f7aaacfe7	gi|343200620|ref|NR_041307.1|	92.826	460	33	0	1	460	334	793	0.0	667	329854
d91d94caee3cdacace16df4f7aaacfe7	gi|2363086949|ref|NR_181731.1|	92.609	460	34	0	1	460	290	749	0.0	662	2834112
d91d94caee3cdacace16df4f7aaacfe7	gi|2363086550|ref|NR_181532.1|	92.609	460	34	0	1	460	322	781	0.0	662	2763025
d91d94caee3cdacace16df4f7aaacfe7	gi|631251735|ref|NR_112933.1|	92.408	461	33	2	1	460	334	793	0.0	656	246787
d91d94caee3cdacace16df4f7aaacfe7	gi|343200626|ref|NR_041313.1|	92.391	460	35	0	1	460	340	799	0.0	656	338188
a7492a976699e8ad0dfe9df3fe4312eb	gi|343200591|ref|NR_041278.1|	94.783	460	24	0	1	460	339	798	0.0	717	470145
a7492a976699e8ad0dfe9df3fe4312eb	gi|2363082635|ref|NR_179564.1|	92.857	462	29	4	1	460	338	797	0.0	667	1903262
a7492a976699e8ad0dfe9df3fe4312eb	gi|2363082773|ref|NR_179635.1|	92.609	460	34	0	1	460	338	797	0.0	662	2024197
a7492a976699e8ad0dfe9df3fe4312eb	gi|2363086550|ref|NR_181532.1|	92.609	460	34	0	1	460	322	781	0.0	662	2763025
a7492a976699e8ad0dfe9df3fe4312eb	gi|631252008|ref|NR_113206.1|	92.641	462	30	4	1	460	336	795	0.0	662	1236513
a7492a976699e8ad0dfe9df3fe4312eb	gi|636560121|ref|NR_116181.1|	92.609	460	33	1	1	460	333	791	0.0	660	28116
a7492a976699e8ad0dfe9df3fe4312eb	gi|631251742|ref|NR_112940.1|	92.391	460	35	0	1	460	327	786	0.0	656	28116
a7492a976699e8ad0dfe9df3fe4312eb	gi|636559244|ref|NR_115301.1|	92.391	460	35	0	1	460	320	779	0.0	656	28116
a7492a976699e8ad0dfe9df3fe4312eb	gi|1491509587|ref|NR_159118.1|	92.174	460	36	0	1	460	310	769	0.0	651	28116
a7492a976699e8ad0dfe9df3fe4312eb	gi|1491509586|ref|NR_159117.1|	92.174	460	36	0	1	460	301	760	0.0	651	28116
cf2fc29a0e87a4dd17f9065e484d734b	gi|631251875|ref|NR_113073.1|	87.826	460	56	0	1	460	329	788	3.76e-153	540	487174
cf2fc29a0e87a4dd17f9065e484d734b	gi|343200981|ref|NR_041668.1|	87.826	460	56	0	1	460	321	780	3.76e-153	540	742726
cf2fc29a0e87a4dd17f9065e484d734b	gi|1270532346|ref|NR_121773.2|	87.636	461	55	2	1	460	348	807	1.75e-151	534	397865
cf2fc29a0e87a4dd17f9065e484d734b	gi|343200821|ref|NR_041508.1|	87.636	461	54	3	1	460	325	783	6.30e-151	532	397865
cf2fc29a0e87a4dd17f9065e484d734b	gi|1779814875|ref|NR_164950.1|	84.665	463	65	6	1	460	340	799	3.90e-128	457	2040292
cf2fc29a0e87a4dd17f9065e484d734b	gi|2836274966|ref|NR_197729.1|	85.000	460	49	10	1	460	304	743	6.53e-126	449	3093657
cf2fc29a0e87a4dd17f9065e484d734b	gi|1116030278|ref|NR_144736.1|	85.000	460	49	12	1	460	360	799	6.53e-126	449	1776382
cf2fc29a0e87a4dd17f9065e484d734b	gi|1146059197|ref|NR_145929.1|	92.880	309	21	1	153	460	454	762	2.35e-125	448	642589
cf2fc29a0e87a4dd17f9065e484d734b	gi|2621112336|ref|NR_189240.1|	84.052	464	66	8	1	460	342	801	3.93e-123	440	2944915
cf2fc29a0e87a4dd17f9065e484d734b	gi|2836274967|ref|NR_197730.1|	84.565	460	51	10	1	460	312	751	1.41e-122	438	3093658
6de07ef66ec004c997d05b025efd0f57	gi|507148137|ref|NR_102944.1|	96.178	314	12	0	129	442	480	793	2.19e-145	514	214856
6de07ef66ec004c997d05b025efd0f57	gi|631251952|ref|NR_113150.1|	96.178	314	12	0	129	442	480	793	2.19e-145	514	214856
6de07ef66ec004c997d05b025efd0f57	gi|636559243|ref|NR_115300.1|	96.178	314	12	0	129	442	460	773	2.19e-145	514	679935
6de07ef66ec004c997d05b025efd0f57	gi|343198609|ref|NR_043064.1|	96.178	314	12	0	129	442	460	773	2.19e-145	514	214856
6de07ef66ec004c997d05b025efd0f57	gi|2363082603|ref|NR_179548.1|	87.585	443	51	3	1	442	348	787	7.87e-145	512	1870993
6de07ef66ec004c997d05b025efd0f57	gi|645320588|ref|NR_117758.1|	87.557	442	55	0	1	442	322	763	7.87e-145	512	166486
6de07ef66ec004c997d05b025efd0f57	gi|343201281|ref|NR_042007.1|	87.557	442	55	0	1	442	343	784	7.87e-145	512	622312
6de07ef66ec004c997d05b025efd0f57	gi|228716944|ref|NR_027557.1|	87.557	442	55	0	1	442	343	784	7.87e-145	512	536231
6de07ef66ec004c997d05b025efd0f57	gi|444439494|ref|NR_074809.1|	87.557	442	54	1	1	442	350	790	2.83e-144	510	585394
6de07ef66ec004c997d05b025efd0f57	gi|343198540|ref|NR_042832.1|	87.557	442	54	1	1	442	330	770	2.83e-144	510	301302
67d958eb0fbd1e12450acbb1fd13b829	gi|343200591|ref|NR_041278.1|	87.174	460	59	0	1	460	339	798	3.79e-148	523	470145
67d958eb0fbd1e12450acbb1fd13b829	gi|672238875|ref|NR_125463.1|	85.870	460	65	0	1	460	311	770	3.84e-138	490	1297750
67d958eb0fbd1e12450acbb1fd13b829	gi|2363082023|ref|NR_179258.1|	84.599	461	70	1	1	460	311	771	3.90e-128	457	2136147
67d958eb0fbd1e12450acbb1fd13b829	gi|2363082641|ref|NR_179567.1|	83.948	461	72	2	1	460	339	798	1.09e-123	442	1907658
67d958eb0fbd1e12450acbb1fd13b829	gi|1040567055|ref|NR_137404.1|	83.801	463	70	5	1	460	314	774	1.83e-121	435	1477105
67d958eb0fbd1e12450acbb1fd13b829	gi|2363086250|ref|NR_181377.1|	83.731	461	73	2	1	460	343	802	1.83e-121	435	2763138
67d958eb0fbd1e12450acbb1fd13b829	gi|631251871|ref|NR_113069.1|	83.333	462	73	4	1	460	336	795	3.96e-118	424	477666
67d958eb0fbd1e12450acbb1fd13b829	gi|343200955|ref|NR_041642.1|	83.333	462	73	4	1	460	302	761	3.96e-118	424	477666
67d958eb0fbd1e12450acbb1fd13b829	gi|1953646717|ref|NR_171512.1|	82.863	461	77	2	1	460	313	772	8.56e-115	412	2162893
67d958eb0fbd1e12450acbb1fd13b829	gi|2621112336|ref|NR_189240.1|	82.937	463	73	6	1	460	342	801	8.56e-115	412	2944915
f2e0e5af83d544b88d9ef587263dd6d1	gi|2363082157|ref|NR_179325.1|	96.743	307	10	0	136	442	458	764	7.87e-145	512	2682456
f2e0e5af83d544b88d9ef587263dd6d1	gi|343201163|ref|NR_041879.1|	96.743	307	10	0	136	442	441	747	7.87e-145	512	39778
f2e0e5af83d544b88d9ef587263dd6d1	gi|636559298|ref|NR_115355.1|	96.743	307	10	0	136	442	484	790	7.87e-145	512	39778
f2e0e5af83d544b88d9ef587263dd6d1	gi|645322415|ref|NR_119169.1|	96.743	307	10	0	136	442	489	795	7.87e-145	512	39778
f2e0e5af83d544b88d9ef587263dd6d1	gi|1679775917|ref|NR_163639.1|	96.429	308	10	1	136	442	500	807	3.66e-143	507	1911679
f2e0e5af83d544b88d9ef587263dd6d1	gi|219846172|ref|NR_025762.1|	95.765	307	13	0	136	442	462	768	7.92e-140	496	248316
f2e0e5af83d544b88d9ef587263dd6d1	gi|645322417|ref|NR_119170.1|	95.440	307	14	0	136	442	489	795	1.02e-138	492	39777
f2e0e5af83d544b88d9ef587263dd6d1	gi|444439665|ref|NR_074980.1|	95.440	307	14	0	136	442	511	817	3.69e-138	490	479436
f2e0e5af83d544b88d9ef587263dd6d1	gi|631252372|ref|NR_113570.1|	95.440	307	14	0	136	442	491	797	3.69e-138	490	1110546
f2e0e5af83d544b88d9ef587263dd6d1	gi|631251833|ref|NR_113031.1|	95.440	307	14	0	136	442	511	817	3.69e-138	490	29466
a71c16a2bbf2ecf6ba08f4047c1bd5dd	gi|645321785|ref|NR_118670.1|	95.000	440	22	0	1	440	357	796	0.0	699	39496
a71c16a2bbf2ecf6ba08f4047c1bd5dd	gi|219857617|ref|NR_025206.1|	92.273	440	34	0	1	440	314	753	9.64e-179	625	180286
a71c16a2bbf2ecf6ba08f4047c1bd5dd	gi|631250892|ref|NR_112089.1|	92.045	440	35	0	1	440	336	775	4.48e-177	619	553973
a71c16a2bbf2ecf6ba08f4047c1bd5dd	gi|224581401|ref|NR_024719.1|	92.045	440	34	1	1	440	341	779	1.61e-176	617	89153
a71c16a2bbf2ecf6ba08f4047c1bd5dd	gi|1397641798|ref|NR_156907.1|	91.837	441	34	2	1	440	348	787	2.09e-175	614	1912855
a71c16a2bbf2ecf6ba08f4047c1bd5dd	gi|343203027|ref|NR_043551.1|	91.837	441	34	2	1	440	349	788	2.09e-175	614	341220
a71c16a2bbf2ecf6ba08f4047c1bd5dd	gi|310974936|ref|NR_036800.1|	91.855	442	32	4	1	440	326	765	2.09e-175	614	411470
a71c16a2bbf2ecf6ba08f4047c1bd5dd	gi|645321810|ref|NR_118690.1|	91.855	442	32	4	1	440	338	777	2.09e-175	614	411470
a71c16a2bbf2ecf6ba08f4047c1bd5dd	gi|645320588|ref|NR_117758.1|	91.667	444	31	6	1	440	322	763	2.70e-174	610	166486
a71c16a2bbf2ecf6ba08f4047c1bd5dd	gi|228716944|ref|NR_027557.1|	91.667	444	31	6	1	440	343	784	2.70e-174	610	536231
0e6161c32ed637bf2939b7615945b5f4	gi|343200655|ref|NR_041342.1|	99.242	264	2	0	1	264	336	599	2.40e-134	477	823
0e6161c32ed637bf2939b7615945b5f4	gi|444303953|ref|NR_074376.1|	97.727	264	6	0	1	264	351	614	1.12e-127	455	435591
0e6161c32ed637bf2939b7615945b5f4	gi|2363082619|ref|NR_179556.1|	95.455	264	12	0	1	264	316	579	1.14e-117	422	1871013
0e6161c32ed637bf2939b7615945b5f4	gi|631251637|ref|NR_112835.1|	95.455	264	11	1	1	264	336	598	4.10e-117	420	574930
0e6161c32ed637bf2939b7615945b5f4	gi|1811131517|ref|NR_165699.1|	94.318	264	15	0	1	264	336	599	1.15e-112	405	2685834
0e6161c32ed637bf2939b7615945b5f4	gi|2363082715|ref|NR_179605.1|	93.939	264	16	0	1	264	316	579	5.34e-111	399	1944636
0e6161c32ed637bf2939b7615945b5f4	gi|631252010|ref|NR_113208.1|	93.939	264	16	0	1	264	336	599	5.34e-111	399	871327
0e6161c32ed637bf2939b7615945b5f4	gi|974142265|ref|NR_134785.1|	92.803	264	19	0	1	264	336	599	1.49e-106	385	1217282
0e6161c32ed637bf2939b7615945b5f4	gi|566085397|ref|NR_109439.1|	92.803	264	19	0	1	264	336	599	5.37e-106	383	879969
0e6161c32ed637bf2939b7615945b5f4	gi|2363085522|ref|NR_181010.1|	92.453	265	18	2	1	264	297	560	2.50e-104	377	2786956
267cca0873f43631263ea1c7558ff89d	gi|559795255|ref|NR_104846.1|	90.971	443	34	5	1	440	288	727	9.78e-169	592	745368
267cca0873f43631263ea1c7558ff89d	gi|2363086272|ref|NR_181388.1|	90.724	442	37	3	1	440	388	827	4.55e-167	586	2763658
267cca0873f43631263ea1c7558ff89d	gi|2363082711|ref|NR_179603.1|	90.541	444	33	9	1	440	317	755	7.61e-165	579	1944642
267cca0873f43631263ea1c7558ff89d	gi|2363082625|ref|NR_179559.1|	90.293	443	38	5	1	440	333	773	9.85e-164	575	1871018
267cca0873f43631263ea1c7558ff89d	gi|265678692|ref|NR_028997.1|	90.315	444	36	6	1	440	303	743	9.85e-164	575	214851
267cca0873f43631263ea1c7558ff89d	gi|265679047|ref|NR_029355.1|	90.249	441	41	2	1	440	332	771	9.85e-164	575	84026
267cca0873f43631263ea1c7558ff89d	gi|343205927|ref|NR_044425.1|	90.068	443	38	5	1	440	346	785	4.58e-162	569	474960
267cca0873f43631263ea1c7558ff89d	gi|2363082601|ref|NR_179547.1|	89.796	441	43	2	1	440	347	786	2.13e-160	564	1870991
267cca0873f43631263ea1c7558ff89d	gi|507148077|ref|NR_102884.1|	89.819	442	41	4	1	440	331	770	2.13e-160	564	213810
267cca0873f43631263ea1c7558ff89d	gi|1864207164|ref|NR_169458.1|	89.569	441	44	2	1	440	345	784	9.92e-159	558	2164149
55e30bb9f064e5f1b5b416f3177ade5a	gi|1269806089|ref|NR_074784.2|	87.636	461	55	2	1	460	345	804	1.75e-151	534	272559
55e30bb9f064e5f1b5b416f3177ade5a	gi|631251738|ref|NR_112936.1|	87.636	461	55	2	1	460	338	797	1.75e-151	534	817
55e30bb9f064e5f1b5b416f3177ade5a	gi|645322408|ref|NR_119164.1|	87.636	461	55	2	1	460	317	776	1.75e-151	534	817
55e30bb9f064e5f1b5b416f3177ade5a	gi|444304209|ref|NR_074634.1|	96.463	311	11	0	150	460	479	789	2.28e-145	514	515619
55e30bb9f064e5f1b5b416f3177ade5a	gi|343198540|ref|NR_042832.1|	96.141	311	12	0	150	460	460	770	1.06e-143	508	301302
55e30bb9f064e5f1b5b416f3177ade5a	gi|631251872|ref|NR_113070.1|	86.334	461	61	2	1	460	334	793	1.78e-141	501	742727
55e30bb9f064e5f1b5b416f3177ade5a	gi|631251697|ref|NR_112895.1|	86.334	461	61	2	1	460	314	773	1.78e-141	501	742727
55e30bb9f064e5f1b5b416f3177ade5a	gi|2363085153|ref|NR_180825.1|	96.026	302	12	0	159	460	486	787	1.07e-138	492	2605790
55e30bb9f064e5f1b5b416f3177ade5a	gi|645320588|ref|NR_117758.1|	95.177	311	15	0	150	460	453	763	1.07e-138	492	166486
55e30bb9f064e5f1b5b416f3177ade5a	gi|228716944|ref|NR_027557.1|	95.177	311	15	0	150	460	474	784	1.07e-138	492	536231
e2aaa9c74116a64ed3f4b0eca3b725a8	gi|631251734|ref|NR_112932.1|	94.565	460	25	0	1	460	328	787	0.0	712	47678
e2aaa9c74116a64ed3f4b0eca3b725a8	gi|219846650|ref|NR_026242.1|	94.565	460	25	0	1	460	318	777	0.0	712	47678
e2aaa9c74116a64ed3f4b0eca3b725a8	gi|1491509587|ref|NR_159118.1|	93.913	460	28	0	1	460	310	769	0.0	695	28116
e2aaa9c74116a64ed3f4b0eca3b725a8	gi|1491509586|ref|NR_159117.1|	93.913	460	28	0	1	460	301	760	0.0	695	28116
e2aaa9c74116a64ed3f4b0eca3b725a8	gi|631251742|ref|NR_112940.1|	93.913	460	28	0	1	460	327	786	0.0	695	28116
e2aaa9c74116a64ed3f4b0eca3b725a8	gi|636559244|ref|NR_115301.1|	93.913	460	28	0	1	460	320	779	0.0	695	28116
e2aaa9c74116a64ed3f4b0eca3b725a8	gi|636560121|ref|NR_116181.1|	93.913	460	27	1	1	460	333	791	0.0	693	28116
e2aaa9c74116a64ed3f4b0eca3b725a8	gi|1269806089|ref|NR_074784.2|	93.696	460	29	0	1	460	345	804	0.0	689	272559
e2aaa9c74116a64ed3f4b0eca3b725a8	gi|631251738|ref|NR_112936.1|	93.696	460	29	0	1	460	338	797	0.0	689	817
e2aaa9c74116a64ed3f4b0eca3b725a8	gi|645322408|ref|NR_119164.1|	93.696	460	29	0	1	460	317	776	0.0	689	817
8f333cebd3ee0166dd35598c4e41b051	gi|343201281|ref|NR_042007.1|	94.357	443	24	1	1	443	343	784	0.0	678	622312
8f333cebd3ee0166dd35598c4e41b051	gi|645320588|ref|NR_117758.1|	92.584	445	28	5	1	443	322	763	0.0	634	166486
8f333cebd3ee0166dd35598c4e41b051	gi|343198540|ref|NR_042832.1|	92.584	445	27	5	1	443	330	770	0.0	634	301302
8f333cebd3ee0166dd35598c4e41b051	gi|228716944|ref|NR_027557.1|	92.584	445	28	5	1	443	343	784	0.0	634	536231
8f333cebd3ee0166dd35598c4e41b051	gi|2363086282|ref|NR_181393.1|	92.584	445	26	6	1	443	290	729	0.0	632	2763664
8f333cebd3ee0166dd35598c4e41b051	gi|559795150|ref|NR_104737.1|	92.325	443	31	2	1	443	346	785	2.70e-179	627	1732
8f333cebd3ee0166dd35598c4e41b051	gi|1227086116|ref|NR_148619.1|	92.152	446	28	6	1	443	301	742	3.49e-178	623	1712665
8f333cebd3ee0166dd35598c4e41b051	gi|444439494|ref|NR_074809.1|	92.135	445	29	5	1	443	350	790	3.49e-178	623	585394
8f333cebd3ee0166dd35598c4e41b051	gi|444304209|ref|NR_074634.1|	91.910	445	29	6	1	443	350	789	5.84e-176	616	515619
8f333cebd3ee0166dd35598c4e41b051	gi|343201282|ref|NR_042008.1|	91.910	445	29	6	1	443	341	780	5.84e-176	616	585394
e532d8a655b7fe785c06c0eb1d5d866e	gi|343200591|ref|NR_041278.1|	95.217	460	22	0	1	460	339	798	0.0	728	470145
e532d8a655b7fe785c06c0eb1d5d866e	gi|2363085522|ref|NR_181010.1|	92.408	461	33	2	1	460	297	756	0.0	656	2786956
e532d8a655b7fe785c06c0eb1d5d866e	gi|2363082773|ref|NR_179635.1|	92.191	461	34	2	1	460	338	797	0.0	651	2024197
e532d8a655b7fe785c06c0eb1d5d866e	gi|631251872|ref|NR_113070.1|	91.957	460	37	0	1	460	334	793	0.0	645	742727
e532d8a655b7fe785c06c0eb1d5d866e	gi|631251747|ref|NR_112945.1|	91.974	461	35	2	1	460	327	786	0.0	645	820
e532d8a655b7fe785c06c0eb1d5d866e	gi|631251697|ref|NR_112895.1|	91.957	460	37	0	1	460	314	773	0.0	645	742727
e532d8a655b7fe785c06c0eb1d5d866e	gi|343200179|ref|NR_040866.1|	91.974	461	35	2	1	460	334	793	0.0	645	820
e532d8a655b7fe785c06c0eb1d5d866e	gi|444304122|ref|NR_074546.1|	91.739	460	38	0	1	460	336	795	0.0	640	290053
e532d8a655b7fe785c06c0eb1d5d866e	gi|2363086550|ref|NR_181532.1|	91.757	461	36	2	1	460	322	781	0.0	640	2763025
e532d8a655b7fe785c06c0eb1d5d866e	gi|631251866|ref|NR_113064.1|	91.757	461	36	2	1	460	338	797	0.0	640	1236538
062f12cc6a1e10f966e2121f9a0091da	gi|343201281|ref|NR_042007.1|	95.701	442	19	0	1	442	343	784	0.0	712	622312
062f12cc6a1e10f966e2121f9a0091da	gi|645320588|ref|NR_117758.1|	93.919	444	23	4	1	442	322	763	0.0	667	166486
062f12cc6a1e10f966e2121f9a0091da	gi|228716944|ref|NR_027557.1|	93.919	444	23	4	1	442	343	784	0.0	667	536231
062f12cc6a1e10f966e2121f9a0091da	gi|343198540|ref|NR_042832.1|	93.919	444	22	5	1	442	330	770	0.0	665	301302
062f12cc6a1e10f966e2121f9a0091da	gi|444439494|ref|NR_074809.1|	93.468	444	24	5	1	442	350	790	0.0	654	585394
062f12cc6a1e10f966e2121f9a0091da	gi|1227086116|ref|NR_148619.1|	93.258	445	24	6	1	442	301	742	0.0	651	1712665
062f12cc6a1e10f966e2121f9a0091da	gi|343201282|ref|NR_042008.1|	93.243	444	24	6	1	442	341	780	0.0	649	585394
062f12cc6a1e10f966e2121f9a0091da	gi|310974914|ref|NR_036777.1|	92.955	440	29	1	1	440	333	770	0.0	641	33039
062f12cc6a1e10f966e2121f9a0091da	gi|2363084846|ref|NR_180671.1|	92.760	442	30	1	1	442	63	502	0.0	638	2594882
062f12cc6a1e10f966e2121f9a0091da	gi|444304209|ref|NR_074634.1|	92.793	444	26	5	1	442	350	789	0.0	638	515619
e165ce961e0d11faf0f353ace4e15ec4	gi|343201281|ref|NR_042007.1|	93.213	442	30	0	1	442	343	784	0.0	651	622312
e165ce961e0d11faf0f353ace4e15ec4	gi|2363085133|ref|NR_180815.1|	92.551	443	29	3	1	442	350	789	0.0	632	2606633
e165ce961e0d11faf0f353ace4e15ec4	gi|1909404440|ref|NR_170495.1|	92.551	443	29	3	1	442	355	794	0.0	632	2509240
e165ce961e0d11faf0f353ace4e15ec4	gi|2363083556|ref|NR_180026.1|	92.551	443	29	3	1	442	348	787	0.0	632	2696678
e165ce961e0d11faf0f353ace4e15ec4	gi|2363082059|ref|NR_179276.1|	92.325	443	30	3	1	442	334	773	2.69e-179	627	2316025
e165ce961e0d11faf0f353ace4e15ec4	gi|1315204019|ref|NR_152688.1|	92.325	443	30	3	1	442	348	787	2.69e-179	627	433279
e165ce961e0d11faf0f353ace4e15ec4	gi|2363085153|ref|NR_180825.1|	92.117	444	30	5	1	442	347	787	1.25e-177	621	2605790
e165ce961e0d11faf0f353ace4e15ec4	gi|1384992332|ref|NR_156081.1|	92.099	443	31	3	1	442	336	775	1.25e-177	621	1469948
e165ce961e0d11faf0f353ace4e15ec4	gi|1384992329|ref|NR_156078.1|	92.099	443	31	3	1	442	336	775	1.25e-177	621	1469948
e165ce961e0d11faf0f353ace4e15ec4	gi|559795150|ref|NR_104737.1|	92.081	442	33	1	1	442	346	785	1.25e-177	621	1732
c6cfcf670c23c1673fa0571e95c6806e	gi|631251745|ref|NR_112943.1|	97.020	302	9	0	165	466	484	785	1.08e-143	508	449673
c6cfcf670c23c1673fa0571e95c6806e	gi|224581415|ref|NR_027196.1|	97.020	302	9	0	165	466	475	776	1.08e-143	508	449673
c6cfcf670c23c1673fa0571e95c6806e	gi|631251737|ref|NR_112935.1|	85.256	468	59	7	1	466	338	797	3.93e-133	473	28111
c6cfcf670c23c1673fa0571e95c6806e	gi|343200177|ref|NR_040864.1|	85.256	468	59	7	1	466	336	795	3.93e-133	473	28111
c6cfcf670c23c1673fa0571e95c6806e	gi|343200620|ref|NR_041307.1|	94.371	302	17	0	165	466	492	793	2.36e-130	464	329854
c6cfcf670c23c1673fa0571e95c6806e	gi|631251867|ref|NR_113065.1|	94.040	302	18	0	165	466	496	797	1.10e-128	459	762984
c6cfcf670c23c1673fa0571e95c6806e	gi|631251734|ref|NR_112932.1|	94.040	302	18	0	165	466	486	787	1.10e-128	459	47678
c6cfcf670c23c1673fa0571e95c6806e	gi|631251695|ref|NR_112893.1|	94.040	302	18	0	165	466	476	777	1.10e-128	459	762984
c6cfcf670c23c1673fa0571e95c6806e	gi|219846650|ref|NR_026242.1|	94.040	302	18	0	165	466	476	777	1.10e-128	459	47678
c6cfcf670c23c1673fa0571e95c6806e	gi|2363082671|ref|NR_179583.1|	84.648	469	60	7	1	466	317	776	3.95e-128	457	1917883
63fd1f7405a25299067e48a85a0e499f	gi|444304091|ref|NR_074515.1|	87.446	462	54	4	1	460	350	809	8.15e-150	529	435590
63fd1f7405a25299067e48a85a0e499f	gi|631251748|ref|NR_112946.1|	87.446	462	54	4	1	460	339	798	8.15e-150	529	821
63fd1f7405a25299067e48a85a0e499f	gi|631250946|ref|NR_112143.1|	87.229	462	55	4	1	460	307	766	3.79e-148	523	821
63fd1f7405a25299067e48a85a0e499f	gi|2363082679|ref|NR_179587.1|	93.377	302	20	0	159	460	466	767	2.35e-125	448	1926283
63fd1f7405a25299067e48a85a0e499f	gi|1384992332|ref|NR_156081.1|	93.377	302	20	0	159	460	474	775	2.35e-125	448	1469948
63fd1f7405a25299067e48a85a0e499f	gi|1384992329|ref|NR_156078.1|	93.377	302	20	0	159	460	474	775	2.35e-125	448	1469948
63fd1f7405a25299067e48a85a0e499f	gi|2363081854|ref|NR_179173.1|	93.377	302	20	0	159	460	471	772	2.35e-125	448	2126740
63fd1f7405a25299067e48a85a0e499f	gi|631253128|ref|NR_114326.1|	93.377	302	20	0	159	460	472	773	2.35e-125	448	1150298
63fd1f7405a25299067e48a85a0e499f	gi|3030611230|ref|NR_199906.1|	93.046	302	21	0	159	460	492	793	1.09e-123	442	3123317
63fd1f7405a25299067e48a85a0e499f	gi|3030611314|ref|NR_199990.1|	93.046	302	21	0	159	460	488	789	1.09e-123	442	3123317
71c158fb9513f9144d37c9a1ec017287	gi|631251875|ref|NR_113073.1|	89.394	462	45	4	1	460	329	788	7.98e-165	579	487174
71c158fb9513f9144d37c9a1ec017287	gi|343200981|ref|NR_041668.1|	89.394	462	45	4	1	460	321	780	7.98e-165	579	742726
71c158fb9513f9144d37c9a1ec017287	gi|1270532346|ref|NR_121773.2|	88.503	461	51	2	1	460	348	807	3.74e-158	556	397865
71c158fb9513f9144d37c9a1ec017287	gi|343200821|ref|NR_041508.1|	88.503	461	50	3	1	460	325	783	1.34e-157	555	397865
71c158fb9513f9144d37c9a1ec017287	gi|1779814875|ref|NR_164950.1|	85.065	462	65	4	1	460	340	799	1.80e-131	468	2040292
71c158fb9513f9144d37c9a1ec017287	gi|1909404453|ref|NR_170508.1|	84.416	462	67	5	1	460	352	810	6.53e-126	449	2518971
71c158fb9513f9144d37c9a1ec017287	gi|2363087247|ref|NR_181879.1|	84.582	467	57	14	1	460	285	743	6.53e-126	449	2880704
71c158fb9513f9144d37c9a1ec017287	gi|444304209|ref|NR_074634.1|	92.605	311	23	0	150	460	479	789	2.35e-125	448	515619
71c158fb9513f9144d37c9a1ec017287	gi|2363084366|ref|NR_180431.1|	84.233	463	67	6	1	460	350	809	8.44e-125	446	2530390
71c158fb9513f9144d37c9a1ec017287	gi|2621112336|ref|NR_189240.1|	84.335	466	61	12	1	460	342	801	8.44e-125	446	2944915
3f9a1a3a8bdf1d6d610b7e29ff22fddc	gi|631251954|ref|NR_113152.1|	99.007	302	3	0	165	466	495	796	1.06e-153	542	28117
3f9a1a3a8bdf1d6d610b7e29ff22fddc	gi|507148137|ref|NR_102944.1|	96.700	303	8	2	165	466	492	793	5.01e-142	503	214856
3f9a1a3a8bdf1d6d610b7e29ff22fddc	gi|645321193|ref|NR_118219.1|	96.700	303	8	2	165	466	490	791	5.01e-142	503	1033732
3f9a1a3a8bdf1d6d610b7e29ff22fddc	gi|672239000|ref|NR_125589.1|	96.700	303	8	2	165	466	427	728	5.01e-142	503	1033731
3f9a1a3a8bdf1d6d610b7e29ff22fddc	gi|631251952|ref|NR_113150.1|	96.700	303	8	2	165	466	492	793	5.01e-142	503	214856
3f9a1a3a8bdf1d6d610b7e29ff22fddc	gi|636559243|ref|NR_115300.1|	96.700	303	8	2	165	466	472	773	5.01e-142	503	679935
3f9a1a3a8bdf1d6d610b7e29ff22fddc	gi|343198609|ref|NR_043064.1|	96.700	303	8	2	165	466	472	773	5.01e-142	503	214856
3f9a1a3a8bdf1d6d610b7e29ff22fddc	gi|2363086959|ref|NR_181736.1|	96.370	303	9	2	165	466	492	793	2.33e-140	497	2834113
3f9a1a3a8bdf1d6d610b7e29ff22fddc	gi|2363082505|ref|NR_179499.1|	96.370	303	9	2	165	466	500	801	2.33e-140	497	2364787
3f9a1a3a8bdf1d6d610b7e29ff22fddc	gi|631251953|ref|NR_113151.1|	96.382	304	7	4	165	466	496	797	2.33e-140	497	328813
04f99e05d26e290222ad2125826d6c5d	gi|2363082505|ref|NR_179499.1|	91.757	461	36	2	1	460	342	801	0.0	640	2364787
04f99e05d26e290222ad2125826d6c5d	gi|631251953|ref|NR_113151.1|	91.775	462	34	4	1	460	338	797	0.0	640	328813
04f99e05d26e290222ad2125826d6c5d	gi|343202833|ref|NR_043318.1|	91.775	462	34	4	1	460	324	783	0.0	640	328813
04f99e05d26e290222ad2125826d6c5d	gi|507148137|ref|NR_102944.1|	91.323	461	38	2	1	460	334	793	7.81e-180	628	214856
04f99e05d26e290222ad2125826d6c5d	gi|636559243|ref|NR_115300.1|	91.304	460	40	0	1	460	314	773	7.81e-180	628	679935
04f99e05d26e290222ad2125826d6c5d	gi|343198609|ref|NR_043064.1|	91.323	461	38	2	1	460	314	773	7.81e-180	628	214856
04f99e05d26e290222ad2125826d6c5d	gi|631251955|ref|NR_113153.1|	91.126	462	37	4	1	460	334	793	3.63e-178	623	328814
04f99e05d26e290222ad2125826d6c5d	gi|631251952|ref|NR_113150.1|	91.145	463	35	3	1	460	334	793	3.63e-178	623	214856
04f99e05d26e290222ad2125826d6c5d	gi|343202834|ref|NR_043319.1|	90.909	462	38	4	1	460	323	782	4.70e-177	619	717959
04f99e05d26e290222ad2125826d6c5d	gi|2363086959|ref|NR_181736.1|	90.870	460	42	0	1	460	334	793	1.69e-176	617	2834113
b3482e03fd6971c292991dc740506bb8	gi|631251954|ref|NR_113152.1|	88.286	461	33	12	1	441	337	796	6.02e-151	532	28117
b3482e03fd6971c292991dc740506bb8	gi|2363082505|ref|NR_179499.1|	87.229	462	36	14	1	441	342	801	1.31e-142	505	2364787
b3482e03fd6971c292991dc740506bb8	gi|507148137|ref|NR_102944.1|	86.797	462	38	13	1	441	334	793	2.84e-139	494	214856
b3482e03fd6971c292991dc740506bb8	gi|672239000|ref|NR_125589.1|	86.797	462	38	14	1	441	269	728	2.84e-139	494	1033731
b3482e03fd6971c292991dc740506bb8	gi|631251955|ref|NR_113153.1|	86.797	462	38	13	1	441	334	793	2.84e-139	494	328814
b3482e03fd6971c292991dc740506bb8	gi|631251952|ref|NR_113150.1|	86.797	462	38	13	1	441	334	793	2.84e-139	494	214856
b3482e03fd6971c292991dc740506bb8	gi|636559243|ref|NR_115300.1|	86.797	462	38	13	1	441	314	773	2.84e-139	494	679935
b3482e03fd6971c292991dc740506bb8	gi|343198609|ref|NR_043064.1|	86.797	462	38	13	1	441	314	773	2.84e-139	494	214856
b3482e03fd6971c292991dc740506bb8	gi|343202834|ref|NR_043319.1|	86.580	462	39	13	1	441	323	782	3.68e-138	490	717959
b3482e03fd6971c292991dc740506bb8	gi|2363087245|ref|NR_181878.1|	86.580	462	39	13	1	441	284	743	1.32e-137	488	2880705
90d398a05b899534a30326a65b41c974	gi|1109168031|ref|NR_144614.1|	99.138	464	4	0	1	464	288	751	0.0	835	1796635
90d398a05b899534a30326a65b41c974	gi|3248465743|ref|NR_201757.1|	94.181	464	27	0	1	464	347	810	0.0	708	3681510
90d398a05b899534a30326a65b41c974	gi|545589049|ref|NR_044648.2|	94.181	464	27	0	1	464	351	814	0.0	708	39494
90d398a05b899534a30326a65b41c974	gi|265678858|ref|NR_029164.1|	93.548	465	28	2	1	464	349	812	0.0	693	1522
90d398a05b899534a30326a65b41c974	gi|2363082145|ref|NR_179319.1|	92.918	466	29	4	1	464	337	800	0.0	675	2583452
90d398a05b899534a30326a65b41c974	gi|2363081170|ref|NR_178828.1|	92.719	467	29	5	1	464	281	745	0.0	669	2583452
90d398a05b899534a30326a65b41c974	gi|545589047|ref|NR_044647.2|	92.489	466	31	4	1	464	352	815	0.0	664	428127
90d398a05b899534a30326a65b41c974	gi|631252211|ref|NR_113409.1|	92.489	466	31	4	1	464	334	797	0.0	664	31971
90d398a05b899534a30326a65b41c974	gi|2363085762|ref|NR_181133.1|	91.631	466	35	3	1	464	267	730	0.0	641	2692629
90d398a05b899534a30326a65b41c974	gi|2363082631|ref|NR_179562.1|	91.667	468	31	7	1	464	343	806	0.0	641	1871030
458cfc5f6c0374d063e238cae67fb2fe	gi|1116030282|ref|NR_144740.1|	87.585	443	48	6	1	440	321	759	3.64e-143	507	1776391
458cfc5f6c0374d063e238cae67fb2fe	gi|974142280|ref|NR_134800.1|	87.133	443	50	6	1	440	255	693	7.89e-140	496	1368474
458cfc5f6c0374d063e238cae67fb2fe	gi|631251954|ref|NR_113152.1|	95.364	302	14	0	139	440	495	796	2.21e-135	481	28117
458cfc5f6c0374d063e238cae67fb2fe	gi|2363081881|ref|NR_179186.1|	85.714	441	60	3	1	440	244	682	8.00e-130	462	1511
458cfc5f6c0374d063e238cae67fb2fe	gi|507148073|ref|NR_102880.1|	85.714	441	60	3	1	440	328	766	8.00e-130	462	1511
458cfc5f6c0374d063e238cae67fb2fe	gi|559795257|ref|NR_104848.1|	85.714	441	60	3	1	440	285	723	8.00e-130	462	745369
458cfc5f6c0374d063e238cae67fb2fe	gi|507148137|ref|NR_102944.1|	93.399	303	18	2	139	440	492	793	2.24e-125	448	214856
458cfc5f6c0374d063e238cae67fb2fe	gi|631251952|ref|NR_113150.1|	93.399	303	18	2	139	440	492	793	2.24e-125	448	214856
458cfc5f6c0374d063e238cae67fb2fe	gi|636559243|ref|NR_115300.1|	93.399	303	18	2	139	440	472	773	2.24e-125	448	679935
458cfc5f6c0374d063e238cae67fb2fe	gi|343198609|ref|NR_043064.1|	93.399	303	18	2	139	440	472	773	2.24e-125	448	214856
bd75642c25d5819aa39ba31864f1e576	gi|559795255|ref|NR_104846.1|	98.377	308	5	0	153	460	420	727	1.05e-153	542	745368
bd75642c25d5819aa39ba31864f1e576	gi|265678692|ref|NR_028997.1|	98.052	308	6	0	153	460	436	743	4.87e-152	536	214851
bd75642c25d5819aa39ba31864f1e576	gi|2363084747|ref|NR_180622.1|	95.695	302	13	0	159	460	473	774	4.97e-137	486	2779354
bd75642c25d5819aa39ba31864f1e576	gi|2363084421|ref|NR_180458.1|	85.529	463	61	6	1	460	340	799	8.32e-135	479	2650157
bd75642c25d5819aa39ba31864f1e576	gi|631251745|ref|NR_112943.1|	85.466	461	65	2	1	460	326	785	8.32e-135	479	449673
bd75642c25d5819aa39ba31864f1e576	gi|631251735|ref|NR_112933.1|	85.249	461	66	2	1	460	334	793	3.87e-133	473	246787
bd75642c25d5819aa39ba31864f1e576	gi|645320100|ref|NR_117387.1|	85.313	463	62	6	1	460	320	779	3.87e-133	473	1077285
bd75642c25d5819aa39ba31864f1e576	gi|343200620|ref|NR_041307.1|	85.249	461	66	2	1	460	334	793	3.87e-133	473	329854
bd75642c25d5819aa39ba31864f1e576	gi|1277396189|ref|NR_151900.1|	94.156	308	18	0	153	460	483	790	5.01e-132	470	1550024
bd75642c25d5819aa39ba31864f1e576	gi|2363086550|ref|NR_181532.1|	85.033	461	67	2	1	460	322	781	1.80e-131	468	2763025
107c9e1cc528b65b64edc44a4caf92d8	gi|1277396349|ref|NR_152060.1|	97.819	321	7	0	140	460	458	778	1.34e-157	555	1712515
107c9e1cc528b65b64edc44a4caf92d8	gi|1277396271|ref|NR_151982.1|	97.819	321	7	0	140	460	370	690	1.34e-157	555	1628085
107c9e1cc528b65b64edc44a4caf92d8	gi|545589041|ref|NR_044644.2|	94.242	330	19	0	131	460	465	794	2.95e-144	510	39484
107c9e1cc528b65b64edc44a4caf92d8	gi|1193829128|ref|NR_147371.1|	94.393	321	18	0	140	460	397	717	2.97e-139	494	1871029
107c9e1cc528b65b64edc44a4caf92d8	gi|2363082930|ref|NR_179713.1|	86.087	460	47	8	1	460	319	761	8.32e-135	479	1945634
107c9e1cc528b65b64edc44a4caf92d8	gi|2363082352|ref|NR_179423.1|	86.087	460	47	11	1	460	349	791	8.32e-135	479	1689270
107c9e1cc528b65b64edc44a4caf92d8	gi|3248465658|ref|NR_201672.1|	85.900	461	46	10	1	460	296	738	3.87e-133	473	3381350
107c9e1cc528b65b64edc44a4caf92d8	gi|343205971|ref|NR_044490.1|	93.146	321	22	0	140	460	471	791	1.39e-132	472	501571
107c9e1cc528b65b64edc44a4caf92d8	gi|645321636|ref|NR_118554.1|	85.652	460	49	8	1	460	329	771	1.80e-131	468	1297617
107c9e1cc528b65b64edc44a4caf92d8	gi|3030611323|ref|NR_199999.1|	85.435	460	50	7	1	460	301	743	8.38e-130	462	3133422
be823d2191dc9b6a2221f3b26c8ecd49	gi|2836274966|ref|NR_197729.1|	94.172	326	19	0	141	466	418	743	2.33e-140	497	3093657
be823d2191dc9b6a2221f3b26c8ecd49	gi|1116030278|ref|NR_144736.1|	93.865	326	20	0	141	466	474	799	1.08e-138	492	1776382
be823d2191dc9b6a2221f3b26c8ecd49	gi|1146059197|ref|NR_145929.1|	93.393	333	21	1	135	466	430	762	1.08e-138	492	642589
be823d2191dc9b6a2221f3b26c8ecd49	gi|2836274967|ref|NR_197730.1|	93.558	326	21	0	141	466	426	751	5.04e-137	486	3093658
be823d2191dc9b6a2221f3b26c8ecd49	gi|3248465687|ref|NR_201701.1|	93.252	326	22	0	141	466	447	772	2.35e-135	481	3435187
be823d2191dc9b6a2221f3b26c8ecd49	gi|3248465688|ref|NR_201702.1|	93.252	326	22	0	141	466	445	770	2.35e-135	481	3435000
be823d2191dc9b6a2221f3b26c8ecd49	gi|1109168013|ref|NR_144605.1|	93.252	326	22	0	141	466	481	806	2.35e-135	481	1796620
be823d2191dc9b6a2221f3b26c8ecd49	gi|636558732|ref|NR_114789.1|	93.252	326	22	0	141	466	461	786	2.35e-135	481	1535
be823d2191dc9b6a2221f3b26c8ecd49	gi|2180566484|ref|NR_174324.1|	92.945	326	23	0	141	466	460	785	1.09e-133	475	2576756
be823d2191dc9b6a2221f3b26c8ecd49	gi|2136551663|ref|NR_173668.1|	92.945	326	23	0	141	466	408	733	1.09e-133	475	2766537
3dbda154d2b74337371fb88b7ce4c30a	gi|219878430|ref|NR_025569.1|	89.462	465	49	0	1	465	314	778	1.34e-167	588	208962
3dbda154d2b74337371fb88b7ce4c30a	gi|1040567066|ref|NR_137415.1|	88.841	466	50	2	1	465	314	778	3.75e-163	573	1458355
3dbda154d2b74337371fb88b7ce4c30a	gi|645321345|ref|NR_118333.1|	88.865	467	48	4	1	465	332	796	1.35e-162	571	1158459
3dbda154d2b74337371fb88b7ce4c30a	gi|1227086028|ref|NR_148578.1|	88.651	467	49	4	1	465	286	750	6.28e-161	566	1324864
3dbda154d2b74337371fb88b7ce4c30a	gi|2962412267|ref|NR_199461.1|	88.462	468	48	6	1	465	286	750	2.92e-159	560	3139408
3dbda154d2b74337371fb88b7ce4c30a	gi|2363083411|ref|NR_179954.1|	88.462	468	48	6	1	465	312	776	2.92e-159	560	2022662
3dbda154d2b74337371fb88b7ce4c30a	gi|2363082839|ref|NR_179668.1|	88.462	468	48	6	1	465	338	802	2.92e-159	560	2161819
3dbda154d2b74337371fb88b7ce4c30a	gi|2363087051|ref|NR_181782.1|	88.462	468	48	6	1	465	332	796	2.92e-159	560	2853256
3dbda154d2b74337371fb88b7ce4c30a	gi|559795233|ref|NR_104823.1|	88.437	467	50	4	1	465	326	790	2.92e-159	560	35703
3dbda154d2b74337371fb88b7ce4c30a	gi|645321045|ref|NR_118106.1|	88.437	467	50	4	1	465	314	778	2.92e-159	560	35703
f63f5d5d37d371df018f1f13466f5f57	gi|343198522|ref|NR_042778.1|	91.202	466	40	1	1	466	345	809	0.0	632	1308
f63f5d5d37d371df018f1f13466f5f57	gi|2836274932|ref|NR_197695.1|	90.987	466	41	1	1	466	344	808	2.85e-179	627	3053355
f63f5d5d37d371df018f1f13466f5f57	gi|343198520|ref|NR_042776.1|	90.987	466	41	1	1	466	345	809	2.85e-179	627	1304
f63f5d5d37d371df018f1f13466f5f57	gi|645322192|ref|NR_118998.1|	90.773	466	42	1	1	466	340	804	1.32e-177	621	1308
f63f5d5d37d371df018f1f13466f5f57	gi|343198521|ref|NR_042777.1|	90.773	466	41	2	1	466	345	808	1.32e-177	621	889206
f63f5d5d37d371df018f1f13466f5f57	gi|631252062|ref|NR_113260.1|	90.343	466	44	1	1	466	320	784	2.87e-174	610	1305
f63f5d5d37d371df018f1f13466f5f57	gi|219857213|ref|NR_024841.1|	90.343	466	44	1	1	466	334	798	2.87e-174	610	888807
f63f5d5d37d371df018f1f13466f5f57	gi|631250799|ref|NR_111994.1|	90.343	466	44	1	1	466	266	730	2.87e-174	610	888807
f63f5d5d37d371df018f1f13466f5f57	gi|636559676|ref|NR_115736.1|	90.129	466	45	1	1	466	267	731	3.71e-173	606	888807
f63f5d5d37d371df018f1f13466f5f57	gi|3248465651|ref|NR_201663.1|	90.129	466	45	1	1	466	347	811	1.33e-172	604	3434972
1628283e3d0db29e5d51a81763149bf9	gi|645320731|ref|NR_117867.1|	90.703	441	39	2	1	440	300	739	4.55e-167	586	871664
1628283e3d0db29e5d51a81763149bf9	gi|1679775916|ref|NR_163638.1|	90.476	441	40	2	1	440	328	767	2.12e-165	580	2025493
1628283e3d0db29e5d51a81763149bf9	gi|1679775915|ref|NR_163637.1|	90.476	441	40	2	1	440	328	767	2.12e-165	580	2025493
1628283e3d0db29e5d51a81763149bf9	gi|1679775914|ref|NR_163636.1|	90.476	441	40	2	1	440	328	767	2.12e-165	580	2025493
1628283e3d0db29e5d51a81763149bf9	gi|1679775913|ref|NR_163635.1|	90.476	441	40	2	1	440	328	767	2.12e-165	580	2025493
1628283e3d0db29e5d51a81763149bf9	gi|2363083221|ref|NR_179859.1|	90.476	441	40	2	1	440	347	786	2.12e-165	580	2078660
1628283e3d0db29e5d51a81763149bf9	gi|3030611263|ref|NR_199939.1|	90.476	441	40	2	1	440	332	771	2.12e-165	580	3074434
1628283e3d0db29e5d51a81763149bf9	gi|1679775912|ref|NR_163634.1|	90.476	441	40	2	1	440	328	767	2.12e-165	580	2025493
1628283e3d0db29e5d51a81763149bf9	gi|1193829152|ref|NR_147395.1|	90.476	441	40	2	1	440	348	787	2.12e-165	580	1917868
1628283e3d0db29e5d51a81763149bf9	gi|2363081194|ref|NR_178840.1|	90.476	441	40	2	1	440	348	787	2.12e-165	580	1796616
b4efaecbe9693895d2c954b92b4ecb1b	gi|566085050|ref|NR_108636.1|	92.744	441	30	2	1	440	348	787	0.0	636	682400
b4efaecbe9693895d2c954b92b4ecb1b	gi|219878251|ref|NR_025390.1|	92.063	441	33	2	1	440	330	769	4.48e-177	619	115544
b4efaecbe9693895d2c954b92b4ecb1b	gi|2363083221|ref|NR_179859.1|	91.837	441	34	2	1	440	347	786	2.09e-175	614	2078660
b4efaecbe9693895d2c954b92b4ecb1b	gi|1230874676|ref|NR_148837.1|	91.855	442	32	4	1	440	347	786	2.09e-175	614	1675854
b4efaecbe9693895d2c954b92b4ecb1b	gi|1040567056|ref|NR_137405.1|	91.837	441	34	2	1	440	307	746	2.09e-175	614	1619234
b4efaecbe9693895d2c954b92b4ecb1b	gi|645320438|ref|NR_117645.1|	91.855	442	32	4	1	440	345	784	2.09e-175	614	1185412
b4efaecbe9693895d2c954b92b4ecb1b	gi|645321792|ref|NR_118676.1|	91.422	443	32	6	1	440	370	809	7.50e-175	612	39497
b4efaecbe9693895d2c954b92b4ecb1b	gi|1277396183|ref|NR_151894.1|	91.648	443	31	6	1	440	335	774	9.71e-174	608	433293
b4efaecbe9693895d2c954b92b4ecb1b	gi|1277396381|ref|NR_152095.1|	91.422	443	32	6	1	440	348	787	4.52e-172	603	1679721
b4efaecbe9693895d2c954b92b4ecb1b	gi|3030611263|ref|NR_199939.1|	91.403	442	34	4	1	440	332	771	4.52e-172	603	3074434
48786021436653d65f3251b83939b22f	gi|1269806089|ref|NR_074784.2|	94.565	460	25	0	1	460	345	804	0.0	712	272559
48786021436653d65f3251b83939b22f	gi|631251738|ref|NR_112936.1|	94.565	460	25	0	1	460	338	797	0.0	712	817
48786021436653d65f3251b83939b22f	gi|645322408|ref|NR_119164.1|	94.565	460	25	0	1	460	317	776	0.0	712	817
48786021436653d65f3251b83939b22f	gi|631250944|ref|NR_112141.1|	93.261	460	29	2	1	460	335	792	0.0	676	817
48786021436653d65f3251b83939b22f	gi|631251874|ref|NR_113072.1|	91.323	461	38	2	1	460	338	797	7.81e-180	628	1236512
48786021436653d65f3251b83939b22f	gi|631251872|ref|NR_113070.1|	91.087	460	41	0	1	460	334	793	3.63e-178	623	742727
48786021436653d65f3251b83939b22f	gi|631251870|ref|NR_113068.1|	91.106	461	39	2	1	460	336	795	3.63e-178	623	763034
48786021436653d65f3251b83939b22f	gi|631251816|ref|NR_113014.1|	91.106	461	39	2	1	460	338	797	3.63e-178	623	1236512
48786021436653d65f3251b83939b22f	gi|631251697|ref|NR_112895.1|	91.087	460	41	0	1	460	314	773	3.63e-178	623	742727
48786021436653d65f3251b83939b22f	gi|631251696|ref|NR_112894.1|	91.106	461	39	2	1	460	316	775	3.63e-178	623	763034
4c159a442019c1a80b96bbce85e5d70e	gi|444304209|ref|NR_074634.1|	94.545	440	24	0	1	440	350	789	0.0	680	515619
4c159a442019c1a80b96bbce85e5d70e	gi|2363085153|ref|NR_180825.1|	93.878	441	26	1	1	440	347	787	0.0	664	2605790
4c159a442019c1a80b96bbce85e5d70e	gi|343198540|ref|NR_042832.1|	93.424	441	28	1	1	440	330	770	0.0	652	301302
4c159a442019c1a80b96bbce85e5d70e	gi|1227086116|ref|NR_148619.1|	92.986	442	29	2	1	440	301	742	0.0	643	1712665
4c159a442019c1a80b96bbce85e5d70e	gi|2363085149|ref|NR_180823.1|	92.727	440	32	0	1	440	357	796	0.0	636	2606634
4c159a442019c1a80b96bbce85e5d70e	gi|645320588|ref|NR_117758.1|	92.534	442	31	1	1	440	322	763	0.0	632	166486
4c159a442019c1a80b96bbce85e5d70e	gi|228716944|ref|NR_027557.1|	92.534	442	31	1	1	440	343	784	0.0	632	536231
4c159a442019c1a80b96bbce85e5d70e	gi|444439494|ref|NR_074809.1|	92.517	441	32	1	1	440	350	790	2.07e-180	630	585394
4c159a442019c1a80b96bbce85e5d70e	gi|1315204019|ref|NR_152688.1|	92.517	441	31	2	1	440	348	787	2.07e-180	630	433279
4c159a442019c1a80b96bbce85e5d70e	gi|2363086284|ref|NR_181394.1|	92.273	440	34	0	1	440	306	745	9.64e-179	625	2763668
bc8d1cacf76e3fec79ea97a5be67516d	gi|631251875|ref|NR_113073.1|	94.143	461	25	2	1	460	329	788	0.0	701	487174
bc8d1cacf76e3fec79ea97a5be67516d	gi|343200981|ref|NR_041668.1|	94.143	461	25	2	1	460	321	780	0.0	701	742726
bc8d1cacf76e3fec79ea97a5be67516d	gi|1270532346|ref|NR_121773.2|	91.974	461	35	2	1	460	348	807	0.0	645	397865
bc8d1cacf76e3fec79ea97a5be67516d	gi|343200821|ref|NR_041508.1|	91.757	461	35	3	1	460	325	783	0.0	638	397865
bc8d1cacf76e3fec79ea97a5be67516d	gi|1146059151|ref|NR_145883.1|	86.364	462	59	4	1	460	284	743	1.78e-141	501	1501392
bc8d1cacf76e3fec79ea97a5be67516d	gi|2136551682|ref|NR_173687.1|	86.364	462	59	4	1	460	325	784	1.78e-141	501	2751153
bc8d1cacf76e3fec79ea97a5be67516d	gi|1116030267|ref|NR_144725.1|	85.931	462	61	4	1	460	337	796	8.26e-140	496	1686296
bc8d1cacf76e3fec79ea97a5be67516d	gi|2363084366|ref|NR_180431.1|	85.991	464	57	7	1	460	350	809	3.84e-138	490	2530390
bc8d1cacf76e3fec79ea97a5be67516d	gi|1909404453|ref|NR_170508.1|	85.931	462	60	5	1	460	352	810	1.38e-137	488	2518971
bc8d1cacf76e3fec79ea97a5be67516d	gi|2363083455|ref|NR_179976.1|	86.022	465	54	11	1	460	289	747	1.38e-137	488	2094151
b9c65eb0dc4d76a6632ee45adc81086e	gi|2363085169|ref|NR_180833.1|	98.773	326	4	0	141	466	451	776	2.25e-165	580	2606635
b9c65eb0dc4d76a6632ee45adc81086e	gi|2363082157|ref|NR_179325.1|	88.651	467	50	3	1	466	300	764	6.30e-161	566	2682456
b9c65eb0dc4d76a6632ee45adc81086e	gi|631252372|ref|NR_113570.1|	88.651	467	50	3	1	466	333	797	6.30e-161	566	1110546
b9c65eb0dc4d76a6632ee45adc81086e	gi|343201163|ref|NR_041879.1|	88.651	467	50	3	1	466	283	747	6.30e-161	566	39778
b9c65eb0dc4d76a6632ee45adc81086e	gi|636559298|ref|NR_115355.1|	88.651	467	50	3	1	466	326	790	6.30e-161	566	39778
b9c65eb0dc4d76a6632ee45adc81086e	gi|559795307|ref|NR_104899.1|	97.853	326	7	0	141	466	442	767	2.26e-160	564	384636
b9c65eb0dc4d76a6632ee45adc81086e	gi|645322415|ref|NR_119169.1|	88.437	467	51	3	1	466	331	795	8.14e-160	562	39778
b9c65eb0dc4d76a6632ee45adc81086e	gi|444439665|ref|NR_074980.1|	88.437	467	51	3	1	466	353	817	2.93e-159	560	479436
b9c65eb0dc4d76a6632ee45adc81086e	gi|645320589|ref|NR_117759.1|	88.412	466	53	1	1	466	329	793	2.93e-159	560	479436
b9c65eb0dc4d76a6632ee45adc81086e	gi|631251833|ref|NR_113031.1|	88.437	467	51	3	1	466	353	817	2.93e-159	560	29466
30b374e0325dca934fffd19dc1095ee9	gi|645321858|ref|NR_118730.1|	98.182	440	8	0	1	440	355	794	0.0	780	1512
30b374e0325dca934fffd19dc1095ee9	gi|2363082400|ref|NR_179447.1|	97.955	440	9	0	1	440	351	790	0.0	763	2479838
30b374e0325dca934fffd19dc1095ee9	gi|2363082679|ref|NR_179587.1|	96.818	440	14	0	1	440	328	767	0.0	736	1926283
30b374e0325dca934fffd19dc1095ee9	gi|2363081854|ref|NR_179173.1|	96.818	440	14	0	1	440	333	772	0.0	736	2126740
30b374e0325dca934fffd19dc1095ee9	gi|645321072|ref|NR_118128.1|	96.818	440	14	0	1	440	174	613	0.0	736	1531
30b374e0325dca934fffd19dc1095ee9	gi|631252212|ref|NR_113410.1|	96.818	440	14	0	1	440	257	696	0.0	736	208479
30b374e0325dca934fffd19dc1095ee9	gi|219878428|ref|NR_025567.1|	96.818	440	14	0	1	440	348	787	0.0	736	208479
30b374e0325dca934fffd19dc1095ee9	gi|2363082583|ref|NR_179538.1|	96.591	440	15	0	1	440	346	785	0.0	730	1852382
30b374e0325dca934fffd19dc1095ee9	gi|545589118|ref|NR_044715.2|	96.364	440	16	0	1	440	355	794	0.0	726	1531
30b374e0325dca934fffd19dc1095ee9	gi|1315204019|ref|NR_152688.1|	96.364	440	16	0	1	440	348	787	0.0	725	433279
ce5d5a8ca2ea2c40f10f6f30fab68c4d	gi|645321781|ref|NR_118667.1|	96.364	440	16	0	1	440	355	794	0.0	737	28052
ce5d5a8ca2ea2c40f10f6f30fab68c4d	gi|559795246|ref|NR_104836.1|	96.136	440	17	0	1	440	333	772	0.0	719	706562
ce5d5a8ca2ea2c40f10f6f30fab68c4d	gi|559795169|ref|NR_104758.1|	95.909	440	18	0	1	440	345	784	0.0	713	1282887
ce5d5a8ca2ea2c40f10f6f30fab68c4d	gi|444304189|ref|NR_074613.1|	95.465	441	18	2	1	440	350	789	0.0	702	515620
ce5d5a8ca2ea2c40f10f6f30fab68c4d	gi|1277396183|ref|NR_151894.1|	95.465	441	18	2	1	440	335	774	0.0	702	433293
ce5d5a8ca2ea2c40f10f6f30fab68c4d	gi|2136551633|ref|NR_173637.1|	95.000	440	22	0	1	440	294	733	0.0	691	2755051
ce5d5a8ca2ea2c40f10f6f30fab68c4d	gi|343202586|ref|NR_042953.1|	95.000	440	22	0	1	440	308	747	0.0	691	264463
ce5d5a8ca2ea2c40f10f6f30fab68c4d	gi|559795194|ref|NR_104783.1|	94.785	441	21	2	1	440	353	792	0.0	686	290052
ce5d5a8ca2ea2c40f10f6f30fab68c4d	gi|219846511|ref|NR_026103.1|	94.773	440	23	0	1	440	316	755	0.0	686	37658
ce5d5a8ca2ea2c40f10f6f30fab68c4d	gi|219857405|ref|NR_024993.1|	94.773	440	23	0	1	440	349	788	0.0	686	99656
64962347a8eb75bfd2ed1b8f81b474b8	gi|343200591|ref|NR_041278.1|	96.753	308	10	0	133	440	491	798	2.18e-145	514	470145
64962347a8eb75bfd2ed1b8f81b474b8	gi|2221405488|ref|NR_175548.1|	92.857	308	22	0	133	440	498	805	2.24e-125	448	2739389
64962347a8eb75bfd2ed1b8f81b474b8	gi|2363081874|ref|NR_179183.1|	84.650	443	64	4	1	440	325	766	1.35e-122	438	1727145
64962347a8eb75bfd2ed1b8f81b474b8	gi|2363085332|ref|NR_180914.1|	84.580	441	66	2	1	440	328	767	4.85e-122	436	2696063
64962347a8eb75bfd2ed1b8f81b474b8	gi|2363082601|ref|NR_179547.1|	84.615	442	64	4	1	440	347	786	4.85e-122	436	1870991
64962347a8eb75bfd2ed1b8f81b474b8	gi|1277396184|ref|NR_151895.1|	84.580	441	66	2	1	440	336	775	4.85e-122	436	433286
64962347a8eb75bfd2ed1b8f81b474b8	gi|2363086280|ref|NR_181392.1|	84.459	444	63	4	1	440	324	765	6.27e-121	433	2763665
64962347a8eb75bfd2ed1b8f81b474b8	gi|1277396381|ref|NR_152095.1|	84.354	441	67	2	1	440	348	787	2.26e-120	431	1679721
64962347a8eb75bfd2ed1b8f81b474b8	gi|2363086260|ref|NR_181382.1|	84.389	442	65	4	1	440	322	761	2.26e-120	431	2763662
64962347a8eb75bfd2ed1b8f81b474b8	gi|444304122|ref|NR_074546.1|	92.384	302	23	0	139	440	494	795	2.26e-120	431	290053
d71ff673cea0235c64197ab8c5a99ad5	gi|631251953|ref|NR_113151.1|	96.312	461	15	2	1	460	338	797	0.0	756	328813
d71ff673cea0235c64197ab8c5a99ad5	gi|343202833|ref|NR_043318.1|	96.312	461	15	2	1	460	324	783	0.0	756	328813
d71ff673cea0235c64197ab8c5a99ad5	gi|2363082099|ref|NR_179296.1|	94.360	461	24	2	1	460	324	783	0.0	706	2585119
d71ff673cea0235c64197ab8c5a99ad5	gi|507148054|ref|NR_102861.1|	93.926	461	26	2	1	460	334	793	0.0	695	717959
d71ff673cea0235c64197ab8c5a99ad5	gi|672239000|ref|NR_125589.1|	93.939	462	24	4	1	460	269	728	0.0	695	1033731
d71ff673cea0235c64197ab8c5a99ad5	gi|343202834|ref|NR_043319.1|	93.709	461	27	2	1	460	323	782	0.0	691	717959
d71ff673cea0235c64197ab8c5a99ad5	gi|2363082505|ref|NR_179499.1|	93.709	461	27	2	1	460	342	801	0.0	689	2364787
d71ff673cea0235c64197ab8c5a99ad5	gi|507148137|ref|NR_102944.1|	93.709	461	27	2	1	460	334	793	0.0	689	214856
d71ff673cea0235c64197ab8c5a99ad5	gi|645321193|ref|NR_118219.1|	93.723	462	25	4	1	460	332	791	0.0	689	1033732
d71ff673cea0235c64197ab8c5a99ad5	gi|631251955|ref|NR_113153.1|	93.709	461	27	2	1	460	334	793	0.0	689	328814
50919b14784208b95c039c99e27c01ce	gi|2363086288|ref|NR_181396.1|	99.548	442	2	0	1	442	291	732	0.0	806	2763666
50919b14784208b95c039c99e27c01ce	gi|2621112362|ref|NR_189266.1|	98.646	443	5	1	1	442	316	758	0.0	784	3018743
50919b14784208b95c039c99e27c01ce	gi|2363082336|ref|NR_179415.1|	98.646	443	5	1	1	442	333	775	0.0	784	1658108
50919b14784208b95c039c99e27c01ce	gi|1230874676|ref|NR_148837.1|	93.665	442	26	1	1	442	347	786	0.0	660	1675854
50919b14784208b95c039c99e27c01ce	gi|645320438|ref|NR_117645.1|	93.665	442	26	1	1	442	345	784	0.0	660	1185412
50919b14784208b95c039c99e27c01ce	gi|566085050|ref|NR_108636.1|	93.665	442	26	1	1	442	348	787	0.0	660	682400
50919b14784208b95c039c99e27c01ce	gi|2363083221|ref|NR_179859.1|	93.439	442	27	1	1	442	347	786	0.0	654	2078660
50919b14784208b95c039c99e27c01ce	gi|3030611263|ref|NR_199939.1|	93.213	442	28	1	1	442	332	771	0.0	649	3074434
50919b14784208b95c039c99e27c01ce	gi|672239088|ref|NR_125677.1|	92.986	442	29	1	1	442	346	785	0.0	643	1348613
50919b14784208b95c039c99e27c01ce	gi|444304112|ref|NR_074536.1|	92.551	443	31	2	1	442	334	775	0.0	634	642492
df652f971e65563fcef81ac710b05302	gi|2363082757|ref|NR_179627.1|	90.787	445	34	6	1	443	340	779	1.27e-167	588	2002841
df652f971e65563fcef81ac710b05302	gi|1040567056|ref|NR_137405.1|	90.745	443	38	2	1	443	307	746	1.27e-167	588	1619234
df652f971e65563fcef81ac710b05302	gi|566085050|ref|NR_108636.1|	90.766	444	36	4	1	443	348	787	1.27e-167	588	682400
df652f971e65563fcef81ac710b05302	gi|2621112285|ref|NR_189188.1|	90.519	443	42	0	1	443	320	762	4.58e-167	586	2785025
df652f971e65563fcef81ac710b05302	gi|1227086118|ref|NR_148620.1|	90.519	443	39	2	1	443	195	634	5.93e-166	582	1763509
df652f971e65563fcef81ac710b05302	gi|2363086310|ref|NR_181407.1|	90.541	444	37	4	1	443	355	794	5.93e-166	582	2850323
df652f971e65563fcef81ac710b05302	gi|219878251|ref|NR_025390.1|	90.519	443	39	2	1	443	330	769	5.93e-166	582	115544
df652f971e65563fcef81ac710b05302	gi|1109168019|ref|NR_144608.1|	90.315	444	40	3	1	443	348	789	7.67e-165	579	1796618
df652f971e65563fcef81ac710b05302	gi|1277396183|ref|NR_151894.1|	90.315	444	38	4	1	443	335	774	2.76e-164	577	433293
df652f971e65563fcef81ac710b05302	gi|219857405|ref|NR_024993.1|	90.293	443	40	2	1	443	349	788	2.76e-164	577	99656
03d08a0aa6267cd751f6f8aa1c2ec0ca	gi|2363086280|ref|NR_181392.1|	91.403	442	34	3	1	438	324	765	4.49e-172	603	2763665
03d08a0aa6267cd751f6f8aa1c2ec0ca	gi|2363082679|ref|NR_179587.1|	91.364	440	36	2	1	438	328	767	1.62e-171	601	1926283
03d08a0aa6267cd751f6f8aa1c2ec0ca	gi|2363081854|ref|NR_179173.1|	91.364	440	36	2	1	438	333	772	1.62e-171	601	2126740
03d08a0aa6267cd751f6f8aa1c2ec0ca	gi|310975064|ref|NR_036928.1|	91.383	441	34	4	1	438	333	772	1.62e-171	601	154046
03d08a0aa6267cd751f6f8aa1c2ec0ca	gi|2363085169|ref|NR_180833.1|	91.136	440	37	2	1	438	337	776	7.52e-170	595	2606635
03d08a0aa6267cd751f6f8aa1c2ec0ca	gi|1384992332|ref|NR_156081.1|	91.136	440	37	2	1	438	336	775	7.52e-170	595	1469948
03d08a0aa6267cd751f6f8aa1c2ec0ca	gi|1384992329|ref|NR_156078.1|	91.136	440	37	2	1	438	336	775	7.52e-170	595	1469948
03d08a0aa6267cd751f6f8aa1c2ec0ca	gi|959494895|ref|NR_133762.1|	91.136	440	37	2	1	438	301	740	7.52e-170	595	1096246
03d08a0aa6267cd751f6f8aa1c2ec0ca	gi|3030611230|ref|NR_199906.1|	90.909	440	38	2	1	438	354	793	3.50e-168	590	3123317
03d08a0aa6267cd751f6f8aa1c2ec0ca	gi|3030611314|ref|NR_199990.1|	90.909	440	38	2	1	438	350	789	3.50e-168	590	3123317
4ac76c75b268af07d90a1619187c5601	gi|2363085169|ref|NR_180833.1|	99.007	302	3	0	159	460	475	776	1.05e-153	542	2606635
4ac76c75b268af07d90a1619187c5601	gi|559795307|ref|NR_104899.1|	98.013	302	6	0	159	460	466	767	1.05e-148	525	384636
4ac76c75b268af07d90a1619187c5601	gi|2363082099|ref|NR_179296.1|	87.013	462	56	3	1	460	324	783	1.76e-146	518	2585119
4ac76c75b268af07d90a1619187c5601	gi|631251954|ref|NR_113152.1|	87.041	463	54	5	1	460	337	796	1.76e-146	518	28117
4ac76c75b268af07d90a1619187c5601	gi|310975204|ref|NR_037068.1|	97.351	302	8	0	159	460	479	780	2.28e-145	514	29375
4ac76c75b268af07d90a1619187c5601	gi|310975064|ref|NR_036928.1|	97.360	303	6	2	159	460	471	772	2.28e-145	514	154046
4ac76c75b268af07d90a1619187c5601	gi|265678424|ref|NR_028726.1|	97.351	302	8	0	159	460	486	787	2.28e-145	514	94868
4ac76c75b268af07d90a1619187c5601	gi|2363086959|ref|NR_181736.1|	86.797	462	57	3	1	460	334	793	8.21e-145	512	2834113
4ac76c75b268af07d90a1619187c5601	gi|645321193|ref|NR_118219.1|	86.797	462	57	3	1	460	332	791	8.21e-145	512	1033732
4ac76c75b268af07d90a1619187c5601	gi|672239000|ref|NR_125589.1|	86.580	462	58	3	1	460	269	728	3.82e-143	507	1033731
40d669dc16df37e1f4429abd2b4ba63d	gi|2260349448|ref|NR_176530.1|	92.793	444	28	4	1	442	358	799	0.0	640	2093857
40d669dc16df37e1f4429abd2b4ba63d	gi|2363082559|ref|NR_179526.1|	92.793	444	28	4	1	442	349	790	0.0	640	1841866
40d669dc16df37e1f4429abd2b4ba63d	gi|2363082168|ref|NR_179330.1|	92.308	442	34	0	1	442	327	768	7.49e-180	628	2714355
40d669dc16df37e1f4429abd2b4ba63d	gi|2363082165|ref|NR_179329.1|	92.081	442	35	0	1	442	327	768	3.48e-178	623	2714353
40d669dc16df37e1f4429abd2b4ba63d	gi|2363082170|ref|NR_179331.1|	91.892	444	33	3	1	442	328	770	1.62e-176	617	2714358
40d669dc16df37e1f4429abd2b4ba63d	gi|2962412234|ref|NR_199428.1|	91.648	443	35	2	1	442	352	793	7.54e-175	612	3073143
40d669dc16df37e1f4429abd2b4ba63d	gi|645321110|ref|NR_118156.1|	91.422	443	36	2	1	442	304	745	3.51e-173	606	1007096
40d669dc16df37e1f4429abd2b4ba63d	gi|2363087001|ref|NR_181757.1|	90.787	445	35	6	1	442	289	730	3.53e-168	590	2841504
40d669dc16df37e1f4429abd2b4ba63d	gi|2363082569|ref|NR_179531.1|	90.498	442	42	0	1	442	347	788	1.64e-166	584	1852369
40d669dc16df37e1f4429abd2b4ba63d	gi|1269801610|ref|NR_074793.2|	90.271	442	43	0	1	442	355	796	7.65e-165	579	351091
ef17db4f6b0ddef2735cbfd9c7e7dacc	gi|2363082601|ref|NR_179547.1|	99.773	440	1	0	1	440	347	786	0.0	808	1870991
ef17db4f6b0ddef2735cbfd9c7e7dacc	gi|265679047|ref|NR_029355.1|	96.818	440	14	0	1	440	332	771	0.0	736	84026
ef17db4f6b0ddef2735cbfd9c7e7dacc	gi|2363082755|ref|NR_179626.1|	94.545	440	23	1	1	440	351	789	0.0	678	1987501
ef17db4f6b0ddef2735cbfd9c7e7dacc	gi|3248465644|ref|NR_201656.1|	93.864	440	27	0	1	440	329	768	0.0	664	3417633
ef17db4f6b0ddef2735cbfd9c7e7dacc	gi|2363082585|ref|NR_179539.1|	93.864	440	26	1	1	440	351	789	0.0	662	1852384
ef17db4f6b0ddef2735cbfd9c7e7dacc	gi|2363082625|ref|NR_179559.1|	93.651	441	27	1	1	440	333	773	0.0	658	1871018
ef17db4f6b0ddef2735cbfd9c7e7dacc	gi|343205927|ref|NR_044425.1|	93.636	440	28	0	1	440	346	785	0.0	658	474960
ef17db4f6b0ddef2735cbfd9c7e7dacc	gi|1277396348|ref|NR_152059.1|	93.454	443	25	3	1	440	272	713	0.0	654	1849041
ef17db4f6b0ddef2735cbfd9c7e7dacc	gi|2363082561|ref|NR_179527.1|	93.454	443	25	3	1	440	336	777	0.0	654	1841868
ef17db4f6b0ddef2735cbfd9c7e7dacc	gi|1445136071|ref|NR_158111.1|	93.409	440	28	1	1	440	349	787	0.0	651	2038680
1d895b7923a2cc00a9b3058ed5f1d2aa	gi|3248465643|ref|NR_201655.1|	89.165	443	41	6	1	439	313	752	7.70e-155	545	3380807
1d895b7923a2cc00a9b3058ed5f1d2aa	gi|2363082059|ref|NR_179276.1|	89.116	441	45	3	1	439	334	773	7.70e-155	545	2316025
1d895b7923a2cc00a9b3058ed5f1d2aa	gi|2136551567|ref|NR_173570.1|	89.165	443	41	6	1	439	330	769	7.70e-155	545	1912090
1d895b7923a2cc00a9b3058ed5f1d2aa	gi|444439665|ref|NR_074980.1|	96.923	325	10	0	115	439	493	817	7.70e-155	545	479436
1d895b7923a2cc00a9b3058ed5f1d2aa	gi|631252372|ref|NR_113570.1|	96.923	325	10	0	115	439	473	797	7.70e-155	545	1110546
1d895b7923a2cc00a9b3058ed5f1d2aa	gi|645319776|ref|NR_117142.1|	89.140	442	43	5	1	439	347	786	7.70e-155	545	290055
1d895b7923a2cc00a9b3058ed5f1d2aa	gi|645319775|ref|NR_117141.1|	89.140	442	43	5	1	439	347	786	7.70e-155	545	290055
1d895b7923a2cc00a9b3058ed5f1d2aa	gi|645319774|ref|NR_117140.1|	89.140	442	43	5	1	439	348	787	7.70e-155	545	290055
1d895b7923a2cc00a9b3058ed5f1d2aa	gi|559795211|ref|NR_104800.1|	89.140	442	43	5	1	439	346	785	7.70e-155	545	290055
1d895b7923a2cc00a9b3058ed5f1d2aa	gi|645320334|ref|NR_117563.1|	89.140	442	43	5	1	439	351	790	7.70e-155	545	290055
cb562fb214f9cf82f62f7d9459fd4077	gi|2962412246|ref|NR_199440.1|	85.106	470	62	7	1	466	357	822	3.93e-133	473	3115649
cb562fb214f9cf82f62f7d9459fd4077	gi|2363087413|ref|NR_181963.1|	85.313	463	58	9	1	458	129	586	5.08e-132	470	51515
cb562fb214f9cf82f62f7d9459fd4077	gi|219846447|ref|NR_026038.1|	84.894	470	63	7	1	466	331	796	1.83e-131	468	51616
cb562fb214f9cf82f62f7d9459fd4077	gi|470466616|ref|NR_074132.1|	84.648	469	66	5	1	466	342	807	8.50e-130	462	646529
cb562fb214f9cf82f62f7d9459fd4077	gi|470466604|ref|NR_074131.1|	84.615	468	68	3	1	466	342	807	8.50e-130	462	768706
cb562fb214f9cf82f62f7d9459fd4077	gi|219846819|ref|NR_026411.1|	84.615	468	68	3	1	466	325	790	8.50e-130	462	768706
cb562fb214f9cf82f62f7d9459fd4077	gi|974142199|ref|NR_134719.1|	84.435	469	67	5	1	466	340	805	3.95e-128	457	476652
cb562fb214f9cf82f62f7d9459fd4077	gi|636560808|ref|NR_116868.1|	84.435	469	67	5	1	466	352	817	3.95e-128	457	646529
cb562fb214f9cf82f62f7d9459fd4077	gi|219846905|ref|NR_026497.1|	84.468	470	65	5	1	466	330	795	3.95e-128	457	83661
cb562fb214f9cf82f62f7d9459fd4077	gi|1397641867|ref|NR_156977.1|	84.188	468	70	3	1	466	259	724	1.42e-127	455	2018668
91e28e5aa8564b8c47f36c078f86e180	gi|2836274968|ref|NR_197731.1|	95.092	326	16	0	141	466	420	745	2.31e-145	514	3093659
91e28e5aa8564b8c47f36c078f86e180	gi|2836274966|ref|NR_197729.1|	95.107	327	14	2	141	466	418	743	2.31e-145	514	3093657
91e28e5aa8564b8c47f36c078f86e180	gi|2836274967|ref|NR_197730.1|	94.785	326	17	0	141	466	426	751	1.08e-143	508	3093658
91e28e5aa8564b8c47f36c078f86e180	gi|1109168013|ref|NR_144605.1|	94.801	327	15	2	141	466	481	806	1.08e-143	508	1796620
91e28e5aa8564b8c47f36c078f86e180	gi|1116030278|ref|NR_144736.1|	94.495	327	16	2	141	466	474	799	5.01e-142	503	1776382
91e28e5aa8564b8c47f36c078f86e180	gi|2363082767|ref|NR_179632.1|	93.578	327	19	2	141	466	451	776	5.04e-137	486	2014781
91e28e5aa8564b8c47f36c078f86e180	gi|2363082825|ref|NR_179661.1|	85.653	467	42	11	1	466	342	784	1.83e-131	468	2086583
91e28e5aa8564b8c47f36c078f86e180	gi|1116030269|ref|NR_144727.1|	92.331	326	25	0	141	466	449	774	2.36e-130	464	1673717
91e28e5aa8564b8c47f36c078f86e180	gi|3248465687|ref|NR_201701.1|	92.049	327	24	2	141	466	447	772	1.10e-128	459	3435187
91e28e5aa8564b8c47f36c078f86e180	gi|3248465688|ref|NR_201702.1|	92.049	327	24	2	141	466	445	770	1.10e-128	459	3435000
ffc1f242ccc1780b1c1d9df12ccadbea	gi|631252157|ref|NR_113355.1|	99.667	300	1	0	159	458	520	819	6.24e-156	549	218538
ffc1f242ccc1780b1c1d9df12ccadbea	gi|219846090|ref|NR_025680.1|	99.667	300	1	0	159	458	500	799	6.24e-156	549	592028
ffc1f242ccc1780b1c1d9df12ccadbea	gi|343198671|ref|NR_043231.1|	98.667	300	4	0	159	458	447	746	6.28e-151	532	308994
ffc1f242ccc1780b1c1d9df12ccadbea	gi|631252159|ref|NR_113357.1|	98.339	301	4	1	159	458	520	820	2.92e-149	527	308994
ffc1f242ccc1780b1c1d9df12ccadbea	gi|343200979|ref|NR_041666.1|	98.000	300	6	0	159	458	500	799	1.36e-147	521	742743
ffc1f242ccc1780b1c1d9df12ccadbea	gi|2363082841|ref|NR_179669.1|	97.667	300	7	0	159	458	524	823	6.33e-146	516	2161821
ffc1f242ccc1780b1c1d9df12ccadbea	gi|2363082109|ref|NR_179301.1|	97.667	300	7	0	159	458	508	807	6.33e-146	516	2582419
ffc1f242ccc1780b1c1d9df12ccadbea	gi|631252158|ref|NR_113356.1|	96.013	301	10	2	159	458	518	817	1.38e-137	488	309120
ffc1f242ccc1780b1c1d9df12ccadbea	gi|343198462|ref|NR_041895.1|	96.013	301	10	2	159	458	459	758	1.38e-137	488	888062
ffc1f242ccc1780b1c1d9df12ccadbea	gi|219846637|ref|NR_026229.1|	96.000	300	12	0	159	458	500	799	1.38e-137	488	39950
2e170586c76580b2d55f6c7c6525a347	gi|2363082569|ref|NR_179531.1|	94.831	445	17	6	1	442	347	788	0.0	689	1852369
2e170586c76580b2d55f6c7c6525a347	gi|2363082168|ref|NR_179330.1|	93.665	442	28	0	1	442	327	768	0.0	662	2714355
2e170586c76580b2d55f6c7c6525a347	gi|2363082165|ref|NR_179329.1|	93.665	442	28	0	1	442	327	768	0.0	662	2714353
2e170586c76580b2d55f6c7c6525a347	gi|2363082342|ref|NR_179418.1|	92.777	443	31	1	1	442	348	790	0.0	640	1673721
2e170586c76580b2d55f6c7c6525a347	gi|645321110|ref|NR_118156.1|	92.584	445	27	5	1	442	304	745	0.0	634	1007096
2e170586c76580b2d55f6c7c6525a347	gi|1269801610|ref|NR_074793.2|	92.325	443	32	2	1	442	355	796	7.49e-180	628	351091
2e170586c76580b2d55f6c7c6525a347	gi|343200653|ref|NR_041340.1|	92.325	443	32	2	1	442	328	769	7.49e-180	628	351091
2e170586c76580b2d55f6c7c6525a347	gi|2363082352|ref|NR_179423.1|	92.099	443	34	1	1	442	349	791	3.48e-178	623	1689270
2e170586c76580b2d55f6c7c6525a347	gi|2962412234|ref|NR_199428.1|	91.704	446	29	7	1	442	352	793	7.54e-175	612	3073143
2e170586c76580b2d55f6c7c6525a347	gi|2363087001|ref|NR_181757.1|	91.499	447	28	9	1	442	289	730	3.51e-173	606	2841504
89e94a5f9ca3aec90d57b2ab90df4c9e	gi|444303953|ref|NR_074376.1|	96.304	460	17	0	1	460	351	810	0.0	756	435591
89e94a5f9ca3aec90d57b2ab90df4c9e	gi|343200655|ref|NR_041342.1|	95.435	460	21	0	1	460	336	795	0.0	734	823
89e94a5f9ca3aec90d57b2ab90df4c9e	gi|343200777|ref|NR_041464.1|	93.696	460	29	0	1	460	340	799	0.0	689	387661
89e94a5f9ca3aec90d57b2ab90df4c9e	gi|1811131517|ref|NR_165699.1|	93.478	460	30	0	1	460	336	795	0.0	684	2685834
89e94a5f9ca3aec90d57b2ab90df4c9e	gi|2363082619|ref|NR_179556.1|	93.261	460	31	0	1	460	316	775	0.0	678	1871013
89e94a5f9ca3aec90d57b2ab90df4c9e	gi|2363086049|ref|NR_181277.1|	93.043	460	32	0	1	460	309	768	0.0	673	2753162
89e94a5f9ca3aec90d57b2ab90df4c9e	gi|343200656|ref|NR_041343.1|	92.826	460	33	0	1	460	340	799	0.0	667	46503
89e94a5f9ca3aec90d57b2ab90df4c9e	gi|645322411|ref|NR_119166.1|	92.609	460	34	0	1	460	319	778	0.0	664	411477
89e94a5f9ca3aec90d57b2ab90df4c9e	gi|974142265|ref|NR_134785.1|	92.625	461	32	2	1	460	336	795	0.0	662	1217282
89e94a5f9ca3aec90d57b2ab90df4c9e	gi|631251878|ref|NR_113076.1|	92.609	460	34	0	1	460	324	783	0.0	662	927665
4bad27cfa0448f01e4dfe4e535490d31	gi|566085050|ref|NR_108636.1|	93.197	441	28	2	1	440	348	787	0.0	647	682400
4bad27cfa0448f01e4dfe4e535490d31	gi|219878251|ref|NR_025390.1|	93.182	440	30	0	1	440	330	769	0.0	647	115544
4bad27cfa0448f01e4dfe4e535490d31	gi|1040567056|ref|NR_137405.1|	92.955	440	31	0	1	440	307	746	0.0	641	1619234
4bad27cfa0448f01e4dfe4e535490d31	gi|645321792|ref|NR_118676.1|	91.874	443	30	6	1	440	370	809	3.47e-178	623	39497
4bad27cfa0448f01e4dfe4e535490d31	gi|2363083221|ref|NR_179859.1|	91.837	441	34	2	1	440	347	786	2.09e-175	614	2078660
4bad27cfa0448f01e4dfe4e535490d31	gi|1230874676|ref|NR_148837.1|	91.837	441	34	2	1	440	347	786	2.09e-175	614	1675854
4bad27cfa0448f01e4dfe4e535490d31	gi|1227086118|ref|NR_148620.1|	91.837	441	34	2	1	440	195	634	2.09e-175	614	1763509
4bad27cfa0448f01e4dfe4e535490d31	gi|645320438|ref|NR_117645.1|	91.837	441	34	2	1	440	345	784	2.09e-175	614	1185412
4bad27cfa0448f01e4dfe4e535490d31	gi|219846511|ref|NR_026103.1|	91.874	443	30	6	1	440	316	755	2.09e-175	614	37658
4bad27cfa0448f01e4dfe4e535490d31	gi|1277396183|ref|NR_151894.1|	91.874	443	30	6	1	440	335	774	2.09e-175	614	433293
66b9bd8d52a20693acd3e8f6313e6d8a	gi|631251952|ref|NR_113150.1|	92.424	462	31	4	1	460	334	793	0.0	656	214856
66b9bd8d52a20693acd3e8f6313e6d8a	gi|636559243|ref|NR_115300.1|	92.408	461	33	2	1	460	314	773	0.0	656	679935
66b9bd8d52a20693acd3e8f6313e6d8a	gi|507148137|ref|NR_102944.1|	92.208	462	32	4	1	460	334	793	0.0	651	214856
66b9bd8d52a20693acd3e8f6313e6d8a	gi|343198609|ref|NR_043064.1|	92.208	462	32	4	1	460	314	773	0.0	651	214856
66b9bd8d52a20693acd3e8f6313e6d8a	gi|631251955|ref|NR_113153.1|	91.540	461	37	2	1	460	334	793	0.0	634	328814
66b9bd8d52a20693acd3e8f6313e6d8a	gi|343202834|ref|NR_043319.1|	91.323	461	38	2	1	460	323	782	2.17e-180	630	717959
66b9bd8d52a20693acd3e8f6313e6d8a	gi|2363082505|ref|NR_179499.1|	91.342	462	36	2	1	460	342	801	7.81e-180	628	2364787
66b9bd8d52a20693acd3e8f6313e6d8a	gi|507148054|ref|NR_102861.1|	91.323	461	38	2	1	460	334	793	7.81e-180	628	717959
66b9bd8d52a20693acd3e8f6313e6d8a	gi|631251953|ref|NR_113151.1|	91.087	460	41	0	1	460	338	797	3.63e-178	623	328813
66b9bd8d52a20693acd3e8f6313e6d8a	gi|343202833|ref|NR_043318.1|	91.087	460	41	0	1	460	324	783	3.63e-178	623	328813
75472077603bd279e9379621e4685f45	gi|444304209|ref|NR_074634.1|	92.045	440	35	0	1	440	350	789	4.48e-177	619	515619
75472077603bd279e9379621e4685f45	gi|1227086116|ref|NR_148619.1|	91.629	442	35	2	1	440	301	742	2.70e-174	610	1712665
75472077603bd279e9379621e4685f45	gi|343198540|ref|NR_042832.1|	91.383	441	37	1	1	440	330	770	4.52e-172	603	301302
75472077603bd279e9379621e4685f45	gi|645320588|ref|NR_117758.1|	90.950	442	38	1	1	440	322	763	2.72e-169	593	166486
75472077603bd279e9379621e4685f45	gi|228716944|ref|NR_027557.1|	90.950	442	38	1	1	440	343	784	2.72e-169	593	536231
75472077603bd279e9379621e4685f45	gi|444439494|ref|NR_074809.1|	90.930	441	39	1	1	440	350	790	9.78e-169	592	585394
75472077603bd279e9379621e4685f45	gi|2363086282|ref|NR_181393.1|	90.909	440	40	0	1	440	290	729	9.78e-169	592	2763664
75472077603bd279e9379621e4685f45	gi|343201282|ref|NR_042008.1|	90.703	441	39	2	1	440	341	780	4.55e-167	586	585394
75472077603bd279e9379621e4685f45	gi|219846723|ref|NR_026315.1|	90.703	441	39	2	1	440	317	756	4.55e-167	586	46206
75472077603bd279e9379621e4685f45	gi|343201281|ref|NR_042007.1|	90.519	443	38	3	1	440	343	784	5.88e-166	582	622312
2cced9f609fbb16c006b8855d5b065d6	gi|343200591|ref|NR_041278.1|	87.660	470	44	11	1	466	339	798	1.78e-151	534	470145
2cced9f609fbb16c006b8855d5b065d6	gi|2221405488|ref|NR_175548.1|	84.402	468	63	9	1	466	346	805	1.84e-126	451	2739389
2cced9f609fbb16c006b8855d5b065d6	gi|2363086550|ref|NR_181532.1|	84.402	468	63	9	1	466	322	781	1.84e-126	451	2763025
2cced9f609fbb16c006b8855d5b065d6	gi|343200761|ref|NR_041448.1|	84.402	468	63	10	1	466	322	781	1.84e-126	451	376806
2cced9f609fbb16c006b8855d5b065d6	gi|631251747|ref|NR_112945.1|	84.188	468	64	9	1	466	327	786	8.56e-125	446	820
2cced9f609fbb16c006b8855d5b065d6	gi|2363082773|ref|NR_179635.1|	83.974	468	65	9	1	466	338	797	3.98e-123	440	2024197
2cced9f609fbb16c006b8855d5b065d6	gi|2363082635|ref|NR_179564.1|	83.974	468	65	9	1	466	338	797	3.98e-123	440	1903262
2cced9f609fbb16c006b8855d5b065d6	gi|631252009|ref|NR_113207.1|	84.076	471	59	12	1	466	334	793	3.98e-123	440	1236514
2cced9f609fbb16c006b8855d5b065d6	gi|1116030289|ref|NR_144747.1|	83.761	468	66	8	1	466	337	796	1.85e-121	435	1841865
2cced9f609fbb16c006b8855d5b065d6	gi|2363082671|ref|NR_179583.1|	83.761	468	66	8	1	466	317	776	1.85e-121	435	1917883
c48642b0b7cd60622b97d7ff056c09ee	gi|1116030282|ref|NR_144740.1|	92.517	441	29	4	1	439	321	759	7.43e-180	628	1776391
c48642b0b7cd60622b97d7ff056c09ee	gi|974142280|ref|NR_134800.1|	91.837	441	32	4	1	439	255	693	7.49e-175	612	1368474
c48642b0b7cd60622b97d7ff056c09ee	gi|672239008|ref|NR_125597.1|	91.196	443	33	6	1	439	318	758	2.10e-170	597	1115758
c48642b0b7cd60622b97d7ff056c09ee	gi|2363083072|ref|NR_179784.1|	91.156	441	35	4	1	439	301	739	7.54e-170	595	2020948
c48642b0b7cd60622b97d7ff056c09ee	gi|1269785414|ref|NR_118728.2|	90.476	441	38	4	1	439	330	768	5.87e-166	582	1121325
c48642b0b7cd60622b97d7ff056c09ee	gi|645322278|ref|NR_119066.1|	90.476	441	36	6	1	439	312	748	2.11e-165	580	1490
c48642b0b7cd60622b97d7ff056c09ee	gi|2363082877|ref|NR_179687.1|	90.476	441	38	4	1	439	273	711	7.59e-165	579	2662455
c48642b0b7cd60622b97d7ff056c09ee	gi|1230874654|ref|NR_148815.1|	90.476	441	38	4	1	439	319	757	7.59e-165	579	1629550
c48642b0b7cd60622b97d7ff056c09ee	gi|1040567059|ref|NR_137408.1|	90.476	441	38	4	1	439	290	728	7.59e-165	579	1460447
c48642b0b7cd60622b97d7ff056c09ee	gi|631252125|ref|NR_113323.1|	90.476	441	38	4	1	439	319	757	7.59e-165	579	1490
29d20adfd3e677b817684581dbdfff19	gi|444304209|ref|NR_074634.1|	93.409	440	29	0	1	440	350	789	0.0	652	515619
29d20adfd3e677b817684581dbdfff19	gi|2363082374|ref|NR_179434.1|	93.182	440	30	0	1	440	349	788	0.0	647	1720300
29d20adfd3e677b817684581dbdfff19	gi|310974914|ref|NR_036777.1|	93.166	439	28	2	1	438	333	770	0.0	645	33039
29d20adfd3e677b817684581dbdfff19	gi|2363084846|ref|NR_180671.1|	92.744	441	30	2	1	440	63	502	0.0	636	2594882
29d20adfd3e677b817684581dbdfff19	gi|343198540|ref|NR_042832.1|	92.744	441	31	1	1	440	330	770	0.0	636	301302
29d20adfd3e677b817684581dbdfff19	gi|2962412221|ref|NR_199415.1|	92.273	440	34	0	1	440	338	777	9.64e-179	625	3136600
29d20adfd3e677b817684581dbdfff19	gi|444439494|ref|NR_074809.1|	92.290	441	33	1	1	440	350	790	9.64e-179	625	585394
29d20adfd3e677b817684581dbdfff19	gi|559795194|ref|NR_104783.1|	92.273	440	34	0	1	440	353	792	9.64e-179	625	290052
29d20adfd3e677b817684581dbdfff19	gi|636560687|ref|NR_116747.1|	92.273	440	34	0	1	440	301	740	9.64e-179	625	1298596
29d20adfd3e677b817684581dbdfff19	gi|1315204019|ref|NR_152688.1|	92.273	440	34	0	1	440	348	787	9.64e-179	625	433279
03615b73031b7e095a99beef370a5564	gi|2363086276|ref|NR_181390.1|	91.892	444	29	7	1	441	304	743	2.09e-175	614	2763659
03615b73031b7e095a99beef370a5564	gi|2363082601|ref|NR_179547.1|	90.068	443	39	4	1	441	347	786	4.59e-162	569	1870991
03615b73031b7e095a99beef370a5564	gi|1193829135|ref|NR_147378.1|	89.819	442	43	2	1	441	339	779	5.94e-161	566	1871035
03615b73031b7e095a99beef370a5564	gi|1277396348|ref|NR_152059.1|	89.391	443	44	3	1	441	272	713	1.29e-157	555	1849041
03615b73031b7e095a99beef370a5564	gi|2363082561|ref|NR_179527.1|	89.391	443	44	3	1	441	336	777	1.29e-157	555	1841868
03615b73031b7e095a99beef370a5564	gi|1445136071|ref|NR_158111.1|	88.939	443	43	5	1	441	349	787	1.00e-153	542	2038680
03615b73031b7e095a99beef370a5564	gi|645321018|ref|NR_118086.1|	88.939	443	44	4	1	441	345	784	1.00e-153	542	979627
03615b73031b7e095a99beef370a5564	gi|559795098|ref|NR_104684.1|	88.713	443	45	4	1	441	348	787	4.66e-152	536	887325
03615b73031b7e095a99beef370a5564	gi|343205927|ref|NR_044425.1|	88.688	442	47	2	1	441	346	785	4.66e-152	536	474960
03615b73031b7e095a99beef370a5564	gi|2363082755|ref|NR_179626.1|	88.488	443	45	5	1	441	351	789	2.17e-150	531	1987501
018447474ba2b2664a970e9b4159656d	gi|631251875|ref|NR_113073.1|	91.323	461	37	3	1	459	329	788	2.80e-179	627	487174
018447474ba2b2664a970e9b4159656d	gi|343200981|ref|NR_041668.1|	91.323	461	37	3	1	459	321	780	2.80e-179	627	742726
018447474ba2b2664a970e9b4159656d	gi|1270532346|ref|NR_121773.2|	89.371	461	46	3	1	459	348	807	2.86e-164	577	397865
018447474ba2b2664a970e9b4159656d	gi|343200821|ref|NR_041508.1|	89.154	461	46	4	1	459	325	783	1.33e-162	571	397865
018447474ba2b2664a970e9b4159656d	gi|2136551682|ref|NR_173687.1|	88.793	464	43	8	1	459	325	784	2.88e-159	560	2751153
018447474ba2b2664a970e9b4159656d	gi|1146059151|ref|NR_145883.1|	88.578	464	44	8	1	459	284	743	1.34e-157	555	1501392
018447474ba2b2664a970e9b4159656d	gi|1116030267|ref|NR_144725.1|	88.362	464	45	8	1	459	337	796	4.82e-157	553	1686296
018447474ba2b2664a970e9b4159656d	gi|219846320|ref|NR_025910.1|	86.266	466	51	11	1	459	346	805	2.29e-140	497	28139
018447474ba2b2664a970e9b4159656d	gi|636560378|ref|NR_116438.1|	86.117	461	61	3	1	459	289	748	2.97e-139	494	539206
018447474ba2b2664a970e9b4159656d	gi|2621112336|ref|NR_189240.1|	85.961	463	58	6	1	459	342	801	1.38e-137	488	2944915
d21a62556cee043649eccef0db4eac55	gi|444303855|ref|NR_074277.1|	88.503	461	51	2	1	460	352	811	3.74e-158	556	818
d21a62556cee043649eccef0db4eac55	gi|631251746|ref|NR_112944.1|	88.503	461	51	2	1	460	324	783	3.74e-158	556	818
d21a62556cee043649eccef0db4eac55	gi|631250945|ref|NR_112142.1|	87.582	459	54	3	3	460	336	792	8.15e-150	529	818
d21a62556cee043649eccef0db4eac55	gi|631251871|ref|NR_113069.1|	85.991	464	57	8	1	460	336	795	3.84e-138	490	477666
d21a62556cee043649eccef0db4eac55	gi|343200955|ref|NR_041642.1|	85.991	464	57	8	1	460	302	761	3.84e-138	490	477666
d21a62556cee043649eccef0db4eac55	gi|672238875|ref|NR_125463.1|	85.745	463	60	6	1	460	311	770	1.79e-136	484	1297750
d21a62556cee043649eccef0db4eac55	gi|2363081451|ref|NR_178972.1|	94.839	310	12	4	153	460	417	724	2.31e-135	481	1851428
d21a62556cee043649eccef0db4eac55	gi|3030611269|ref|NR_199945.1|	94.516	310	13	4	153	460	467	774	1.08e-133	475	3435293
d21a62556cee043649eccef0db4eac55	gi|265678656|ref|NR_028961.1|	94.516	310	13	4	153	460	459	766	1.08e-133	475	853
d21a62556cee043649eccef0db4eac55	gi|444304192|ref|NR_074616.1|	85.313	463	62	6	1	460	341	800	3.87e-133	473	376805
fd94426c8108e16a9cf2d7f791b29a32	gi|343198671|ref|NR_043231.1|	95.708	466	18	2	1	465	283	747	0.0	749	308994
fd94426c8108e16a9cf2d7f791b29a32	gi|631252159|ref|NR_113357.1|	95.503	467	18	3	1	465	356	821	0.0	743	308994
fd94426c8108e16a9cf2d7f791b29a32	gi|219857641|ref|NR_025230.1|	95.289	467	20	2	1	465	285	751	0.0	739	187326
fd94426c8108e16a9cf2d7f791b29a32	gi|343200979|ref|NR_041666.1|	94.218	467	23	4	1	465	336	800	0.0	710	742743
fd94426c8108e16a9cf2d7f791b29a32	gi|2363082841|ref|NR_179669.1|	93.803	468	23	5	1	465	360	824	0.0	699	2161821
fd94426c8108e16a9cf2d7f791b29a32	gi|2363082109|ref|NR_179301.1|	93.803	468	23	5	1	465	344	808	0.0	699	2582419
fd94426c8108e16a9cf2d7f791b29a32	gi|343203307|ref|NR_043657.1|	92.291	467	32	4	1	465	366	830	0.0	660	349095
fd94426c8108e16a9cf2d7f791b29a32	gi|631252110|ref|NR_113308.1|	92.094	468	33	4	1	465	222	688	0.0	658	349095
fd94426c8108e16a9cf2d7f791b29a32	gi|2363083367|ref|NR_179932.1|	91.863	467	34	4	1	465	283	747	0.0	649	2144175
fd94426c8108e16a9cf2d7f791b29a32	gi|2363081072|ref|NR_178779.1|	91.845	466	36	2	1	465	296	760	0.0	649	1588748
3e63d808372e033146dfe159bfa52b77	gi|631251734|ref|NR_112932.1|	89.154	461	48	2	1	460	328	787	3.71e-163	573	47678
3e63d808372e033146dfe159bfa52b77	gi|219846650|ref|NR_026242.1|	89.154	461	48	2	1	460	318	777	3.71e-163	573	47678
3e63d808372e033146dfe159bfa52b77	gi|631251735|ref|NR_112933.1|	88.913	460	51	0	1	460	334	793	1.73e-161	568	246787
3e63d808372e033146dfe159bfa52b77	gi|343200620|ref|NR_041307.1|	88.913	460	51	0	1	460	334	793	1.73e-161	568	329854
3e63d808372e033146dfe159bfa52b77	gi|2363084431|ref|NR_180463.1|	88.503	461	51	2	1	460	340	799	3.74e-158	556	2650158
3e63d808372e033146dfe159bfa52b77	gi|1116030246|ref|NR_144704.1|	88.261	460	54	0	1	460	251	710	1.74e-156	551	1203465
3e63d808372e033146dfe159bfa52b77	gi|631251733|ref|NR_112931.1|	88.286	461	52	2	1	460	340	799	1.74e-156	551	85831
3e63d808372e033146dfe159bfa52b77	gi|265678305|ref|NR_028607.1|	88.261	460	52	2	2	460	333	791	6.25e-156	549	85831
3e63d808372e033146dfe159bfa52b77	gi|631251749|ref|NR_112947.1|	88.069	461	53	2	1	460	326	785	2.25e-155	547	657309
3e63d808372e033146dfe159bfa52b77	gi|631251745|ref|NR_112943.1|	88.043	460	55	0	1	460	326	785	8.09e-155	545	449673
5abaac8da1af6498a517a1cb7a53d2a1	gi|1277396349|ref|NR_152060.1|	90.129	466	23	10	1	466	336	778	1.74e-166	584	1712515
5abaac8da1af6498a517a1cb7a53d2a1	gi|1277396271|ref|NR_151982.1|	90.129	466	23	10	1	466	248	690	1.74e-166	584	1628085
5abaac8da1af6498a517a1cb7a53d2a1	gi|545589041|ref|NR_044644.2|	87.768	466	32	9	1	466	354	794	8.26e-150	529	39484
5abaac8da1af6498a517a1cb7a53d2a1	gi|1193829128|ref|NR_147371.1|	87.339	466	34	10	1	466	277	717	2.99e-144	510	1871029
5abaac8da1af6498a517a1cb7a53d2a1	gi|343205971|ref|NR_044490.1|	86.510	467	39	11	1	466	348	791	1.08e-138	492	501571
5abaac8da1af6498a517a1cb7a53d2a1	gi|2363082930|ref|NR_179713.1|	86.296	467	39	13	1	466	319	761	1.81e-136	484	1945634
5abaac8da1af6498a517a1cb7a53d2a1	gi|2363082352|ref|NR_179423.1|	93.182	308	21	0	159	466	484	791	5.11e-127	453	1689270
5abaac8da1af6498a517a1cb7a53d2a1	gi|3248465658|ref|NR_201672.1|	91.437	327	26	2	141	466	413	738	2.38e-125	448	3381350
5abaac8da1af6498a517a1cb7a53d2a1	gi|2363087009|ref|NR_181761.1|	84.582	467	46	10	1	466	269	710	3.98e-123	440	2841509
5abaac8da1af6498a517a1cb7a53d2a1	gi|645321636|ref|NR_118554.1|	84.582	467	47	13	1	466	329	771	3.98e-123	440	1297617
0313797786eb2a16cba1f4252e1cd8d9	gi|2363082569|ref|NR_179531.1|	91.480	446	31	6	1	443	347	788	3.52e-173	606	1852369
0313797786eb2a16cba1f4252e1cd8d9	gi|2363082168|ref|NR_179330.1|	91.216	444	36	2	1	443	327	768	1.64e-171	601	2714355
0313797786eb2a16cba1f4252e1cd8d9	gi|2363082165|ref|NR_179329.1|	90.991	444	37	2	1	443	327	768	7.61e-170	595	2714353
0313797786eb2a16cba1f4252e1cd8d9	gi|645321110|ref|NR_118156.1|	89.709	447	37	7	1	443	304	745	7.72e-160	562	1007096
0313797786eb2a16cba1f4252e1cd8d9	gi|1109168025|ref|NR_144611.1|	89.438	445	43	3	1	443	282	724	9.99e-159	558	1417852
0313797786eb2a16cba1f4252e1cd8d9	gi|1269801610|ref|NR_074793.2|	89.438	445	42	4	1	443	355	796	3.59e-158	556	351091
0313797786eb2a16cba1f4252e1cd8d9	gi|343200653|ref|NR_041340.1|	89.438	445	42	4	1	443	328	769	3.59e-158	556	351091
0313797786eb2a16cba1f4252e1cd8d9	gi|3030611324|ref|NR_200000.1|	89.213	445	44	3	1	443	301	743	4.65e-157	553	3342383
0313797786eb2a16cba1f4252e1cd8d9	gi|2363082352|ref|NR_179423.1|	89.189	444	46	2	1	443	349	791	4.65e-157	553	1689270
0313797786eb2a16cba1f4252e1cd8d9	gi|2136551692|ref|NR_173697.1|	89.189	444	45	2	1	443	349	790	1.67e-156	551	2108523
efd87b9b831591d3dc8fdf34e35dccdd	gi|2363082168|ref|NR_179330.1|	96.380	442	16	0	1	442	327	768	0.0	728	2714355
efd87b9b831591d3dc8fdf34e35dccdd	gi|2363082165|ref|NR_179329.1|	95.701	442	19	0	1	442	327	768	0.0	712	2714353
efd87b9b831591d3dc8fdf34e35dccdd	gi|2962412234|ref|NR_199428.1|	93.002	443	29	2	1	442	352	793	0.0	645	3073143
efd87b9b831591d3dc8fdf34e35dccdd	gi|2363082569|ref|NR_179531.1|	92.793	444	28	4	1	442	347	788	0.0	640	1852369
efd87b9b831591d3dc8fdf34e35dccdd	gi|645321110|ref|NR_118156.1|	92.777	443	30	2	1	442	304	745	0.0	640	1007096
efd87b9b831591d3dc8fdf34e35dccdd	gi|2260349448|ref|NR_176530.1|	92.551	443	31	2	1	442	358	799	0.0	634	2093857
efd87b9b831591d3dc8fdf34e35dccdd	gi|2363082559|ref|NR_179526.1|	92.551	443	31	2	1	442	349	790	0.0	634	1841866
efd87b9b831591d3dc8fdf34e35dccdd	gi|2136551692|ref|NR_173697.1|	92.081	442	35	0	1	442	349	790	3.48e-178	623	2108523
efd87b9b831591d3dc8fdf34e35dccdd	gi|2363082170|ref|NR_179331.1|	92.099	443	34	1	1	442	328	770	3.48e-178	623	2714358
efd87b9b831591d3dc8fdf34e35dccdd	gi|1109168025|ref|NR_144611.1|	92.135	445	30	3	1	442	282	724	3.48e-178	623	1417852
