fd07e05ad69e98ad6c2d1fc513994911	gi|631252213|ref|NR_113411.1|	98.696	460	6	0	6	465	341	800	0.0	817	537011
fd07e05ad69e98ad6c2d1fc513994911	gi|343200190|ref|NR_040877.1|	98.478	460	7	0	6	465	341	800	0.0	813	537011
fd07e05ad69e98ad6c2d1fc513994911	gi|2363084409|ref|NR_180452.1|	97.391	460	12	0	6	465	321	780	0.0	784	2518605
fd07e05ad69e98ad6c2d1fc513994911	gi|631251894|ref|NR_113092.1|	93.709	461	27	2	6	465	329	788	0.0	689	77768
fd07e05ad69e98ad6c2d1fc513994911	gi|219878161|ref|NR_025300.1|	93.709	461	27	2	6	465	341	800	0.0	689	77768
fd07e05ad69e98ad6c2d1fc513994911	gi|631251922|ref|NR_113120.1|	93.290	462	27	4	6	465	339	798	0.0	678	28136
fd07e05ad69e98ad6c2d1fc513994911	gi|265678842|ref|NR_029147.1|	93.275	461	29	2	6	465	344	803	0.0	678	28136
fd07e05ad69e98ad6c2d1fc513994911	gi|631251907|ref|NR_113105.1|	93.059	461	30	2	6	465	329	788	0.0	673	470565
fd07e05ad69e98ad6c2d1fc513994911	gi|343199048|ref|NR_044407.1|	93.059	461	30	2	6	465	321	780	0.0	673	470565
fd07e05ad69e98ad6c2d1fc513994911	gi|2363080041|ref|NR_178237.1|	92.625	461	32	2	6	465	330	789	0.0	662	2801997
24bf1ecc5ee07f9cfeb53591385b837b	gi|631252213|ref|NR_113411.1|	98.261	460	8	0	6	465	341	800	0.0	806	537011
24bf1ecc5ee07f9cfeb53591385b837b	gi|343200190|ref|NR_040877.1|	98.043	460	9	0	6	465	341	800	0.0	802	537011
24bf1ecc5ee07f9cfeb53591385b837b	gi|2363084409|ref|NR_180452.1|	97.826	460	10	0	6	465	321	780	0.0	795	2518605
24bf1ecc5ee07f9cfeb53591385b837b	gi|631251907|ref|NR_113105.1|	93.492	461	28	2	6	465	329	788	0.0	684	470565
24bf1ecc5ee07f9cfeb53591385b837b	gi|265678842|ref|NR_029147.1|	93.521	463	24	6	6	465	344	803	0.0	684	28136
24bf1ecc5ee07f9cfeb53591385b837b	gi|343199048|ref|NR_044407.1|	93.492	461	28	2	6	465	321	780	0.0	684	470565
24bf1ecc5ee07f9cfeb53591385b837b	gi|631251922|ref|NR_113120.1|	93.305	463	25	6	6	465	339	798	0.0	678	28136
24bf1ecc5ee07f9cfeb53591385b837b	gi|631251894|ref|NR_113092.1|	93.275	461	29	2	6	465	329	788	0.0	678	77768
24bf1ecc5ee07f9cfeb53591385b837b	gi|219878161|ref|NR_025300.1|	93.275	461	29	2	6	465	341	800	0.0	678	77768
24bf1ecc5ee07f9cfeb53591385b837b	gi|566085557|ref|NR_109628.1|	93.059	461	30	2	6	465	322	781	0.0	673	1177574
c3c67f74c7d7f765e2ebc035cf4258c5	gi|631252213|ref|NR_113411.1|	98.696	460	6	0	6	465	341	800	0.0	817	537011
c3c67f74c7d7f765e2ebc035cf4258c5	gi|343200190|ref|NR_040877.1|	98.478	460	7	0	6	465	341	800	0.0	813	537011
c3c67f74c7d7f765e2ebc035cf4258c5	gi|2363084409|ref|NR_180452.1|	97.826	460	10	0	6	465	321	780	0.0	795	2518605
c3c67f74c7d7f765e2ebc035cf4258c5	gi|631251907|ref|NR_113105.1|	93.492	461	28	2	6	465	329	788	0.0	684	470565
c3c67f74c7d7f765e2ebc035cf4258c5	gi|343199048|ref|NR_044407.1|	93.492	461	28	2	6	465	321	780	0.0	684	470565
c3c67f74c7d7f765e2ebc035cf4258c5	gi|566085557|ref|NR_109628.1|	93.059	461	30	2	6	465	322	781	0.0	673	1177574
c3c67f74c7d7f765e2ebc035cf4258c5	gi|631251894|ref|NR_113092.1|	93.059	461	30	2	6	465	329	788	0.0	673	77768
c3c67f74c7d7f765e2ebc035cf4258c5	gi|265678842|ref|NR_029147.1|	93.074	462	28	4	6	465	344	803	0.0	673	28136
c3c67f74c7d7f765e2ebc035cf4258c5	gi|219878161|ref|NR_025300.1|	93.059	461	30	2	6	465	341	800	0.0	673	77768
c3c67f74c7d7f765e2ebc035cf4258c5	gi|631251922|ref|NR_113120.1|	92.857	462	29	4	6	465	339	798	0.0	667	28136
1ea94ca66abace6581ab70fb30483f6f	gi|631252213|ref|NR_113411.1|	98.913	460	5	0	6	465	341	800	0.0	822	537011
1ea94ca66abace6581ab70fb30483f6f	gi|343200190|ref|NR_040877.1|	98.696	460	6	0	6	465	341	800	0.0	819	537011
1ea94ca66abace6581ab70fb30483f6f	gi|2363084409|ref|NR_180452.1|	97.609	460	11	0	6	465	321	780	0.0	789	2518605
1ea94ca66abace6581ab70fb30483f6f	gi|631251894|ref|NR_113092.1|	93.926	461	26	2	6	465	329	788	0.0	695	77768
1ea94ca66abace6581ab70fb30483f6f	gi|219878161|ref|NR_025300.1|	93.926	461	26	2	6	465	341	800	0.0	695	77768
1ea94ca66abace6581ab70fb30483f6f	gi|631251922|ref|NR_113120.1|	93.506	462	26	4	6	465	339	798	0.0	684	28136
1ea94ca66abace6581ab70fb30483f6f	gi|265678842|ref|NR_029147.1|	93.492	461	28	2	6	465	344	803	0.0	684	28136
1ea94ca66abace6581ab70fb30483f6f	gi|631251907|ref|NR_113105.1|	93.275	461	29	2	6	465	329	788	0.0	678	470565
1ea94ca66abace6581ab70fb30483f6f	gi|343199048|ref|NR_044407.1|	93.275	461	29	2	6	465	321	780	0.0	678	470565
1ea94ca66abace6581ab70fb30483f6f	gi|2363080041|ref|NR_178237.1|	92.842	461	31	2	6	465	330	789	0.0	667	2801997
cb4f5a076bf6940c253693a4c6ac48ef	gi|631252213|ref|NR_113411.1|	98.478	460	7	0	6	465	341	800	0.0	811	537011
cb4f5a076bf6940c253693a4c6ac48ef	gi|343200190|ref|NR_040877.1|	98.261	460	8	0	6	465	341	800	0.0	808	537011
cb4f5a076bf6940c253693a4c6ac48ef	gi|2363084409|ref|NR_180452.1|	98.043	460	9	0	6	465	321	780	0.0	800	2518605
cb4f5a076bf6940c253693a4c6ac48ef	gi|631251907|ref|NR_113105.1|	93.709	461	27	2	6	465	329	788	0.0	689	470565
cb4f5a076bf6940c253693a4c6ac48ef	gi|265678842|ref|NR_029147.1|	93.737	463	23	6	6	465	344	803	0.0	689	28136
cb4f5a076bf6940c253693a4c6ac48ef	gi|343199048|ref|NR_044407.1|	93.709	461	27	2	6	465	321	780	0.0	689	470565
cb4f5a076bf6940c253693a4c6ac48ef	gi|631251922|ref|NR_113120.1|	93.521	463	24	6	6	465	339	798	0.0	684	28136
cb4f5a076bf6940c253693a4c6ac48ef	gi|631251894|ref|NR_113092.1|	93.492	461	28	2	6	465	329	788	0.0	684	77768
cb4f5a076bf6940c253693a4c6ac48ef	gi|219878161|ref|NR_025300.1|	93.492	461	28	2	6	465	341	800	0.0	684	77768
cb4f5a076bf6940c253693a4c6ac48ef	gi|566085557|ref|NR_109628.1|	93.275	461	29	2	6	465	322	781	0.0	678	1177574
2a1ac87fb8b37498794223995e9b138e	gi|343200590|ref|NR_041277.1|	98.696	460	6	0	6	465	339	798	0.0	817	484018
2a1ac87fb8b37498794223995e9b138e	gi|2221405488|ref|NR_175548.1|	95.671	462	16	4	6	465	346	805	0.0	739	2739389
2a1ac87fb8b37498794223995e9b138e	gi|1116030286|ref|NR_144744.1|	93.913	460	28	0	6	465	339	798	0.0	697	1841856
2a1ac87fb8b37498794223995e9b138e	gi|343200591|ref|NR_041278.1|	92.826	460	33	0	6	465	339	798	0.0	667	470145
2a1ac87fb8b37498794223995e9b138e	gi|2363082641|ref|NR_179567.1|	92.391	460	35	0	6	465	339	798	0.0	658	1907658
2a1ac87fb8b37498794223995e9b138e	gi|444304192|ref|NR_074616.1|	91.957	460	37	0	6	465	341	800	0.0	645	376805
2a1ac87fb8b37498794223995e9b138e	gi|343200760|ref|NR_041447.1|	91.957	460	37	0	6	465	326	785	0.0	645	376805
2a1ac87fb8b37498794223995e9b138e	gi|631251740|ref|NR_112938.1|	91.757	461	36	2	6	465	326	785	0.0	640	204516
2a1ac87fb8b37498794223995e9b138e	gi|343198509|ref|NR_042745.1|	91.757	461	36	2	6	465	338	797	0.0	640	204516
2a1ac87fb8b37498794223995e9b138e	gi|1146059112|ref|NR_145844.1|	91.540	461	37	2	6	465	339	798	0.0	634	1411144
e3647c61f722a8c21e44ee7f5a63a00f	gi|343200903|ref|NR_041590.1|	97.441	469	11	1	6	473	140	608	0.0	798	742816
e3647c61f722a8c21e44ee7f5a63a00f	gi|343199066|ref|NR_044473.1|	97.234	470	10	3	6	473	295	763	0.0	793	491921
e3647c61f722a8c21e44ee7f5a63a00f	gi|219878375|ref|NR_025514.1|	94.243	469	26	1	6	473	335	803	0.0	715	158847
e3647c61f722a8c21e44ee7f5a63a00f	gi|645321057|ref|NR_118115.1|	91.915	470	35	3	6	473	345	813	0.0	654	1002795
e3647c61f722a8c21e44ee7f5a63a00f	gi|645320513|ref|NR_117702.1|	91.845	466	36	2	6	470	318	782	0.0	649	865
e3647c61f722a8c21e44ee7f5a63a00f	gi|636558562|ref|NR_114619.1|	91.845	466	36	2	6	470	347	811	0.0	649	86956
e3647c61f722a8c21e44ee7f5a63a00f	gi|343202547|ref|NR_042900.1|	91.631	466	37	2	6	470	225	689	0.0	645	259840
e3647c61f722a8c21e44ee7f5a63a00f	gi|559795237|ref|NR_104827.1|	91.631	466	37	2	6	470	339	803	0.0	643	86956
e3647c61f722a8c21e44ee7f5a63a00f	gi|343203314|ref|NR_043658.1|	91.416	466	38	2	6	470	349	813	0.0	638	349096
e3647c61f722a8c21e44ee7f5a63a00f	gi|2363082521|ref|NR_179507.1|	89.597	471	44	5	6	473	341	809	2.93e-169	593	1806837
6059e8c9db802b2f64efe0f8404c4674	gi|2363081451|ref|NR_178972.1|	99.091	440	4	0	6	445	285	724	0.0	791	1851428
6059e8c9db802b2f64efe0f8404c4674	gi|265678656|ref|NR_028961.1|	98.409	440	7	0	6	445	327	766	0.0	774	853
6059e8c9db802b2f64efe0f8404c4674	gi|2363082282|ref|NR_179388.1|	98.182	440	8	0	6	445	335	774	0.0	769	2935520
6059e8c9db802b2f64efe0f8404c4674	gi|2363080123|ref|NR_178280.1|	98.182	440	8	0	6	445	331	770	0.0	769	411483
6059e8c9db802b2f64efe0f8404c4674	gi|3030611269|ref|NR_199945.1|	97.955	440	9	0	6	445	335	774	0.0	763	3435293
6059e8c9db802b2f64efe0f8404c4674	gi|2363081449|ref|NR_178971.1|	98.376	431	7	0	6	436	285	715	0.0	758	1851427
6059e8c9db802b2f64efe0f8404c4674	gi|2363080175|ref|NR_178311.1|	96.136	440	17	0	6	445	412	851	0.0	719	2903556
6059e8c9db802b2f64efe0f8404c4674	gi|1397641802|ref|NR_156911.1|	92.273	440	34	0	6	445	351	790	9.82e-179	625	1650663
6059e8c9db802b2f64efe0f8404c4674	gi|2363084747|ref|NR_180622.1|	92.273	440	34	0	6	445	335	774	9.82e-179	625	2779354
6059e8c9db802b2f64efe0f8404c4674	gi|2363082356|ref|NR_179425.1|	92.063	441	33	2	6	445	351	790	4.57e-177	619	1689304
8f00385c284a65d495d4ed080bc68273	gi|631251747|ref|NR_112945.1|	99.130	460	4	0	6	465	327	786	0.0	828	820
8f00385c284a65d495d4ed080bc68273	gi|343200179|ref|NR_040866.1|	99.130	460	4	0	6	465	334	793	0.0	828	820
8f00385c284a65d495d4ed080bc68273	gi|2363086550|ref|NR_181532.1|	98.696	460	6	0	6	465	322	781	0.0	817	2763025
8f00385c284a65d495d4ed080bc68273	gi|631251874|ref|NR_113072.1|	97.174	460	13	0	6	465	338	797	0.0	778	1236512
8f00385c284a65d495d4ed080bc68273	gi|2363082773|ref|NR_179635.1|	96.957	460	14	0	6	465	338	797	0.0	773	2024197
8f00385c284a65d495d4ed080bc68273	gi|631251816|ref|NR_113014.1|	96.957	460	14	0	6	465	338	797	0.0	773	1236512
8f00385c284a65d495d4ed080bc68273	gi|631251735|ref|NR_112933.1|	96.304	460	17	0	6	465	334	793	0.0	756	246787
8f00385c284a65d495d4ed080bc68273	gi|343200620|ref|NR_041307.1|	96.087	460	18	0	6	465	334	793	0.0	750	329854
8f00385c284a65d495d4ed080bc68273	gi|2363084421|ref|NR_180458.1|	95.870	460	19	0	6	465	340	799	0.0	745	2650157
8f00385c284a65d495d4ed080bc68273	gi|2363082635|ref|NR_179564.1|	95.870	460	19	0	6	465	338	797	0.0	745	1903262
9913358dddf8b498ddb943a7dcec01af	gi|444304091|ref|NR_074515.1|	99.130	460	4	0	6	465	350	809	0.0	828	435590
9913358dddf8b498ddb943a7dcec01af	gi|631251748|ref|NR_112946.1|	99.130	460	4	0	6	465	339	798	0.0	828	821
9913358dddf8b498ddb943a7dcec01af	gi|631250946|ref|NR_112143.1|	98.913	460	5	0	6	465	307	766	0.0	822	821
9913358dddf8b498ddb943a7dcec01af	gi|343200664|ref|NR_041351.1|	98.696	460	6	0	6	465	341	800	0.0	817	357276
9913358dddf8b498ddb943a7dcec01af	gi|631251997|ref|NR_113195.1|	93.696	460	29	0	6	465	338	797	0.0	689	1236515
9913358dddf8b498ddb943a7dcec01af	gi|631251866|ref|NR_113064.1|	93.478	460	30	0	6	465	338	797	0.0	684	1236538
9913358dddf8b498ddb943a7dcec01af	gi|631251817|ref|NR_113015.1|	93.478	460	30	0	6	465	338	797	0.0	684	1236538
9913358dddf8b498ddb943a7dcec01af	gi|645320081|ref|NR_117373.1|	93.478	460	30	0	6	465	289	748	0.0	684	1236515
9913358dddf8b498ddb943a7dcec01af	gi|2363082547|ref|NR_179520.1|	93.261	460	31	0	6	465	314	773	0.0	678	1841855
9913358dddf8b498ddb943a7dcec01af	gi|2363085522|ref|NR_181010.1|	93.043	460	32	0	6	465	297	756	0.0	673	2786956
b65fcaa4665da6996cbf90f31f1d7160	gi|636560151|ref|NR_116211.1|	99.355	465	3	0	6	470	243	707	0.0	843	760570
b65fcaa4665da6996cbf90f31f1d7160	gi|636559675|ref|NR_115735.1|	99.355	465	3	0	6	470	311	775	0.0	843	760570
b65fcaa4665da6996cbf90f31f1d7160	gi|636559184|ref|NR_115241.1|	99.355	465	3	0	6	470	320	784	0.0	843	760570
b65fcaa4665da6996cbf90f31f1d7160	gi|219857214|ref|NR_024842.1|	99.140	465	4	0	6	470	335	799	0.0	839	760570
b65fcaa4665da6996cbf90f31f1d7160	gi|526641946|ref|NR_103943.1|	99.140	465	4	0	6	470	346	810	0.0	837	1302863
b65fcaa4665da6996cbf90f31f1d7160	gi|566085621|ref|NR_109720.1|	99.140	465	4	0	6	470	314	778	0.0	837	1234680
b65fcaa4665da6996cbf90f31f1d7160	gi|310975072|ref|NR_036936.1|	99.140	465	4	0	6	470	320	784	0.0	837	113107
b65fcaa4665da6996cbf90f31f1d7160	gi|265678747|ref|NR_029052.1|	99.140	465	4	0	6	470	308	772	0.0	837	45634
b65fcaa4665da6996cbf90f31f1d7160	gi|636560144|ref|NR_116204.1|	98.925	465	5	0	6	470	243	707	0.0	832	889201
b65fcaa4665da6996cbf90f31f1d7160	gi|636559217|ref|NR_115274.1|	98.925	465	5	0	6	470	318	782	0.0	832	889201
3766694a0084856489ae377f0c55d406	gi|631252213|ref|NR_113411.1|	99.130	460	4	0	6	465	341	800	0.0	828	537011
3766694a0084856489ae377f0c55d406	gi|343200190|ref|NR_040877.1|	98.913	460	5	0	6	465	341	800	0.0	824	537011
3766694a0084856489ae377f0c55d406	gi|2363084409|ref|NR_180452.1|	97.826	460	10	0	6	465	321	780	0.0	795	2518605
3766694a0084856489ae377f0c55d406	gi|631251894|ref|NR_113092.1|	94.143	461	25	2	6	465	329	788	0.0	701	77768
3766694a0084856489ae377f0c55d406	gi|219878161|ref|NR_025300.1|	94.143	461	25	2	6	465	341	800	0.0	701	77768
3766694a0084856489ae377f0c55d406	gi|631251922|ref|NR_113120.1|	93.723	462	25	4	6	465	339	798	0.0	689	28136
3766694a0084856489ae377f0c55d406	gi|265678842|ref|NR_029147.1|	93.709	461	27	2	6	465	344	803	0.0	689	28136
3766694a0084856489ae377f0c55d406	gi|631251907|ref|NR_113105.1|	93.492	461	28	2	6	465	329	788	0.0	684	470565
3766694a0084856489ae377f0c55d406	gi|343199048|ref|NR_044407.1|	93.492	461	28	2	6	465	321	780	0.0	684	470565
3766694a0084856489ae377f0c55d406	gi|2363080041|ref|NR_178237.1|	93.059	461	30	2	6	465	330	789	0.0	673	2801997
f3c1801341196e793104d84a00e242d6	gi|631252213|ref|NR_113411.1|	99.130	460	4	0	6	465	341	800	0.0	828	537011
f3c1801341196e793104d84a00e242d6	gi|343200190|ref|NR_040877.1|	98.913	460	5	0	6	465	341	800	0.0	824	537011
f3c1801341196e793104d84a00e242d6	gi|2363084409|ref|NR_180452.1|	97.826	460	10	0	6	465	321	780	0.0	795	2518605
f3c1801341196e793104d84a00e242d6	gi|631251894|ref|NR_113092.1|	94.143	461	25	2	6	465	329	788	0.0	701	77768
f3c1801341196e793104d84a00e242d6	gi|219878161|ref|NR_025300.1|	94.143	461	25	2	6	465	341	800	0.0	701	77768
f3c1801341196e793104d84a00e242d6	gi|631251922|ref|NR_113120.1|	93.723	462	25	4	6	465	339	798	0.0	689	28136
f3c1801341196e793104d84a00e242d6	gi|265678842|ref|NR_029147.1|	93.709	461	27	2	6	465	344	803	0.0	689	28136
f3c1801341196e793104d84a00e242d6	gi|631251907|ref|NR_113105.1|	93.492	461	28	2	6	465	329	788	0.0	684	470565
f3c1801341196e793104d84a00e242d6	gi|343199048|ref|NR_044407.1|	93.492	461	28	2	6	465	321	780	0.0	684	470565
f3c1801341196e793104d84a00e242d6	gi|2363080041|ref|NR_178237.1|	93.059	461	30	2	6	465	330	789	0.0	673	2801997
32911c869f3f3faba20f56baf263c867	gi|631252213|ref|NR_113411.1|	98.478	460	7	0	6	465	341	800	0.0	811	537011
32911c869f3f3faba20f56baf263c867	gi|343200190|ref|NR_040877.1|	98.261	460	8	0	6	465	341	800	0.0	808	537011
32911c869f3f3faba20f56baf263c867	gi|2363084409|ref|NR_180452.1|	98.043	460	9	0	6	465	321	780	0.0	800	2518605
32911c869f3f3faba20f56baf263c867	gi|631251907|ref|NR_113105.1|	93.709	461	27	2	6	465	329	788	0.0	689	470565
32911c869f3f3faba20f56baf263c867	gi|265678842|ref|NR_029147.1|	93.737	463	23	6	6	465	344	803	0.0	689	28136
32911c869f3f3faba20f56baf263c867	gi|343199048|ref|NR_044407.1|	93.709	461	27	2	6	465	321	780	0.0	689	470565
32911c869f3f3faba20f56baf263c867	gi|631251922|ref|NR_113120.1|	93.521	463	24	6	6	465	339	798	0.0	684	28136
32911c869f3f3faba20f56baf263c867	gi|631251894|ref|NR_113092.1|	93.492	461	28	2	6	465	329	788	0.0	684	77768
32911c869f3f3faba20f56baf263c867	gi|219878161|ref|NR_025300.1|	93.492	461	28	2	6	465	341	800	0.0	684	77768
32911c869f3f3faba20f56baf263c867	gi|566085557|ref|NR_109628.1|	93.275	461	29	2	6	465	322	781	0.0	678	1177574
d2cc774029da9fa9a90197cb3cfc7e93	gi|631252213|ref|NR_113411.1|	99.130	460	4	0	6	465	341	800	0.0	828	537011
d2cc774029da9fa9a90197cb3cfc7e93	gi|343200190|ref|NR_040877.1|	98.913	460	5	0	6	465	341	800	0.0	824	537011
d2cc774029da9fa9a90197cb3cfc7e93	gi|2363084409|ref|NR_180452.1|	97.826	460	10	0	6	465	321	780	0.0	795	2518605
d2cc774029da9fa9a90197cb3cfc7e93	gi|631251894|ref|NR_113092.1|	94.143	461	25	2	6	465	329	788	0.0	701	77768
d2cc774029da9fa9a90197cb3cfc7e93	gi|219878161|ref|NR_025300.1|	94.143	461	25	2	6	465	341	800	0.0	701	77768
d2cc774029da9fa9a90197cb3cfc7e93	gi|631251922|ref|NR_113120.1|	93.723	462	25	4	6	465	339	798	0.0	689	28136
d2cc774029da9fa9a90197cb3cfc7e93	gi|265678842|ref|NR_029147.1|	93.709	461	27	2	6	465	344	803	0.0	689	28136
d2cc774029da9fa9a90197cb3cfc7e93	gi|631251907|ref|NR_113105.1|	93.492	461	28	2	6	465	329	788	0.0	684	470565
d2cc774029da9fa9a90197cb3cfc7e93	gi|343199048|ref|NR_044407.1|	93.492	461	28	2	6	465	321	780	0.0	684	470565
d2cc774029da9fa9a90197cb3cfc7e93	gi|2363080041|ref|NR_178237.1|	93.059	461	30	2	6	465	330	789	0.0	673	2801997
3b535a0433e960f7515e1d11e4149d54	gi|631252213|ref|NR_113411.1|	98.696	460	6	0	6	465	341	800	0.0	817	537011
3b535a0433e960f7515e1d11e4149d54	gi|343200190|ref|NR_040877.1|	98.478	460	7	0	6	465	341	800	0.0	813	537011
3b535a0433e960f7515e1d11e4149d54	gi|2363084409|ref|NR_180452.1|	98.261	460	8	0	6	465	321	780	0.0	806	2518605
3b535a0433e960f7515e1d11e4149d54	gi|631251907|ref|NR_113105.1|	93.926	461	26	2	6	465	329	788	0.0	695	470565
3b535a0433e960f7515e1d11e4149d54	gi|265678842|ref|NR_029147.1|	93.952	463	22	6	6	465	344	803	0.0	695	28136
3b535a0433e960f7515e1d11e4149d54	gi|343199048|ref|NR_044407.1|	93.926	461	26	2	6	465	321	780	0.0	695	470565
3b535a0433e960f7515e1d11e4149d54	gi|631251922|ref|NR_113120.1|	93.737	463	23	6	6	465	339	798	0.0	689	28136
3b535a0433e960f7515e1d11e4149d54	gi|631251894|ref|NR_113092.1|	93.709	461	27	2	6	465	329	788	0.0	689	77768
3b535a0433e960f7515e1d11e4149d54	gi|219878161|ref|NR_025300.1|	93.709	461	27	2	6	465	341	800	0.0	689	77768
3b535a0433e960f7515e1d11e4149d54	gi|566085557|ref|NR_109628.1|	93.492	461	28	2	6	465	322	781	0.0	684	1177574
cfdd880fcfdd39232a3b40b0cc672061	gi|631251954|ref|NR_113152.1|	98.913	460	5	0	6	465	337	796	0.0	822	28117
cfdd880fcfdd39232a3b40b0cc672061	gi|219846319|ref|NR_025909.1|	96.087	460	18	0	6	465	344	803	0.0	771	28117
cfdd880fcfdd39232a3b40b0cc672061	gi|645321193|ref|NR_118219.1|	96.529	461	14	2	6	465	332	791	0.0	761	1033732
cfdd880fcfdd39232a3b40b0cc672061	gi|672239000|ref|NR_125589.1|	96.312	461	15	2	6	465	269	728	0.0	756	1033731
cfdd880fcfdd39232a3b40b0cc672061	gi|2363086959|ref|NR_181736.1|	96.095	461	16	2	6	465	334	793	0.0	750	2834113
cfdd880fcfdd39232a3b40b0cc672061	gi|2363082099|ref|NR_179296.1|	96.095	461	16	2	6	465	324	783	0.0	750	2585119
cfdd880fcfdd39232a3b40b0cc672061	gi|631251953|ref|NR_113151.1|	95.671	462	16	4	6	465	338	797	0.0	739	328813
cfdd880fcfdd39232a3b40b0cc672061	gi|343202833|ref|NR_043318.1|	95.671	462	16	4	6	465	324	783	0.0	739	328813
cfdd880fcfdd39232a3b40b0cc672061	gi|2363082505|ref|NR_179499.1|	95.248	463	16	6	6	465	342	801	0.0	728	2364787
cfdd880fcfdd39232a3b40b0cc672061	gi|507148137|ref|NR_102944.1|	95.228	461	20	2	6	465	334	793	0.0	728	214856
36375b8b2c61c0443355511044674b65	gi|631252213|ref|NR_113411.1|	98.913	460	5	0	6	465	341	800	0.0	822	537011
36375b8b2c61c0443355511044674b65	gi|343200190|ref|NR_040877.1|	98.696	460	6	0	6	465	341	800	0.0	819	537011
36375b8b2c61c0443355511044674b65	gi|2363084409|ref|NR_180452.1|	98.478	460	7	0	6	465	321	780	0.0	811	2518605
36375b8b2c61c0443355511044674b65	gi|631251907|ref|NR_113105.1|	94.143	461	25	2	6	465	329	788	0.0	701	470565
36375b8b2c61c0443355511044674b65	gi|265678842|ref|NR_029147.1|	94.168	463	21	6	6	465	344	803	0.0	701	28136
36375b8b2c61c0443355511044674b65	gi|343199048|ref|NR_044407.1|	94.143	461	25	2	6	465	321	780	0.0	701	470565
36375b8b2c61c0443355511044674b65	gi|631251922|ref|NR_113120.1|	93.952	463	22	6	6	465	339	798	0.0	695	28136
36375b8b2c61c0443355511044674b65	gi|631251894|ref|NR_113092.1|	93.926	461	26	2	6	465	329	788	0.0	695	77768
36375b8b2c61c0443355511044674b65	gi|219878161|ref|NR_025300.1|	93.926	461	26	2	6	465	341	800	0.0	695	77768
36375b8b2c61c0443355511044674b65	gi|566085557|ref|NR_109628.1|	93.709	461	27	2	6	465	322	781	0.0	689	1177574
e3203ed48dd10b8bf428b4eb86e3dc55	gi|3248465651|ref|NR_201663.1|	99.140	465	4	0	6	470	347	811	0.0	837	3434972
e3203ed48dd10b8bf428b4eb86e3dc55	gi|2363080549|ref|NR_178515.1|	98.710	465	6	0	6	470	320	784	0.0	826	1156431
e3203ed48dd10b8bf428b4eb86e3dc55	gi|3248465650|ref|NR_201662.1|	98.710	465	6	0	6	470	347	811	0.0	826	3434972
e3203ed48dd10b8bf428b4eb86e3dc55	gi|265678529|ref|NR_028833.1|	98.710	465	6	0	6	470	347	811	0.0	826	176090
e3203ed48dd10b8bf428b4eb86e3dc55	gi|1811131555|ref|NR_165737.1|	98.280	465	8	0	6	470	320	784	0.0	815	2382163
e3203ed48dd10b8bf428b4eb86e3dc55	gi|631252062|ref|NR_113260.1|	98.065	465	9	0	6	470	320	784	0.0	809	1305
e3203ed48dd10b8bf428b4eb86e3dc55	gi|636560151|ref|NR_116211.1|	98.065	465	9	0	6	470	243	707	0.0	809	760570
e3203ed48dd10b8bf428b4eb86e3dc55	gi|636559675|ref|NR_115735.1|	98.065	465	9	0	6	470	311	775	0.0	809	760570
e3203ed48dd10b8bf428b4eb86e3dc55	gi|636559184|ref|NR_115241.1|	98.065	465	9	0	6	470	320	784	0.0	809	760570
e3203ed48dd10b8bf428b4eb86e3dc55	gi|219857213|ref|NR_024841.1|	98.065	465	9	0	6	470	334	798	0.0	809	888807
474e4687b5d7880e1ed92b0aeec9984d	gi|2363081451|ref|NR_178972.1|	99.091	440	4	0	6	445	285	724	0.0	791	1851428
474e4687b5d7880e1ed92b0aeec9984d	gi|265678656|ref|NR_028961.1|	98.409	440	7	0	6	445	327	766	0.0	774	853
474e4687b5d7880e1ed92b0aeec9984d	gi|2363082282|ref|NR_179388.1|	98.182	440	8	0	6	445	335	774	0.0	769	2935520
474e4687b5d7880e1ed92b0aeec9984d	gi|2363080123|ref|NR_178280.1|	98.182	440	8	0	6	445	331	770	0.0	769	411483
474e4687b5d7880e1ed92b0aeec9984d	gi|3030611269|ref|NR_199945.1|	97.955	440	9	0	6	445	335	774	0.0	763	3435293
474e4687b5d7880e1ed92b0aeec9984d	gi|2363081449|ref|NR_178971.1|	98.376	431	7	0	6	436	285	715	0.0	758	1851427
474e4687b5d7880e1ed92b0aeec9984d	gi|2363080175|ref|NR_178311.1|	96.136	440	17	0	6	445	412	851	0.0	719	2903556
474e4687b5d7880e1ed92b0aeec9984d	gi|1397641802|ref|NR_156911.1|	92.273	440	34	0	6	445	351	790	9.82e-179	625	1650663
474e4687b5d7880e1ed92b0aeec9984d	gi|2363084747|ref|NR_180622.1|	92.273	440	34	0	6	445	335	774	9.82e-179	625	2779354
474e4687b5d7880e1ed92b0aeec9984d	gi|2363082356|ref|NR_179425.1|	92.063	441	33	2	6	445	351	790	4.57e-177	619	1689304
09a4f79f2aa863239a41778021e3ce2c	gi|219846519|ref|NR_026111.1|	99.140	465	4	0	6	470	339	803	0.0	837	33025
09a4f79f2aa863239a41778021e3ce2c	gi|631251704|ref|NR_112902.1|	93.133	466	30	2	6	470	427	891	0.0	682	626940
09a4f79f2aa863239a41778021e3ce2c	gi|2363082047|ref|NR_179270.1|	91.880	468	33	5	6	470	326	791	0.0	652	2654621
09a4f79f2aa863239a41778021e3ce2c	gi|2363082805|ref|NR_179651.1|	91.258	469	33	8	6	470	350	814	0.0	632	2058289
09a4f79f2aa863239a41778021e3ce2c	gi|2621112327|ref|NR_189230.1|	91.258	469	33	8	6	470	298	762	0.0	632	2897706
09a4f79f2aa863239a41778021e3ce2c	gi|343198461|ref|NR_041894.1|	91.221	467	37	4	6	470	286	750	0.0	632	187327
09a4f79f2aa863239a41778021e3ce2c	gi|2363082575|ref|NR_179534.1|	90.851	470	33	8	6	470	345	809	1.35e-177	621	1852375
09a4f79f2aa863239a41778021e3ce2c	gi|636558634|ref|NR_114691.1|	90.084	474	42	5	4	473	328	800	2.91e-174	610	78126
09a4f79f2aa863239a41778021e3ce2c	gi|645320469|ref|NR_117668.1|	89.914	466	46	1	6	470	341	806	6.31e-171	599	1337886
09a4f79f2aa863239a41778021e3ce2c	gi|645320468|ref|NR_117667.1|	89.914	466	46	1	6	470	339	804	6.31e-171	599	1337886
457c486726faac768be50060fdef3bb7	gi|631252213|ref|NR_113411.1|	98.696	460	6	0	6	465	341	800	0.0	817	537011
457c486726faac768be50060fdef3bb7	gi|343200190|ref|NR_040877.1|	98.478	460	7	0	6	465	341	800	0.0	813	537011
457c486726faac768be50060fdef3bb7	gi|2363084409|ref|NR_180452.1|	97.826	460	10	0	6	465	321	780	0.0	795	2518605
457c486726faac768be50060fdef3bb7	gi|631251907|ref|NR_113105.1|	93.492	461	28	2	6	465	329	788	0.0	684	470565
457c486726faac768be50060fdef3bb7	gi|343199048|ref|NR_044407.1|	93.492	461	28	2	6	465	321	780	0.0	684	470565
457c486726faac768be50060fdef3bb7	gi|566085557|ref|NR_109628.1|	93.059	461	30	2	6	465	322	781	0.0	673	1177574
457c486726faac768be50060fdef3bb7	gi|631251894|ref|NR_113092.1|	93.059	461	30	2	6	465	329	788	0.0	673	77768
457c486726faac768be50060fdef3bb7	gi|265678842|ref|NR_029147.1|	93.074	462	28	4	6	465	344	803	0.0	673	28136
457c486726faac768be50060fdef3bb7	gi|219878161|ref|NR_025300.1|	93.059	461	30	2	6	465	341	800	0.0	673	77768
457c486726faac768be50060fdef3bb7	gi|631251922|ref|NR_113120.1|	92.857	462	29	4	6	465	339	798	0.0	667	28136
ac92afb1cfd890789beb8574d3bef885	gi|343200903|ref|NR_041590.1|	97.655	469	10	1	6	473	140	608	0.0	804	742816
ac92afb1cfd890789beb8574d3bef885	gi|343199066|ref|NR_044473.1|	97.447	470	9	3	6	473	295	763	0.0	798	491921
ac92afb1cfd890789beb8574d3bef885	gi|219878375|ref|NR_025514.1|	94.030	469	27	1	6	473	335	803	0.0	710	158847
ac92afb1cfd890789beb8574d3bef885	gi|636558562|ref|NR_114619.1|	92.473	465	35	0	6	470	347	811	0.0	665	86956
ac92afb1cfd890789beb8574d3bef885	gi|645321057|ref|NR_118115.1|	92.144	471	32	5	6	473	345	813	0.0	660	1002795
ac92afb1cfd890789beb8574d3bef885	gi|559795237|ref|NR_104827.1|	92.258	465	36	0	6	470	339	803	0.0	660	86956
ac92afb1cfd890789beb8574d3bef885	gi|645320513|ref|NR_117702.1|	92.060	466	35	2	6	470	318	782	0.0	654	865
ac92afb1cfd890789beb8574d3bef885	gi|343203314|ref|NR_043658.1|	92.043	465	37	0	6	470	349	813	0.0	654	349096
ac92afb1cfd890789beb8574d3bef885	gi|343202547|ref|NR_042900.1|	91.845	466	36	2	6	470	225	689	0.0	651	259840
ac92afb1cfd890789beb8574d3bef885	gi|566085189|ref|NR_108993.1|	90.773	466	41	2	6	470	318	782	1.35e-177	621	862415
5b8411403ef997b57bf58369259a620d	gi|631252213|ref|NR_113411.1|	98.478	460	7	0	6	465	341	800	0.0	811	537011
5b8411403ef997b57bf58369259a620d	gi|343200190|ref|NR_040877.1|	98.261	460	8	0	6	465	341	800	0.0	808	537011
5b8411403ef997b57bf58369259a620d	gi|2363084409|ref|NR_180452.1|	97.609	460	11	0	6	465	321	780	0.0	789	2518605
5b8411403ef997b57bf58369259a620d	gi|631251907|ref|NR_113105.1|	93.275	461	29	2	6	465	329	788	0.0	678	470565
5b8411403ef997b57bf58369259a620d	gi|343199048|ref|NR_044407.1|	93.275	461	29	2	6	465	321	780	0.0	678	470565
5b8411403ef997b57bf58369259a620d	gi|566085557|ref|NR_109628.1|	92.842	461	31	2	6	465	322	781	0.0	667	1177574
5b8411403ef997b57bf58369259a620d	gi|631251894|ref|NR_113092.1|	92.842	461	31	2	6	465	329	788	0.0	667	77768
5b8411403ef997b57bf58369259a620d	gi|265678842|ref|NR_029147.1|	92.857	462	29	4	6	465	344	803	0.0	667	28136
5b8411403ef997b57bf58369259a620d	gi|219878161|ref|NR_025300.1|	92.842	461	31	2	6	465	341	800	0.0	667	77768
5b8411403ef997b57bf58369259a620d	gi|631251922|ref|NR_113120.1|	92.641	462	30	4	6	465	339	798	0.0	662	28136
2922a3a2c8d115d360af460e9f145d9f	gi|444303855|ref|NR_074277.1|	99.130	460	4	0	6	465	352	811	0.0	828	818
2922a3a2c8d115d360af460e9f145d9f	gi|631251746|ref|NR_112944.1|	99.130	460	4	0	6	465	324	783	0.0	828	818
2922a3a2c8d115d360af460e9f145d9f	gi|631252008|ref|NR_113206.1|	98.265	461	6	2	6	465	336	795	0.0	806	1236513
2922a3a2c8d115d360af460e9f145d9f	gi|631250945|ref|NR_112142.1|	98.253	458	7	1	8	465	336	792	0.0	800	818
2922a3a2c8d115d360af460e9f145d9f	gi|631251869|ref|NR_113067.1|	97.614	461	9	2	6	465	325	784	0.0	789	1077285
2922a3a2c8d115d360af460e9f145d9f	gi|645320100|ref|NR_117387.1|	97.614	461	9	2	6	465	320	779	0.0	789	1077285
2922a3a2c8d115d360af460e9f145d9f	gi|2363084421|ref|NR_180458.1|	97.180	461	11	2	6	465	340	799	0.0	778	2650157
2922a3a2c8d115d360af460e9f145d9f	gi|631251749|ref|NR_112947.1|	96.746	461	13	2	6	465	326	785	0.0	769	657309
2922a3a2c8d115d360af460e9f145d9f	gi|2363084431|ref|NR_180463.1|	96.746	461	13	2	6	465	340	799	0.0	767	2650158
2922a3a2c8d115d360af460e9f145d9f	gi|631251744|ref|NR_112942.1|	96.746	461	13	2	6	465	323	782	0.0	767	291644
9d3b1f6d65b2bcc46803b60b815f8fcf	gi|343200903|ref|NR_041590.1|	97.441	469	11	1	6	473	140	608	0.0	798	742816
9d3b1f6d65b2bcc46803b60b815f8fcf	gi|343199066|ref|NR_044473.1|	97.234	470	10	3	6	473	295	763	0.0	793	491921
9d3b1f6d65b2bcc46803b60b815f8fcf	gi|219878375|ref|NR_025514.1|	94.243	469	26	1	6	473	335	803	0.0	715	158847
9d3b1f6d65b2bcc46803b60b815f8fcf	gi|645321057|ref|NR_118115.1|	91.915	470	35	3	6	473	345	813	0.0	654	1002795
9d3b1f6d65b2bcc46803b60b815f8fcf	gi|645320513|ref|NR_117702.1|	91.845	466	36	2	6	470	318	782	0.0	649	865
9d3b1f6d65b2bcc46803b60b815f8fcf	gi|636558562|ref|NR_114619.1|	91.845	466	36	2	6	470	347	811	0.0	649	86956
9d3b1f6d65b2bcc46803b60b815f8fcf	gi|343202547|ref|NR_042900.1|	91.631	466	37	2	6	470	225	689	0.0	645	259840
9d3b1f6d65b2bcc46803b60b815f8fcf	gi|559795237|ref|NR_104827.1|	91.631	466	37	2	6	470	339	803	0.0	643	86956
9d3b1f6d65b2bcc46803b60b815f8fcf	gi|343203314|ref|NR_043658.1|	91.416	466	38	2	6	470	349	813	0.0	638	349096
9d3b1f6d65b2bcc46803b60b815f8fcf	gi|2363082521|ref|NR_179507.1|	89.597	471	44	5	6	473	341	809	2.93e-169	593	1806837
abfdde63b5af6ee572defcc6ebc1d08b	gi|631251742|ref|NR_112940.1|	98.698	461	4	2	6	465	327	786	0.0	817	28116
abfdde63b5af6ee572defcc6ebc1d08b	gi|636559244|ref|NR_115301.1|	98.698	461	4	2	6	465	320	779	0.0	817	28116
abfdde63b5af6ee572defcc6ebc1d08b	gi|1491509587|ref|NR_159118.1|	98.482	461	5	2	6	465	310	769	0.0	811	28116
abfdde63b5af6ee572defcc6ebc1d08b	gi|1491509586|ref|NR_159117.1|	98.482	461	5	2	6	465	301	760	0.0	811	28116
abfdde63b5af6ee572defcc6ebc1d08b	gi|636560121|ref|NR_116181.1|	98.482	461	4	3	6	465	333	791	0.0	809	28116
abfdde63b5af6ee572defcc6ebc1d08b	gi|343200178|ref|NR_040865.1|	98.268	462	4	4	6	465	333	792	0.0	806	28116
abfdde63b5af6ee572defcc6ebc1d08b	gi|645322410|ref|NR_119165.1|	97.614	461	9	2	6	465	319	778	0.0	797	28116
abfdde63b5af6ee572defcc6ebc1d08b	gi|444303855|ref|NR_074277.1|	96.739	460	15	0	6	465	352	811	0.0	767	818
abfdde63b5af6ee572defcc6ebc1d08b	gi|631251746|ref|NR_112944.1|	96.739	460	15	0	6	465	324	783	0.0	767	818
abfdde63b5af6ee572defcc6ebc1d08b	gi|631251749|ref|NR_112947.1|	96.529	461	14	2	6	465	326	785	0.0	763	657309
777b4c87fcd5eecdd5172f7491bc1f27	gi|559795255|ref|NR_104846.1|	99.091	440	4	0	6	445	288	727	0.0	791	745368
777b4c87fcd5eecdd5172f7491bc1f27	gi|265678692|ref|NR_028997.1|	98.186	441	7	1	6	445	303	743	0.0	769	214851
777b4c87fcd5eecdd5172f7491bc1f27	gi|2363084747|ref|NR_180622.1|	94.318	440	25	0	6	445	335	774	0.0	675	2779354
777b4c87fcd5eecdd5172f7491bc1f27	gi|1277396189|ref|NR_151900.1|	93.409	440	29	0	6	445	351	790	0.0	652	1550024
777b4c87fcd5eecdd5172f7491bc1f27	gi|1397641802|ref|NR_156911.1|	93.182	440	30	0	6	445	351	790	0.0	647	1650663
777b4c87fcd5eecdd5172f7491bc1f27	gi|2363080123|ref|NR_178280.1|	92.500	440	33	0	6	445	331	770	2.11e-180	630	411483
777b4c87fcd5eecdd5172f7491bc1f27	gi|3030611269|ref|NR_199945.1|	92.273	440	34	0	6	445	335	774	9.82e-179	625	3435293
777b4c87fcd5eecdd5172f7491bc1f27	gi|2363082356|ref|NR_179425.1|	92.290	441	32	2	6	445	351	790	9.82e-179	625	1689304
777b4c87fcd5eecdd5172f7491bc1f27	gi|2363082282|ref|NR_179388.1|	92.273	440	34	0	6	445	335	774	9.82e-179	625	2935520
777b4c87fcd5eecdd5172f7491bc1f27	gi|265678656|ref|NR_028961.1|	92.273	440	34	0	6	445	327	766	9.82e-179	625	853
d393599525d76832aa9b0e09d0f2183c	gi|310974914|ref|NR_036777.1|	99.074	432	4	0	6	437	333	764	0.0	778	33039
d393599525d76832aa9b0e09d0f2183c	gi|2363084846|ref|NR_180671.1|	97.955	440	9	0	6	445	63	502	0.0	763	2594882
d393599525d76832aa9b0e09d0f2183c	gi|2363082374|ref|NR_179434.1|	97.727	440	10	0	6	445	349	788	0.0	758	1720300
d393599525d76832aa9b0e09d0f2183c	gi|2962412221|ref|NR_199415.1|	97.273	440	12	0	6	445	338	777	0.0	747	3136600
d393599525d76832aa9b0e09d0f2183c	gi|636560687|ref|NR_116747.1|	97.045	440	13	0	6	445	301	740	0.0	741	1298596
d393599525d76832aa9b0e09d0f2183c	gi|636559443|ref|NR_115502.1|	95.928	442	15	3	6	445	349	789	0.0	726	33039
d393599525d76832aa9b0e09d0f2183c	gi|631251356|ref|NR_112553.1|	96.145	441	16	1	6	445	348	788	0.0	719	342942
d393599525d76832aa9b0e09d0f2183c	gi|2363085133|ref|NR_180815.1|	95.909	440	18	0	6	445	350	789	0.0	713	2606633
d393599525d76832aa9b0e09d0f2183c	gi|2363082059|ref|NR_179276.1|	95.909	440	18	0	6	445	334	773	0.0	713	2316025
d393599525d76832aa9b0e09d0f2183c	gi|2363083556|ref|NR_180026.1|	95.909	440	18	0	6	445	348	787	0.0	713	2696678
f1a10fc80d02aca84306cebdf5869f22	gi|343200591|ref|NR_041278.1|	99.130	460	4	0	6	465	339	798	0.0	828	470145
f1a10fc80d02aca84306cebdf5869f22	gi|2221405488|ref|NR_175548.1|	94.372	462	22	4	6	465	346	805	0.0	706	2739389
f1a10fc80d02aca84306cebdf5869f22	gi|2363082641|ref|NR_179567.1|	93.478	460	30	0	6	465	339	798	0.0	686	1907658
f1a10fc80d02aca84306cebdf5869f22	gi|2363082635|ref|NR_179564.1|	93.506	462	26	4	6	465	338	797	0.0	684	1903262
f1a10fc80d02aca84306cebdf5869f22	gi|1116030286|ref|NR_144744.1|	93.261	460	31	0	6	465	339	798	0.0	680	1841856
f1a10fc80d02aca84306cebdf5869f22	gi|631251740|ref|NR_112938.1|	93.074	462	28	4	6	465	326	785	0.0	673	204516
f1a10fc80d02aca84306cebdf5869f22	gi|343200590|ref|NR_041277.1|	93.043	460	32	0	6	465	339	798	0.0	673	484018
f1a10fc80d02aca84306cebdf5869f22	gi|343198509|ref|NR_042745.1|	93.074	462	28	4	6	465	338	797	0.0	673	204516
f1a10fc80d02aca84306cebdf5869f22	gi|1146059112|ref|NR_145844.1|	92.842	461	31	2	6	465	339	798	0.0	667	1411144
f1a10fc80d02aca84306cebdf5869f22	gi|2363086254|ref|NR_181379.1|	92.842	461	31	2	6	465	341	800	0.0	667	2725562
eb089b66ee2266ff512dcc32ac91c6bd	gi|2363080123|ref|NR_178280.1|	98.864	440	5	0	6	445	331	770	0.0	785	411483
eb089b66ee2266ff512dcc32ac91c6bd	gi|3030611269|ref|NR_199945.1|	98.636	440	6	0	6	445	335	774	0.0	780	3435293
eb089b66ee2266ff512dcc32ac91c6bd	gi|2363081449|ref|NR_178971.1|	98.409	440	6	1	6	445	285	723	0.0	773	1851427
eb089b66ee2266ff512dcc32ac91c6bd	gi|265678656|ref|NR_028961.1|	98.182	440	8	0	6	445	327	766	0.0	769	853
eb089b66ee2266ff512dcc32ac91c6bd	gi|2363081451|ref|NR_178972.1|	97.955	440	9	0	6	445	285	724	0.0	763	1851428
eb089b66ee2266ff512dcc32ac91c6bd	gi|2363082282|ref|NR_179388.1|	97.279	441	10	2	6	445	335	774	0.0	747	2935520
eb089b66ee2266ff512dcc32ac91c6bd	gi|2363080175|ref|NR_178311.1|	96.591	440	15	0	6	445	412	851	0.0	730	2903556
eb089b66ee2266ff512dcc32ac91c6bd	gi|2363084747|ref|NR_180622.1|	93.424	441	27	2	6	445	335	774	0.0	652	2779354
eb089b66ee2266ff512dcc32ac91c6bd	gi|559795255|ref|NR_104846.1|	93.182	440	30	0	6	445	288	727	0.0	647	745368
eb089b66ee2266ff512dcc32ac91c6bd	gi|1277396189|ref|NR_151900.1|	92.727	440	32	0	6	445	351	790	0.0	636	1550024
8add6bc90652fb07ae976ce1ba5cb298	gi|2363080123|ref|NR_178280.1|	99.318	440	3	0	6	445	331	770	0.0	797	411483
8add6bc90652fb07ae976ce1ba5cb298	gi|2363081449|ref|NR_178971.1|	98.864	440	4	1	6	445	285	723	0.0	784	1851427
8add6bc90652fb07ae976ce1ba5cb298	gi|265678656|ref|NR_028961.1|	98.636	440	6	0	6	445	327	766	0.0	780	853
8add6bc90652fb07ae976ce1ba5cb298	gi|2363081451|ref|NR_178972.1|	98.409	440	7	0	6	445	285	724	0.0	774	1851428
8add6bc90652fb07ae976ce1ba5cb298	gi|3030611269|ref|NR_199945.1|	98.182	440	8	0	6	445	335	774	0.0	769	3435293
8add6bc90652fb07ae976ce1ba5cb298	gi|2363082282|ref|NR_179388.1|	97.732	441	8	2	6	445	335	774	0.0	758	2935520
8add6bc90652fb07ae976ce1ba5cb298	gi|2363080175|ref|NR_178311.1|	97.045	440	13	0	6	445	412	851	0.0	741	2903556
8add6bc90652fb07ae976ce1ba5cb298	gi|2363084747|ref|NR_180622.1|	92.971	441	29	2	6	445	335	774	0.0	641	2779354
8add6bc90652fb07ae976ce1ba5cb298	gi|559795255|ref|NR_104846.1|	92.727	440	32	0	6	445	288	727	0.0	636	745368
8add6bc90652fb07ae976ce1ba5cb298	gi|1277396189|ref|NR_151900.1|	92.273	440	34	0	6	445	351	790	9.82e-179	625	1550024
090d4ec81fc3c77f1c9bc501640a509d	gi|343200590|ref|NR_041277.1|	98.913	460	5	0	6	465	339	798	0.0	822	484018
090d4ec81fc3c77f1c9bc501640a509d	gi|2221405488|ref|NR_175548.1|	95.671	462	16	4	6	465	346	805	0.0	739	2739389
090d4ec81fc3c77f1c9bc501640a509d	gi|1116030286|ref|NR_144744.1|	93.913	460	28	0	6	465	339	798	0.0	697	1841856
090d4ec81fc3c77f1c9bc501640a509d	gi|343200591|ref|NR_041278.1|	92.609	460	34	0	6	465	339	798	0.0	662	470145
090d4ec81fc3c77f1c9bc501640a509d	gi|2363082641|ref|NR_179567.1|	92.174	460	36	0	6	465	339	798	0.0	652	1907658
090d4ec81fc3c77f1c9bc501640a509d	gi|444304192|ref|NR_074616.1|	92.174	460	36	0	6	465	341	800	0.0	651	376805
090d4ec81fc3c77f1c9bc501640a509d	gi|343200760|ref|NR_041447.1|	92.174	460	36	0	6	465	326	785	0.0	651	376805
090d4ec81fc3c77f1c9bc501640a509d	gi|1146059112|ref|NR_145844.1|	91.558	462	35	4	6	465	339	798	0.0	634	1411144
090d4ec81fc3c77f1c9bc501640a509d	gi|631251740|ref|NR_112938.1|	91.323	461	38	2	6	465	326	785	7.95e-180	628	204516
090d4ec81fc3c77f1c9bc501640a509d	gi|343198509|ref|NR_042745.1|	91.323	461	38	2	6	465	338	797	7.95e-180	628	204516
223eaefa5d25e77ca25fcd2af6f1d33e	gi|2363080123|ref|NR_178280.1|	99.318	440	3	0	6	445	331	770	0.0	797	411483
223eaefa5d25e77ca25fcd2af6f1d33e	gi|2363081449|ref|NR_178971.1|	98.864	440	4	1	6	445	285	723	0.0	784	1851427
223eaefa5d25e77ca25fcd2af6f1d33e	gi|265678656|ref|NR_028961.1|	98.636	440	6	0	6	445	327	766	0.0	780	853
223eaefa5d25e77ca25fcd2af6f1d33e	gi|2363081451|ref|NR_178972.1|	98.409	440	7	0	6	445	285	724	0.0	774	1851428
223eaefa5d25e77ca25fcd2af6f1d33e	gi|3030611269|ref|NR_199945.1|	98.182	440	8	0	6	445	335	774	0.0	769	3435293
223eaefa5d25e77ca25fcd2af6f1d33e	gi|2363082282|ref|NR_179388.1|	97.732	441	8	2	6	445	335	774	0.0	758	2935520
223eaefa5d25e77ca25fcd2af6f1d33e	gi|2363080175|ref|NR_178311.1|	97.045	440	13	0	6	445	412	851	0.0	741	2903556
223eaefa5d25e77ca25fcd2af6f1d33e	gi|2363084747|ref|NR_180622.1|	92.971	441	29	2	6	445	335	774	0.0	641	2779354
223eaefa5d25e77ca25fcd2af6f1d33e	gi|559795255|ref|NR_104846.1|	92.727	440	32	0	6	445	288	727	0.0	636	745368
223eaefa5d25e77ca25fcd2af6f1d33e	gi|1277396189|ref|NR_151900.1|	92.273	440	34	0	6	445	351	790	9.82e-179	625	1550024
7f22eb7b04f93510679f56c63fe9fead	gi|2363081451|ref|NR_178972.1|	99.545	440	2	0	6	445	285	724	0.0	802	1851428
7f22eb7b04f93510679f56c63fe9fead	gi|265678656|ref|NR_028961.1|	98.864	440	5	0	6	445	327	766	0.0	785	853
7f22eb7b04f93510679f56c63fe9fead	gi|2363082282|ref|NR_179388.1|	98.636	440	6	0	6	445	335	774	0.0	780	2935520
7f22eb7b04f93510679f56c63fe9fead	gi|2363080123|ref|NR_178280.1|	98.636	440	6	0	6	445	331	770	0.0	780	411483
7f22eb7b04f93510679f56c63fe9fead	gi|3030611269|ref|NR_199945.1|	98.409	440	7	0	6	445	335	774	0.0	774	3435293
7f22eb7b04f93510679f56c63fe9fead	gi|2363081449|ref|NR_178971.1|	98.182	440	7	1	6	445	285	723	0.0	767	1851427
7f22eb7b04f93510679f56c63fe9fead	gi|2363080175|ref|NR_178311.1|	96.591	440	15	0	6	445	412	851	0.0	730	2903556
7f22eb7b04f93510679f56c63fe9fead	gi|1397641802|ref|NR_156911.1|	92.727	440	32	0	6	445	351	790	0.0	636	1650663
7f22eb7b04f93510679f56c63fe9fead	gi|2363084747|ref|NR_180622.1|	92.727	440	32	0	6	445	335	774	0.0	636	2779354
7f22eb7b04f93510679f56c63fe9fead	gi|2363082356|ref|NR_179425.1|	92.517	441	31	2	6	445	351	790	2.11e-180	630	1689304
d43b52475cd893df5a7bb33147979f91	gi|559795255|ref|NR_104846.1|	99.318	440	3	0	6	445	288	727	0.0	797	745368
d43b52475cd893df5a7bb33147979f91	gi|265678692|ref|NR_028997.1|	98.413	441	6	1	6	445	303	743	0.0	774	214851
d43b52475cd893df5a7bb33147979f91	gi|2363084747|ref|NR_180622.1|	94.545	440	24	0	6	445	335	774	0.0	680	2779354
d43b52475cd893df5a7bb33147979f91	gi|1277396189|ref|NR_151900.1|	93.636	440	28	0	6	445	351	790	0.0	658	1550024
d43b52475cd893df5a7bb33147979f91	gi|1397641802|ref|NR_156911.1|	93.409	440	29	0	6	445	351	790	0.0	652	1650663
d43b52475cd893df5a7bb33147979f91	gi|2363080123|ref|NR_178280.1|	92.727	440	32	0	6	445	331	770	0.0	636	411483
d43b52475cd893df5a7bb33147979f91	gi|3030611269|ref|NR_199945.1|	92.500	440	33	0	6	445	335	774	2.11e-180	630	3435293
d43b52475cd893df5a7bb33147979f91	gi|2363082356|ref|NR_179425.1|	92.517	441	31	2	6	445	351	790	2.11e-180	630	1689304
d43b52475cd893df5a7bb33147979f91	gi|2363082282|ref|NR_179388.1|	92.500	440	33	0	6	445	335	774	2.11e-180	630	2935520
d43b52475cd893df5a7bb33147979f91	gi|265678656|ref|NR_028961.1|	92.500	440	33	0	6	445	327	766	2.11e-180	630	853
42b5c91b8a8768468789f2c0a3635675	gi|631251742|ref|NR_112940.1|	99.130	460	4	0	6	465	327	786	0.0	828	28116
42b5c91b8a8768468789f2c0a3635675	gi|636559244|ref|NR_115301.1|	99.130	460	4	0	6	465	320	779	0.0	828	28116
42b5c91b8a8768468789f2c0a3635675	gi|1491509587|ref|NR_159118.1|	98.913	460	5	0	6	465	310	769	0.0	822	28116
42b5c91b8a8768468789f2c0a3635675	gi|1491509586|ref|NR_159117.1|	98.913	460	5	0	6	465	301	760	0.0	822	28116
42b5c91b8a8768468789f2c0a3635675	gi|636560121|ref|NR_116181.1|	98.913	460	4	1	6	465	333	791	0.0	821	28116
42b5c91b8a8768468789f2c0a3635675	gi|343200178|ref|NR_040865.1|	98.698	461	4	2	6	465	333	792	0.0	817	28116
42b5c91b8a8768468789f2c0a3635675	gi|645322410|ref|NR_119165.1|	98.043	460	9	0	6	465	319	778	0.0	808	28116
42b5c91b8a8768468789f2c0a3635675	gi|631251749|ref|NR_112947.1|	96.957	460	14	0	6	465	326	785	0.0	774	657309
42b5c91b8a8768468789f2c0a3635675	gi|2363084431|ref|NR_180463.1|	96.957	460	14	0	6	465	340	799	0.0	773	2650158
42b5c91b8a8768468789f2c0a3635675	gi|343201773|ref|NR_042499.1|	96.957	460	14	0	6	465	294	753	0.0	773	657309
05e05171fc00b0ab12fdad35770772d3	gi|631252213|ref|NR_113411.1|	98.696	460	6	0	6	465	341	800	0.0	817	537011
05e05171fc00b0ab12fdad35770772d3	gi|343200190|ref|NR_040877.1|	98.478	460	7	0	6	465	341	800	0.0	813	537011
05e05171fc00b0ab12fdad35770772d3	gi|2363084409|ref|NR_180452.1|	97.826	460	10	0	6	465	321	780	0.0	795	2518605
05e05171fc00b0ab12fdad35770772d3	gi|631251907|ref|NR_113105.1|	93.492	461	28	2	6	465	329	788	0.0	684	470565
05e05171fc00b0ab12fdad35770772d3	gi|343199048|ref|NR_044407.1|	93.492	461	28	2	6	465	321	780	0.0	684	470565
05e05171fc00b0ab12fdad35770772d3	gi|566085557|ref|NR_109628.1|	93.059	461	30	2	6	465	322	781	0.0	673	1177574
05e05171fc00b0ab12fdad35770772d3	gi|631251894|ref|NR_113092.1|	93.059	461	30	2	6	465	329	788	0.0	673	77768
05e05171fc00b0ab12fdad35770772d3	gi|265678842|ref|NR_029147.1|	93.074	462	28	4	6	465	344	803	0.0	673	28136
05e05171fc00b0ab12fdad35770772d3	gi|219878161|ref|NR_025300.1|	93.059	461	30	2	6	465	341	800	0.0	673	77768
05e05171fc00b0ab12fdad35770772d3	gi|631251922|ref|NR_113120.1|	92.857	462	29	4	6	465	339	798	0.0	667	28136
af6b61918fe5fed2002831ce693c4116	gi|631252213|ref|NR_113411.1|	98.913	460	5	0	6	465	341	800	0.0	822	537011
af6b61918fe5fed2002831ce693c4116	gi|343200190|ref|NR_040877.1|	98.696	460	6	0	6	465	341	800	0.0	819	537011
af6b61918fe5fed2002831ce693c4116	gi|2363084409|ref|NR_180452.1|	97.609	460	11	0	6	465	321	780	0.0	789	2518605
af6b61918fe5fed2002831ce693c4116	gi|631251894|ref|NR_113092.1|	93.926	461	26	2	6	465	329	788	0.0	695	77768
af6b61918fe5fed2002831ce693c4116	gi|219878161|ref|NR_025300.1|	93.926	461	26	2	6	465	341	800	0.0	695	77768
af6b61918fe5fed2002831ce693c4116	gi|631251922|ref|NR_113120.1|	93.506	462	26	4	6	465	339	798	0.0	684	28136
af6b61918fe5fed2002831ce693c4116	gi|265678842|ref|NR_029147.1|	93.492	461	28	2	6	465	344	803	0.0	684	28136
af6b61918fe5fed2002831ce693c4116	gi|631251907|ref|NR_113105.1|	93.275	461	29	2	6	465	329	788	0.0	678	470565
af6b61918fe5fed2002831ce693c4116	gi|343199048|ref|NR_044407.1|	93.275	461	29	2	6	465	321	780	0.0	678	470565
af6b61918fe5fed2002831ce693c4116	gi|2363080041|ref|NR_178237.1|	92.842	461	31	2	6	465	330	789	0.0	667	2801997
0bdf5a624ebfbbb47a8259d76e148d11	gi|636560108|ref|NR_116168.1|	99.785	465	1	0	6	470	335	799	0.0	854	888828
0bdf5a624ebfbbb47a8259d76e148d11	gi|343202529|ref|NR_042878.1|	99.785	465	1	0	6	470	314	778	0.0	854	888828
0bdf5a624ebfbbb47a8259d76e148d11	gi|645321895|ref|NR_118762.1|	98.488	463	7	0	8	470	340	802	0.0	828	888828
0bdf5a624ebfbbb47a8259d76e148d11	gi|645321093|ref|NR_118143.1|	98.495	465	7	0	6	470	316	780	0.0	822	1035839
0bdf5a624ebfbbb47a8259d76e148d11	gi|219878284|ref|NR_025423.1|	97.849	465	10	0	6	470	319	783	0.0	804	249188
0bdf5a624ebfbbb47a8259d76e148d11	gi|3248465850|ref|NR_201865.1|	96.574	467	12	4	6	470	261	725	0.0	771	3414265
0bdf5a624ebfbbb47a8259d76e148d11	gi|343202522|ref|NR_042871.1|	96.344	465	17	0	6	470	316	780	0.0	769	123820
0bdf5a624ebfbbb47a8259d76e148d11	gi|1491522540|ref|NR_159347.1|	96.344	465	17	0	6	470	340	804	0.0	769	28161
0bdf5a624ebfbbb47a8259d76e148d11	gi|694281134|ref|NR_115546.2|	96.360	467	13	4	6	470	344	808	0.0	765	715
0bdf5a624ebfbbb47a8259d76e148d11	gi|636559161|ref|NR_115218.1|	96.360	467	13	4	6	470	314	778	0.0	765	157339
e761f81b982b53ea7fe7754df25ef193	gi|631251742|ref|NR_112940.1|	98.698	461	4	2	6	465	327	786	0.0	817	28116
e761f81b982b53ea7fe7754df25ef193	gi|636559244|ref|NR_115301.1|	98.698	461	4	2	6	465	320	779	0.0	817	28116
e761f81b982b53ea7fe7754df25ef193	gi|1491509587|ref|NR_159118.1|	98.482	461	5	2	6	465	310	769	0.0	811	28116
e761f81b982b53ea7fe7754df25ef193	gi|1491509586|ref|NR_159117.1|	98.482	461	5	2	6	465	301	760	0.0	811	28116
e761f81b982b53ea7fe7754df25ef193	gi|636560121|ref|NR_116181.1|	98.482	461	4	3	6	465	333	791	0.0	809	28116
e761f81b982b53ea7fe7754df25ef193	gi|343200178|ref|NR_040865.1|	98.268	462	4	4	6	465	333	792	0.0	806	28116
e761f81b982b53ea7fe7754df25ef193	gi|645322410|ref|NR_119165.1|	97.614	461	9	2	6	465	319	778	0.0	797	28116
e761f81b982b53ea7fe7754df25ef193	gi|444303855|ref|NR_074277.1|	96.739	460	15	0	6	465	352	811	0.0	767	818
e761f81b982b53ea7fe7754df25ef193	gi|631251746|ref|NR_112944.1|	96.739	460	15	0	6	465	324	783	0.0	767	818
e761f81b982b53ea7fe7754df25ef193	gi|631251749|ref|NR_112947.1|	96.529	461	14	2	6	465	326	785	0.0	763	657309
b9421db147d1206e4c2c015c381e4ef5	gi|2363081451|ref|NR_178972.1|	99.318	440	3	0	6	445	285	724	0.0	797	1851428
b9421db147d1206e4c2c015c381e4ef5	gi|265678656|ref|NR_028961.1|	98.636	440	6	0	6	445	327	766	0.0	780	853
b9421db147d1206e4c2c015c381e4ef5	gi|2363082282|ref|NR_179388.1|	98.409	440	7	0	6	445	335	774	0.0	774	2935520
b9421db147d1206e4c2c015c381e4ef5	gi|2363080123|ref|NR_178280.1|	98.409	440	7	0	6	445	331	770	0.0	774	411483
b9421db147d1206e4c2c015c381e4ef5	gi|3030611269|ref|NR_199945.1|	98.182	440	8	0	6	445	335	774	0.0	769	3435293
b9421db147d1206e4c2c015c381e4ef5	gi|2363081449|ref|NR_178971.1|	98.182	440	7	1	6	445	285	723	0.0	767	1851427
b9421db147d1206e4c2c015c381e4ef5	gi|2363080175|ref|NR_178311.1|	96.364	440	16	0	6	445	412	851	0.0	725	2903556
b9421db147d1206e4c2c015c381e4ef5	gi|1397641802|ref|NR_156911.1|	92.500	440	33	0	6	445	351	790	2.11e-180	630	1650663
b9421db147d1206e4c2c015c381e4ef5	gi|2363084747|ref|NR_180622.1|	92.500	440	33	0	6	445	335	774	2.11e-180	630	2779354
b9421db147d1206e4c2c015c381e4ef5	gi|2363082356|ref|NR_179425.1|	92.290	441	32	2	6	445	351	790	9.82e-179	625	1689304
7bed7df9f0138b0cc751d1efb191d432	gi|2363082679|ref|NR_179587.1|	99.091	440	4	0	6	445	328	767	0.0	791	1926283
7bed7df9f0138b0cc751d1efb191d432	gi|2363081854|ref|NR_179173.1|	99.091	440	4	0	6	445	333	772	0.0	791	2126740
7bed7df9f0138b0cc751d1efb191d432	gi|1384992332|ref|NR_156081.1|	96.818	440	14	0	6	445	336	775	0.0	736	1469948
7bed7df9f0138b0cc751d1efb191d432	gi|1384992329|ref|NR_156078.1|	96.818	440	14	0	6	445	336	775	0.0	736	1469948
7bed7df9f0138b0cc751d1efb191d432	gi|3030611230|ref|NR_199906.1|	96.591	440	15	0	6	445	354	793	0.0	730	3123317
7bed7df9f0138b0cc751d1efb191d432	gi|3030611314|ref|NR_199990.1|	96.591	440	15	0	6	445	350	789	0.0	730	3123317
7bed7df9f0138b0cc751d1efb191d432	gi|1384992331|ref|NR_156080.1|	96.591	440	15	0	6	445	336	775	0.0	730	1469948
7bed7df9f0138b0cc751d1efb191d432	gi|1384992328|ref|NR_156077.1|	96.591	440	15	0	6	445	336	775	0.0	730	1469948
7bed7df9f0138b0cc751d1efb191d432	gi|2363085097|ref|NR_180797.1|	96.591	440	15	0	6	445	346	785	0.0	730	2605778
7bed7df9f0138b0cc751d1efb191d432	gi|2363082819|ref|NR_179658.1|	96.591	440	15	0	6	445	353	792	0.0	730	2086584
edacad7133a66bb4ccf5c822b4e8849c	gi|1277396349|ref|NR_152060.1|	98.871	443	4	1	6	447	336	778	0.0	789	1712515
edacad7133a66bb4ccf5c822b4e8849c	gi|1277396271|ref|NR_151982.1|	98.871	443	4	1	6	447	248	690	0.0	789	1628085
edacad7133a66bb4ccf5c822b4e8849c	gi|545589041|ref|NR_044644.2|	95.928	442	17	1	6	447	354	794	0.0	723	39484
edacad7133a66bb4ccf5c822b4e8849c	gi|1193829128|ref|NR_147371.1|	95.928	442	17	1	6	447	277	717	0.0	715	1871029
edacad7133a66bb4ccf5c822b4e8849c	gi|343205971|ref|NR_044490.1|	94.144	444	24	2	6	447	348	791	0.0	675	501571
edacad7133a66bb4ccf5c822b4e8849c	gi|2363082930|ref|NR_179713.1|	93.905	443	26	1	6	447	319	761	0.0	667	1945634
edacad7133a66bb4ccf5c822b4e8849c	gi|2363087009|ref|NR_181761.1|	92.534	442	33	0	6	447	269	710	0.0	634	2841509
edacad7133a66bb4ccf5c822b4e8849c	gi|265679047|ref|NR_029355.1|	90.271	442	41	1	6	447	332	771	2.80e-164	577	84026
edacad7133a66bb4ccf5c822b4e8849c	gi|2363082352|ref|NR_179423.1|	90.068	443	43	1	6	447	349	791	3.63e-163	573	1689270
edacad7133a66bb4ccf5c822b4e8849c	gi|645321636|ref|NR_118554.1|	90.068	443	43	1	6	447	329	771	3.63e-163	573	1297617
404336bfa9d7c3ecf697b6cefc9987ca	gi|2363081451|ref|NR_178972.1|	99.545	440	2	0	6	445	285	724	0.0	802	1851428
404336bfa9d7c3ecf697b6cefc9987ca	gi|265678656|ref|NR_028961.1|	98.864	440	5	0	6	445	327	766	0.0	785	853
404336bfa9d7c3ecf697b6cefc9987ca	gi|2363082282|ref|NR_179388.1|	98.636	440	6	0	6	445	335	774	0.0	780	2935520
404336bfa9d7c3ecf697b6cefc9987ca	gi|2363080123|ref|NR_178280.1|	98.636	440	6	0	6	445	331	770	0.0	780	411483
404336bfa9d7c3ecf697b6cefc9987ca	gi|3030611269|ref|NR_199945.1|	98.409	440	7	0	6	445	335	774	0.0	774	3435293
404336bfa9d7c3ecf697b6cefc9987ca	gi|2363081449|ref|NR_178971.1|	98.182	440	7	1	6	445	285	723	0.0	767	1851427
404336bfa9d7c3ecf697b6cefc9987ca	gi|2363080175|ref|NR_178311.1|	96.591	440	15	0	6	445	412	851	0.0	730	2903556
404336bfa9d7c3ecf697b6cefc9987ca	gi|1397641802|ref|NR_156911.1|	92.727	440	32	0	6	445	351	790	0.0	636	1650663
404336bfa9d7c3ecf697b6cefc9987ca	gi|2363084747|ref|NR_180622.1|	92.727	440	32	0	6	445	335	774	0.0	636	2779354
404336bfa9d7c3ecf697b6cefc9987ca	gi|2363082356|ref|NR_179425.1|	92.517	441	31	2	6	445	351	790	2.11e-180	630	1689304
562774b613424b486ef73916298e91c1	gi|444304091|ref|NR_074515.1|	99.130	460	4	0	6	465	350	809	0.0	828	435590
562774b613424b486ef73916298e91c1	gi|631251748|ref|NR_112946.1|	99.130	460	4	0	6	465	339	798	0.0	828	821
562774b613424b486ef73916298e91c1	gi|631250946|ref|NR_112143.1|	98.913	460	5	0	6	465	307	766	0.0	822	821
562774b613424b486ef73916298e91c1	gi|343200664|ref|NR_041351.1|	98.696	460	6	0	6	465	341	800	0.0	817	357276
562774b613424b486ef73916298e91c1	gi|631251997|ref|NR_113195.1|	93.696	460	29	0	6	465	338	797	0.0	689	1236515
562774b613424b486ef73916298e91c1	gi|631251866|ref|NR_113064.1|	93.478	460	30	0	6	465	338	797	0.0	684	1236538
562774b613424b486ef73916298e91c1	gi|631251817|ref|NR_113015.1|	93.478	460	30	0	6	465	338	797	0.0	684	1236538
562774b613424b486ef73916298e91c1	gi|645320081|ref|NR_117373.1|	93.478	460	30	0	6	465	289	748	0.0	684	1236515
562774b613424b486ef73916298e91c1	gi|2363082547|ref|NR_179520.1|	93.261	460	31	0	6	465	314	773	0.0	678	1841855
562774b613424b486ef73916298e91c1	gi|2363085522|ref|NR_181010.1|	93.043	460	32	0	6	465	297	756	0.0	673	2786956
f2c0dd76d88252e4f19c542d1c364cf2	gi|559795255|ref|NR_104846.1|	99.318	440	3	0	6	445	288	727	0.0	797	745368
f2c0dd76d88252e4f19c542d1c364cf2	gi|265678692|ref|NR_028997.1|	98.413	441	6	1	6	445	303	743	0.0	774	214851
f2c0dd76d88252e4f19c542d1c364cf2	gi|2363084747|ref|NR_180622.1|	94.545	440	24	0	6	445	335	774	0.0	680	2779354
f2c0dd76d88252e4f19c542d1c364cf2	gi|1277396189|ref|NR_151900.1|	93.636	440	28	0	6	445	351	790	0.0	658	1550024
f2c0dd76d88252e4f19c542d1c364cf2	gi|1397641802|ref|NR_156911.1|	93.409	440	29	0	6	445	351	790	0.0	652	1650663
f2c0dd76d88252e4f19c542d1c364cf2	gi|2363080123|ref|NR_178280.1|	92.727	440	32	0	6	445	331	770	0.0	636	411483
f2c0dd76d88252e4f19c542d1c364cf2	gi|3030611269|ref|NR_199945.1|	92.500	440	33	0	6	445	335	774	2.11e-180	630	3435293
f2c0dd76d88252e4f19c542d1c364cf2	gi|2363082356|ref|NR_179425.1|	92.517	441	31	2	6	445	351	790	2.11e-180	630	1689304
f2c0dd76d88252e4f19c542d1c364cf2	gi|2363082282|ref|NR_179388.1|	92.500	440	33	0	6	445	335	774	2.11e-180	630	2935520
f2c0dd76d88252e4f19c542d1c364cf2	gi|265678656|ref|NR_028961.1|	92.500	440	33	0	6	445	327	766	2.11e-180	630	853
c9a296e7fac4aa5ccb538c4bce03731d	gi|631251742|ref|NR_112940.1|	99.132	461	2	2	6	465	327	786	0.0	828	28116
c9a296e7fac4aa5ccb538c4bce03731d	gi|636559244|ref|NR_115301.1|	99.132	461	2	2	6	465	320	779	0.0	828	28116
c9a296e7fac4aa5ccb538c4bce03731d	gi|1491509587|ref|NR_159118.1|	98.915	461	3	2	6	465	310	769	0.0	822	28116
c9a296e7fac4aa5ccb538c4bce03731d	gi|1491509586|ref|NR_159117.1|	98.915	461	3	2	6	465	301	760	0.0	822	28116
c9a296e7fac4aa5ccb538c4bce03731d	gi|636560121|ref|NR_116181.1|	98.915	461	2	3	6	465	333	791	0.0	821	28116
c9a296e7fac4aa5ccb538c4bce03731d	gi|343200178|ref|NR_040865.1|	98.701	462	2	4	6	465	333	792	0.0	817	28116
c9a296e7fac4aa5ccb538c4bce03731d	gi|645322410|ref|NR_119165.1|	98.048	461	7	2	6	465	319	778	0.0	808	28116
c9a296e7fac4aa5ccb538c4bce03731d	gi|444303855|ref|NR_074277.1|	97.174	460	13	0	6	465	352	811	0.0	778	818
c9a296e7fac4aa5ccb538c4bce03731d	gi|631251746|ref|NR_112944.1|	97.174	460	13	0	6	465	324	783	0.0	778	818
c9a296e7fac4aa5ccb538c4bce03731d	gi|631251749|ref|NR_112947.1|	96.963	461	12	2	6	465	326	785	0.0	774	657309
7de9d3439d3b5d614c940b85bbbcb453	gi|2363082569|ref|NR_179531.1|	98.643	442	6	0	6	447	347	788	0.0	784	1852369
7de9d3439d3b5d614c940b85bbbcb453	gi|1269801610|ref|NR_074793.2|	93.891	442	27	0	6	447	355	796	0.0	667	351091
7de9d3439d3b5d614c940b85bbbcb453	gi|343200653|ref|NR_041340.1|	93.891	442	27	0	6	447	328	769	0.0	667	351091
7de9d3439d3b5d614c940b85bbbcb453	gi|2260349448|ref|NR_176530.1|	93.665	442	28	0	6	447	358	799	0.0	662	2093857
7de9d3439d3b5d614c940b85bbbcb453	gi|2363082559|ref|NR_179526.1|	93.665	442	28	0	6	447	349	790	0.0	662	1841866
7de9d3439d3b5d614c940b85bbbcb453	gi|645321110|ref|NR_118156.1|	93.439	442	29	0	6	447	304	745	0.0	656	1007096
7de9d3439d3b5d614c940b85bbbcb453	gi|2962412234|ref|NR_199428.1|	92.760	442	32	0	6	447	352	793	0.0	640	3073143
7de9d3439d3b5d614c940b85bbbcb453	gi|2363082170|ref|NR_179331.1|	92.551	443	32	1	6	447	328	770	0.0	634	2714358
7de9d3439d3b5d614c940b85bbbcb453	gi|2363082168|ref|NR_179330.1|	92.342	444	30	4	6	447	327	768	7.63e-180	628	2714355
7de9d3439d3b5d614c940b85bbbcb453	gi|2363087001|ref|NR_181757.1|	92.117	444	31	4	6	447	289	730	3.55e-178	623	2841504
d4451cd0d20af841c203234525c0c871	gi|343200903|ref|NR_041590.1|	98.294	469	7	1	6	473	140	608	0.0	821	742816
d4451cd0d20af841c203234525c0c871	gi|343199066|ref|NR_044473.1|	97.660	470	8	3	6	473	295	763	0.0	804	491921
d4451cd0d20af841c203234525c0c871	gi|219878375|ref|NR_025514.1|	94.894	470	21	3	6	473	335	803	0.0	732	158847
d4451cd0d20af841c203234525c0c871	gi|645321057|ref|NR_118115.1|	92.553	470	32	3	6	473	345	813	0.0	671	1002795
d4451cd0d20af841c203234525c0c871	gi|636558562|ref|NR_114619.1|	92.505	467	31	4	6	470	347	811	0.0	665	86956
d4451cd0d20af841c203234525c0c871	gi|645320513|ref|NR_117702.1|	92.275	466	34	2	6	470	318	782	0.0	660	865
d4451cd0d20af841c203234525c0c871	gi|559795237|ref|NR_104827.1|	92.291	467	32	4	6	470	339	803	0.0	660	86956
d4451cd0d20af841c203234525c0c871	gi|343202547|ref|NR_042900.1|	92.060	466	35	2	6	470	225	689	0.0	656	259840
d4451cd0d20af841c203234525c0c871	gi|343203314|ref|NR_043658.1|	91.880	468	32	6	6	470	349	813	0.0	649	349096
d4451cd0d20af841c203234525c0c871	gi|2363082521|ref|NR_179507.1|	90.234	471	41	5	6	473	341	809	2.91e-174	610	1806837
be9e26614f857c3183d8f004607b9ba6	gi|2363082679|ref|NR_179587.1|	96.136	440	17	0	6	445	328	767	0.0	719	1926283
be9e26614f857c3183d8f004607b9ba6	gi|1193829153|ref|NR_147396.1|	96.136	440	17	0	6	445	328	767	0.0	719	1917870
be9e26614f857c3183d8f004607b9ba6	gi|2363081854|ref|NR_179173.1|	96.136	440	17	0	6	445	333	772	0.0	719	2126740
be9e26614f857c3183d8f004607b9ba6	gi|2836274880|ref|NR_197643.1|	95.682	440	19	0	6	445	329	768	0.0	708	2962432
be9e26614f857c3183d8f004607b9ba6	gi|1384992332|ref|NR_156081.1|	95.682	440	19	0	6	445	336	775	0.0	708	1469948
be9e26614f857c3183d8f004607b9ba6	gi|1384992329|ref|NR_156078.1|	95.682	440	19	0	6	445	336	775	0.0	708	1469948
be9e26614f857c3183d8f004607b9ba6	gi|2363080261|ref|NR_178356.1|	95.682	440	19	0	6	445	313	752	0.0	708	558153
be9e26614f857c3183d8f004607b9ba6	gi|310975204|ref|NR_037068.1|	95.682	440	19	0	6	445	341	780	0.0	708	29375
be9e26614f857c3183d8f004607b9ba6	gi|219846508|ref|NR_026100.1|	95.682	440	19	0	6	445	323	762	0.0	708	1286362
be9e26614f857c3183d8f004607b9ba6	gi|343201474|ref|NR_042200.1|	95.682	440	19	0	6	445	318	757	0.0	708	333367
4a466213c0cfcc81ec23a802b760aa7e	gi|444304091|ref|NR_074515.1|	99.130	460	4	0	6	465	350	809	0.0	828	435590
4a466213c0cfcc81ec23a802b760aa7e	gi|631251748|ref|NR_112946.1|	99.130	460	4	0	6	465	339	798	0.0	828	821
4a466213c0cfcc81ec23a802b760aa7e	gi|631250946|ref|NR_112143.1|	98.913	460	5	0	6	465	307	766	0.0	822	821
4a466213c0cfcc81ec23a802b760aa7e	gi|343200664|ref|NR_041351.1|	98.696	460	6	0	6	465	341	800	0.0	817	357276
4a466213c0cfcc81ec23a802b760aa7e	gi|631251997|ref|NR_113195.1|	93.696	460	29	0	6	465	338	797	0.0	689	1236515
4a466213c0cfcc81ec23a802b760aa7e	gi|631251866|ref|NR_113064.1|	93.478	460	30	0	6	465	338	797	0.0	684	1236538
4a466213c0cfcc81ec23a802b760aa7e	gi|631251817|ref|NR_113015.1|	93.478	460	30	0	6	465	338	797	0.0	684	1236538
4a466213c0cfcc81ec23a802b760aa7e	gi|645320081|ref|NR_117373.1|	93.478	460	30	0	6	465	289	748	0.0	684	1236515
4a466213c0cfcc81ec23a802b760aa7e	gi|2363082547|ref|NR_179520.1|	93.261	460	31	0	6	465	314	773	0.0	678	1841855
4a466213c0cfcc81ec23a802b760aa7e	gi|2363085522|ref|NR_181010.1|	93.043	460	32	0	6	465	297	756	0.0	673	2786956
ad6621ac14f889e40612cc66b8a331e2	gi|219846559|ref|NR_026151.1|	95.721	444	17	2	6	448	304	746	0.0	713	36835
ad6621ac14f889e40612cc66b8a331e2	gi|2363086310|ref|NR_181407.1|	91.422	443	35	1	6	448	355	794	1.29e-172	604	2850323
ad6621ac14f889e40612cc66b8a331e2	gi|2363086308|ref|NR_181406.1|	91.422	443	35	1	6	448	357	796	1.29e-172	604	2850322
ad6621ac14f889e40612cc66b8a331e2	gi|1227086118|ref|NR_148620.1|	91.216	444	34	3	6	448	195	634	6.00e-171	599	1763509
ad6621ac14f889e40612cc66b8a331e2	gi|566085043|ref|NR_108630.1|	90.541	444	40	2	6	448	335	777	4.67e-167	586	680378
ad6621ac14f889e40612cc66b8a331e2	gi|566085050|ref|NR_108636.1|	90.519	443	39	1	6	448	348	787	6.04e-166	582	682400
ad6621ac14f889e40612cc66b8a331e2	gi|219857617|ref|NR_025206.1|	90.541	444	37	3	6	448	314	753	6.04e-166	582	180286
ad6621ac14f889e40612cc66b8a331e2	gi|2363080125|ref|NR_178281.1|	90.541	444	37	3	6	448	340	779	6.04e-166	582	105843
ad6621ac14f889e40612cc66b8a331e2	gi|219856842|ref|NR_024661.1|	90.562	445	35	6	6	448	361	800	6.04e-166	582	42322
ad6621ac14f889e40612cc66b8a331e2	gi|2621112285|ref|NR_189188.1|	90.315	444	41	2	6	448	320	762	2.17e-165	580	2785025
e5e9122ce577be2eccd527f87747cadb	gi|1811131545|ref|NR_165727.1|	99.099	444	4	0	6	449	358	801	0.0	798	2358141
e5e9122ce577be2eccd527f87747cadb	gi|219846061|ref|NR_025651.1|	94.820	444	22	1	6	449	350	792	0.0	691	160404
e5e9122ce577be2eccd527f87747cadb	gi|1445136073|ref|NR_158113.1|	94.157	445	23	3	6	449	328	770	0.0	675	433287
e5e9122ce577be2eccd527f87747cadb	gi|631252210|ref|NR_113408.1|	93.243	444	29	1	6	449	351	793	0.0	652	28446
e5e9122ce577be2eccd527f87747cadb	gi|2621112349|ref|NR_189253.1|	93.018	444	31	0	6	449	345	788	0.0	649	2918914
e5e9122ce577be2eccd527f87747cadb	gi|265678961|ref|NR_029269.1|	93.018	444	29	2	6	449	350	791	0.0	647	28446
e5e9122ce577be2eccd527f87747cadb	gi|219846558|ref|NR_026150.1|	92.793	444	30	2	6	449	350	791	0.0	641	36847
e5e9122ce577be2eccd527f87747cadb	gi|645320791|ref|NR_117912.1|	92.568	444	32	1	6	449	325	767	0.0	636	879970
e5e9122ce577be2eccd527f87747cadb	gi|1397641803|ref|NR_156912.1|	92.342	444	33	1	6	449	307	749	2.13e-180	630	1450156
e5e9122ce577be2eccd527f87747cadb	gi|1230874676|ref|NR_148837.1|	92.135	445	29	4	6	449	347	786	3.57e-178	623	1675854
1360eba06cbfab698e495494feb85e81	gi|1909404440|ref|NR_170495.1|	99.773	440	1	0	6	445	355	794	0.0	808	2509240
1360eba06cbfab698e495494feb85e81	gi|2363085133|ref|NR_180815.1|	99.545	440	2	0	6	445	350	789	0.0	802	2606633
1360eba06cbfab698e495494feb85e81	gi|2363083556|ref|NR_180026.1|	99.545	440	2	0	6	445	348	787	0.0	802	2696678
1360eba06cbfab698e495494feb85e81	gi|636560687|ref|NR_116747.1|	97.273	440	12	0	6	445	301	740	0.0	747	1298596
1360eba06cbfab698e495494feb85e81	gi|2363082059|ref|NR_179276.1|	96.818	440	14	0	6	445	334	773	0.0	736	2316025
1360eba06cbfab698e495494feb85e81	gi|974142252|ref|NR_134772.1|	96.818	440	14	0	6	445	297	736	0.0	736	1337051
1360eba06cbfab698e495494feb85e81	gi|1384992332|ref|NR_156081.1|	96.591	440	15	0	6	445	336	775	0.0	730	1469948
1360eba06cbfab698e495494feb85e81	gi|1384992329|ref|NR_156078.1|	96.591	440	15	0	6	445	336	775	0.0	730	1469948
1360eba06cbfab698e495494feb85e81	gi|343201234|ref|NR_041960.1|	96.599	441	14	1	6	445	222	662	0.0	730	89014
1360eba06cbfab698e495494feb85e81	gi|228719063|ref|NR_027579.1|	96.364	440	16	0	6	445	316	755	0.0	730	471875
9a32b2ba2ea2c7077878ded6d3918f5e	gi|444439587|ref|NR_074902.1|	99.355	465	3	0	6	470	341	805	0.0	843	585054
9a32b2ba2ea2c7077878ded6d3918f5e	gi|631252881|ref|NR_114079.1|	99.355	465	3	0	6	470	314	778	0.0	843	564
9a32b2ba2ea2c7077878ded6d3918f5e	gi|559795236|ref|NR_104826.1|	99.355	465	3	0	6	470	321	785	0.0	843	624
9a32b2ba2ea2c7077878ded6d3918f5e	gi|631251361|ref|NR_112558.1|	99.355	465	3	0	6	470	174	638	0.0	843	562
9a32b2ba2ea2c7077878ded6d3918f5e	gi|228716249|ref|NR_027549.1|	99.355	465	3	0	6	470	307	771	0.0	843	585054
9a32b2ba2ea2c7077878ded6d3918f5e	gi|219846739|ref|NR_026331.1|	99.355	465	3	0	6	470	322	786	0.0	843	623
9a32b2ba2ea2c7077878ded6d3918f5e	gi|645322332|ref|NR_119109.1|	99.145	468	3	1	4	470	324	791	0.0	841	566
9a32b2ba2ea2c7077878ded6d3918f5e	gi|631252844|ref|NR_114042.1|	99.140	465	4	0	6	470	314	778	0.0	839	562
9a32b2ba2ea2c7077878ded6d3918f5e	gi|219722938|ref|NR_024570.1|	99.140	465	4	0	6	470	332	796	0.0	839	562
9a32b2ba2ea2c7077878ded6d3918f5e	gi|1018196593|ref|NR_136472.1|	99.140	465	4	0	6	470	334	798	0.0	837	1499973
72b9ed114d51070e5c56d40f317b7603	gi|343200590|ref|NR_041277.1|	99.565	460	2	0	6	465	339	798	0.0	839	484018
72b9ed114d51070e5c56d40f317b7603	gi|2221405488|ref|NR_175548.1|	96.320	462	13	4	6	465	346	805	0.0	756	2739389
72b9ed114d51070e5c56d40f317b7603	gi|1116030286|ref|NR_144744.1|	94.565	460	25	0	6	465	339	798	0.0	713	1841856
72b9ed114d51070e5c56d40f317b7603	gi|343200591|ref|NR_041278.1|	93.261	460	31	0	6	465	339	798	0.0	678	470145
72b9ed114d51070e5c56d40f317b7603	gi|2363082641|ref|NR_179567.1|	92.826	460	33	0	6	465	339	798	0.0	669	1907658
72b9ed114d51070e5c56d40f317b7603	gi|444304192|ref|NR_074616.1|	92.826	460	33	0	6	465	341	800	0.0	667	376805
72b9ed114d51070e5c56d40f317b7603	gi|343200760|ref|NR_041447.1|	92.826	460	33	0	6	465	326	785	0.0	667	376805
72b9ed114d51070e5c56d40f317b7603	gi|1146059112|ref|NR_145844.1|	92.208	462	32	4	6	465	339	798	0.0	651	1411144
72b9ed114d51070e5c56d40f317b7603	gi|631251740|ref|NR_112938.1|	91.974	461	35	2	6	465	326	785	0.0	645	204516
72b9ed114d51070e5c56d40f317b7603	gi|343198509|ref|NR_042745.1|	91.974	461	35	2	6	465	338	797	0.0	645	204516
9045a8ab9ccb2e4be52b3bb22e89d438	gi|2363087247|ref|NR_181879.1|	87.473	463	49	7	6	463	285	743	1.07e-148	525	2880704
9045a8ab9ccb2e4be52b3bb22e89d438	gi|2363085163|ref|NR_180830.1|	86.825	463	52	7	6	463	336	794	1.08e-143	508	2606626
9045a8ab9ccb2e4be52b3bb22e89d438	gi|1909404453|ref|NR_170508.1|	86.580	462	55	6	6	463	352	810	5.01e-142	503	2518971
9045a8ab9ccb2e4be52b3bb22e89d438	gi|1909404454|ref|NR_170509.1|	86.609	463	53	8	6	463	347	805	5.01e-142	503	2530391
9045a8ab9ccb2e4be52b3bb22e89d438	gi|2363087249|ref|NR_181880.1|	85.931	462	58	7	6	463	294	752	5.04e-137	486	2880703
9045a8ab9ccb2e4be52b3bb22e89d438	gi|2363084366|ref|NR_180431.1|	85.745	463	58	8	6	463	350	809	6.52e-136	483	2530390
9045a8ab9ccb2e4be52b3bb22e89d438	gi|2363084938|ref|NR_180717.1|	85.498	462	61	6	6	463	259	718	3.03e-134	477	2601703
9045a8ab9ccb2e4be52b3bb22e89d438	gi|631251890|ref|NR_113088.1|	85.129	464	59	10	6	463	327	786	6.57e-131	466	111105
9045a8ab9ccb2e4be52b3bb22e89d438	gi|219857464|ref|NR_025052.1|	85.129	464	59	10	6	463	315	774	6.57e-131	466	111105
9045a8ab9ccb2e4be52b3bb22e89d438	gi|2363083455|ref|NR_179976.1|	85.129	464	58	9	6	463	289	747	2.36e-130	464	2094151
2b4affc952a293908274c970aadeff5e	gi|631251740|ref|NR_112938.1|	99.565	460	2	0	6	465	326	785	0.0	839	204516
2b4affc952a293908274c970aadeff5e	gi|343198509|ref|NR_042745.1|	99.565	460	2	0	6	465	338	797	0.0	839	204516
2b4affc952a293908274c970aadeff5e	gi|343200626|ref|NR_041313.1|	95.217	460	22	0	6	465	340	799	0.0	728	338188
2b4affc952a293908274c970aadeff5e	gi|2363084421|ref|NR_180458.1|	94.565	460	25	0	6	465	340	799	0.0	712	2650157
2b4affc952a293908274c970aadeff5e	gi|636560121|ref|NR_116181.1|	94.565	460	24	1	6	465	333	791	0.0	710	28116
2b4affc952a293908274c970aadeff5e	gi|631251749|ref|NR_112947.1|	94.360	461	24	2	6	465	326	785	0.0	708	657309
2b4affc952a293908274c970aadeff5e	gi|1491509587|ref|NR_159118.1|	94.348	460	26	0	6	465	310	769	0.0	706	28116
2b4affc952a293908274c970aadeff5e	gi|1491509586|ref|NR_159117.1|	94.348	460	26	0	6	465	301	760	0.0	706	28116
2b4affc952a293908274c970aadeff5e	gi|2363085522|ref|NR_181010.1|	94.360	461	24	2	6	465	297	756	0.0	706	2786956
2b4affc952a293908274c970aadeff5e	gi|2363084431|ref|NR_180463.1|	94.360	461	24	2	6	465	340	799	0.0	706	2650158
a26a9532fc8e2d70339efd14da3d19f3	gi|631251747|ref|NR_112945.1|	99.130	460	4	0	6	465	327	786	0.0	828	820
a26a9532fc8e2d70339efd14da3d19f3	gi|343200179|ref|NR_040866.1|	99.130	460	4	0	6	465	334	793	0.0	828	820
a26a9532fc8e2d70339efd14da3d19f3	gi|2363086550|ref|NR_181532.1|	98.696	460	6	0	6	465	322	781	0.0	817	2763025
a26a9532fc8e2d70339efd14da3d19f3	gi|631251874|ref|NR_113072.1|	97.174	460	13	0	6	465	338	797	0.0	778	1236512
a26a9532fc8e2d70339efd14da3d19f3	gi|2363082773|ref|NR_179635.1|	96.957	460	14	0	6	465	338	797	0.0	773	2024197
a26a9532fc8e2d70339efd14da3d19f3	gi|631251816|ref|NR_113014.1|	96.957	460	14	0	6	465	338	797	0.0	773	1236512
a26a9532fc8e2d70339efd14da3d19f3	gi|631251735|ref|NR_112933.1|	96.304	460	17	0	6	465	334	793	0.0	756	246787
a26a9532fc8e2d70339efd14da3d19f3	gi|343200620|ref|NR_041307.1|	96.087	460	18	0	6	465	334	793	0.0	750	329854
a26a9532fc8e2d70339efd14da3d19f3	gi|2363084421|ref|NR_180458.1|	95.870	460	19	0	6	465	340	799	0.0	745	2650157
a26a9532fc8e2d70339efd14da3d19f3	gi|2363082635|ref|NR_179564.1|	95.870	460	19	0	6	465	338	797	0.0	745	1903262
7f555172b2e36e46a3c73a569ca4e640	gi|631251879|ref|NR_113077.1|	98.257	459	8	0	6	464	329	787	0.0	804	454154
7f555172b2e36e46a3c73a569ca4e640	gi|343200939|ref|NR_041626.1|	98.257	459	8	0	6	464	321	779	0.0	804	762968
7f555172b2e36e46a3c73a569ca4e640	gi|631251880|ref|NR_113078.1|	92.375	459	35	0	6	464	339	797	0.0	654	454155
7f555172b2e36e46a3c73a569ca4e640	gi|343200940|ref|NR_041627.1|	92.375	459	35	0	6	464	319	777	0.0	654	762982
7f555172b2e36e46a3c73a569ca4e640	gi|343200759|ref|NR_041446.1|	89.417	463	42	6	6	464	323	782	2.92e-164	577	376804
7f555172b2e36e46a3c73a569ca4e640	gi|2363082635|ref|NR_179564.1|	88.121	463	48	7	6	464	338	797	2.96e-154	544	1903262
7f555172b2e36e46a3c73a569ca4e640	gi|343200761|ref|NR_041448.1|	87.446	462	53	5	6	464	322	781	2.98e-149	527	376806
7f555172b2e36e46a3c73a569ca4e640	gi|631251867|ref|NR_113065.1|	87.041	463	53	6	6	464	338	797	6.45e-146	516	762984
7f555172b2e36e46a3c73a569ca4e640	gi|2363086250|ref|NR_181377.1|	86.797	462	56	5	6	464	343	802	3.00e-144	510	2763138
7f555172b2e36e46a3c73a569ca4e640	gi|343202632|ref|NR_043016.1|	86.825	463	54	6	6	464	316	775	3.00e-144	510	291644
4ec5373777c4860cf4832bc0d276bd12	gi|343200903|ref|NR_041590.1|	97.441	469	11	1	6	473	140	608	0.0	798	742816
4ec5373777c4860cf4832bc0d276bd12	gi|343199066|ref|NR_044473.1|	97.234	470	10	3	6	473	295	763	0.0	793	491921
4ec5373777c4860cf4832bc0d276bd12	gi|219878375|ref|NR_025514.1|	93.817	469	28	1	6	473	335	803	0.0	704	158847
4ec5373777c4860cf4832bc0d276bd12	gi|636558562|ref|NR_114619.1|	92.258	465	36	0	6	470	347	811	0.0	660	86956
4ec5373777c4860cf4832bc0d276bd12	gi|645321057|ref|NR_118115.1|	91.932	471	33	5	6	473	345	813	0.0	654	1002795
4ec5373777c4860cf4832bc0d276bd12	gi|559795237|ref|NR_104827.1|	92.043	465	37	0	6	470	339	803	0.0	654	86956
4ec5373777c4860cf4832bc0d276bd12	gi|645320513|ref|NR_117702.1|	91.845	466	36	2	6	470	318	782	0.0	649	865
4ec5373777c4860cf4832bc0d276bd12	gi|343203314|ref|NR_043658.1|	91.828	465	38	0	6	470	349	813	0.0	649	349096
4ec5373777c4860cf4832bc0d276bd12	gi|343202547|ref|NR_042900.1|	91.631	466	37	2	6	470	225	689	0.0	645	259840
4ec5373777c4860cf4832bc0d276bd12	gi|566085189|ref|NR_108993.1|	90.558	466	42	2	6	470	318	782	6.26e-176	616	862415
ec9f738201fb6b63c8552a504f8340ff	gi|631251734|ref|NR_112932.1|	99.130	460	4	0	6	465	328	787	0.0	828	47678
ec9f738201fb6b63c8552a504f8340ff	gi|219846650|ref|NR_026242.1|	99.130	460	4	0	6	465	318	777	0.0	828	47678
ec9f738201fb6b63c8552a504f8340ff	gi|631251869|ref|NR_113067.1|	97.391	460	12	0	6	465	325	784	0.0	784	1077285
ec9f738201fb6b63c8552a504f8340ff	gi|343200626|ref|NR_041313.1|	97.391	460	12	0	6	465	340	799	0.0	784	338188
ec9f738201fb6b63c8552a504f8340ff	gi|645320100|ref|NR_117387.1|	97.174	460	13	0	6	465	320	779	0.0	778	1077285
ec9f738201fb6b63c8552a504f8340ff	gi|2363084421|ref|NR_180458.1|	96.957	460	14	0	6	465	340	799	0.0	773	2650157
ec9f738201fb6b63c8552a504f8340ff	gi|343200620|ref|NR_041307.1|	96.957	460	14	0	6	465	334	793	0.0	773	329854
ec9f738201fb6b63c8552a504f8340ff	gi|631251749|ref|NR_112947.1|	96.739	460	15	0	6	465	326	785	0.0	769	657309
ec9f738201fb6b63c8552a504f8340ff	gi|2363084431|ref|NR_180463.1|	96.739	460	15	0	6	465	340	799	0.0	767	2650158
ec9f738201fb6b63c8552a504f8340ff	gi|631251733|ref|NR_112931.1|	96.739	460	15	0	6	465	340	799	0.0	767	85831
e414133edb534865686eb3d355e0afbc	gi|636560151|ref|NR_116211.1|	99.570	465	2	0	6	470	243	707	0.0	848	760570
e414133edb534865686eb3d355e0afbc	gi|636559675|ref|NR_115735.1|	99.570	465	2	0	6	470	311	775	0.0	848	760570
e414133edb534865686eb3d355e0afbc	gi|636559184|ref|NR_115241.1|	99.570	465	2	0	6	470	320	784	0.0	848	760570
e414133edb534865686eb3d355e0afbc	gi|219857214|ref|NR_024842.1|	99.355	465	3	0	6	470	335	799	0.0	845	760570
e414133edb534865686eb3d355e0afbc	gi|526641946|ref|NR_103943.1|	99.355	465	3	0	6	470	346	810	0.0	843	1302863
e414133edb534865686eb3d355e0afbc	gi|566085621|ref|NR_109720.1|	99.355	465	3	0	6	470	314	778	0.0	843	1234680
e414133edb534865686eb3d355e0afbc	gi|310975072|ref|NR_036936.1|	99.355	465	3	0	6	470	320	784	0.0	843	113107
e414133edb534865686eb3d355e0afbc	gi|265678747|ref|NR_029052.1|	99.355	465	3	0	6	470	308	772	0.0	843	45634
e414133edb534865686eb3d355e0afbc	gi|636560144|ref|NR_116204.1|	99.140	465	4	0	6	470	243	707	0.0	837	889201
e414133edb534865686eb3d355e0afbc	gi|636559217|ref|NR_115274.1|	99.140	465	4	0	6	470	318	782	0.0	837	889201
477982bd80f2c1283c3586cee8404d75	gi|343201004|ref|NR_041691.1|	98.475	459	7	0	6	464	335	793	0.0	809	544645
477982bd80f2c1283c3586cee8404d75	gi|2363083451|ref|NR_179974.1|	96.957	460	12	2	6	464	327	785	0.0	771	2093856
477982bd80f2c1283c3586cee8404d75	gi|2363082787|ref|NR_179642.1|	96.739	460	13	2	6	464	315	773	0.0	767	2042309
477982bd80f2c1283c3586cee8404d75	gi|1864207064|ref|NR_169358.1|	96.104	462	12	5	6	464	335	793	0.0	749	1720203
477982bd80f2c1283c3586cee8404d75	gi|699005326|ref|NR_126195.1|	95.671	462	14	5	6	464	335	793	0.0	737	1472417
477982bd80f2c1283c3586cee8404d75	gi|699005325|ref|NR_126194.1|	95.435	460	19	2	6	464	335	793	0.0	737	1472416
477982bd80f2c1283c3586cee8404d75	gi|3248465683|ref|NR_201697.1|	94.348	460	24	2	6	464	285	743	0.0	704	3378067
477982bd80f2c1283c3586cee8404d75	gi|343201003|ref|NR_041690.1|	93.043	460	30	2	6	464	333	791	0.0	671	544644
477982bd80f2c1283c3586cee8404d75	gi|1182956112|ref|NR_146820.1|	90.260	462	39	6	6	464	335	793	1.73e-171	601	1720195
477982bd80f2c1283c3586cee8404d75	gi|2363082669|ref|NR_179582.1|	89.588	461	44	4	6	464	315	773	6.27e-166	582	1917882
e5c2bd064da112cb4e8cee8409519ffa	gi|2363080123|ref|NR_178280.1|	99.091	440	4	0	6	445	331	770	0.0	791	411483
e5c2bd064da112cb4e8cee8409519ffa	gi|2363081449|ref|NR_178971.1|	99.304	431	3	0	6	436	285	715	0.0	780	1851427
e5c2bd064da112cb4e8cee8409519ffa	gi|265678656|ref|NR_028961.1|	98.409	440	7	0	6	445	327	766	0.0	774	853
e5c2bd064da112cb4e8cee8409519ffa	gi|2363081451|ref|NR_178972.1|	98.182	440	8	0	6	445	285	724	0.0	769	1851428
e5c2bd064da112cb4e8cee8409519ffa	gi|3030611269|ref|NR_199945.1|	97.955	440	9	0	6	445	335	774	0.0	763	3435293
e5c2bd064da112cb4e8cee8409519ffa	gi|2363082282|ref|NR_179388.1|	97.506	441	9	2	6	445	335	774	0.0	752	2935520
e5c2bd064da112cb4e8cee8409519ffa	gi|2363080175|ref|NR_178311.1|	96.818	440	14	0	6	445	412	851	0.0	736	2903556
e5c2bd064da112cb4e8cee8409519ffa	gi|2363084747|ref|NR_180622.1|	92.744	441	30	2	6	445	335	774	0.0	636	2779354
e5c2bd064da112cb4e8cee8409519ffa	gi|559795255|ref|NR_104846.1|	92.500	440	33	0	6	445	288	727	2.11e-180	630	745368
e5c2bd064da112cb4e8cee8409519ffa	gi|1277396189|ref|NR_151900.1|	92.045	440	35	0	6	445	351	790	4.57e-177	619	1550024
0a6663dce401b545ba0f858ed0c991e8	gi|2363082569|ref|NR_179531.1|	94.820	444	19	4	6	447	347	788	0.0	689	1852369
0a6663dce401b545ba0f858ed0c991e8	gi|2363082168|ref|NR_179330.1|	94.570	442	24	0	6	447	327	768	0.0	684	2714355
0a6663dce401b545ba0f858ed0c991e8	gi|2363082165|ref|NR_179329.1|	94.344	442	25	0	6	447	327	768	0.0	678	2714353
0a6663dce401b545ba0f858ed0c991e8	gi|1109168025|ref|NR_144611.1|	92.777	443	31	1	6	447	282	724	0.0	640	1417852
0a6663dce401b545ba0f858ed0c991e8	gi|2136551692|ref|NR_173697.1|	92.534	442	33	0	6	447	349	790	0.0	634	2108523
0a6663dce401b545ba0f858ed0c991e8	gi|3030611324|ref|NR_200000.1|	92.551	443	32	1	6	447	301	743	0.0	634	3342383
0a6663dce401b545ba0f858ed0c991e8	gi|645321110|ref|NR_118156.1|	92.584	445	27	5	6	447	304	745	0.0	634	1007096
0a6663dce401b545ba0f858ed0c991e8	gi|1269801610|ref|NR_074793.2|	92.325	443	32	2	6	447	355	796	7.63e-180	628	351091
0a6663dce401b545ba0f858ed0c991e8	gi|343200653|ref|NR_041340.1|	92.325	443	32	2	6	447	328	769	7.63e-180	628	351091
0a6663dce401b545ba0f858ed0c991e8	gi|2363082342|ref|NR_179418.1|	92.099	443	34	1	6	447	348	790	3.55e-178	623	1673721
000700830fd28f388e810b56d81b8d86	gi|2260349424|ref|NR_176506.1|	99.353	464	3	0	6	469	315	778	0.0	841	1982626
000700830fd28f388e810b56d81b8d86	gi|2260349423|ref|NR_176505.1|	98.276	464	8	0	6	469	314	777	0.0	813	1982628
000700830fd28f388e810b56d81b8d86	gi|631253195|ref|NR_114393.1|	92.888	464	33	0	6	469	326	789	0.0	675	29348
000700830fd28f388e810b56d81b8d86	gi|228720470|ref|NR_027592.1|	92.672	464	34	0	6	469	316	779	0.0	669	29348
000700830fd28f388e810b56d81b8d86	gi|645322231|ref|NR_119030.1|	92.473	465	33	2	6	469	324	787	0.0	664	428126
000700830fd28f388e810b56d81b8d86	gi|645322566|ref|NR_119286.1|	92.473	465	33	2	6	469	313	776	0.0	664	69824
000700830fd28f388e810b56d81b8d86	gi|1109168034|ref|NR_144615.1|	92.094	468	29	7	6	469	316	779	0.0	652	1796628
000700830fd28f388e810b56d81b8d86	gi|343203026|ref|NR_043550.1|	91.810	464	38	0	6	469	327	790	0.0	647	341225
000700830fd28f388e810b56d81b8d86	gi|631252045|ref|NR_113243.1|	91.613	465	37	2	6	469	328	791	0.0	641	1547
000700830fd28f388e810b56d81b8d86	gi|2363083393|ref|NR_179945.1|	91.416	466	36	3	6	469	280	743	0.0	636	2899121
602f7c59232ab8bb19111b60e75d6efa	gi|631251741|ref|NR_112939.1|	99.130	460	4	0	6	465	334	793	0.0	828	1203608
602f7c59232ab8bb19111b60e75d6efa	gi|343202633|ref|NR_043017.1|	99.130	460	4	0	6	465	314	773	0.0	828	1203608
602f7c59232ab8bb19111b60e75d6efa	gi|631251744|ref|NR_112942.1|	96.522	460	16	0	6	465	323	782	0.0	761	291644
602f7c59232ab8bb19111b60e75d6efa	gi|343202632|ref|NR_043016.1|	96.304	460	17	0	6	465	316	775	0.0	756	291644
602f7c59232ab8bb19111b60e75d6efa	gi|645320100|ref|NR_117387.1|	95.870	460	19	0	6	465	320	779	0.0	745	1077285
602f7c59232ab8bb19111b60e75d6efa	gi|2363084421|ref|NR_180458.1|	95.652	460	20	0	6	465	340	799	0.0	739	2650157
602f7c59232ab8bb19111b60e75d6efa	gi|2363084156|ref|NR_180327.1|	95.662	461	19	1	6	465	322	782	0.0	739	2447885
602f7c59232ab8bb19111b60e75d6efa	gi|444303855|ref|NR_074277.1|	95.652	460	20	0	6	465	352	811	0.0	739	818
602f7c59232ab8bb19111b60e75d6efa	gi|631252008|ref|NR_113206.1|	95.652	460	20	0	6	465	336	795	0.0	739	1236513
602f7c59232ab8bb19111b60e75d6efa	gi|631251869|ref|NR_113067.1|	95.652	460	20	0	6	465	325	784	0.0	739	1077285
99ecb8781f9be891c9b9d5c2b61f0447	gi|343200591|ref|NR_041278.1|	98.913	460	5	0	6	465	339	798	0.0	822	470145
99ecb8781f9be891c9b9d5c2b61f0447	gi|2221405488|ref|NR_175548.1|	94.156	462	23	4	6	465	346	805	0.0	701	2739389
99ecb8781f9be891c9b9d5c2b61f0447	gi|2363082641|ref|NR_179567.1|	93.261	460	31	0	6	465	339	798	0.0	680	1907658
99ecb8781f9be891c9b9d5c2b61f0447	gi|2363082635|ref|NR_179564.1|	93.290	462	27	4	6	465	338	797	0.0	678	1903262
99ecb8781f9be891c9b9d5c2b61f0447	gi|1116030286|ref|NR_144744.1|	93.043	460	32	0	6	465	339	798	0.0	675	1841856
99ecb8781f9be891c9b9d5c2b61f0447	gi|631251740|ref|NR_112938.1|	92.857	462	29	4	6	465	326	785	0.0	667	204516
99ecb8781f9be891c9b9d5c2b61f0447	gi|343200590|ref|NR_041277.1|	92.826	460	33	0	6	465	339	798	0.0	667	484018
99ecb8781f9be891c9b9d5c2b61f0447	gi|343198509|ref|NR_042745.1|	92.857	462	29	4	6	465	338	797	0.0	667	204516
99ecb8781f9be891c9b9d5c2b61f0447	gi|1146059112|ref|NR_145844.1|	92.625	461	32	2	6	465	339	798	0.0	662	1411144
99ecb8781f9be891c9b9d5c2b61f0447	gi|2363086254|ref|NR_181379.1|	92.625	461	32	2	6	465	341	800	0.0	662	2725562
eed949dea149a1ee01d73cbcdd52df63	gi|343200903|ref|NR_041590.1|	97.441	469	11	1	6	473	140	608	0.0	798	742816
eed949dea149a1ee01d73cbcdd52df63	gi|343199066|ref|NR_044473.1|	97.234	470	10	3	6	473	295	763	0.0	793	491921
eed949dea149a1ee01d73cbcdd52df63	gi|219878375|ref|NR_025514.1|	94.243	469	26	1	6	473	335	803	0.0	715	158847
eed949dea149a1ee01d73cbcdd52df63	gi|645321057|ref|NR_118115.1|	91.915	470	35	3	6	473	345	813	0.0	654	1002795
eed949dea149a1ee01d73cbcdd52df63	gi|645320513|ref|NR_117702.1|	91.845	466	36	2	6	470	318	782	0.0	649	865
eed949dea149a1ee01d73cbcdd52df63	gi|636558562|ref|NR_114619.1|	91.845	466	36	2	6	470	347	811	0.0	649	86956
eed949dea149a1ee01d73cbcdd52df63	gi|343202547|ref|NR_042900.1|	91.631	466	37	2	6	470	225	689	0.0	645	259840
eed949dea149a1ee01d73cbcdd52df63	gi|559795237|ref|NR_104827.1|	91.631	466	37	2	6	470	339	803	0.0	643	86956
eed949dea149a1ee01d73cbcdd52df63	gi|343203314|ref|NR_043658.1|	91.416	466	38	2	6	470	349	813	0.0	638	349096
eed949dea149a1ee01d73cbcdd52df63	gi|2363082521|ref|NR_179507.1|	89.597	471	44	5	6	473	341	809	2.93e-169	593	1806837
3646ddec324aa12b516c0093d2049aba	gi|2363087247|ref|NR_181879.1|	87.905	463	47	7	6	463	285	743	4.94e-152	536	2880704
3646ddec324aa12b516c0093d2049aba	gi|1909404453|ref|NR_170508.1|	87.013	462	53	6	6	463	352	810	2.31e-145	514	2518971
3646ddec324aa12b516c0093d2049aba	gi|1909404454|ref|NR_170509.1|	87.041	463	51	8	6	463	347	805	2.31e-145	514	2530391
3646ddec324aa12b516c0093d2049aba	gi|2363087249|ref|NR_181880.1|	86.364	462	56	7	6	463	294	752	2.33e-140	497	2880703
3646ddec324aa12b516c0093d2049aba	gi|2363084366|ref|NR_180431.1|	86.177	463	56	8	6	463	350	809	3.01e-139	494	2530390
3646ddec324aa12b516c0093d2049aba	gi|2363084938|ref|NR_180717.1|	85.931	462	59	6	6	463	259	718	1.40e-137	488	2601703
3646ddec324aa12b516c0093d2049aba	gi|631251890|ref|NR_113088.1|	85.560	464	57	10	6	463	327	786	3.03e-134	477	111105
3646ddec324aa12b516c0093d2049aba	gi|219857464|ref|NR_025052.1|	85.560	464	57	10	6	463	315	774	3.03e-134	477	111105
3646ddec324aa12b516c0093d2049aba	gi|2363083455|ref|NR_179976.1|	85.560	464	56	9	6	463	289	747	1.09e-133	475	2094151
3646ddec324aa12b516c0093d2049aba	gi|1024974747|ref|NR_136788.1|	85.161	465	57	9	6	463	339	798	6.57e-131	466	1583331
c6c61eca415b9578319a0b81c82f430a	gi|343200591|ref|NR_041278.1|	99.565	460	2	0	6	465	339	798	0.0	839	470145
c6c61eca415b9578319a0b81c82f430a	gi|2221405488|ref|NR_175548.1|	94.589	462	21	4	6	465	346	805	0.0	712	2739389
c6c61eca415b9578319a0b81c82f430a	gi|2363082641|ref|NR_179567.1|	93.696	460	29	0	6	465	339	798	0.0	691	1907658
c6c61eca415b9578319a0b81c82f430a	gi|1116030286|ref|NR_144744.1|	93.478	460	30	0	6	465	339	798	0.0	686	1841856
c6c61eca415b9578319a0b81c82f430a	gi|2363082635|ref|NR_179564.1|	93.506	462	26	4	6	465	338	797	0.0	684	1903262
c6c61eca415b9578319a0b81c82f430a	gi|343200590|ref|NR_041277.1|	93.261	460	31	0	6	465	339	798	0.0	678	484018
c6c61eca415b9578319a0b81c82f430a	gi|631251740|ref|NR_112938.1|	93.074	462	28	4	6	465	326	785	0.0	673	204516
c6c61eca415b9578319a0b81c82f430a	gi|343200761|ref|NR_041448.1|	93.059	461	30	2	6	465	322	781	0.0	673	376806
c6c61eca415b9578319a0b81c82f430a	gi|343198509|ref|NR_042745.1|	93.074	462	28	4	6	465	338	797	0.0	673	204516
c6c61eca415b9578319a0b81c82f430a	gi|1146059112|ref|NR_145844.1|	92.842	461	31	2	6	465	339	798	0.0	667	1411144
e7af076418778f4ca70cc789517465cd	gi|343200655|ref|NR_041342.1|	98.696	460	6	0	6	465	336	795	0.0	817	823
e7af076418778f4ca70cc789517465cd	gi|444303953|ref|NR_074376.1|	97.826	460	10	0	6	465	351	810	0.0	795	435591
e7af076418778f4ca70cc789517465cd	gi|1811131517|ref|NR_165699.1|	93.492	461	28	2	6	465	336	795	0.0	684	2685834
e7af076418778f4ca70cc789517465cd	gi|2363082619|ref|NR_179556.1|	93.043	460	32	0	6	465	316	775	0.0	673	1871013
e7af076418778f4ca70cc789517465cd	gi|631251637|ref|NR_112835.1|	92.609	460	33	1	6	465	336	794	0.0	660	574930
e7af076418778f4ca70cc789517465cd	gi|2363082715|ref|NR_179605.1|	92.391	460	35	0	6	465	316	775	0.0	656	1944636
e7af076418778f4ca70cc789517465cd	gi|974142265|ref|NR_134785.1|	91.957	460	37	0	6	465	336	795	0.0	647	1217282
e7af076418778f4ca70cc789517465cd	gi|631252010|ref|NR_113208.1|	91.957	460	37	0	6	465	336	795	0.0	645	871327
e7af076418778f4ca70cc789517465cd	gi|2363086049|ref|NR_181277.1|	91.522	460	39	0	6	465	309	768	0.0	634	2753162
e7af076418778f4ca70cc789517465cd	gi|631251878|ref|NR_113076.1|	91.304	460	40	0	6	465	324	783	7.95e-180	628	927665
f62fdc0088ff108be412cc5ea3f70396	gi|265678656|ref|NR_028961.1|	99.091	440	4	0	6	445	327	766	0.0	791	853
f62fdc0088ff108be412cc5ea3f70396	gi|2363081451|ref|NR_178972.1|	98.864	440	5	0	6	445	285	724	0.0	785	1851428
f62fdc0088ff108be412cc5ea3f70396	gi|2363080123|ref|NR_178280.1|	98.864	440	5	0	6	445	331	770	0.0	785	411483
f62fdc0088ff108be412cc5ea3f70396	gi|3030611269|ref|NR_199945.1|	98.636	440	6	0	6	445	335	774	0.0	780	3435293
f62fdc0088ff108be412cc5ea3f70396	gi|2363081449|ref|NR_178971.1|	98.636	440	5	1	6	445	285	723	0.0	778	1851427
f62fdc0088ff108be412cc5ea3f70396	gi|2363082282|ref|NR_179388.1|	98.186	441	6	2	6	445	335	774	0.0	769	2935520
f62fdc0088ff108be412cc5ea3f70396	gi|2363080175|ref|NR_178311.1|	96.591	440	15	0	6	445	412	851	0.0	730	2903556
f62fdc0088ff108be412cc5ea3f70396	gi|1397641802|ref|NR_156911.1|	92.500	440	33	0	6	445	351	790	2.11e-180	630	1650663
f62fdc0088ff108be412cc5ea3f70396	gi|2363084747|ref|NR_180622.1|	92.517	441	31	2	6	445	335	774	2.11e-180	630	2779354
f62fdc0088ff108be412cc5ea3f70396	gi|2363082356|ref|NR_179425.1|	92.500	440	33	0	6	445	351	790	2.11e-180	630	1689304
95c58e06ea5472cb8a9e9e4d708c3c02	gi|343200903|ref|NR_041590.1|	97.868	469	9	1	6	473	140	608	0.0	809	742816
95c58e06ea5472cb8a9e9e4d708c3c02	gi|343199066|ref|NR_044473.1|	97.660	470	8	3	6	473	295	763	0.0	804	491921
95c58e06ea5472cb8a9e9e4d708c3c02	gi|219878375|ref|NR_025514.1|	94.243	469	26	1	6	473	335	803	0.0	715	158847
95c58e06ea5472cb8a9e9e4d708c3c02	gi|636558562|ref|NR_114619.1|	92.688	465	34	0	6	470	347	811	0.0	671	86956
95c58e06ea5472cb8a9e9e4d708c3c02	gi|645321057|ref|NR_118115.1|	92.357	471	31	5	6	473	345	813	0.0	665	1002795
95c58e06ea5472cb8a9e9e4d708c3c02	gi|559795237|ref|NR_104827.1|	92.473	465	35	0	6	470	339	803	0.0	665	86956
95c58e06ea5472cb8a9e9e4d708c3c02	gi|645320513|ref|NR_117702.1|	92.275	466	34	2	6	470	318	782	0.0	660	865
95c58e06ea5472cb8a9e9e4d708c3c02	gi|343202547|ref|NR_042900.1|	92.060	466	35	2	6	470	225	689	0.0	656	259840
95c58e06ea5472cb8a9e9e4d708c3c02	gi|566085189|ref|NR_108993.1|	90.987	466	40	2	6	470	318	782	2.89e-179	627	862415
95c58e06ea5472cb8a9e9e4d708c3c02	gi|265679017|ref|NR_029325.1|	90.343	466	42	3	6	470	327	790	1.05e-173	608	55507
1eede7629b04d274617c0cd9db21223c	gi|631251955|ref|NR_113153.1|	99.348	460	3	0	6	465	334	793	0.0	833	328814
1eede7629b04d274617c0cd9db21223c	gi|343202834|ref|NR_043319.1|	99.130	460	4	0	6	465	323	782	0.0	830	717959
1eede7629b04d274617c0cd9db21223c	gi|507148054|ref|NR_102861.1|	99.130	460	4	0	6	465	334	793	0.0	828	717959
1eede7629b04d274617c0cd9db21223c	gi|507148137|ref|NR_102944.1|	98.043	460	9	0	6	465	334	793	0.0	800	214856
1eede7629b04d274617c0cd9db21223c	gi|343198609|ref|NR_043064.1|	98.043	460	9	0	6	465	314	773	0.0	800	214856
1eede7629b04d274617c0cd9db21223c	gi|631251952|ref|NR_113150.1|	97.826	460	10	0	6	465	334	793	0.0	795	214856
1eede7629b04d274617c0cd9db21223c	gi|636559243|ref|NR_115300.1|	97.609	460	11	0	6	465	314	773	0.0	789	679935
1eede7629b04d274617c0cd9db21223c	gi|2363086959|ref|NR_181736.1|	97.391	460	12	0	6	465	334	793	0.0	784	2834113
1eede7629b04d274617c0cd9db21223c	gi|645321193|ref|NR_118219.1|	96.957	460	14	0	6	465	332	791	0.0	773	1033732
1eede7629b04d274617c0cd9db21223c	gi|2363082505|ref|NR_179499.1|	96.739	460	15	0	6	465	342	801	0.0	767	2364787
e27ddb86740d8a348b10b789a4a1f9b0	gi|631251745|ref|NR_112943.1|	99.130	460	4	0	6	465	326	785	0.0	828	449673
e27ddb86740d8a348b10b789a4a1f9b0	gi|224581415|ref|NR_027196.1|	98.261	460	8	0	6	465	317	776	0.0	808	449673
e27ddb86740d8a348b10b789a4a1f9b0	gi|631251867|ref|NR_113065.1|	96.957	460	14	0	6	465	338	797	0.0	773	762984
e27ddb86740d8a348b10b789a4a1f9b0	gi|631251695|ref|NR_112893.1|	96.957	460	14	0	6	465	318	777	0.0	773	762984
e27ddb86740d8a348b10b789a4a1f9b0	gi|2363086949|ref|NR_181731.1|	96.739	460	15	0	6	465	290	749	0.0	767	2834112
e27ddb86740d8a348b10b789a4a1f9b0	gi|343200620|ref|NR_041307.1|	96.739	460	15	0	6	465	334	793	0.0	767	329854
e27ddb86740d8a348b10b789a4a1f9b0	gi|631251735|ref|NR_112933.1|	96.312	461	15	2	6	465	334	793	0.0	756	246787
e27ddb86740d8a348b10b789a4a1f9b0	gi|2363086550|ref|NR_181532.1|	96.087	460	18	0	6	465	322	781	0.0	750	2763025
e27ddb86740d8a348b10b789a4a1f9b0	gi|343200761|ref|NR_041448.1|	96.087	460	18	0	6	465	322	781	0.0	750	376806
e27ddb86740d8a348b10b789a4a1f9b0	gi|631251747|ref|NR_112945.1|	95.652	460	20	0	6	465	327	786	0.0	739	820
eeee114e20dff15c27366786d41df668	gi|3030611230|ref|NR_199906.1|	97.273	440	12	0	6	445	354	793	0.0	747	3123317
eeee114e20dff15c27366786d41df668	gi|3030611314|ref|NR_199990.1|	97.273	440	12	0	6	445	350	789	0.0	747	3123317
eeee114e20dff15c27366786d41df668	gi|2363082679|ref|NR_179587.1|	97.273	440	12	0	6	445	328	767	0.0	747	1926283
eeee114e20dff15c27366786d41df668	gi|1384992332|ref|NR_156081.1|	97.273	440	12	0	6	445	336	775	0.0	747	1469948
eeee114e20dff15c27366786d41df668	gi|1384992331|ref|NR_156080.1|	97.273	440	12	0	6	445	336	775	0.0	747	1469948
eeee114e20dff15c27366786d41df668	gi|1384992329|ref|NR_156078.1|	97.273	440	12	0	6	445	336	775	0.0	747	1469948
eeee114e20dff15c27366786d41df668	gi|1384992328|ref|NR_156077.1|	97.273	440	12	0	6	445	336	775	0.0	747	1469948
eeee114e20dff15c27366786d41df668	gi|2363085097|ref|NR_180797.1|	97.273	440	12	0	6	445	346	785	0.0	747	2605778
eeee114e20dff15c27366786d41df668	gi|2363081854|ref|NR_179173.1|	97.273	440	12	0	6	445	333	772	0.0	747	2126740
eeee114e20dff15c27366786d41df668	gi|2363083601|ref|NR_180048.1|	96.818	440	14	0	6	445	338	777	0.0	736	253257
aa10cebdd9a30fbeaacdd846d4e68d76	gi|2363082168|ref|NR_179330.1|	99.095	442	4	0	6	447	327	768	0.0	795	2714355
aa10cebdd9a30fbeaacdd846d4e68d76	gi|2363082165|ref|NR_179329.1|	98.416	442	7	0	6	447	327	768	0.0	778	2714353
aa10cebdd9a30fbeaacdd846d4e68d76	gi|645321110|ref|NR_118156.1|	94.131	443	24	2	6	447	304	745	0.0	673	1007096
aa10cebdd9a30fbeaacdd846d4e68d76	gi|2962412234|ref|NR_199428.1|	93.905	443	25	2	6	447	352	793	0.0	667	3073143
aa10cebdd9a30fbeaacdd846d4e68d76	gi|2363087001|ref|NR_181757.1|	93.483	445	23	6	6	447	289	730	0.0	656	2841504
aa10cebdd9a30fbeaacdd846d4e68d76	gi|1109168025|ref|NR_144611.1|	93.483	445	24	3	6	447	282	724	0.0	656	1417852
aa10cebdd9a30fbeaacdd846d4e68d76	gi|1269801610|ref|NR_074793.2|	93.228	443	28	2	6	447	355	796	0.0	651	351091
aa10cebdd9a30fbeaacdd846d4e68d76	gi|343200653|ref|NR_041340.1|	93.228	443	28	2	6	447	328	769	0.0	651	351091
aa10cebdd9a30fbeaacdd846d4e68d76	gi|2260349448|ref|NR_176530.1|	93.002	443	29	2	6	447	358	799	0.0	645	2093857
aa10cebdd9a30fbeaacdd846d4e68d76	gi|2136551692|ref|NR_173697.1|	92.986	442	31	0	6	447	349	790	0.0	645	2108523
fd3c645f7e900fb77ae8ae59680a8230	gi|2363082168|ref|NR_179330.1|	94.344	442	25	0	6	447	327	768	0.0	678	2714355
fd3c645f7e900fb77ae8ae59680a8230	gi|2363082569|ref|NR_179531.1|	94.144	444	22	4	6	447	347	788	0.0	673	1852369
fd3c645f7e900fb77ae8ae59680a8230	gi|2363082165|ref|NR_179329.1|	94.118	442	26	0	6	447	327	768	0.0	673	2714353
fd3c645f7e900fb77ae8ae59680a8230	gi|2363082342|ref|NR_179418.1|	93.258	445	25	3	6	447	348	790	0.0	651	1673721
fd3c645f7e900fb77ae8ae59680a8230	gi|1269801610|ref|NR_074793.2|	92.099	443	33	2	6	447	355	796	3.55e-178	623	351091
fd3c645f7e900fb77ae8ae59680a8230	gi|645321110|ref|NR_118156.1|	92.135	445	29	5	6	447	304	745	3.55e-178	623	1007096
fd3c645f7e900fb77ae8ae59680a8230	gi|343200653|ref|NR_041340.1|	92.099	443	33	2	6	447	328	769	3.55e-178	623	351091
fd3c645f7e900fb77ae8ae59680a8230	gi|2260349448|ref|NR_176530.1|	91.685	445	31	5	6	447	358	799	7.68e-175	612	2093857
fd3c645f7e900fb77ae8ae59680a8230	gi|2363082559|ref|NR_179526.1|	91.685	445	31	5	6	447	349	790	7.68e-175	612	1841866
fd3c645f7e900fb77ae8ae59680a8230	gi|2962412234|ref|NR_199428.1|	91.480	446	30	7	6	447	352	793	3.58e-173	606	3073143
a2cc1b6d5154a00101205ddfe9fcf9c4	gi|444304111|ref|NR_074535.1|	99.129	459	4	0	6	464	334	792	0.0	826	28118
a2cc1b6d5154a00101205ddfe9fcf9c4	gi|631251877|ref|NR_113075.1|	99.129	459	4	0	6	464	334	792	0.0	826	28118
a2cc1b6d5154a00101205ddfe9fcf9c4	gi|343206056|ref|NR_044636.1|	97.821	459	10	0	6	464	342	800	0.0	798	28118
a2cc1b6d5154a00101205ddfe9fcf9c4	gi|631251876|ref|NR_113074.1|	90.497	463	36	7	6	464	335	793	1.34e-172	604	742817
a2cc1b6d5154a00101205ddfe9fcf9c4	gi|631251699|ref|NR_112897.1|	90.497	463	36	7	6	464	315	773	1.34e-172	604	742817
a2cc1b6d5154a00101205ddfe9fcf9c4	gi|959494837|ref|NR_133715.1|	87.069	464	51	8	6	464	280	739	6.45e-146	516	1416875
a2cc1b6d5154a00101205ddfe9fcf9c4	gi|1953646717|ref|NR_171512.1|	86.797	462	56	5	6	464	313	772	3.00e-144	510	2162893
a2cc1b6d5154a00101205ddfe9fcf9c4	gi|1341394029|ref|NR_153701.1|	86.638	464	53	8	6	464	299	758	1.40e-142	505	1740245
a2cc1b6d5154a00101205ddfe9fcf9c4	gi|559795096|ref|NR_104682.1|	86.609	463	55	6	6	464	315	774	1.40e-142	505	1168289
a2cc1b6d5154a00101205ddfe9fcf9c4	gi|2363081792|ref|NR_179142.1|	86.422	464	54	8	6	464	334	793	6.49e-141	499	2006564
57725881f699521e68942b8f947f087c	gi|636560687|ref|NR_116747.1|	99.318	440	3	0	6	445	301	740	0.0	797	1298596
57725881f699521e68942b8f947f087c	gi|2363085133|ref|NR_180815.1|	97.045	440	13	0	6	445	350	789	0.0	741	2606633
57725881f699521e68942b8f947f087c	gi|2363083556|ref|NR_180026.1|	97.045	440	13	0	6	445	348	787	0.0	741	2696678
57725881f699521e68942b8f947f087c	gi|1909404440|ref|NR_170495.1|	96.818	440	14	0	6	445	355	794	0.0	736	2509240
57725881f699521e68942b8f947f087c	gi|2363082374|ref|NR_179434.1|	96.818	440	14	0	6	445	349	788	0.0	736	1720300
57725881f699521e68942b8f947f087c	gi|310974914|ref|NR_036777.1|	96.804	438	14	0	6	443	333	770	0.0	734	33039
57725881f699521e68942b8f947f087c	gi|631251356|ref|NR_112553.1|	96.599	441	14	1	6	445	348	788	0.0	730	342942
57725881f699521e68942b8f947f087c	gi|228719063|ref|NR_027579.1|	96.136	440	17	0	6	445	316	755	0.0	725	471875
57725881f699521e68942b8f947f087c	gi|2363084846|ref|NR_180671.1|	96.136	440	17	0	6	445	63	502	0.0	719	2594882
57725881f699521e68942b8f947f087c	gi|2962412221|ref|NR_199415.1|	96.136	440	17	0	6	445	338	777	0.0	719	3136600
ced08fc1b7575ea9b5e3b181b422c541	gi|631252372|ref|NR_113570.1|	99.570	465	2	0	6	470	333	797	0.0	848	1110546
ced08fc1b7575ea9b5e3b181b422c541	gi|444439665|ref|NR_074980.1|	99.355	465	3	0	6	470	353	817	0.0	843	479436
ced08fc1b7575ea9b5e3b181b422c541	gi|631251833|ref|NR_113031.1|	99.355	465	3	0	6	470	353	817	0.0	843	29466
ced08fc1b7575ea9b5e3b181b422c541	gi|645322414|ref|NR_119168.1|	99.355	465	3	0	6	470	331	795	0.0	843	479436
ced08fc1b7575ea9b5e3b181b422c541	gi|645320589|ref|NR_117759.1|	99.140	465	4	0	6	470	329	793	0.0	839	479436
ced08fc1b7575ea9b5e3b181b422c541	gi|343202841|ref|NR_043332.1|	99.140	465	4	0	6	470	326	790	0.0	839	479436
ced08fc1b7575ea9b5e3b181b422c541	gi|343205749|ref|NR_044153.1|	98.925	465	5	0	6	470	326	790	0.0	833	419208
ced08fc1b7575ea9b5e3b181b422c541	gi|343202582|ref|NR_042940.1|	98.925	465	5	0	6	470	238	702	0.0	832	248315
ced08fc1b7575ea9b5e3b181b422c541	gi|2363082157|ref|NR_179325.1|	98.710	465	6	0	6	470	300	764	0.0	826	2682456
ced08fc1b7575ea9b5e3b181b422c541	gi|343205705|ref|NR_044091.1|	98.710	465	6	0	6	470	240	704	0.0	826	423477
d30910901236651ac14c515c2e6fc29a	gi|631251734|ref|NR_112932.1|	99.348	460	3	0	6	465	328	787	0.0	833	47678
d30910901236651ac14c515c2e6fc29a	gi|219846650|ref|NR_026242.1|	99.348	460	3	0	6	465	318	777	0.0	833	47678
d30910901236651ac14c515c2e6fc29a	gi|631251869|ref|NR_113067.1|	97.609	460	11	0	6	465	325	784	0.0	789	1077285
d30910901236651ac14c515c2e6fc29a	gi|343200626|ref|NR_041313.1|	97.609	460	11	0	6	465	340	799	0.0	789	338188
d30910901236651ac14c515c2e6fc29a	gi|645320100|ref|NR_117387.1|	97.391	460	12	0	6	465	320	779	0.0	784	1077285
d30910901236651ac14c515c2e6fc29a	gi|2363084421|ref|NR_180458.1|	97.174	460	13	0	6	465	340	799	0.0	778	2650157
d30910901236651ac14c515c2e6fc29a	gi|343200620|ref|NR_041307.1|	97.174	460	13	0	6	465	334	793	0.0	778	329854
d30910901236651ac14c515c2e6fc29a	gi|631251749|ref|NR_112947.1|	96.957	460	14	0	6	465	326	785	0.0	774	657309
d30910901236651ac14c515c2e6fc29a	gi|2363084431|ref|NR_180463.1|	96.957	460	14	0	6	465	340	799	0.0	773	2650158
d30910901236651ac14c515c2e6fc29a	gi|631251733|ref|NR_112931.1|	96.957	460	14	0	6	465	340	799	0.0	773	85831
267573f488161d93834d726f9045e364	gi|636559243|ref|NR_115300.1|	99.348	460	3	0	6	465	314	773	0.0	833	679935
267573f488161d93834d726f9045e364	gi|631251952|ref|NR_113150.1|	99.130	460	4	0	6	465	334	793	0.0	828	214856
267573f488161d93834d726f9045e364	gi|507148137|ref|NR_102944.1|	98.913	460	5	0	6	465	334	793	0.0	822	214856
267573f488161d93834d726f9045e364	gi|343198609|ref|NR_043064.1|	98.913	460	5	0	6	465	314	773	0.0	822	214856
267573f488161d93834d726f9045e364	gi|631251955|ref|NR_113153.1|	97.609	460	11	0	6	465	334	793	0.0	789	328814
267573f488161d93834d726f9045e364	gi|343202834|ref|NR_043319.1|	97.391	460	12	0	6	465	323	782	0.0	785	717959
267573f488161d93834d726f9045e364	gi|507148054|ref|NR_102861.1|	97.391	460	12	0	6	465	334	793	0.0	784	717959
267573f488161d93834d726f9045e364	gi|631251953|ref|NR_113151.1|	96.739	460	15	0	6	465	338	797	0.0	767	328813
267573f488161d93834d726f9045e364	gi|343202833|ref|NR_043318.1|	96.739	460	15	0	6	465	324	783	0.0	767	328813
267573f488161d93834d726f9045e364	gi|672239000|ref|NR_125589.1|	96.522	460	16	0	6	465	269	728	0.0	761	1033731
61b9c1c7214ae383823f0369b2bc00ef	gi|3248465636|ref|NR_201647.1|	99.318	440	3	0	6	445	300	739	0.0	797	3380806
61b9c1c7214ae383823f0369b2bc00ef	gi|343198924|ref|NR_044048.1|	99.318	440	3	0	6	445	328	767	0.0	797	470146
61b9c1c7214ae383823f0369b2bc00ef	gi|1116030277|ref|NR_144735.1|	98.864	440	5	0	6	445	350	789	0.0	785	1745713
61b9c1c7214ae383823f0369b2bc00ef	gi|2363082603|ref|NR_179548.1|	97.045	440	13	0	6	445	348	787	0.0	743	1870993
61b9c1c7214ae383823f0369b2bc00ef	gi|265678940|ref|NR_029248.1|	96.591	440	13	2	6	445	349	786	0.0	730	500632
61b9c1c7214ae383823f0369b2bc00ef	gi|2363084846|ref|NR_180671.1|	95.909	440	18	0	6	445	63	502	0.0	713	2594882
61b9c1c7214ae383823f0369b2bc00ef	gi|2962412221|ref|NR_199415.1|	95.909	440	18	0	6	445	338	777	0.0	713	3136600
61b9c1c7214ae383823f0369b2bc00ef	gi|2363086021|ref|NR_181263.1|	95.909	440	18	0	6	445	334	773	0.0	713	2726362
61b9c1c7214ae383823f0369b2bc00ef	gi|2363086282|ref|NR_181393.1|	95.701	442	15	4	6	445	290	729	0.0	708	2763664
61b9c1c7214ae383823f0369b2bc00ef	gi|343203027|ref|NR_043551.1|	95.682	440	19	0	6	445	349	788	0.0	708	341220
3bca1f24c9e81311d71d03a731d756f7	gi|2363080123|ref|NR_178280.1|	99.091	440	4	0	6	445	331	770	0.0	791	411483
3bca1f24c9e81311d71d03a731d756f7	gi|3030611269|ref|NR_199945.1|	98.864	440	5	0	6	445	335	774	0.0	785	3435293
3bca1f24c9e81311d71d03a731d756f7	gi|2363081449|ref|NR_178971.1|	98.636	440	5	1	6	445	285	723	0.0	778	1851427
3bca1f24c9e81311d71d03a731d756f7	gi|265678656|ref|NR_028961.1|	98.409	440	7	0	6	445	327	766	0.0	774	853
3bca1f24c9e81311d71d03a731d756f7	gi|2363081451|ref|NR_178972.1|	98.182	440	8	0	6	445	285	724	0.0	769	1851428
3bca1f24c9e81311d71d03a731d756f7	gi|2363082282|ref|NR_179388.1|	97.506	441	9	2	6	445	335	774	0.0	752	2935520
3bca1f24c9e81311d71d03a731d756f7	gi|2363080175|ref|NR_178311.1|	96.818	440	14	0	6	445	412	851	0.0	736	2903556
3bca1f24c9e81311d71d03a731d756f7	gi|2363084747|ref|NR_180622.1|	93.651	441	26	2	6	445	335	774	0.0	658	2779354
3bca1f24c9e81311d71d03a731d756f7	gi|559795255|ref|NR_104846.1|	93.409	440	29	0	6	445	288	727	0.0	652	745368
3bca1f24c9e81311d71d03a731d756f7	gi|1277396189|ref|NR_151900.1|	92.955	440	31	0	6	445	351	790	0.0	641	1550024
483557311fa6a95ea79a8ab61ad93603	gi|2260473023|ref|NR_176800.1|	99.142	466	4	0	6	471	303	768	0.0	839	35833
483557311fa6a95ea79a8ab61ad93603	gi|2962412215|ref|NR_199409.1|	92.111	469	30	7	6	471	328	792	0.0	654	3136602
483557311fa6a95ea79a8ab61ad93603	gi|631252098|ref|NR_113296.1|	92.077	467	34	3	6	471	341	805	0.0	654	54565
483557311fa6a95ea79a8ab61ad93603	gi|645319734|ref|NR_117110.1|	92.077	467	34	3	6	471	337	801	0.0	654	54565
483557311fa6a95ea79a8ab61ad93603	gi|219846821|ref|NR_026413.1|	92.094	468	32	5	6	471	320	784	0.0	654	58621
483557311fa6a95ea79a8ab61ad93603	gi|219846663|ref|NR_026255.1|	91.202	466	40	1	6	471	319	783	0.0	632	644897
483557311fa6a95ea79a8ab61ad93603	gi|343198744|ref|NR_043567.1|	90.987	466	41	1	6	471	340	804	2.90e-179	627	32016
483557311fa6a95ea79a8ab61ad93603	gi|636558706|ref|NR_114763.1|	90.987	466	41	1	6	471	200	664	2.90e-179	627	32016
483557311fa6a95ea79a8ab61ad93603	gi|559795397|ref|NR_104990.1|	91.064	470	33	9	6	471	340	804	2.90e-179	627	876
483557311fa6a95ea79a8ab61ad93603	gi|566084868|ref|NR_108301.1|	90.928	474	29	14	6	471	324	791	1.04e-178	625	571438
720bd1bbf2bdb7a621579835311bc89a	gi|343205678|ref|NR_044054.1|	99.545	440	2	0	6	445	297	736	0.0	802	1121115
720bd1bbf2bdb7a621579835311bc89a	gi|631253117|ref|NR_114315.1|	99.318	440	3	0	6	445	336	775	0.0	798	649762
720bd1bbf2bdb7a621579835311bc89a	gi|2363082685|ref|NR_179590.1|	99.093	441	3	1	6	445	327	767	0.0	793	1936059
720bd1bbf2bdb7a621579835311bc89a	gi|219846722|ref|NR_026314.1|	97.500	440	11	0	6	445	330	769	0.0	752	53443
720bd1bbf2bdb7a621579835311bc89a	gi|219846720|ref|NR_026312.1|	97.045	440	13	0	6	445	327	766	0.0	743	180164
720bd1bbf2bdb7a621579835311bc89a	gi|2363084170|ref|NR_180334.1|	97.045	440	13	0	6	445	253	692	0.0	741	2763028
720bd1bbf2bdb7a621579835311bc89a	gi|2363086300|ref|NR_181402.1|	97.045	440	13	0	6	445	300	739	0.0	741	2763028
720bd1bbf2bdb7a621579835311bc89a	gi|631252033|ref|NR_113231.1|	97.052	441	11	2	6	445	347	786	0.0	741	536633
720bd1bbf2bdb7a621579835311bc89a	gi|631251591|ref|NR_112789.1|	97.052	441	11	2	6	445	333	772	0.0	741	536633
720bd1bbf2bdb7a621579835311bc89a	gi|2363082673|ref|NR_179584.1|	96.825	441	12	2	6	445	327	766	0.0	736	1917888
82c413e4e98691d0cc96cf579167e995	gi|310974936|ref|NR_036800.1|	98.182	440	8	0	6	445	326	765	0.0	769	411470
82c413e4e98691d0cc96cf579167e995	gi|645321810|ref|NR_118690.1|	98.182	440	8	0	6	445	338	777	0.0	769	411470
82c413e4e98691d0cc96cf579167e995	gi|2363085474|ref|NR_180986.1|	96.364	440	16	0	6	445	347	786	0.0	725	2681861
82c413e4e98691d0cc96cf579167e995	gi|2363085103|ref|NR_180800.1|	96.136	440	17	0	6	445	347	786	0.0	719	2652274
82c413e4e98691d0cc96cf579167e995	gi|1116030273|ref|NR_144731.1|	96.136	440	17	0	6	445	347	786	0.0	719	1720294
82c413e4e98691d0cc96cf579167e995	gi|645321749|ref|NR_118643.1|	95.909	440	18	0	6	445	254	693	0.0	713	1432052
82c413e4e98691d0cc96cf579167e995	gi|219857617|ref|NR_025206.1|	95.682	440	19	0	6	445	314	753	0.0	708	180286
82c413e4e98691d0cc96cf579167e995	gi|3030611230|ref|NR_199906.1|	95.465	441	18	2	6	445	354	793	0.0	702	3123317
82c413e4e98691d0cc96cf579167e995	gi|3030611314|ref|NR_199990.1|	95.465	441	18	2	6	445	350	789	0.0	702	3123317
82c413e4e98691d0cc96cf579167e995	gi|1384992331|ref|NR_156080.1|	95.465	441	18	2	6	445	336	775	0.0	702	1469948
b66f0443415e4a2030fb40ac335bf012	gi|2363082779|ref|NR_179638.1|	99.318	440	3	0	6	445	348	787	0.0	797	2040291
b66f0443415e4a2030fb40ac335bf012	gi|545589044|ref|NR_044645.2|	98.409	440	7	0	6	445	355	794	0.0	782	39486
b66f0443415e4a2030fb40ac335bf012	gi|1397641798|ref|NR_156907.1|	96.591	440	15	0	6	445	348	787	0.0	730	1912855
b66f0443415e4a2030fb40ac335bf012	gi|1109168038|ref|NR_144617.1|	96.591	440	15	0	6	445	340	779	0.0	730	1796634
b66f0443415e4a2030fb40ac335bf012	gi|2363086021|ref|NR_181263.1|	96.136	440	17	0	6	445	334	773	0.0	719	2726362
b66f0443415e4a2030fb40ac335bf012	gi|343203027|ref|NR_043551.1|	95.909	440	18	0	6	445	349	788	0.0	713	341220
b66f0443415e4a2030fb40ac335bf012	gi|3248465643|ref|NR_201655.1|	95.692	441	17	2	6	445	313	752	0.0	708	3380807
b66f0443415e4a2030fb40ac335bf012	gi|2136551567|ref|NR_173570.1|	95.692	441	17	2	6	445	330	769	0.0	708	1912090
b66f0443415e4a2030fb40ac335bf012	gi|2363082765|ref|NR_179631.1|	95.701	442	15	4	6	445	348	787	0.0	708	2014528
b66f0443415e4a2030fb40ac335bf012	gi|631253194|ref|NR_114392.1|	95.692	441	17	2	6	445	350	789	0.0	708	1544
ca7ddf252b5332e137bd373027ad3517	gi|343201773|ref|NR_042499.1|	99.130	460	4	0	6	465	294	753	0.0	828	657309
ca7ddf252b5332e137bd373027ad3517	gi|631251749|ref|NR_112947.1|	98.913	460	5	0	6	465	326	785	0.0	824	657309
ca7ddf252b5332e137bd373027ad3517	gi|2363084431|ref|NR_180463.1|	98.696	460	6	0	6	465	340	799	0.0	817	2650158
ca7ddf252b5332e137bd373027ad3517	gi|631251733|ref|NR_112931.1|	98.261	460	8	0	6	465	340	799	0.0	806	85831
ca7ddf252b5332e137bd373027ad3517	gi|265678305|ref|NR_028607.1|	98.257	459	8	0	7	465	333	791	0.0	804	85831
ca7ddf252b5332e137bd373027ad3517	gi|631252008|ref|NR_113206.1|	97.609	460	11	0	6	465	336	795	0.0	789	1236513
ca7ddf252b5332e137bd373027ad3517	gi|645322410|ref|NR_119165.1|	97.174	460	13	0	6	465	319	778	0.0	785	28116
ca7ddf252b5332e137bd373027ad3517	gi|631251869|ref|NR_113067.1|	97.174	460	13	0	6	465	325	784	0.0	778	1077285
ca7ddf252b5332e137bd373027ad3517	gi|645320100|ref|NR_117387.1|	97.174	460	13	0	6	465	320	779	0.0	778	1077285
ca7ddf252b5332e137bd373027ad3517	gi|343200626|ref|NR_041313.1|	97.174	460	13	0	6	465	340	799	0.0	778	338188
9fdc17a7bbac397dc59871a4839155b2	gi|310975064|ref|NR_036928.1|	99.318	440	3	0	6	445	333	772	0.0	797	154046
9fdc17a7bbac397dc59871a4839155b2	gi|959494895|ref|NR_133762.1|	98.409	440	7	0	6	445	301	740	0.0	774	1096246
9fdc17a7bbac397dc59871a4839155b2	gi|310975204|ref|NR_037068.1|	96.825	441	12	2	6	445	341	780	0.0	736	29375
9fdc17a7bbac397dc59871a4839155b2	gi|2363085169|ref|NR_180833.1|	96.591	440	15	0	6	445	337	776	0.0	730	2606635
9fdc17a7bbac397dc59871a4839155b2	gi|2836274880|ref|NR_197643.1|	96.591	440	15	0	6	445	329	768	0.0	730	2962432
9fdc17a7bbac397dc59871a4839155b2	gi|1193829153|ref|NR_147396.1|	96.591	440	15	0	6	445	328	767	0.0	730	1917870
9fdc17a7bbac397dc59871a4839155b2	gi|559795307|ref|NR_104899.1|	96.591	440	15	0	6	445	328	767	0.0	730	384636
9fdc17a7bbac397dc59871a4839155b2	gi|645322280|ref|NR_119068.1|	96.599	441	12	3	6	445	315	753	0.0	728	36832
9fdc17a7bbac397dc59871a4839155b2	gi|3030611230|ref|NR_199906.1|	96.364	440	16	0	6	445	354	793	0.0	725	3123317
9fdc17a7bbac397dc59871a4839155b2	gi|3030611314|ref|NR_199990.1|	96.364	440	16	0	6	445	350	789	0.0	725	3123317
7157dab904f467f13de9bdac352ab6e9	gi|2363085169|ref|NR_180833.1|	99.091	440	4	0	6	445	337	776	0.0	791	2606635
7157dab904f467f13de9bdac352ab6e9	gi|559795307|ref|NR_104899.1|	97.045	440	13	0	6	445	328	767	0.0	741	384636
7157dab904f467f13de9bdac352ab6e9	gi|310975204|ref|NR_037068.1|	97.045	440	13	0	6	445	341	780	0.0	741	29375
7157dab904f467f13de9bdac352ab6e9	gi|2363082679|ref|NR_179587.1|	96.818	440	14	0	6	445	328	767	0.0	736	1926283
7157dab904f467f13de9bdac352ab6e9	gi|1384992332|ref|NR_156081.1|	96.818	440	14	0	6	445	336	775	0.0	736	1469948
7157dab904f467f13de9bdac352ab6e9	gi|1384992329|ref|NR_156078.1|	96.818	440	14	0	6	445	336	775	0.0	736	1469948
7157dab904f467f13de9bdac352ab6e9	gi|2363081854|ref|NR_179173.1|	96.818	440	14	0	6	445	333	772	0.0	736	2126740
7157dab904f467f13de9bdac352ab6e9	gi|645322280|ref|NR_119068.1|	96.818	440	13	1	6	445	315	753	0.0	734	36832
7157dab904f467f13de9bdac352ab6e9	gi|3030611230|ref|NR_199906.1|	96.591	440	15	0	6	445	354	793	0.0	730	3123317
7157dab904f467f13de9bdac352ab6e9	gi|3030611314|ref|NR_199990.1|	96.591	440	15	0	6	445	350	789	0.0	730	3123317
07cf5ec333cbf2fcd053e0e4d4a32197	gi|2363080123|ref|NR_178280.1|	96.364	440	16	0	6	445	331	770	0.0	725	411483
07cf5ec333cbf2fcd053e0e4d4a32197	gi|2363082282|ref|NR_179388.1|	96.136	440	17	0	6	445	335	774	0.0	719	2935520
07cf5ec333cbf2fcd053e0e4d4a32197	gi|559795255|ref|NR_104846.1|	96.136	440	17	0	6	445	288	727	0.0	719	745368
07cf5ec333cbf2fcd053e0e4d4a32197	gi|265678656|ref|NR_028961.1|	96.136	440	17	0	6	445	327	766	0.0	719	853
07cf5ec333cbf2fcd053e0e4d4a32197	gi|2363081449|ref|NR_178971.1|	95.909	440	17	1	6	445	285	723	0.0	712	1851427
07cf5ec333cbf2fcd053e0e4d4a32197	gi|2363081451|ref|NR_178972.1|	95.682	440	19	0	6	445	285	724	0.0	708	1851428
07cf5ec333cbf2fcd053e0e4d4a32197	gi|3030611269|ref|NR_199945.1|	95.227	440	21	0	6	445	335	774	0.0	697	3435293
07cf5ec333cbf2fcd053e0e4d4a32197	gi|265678692|ref|NR_028997.1|	95.238	441	20	1	6	445	303	743	0.0	697	214851
07cf5ec333cbf2fcd053e0e4d4a32197	gi|2363080175|ref|NR_178311.1|	94.545	440	24	0	6	445	412	851	0.0	680	2903556
07cf5ec333cbf2fcd053e0e4d4a32197	gi|2363084747|ref|NR_180622.1|	93.636	440	28	0	6	445	335	774	0.0	658	2779354
d4925a3dc0820f87f47b44b368ee9374	gi|2363085097|ref|NR_180797.1|	96.372	441	14	2	6	445	346	785	0.0	725	2605778
d4925a3dc0820f87f47b44b368ee9374	gi|2363082679|ref|NR_179587.1|	95.682	440	19	0	6	445	328	767	0.0	708	1926283
d4925a3dc0820f87f47b44b368ee9374	gi|2363081854|ref|NR_179173.1|	95.682	440	19	0	6	445	333	772	0.0	708	2126740
d4925a3dc0820f87f47b44b368ee9374	gi|645321072|ref|NR_118128.1|	95.475	442	16	4	6	445	174	613	0.0	702	1531
d4925a3dc0820f87f47b44b368ee9374	gi|631252212|ref|NR_113410.1|	95.475	442	16	4	6	445	257	696	0.0	702	208479
d4925a3dc0820f87f47b44b368ee9374	gi|219878428|ref|NR_025567.1|	95.475	442	16	4	6	445	348	787	0.0	702	208479
d4925a3dc0820f87f47b44b368ee9374	gi|2363082583|ref|NR_179538.1|	95.249	442	17	4	6	445	346	785	0.0	697	1852382
d4925a3dc0820f87f47b44b368ee9374	gi|545589118|ref|NR_044715.2|	95.011	441	20	2	6	445	355	794	0.0	693	1531
d4925a3dc0820f87f47b44b368ee9374	gi|631251457|ref|NR_112654.1|	95.011	441	20	2	6	445	338	777	0.0	693	1286362
d4925a3dc0820f87f47b44b368ee9374	gi|2363083601|ref|NR_180048.1|	95.000	440	22	0	6	445	338	777	0.0	691	253257
6bd84391bd489f00e612783352c8ccb1	gi|219857122|ref|NR_024750.1|	99.093	441	3	1	6	445	300	740	0.0	793	116085
6bd84391bd489f00e612783352c8ccb1	gi|2363080283|ref|NR_178367.1|	95.682	440	19	0	6	445	328	767	0.0	708	673271
6bd84391bd489f00e612783352c8ccb1	gi|219878251|ref|NR_025390.1|	95.227	440	21	0	6	445	330	769	0.0	697	115544
6bd84391bd489f00e612783352c8ccb1	gi|1040567056|ref|NR_137405.1|	95.000	440	22	0	6	445	307	746	0.0	691	1619234
6bd84391bd489f00e612783352c8ccb1	gi|1109168027|ref|NR_144612.1|	94.773	440	23	0	6	445	350	789	0.0	686	1796636
6bd84391bd489f00e612783352c8ccb1	gi|3248465643|ref|NR_201655.1|	94.570	442	20	4	6	445	313	752	0.0	680	3380807
6bd84391bd489f00e612783352c8ccb1	gi|3030611230|ref|NR_199906.1|	94.545	440	24	0	6	445	354	793	0.0	680	3123317
6bd84391bd489f00e612783352c8ccb1	gi|3030611314|ref|NR_199990.1|	94.545	440	24	0	6	445	350	789	0.0	680	3123317
6bd84391bd489f00e612783352c8ccb1	gi|2136551567|ref|NR_173570.1|	94.570	442	20	4	6	445	330	769	0.0	680	1912090
6bd84391bd489f00e612783352c8ccb1	gi|1384992332|ref|NR_156081.1|	94.545	440	24	0	6	445	336	775	0.0	680	1469948
9d4e023b8e7581299d7c057d4475331f	gi|2363080273|ref|NR_178362.1|	98.194	443	8	0	6	448	299	741	0.0	774	1216362
9d4e023b8e7581299d7c057d4475331f	gi|2363080275|ref|NR_178363.1|	97.968	443	9	0	6	448	299	741	0.0	769	2663009
9d4e023b8e7581299d7c057d4475331f	gi|631252119|ref|NR_113317.1|	97.968	443	9	0	6	448	257	699	0.0	769	285729
9d4e023b8e7581299d7c057d4475331f	gi|645319968|ref|NR_117288.1|	97.968	443	9	0	6	448	299	741	0.0	769	393480
9d4e023b8e7581299d7c057d4475331f	gi|343202459|ref|NR_042755.1|	97.968	443	9	0	6	448	321	763	0.0	769	285729
9d4e023b8e7581299d7c057d4475331f	gi|645320694|ref|NR_117839.1|	97.743	443	10	0	6	448	327	769	0.0	765	860
9d4e023b8e7581299d7c057d4475331f	gi|343201108|ref|NR_041807.1|	97.743	443	10	0	6	448	326	768	0.0	765	393480
9d4e023b8e7581299d7c057d4475331f	gi|444303988|ref|NR_074412.1|	97.743	443	10	0	6	448	375	817	0.0	763	190304
9d4e023b8e7581299d7c057d4475331f	gi|631252120|ref|NR_113318.1|	97.743	443	10	0	6	448	332	774	0.0	763	855
9d4e023b8e7581299d7c057d4475331f	gi|631252000|ref|NR_113198.1|	97.743	443	10	0	6	448	333	775	0.0	763	190304
37780cea538699bce4b799435fa4cdb2	gi|343200903|ref|NR_041590.1|	98.081	469	8	1	6	473	140	608	0.0	815	742816
37780cea538699bce4b799435fa4cdb2	gi|343199066|ref|NR_044473.1|	97.872	470	7	3	6	473	295	763	0.0	809	491921
37780cea538699bce4b799435fa4cdb2	gi|219878375|ref|NR_025514.1|	94.456	469	25	1	6	473	335	803	0.0	721	158847
37780cea538699bce4b799435fa4cdb2	gi|636558562|ref|NR_114619.1|	92.903	465	33	0	6	470	347	811	0.0	676	86956
37780cea538699bce4b799435fa4cdb2	gi|645321057|ref|NR_118115.1|	92.569	471	30	5	6	473	345	813	0.0	671	1002795
37780cea538699bce4b799435fa4cdb2	gi|559795237|ref|NR_104827.1|	92.688	465	34	0	6	470	339	803	0.0	671	86956
37780cea538699bce4b799435fa4cdb2	gi|645320513|ref|NR_117702.1|	92.489	466	33	2	6	470	318	782	0.0	665	865
37780cea538699bce4b799435fa4cdb2	gi|343202547|ref|NR_042900.1|	92.275	466	34	2	6	470	225	689	0.0	662	259840
37780cea538699bce4b799435fa4cdb2	gi|566085189|ref|NR_108993.1|	91.202	466	39	2	6	470	318	782	0.0	632	862415
37780cea538699bce4b799435fa4cdb2	gi|265679017|ref|NR_029325.1|	90.558	466	41	3	6	470	327	790	2.25e-175	614	55507
27492be7ca2e39b65e0ae379edb99970	gi|444304209|ref|NR_074634.1|	99.318	440	3	0	6	445	350	789	0.0	797	515619
27492be7ca2e39b65e0ae379edb99970	gi|343198540|ref|NR_042832.1|	98.186	441	7	1	6	445	330	770	0.0	769	301302
27492be7ca2e39b65e0ae379edb99970	gi|1227086116|ref|NR_148619.1|	97.738	442	8	2	6	445	301	742	0.0	760	1712665
27492be7ca2e39b65e0ae379edb99970	gi|645320588|ref|NR_117758.1|	97.285	442	10	1	6	445	322	763	0.0	749	166486
27492be7ca2e39b65e0ae379edb99970	gi|228716944|ref|NR_027557.1|	97.285	442	10	1	6	445	343	784	0.0	749	536231
27492be7ca2e39b65e0ae379edb99970	gi|444439494|ref|NR_074809.1|	97.279	441	11	1	6	445	350	790	0.0	747	585394
27492be7ca2e39b65e0ae379edb99970	gi|343201282|ref|NR_042008.1|	97.052	441	11	2	6	445	341	780	0.0	741	585394
27492be7ca2e39b65e0ae379edb99970	gi|2363085153|ref|NR_180825.1|	96.825	441	13	1	6	445	347	787	0.0	736	2605790
27492be7ca2e39b65e0ae379edb99970	gi|219846723|ref|NR_026315.1|	96.818	440	14	0	6	445	317	756	0.0	736	46206
27492be7ca2e39b65e0ae379edb99970	gi|2363086282|ref|NR_181393.1|	96.591	440	15	0	6	445	290	729	0.0	730	2763664
86d6539a323b80e8d0c93b4a35df7d7f	gi|1864207064|ref|NR_169358.1|	99.564	459	2	0	6	464	335	793	0.0	837	1720203
86d6539a323b80e8d0c93b4a35df7d7f	gi|699005325|ref|NR_126194.1|	97.386	459	12	0	6	464	335	793	0.0	787	1472416
86d6539a323b80e8d0c93b4a35df7d7f	gi|2363083451|ref|NR_179974.1|	96.950	459	14	0	6	464	327	785	0.0	771	2093856
86d6539a323b80e8d0c93b4a35df7d7f	gi|2363082787|ref|NR_179642.1|	96.950	459	14	0	6	464	315	773	0.0	771	2042309
86d6539a323b80e8d0c93b4a35df7d7f	gi|699005326|ref|NR_126195.1|	96.950	459	14	0	6	464	335	793	0.0	771	1472417
86d6539a323b80e8d0c93b4a35df7d7f	gi|343201004|ref|NR_041691.1|	96.753	462	9	5	6	464	335	793	0.0	765	544645
86d6539a323b80e8d0c93b4a35df7d7f	gi|3248465683|ref|NR_201697.1|	94.553	459	25	0	6	464	285	743	0.0	710	3378067
86d6539a323b80e8d0c93b4a35df7d7f	gi|343201003|ref|NR_041690.1|	93.246	459	31	0	6	464	333	791	0.0	676	544644
86d6539a323b80e8d0c93b4a35df7d7f	gi|1182956112|ref|NR_146820.1|	90.217	460	43	2	6	464	335	793	1.73e-171	601	1720195
86d6539a323b80e8d0c93b4a35df7d7f	gi|2363082669|ref|NR_179582.1|	89.783	460	45	2	6	464	315	773	1.35e-167	588	1917882
56cb2c85df3877a145ea327c465eaf2b	gi|1116030246|ref|NR_144704.1|	98.698	461	4	2	6	465	251	710	0.0	817	1203465
56cb2c85df3877a145ea327c465eaf2b	gi|631251735|ref|NR_112933.1|	98.696	460	6	0	6	465	334	793	0.0	817	246787
56cb2c85df3877a145ea327c465eaf2b	gi|343200620|ref|NR_041307.1|	97.826	460	10	0	6	465	334	793	0.0	795	329854
56cb2c85df3877a145ea327c465eaf2b	gi|343201477|ref|NR_042203.1|	97.826	460	10	0	6	465	295	754	0.0	795	537012
56cb2c85df3877a145ea327c465eaf2b	gi|631251747|ref|NR_112945.1|	95.870	460	19	0	6	465	327	786	0.0	745	820
56cb2c85df3877a145ea327c465eaf2b	gi|631251745|ref|NR_112943.1|	95.879	461	17	2	6	465	326	785	0.0	745	449673
56cb2c85df3877a145ea327c465eaf2b	gi|343200179|ref|NR_040866.1|	95.870	460	19	0	6	465	334	793	0.0	745	820
56cb2c85df3877a145ea327c465eaf2b	gi|631251872|ref|NR_113070.1|	95.671	462	16	4	6	465	334	793	0.0	739	742727
56cb2c85df3877a145ea327c465eaf2b	gi|631251744|ref|NR_112942.1|	95.671	462	16	4	6	465	323	782	0.0	739	291644
56cb2c85df3877a145ea327c465eaf2b	gi|631251734|ref|NR_112932.1|	95.652	460	20	0	6	465	328	787	0.0	739	47678
9d1ce143f7302eadb0462aa1fbaa13ff	gi|559795255|ref|NR_104846.1|	96.818	440	14	0	6	445	288	727	0.0	736	745368
9d1ce143f7302eadb0462aa1fbaa13ff	gi|265678692|ref|NR_028997.1|	95.918	441	17	1	6	445	303	743	0.0	713	214851
9d1ce143f7302eadb0462aa1fbaa13ff	gi|2363080123|ref|NR_178280.1|	94.318	440	25	0	6	445	331	770	0.0	675	411483
9d1ce143f7302eadb0462aa1fbaa13ff	gi|3030611269|ref|NR_199945.1|	94.091	440	26	0	6	445	335	774	0.0	669	3435293
9d1ce143f7302eadb0462aa1fbaa13ff	gi|265678656|ref|NR_028961.1|	94.091	440	26	0	6	445	327	766	0.0	669	853
9d1ce143f7302eadb0462aa1fbaa13ff	gi|2363084747|ref|NR_180622.1|	93.864	440	27	0	6	445	335	774	0.0	664	2779354
9d1ce143f7302eadb0462aa1fbaa13ff	gi|2363081449|ref|NR_178971.1|	94.432	431	24	0	6	436	285	715	0.0	664	1851427
9d1ce143f7302eadb0462aa1fbaa13ff	gi|2363081451|ref|NR_178972.1|	93.636	440	28	0	6	445	285	724	0.0	658	1851428
9d1ce143f7302eadb0462aa1fbaa13ff	gi|2363082282|ref|NR_179388.1|	93.409	440	29	0	6	445	335	774	0.0	652	2935520
9d1ce143f7302eadb0462aa1fbaa13ff	gi|1277396189|ref|NR_151900.1|	93.182	440	30	0	6	445	351	790	0.0	647	1550024
43a41fda010ce78cfd2853b5c46a93a1	gi|343202572|ref|NR_042930.1|	91.610	441	35	2	6	446	366	804	9.92e-174	608	258515
43a41fda010ce78cfd2853b5c46a93a1	gi|1277396348|ref|NR_152059.1|	90.766	444	36	5	6	446	272	713	1.29e-167	588	1849041
43a41fda010ce78cfd2853b5c46a93a1	gi|2363082561|ref|NR_179527.1|	90.766	444	36	5	6	446	336	777	1.29e-167	588	1841868
43a41fda010ce78cfd2853b5c46a93a1	gi|2363082625|ref|NR_179559.1|	90.498	442	40	2	6	446	333	773	6.01e-166	582	1871018
43a41fda010ce78cfd2853b5c46a93a1	gi|228717037|ref|NR_027558.1|	90.498	442	38	4	6	446	292	730	2.16e-165	580	169435
43a41fda010ce78cfd2853b5c46a93a1	gi|1116030290|ref|NR_144748.1|	90.249	441	41	2	6	446	335	773	1.01e-163	575	2897707
43a41fda010ce78cfd2853b5c46a93a1	gi|2363086276|ref|NR_181390.1|	90.249	441	42	1	6	446	304	743	1.01e-163	575	2763659
43a41fda010ce78cfd2853b5c46a93a1	gi|2363086272|ref|NR_181388.1|	90.293	443	38	5	6	446	388	827	1.01e-163	575	2763658
43a41fda010ce78cfd2853b5c46a93a1	gi|2363082601|ref|NR_179547.1|	90.293	443	38	5	6	446	347	786	1.01e-163	575	1870991
43a41fda010ce78cfd2853b5c46a93a1	gi|1864207164|ref|NR_169458.1|	90.045	442	41	3	6	446	345	784	4.68e-162	569	2164149
483c236db9078e1bdfde6e1711f4fa88	gi|943392602|ref|NR_117139.2|	99.091	440	4	0	6	445	346	785	0.0	791	649756
483c236db9078e1bdfde6e1711f4fa88	gi|943392601|ref|NR_117138.2|	99.091	440	4	0	6	445	346	785	0.0	791	649756
483c236db9078e1bdfde6e1711f4fa88	gi|559795210|ref|NR_104799.1|	99.091	440	4	0	6	445	338	777	0.0	791	649756
483c236db9078e1bdfde6e1711f4fa88	gi|2363085925|ref|NR_181215.1|	98.636	440	6	0	6	445	331	770	0.0	780	2738446
483c236db9078e1bdfde6e1711f4fa88	gi|631252121|ref|NR_113319.1|	97.279	441	10	2	6	445	350	789	0.0	747	645466
483c236db9078e1bdfde6e1711f4fa88	gi|636560803|ref|NR_116863.1|	97.059	442	10	3	6	445	337	777	0.0	741	645466
483c236db9078e1bdfde6e1711f4fa88	gi|2363081778|ref|NR_179135.1|	95.692	441	18	1	6	445	330	770	0.0	708	2025494
483c236db9078e1bdfde6e1711f4fa88	gi|2363087251|ref|NR_181881.1|	95.692	441	18	1	6	445	307	747	0.0	708	2880702
483c236db9078e1bdfde6e1711f4fa88	gi|265678610|ref|NR_028915.1|	95.475	442	18	2	6	445	315	756	0.0	704	105841
483c236db9078e1bdfde6e1711f4fa88	gi|2363080591|ref|NR_178536.1|	95.238	441	20	1	6	445	286	726	0.0	697	1229621
01bc0919ca11f9a975b023975d12c64f	gi|1193829153|ref|NR_147396.1|	96.818	440	14	0	6	445	328	767	0.0	736	1917870
01bc0919ca11f9a975b023975d12c64f	gi|2363085097|ref|NR_180797.1|	96.591	440	15	0	6	445	346	785	0.0	730	2605778
01bc0919ca11f9a975b023975d12c64f	gi|343198783|ref|NR_043680.1|	96.136	440	17	0	6	445	257	696	0.0	719	358742
01bc0919ca11f9a975b023975d12c64f	gi|2363082679|ref|NR_179587.1|	95.909	440	18	0	6	445	328	767	0.0	713	1926283
01bc0919ca11f9a975b023975d12c64f	gi|2363081854|ref|NR_179173.1|	95.909	440	18	0	6	445	333	772	0.0	713	2126740
01bc0919ca11f9a975b023975d12c64f	gi|2363083601|ref|NR_180048.1|	95.455	440	20	0	6	445	338	777	0.0	702	253257
01bc0919ca11f9a975b023975d12c64f	gi|2962412268|ref|NR_199462.1|	95.455	440	20	0	6	445	303	742	0.0	702	3111456
01bc0919ca11f9a975b023975d12c64f	gi|2836274880|ref|NR_197643.1|	95.455	440	20	0	6	445	329	768	0.0	702	2962432
01bc0919ca11f9a975b023975d12c64f	gi|636559154|ref|NR_115211.1|	95.455	440	20	0	6	445	333	772	0.0	702	253257
01bc0919ca11f9a975b023975d12c64f	gi|3030611230|ref|NR_199906.1|	95.227	440	21	0	6	445	354	793	0.0	697	3123317
99631b95c23287d2641efe3bcdada0e3	gi|645320731|ref|NR_117867.1|	99.318	440	3	0	6	445	300	739	0.0	797	871664
99631b95c23287d2641efe3bcdada0e3	gi|1679775916|ref|NR_163638.1|	99.091	440	4	0	6	445	328	767	0.0	791	2025493
99631b95c23287d2641efe3bcdada0e3	gi|1679775915|ref|NR_163637.1|	99.091	440	4	0	6	445	328	767	0.0	791	2025493
99631b95c23287d2641efe3bcdada0e3	gi|1679775914|ref|NR_163636.1|	99.091	440	4	0	6	445	328	767	0.0	791	2025493
99631b95c23287d2641efe3bcdada0e3	gi|1679775913|ref|NR_163635.1|	99.091	440	4	0	6	445	328	767	0.0	791	2025493
99631b95c23287d2641efe3bcdada0e3	gi|1679775912|ref|NR_163634.1|	99.091	440	4	0	6	445	328	767	0.0	791	2025493
99631b95c23287d2641efe3bcdada0e3	gi|1193829152|ref|NR_147395.1|	99.091	440	4	0	6	445	348	787	0.0	791	1917868
99631b95c23287d2641efe3bcdada0e3	gi|2363081194|ref|NR_178840.1|	99.091	440	4	0	6	445	348	787	0.0	791	1796616
99631b95c23287d2641efe3bcdada0e3	gi|559795101|ref|NR_104687.1|	99.091	440	4	0	6	445	348	787	0.0	791	537007
99631b95c23287d2641efe3bcdada0e3	gi|631252072|ref|NR_113270.1|	98.864	440	5	0	6	445	348	787	0.0	785	1121114
9388d2717d0f0a76059a2a25ed622947	gi|343206380|ref|NR_044972.1|	93.243	444	28	2	6	448	331	773	0.0	656	44749
9388d2717d0f0a76059a2a25ed622947	gi|2363082165|ref|NR_179329.1|	93.258	445	25	5	6	448	327	768	0.0	651	2714353
9388d2717d0f0a76059a2a25ed622947	gi|2363082168|ref|NR_179330.1|	93.002	443	30	1	6	448	327	768	0.0	645	2714355
9388d2717d0f0a76059a2a25ed622947	gi|219857437|ref|NR_025025.1|	92.793	444	28	4	6	448	332	772	0.0	645	100176
9388d2717d0f0a76059a2a25ed622947	gi|3030611324|ref|NR_200000.1|	92.793	444	30	2	6	448	301	743	0.0	641	3342383
9388d2717d0f0a76059a2a25ed622947	gi|1109168025|ref|NR_144611.1|	92.777	443	32	0	6	448	282	724	0.0	641	1417852
9388d2717d0f0a76059a2a25ed622947	gi|219857201|ref|NR_024829.1|	92.099	443	35	0	6	448	321	763	9.89e-179	625	253314
9388d2717d0f0a76059a2a25ed622947	gi|2363082342|ref|NR_179418.1|	91.892	444	34	2	6	448	348	790	4.60e-177	619	1673721
9388d2717d0f0a76059a2a25ed622947	gi|444304204|ref|NR_074629.1|	91.874	443	36	0	6	448	341	783	4.60e-177	619	1515
9388d2717d0f0a76059a2a25ed622947	gi|631251959|ref|NR_113157.1|	91.874	443	36	0	6	448	341	783	4.60e-177	619	1515
9db0ea96c239ec31cd87f326df4cc4f4	gi|699005326|ref|NR_126195.1|	97.821	459	10	0	6	464	335	793	0.0	793	1472417
9db0ea96c239ec31cd87f326df4cc4f4	gi|699005325|ref|NR_126194.1|	96.732	459	15	0	6	464	335	793	0.0	771	1472416
9db0ea96c239ec31cd87f326df4cc4f4	gi|2363083451|ref|NR_179974.1|	95.861	459	19	0	6	464	327	785	0.0	745	2093856
9db0ea96c239ec31cd87f326df4cc4f4	gi|1864207064|ref|NR_169358.1|	95.861	459	19	0	6	464	335	793	0.0	743	1720203
9db0ea96c239ec31cd87f326df4cc4f4	gi|2363082787|ref|NR_179642.1|	95.861	459	19	0	6	464	315	773	0.0	743	2042309
9db0ea96c239ec31cd87f326df4cc4f4	gi|343201004|ref|NR_041691.1|	95.662	461	16	4	6	464	335	793	0.0	737	544645
9db0ea96c239ec31cd87f326df4cc4f4	gi|3248465683|ref|NR_201697.1|	95.207	459	22	0	6	464	285	743	0.0	726	3378067
9db0ea96c239ec31cd87f326df4cc4f4	gi|343201003|ref|NR_041690.1|	93.900	459	28	0	6	464	333	791	0.0	693	544644
9db0ea96c239ec31cd87f326df4cc4f4	gi|1182956112|ref|NR_146820.1|	89.760	459	47	0	6	464	335	793	1.04e-168	592	1720195
9db0ea96c239ec31cd87f326df4cc4f4	gi|2363080968|ref|NR_178727.1|	89.325	459	49	0	6	464	315	773	2.92e-164	577	1547597
c38034d16ccbc1673a747e5ae04b22ad	gi|1193829159|ref|NR_147402.1|	98.925	465	5	0	6	470	332	796	0.0	833	1907660
c38034d16ccbc1673a747e5ae04b22ad	gi|2363082045|ref|NR_179269.1|	94.624	465	25	0	6	470	320	784	0.0	723	2494234
c38034d16ccbc1673a747e5ae04b22ad	gi|1193829158|ref|NR_147401.1|	93.978	465	28	0	6	470	332	796	0.0	706	1816689
c38034d16ccbc1673a747e5ae04b22ad	gi|219878461|ref|NR_025600.1|	93.991	466	26	2	6	470	302	766	0.0	704	234908
c38034d16ccbc1673a747e5ae04b22ad	gi|343200904|ref|NR_041591.1|	93.576	467	26	4	6	470	312	776	0.0	695	762967
c38034d16ccbc1673a747e5ae04b22ad	gi|1864207054|ref|NR_169348.1|	93.548	465	30	0	6	470	319	783	0.0	693	2584944
c38034d16ccbc1673a747e5ae04b22ad	gi|2363082713|ref|NR_179604.1|	93.333	465	31	0	6	470	310	774	0.0	688	1944635
c38034d16ccbc1673a747e5ae04b22ad	gi|645320614|ref|NR_117778.1|	93.118	465	32	0	6	470	293	757	0.0	682	40545
c38034d16ccbc1673a747e5ae04b22ad	gi|559795260|ref|NR_104851.1|	93.118	465	32	0	6	470	282	746	0.0	682	40545
c38034d16ccbc1673a747e5ae04b22ad	gi|1193829138|ref|NR_147381.1|	92.766	470	24	7	6	470	332	796	0.0	671	1852381
1de48d229e4abc62bffddc93ab4fc53f	gi|2363082342|ref|NR_179418.1|	92.551	443	32	1	6	447	348	790	0.0	634	1673721
1de48d229e4abc62bffddc93ab4fc53f	gi|3030611324|ref|NR_200000.1|	92.325	443	33	1	6	447	301	743	7.63e-180	628	3342383
1de48d229e4abc62bffddc93ab4fc53f	gi|1109168025|ref|NR_144611.1|	92.325	443	33	1	6	447	282	724	7.63e-180	628	1417852
1de48d229e4abc62bffddc93ab4fc53f	gi|2363082569|ref|NR_179531.1|	91.892	444	32	4	6	447	347	788	1.65e-176	617	1852369
1de48d229e4abc62bffddc93ab4fc53f	gi|2363082352|ref|NR_179423.1|	91.874	443	35	1	6	447	349	791	1.65e-176	617	1689270
1de48d229e4abc62bffddc93ab4fc53f	gi|2363082168|ref|NR_179330.1|	91.648	443	35	2	6	447	327	768	7.68e-175	612	2714355
1de48d229e4abc62bffddc93ab4fc53f	gi|2363083800|ref|NR_180148.1|	91.422	443	37	1	6	447	349	791	3.58e-173	606	2211183
1de48d229e4abc62bffddc93ab4fc53f	gi|2363082165|ref|NR_179329.1|	91.422	443	36	2	6	447	327	768	3.58e-173	606	2714353
1de48d229e4abc62bffddc93ab4fc53f	gi|645321636|ref|NR_118554.1|	91.422	443	37	1	6	447	329	771	3.58e-173	606	1297617
1de48d229e4abc62bffddc93ab4fc53f	gi|219846612|ref|NR_026204.1|	91.216	444	36	3	6	447	328	770	4.62e-172	603	47246
07be834d92ecc0f5d27be4b2816b6a83	gi|1109168025|ref|NR_144611.1|	97.291	443	12	0	6	448	282	724	0.0	752	1417852
07be834d92ecc0f5d27be4b2816b6a83	gi|3030611324|ref|NR_200000.1|	95.711	443	19	0	6	448	301	743	0.0	713	3342383
07be834d92ecc0f5d27be4b2816b6a83	gi|2136551692|ref|NR_173697.1|	95.730	445	14	5	6	448	349	790	0.0	712	2108523
07be834d92ecc0f5d27be4b2816b6a83	gi|2363082358|ref|NR_179426.1|	95.056	445	18	4	6	448	349	791	0.0	697	1702285
07be834d92ecc0f5d27be4b2816b6a83	gi|645321636|ref|NR_118554.1|	94.808	443	23	0	6	448	329	771	0.0	691	1297617
07be834d92ecc0f5d27be4b2816b6a83	gi|343198636|ref|NR_043142.1|	94.831	445	19	4	6	448	323	765	0.0	691	292800
07be834d92ecc0f5d27be4b2816b6a83	gi|265679048|ref|NR_029356.1|	94.831	445	19	4	6	448	336	778	0.0	691	292800
07be834d92ecc0f5d27be4b2816b6a83	gi|2363082326|ref|NR_179410.1|	94.607	445	20	4	6	448	349	791	0.0	686	1650661
07be834d92ecc0f5d27be4b2816b6a83	gi|2363082342|ref|NR_179418.1|	94.157	445	22	4	6	448	348	790	0.0	675	1673721
07be834d92ecc0f5d27be4b2816b6a83	gi|1193829127|ref|NR_147370.1|	94.157	445	22	4	6	448	349	791	0.0	675	1870988
81ad2c2c2cc5b33d15b0294294995bbb	gi|1193829138|ref|NR_147381.1|	95.494	466	19	2	6	470	332	796	0.0	743	1852381
81ad2c2c2cc5b33d15b0294294995bbb	gi|1193829159|ref|NR_147402.1|	93.348	466	29	2	6	470	332	796	0.0	688	1907660
81ad2c2c2cc5b33d15b0294294995bbb	gi|343200904|ref|NR_041591.1|	92.903	465	33	0	6	470	312	776	0.0	678	762967
81ad2c2c2cc5b33d15b0294294995bbb	gi|1193829158|ref|NR_147401.1|	92.473	465	35	0	6	470	332	796	0.0	667	1816689
81ad2c2c2cc5b33d15b0294294995bbb	gi|2363082045|ref|NR_179269.1|	92.473	465	35	0	6	470	320	784	0.0	667	2494234
81ad2c2c2cc5b33d15b0294294995bbb	gi|631252646|ref|NR_113844.1|	92.473	465	35	0	6	470	308	772	0.0	665	196015
81ad2c2c2cc5b33d15b0294294995bbb	gi|343200100|ref|NR_040787.1|	92.473	465	35	0	6	470	308	772	0.0	665	196015
81ad2c2c2cc5b33d15b0294294995bbb	gi|636558953|ref|NR_115010.1|	92.473	465	35	0	6	470	327	791	0.0	665	391358
81ad2c2c2cc5b33d15b0294294995bbb	gi|343198666|ref|NR_043226.1|	92.473	465	35	0	6	470	294	758	0.0	665	307483
81ad2c2c2cc5b33d15b0294294995bbb	gi|2180566390|ref|NR_174253.1|	92.275	466	34	2	6	470	328	792	0.0	660	2259674
845719d1671338e6f85132a7b52ed946	gi|343200656|ref|NR_041343.1|	99.783	460	1	0	6	465	340	799	0.0	845	46503
845719d1671338e6f85132a7b52ed946	gi|645322411|ref|NR_119166.1|	99.565	460	2	0	6	465	319	778	0.0	841	411477
845719d1671338e6f85132a7b52ed946	gi|343200777|ref|NR_041464.1|	97.826	460	10	0	6	465	340	799	0.0	795	387661
845719d1671338e6f85132a7b52ed946	gi|2363083816|ref|NR_180156.1|	96.957	460	14	0	6	465	291	750	0.0	773	2290935
845719d1671338e6f85132a7b52ed946	gi|2363086049|ref|NR_181277.1|	96.522	460	16	0	6	465	309	768	0.0	761	2753162
845719d1671338e6f85132a7b52ed946	gi|631251878|ref|NR_113076.1|	96.312	461	15	2	6	465	324	783	0.0	756	927665
845719d1671338e6f85132a7b52ed946	gi|343202832|ref|NR_043317.1|	96.312	461	15	2	6	465	284	743	0.0	756	328812
845719d1671338e6f85132a7b52ed946	gi|1811131517|ref|NR_165699.1|	95.870	460	19	0	6	465	336	795	0.0	745	2685834
845719d1671338e6f85132a7b52ed946	gi|2363082715|ref|NR_179605.1|	95.879	461	17	2	6	465	316	775	0.0	745	1944636
845719d1671338e6f85132a7b52ed946	gi|2363082619|ref|NR_179556.1|	95.652	460	20	0	6	465	316	775	0.0	739	1871013
3801359ddaea280e4f09c7f964c9aa6e	gi|1811131545|ref|NR_165727.1|	95.270	444	20	1	6	448	358	801	0.0	702	2358141
3801359ddaea280e4f09c7f964c9aa6e	gi|1445136073|ref|NR_158113.1|	94.369	444	23	2	6	448	328	770	0.0	680	433287
3801359ddaea280e4f09c7f964c9aa6e	gi|631252210|ref|NR_113408.1|	93.228	443	30	0	6	448	351	793	0.0	652	28446
3801359ddaea280e4f09c7f964c9aa6e	gi|265678961|ref|NR_029269.1|	93.002	443	30	1	6	448	350	791	0.0	645	28446
3801359ddaea280e4f09c7f964c9aa6e	gi|1397641803|ref|NR_156912.1|	92.793	444	30	2	6	448	307	749	0.0	641	1450156
3801359ddaea280e4f09c7f964c9aa6e	gi|645320791|ref|NR_117912.1|	92.793	444	30	2	6	448	325	767	0.0	641	879970
3801359ddaea280e4f09c7f964c9aa6e	gi|219846061|ref|NR_025651.1|	92.793	444	30	2	6	448	350	792	0.0	641	160404
3801359ddaea280e4f09c7f964c9aa6e	gi|2363080848|ref|NR_178667.1|	92.517	441	31	2	6	445	340	779	2.13e-180	630	1473580
3801359ddaea280e4f09c7f964c9aa6e	gi|219846558|ref|NR_026150.1|	92.325	443	33	1	6	448	350	791	7.65e-180	628	36847
3801359ddaea280e4f09c7f964c9aa6e	gi|1230874676|ref|NR_148837.1|	92.117	444	30	3	6	448	347	786	1.28e-177	621	1675854
2bf215d0deb37179e0356fe5edc0eb06	gi|645320257|ref|NR_117506.1|	99.326	445	3	0	6	450	311	755	0.0	806	216816
2bf215d0deb37179e0356fe5edc0eb06	gi|545589064|ref|NR_044691.2|	99.101	445	4	0	6	450	341	785	0.0	802	216816
2bf215d0deb37179e0356fe5edc0eb06	gi|1137647753|ref|NR_145535.1|	99.101	445	4	0	6	450	319	763	0.0	800	1931217
2bf215d0deb37179e0356fe5edc0eb06	gi|343202943|ref|NR_043437.1|	99.101	445	4	0	6	450	328	772	0.0	800	1682
2bf215d0deb37179e0356fe5edc0eb06	gi|2180566473|ref|NR_174313.1|	98.427	445	7	0	6	450	331	775	0.0	784	2650773
2bf215d0deb37179e0356fe5edc0eb06	gi|2363087087|ref|NR_181799.1|	98.202	445	8	0	6	450	330	774	0.0	778	2809026
2bf215d0deb37179e0356fe5edc0eb06	gi|545589069|ref|NR_044693.2|	97.753	445	10	0	6	450	339	783	0.0	778	1695
2bf215d0deb37179e0356fe5edc0eb06	gi|1040567047|ref|NR_137396.1|	97.528	445	11	0	6	450	264	708	0.0	761	1798158
2bf215d0deb37179e0356fe5edc0eb06	gi|2363084292|ref|NR_180396.1|	97.528	445	11	0	6	450	330	774	0.0	761	2306975
2bf215d0deb37179e0356fe5edc0eb06	gi|1491520099|ref|NR_159261.1|	97.309	446	11	1	6	450	262	707	0.0	756	2052941
10031ad520ae0d84813e7f5e6712c906	gi|631252118|ref|NR_113316.1|	99.320	441	3	0	6	446	327	767	0.0	798	74426
10031ad520ae0d84813e7f5e6712c906	gi|265678302|ref|NR_028604.1|	98.413	441	6	1	6	446	327	766	0.0	774	74426
10031ad520ae0d84813e7f5e6712c906	gi|1193829136|ref|NR_147379.1|	96.606	442	12	3	6	446	328	767	0.0	730	1907654
10031ad520ae0d84813e7f5e6712c906	gi|1193829156|ref|NR_147399.1|	95.692	441	18	1	6	446	328	767	0.0	708	1871016
10031ad520ae0d84813e7f5e6712c906	gi|1109167962|ref|NR_144579.1|	95.238	441	20	1	6	446	322	761	0.0	697	1232426
10031ad520ae0d84813e7f5e6712c906	gi|2363082368|ref|NR_179431.1|	95.011	441	21	1	6	446	328	767	0.0	691	1720204
10031ad520ae0d84813e7f5e6712c906	gi|631251967|ref|NR_113165.1|	95.011	441	21	1	6	446	328	767	0.0	691	147207
10031ad520ae0d84813e7f5e6712c906	gi|631251966|ref|NR_113164.1|	95.011	441	21	1	6	446	328	767	0.0	691	147206
10031ad520ae0d84813e7f5e6712c906	gi|2363084792|ref|NR_180644.1|	94.785	441	22	1	6	446	249	688	0.0	688	2603815
10031ad520ae0d84813e7f5e6712c906	gi|2363082703|ref|NR_179599.1|	94.570	442	21	3	6	446	308	747	0.0	680	1937461
6db533e64c57649e63cf1c727b4915e2	gi|343198756|ref|NR_043589.1|	99.317	439	3	0	6	444	343	781	0.0	795	341694
6db533e64c57649e63cf1c727b4915e2	gi|2363085137|ref|NR_180817.1|	98.405	439	7	0	6	444	340	778	0.0	773	2652282
6db533e64c57649e63cf1c727b4915e2	gi|343198550|ref|NR_042847.1|	98.178	439	8	0	6	444	318	756	0.0	767	1261
6db533e64c57649e63cf1c727b4915e2	gi|645321761|ref|NR_118652.1|	97.722	439	10	0	6	444	344	782	0.0	760	1261
6db533e64c57649e63cf1c727b4915e2	gi|645320433|ref|NR_117641.1|	97.500	440	9	2	6	444	345	783	0.0	750	1159213
6db533e64c57649e63cf1c727b4915e2	gi|636559098|ref|NR_115155.1|	97.039	439	13	0	6	444	339	777	0.0	739	215200
6db533e64c57649e63cf1c727b4915e2	gi|636559453|ref|NR_115512.1|	96.804	438	14	0	7	444	338	775	0.0	739	1261
6db533e64c57649e63cf1c727b4915e2	gi|2363084124|ref|NR_180311.1|	92.483	439	33	0	6	444	290	728	7.58e-180	628	2743610
6db533e64c57649e63cf1c727b4915e2	gi|2363080093|ref|NR_178263.1|	92.517	441	29	4	6	444	267	705	7.58e-180	628	89152
6db533e64c57649e63cf1c727b4915e2	gi|265678309|ref|NR_028611.1|	92.517	441	29	4	6	444	276	714	7.58e-180	628	89152
ccfcefd066c5cf67a259d977074e10e5	gi|2363082679|ref|NR_179587.1|	96.136	440	17	0	6	445	328	767	0.0	719	1926283
ccfcefd066c5cf67a259d977074e10e5	gi|2363081854|ref|NR_179173.1|	96.136	440	17	0	6	445	333	772	0.0	719	2126740
ccfcefd066c5cf67a259d977074e10e5	gi|3030611230|ref|NR_199906.1|	95.909	440	18	0	6	445	354	793	0.0	713	3123317
ccfcefd066c5cf67a259d977074e10e5	gi|3030611314|ref|NR_199990.1|	95.909	440	18	0	6	445	350	789	0.0	713	3123317
ccfcefd066c5cf67a259d977074e10e5	gi|1384992331|ref|NR_156080.1|	95.909	440	18	0	6	445	336	775	0.0	713	1469948
ccfcefd066c5cf67a259d977074e10e5	gi|1384992328|ref|NR_156077.1|	95.909	440	18	0	6	445	336	775	0.0	713	1469948
ccfcefd066c5cf67a259d977074e10e5	gi|1384992332|ref|NR_156081.1|	95.682	440	19	0	6	445	336	775	0.0	708	1469948
ccfcefd066c5cf67a259d977074e10e5	gi|1384992329|ref|NR_156078.1|	95.682	440	19	0	6	445	336	775	0.0	708	1469948
ccfcefd066c5cf67a259d977074e10e5	gi|1441204227|ref|NR_157642.1|	95.682	440	19	0	6	445	301	740	0.0	708	1653435
ccfcefd066c5cf67a259d977074e10e5	gi|2836274880|ref|NR_197643.1|	95.455	440	20	0	6	445	329	768	0.0	702	2962432
62dbb8bc5f77a1132d38aa6da37b0880	gi|645321322|ref|NR_118316.1|	98.043	460	9	0	6	465	338	797	0.0	800	1349822
62dbb8bc5f77a1132d38aa6da37b0880	gi|2621112336|ref|NR_189240.1|	89.849	463	41	6	6	465	342	801	3.75e-168	590	2944915
62dbb8bc5f77a1132d38aa6da37b0880	gi|2136551682|ref|NR_173687.1|	88.528	462	49	4	6	465	325	784	3.81e-158	556	2751153
62dbb8bc5f77a1132d38aa6da37b0880	gi|1146059151|ref|NR_145883.1|	88.095	462	51	4	6	465	284	743	8.24e-155	545	1501392
62dbb8bc5f77a1132d38aa6da37b0880	gi|1116030267|ref|NR_144725.1|	87.662	462	53	4	6	465	337	796	3.83e-153	540	1686296
62dbb8bc5f77a1132d38aa6da37b0880	gi|1953646717|ref|NR_171512.1|	87.609	460	57	0	6	465	313	772	1.78e-151	534	2162893
62dbb8bc5f77a1132d38aa6da37b0880	gi|2363082338|ref|NR_179416.1|	87.446	462	55	3	6	465	342	802	8.30e-150	529	1673718
62dbb8bc5f77a1132d38aa6da37b0880	gi|1018196564|ref|NR_136443.1|	87.500	464	51	7	6	465	300	760	8.30e-150	529	867595
62dbb8bc5f77a1132d38aa6da37b0880	gi|1040567039|ref|NR_137388.1|	87.229	462	55	4	6	465	315	774	1.07e-148	525	1605892
62dbb8bc5f77a1132d38aa6da37b0880	gi|470466782|ref|NR_074140.1|	87.202	461	57	2	6	465	304	763	3.86e-148	523	28112
0d1272dbe1a29a09e887a139b7ce27d5	gi|2136551628|ref|NR_173632.1|	96.818	440	14	0	6	445	301	740	0.0	736	2068655
0d1272dbe1a29a09e887a139b7ce27d5	gi|1384992332|ref|NR_156081.1|	96.591	440	15	0	6	445	336	775	0.0	730	1469948
0d1272dbe1a29a09e887a139b7ce27d5	gi|1384992329|ref|NR_156078.1|	96.591	440	15	0	6	445	336	775	0.0	730	1469948
0d1272dbe1a29a09e887a139b7ce27d5	gi|3030611230|ref|NR_199906.1|	96.364	440	16	0	6	445	354	793	0.0	725	3123317
0d1272dbe1a29a09e887a139b7ce27d5	gi|3030611314|ref|NR_199990.1|	96.364	440	16	0	6	445	350	789	0.0	725	3123317
0d1272dbe1a29a09e887a139b7ce27d5	gi|1384992331|ref|NR_156080.1|	96.364	440	16	0	6	445	336	775	0.0	725	1469948
0d1272dbe1a29a09e887a139b7ce27d5	gi|1384992328|ref|NR_156077.1|	96.364	440	16	0	6	445	336	775	0.0	725	1469948
0d1272dbe1a29a09e887a139b7ce27d5	gi|2363086292|ref|NR_181398.1|	96.364	440	16	0	6	445	299	738	0.0	725	2763667
0d1272dbe1a29a09e887a139b7ce27d5	gi|2363082679|ref|NR_179587.1|	96.136	440	17	0	6	445	328	767	0.0	719	1926283
0d1272dbe1a29a09e887a139b7ce27d5	gi|2363081854|ref|NR_179173.1|	96.136	440	17	0	6	445	333	772	0.0	719	2126740
e3884205d74f88fb47246ae07f813715	gi|2363082773|ref|NR_179635.1|	94.565	460	25	0	6	465	338	797	0.0	712	2024197
e3884205d74f88fb47246ae07f813715	gi|2363086550|ref|NR_181532.1|	94.565	460	25	0	6	465	322	781	0.0	712	2763025
e3884205d74f88fb47246ae07f813715	gi|631251747|ref|NR_112945.1|	94.565	460	25	0	6	465	327	786	0.0	712	820
e3884205d74f88fb47246ae07f813715	gi|343200179|ref|NR_040866.1|	94.565	460	25	0	6	465	334	793	0.0	712	820
e3884205d74f88fb47246ae07f813715	gi|444304122|ref|NR_074546.1|	94.360	461	24	2	6	465	336	795	0.0	706	290053
e3884205d74f88fb47246ae07f813715	gi|343200620|ref|NR_041307.1|	94.360	461	24	2	6	465	334	793	0.0	706	329854
e3884205d74f88fb47246ae07f813715	gi|631251739|ref|NR_112937.1|	94.143	461	25	2	6	465	336	795	0.0	701	290053
e3884205d74f88fb47246ae07f813715	gi|343200592|ref|NR_041279.1|	94.143	461	25	2	6	465	270	729	0.0	701	290053
e3884205d74f88fb47246ae07f813715	gi|2363082635|ref|NR_179564.1|	93.913	460	28	0	6	465	338	797	0.0	695	1903262
e3884205d74f88fb47246ae07f813715	gi|1116030246|ref|NR_144704.1|	93.926	461	26	2	6	465	251	710	0.0	695	1203465
bac474307b1dd04425492482608c3835	gi|631253140|ref|NR_114338.1|	99.544	439	2	0	6	444	347	785	0.0	800	33033
bac474307b1dd04425492482608c3835	gi|310975070|ref|NR_036934.1|	99.544	439	2	0	6	444	327	765	0.0	800	33033
bac474307b1dd04425492482608c3835	gi|636558618|ref|NR_114675.1|	99.544	439	2	0	6	444	307	745	0.0	800	411465
bac474307b1dd04425492482608c3835	gi|2288518057|ref|NR_176802.2|	98.861	439	5	0	6	444	335	773	0.0	784	226526
bac474307b1dd04425492482608c3835	gi|2363086334|ref|NR_181419.1|	98.405	439	7	0	6	444	327	765	0.0	773	2769485
bac474307b1dd04425492482608c3835	gi|645319790|ref|NR_117155.1|	92.500	440	31	2	6	444	346	784	7.58e-180	628	43143
bac474307b1dd04425492482608c3835	gi|559795216|ref|NR_104805.1|	92.500	440	31	2	6	444	348	786	7.58e-180	628	43143
bac474307b1dd04425492482608c3835	gi|3030611224|ref|NR_199900.1|	92.255	439	34	0	6	444	358	796	3.53e-178	623	3118105
bac474307b1dd04425492482608c3835	gi|3030611223|ref|NR_199899.1|	92.255	439	34	0	6	444	358	796	3.53e-178	623	3118105
bac474307b1dd04425492482608c3835	gi|3030611272|ref|NR_199948.1|	92.255	439	34	0	6	444	302	740	3.53e-178	623	3118105
d326176775d019e0a6c5a9de2ceda962	gi|265678882|ref|NR_029188.1|	96.774	465	15	0	6	470	324	788	0.0	776	847
d326176775d019e0a6c5a9de2ceda962	gi|645320956|ref|NR_118039.1|	96.567	466	15	1	6	470	329	794	0.0	771	1064516
d326176775d019e0a6c5a9de2ceda962	gi|2363084822|ref|NR_180659.1|	96.344	465	17	0	6	470	312	776	0.0	765	2590999
d326176775d019e0a6c5a9de2ceda962	gi|848212610|ref|NR_132302.1|	96.344	465	17	0	6	470	280	744	0.0	765	631222
d326176775d019e0a6c5a9de2ceda962	gi|645320959|ref|NR_118041.1|	96.129	465	18	0	6	470	329	793	0.0	761	1064518
d326176775d019e0a6c5a9de2ceda962	gi|631252944|ref|NR_114142.1|	96.129	465	18	0	6	470	310	774	0.0	760	964
d326176775d019e0a6c5a9de2ceda962	gi|559795170|ref|NR_104759.1|	96.129	465	18	0	6	470	325	789	0.0	760	933080
d326176775d019e0a6c5a9de2ceda962	gi|636558663|ref|NR_114720.1|	96.129	465	18	0	6	470	294	758	0.0	760	964
d326176775d019e0a6c5a9de2ceda962	gi|265679021|ref|NR_029329.1|	96.129	465	18	0	6	470	330	794	0.0	760	964
d326176775d019e0a6c5a9de2ceda962	gi|1679775940|ref|NR_163661.1|	95.914	465	19	0	6	470	279	743	0.0	754	2014887
4db27492db0f2bb5469712bf56ee51a5	gi|343200190|ref|NR_040877.1|	95.435	460	21	0	6	465	341	800	0.0	736	537011
4db27492db0f2bb5469712bf56ee51a5	gi|631252213|ref|NR_113411.1|	95.435	460	21	0	6	465	341	800	0.0	734	537011
4db27492db0f2bb5469712bf56ee51a5	gi|2363084409|ref|NR_180452.1|	94.360	461	24	2	6	465	321	780	0.0	706	2518605
4db27492db0f2bb5469712bf56ee51a5	gi|631251894|ref|NR_113092.1|	92.625	461	32	2	6	465	329	788	0.0	662	77768
4db27492db0f2bb5469712bf56ee51a5	gi|219878161|ref|NR_025300.1|	92.625	461	32	2	6	465	341	800	0.0	662	77768
4db27492db0f2bb5469712bf56ee51a5	gi|631251922|ref|NR_113120.1|	92.408	461	33	2	6	465	339	798	0.0	656	28136
4db27492db0f2bb5469712bf56ee51a5	gi|265678842|ref|NR_029147.1|	92.408	461	33	2	6	465	344	803	0.0	656	28136
4db27492db0f2bb5469712bf56ee51a5	gi|631251907|ref|NR_113105.1|	92.225	463	30	6	6	465	329	788	0.0	651	470565
4db27492db0f2bb5469712bf56ee51a5	gi|343199048|ref|NR_044407.1|	92.225	463	30	6	6	465	321	780	0.0	651	470565
4db27492db0f2bb5469712bf56ee51a5	gi|2221405403|ref|NR_175509.1|	91.775	462	34	4	6	465	341	800	0.0	640	2608404
ba97ccc12d9c3dcd9bb733dc3f6ce8c6	gi|645321790|ref|NR_118674.1|	97.273	440	12	0	6	445	356	795	0.0	763	1256908
ba97ccc12d9c3dcd9bb733dc3f6ce8c6	gi|645320588|ref|NR_117758.1|	96.380	442	14	1	6	445	322	763	0.0	726	166486
ba97ccc12d9c3dcd9bb733dc3f6ce8c6	gi|228716944|ref|NR_027557.1|	96.380	442	14	1	6	445	343	784	0.0	726	536231
ba97ccc12d9c3dcd9bb733dc3f6ce8c6	gi|444439494|ref|NR_074809.1|	96.372	441	15	1	6	445	350	790	0.0	725	585394
ba97ccc12d9c3dcd9bb733dc3f6ce8c6	gi|2363086302|ref|NR_181403.1|	96.154	442	15	1	6	445	246	687	0.0	721	2763061
ba97ccc12d9c3dcd9bb733dc3f6ce8c6	gi|343198540|ref|NR_042832.1|	96.145	441	16	1	6	445	330	770	0.0	719	301302
ba97ccc12d9c3dcd9bb733dc3f6ce8c6	gi|343201282|ref|NR_042008.1|	96.145	441	15	2	6	445	341	780	0.0	719	585394
ba97ccc12d9c3dcd9bb733dc3f6ce8c6	gi|219846723|ref|NR_026315.1|	96.136	440	17	0	6	445	317	756	0.0	719	46206
ba97ccc12d9c3dcd9bb733dc3f6ce8c6	gi|2363085149|ref|NR_180823.1|	95.909	440	18	0	6	445	357	796	0.0	713	2606634
ba97ccc12d9c3dcd9bb733dc3f6ce8c6	gi|444304209|ref|NR_074634.1|	95.909	440	18	0	6	445	350	789	0.0	713	515619
5998f27892478ca75c4b6dac6fd185e4	gi|2621112340|ref|NR_189244.1|	92.809	445	27	5	6	448	363	804	0.0	640	3046382
5998f27892478ca75c4b6dac6fd185e4	gi|2621112341|ref|NR_189245.1|	92.584	445	28	5	6	448	363	804	0.0	634	3046383
5998f27892478ca75c4b6dac6fd185e4	gi|2363086262|ref|NR_181383.1|	89.013	446	44	5	6	448	307	750	2.20e-155	547	2763654
5998f27892478ca75c4b6dac6fd185e4	gi|2363086268|ref|NR_181386.1|	88.764	445	46	4	6	448	303	745	1.02e-153	542	2763655
5998f27892478ca75c4b6dac6fd185e4	gi|559795176|ref|NR_104765.1|	86.937	444	56	2	6	448	323	765	2.25e-140	497	108007
5998f27892478ca75c4b6dac6fd185e4	gi|343205970|ref|NR_044489.1|	86.937	444	56	2	6	448	336	778	2.25e-140	497	857293
5998f27892478ca75c4b6dac6fd185e4	gi|1491509619|ref|NR_159150.1|	86.966	445	53	4	6	448	350	791	8.09e-140	496	489973
5998f27892478ca75c4b6dac6fd185e4	gi|1491509615|ref|NR_159146.1|	86.712	444	56	3	6	448	348	789	3.77e-138	490	1715347
5998f27892478ca75c4b6dac6fd185e4	gi|645320205|ref|NR_117466.1|	86.712	444	56	3	6	448	332	773	3.77e-138	490	699281
5998f27892478ca75c4b6dac6fd185e4	gi|343199076|ref|NR_044503.1|	86.801	447	48	8	6	448	450	889	1.35e-137	488	520762
dfd399a4ea8c1d825b1210ccd34b6e97	gi|636558732|ref|NR_114789.1|	92.551	443	30	1	6	448	347	786	0.0	632	1535
dfd399a4ea8c1d825b1210ccd34b6e97	gi|3248465687|ref|NR_201701.1|	92.099	443	35	0	6	448	330	772	9.89e-179	625	3435187
dfd399a4ea8c1d825b1210ccd34b6e97	gi|3248465688|ref|NR_201702.1|	92.099	443	35	0	6	448	328	770	9.89e-179	625	3435000
dfd399a4ea8c1d825b1210ccd34b6e97	gi|1146059197|ref|NR_145929.1|	92.117	444	34	1	6	448	319	762	9.89e-179	625	642589
dfd399a4ea8c1d825b1210ccd34b6e97	gi|2363086260|ref|NR_181382.1|	91.461	445	31	5	6	448	322	761	1.29e-172	604	2763662
dfd399a4ea8c1d825b1210ccd34b6e97	gi|2180566484|ref|NR_174324.1|	91.422	443	35	1	6	448	346	785	1.29e-172	604	2576756
dfd399a4ea8c1d825b1210ccd34b6e97	gi|2836274968|ref|NR_197731.1|	91.196	443	36	2	6	448	306	745	6.00e-171	599	3093659
dfd399a4ea8c1d825b1210ccd34b6e97	gi|2836274967|ref|NR_197730.1|	91.196	443	36	2	6	448	312	751	6.00e-171	599	3093658
dfd399a4ea8c1d825b1210ccd34b6e97	gi|1116030278|ref|NR_144736.1|	90.971	443	37	2	6	448	360	799	2.79e-169	593	1776382
dfd399a4ea8c1d825b1210ccd34b6e97	gi|2363083495|ref|NR_179996.1|	90.745	443	38	1	6	448	363	802	1.30e-167	588	2764322
3aa98308d473f015f2bc7dceb8355b3e	gi|3030611324|ref|NR_200000.1|	95.260	443	20	1	6	447	301	743	0.0	701	3342383
3aa98308d473f015f2bc7dceb8355b3e	gi|1109168025|ref|NR_144611.1|	94.808	443	22	1	6	447	282	724	0.0	689	1417852
3aa98308d473f015f2bc7dceb8355b3e	gi|2363084741|ref|NR_180619.1|	94.131	443	25	1	6	447	347	789	0.0	673	2779352
3aa98308d473f015f2bc7dceb8355b3e	gi|1193829127|ref|NR_147370.1|	93.454	443	28	1	6	447	349	791	0.0	656	1870988
3aa98308d473f015f2bc7dceb8355b3e	gi|219846080|ref|NR_025670.1|	93.002	443	30	1	6	447	329	771	0.0	645	411467
3aa98308d473f015f2bc7dceb8355b3e	gi|343198636|ref|NR_043142.1|	92.777	443	31	1	6	447	323	765	0.0	640	292800
3aa98308d473f015f2bc7dceb8355b3e	gi|265679048|ref|NR_029356.1|	92.777	443	31	1	6	447	336	778	0.0	640	292800
3aa98308d473f015f2bc7dceb8355b3e	gi|2363082168|ref|NR_179330.1|	92.325	443	32	2	6	447	327	768	7.63e-180	628	2714355
3aa98308d473f015f2bc7dceb8355b3e	gi|2363082165|ref|NR_179329.1|	92.099	443	33	2	6	447	327	768	3.55e-178	623	2714353
3aa98308d473f015f2bc7dceb8355b3e	gi|645321636|ref|NR_118554.1|	92.099	443	34	1	6	447	329	771	3.55e-178	623	1297617
480daa13518b702dab6def28da2db7f9	gi|631252195|ref|NR_113393.1|	90.435	230	22	0	6	235	357	586	2.62e-82	303	2741
480daa13518b702dab6def28da2db7f9	gi|265678913|ref|NR_029221.1|	90.435	230	22	0	6	235	318	547	2.62e-82	303	2741
480daa13518b702dab6def28da2db7f9	gi|1341394038|ref|NR_153710.1|	89.565	230	24	0	6	235	337	566	5.66e-79	292	1643805
480daa13518b702dab6def28da2db7f9	gi|219846905|ref|NR_026497.1|	87.983	233	23	4	6	235	330	560	2.65e-72	270	83661
480daa13518b702dab6def28da2db7f9	gi|1397641731|ref|NR_156840.1|	87.554	233	23	6	6	235	313	542	1.23e-70	265	1390249
480daa13518b702dab6def28da2db7f9	gi|2363081128|ref|NR_178807.1|	87.124	233	24	6	6	235	256	485	5.74e-69	259	1765684
480daa13518b702dab6def28da2db7f9	gi|631252547|ref|NR_113745.1|	86.695	233	26	5	6	235	304	534	2.67e-67	254	1457
480daa13518b702dab6def28da2db7f9	gi|219857126|ref|NR_024754.1|	86.695	233	26	5	6	235	324	554	2.67e-67	254	1457
480daa13518b702dab6def28da2db7f9	gi|2363086330|ref|NR_181417.1|	86.147	231	30	2	6	235	252	481	1.24e-65	248	2807095
480daa13518b702dab6def28da2db7f9	gi|2363083903|ref|NR_180200.1|	86.147	231	30	2	6	235	324	553	1.24e-65	248	2315729
dc72c20caa9afb530f6a2a1ef69eba88	gi|343200980|ref|NR_041667.1|	99.355	465	3	0	6	470	320	784	0.0	843	487175
dc72c20caa9afb530f6a2a1ef69eba88	gi|631252130|ref|NR_113328.1|	91.435	467	36	4	6	470	332	796	0.0	638	626947
dc72c20caa9afb530f6a2a1ef69eba88	gi|631251705|ref|NR_112903.1|	91.435	467	36	4	6	470	312	776	0.0	638	626947
dc72c20caa9afb530f6a2a1ef69eba88	gi|2363082296|ref|NR_179395.1|	89.722	467	44	4	6	470	330	794	2.27e-170	597	1506471
dc72c20caa9afb530f6a2a1ef69eba88	gi|2136551693|ref|NR_173698.1|	89.293	467	46	4	6	470	318	782	3.80e-168	590	2259133
dc72c20caa9afb530f6a2a1ef69eba88	gi|1811131556|ref|NR_165738.1|	89.507	467	45	4	6	470	309	773	1.36e-167	588	2490857
dc72c20caa9afb530f6a2a1ef69eba88	gi|1246951785|ref|NR_149789.1|	89.247	465	50	0	6	470	297	761	6.35e-166	582	1783360
dc72c20caa9afb530f6a2a1ef69eba88	gi|1246951779|ref|NR_149783.1|	89.293	467	46	4	6	470	337	801	6.35e-166	582	1769758
dc72c20caa9afb530f6a2a1ef69eba88	gi|2363086886|ref|NR_181700.1|	89.293	467	46	4	6	470	329	793	6.35e-166	582	2825886
dc72c20caa9afb530f6a2a1ef69eba88	gi|2363086884|ref|NR_181699.1|	89.293	467	46	4	6	470	329	793	6.35e-166	582	2825884
9da1058843aff07038123ffe0a80583b	gi|3030611323|ref|NR_199999.1|	94.808	443	23	0	6	448	301	743	0.0	691	3133422
9da1058843aff07038123ffe0a80583b	gi|2363082326|ref|NR_179410.1|	94.808	443	23	0	6	448	349	791	0.0	691	1650661
9da1058843aff07038123ffe0a80583b	gi|2363082352|ref|NR_179423.1|	94.595	444	22	2	6	448	349	791	0.0	686	1689270
9da1058843aff07038123ffe0a80583b	gi|645321636|ref|NR_118554.1|	94.582	443	24	0	6	448	329	771	0.0	686	1297617
9da1058843aff07038123ffe0a80583b	gi|2136551692|ref|NR_173697.1|	94.582	443	23	1	6	448	349	790	0.0	684	2108523
9da1058843aff07038123ffe0a80583b	gi|3030611324|ref|NR_200000.1|	94.131	443	26	0	6	448	301	743	0.0	675	3342383
9da1058843aff07038123ffe0a80583b	gi|2363083800|ref|NR_180148.1|	94.131	443	26	0	6	448	349	791	0.0	675	2211183
9da1058843aff07038123ffe0a80583b	gi|2363082358|ref|NR_179426.1|	94.131	443	26	0	6	448	349	791	0.0	675	1702285
9da1058843aff07038123ffe0a80583b	gi|2363082342|ref|NR_179418.1|	93.905	443	27	0	6	448	348	790	0.0	669	1673721
9da1058843aff07038123ffe0a80583b	gi|1193829127|ref|NR_147370.1|	93.905	443	27	0	6	448	349	791	0.0	669	1870988
6e9f627f229f7f2d9b67f6e0a5a18c36	gi|645322410|ref|NR_119165.1|	93.478	460	30	0	6	465	319	778	0.0	691	28116
6e9f627f229f7f2d9b67f6e0a5a18c36	gi|631251742|ref|NR_112940.1|	93.696	460	29	0	6	465	327	786	0.0	689	28116
6e9f627f229f7f2d9b67f6e0a5a18c36	gi|636559244|ref|NR_115301.1|	93.696	460	29	0	6	465	320	779	0.0	689	28116
6e9f627f229f7f2d9b67f6e0a5a18c36	gi|636560121|ref|NR_116181.1|	93.696	460	28	1	6	465	333	791	0.0	688	28116
6e9f627f229f7f2d9b67f6e0a5a18c36	gi|1491509587|ref|NR_159118.1|	93.478	460	30	0	6	465	310	769	0.0	684	28116
6e9f627f229f7f2d9b67f6e0a5a18c36	gi|1491509586|ref|NR_159117.1|	93.478	460	30	0	6	465	301	760	0.0	684	28116
6e9f627f229f7f2d9b67f6e0a5a18c36	gi|2363082611|ref|NR_179552.1|	93.521	463	25	5	6	465	340	800	0.0	684	1871006
6e9f627f229f7f2d9b67f6e0a5a18c36	gi|631251749|ref|NR_112947.1|	93.492	461	28	2	6	465	326	785	0.0	684	657309
6e9f627f229f7f2d9b67f6e0a5a18c36	gi|343201773|ref|NR_042499.1|	93.492	461	28	2	6	465	294	753	0.0	684	657309
6e9f627f229f7f2d9b67f6e0a5a18c36	gi|2363084431|ref|NR_180463.1|	93.275	461	29	2	6	465	340	799	0.0	678	2650158
c51d6c2da2f138332fb1294edb0283c8	gi|343206281|ref|NR_044873.1|	98.430	446	7	0	6	451	324	769	0.0	785	43675
c51d6c2da2f138332fb1294edb0283c8	gi|2363083489|ref|NR_179993.1|	95.964	446	17	1	6	451	336	780	0.0	723	2109647
c51d6c2da2f138332fb1294edb0283c8	gi|343198899|ref|NR_043968.1|	95.964	446	17	1	6	451	293	737	0.0	723	396015
c51d6c2da2f138332fb1294edb0283c8	gi|219857157|ref|NR_024785.1|	95.740	446	17	2	6	451	292	735	0.0	717	172042
c51d6c2da2f138332fb1294edb0283c8	gi|2363080269|ref|NR_178360.1|	95.516	446	19	1	6	451	302	746	0.0	712	578216
c51d6c2da2f138332fb1294edb0283c8	gi|602269356|ref|NR_044712.2|	95.516	446	19	1	6	451	344	788	0.0	712	762948
c51d6c2da2f138332fb1294edb0283c8	gi|566085657|ref|NR_109752.1|	95.516	446	19	1	6	451	346	790	0.0	712	1324766
c51d6c2da2f138332fb1294edb0283c8	gi|444304144|ref|NR_074568.1|	95.516	446	19	1	6	451	335	779	0.0	712	762948
c51d6c2da2f138332fb1294edb0283c8	gi|219878171|ref|NR_025310.1|	95.291	446	20	1	6	451	315	759	0.0	706	85336
c51d6c2da2f138332fb1294edb0283c8	gi|1109167977|ref|NR_144586.1|	95.067	446	21	1	6	451	356	800	0.0	701	1736139
4779d57c924adefa121ce979aee28394	gi|444303855|ref|NR_074277.1|	91.540	461	37	2	6	465	352	811	0.0	634	818
4779d57c924adefa121ce979aee28394	gi|631251746|ref|NR_112944.1|	91.540	461	37	2	6	465	324	783	0.0	634	818
4779d57c924adefa121ce979aee28394	gi|1491509587|ref|NR_159118.1|	91.342	462	36	4	6	465	310	769	7.95e-180	628	28116
4779d57c924adefa121ce979aee28394	gi|1491509586|ref|NR_159117.1|	91.342	462	36	4	6	465	301	760	7.95e-180	628	28116
4779d57c924adefa121ce979aee28394	gi|631251742|ref|NR_112940.1|	91.342	462	36	4	6	465	327	786	7.95e-180	628	28116
4779d57c924adefa121ce979aee28394	gi|636559244|ref|NR_115301.1|	91.342	462	36	4	6	465	320	779	7.95e-180	628	28116
4779d57c924adefa121ce979aee28394	gi|636560121|ref|NR_116181.1|	91.126	462	36	5	6	465	333	791	1.33e-177	621	28116
4779d57c924adefa121ce979aee28394	gi|645322410|ref|NR_119165.1|	90.693	462	39	4	6	465	319	778	4.79e-177	619	28116
4779d57c924adefa121ce979aee28394	gi|343200178|ref|NR_040865.1|	90.929	463	36	6	6	465	333	792	1.72e-176	617	28116
4779d57c924adefa121ce979aee28394	gi|1116030286|ref|NR_144744.1|	90.652	460	43	0	6	465	339	798	8.01e-175	612	1841856
c0c81593b56654f12f5295be28ca71b8	gi|631251734|ref|NR_112932.1|	95.870	460	19	0	6	465	328	787	0.0	745	47678
c0c81593b56654f12f5295be28ca71b8	gi|219846650|ref|NR_026242.1|	95.870	460	19	0	6	465	318	777	0.0	745	47678
c0c81593b56654f12f5295be28ca71b8	gi|2363084431|ref|NR_180463.1|	95.000	460	23	0	6	465	340	799	0.0	723	2650158
c0c81593b56654f12f5295be28ca71b8	gi|631251869|ref|NR_113067.1|	95.000	460	23	0	6	465	325	784	0.0	723	1077285
c0c81593b56654f12f5295be28ca71b8	gi|631251733|ref|NR_112931.1|	95.000	460	23	0	6	465	340	799	0.0	723	85831
c0c81593b56654f12f5295be28ca71b8	gi|343200626|ref|NR_041313.1|	95.000	460	23	0	6	465	340	799	0.0	723	338188
c0c81593b56654f12f5295be28ca71b8	gi|265678305|ref|NR_028607.1|	94.989	459	23	0	7	465	333	791	0.0	721	85831
c0c81593b56654f12f5295be28ca71b8	gi|631251749|ref|NR_112947.1|	94.783	460	24	0	6	465	326	785	0.0	719	657309
c0c81593b56654f12f5295be28ca71b8	gi|645320100|ref|NR_117387.1|	94.783	460	24	0	6	465	320	779	0.0	717	1077285
c0c81593b56654f12f5295be28ca71b8	gi|343201773|ref|NR_042499.1|	94.783	460	24	0	6	465	294	753	0.0	717	657309
1bbcb0c262f5fc1608064ff324a2644e	gi|1109168015|ref|NR_144606.1|	95.000	460	23	0	6	465	340	799	0.0	723	1796613
1bbcb0c262f5fc1608064ff324a2644e	gi|2363082547|ref|NR_179520.1|	94.565	460	25	0	6	465	314	773	0.0	712	1841855
1bbcb0c262f5fc1608064ff324a2644e	gi|2363082611|ref|NR_179552.1|	94.360	461	25	1	6	465	340	800	0.0	706	1871006
1bbcb0c262f5fc1608064ff324a2644e	gi|444304091|ref|NR_074515.1|	93.926	461	26	2	6	465	350	809	0.0	695	435590
1bbcb0c262f5fc1608064ff324a2644e	gi|631251748|ref|NR_112946.1|	93.926	461	26	2	6	465	339	798	0.0	695	821
1bbcb0c262f5fc1608064ff324a2644e	gi|343200664|ref|NR_041351.1|	93.926	461	26	2	6	465	341	800	0.0	695	357276
1bbcb0c262f5fc1608064ff324a2644e	gi|631250946|ref|NR_112143.1|	93.709	461	27	2	6	465	307	766	0.0	689	821
1bbcb0c262f5fc1608064ff324a2644e	gi|1269806089|ref|NR_074784.2|	92.826	460	33	0	6	465	345	804	0.0	667	272559
1bbcb0c262f5fc1608064ff324a2644e	gi|631251738|ref|NR_112936.1|	92.826	460	33	0	6	465	338	797	0.0	667	817
1bbcb0c262f5fc1608064ff324a2644e	gi|645322408|ref|NR_119164.1|	92.826	460	33	0	6	465	317	776	0.0	667	817
b104b9f12c223aa333d995e6b96435d5	gi|310975224|ref|NR_037088.1|	98.913	460	5	0	6	465	321	780	0.0	822	76122
b104b9f12c223aa333d995e6b96435d5	gi|631251907|ref|NR_113105.1|	85.376	465	58	9	6	465	329	788	3.94e-133	473	470565
b104b9f12c223aa333d995e6b96435d5	gi|343199048|ref|NR_044407.1|	85.376	465	58	9	6	465	321	780	3.94e-133	473	470565
b104b9f12c223aa333d995e6b96435d5	gi|566085557|ref|NR_109628.1|	84.914	464	62	7	6	465	322	781	8.54e-130	462	1177574
b104b9f12c223aa333d995e6b96435d5	gi|631251926|ref|NR_113124.1|	84.483	464	64	7	6	465	341	800	1.85e-126	451	28137
b104b9f12c223aa333d995e6b96435d5	gi|636559270|ref|NR_115327.1|	84.483	464	64	7	6	465	321	780	1.85e-126	451	28137
b104b9f12c223aa333d995e6b96435d5	gi|265678843|ref|NR_029148.1|	84.335	466	61	11	6	465	349	808	2.39e-125	448	28137
b104b9f12c223aa333d995e6b96435d5	gi|2221405403|ref|NR_175509.1|	84.052	464	66	7	6	465	341	800	4.00e-123	440	2608404
b104b9f12c223aa333d995e6b96435d5	gi|631251879|ref|NR_113077.1|	83.913	460	73	1	6	465	329	787	1.44e-122	438	454154
b104b9f12c223aa333d995e6b96435d5	gi|343200939|ref|NR_041626.1|	83.913	460	73	1	6	465	321	779	1.44e-122	438	762968
1e9a4696f90e03f088affe4fd89fef27	gi|1491509587|ref|NR_159118.1|	94.783	460	24	0	6	465	310	769	0.0	717	28116
1e9a4696f90e03f088affe4fd89fef27	gi|1491509586|ref|NR_159117.1|	94.783	460	24	0	6	465	301	760	0.0	717	28116
1e9a4696f90e03f088affe4fd89fef27	gi|631251742|ref|NR_112940.1|	94.783	460	24	0	6	465	327	786	0.0	717	28116
1e9a4696f90e03f088affe4fd89fef27	gi|636559244|ref|NR_115301.1|	94.783	460	24	0	6	465	320	779	0.0	717	28116
1e9a4696f90e03f088affe4fd89fef27	gi|636560121|ref|NR_116181.1|	94.565	460	24	1	6	465	333	791	0.0	710	28116
1e9a4696f90e03f088affe4fd89fef27	gi|645322410|ref|NR_119165.1|	94.130	460	27	0	6	465	319	778	0.0	708	28116
1e9a4696f90e03f088affe4fd89fef27	gi|343200178|ref|NR_040865.1|	94.360	461	24	2	6	465	333	792	0.0	706	28116
1e9a4696f90e03f088affe4fd89fef27	gi|444303855|ref|NR_074277.1|	94.130	460	27	0	6	465	352	811	0.0	701	818
1e9a4696f90e03f088affe4fd89fef27	gi|631251746|ref|NR_112944.1|	94.130	460	27	0	6	465	324	783	0.0	701	818
1e9a4696f90e03f088affe4fd89fef27	gi|631251734|ref|NR_112932.1|	94.130	460	27	0	6	465	328	787	0.0	701	47678
4356f61103359a78f99a2b0ed36d4d56	gi|2363081451|ref|NR_178972.1|	95.227	440	21	0	6	445	285	724	0.0	697	1851428
4356f61103359a78f99a2b0ed36d4d56	gi|2363082282|ref|NR_179388.1|	95.000	440	22	0	6	445	335	774	0.0	691	2935520
4356f61103359a78f99a2b0ed36d4d56	gi|265678656|ref|NR_028961.1|	94.545	440	24	0	6	445	327	766	0.0	680	853
4356f61103359a78f99a2b0ed36d4d56	gi|2363080123|ref|NR_178280.1|	94.318	440	25	0	6	445	331	770	0.0	675	411483
4356f61103359a78f99a2b0ed36d4d56	gi|3030611269|ref|NR_199945.1|	94.091	440	26	0	6	445	335	774	0.0	669	3435293
4356f61103359a78f99a2b0ed36d4d56	gi|2363081449|ref|NR_178971.1|	94.091	440	25	1	6	445	285	723	0.0	667	1851427
4356f61103359a78f99a2b0ed36d4d56	gi|2363080175|ref|NR_178311.1|	92.273	440	34	0	6	445	412	851	9.82e-179	625	2903556
4356f61103359a78f99a2b0ed36d4d56	gi|1397641802|ref|NR_156911.1|	91.136	440	39	0	6	445	351	790	2.14e-170	597	1650663
4356f61103359a78f99a2b0ed36d4d56	gi|2962412223|ref|NR_199417.1|	90.227	440	43	0	6	445	342	781	1.00e-163	575	3136601
4356f61103359a78f99a2b0ed36d4d56	gi|1277396189|ref|NR_151900.1|	89.773	440	45	0	6	445	351	790	2.17e-160	564	1550024
201360a44c3d82ab9c4f0cc25732d3d6	gi|343200180|ref|NR_040867.1|	99.344	457	3	0	6	462	332	788	0.0	828	302911
201360a44c3d82ab9c4f0cc25732d3d6	gi|343202944|ref|NR_043438.1|	98.690	458	5	1	6	462	331	788	0.0	811	28025
201360a44c3d82ab9c4f0cc25732d3d6	gi|586661634|ref|NR_043442.2|	98.249	457	8	0	6	462	330	786	0.0	800	1694
201360a44c3d82ab9c4f0cc25732d3d6	gi|586661632|ref|NR_043441.2|	98.249	457	8	0	6	462	331	787	0.0	800	1690
201360a44c3d82ab9c4f0cc25732d3d6	gi|2180566364|ref|NR_174235.1|	97.603	459	7	2	6	462	298	754	0.0	784	2610880
201360a44c3d82ab9c4f0cc25732d3d6	gi|2363084300|ref|NR_180399.1|	97.380	458	10	2	6	462	335	791	0.0	778	2306972
201360a44c3d82ab9c4f0cc25732d3d6	gi|310975252|ref|NR_037116.1|	96.943	458	12	2	6	462	329	785	0.0	767	35760
201360a44c3d82ab9c4f0cc25732d3d6	gi|559795374|ref|NR_104967.1|	96.061	457	18	0	6	462	304	760	0.0	745	1688
201360a44c3d82ab9c4f0cc25732d3d6	gi|645322204|ref|NR_119007.1|	94.541	458	22	3	6	462	331	786	0.0	736	703613
201360a44c3d82ab9c4f0cc25732d3d6	gi|343200661|ref|NR_041348.1|	95.624	457	12	6	6	462	309	757	0.0	726	356829
f13bf97adc555ef1eb8cf07de1077bcc	gi|444304189|ref|NR_074613.1|	94.545	440	24	0	6	445	350	789	0.0	680	515620
f13bf97adc555ef1eb8cf07de1077bcc	gi|559795169|ref|NR_104758.1|	94.091	440	26	0	6	445	345	784	0.0	669	1282887
f13bf97adc555ef1eb8cf07de1077bcc	gi|559795246|ref|NR_104836.1|	94.104	441	24	2	6	445	333	772	0.0	669	706562
f13bf97adc555ef1eb8cf07de1077bcc	gi|219846511|ref|NR_026103.1|	94.091	440	26	0	6	445	316	755	0.0	669	37658
f13bf97adc555ef1eb8cf07de1077bcc	gi|1277396381|ref|NR_152095.1|	93.864	440	27	0	6	445	348	787	0.0	664	1679721
f13bf97adc555ef1eb8cf07de1077bcc	gi|645321749|ref|NR_118643.1|	93.864	440	27	0	6	445	254	693	0.0	664	1432052
f13bf97adc555ef1eb8cf07de1077bcc	gi|631252121|ref|NR_113319.1|	93.636	440	28	0	6	445	350	789	0.0	658	645466
f13bf97adc555ef1eb8cf07de1077bcc	gi|1277396183|ref|NR_151894.1|	93.636	440	28	0	6	445	335	774	0.0	658	433293
f13bf97adc555ef1eb8cf07de1077bcc	gi|343202586|ref|NR_042953.1|	93.636	440	28	0	6	445	308	747	0.0	658	264463
f13bf97adc555ef1eb8cf07de1077bcc	gi|2363085103|ref|NR_180800.1|	93.409	440	29	0	6	445	347	786	0.0	652	2652274
a506b892cd94586242590359d9ed1e61	gi|1116030291|ref|NR_144749.1|	93.213	442	26	4	6	444	347	787	0.0	647	1852367
a506b892cd94586242590359d9ed1e61	gi|1116030279|ref|NR_144737.1|	93.228	443	25	3	6	444	347	788	0.0	647	1776384
a506b892cd94586242590359d9ed1e61	gi|265678606|ref|NR_028911.1|	92.308	442	31	1	6	444	335	776	9.80e-179	625	109327
a506b892cd94586242590359d9ed1e61	gi|1491520133|ref|NR_159296.1|	92.099	443	30	3	6	444	335	776	4.56e-177	619	433296
a506b892cd94586242590359d9ed1e61	gi|2136551617|ref|NR_173621.1|	91.648	443	32	3	6	444	354	795	9.87e-174	608	2818044
a506b892cd94586242590359d9ed1e61	gi|2363086298|ref|NR_181401.1|	91.591	440	35	2	6	444	303	741	3.55e-173	606	2763645
a506b892cd94586242590359d9ed1e61	gi|2363086296|ref|NR_181400.1|	91.304	437	38	0	8	444	250	686	5.94e-171	599	2764712
a506b892cd94586242590359d9ed1e61	gi|2363085330|ref|NR_180913.1|	91.196	443	34	3	6	444	327	768	2.14e-170	597	2697030
a506b892cd94586242590359d9ed1e61	gi|219878150|ref|NR_025289.1|	90.971	443	35	3	6	444	321	762	9.94e-169	592	888727
a506b892cd94586242590359d9ed1e61	gi|2463901899|ref|NR_184630.1|	90.724	442	37	3	6	444	343	783	4.62e-167	586	2839743
3cdf9090c743abf7c0203c7ea1ad8e50	gi|1277396189|ref|NR_151900.1|	99.091	440	4	0	6	445	351	790	0.0	791	1550024
3cdf9090c743abf7c0203c7ea1ad8e50	gi|2962412223|ref|NR_199417.1|	93.468	444	21	8	6	445	342	781	0.0	652	3136601
3cdf9090c743abf7c0203c7ea1ad8e50	gi|559795255|ref|NR_104846.1|	93.409	440	29	0	6	445	288	727	0.0	652	745368
3cdf9090c743abf7c0203c7ea1ad8e50	gi|1397641802|ref|NR_156911.1|	93.197	441	28	2	6	445	351	790	0.0	647	1650663
3cdf9090c743abf7c0203c7ea1ad8e50	gi|2363084747|ref|NR_180622.1|	93.182	440	30	0	6	445	335	774	0.0	647	2779354
3cdf9090c743abf7c0203c7ea1ad8e50	gi|265678692|ref|NR_028997.1|	92.971	441	30	1	6	445	303	743	0.0	641	214851
3cdf9090c743abf7c0203c7ea1ad8e50	gi|2363080123|ref|NR_178280.1|	92.045	440	35	0	6	445	331	770	4.57e-177	619	411483
3cdf9090c743abf7c0203c7ea1ad8e50	gi|3030611269|ref|NR_199945.1|	91.818	440	36	0	6	445	335	774	2.13e-175	614	3435293
3cdf9090c743abf7c0203c7ea1ad8e50	gi|265678656|ref|NR_028961.1|	91.818	440	36	0	6	445	327	766	2.13e-175	614	853
3cdf9090c743abf7c0203c7ea1ad8e50	gi|2363081449|ref|NR_178971.1|	92.111	431	34	0	6	436	285	715	9.89e-174	608	1851427
a8140833af54727a9fdc94de6bb1de1f	gi|559795246|ref|NR_104836.1|	99.545	440	2	0	6	445	333	772	0.0	802	706562
a8140833af54727a9fdc94de6bb1de1f	gi|444304189|ref|NR_074613.1|	96.591	440	15	0	6	445	350	789	0.0	730	515620
a8140833af54727a9fdc94de6bb1de1f	gi|645321781|ref|NR_118667.1|	95.682	440	19	0	6	445	355	794	0.0	721	28052
a8140833af54727a9fdc94de6bb1de1f	gi|559795169|ref|NR_104758.1|	95.227	440	21	0	6	445	345	784	0.0	697	1282887
a8140833af54727a9fdc94de6bb1de1f	gi|1277396183|ref|NR_151894.1|	94.545	440	24	0	6	445	335	774	0.0	680	433293
a8140833af54727a9fdc94de6bb1de1f	gi|659364459|ref|NR_121686.1|	94.318	440	25	0	6	445	348	787	0.0	675	384638
a8140833af54727a9fdc94de6bb1de1f	gi|219846511|ref|NR_026103.1|	94.331	441	23	2	6	445	316	755	0.0	675	37658
a8140833af54727a9fdc94de6bb1de1f	gi|343202586|ref|NR_042953.1|	94.331	441	23	2	6	445	308	747	0.0	675	264463
a8140833af54727a9fdc94de6bb1de1f	gi|219857405|ref|NR_024993.1|	94.318	440	25	0	6	445	349	788	0.0	675	99656
a8140833af54727a9fdc94de6bb1de1f	gi|645321789|ref|NR_118673.1|	93.878	441	25	2	6	445	354	793	0.0	669	39488
177160f598f009226142cec8414a1e36	gi|219846637|ref|NR_026229.1|	99.355	465	3	0	6	470	336	800	0.0	843	39950
177160f598f009226142cec8414a1e36	gi|631252159|ref|NR_113357.1|	93.562	466	29	1	6	470	356	821	0.0	693	308994
177160f598f009226142cec8414a1e36	gi|343198671|ref|NR_043231.1|	93.548	465	30	0	6	470	283	747	0.0	693	308994
177160f598f009226142cec8414a1e36	gi|631252158|ref|NR_113356.1|	93.562	466	27	3	6	470	355	818	0.0	691	309120
177160f598f009226142cec8414a1e36	gi|265678558|ref|NR_028862.1|	93.390	469	27	4	6	472	359	825	0.0	691	209880
177160f598f009226142cec8414a1e36	gi|343198462|ref|NR_041895.1|	93.562	466	27	3	6	470	296	759	0.0	691	888062
177160f598f009226142cec8414a1e36	gi|2363082841|ref|NR_179669.1|	92.291	467	32	4	6	470	360	824	0.0	660	2161821
177160f598f009226142cec8414a1e36	gi|2363082109|ref|NR_179301.1|	92.291	467	32	4	6	470	344	808	0.0	660	2582419
177160f598f009226142cec8414a1e36	gi|343200979|ref|NR_041666.1|	91.667	468	33	6	6	470	336	800	0.0	643	742743
177160f598f009226142cec8414a1e36	gi|631252179|ref|NR_113377.1|	91.239	468	35	6	6	470	353	817	0.0	632	103892
04dfa311a960e2d7ce01b3be6d3dc559	gi|1116030286|ref|NR_144744.1|	91.793	463	32	5	6	465	339	798	0.0	640	1841856
04dfa311a960e2d7ce01b3be6d3dc559	gi|631251867|ref|NR_113065.1|	91.739	460	38	0	6	465	338	797	0.0	640	762984
04dfa311a960e2d7ce01b3be6d3dc559	gi|631251745|ref|NR_112943.1|	91.739	460	38	0	6	465	326	785	0.0	640	449673
04dfa311a960e2d7ce01b3be6d3dc559	gi|631251695|ref|NR_112893.1|	91.739	460	38	0	6	465	318	777	0.0	640	762984
04dfa311a960e2d7ce01b3be6d3dc559	gi|2221405488|ref|NR_175548.1|	91.522	460	39	0	6	465	346	805	0.0	634	2739389
04dfa311a960e2d7ce01b3be6d3dc559	gi|2363086949|ref|NR_181731.1|	91.522	460	39	0	6	465	290	749	0.0	634	2834112
04dfa311a960e2d7ce01b3be6d3dc559	gi|1146059112|ref|NR_145844.1|	91.540	461	37	2	6	465	339	798	0.0	634	1411144
04dfa311a960e2d7ce01b3be6d3dc559	gi|2363086254|ref|NR_181379.1|	91.522	460	39	0	6	465	341	800	0.0	634	2725562
04dfa311a960e2d7ce01b3be6d3dc559	gi|1116030289|ref|NR_144747.1|	91.342	462	36	3	6	465	337	796	7.95e-180	628	1841865
04dfa311a960e2d7ce01b3be6d3dc559	gi|1116030246|ref|NR_144704.1|	91.342	462	36	4	6	465	251	710	7.95e-180	628	1203465
bbf7c17cc14648d555423f0a8ef34d80	gi|444304189|ref|NR_074613.1|	99.318	440	3	0	6	445	350	789	0.0	797	515620
bbf7c17cc14648d555423f0a8ef34d80	gi|559795246|ref|NR_104836.1|	96.364	440	16	0	6	445	333	772	0.0	725	706562
bbf7c17cc14648d555423f0a8ef34d80	gi|559795169|ref|NR_104758.1|	95.682	440	19	0	6	445	345	784	0.0	708	1282887
bbf7c17cc14648d555423f0a8ef34d80	gi|645321781|ref|NR_118667.1|	94.785	441	21	2	6	445	355	794	0.0	699	28052
bbf7c17cc14648d555423f0a8ef34d80	gi|1277396183|ref|NR_151894.1|	93.636	440	28	0	6	445	335	774	0.0	658	433293
bbf7c17cc14648d555423f0a8ef34d80	gi|343198925|ref|NR_044049.1|	93.636	440	28	0	6	445	316	755	0.0	658	33043
bbf7c17cc14648d555423f0a8ef34d80	gi|645321783|ref|NR_118669.1|	92.727	440	32	0	6	445	355	794	0.0	652	39479
bbf7c17cc14648d555423f0a8ef34d80	gi|343202586|ref|NR_042953.1|	93.424	441	27	2	6	445	308	747	0.0	652	264463
bbf7c17cc14648d555423f0a8ef34d80	gi|219846511|ref|NR_026103.1|	93.182	440	30	0	6	445	316	755	0.0	647	37658
bbf7c17cc14648d555423f0a8ef34d80	gi|219857405|ref|NR_024993.1|	93.197	441	28	2	6	445	349	788	0.0	647	99656
0ea3b4eb0059d060dcc1d34c37b618d6	gi|343200903|ref|NR_041590.1|	89.126	469	26	15	6	449	140	608	2.82e-159	560	742816
0ea3b4eb0059d060dcc1d34c37b618d6	gi|343199066|ref|NR_044473.1|	88.723	470	26	14	6	449	295	763	6.10e-156	549	491921
0ea3b4eb0059d060dcc1d34c37b618d6	gi|645320513|ref|NR_117702.1|	87.983	466	30	13	6	446	318	782	2.86e-149	527	865
0ea3b4eb0059d060dcc1d34c37b618d6	gi|636558562|ref|NR_114619.1|	87.983	466	30	15	6	446	347	811	2.86e-149	527	86956
0ea3b4eb0059d060dcc1d34c37b618d6	gi|343202547|ref|NR_042900.1|	87.768	466	31	13	6	446	225	689	3.70e-148	523	259840
0ea3b4eb0059d060dcc1d34c37b618d6	gi|645321057|ref|NR_118115.1|	87.633	469	33	15	6	449	345	813	1.33e-147	521	1002795
0ea3b4eb0059d060dcc1d34c37b618d6	gi|559795237|ref|NR_104827.1|	87.768	466	31	15	6	446	339	803	1.33e-147	521	86956
0ea3b4eb0059d060dcc1d34c37b618d6	gi|343203314|ref|NR_043658.1|	87.768	466	31	16	6	446	349	813	1.33e-147	521	349096
0ea3b4eb0059d060dcc1d34c37b618d6	gi|219878375|ref|NR_025514.1|	87.207	469	35	13	6	449	335	803	2.88e-144	510	158847
0ea3b4eb0059d060dcc1d34c37b618d6	gi|672238876|ref|NR_125464.1|	86.771	446	50	6	6	446	325	766	1.35e-137	488	1297424
df8f0f0566455fcfab00da29f6e0e117	gi|444303855|ref|NR_074277.1|	94.794	461	22	2	6	465	352	811	0.0	717	818
df8f0f0566455fcfab00da29f6e0e117	gi|631251746|ref|NR_112944.1|	94.794	461	22	2	6	465	324	783	0.0	717	818
df8f0f0566455fcfab00da29f6e0e117	gi|631252008|ref|NR_113206.1|	93.939	462	24	4	6	465	336	795	0.0	695	1236513
df8f0f0566455fcfab00da29f6e0e117	gi|631250945|ref|NR_112142.1|	93.900	459	25	3	8	465	336	792	0.0	689	818
df8f0f0566455fcfab00da29f6e0e117	gi|2363086949|ref|NR_181731.1|	93.492	461	28	2	6	465	290	749	0.0	684	2834112
df8f0f0566455fcfab00da29f6e0e117	gi|1116030246|ref|NR_144704.1|	93.478	460	30	0	6	465	251	710	0.0	684	1203465
df8f0f0566455fcfab00da29f6e0e117	gi|631251867|ref|NR_113065.1|	93.492	461	28	2	6	465	338	797	0.0	684	762984
df8f0f0566455fcfab00da29f6e0e117	gi|631251734|ref|NR_112932.1|	93.478	460	30	0	6	465	328	787	0.0	684	47678
df8f0f0566455fcfab00da29f6e0e117	gi|631251695|ref|NR_112893.1|	93.492	461	28	2	6	465	318	777	0.0	684	762984
df8f0f0566455fcfab00da29f6e0e117	gi|219846650|ref|NR_026242.1|	93.478	460	30	0	6	465	318	777	0.0	684	47678
9c2d839dcd4569bc4e8044887fcbbb6d	gi|848212582|ref|NR_132289.1|	97.052	441	12	1	6	445	310	750	0.0	741	1052257
9c2d839dcd4569bc4e8044887fcbbb6d	gi|1953646544|ref|NR_171428.1|	95.011	441	21	1	6	445	289	729	0.0	691	2789776
9c2d839dcd4569bc4e8044887fcbbb6d	gi|2363087279|ref|NR_181895.1|	93.878	441	26	1	6	445	319	759	0.0	664	2903142
9c2d839dcd4569bc4e8044887fcbbb6d	gi|2136551676|ref|NR_173681.1|	93.651	441	27	1	6	445	345	785	0.0	658	2751370
9c2d839dcd4569bc4e8044887fcbbb6d	gi|631251774|ref|NR_112972.1|	92.777	443	28	4	6	445	321	762	0.0	638	1294026
9c2d839dcd4569bc4e8044887fcbbb6d	gi|343198427|ref|NR_041798.1|	92.517	441	32	1	6	445	336	776	2.11e-180	630	121039
9c2d839dcd4569bc4e8044887fcbbb6d	gi|444303967|ref|NR_074390.1|	92.063	441	34	1	6	445	323	763	4.57e-177	619	525909
9c2d839dcd4569bc4e8044887fcbbb6d	gi|343202455|ref|NR_042751.1|	91.629	442	34	3	6	445	336	776	9.89e-174	608	209649
9c2d839dcd4569bc4e8044887fcbbb6d	gi|343200947|ref|NR_041634.1|	91.156	441	38	1	6	445	314	754	2.14e-170	597	467976
9c2d839dcd4569bc4e8044887fcbbb6d	gi|228719712|ref|NR_027584.1|	91.156	441	37	2	6	445	322	761	2.14e-170	597	53635
cf8b4b1084fd597a92c0f6a2f3a67447	gi|1116030287|ref|NR_144745.1|	91.106	461	37	4	6	464	339	797	1.33e-177	621	1841857
cf8b4b1084fd597a92c0f6a2f3a67447	gi|444304111|ref|NR_074535.1|	89.588	461	44	4	6	464	334	792	6.27e-166	582	28118
cf8b4b1084fd597a92c0f6a2f3a67447	gi|631251877|ref|NR_113075.1|	89.588	461	44	4	6	464	334	792	6.27e-166	582	28118
cf8b4b1084fd597a92c0f6a2f3a67447	gi|343206056|ref|NR_044636.1|	88.553	463	45	5	6	464	342	800	2.94e-159	560	28118
cf8b4b1084fd597a92c0f6a2f3a67447	gi|1040567039|ref|NR_137388.1|	85.281	462	63	5	6	464	315	774	3.93e-133	473	1605892
cf8b4b1084fd597a92c0f6a2f3a67447	gi|1779814875|ref|NR_164950.1|	85.249	461	65	3	6	464	340	799	1.42e-132	472	2040292
cf8b4b1084fd597a92c0f6a2f3a67447	gi|566084813|ref|NR_108175.1|	85.281	462	63	5	6	464	309	768	1.42e-132	472	267125
cf8b4b1084fd597a92c0f6a2f3a67447	gi|3030611317|ref|NR_199993.1|	85.097	463	62	7	6	464	311	770	6.58e-131	466	3231602
cf8b4b1084fd597a92c0f6a2f3a67447	gi|961555058|ref|NR_134025.1|	85.065	462	64	5	6	464	328	787	6.58e-131	466	1476462
cf8b4b1084fd597a92c0f6a2f3a67447	gi|559795247|ref|NR_104837.1|	85.193	466	56	12	6	464	311	770	6.58e-131	466	706566
312226b52460bcfc675e5eb9b2f0ef82	gi|343198783|ref|NR_043680.1|	99.318	440	3	0	6	445	257	696	0.0	797	358742
312226b52460bcfc675e5eb9b2f0ef82	gi|1193829153|ref|NR_147396.1|	98.182	440	8	0	6	445	328	767	0.0	769	1917870
312226b52460bcfc675e5eb9b2f0ef82	gi|507148045|ref|NR_102852.1|	97.279	441	10	2	6	445	348	787	0.0	747	84030
312226b52460bcfc675e5eb9b2f0ef82	gi|219846902|ref|NR_026494.1|	97.279	441	10	2	6	445	336	775	0.0	747	84030
312226b52460bcfc675e5eb9b2f0ef82	gi|3030611230|ref|NR_199906.1|	97.045	440	13	0	6	445	354	793	0.0	741	3123317
312226b52460bcfc675e5eb9b2f0ef82	gi|3030611314|ref|NR_199990.1|	97.045	440	13	0	6	445	350	789	0.0	741	3123317
312226b52460bcfc675e5eb9b2f0ef82	gi|1384992332|ref|NR_156081.1|	97.045	440	13	0	6	445	336	775	0.0	741	1469948
312226b52460bcfc675e5eb9b2f0ef82	gi|1384992331|ref|NR_156080.1|	97.045	440	13	0	6	445	336	775	0.0	741	1469948
312226b52460bcfc675e5eb9b2f0ef82	gi|1384992329|ref|NR_156078.1|	97.045	440	13	0	6	445	336	775	0.0	741	1469948
312226b52460bcfc675e5eb9b2f0ef82	gi|1384992328|ref|NR_156077.1|	97.045	440	13	0	6	445	336	775	0.0	741	1469948
335702122d7cbe5efde51f1391bbd8c6	gi|265678656|ref|NR_028961.1|	95.000	440	22	0	6	445	327	766	0.0	691	853
335702122d7cbe5efde51f1391bbd8c6	gi|2363081451|ref|NR_178972.1|	94.773	440	23	0	6	445	285	724	0.0	686	1851428
335702122d7cbe5efde51f1391bbd8c6	gi|2363080123|ref|NR_178280.1|	94.773	440	23	0	6	445	331	770	0.0	686	411483
335702122d7cbe5efde51f1391bbd8c6	gi|3030611269|ref|NR_199945.1|	94.545	440	24	0	6	445	335	774	0.0	680	3435293
335702122d7cbe5efde51f1391bbd8c6	gi|2363082282|ref|NR_179388.1|	94.331	441	23	2	6	445	335	774	0.0	675	2935520
335702122d7cbe5efde51f1391bbd8c6	gi|2363081449|ref|NR_178971.1|	94.896	431	22	0	6	436	285	715	0.0	675	1851427
335702122d7cbe5efde51f1391bbd8c6	gi|2363080175|ref|NR_178311.1|	92.500	440	33	0	6	445	412	851	2.11e-180	630	2903556
335702122d7cbe5efde51f1391bbd8c6	gi|1397641802|ref|NR_156911.1|	89.773	440	45	0	6	445	351	790	2.17e-160	564	1650663
335702122d7cbe5efde51f1391bbd8c6	gi|559795255|ref|NR_104846.1|	89.091	440	48	0	6	445	288	727	2.19e-155	547	745368
335702122d7cbe5efde51f1391bbd8c6	gi|265679047|ref|NR_029355.1|	89.116	441	46	2	6	445	332	771	2.19e-155	547	84026
a484ea7fa48939153a76c75d70960bc3	gi|3030611269|ref|NR_199945.1|	92.986	442	29	2	6	447	335	774	0.0	643	3435293
a484ea7fa48939153a76c75d70960bc3	gi|265678656|ref|NR_028961.1|	92.534	442	31	2	6	447	327	766	0.0	632	853
a484ea7fa48939153a76c75d70960bc3	gi|2363081451|ref|NR_178972.1|	92.308	442	32	2	6	447	285	724	2.74e-179	627	1851428
a484ea7fa48939153a76c75d70960bc3	gi|2363080123|ref|NR_178280.1|	92.308	442	32	2	6	447	331	770	2.74e-179	627	411483
a484ea7fa48939153a76c75d70960bc3	gi|2363081449|ref|NR_178971.1|	92.379	433	31	2	6	438	285	715	5.94e-176	616	1851427
a484ea7fa48939153a76c75d70960bc3	gi|2363082356|ref|NR_179425.1|	91.629	442	35	2	6	447	351	790	2.76e-174	610	1689304
a484ea7fa48939153a76c75d70960bc3	gi|2363082282|ref|NR_179388.1|	91.648	443	33	4	6	447	335	774	2.76e-174	610	2935520
a484ea7fa48939153a76c75d70960bc3	gi|2363084747|ref|NR_180622.1|	91.196	443	35	4	6	447	335	774	5.98e-171	599	2779354
a484ea7fa48939153a76c75d70960bc3	gi|1397641802|ref|NR_156911.1|	90.950	442	38	2	6	447	351	790	2.78e-169	593	1650663
a484ea7fa48939153a76c75d70960bc3	gi|2363082168|ref|NR_179330.1|	90.498	442	42	0	6	447	327	768	1.68e-166	584	2714355
ecd177ebd149398132fb771d2edfe75a	gi|1811131545|ref|NR_165727.1|	94.607	445	19	4	6	446	358	801	0.0	684	2358141
ecd177ebd149398132fb771d2edfe75a	gi|219846061|ref|NR_025651.1|	91.461	445	32	5	6	446	350	792	3.57e-173	606	160404
ecd177ebd149398132fb771d2edfe75a	gi|1445136073|ref|NR_158113.1|	91.011	445	34	4	6	446	328	770	7.72e-170	595	433287
ecd177ebd149398132fb771d2edfe75a	gi|1230874676|ref|NR_148837.1|	90.745	443	36	5	6	446	347	786	4.65e-167	586	1675854
ecd177ebd149398132fb771d2edfe75a	gi|645320438|ref|NR_117645.1|	90.745	443	36	5	6	446	345	784	4.65e-167	586	1185412
ecd177ebd149398132fb771d2edfe75a	gi|3030611264|ref|NR_199940.1|	90.498	442	39	3	6	446	338	777	2.16e-165	580	3074433
ecd177ebd149398132fb771d2edfe75a	gi|631252210|ref|NR_113408.1|	90.337	445	37	4	6	446	351	793	7.78e-165	579	28446
ecd177ebd149398132fb771d2edfe75a	gi|3030611263|ref|NR_199939.1|	90.293	443	38	5	6	446	332	771	1.01e-163	575	3074434
ecd177ebd149398132fb771d2edfe75a	gi|2621112349|ref|NR_189253.1|	90.112	445	39	3	6	446	345	788	3.62e-163	573	2918914
ecd177ebd149398132fb771d2edfe75a	gi|265678961|ref|NR_029269.1|	90.112	445	37	5	6	446	350	791	1.30e-162	571	28446
7da06cd88a70ccbb913fa62710760807	gi|444304091|ref|NR_074515.1|	99.338	302	2	0	144	445	508	809	2.19e-155	547	435590
7da06cd88a70ccbb913fa62710760807	gi|631251748|ref|NR_112946.1|	99.338	302	2	0	144	445	497	798	2.19e-155	547	821
7da06cd88a70ccbb913fa62710760807	gi|631250946|ref|NR_112143.1|	99.338	302	2	0	144	445	465	766	2.19e-155	547	821
7da06cd88a70ccbb913fa62710760807	gi|343200664|ref|NR_041351.1|	99.007	302	3	0	144	445	499	800	1.02e-153	542	357276
7da06cd88a70ccbb913fa62710760807	gi|631251873|ref|NR_113071.1|	95.364	302	14	0	144	445	499	800	2.25e-135	481	1236498
7da06cd88a70ccbb913fa62710760807	gi|631251471|ref|NR_112668.1|	95.364	302	14	0	144	445	488	789	2.25e-135	481	732242
7da06cd88a70ccbb913fa62710760807	gi|1779814939|ref|NR_165013.1|	86.199	442	57	3	6	445	299	738	1.05e-133	475	2044587
7da06cd88a70ccbb913fa62710760807	gi|2363080125|ref|NR_178281.1|	86.168	441	59	2	6	445	340	779	1.05e-133	475	105843
7da06cd88a70ccbb913fa62710760807	gi|645322302|ref|NR_119085.1|	86.199	442	55	6	6	445	347	784	3.77e-133	473	29364
7da06cd88a70ccbb913fa62710760807	gi|1277396381|ref|NR_152095.1|	85.973	442	58	4	6	445	348	787	4.87e-132	470	1679721
3bf498fcbae79ca2330abf9699e9c5ff	gi|631251745|ref|NR_112943.1|	93.492	461	28	2	6	465	326	785	0.0	684	449673
3bf498fcbae79ca2330abf9699e9c5ff	gi|224581415|ref|NR_027196.1|	92.842	461	31	2	6	465	317	776	0.0	669	449673
3bf498fcbae79ca2330abf9699e9c5ff	gi|1116030246|ref|NR_144704.1|	92.191	461	34	2	6	465	251	710	0.0	651	1203465
3bf498fcbae79ca2330abf9699e9c5ff	gi|343200620|ref|NR_041307.1|	91.974	461	35	2	6	465	334	793	0.0	645	329854
3bf498fcbae79ca2330abf9699e9c5ff	gi|631251867|ref|NR_113065.1|	91.757	461	36	2	6	465	338	797	0.0	640	762984
3bf498fcbae79ca2330abf9699e9c5ff	gi|631251734|ref|NR_112932.1|	91.775	462	34	4	6	465	328	787	0.0	640	47678
3bf498fcbae79ca2330abf9699e9c5ff	gi|631251695|ref|NR_112893.1|	91.757	461	36	2	6	465	318	777	0.0	640	762984
3bf498fcbae79ca2330abf9699e9c5ff	gi|219846650|ref|NR_026242.1|	91.775	462	34	4	6	465	318	777	0.0	640	47678
3bf498fcbae79ca2330abf9699e9c5ff	gi|2363086949|ref|NR_181731.1|	91.540	461	37	2	6	465	290	749	0.0	634	2834112
3bf498fcbae79ca2330abf9699e9c5ff	gi|2363085522|ref|NR_181010.1|	91.540	461	37	2	6	465	297	756	0.0	634	2786956
18502d6f8a049a74587c6f06164d5285	gi|343205678|ref|NR_044054.1|	93.213	442	26	4	6	445	297	736	0.0	647	1121115
18502d6f8a049a74587c6f06164d5285	gi|631253117|ref|NR_114315.1|	92.986	442	27	4	6	445	336	775	0.0	643	649762
18502d6f8a049a74587c6f06164d5285	gi|2363082685|ref|NR_179590.1|	92.777	443	27	5	6	445	327	767	0.0	638	1936059
18502d6f8a049a74587c6f06164d5285	gi|219846720|ref|NR_026312.1|	91.176	442	35	4	6	445	327	766	5.95e-171	599	180164
18502d6f8a049a74587c6f06164d5285	gi|631252033|ref|NR_113231.1|	91.196	443	33	6	6	445	347	786	2.14e-170	597	536633
18502d6f8a049a74587c6f06164d5285	gi|631251591|ref|NR_112789.1|	91.196	443	33	6	6	445	333	772	2.14e-170	597	536633
18502d6f8a049a74587c6f06164d5285	gi|219846722|ref|NR_026314.1|	91.176	442	35	4	6	445	330	769	2.14e-170	597	53443
18502d6f8a049a74587c6f06164d5285	gi|2363082673|ref|NR_179584.1|	90.971	443	34	6	6	445	327	766	9.96e-169	592	1917888
18502d6f8a049a74587c6f06164d5285	gi|566085203|ref|NR_109014.1|	90.950	442	36	4	6	445	195	634	9.96e-169	592	871665
18502d6f8a049a74587c6f06164d5285	gi|2363084170|ref|NR_180334.1|	90.724	442	37	4	6	445	253	692	4.64e-167	586	2763028
b195d34caafebd7c2f1e7e2b40d4d7f4	gi|631251747|ref|NR_112945.1|	95.455	462	17	4	6	465	327	786	0.0	734	820
b195d34caafebd7c2f1e7e2b40d4d7f4	gi|631251745|ref|NR_112943.1|	95.435	460	21	0	6	465	326	785	0.0	734	449673
b195d34caafebd7c2f1e7e2b40d4d7f4	gi|343200179|ref|NR_040866.1|	95.455	462	17	4	6	465	334	793	0.0	734	820
b195d34caafebd7c2f1e7e2b40d4d7f4	gi|2363086550|ref|NR_181532.1|	95.228	461	20	2	6	465	322	781	0.0	728	2763025
b195d34caafebd7c2f1e7e2b40d4d7f4	gi|224581415|ref|NR_027196.1|	95.011	461	21	2	6	465	317	776	0.0	725	449673
b195d34caafebd7c2f1e7e2b40d4d7f4	gi|631251735|ref|NR_112933.1|	94.794	461	22	2	6	465	334	793	0.0	717	246787
b195d34caafebd7c2f1e7e2b40d4d7f4	gi|631251867|ref|NR_113065.1|	94.348	460	26	0	6	465	338	797	0.0	706	762984
b195d34caafebd7c2f1e7e2b40d4d7f4	gi|631251695|ref|NR_112893.1|	94.348	460	26	0	6	465	318	777	0.0	706	762984
b195d34caafebd7c2f1e7e2b40d4d7f4	gi|343200620|ref|NR_041307.1|	94.360	461	24	2	6	465	334	793	0.0	706	329854
b195d34caafebd7c2f1e7e2b40d4d7f4	gi|2363086949|ref|NR_181731.1|	94.130	460	27	0	6	465	290	749	0.0	701	2834112
6f747e4e68d93beec0f7b547f1b72df9	gi|2363081451|ref|NR_178972.1|	92.986	442	27	4	6	445	285	724	0.0	641	1851428
6f747e4e68d93beec0f7b547f1b72df9	gi|2363082282|ref|NR_179388.1|	92.777	443	26	6	6	445	335	774	0.0	636	2935520
6f747e4e68d93beec0f7b547f1b72df9	gi|265678656|ref|NR_028961.1|	92.744	441	30	2	6	445	327	766	0.0	636	853
6f747e4e68d93beec0f7b547f1b72df9	gi|2363080123|ref|NR_178280.1|	92.517	441	31	2	6	445	331	770	2.11e-180	630	411483
6f747e4e68d93beec0f7b547f1b72df9	gi|3030611269|ref|NR_199945.1|	92.290	441	32	2	6	445	335	774	9.82e-179	625	3435293
6f747e4e68d93beec0f7b547f1b72df9	gi|2363081449|ref|NR_178971.1|	92.063	441	32	3	6	445	285	723	1.64e-176	617	1851427
6f747e4e68d93beec0f7b547f1b72df9	gi|2363080175|ref|NR_178311.1|	90.930	441	38	2	6	445	412	851	9.96e-169	592	2903556
6f747e4e68d93beec0f7b547f1b72df9	gi|219878251|ref|NR_025390.1|	89.773	440	45	0	6	445	330	769	2.17e-160	564	115544
6f747e4e68d93beec0f7b547f1b72df9	gi|3030611230|ref|NR_199906.1|	89.367	442	43	4	6	445	354	793	4.70e-157	553	3123317
6f747e4e68d93beec0f7b547f1b72df9	gi|3030611314|ref|NR_199990.1|	89.367	442	43	4	6	445	350	789	4.70e-157	553	3123317
