1db22c108e528b14e824467c5982839a	gi|1193829138|ref|NR_147381.1|	99.570	465	2	0	1	465	332	796	0.0	848	1852381
1db22c108e528b14e824467c5982839a	gi|1864207050|ref|NR_169344.1|	93.991	466	26	2	1	465	315	779	0.0	704	1263962
1db22c108e528b14e824467c5982839a	gi|961555263|ref|NR_134232.1|	93.777	466	27	2	1	465	347	811	0.0	699	1452508
1db22c108e528b14e824467c5982839a	gi|631252646|ref|NR_113844.1|	93.777	466	27	2	1	465	308	772	0.0	699	196015
1db22c108e528b14e824467c5982839a	gi|343200100|ref|NR_040787.1|	93.777	466	27	2	1	465	308	772	0.0	699	196015
1db22c108e528b14e824467c5982839a	gi|343198666|ref|NR_043226.1|	93.777	466	27	2	1	465	294	758	0.0	699	307483
1db22c108e528b14e824467c5982839a	gi|219846083|ref|NR_025673.1|	93.562	466	28	2	1	465	326	790	0.0	693	215580
1db22c108e528b14e824467c5982839a	gi|1193829158|ref|NR_147401.1|	93.348	466	29	2	1	465	332	796	0.0	688	1816689
1db22c108e528b14e824467c5982839a	gi|636558953|ref|NR_115010.1|	93.348	466	29	2	1	465	327	791	0.0	688	391358
1db22c108e528b14e824467c5982839a	gi|2180566390|ref|NR_174253.1|	93.118	465	32	0	1	465	328	792	0.0	682	2259674
5bdb379f021d6e4ee10514fa4545124c	gi|631251742|ref|NR_112940.1|	99.783	460	1	0	1	460	327	786	0.0	845	28116
5bdb379f021d6e4ee10514fa4545124c	gi|636559244|ref|NR_115301.1|	99.783	460	1	0	1	460	320	779	0.0	845	28116
5bdb379f021d6e4ee10514fa4545124c	gi|1491509587|ref|NR_159118.1|	99.565	460	2	0	1	460	310	769	0.0	839	28116
5bdb379f021d6e4ee10514fa4545124c	gi|1491509586|ref|NR_159117.1|	99.565	460	2	0	1	460	301	760	0.0	839	28116
5bdb379f021d6e4ee10514fa4545124c	gi|636560121|ref|NR_116181.1|	99.565	460	1	1	1	460	333	791	0.0	837	28116
5bdb379f021d6e4ee10514fa4545124c	gi|343200178|ref|NR_040865.1|	99.349	461	1	2	1	460	333	792	0.0	833	28116
5bdb379f021d6e4ee10514fa4545124c	gi|645322410|ref|NR_119165.1|	98.696	460	6	0	1	460	319	778	0.0	824	28116
5bdb379f021d6e4ee10514fa4545124c	gi|631251749|ref|NR_112947.1|	97.609	460	11	0	1	460	326	785	0.0	791	657309
5bdb379f021d6e4ee10514fa4545124c	gi|2363084431|ref|NR_180463.1|	97.609	460	11	0	1	460	340	799	0.0	789	2650158
5bdb379f021d6e4ee10514fa4545124c	gi|343201773|ref|NR_042499.1|	97.609	460	11	0	1	460	294	753	0.0	789	657309
d1792ca96c3188f7d6a1ded922481b4c	gi|343198540|ref|NR_042832.1|	99.320	441	3	0	1	441	330	770	0.0	798	301302
d1792ca96c3188f7d6a1ded922481b4c	gi|444439494|ref|NR_074809.1|	98.413	441	7	0	1	441	350	790	0.0	776	585394
d1792ca96c3188f7d6a1ded922481b4c	gi|645320588|ref|NR_117758.1|	98.416	442	6	1	1	441	322	763	0.0	776	166486
d1792ca96c3188f7d6a1ded922481b4c	gi|228716944|ref|NR_027557.1|	98.416	442	6	1	1	441	343	784	0.0	776	536231
d1792ca96c3188f7d6a1ded922481b4c	gi|444304209|ref|NR_074634.1|	98.186	441	7	1	1	441	350	789	0.0	769	515619
d1792ca96c3188f7d6a1ded922481b4c	gi|343201282|ref|NR_042008.1|	98.186	441	7	1	1	441	341	780	0.0	769	585394
d1792ca96c3188f7d6a1ded922481b4c	gi|1227086116|ref|NR_148619.1|	97.738	442	9	1	1	441	301	742	0.0	760	1712665
d1792ca96c3188f7d6a1ded922481b4c	gi|343201281|ref|NR_042007.1|	97.523	444	6	5	1	441	343	784	0.0	754	622312
d1792ca96c3188f7d6a1ded922481b4c	gi|2363086282|ref|NR_181393.1|	97.279	441	11	1	1	441	290	729	0.0	747	2763664
d1792ca96c3188f7d6a1ded922481b4c	gi|2363085153|ref|NR_180825.1|	97.052	441	13	0	1	441	347	787	0.0	743	2605790
7279aca64c81d9aaa187e4b253353941	gi|1269806089|ref|NR_074784.2|	99.565	460	2	0	1	460	345	804	0.0	839	272559
7279aca64c81d9aaa187e4b253353941	gi|631251738|ref|NR_112936.1|	99.565	460	2	0	1	460	338	797	0.0	839	817
7279aca64c81d9aaa187e4b253353941	gi|645322408|ref|NR_119164.1|	99.565	460	2	0	1	460	317	776	0.0	839	817
7279aca64c81d9aaa187e4b253353941	gi|631250944|ref|NR_112141.1|	98.261	460	6	2	1	460	335	792	0.0	804	817
7279aca64c81d9aaa187e4b253353941	gi|2363082611|ref|NR_179552.1|	95.011	461	22	1	1	460	340	800	0.0	723	1871006
7279aca64c81d9aaa187e4b253353941	gi|2363082547|ref|NR_179520.1|	95.011	461	21	2	1	460	314	773	0.0	723	1841855
7279aca64c81d9aaa187e4b253353941	gi|636560121|ref|NR_116181.1|	94.600	463	18	4	1	460	333	791	0.0	710	28116
7279aca64c81d9aaa187e4b253353941	gi|631251872|ref|NR_113070.1|	94.348	460	26	0	1	460	334	793	0.0	706	742727
7279aca64c81d9aaa187e4b253353941	gi|631251697|ref|NR_112895.1|	94.348	460	26	0	1	460	314	773	0.0	706	742727
7279aca64c81d9aaa187e4b253353941	gi|1109168015|ref|NR_144606.1|	94.130	460	27	0	1	460	340	799	0.0	701	1796613
250485d3afbfd75bcee02bc795613293	gi|2260349448|ref|NR_176530.1|	99.321	442	3	0	1	442	358	799	0.0	800	2093857
250485d3afbfd75bcee02bc795613293	gi|2363082559|ref|NR_179526.1|	99.321	442	3	0	1	442	349	790	0.0	800	1841866
250485d3afbfd75bcee02bc795613293	gi|645321110|ref|NR_118156.1|	95.475	442	20	0	1	442	304	745	0.0	706	1007096
250485d3afbfd75bcee02bc795613293	gi|2962412234|ref|NR_199428.1|	95.249	442	21	0	1	442	352	793	0.0	701	3073143
250485d3afbfd75bcee02bc795613293	gi|2363087001|ref|NR_181757.1|	94.820	444	19	4	1	442	289	730	0.0	689	2841504
250485d3afbfd75bcee02bc795613293	gi|2363082170|ref|NR_179331.1|	94.808	443	22	1	1	442	328	770	0.0	689	2714358
250485d3afbfd75bcee02bc795613293	gi|1269801610|ref|NR_074793.2|	94.118	442	26	0	1	442	355	796	0.0	673	351091
250485d3afbfd75bcee02bc795613293	gi|343200653|ref|NR_041340.1|	94.118	442	26	0	1	442	328	769	0.0	673	351091
250485d3afbfd75bcee02bc795613293	gi|2363082569|ref|NR_179531.1|	93.891	442	27	0	1	442	347	788	0.0	667	1852369
250485d3afbfd75bcee02bc795613293	gi|2363082165|ref|NR_179329.1|	93.454	443	27	2	1	442	327	768	0.0	656	2714353
f983978ebf8ee1da64bb98a3e742eb95	gi|343200664|ref|NR_041351.1|	99.565	460	2	0	1	460	341	800	0.0	839	357276
f983978ebf8ee1da64bb98a3e742eb95	gi|444304091|ref|NR_074515.1|	98.696	460	6	0	1	460	350	809	0.0	817	435590
f983978ebf8ee1da64bb98a3e742eb95	gi|631251748|ref|NR_112946.1|	98.696	460	6	0	1	460	339	798	0.0	817	821
f983978ebf8ee1da64bb98a3e742eb95	gi|631250946|ref|NR_112143.1|	98.478	460	7	0	1	460	307	766	0.0	811	821
f983978ebf8ee1da64bb98a3e742eb95	gi|631251997|ref|NR_113195.1|	93.696	460	29	0	1	460	338	797	0.0	689	1236515
f983978ebf8ee1da64bb98a3e742eb95	gi|631251866|ref|NR_113064.1|	93.478	460	30	0	1	460	338	797	0.0	684	1236538
f983978ebf8ee1da64bb98a3e742eb95	gi|631251817|ref|NR_113015.1|	93.478	460	30	0	1	460	338	797	0.0	684	1236538
f983978ebf8ee1da64bb98a3e742eb95	gi|645320081|ref|NR_117373.1|	93.478	460	30	0	1	460	289	748	0.0	684	1236515
f983978ebf8ee1da64bb98a3e742eb95	gi|2363085522|ref|NR_181010.1|	93.275	461	29	2	1	460	297	756	0.0	678	2786956
f983978ebf8ee1da64bb98a3e742eb95	gi|2363082773|ref|NR_179635.1|	93.261	460	31	0	1	460	338	797	0.0	678	2024197
cc763e1c0c12d2061d5a5ed64d3959d3	gi|631251745|ref|NR_112943.1|	99.130	460	4	0	1	460	326	785	0.0	828	449673
cc763e1c0c12d2061d5a5ed64d3959d3	gi|224581415|ref|NR_027196.1|	98.261	460	8	0	1	460	317	776	0.0	808	449673
cc763e1c0c12d2061d5a5ed64d3959d3	gi|631251867|ref|NR_113065.1|	96.957	460	14	0	1	460	338	797	0.0	773	762984
cc763e1c0c12d2061d5a5ed64d3959d3	gi|631251695|ref|NR_112893.1|	96.957	460	14	0	1	460	318	777	0.0	773	762984
cc763e1c0c12d2061d5a5ed64d3959d3	gi|2363086949|ref|NR_181731.1|	96.739	460	15	0	1	460	290	749	0.0	767	2834112
cc763e1c0c12d2061d5a5ed64d3959d3	gi|343200620|ref|NR_041307.1|	96.739	460	15	0	1	460	334	793	0.0	767	329854
cc763e1c0c12d2061d5a5ed64d3959d3	gi|631251735|ref|NR_112933.1|	96.312	461	15	2	1	460	334	793	0.0	756	246787
cc763e1c0c12d2061d5a5ed64d3959d3	gi|2363086550|ref|NR_181532.1|	96.087	460	18	0	1	460	322	781	0.0	750	2763025
cc763e1c0c12d2061d5a5ed64d3959d3	gi|343200761|ref|NR_041448.1|	96.087	460	18	0	1	460	322	781	0.0	750	376806
cc763e1c0c12d2061d5a5ed64d3959d3	gi|631251747|ref|NR_112945.1|	95.652	460	20	0	1	460	327	786	0.0	739	820
98a20f3e635b4b21d191308246b2a247	gi|2363081451|ref|NR_178972.1|	99.318	440	3	0	1	440	285	724	0.0	797	1851428
98a20f3e635b4b21d191308246b2a247	gi|265678656|ref|NR_028961.1|	98.636	440	6	0	1	440	327	766	0.0	780	853
98a20f3e635b4b21d191308246b2a247	gi|2363082282|ref|NR_179388.1|	98.409	440	7	0	1	440	335	774	0.0	774	2935520
98a20f3e635b4b21d191308246b2a247	gi|2363080123|ref|NR_178280.1|	98.409	440	7	0	1	440	331	770	0.0	774	411483
98a20f3e635b4b21d191308246b2a247	gi|3030611269|ref|NR_199945.1|	98.182	440	8	0	1	440	335	774	0.0	769	3435293
98a20f3e635b4b21d191308246b2a247	gi|2363081449|ref|NR_178971.1|	98.608	431	6	0	1	431	285	715	0.0	763	1851427
98a20f3e635b4b21d191308246b2a247	gi|2363080175|ref|NR_178311.1|	96.364	440	16	0	1	440	412	851	0.0	725	2903556
98a20f3e635b4b21d191308246b2a247	gi|1397641802|ref|NR_156911.1|	92.500	440	33	0	1	440	351	790	2.07e-180	630	1650663
98a20f3e635b4b21d191308246b2a247	gi|2363084747|ref|NR_180622.1|	92.500	440	33	0	1	440	335	774	2.07e-180	630	2779354
98a20f3e635b4b21d191308246b2a247	gi|2363082356|ref|NR_179425.1|	92.290	441	32	2	1	440	351	790	9.64e-179	625	1689304
b964a075f44e854b936f418c90d60fcb	gi|343205678|ref|NR_044054.1|	99.773	440	1	0	1	440	297	736	0.0	808	1121115
b964a075f44e854b936f418c90d60fcb	gi|631253117|ref|NR_114315.1|	99.545	440	2	0	1	440	336	775	0.0	804	649762
b964a075f44e854b936f418c90d60fcb	gi|2363082685|ref|NR_179590.1|	99.320	441	2	1	1	440	327	767	0.0	798	1936059
b964a075f44e854b936f418c90d60fcb	gi|219846722|ref|NR_026314.1|	97.727	440	10	0	1	440	330	769	0.0	758	53443
b964a075f44e854b936f418c90d60fcb	gi|219846720|ref|NR_026312.1|	97.273	440	12	0	1	440	327	766	0.0	749	180164
b964a075f44e854b936f418c90d60fcb	gi|2363084170|ref|NR_180334.1|	97.273	440	12	0	1	440	253	692	0.0	747	2763028
b964a075f44e854b936f418c90d60fcb	gi|2363086300|ref|NR_181402.1|	97.273	440	12	0	1	440	300	739	0.0	747	2763028
b964a075f44e854b936f418c90d60fcb	gi|631252033|ref|NR_113231.1|	97.279	441	10	2	1	440	347	786	0.0	747	536633
b964a075f44e854b936f418c90d60fcb	gi|631251591|ref|NR_112789.1|	97.279	441	10	2	1	440	333	772	0.0	747	536633
b964a075f44e854b936f418c90d60fcb	gi|2363082673|ref|NR_179584.1|	97.052	441	11	2	1	440	327	766	0.0	741	1917888
bbe3030ef7acc246a6874e97c5953488	gi|3248465644|ref|NR_201656.1|	95.465	441	18	2	1	440	329	768	0.0	702	3417633
bbe3030ef7acc246a6874e97c5953488	gi|507148077|ref|NR_102884.1|	94.091	440	26	0	1	440	331	770	0.0	669	213810
bbe3030ef7acc246a6874e97c5953488	gi|3248465648|ref|NR_201660.1|	93.878	441	25	2	1	440	319	758	0.0	664	3417630
bbe3030ef7acc246a6874e97c5953488	gi|2363082601|ref|NR_179547.1|	93.864	440	27	0	1	440	347	786	0.0	664	1870991
bbe3030ef7acc246a6874e97c5953488	gi|636558832|ref|NR_114889.1|	93.864	440	26	1	1	440	277	715	0.0	662	213810
bbe3030ef7acc246a6874e97c5953488	gi|444303976|ref|NR_074399.1|	93.636	440	28	0	1	440	333	772	0.0	658	697329
bbe3030ef7acc246a6874e97c5953488	gi|631251834|ref|NR_113032.1|	93.636	440	28	0	1	440	333	772	0.0	658	1264
bbe3030ef7acc246a6874e97c5953488	gi|636559173|ref|NR_115230.1|	93.636	440	28	0	1	440	333	772	0.0	658	697329
bbe3030ef7acc246a6874e97c5953488	gi|219846339|ref|NR_025929.1|	93.636	440	28	0	1	440	328	767	0.0	658	697329
bbe3030ef7acc246a6874e97c5953488	gi|265679047|ref|NR_029355.1|	93.409	440	29	0	1	440	332	771	0.0	652	84026
089853b586c1d868d19cb6056439d56f	gi|2363082569|ref|NR_179531.1|	94.820	444	19	4	1	442	347	788	0.0	689	1852369
089853b586c1d868d19cb6056439d56f	gi|2363082168|ref|NR_179330.1|	94.570	442	24	0	1	442	327	768	0.0	684	2714355
089853b586c1d868d19cb6056439d56f	gi|2363082165|ref|NR_179329.1|	94.344	442	25	0	1	442	327	768	0.0	678	2714353
089853b586c1d868d19cb6056439d56f	gi|2363082342|ref|NR_179418.1|	93.905	443	26	1	1	442	348	790	0.0	667	1673721
089853b586c1d868d19cb6056439d56f	gi|645321110|ref|NR_118156.1|	92.584	445	27	5	1	442	304	745	0.0	634	1007096
089853b586c1d868d19cb6056439d56f	gi|1269801610|ref|NR_074793.2|	92.325	443	32	2	1	442	355	796	7.49e-180	628	351091
089853b586c1d868d19cb6056439d56f	gi|343200653|ref|NR_041340.1|	92.325	443	32	2	1	442	328	769	7.49e-180	628	351091
089853b586c1d868d19cb6056439d56f	gi|2260349448|ref|NR_176530.1|	91.910	445	30	5	1	442	358	799	1.62e-176	617	2093857
089853b586c1d868d19cb6056439d56f	gi|2363084741|ref|NR_180619.1|	91.874	443	35	1	1	442	347	789	1.62e-176	617	2779352
089853b586c1d868d19cb6056439d56f	gi|2363082559|ref|NR_179526.1|	91.910	445	30	5	1	442	349	790	1.62e-176	617	1841866
3c6cfc8a301d3738d7e92db26df43fad	gi|310975253|ref|NR_037117.1|	99.329	447	3	0	1	447	331	777	0.0	809	28026
3c6cfc8a301d3738d7e92db26df43fad	gi|631251581|ref|NR_112779.1|	99.329	447	3	0	1	447	331	777	0.0	809	1150460
3c6cfc8a301d3738d7e92db26df43fad	gi|343201160|ref|NR_041875.1|	99.329	447	3	0	1	447	310	756	0.0	809	1686
3c6cfc8a301d3738d7e92db26df43fad	gi|3248465902|ref|NR_201917.1|	98.881	447	5	0	1	447	338	784	0.0	798	3692808
3c6cfc8a301d3738d7e92db26df43fad	gi|310974989|ref|NR_036853.1|	98.434	447	7	0	1	447	330	776	0.0	787	1683
3c6cfc8a301d3738d7e92db26df43fad	gi|2363087083|ref|NR_181797.1|	97.991	448	7	2	1	447	250	696	0.0	776	2834432
3c6cfc8a301d3738d7e92db26df43fad	gi|636559583|ref|NR_115643.1|	97.991	448	7	2	1	447	248	694	0.0	776	78345
3c6cfc8a301d3738d7e92db26df43fad	gi|1269801543|ref|NR_074802.2|	97.773	449	8	2	1	447	341	789	0.0	773	367928
3c6cfc8a301d3738d7e92db26df43fad	gi|961555015|ref|NR_133982.1|	97.773	449	8	2	1	447	311	759	0.0	773	1680
3c6cfc8a301d3738d7e92db26df43fad	gi|645321680|ref|NR_118589.1|	97.773	449	8	2	1	447	335	783	0.0	773	1437612
7bb5fd5a1f8c946f8d8e4814f859ebe2	gi|631251737|ref|NR_112935.1|	99.783	460	1	0	1	460	338	797	0.0	845	28111
7bb5fd5a1f8c946f8d8e4814f859ebe2	gi|343200177|ref|NR_040864.1|	99.783	460	1	0	1	460	336	795	0.0	845	28111
7bb5fd5a1f8c946f8d8e4814f859ebe2	gi|631251874|ref|NR_113072.1|	97.174	460	13	0	1	460	338	797	0.0	778	1236512
7bb5fd5a1f8c946f8d8e4814f859ebe2	gi|631251816|ref|NR_113014.1|	96.957	460	14	0	1	460	338	797	0.0	773	1236512
7bb5fd5a1f8c946f8d8e4814f859ebe2	gi|631252009|ref|NR_113207.1|	96.739	460	15	0	1	460	334	793	0.0	767	1236514
7bb5fd5a1f8c946f8d8e4814f859ebe2	gi|631251872|ref|NR_113070.1|	96.522	460	16	0	1	460	334	793	0.0	761	742727
7bb5fd5a1f8c946f8d8e4814f859ebe2	gi|631251697|ref|NR_112895.1|	96.522	460	16	0	1	460	314	773	0.0	761	742727
7bb5fd5a1f8c946f8d8e4814f859ebe2	gi|631251870|ref|NR_113068.1|	96.304	460	17	0	1	460	336	795	0.0	756	763034
7bb5fd5a1f8c946f8d8e4814f859ebe2	gi|631251696|ref|NR_112894.1|	96.304	460	17	0	1	460	316	775	0.0	756	763034
7bb5fd5a1f8c946f8d8e4814f859ebe2	gi|2363086550|ref|NR_181532.1|	95.905	464	11	5	1	460	322	781	0.0	745	2763025
d9775ebb8083b03a60629a7a4b1dbc6f	gi|444304209|ref|NR_074634.1|	99.545	440	2	0	1	440	350	789	0.0	802	515619
d9775ebb8083b03a60629a7a4b1dbc6f	gi|343198540|ref|NR_042832.1|	98.413	441	6	1	1	440	330	770	0.0	774	301302
d9775ebb8083b03a60629a7a4b1dbc6f	gi|1227086116|ref|NR_148619.1|	97.964	442	7	2	1	440	301	742	0.0	765	1712665
d9775ebb8083b03a60629a7a4b1dbc6f	gi|645320588|ref|NR_117758.1|	97.511	442	9	1	1	440	322	763	0.0	754	166486
d9775ebb8083b03a60629a7a4b1dbc6f	gi|228716944|ref|NR_027557.1|	97.511	442	9	1	1	440	343	784	0.0	754	536231
d9775ebb8083b03a60629a7a4b1dbc6f	gi|444439494|ref|NR_074809.1|	97.506	441	10	1	1	440	350	790	0.0	752	585394
d9775ebb8083b03a60629a7a4b1dbc6f	gi|343201282|ref|NR_042008.1|	97.279	441	10	2	1	440	341	780	0.0	747	585394
d9775ebb8083b03a60629a7a4b1dbc6f	gi|2363085153|ref|NR_180825.1|	97.052	441	12	1	1	440	347	787	0.0	741	2605790
d9775ebb8083b03a60629a7a4b1dbc6f	gi|219846723|ref|NR_026315.1|	97.045	440	13	0	1	440	317	756	0.0	741	46206
d9775ebb8083b03a60629a7a4b1dbc6f	gi|2363086282|ref|NR_181393.1|	96.818	440	14	0	1	440	290	729	0.0	736	2763664
59da04cf214fa1b22c018277d375e3b6	gi|343200590|ref|NR_041277.1|	99.130	460	4	0	1	460	339	798	0.0	828	484018
59da04cf214fa1b22c018277d375e3b6	gi|2221405488|ref|NR_175548.1|	95.887	462	15	4	1	460	346	805	0.0	745	2739389
59da04cf214fa1b22c018277d375e3b6	gi|1116030286|ref|NR_144744.1|	94.348	460	26	0	1	460	339	798	0.0	708	1841856
59da04cf214fa1b22c018277d375e3b6	gi|343200591|ref|NR_041278.1|	93.043	460	32	0	1	460	339	798	0.0	673	470145
59da04cf214fa1b22c018277d375e3b6	gi|2363082641|ref|NR_179567.1|	92.609	460	34	0	1	460	339	798	0.0	664	1907658
59da04cf214fa1b22c018277d375e3b6	gi|444304192|ref|NR_074616.1|	92.391	460	35	0	1	460	341	800	0.0	656	376805
59da04cf214fa1b22c018277d375e3b6	gi|343200760|ref|NR_041447.1|	92.391	460	35	0	1	460	326	785	0.0	656	376805
59da04cf214fa1b22c018277d375e3b6	gi|1146059112|ref|NR_145844.1|	91.991	462	33	4	1	460	339	798	0.0	645	1411144
59da04cf214fa1b22c018277d375e3b6	gi|631251740|ref|NR_112938.1|	91.974	461	35	2	1	460	326	785	0.0	645	204516
59da04cf214fa1b22c018277d375e3b6	gi|343198509|ref|NR_042745.1|	91.974	461	35	2	1	460	338	797	0.0	645	204516
59ce200cb4d6b63f33e320b2a7752d18	gi|444304189|ref|NR_074613.1|	99.318	440	3	0	1	440	350	789	0.0	797	515620
59ce200cb4d6b63f33e320b2a7752d18	gi|559795246|ref|NR_104836.1|	96.818	440	14	0	1	440	333	772	0.0	736	706562
59ce200cb4d6b63f33e320b2a7752d18	gi|559795169|ref|NR_104758.1|	96.136	440	17	0	1	440	345	784	0.0	719	1282887
59ce200cb4d6b63f33e320b2a7752d18	gi|645321781|ref|NR_118667.1|	95.011	441	20	2	1	440	355	794	0.0	704	28052
59ce200cb4d6b63f33e320b2a7752d18	gi|343198925|ref|NR_044049.1|	94.091	440	26	0	1	440	316	755	0.0	669	33043
59ce200cb4d6b63f33e320b2a7752d18	gi|343202586|ref|NR_042953.1|	93.878	441	25	2	1	440	308	747	0.0	664	264463
59ce200cb4d6b63f33e320b2a7752d18	gi|219846511|ref|NR_026103.1|	93.636	440	28	0	1	440	316	755	0.0	658	37658
59ce200cb4d6b63f33e320b2a7752d18	gi|1277396183|ref|NR_151894.1|	93.636	440	28	0	1	440	335	774	0.0	658	433293
59ce200cb4d6b63f33e320b2a7752d18	gi|219857405|ref|NR_024993.1|	93.651	441	26	2	1	440	349	788	0.0	658	99656
59ce200cb4d6b63f33e320b2a7752d18	gi|645321792|ref|NR_118676.1|	93.182	440	30	0	1	440	370	809	0.0	656	39497
edb4d359431cd8169f0d011acc3bfcb2	gi|631251954|ref|NR_113152.1|	99.565	460	2	0	1	460	337	796	0.0	839	28117
edb4d359431cd8169f0d011acc3bfcb2	gi|219846319|ref|NR_025909.1|	96.739	460	15	0	1	460	344	803	0.0	787	28117
edb4d359431cd8169f0d011acc3bfcb2	gi|645321193|ref|NR_118219.1|	97.180	461	11	2	1	460	332	791	0.0	778	1033732
edb4d359431cd8169f0d011acc3bfcb2	gi|672239000|ref|NR_125589.1|	96.963	461	12	2	1	460	269	728	0.0	773	1033731
edb4d359431cd8169f0d011acc3bfcb2	gi|2363086959|ref|NR_181736.1|	96.746	461	13	2	1	460	334	793	0.0	767	2834113
edb4d359431cd8169f0d011acc3bfcb2	gi|2363082099|ref|NR_179296.1|	96.746	461	13	2	1	460	324	783	0.0	767	2585119
edb4d359431cd8169f0d011acc3bfcb2	gi|631251953|ref|NR_113151.1|	96.320	462	13	4	1	460	338	797	0.0	756	328813
edb4d359431cd8169f0d011acc3bfcb2	gi|343202833|ref|NR_043318.1|	96.320	462	13	4	1	460	324	783	0.0	756	328813
edb4d359431cd8169f0d011acc3bfcb2	gi|2363082505|ref|NR_179499.1|	95.896	463	13	6	1	460	342	801	0.0	745	2364787
edb4d359431cd8169f0d011acc3bfcb2	gi|507148137|ref|NR_102944.1|	95.879	461	17	2	1	460	334	793	0.0	745	214856
6945e00abfdeefa4c79d0368fce48942	gi|631251745|ref|NR_112943.1|	99.348	460	3	0	1	460	326	785	0.0	833	449673
6945e00abfdeefa4c79d0368fce48942	gi|224581415|ref|NR_027196.1|	98.478	460	7	0	1	460	317	776	0.0	813	449673
6945e00abfdeefa4c79d0368fce48942	gi|631251867|ref|NR_113065.1|	97.174	460	13	0	1	460	338	797	0.0	778	762984
6945e00abfdeefa4c79d0368fce48942	gi|631251695|ref|NR_112893.1|	97.174	460	13	0	1	460	318	777	0.0	778	762984
6945e00abfdeefa4c79d0368fce48942	gi|2363086949|ref|NR_181731.1|	96.957	460	14	0	1	460	290	749	0.0	773	2834112
6945e00abfdeefa4c79d0368fce48942	gi|343200620|ref|NR_041307.1|	96.957	460	14	0	1	460	334	793	0.0	773	329854
6945e00abfdeefa4c79d0368fce48942	gi|631251735|ref|NR_112933.1|	96.529	461	14	2	1	460	334	793	0.0	761	246787
6945e00abfdeefa4c79d0368fce48942	gi|2363086550|ref|NR_181532.1|	96.304	460	17	0	1	460	322	781	0.0	756	2763025
6945e00abfdeefa4c79d0368fce48942	gi|343200761|ref|NR_041448.1|	96.304	460	17	0	1	460	322	781	0.0	756	376806
6945e00abfdeefa4c79d0368fce48942	gi|631251747|ref|NR_112945.1|	95.870	460	19	0	1	460	327	786	0.0	745	820
c2f29ba0eb9897c3f967bcbc1e2532e8	gi|631251745|ref|NR_112943.1|	99.130	460	4	0	1	460	326	785	0.0	828	449673
c2f29ba0eb9897c3f967bcbc1e2532e8	gi|224581415|ref|NR_027196.1|	98.261	460	8	0	1	460	317	776	0.0	808	449673
c2f29ba0eb9897c3f967bcbc1e2532e8	gi|631251867|ref|NR_113065.1|	96.957	460	14	0	1	460	338	797	0.0	773	762984
c2f29ba0eb9897c3f967bcbc1e2532e8	gi|631251695|ref|NR_112893.1|	96.957	460	14	0	1	460	318	777	0.0	773	762984
c2f29ba0eb9897c3f967bcbc1e2532e8	gi|343200620|ref|NR_041307.1|	96.739	460	15	0	1	460	334	793	0.0	767	329854
c2f29ba0eb9897c3f967bcbc1e2532e8	gi|2363086949|ref|NR_181731.1|	96.304	460	17	0	1	460	290	749	0.0	756	2834112
c2f29ba0eb9897c3f967bcbc1e2532e8	gi|631251735|ref|NR_112933.1|	96.312	461	15	2	1	460	334	793	0.0	756	246787
c2f29ba0eb9897c3f967bcbc1e2532e8	gi|343200761|ref|NR_041448.1|	96.087	460	18	0	1	460	322	781	0.0	750	376806
c2f29ba0eb9897c3f967bcbc1e2532e8	gi|631251734|ref|NR_112932.1|	95.870	460	19	0	1	460	328	787	0.0	745	47678
c2f29ba0eb9897c3f967bcbc1e2532e8	gi|343200626|ref|NR_041313.1|	95.870	460	19	0	1	460	340	799	0.0	745	338188
9b816a12ea2c5cf31b65373a93d0fd72	gi|631251747|ref|NR_112945.1|	99.348	460	3	0	1	460	327	786	0.0	833	820
9b816a12ea2c5cf31b65373a93d0fd72	gi|343200179|ref|NR_040866.1|	99.348	460	3	0	1	460	334	793	0.0	833	820
9b816a12ea2c5cf31b65373a93d0fd72	gi|2363086550|ref|NR_181532.1|	98.913	460	5	0	1	460	322	781	0.0	822	2763025
9b816a12ea2c5cf31b65373a93d0fd72	gi|2363082773|ref|NR_179635.1|	97.174	460	13	0	1	460	338	797	0.0	778	2024197
9b816a12ea2c5cf31b65373a93d0fd72	gi|631251874|ref|NR_113072.1|	96.957	460	14	0	1	460	338	797	0.0	773	1236512
9b816a12ea2c5cf31b65373a93d0fd72	gi|631251816|ref|NR_113014.1|	96.739	460	15	0	1	460	338	797	0.0	767	1236512
9b816a12ea2c5cf31b65373a93d0fd72	gi|631251735|ref|NR_112933.1|	96.522	460	16	0	1	460	334	793	0.0	761	246787
9b816a12ea2c5cf31b65373a93d0fd72	gi|343200620|ref|NR_041307.1|	96.304	460	17	0	1	460	334	793	0.0	756	329854
9b816a12ea2c5cf31b65373a93d0fd72	gi|2363084421|ref|NR_180458.1|	96.087	460	18	0	1	460	340	799	0.0	750	2650157
9b816a12ea2c5cf31b65373a93d0fd72	gi|2363082635|ref|NR_179564.1|	96.087	460	18	0	1	460	338	797	0.0	750	1903262
cc93cce6a8980f71e2caad848a2a702a	gi|444304091|ref|NR_074515.1|	99.565	460	2	0	1	460	350	809	0.0	839	435590
cc93cce6a8980f71e2caad848a2a702a	gi|631251748|ref|NR_112946.1|	99.565	460	2	0	1	460	339	798	0.0	839	821
cc93cce6a8980f71e2caad848a2a702a	gi|631250946|ref|NR_112143.1|	99.348	460	3	0	1	460	307	766	0.0	833	821
cc93cce6a8980f71e2caad848a2a702a	gi|343200664|ref|NR_041351.1|	98.696	460	6	0	1	460	341	800	0.0	817	357276
cc93cce6a8980f71e2caad848a2a702a	gi|631251997|ref|NR_113195.1|	93.913	460	28	0	1	460	338	797	0.0	695	1236515
cc93cce6a8980f71e2caad848a2a702a	gi|631251866|ref|NR_113064.1|	93.696	460	29	0	1	460	338	797	0.0	689	1236538
cc93cce6a8980f71e2caad848a2a702a	gi|631251817|ref|NR_113015.1|	93.696	460	29	0	1	460	338	797	0.0	689	1236538
cc93cce6a8980f71e2caad848a2a702a	gi|645320081|ref|NR_117373.1|	93.696	460	29	0	1	460	289	748	0.0	689	1236515
cc93cce6a8980f71e2caad848a2a702a	gi|2363085522|ref|NR_181010.1|	93.261	460	31	0	1	460	297	756	0.0	678	2786956
cc93cce6a8980f71e2caad848a2a702a	gi|2363082547|ref|NR_179520.1|	93.261	460	31	0	1	460	314	773	0.0	678	1841855
c6e8ef253a315ba967503bb4d29396c4	gi|631251737|ref|NR_112935.1|	99.565	460	2	0	1	460	338	797	0.0	839	28111
c6e8ef253a315ba967503bb4d29396c4	gi|343200177|ref|NR_040864.1|	99.565	460	2	0	1	460	336	795	0.0	839	28111
c6e8ef253a315ba967503bb4d29396c4	gi|631251874|ref|NR_113072.1|	96.957	460	14	0	1	460	338	797	0.0	773	1236512
c6e8ef253a315ba967503bb4d29396c4	gi|631251816|ref|NR_113014.1|	96.739	460	15	0	1	460	338	797	0.0	767	1236512
c6e8ef253a315ba967503bb4d29396c4	gi|631252009|ref|NR_113207.1|	96.522	460	16	0	1	460	334	793	0.0	761	1236514
c6e8ef253a315ba967503bb4d29396c4	gi|631251872|ref|NR_113070.1|	96.304	460	17	0	1	460	334	793	0.0	756	742727
c6e8ef253a315ba967503bb4d29396c4	gi|631251697|ref|NR_112895.1|	96.304	460	17	0	1	460	314	773	0.0	756	742727
c6e8ef253a315ba967503bb4d29396c4	gi|631251870|ref|NR_113068.1|	96.087	460	18	0	1	460	336	795	0.0	750	763034
c6e8ef253a315ba967503bb4d29396c4	gi|631251696|ref|NR_112894.1|	96.087	460	18	0	1	460	316	775	0.0	750	763034
c6e8ef253a315ba967503bb4d29396c4	gi|2363086550|ref|NR_181532.1|	95.690	464	12	5	1	460	322	781	0.0	739	2763025
c252542732944f77a80b9923eb1e86f9	gi|631251734|ref|NR_112932.1|	99.565	460	2	0	1	460	328	787	0.0	839	47678
c252542732944f77a80b9923eb1e86f9	gi|219846650|ref|NR_026242.1|	99.565	460	2	0	1	460	318	777	0.0	839	47678
c252542732944f77a80b9923eb1e86f9	gi|631251869|ref|NR_113067.1|	97.391	460	12	0	1	460	325	784	0.0	784	1077285
c252542732944f77a80b9923eb1e86f9	gi|343200626|ref|NR_041313.1|	97.391	460	12	0	1	460	340	799	0.0	784	338188
c252542732944f77a80b9923eb1e86f9	gi|645320100|ref|NR_117387.1|	97.174	460	13	0	1	460	320	779	0.0	778	1077285
c252542732944f77a80b9923eb1e86f9	gi|631251749|ref|NR_112947.1|	96.957	460	14	0	1	460	326	785	0.0	774	657309
c252542732944f77a80b9923eb1e86f9	gi|2363084431|ref|NR_180463.1|	96.957	460	14	0	1	460	340	799	0.0	773	2650158
c252542732944f77a80b9923eb1e86f9	gi|2363084421|ref|NR_180458.1|	96.957	460	14	0	1	460	340	799	0.0	773	2650157
c252542732944f77a80b9923eb1e86f9	gi|631251733|ref|NR_112931.1|	96.957	460	14	0	1	460	340	799	0.0	773	85831
c252542732944f77a80b9923eb1e86f9	gi|343201773|ref|NR_042499.1|	96.957	460	14	0	1	460	294	753	0.0	773	657309
fdbd6c5b77db846ed1bdafffb776ed24	gi|343200590|ref|NR_041277.1|	99.565	460	2	0	1	460	339	798	0.0	839	484018
fdbd6c5b77db846ed1bdafffb776ed24	gi|2221405488|ref|NR_175548.1|	96.320	462	13	4	1	460	346	805	0.0	756	2739389
fdbd6c5b77db846ed1bdafffb776ed24	gi|1116030286|ref|NR_144744.1|	94.783	460	24	0	1	460	339	798	0.0	719	1841856
fdbd6c5b77db846ed1bdafffb776ed24	gi|343200591|ref|NR_041278.1|	93.478	460	30	0	1	460	339	798	0.0	684	470145
fdbd6c5b77db846ed1bdafffb776ed24	gi|2363082641|ref|NR_179567.1|	93.043	460	32	0	1	460	339	798	0.0	675	1907658
fdbd6c5b77db846ed1bdafffb776ed24	gi|444304192|ref|NR_074616.1|	92.826	460	33	0	1	460	341	800	0.0	667	376805
fdbd6c5b77db846ed1bdafffb776ed24	gi|343200760|ref|NR_041447.1|	92.826	460	33	0	1	460	326	785	0.0	667	376805
fdbd6c5b77db846ed1bdafffb776ed24	gi|1146059112|ref|NR_145844.1|	92.424	462	31	4	1	460	339	798	0.0	656	1411144
fdbd6c5b77db846ed1bdafffb776ed24	gi|631251740|ref|NR_112938.1|	92.408	461	33	2	1	460	326	785	0.0	656	204516
fdbd6c5b77db846ed1bdafffb776ed24	gi|343198509|ref|NR_042745.1|	92.408	461	33	2	1	460	338	797	0.0	656	204516
037683bcb962d0f68a0eae9bf8579002	gi|2363080123|ref|NR_178280.1|	99.091	440	4	0	1	440	331	770	0.0	791	411483
037683bcb962d0f68a0eae9bf8579002	gi|3030611269|ref|NR_199945.1|	98.864	440	5	0	1	440	335	774	0.0	785	3435293
037683bcb962d0f68a0eae9bf8579002	gi|2363081449|ref|NR_178971.1|	98.636	440	5	1	1	440	285	723	0.0	778	1851427
037683bcb962d0f68a0eae9bf8579002	gi|265678656|ref|NR_028961.1|	98.409	440	7	0	1	440	327	766	0.0	774	853
037683bcb962d0f68a0eae9bf8579002	gi|2363081451|ref|NR_178972.1|	98.182	440	8	0	1	440	285	724	0.0	769	1851428
037683bcb962d0f68a0eae9bf8579002	gi|2363082282|ref|NR_179388.1|	97.506	441	9	2	1	440	335	774	0.0	752	2935520
037683bcb962d0f68a0eae9bf8579002	gi|2363080175|ref|NR_178311.1|	96.818	440	14	0	1	440	412	851	0.0	736	2903556
037683bcb962d0f68a0eae9bf8579002	gi|2363084747|ref|NR_180622.1|	93.651	441	26	2	1	440	335	774	0.0	658	2779354
037683bcb962d0f68a0eae9bf8579002	gi|559795255|ref|NR_104846.1|	93.409	440	29	0	1	440	288	727	0.0	652	745368
037683bcb962d0f68a0eae9bf8579002	gi|1277396189|ref|NR_151900.1|	92.955	440	31	0	1	440	351	790	0.0	641	1550024
7c42a84e086d4811d11b6955918bca51	gi|2363080123|ref|NR_178280.1|	99.091	440	4	0	1	440	331	770	0.0	791	411483
7c42a84e086d4811d11b6955918bca51	gi|3030611269|ref|NR_199945.1|	98.864	440	5	0	1	440	335	774	0.0	785	3435293
7c42a84e086d4811d11b6955918bca51	gi|2363081449|ref|NR_178971.1|	98.864	440	4	1	1	440	285	723	0.0	784	1851427
7c42a84e086d4811d11b6955918bca51	gi|265678656|ref|NR_028961.1|	98.409	440	7	0	1	440	327	766	0.0	774	853
7c42a84e086d4811d11b6955918bca51	gi|2363081451|ref|NR_178972.1|	98.182	440	8	0	1	440	285	724	0.0	769	1851428
7c42a84e086d4811d11b6955918bca51	gi|2363082282|ref|NR_179388.1|	97.506	441	9	2	1	440	335	774	0.0	752	2935520
7c42a84e086d4811d11b6955918bca51	gi|2363080175|ref|NR_178311.1|	96.818	440	14	0	1	440	412	851	0.0	736	2903556
7c42a84e086d4811d11b6955918bca51	gi|2363084747|ref|NR_180622.1|	93.651	441	26	2	1	440	335	774	0.0	658	2779354
7c42a84e086d4811d11b6955918bca51	gi|559795255|ref|NR_104846.1|	93.409	440	29	0	1	440	288	727	0.0	652	745368
7c42a84e086d4811d11b6955918bca51	gi|1277396189|ref|NR_151900.1|	92.955	440	31	0	1	440	351	790	0.0	641	1550024
6222ea3db5bda0feadaa40de1491552e	gi|2363081451|ref|NR_178972.1|	99.545	440	2	0	1	440	285	724	0.0	802	1851428
6222ea3db5bda0feadaa40de1491552e	gi|265678656|ref|NR_028961.1|	98.864	440	5	0	1	440	327	766	0.0	785	853
6222ea3db5bda0feadaa40de1491552e	gi|2363082282|ref|NR_179388.1|	98.636	440	6	0	1	440	335	774	0.0	780	2935520
6222ea3db5bda0feadaa40de1491552e	gi|2363080123|ref|NR_178280.1|	98.636	440	6	0	1	440	331	770	0.0	780	411483
6222ea3db5bda0feadaa40de1491552e	gi|3030611269|ref|NR_199945.1|	98.409	440	7	0	1	440	335	774	0.0	774	3435293
6222ea3db5bda0feadaa40de1491552e	gi|2363081449|ref|NR_178971.1|	98.409	440	6	1	1	440	285	723	0.0	773	1851427
6222ea3db5bda0feadaa40de1491552e	gi|2363080175|ref|NR_178311.1|	96.591	440	15	0	1	440	412	851	0.0	730	2903556
6222ea3db5bda0feadaa40de1491552e	gi|1397641802|ref|NR_156911.1|	92.727	440	32	0	1	440	351	790	0.0	636	1650663
6222ea3db5bda0feadaa40de1491552e	gi|2363084747|ref|NR_180622.1|	92.727	440	32	0	1	440	335	774	0.0	636	2779354
6222ea3db5bda0feadaa40de1491552e	gi|2363082356|ref|NR_179425.1|	92.517	441	31	2	1	440	351	790	2.07e-180	630	1689304
3b0c9bfb3908c78ff5c76c87b557fc1b	gi|343198671|ref|NR_043231.1|	99.140	465	4	0	1	465	283	747	0.0	837	308994
3b0c9bfb3908c78ff5c76c87b557fc1b	gi|631252159|ref|NR_113357.1|	98.927	466	4	1	1	465	356	821	0.0	832	308994
3b0c9bfb3908c78ff5c76c87b557fc1b	gi|343200979|ref|NR_041666.1|	95.494	466	19	2	1	465	336	800	0.0	743	742743
3b0c9bfb3908c78ff5c76c87b557fc1b	gi|631252158|ref|NR_113356.1|	95.064	466	20	3	1	465	355	818	0.0	730	309120
3b0c9bfb3908c78ff5c76c87b557fc1b	gi|343198462|ref|NR_041895.1|	95.064	466	20	3	1	465	296	759	0.0	730	888062
3b0c9bfb3908c78ff5c76c87b557fc1b	gi|219846637|ref|NR_026229.1|	93.348	466	29	2	1	465	336	800	0.0	688	39950
3b0c9bfb3908c78ff5c76c87b557fc1b	gi|343199044|ref|NR_044400.1|	92.704	466	32	2	1	465	314	778	0.0	671	464322
3b0c9bfb3908c78ff5c76c87b557fc1b	gi|219857641|ref|NR_025230.1|	92.521	468	31	4	1	465	285	751	0.0	667	187326
3b0c9bfb3908c78ff5c76c87b557fc1b	gi|343205705|ref|NR_044091.1|	91.845	466	36	2	1	465	240	704	0.0	649	423477
3b0c9bfb3908c78ff5c76c87b557fc1b	gi|219846172|ref|NR_025762.1|	91.845	466	36	2	1	465	304	768	0.0	649	248316
6a8bc32bc36940e39fa7f56640faa33e	gi|631251953|ref|NR_113151.1|	99.565	460	2	0	1	460	338	797	0.0	839	328813
6a8bc32bc36940e39fa7f56640faa33e	gi|343202833|ref|NR_043318.1|	99.565	460	2	0	1	460	324	783	0.0	839	328813
6a8bc32bc36940e39fa7f56640faa33e	gi|2363082099|ref|NR_179296.1|	97.609	460	11	0	1	460	324	783	0.0	789	2585119
6a8bc32bc36940e39fa7f56640faa33e	gi|507148054|ref|NR_102861.1|	97.174	460	13	0	1	460	334	793	0.0	778	717959
6a8bc32bc36940e39fa7f56640faa33e	gi|672239000|ref|NR_125589.1|	97.180	461	11	2	1	460	269	728	0.0	778	1033731
6a8bc32bc36940e39fa7f56640faa33e	gi|343202834|ref|NR_043319.1|	96.957	460	14	0	1	460	323	782	0.0	774	717959
6a8bc32bc36940e39fa7f56640faa33e	gi|2363082505|ref|NR_179499.1|	96.957	460	14	0	1	460	342	801	0.0	773	2364787
6a8bc32bc36940e39fa7f56640faa33e	gi|507148137|ref|NR_102944.1|	96.957	460	14	0	1	460	334	793	0.0	773	214856
6a8bc32bc36940e39fa7f56640faa33e	gi|631251955|ref|NR_113153.1|	96.957	460	14	0	1	460	334	793	0.0	773	328814
6a8bc32bc36940e39fa7f56640faa33e	gi|636559243|ref|NR_115300.1|	96.957	460	14	0	1	460	314	773	0.0	773	679935
3991d609e907512c9597d06365b26066	gi|3248465644|ref|NR_201656.1|	96.599	441	14	1	1	441	329	768	0.0	730	3417633
3991d609e907512c9597d06365b26066	gi|507148077|ref|NR_102884.1|	94.785	441	22	1	1	441	331	770	0.0	686	213810
3991d609e907512c9597d06365b26066	gi|444303976|ref|NR_074399.1|	94.785	441	22	1	1	441	333	772	0.0	686	697329
3991d609e907512c9597d06365b26066	gi|631251834|ref|NR_113032.1|	94.785	441	22	1	1	441	333	772	0.0	686	1264
3991d609e907512c9597d06365b26066	gi|636559173|ref|NR_115230.1|	94.785	441	22	1	1	441	333	772	0.0	686	697329
3991d609e907512c9597d06365b26066	gi|219846339|ref|NR_025929.1|	94.785	441	22	1	1	441	328	767	0.0	686	697329
3991d609e907512c9597d06365b26066	gi|636558832|ref|NR_114889.1|	94.558	441	22	2	1	441	277	715	0.0	680	213810
3991d609e907512c9597d06365b26066	gi|2363082601|ref|NR_179547.1|	94.104	441	25	1	1	441	347	786	0.0	669	1870991
3991d609e907512c9597d06365b26066	gi|3248465648|ref|NR_201660.1|	93.878	441	26	1	1	441	319	758	0.0	664	3417630
3991d609e907512c9597d06365b26066	gi|219846341|ref|NR_025931.1|	93.213	442	27	3	1	441	308	747	0.0	647	1265
b85508c8696e24e14865d404bad05f01	gi|631251742|ref|NR_112940.1|	99.348	460	3	0	1	460	327	786	0.0	833	28116
b85508c8696e24e14865d404bad05f01	gi|636559244|ref|NR_115301.1|	99.348	460	3	0	1	460	320	779	0.0	833	28116
b85508c8696e24e14865d404bad05f01	gi|1491509587|ref|NR_159118.1|	99.130	460	4	0	1	460	310	769	0.0	828	28116
b85508c8696e24e14865d404bad05f01	gi|1491509586|ref|NR_159117.1|	99.130	460	4	0	1	460	301	760	0.0	828	28116
b85508c8696e24e14865d404bad05f01	gi|636560121|ref|NR_116181.1|	99.130	460	3	1	1	460	333	791	0.0	826	28116
b85508c8696e24e14865d404bad05f01	gi|343200178|ref|NR_040865.1|	98.915	461	3	2	1	460	333	792	0.0	822	28116
b85508c8696e24e14865d404bad05f01	gi|645322410|ref|NR_119165.1|	98.261	460	8	0	1	460	319	778	0.0	813	28116
b85508c8696e24e14865d404bad05f01	gi|631251749|ref|NR_112947.1|	97.174	460	13	0	1	460	326	785	0.0	780	657309
b85508c8696e24e14865d404bad05f01	gi|2363084431|ref|NR_180463.1|	97.174	460	13	0	1	460	340	799	0.0	778	2650158
b85508c8696e24e14865d404bad05f01	gi|343201773|ref|NR_042499.1|	97.174	460	13	0	1	460	294	753	0.0	778	657309
38b16a42b4219d3eadcd2f254873268d	gi|444304091|ref|NR_074515.1|	99.565	460	2	0	1	460	350	809	0.0	839	435590
38b16a42b4219d3eadcd2f254873268d	gi|631251748|ref|NR_112946.1|	99.565	460	2	0	1	460	339	798	0.0	839	821
38b16a42b4219d3eadcd2f254873268d	gi|631250946|ref|NR_112143.1|	99.348	460	3	0	1	460	307	766	0.0	833	821
38b16a42b4219d3eadcd2f254873268d	gi|343200664|ref|NR_041351.1|	98.696	460	6	0	1	460	341	800	0.0	817	357276
38b16a42b4219d3eadcd2f254873268d	gi|631251997|ref|NR_113195.1|	93.913	460	28	0	1	460	338	797	0.0	695	1236515
38b16a42b4219d3eadcd2f254873268d	gi|631251866|ref|NR_113064.1|	93.696	460	29	0	1	460	338	797	0.0	689	1236538
38b16a42b4219d3eadcd2f254873268d	gi|631251817|ref|NR_113015.1|	93.696	460	29	0	1	460	338	797	0.0	689	1236538
38b16a42b4219d3eadcd2f254873268d	gi|645320081|ref|NR_117373.1|	93.696	460	29	0	1	460	289	748	0.0	689	1236515
38b16a42b4219d3eadcd2f254873268d	gi|2363085522|ref|NR_181010.1|	93.261	460	31	0	1	460	297	756	0.0	678	2786956
38b16a42b4219d3eadcd2f254873268d	gi|2363082547|ref|NR_179520.1|	93.261	460	31	0	1	460	314	773	0.0	678	1841855
0d546ff7a8de63820fb05d961ae363b8	gi|343201281|ref|NR_042007.1|	99.548	442	2	0	1	442	343	784	0.0	806	622312
0d546ff7a8de63820fb05d961ae363b8	gi|645320588|ref|NR_117758.1|	97.748	444	6	4	1	442	322	763	0.0	761	166486
0d546ff7a8de63820fb05d961ae363b8	gi|228716944|ref|NR_027557.1|	97.748	444	6	4	1	442	343	784	0.0	761	536231
0d546ff7a8de63820fb05d961ae363b8	gi|343198540|ref|NR_042832.1|	97.748	444	5	5	1	442	330	770	0.0	760	301302
0d546ff7a8de63820fb05d961ae363b8	gi|444439494|ref|NR_074809.1|	97.297	444	7	5	1	442	350	790	0.0	749	585394
0d546ff7a8de63820fb05d961ae363b8	gi|1227086116|ref|NR_148619.1|	97.079	445	7	6	1	442	301	742	0.0	745	1712665
0d546ff7a8de63820fb05d961ae363b8	gi|343201282|ref|NR_042008.1|	97.072	444	7	6	1	442	341	780	0.0	743	585394
0d546ff7a8de63820fb05d961ae363b8	gi|444304209|ref|NR_074634.1|	96.622	444	9	5	1	442	350	789	0.0	732	515619
0d546ff7a8de63820fb05d961ae363b8	gi|2363086282|ref|NR_181393.1|	96.622	444	9	5	1	442	290	729	0.0	732	2763664
0d546ff7a8de63820fb05d961ae363b8	gi|2363085153|ref|NR_180825.1|	95.946	444	13	5	1	442	347	787	0.0	715	2605790
c7aab2c08c4d053cc81f97e77cef8d20	gi|343200590|ref|NR_041277.1|	99.348	460	3	0	1	460	339	798	0.0	833	484018
c7aab2c08c4d053cc81f97e77cef8d20	gi|2221405488|ref|NR_175548.1|	96.104	462	14	4	1	460	346	805	0.0	750	2739389
c7aab2c08c4d053cc81f97e77cef8d20	gi|1116030286|ref|NR_144744.1|	94.348	460	26	0	1	460	339	798	0.0	708	1841856
c7aab2c08c4d053cc81f97e77cef8d20	gi|343200591|ref|NR_041278.1|	93.043	460	32	0	1	460	339	798	0.0	673	470145
c7aab2c08c4d053cc81f97e77cef8d20	gi|2363082641|ref|NR_179567.1|	92.609	460	34	0	1	460	339	798	0.0	664	1907658
c7aab2c08c4d053cc81f97e77cef8d20	gi|444304192|ref|NR_074616.1|	92.609	460	34	0	1	460	341	800	0.0	662	376805
c7aab2c08c4d053cc81f97e77cef8d20	gi|343200760|ref|NR_041447.1|	92.609	460	34	0	1	460	326	785	0.0	662	376805
c7aab2c08c4d053cc81f97e77cef8d20	gi|1146059112|ref|NR_145844.1|	91.991	462	33	4	1	460	339	798	0.0	645	1411144
c7aab2c08c4d053cc81f97e77cef8d20	gi|631251740|ref|NR_112938.1|	91.757	461	36	2	1	460	326	785	0.0	640	204516
c7aab2c08c4d053cc81f97e77cef8d20	gi|343198509|ref|NR_042745.1|	91.757	461	36	2	1	460	338	797	0.0	640	204516
a7ca53427c8fbd66006e3104d66480e7	gi|672238876|ref|NR_125464.1|	88.739	444	45	5	1	441	325	766	1.29e-152	538	1297424
a7ca53427c8fbd66006e3104d66480e7	gi|2363084629|ref|NR_180563.1|	88.514	444	46	5	1	441	291	732	6.02e-151	532	2488810
a7ca53427c8fbd66006e3104d66480e7	gi|645319803|ref|NR_117165.1|	88.288	444	47	5	1	441	476	917	2.80e-149	527	48256
a7ca53427c8fbd66006e3104d66480e7	gi|645319802|ref|NR_117164.1|	88.288	444	47	5	1	441	476	917	2.80e-149	527	48256
a7ca53427c8fbd66006e3104d66480e7	gi|645319800|ref|NR_117163.1|	88.288	444	47	5	1	441	445	886	2.80e-149	527	48256
a7ca53427c8fbd66006e3104d66480e7	gi|645319799|ref|NR_117162.1|	88.288	444	47	5	1	441	472	913	2.80e-149	527	48256
a7ca53427c8fbd66006e3104d66480e7	gi|219846512|ref|NR_026104.1|	88.117	446	45	8	1	441	312	754	3.63e-148	523	1121303
a7ca53427c8fbd66006e3104d66480e7	gi|343200810|ref|NR_041497.1|	88.090	445	47	6	1	441	293	735	3.63e-148	523	396504
a7ca53427c8fbd66006e3104d66480e7	gi|219846510|ref|NR_026102.1|	88.063	444	48	5	1	441	313	754	1.30e-147	521	588581
a7ca53427c8fbd66006e3104d66480e7	gi|3030611263|ref|NR_199939.1|	88.036	443	48	5	1	441	332	771	4.69e-147	520	3074434
875ddcc13d25c46283e63d82818e17f4	gi|2363085169|ref|NR_180833.1|	99.318	440	3	0	1	440	337	776	0.0	797	2606635
875ddcc13d25c46283e63d82818e17f4	gi|559795307|ref|NR_104899.1|	97.273	440	12	0	1	440	328	767	0.0	747	384636
875ddcc13d25c46283e63d82818e17f4	gi|310975204|ref|NR_037068.1|	97.273	440	12	0	1	440	341	780	0.0	747	29375
875ddcc13d25c46283e63d82818e17f4	gi|2363082679|ref|NR_179587.1|	97.045	440	13	0	1	440	328	767	0.0	741	1926283
875ddcc13d25c46283e63d82818e17f4	gi|1384992332|ref|NR_156081.1|	97.045	440	13	0	1	440	336	775	0.0	741	1469948
875ddcc13d25c46283e63d82818e17f4	gi|1384992329|ref|NR_156078.1|	97.045	440	13	0	1	440	336	775	0.0	741	1469948
875ddcc13d25c46283e63d82818e17f4	gi|2363081854|ref|NR_179173.1|	97.045	440	13	0	1	440	333	772	0.0	741	2126740
875ddcc13d25c46283e63d82818e17f4	gi|645322280|ref|NR_119068.1|	97.045	440	12	1	1	440	315	753	0.0	739	36832
875ddcc13d25c46283e63d82818e17f4	gi|3030611230|ref|NR_199906.1|	96.818	440	14	0	1	440	354	793	0.0	736	3123317
875ddcc13d25c46283e63d82818e17f4	gi|3030611314|ref|NR_199990.1|	96.818	440	14	0	1	440	350	789	0.0	736	3123317
3d7a0c21307217c8ab63238a3470e21c	gi|343200590|ref|NR_041277.1|	98.913	460	5	0	1	460	339	798	0.0	822	484018
3d7a0c21307217c8ab63238a3470e21c	gi|2221405488|ref|NR_175548.1|	95.879	461	17	2	1	460	346	805	0.0	745	2739389
3d7a0c21307217c8ab63238a3470e21c	gi|1116030286|ref|NR_144744.1|	94.130	460	27	0	1	460	339	798	0.0	702	1841856
3d7a0c21307217c8ab63238a3470e21c	gi|343200591|ref|NR_041278.1|	92.609	460	34	0	1	460	339	798	0.0	662	470145
3d7a0c21307217c8ab63238a3470e21c	gi|2363082641|ref|NR_179567.1|	92.391	460	35	0	1	460	339	798	0.0	658	1907658
3d7a0c21307217c8ab63238a3470e21c	gi|444304192|ref|NR_074616.1|	92.174	460	36	0	1	460	341	800	0.0	651	376805
3d7a0c21307217c8ab63238a3470e21c	gi|343200760|ref|NR_041447.1|	92.174	460	36	0	1	460	326	785	0.0	651	376805
3d7a0c21307217c8ab63238a3470e21c	gi|1146059112|ref|NR_145844.1|	91.991	462	33	4	1	460	339	798	0.0	645	1411144
3d7a0c21307217c8ab63238a3470e21c	gi|631251740|ref|NR_112938.1|	91.540	461	37	2	1	460	326	785	0.0	634	204516
3d7a0c21307217c8ab63238a3470e21c	gi|343198509|ref|NR_042745.1|	91.540	461	37	2	1	460	338	797	0.0	634	204516
e47028ec9b80b4d64200f5adb618d436	gi|2363084544|ref|NR_180520.1|	97.959	441	7	2	1	441	356	794	0.0	763	2564099
e47028ec9b80b4d64200f5adb618d436	gi|219846340|ref|NR_025930.1|	95.023	442	21	1	1	441	296	737	0.0	693	40518
e47028ec9b80b4d64200f5adb618d436	gi|2136551638|ref|NR_173642.1|	94.820	444	19	3	1	441	349	791	0.0	689	2678306
e47028ec9b80b4d64200f5adb618d436	gi|2363082825|ref|NR_179661.1|	91.441	444	34	3	1	441	342	784	3.50e-173	606	2086583
e47028ec9b80b4d64200f5adb618d436	gi|2136551663|ref|NR_173668.1|	90.991	444	33	7	1	441	294	733	9.80e-169	592	2766537
e47028ec9b80b4d64200f5adb618d436	gi|636558732|ref|NR_114789.1|	90.971	443	35	5	1	441	347	786	9.80e-169	592	1535
e47028ec9b80b4d64200f5adb618d436	gi|2836274968|ref|NR_197731.1|	90.293	443	38	5	1	441	306	745	9.87e-164	575	3093659
e47028ec9b80b4d64200f5adb618d436	gi|2836274966|ref|NR_197729.1|	90.271	442	40	3	1	441	304	743	9.87e-164	575	3093657
e47028ec9b80b4d64200f5adb618d436	gi|1109168013|ref|NR_144605.1|	90.249	441	42	1	1	441	367	806	9.87e-164	575	1796620
e47028ec9b80b4d64200f5adb618d436	gi|3248465687|ref|NR_201701.1|	90.068	443	42	2	1	441	330	772	3.55e-163	573	3435187
954977cf756bb20ca962cbba95032d7a	gi|2363080123|ref|NR_178280.1|	99.318	440	3	0	1	440	331	770	0.0	797	411483
954977cf756bb20ca962cbba95032d7a	gi|2363081449|ref|NR_178971.1|	99.536	431	2	0	1	431	285	715	0.0	785	1851427
954977cf756bb20ca962cbba95032d7a	gi|265678656|ref|NR_028961.1|	98.636	440	6	0	1	440	327	766	0.0	780	853
954977cf756bb20ca962cbba95032d7a	gi|2363081451|ref|NR_178972.1|	98.409	440	7	0	1	440	285	724	0.0	774	1851428
954977cf756bb20ca962cbba95032d7a	gi|3030611269|ref|NR_199945.1|	98.182	440	8	0	1	440	335	774	0.0	769	3435293
954977cf756bb20ca962cbba95032d7a	gi|2363082282|ref|NR_179388.1|	97.732	441	8	2	1	440	335	774	0.0	758	2935520
954977cf756bb20ca962cbba95032d7a	gi|2363080175|ref|NR_178311.1|	97.045	440	13	0	1	440	412	851	0.0	741	2903556
954977cf756bb20ca962cbba95032d7a	gi|2363084747|ref|NR_180622.1|	92.971	441	29	2	1	440	335	774	0.0	641	2779354
954977cf756bb20ca962cbba95032d7a	gi|559795255|ref|NR_104846.1|	92.727	440	32	0	1	440	288	727	0.0	636	745368
954977cf756bb20ca962cbba95032d7a	gi|1277396189|ref|NR_151900.1|	92.273	440	34	0	1	440	351	790	9.64e-179	625	1550024
fdf1ff144599fb5ecdff44e3637d4b71	gi|444439587|ref|NR_074902.1|	99.570	465	2	0	1	465	341	805	0.0	848	585054
fdf1ff144599fb5ecdff44e3637d4b71	gi|631252881|ref|NR_114079.1|	99.570	465	2	0	1	465	314	778	0.0	848	564
fdf1ff144599fb5ecdff44e3637d4b71	gi|559795236|ref|NR_104826.1|	99.570	465	2	0	1	465	321	785	0.0	848	624
fdf1ff144599fb5ecdff44e3637d4b71	gi|631251361|ref|NR_112558.1|	99.570	465	2	0	1	465	174	638	0.0	848	562
fdf1ff144599fb5ecdff44e3637d4b71	gi|228716249|ref|NR_027549.1|	99.570	465	2	0	1	465	307	771	0.0	848	585054
fdf1ff144599fb5ecdff44e3637d4b71	gi|219846739|ref|NR_026331.1|	99.570	465	2	0	1	465	322	786	0.0	848	623
fdf1ff144599fb5ecdff44e3637d4b71	gi|645322332|ref|NR_119109.1|	99.569	464	2	0	2	465	328	791	0.0	846	566
fdf1ff144599fb5ecdff44e3637d4b71	gi|631252844|ref|NR_114042.1|	99.355	465	3	0	1	465	314	778	0.0	845	562
fdf1ff144599fb5ecdff44e3637d4b71	gi|219722938|ref|NR_024570.1|	99.355	465	3	0	1	465	332	796	0.0	845	562
fdf1ff144599fb5ecdff44e3637d4b71	gi|1018196593|ref|NR_136472.1|	99.355	465	3	0	1	465	334	798	0.0	843	1499973
4b03f52c34a3ef8036c90c2973392621	gi|3248465644|ref|NR_201656.1|	95.011	441	20	2	1	440	329	768	0.0	691	3417633
4b03f52c34a3ef8036c90c2973392621	gi|507148077|ref|NR_102884.1|	93.636	440	28	0	1	440	331	770	0.0	658	213810
4b03f52c34a3ef8036c90c2973392621	gi|3248465648|ref|NR_201660.1|	93.424	441	27	2	1	440	319	758	0.0	652	3417630
4b03f52c34a3ef8036c90c2973392621	gi|2363082601|ref|NR_179547.1|	93.409	440	29	0	1	440	347	786	0.0	652	1870991
4b03f52c34a3ef8036c90c2973392621	gi|636558832|ref|NR_114889.1|	93.409	440	28	1	1	440	277	715	0.0	651	213810
4b03f52c34a3ef8036c90c2973392621	gi|444303976|ref|NR_074399.1|	93.182	440	30	0	1	440	333	772	0.0	647	697329
4b03f52c34a3ef8036c90c2973392621	gi|631251834|ref|NR_113032.1|	93.182	440	30	0	1	440	333	772	0.0	647	1264
4b03f52c34a3ef8036c90c2973392621	gi|636559173|ref|NR_115230.1|	93.182	440	30	0	1	440	333	772	0.0	647	697329
4b03f52c34a3ef8036c90c2973392621	gi|219846339|ref|NR_025929.1|	93.182	440	30	0	1	440	328	767	0.0	647	697329
4b03f52c34a3ef8036c90c2973392621	gi|265679047|ref|NR_029355.1|	92.955	440	31	0	1	440	332	771	0.0	641	84026
bd3049d5c88a00f37e9e761544ad28a3	gi|631251747|ref|NR_112945.1|	99.565	460	2	0	1	460	327	786	0.0	839	820
bd3049d5c88a00f37e9e761544ad28a3	gi|343200179|ref|NR_040866.1|	99.565	460	2	0	1	460	334	793	0.0	839	820
bd3049d5c88a00f37e9e761544ad28a3	gi|2363086550|ref|NR_181532.1|	99.130	460	4	0	1	460	322	781	0.0	828	2763025
bd3049d5c88a00f37e9e761544ad28a3	gi|2363082773|ref|NR_179635.1|	97.391	460	12	0	1	460	338	797	0.0	784	2024197
bd3049d5c88a00f37e9e761544ad28a3	gi|631251874|ref|NR_113072.1|	97.174	460	13	0	1	460	338	797	0.0	778	1236512
bd3049d5c88a00f37e9e761544ad28a3	gi|631251816|ref|NR_113014.1|	96.957	460	14	0	1	460	338	797	0.0	773	1236512
bd3049d5c88a00f37e9e761544ad28a3	gi|631251735|ref|NR_112933.1|	96.739	460	15	0	1	460	334	793	0.0	767	246787
bd3049d5c88a00f37e9e761544ad28a3	gi|343200620|ref|NR_041307.1|	96.522	460	16	0	1	460	334	793	0.0	761	329854
bd3049d5c88a00f37e9e761544ad28a3	gi|2363084421|ref|NR_180458.1|	96.304	460	17	0	1	460	340	799	0.0	756	2650157
bd3049d5c88a00f37e9e761544ad28a3	gi|2363082635|ref|NR_179564.1|	96.304	460	17	0	1	460	338	797	0.0	756	1903262
b2732a574cb9779d0e968008ad80add3	gi|3248465644|ref|NR_201656.1|	97.052	441	12	1	1	441	329	768	0.0	741	3417633
b2732a574cb9779d0e968008ad80add3	gi|507148077|ref|NR_102884.1|	95.238	441	20	1	1	441	331	770	0.0	697	213810
b2732a574cb9779d0e968008ad80add3	gi|444303976|ref|NR_074399.1|	95.238	441	20	1	1	441	333	772	0.0	697	697329
b2732a574cb9779d0e968008ad80add3	gi|631251834|ref|NR_113032.1|	95.238	441	20	1	1	441	333	772	0.0	697	1264
b2732a574cb9779d0e968008ad80add3	gi|636559173|ref|NR_115230.1|	95.238	441	20	1	1	441	333	772	0.0	697	697329
b2732a574cb9779d0e968008ad80add3	gi|219846339|ref|NR_025929.1|	95.238	441	20	1	1	441	328	767	0.0	697	697329
b2732a574cb9779d0e968008ad80add3	gi|636558832|ref|NR_114889.1|	95.011	441	20	2	1	441	277	715	0.0	691	213810
b2732a574cb9779d0e968008ad80add3	gi|2363082601|ref|NR_179547.1|	94.558	441	23	1	1	441	347	786	0.0	680	1870991
b2732a574cb9779d0e968008ad80add3	gi|3248465648|ref|NR_201660.1|	94.331	441	24	1	1	441	319	758	0.0	675	3417630
b2732a574cb9779d0e968008ad80add3	gi|219846341|ref|NR_025931.1|	93.665	442	25	3	1	441	308	747	0.0	658	1265
0d872392347dd384a1b84ed091d8d3b0	gi|343200590|ref|NR_041277.1|	99.565	460	2	0	1	460	339	798	0.0	839	484018
0d872392347dd384a1b84ed091d8d3b0	gi|2221405488|ref|NR_175548.1|	96.320	462	13	4	1	460	346	805	0.0	756	2739389
0d872392347dd384a1b84ed091d8d3b0	gi|1116030286|ref|NR_144744.1|	94.565	460	25	0	1	460	339	798	0.0	713	1841856
0d872392347dd384a1b84ed091d8d3b0	gi|343200591|ref|NR_041278.1|	93.261	460	31	0	1	460	339	798	0.0	678	470145
0d872392347dd384a1b84ed091d8d3b0	gi|2363082641|ref|NR_179567.1|	92.826	460	33	0	1	460	339	798	0.0	669	1907658
0d872392347dd384a1b84ed091d8d3b0	gi|444304192|ref|NR_074616.1|	92.826	460	33	0	1	460	341	800	0.0	667	376805
0d872392347dd384a1b84ed091d8d3b0	gi|343200760|ref|NR_041447.1|	92.826	460	33	0	1	460	326	785	0.0	667	376805
0d872392347dd384a1b84ed091d8d3b0	gi|1146059112|ref|NR_145844.1|	92.208	462	32	4	1	460	339	798	0.0	651	1411144
0d872392347dd384a1b84ed091d8d3b0	gi|631251740|ref|NR_112938.1|	91.974	461	35	2	1	460	326	785	0.0	645	204516
0d872392347dd384a1b84ed091d8d3b0	gi|343198509|ref|NR_042745.1|	91.974	461	35	2	1	460	338	797	0.0	645	204516
c8de1cd0bee262f37c67abf6a3c3fdb6	gi|631251749|ref|NR_112947.1|	99.348	460	3	0	1	460	326	785	0.0	835	657309
c8de1cd0bee262f37c67abf6a3c3fdb6	gi|2363084431|ref|NR_180463.1|	99.348	460	3	0	1	460	340	799	0.0	833	2650158
c8de1cd0bee262f37c67abf6a3c3fdb6	gi|343201773|ref|NR_042499.1|	99.348	460	3	0	1	460	294	753	0.0	833	657309
c8de1cd0bee262f37c67abf6a3c3fdb6	gi|631251733|ref|NR_112931.1|	98.478	460	7	0	1	460	340	799	0.0	811	85831
c8de1cd0bee262f37c67abf6a3c3fdb6	gi|265678305|ref|NR_028607.1|	98.475	459	7	0	2	460	333	791	0.0	809	85831
c8de1cd0bee262f37c67abf6a3c3fdb6	gi|645322410|ref|NR_119165.1|	97.826	460	10	0	1	460	319	778	0.0	802	28116
c8de1cd0bee262f37c67abf6a3c3fdb6	gi|631252008|ref|NR_113206.1|	97.826	460	10	0	1	460	336	795	0.0	795	1236513
c8de1cd0bee262f37c67abf6a3c3fdb6	gi|631251869|ref|NR_113067.1|	97.826	460	10	0	1	460	325	784	0.0	795	1077285
c8de1cd0bee262f37c67abf6a3c3fdb6	gi|645320100|ref|NR_117387.1|	97.826	460	10	0	1	460	320	779	0.0	795	1077285
c8de1cd0bee262f37c67abf6a3c3fdb6	gi|343200626|ref|NR_041313.1|	97.826	460	10	0	1	460	340	799	0.0	795	338188
19b6bb6f3925b5262c38944dda837e6a	gi|444304209|ref|NR_074634.1|	99.773	440	1	0	1	440	350	789	0.0	808	515619
19b6bb6f3925b5262c38944dda837e6a	gi|343198540|ref|NR_042832.1|	98.639	441	5	1	1	440	330	770	0.0	780	301302
19b6bb6f3925b5262c38944dda837e6a	gi|1227086116|ref|NR_148619.1|	98.190	442	6	2	1	440	301	742	0.0	771	1712665
19b6bb6f3925b5262c38944dda837e6a	gi|645320588|ref|NR_117758.1|	97.738	442	8	1	1	440	322	763	0.0	760	166486
19b6bb6f3925b5262c38944dda837e6a	gi|228716944|ref|NR_027557.1|	97.738	442	8	1	1	440	343	784	0.0	760	536231
19b6bb6f3925b5262c38944dda837e6a	gi|444439494|ref|NR_074809.1|	97.732	441	9	1	1	440	350	790	0.0	758	585394
19b6bb6f3925b5262c38944dda837e6a	gi|343201282|ref|NR_042008.1|	97.506	441	9	2	1	440	341	780	0.0	752	585394
19b6bb6f3925b5262c38944dda837e6a	gi|2363085153|ref|NR_180825.1|	97.279	441	11	1	1	440	347	787	0.0	747	2605790
19b6bb6f3925b5262c38944dda837e6a	gi|219846723|ref|NR_026315.1|	97.273	440	12	0	1	440	317	756	0.0	747	46206
19b6bb6f3925b5262c38944dda837e6a	gi|2363086282|ref|NR_181393.1|	97.045	440	13	0	1	440	290	729	0.0	741	2763664
4192b5c221e2ecd9f9eec0d7c8b177d6	gi|444303953|ref|NR_074376.1|	99.130	460	4	0	1	460	351	810	0.0	828	435591
4192b5c221e2ecd9f9eec0d7c8b177d6	gi|343200655|ref|NR_041342.1|	98.261	460	8	0	1	460	336	795	0.0	806	823
4192b5c221e2ecd9f9eec0d7c8b177d6	gi|1811131517|ref|NR_165699.1|	93.696	460	29	0	1	460	336	795	0.0	689	2685834
4192b5c221e2ecd9f9eec0d7c8b177d6	gi|2363082619|ref|NR_179556.1|	93.478	460	30	0	1	460	316	775	0.0	684	1871013
4192b5c221e2ecd9f9eec0d7c8b177d6	gi|631251637|ref|NR_112835.1|	92.826	460	32	1	1	460	336	794	0.0	665	574930
4192b5c221e2ecd9f9eec0d7c8b177d6	gi|2363082715|ref|NR_179605.1|	92.609	460	34	0	1	460	316	775	0.0	662	1944636
4192b5c221e2ecd9f9eec0d7c8b177d6	gi|2363086049|ref|NR_181277.1|	92.391	460	35	0	1	460	309	768	0.0	656	2753162
4192b5c221e2ecd9f9eec0d7c8b177d6	gi|974142265|ref|NR_134785.1|	92.391	460	35	0	1	460	336	795	0.0	656	1217282
4192b5c221e2ecd9f9eec0d7c8b177d6	gi|631252010|ref|NR_113208.1|	92.174	460	36	0	1	460	336	795	0.0	651	871327
4192b5c221e2ecd9f9eec0d7c8b177d6	gi|343200777|ref|NR_041464.1|	92.174	460	36	0	1	460	340	799	0.0	651	387661
30a6aebfa6867bbb5574aecf9548ec26	gi|559795255|ref|NR_104846.1|	96.364	440	16	0	1	440	288	727	0.0	725	745368
30a6aebfa6867bbb5574aecf9548ec26	gi|265678692|ref|NR_028997.1|	95.465	441	19	1	1	440	303	743	0.0	702	214851
30a6aebfa6867bbb5574aecf9548ec26	gi|3030611269|ref|NR_199945.1|	94.545	440	24	0	1	440	335	774	0.0	680	3435293
30a6aebfa6867bbb5574aecf9548ec26	gi|265678656|ref|NR_028961.1|	94.091	440	26	0	1	440	327	766	0.0	669	853
30a6aebfa6867bbb5574aecf9548ec26	gi|2363081451|ref|NR_178972.1|	93.864	440	27	0	1	440	285	724	0.0	664	1851428
30a6aebfa6867bbb5574aecf9548ec26	gi|2363080123|ref|NR_178280.1|	93.864	440	27	0	1	440	331	770	0.0	664	411483
30a6aebfa6867bbb5574aecf9548ec26	gi|2363081449|ref|NR_178971.1|	94.200	431	25	0	1	431	285	715	0.0	658	1851427
30a6aebfa6867bbb5574aecf9548ec26	gi|2363082356|ref|NR_179425.1|	93.409	440	29	0	1	440	351	790	0.0	652	1689304
30a6aebfa6867bbb5574aecf9548ec26	gi|1397641802|ref|NR_156911.1|	93.182	440	30	0	1	440	351	790	0.0	647	1650663
30a6aebfa6867bbb5574aecf9548ec26	gi|2363082282|ref|NR_179388.1|	93.197	441	28	2	1	440	335	774	0.0	647	2935520
78dd4b730410050a601b89fa26227947	gi|343198671|ref|NR_043231.1|	99.355	465	3	0	1	465	283	747	0.0	843	308994
78dd4b730410050a601b89fa26227947	gi|631252159|ref|NR_113357.1|	99.142	466	3	1	1	465	356	821	0.0	837	308994
78dd4b730410050a601b89fa26227947	gi|343200979|ref|NR_041666.1|	95.708	466	18	2	1	465	336	800	0.0	749	742743
78dd4b730410050a601b89fa26227947	gi|631252158|ref|NR_113356.1|	95.279	466	19	3	1	465	355	818	0.0	736	309120
78dd4b730410050a601b89fa26227947	gi|343198462|ref|NR_041895.1|	95.279	466	19	3	1	465	296	759	0.0	736	888062
78dd4b730410050a601b89fa26227947	gi|219846637|ref|NR_026229.1|	93.562	466	28	2	1	465	336	800	0.0	693	39950
78dd4b730410050a601b89fa26227947	gi|343199044|ref|NR_044400.1|	92.704	466	32	2	1	465	314	778	0.0	671	464322
78dd4b730410050a601b89fa26227947	gi|219857641|ref|NR_025230.1|	92.521	468	31	4	1	465	285	751	0.0	667	187326
78dd4b730410050a601b89fa26227947	gi|2363081072|ref|NR_178779.1|	91.880	468	32	6	1	465	296	760	0.0	649	1588748
78dd4b730410050a601b89fa26227947	gi|343205705|ref|NR_044091.1|	91.845	466	36	2	1	465	240	704	0.0	649	423477
4c3035f3dfec81a66ee386d4f7aeeb39	gi|343198540|ref|NR_042832.1|	99.773	441	1	0	1	441	330	770	0.0	809	301302
4c3035f3dfec81a66ee386d4f7aeeb39	gi|444439494|ref|NR_074809.1|	98.866	441	5	0	1	441	350	790	0.0	787	585394
4c3035f3dfec81a66ee386d4f7aeeb39	gi|645320588|ref|NR_117758.1|	98.869	442	4	1	1	441	322	763	0.0	787	166486
4c3035f3dfec81a66ee386d4f7aeeb39	gi|228716944|ref|NR_027557.1|	98.869	442	4	1	1	441	343	784	0.0	787	536231
4c3035f3dfec81a66ee386d4f7aeeb39	gi|444304209|ref|NR_074634.1|	98.639	441	5	1	1	441	350	789	0.0	780	515619
4c3035f3dfec81a66ee386d4f7aeeb39	gi|343201282|ref|NR_042008.1|	98.639	441	5	1	1	441	341	780	0.0	780	585394
4c3035f3dfec81a66ee386d4f7aeeb39	gi|1227086116|ref|NR_148619.1|	98.190	442	7	1	1	441	301	742	0.0	771	1712665
4c3035f3dfec81a66ee386d4f7aeeb39	gi|343201281|ref|NR_042007.1|	97.973	444	4	5	1	441	343	784	0.0	765	622312
4c3035f3dfec81a66ee386d4f7aeeb39	gi|2363086282|ref|NR_181393.1|	97.732	441	9	1	1	441	290	729	0.0	758	2763664
4c3035f3dfec81a66ee386d4f7aeeb39	gi|2363085153|ref|NR_180825.1|	97.506	441	11	0	1	441	347	787	0.0	754	2605790
bbd6dc6126486b5a2f3f8dbdc8bf4b29	gi|343201234|ref|NR_041960.1|	99.546	441	1	1	1	440	222	662	0.0	802	89014
bbd6dc6126486b5a2f3f8dbdc8bf4b29	gi|2363084170|ref|NR_180334.1|	97.727	440	10	0	1	440	253	692	0.0	758	2763028
bbd6dc6126486b5a2f3f8dbdc8bf4b29	gi|1953646571|ref|NR_171444.1|	97.727	440	10	0	1	440	301	740	0.0	758	1912897
bbd6dc6126486b5a2f3f8dbdc8bf4b29	gi|1953646488|ref|NR_171392.1|	97.727	440	10	0	1	440	355	794	0.0	758	1912897
bbd6dc6126486b5a2f3f8dbdc8bf4b29	gi|1953646486|ref|NR_171390.1|	97.727	440	10	0	1	440	355	794	0.0	758	1912897
bbd6dc6126486b5a2f3f8dbdc8bf4b29	gi|2363086300|ref|NR_181402.1|	97.727	440	10	0	1	440	300	739	0.0	758	2763028
bbd6dc6126486b5a2f3f8dbdc8bf4b29	gi|645320731|ref|NR_117867.1|	97.727	440	10	0	1	440	300	739	0.0	758	871664
bbd6dc6126486b5a2f3f8dbdc8bf4b29	gi|1679775916|ref|NR_163638.1|	97.500	440	11	0	1	440	328	767	0.0	752	2025493
bbd6dc6126486b5a2f3f8dbdc8bf4b29	gi|1679775915|ref|NR_163637.1|	97.500	440	11	0	1	440	328	767	0.0	752	2025493
bbd6dc6126486b5a2f3f8dbdc8bf4b29	gi|1679775914|ref|NR_163636.1|	97.500	440	11	0	1	440	328	767	0.0	752	2025493
d2e980167e8980b5fa6beba4c1843f69	gi|444304091|ref|NR_074515.1|	99.565	460	2	0	1	460	350	809	0.0	839	435590
d2e980167e8980b5fa6beba4c1843f69	gi|631251748|ref|NR_112946.1|	99.565	460	2	0	1	460	339	798	0.0	839	821
d2e980167e8980b5fa6beba4c1843f69	gi|631250946|ref|NR_112143.1|	99.348	460	3	0	1	460	307	766	0.0	833	821
d2e980167e8980b5fa6beba4c1843f69	gi|343200664|ref|NR_041351.1|	98.696	460	6	0	1	460	341	800	0.0	817	357276
d2e980167e8980b5fa6beba4c1843f69	gi|631251997|ref|NR_113195.1|	93.913	460	28	0	1	460	338	797	0.0	695	1236515
d2e980167e8980b5fa6beba4c1843f69	gi|631251866|ref|NR_113064.1|	93.696	460	29	0	1	460	338	797	0.0	689	1236538
d2e980167e8980b5fa6beba4c1843f69	gi|631251817|ref|NR_113015.1|	93.696	460	29	0	1	460	338	797	0.0	689	1236538
d2e980167e8980b5fa6beba4c1843f69	gi|645320081|ref|NR_117373.1|	93.696	460	29	0	1	460	289	748	0.0	689	1236515
d2e980167e8980b5fa6beba4c1843f69	gi|2363085522|ref|NR_181010.1|	93.261	460	31	0	1	460	297	756	0.0	678	2786956
d2e980167e8980b5fa6beba4c1843f69	gi|2363082547|ref|NR_179520.1|	93.261	460	31	0	1	460	314	773	0.0	678	1841855
b0a7aed47084380271946b1dda9719a9	gi|343201474|ref|NR_042200.1|	96.364	440	16	0	1	440	318	757	0.0	725	333367
b0a7aed47084380271946b1dda9719a9	gi|343205837|ref|NR_044289.1|	96.136	440	17	0	1	440	328	767	0.0	719	460384
b0a7aed47084380271946b1dda9719a9	gi|2363082757|ref|NR_179627.1|	95.918	441	16	2	1	440	340	779	0.0	713	2002841
b0a7aed47084380271946b1dda9719a9	gi|1384992332|ref|NR_156081.1|	95.909	440	18	0	1	440	336	775	0.0	713	1469948
b0a7aed47084380271946b1dda9719a9	gi|1384992329|ref|NR_156078.1|	95.909	440	18	0	1	440	336	775	0.0	713	1469948
b0a7aed47084380271946b1dda9719a9	gi|3030611230|ref|NR_199906.1|	95.682	440	19	0	1	440	354	793	0.0	708	3123317
b0a7aed47084380271946b1dda9719a9	gi|3030611314|ref|NR_199990.1|	95.682	440	19	0	1	440	350	789	0.0	708	3123317
b0a7aed47084380271946b1dda9719a9	gi|1397641798|ref|NR_156907.1|	95.682	440	19	0	1	440	348	787	0.0	708	1912855
b0a7aed47084380271946b1dda9719a9	gi|1193829153|ref|NR_147396.1|	95.692	441	17	2	1	440	328	767	0.0	708	1917870
b0a7aed47084380271946b1dda9719a9	gi|1384992331|ref|NR_156080.1|	95.682	440	19	0	1	440	336	775	0.0	708	1469948
4a060c998d8d575b57fc37f3c15922c5	gi|265678578|ref|NR_028883.1|	99.093	441	3	1	1	440	226	666	0.0	791	88431
4a060c998d8d575b57fc37f3c15922c5	gi|1397641798|ref|NR_156907.1|	96.606	442	11	4	1	440	348	787	0.0	730	1912855
4a060c998d8d575b57fc37f3c15922c5	gi|265678482|ref|NR_028785.1|	96.599	441	13	2	1	440	351	790	0.0	730	29347
4a060c998d8d575b57fc37f3c15922c5	gi|1109168023|ref|NR_144610.1|	96.372	441	14	2	1	440	339	778	0.0	725	1796622
4a060c998d8d575b57fc37f3c15922c5	gi|645322565|ref|NR_119285.1|	96.372	441	14	2	1	440	325	764	0.0	725	29347
4a060c998d8d575b57fc37f3c15922c5	gi|631250892|ref|NR_112089.1|	96.380	442	12	4	1	440	336	775	0.0	725	553973
4a060c998d8d575b57fc37f3c15922c5	gi|310974936|ref|NR_036800.1|	96.372	441	14	2	1	440	326	765	0.0	725	411470
4a060c998d8d575b57fc37f3c15922c5	gi|645321810|ref|NR_118690.1|	96.372	441	14	2	1	440	338	777	0.0	725	411470
4a060c998d8d575b57fc37f3c15922c5	gi|224581401|ref|NR_024719.1|	96.380	442	11	5	1	440	341	779	0.0	723	89153
4a060c998d8d575b57fc37f3c15922c5	gi|2363082765|ref|NR_179631.1|	96.136	440	17	0	1	440	348	787	0.0	719	2014528
5789d5cb9d61effd80ba7b01f41751d8	gi|631251875|ref|NR_113073.1|	99.348	460	3	0	1	460	329	788	0.0	833	487174
5789d5cb9d61effd80ba7b01f41751d8	gi|343200981|ref|NR_041668.1|	99.348	460	3	0	1	460	321	780	0.0	833	742726
5789d5cb9d61effd80ba7b01f41751d8	gi|1270532346|ref|NR_121773.2|	96.095	461	16	2	1	460	348	807	0.0	750	397865
5789d5cb9d61effd80ba7b01f41751d8	gi|343200821|ref|NR_041508.1|	95.879	461	16	3	1	460	325	783	0.0	743	397865
5789d5cb9d61effd80ba7b01f41751d8	gi|2136551682|ref|NR_173687.1|	90.260	462	41	4	1	460	325	784	1.70e-171	601	2751153
5789d5cb9d61effd80ba7b01f41751d8	gi|1146059151|ref|NR_145883.1|	89.827	462	43	4	1	460	284	743	3.69e-168	590	1501392
5789d5cb9d61effd80ba7b01f41751d8	gi|1116030267|ref|NR_144725.1|	89.394	462	45	4	1	460	337	796	1.71e-166	584	1686296
5789d5cb9d61effd80ba7b01f41751d8	gi|1909404453|ref|NR_170508.1|	88.069	461	52	3	1	460	352	810	2.91e-154	544	2518971
5789d5cb9d61effd80ba7b01f41751d8	gi|2621112336|ref|NR_189240.1|	87.931	464	48	8	1	460	342	801	3.76e-153	540	2944915
5789d5cb9d61effd80ba7b01f41751d8	gi|2363083455|ref|NR_179976.1|	87.957	465	45	10	1	460	289	747	1.35e-152	538	2094151
367c7fab20268d36c420ac4db36a8ec6	gi|631253128|ref|NR_114326.1|	99.545	440	2	0	1	440	334	773	0.0	802	1150298
367c7fab20268d36c420ac4db36a8ec6	gi|2363087259|ref|NR_181885.1|	96.818	440	14	0	1	440	335	774	0.0	737	2885351
367c7fab20268d36c420ac4db36a8ec6	gi|974142252|ref|NR_134772.1|	96.591	440	15	0	1	440	297	736	0.0	730	1337051
367c7fab20268d36c420ac4db36a8ec6	gi|343205837|ref|NR_044289.1|	96.364	440	16	0	1	440	328	767	0.0	725	460384
367c7fab20268d36c420ac4db36a8ec6	gi|3030611230|ref|NR_199906.1|	96.136	440	17	0	1	440	354	793	0.0	719	3123317
367c7fab20268d36c420ac4db36a8ec6	gi|2363085103|ref|NR_180800.1|	96.136	440	17	0	1	440	347	786	0.0	719	2652274
367c7fab20268d36c420ac4db36a8ec6	gi|3030611314|ref|NR_199990.1|	96.136	440	17	0	1	440	350	789	0.0	719	3123317
367c7fab20268d36c420ac4db36a8ec6	gi|1384992331|ref|NR_156080.1|	96.136	440	17	0	1	440	336	775	0.0	719	1469948
367c7fab20268d36c420ac4db36a8ec6	gi|1384992328|ref|NR_156077.1|	96.136	440	17	0	1	440	336	775	0.0	719	1469948
367c7fab20268d36c420ac4db36a8ec6	gi|1116030273|ref|NR_144731.1|	96.136	440	17	0	1	440	347	786	0.0	719	1720294
17ce0d44af90ad90a7ef871ceb86e5c3	gi|343205678|ref|NR_044054.1|	99.318	440	3	0	1	440	297	736	0.0	797	1121115
17ce0d44af90ad90a7ef871ceb86e5c3	gi|631253117|ref|NR_114315.1|	99.091	440	4	0	1	440	336	775	0.0	793	649762
17ce0d44af90ad90a7ef871ceb86e5c3	gi|2363082685|ref|NR_179590.1|	98.866	441	4	1	1	440	327	767	0.0	787	1936059
17ce0d44af90ad90a7ef871ceb86e5c3	gi|219846722|ref|NR_026314.1|	97.273	440	12	0	1	440	330	769	0.0	747	53443
17ce0d44af90ad90a7ef871ceb86e5c3	gi|219846720|ref|NR_026312.1|	96.818	440	14	0	1	440	327	766	0.0	737	180164
17ce0d44af90ad90a7ef871ceb86e5c3	gi|2363084170|ref|NR_180334.1|	96.818	440	14	0	1	440	253	692	0.0	736	2763028
17ce0d44af90ad90a7ef871ceb86e5c3	gi|2363086300|ref|NR_181402.1|	96.818	440	14	0	1	440	300	739	0.0	736	2763028
17ce0d44af90ad90a7ef871ceb86e5c3	gi|631252033|ref|NR_113231.1|	96.825	441	12	2	1	440	347	786	0.0	736	536633
17ce0d44af90ad90a7ef871ceb86e5c3	gi|631251591|ref|NR_112789.1|	96.825	441	12	2	1	440	333	772	0.0	736	536633
17ce0d44af90ad90a7ef871ceb86e5c3	gi|2363082673|ref|NR_179584.1|	96.599	441	13	2	1	440	327	766	0.0	730	1917888
2271155170e4c52df306d53680c46ff1	gi|343201234|ref|NR_041960.1|	99.093	441	3	1	1	440	222	662	0.0	791	89014
2271155170e4c52df306d53680c46ff1	gi|2363084170|ref|NR_180334.1|	97.273	440	12	0	1	440	253	692	0.0	747	2763028
2271155170e4c52df306d53680c46ff1	gi|1953646571|ref|NR_171444.1|	97.273	440	12	0	1	440	301	740	0.0	747	1912897
2271155170e4c52df306d53680c46ff1	gi|1953646488|ref|NR_171392.1|	97.273	440	12	0	1	440	355	794	0.0	747	1912897
2271155170e4c52df306d53680c46ff1	gi|1953646486|ref|NR_171390.1|	97.273	440	12	0	1	440	355	794	0.0	747	1912897
2271155170e4c52df306d53680c46ff1	gi|2363086300|ref|NR_181402.1|	97.273	440	12	0	1	440	300	739	0.0	747	2763028
2271155170e4c52df306d53680c46ff1	gi|645320731|ref|NR_117867.1|	97.273	440	12	0	1	440	300	739	0.0	747	871664
2271155170e4c52df306d53680c46ff1	gi|1679775916|ref|NR_163638.1|	97.045	440	13	0	1	440	328	767	0.0	741	2025493
2271155170e4c52df306d53680c46ff1	gi|1679775915|ref|NR_163637.1|	97.045	440	13	0	1	440	328	767	0.0	741	2025493
2271155170e4c52df306d53680c46ff1	gi|1679775914|ref|NR_163636.1|	97.045	440	13	0	1	440	328	767	0.0	741	2025493
b9b04be8676a9639f04b5355528d5d22	gi|943392602|ref|NR_117139.2|	99.545	440	2	0	1	440	346	785	0.0	802	649756
b9b04be8676a9639f04b5355528d5d22	gi|943392601|ref|NR_117138.2|	99.545	440	2	0	1	440	346	785	0.0	802	649756
b9b04be8676a9639f04b5355528d5d22	gi|559795210|ref|NR_104799.1|	99.545	440	2	0	1	440	338	777	0.0	802	649756
b9b04be8676a9639f04b5355528d5d22	gi|2363085925|ref|NR_181215.1|	99.091	440	4	0	1	440	331	770	0.0	791	2738446
b9b04be8676a9639f04b5355528d5d22	gi|631252121|ref|NR_113319.1|	97.732	441	8	2	1	440	350	789	0.0	758	645466
b9b04be8676a9639f04b5355528d5d22	gi|636560803|ref|NR_116863.1|	97.511	442	8	3	1	440	337	777	0.0	752	645466
b9b04be8676a9639f04b5355528d5d22	gi|2363081778|ref|NR_179135.1|	96.145	441	16	1	1	440	330	770	0.0	719	2025494
b9b04be8676a9639f04b5355528d5d22	gi|2363087251|ref|NR_181881.1|	96.145	441	16	1	1	440	307	747	0.0	719	2880702
b9b04be8676a9639f04b5355528d5d22	gi|265678610|ref|NR_028915.1|	95.928	442	16	2	1	440	315	756	0.0	715	105841
b9b04be8676a9639f04b5355528d5d22	gi|2363080591|ref|NR_178536.1|	95.692	441	18	1	1	440	286	726	0.0	708	1229621
426add5a7c533e37502ae619cbcbb79b	gi|343200590|ref|NR_041277.1|	99.348	460	3	0	1	460	339	798	0.0	833	484018
426add5a7c533e37502ae619cbcbb79b	gi|2221405488|ref|NR_175548.1|	96.312	461	15	2	1	460	346	805	0.0	756	2739389
426add5a7c533e37502ae619cbcbb79b	gi|1116030286|ref|NR_144744.1|	94.565	460	25	0	1	460	339	798	0.0	713	1841856
426add5a7c533e37502ae619cbcbb79b	gi|343200591|ref|NR_041278.1|	93.043	460	32	0	1	460	339	798	0.0	673	470145
426add5a7c533e37502ae619cbcbb79b	gi|2363082641|ref|NR_179567.1|	92.826	460	33	0	1	460	339	798	0.0	669	1907658
426add5a7c533e37502ae619cbcbb79b	gi|444304192|ref|NR_074616.1|	92.609	460	34	0	1	460	341	800	0.0	662	376805
426add5a7c533e37502ae619cbcbb79b	gi|343200760|ref|NR_041447.1|	92.609	460	34	0	1	460	326	785	0.0	662	376805
426add5a7c533e37502ae619cbcbb79b	gi|1146059112|ref|NR_145844.1|	92.424	462	31	4	1	460	339	798	0.0	656	1411144
426add5a7c533e37502ae619cbcbb79b	gi|631251740|ref|NR_112938.1|	91.974	461	35	2	1	460	326	785	0.0	645	204516
426add5a7c533e37502ae619cbcbb79b	gi|343198509|ref|NR_042745.1|	91.974	461	35	2	1	460	338	797	0.0	645	204516
33ff98f87e988c6633f3094899fcded5	gi|2363080123|ref|NR_178280.1|	98.864	440	5	0	1	440	331	770	0.0	785	411483
33ff98f87e988c6633f3094899fcded5	gi|3030611269|ref|NR_199945.1|	98.636	440	6	0	1	440	335	774	0.0	780	3435293
33ff98f87e988c6633f3094899fcded5	gi|2363081449|ref|NR_178971.1|	99.072	431	4	0	1	431	285	715	0.0	774	1851427
33ff98f87e988c6633f3094899fcded5	gi|265678656|ref|NR_028961.1|	98.182	440	8	0	1	440	327	766	0.0	769	853
33ff98f87e988c6633f3094899fcded5	gi|2363081451|ref|NR_178972.1|	97.955	440	9	0	1	440	285	724	0.0	763	1851428
33ff98f87e988c6633f3094899fcded5	gi|2363082282|ref|NR_179388.1|	97.279	441	10	2	1	440	335	774	0.0	747	2935520
33ff98f87e988c6633f3094899fcded5	gi|2363080175|ref|NR_178311.1|	96.591	440	15	0	1	440	412	851	0.0	730	2903556
33ff98f87e988c6633f3094899fcded5	gi|2363084747|ref|NR_180622.1|	93.424	441	27	2	1	440	335	774	0.0	652	2779354
33ff98f87e988c6633f3094899fcded5	gi|559795255|ref|NR_104846.1|	93.182	440	30	0	1	440	288	727	0.0	647	745368
33ff98f87e988c6633f3094899fcded5	gi|1277396189|ref|NR_151900.1|	92.727	440	32	0	1	440	351	790	0.0	636	1550024
22de5fc7249379bb632020a93b998bf4	gi|631251954|ref|NR_113152.1|	99.783	460	1	0	1	460	337	796	0.0	845	28117
22de5fc7249379bb632020a93b998bf4	gi|219846319|ref|NR_025909.1|	96.957	460	14	0	1	460	344	803	0.0	793	28117
22de5fc7249379bb632020a93b998bf4	gi|645321193|ref|NR_118219.1|	97.397	461	10	2	1	460	332	791	0.0	784	1033732
22de5fc7249379bb632020a93b998bf4	gi|672239000|ref|NR_125589.1|	97.180	461	11	2	1	460	269	728	0.0	778	1033731
22de5fc7249379bb632020a93b998bf4	gi|2363086959|ref|NR_181736.1|	96.963	461	12	2	1	460	334	793	0.0	773	2834113
22de5fc7249379bb632020a93b998bf4	gi|2363082099|ref|NR_179296.1|	96.963	461	12	2	1	460	324	783	0.0	773	2585119
22de5fc7249379bb632020a93b998bf4	gi|631251953|ref|NR_113151.1|	96.537	462	12	4	1	460	338	797	0.0	761	328813
22de5fc7249379bb632020a93b998bf4	gi|343202833|ref|NR_043318.1|	96.537	462	12	4	1	460	324	783	0.0	761	328813
22de5fc7249379bb632020a93b998bf4	gi|2363082505|ref|NR_179499.1|	96.112	463	12	6	1	460	342	801	0.0	750	2364787
22de5fc7249379bb632020a93b998bf4	gi|507148137|ref|NR_102944.1|	96.095	461	16	2	1	460	334	793	0.0	750	214856
a9fa71a18db71f6b433c632b94d38f22	gi|343200590|ref|NR_041277.1|	99.348	460	3	0	1	460	339	798	0.0	833	484018
a9fa71a18db71f6b433c632b94d38f22	gi|2221405488|ref|NR_175548.1|	96.104	462	14	4	1	460	346	805	0.0	750	2739389
a9fa71a18db71f6b433c632b94d38f22	gi|1116030286|ref|NR_144744.1|	94.565	460	25	0	1	460	339	798	0.0	713	1841856
a9fa71a18db71f6b433c632b94d38f22	gi|343200591|ref|NR_041278.1|	93.261	460	31	0	1	460	339	798	0.0	678	470145
a9fa71a18db71f6b433c632b94d38f22	gi|2363082641|ref|NR_179567.1|	92.826	460	33	0	1	460	339	798	0.0	669	1907658
a9fa71a18db71f6b433c632b94d38f22	gi|444304192|ref|NR_074616.1|	92.609	460	34	0	1	460	341	800	0.0	662	376805
a9fa71a18db71f6b433c632b94d38f22	gi|343200760|ref|NR_041447.1|	92.609	460	34	0	1	460	326	785	0.0	662	376805
a9fa71a18db71f6b433c632b94d38f22	gi|1146059112|ref|NR_145844.1|	92.208	462	32	4	1	460	339	798	0.0	651	1411144
a9fa71a18db71f6b433c632b94d38f22	gi|631251740|ref|NR_112938.1|	92.191	461	34	2	1	460	326	785	0.0	651	204516
a9fa71a18db71f6b433c632b94d38f22	gi|343198509|ref|NR_042745.1|	92.191	461	34	2	1	460	338	797	0.0	651	204516
bf95596194c4e11d8522a0ef00f17523	gi|559795255|ref|NR_104846.1|	96.591	440	15	0	1	440	288	727	0.0	730	745368
bf95596194c4e11d8522a0ef00f17523	gi|265678692|ref|NR_028997.1|	95.692	441	18	1	1	440	303	743	0.0	708	214851
bf95596194c4e11d8522a0ef00f17523	gi|3030611269|ref|NR_199945.1|	94.773	440	23	0	1	440	335	774	0.0	686	3435293
bf95596194c4e11d8522a0ef00f17523	gi|265678656|ref|NR_028961.1|	94.318	440	25	0	1	440	327	766	0.0	675	853
bf95596194c4e11d8522a0ef00f17523	gi|2363081451|ref|NR_178972.1|	94.091	440	26	0	1	440	285	724	0.0	669	1851428
bf95596194c4e11d8522a0ef00f17523	gi|2363080123|ref|NR_178280.1|	94.091	440	26	0	1	440	331	770	0.0	669	411483
bf95596194c4e11d8522a0ef00f17523	gi|2363081449|ref|NR_178971.1|	94.432	431	24	0	1	431	285	715	0.0	664	1851427
bf95596194c4e11d8522a0ef00f17523	gi|2363082356|ref|NR_179425.1|	93.636	440	28	0	1	440	351	790	0.0	658	1689304
bf95596194c4e11d8522a0ef00f17523	gi|1397641802|ref|NR_156911.1|	93.409	440	29	0	1	440	351	790	0.0	652	1650663
bf95596194c4e11d8522a0ef00f17523	gi|2363082282|ref|NR_179388.1|	93.424	441	27	2	1	440	335	774	0.0	652	2935520
953ed98084aeca287e47e2c998358b20	gi|343200590|ref|NR_041277.1|	99.348	460	3	0	1	460	339	798	0.0	833	484018
953ed98084aeca287e47e2c998358b20	gi|2221405488|ref|NR_175548.1|	96.104	462	14	4	1	460	346	805	0.0	750	2739389
953ed98084aeca287e47e2c998358b20	gi|1116030286|ref|NR_144744.1|	94.348	460	26	0	1	460	339	798	0.0	708	1841856
953ed98084aeca287e47e2c998358b20	gi|343200591|ref|NR_041278.1|	93.043	460	32	0	1	460	339	798	0.0	673	470145
953ed98084aeca287e47e2c998358b20	gi|2363082641|ref|NR_179567.1|	92.609	460	34	0	1	460	339	798	0.0	664	1907658
953ed98084aeca287e47e2c998358b20	gi|444304192|ref|NR_074616.1|	92.609	460	34	0	1	460	341	800	0.0	662	376805
953ed98084aeca287e47e2c998358b20	gi|343200760|ref|NR_041447.1|	92.609	460	34	0	1	460	326	785	0.0	662	376805
953ed98084aeca287e47e2c998358b20	gi|1146059112|ref|NR_145844.1|	91.991	462	33	4	1	460	339	798	0.0	645	1411144
953ed98084aeca287e47e2c998358b20	gi|631251740|ref|NR_112938.1|	91.757	461	36	2	1	460	326	785	0.0	640	204516
953ed98084aeca287e47e2c998358b20	gi|343198509|ref|NR_042745.1|	91.757	461	36	2	1	460	338	797	0.0	640	204516
31af762878c1f99d456f6009386b500e	gi|343201281|ref|NR_042007.1|	99.321	442	3	0	1	442	343	784	0.0	800	622312
31af762878c1f99d456f6009386b500e	gi|645320588|ref|NR_117758.1|	97.523	444	7	4	1	442	322	763	0.0	756	166486
31af762878c1f99d456f6009386b500e	gi|228716944|ref|NR_027557.1|	97.523	444	7	4	1	442	343	784	0.0	756	536231
31af762878c1f99d456f6009386b500e	gi|343198540|ref|NR_042832.1|	97.523	444	6	5	1	442	330	770	0.0	754	301302
31af762878c1f99d456f6009386b500e	gi|444439494|ref|NR_074809.1|	97.072	444	8	5	1	442	350	790	0.0	743	585394
31af762878c1f99d456f6009386b500e	gi|1227086116|ref|NR_148619.1|	96.854	445	8	6	1	442	301	742	0.0	739	1712665
31af762878c1f99d456f6009386b500e	gi|343201282|ref|NR_042008.1|	96.847	444	8	6	1	442	341	780	0.0	737	585394
31af762878c1f99d456f6009386b500e	gi|444304209|ref|NR_074634.1|	96.396	444	10	5	1	442	350	789	0.0	726	515619
31af762878c1f99d456f6009386b500e	gi|2363086282|ref|NR_181393.1|	96.396	444	10	5	1	442	290	729	0.0	726	2763664
31af762878c1f99d456f6009386b500e	gi|2363085153|ref|NR_180825.1|	95.721	444	14	5	1	442	347	787	0.0	710	2605790
e81cff28579681fed82def180c23149c	gi|2363085169|ref|NR_180833.1|	99.318	440	3	0	1	440	337	776	0.0	797	2606635
e81cff28579681fed82def180c23149c	gi|559795307|ref|NR_104899.1|	97.273	440	12	0	1	440	328	767	0.0	747	384636
e81cff28579681fed82def180c23149c	gi|310975204|ref|NR_037068.1|	97.273	440	12	0	1	440	341	780	0.0	747	29375
e81cff28579681fed82def180c23149c	gi|2363082679|ref|NR_179587.1|	97.045	440	13	0	1	440	328	767	0.0	741	1926283
e81cff28579681fed82def180c23149c	gi|1384992332|ref|NR_156081.1|	97.045	440	13	0	1	440	336	775	0.0	741	1469948
e81cff28579681fed82def180c23149c	gi|1384992329|ref|NR_156078.1|	97.045	440	13	0	1	440	336	775	0.0	741	1469948
e81cff28579681fed82def180c23149c	gi|2363081854|ref|NR_179173.1|	97.045	440	13	0	1	440	333	772	0.0	741	2126740
e81cff28579681fed82def180c23149c	gi|645322280|ref|NR_119068.1|	97.045	440	12	1	1	440	315	753	0.0	739	36832
e81cff28579681fed82def180c23149c	gi|3030611230|ref|NR_199906.1|	96.818	440	14	0	1	440	354	793	0.0	736	3123317
e81cff28579681fed82def180c23149c	gi|3030611314|ref|NR_199990.1|	96.818	440	14	0	1	440	350	789	0.0	736	3123317
1405286156fb136551b0927d2e35600e	gi|444304111|ref|NR_074535.1|	99.129	459	4	0	1	459	334	792	0.0	826	28118
1405286156fb136551b0927d2e35600e	gi|631251877|ref|NR_113075.1|	99.129	459	4	0	1	459	334	792	0.0	826	28118
1405286156fb136551b0927d2e35600e	gi|343206056|ref|NR_044636.1|	97.821	459	10	0	1	459	342	800	0.0	798	28118
1405286156fb136551b0927d2e35600e	gi|631251876|ref|NR_113074.1|	90.497	463	36	7	1	459	335	793	1.31e-172	604	742817
1405286156fb136551b0927d2e35600e	gi|631251699|ref|NR_112897.1|	90.497	463	36	7	1	459	315	773	1.31e-172	604	742817
1405286156fb136551b0927d2e35600e	gi|959494837|ref|NR_133715.1|	87.069	464	51	8	1	459	280	739	6.33e-146	516	1416875
1405286156fb136551b0927d2e35600e	gi|1953646717|ref|NR_171512.1|	86.797	462	56	5	1	459	313	772	2.94e-144	510	2162893
1405286156fb136551b0927d2e35600e	gi|1341394029|ref|NR_153701.1|	86.638	464	53	8	1	459	299	758	1.37e-142	505	1740245
1405286156fb136551b0927d2e35600e	gi|559795096|ref|NR_104682.1|	86.609	463	55	6	1	459	315	774	1.37e-142	505	1168289
1405286156fb136551b0927d2e35600e	gi|2363081792|ref|NR_179142.1|	86.422	464	54	8	1	459	334	793	6.37e-141	499	2006564
c7696c5bea5c79dc71472414366052e6	gi|444304091|ref|NR_074515.1|	98.915	461	3	2	1	460	350	809	0.0	822	435590
c7696c5bea5c79dc71472414366052e6	gi|631251748|ref|NR_112946.1|	98.915	461	3	2	1	460	339	798	0.0	822	821
c7696c5bea5c79dc71472414366052e6	gi|631250946|ref|NR_112143.1|	98.698	461	4	2	1	460	307	766	0.0	817	821
c7696c5bea5c79dc71472414366052e6	gi|343200664|ref|NR_041351.1|	98.478	460	7	0	1	460	341	800	0.0	811	357276
c7696c5bea5c79dc71472414366052e6	gi|631251997|ref|NR_113195.1|	93.478	460	30	0	1	460	338	797	0.0	684	1236515
c7696c5bea5c79dc71472414366052e6	gi|631251866|ref|NR_113064.1|	93.261	460	31	0	1	460	338	797	0.0	678	1236538
c7696c5bea5c79dc71472414366052e6	gi|631251817|ref|NR_113015.1|	93.261	460	31	0	1	460	338	797	0.0	678	1236538
c7696c5bea5c79dc71472414366052e6	gi|645320081|ref|NR_117373.1|	93.261	460	31	0	1	460	289	748	0.0	678	1236515
c7696c5bea5c79dc71472414366052e6	gi|2363085522|ref|NR_181010.1|	92.826	460	33	0	1	460	297	756	0.0	667	2786956
c7696c5bea5c79dc71472414366052e6	gi|2363082773|ref|NR_179635.1|	92.826	460	33	0	1	460	338	797	0.0	667	2024197
db6bb12b09e8e8a0a4f1069ea30125a8	gi|559795246|ref|NR_104836.1|	99.318	440	3	0	1	440	333	772	0.0	797	706562
db6bb12b09e8e8a0a4f1069ea30125a8	gi|444304189|ref|NR_074613.1|	96.364	440	16	0	1	440	350	789	0.0	725	515620
db6bb12b09e8e8a0a4f1069ea30125a8	gi|645321781|ref|NR_118667.1|	95.455	440	20	0	1	440	355	794	0.0	715	28052
db6bb12b09e8e8a0a4f1069ea30125a8	gi|559795169|ref|NR_104758.1|	95.000	440	22	0	1	440	345	784	0.0	691	1282887
db6bb12b09e8e8a0a4f1069ea30125a8	gi|1277396183|ref|NR_151894.1|	94.318	440	25	0	1	440	335	774	0.0	675	433293
db6bb12b09e8e8a0a4f1069ea30125a8	gi|659364459|ref|NR_121686.1|	94.091	440	26	0	1	440	348	787	0.0	669	384638
db6bb12b09e8e8a0a4f1069ea30125a8	gi|219846511|ref|NR_026103.1|	94.104	441	24	2	1	440	316	755	0.0	669	37658
db6bb12b09e8e8a0a4f1069ea30125a8	gi|343202586|ref|NR_042953.1|	94.104	441	24	2	1	440	308	747	0.0	669	264463
db6bb12b09e8e8a0a4f1069ea30125a8	gi|219857405|ref|NR_024993.1|	94.091	440	26	0	1	440	349	788	0.0	669	99656
db6bb12b09e8e8a0a4f1069ea30125a8	gi|645321789|ref|NR_118673.1|	93.651	441	26	2	1	440	354	793	0.0	664	39488
7e2241356c08e88473e9747bcbd6a6eb	gi|343201474|ref|NR_042200.1|	95.909	440	18	0	1	440	318	757	0.0	713	333367
7e2241356c08e88473e9747bcbd6a6eb	gi|343205837|ref|NR_044289.1|	95.682	440	19	0	1	440	328	767	0.0	708	460384
7e2241356c08e88473e9747bcbd6a6eb	gi|2363082757|ref|NR_179627.1|	95.465	441	18	2	1	440	340	779	0.0	702	2002841
7e2241356c08e88473e9747bcbd6a6eb	gi|1384992332|ref|NR_156081.1|	95.455	440	20	0	1	440	336	775	0.0	702	1469948
7e2241356c08e88473e9747bcbd6a6eb	gi|1384992329|ref|NR_156078.1|	95.455	440	20	0	1	440	336	775	0.0	702	1469948
7e2241356c08e88473e9747bcbd6a6eb	gi|3030611230|ref|NR_199906.1|	95.227	440	21	0	1	440	354	793	0.0	697	3123317
7e2241356c08e88473e9747bcbd6a6eb	gi|3030611314|ref|NR_199990.1|	95.227	440	21	0	1	440	350	789	0.0	697	3123317
7e2241356c08e88473e9747bcbd6a6eb	gi|1397641798|ref|NR_156907.1|	95.227	440	21	0	1	440	348	787	0.0	697	1912855
7e2241356c08e88473e9747bcbd6a6eb	gi|1193829153|ref|NR_147396.1|	95.238	441	19	2	1	440	328	767	0.0	697	1917870
7e2241356c08e88473e9747bcbd6a6eb	gi|1384992331|ref|NR_156080.1|	95.227	440	21	0	1	440	336	775	0.0	697	1469948
dde5784dbe0f988c7c377b6dbccdb4fb	gi|2260349424|ref|NR_176506.1|	100.000	464	0	0	1	464	315	778	0.0	857	1982626
dde5784dbe0f988c7c377b6dbccdb4fb	gi|2260349423|ref|NR_176505.1|	98.922	464	5	0	1	464	314	777	0.0	830	1982628
dde5784dbe0f988c7c377b6dbccdb4fb	gi|631253195|ref|NR_114393.1|	93.534	464	30	0	1	464	326	789	0.0	691	29348
dde5784dbe0f988c7c377b6dbccdb4fb	gi|228720470|ref|NR_027592.1|	93.319	464	31	0	1	464	316	779	0.0	686	29348
dde5784dbe0f988c7c377b6dbccdb4fb	gi|645322231|ref|NR_119030.1|	93.118	465	30	2	1	464	324	787	0.0	680	428126
dde5784dbe0f988c7c377b6dbccdb4fb	gi|645322566|ref|NR_119286.1|	93.118	465	30	2	1	464	313	776	0.0	680	69824
dde5784dbe0f988c7c377b6dbccdb4fb	gi|1109168034|ref|NR_144615.1|	92.735	468	26	7	1	464	316	779	0.0	669	1796628
dde5784dbe0f988c7c377b6dbccdb4fb	gi|343203026|ref|NR_043550.1|	92.457	464	35	0	1	464	327	790	0.0	664	341225
dde5784dbe0f988c7c377b6dbccdb4fb	gi|631252045|ref|NR_113243.1|	92.258	465	34	2	1	464	328	791	0.0	658	1547
dde5784dbe0f988c7c377b6dbccdb4fb	gi|2363083393|ref|NR_179945.1|	92.060	466	33	3	1	464	280	743	0.0	652	2899121
49f66cab2799e2c0fa824fd7451e9ac2	gi|343201281|ref|NR_042007.1|	99.321	442	3	0	1	442	343	784	0.0	800	622312
49f66cab2799e2c0fa824fd7451e9ac2	gi|645320588|ref|NR_117758.1|	97.523	444	7	4	1	442	322	763	0.0	756	166486
49f66cab2799e2c0fa824fd7451e9ac2	gi|228716944|ref|NR_027557.1|	97.523	444	7	4	1	442	343	784	0.0	756	536231
49f66cab2799e2c0fa824fd7451e9ac2	gi|343198540|ref|NR_042832.1|	97.523	444	6	5	1	442	330	770	0.0	754	301302
49f66cab2799e2c0fa824fd7451e9ac2	gi|444439494|ref|NR_074809.1|	97.072	444	8	5	1	442	350	790	0.0	743	585394
49f66cab2799e2c0fa824fd7451e9ac2	gi|1227086116|ref|NR_148619.1|	96.854	445	8	6	1	442	301	742	0.0	739	1712665
49f66cab2799e2c0fa824fd7451e9ac2	gi|343201282|ref|NR_042008.1|	96.847	444	8	6	1	442	341	780	0.0	737	585394
49f66cab2799e2c0fa824fd7451e9ac2	gi|444304209|ref|NR_074634.1|	96.396	444	10	5	1	442	350	789	0.0	726	515619
49f66cab2799e2c0fa824fd7451e9ac2	gi|2363086282|ref|NR_181393.1|	96.396	444	10	5	1	442	290	729	0.0	726	2763664
49f66cab2799e2c0fa824fd7451e9ac2	gi|2363085153|ref|NR_180825.1|	95.721	444	14	5	1	442	347	787	0.0	710	2605790
a7ef76bfa4c3fee35adda8cdc861c764	gi|631252118|ref|NR_113316.1|	99.773	441	1	0	1	441	327	767	0.0	809	74426
a7ef76bfa4c3fee35adda8cdc861c764	gi|265678302|ref|NR_028604.1|	98.866	441	4	1	1	441	327	766	0.0	785	74426
a7ef76bfa4c3fee35adda8cdc861c764	gi|1193829136|ref|NR_147379.1|	97.059	442	10	3	1	441	328	767	0.0	741	1907654
a7ef76bfa4c3fee35adda8cdc861c764	gi|1193829156|ref|NR_147399.1|	96.145	441	16	1	1	441	328	767	0.0	719	1871016
a7ef76bfa4c3fee35adda8cdc861c764	gi|1109167962|ref|NR_144579.1|	95.692	441	18	1	1	441	322	761	0.0	708	1232426
a7ef76bfa4c3fee35adda8cdc861c764	gi|2363082368|ref|NR_179431.1|	95.465	441	19	1	1	441	328	767	0.0	702	1720204
a7ef76bfa4c3fee35adda8cdc861c764	gi|631251967|ref|NR_113165.1|	95.465	441	19	1	1	441	328	767	0.0	702	147207
a7ef76bfa4c3fee35adda8cdc861c764	gi|631251966|ref|NR_113164.1|	95.465	441	19	1	1	441	328	767	0.0	702	147206
a7ef76bfa4c3fee35adda8cdc861c764	gi|2363084792|ref|NR_180644.1|	95.238	441	20	1	1	441	249	688	0.0	699	2603815
a7ef76bfa4c3fee35adda8cdc861c764	gi|2363082703|ref|NR_179599.1|	95.023	442	19	3	1	441	308	747	0.0	691	1937461
0167e526a93e253183ce5457be9151fa	gi|2363082168|ref|NR_179330.1|	99.548	442	2	0	1	442	327	768	0.0	806	2714355
0167e526a93e253183ce5457be9151fa	gi|2363082165|ref|NR_179329.1|	98.869	442	5	0	1	442	327	768	0.0	789	2714353
0167e526a93e253183ce5457be9151fa	gi|645321110|ref|NR_118156.1|	94.582	443	22	2	1	442	304	745	0.0	684	1007096
0167e526a93e253183ce5457be9151fa	gi|2962412234|ref|NR_199428.1|	94.357	443	23	2	1	442	352	793	0.0	678	3073143
0167e526a93e253183ce5457be9151fa	gi|2363087001|ref|NR_181757.1|	93.933	445	21	6	1	442	289	730	0.0	667	2841504
0167e526a93e253183ce5457be9151fa	gi|1109168025|ref|NR_144611.1|	93.933	445	22	3	1	442	282	724	0.0	667	1417852
0167e526a93e253183ce5457be9151fa	gi|1269801610|ref|NR_074793.2|	93.679	443	26	2	1	442	355	796	0.0	662	351091
0167e526a93e253183ce5457be9151fa	gi|343200653|ref|NR_041340.1|	93.679	443	26	2	1	442	328	769	0.0	662	351091
0167e526a93e253183ce5457be9151fa	gi|2260349448|ref|NR_176530.1|	93.454	443	27	2	1	442	358	799	0.0	656	2093857
0167e526a93e253183ce5457be9151fa	gi|2136551692|ref|NR_173697.1|	93.439	442	29	0	1	442	349	790	0.0	656	2108523
ce7ee58c7d6545c3ff82707145cbcaa2	gi|631251734|ref|NR_112932.1|	99.565	460	2	0	1	460	328	787	0.0	839	47678
ce7ee58c7d6545c3ff82707145cbcaa2	gi|219846650|ref|NR_026242.1|	99.565	460	2	0	1	460	318	777	0.0	839	47678
ce7ee58c7d6545c3ff82707145cbcaa2	gi|631251869|ref|NR_113067.1|	97.391	460	12	0	1	460	325	784	0.0	784	1077285
ce7ee58c7d6545c3ff82707145cbcaa2	gi|343200626|ref|NR_041313.1|	97.391	460	12	0	1	460	340	799	0.0	784	338188
ce7ee58c7d6545c3ff82707145cbcaa2	gi|645320100|ref|NR_117387.1|	97.174	460	13	0	1	460	320	779	0.0	778	1077285
ce7ee58c7d6545c3ff82707145cbcaa2	gi|631251749|ref|NR_112947.1|	96.957	460	14	0	1	460	326	785	0.0	774	657309
ce7ee58c7d6545c3ff82707145cbcaa2	gi|2363084431|ref|NR_180463.1|	96.957	460	14	0	1	460	340	799	0.0	773	2650158
ce7ee58c7d6545c3ff82707145cbcaa2	gi|2363084421|ref|NR_180458.1|	96.957	460	14	0	1	460	340	799	0.0	773	2650157
ce7ee58c7d6545c3ff82707145cbcaa2	gi|631251733|ref|NR_112931.1|	96.957	460	14	0	1	460	340	799	0.0	773	85831
ce7ee58c7d6545c3ff82707145cbcaa2	gi|343201773|ref|NR_042499.1|	96.957	460	14	0	1	460	294	753	0.0	773	657309
7253721bbc8d75ec314758f1ba7ef433	gi|631251745|ref|NR_112943.1|	99.130	460	4	0	1	460	326	785	0.0	828	449673
7253721bbc8d75ec314758f1ba7ef433	gi|224581415|ref|NR_027196.1|	98.261	460	8	0	1	460	317	776	0.0	808	449673
7253721bbc8d75ec314758f1ba7ef433	gi|631251867|ref|NR_113065.1|	96.957	460	14	0	1	460	338	797	0.0	773	762984
7253721bbc8d75ec314758f1ba7ef433	gi|631251695|ref|NR_112893.1|	96.957	460	14	0	1	460	318	777	0.0	773	762984
7253721bbc8d75ec314758f1ba7ef433	gi|343200620|ref|NR_041307.1|	96.739	460	15	0	1	460	334	793	0.0	767	329854
7253721bbc8d75ec314758f1ba7ef433	gi|2363086949|ref|NR_181731.1|	96.304	460	17	0	1	460	290	749	0.0	756	2834112
7253721bbc8d75ec314758f1ba7ef433	gi|631251735|ref|NR_112933.1|	96.312	461	15	2	1	460	334	793	0.0	756	246787
7253721bbc8d75ec314758f1ba7ef433	gi|343200761|ref|NR_041448.1|	96.087	460	18	0	1	460	322	781	0.0	750	376806
7253721bbc8d75ec314758f1ba7ef433	gi|631251734|ref|NR_112932.1|	95.870	460	19	0	1	460	328	787	0.0	745	47678
7253721bbc8d75ec314758f1ba7ef433	gi|343200626|ref|NR_041313.1|	95.870	460	19	0	1	460	340	799	0.0	745	338188
8134c6be180fe8ee96b86156122d23f4	gi|631251875|ref|NR_113073.1|	98.913	460	5	0	1	460	329	788	0.0	822	487174
8134c6be180fe8ee96b86156122d23f4	gi|343200981|ref|NR_041668.1|	98.913	460	5	0	1	460	321	780	0.0	822	742726
8134c6be180fe8ee96b86156122d23f4	gi|1270532346|ref|NR_121773.2|	96.087	460	18	0	1	460	348	807	0.0	750	397865
8134c6be180fe8ee96b86156122d23f4	gi|343200821|ref|NR_041508.1|	95.870	460	18	1	1	460	325	783	0.0	743	397865
8134c6be180fe8ee96b86156122d23f4	gi|2136551682|ref|NR_173687.1|	90.260	462	41	4	1	460	325	784	1.70e-171	601	2751153
8134c6be180fe8ee96b86156122d23f4	gi|1146059151|ref|NR_145883.1|	89.827	462	43	4	1	460	284	743	3.69e-168	590	1501392
8134c6be180fe8ee96b86156122d23f4	gi|1116030267|ref|NR_144725.1|	89.394	462	45	4	1	460	337	796	1.71e-166	584	1686296
8134c6be180fe8ee96b86156122d23f4	gi|1909404453|ref|NR_170508.1|	88.503	461	50	3	1	460	352	810	1.34e-157	555	2518971
8134c6be180fe8ee96b86156122d23f4	gi|2363083455|ref|NR_179976.1|	88.362	464	45	9	1	460	289	747	6.25e-156	549	2094151
8134c6be180fe8ee96b86156122d23f4	gi|2363084938|ref|NR_180717.1|	88.069	461	53	2	1	460	259	718	8.09e-155	545	2601703
d2dedc3b97a22ddcab2aa03c6647a615	gi|2363081451|ref|NR_178972.1|	99.545	440	2	0	1	440	285	724	0.0	802	1851428
d2dedc3b97a22ddcab2aa03c6647a615	gi|265678656|ref|NR_028961.1|	98.864	440	5	0	1	440	327	766	0.0	785	853
d2dedc3b97a22ddcab2aa03c6647a615	gi|2363082282|ref|NR_179388.1|	98.636	440	6	0	1	440	335	774	0.0	780	2935520
d2dedc3b97a22ddcab2aa03c6647a615	gi|2363080123|ref|NR_178280.1|	98.636	440	6	0	1	440	331	770	0.0	780	411483
d2dedc3b97a22ddcab2aa03c6647a615	gi|3030611269|ref|NR_199945.1|	98.409	440	7	0	1	440	335	774	0.0	774	3435293
d2dedc3b97a22ddcab2aa03c6647a615	gi|2363081449|ref|NR_178971.1|	98.182	440	7	1	1	440	285	723	0.0	767	1851427
d2dedc3b97a22ddcab2aa03c6647a615	gi|2363080175|ref|NR_178311.1|	96.591	440	15	0	1	440	412	851	0.0	730	2903556
d2dedc3b97a22ddcab2aa03c6647a615	gi|1397641802|ref|NR_156911.1|	92.727	440	32	0	1	440	351	790	0.0	636	1650663
d2dedc3b97a22ddcab2aa03c6647a615	gi|2363084747|ref|NR_180622.1|	92.727	440	32	0	1	440	335	774	0.0	636	2779354
d2dedc3b97a22ddcab2aa03c6647a615	gi|2363082356|ref|NR_179425.1|	92.517	441	31	2	1	440	351	790	2.07e-180	630	1689304
453006574b622cfb053af35c4266842f	gi|631251734|ref|NR_112932.1|	99.348	460	3	0	1	460	328	787	0.0	833	47678
453006574b622cfb053af35c4266842f	gi|219846650|ref|NR_026242.1|	99.348	460	3	0	1	460	318	777	0.0	833	47678
453006574b622cfb053af35c4266842f	gi|631251869|ref|NR_113067.1|	97.174	460	13	0	1	460	325	784	0.0	778	1077285
453006574b622cfb053af35c4266842f	gi|343200626|ref|NR_041313.1|	97.174	460	13	0	1	460	340	799	0.0	778	338188
453006574b622cfb053af35c4266842f	gi|645320100|ref|NR_117387.1|	96.957	460	14	0	1	460	320	779	0.0	773	1077285
453006574b622cfb053af35c4266842f	gi|631251749|ref|NR_112947.1|	96.739	460	15	0	1	460	326	785	0.0	769	657309
453006574b622cfb053af35c4266842f	gi|2363084431|ref|NR_180463.1|	96.739	460	15	0	1	460	340	799	0.0	767	2650158
453006574b622cfb053af35c4266842f	gi|2363084421|ref|NR_180458.1|	96.739	460	15	0	1	460	340	799	0.0	767	2650157
453006574b622cfb053af35c4266842f	gi|631251733|ref|NR_112931.1|	96.739	460	15	0	1	460	340	799	0.0	767	85831
453006574b622cfb053af35c4266842f	gi|343201773|ref|NR_042499.1|	96.739	460	15	0	1	460	294	753	0.0	767	657309
5f2e341c6958da03ebd53b64f2e4f150	gi|631251953|ref|NR_113151.1|	99.348	460	3	0	1	460	338	797	0.0	833	328813
5f2e341c6958da03ebd53b64f2e4f150	gi|343202833|ref|NR_043318.1|	99.348	460	3	0	1	460	324	783	0.0	833	328813
5f2e341c6958da03ebd53b64f2e4f150	gi|2363082099|ref|NR_179296.1|	97.391	460	12	0	1	460	324	783	0.0	784	2585119
5f2e341c6958da03ebd53b64f2e4f150	gi|507148054|ref|NR_102861.1|	96.957	460	14	0	1	460	334	793	0.0	773	717959
5f2e341c6958da03ebd53b64f2e4f150	gi|672239000|ref|NR_125589.1|	96.963	461	12	2	1	460	269	728	0.0	773	1033731
5f2e341c6958da03ebd53b64f2e4f150	gi|343202834|ref|NR_043319.1|	96.739	460	15	0	1	460	323	782	0.0	769	717959
5f2e341c6958da03ebd53b64f2e4f150	gi|2363082505|ref|NR_179499.1|	96.739	460	15	0	1	460	342	801	0.0	767	2364787
5f2e341c6958da03ebd53b64f2e4f150	gi|507148137|ref|NR_102944.1|	96.739	460	15	0	1	460	334	793	0.0	767	214856
5f2e341c6958da03ebd53b64f2e4f150	gi|631251955|ref|NR_113153.1|	96.739	460	15	0	1	460	334	793	0.0	767	328814
5f2e341c6958da03ebd53b64f2e4f150	gi|636559243|ref|NR_115300.1|	96.739	460	15	0	1	460	314	773	0.0	767	679935
85f6bc92007e812d36e25b80e109bd06	gi|631251749|ref|NR_112947.1|	99.130	460	4	0	1	460	326	785	0.0	830	657309
85f6bc92007e812d36e25b80e109bd06	gi|2363084431|ref|NR_180463.1|	99.130	460	4	0	1	460	340	799	0.0	828	2650158
85f6bc92007e812d36e25b80e109bd06	gi|343201773|ref|NR_042499.1|	99.130	460	4	0	1	460	294	753	0.0	828	657309
85f6bc92007e812d36e25b80e109bd06	gi|631251733|ref|NR_112931.1|	98.261	460	8	0	1	460	340	799	0.0	806	85831
85f6bc92007e812d36e25b80e109bd06	gi|265678305|ref|NR_028607.1|	98.257	459	8	0	2	460	333	791	0.0	804	85831
85f6bc92007e812d36e25b80e109bd06	gi|645322410|ref|NR_119165.1|	97.609	460	11	0	1	460	319	778	0.0	797	28116
85f6bc92007e812d36e25b80e109bd06	gi|631252008|ref|NR_113206.1|	97.609	460	11	0	1	460	336	795	0.0	789	1236513
85f6bc92007e812d36e25b80e109bd06	gi|631251869|ref|NR_113067.1|	97.609	460	11	0	1	460	325	784	0.0	789	1077285
85f6bc92007e812d36e25b80e109bd06	gi|645320100|ref|NR_117387.1|	97.609	460	11	0	1	460	320	779	0.0	789	1077285
85f6bc92007e812d36e25b80e109bd06	gi|343200626|ref|NR_041313.1|	97.609	460	11	0	1	460	340	799	0.0	789	338188
8198edaacd71248b38f6cb8546d4b1b9	gi|2363081254|ref|NR_178871.1|	89.663	445	40	6	1	443	337	777	7.72e-160	562	1792311
8198edaacd71248b38f6cb8546d4b1b9	gi|2363086264|ref|NR_181384.1|	89.686	446	37	9	1	443	250	689	2.78e-159	560	2763660
8198edaacd71248b38f6cb8546d4b1b9	gi|444304204|ref|NR_074629.1|	89.310	449	36	9	1	443	341	783	4.65e-157	553	1515
8198edaacd71248b38f6cb8546d4b1b9	gi|631251959|ref|NR_113157.1|	89.310	449	36	9	1	443	341	783	4.65e-157	553	1515
8198edaacd71248b38f6cb8546d4b1b9	gi|343200549|ref|NR_041236.1|	89.165	443	46	2	1	443	321	761	1.67e-156	551	1122184
8198edaacd71248b38f6cb8546d4b1b9	gi|2363084120|ref|NR_180309.1|	89.087	449	37	9	1	443	289	731	2.16e-155	547	2487273
8198edaacd71248b38f6cb8546d4b1b9	gi|785794309|ref|NG_041947.1|	89.062	448	39	10	1	443	469	911	2.16e-155	547	394503
8198edaacd71248b38f6cb8546d4b1b9	gi|785497611|ref|NR_102768.2|	89.062	448	39	10	1	443	330	772	2.16e-155	547	1521
8198edaacd71248b38f6cb8546d4b1b9	gi|631252162|ref|NR_113360.1|	89.087	449	37	12	1	443	339	781	2.16e-155	547	1121303
8198edaacd71248b38f6cb8546d4b1b9	gi|645319736|ref|NR_117111.1|	89.087	449	37	12	1	443	336	778	2.16e-155	547	29371
f69945ac7f04b49a897c52f3887e1171	gi|3030611230|ref|NR_199906.1|	97.045	440	13	0	1	440	354	793	0.0	741	3123317
f69945ac7f04b49a897c52f3887e1171	gi|3030611314|ref|NR_199990.1|	97.045	440	13	0	1	440	350	789	0.0	741	3123317
f69945ac7f04b49a897c52f3887e1171	gi|1384992331|ref|NR_156080.1|	97.045	440	13	0	1	440	336	775	0.0	741	1469948
f69945ac7f04b49a897c52f3887e1171	gi|1384992328|ref|NR_156077.1|	97.045	440	13	0	1	440	336	775	0.0	741	1469948
f69945ac7f04b49a897c52f3887e1171	gi|2363082679|ref|NR_179587.1|	96.818	440	14	0	1	440	328	767	0.0	736	1926283
f69945ac7f04b49a897c52f3887e1171	gi|1384992332|ref|NR_156081.1|	96.818	440	14	0	1	440	336	775	0.0	736	1469948
f69945ac7f04b49a897c52f3887e1171	gi|1384992329|ref|NR_156078.1|	96.818	440	14	0	1	440	336	775	0.0	736	1469948
f69945ac7f04b49a897c52f3887e1171	gi|2363081854|ref|NR_179173.1|	96.818	440	14	0	1	440	333	772	0.0	736	2126740
f69945ac7f04b49a897c52f3887e1171	gi|631253128|ref|NR_114326.1|	96.818	440	14	0	1	440	334	773	0.0	736	1150298
f69945ac7f04b49a897c52f3887e1171	gi|1193829153|ref|NR_147396.1|	96.364	440	16	0	1	440	328	767	0.0	725	1917870
44be78a28397806b130b95481b2214bf	gi|343200655|ref|NR_041342.1|	98.478	460	7	0	1	460	336	795	0.0	811	823
44be78a28397806b130b95481b2214bf	gi|444303953|ref|NR_074376.1|	97.609	460	11	0	1	460	351	810	0.0	789	435591
44be78a28397806b130b95481b2214bf	gi|2363082619|ref|NR_179556.1|	93.043	460	32	0	1	460	316	775	0.0	673	1871013
44be78a28397806b130b95481b2214bf	gi|1811131517|ref|NR_165699.1|	92.826	460	33	0	1	460	336	795	0.0	667	2685834
44be78a28397806b130b95481b2214bf	gi|631251637|ref|NR_112835.1|	92.391	460	34	1	1	460	336	794	0.0	654	574930
44be78a28397806b130b95481b2214bf	gi|2363082715|ref|NR_179605.1|	92.174	460	36	0	1	460	316	775	0.0	651	1944636
44be78a28397806b130b95481b2214bf	gi|974142265|ref|NR_134785.1|	91.739	460	38	0	1	460	336	795	0.0	641	1217282
44be78a28397806b130b95481b2214bf	gi|2363086049|ref|NR_181277.1|	91.739	460	38	0	1	460	309	768	0.0	640	2753162
44be78a28397806b130b95481b2214bf	gi|631252010|ref|NR_113208.1|	91.739	460	38	0	1	460	336	795	0.0	640	871327
44be78a28397806b130b95481b2214bf	gi|645322411|ref|NR_119166.1|	91.304	460	40	0	1	460	319	778	2.17e-180	630	411477
e7bb2125d08125fcf9cd0067725d4920	gi|566085203|ref|NR_109014.1|	99.318	440	3	0	1	440	195	634	0.0	797	871665
e7bb2125d08125fcf9cd0067725d4920	gi|2363082673|ref|NR_179584.1|	98.864	440	5	0	1	440	327	766	0.0	787	1917888
e7bb2125d08125fcf9cd0067725d4920	gi|631252033|ref|NR_113231.1|	97.955	440	9	0	1	440	347	786	0.0	763	536633
e7bb2125d08125fcf9cd0067725d4920	gi|631251591|ref|NR_112789.1|	97.955	440	9	0	1	440	333	772	0.0	763	536633
e7bb2125d08125fcf9cd0067725d4920	gi|2363084170|ref|NR_180334.1|	97.052	441	11	2	1	440	253	692	0.0	741	2763028
e7bb2125d08125fcf9cd0067725d4920	gi|2363086300|ref|NR_181402.1|	97.052	441	11	2	1	440	300	739	0.0	741	2763028
e7bb2125d08125fcf9cd0067725d4920	gi|631252072|ref|NR_113270.1|	97.045	440	13	0	1	440	348	787	0.0	741	1121114
e7bb2125d08125fcf9cd0067725d4920	gi|645320731|ref|NR_117867.1|	97.045	440	13	0	1	440	300	739	0.0	741	871664
e7bb2125d08125fcf9cd0067725d4920	gi|559795114|ref|NR_104700.1|	97.045	440	13	0	1	440	348	787	0.0	741	33035
e7bb2125d08125fcf9cd0067725d4920	gi|219846720|ref|NR_026312.1|	96.818	440	14	0	1	440	327	766	0.0	737	180164
e75728fd9057a1cdcb3a53d5c651c4da	gi|631253128|ref|NR_114326.1|	99.545	440	2	0	1	440	334	773	0.0	802	1150298
e75728fd9057a1cdcb3a53d5c651c4da	gi|2363087259|ref|NR_181885.1|	96.818	440	14	0	1	440	335	774	0.0	737	2885351
e75728fd9057a1cdcb3a53d5c651c4da	gi|974142252|ref|NR_134772.1|	96.591	440	15	0	1	440	297	736	0.0	730	1337051
e75728fd9057a1cdcb3a53d5c651c4da	gi|343205837|ref|NR_044289.1|	96.364	440	16	0	1	440	328	767	0.0	725	460384
e75728fd9057a1cdcb3a53d5c651c4da	gi|3030611230|ref|NR_199906.1|	96.136	440	17	0	1	440	354	793	0.0	719	3123317
e75728fd9057a1cdcb3a53d5c651c4da	gi|2363085103|ref|NR_180800.1|	96.136	440	17	0	1	440	347	786	0.0	719	2652274
e75728fd9057a1cdcb3a53d5c651c4da	gi|3030611314|ref|NR_199990.1|	96.136	440	17	0	1	440	350	789	0.0	719	3123317
e75728fd9057a1cdcb3a53d5c651c4da	gi|1384992331|ref|NR_156080.1|	96.136	440	17	0	1	440	336	775	0.0	719	1469948
e75728fd9057a1cdcb3a53d5c651c4da	gi|1384992328|ref|NR_156077.1|	96.136	440	17	0	1	440	336	775	0.0	719	1469948
e75728fd9057a1cdcb3a53d5c651c4da	gi|1116030273|ref|NR_144731.1|	96.136	440	17	0	1	440	347	786	0.0	719	1720294
d424ac1927f126d885573ee52bf31c0e	gi|645320257|ref|NR_117506.1|	99.326	445	3	0	1	445	311	755	0.0	806	216816
d424ac1927f126d885573ee52bf31c0e	gi|545589064|ref|NR_044691.2|	99.101	445	4	0	1	445	341	785	0.0	802	216816
d424ac1927f126d885573ee52bf31c0e	gi|1137647753|ref|NR_145535.1|	99.101	445	4	0	1	445	319	763	0.0	800	1931217
d424ac1927f126d885573ee52bf31c0e	gi|343202943|ref|NR_043437.1|	99.101	445	4	0	1	445	328	772	0.0	800	1682
d424ac1927f126d885573ee52bf31c0e	gi|2180566473|ref|NR_174313.1|	98.427	445	7	0	1	445	331	775	0.0	784	2650773
d424ac1927f126d885573ee52bf31c0e	gi|2363087087|ref|NR_181799.1|	98.202	445	8	0	1	445	330	774	0.0	778	2809026
d424ac1927f126d885573ee52bf31c0e	gi|545589069|ref|NR_044693.2|	97.753	445	10	0	1	445	339	783	0.0	778	1695
d424ac1927f126d885573ee52bf31c0e	gi|1040567047|ref|NR_137396.1|	97.528	445	11	0	1	445	264	708	0.0	761	1798158
d424ac1927f126d885573ee52bf31c0e	gi|2363084292|ref|NR_180396.1|	97.528	445	11	0	1	445	330	774	0.0	761	2306975
d424ac1927f126d885573ee52bf31c0e	gi|1491520099|ref|NR_159261.1|	97.309	446	11	1	1	445	262	707	0.0	756	2052941
1dfafacfc707167466a2fb614e3c2758	gi|2363082569|ref|NR_179531.1|	94.820	444	19	4	1	442	347	788	0.0	689	1852369
1dfafacfc707167466a2fb614e3c2758	gi|2363082168|ref|NR_179330.1|	94.570	442	24	0	1	442	327	768	0.0	684	2714355
1dfafacfc707167466a2fb614e3c2758	gi|2363082165|ref|NR_179329.1|	94.344	442	25	0	1	442	327	768	0.0	678	2714353
1dfafacfc707167466a2fb614e3c2758	gi|2363082342|ref|NR_179418.1|	93.905	443	26	1	1	442	348	790	0.0	667	1673721
1dfafacfc707167466a2fb614e3c2758	gi|645321110|ref|NR_118156.1|	92.584	445	27	5	1	442	304	745	0.0	634	1007096
1dfafacfc707167466a2fb614e3c2758	gi|1269801610|ref|NR_074793.2|	92.325	443	32	2	1	442	355	796	7.49e-180	628	351091
1dfafacfc707167466a2fb614e3c2758	gi|343200653|ref|NR_041340.1|	92.325	443	32	2	1	442	328	769	7.49e-180	628	351091
1dfafacfc707167466a2fb614e3c2758	gi|2260349448|ref|NR_176530.1|	91.910	445	30	5	1	442	358	799	1.62e-176	617	2093857
1dfafacfc707167466a2fb614e3c2758	gi|2363084741|ref|NR_180619.1|	91.874	443	35	1	1	442	347	789	1.62e-176	617	2779352
1dfafacfc707167466a2fb614e3c2758	gi|2363082559|ref|NR_179526.1|	91.910	445	30	5	1	442	349	790	1.62e-176	617	1841866
6ffc731651faa4d0d9c2c8a56cf4b9e1	gi|444304209|ref|NR_074634.1|	99.318	440	3	0	1	440	350	789	0.0	797	515619
6ffc731651faa4d0d9c2c8a56cf4b9e1	gi|343198540|ref|NR_042832.1|	98.186	441	7	1	1	440	330	770	0.0	769	301302
6ffc731651faa4d0d9c2c8a56cf4b9e1	gi|1227086116|ref|NR_148619.1|	97.738	442	8	2	1	440	301	742	0.0	760	1712665
6ffc731651faa4d0d9c2c8a56cf4b9e1	gi|645320588|ref|NR_117758.1|	97.285	442	10	1	1	440	322	763	0.0	749	166486
6ffc731651faa4d0d9c2c8a56cf4b9e1	gi|228716944|ref|NR_027557.1|	97.285	442	10	1	1	440	343	784	0.0	749	536231
6ffc731651faa4d0d9c2c8a56cf4b9e1	gi|444439494|ref|NR_074809.1|	97.279	441	11	1	1	440	350	790	0.0	747	585394
6ffc731651faa4d0d9c2c8a56cf4b9e1	gi|343201282|ref|NR_042008.1|	97.052	441	11	2	1	440	341	780	0.0	741	585394
6ffc731651faa4d0d9c2c8a56cf4b9e1	gi|2363085153|ref|NR_180825.1|	96.825	441	13	1	1	440	347	787	0.0	736	2605790
6ffc731651faa4d0d9c2c8a56cf4b9e1	gi|219846723|ref|NR_026315.1|	96.818	440	14	0	1	440	317	756	0.0	736	46206
6ffc731651faa4d0d9c2c8a56cf4b9e1	gi|2363086282|ref|NR_181393.1|	96.591	440	15	0	1	440	290	729	0.0	730	2763664
334d36dfc78ce3d80398868a3b9c9f0c	gi|645321789|ref|NR_118673.1|	98.636	440	6	0	1	440	354	793	0.0	787	39488
334d36dfc78ce3d80398868a3b9c9f0c	gi|2363080125|ref|NR_178281.1|	98.864	440	5	0	1	440	340	779	0.0	785	105843
334d36dfc78ce3d80398868a3b9c9f0c	gi|219856842|ref|NR_024661.1|	95.011	441	20	2	1	440	361	800	0.0	691	42322
334d36dfc78ce3d80398868a3b9c9f0c	gi|343198925|ref|NR_044049.1|	94.545	440	24	0	1	440	316	755	0.0	680	33043
334d36dfc78ce3d80398868a3b9c9f0c	gi|2363086278|ref|NR_181391.1|	94.331	441	23	2	1	440	249	688	0.0	675	2763670
334d36dfc78ce3d80398868a3b9c9f0c	gi|645322302|ref|NR_119085.1|	94.344	442	19	5	1	440	347	784	0.0	673	29364
334d36dfc78ce3d80398868a3b9c9f0c	gi|559795246|ref|NR_104836.1|	94.104	441	24	2	1	440	333	772	0.0	669	706562
334d36dfc78ce3d80398868a3b9c9f0c	gi|219846511|ref|NR_026103.1|	93.891	442	23	4	1	440	316	755	0.0	664	37658
334d36dfc78ce3d80398868a3b9c9f0c	gi|1277396183|ref|NR_151894.1|	93.891	442	23	4	1	440	335	774	0.0	664	433293
334d36dfc78ce3d80398868a3b9c9f0c	gi|645321792|ref|NR_118676.1|	93.424	441	27	2	1	440	370	809	0.0	662	39497
db8f7d4d04c48cf718bdacb9f303163e	gi|2363086278|ref|NR_181391.1|	99.318	440	3	0	1	440	249	688	0.0	797	2763670
db8f7d4d04c48cf718bdacb9f303163e	gi|219856842|ref|NR_024661.1|	97.045	440	13	0	1	440	361	800	0.0	741	42322
db8f7d4d04c48cf718bdacb9f303163e	gi|343198925|ref|NR_044049.1|	95.000	440	22	0	1	440	316	755	0.0	691	33043
db8f7d4d04c48cf718bdacb9f303163e	gi|2363085925|ref|NR_181215.1|	94.773	440	23	0	1	440	331	770	0.0	686	2738446
db8f7d4d04c48cf718bdacb9f303163e	gi|631252121|ref|NR_113319.1|	94.545	440	24	0	1	440	350	789	0.0	680	645466
db8f7d4d04c48cf718bdacb9f303163e	gi|943392602|ref|NR_117139.2|	94.318	440	25	0	1	440	346	785	0.0	675	649756
db8f7d4d04c48cf718bdacb9f303163e	gi|943392601|ref|NR_117138.2|	94.318	440	25	0	1	440	346	785	0.0	675	649756
db8f7d4d04c48cf718bdacb9f303163e	gi|559795210|ref|NR_104799.1|	94.318	440	25	0	1	440	338	777	0.0	675	649756
db8f7d4d04c48cf718bdacb9f303163e	gi|636560803|ref|NR_116863.1|	94.331	441	24	1	1	440	337	777	0.0	675	645466
db8f7d4d04c48cf718bdacb9f303163e	gi|343202586|ref|NR_042953.1|	94.318	440	25	0	1	440	308	747	0.0	675	264463
2559ddd39300db4e73650c71afebcc93	gi|2363086278|ref|NR_181391.1|	99.318	440	3	0	1	440	249	688	0.0	797	2763670
2559ddd39300db4e73650c71afebcc93	gi|219856842|ref|NR_024661.1|	97.045	440	13	0	1	440	361	800	0.0	741	42322
2559ddd39300db4e73650c71afebcc93	gi|343198925|ref|NR_044049.1|	95.000	440	22	0	1	440	316	755	0.0	691	33043
2559ddd39300db4e73650c71afebcc93	gi|2363085925|ref|NR_181215.1|	94.773	440	23	0	1	440	331	770	0.0	686	2738446
2559ddd39300db4e73650c71afebcc93	gi|631252121|ref|NR_113319.1|	94.545	440	24	0	1	440	350	789	0.0	680	645466
2559ddd39300db4e73650c71afebcc93	gi|943392602|ref|NR_117139.2|	94.318	440	25	0	1	440	346	785	0.0	675	649756
2559ddd39300db4e73650c71afebcc93	gi|943392601|ref|NR_117138.2|	94.318	440	25	0	1	440	346	785	0.0	675	649756
2559ddd39300db4e73650c71afebcc93	gi|559795210|ref|NR_104799.1|	94.318	440	25	0	1	440	338	777	0.0	675	649756
2559ddd39300db4e73650c71afebcc93	gi|636560803|ref|NR_116863.1|	94.331	441	24	1	1	440	337	777	0.0	675	645466
2559ddd39300db4e73650c71afebcc93	gi|343202586|ref|NR_042953.1|	94.318	440	25	0	1	440	308	747	0.0	675	264463
802c2d4bcbf412a0a5343b6268ee99f6	gi|631251734|ref|NR_112932.1|	99.783	460	1	0	1	460	328	787	0.0	845	47678
802c2d4bcbf412a0a5343b6268ee99f6	gi|219846650|ref|NR_026242.1|	99.783	460	1	0	1	460	318	777	0.0	845	47678
802c2d4bcbf412a0a5343b6268ee99f6	gi|631251869|ref|NR_113067.1|	97.609	460	11	0	1	460	325	784	0.0	789	1077285
802c2d4bcbf412a0a5343b6268ee99f6	gi|343200626|ref|NR_041313.1|	97.609	460	11	0	1	460	340	799	0.0	789	338188
802c2d4bcbf412a0a5343b6268ee99f6	gi|645320100|ref|NR_117387.1|	97.391	460	12	0	1	460	320	779	0.0	784	1077285
802c2d4bcbf412a0a5343b6268ee99f6	gi|631251749|ref|NR_112947.1|	97.174	460	13	0	1	460	326	785	0.0	780	657309
802c2d4bcbf412a0a5343b6268ee99f6	gi|2363084431|ref|NR_180463.1|	97.174	460	13	0	1	460	340	799	0.0	778	2650158
802c2d4bcbf412a0a5343b6268ee99f6	gi|2363084421|ref|NR_180458.1|	97.174	460	13	0	1	460	340	799	0.0	778	2650157
802c2d4bcbf412a0a5343b6268ee99f6	gi|631251733|ref|NR_112931.1|	97.174	460	13	0	1	460	340	799	0.0	778	85831
802c2d4bcbf412a0a5343b6268ee99f6	gi|343201773|ref|NR_042499.1|	97.174	460	13	0	1	460	294	753	0.0	778	657309
a6fe3688413a61558b5d629868808b5d	gi|265678854|ref|NR_029160.1|	99.545	440	2	0	1	440	293	732	0.0	802	40519
a6fe3688413a61558b5d629868808b5d	gi|507148077|ref|NR_102884.1|	95.249	442	17	4	1	440	331	770	0.0	697	213810
a6fe3688413a61558b5d629868808b5d	gi|219846341|ref|NR_025931.1|	95.023	442	18	4	1	440	308	747	0.0	691	1265
a6fe3688413a61558b5d629868808b5d	gi|636558832|ref|NR_114889.1|	94.570	442	19	5	1	440	277	715	0.0	678	213810
a6fe3688413a61558b5d629868808b5d	gi|3248465648|ref|NR_201660.1|	94.357	443	19	5	1	440	319	758	0.0	675	3417630
a6fe3688413a61558b5d629868808b5d	gi|3248465644|ref|NR_201656.1|	92.955	440	31	0	1	440	329	768	0.0	641	3417633
a6fe3688413a61558b5d629868808b5d	gi|1864207164|ref|NR_169458.1|	91.855	442	32	4	1	440	345	784	2.09e-175	614	2164149
a6fe3688413a61558b5d629868808b5d	gi|444303976|ref|NR_074399.1|	91.364	440	38	0	1	440	333	772	4.52e-172	603	697329
a6fe3688413a61558b5d629868808b5d	gi|631251834|ref|NR_113032.1|	91.364	440	38	0	1	440	333	772	4.52e-172	603	1264
a6fe3688413a61558b5d629868808b5d	gi|636559173|ref|NR_115230.1|	91.364	440	38	0	1	440	333	772	4.52e-172	603	697329
f8906ee9fb028508ee3fea3464b832fb	gi|2363086290|ref|NR_181397.1|	95.918	441	16	2	1	440	303	742	0.0	713	2763671
f8906ee9fb028508ee3fea3464b832fb	gi|3030611230|ref|NR_199906.1|	95.682	440	19	0	1	440	354	793	0.0	708	3123317
f8906ee9fb028508ee3fea3464b832fb	gi|3030611314|ref|NR_199990.1|	95.682	440	19	0	1	440	350	789	0.0	708	3123317
f8906ee9fb028508ee3fea3464b832fb	gi|1384992331|ref|NR_156080.1|	95.682	440	19	0	1	440	336	775	0.0	708	1469948
f8906ee9fb028508ee3fea3464b832fb	gi|1384992328|ref|NR_156077.1|	95.682	440	19	0	1	440	336	775	0.0	708	1469948
f8906ee9fb028508ee3fea3464b832fb	gi|2836274880|ref|NR_197643.1|	95.455	440	20	0	1	440	329	768	0.0	702	2962432
f8906ee9fb028508ee3fea3464b832fb	gi|1193829153|ref|NR_147396.1|	95.485	443	14	6	1	440	328	767	0.0	702	1917870
f8906ee9fb028508ee3fea3464b832fb	gi|1384992332|ref|NR_156081.1|	95.455	440	20	0	1	440	336	775	0.0	702	1469948
f8906ee9fb028508ee3fea3464b832fb	gi|1384992329|ref|NR_156078.1|	95.455	440	20	0	1	440	336	775	0.0	702	1469948
f8906ee9fb028508ee3fea3464b832fb	gi|2363080261|ref|NR_178356.1|	95.465	441	18	2	1	440	313	752	0.0	702	558153
ab45ddbf542c30a6f5bcf5ee7e8c5433	gi|631251955|ref|NR_113153.1|	99.565	460	2	0	1	460	334	793	0.0	839	328814
ab45ddbf542c30a6f5bcf5ee7e8c5433	gi|343202834|ref|NR_043319.1|	99.348	460	3	0	1	460	323	782	0.0	835	717959
ab45ddbf542c30a6f5bcf5ee7e8c5433	gi|507148054|ref|NR_102861.1|	99.348	460	3	0	1	460	334	793	0.0	833	717959
ab45ddbf542c30a6f5bcf5ee7e8c5433	gi|507148137|ref|NR_102944.1|	98.261	460	8	0	1	460	334	793	0.0	806	214856
ab45ddbf542c30a6f5bcf5ee7e8c5433	gi|343198609|ref|NR_043064.1|	98.261	460	8	0	1	460	314	773	0.0	806	214856
ab45ddbf542c30a6f5bcf5ee7e8c5433	gi|631251952|ref|NR_113150.1|	98.043	460	9	0	1	460	334	793	0.0	800	214856
ab45ddbf542c30a6f5bcf5ee7e8c5433	gi|636559243|ref|NR_115300.1|	97.826	460	10	0	1	460	314	773	0.0	795	679935
ab45ddbf542c30a6f5bcf5ee7e8c5433	gi|2363086959|ref|NR_181736.1|	97.609	460	11	0	1	460	334	793	0.0	789	2834113
ab45ddbf542c30a6f5bcf5ee7e8c5433	gi|645321193|ref|NR_118219.1|	97.174	460	13	0	1	460	332	791	0.0	778	1033732
ab45ddbf542c30a6f5bcf5ee7e8c5433	gi|2363082505|ref|NR_179499.1|	96.957	460	14	0	1	460	342	801	0.0	773	2364787
39d11916fd4a56ff843334568a0177c5	gi|343200590|ref|NR_041277.1|	99.130	460	4	0	1	460	339	798	0.0	828	484018
39d11916fd4a56ff843334568a0177c5	gi|2221405488|ref|NR_175548.1|	96.095	461	16	2	1	460	346	805	0.0	750	2739389
39d11916fd4a56ff843334568a0177c5	gi|1116030286|ref|NR_144744.1|	94.348	460	26	0	1	460	339	798	0.0	708	1841856
39d11916fd4a56ff843334568a0177c5	gi|343200591|ref|NR_041278.1|	92.826	460	33	0	1	460	339	798	0.0	667	470145
39d11916fd4a56ff843334568a0177c5	gi|2363082641|ref|NR_179567.1|	92.609	460	34	0	1	460	339	798	0.0	664	1907658
39d11916fd4a56ff843334568a0177c5	gi|444304192|ref|NR_074616.1|	92.391	460	35	0	1	460	341	800	0.0	656	376805
39d11916fd4a56ff843334568a0177c5	gi|343200760|ref|NR_041447.1|	92.391	460	35	0	1	460	326	785	0.0	656	376805
39d11916fd4a56ff843334568a0177c5	gi|1146059112|ref|NR_145844.1|	92.208	462	32	4	1	460	339	798	0.0	651	1411144
39d11916fd4a56ff843334568a0177c5	gi|631251740|ref|NR_112938.1|	91.757	461	36	2	1	460	326	785	0.0	640	204516
39d11916fd4a56ff843334568a0177c5	gi|343198509|ref|NR_042745.1|	91.757	461	36	2	1	460	338	797	0.0	640	204516
bd223836f0465bf5830340bac2a6dd65	gi|3248465644|ref|NR_201656.1|	95.011	441	20	2	1	440	329	768	0.0	691	3417633
bd223836f0465bf5830340bac2a6dd65	gi|507148077|ref|NR_102884.1|	93.636	440	28	0	1	440	331	770	0.0	658	213810
bd223836f0465bf5830340bac2a6dd65	gi|3248465648|ref|NR_201660.1|	93.424	441	27	2	1	440	319	758	0.0	652	3417630
bd223836f0465bf5830340bac2a6dd65	gi|2363082601|ref|NR_179547.1|	93.409	440	29	0	1	440	347	786	0.0	652	1870991
bd223836f0465bf5830340bac2a6dd65	gi|636558832|ref|NR_114889.1|	93.409	440	28	1	1	440	277	715	0.0	651	213810
bd223836f0465bf5830340bac2a6dd65	gi|444303976|ref|NR_074399.1|	93.182	440	30	0	1	440	333	772	0.0	647	697329
bd223836f0465bf5830340bac2a6dd65	gi|631251834|ref|NR_113032.1|	93.182	440	30	0	1	440	333	772	0.0	647	1264
bd223836f0465bf5830340bac2a6dd65	gi|636559173|ref|NR_115230.1|	93.182	440	30	0	1	440	333	772	0.0	647	697329
bd223836f0465bf5830340bac2a6dd65	gi|219846339|ref|NR_025929.1|	93.182	440	30	0	1	440	328	767	0.0	647	697329
bd223836f0465bf5830340bac2a6dd65	gi|265679047|ref|NR_029355.1|	92.955	440	31	0	1	440	332	771	0.0	641	84026
926fd7e5569da3c6943fcef4f9c0fb2a	gi|2363085097|ref|NR_180797.1|	97.279	441	10	2	1	440	346	785	0.0	747	2605778
926fd7e5569da3c6943fcef4f9c0fb2a	gi|2363082679|ref|NR_179587.1|	95.909	440	18	0	1	440	328	767	0.0	713	1926283
926fd7e5569da3c6943fcef4f9c0fb2a	gi|2363081854|ref|NR_179173.1|	95.909	440	18	0	1	440	333	772	0.0	713	2126740
926fd7e5569da3c6943fcef4f9c0fb2a	gi|2363086234|ref|NR_181369.1|	95.701	442	15	4	1	440	335	774	0.0	708	2784388
926fd7e5569da3c6943fcef4f9c0fb2a	gi|1193829153|ref|NR_147396.1|	95.455	440	20	0	1	440	328	767	0.0	702	1917870
926fd7e5569da3c6943fcef4f9c0fb2a	gi|631253128|ref|NR_114326.1|	95.475	442	16	4	1	440	334	773	0.0	702	1150298
926fd7e5569da3c6943fcef4f9c0fb2a	gi|645321072|ref|NR_118128.1|	95.475	442	16	4	1	440	174	613	0.0	702	1531
926fd7e5569da3c6943fcef4f9c0fb2a	gi|631252212|ref|NR_113410.1|	95.475	442	16	4	1	440	257	696	0.0	702	208479
926fd7e5569da3c6943fcef4f9c0fb2a	gi|343201474|ref|NR_042200.1|	95.485	443	14	6	1	440	318	757	0.0	702	333367
926fd7e5569da3c6943fcef4f9c0fb2a	gi|219878428|ref|NR_025567.1|	95.475	442	16	4	1	440	348	787	0.0	702	208479
6c99715c73e8a6b2ad8b0241a56f0011	gi|343198636|ref|NR_043142.1|	99.323	443	3	0	1	443	323	765	0.0	802	292800
6c99715c73e8a6b2ad8b0241a56f0011	gi|265679048|ref|NR_029356.1|	99.323	443	3	0	1	443	336	778	0.0	802	292800
6c99715c73e8a6b2ad8b0241a56f0011	gi|2363084741|ref|NR_180619.1|	97.517	443	11	0	1	443	347	789	0.0	758	2779352
6c99715c73e8a6b2ad8b0241a56f0011	gi|219846080|ref|NR_025670.1|	96.163	443	17	0	1	443	329	771	0.0	725	411467
6c99715c73e8a6b2ad8b0241a56f0011	gi|2136551692|ref|NR_173697.1|	96.163	443	16	1	1	443	349	790	0.0	723	2108523
6c99715c73e8a6b2ad8b0241a56f0011	gi|1193829127|ref|NR_147370.1|	95.937	443	18	0	1	443	349	791	0.0	719	1870988
6c99715c73e8a6b2ad8b0241a56f0011	gi|2363082326|ref|NR_179410.1|	95.937	443	18	0	1	443	349	791	0.0	719	1650661
6c99715c73e8a6b2ad8b0241a56f0011	gi|3030611323|ref|NR_199999.1|	95.711	443	19	0	1	443	301	743	0.0	713	3133422
6c99715c73e8a6b2ad8b0241a56f0011	gi|2363082358|ref|NR_179426.1|	95.711	443	19	0	1	443	349	791	0.0	713	1702285
6c99715c73e8a6b2ad8b0241a56f0011	gi|2363082342|ref|NR_179418.1|	95.260	443	21	0	1	443	348	790	0.0	702	1673721
73352e29e7c3b7f163d3dc70afa6932a	gi|2136551593|ref|NR_173596.1|	99.093	441	3	1	1	440	301	741	0.0	791	1703332
73352e29e7c3b7f163d3dc70afa6932a	gi|2363086282|ref|NR_181393.1|	98.409	440	7	0	1	440	290	729	0.0	774	2763664
73352e29e7c3b7f163d3dc70afa6932a	gi|2363086284|ref|NR_181394.1|	97.045	440	13	0	1	440	306	745	0.0	741	2763668
73352e29e7c3b7f163d3dc70afa6932a	gi|444439494|ref|NR_074809.1|	96.599	441	14	1	1	440	350	790	0.0	730	585394
73352e29e7c3b7f163d3dc70afa6932a	gi|343198540|ref|NR_042832.1|	96.599	441	14	1	1	440	330	770	0.0	730	301302
73352e29e7c3b7f163d3dc70afa6932a	gi|645320588|ref|NR_117758.1|	96.380	442	14	1	1	440	322	763	0.0	726	166486
73352e29e7c3b7f163d3dc70afa6932a	gi|228716944|ref|NR_027557.1|	96.380	442	14	1	1	440	343	784	0.0	726	536231
73352e29e7c3b7f163d3dc70afa6932a	gi|343201282|ref|NR_042008.1|	96.372	441	14	2	1	440	341	780	0.0	725	585394
73352e29e7c3b7f163d3dc70afa6932a	gi|2363085149|ref|NR_180823.1|	95.909	440	18	0	1	440	357	796	0.0	713	2606634
73352e29e7c3b7f163d3dc70afa6932a	gi|444304209|ref|NR_074634.1|	95.909	440	18	0	1	440	350	789	0.0	713	515619
4e3a8782e41958842536810cfa083cc5	gi|2363082288|ref|NR_179391.1|	97.727	440	10	0	1	440	332	771	0.0	758	1499684
4e3a8782e41958842536810cfa083cc5	gi|1116030238|ref|NR_144696.1|	97.727	440	10	0	1	440	333	772	0.0	758	1414720
4e3a8782e41958842536810cfa083cc5	gi|219846899|ref|NR_026491.1|	97.727	440	10	0	1	440	319	758	0.0	758	84024
4e3a8782e41958842536810cfa083cc5	gi|219846557|ref|NR_026149.1|	97.273	440	12	0	1	440	325	764	0.0	747	36850
4e3a8782e41958842536810cfa083cc5	gi|219846575|ref|NR_026167.1|	96.606	442	12	2	1	440	246	686	0.0	734	36834
4e3a8782e41958842536810cfa083cc5	gi|631252127|ref|NR_113325.1|	96.364	440	16	0	1	440	333	772	0.0	725	1559
4e3a8782e41958842536810cfa083cc5	gi|219846898|ref|NR_026490.1|	96.364	440	16	0	1	440	320	759	0.0	725	84031
4e3a8782e41958842536810cfa083cc5	gi|310975222|ref|NR_037086.1|	96.364	440	16	0	1	440	316	755	0.0	725	1559
4e3a8782e41958842536810cfa083cc5	gi|636558671|ref|NR_114728.1|	96.364	440	16	0	1	440	287	726	0.0	725	1559
4e3a8782e41958842536810cfa083cc5	gi|219846429|ref|NR_026020.1|	96.136	440	17	0	1	440	333	772	0.0	719	1504
3bc83964d27a26f4944f371e4349dade	gi|343200590|ref|NR_041277.1|	99.348	460	3	0	1	460	339	798	0.0	833	484018
3bc83964d27a26f4944f371e4349dade	gi|2221405488|ref|NR_175548.1|	96.104	462	14	4	1	460	346	805	0.0	750	2739389
3bc83964d27a26f4944f371e4349dade	gi|1116030286|ref|NR_144744.1|	94.348	460	26	0	1	460	339	798	0.0	708	1841856
3bc83964d27a26f4944f371e4349dade	gi|343200591|ref|NR_041278.1|	93.043	460	32	0	1	460	339	798	0.0	673	470145
3bc83964d27a26f4944f371e4349dade	gi|2363082641|ref|NR_179567.1|	92.609	460	34	0	1	460	339	798	0.0	664	1907658
3bc83964d27a26f4944f371e4349dade	gi|444304192|ref|NR_074616.1|	92.609	460	34	0	1	460	341	800	0.0	662	376805
3bc83964d27a26f4944f371e4349dade	gi|343200760|ref|NR_041447.1|	92.609	460	34	0	1	460	326	785	0.0	662	376805
3bc83964d27a26f4944f371e4349dade	gi|1146059112|ref|NR_145844.1|	91.991	462	33	4	1	460	339	798	0.0	645	1411144
3bc83964d27a26f4944f371e4349dade	gi|631251740|ref|NR_112938.1|	91.757	461	36	2	1	460	326	785	0.0	640	204516
3bc83964d27a26f4944f371e4349dade	gi|343198509|ref|NR_042745.1|	91.757	461	36	2	1	460	338	797	0.0	640	204516
56a2d5db28d7be0d0de2ab634bd035fc	gi|939733298|ref|NR_133025.1|	99.783	460	1	0	1	460	275	734	0.0	845	2585118
56a2d5db28d7be0d0de2ab634bd035fc	gi|631251954|ref|NR_113152.1|	95.652	460	20	0	1	460	337	796	0.0	739	28117
56a2d5db28d7be0d0de2ab634bd035fc	gi|2363082099|ref|NR_179296.1|	95.217	460	22	0	1	460	324	783	0.0	728	2585119
56a2d5db28d7be0d0de2ab634bd035fc	gi|672239000|ref|NR_125589.1|	95.228	461	20	2	1	460	269	728	0.0	728	1033731
56a2d5db28d7be0d0de2ab634bd035fc	gi|2363086959|ref|NR_181736.1|	95.011	461	21	2	1	460	334	793	0.0	723	2834113
56a2d5db28d7be0d0de2ab634bd035fc	gi|507148054|ref|NR_102861.1|	95.011	461	21	2	1	460	334	793	0.0	723	717959
56a2d5db28d7be0d0de2ab634bd035fc	gi|645321193|ref|NR_118219.1|	95.011	461	21	2	1	460	332	791	0.0	723	1033732
56a2d5db28d7be0d0de2ab634bd035fc	gi|343202834|ref|NR_043319.1|	94.794	461	22	2	1	460	323	782	0.0	719	717959
56a2d5db28d7be0d0de2ab634bd035fc	gi|631251955|ref|NR_113153.1|	94.794	461	22	2	1	460	334	793	0.0	717	328814
56a2d5db28d7be0d0de2ab634bd035fc	gi|2363082505|ref|NR_179499.1|	94.384	463	20	6	1	460	342	801	0.0	706	2364787
f6f3b8ad73208447dfa4873bd8756332	gi|631251737|ref|NR_112935.1|	99.348	460	3	0	1	460	338	797	0.0	833	28111
f6f3b8ad73208447dfa4873bd8756332	gi|343200177|ref|NR_040864.1|	99.348	460	3	0	1	460	336	795	0.0	833	28111
f6f3b8ad73208447dfa4873bd8756332	gi|631251874|ref|NR_113072.1|	96.739	460	15	0	1	460	338	797	0.0	767	1236512
f6f3b8ad73208447dfa4873bd8756332	gi|631251816|ref|NR_113014.1|	96.522	460	16	0	1	460	338	797	0.0	761	1236512
f6f3b8ad73208447dfa4873bd8756332	gi|631252009|ref|NR_113207.1|	96.304	460	17	0	1	460	334	793	0.0	756	1236514
f6f3b8ad73208447dfa4873bd8756332	gi|631251872|ref|NR_113070.1|	96.087	460	18	0	1	460	334	793	0.0	750	742727
f6f3b8ad73208447dfa4873bd8756332	gi|631251697|ref|NR_112895.1|	96.087	460	18	0	1	460	314	773	0.0	750	742727
f6f3b8ad73208447dfa4873bd8756332	gi|631251870|ref|NR_113068.1|	95.870	460	19	0	1	460	336	795	0.0	745	763034
f6f3b8ad73208447dfa4873bd8756332	gi|631251696|ref|NR_112894.1|	95.870	460	19	0	1	460	316	775	0.0	745	763034
f6f3b8ad73208447dfa4873bd8756332	gi|2363086550|ref|NR_181532.1|	95.474	464	13	5	1	460	322	781	0.0	734	2763025
cc09dd2012f9d5ecaaae35c4b48ca312	gi|2621112341|ref|NR_189245.1|	93.258	445	25	5	1	443	363	804	0.0	651	3046383
cc09dd2012f9d5ecaaae35c4b48ca312	gi|2621112340|ref|NR_189244.1|	93.034	445	26	5	1	443	363	804	0.0	645	3046382
cc09dd2012f9d5ecaaae35c4b48ca312	gi|2363086262|ref|NR_181383.1|	89.663	445	43	3	1	443	307	750	2.15e-160	564	2763654
cc09dd2012f9d5ecaaae35c4b48ca312	gi|2363086268|ref|NR_181386.1|	89.414	444	45	2	1	443	303	745	9.99e-159	558	2763655
cc09dd2012f9d5ecaaae35c4b48ca312	gi|1491509619|ref|NR_159150.1|	88.090	445	48	4	1	443	350	791	3.64e-148	523	489973
cc09dd2012f9d5ecaaae35c4b48ca312	gi|265678381|ref|NR_028683.1|	88.143	447	43	9	1	443	328	768	3.64e-148	523	65403
cc09dd2012f9d5ecaaae35c4b48ca312	gi|343200549|ref|NR_041236.1|	87.613	444	51	4	1	443	321	761	7.89e-145	512	1122184
cc09dd2012f9d5ecaaae35c4b48ca312	gi|1491509615|ref|NR_159146.1|	87.387	444	53	3	1	443	348	789	3.67e-143	507	1715347
cc09dd2012f9d5ecaaae35c4b48ca312	gi|219878117|ref|NR_025256.1|	86.771	446	53	5	1	443	313	755	1.71e-141	501	210623
cc09dd2012f9d5ecaaae35c4b48ca312	gi|1315204014|ref|NR_152683.1|	87.220	446	48	7	1	443	327	766	6.14e-141	499	1723361
c186ca74e675cbcab092333b54f7add9	gi|219846340|ref|NR_025930.1|	99.095	442	3	1	1	441	296	737	0.0	793	40518
c186ca74e675cbcab092333b54f7add9	gi|2136551638|ref|NR_173642.1|	97.968	443	7	2	1	441	349	791	0.0	767	2678306
c186ca74e675cbcab092333b54f7add9	gi|2363084544|ref|NR_180520.1|	95.918	441	16	2	1	441	356	794	0.0	713	2564099
c186ca74e675cbcab092333b54f7add9	gi|2363082825|ref|NR_179661.1|	93.002	443	29	2	1	441	342	784	0.0	645	2086583
c186ca74e675cbcab092333b54f7add9	gi|636558732|ref|NR_114789.1|	91.610	441	36	1	1	441	347	786	9.73e-174	608	1535
c186ca74e675cbcab092333b54f7add9	gi|2136551663|ref|NR_173668.1|	91.403	442	35	3	1	441	294	733	4.53e-172	603	2766537
c186ca74e675cbcab092333b54f7add9	gi|3248465687|ref|NR_201701.1|	91.196	443	37	2	1	441	330	772	1.63e-171	601	3435187
c186ca74e675cbcab092333b54f7add9	gi|3248465688|ref|NR_201702.1|	91.196	443	37	2	1	441	328	770	1.63e-171	601	3435000
c186ca74e675cbcab092333b54f7add9	gi|2180566484|ref|NR_174324.1|	91.156	441	38	1	1	441	346	785	2.11e-170	597	2576756
c186ca74e675cbcab092333b54f7add9	gi|3248465658|ref|NR_201672.1|	90.541	444	38	4	1	441	296	738	1.64e-166	584	3381350
f658f07720b05350ca7d5ec7ebf27cca	gi|444304091|ref|NR_074515.1|	99.132	461	2	2	1	460	350	809	0.0	828	435590
f658f07720b05350ca7d5ec7ebf27cca	gi|631251748|ref|NR_112946.1|	99.132	461	2	2	1	460	339	798	0.0	828	821
f658f07720b05350ca7d5ec7ebf27cca	gi|631250946|ref|NR_112143.1|	98.915	461	3	2	1	460	307	766	0.0	822	821
f658f07720b05350ca7d5ec7ebf27cca	gi|343200664|ref|NR_041351.1|	98.696	460	6	0	1	460	341	800	0.0	817	357276
f658f07720b05350ca7d5ec7ebf27cca	gi|631251997|ref|NR_113195.1|	93.696	460	29	0	1	460	338	797	0.0	689	1236515
f658f07720b05350ca7d5ec7ebf27cca	gi|631251866|ref|NR_113064.1|	93.478	460	30	0	1	460	338	797	0.0	684	1236538
f658f07720b05350ca7d5ec7ebf27cca	gi|631251817|ref|NR_113015.1|	93.478	460	30	0	1	460	338	797	0.0	684	1236538
f658f07720b05350ca7d5ec7ebf27cca	gi|645320081|ref|NR_117373.1|	93.478	460	30	0	1	460	289	748	0.0	684	1236515
f658f07720b05350ca7d5ec7ebf27cca	gi|2363085522|ref|NR_181010.1|	93.043	460	32	0	1	460	297	756	0.0	673	2786956
f658f07720b05350ca7d5ec7ebf27cca	gi|2363082773|ref|NR_179635.1|	93.043	460	32	0	1	460	338	797	0.0	673	2024197
9bf798ad19a2dbcf691c1b8cd1202265	gi|343198540|ref|NR_042832.1|	99.546	441	2	0	1	441	330	770	0.0	804	301302
9bf798ad19a2dbcf691c1b8cd1202265	gi|444439494|ref|NR_074809.1|	98.639	441	6	0	1	441	350	790	0.0	782	585394
9bf798ad19a2dbcf691c1b8cd1202265	gi|645320588|ref|NR_117758.1|	98.643	442	5	1	1	441	322	763	0.0	782	166486
9bf798ad19a2dbcf691c1b8cd1202265	gi|228716944|ref|NR_027557.1|	98.643	442	5	1	1	441	343	784	0.0	782	536231
9bf798ad19a2dbcf691c1b8cd1202265	gi|444304209|ref|NR_074634.1|	98.413	441	6	1	1	441	350	789	0.0	774	515619
9bf798ad19a2dbcf691c1b8cd1202265	gi|343201282|ref|NR_042008.1|	98.413	441	6	1	1	441	341	780	0.0	774	585394
9bf798ad19a2dbcf691c1b8cd1202265	gi|1227086116|ref|NR_148619.1|	97.964	442	8	1	1	441	301	742	0.0	765	1712665
9bf798ad19a2dbcf691c1b8cd1202265	gi|343201281|ref|NR_042007.1|	97.748	444	5	5	1	441	343	784	0.0	760	622312
9bf798ad19a2dbcf691c1b8cd1202265	gi|2363086282|ref|NR_181393.1|	97.506	441	10	1	1	441	290	729	0.0	752	2763664
9bf798ad19a2dbcf691c1b8cd1202265	gi|2363085153|ref|NR_180825.1|	97.279	441	12	0	1	441	347	787	0.0	749	2605790
ffda10b2b65f5e7f77de0b491614cb48	gi|507148137|ref|NR_102944.1|	98.913	460	5	0	1	460	334	793	0.0	822	214856
ffda10b2b65f5e7f77de0b491614cb48	gi|636559243|ref|NR_115300.1|	98.913	460	5	0	1	460	314	773	0.0	822	679935
ffda10b2b65f5e7f77de0b491614cb48	gi|343198609|ref|NR_043064.1|	98.913	460	5	0	1	460	314	773	0.0	822	214856
ffda10b2b65f5e7f77de0b491614cb48	gi|631251952|ref|NR_113150.1|	98.696	460	6	0	1	460	334	793	0.0	817	214856
ffda10b2b65f5e7f77de0b491614cb48	gi|631251955|ref|NR_113153.1|	97.609	460	11	0	1	460	334	793	0.0	789	328814
ffda10b2b65f5e7f77de0b491614cb48	gi|343202834|ref|NR_043319.1|	97.391	460	12	0	1	460	323	782	0.0	785	717959
ffda10b2b65f5e7f77de0b491614cb48	gi|507148054|ref|NR_102861.1|	97.391	460	12	0	1	460	334	793	0.0	784	717959
ffda10b2b65f5e7f77de0b491614cb48	gi|631251953|ref|NR_113151.1|	96.957	460	14	0	1	460	338	797	0.0	773	328813
ffda10b2b65f5e7f77de0b491614cb48	gi|343202833|ref|NR_043318.1|	96.957	460	14	0	1	460	324	783	0.0	773	328813
ffda10b2b65f5e7f77de0b491614cb48	gi|672239000|ref|NR_125589.1|	96.522	460	16	0	1	460	269	728	0.0	761	1033731
12744036c5d5b0c2f5c392b1f8d7d224	gi|2363082165|ref|NR_179329.1|	93.454	443	28	1	1	443	327	768	0.0	656	2714353
12744036c5d5b0c2f5c392b1f8d7d224	gi|1109168025|ref|NR_144611.1|	93.002	443	31	0	1	443	282	724	0.0	647	1417852
12744036c5d5b0c2f5c392b1f8d7d224	gi|2363082168|ref|NR_179330.1|	92.777	443	31	1	1	443	327	768	0.0	640	2714355
12744036c5d5b0c2f5c392b1f8d7d224	gi|343206380|ref|NR_044972.1|	92.325	443	34	0	1	443	331	773	0.0	634	44749
12744036c5d5b0c2f5c392b1f8d7d224	gi|645321636|ref|NR_118554.1|	92.117	444	33	2	1	443	329	771	9.71e-179	625	1297617
12744036c5d5b0c2f5c392b1f8d7d224	gi|3030611324|ref|NR_200000.1|	91.874	443	36	0	1	443	301	743	4.52e-177	619	3342383
12744036c5d5b0c2f5c392b1f8d7d224	gi|2363082342|ref|NR_179418.1|	91.874	443	36	0	1	443	348	790	4.52e-177	619	1673721
12744036c5d5b0c2f5c392b1f8d7d224	gi|219857437|ref|NR_025025.1|	91.216	444	35	4	1	443	332	772	3.52e-173	606	100176
12744036c5d5b0c2f5c392b1f8d7d224	gi|2363082352|ref|NR_179423.1|	91.236	445	35	4	1	443	349	791	4.55e-172	603	1689270
12744036c5d5b0c2f5c392b1f8d7d224	gi|1193829127|ref|NR_147370.1|	90.519	443	42	0	1	443	349	791	4.58e-167	586	1870988
f7cb1baa0315603fba7d796e295bebe6	gi|3248465644|ref|NR_201656.1|	96.825	441	13	1	1	441	329	768	0.0	736	3417633
f7cb1baa0315603fba7d796e295bebe6	gi|507148077|ref|NR_102884.1|	95.011	441	21	1	1	441	331	770	0.0	691	213810
f7cb1baa0315603fba7d796e295bebe6	gi|444303976|ref|NR_074399.1|	95.011	441	21	1	1	441	333	772	0.0	691	697329
f7cb1baa0315603fba7d796e295bebe6	gi|631251834|ref|NR_113032.1|	95.011	441	21	1	1	441	333	772	0.0	691	1264
f7cb1baa0315603fba7d796e295bebe6	gi|636559173|ref|NR_115230.1|	95.011	441	21	1	1	441	333	772	0.0	691	697329
f7cb1baa0315603fba7d796e295bebe6	gi|219846339|ref|NR_025929.1|	95.011	441	21	1	1	441	328	767	0.0	691	697329
f7cb1baa0315603fba7d796e295bebe6	gi|636558832|ref|NR_114889.1|	94.785	441	21	2	1	441	277	715	0.0	686	213810
f7cb1baa0315603fba7d796e295bebe6	gi|2363082601|ref|NR_179547.1|	94.331	441	24	1	1	441	347	786	0.0	675	1870991
f7cb1baa0315603fba7d796e295bebe6	gi|3248465648|ref|NR_201660.1|	94.104	441	25	1	1	441	319	758	0.0	669	3417630
f7cb1baa0315603fba7d796e295bebe6	gi|219846341|ref|NR_025931.1|	93.439	442	26	3	1	441	308	747	0.0	652	1265
7612d5f37071d6da538741af36d6dadb	gi|636560687|ref|NR_116747.1|	99.318	440	3	0	1	440	301	740	0.0	797	1298596
7612d5f37071d6da538741af36d6dadb	gi|2363085133|ref|NR_180815.1|	97.045	440	13	0	1	440	350	789	0.0	741	2606633
7612d5f37071d6da538741af36d6dadb	gi|2363083556|ref|NR_180026.1|	97.045	440	13	0	1	440	348	787	0.0	741	2696678
7612d5f37071d6da538741af36d6dadb	gi|1909404440|ref|NR_170495.1|	96.818	440	14	0	1	440	355	794	0.0	736	2509240
7612d5f37071d6da538741af36d6dadb	gi|2363082374|ref|NR_179434.1|	96.818	440	14	0	1	440	349	788	0.0	736	1720300
7612d5f37071d6da538741af36d6dadb	gi|228719063|ref|NR_027579.1|	96.591	440	15	0	1	440	316	755	0.0	736	471875
7612d5f37071d6da538741af36d6dadb	gi|310974914|ref|NR_036777.1|	96.804	438	14	0	1	438	333	770	0.0	734	33039
7612d5f37071d6da538741af36d6dadb	gi|631251356|ref|NR_112553.1|	96.599	441	14	1	1	440	348	788	0.0	730	342942
7612d5f37071d6da538741af36d6dadb	gi|2363084846|ref|NR_180671.1|	96.136	440	17	0	1	440	63	502	0.0	719	2594882
7612d5f37071d6da538741af36d6dadb	gi|2962412221|ref|NR_199415.1|	96.136	440	17	0	1	440	338	777	0.0	719	3136600
6427c227d621f93148529558479b70ca	gi|343198522|ref|NR_042778.1|	99.785	465	1	0	1	465	345	809	0.0	854	1308
6427c227d621f93148529558479b70ca	gi|2836274932|ref|NR_197695.1|	99.570	465	2	0	1	465	344	808	0.0	848	3053355
6427c227d621f93148529558479b70ca	gi|343198520|ref|NR_042776.1|	99.570	465	2	0	1	465	345	809	0.0	848	1304
6427c227d621f93148529558479b70ca	gi|645322192|ref|NR_118998.1|	99.355	465	3	0	1	465	340	804	0.0	843	1308
6427c227d621f93148529558479b70ca	gi|343198521|ref|NR_042777.1|	99.355	465	2	1	1	465	345	808	0.0	841	889206
6427c227d621f93148529558479b70ca	gi|566084933|ref|NR_108477.1|	98.280	465	8	0	1	465	251	715	0.0	815	701526
6427c227d621f93148529558479b70ca	gi|645322122|ref|NR_118942.1|	97.425	466	10	2	1	465	243	707	0.0	809	889206
6427c227d621f93148529558479b70ca	gi|2363081939|ref|NR_179215.1|	97.849	465	10	0	1	465	336	800	0.0	804	1501662
6427c227d621f93148529558479b70ca	gi|2363080091|ref|NR_178262.1|	97.849	465	10	0	1	465	214	678	0.0	804	1501662
6427c227d621f93148529558479b70ca	gi|2363087357|ref|NR_181935.1|	97.634	465	11	0	1	465	355	819	0.0	798	2781599
dc422f09b646b795c3d1ce78a1b69e16	gi|559795255|ref|NR_104846.1|	98.409	440	7	0	1	440	288	727	0.0	774	745368
dc422f09b646b795c3d1ce78a1b69e16	gi|265678692|ref|NR_028997.1|	97.959	441	8	1	1	440	303	743	0.0	763	214851
dc422f09b646b795c3d1ce78a1b69e16	gi|2363084747|ref|NR_180622.1|	94.091	440	26	0	1	440	335	774	0.0	669	2779354
dc422f09b646b795c3d1ce78a1b69e16	gi|1397641802|ref|NR_156911.1|	93.636	440	28	0	1	440	351	790	0.0	658	1650663
dc422f09b646b795c3d1ce78a1b69e16	gi|1277396189|ref|NR_151900.1|	93.182	440	30	0	1	440	351	790	0.0	647	1550024
dc422f09b646b795c3d1ce78a1b69e16	gi|3030611269|ref|NR_199945.1|	92.955	440	31	0	1	440	335	774	0.0	641	3435293
dc422f09b646b795c3d1ce78a1b69e16	gi|2363082282|ref|NR_179388.1|	92.955	440	31	0	1	440	335	774	0.0	641	2935520
dc422f09b646b795c3d1ce78a1b69e16	gi|265678656|ref|NR_028961.1|	92.955	440	31	0	1	440	327	766	0.0	641	853
dc422f09b646b795c3d1ce78a1b69e16	gi|2363082356|ref|NR_179425.1|	92.517	441	31	2	1	440	351	790	2.07e-180	630	1689304
dc422f09b646b795c3d1ce78a1b69e16	gi|2363081451|ref|NR_178972.1|	92.500	440	33	0	1	440	285	724	2.07e-180	630	1851428
0a7260296807a179ad68d782a8ae70a4	gi|559795255|ref|NR_104846.1|	96.591	440	15	0	1	440	288	727	0.0	730	745368
0a7260296807a179ad68d782a8ae70a4	gi|265678692|ref|NR_028997.1|	95.692	441	18	1	1	440	303	743	0.0	708	214851
0a7260296807a179ad68d782a8ae70a4	gi|3030611269|ref|NR_199945.1|	94.773	440	23	0	1	440	335	774	0.0	686	3435293
0a7260296807a179ad68d782a8ae70a4	gi|265678656|ref|NR_028961.1|	94.318	440	25	0	1	440	327	766	0.0	675	853
0a7260296807a179ad68d782a8ae70a4	gi|2363081451|ref|NR_178972.1|	94.091	440	26	0	1	440	285	724	0.0	669	1851428
0a7260296807a179ad68d782a8ae70a4	gi|2363080123|ref|NR_178280.1|	94.091	440	26	0	1	440	331	770	0.0	669	411483
0a7260296807a179ad68d782a8ae70a4	gi|2363081449|ref|NR_178971.1|	93.864	440	26	1	1	440	285	723	0.0	662	1851427
0a7260296807a179ad68d782a8ae70a4	gi|2363082356|ref|NR_179425.1|	93.636	440	28	0	1	440	351	790	0.0	658	1689304
0a7260296807a179ad68d782a8ae70a4	gi|1397641802|ref|NR_156911.1|	93.409	440	29	0	1	440	351	790	0.0	652	1650663
0a7260296807a179ad68d782a8ae70a4	gi|2363082282|ref|NR_179388.1|	93.424	441	27	2	1	440	335	774	0.0	652	2935520
f657dfb2cf8b7fcb94bf8219fe5c0db8	gi|631251737|ref|NR_112935.1|	99.565	460	2	0	1	460	338	797	0.0	839	28111
f657dfb2cf8b7fcb94bf8219fe5c0db8	gi|343200177|ref|NR_040864.1|	99.565	460	2	0	1	460	336	795	0.0	839	28111
f657dfb2cf8b7fcb94bf8219fe5c0db8	gi|631251874|ref|NR_113072.1|	96.957	460	14	0	1	460	338	797	0.0	773	1236512
f657dfb2cf8b7fcb94bf8219fe5c0db8	gi|631251816|ref|NR_113014.1|	96.739	460	15	0	1	460	338	797	0.0	767	1236512
f657dfb2cf8b7fcb94bf8219fe5c0db8	gi|631252009|ref|NR_113207.1|	96.522	460	16	0	1	460	334	793	0.0	761	1236514
f657dfb2cf8b7fcb94bf8219fe5c0db8	gi|631251872|ref|NR_113070.1|	96.304	460	17	0	1	460	334	793	0.0	756	742727
f657dfb2cf8b7fcb94bf8219fe5c0db8	gi|631251697|ref|NR_112895.1|	96.304	460	17	0	1	460	314	773	0.0	756	742727
f657dfb2cf8b7fcb94bf8219fe5c0db8	gi|631251870|ref|NR_113068.1|	96.087	460	18	0	1	460	336	795	0.0	750	763034
f657dfb2cf8b7fcb94bf8219fe5c0db8	gi|631251696|ref|NR_112894.1|	96.087	460	18	0	1	460	316	775	0.0	750	763034
f657dfb2cf8b7fcb94bf8219fe5c0db8	gi|2363086550|ref|NR_181532.1|	95.690	464	12	5	1	460	322	781	0.0	739	2763025
d7ccff4a932bedbbd965d8f3af56d04c	gi|228719063|ref|NR_027579.1|	98.864	440	5	0	1	440	316	755	0.0	791	471875
d7ccff4a932bedbbd965d8f3af56d04c	gi|2363082059|ref|NR_179276.1|	97.955	440	9	0	1	440	334	773	0.0	763	2316025
d7ccff4a932bedbbd965d8f3af56d04c	gi|2363087259|ref|NR_181885.1|	97.506	441	9	2	1	440	335	774	0.0	752	2885351
d7ccff4a932bedbbd965d8f3af56d04c	gi|2363082374|ref|NR_179434.1|	97.273	440	12	0	1	440	349	788	0.0	747	1720300
d7ccff4a932bedbbd965d8f3af56d04c	gi|2363085133|ref|NR_180815.1|	97.045	440	13	0	1	440	350	789	0.0	741	2606633
d7ccff4a932bedbbd965d8f3af56d04c	gi|2363083556|ref|NR_180026.1|	97.045	440	13	0	1	440	348	787	0.0	741	2696678
d7ccff4a932bedbbd965d8f3af56d04c	gi|636560687|ref|NR_116747.1|	97.045	440	13	0	1	440	301	740	0.0	741	1298596
d7ccff4a932bedbbd965d8f3af56d04c	gi|1909404440|ref|NR_170495.1|	96.818	440	14	0	1	440	355	794	0.0	736	2509240
d7ccff4a932bedbbd965d8f3af56d04c	gi|2363082679|ref|NR_179587.1|	96.818	440	14	0	1	440	328	767	0.0	736	1926283
d7ccff4a932bedbbd965d8f3af56d04c	gi|1109168017|ref|NR_144607.1|	96.818	440	14	0	1	440	282	721	0.0	736	1796615
008b5bb5b61a22cb4f7dcba1a7c1bff8	gi|228718376|ref|NR_027573.1|	99.772	439	1	0	1	439	303	741	0.0	806	261299
008b5bb5b61a22cb4f7dcba1a7c1bff8	gi|645322235|ref|NR_119034.1|	98.633	439	5	1	1	439	320	757	0.0	776	1121321
008b5bb5b61a22cb4f7dcba1a7c1bff8	gi|631251934|ref|NR_113132.1|	98.405	439	7	0	1	439	321	759	0.0	773	1121308
008b5bb5b61a22cb4f7dcba1a7c1bff8	gi|2363081240|ref|NR_178864.1|	98.178	439	8	0	1	439	321	759	0.0	767	1507512
008b5bb5b61a22cb4f7dcba1a7c1bff8	gi|631251942|ref|NR_113140.1|	98.178	439	8	0	1	439	319	757	0.0	767	1505
008b5bb5b61a22cb4f7dcba1a7c1bff8	gi|631250975|ref|NR_112172.1|	98.174	438	8	0	2	439	313	750	0.0	767	1121308
008b5bb5b61a22cb4f7dcba1a7c1bff8	gi|645319814|ref|NR_117174.1|	97.950	439	9	0	1	439	316	754	0.0	761	1737
008b5bb5b61a22cb4f7dcba1a7c1bff8	gi|631250758|ref|NR_104812.1|	97.950	439	9	0	1	439	318	756	0.0	761	1737
008b5bb5b61a22cb4f7dcba1a7c1bff8	gi|559795110|ref|NR_104696.1|	97.950	439	9	0	1	439	319	757	0.0	761	29358
008b5bb5b61a22cb4f7dcba1a7c1bff8	gi|636559738|ref|NR_115798.1|	97.950	439	9	0	1	439	321	759	0.0	761	1737
1437f3ade8bbb452a4ee2e74c93549a2	gi|2260473023|ref|NR_176800.1|	99.356	466	3	0	1	466	303	768	0.0	845	35833
1437f3ade8bbb452a4ee2e74c93549a2	gi|2962412215|ref|NR_199409.1|	92.324	469	29	7	1	466	328	792	0.0	660	3136602
1437f3ade8bbb452a4ee2e74c93549a2	gi|631252098|ref|NR_113296.1|	92.291	467	33	3	1	466	341	805	0.0	660	54565
1437f3ade8bbb452a4ee2e74c93549a2	gi|645319734|ref|NR_117110.1|	92.291	467	33	3	1	466	337	801	0.0	660	54565
1437f3ade8bbb452a4ee2e74c93549a2	gi|219846821|ref|NR_026413.1|	92.308	468	31	5	1	466	320	784	0.0	660	58621
1437f3ade8bbb452a4ee2e74c93549a2	gi|219846663|ref|NR_026255.1|	91.416	466	39	1	1	466	319	783	0.0	638	644897
1437f3ade8bbb452a4ee2e74c93549a2	gi|343198744|ref|NR_043567.1|	91.202	466	40	1	1	466	340	804	0.0	632	32016
1437f3ade8bbb452a4ee2e74c93549a2	gi|636558706|ref|NR_114763.1|	91.202	466	40	1	1	466	200	664	0.0	632	32016
1437f3ade8bbb452a4ee2e74c93549a2	gi|559795397|ref|NR_104990.1|	91.258	469	34	7	1	466	340	804	0.0	632	876
1437f3ade8bbb452a4ee2e74c93549a2	gi|566084868|ref|NR_108301.1|	91.139	474	28	14	1	466	324	791	2.20e-180	630	571438
541079b73cdf50b93b9f9dc8d89cd5b8	gi|645321813|ref|NR_118692.1|	99.318	440	2	1	1	440	314	752	0.0	797	411459
541079b73cdf50b93b9f9dc8d89cd5b8	gi|2363084170|ref|NR_180334.1|	98.409	440	7	0	1	440	253	692	0.0	774	2763028
541079b73cdf50b93b9f9dc8d89cd5b8	gi|2363086300|ref|NR_181402.1|	98.409	440	7	0	1	440	300	739	0.0	774	2763028
541079b73cdf50b93b9f9dc8d89cd5b8	gi|219846720|ref|NR_026312.1|	97.727	440	10	0	1	440	327	766	0.0	760	180164
541079b73cdf50b93b9f9dc8d89cd5b8	gi|631252033|ref|NR_113231.1|	97.727	440	10	0	1	440	347	786	0.0	758	536633
541079b73cdf50b93b9f9dc8d89cd5b8	gi|631251591|ref|NR_112789.1|	97.727	440	10	0	1	440	333	772	0.0	758	536633
541079b73cdf50b93b9f9dc8d89cd5b8	gi|1109168017|ref|NR_144607.1|	97.500	440	11	0	1	440	282	721	0.0	752	1796615
541079b73cdf50b93b9f9dc8d89cd5b8	gi|343201234|ref|NR_041960.1|	97.506	441	10	1	1	440	222	662	0.0	752	89014
541079b73cdf50b93b9f9dc8d89cd5b8	gi|645320731|ref|NR_117867.1|	97.500	440	11	0	1	440	300	739	0.0	752	871664
541079b73cdf50b93b9f9dc8d89cd5b8	gi|343205678|ref|NR_044054.1|	97.500	440	11	0	1	440	297	736	0.0	752	1121115
49530f55f6a9868f2865b17574771dc4	gi|631251745|ref|NR_112943.1|	99.130	460	4	0	1	460	326	785	0.0	828	449673
49530f55f6a9868f2865b17574771dc4	gi|224581415|ref|NR_027196.1|	98.261	460	8	0	1	460	317	776	0.0	808	449673
49530f55f6a9868f2865b17574771dc4	gi|631251867|ref|NR_113065.1|	96.957	460	14	0	1	460	338	797	0.0	773	762984
49530f55f6a9868f2865b17574771dc4	gi|631251695|ref|NR_112893.1|	96.957	460	14	0	1	460	318	777	0.0	773	762984
49530f55f6a9868f2865b17574771dc4	gi|2363086949|ref|NR_181731.1|	96.739	460	15	0	1	460	290	749	0.0	767	2834112
49530f55f6a9868f2865b17574771dc4	gi|343200620|ref|NR_041307.1|	96.739	460	15	0	1	460	334	793	0.0	767	329854
49530f55f6a9868f2865b17574771dc4	gi|631251735|ref|NR_112933.1|	96.312	461	15	2	1	460	334	793	0.0	756	246787
49530f55f6a9868f2865b17574771dc4	gi|2363086550|ref|NR_181532.1|	96.087	460	18	0	1	460	322	781	0.0	750	2763025
49530f55f6a9868f2865b17574771dc4	gi|343200761|ref|NR_041448.1|	96.087	460	18	0	1	460	322	781	0.0	750	376806
49530f55f6a9868f2865b17574771dc4	gi|631251747|ref|NR_112945.1|	95.652	460	20	0	1	460	327	786	0.0	739	820
8224bcecbb21237905e45fff8d878a4b	gi|2363086290|ref|NR_181397.1|	96.136	440	17	0	1	440	303	742	0.0	719	2763671
8224bcecbb21237905e45fff8d878a4b	gi|2363087259|ref|NR_181885.1|	95.909	440	18	0	1	440	335	774	0.0	715	2885351
8224bcecbb21237905e45fff8d878a4b	gi|3030611230|ref|NR_199906.1|	95.682	440	19	0	1	440	354	793	0.0	708	3123317
8224bcecbb21237905e45fff8d878a4b	gi|3030611314|ref|NR_199990.1|	95.682	440	19	0	1	440	350	789	0.0	708	3123317
8224bcecbb21237905e45fff8d878a4b	gi|1384992331|ref|NR_156080.1|	95.682	440	19	0	1	440	336	775	0.0	708	1469948
8224bcecbb21237905e45fff8d878a4b	gi|1384992328|ref|NR_156077.1|	95.682	440	19	0	1	440	336	775	0.0	708	1469948
8224bcecbb21237905e45fff8d878a4b	gi|974142252|ref|NR_134772.1|	95.682	440	19	0	1	440	297	736	0.0	708	1337051
8224bcecbb21237905e45fff8d878a4b	gi|2363086292|ref|NR_181398.1|	95.682	440	19	0	1	440	299	738	0.0	708	2763667
8224bcecbb21237905e45fff8d878a4b	gi|2363085169|ref|NR_180833.1|	95.455	440	20	0	1	440	337	776	0.0	702	2606635
8224bcecbb21237905e45fff8d878a4b	gi|1384992332|ref|NR_156081.1|	95.455	440	20	0	1	440	336	775	0.0	702	1469948
d49700e600af6dbb8a61b1126d849f20	gi|2836274968|ref|NR_197731.1|	96.818	440	14	0	1	440	306	745	0.0	736	3093659
d49700e600af6dbb8a61b1126d849f20	gi|2836274966|ref|NR_197729.1|	96.825	441	12	2	1	440	304	743	0.0	736	3093657
d49700e600af6dbb8a61b1126d849f20	gi|2836274967|ref|NR_197730.1|	96.591	440	15	0	1	440	312	751	0.0	730	3093658
d49700e600af6dbb8a61b1126d849f20	gi|1116030278|ref|NR_144736.1|	96.599	441	13	2	1	440	360	799	0.0	730	1776382
d49700e600af6dbb8a61b1126d849f20	gi|1109168013|ref|NR_144605.1|	96.145	441	15	2	1	440	367	806	0.0	719	1796620
d49700e600af6dbb8a61b1126d849f20	gi|2363082767|ref|NR_179632.1|	95.692	441	17	2	1	440	337	776	0.0	708	2014781
d49700e600af6dbb8a61b1126d849f20	gi|1116030269|ref|NR_144727.1|	92.273	440	34	0	1	440	335	774	9.64e-179	625	1673717
d49700e600af6dbb8a61b1126d849f20	gi|2363086260|ref|NR_181382.1|	92.308	442	30	4	1	440	322	761	9.64e-179	625	2763662
d49700e600af6dbb8a61b1126d849f20	gi|636558732|ref|NR_114789.1|	92.290	441	32	2	1	440	347	786	9.64e-179	625	1535
d49700e600af6dbb8a61b1126d849f20	gi|3248465687|ref|NR_201701.1|	91.667	444	32	4	1	440	330	772	2.70e-174	610	3435187
e7e05bee9ef6a164de9ddabe30e15109	gi|559795314|ref|NR_104907.1|	95.023	442	20	2	1	441	315	755	0.0	693	290054
e7e05bee9ef6a164de9ddabe30e15109	gi|2136551683|ref|NR_173688.1|	92.744	441	31	1	1	441	321	760	0.0	636	2780922
e7e05bee9ef6a164de9ddabe30e15109	gi|507148077|ref|NR_102884.1|	90.519	443	37	5	1	441	331	770	2.12e-165	580	213810
e7e05bee9ef6a164de9ddabe30e15109	gi|1445136071|ref|NR_158111.1|	90.293	443	37	6	1	441	349	787	9.87e-164	575	2038680
e7e05bee9ef6a164de9ddabe30e15109	gi|1864207164|ref|NR_169458.1|	90.023	441	43	1	1	441	345	784	4.59e-162	569	2164149
e7e05bee9ef6a164de9ddabe30e15109	gi|1193829135|ref|NR_147378.1|	89.842	443	41	4	1	441	339	779	5.94e-161	566	1871035
e7e05bee9ef6a164de9ddabe30e15109	gi|3248465648|ref|NR_201660.1|	89.796	441	44	1	1	441	319	758	2.14e-160	564	3417630
e7e05bee9ef6a164de9ddabe30e15109	gi|3248465644|ref|NR_201656.1|	89.819	442	42	3	1	441	329	768	2.14e-160	564	3417633
e7e05bee9ef6a164de9ddabe30e15109	gi|2363082585|ref|NR_179539.1|	89.819	442	41	4	1	441	351	789	2.14e-160	564	1852384
e7e05bee9ef6a164de9ddabe30e15109	gi|636558832|ref|NR_114889.1|	89.842	443	39	6	1	441	277	715	2.14e-160	564	213810
59d905e9cadb53cc115bdf5da7693cee	gi|2363082679|ref|NR_179587.1|	96.136	440	17	0	1	440	328	767	0.0	719	1926283
59d905e9cadb53cc115bdf5da7693cee	gi|1193829153|ref|NR_147396.1|	96.136	440	17	0	1	440	328	767	0.0	719	1917870
59d905e9cadb53cc115bdf5da7693cee	gi|2363081854|ref|NR_179173.1|	96.136	440	17	0	1	440	333	772	0.0	719	2126740
59d905e9cadb53cc115bdf5da7693cee	gi|2836274880|ref|NR_197643.1|	95.682	440	19	0	1	440	329	768	0.0	708	2962432
59d905e9cadb53cc115bdf5da7693cee	gi|1384992332|ref|NR_156081.1|	95.682	440	19	0	1	440	336	775	0.0	708	1469948
59d905e9cadb53cc115bdf5da7693cee	gi|1384992329|ref|NR_156078.1|	95.682	440	19	0	1	440	336	775	0.0	708	1469948
59d905e9cadb53cc115bdf5da7693cee	gi|2363080261|ref|NR_178356.1|	95.682	440	19	0	1	440	313	752	0.0	708	558153
59d905e9cadb53cc115bdf5da7693cee	gi|310975204|ref|NR_037068.1|	95.682	440	19	0	1	440	341	780	0.0	708	29375
59d905e9cadb53cc115bdf5da7693cee	gi|219846508|ref|NR_026100.1|	95.682	440	19	0	1	440	323	762	0.0	708	1286362
59d905e9cadb53cc115bdf5da7693cee	gi|343201474|ref|NR_042200.1|	95.682	440	19	0	1	440	318	757	0.0	708	333367
da29f8add51c31d6d1e7c7dfc1c76016	gi|3030611230|ref|NR_199906.1|	97.500	440	11	0	1	440	354	793	0.0	752	3123317
da29f8add51c31d6d1e7c7dfc1c76016	gi|3030611314|ref|NR_199990.1|	97.500	440	11	0	1	440	350	789	0.0	752	3123317
da29f8add51c31d6d1e7c7dfc1c76016	gi|2363082679|ref|NR_179587.1|	97.500	440	11	0	1	440	328	767	0.0	752	1926283
da29f8add51c31d6d1e7c7dfc1c76016	gi|1384992332|ref|NR_156081.1|	97.500	440	11	0	1	440	336	775	0.0	752	1469948
da29f8add51c31d6d1e7c7dfc1c76016	gi|1384992331|ref|NR_156080.1|	97.500	440	11	0	1	440	336	775	0.0	752	1469948
da29f8add51c31d6d1e7c7dfc1c76016	gi|1384992329|ref|NR_156078.1|	97.500	440	11	0	1	440	336	775	0.0	752	1469948
da29f8add51c31d6d1e7c7dfc1c76016	gi|1384992328|ref|NR_156077.1|	97.500	440	11	0	1	440	336	775	0.0	752	1469948
da29f8add51c31d6d1e7c7dfc1c76016	gi|2363085097|ref|NR_180797.1|	97.500	440	11	0	1	440	346	785	0.0	752	2605778
da29f8add51c31d6d1e7c7dfc1c76016	gi|2363081854|ref|NR_179173.1|	97.500	440	11	0	1	440	333	772	0.0	752	2126740
da29f8add51c31d6d1e7c7dfc1c76016	gi|2363083601|ref|NR_180048.1|	97.045	440	13	0	1	440	338	777	0.0	741	253257
a94eac9a2fb06f60cf030ef8109d5d67	gi|2363082569|ref|NR_179531.1|	97.511	442	11	0	1	442	347	788	0.0	756	1852369
a94eac9a2fb06f60cf030ef8109d5d67	gi|645321110|ref|NR_118156.1|	94.344	442	25	0	1	442	304	745	0.0	678	1007096
a94eac9a2fb06f60cf030ef8109d5d67	gi|1269801610|ref|NR_074793.2|	94.118	442	26	0	1	442	355	796	0.0	673	351091
a94eac9a2fb06f60cf030ef8109d5d67	gi|343200653|ref|NR_041340.1|	94.118	442	26	0	1	442	328	769	0.0	673	351091
a94eac9a2fb06f60cf030ef8109d5d67	gi|2260349448|ref|NR_176530.1|	93.665	442	28	0	1	442	358	799	0.0	662	2093857
a94eac9a2fb06f60cf030ef8109d5d67	gi|2363082559|ref|NR_179526.1|	93.665	442	28	0	1	442	349	790	0.0	662	1841866
a94eac9a2fb06f60cf030ef8109d5d67	gi|2363082170|ref|NR_179331.1|	93.708	445	23	5	1	442	328	770	0.0	662	2714358
a94eac9a2fb06f60cf030ef8109d5d67	gi|2962412234|ref|NR_199428.1|	93.439	442	29	0	1	442	352	793	0.0	656	3073143
a94eac9a2fb06f60cf030ef8109d5d67	gi|2363082165|ref|NR_179329.1|	93.243	444	26	4	1	442	327	768	0.0	651	2714353
a94eac9a2fb06f60cf030ef8109d5d67	gi|2363082168|ref|NR_179330.1|	93.018	444	27	4	1	442	327	768	0.0	645	2714355
50ac36ebea8b4b0674def033c827162a	gi|444304189|ref|NR_074613.1|	94.545	440	24	0	1	440	350	789	0.0	680	515620
50ac36ebea8b4b0674def033c827162a	gi|559795169|ref|NR_104758.1|	94.091	440	26	0	1	440	345	784	0.0	669	1282887
50ac36ebea8b4b0674def033c827162a	gi|559795246|ref|NR_104836.1|	94.104	441	24	2	1	440	333	772	0.0	669	706562
50ac36ebea8b4b0674def033c827162a	gi|219846511|ref|NR_026103.1|	94.091	440	26	0	1	440	316	755	0.0	669	37658
50ac36ebea8b4b0674def033c827162a	gi|1277396381|ref|NR_152095.1|	93.864	440	27	0	1	440	348	787	0.0	664	1679721
50ac36ebea8b4b0674def033c827162a	gi|645321749|ref|NR_118643.1|	93.864	440	27	0	1	440	254	693	0.0	664	1432052
50ac36ebea8b4b0674def033c827162a	gi|631252121|ref|NR_113319.1|	93.636	440	28	0	1	440	350	789	0.0	658	645466
50ac36ebea8b4b0674def033c827162a	gi|1277396183|ref|NR_151894.1|	93.636	440	28	0	1	440	335	774	0.0	658	433293
50ac36ebea8b4b0674def033c827162a	gi|343202586|ref|NR_042953.1|	93.636	440	28	0	1	440	308	747	0.0	658	264463
50ac36ebea8b4b0674def033c827162a	gi|2363085103|ref|NR_180800.1|	93.409	440	29	0	1	440	347	786	0.0	652	2652274
6cdb911c804569c907ea77b0d4825b98	gi|3030611324|ref|NR_200000.1|	95.034	443	21	1	1	442	301	743	0.0	695	3342383
6cdb911c804569c907ea77b0d4825b98	gi|1109168025|ref|NR_144611.1|	94.582	443	23	1	1	442	282	724	0.0	684	1417852
6cdb911c804569c907ea77b0d4825b98	gi|2363084741|ref|NR_180619.1|	93.905	443	26	1	1	442	347	789	0.0	667	2779352
6cdb911c804569c907ea77b0d4825b98	gi|1193829127|ref|NR_147370.1|	93.228	443	29	1	1	442	349	791	0.0	651	1870988
6cdb911c804569c907ea77b0d4825b98	gi|219846080|ref|NR_025670.1|	92.777	443	31	1	1	442	329	771	0.0	640	411467
6cdb911c804569c907ea77b0d4825b98	gi|343198636|ref|NR_043142.1|	92.551	443	32	1	1	442	323	765	0.0	634	292800
6cdb911c804569c907ea77b0d4825b98	gi|265679048|ref|NR_029356.1|	92.551	443	32	1	1	442	336	778	0.0	634	292800
6cdb911c804569c907ea77b0d4825b98	gi|2363082168|ref|NR_179330.1|	92.099	443	33	2	1	442	327	768	3.48e-178	623	2714355
6cdb911c804569c907ea77b0d4825b98	gi|2363082165|ref|NR_179329.1|	91.874	443	34	2	1	442	327	768	1.62e-176	617	2714353
6cdb911c804569c907ea77b0d4825b98	gi|645321636|ref|NR_118554.1|	91.874	443	35	1	1	442	329	771	1.62e-176	617	1297617
ba5ee4d89856a69c23ac6060523e30b8	gi|3248465636|ref|NR_201647.1|	99.318	440	3	0	1	440	300	739	0.0	797	3380806
ba5ee4d89856a69c23ac6060523e30b8	gi|1116030277|ref|NR_144735.1|	99.318	440	3	0	1	440	350	789	0.0	797	1745713
ba5ee4d89856a69c23ac6060523e30b8	gi|343198924|ref|NR_044048.1|	99.318	440	3	0	1	440	328	767	0.0	797	470146
ba5ee4d89856a69c23ac6060523e30b8	gi|2363082603|ref|NR_179548.1|	97.045	440	13	0	1	440	348	787	0.0	743	1870993
ba5ee4d89856a69c23ac6060523e30b8	gi|265678940|ref|NR_029248.1|	96.591	440	13	2	1	440	349	786	0.0	730	500632
ba5ee4d89856a69c23ac6060523e30b8	gi|2363084846|ref|NR_180671.1|	96.364	440	16	0	1	440	63	502	0.0	725	2594882
ba5ee4d89856a69c23ac6060523e30b8	gi|2962412221|ref|NR_199415.1|	96.364	440	16	0	1	440	338	777	0.0	725	3136600
ba5ee4d89856a69c23ac6060523e30b8	gi|2363086021|ref|NR_181263.1|	95.909	440	18	0	1	440	334	773	0.0	713	2726362
ba5ee4d89856a69c23ac6060523e30b8	gi|2363086282|ref|NR_181393.1|	95.701	442	15	4	1	440	290	729	0.0	708	2763664
ba5ee4d89856a69c23ac6060523e30b8	gi|343203027|ref|NR_043551.1|	95.682	440	19	0	1	440	349	788	0.0	708	341220
d6ee96681120db328f063a375107cfd2	gi|1277396271|ref|NR_151982.1|	99.323	443	3	0	1	443	248	690	0.0	802	1628085
d6ee96681120db328f063a375107cfd2	gi|1277396349|ref|NR_152060.1|	99.097	443	4	0	1	443	336	778	0.0	798	1712515
d6ee96681120db328f063a375107cfd2	gi|545589041|ref|NR_044644.2|	95.937	443	16	1	1	443	354	794	0.0	725	39484
d6ee96681120db328f063a375107cfd2	gi|1193829128|ref|NR_147371.1|	95.937	443	16	1	1	443	277	717	0.0	717	1871029
d6ee96681120db328f063a375107cfd2	gi|343205971|ref|NR_044490.1|	95.045	444	21	1	1	443	348	791	0.0	697	501571
d6ee96681120db328f063a375107cfd2	gi|2363082930|ref|NR_179713.1|	94.357	443	25	0	1	443	319	761	0.0	680	1945634
d6ee96681120db328f063a375107cfd2	gi|2363087009|ref|NR_181761.1|	92.551	443	32	1	1	443	269	710	0.0	634	2841509
d6ee96681120db328f063a375107cfd2	gi|645321636|ref|NR_118554.1|	90.519	443	42	0	1	443	329	771	4.58e-167	586	1297617
d6ee96681120db328f063a375107cfd2	gi|3248465658|ref|NR_201672.1|	90.315	444	41	2	1	443	296	738	2.13e-165	580	3381350
d6ee96681120db328f063a375107cfd2	gi|2363082352|ref|NR_179423.1|	90.315	444	41	2	1	443	349	791	2.13e-165	580	1689270
dfdab723351d36b505d602ee5fac1660	gi|444304209|ref|NR_074634.1|	99.318	440	3	0	1	440	350	789	0.0	797	515619
dfdab723351d36b505d602ee5fac1660	gi|343198540|ref|NR_042832.1|	98.186	441	7	1	1	440	330	770	0.0	769	301302
dfdab723351d36b505d602ee5fac1660	gi|1227086116|ref|NR_148619.1|	97.738	442	8	2	1	440	301	742	0.0	760	1712665
dfdab723351d36b505d602ee5fac1660	gi|645320588|ref|NR_117758.1|	97.285	442	10	1	1	440	322	763	0.0	749	166486
dfdab723351d36b505d602ee5fac1660	gi|228716944|ref|NR_027557.1|	97.285	442	10	1	1	440	343	784	0.0	749	536231
dfdab723351d36b505d602ee5fac1660	gi|444439494|ref|NR_074809.1|	97.279	441	11	1	1	440	350	790	0.0	747	585394
dfdab723351d36b505d602ee5fac1660	gi|343201282|ref|NR_042008.1|	97.052	441	11	2	1	440	341	780	0.0	741	585394
dfdab723351d36b505d602ee5fac1660	gi|2363085153|ref|NR_180825.1|	96.825	441	13	1	1	440	347	787	0.0	736	2605790
dfdab723351d36b505d602ee5fac1660	gi|219846723|ref|NR_026315.1|	96.818	440	14	0	1	440	317	756	0.0	736	46206
dfdab723351d36b505d602ee5fac1660	gi|2363086282|ref|NR_181393.1|	96.591	440	15	0	1	440	290	729	0.0	730	2763664
086c8a0d567df55348713a9408d817fe	gi|2136551628|ref|NR_173632.1|	97.045	440	13	0	1	440	301	740	0.0	741	2068655
086c8a0d567df55348713a9408d817fe	gi|1384992332|ref|NR_156081.1|	96.818	440	14	0	1	440	336	775	0.0	736	1469948
086c8a0d567df55348713a9408d817fe	gi|1384992329|ref|NR_156078.1|	96.818	440	14	0	1	440	336	775	0.0	736	1469948
086c8a0d567df55348713a9408d817fe	gi|3030611230|ref|NR_199906.1|	96.591	440	15	0	1	440	354	793	0.0	730	3123317
086c8a0d567df55348713a9408d817fe	gi|3030611314|ref|NR_199990.1|	96.591	440	15	0	1	440	350	789	0.0	730	3123317
086c8a0d567df55348713a9408d817fe	gi|1384992331|ref|NR_156080.1|	96.591	440	15	0	1	440	336	775	0.0	730	1469948
086c8a0d567df55348713a9408d817fe	gi|1384992328|ref|NR_156077.1|	96.591	440	15	0	1	440	336	775	0.0	730	1469948
086c8a0d567df55348713a9408d817fe	gi|2363086292|ref|NR_181398.1|	96.591	440	15	0	1	440	299	738	0.0	730	2763667
086c8a0d567df55348713a9408d817fe	gi|2363082679|ref|NR_179587.1|	96.364	440	16	0	1	440	328	767	0.0	725	1926283
086c8a0d567df55348713a9408d817fe	gi|2363081854|ref|NR_179173.1|	96.364	440	16	0	1	440	333	772	0.0	725	2126740
dcde973a40bb780cce10611c877b818c	gi|636560108|ref|NR_116168.1|	99.355	465	3	0	1	465	335	799	0.0	843	888828
dcde973a40bb780cce10611c877b818c	gi|343202529|ref|NR_042878.1|	99.355	465	3	0	1	465	314	778	0.0	843	888828
dcde973a40bb780cce10611c877b818c	gi|645321895|ref|NR_118762.1|	98.272	463	8	0	3	465	340	802	0.0	822	888828
dcde973a40bb780cce10611c877b818c	gi|645321093|ref|NR_118143.1|	98.065	465	9	0	1	465	316	780	0.0	811	1035839
dcde973a40bb780cce10611c877b818c	gi|219878284|ref|NR_025423.1|	97.419	465	12	0	1	465	319	783	0.0	793	249188
dcde973a40bb780cce10611c877b818c	gi|3248465850|ref|NR_201865.1|	96.146	467	14	4	1	465	261	725	0.0	760	3414265
dcde973a40bb780cce10611c877b818c	gi|343202522|ref|NR_042871.1|	95.914	465	19	0	1	465	316	780	0.0	758	123820
dcde973a40bb780cce10611c877b818c	gi|1491522540|ref|NR_159347.1|	95.914	465	19	0	1	465	340	804	0.0	758	28161
dcde973a40bb780cce10611c877b818c	gi|694281134|ref|NR_115546.2|	95.931	467	15	4	1	465	344	808	0.0	754	715
dcde973a40bb780cce10611c877b818c	gi|636559161|ref|NR_115218.1|	95.931	467	15	4	1	465	314	778	0.0	754	157339
0687651c42514bcfa69261b06db1b583	gi|645321791|ref|NR_118675.1|	93.182	440	30	0	1	440	339	778	0.0	654	39492
0687651c42514bcfa69261b06db1b583	gi|265678854|ref|NR_029160.1|	92.081	442	31	4	1	440	293	732	4.48e-177	619	40519
0687651c42514bcfa69261b06db1b583	gi|3248465644|ref|NR_201656.1|	90.909	440	40	0	1	440	329	768	9.78e-169	592	3417633
0687651c42514bcfa69261b06db1b583	gi|2136551683|ref|NR_173688.1|	90.909	440	40	0	1	440	321	760	9.78e-169	592	2780922
0687651c42514bcfa69261b06db1b583	gi|1864207164|ref|NR_169458.1|	90.682	440	41	0	1	440	345	784	4.55e-167	586	2164149
0687651c42514bcfa69261b06db1b583	gi|2363082601|ref|NR_179547.1|	90.703	441	39	2	1	440	347	786	4.55e-167	586	1870991
0687651c42514bcfa69261b06db1b583	gi|507148077|ref|NR_102884.1|	90.455	440	42	0	1	440	331	770	2.12e-165	580	213810
0687651c42514bcfa69261b06db1b583	gi|3248465648|ref|NR_201660.1|	90.000	440	44	0	1	440	319	758	4.58e-162	569	3417630
0687651c42514bcfa69261b06db1b583	gi|444303976|ref|NR_074399.1|	90.000	440	44	0	1	440	333	772	4.58e-162	569	697329
0687651c42514bcfa69261b06db1b583	gi|631251834|ref|NR_113032.1|	90.000	440	44	0	1	440	333	772	4.58e-162	569	1264
cfeddb16c06f2b56600f1488acafccfb	gi|444439665|ref|NR_074980.1|	99.355	465	3	0	1	465	353	817	0.0	843	479436
cfeddb16c06f2b56600f1488acafccfb	gi|631251833|ref|NR_113031.1|	99.355	465	3	0	1	465	353	817	0.0	843	29466
cfeddb16c06f2b56600f1488acafccfb	gi|645322414|ref|NR_119168.1|	99.355	465	3	0	1	465	331	795	0.0	843	479436
cfeddb16c06f2b56600f1488acafccfb	gi|645320589|ref|NR_117759.1|	99.140	465	4	0	1	465	329	793	0.0	839	479436
cfeddb16c06f2b56600f1488acafccfb	gi|343202841|ref|NR_043332.1|	99.140	465	4	0	1	465	326	790	0.0	839	479436
cfeddb16c06f2b56600f1488acafccfb	gi|631252372|ref|NR_113570.1|	99.140	465	4	0	1	465	333	797	0.0	837	1110546
cfeddb16c06f2b56600f1488acafccfb	gi|343205749|ref|NR_044153.1|	98.495	465	7	0	1	465	326	790	0.0	822	419208
cfeddb16c06f2b56600f1488acafccfb	gi|343202582|ref|NR_042940.1|	98.495	465	7	0	1	465	238	702	0.0	821	248315
cfeddb16c06f2b56600f1488acafccfb	gi|2363082157|ref|NR_179325.1|	98.280	465	8	0	1	465	300	764	0.0	815	2682456
cfeddb16c06f2b56600f1488acafccfb	gi|343205705|ref|NR_044091.1|	98.280	465	8	0	1	465	240	704	0.0	815	423477
15a37080b88297a5eb09a9f178e4c45f	gi|645321781|ref|NR_118667.1|	97.727	440	10	0	1	440	355	794	0.0	771	28052
15a37080b88297a5eb09a9f178e4c45f	gi|559795246|ref|NR_104836.1|	96.818	440	14	0	1	440	333	772	0.0	736	706562
15a37080b88297a5eb09a9f178e4c45f	gi|444304189|ref|NR_074613.1|	96.145	441	15	2	1	440	350	789	0.0	719	515620
15a37080b88297a5eb09a9f178e4c45f	gi|559795169|ref|NR_104758.1|	95.227	440	21	0	1	440	345	784	0.0	697	1282887
15a37080b88297a5eb09a9f178e4c45f	gi|1277396183|ref|NR_151894.1|	94.558	441	22	2	1	440	335	774	0.0	680	433293
15a37080b88297a5eb09a9f178e4c45f	gi|343202586|ref|NR_042953.1|	94.318	440	25	0	1	440	308	747	0.0	675	264463
15a37080b88297a5eb09a9f178e4c45f	gi|219857405|ref|NR_024993.1|	94.091	440	26	0	1	440	349	788	0.0	669	99656
15a37080b88297a5eb09a9f178e4c45f	gi|645322302|ref|NR_119085.1|	94.091	440	24	1	1	440	347	784	0.0	667	29364
15a37080b88297a5eb09a9f178e4c45f	gi|1384992332|ref|NR_156081.1|	93.864	440	27	0	1	440	336	775	0.0	664	1469948
15a37080b88297a5eb09a9f178e4c45f	gi|1384992329|ref|NR_156078.1|	93.864	440	27	0	1	440	336	775	0.0	664	1469948
ffd528d2ff3f98e9e9a7f8a820bfa458	gi|645321785|ref|NR_118670.1|	97.045	440	13	0	1	440	357	796	0.0	749	39496
ffd528d2ff3f98e9e9a7f8a820bfa458	gi|219857617|ref|NR_025206.1|	94.773	440	23	0	1	440	314	753	0.0	686	180286
ffd528d2ff3f98e9e9a7f8a820bfa458	gi|2363086310|ref|NR_181407.1|	94.104	441	24	2	1	440	355	794	0.0	669	2850323
ffd528d2ff3f98e9e9a7f8a820bfa458	gi|1397641798|ref|NR_156907.1|	93.864	440	27	0	1	440	348	787	0.0	664	1912855
ffd528d2ff3f98e9e9a7f8a820bfa458	gi|631250892|ref|NR_112089.1|	93.864	440	27	0	1	440	336	775	0.0	664	553973
ffd528d2ff3f98e9e9a7f8a820bfa458	gi|224581401|ref|NR_024719.1|	93.864	440	26	1	1	440	341	779	0.0	662	89153
ffd528d2ff3f98e9e9a7f8a820bfa458	gi|219857618|ref|NR_025207.1|	93.636	440	28	0	1	440	321	760	0.0	660	180311
ffd528d2ff3f98e9e9a7f8a820bfa458	gi|2363082765|ref|NR_179631.1|	93.636	440	28	0	1	440	348	787	0.0	658	2014528
ffd528d2ff3f98e9e9a7f8a820bfa458	gi|631253194|ref|NR_114392.1|	93.651	441	26	2	1	440	350	789	0.0	658	1544
ffd528d2ff3f98e9e9a7f8a820bfa458	gi|2363086308|ref|NR_181406.1|	93.651	441	26	2	1	440	357	796	0.0	658	2850322
f7c13e2433ace03196b06493457da554	gi|2363084629|ref|NR_180563.1|	88.713	443	47	3	1	441	291	732	1.29e-152	538	2488810
f7c13e2433ace03196b06493457da554	gi|672238876|ref|NR_125464.1|	88.713	443	47	3	1	441	325	766	1.29e-152	538	1297424
f7c13e2433ace03196b06493457da554	gi|785794309|ref|NG_041947.1|	88.514	444	47	4	1	441	469	911	1.67e-151	534	394503
f7c13e2433ace03196b06493457da554	gi|785497611|ref|NR_102768.2|	88.514	444	47	4	1	441	330	772	1.67e-151	534	1521
f7c13e2433ace03196b06493457da554	gi|219846510|ref|NR_026102.1|	88.488	443	48	3	1	441	313	754	6.02e-151	532	588581
f7c13e2433ace03196b06493457da554	gi|3030611263|ref|NR_199939.1|	88.462	442	48	3	1	441	332	771	2.17e-150	531	3074434
f7c13e2433ace03196b06493457da554	gi|672239088|ref|NR_125677.1|	88.488	443	46	5	1	441	346	785	2.17e-150	531	1348613
f7c13e2433ace03196b06493457da554	gi|343200810|ref|NR_041497.1|	88.288	444	48	4	1	441	293	735	7.79e-150	529	396504
f7c13e2433ace03196b06493457da554	gi|645319803|ref|NR_117165.1|	88.262	443	49	3	1	441	476	917	2.80e-149	527	48256
f7c13e2433ace03196b06493457da554	gi|645319802|ref|NR_117164.1|	88.262	443	49	3	1	441	476	917	2.80e-149	527	48256
c3cf68f0f409a44a6a8c15d74c460df4	gi|631252073|ref|NR_113271.1|	99.565	460	2	0	1	460	339	798	0.0	839	742725
c3cf68f0f409a44a6a8c15d74c460df4	gi|631251698|ref|NR_112896.1|	99.565	460	2	0	1	460	319	778	0.0	839	742725
c3cf68f0f409a44a6a8c15d74c460df4	gi|1116030248|ref|NR_144706.1|	95.000	460	23	0	1	460	342	801	0.0	723	1211813
c3cf68f0f409a44a6a8c15d74c460df4	gi|631251954|ref|NR_113152.1|	90.672	461	41	2	1	460	337	796	7.86e-175	612	28117
c3cf68f0f409a44a6a8c15d74c460df4	gi|2363082099|ref|NR_179296.1|	90.217	460	45	0	1	460	324	783	1.70e-171	601	2585119
c3cf68f0f409a44a6a8c15d74c460df4	gi|2363082531|ref|NR_179512.1|	90.043	462	42	4	1	460	338	797	2.20e-170	597	1816676
c3cf68f0f409a44a6a8c15d74c460df4	gi|645321193|ref|NR_118219.1|	90.022	461	44	2	1	460	332	791	7.92e-170	595	1033732
c3cf68f0f409a44a6a8c15d74c460df4	gi|219846319|ref|NR_025909.1|	89.154	461	48	2	1	460	344	803	2.85e-169	593	28117
c3cf68f0f409a44a6a8c15d74c460df4	gi|507148054|ref|NR_102861.1|	89.783	460	47	0	1	460	334	793	3.69e-168	590	717959
c3cf68f0f409a44a6a8c15d74c460df4	gi|939733298|ref|NR_133025.1|	89.783	460	47	0	1	460	275	734	3.69e-168	590	2585118
5ac19139d8423ae05cc17ebafe674f31	gi|2363084741|ref|NR_180619.1|	97.291	443	12	0	1	443	347	789	0.0	752	2779352
5ac19139d8423ae05cc17ebafe674f31	gi|219846080|ref|NR_025670.1|	97.065	443	13	0	1	443	329	771	0.0	747	411467
5ac19139d8423ae05cc17ebafe674f31	gi|3030611323|ref|NR_199999.1|	96.388	443	16	0	1	443	301	743	0.0	730	3133422
5ac19139d8423ae05cc17ebafe674f31	gi|2363082342|ref|NR_179418.1|	96.388	443	16	0	1	443	348	790	0.0	730	1673721
5ac19139d8423ae05cc17ebafe674f31	gi|343198636|ref|NR_043142.1|	95.937	443	18	0	1	443	323	765	0.0	719	292800
5ac19139d8423ae05cc17ebafe674f31	gi|265679048|ref|NR_029356.1|	95.937	443	18	0	1	443	336	778	0.0	719	292800
5ac19139d8423ae05cc17ebafe674f31	gi|1193829127|ref|NR_147370.1|	95.711	443	19	0	1	443	349	791	0.0	713	1870988
5ac19139d8423ae05cc17ebafe674f31	gi|2363082326|ref|NR_179410.1|	95.711	443	19	0	1	443	349	791	0.0	713	1650661
5ac19139d8423ae05cc17ebafe674f31	gi|2136551692|ref|NR_173697.1|	95.485	443	19	1	1	443	349	790	0.0	706	2108523
5ac19139d8423ae05cc17ebafe674f31	gi|2363082352|ref|NR_179423.1|	95.260	443	21	0	1	443	349	791	0.0	702	1689270
8de4bb4036d0ce6aa26ae0bbf379e6ab	gi|1811131565|ref|NR_165747.1|	99.355	465	3	0	1	465	318	782	0.0	843	2490633
8de4bb4036d0ce6aa26ae0bbf379e6ab	gi|2962412350|ref|NR_199545.1|	99.355	465	3	0	1	465	338	802	0.0	843	3409758
8de4bb4036d0ce6aa26ae0bbf379e6ab	gi|2962412346|ref|NR_199541.1|	99.355	465	3	0	1	465	296	760	0.0	843	3095082
8de4bb4036d0ce6aa26ae0bbf379e6ab	gi|2962412352|ref|NR_199547.1|	99.355	465	3	0	1	465	298	762	0.0	843	3095078
8de4bb4036d0ce6aa26ae0bbf379e6ab	gi|2962412349|ref|NR_199544.1|	99.355	465	3	0	1	465	296	760	0.0	843	3095079
8de4bb4036d0ce6aa26ae0bbf379e6ab	gi|2363084762|ref|NR_180629.1|	99.355	465	3	0	1	465	300	764	0.0	843	2588991
8de4bb4036d0ce6aa26ae0bbf379e6ab	gi|2363084754|ref|NR_180625.1|	99.355	465	3	0	1	465	300	764	0.0	843	2589786
8de4bb4036d0ce6aa26ae0bbf379e6ab	gi|2363082587|ref|NR_179540.1|	99.355	465	3	0	1	465	338	802	0.0	843	1852387
8de4bb4036d0ce6aa26ae0bbf379e6ab	gi|2363082272|ref|NR_179383.1|	99.355	465	3	0	1	465	345	809	0.0	843	2853160
8de4bb4036d0ce6aa26ae0bbf379e6ab	gi|2221405274|ref|NR_175455.1|	99.355	465	3	0	1	465	326	790	0.0	843	1968889
1cf8a40d3add3b563f47dec7983afcf5	gi|645321792|ref|NR_118676.1|	97.045	440	13	0	1	440	370	809	0.0	750	39497
1cf8a40d3add3b563f47dec7983afcf5	gi|219846511|ref|NR_026103.1|	97.045	440	13	0	1	440	316	755	0.0	741	37658
1cf8a40d3add3b563f47dec7983afcf5	gi|1277396183|ref|NR_151894.1|	97.045	440	13	0	1	440	335	774	0.0	741	433293
1cf8a40d3add3b563f47dec7983afcf5	gi|1277396381|ref|NR_152095.1|	96.818	440	14	0	1	440	348	787	0.0	736	1679721
1cf8a40d3add3b563f47dec7983afcf5	gi|631252121|ref|NR_113319.1|	96.818	440	14	0	1	440	350	789	0.0	736	645466
1cf8a40d3add3b563f47dec7983afcf5	gi|636560803|ref|NR_116863.1|	96.599	441	14	1	1	440	337	777	0.0	730	645466
1cf8a40d3add3b563f47dec7983afcf5	gi|343202586|ref|NR_042953.1|	96.591	440	15	0	1	440	308	747	0.0	730	264463
1cf8a40d3add3b563f47dec7983afcf5	gi|2136551633|ref|NR_173637.1|	96.364	440	16	0	1	440	294	733	0.0	725	2755051
1cf8a40d3add3b563f47dec7983afcf5	gi|219878251|ref|NR_025390.1|	96.364	440	16	0	1	440	330	769	0.0	725	115544
1cf8a40d3add3b563f47dec7983afcf5	gi|2363081778|ref|NR_179135.1|	96.145	441	16	1	1	440	330	770	0.0	719	2025494
339dc5952838fda6697937db353c7cf5	gi|2363082085|ref|NR_179289.1|	99.785	465	1	0	1	465	295	759	0.0	854	2559915
339dc5952838fda6697937db353c7cf5	gi|558508650|ref|NR_104573.1|	99.785	465	1	0	1	465	331	795	0.0	854	1590
339dc5952838fda6697937db353c7cf5	gi|631252141|ref|NR_113339.1|	99.785	465	1	0	1	465	338	802	0.0	854	483011
339dc5952838fda6697937db353c7cf5	gi|631252140|ref|NR_113338.1|	99.785	465	1	0	1	465	338	802	0.0	854	1590
339dc5952838fda6697937db353c7cf5	gi|645320660|ref|NR_117813.1|	99.785	465	1	0	1	465	327	791	0.0	854	1590
339dc5952838fda6697937db353c7cf5	gi|343202390|ref|NR_042676.1|	99.785	465	1	0	1	465	345	809	0.0	854	483011
339dc5952838fda6697937db353c7cf5	gi|631251493|ref|NR_112690.1|	99.785	465	1	0	1	465	300	764	0.0	854	1590
339dc5952838fda6697937db353c7cf5	gi|343201668|ref|NR_042394.1|	99.785	465	1	0	1	465	331	795	0.0	854	1590
339dc5952838fda6697937db353c7cf5	gi|219878308|ref|NR_025447.1|	99.785	465	1	0	1	465	340	804	0.0	854	60520
339dc5952838fda6697937db353c7cf5	gi|265678828|ref|NR_029133.1|	99.785	465	1	0	1	465	338	802	0.0	854	1589
2333230dce989a41797d34a021b272eb	gi|343200626|ref|NR_041313.1|	96.304	460	17	0	1	460	340	799	0.0	756	338188
2333230dce989a41797d34a021b272eb	gi|2363086550|ref|NR_181532.1|	96.087	460	18	0	1	460	322	781	0.0	750	2763025
2333230dce989a41797d34a021b272eb	gi|631251747|ref|NR_112945.1|	96.087	460	18	0	1	460	327	786	0.0	750	820
2333230dce989a41797d34a021b272eb	gi|343200179|ref|NR_040866.1|	96.087	460	18	0	1	460	334	793	0.0	750	820
2333230dce989a41797d34a021b272eb	gi|2363084431|ref|NR_180463.1|	95.652	460	20	0	1	460	340	799	0.0	739	2650158
2333230dce989a41797d34a021b272eb	gi|2363084421|ref|NR_180458.1|	95.652	460	20	0	1	460	340	799	0.0	739	2650157
2333230dce989a41797d34a021b272eb	gi|343200620|ref|NR_041307.1|	95.652	460	20	0	1	460	334	793	0.0	739	329854
2333230dce989a41797d34a021b272eb	gi|631251749|ref|NR_112947.1|	95.435	460	21	0	1	460	326	785	0.0	734	657309
2333230dce989a41797d34a021b272eb	gi|631251745|ref|NR_112943.1|	95.435	460	21	0	1	460	326	785	0.0	734	449673
2333230dce989a41797d34a021b272eb	gi|631251734|ref|NR_112932.1|	95.445	461	19	2	1	460	328	787	0.0	734	47678
a973a61815255a0e3a7ef4d36b96151e	gi|2363082170|ref|NR_179331.1|	99.097	443	3	1	1	442	328	770	0.0	795	2714358
a973a61815255a0e3a7ef4d36b96151e	gi|2260349448|ref|NR_176530.1|	95.023	442	22	0	1	442	358	799	0.0	695	2093857
a973a61815255a0e3a7ef4d36b96151e	gi|2363082559|ref|NR_179526.1|	95.023	442	22	0	1	442	349	790	0.0	695	1841866
a973a61815255a0e3a7ef4d36b96151e	gi|645321110|ref|NR_118156.1|	93.213	442	30	0	1	442	304	745	0.0	651	1007096
a973a61815255a0e3a7ef4d36b96151e	gi|2363087001|ref|NR_181757.1|	93.018	444	27	4	1	442	289	730	0.0	645	2841504
a973a61815255a0e3a7ef4d36b96151e	gi|2363082569|ref|NR_179531.1|	92.986	442	31	0	1	442	347	788	0.0	645	1852369
a973a61815255a0e3a7ef4d36b96151e	gi|2363082168|ref|NR_179330.1|	92.986	442	31	0	1	442	327	768	0.0	645	2714355
a973a61815255a0e3a7ef4d36b96151e	gi|2962412234|ref|NR_199428.1|	92.986	442	31	0	1	442	352	793	0.0	645	3073143
a973a61815255a0e3a7ef4d36b96151e	gi|2363082165|ref|NR_179329.1|	92.760	442	32	0	1	442	327	768	0.0	640	2714353
a973a61815255a0e3a7ef4d36b96151e	gi|1269801610|ref|NR_074793.2|	92.308	442	34	0	1	442	355	796	7.49e-180	628	351091
db19c1866c44be7dd36e585f796d2059	gi|2363082779|ref|NR_179638.1|	99.318	440	3	0	1	440	348	787	0.0	797	2040291
db19c1866c44be7dd36e585f796d2059	gi|545589044|ref|NR_044645.2|	98.409	440	7	0	1	440	355	794	0.0	782	39486
db19c1866c44be7dd36e585f796d2059	gi|1397641798|ref|NR_156907.1|	96.591	440	15	0	1	440	348	787	0.0	730	1912855
db19c1866c44be7dd36e585f796d2059	gi|1109168038|ref|NR_144617.1|	96.591	440	15	0	1	440	340	779	0.0	730	1796634
db19c1866c44be7dd36e585f796d2059	gi|2363086021|ref|NR_181263.1|	96.136	440	17	0	1	440	334	773	0.0	719	2726362
db19c1866c44be7dd36e585f796d2059	gi|343203027|ref|NR_043551.1|	95.909	440	18	0	1	440	349	788	0.0	713	341220
db19c1866c44be7dd36e585f796d2059	gi|3248465643|ref|NR_201655.1|	95.692	441	17	2	1	440	313	752	0.0	708	3380807
db19c1866c44be7dd36e585f796d2059	gi|2136551567|ref|NR_173570.1|	95.692	441	17	2	1	440	330	769	0.0	708	1912090
db19c1866c44be7dd36e585f796d2059	gi|2363082765|ref|NR_179631.1|	95.701	442	15	4	1	440	348	787	0.0	708	2014528
db19c1866c44be7dd36e585f796d2059	gi|631253194|ref|NR_114392.1|	95.692	441	17	2	1	440	350	789	0.0	708	1544
51e9a99123c679c0d2ca5c15f5f99a59	gi|659364522|ref|NR_121696.1|	99.317	439	3	0	1	439	331	769	0.0	795	446660
51e9a99123c679c0d2ca5c15f5f99a59	gi|631252209|ref|NR_113407.1|	99.317	439	3	0	1	439	331	769	0.0	795	446660
51e9a99123c679c0d2ca5c15f5f99a59	gi|343200922|ref|NR_041609.1|	99.317	439	3	0	1	439	331	769	0.0	795	446660
51e9a99123c679c0d2ca5c15f5f99a59	gi|631253204|ref|NR_114402.1|	99.089	439	4	0	1	439	331	769	0.0	789	394340
51e9a99123c679c0d2ca5c15f5f99a59	gi|343200807|ref|NR_041494.1|	99.089	439	4	0	1	439	331	769	0.0	789	1121021
51e9a99123c679c0d2ca5c15f5f99a59	gi|2363082244|ref|NR_179369.1|	98.633	439	6	0	1	439	334	772	0.0	778	2707299
51e9a99123c679c0d2ca5c15f5f99a59	gi|2836274974|ref|NR_197737.1|	97.955	440	8	1	1	439	331	770	0.0	761	3111773
51e9a99123c679c0d2ca5c15f5f99a59	gi|2836274973|ref|NR_197736.1|	97.506	441	7	4	1	439	335	773	0.0	750	3111451
51e9a99123c679c0d2ca5c15f5f99a59	gi|343202351|ref|NR_042637.1|	97.052	441	9	4	1	439	282	720	0.0	739	580026
51e9a99123c679c0d2ca5c15f5f99a59	gi|636559808|ref|NR_115868.1|	96.614	443	9	6	1	439	331	771	0.0	730	1235794
8d0bd567d08d97e63191c84a96996e59	gi|2363086284|ref|NR_181394.1|	97.273	440	12	0	1	440	306	745	0.0	747	2763668
8d0bd567d08d97e63191c84a96996e59	gi|2136551633|ref|NR_173637.1|	96.818	440	14	0	1	440	294	733	0.0	736	2755051
8d0bd567d08d97e63191c84a96996e59	gi|1277396183|ref|NR_151894.1|	96.818	440	14	0	1	440	335	774	0.0	736	433293
8d0bd567d08d97e63191c84a96996e59	gi|2363085149|ref|NR_180823.1|	96.364	440	16	0	1	440	357	796	0.0	725	2606634
8d0bd567d08d97e63191c84a96996e59	gi|2363086282|ref|NR_181393.1|	96.364	440	16	0	1	440	290	729	0.0	725	2763664
8d0bd567d08d97e63191c84a96996e59	gi|559795194|ref|NR_104783.1|	96.364	440	16	0	1	440	353	792	0.0	725	290052
8d0bd567d08d97e63191c84a96996e59	gi|2363085153|ref|NR_180825.1|	96.145	441	16	1	1	440	347	787	0.0	719	2605790
8d0bd567d08d97e63191c84a96996e59	gi|219846511|ref|NR_026103.1|	95.909	440	18	0	1	440	316	755	0.0	713	37658
8d0bd567d08d97e63191c84a96996e59	gi|1277396184|ref|NR_151895.1|	95.909	440	18	0	1	440	336	775	0.0	713	433286
8d0bd567d08d97e63191c84a96996e59	gi|2363082059|ref|NR_179276.1|	95.682	440	19	0	1	440	334	773	0.0	708	2316025
79c485eed21b84698753e3994b2eed14	gi|2962412221|ref|NR_199415.1|	96.599	441	14	1	1	441	338	777	0.0	730	3136600
79c485eed21b84698753e3994b2eed14	gi|2363084846|ref|NR_180671.1|	96.145	441	16	1	1	441	63	502	0.0	719	2594882
79c485eed21b84698753e3994b2eed14	gi|2363082679|ref|NR_179587.1|	96.145	441	16	1	1	441	328	767	0.0	719	1926283
79c485eed21b84698753e3994b2eed14	gi|2363081854|ref|NR_179173.1|	96.145	441	16	1	1	441	333	772	0.0	719	2126740
79c485eed21b84698753e3994b2eed14	gi|2363082374|ref|NR_179434.1|	95.465	441	19	1	1	441	349	788	0.0	702	1720300
79c485eed21b84698753e3994b2eed14	gi|310974914|ref|NR_036777.1|	95.444	439	19	1	1	439	333	770	0.0	701	33039
79c485eed21b84698753e3994b2eed14	gi|2363085097|ref|NR_180797.1|	95.238	441	20	1	1	441	346	785	0.0	697	2605778
79c485eed21b84698753e3994b2eed14	gi|3030611230|ref|NR_199906.1|	95.011	441	21	1	1	441	354	793	0.0	691	3123317
79c485eed21b84698753e3994b2eed14	gi|3030611314|ref|NR_199990.1|	95.011	441	21	1	1	441	350	789	0.0	691	3123317
79c485eed21b84698753e3994b2eed14	gi|1384992331|ref|NR_156080.1|	95.011	441	21	1	1	441	336	775	0.0	691	1469948
ae0eebba3205524978c6ce2d5c71e5ea	gi|2363082930|ref|NR_179713.1|	84.424	443	69	0	1	443	319	761	4.88e-122	436	1945634
ae0eebba3205524978c6ce2d5c71e5ea	gi|2363087009|ref|NR_181761.1|	84.424	443	68	1	1	443	269	710	1.76e-121	435	2841509
ae0eebba3205524978c6ce2d5c71e5ea	gi|2363086268|ref|NR_181386.1|	84.270	445	66	4	1	443	303	745	2.27e-120	431	2763655
ae0eebba3205524978c6ce2d5c71e5ea	gi|343205971|ref|NR_044490.1|	84.045	445	68	3	1	443	348	791	1.06e-118	425	501571
ae0eebba3205524978c6ce2d5c71e5ea	gi|672238876|ref|NR_125464.1|	84.045	445	66	5	1	443	325	766	3.80e-118	424	1297424
ae0eebba3205524978c6ce2d5c71e5ea	gi|343198925|ref|NR_044049.1|	83.747	443	69	2	1	443	316	755	6.36e-116	416	33043
ae0eebba3205524978c6ce2d5c71e5ea	gi|219857201|ref|NR_024829.1|	83.596	445	69	4	1	443	321	763	2.29e-115	414	253314
ae0eebba3205524978c6ce2d5c71e5ea	gi|2363081778|ref|NR_179135.1|	83.521	443	71	2	1	443	330	770	8.23e-115	412	2025494
ae0eebba3205524978c6ce2d5c71e5ea	gi|2363087251|ref|NR_181881.1|	83.521	443	71	2	1	443	307	747	8.23e-115	412	2880702
ae0eebba3205524978c6ce2d5c71e5ea	gi|444304189|ref|NR_074613.1|	83.596	445	66	6	1	443	350	789	2.96e-114	411	515620
401d313b4292a8967265e8f9d5b8ad7b	gi|645321357|ref|NR_118342.1|	97.743	443	10	0	1	443	331	773	0.0	763	40543
401d313b4292a8967265e8f9d5b8ad7b	gi|219878348|ref|NR_025487.1|	97.506	441	10	1	1	440	319	759	0.0	752	40543
401d313b4292a8967265e8f9d5b8ad7b	gi|2363087431|ref|NR_181973.1|	95.946	444	16	2	1	443	317	759	0.0	719	1130046
401d313b4292a8967265e8f9d5b8ad7b	gi|2180566479|ref|NR_174319.1|	95.730	445	15	4	1	443	338	780	0.0	713	2678686
401d313b4292a8967265e8f9d5b8ad7b	gi|1230874703|ref|NR_148864.1|	95.506	445	16	4	1	443	335	777	0.0	708	1720557
401d313b4292a8967265e8f9d5b8ad7b	gi|1146059183|ref|NR_145915.1|	95.281	445	17	4	1	443	335	777	0.0	702	1712031
401d313b4292a8967265e8f9d5b8ad7b	gi|1018196599|ref|NR_136478.1|	95.281	445	17	4	1	443	295	737	0.0	702	1384509
401d313b4292a8967265e8f9d5b8ad7b	gi|444304025|ref|NR_074449.1|	95.281	445	17	4	1	443	335	777	0.0	702	34105
401d313b4292a8967265e8f9d5b8ad7b	gi|228721492|ref|NR_027615.1|	94.831	445	19	4	1	443	335	777	0.0	691	34105
401d313b4292a8967265e8f9d5b8ad7b	gi|699005370|ref|NR_126239.1|	92.809	445	28	3	1	443	334	776	0.0	641	1162717
fed38266338e26b64a7cba9e11e5146a	gi|636558732|ref|NR_114789.1|	95.000	440	22	0	1	440	347	786	0.0	691	1535
fed38266338e26b64a7cba9e11e5146a	gi|1146059197|ref|NR_145929.1|	93.919	444	23	2	1	440	319	762	0.0	667	642589
fed38266338e26b64a7cba9e11e5146a	gi|3248465687|ref|NR_201701.1|	93.679	443	25	2	1	440	330	772	0.0	660	3435187
fed38266338e26b64a7cba9e11e5146a	gi|3248465688|ref|NR_201702.1|	93.679	443	25	2	1	440	328	770	0.0	660	3435000
fed38266338e26b64a7cba9e11e5146a	gi|2836274966|ref|NR_197729.1|	93.636	440	28	0	1	440	304	743	0.0	658	3093657
fed38266338e26b64a7cba9e11e5146a	gi|1193829157|ref|NR_147400.1|	93.182	440	30	0	1	440	339	778	0.0	647	1958780
fed38266338e26b64a7cba9e11e5146a	gi|2836274967|ref|NR_197730.1|	93.182	440	30	0	1	440	312	751	0.0	647	3093658
fed38266338e26b64a7cba9e11e5146a	gi|1116030278|ref|NR_144736.1|	93.182	440	30	0	1	440	360	799	0.0	647	1776382
fed38266338e26b64a7cba9e11e5146a	gi|2363082799|ref|NR_179648.1|	92.955	440	31	0	1	440	339	778	0.0	641	2045012
fed38266338e26b64a7cba9e11e5146a	gi|2180566484|ref|NR_174324.1|	92.955	440	31	0	1	440	346	785	0.0	641	2576756
6ea29f4fa90d8ba1d481c42e15fc191b	gi|2363085892|ref|NR_181198.1|	99.785	465	1	0	1	465	268	732	0.0	854	2735723
6ea29f4fa90d8ba1d481c42e15fc191b	gi|265678513|ref|NR_028816.1|	98.925	465	5	0	1	465	310	774	0.0	832	154288
6ea29f4fa90d8ba1d481c42e15fc191b	gi|566085589|ref|NR_109669.1|	91.613	465	39	0	1	465	329	793	0.0	643	1202712
6ea29f4fa90d8ba1d481c42e15fc191b	gi|636560492|ref|NR_116552.1|	91.613	465	39	0	1	465	291	755	0.0	643	1384057
6ea29f4fa90d8ba1d481c42e15fc191b	gi|636559469|ref|NR_115529.1|	91.613	465	39	0	1	465	320	784	0.0	643	1421
6ea29f4fa90d8ba1d481c42e15fc191b	gi|1811131534|ref|NR_165716.1|	91.398	465	40	0	1	465	317	781	0.0	638	2304605
6ea29f4fa90d8ba1d481c42e15fc191b	gi|2363086993|ref|NR_181753.1|	91.435	467	36	4	1	465	295	759	0.0	638	1547283
6ea29f4fa90d8ba1d481c42e15fc191b	gi|645321097|ref|NR_118146.1|	91.398	465	40	0	1	465	311	775	0.0	638	1130819
6ea29f4fa90d8ba1d481c42e15fc191b	gi|631251372|ref|NR_112569.1|	91.398	465	40	0	1	465	322	786	0.0	638	28031
6ea29f4fa90d8ba1d481c42e15fc191b	gi|631251431|ref|NR_112628.1|	91.398	465	40	0	1	465	322	786	0.0	638	28031
f9dceecb99a0293ec5920d4913ab6dde	gi|2363082342|ref|NR_179418.1|	93.228	443	29	1	1	442	348	790	0.0	651	1673721
f9dceecb99a0293ec5920d4913ab6dde	gi|3030611324|ref|NR_200000.1|	93.002	443	30	1	1	442	301	743	0.0	645	3342383
f9dceecb99a0293ec5920d4913ab6dde	gi|1109168025|ref|NR_144611.1|	93.002	443	30	1	1	442	282	724	0.0	645	1417852
f9dceecb99a0293ec5920d4913ab6dde	gi|2363082352|ref|NR_179423.1|	92.551	443	32	1	1	442	349	791	0.0	634	1689270
f9dceecb99a0293ec5920d4913ab6dde	gi|2363082168|ref|NR_179330.1|	92.325	443	32	2	1	442	327	768	7.49e-180	628	2714355
f9dceecb99a0293ec5920d4913ab6dde	gi|2363082569|ref|NR_179531.1|	92.099	443	33	2	1	442	347	788	3.48e-178	623	1852369
f9dceecb99a0293ec5920d4913ab6dde	gi|645321636|ref|NR_118554.1|	92.099	443	34	1	1	442	329	771	3.48e-178	623	1297617
f9dceecb99a0293ec5920d4913ab6dde	gi|219846612|ref|NR_026204.1|	91.874	443	35	1	1	442	328	770	4.51e-177	619	47246
f9dceecb99a0293ec5920d4913ab6dde	gi|2363083800|ref|NR_180148.1|	91.874	443	35	1	1	442	349	791	1.62e-176	617	2211183
f9dceecb99a0293ec5920d4913ab6dde	gi|2363082165|ref|NR_179329.1|	91.648	443	35	2	1	442	327	768	7.54e-175	612	2714353
27910e749687623a74311c71546abc0d	gi|3030611324|ref|NR_200000.1|	98.194	443	8	0	1	443	301	743	0.0	774	3342383
27910e749687623a74311c71546abc0d	gi|1109168025|ref|NR_144611.1|	98.194	443	8	0	1	443	282	724	0.0	774	1417852
27910e749687623a74311c71546abc0d	gi|2363084741|ref|NR_180619.1|	95.260	443	21	0	1	443	347	789	0.0	702	2779352
27910e749687623a74311c71546abc0d	gi|219846080|ref|NR_025670.1|	95.034	443	22	0	1	443	329	771	0.0	697	411467
27910e749687623a74311c71546abc0d	gi|2363082326|ref|NR_179410.1|	94.808	443	23	0	1	443	349	791	0.0	691	1650661
27910e749687623a74311c71546abc0d	gi|2136551692|ref|NR_173697.1|	94.582	443	23	1	1	443	349	790	0.0	684	2108523
27910e749687623a74311c71546abc0d	gi|1193829127|ref|NR_147370.1|	94.357	443	25	0	1	443	349	791	0.0	680	1870988
27910e749687623a74311c71546abc0d	gi|2363082358|ref|NR_179426.1|	94.357	443	25	0	1	443	349	791	0.0	680	1702285
27910e749687623a74311c71546abc0d	gi|645321636|ref|NR_118554.1|	94.357	443	25	0	1	443	329	771	0.0	680	1297617
27910e749687623a74311c71546abc0d	gi|2363082342|ref|NR_179418.1|	94.131	443	26	0	1	443	348	790	0.0	675	1673721
bcdbff5cd8e8bd8878c008988207453c	gi|2363085153|ref|NR_180825.1|	95.711	443	17	1	1	443	347	787	0.0	712	2605790
bcdbff5cd8e8bd8878c008988207453c	gi|343198540|ref|NR_042832.1|	95.711	443	17	1	1	443	330	770	0.0	712	301302
bcdbff5cd8e8bd8878c008988207453c	gi|645320588|ref|NR_117758.1|	95.260	443	20	1	1	443	322	763	0.0	701	166486
bcdbff5cd8e8bd8878c008988207453c	gi|228716944|ref|NR_027557.1|	95.260	443	20	1	1	443	343	784	0.0	701	536231
bcdbff5cd8e8bd8878c008988207453c	gi|2363085149|ref|NR_180823.1|	95.260	443	18	1	1	443	357	796	0.0	699	2606634
bcdbff5cd8e8bd8878c008988207453c	gi|444439494|ref|NR_074809.1|	94.808	443	21	1	1	443	350	790	0.0	689	585394
bcdbff5cd8e8bd8878c008988207453c	gi|444304209|ref|NR_074634.1|	94.808	443	20	1	1	443	350	789	0.0	688	515619
bcdbff5cd8e8bd8878c008988207453c	gi|2363086282|ref|NR_181393.1|	94.808	443	20	1	1	443	290	729	0.0	688	2763664
bcdbff5cd8e8bd8878c008988207453c	gi|559795194|ref|NR_104783.1|	94.808	443	20	1	1	443	353	792	0.0	688	290052
bcdbff5cd8e8bd8878c008988207453c	gi|1227086116|ref|NR_148619.1|	94.595	444	21	2	1	443	301	742	0.0	684	1712665
0084cb48c338bbd94f3681e78763feac	gi|265679047|ref|NR_029355.1|	93.679	443	24	4	1	442	332	771	0.0	660	84026
0084cb48c338bbd94f3681e78763feac	gi|2363082601|ref|NR_179547.1|	93.228	443	26	4	1	442	347	786	0.0	649	1870991
0084cb48c338bbd94f3681e78763feac	gi|228717037|ref|NR_027558.1|	92.986	442	28	2	1	442	292	730	0.0	641	169435
0084cb48c338bbd94f3681e78763feac	gi|343205927|ref|NR_044425.1|	91.874	443	32	4	1	442	346	785	5.83e-176	616	474960
0084cb48c338bbd94f3681e78763feac	gi|2363082340|ref|NR_179417.1|	91.874	443	31	4	1	442	345	783	2.10e-175	614	1673720
0084cb48c338bbd94f3681e78763feac	gi|2363086272|ref|NR_181388.1|	91.648	443	33	3	1	442	388	827	2.71e-174	610	2763658
0084cb48c338bbd94f3681e78763feac	gi|2363082625|ref|NR_179559.1|	91.685	445	30	7	1	442	333	773	2.71e-174	610	1871018
0084cb48c338bbd94f3681e78763feac	gi|2363082755|ref|NR_179626.1|	91.648	443	32	4	1	442	351	789	9.75e-174	608	1987501
0084cb48c338bbd94f3681e78763feac	gi|2363082711|ref|NR_179603.1|	91.685	445	28	7	1	442	317	755	9.75e-174	608	1944642
0084cb48c338bbd94f3681e78763feac	gi|2363082585|ref|NR_179539.1|	91.422	443	33	4	1	442	351	789	4.54e-172	603	1852384
5c5f28a0b63a6a9dedeeaf8f112b3a44	gi|1811131545|ref|NR_165727.1|	99.099	444	4	0	1	444	358	801	0.0	798	2358141
5c5f28a0b63a6a9dedeeaf8f112b3a44	gi|219846061|ref|NR_025651.1|	95.045	444	21	1	1	444	350	792	0.0	697	160404
5c5f28a0b63a6a9dedeeaf8f112b3a44	gi|631252210|ref|NR_113408.1|	94.820	444	22	1	1	444	351	793	0.0	691	28446
5c5f28a0b63a6a9dedeeaf8f112b3a44	gi|1445136073|ref|NR_158113.1|	94.831	445	20	3	1	444	328	770	0.0	691	433287
5c5f28a0b63a6a9dedeeaf8f112b3a44	gi|265678961|ref|NR_029269.1|	94.595	444	22	2	1	444	350	791	0.0	686	28446
5c5f28a0b63a6a9dedeeaf8f112b3a44	gi|2621112349|ref|NR_189253.1|	94.144	444	26	0	1	444	345	788	0.0	676	2918914
5c5f28a0b63a6a9dedeeaf8f112b3a44	gi|1397641803|ref|NR_156912.1|	93.919	444	26	1	1	444	307	749	0.0	669	1450156
5c5f28a0b63a6a9dedeeaf8f112b3a44	gi|645320791|ref|NR_117912.1|	93.919	444	26	1	1	444	325	767	0.0	669	879970
5c5f28a0b63a6a9dedeeaf8f112b3a44	gi|219846558|ref|NR_026150.1|	93.919	444	25	2	1	444	350	791	0.0	669	36847
5c5f28a0b63a6a9dedeeaf8f112b3a44	gi|1230874676|ref|NR_148837.1|	93.708	445	22	4	1	444	347	786	0.0	662	1675854
72d2272964ba1fd90e91e2c667a9c0c0	gi|1109168027|ref|NR_144612.1|	97.955	440	9	0	1	440	350	789	0.0	763	1796636
72d2272964ba1fd90e91e2c667a9c0c0	gi|2363080283|ref|NR_178367.1|	95.455	440	20	0	1	440	328	767	0.0	702	673271
72d2272964ba1fd90e91e2c667a9c0c0	gi|1040567056|ref|NR_137405.1|	95.011	441	20	2	1	440	307	746	0.0	691	1619234
72d2272964ba1fd90e91e2c667a9c0c0	gi|631250892|ref|NR_112089.1|	94.558	441	22	2	1	440	336	775	0.0	680	553973
72d2272964ba1fd90e91e2c667a9c0c0	gi|224581401|ref|NR_024719.1|	94.558	441	21	3	1	440	341	779	0.0	678	89153
72d2272964ba1fd90e91e2c667a9c0c0	gi|1397641798|ref|NR_156907.1|	94.318	440	25	0	1	440	348	787	0.0	675	1912855
72d2272964ba1fd90e91e2c667a9c0c0	gi|219878251|ref|NR_025390.1|	94.318	440	25	0	1	440	330	769	0.0	675	115544
72d2272964ba1fd90e91e2c667a9c0c0	gi|219857122|ref|NR_024750.1|	94.104	441	25	1	1	440	300	740	0.0	671	116085
72d2272964ba1fd90e91e2c667a9c0c0	gi|1109168038|ref|NR_144617.1|	94.091	440	26	0	1	440	340	779	0.0	669	1796634
72d2272964ba1fd90e91e2c667a9c0c0	gi|645321785|ref|NR_118670.1|	93.651	441	26	2	1	440	357	796	0.0	665	39496
bf98c5b5833a340da9ba58914a259d23	gi|672239004|ref|NR_125593.1|	99.353	464	3	0	1	464	338	801	0.0	841	1034346
bf98c5b5833a340da9ba58914a259d23	gi|1193829126|ref|NR_147369.1|	92.521	468	27	8	1	464	341	804	0.0	664	1903263
bf98c5b5833a340da9ba58914a259d23	gi|645320615|ref|NR_117779.1|	91.435	467	29	8	1	464	333	791	2.19e-180	630	118967
bf98c5b5833a340da9ba58914a259d23	gi|559795259|ref|NR_104850.1|	91.435	467	29	8	1	464	323	781	2.19e-180	630	118967
bf98c5b5833a340da9ba58914a259d23	gi|672239039|ref|NR_125628.1|	90.968	465	40	2	1	464	336	799	1.02e-178	625	1211819
bf98c5b5833a340da9ba58914a259d23	gi|1179766737|ref|NR_146687.1|	90.851	470	31	11	1	464	350	813	4.74e-177	619	265178
bf98c5b5833a340da9ba58914a259d23	gi|265678858|ref|NR_029164.1|	90.538	465	42	2	1	464	349	812	6.14e-176	616	1522
bf98c5b5833a340da9ba58914a259d23	gi|265679027|ref|NR_029335.1|	90.323	465	43	2	1	464	250	713	1.03e-173	608	61171
bf98c5b5833a340da9ba58914a259d23	gi|343200150|ref|NR_040837.1|	90.192	469	36	9	1	464	339	802	4.78e-172	603	1648
bf98c5b5833a340da9ba58914a259d23	gi|2363087361|ref|NR_181937.1|	89.957	468	39	7	1	464	291	754	2.22e-170	597	2683717
a61a3379bf9b48586914fd9e1a9219d5	gi|2363086296|ref|NR_181400.1|	99.314	437	3	0	3	439	250	686	0.0	793	2764712
a61a3379bf9b48586914fd9e1a9219d5	gi|2363086298|ref|NR_181401.1|	96.811	439	14	0	1	439	303	741	0.0	734	2763645
a61a3379bf9b48586914fd9e1a9219d5	gi|1116030291|ref|NR_144749.1|	92.986	442	27	3	1	439	347	787	0.0	641	1852367
a61a3379bf9b48586914fd9e1a9219d5	gi|2463901899|ref|NR_184630.1|	92.971	441	29	1	1	439	343	783	0.0	641	2839743
a61a3379bf9b48586914fd9e1a9219d5	gi|2136551617|ref|NR_173621.1|	92.534	442	30	1	1	439	354	795	2.07e-180	630	2818044
a61a3379bf9b48586914fd9e1a9219d5	gi|1116030279|ref|NR_144737.1|	92.081	442	32	1	1	439	347	788	4.47e-177	619	1776384
a61a3379bf9b48586914fd9e1a9219d5	gi|645321915|ref|NR_118779.1|	92.063	441	33	2	1	439	327	767	4.47e-177	619	35517
a61a3379bf9b48586914fd9e1a9219d5	gi|310975129|ref|NR_036993.1|	92.063	441	33	2	1	439	359	799	4.47e-177	619	35517
a61a3379bf9b48586914fd9e1a9219d5	gi|2363082665|ref|NR_179580.1|	91.837	441	34	2	1	439	327	767	5.79e-176	616	1917867
a61a3379bf9b48586914fd9e1a9219d5	gi|2363085330|ref|NR_180913.1|	91.855	442	33	2	1	439	327	768	2.08e-175	614	2697030
7772a74e10f9f5409420e401d2464273	gi|2363080283|ref|NR_178367.1|	95.918	441	17	1	1	441	328	767	0.0	713	673271
7772a74e10f9f5409420e401d2464273	gi|1109168027|ref|NR_144612.1|	95.238	441	20	1	1	441	350	789	0.0	697	1796636
7772a74e10f9f5409420e401d2464273	gi|1227086118|ref|NR_148620.1|	95.023	442	19	3	1	441	195	634	0.0	691	1763509
7772a74e10f9f5409420e401d2464273	gi|1193829153|ref|NR_147396.1|	94.785	441	22	1	1	441	328	767	0.0	686	1917870
7772a74e10f9f5409420e401d2464273	gi|2363086310|ref|NR_181407.1|	94.785	441	22	1	1	441	355	794	0.0	686	2850323
7772a74e10f9f5409420e401d2464273	gi|219857122|ref|NR_024750.1|	94.570	442	22	2	1	441	300	740	0.0	684	116085
7772a74e10f9f5409420e401d2464273	gi|2363085097|ref|NR_180797.1|	94.558	441	23	1	1	441	346	785	0.0	680	2605778
7772a74e10f9f5409420e401d2464273	gi|219857617|ref|NR_025206.1|	94.570	442	21	3	1	441	314	753	0.0	680	180286
7772a74e10f9f5409420e401d2464273	gi|2363084743|ref|NR_180620.1|	94.331	441	24	1	1	441	338	777	0.0	675	2779351
7772a74e10f9f5409420e401d2464273	gi|2363083601|ref|NR_180048.1|	94.331	441	24	1	1	441	338	777	0.0	675	253257
0e91fda7f78fca02ac2f669208f8ffdf	gi|2363086290|ref|NR_181397.1|	95.701	442	15	4	1	440	303	742	0.0	708	2763671
0e91fda7f78fca02ac2f669208f8ffdf	gi|343205678|ref|NR_044054.1|	95.692	441	17	2	1	440	297	736	0.0	708	1121115
0e91fda7f78fca02ac2f669208f8ffdf	gi|631253117|ref|NR_114315.1|	95.465	441	18	2	1	440	336	775	0.0	704	649762
0e91fda7f78fca02ac2f669208f8ffdf	gi|974142252|ref|NR_134772.1|	95.465	441	18	2	1	440	297	736	0.0	702	1337051
0e91fda7f78fca02ac2f669208f8ffdf	gi|2363082685|ref|NR_179590.1|	95.249	442	18	3	1	440	327	767	0.0	699	1936059
0e91fda7f78fca02ac2f669208f8ffdf	gi|219846720|ref|NR_026312.1|	95.011	441	20	2	1	440	327	766	0.0	693	180164
0e91fda7f78fca02ac2f669208f8ffdf	gi|2363085133|ref|NR_180815.1|	94.796	442	19	3	1	440	350	789	0.0	686	2606633
0e91fda7f78fca02ac2f669208f8ffdf	gi|2363083556|ref|NR_180026.1|	94.796	442	19	3	1	440	348	787	0.0	686	2696678
0e91fda7f78fca02ac2f669208f8ffdf	gi|2363082673|ref|NR_179584.1|	94.796	442	19	4	1	440	327	766	0.0	686	1917888
0e91fda7f78fca02ac2f669208f8ffdf	gi|631252033|ref|NR_113231.1|	94.796	442	19	4	1	440	347	786	0.0	686	536633
95f1a240f32c84741fcb828b1f92d02e	gi|444303954|ref|NR_074377.1|	99.318	440	3	0	1	440	331	770	0.0	797	84112
95f1a240f32c84741fcb828b1f92d02e	gi|631251960|ref|NR_113158.1|	99.318	440	3	0	1	440	331	770	0.0	797	84112
95f1a240f32c84741fcb828b1f92d02e	gi|310975225|ref|NR_037089.1|	99.318	440	3	0	1	440	331	770	0.0	797	84112
95f1a240f32c84741fcb828b1f92d02e	gi|631250842|ref|NR_112038.1|	99.318	440	3	0	1	440	334	773	0.0	797	84112
95f1a240f32c84741fcb828b1f92d02e	gi|343198543|ref|NR_042840.1|	98.636	440	6	0	1	440	311	750	0.0	780	883107
95f1a240f32c84741fcb828b1f92d02e	gi|1193829137|ref|NR_147380.1|	98.182	440	8	0	1	440	331	770	0.0	769	1871008
95f1a240f32c84741fcb828b1f92d02e	gi|2363084900|ref|NR_180698.1|	98.182	440	8	0	1	440	331	770	0.0	769	2690837
95f1a240f32c84741fcb828b1f92d02e	gi|2363081735|ref|NR_179114.1|	94.808	443	18	5	1	440	265	705	0.0	686	2070686
95f1a240f32c84741fcb828b1f92d02e	gi|2363081733|ref|NR_179113.1|	94.796	442	18	5	1	440	282	720	0.0	684	2070688
95f1a240f32c84741fcb828b1f92d02e	gi|2363082557|ref|NR_179525.1|	94.318	440	24	1	1	440	331	769	0.0	673	1841863
140e4fd2e48e550fc4cdb8e086fb322d	gi|1277396189|ref|NR_151900.1|	99.773	440	1	0	1	440	351	790	0.0	808	1550024
140e4fd2e48e550fc4cdb8e086fb322d	gi|2962412223|ref|NR_199417.1|	94.144	444	18	8	1	440	342	781	0.0	669	3136601
140e4fd2e48e550fc4cdb8e086fb322d	gi|559795255|ref|NR_104846.1|	94.091	440	26	0	1	440	288	727	0.0	669	745368
140e4fd2e48e550fc4cdb8e086fb322d	gi|1397641802|ref|NR_156911.1|	93.878	441	25	2	1	440	351	790	0.0	664	1650663
140e4fd2e48e550fc4cdb8e086fb322d	gi|2363084747|ref|NR_180622.1|	93.864	440	27	0	1	440	335	774	0.0	664	2779354
140e4fd2e48e550fc4cdb8e086fb322d	gi|265678692|ref|NR_028997.1|	93.651	441	27	1	1	440	303	743	0.0	658	214851
140e4fd2e48e550fc4cdb8e086fb322d	gi|2363080123|ref|NR_178280.1|	92.727	440	32	0	1	440	331	770	0.0	636	411483
140e4fd2e48e550fc4cdb8e086fb322d	gi|3030611269|ref|NR_199945.1|	92.500	440	33	0	1	440	335	774	2.07e-180	630	3435293
140e4fd2e48e550fc4cdb8e086fb322d	gi|265678656|ref|NR_028961.1|	92.500	440	33	0	1	440	327	766	2.07e-180	630	853
140e4fd2e48e550fc4cdb8e086fb322d	gi|2363080175|ref|NR_178311.1|	92.290	441	32	2	1	440	412	851	9.64e-179	625	2903556
e6052fa3a6a9437d05f1871e3ead84d9	gi|1116030269|ref|NR_144727.1|	98.182	440	8	0	1	440	335	774	0.0	769	1673717
e6052fa3a6a9437d05f1871e3ead84d9	gi|2363083495|ref|NR_179996.1|	95.000	440	22	0	1	440	363	802	0.0	691	2764322
e6052fa3a6a9437d05f1871e3ead84d9	gi|2180566484|ref|NR_174324.1|	94.104	441	24	2	1	440	346	785	0.0	669	2576756
e6052fa3a6a9437d05f1871e3ead84d9	gi|2363086260|ref|NR_181382.1|	93.651	441	26	2	1	440	322	761	0.0	658	2763662
e6052fa3a6a9437d05f1871e3ead84d9	gi|1116030278|ref|NR_144736.1|	93.409	440	29	0	1	440	360	799	0.0	652	1776382
e6052fa3a6a9437d05f1871e3ead84d9	gi|1109168013|ref|NR_144605.1|	92.955	440	31	0	1	440	367	806	0.0	641	1796620
e6052fa3a6a9437d05f1871e3ead84d9	gi|2836274967|ref|NR_197730.1|	92.727	440	32	0	1	440	312	751	0.0	636	3093658
e6052fa3a6a9437d05f1871e3ead84d9	gi|2836274968|ref|NR_197731.1|	92.500	440	33	0	1	440	306	745	2.07e-180	630	3093659
e6052fa3a6a9437d05f1871e3ead84d9	gi|2836274966|ref|NR_197729.1|	92.290	441	32	2	1	440	304	743	9.64e-179	625	3093657
e6052fa3a6a9437d05f1871e3ead84d9	gi|636558732|ref|NR_114789.1|	92.273	440	34	0	1	440	347	786	9.64e-179	625	1535
9f4580de37f677cd4a392e905ccc78f7	gi|343200664|ref|NR_041351.1|	96.095	461	16	2	1	460	341	800	0.0	750	357276
9f4580de37f677cd4a392e905ccc78f7	gi|444304091|ref|NR_074515.1|	95.435	460	21	0	1	460	350	809	0.0	734	435590
9f4580de37f677cd4a392e905ccc78f7	gi|631251748|ref|NR_112946.1|	95.435	460	21	0	1	460	339	798	0.0	734	821
9f4580de37f677cd4a392e905ccc78f7	gi|631250946|ref|NR_112143.1|	95.217	460	22	0	1	460	307	766	0.0	728	821
9f4580de37f677cd4a392e905ccc78f7	gi|2363085522|ref|NR_181010.1|	93.261	460	31	0	1	460	297	756	0.0	678	2786956
9f4580de37f677cd4a392e905ccc78f7	gi|631251866|ref|NR_113064.1|	92.826	460	33	0	1	460	338	797	0.0	667	1236538
9f4580de37f677cd4a392e905ccc78f7	gi|631251997|ref|NR_113195.1|	92.826	460	33	0	1	460	338	797	0.0	667	1236515
9f4580de37f677cd4a392e905ccc78f7	gi|631251817|ref|NR_113015.1|	92.826	460	33	0	1	460	338	797	0.0	667	1236538
9f4580de37f677cd4a392e905ccc78f7	gi|645320081|ref|NR_117373.1|	92.826	460	33	0	1	460	289	748	0.0	667	1236515
9f4580de37f677cd4a392e905ccc78f7	gi|2363082547|ref|NR_179520.1|	92.625	461	32	2	1	460	314	773	0.0	662	1841855
4739bf97b0ec1c0312a1f54eff0a83de	gi|343200980|ref|NR_041667.1|	99.140	465	4	0	1	465	320	784	0.0	837	487175
4739bf97b0ec1c0312a1f54eff0a83de	gi|631252130|ref|NR_113328.1|	91.221	467	37	4	1	465	332	796	0.0	632	626947
4739bf97b0ec1c0312a1f54eff0a83de	gi|631251705|ref|NR_112903.1|	91.221	467	37	4	1	465	312	776	0.0	632	626947
4739bf97b0ec1c0312a1f54eff0a83de	gi|2363082296|ref|NR_179395.1|	89.507	467	45	4	1	465	330	794	1.04e-168	592	1506471
4739bf97b0ec1c0312a1f54eff0a83de	gi|2136551693|ref|NR_173698.1|	89.079	467	47	4	1	465	318	782	1.73e-166	584	2259133
4739bf97b0ec1c0312a1f54eff0a83de	gi|1811131556|ref|NR_165738.1|	89.293	467	46	4	1	465	309	773	6.24e-166	582	2490857
4739bf97b0ec1c0312a1f54eff0a83de	gi|1246951785|ref|NR_149789.1|	89.032	465	51	0	1	465	297	761	2.90e-164	577	1783360
4739bf97b0ec1c0312a1f54eff0a83de	gi|1246951779|ref|NR_149783.1|	89.079	467	47	4	1	465	337	801	2.90e-164	577	1769758
4739bf97b0ec1c0312a1f54eff0a83de	gi|2363086886|ref|NR_181700.1|	89.079	467	47	4	1	465	329	793	2.90e-164	577	2825886
4739bf97b0ec1c0312a1f54eff0a83de	gi|2363086884|ref|NR_181699.1|	89.079	467	47	4	1	465	329	793	2.90e-164	577	2825884
d31e168f8a2bf2498a20283771983ffa	gi|2363082755|ref|NR_179626.1|	99.544	439	2	0	1	439	351	789	0.0	800	1987501
d31e168f8a2bf2498a20283771983ffa	gi|2363082585|ref|NR_179539.1|	98.405	439	7	0	1	439	351	789	0.0	773	1852384
d31e168f8a2bf2498a20283771983ffa	gi|1445136071|ref|NR_158111.1|	96.811	439	14	0	1	439	349	787	0.0	734	2038680
d31e168f8a2bf2498a20283771983ffa	gi|265679047|ref|NR_029355.1|	94.545	440	23	1	1	439	332	771	0.0	678	84026
d31e168f8a2bf2498a20283771983ffa	gi|2363082601|ref|NR_179547.1|	94.318	440	24	1	1	439	347	786	0.0	673	1870991
d31e168f8a2bf2498a20283771983ffa	gi|228717037|ref|NR_027558.1|	93.622	439	28	0	1	439	292	730	0.0	656	169435
d31e168f8a2bf2498a20283771983ffa	gi|2363086276|ref|NR_181390.1|	93.424	441	26	2	1	439	304	743	0.0	651	2763659
d31e168f8a2bf2498a20283771983ffa	gi|1277396348|ref|NR_152059.1|	93.002	443	26	4	1	439	272	713	0.0	641	1849041
d31e168f8a2bf2498a20283771983ffa	gi|2363082561|ref|NR_179527.1|	93.002	443	26	4	1	439	336	777	0.0	641	1841868
d31e168f8a2bf2498a20283771983ffa	gi|1116030290|ref|NR_144748.1|	92.938	439	31	0	1	439	335	773	0.0	640	2897707
f6bf51e68d1e914cfc05be1dee94171a	gi|939733311|ref|NR_133038.1|	99.545	440	2	0	1	440	350	789	0.0	802	938288
f6bf51e68d1e914cfc05be1dee94171a	gi|1811131498|ref|NR_165680.1|	91.629	442	33	3	1	440	284	723	9.71e-174	608	1766203
f6bf51e68d1e914cfc05be1dee94171a	gi|2363086334|ref|NR_181419.1|	91.629	442	32	4	1	440	327	765	3.49e-173	606	2769485
f6bf51e68d1e914cfc05be1dee94171a	gi|636559982|ref|NR_116042.1|	91.591	440	36	1	1	440	353	791	3.49e-173	606	1123352
f6bf51e68d1e914cfc05be1dee94171a	gi|2363082771|ref|NR_179634.1|	91.364	440	37	1	1	440	346	784	1.62e-171	601	2024205
f6bf51e68d1e914cfc05be1dee94171a	gi|2363082344|ref|NR_179419.1|	91.176	442	34	4	1	440	349	787	7.56e-170	595	1673724
f6bf51e68d1e914cfc05be1dee94171a	gi|2363082775|ref|NR_179636.1|	91.156	441	36	3	1	440	351	789	7.56e-170	595	2040296
f6bf51e68d1e914cfc05be1dee94171a	gi|2363082422|ref|NR_179458.1|	91.156	441	36	3	1	440	252	690	7.56e-170	595	2040296
f6bf51e68d1e914cfc05be1dee94171a	gi|2363082376|ref|NR_179435.1|	91.136	440	38	1	1	440	349	787	7.56e-170	595	1723382
f6bf51e68d1e914cfc05be1dee94171a	gi|2288518057|ref|NR_176802.2|	91.176	442	34	4	1	440	335	773	7.56e-170	595	226526
