dde34bb499e5fc7be40628943bada7df	gi|265678656|ref|NR_028961.1|	99.091	440	4	0	4	443	327	766	0.0	791	853
dde34bb499e5fc7be40628943bada7df	gi|2363081451|ref|NR_178972.1|	98.864	440	5	0	4	443	285	724	0.0	785	1851428
dde34bb499e5fc7be40628943bada7df	gi|2363080123|ref|NR_178280.1|	98.864	440	5	0	4	443	331	770	0.0	785	411483
dde34bb499e5fc7be40628943bada7df	gi|3030611269|ref|NR_199945.1|	98.636	440	6	0	4	443	335	774	0.0	780	3435293
dde34bb499e5fc7be40628943bada7df	gi|2363081449|ref|NR_178971.1|	98.409	440	6	1	4	443	285	723	0.0	773	1851427
dde34bb499e5fc7be40628943bada7df	gi|2363082282|ref|NR_179388.1|	98.186	441	6	2	4	443	335	774	0.0	769	2935520
dde34bb499e5fc7be40628943bada7df	gi|2363080175|ref|NR_178311.1|	96.591	440	15	0	4	443	412	851	0.0	730	2903556
dde34bb499e5fc7be40628943bada7df	gi|1397641802|ref|NR_156911.1|	92.500	440	33	0	4	443	351	790	2.09e-180	630	1650663
dde34bb499e5fc7be40628943bada7df	gi|2363084747|ref|NR_180622.1|	92.517	441	31	2	4	443	335	774	2.09e-180	630	2779354
dde34bb499e5fc7be40628943bada7df	gi|2363082356|ref|NR_179425.1|	92.500	440	33	0	4	443	351	790	2.09e-180	630	1689304
70707a8be837d70541a1fa38bebe21e5	gi|444304209|ref|NR_074634.1|	99.318	440	3	0	4	443	350	789	0.0	797	515619
70707a8be837d70541a1fa38bebe21e5	gi|343198540|ref|NR_042832.1|	98.186	441	7	1	4	443	330	770	0.0	769	301302
70707a8be837d70541a1fa38bebe21e5	gi|1227086116|ref|NR_148619.1|	97.738	442	8	2	4	443	301	742	0.0	760	1712665
70707a8be837d70541a1fa38bebe21e5	gi|645320588|ref|NR_117758.1|	97.285	442	10	1	4	443	322	763	0.0	749	166486
70707a8be837d70541a1fa38bebe21e5	gi|228716944|ref|NR_027557.1|	97.285	442	10	1	4	443	343	784	0.0	749	536231
70707a8be837d70541a1fa38bebe21e5	gi|444439494|ref|NR_074809.1|	97.279	441	11	1	4	443	350	790	0.0	747	585394
70707a8be837d70541a1fa38bebe21e5	gi|343201282|ref|NR_042008.1|	97.052	441	11	2	4	443	341	780	0.0	741	585394
70707a8be837d70541a1fa38bebe21e5	gi|2363085153|ref|NR_180825.1|	96.825	441	13	1	4	443	347	787	0.0	736	2605790
70707a8be837d70541a1fa38bebe21e5	gi|219846723|ref|NR_026315.1|	96.818	440	14	0	4	443	317	756	0.0	736	46206
70707a8be837d70541a1fa38bebe21e5	gi|2363086282|ref|NR_181393.1|	96.591	440	15	0	4	443	290	729	0.0	730	2763664
34ad48c41bce5ee1a7ccabb9a724c080	gi|265678656|ref|NR_028961.1|	98.864	440	5	0	4	443	327	766	0.0	785	853
34ad48c41bce5ee1a7ccabb9a724c080	gi|2363081451|ref|NR_178972.1|	98.636	440	6	0	4	443	285	724	0.0	780	1851428
34ad48c41bce5ee1a7ccabb9a724c080	gi|2363080123|ref|NR_178280.1|	98.636	440	6	0	4	443	331	770	0.0	780	411483
34ad48c41bce5ee1a7ccabb9a724c080	gi|3030611269|ref|NR_199945.1|	98.409	440	7	0	4	443	335	774	0.0	774	3435293
34ad48c41bce5ee1a7ccabb9a724c080	gi|2363081449|ref|NR_178971.1|	98.840	431	5	0	4	434	285	715	0.0	769	1851427
34ad48c41bce5ee1a7ccabb9a724c080	gi|2363082282|ref|NR_179388.1|	97.959	441	7	2	4	443	335	774	0.0	763	2935520
34ad48c41bce5ee1a7ccabb9a724c080	gi|2363080175|ref|NR_178311.1|	96.364	440	16	0	4	443	412	851	0.0	725	2903556
34ad48c41bce5ee1a7ccabb9a724c080	gi|1397641802|ref|NR_156911.1|	92.273	440	34	0	4	443	351	790	9.71e-179	625	1650663
34ad48c41bce5ee1a7ccabb9a724c080	gi|2363084747|ref|NR_180622.1|	92.290	441	32	2	4	443	335	774	9.71e-179	625	2779354
34ad48c41bce5ee1a7ccabb9a724c080	gi|2363082356|ref|NR_179425.1|	92.273	440	34	0	4	443	351	790	9.71e-179	625	1689304
fe912d15bb9209facce4526c27cbe2f8	gi|265678656|ref|NR_028961.1|	99.091	440	4	0	4	443	327	766	0.0	791	853
fe912d15bb9209facce4526c27cbe2f8	gi|2363081451|ref|NR_178972.1|	98.864	440	5	0	4	443	285	724	0.0	785	1851428
fe912d15bb9209facce4526c27cbe2f8	gi|2363080123|ref|NR_178280.1|	98.864	440	5	0	4	443	331	770	0.0	785	411483
fe912d15bb9209facce4526c27cbe2f8	gi|3030611269|ref|NR_199945.1|	98.636	440	6	0	4	443	335	774	0.0	780	3435293
fe912d15bb9209facce4526c27cbe2f8	gi|2363081449|ref|NR_178971.1|	98.409	440	6	1	4	443	285	723	0.0	773	1851427
fe912d15bb9209facce4526c27cbe2f8	gi|2363082282|ref|NR_179388.1|	98.186	441	6	2	4	443	335	774	0.0	769	2935520
fe912d15bb9209facce4526c27cbe2f8	gi|2363080175|ref|NR_178311.1|	96.591	440	15	0	4	443	412	851	0.0	730	2903556
fe912d15bb9209facce4526c27cbe2f8	gi|1397641802|ref|NR_156911.1|	92.500	440	33	0	4	443	351	790	2.09e-180	630	1650663
fe912d15bb9209facce4526c27cbe2f8	gi|2363084747|ref|NR_180622.1|	92.517	441	31	2	4	443	335	774	2.09e-180	630	2779354
fe912d15bb9209facce4526c27cbe2f8	gi|2363082356|ref|NR_179425.1|	92.500	440	33	0	4	443	351	790	2.09e-180	630	1689304
620a9701ef5e26b049209f23278888db	gi|444304209|ref|NR_074634.1|	99.318	440	3	0	4	443	350	789	0.0	797	515619
620a9701ef5e26b049209f23278888db	gi|343198540|ref|NR_042832.1|	98.186	441	7	1	4	443	330	770	0.0	769	301302
620a9701ef5e26b049209f23278888db	gi|1227086116|ref|NR_148619.1|	97.738	442	8	2	4	443	301	742	0.0	760	1712665
620a9701ef5e26b049209f23278888db	gi|645320588|ref|NR_117758.1|	97.285	442	10	1	4	443	322	763	0.0	749	166486
620a9701ef5e26b049209f23278888db	gi|228716944|ref|NR_027557.1|	97.285	442	10	1	4	443	343	784	0.0	749	536231
620a9701ef5e26b049209f23278888db	gi|444439494|ref|NR_074809.1|	97.279	441	11	1	4	443	350	790	0.0	747	585394
620a9701ef5e26b049209f23278888db	gi|343201282|ref|NR_042008.1|	97.052	441	11	2	4	443	341	780	0.0	741	585394
620a9701ef5e26b049209f23278888db	gi|2363085153|ref|NR_180825.1|	96.825	441	13	1	4	443	347	787	0.0	736	2605790
620a9701ef5e26b049209f23278888db	gi|219846723|ref|NR_026315.1|	96.818	440	14	0	4	443	317	756	0.0	736	46206
620a9701ef5e26b049209f23278888db	gi|2363086282|ref|NR_181393.1|	96.591	440	15	0	4	443	290	729	0.0	730	2763664
a7ae4a82004c711d3c4a95f6d0fa21c4	gi|343200590|ref|NR_041277.1|	99.130	460	4	0	4	463	339	798	0.0	828	484018
a7ae4a82004c711d3c4a95f6d0fa21c4	gi|2221405488|ref|NR_175548.1|	96.104	462	14	4	4	463	346	805	0.0	750	2739389
a7ae4a82004c711d3c4a95f6d0fa21c4	gi|1116030286|ref|NR_144744.1|	94.348	460	26	0	4	463	339	798	0.0	708	1841856
a7ae4a82004c711d3c4a95f6d0fa21c4	gi|343200591|ref|NR_041278.1|	93.261	460	31	0	4	463	339	798	0.0	678	470145
a7ae4a82004c711d3c4a95f6d0fa21c4	gi|2363082641|ref|NR_179567.1|	92.826	460	33	0	4	463	339	798	0.0	669	1907658
a7ae4a82004c711d3c4a95f6d0fa21c4	gi|444304192|ref|NR_074616.1|	92.391	460	35	0	4	463	341	800	0.0	656	376805
a7ae4a82004c711d3c4a95f6d0fa21c4	gi|343200760|ref|NR_041447.1|	92.391	460	35	0	4	463	326	785	0.0	656	376805
a7ae4a82004c711d3c4a95f6d0fa21c4	gi|631251740|ref|NR_112938.1|	92.191	461	34	2	4	463	326	785	0.0	651	204516
a7ae4a82004c711d3c4a95f6d0fa21c4	gi|343198509|ref|NR_042745.1|	92.191	461	34	2	4	463	338	797	0.0	651	204516
a7ae4a82004c711d3c4a95f6d0fa21c4	gi|1146059112|ref|NR_145844.1|	91.974	461	35	2	4	463	339	798	0.0	645	1411144
fc3fe1d0cb4c1d6c485b83aad09e47af	gi|3030611330|ref|NR_200006.1|	99.353	464	3	0	4	467	333	796	0.0	841	3035606
fc3fe1d0cb4c1d6c485b83aad09e47af	gi|228715354|ref|NR_027526.1|	96.146	467	15	3	2	467	325	789	0.0	760	451640
fc3fe1d0cb4c1d6c485b83aad09e47af	gi|2363085157|ref|NR_180827.1|	92.918	466	30	3	4	467	328	792	0.0	675	2652286
fc3fe1d0cb4c1d6c485b83aad09e47af	gi|343200617|ref|NR_041304.1|	92.903	465	31	2	4	467	308	771	0.0	675	322505
fc3fe1d0cb4c1d6c485b83aad09e47af	gi|631252045|ref|NR_113243.1|	92.672	464	34	0	4	467	328	791	0.0	669	1547
fc3fe1d0cb4c1d6c485b83aad09e47af	gi|631253195|ref|NR_114393.1|	92.473	465	33	2	4	467	326	789	0.0	664	29348
fc3fe1d0cb4c1d6c485b83aad09e47af	gi|343203026|ref|NR_043550.1|	92.457	464	35	0	4	467	327	790	0.0	664	341225
fc3fe1d0cb4c1d6c485b83aad09e47af	gi|1109168034|ref|NR_144615.1|	92.241	464	36	0	4	467	316	779	0.0	658	1796628
fc3fe1d0cb4c1d6c485b83aad09e47af	gi|343200618|ref|NR_041305.1|	92.275	466	33	3	4	467	308	772	0.0	658	1410657
fc3fe1d0cb4c1d6c485b83aad09e47af	gi|228720470|ref|NR_027592.1|	92.258	465	34	2	4	467	316	779	0.0	658	29348
309c4310b6bed7f9e4438ca9edbf49c1	gi|444304209|ref|NR_074634.1|	99.545	440	2	0	4	443	350	789	0.0	802	515619
309c4310b6bed7f9e4438ca9edbf49c1	gi|343198540|ref|NR_042832.1|	98.413	441	6	1	4	443	330	770	0.0	774	301302
309c4310b6bed7f9e4438ca9edbf49c1	gi|1227086116|ref|NR_148619.1|	97.964	442	7	2	4	443	301	742	0.0	765	1712665
309c4310b6bed7f9e4438ca9edbf49c1	gi|645320588|ref|NR_117758.1|	97.511	442	9	1	4	443	322	763	0.0	754	166486
309c4310b6bed7f9e4438ca9edbf49c1	gi|228716944|ref|NR_027557.1|	97.511	442	9	1	4	443	343	784	0.0	754	536231
309c4310b6bed7f9e4438ca9edbf49c1	gi|444439494|ref|NR_074809.1|	97.506	441	10	1	4	443	350	790	0.0	752	585394
309c4310b6bed7f9e4438ca9edbf49c1	gi|343201282|ref|NR_042008.1|	97.279	441	10	2	4	443	341	780	0.0	747	585394
309c4310b6bed7f9e4438ca9edbf49c1	gi|2363085153|ref|NR_180825.1|	97.052	441	12	1	4	443	347	787	0.0	741	2605790
309c4310b6bed7f9e4438ca9edbf49c1	gi|219846723|ref|NR_026315.1|	97.045	440	13	0	4	443	317	756	0.0	741	46206
309c4310b6bed7f9e4438ca9edbf49c1	gi|2363086282|ref|NR_181393.1|	96.818	440	14	0	4	443	290	729	0.0	736	2763664
c12d4d5ef970be5a356004775c2911b0	gi|343200903|ref|NR_041590.1|	98.065	465	9	0	4	468	140	604	0.0	809	742816
c12d4d5ef970be5a356004775c2911b0	gi|343199066|ref|NR_044473.1|	97.425	466	10	2	4	468	295	759	0.0	793	491921
c12d4d5ef970be5a356004775c2911b0	gi|219878375|ref|NR_025514.1|	94.635	466	23	2	4	468	335	799	0.0	721	158847
c12d4d5ef970be5a356004775c2911b0	gi|645321057|ref|NR_118115.1|	92.275	466	34	2	4	468	345	809	0.0	660	1002795
c12d4d5ef970be5a356004775c2911b0	gi|636558562|ref|NR_114619.1|	92.077	467	33	4	4	468	347	811	0.0	654	86956
c12d4d5ef970be5a356004775c2911b0	gi|645320513|ref|NR_117702.1|	91.845	466	36	2	4	468	318	782	0.0	649	865
c12d4d5ef970be5a356004775c2911b0	gi|559795237|ref|NR_104827.1|	91.863	467	34	4	4	468	339	803	0.0	649	86956
c12d4d5ef970be5a356004775c2911b0	gi|343202547|ref|NR_042900.1|	91.631	466	37	2	4	468	225	689	0.0	645	259840
c12d4d5ef970be5a356004775c2911b0	gi|343203314|ref|NR_043658.1|	91.453	468	34	6	4	468	349	813	0.0	638	349096
c12d4d5ef970be5a356004775c2911b0	gi|2363082521|ref|NR_179507.1|	89.936	467	43	4	4	468	341	805	6.24e-171	599	1806837
0fb398032ad79ea00d9e7f41a94123ef	gi|2363082679|ref|NR_179587.1|	99.318	440	3	0	4	443	328	767	0.0	797	1926283
0fb398032ad79ea00d9e7f41a94123ef	gi|2363081854|ref|NR_179173.1|	99.318	440	3	0	4	443	333	772	0.0	797	2126740
0fb398032ad79ea00d9e7f41a94123ef	gi|1384992332|ref|NR_156081.1|	97.045	440	13	0	4	443	336	775	0.0	741	1469948
0fb398032ad79ea00d9e7f41a94123ef	gi|1384992329|ref|NR_156078.1|	97.045	440	13	0	4	443	336	775	0.0	741	1469948
0fb398032ad79ea00d9e7f41a94123ef	gi|3030611230|ref|NR_199906.1|	96.818	440	14	0	4	443	354	793	0.0	736	3123317
0fb398032ad79ea00d9e7f41a94123ef	gi|3030611314|ref|NR_199990.1|	96.818	440	14	0	4	443	350	789	0.0	736	3123317
0fb398032ad79ea00d9e7f41a94123ef	gi|1384992331|ref|NR_156080.1|	96.818	440	14	0	4	443	336	775	0.0	736	1469948
0fb398032ad79ea00d9e7f41a94123ef	gi|1384992328|ref|NR_156077.1|	96.818	440	14	0	4	443	336	775	0.0	736	1469948
0fb398032ad79ea00d9e7f41a94123ef	gi|2363085097|ref|NR_180797.1|	96.818	440	14	0	4	443	346	785	0.0	736	2605778
0fb398032ad79ea00d9e7f41a94123ef	gi|2363082819|ref|NR_179658.1|	96.818	440	14	0	4	443	353	792	0.0	736	2086584
178db86d7e191f74b557437906289f70	gi|559795255|ref|NR_104846.1|	98.409	440	7	0	4	443	288	727	0.0	774	745368
178db86d7e191f74b557437906289f70	gi|265678692|ref|NR_028997.1|	97.959	441	8	1	4	443	303	743	0.0	763	214851
178db86d7e191f74b557437906289f70	gi|2363084747|ref|NR_180622.1|	94.091	440	26	0	4	443	335	774	0.0	669	2779354
178db86d7e191f74b557437906289f70	gi|1397641802|ref|NR_156911.1|	93.636	440	28	0	4	443	351	790	0.0	658	1650663
178db86d7e191f74b557437906289f70	gi|1277396189|ref|NR_151900.1|	93.182	440	30	0	4	443	351	790	0.0	647	1550024
178db86d7e191f74b557437906289f70	gi|3030611269|ref|NR_199945.1|	92.955	440	31	0	4	443	335	774	0.0	641	3435293
178db86d7e191f74b557437906289f70	gi|2363082282|ref|NR_179388.1|	92.955	440	31	0	4	443	335	774	0.0	641	2935520
178db86d7e191f74b557437906289f70	gi|265678656|ref|NR_028961.1|	92.955	440	31	0	4	443	327	766	0.0	641	853
178db86d7e191f74b557437906289f70	gi|2363082356|ref|NR_179425.1|	92.517	441	31	2	4	443	351	790	2.09e-180	630	1689304
178db86d7e191f74b557437906289f70	gi|2363081451|ref|NR_178972.1|	92.500	440	33	0	4	443	285	724	2.09e-180	630	1851428
244a8de41e8764d77e6dde9a720b564e	gi|645320588|ref|NR_117758.1|	99.095	442	4	0	4	445	322	763	0.0	795	166486
244a8de41e8764d77e6dde9a720b564e	gi|228716944|ref|NR_027557.1|	99.095	442	4	0	4	445	343	784	0.0	795	536231
244a8de41e8764d77e6dde9a720b564e	gi|444439494|ref|NR_074809.1|	98.643	442	5	1	4	445	350	790	0.0	782	585394
244a8de41e8764d77e6dde9a720b564e	gi|343201282|ref|NR_042008.1|	98.416	442	5	2	4	445	341	780	0.0	776	585394
244a8de41e8764d77e6dde9a720b564e	gi|343198540|ref|NR_042832.1|	98.190	442	7	1	4	445	330	770	0.0	771	301302
244a8de41e8764d77e6dde9a720b564e	gi|1227086116|ref|NR_148619.1|	97.743	443	8	2	4	445	301	742	0.0	761	1712665
244a8de41e8764d77e6dde9a720b564e	gi|343201281|ref|NR_042007.1|	97.297	444	8	4	4	445	343	784	0.0	750	622312
244a8de41e8764d77e6dde9a720b564e	gi|2363085153|ref|NR_180825.1|	97.059	442	12	1	4	445	347	787	0.0	743	2605790
244a8de41e8764d77e6dde9a720b564e	gi|444304209|ref|NR_074634.1|	97.059	442	11	1	4	445	350	789	0.0	743	515619
244a8de41e8764d77e6dde9a720b564e	gi|2363086282|ref|NR_181393.1|	96.833	442	12	1	4	445	290	729	0.0	737	2763664
b0e3e13f8b4c127ccd9ad4b5f5405cb0	gi|265678854|ref|NR_029160.1|	98.864	440	5	0	4	443	293	732	0.0	785	40519
b0e3e13f8b4c127ccd9ad4b5f5405cb0	gi|507148077|ref|NR_102884.1|	95.023	442	18	4	4	443	331	770	0.0	691	213810
b0e3e13f8b4c127ccd9ad4b5f5405cb0	gi|219846341|ref|NR_025931.1|	94.785	441	21	2	4	443	308	747	0.0	686	1265
b0e3e13f8b4c127ccd9ad4b5f5405cb0	gi|636558832|ref|NR_114889.1|	94.344	442	20	5	4	443	277	715	0.0	673	213810
b0e3e13f8b4c127ccd9ad4b5f5405cb0	gi|3248465648|ref|NR_201660.1|	94.131	443	20	5	4	443	319	758	0.0	669	3417630
b0e3e13f8b4c127ccd9ad4b5f5405cb0	gi|3248465644|ref|NR_201656.1|	92.955	440	31	0	4	443	329	768	0.0	641	3417633
b0e3e13f8b4c127ccd9ad4b5f5405cb0	gi|1864207164|ref|NR_169458.1|	91.648	443	31	5	4	443	345	784	9.78e-174	608	2164149
b0e3e13f8b4c127ccd9ad4b5f5405cb0	gi|444303976|ref|NR_074399.1|	91.364	440	38	0	4	443	333	772	4.55e-172	603	697329
b0e3e13f8b4c127ccd9ad4b5f5405cb0	gi|631251834|ref|NR_113032.1|	91.364	440	38	0	4	443	333	772	4.55e-172	603	1264
b0e3e13f8b4c127ccd9ad4b5f5405cb0	gi|636559173|ref|NR_115230.1|	91.364	440	38	0	4	443	333	772	4.55e-172	603	697329
b4b82243761f88705a36c562d8ef8eef	gi|3030611230|ref|NR_199906.1|	96.591	440	15	0	4	443	354	793	0.0	730	3123317
b4b82243761f88705a36c562d8ef8eef	gi|3030611314|ref|NR_199990.1|	96.591	440	15	0	4	443	350	789	0.0	730	3123317
b4b82243761f88705a36c562d8ef8eef	gi|1384992331|ref|NR_156080.1|	96.591	440	15	0	4	443	336	775	0.0	730	1469948
b4b82243761f88705a36c562d8ef8eef	gi|1384992328|ref|NR_156077.1|	96.591	440	15	0	4	443	336	775	0.0	730	1469948
b4b82243761f88705a36c562d8ef8eef	gi|2363082679|ref|NR_179587.1|	96.364	440	16	0	4	443	328	767	0.0	725	1926283
b4b82243761f88705a36c562d8ef8eef	gi|1384992332|ref|NR_156081.1|	96.364	440	16	0	4	443	336	775	0.0	725	1469948
b4b82243761f88705a36c562d8ef8eef	gi|1384992329|ref|NR_156078.1|	96.364	440	16	0	4	443	336	775	0.0	725	1469948
b4b82243761f88705a36c562d8ef8eef	gi|2363081854|ref|NR_179173.1|	96.364	440	16	0	4	443	333	772	0.0	725	2126740
b4b82243761f88705a36c562d8ef8eef	gi|631253128|ref|NR_114326.1|	96.364	440	16	0	4	443	334	773	0.0	725	1150298
b4b82243761f88705a36c562d8ef8eef	gi|1193829153|ref|NR_147396.1|	95.909	440	18	0	4	443	328	767	0.0	713	1917870
71a9e67d394f4fdcd95ae4431851212b	gi|343201281|ref|NR_042007.1|	99.321	442	3	0	4	445	343	784	0.0	800	622312
71a9e67d394f4fdcd95ae4431851212b	gi|645320588|ref|NR_117758.1|	97.523	444	7	4	4	445	322	763	0.0	756	166486
71a9e67d394f4fdcd95ae4431851212b	gi|228716944|ref|NR_027557.1|	97.523	444	7	4	4	445	343	784	0.0	756	536231
71a9e67d394f4fdcd95ae4431851212b	gi|343198540|ref|NR_042832.1|	97.523	444	6	5	4	445	330	770	0.0	754	301302
71a9e67d394f4fdcd95ae4431851212b	gi|444439494|ref|NR_074809.1|	97.072	444	8	5	4	445	350	790	0.0	743	585394
71a9e67d394f4fdcd95ae4431851212b	gi|1227086116|ref|NR_148619.1|	96.854	445	8	6	4	445	301	742	0.0	739	1712665
71a9e67d394f4fdcd95ae4431851212b	gi|343201282|ref|NR_042008.1|	96.847	444	8	6	4	445	341	780	0.0	737	585394
71a9e67d394f4fdcd95ae4431851212b	gi|444304209|ref|NR_074634.1|	96.396	444	10	5	4	445	350	789	0.0	726	515619
71a9e67d394f4fdcd95ae4431851212b	gi|2363086282|ref|NR_181393.1|	96.396	444	10	5	4	445	290	729	0.0	726	2763664
71a9e67d394f4fdcd95ae4431851212b	gi|2363085153|ref|NR_180825.1|	95.721	444	14	5	4	445	347	787	0.0	710	2605790
d00c8ae8c3f86d1954f6c387cfa95874	gi|559795255|ref|NR_104846.1|	96.364	440	16	0	4	443	288	727	0.0	725	745368
d00c8ae8c3f86d1954f6c387cfa95874	gi|265678692|ref|NR_028997.1|	95.465	441	19	1	4	443	303	743	0.0	702	214851
d00c8ae8c3f86d1954f6c387cfa95874	gi|3030611269|ref|NR_199945.1|	94.545	440	24	0	4	443	335	774	0.0	680	3435293
d00c8ae8c3f86d1954f6c387cfa95874	gi|265678656|ref|NR_028961.1|	94.091	440	26	0	4	443	327	766	0.0	669	853
d00c8ae8c3f86d1954f6c387cfa95874	gi|2363081451|ref|NR_178972.1|	93.864	440	27	0	4	443	285	724	0.0	664	1851428
d00c8ae8c3f86d1954f6c387cfa95874	gi|2363080123|ref|NR_178280.1|	93.864	440	27	0	4	443	331	770	0.0	664	411483
d00c8ae8c3f86d1954f6c387cfa95874	gi|2363081449|ref|NR_178971.1|	93.636	440	27	1	4	443	285	723	0.0	656	1851427
d00c8ae8c3f86d1954f6c387cfa95874	gi|2363082356|ref|NR_179425.1|	93.409	440	29	0	4	443	351	790	0.0	652	1689304
d00c8ae8c3f86d1954f6c387cfa95874	gi|1397641802|ref|NR_156911.1|	93.182	440	30	0	4	443	351	790	0.0	647	1650663
d00c8ae8c3f86d1954f6c387cfa95874	gi|2363082282|ref|NR_179388.1|	93.197	441	28	2	4	443	335	774	0.0	647	2935520
3a5d5279fd19147c887ad13369722608	gi|343198925|ref|NR_044049.1|	97.045	440	13	0	4	443	316	755	0.0	741	33043
3a5d5279fd19147c887ad13369722608	gi|2363086278|ref|NR_181391.1|	94.545	440	24	0	4	443	249	688	0.0	680	2763670
3a5d5279fd19147c887ad13369722608	gi|219856842|ref|NR_024661.1|	93.665	442	24	3	4	443	361	800	0.0	658	42322
3a5d5279fd19147c887ad13369722608	gi|2363085925|ref|NR_181215.1|	93.409	440	29	0	4	443	331	770	0.0	652	2738446
3a5d5279fd19147c887ad13369722608	gi|2136551593|ref|NR_173596.1|	93.439	442	26	3	4	443	301	741	0.0	652	1703332
3a5d5279fd19147c887ad13369722608	gi|559795194|ref|NR_104783.1|	93.409	440	29	0	4	443	353	792	0.0	652	290052
3a5d5279fd19147c887ad13369722608	gi|2363086282|ref|NR_181393.1|	93.197	441	28	2	4	443	290	729	0.0	647	2763664
3a5d5279fd19147c887ad13369722608	gi|636560687|ref|NR_116747.1|	93.182	440	30	0	4	443	301	740	0.0	647	1298596
3a5d5279fd19147c887ad13369722608	gi|2363080125|ref|NR_178281.1|	93.197	441	28	2	4	443	340	779	0.0	647	105843
3a5d5279fd19147c887ad13369722608	gi|2363085149|ref|NR_180823.1|	92.971	441	29	2	4	443	357	796	0.0	641	2606634
352f625b4e4961602c788eedbacad343	gi|343198925|ref|NR_044049.1|	98.864	440	5	0	4	443	316	755	0.0	785	33043
352f625b4e4961602c788eedbacad343	gi|2363086278|ref|NR_181391.1|	95.000	440	22	0	4	443	249	688	0.0	691	2763670
352f625b4e4961602c788eedbacad343	gi|219856842|ref|NR_024661.1|	95.000	440	22	0	4	443	361	800	0.0	691	42322
352f625b4e4961602c788eedbacad343	gi|559795169|ref|NR_104758.1|	94.773	440	23	0	4	443	345	784	0.0	686	1282887
352f625b4e4961602c788eedbacad343	gi|631252121|ref|NR_113319.1|	94.545	440	24	0	4	443	350	789	0.0	680	645466
352f625b4e4961602c788eedbacad343	gi|1384992332|ref|NR_156081.1|	94.318	440	25	0	4	443	336	775	0.0	675	1469948
352f625b4e4961602c788eedbacad343	gi|1384992329|ref|NR_156078.1|	94.318	440	25	0	4	443	336	775	0.0	675	1469948
352f625b4e4961602c788eedbacad343	gi|636560803|ref|NR_116863.1|	94.331	441	24	1	4	443	337	777	0.0	675	645466
352f625b4e4961602c788eedbacad343	gi|3030611230|ref|NR_199906.1|	94.091	440	26	0	4	443	354	793	0.0	669	3123317
352f625b4e4961602c788eedbacad343	gi|3030611314|ref|NR_199990.1|	94.091	440	26	0	4	443	350	789	0.0	669	3123317
e8c9fe2d4595fba9abe191777a1b8a48	gi|559795246|ref|NR_104836.1|	99.091	440	4	0	4	443	333	772	0.0	791	706562
e8c9fe2d4595fba9abe191777a1b8a48	gi|444304189|ref|NR_074613.1|	96.591	440	15	0	4	443	350	789	0.0	730	515620
e8c9fe2d4595fba9abe191777a1b8a48	gi|645321781|ref|NR_118667.1|	95.455	440	20	0	4	443	355	794	0.0	715	28052
e8c9fe2d4595fba9abe191777a1b8a48	gi|559795169|ref|NR_104758.1|	94.773	440	23	0	4	443	345	784	0.0	686	1282887
e8c9fe2d4595fba9abe191777a1b8a48	gi|1277396183|ref|NR_151894.1|	94.545	440	24	0	4	443	335	774	0.0	680	433293
e8c9fe2d4595fba9abe191777a1b8a48	gi|659364459|ref|NR_121686.1|	94.091	440	26	0	4	443	348	787	0.0	669	384638
e8c9fe2d4595fba9abe191777a1b8a48	gi|645322302|ref|NR_119085.1|	94.104	441	22	3	4	443	347	784	0.0	667	29364
e8c9fe2d4595fba9abe191777a1b8a48	gi|219846511|ref|NR_026103.1|	93.878	441	25	2	4	443	316	755	0.0	664	37658
e8c9fe2d4595fba9abe191777a1b8a48	gi|343202586|ref|NR_042953.1|	93.878	441	25	2	4	443	308	747	0.0	664	264463
e8c9fe2d4595fba9abe191777a1b8a48	gi|219857405|ref|NR_024993.1|	93.864	440	27	0	4	443	349	788	0.0	664	99656
c27b43be07e98a1642a4e636a2cfe4ce	gi|2363081254|ref|NR_178871.1|	89.438	445	41	6	4	446	337	777	3.62e-158	556	1792311
c27b43be07e98a1642a4e636a2cfe4ce	gi|2363086264|ref|NR_181384.1|	89.462	446	38	9	4	446	250	689	1.30e-157	555	2763660
c27b43be07e98a1642a4e636a2cfe4ce	gi|444304204|ref|NR_074629.1|	89.087	449	37	9	4	446	341	783	2.18e-155	547	1515
c27b43be07e98a1642a4e636a2cfe4ce	gi|631251959|ref|NR_113157.1|	89.087	449	37	9	4	446	341	783	2.18e-155	547	1515
c27b43be07e98a1642a4e636a2cfe4ce	gi|343200549|ref|NR_041236.1|	88.939	443	47	2	4	446	321	761	7.83e-155	545	1122184
c27b43be07e98a1642a4e636a2cfe4ce	gi|2363084120|ref|NR_180309.1|	88.864	449	38	9	4	446	289	731	1.01e-153	542	2487273
c27b43be07e98a1642a4e636a2cfe4ce	gi|785794309|ref|NG_041947.1|	88.839	448	40	10	4	446	469	911	1.01e-153	542	394503
c27b43be07e98a1642a4e636a2cfe4ce	gi|785497611|ref|NR_102768.2|	88.839	448	40	10	4	446	330	772	1.01e-153	542	1521
c27b43be07e98a1642a4e636a2cfe4ce	gi|631252162|ref|NR_113360.1|	88.864	449	38	12	4	446	339	781	1.01e-153	542	1121303
c27b43be07e98a1642a4e636a2cfe4ce	gi|645319736|ref|NR_117111.1|	88.864	449	38	12	4	446	336	778	1.01e-153	542	29371
5f7d1f4e9acbace606954b0f47f80c7a	gi|645320588|ref|NR_117758.1|	99.548	442	2	0	4	445	322	763	0.0	806	166486
5f7d1f4e9acbace606954b0f47f80c7a	gi|228716944|ref|NR_027557.1|	99.548	442	2	0	4	445	343	784	0.0	806	536231
5f7d1f4e9acbace606954b0f47f80c7a	gi|444439494|ref|NR_074809.1|	99.095	442	3	1	4	445	350	790	0.0	793	585394
5f7d1f4e9acbace606954b0f47f80c7a	gi|343201282|ref|NR_042008.1|	98.869	442	3	2	4	445	341	780	0.0	787	585394
5f7d1f4e9acbace606954b0f47f80c7a	gi|343198540|ref|NR_042832.1|	98.643	442	5	1	4	445	330	770	0.0	782	301302
5f7d1f4e9acbace606954b0f47f80c7a	gi|1227086116|ref|NR_148619.1|	98.194	443	6	2	4	445	301	742	0.0	773	1712665
5f7d1f4e9acbace606954b0f47f80c7a	gi|343201281|ref|NR_042007.1|	97.748	444	6	4	4	445	343	784	0.0	761	622312
5f7d1f4e9acbace606954b0f47f80c7a	gi|2363085153|ref|NR_180825.1|	97.511	442	10	1	4	445	347	787	0.0	754	2605790
5f7d1f4e9acbace606954b0f47f80c7a	gi|444304209|ref|NR_074634.1|	97.511	442	9	1	4	445	350	789	0.0	754	515619
5f7d1f4e9acbace606954b0f47f80c7a	gi|2363086282|ref|NR_181393.1|	97.285	442	10	1	4	445	290	729	0.0	749	2763664
342b981370f1b77e2b4538fa01ea45ad	gi|343200774|ref|NR_041461.1|	98.698	461	6	0	4	464	339	799	0.0	819	387090
342b981370f1b77e2b4538fa01ea45ad	gi|2363082641|ref|NR_179567.1|	93.939	462	25	3	4	464	339	798	0.0	697	1907658
342b981370f1b77e2b4538fa01ea45ad	gi|1116030286|ref|NR_144744.1|	93.275	461	30	1	4	464	339	798	0.0	680	1841856
342b981370f1b77e2b4538fa01ea45ad	gi|1116030289|ref|NR_144747.1|	92.225	463	31	5	4	464	337	796	0.0	651	1841865
342b981370f1b77e2b4538fa01ea45ad	gi|2363086254|ref|NR_181379.1|	91.991	462	34	3	4	464	341	800	0.0	645	2725562
342b981370f1b77e2b4538fa01ea45ad	gi|343200759|ref|NR_041446.1|	91.974	461	36	1	4	464	323	782	0.0	645	376804
342b981370f1b77e2b4538fa01ea45ad	gi|343200591|ref|NR_041278.1|	91.974	461	36	1	4	464	339	798	0.0	645	470145
342b981370f1b77e2b4538fa01ea45ad	gi|2363082671|ref|NR_179583.1|	91.793	463	33	5	4	464	317	776	0.0	640	1917883
342b981370f1b77e2b4538fa01ea45ad	gi|1146059112|ref|NR_145844.1|	91.558	462	36	3	4	464	339	798	0.0	634	1411144
342b981370f1b77e2b4538fa01ea45ad	gi|444304192|ref|NR_074616.1|	91.540	461	38	1	4	464	341	800	0.0	634	376805
c9cbded9d5e0abd772286c8b3c504d95	gi|265678656|ref|NR_028961.1|	98.864	440	5	0	4	443	327	766	0.0	785	853
c9cbded9d5e0abd772286c8b3c504d95	gi|2363081451|ref|NR_178972.1|	98.636	440	6	0	4	443	285	724	0.0	780	1851428
c9cbded9d5e0abd772286c8b3c504d95	gi|2363080123|ref|NR_178280.1|	98.636	440	6	0	4	443	331	770	0.0	780	411483
c9cbded9d5e0abd772286c8b3c504d95	gi|3030611269|ref|NR_199945.1|	98.409	440	7	0	4	443	335	774	0.0	774	3435293
c9cbded9d5e0abd772286c8b3c504d95	gi|2363081449|ref|NR_178971.1|	98.840	431	5	0	4	434	285	715	0.0	769	1851427
c9cbded9d5e0abd772286c8b3c504d95	gi|2363082282|ref|NR_179388.1|	97.959	441	7	2	4	443	335	774	0.0	763	2935520
c9cbded9d5e0abd772286c8b3c504d95	gi|2363080175|ref|NR_178311.1|	96.364	440	16	0	4	443	412	851	0.0	725	2903556
c9cbded9d5e0abd772286c8b3c504d95	gi|1397641802|ref|NR_156911.1|	92.273	440	34	0	4	443	351	790	9.71e-179	625	1650663
c9cbded9d5e0abd772286c8b3c504d95	gi|2363084747|ref|NR_180622.1|	92.290	441	32	2	4	443	335	774	9.71e-179	625	2779354
c9cbded9d5e0abd772286c8b3c504d95	gi|2363082356|ref|NR_179425.1|	92.273	440	34	0	4	443	351	790	9.71e-179	625	1689304
e7739e78621503dcddfefc5b2e1d41c4	gi|343200190|ref|NR_040877.1|	96.957	460	14	0	4	463	341	800	0.0	774	537011
e7739e78621503dcddfefc5b2e1d41c4	gi|631252213|ref|NR_113411.1|	96.957	460	14	0	4	463	341	800	0.0	773	537011
e7739e78621503dcddfefc5b2e1d41c4	gi|2363084409|ref|NR_180452.1|	96.087	460	18	0	4	463	321	780	0.0	750	2518605
e7739e78621503dcddfefc5b2e1d41c4	gi|631253107|ref|NR_114305.1|	92.625	461	32	2	4	463	341	800	0.0	662	1236518
e7739e78621503dcddfefc5b2e1d41c4	gi|631251922|ref|NR_113120.1|	92.657	463	28	6	4	463	339	798	0.0	662	28136
e7739e78621503dcddfefc5b2e1d41c4	gi|636560666|ref|NR_116726.1|	92.625	461	32	2	4	463	321	780	0.0	662	1236518
e7739e78621503dcddfefc5b2e1d41c4	gi|265678842|ref|NR_029147.1|	92.225	463	30	6	4	463	344	803	0.0	651	28136
e7739e78621503dcddfefc5b2e1d41c4	gi|507148088|ref|NR_102895.1|	91.974	461	35	2	4	463	349	808	0.0	645	553174
e7739e78621503dcddfefc5b2e1d41c4	gi|631251915|ref|NR_113113.1|	91.974	461	35	2	4	463	329	788	0.0	645	553174
e7739e78621503dcddfefc5b2e1d41c4	gi|631251907|ref|NR_113105.1|	92.026	464	29	7	4	463	329	788	0.0	645	470565
d059338a0702ea6e601d146f04274a0f	gi|2363085169|ref|NR_180833.1|	99.318	440	3	0	4	443	337	776	0.0	797	2606635
d059338a0702ea6e601d146f04274a0f	gi|310975204|ref|NR_037068.1|	97.052	441	11	2	4	443	341	780	0.0	741	29375
d059338a0702ea6e601d146f04274a0f	gi|3030611230|ref|NR_199906.1|	96.818	440	14	0	4	443	354	793	0.0	736	3123317
d059338a0702ea6e601d146f04274a0f	gi|3030611314|ref|NR_199990.1|	96.818	440	14	0	4	443	350	789	0.0	736	3123317
d059338a0702ea6e601d146f04274a0f	gi|2836274880|ref|NR_197643.1|	96.818	440	14	0	4	443	329	768	0.0	736	2962432
d059338a0702ea6e601d146f04274a0f	gi|1384992331|ref|NR_156080.1|	96.818	440	14	0	4	443	336	775	0.0	736	1469948
d059338a0702ea6e601d146f04274a0f	gi|1384992328|ref|NR_156077.1|	96.818	440	14	0	4	443	336	775	0.0	736	1469948
d059338a0702ea6e601d146f04274a0f	gi|559795307|ref|NR_104899.1|	96.818	440	14	0	4	443	328	767	0.0	736	384636
d059338a0702ea6e601d146f04274a0f	gi|645322280|ref|NR_119068.1|	96.825	441	11	3	4	443	315	753	0.0	734	36832
d059338a0702ea6e601d146f04274a0f	gi|2363082679|ref|NR_179587.1|	96.591	440	15	0	4	443	328	767	0.0	730	1926283
8e237f196878413de1d81ac1107ab21c	gi|444304189|ref|NR_074613.1|	99.091	440	4	0	4	443	350	789	0.0	791	515620
8e237f196878413de1d81ac1107ab21c	gi|559795246|ref|NR_104836.1|	96.591	440	15	0	4	443	333	772	0.0	730	706562
8e237f196878413de1d81ac1107ab21c	gi|559795169|ref|NR_104758.1|	95.909	440	18	0	4	443	345	784	0.0	713	1282887
8e237f196878413de1d81ac1107ab21c	gi|645321781|ref|NR_118667.1|	94.785	441	21	2	4	443	355	794	0.0	699	28052
8e237f196878413de1d81ac1107ab21c	gi|343198925|ref|NR_044049.1|	93.864	440	27	0	4	443	316	755	0.0	664	33043
8e237f196878413de1d81ac1107ab21c	gi|343202586|ref|NR_042953.1|	93.651	441	26	2	4	443	308	747	0.0	658	264463
8e237f196878413de1d81ac1107ab21c	gi|219846511|ref|NR_026103.1|	93.409	440	29	0	4	443	316	755	0.0	652	37658
8e237f196878413de1d81ac1107ab21c	gi|1277396183|ref|NR_151894.1|	93.409	440	29	0	4	443	335	774	0.0	652	433293
8e237f196878413de1d81ac1107ab21c	gi|219857405|ref|NR_024993.1|	93.424	441	27	2	4	443	349	788	0.0	652	99656
8e237f196878413de1d81ac1107ab21c	gi|645321792|ref|NR_118676.1|	92.955	440	31	0	4	443	370	809	0.0	651	39497
d4e9c57994718c477c4a3d973cc265b9	gi|343200903|ref|NR_041590.1|	99.355	465	3	0	4	468	140	604	0.0	843	742816
d4e9c57994718c477c4a3d973cc265b9	gi|343199066|ref|NR_044473.1|	96.781	466	13	2	4	468	295	759	0.0	776	491921
d4e9c57994718c477c4a3d973cc265b9	gi|219878375|ref|NR_025514.1|	94.433	467	22	4	4	468	335	799	0.0	715	158847
d4e9c57994718c477c4a3d973cc265b9	gi|636558562|ref|NR_114619.1|	92.291	467	32	4	4	468	347	811	0.0	660	86956
d4e9c57994718c477c4a3d973cc265b9	gi|645321057|ref|NR_118115.1|	92.077	467	33	4	4	468	345	809	0.0	654	1002795
d4e9c57994718c477c4a3d973cc265b9	gi|559795237|ref|NR_104827.1|	92.077	467	33	4	4	468	339	803	0.0	654	86956
d4e9c57994718c477c4a3d973cc265b9	gi|343203314|ref|NR_043658.1|	92.094	468	31	6	4	468	349	813	0.0	654	349096
d4e9c57994718c477c4a3d973cc265b9	gi|645320513|ref|NR_117702.1|	91.863	467	34	4	4	468	318	782	0.0	649	865
d4e9c57994718c477c4a3d973cc265b9	gi|343202547|ref|NR_042900.1|	91.649	467	35	4	4	468	225	689	0.0	645	259840
d4e9c57994718c477c4a3d973cc265b9	gi|343205718|ref|NR_044111.1|	90.108	465	46	0	4	468	353	817	1.34e-172	604	416586
887952e7bc6450d82a1d0acdb73d5561	gi|343200590|ref|NR_041277.1|	98.478	460	6	1	4	462	339	798	0.0	809	484018
887952e7bc6450d82a1d0acdb73d5561	gi|2221405488|ref|NR_175548.1|	95.455	462	16	5	4	462	346	805	0.0	732	2739389
887952e7bc6450d82a1d0acdb73d5561	gi|1116030286|ref|NR_144744.1|	93.696	460	28	1	4	462	339	798	0.0	689	1841856
887952e7bc6450d82a1d0acdb73d5561	gi|343200591|ref|NR_041278.1|	92.609	460	33	1	4	462	339	798	0.0	660	470145
887952e7bc6450d82a1d0acdb73d5561	gi|2363082641|ref|NR_179567.1|	92.174	460	35	1	4	462	339	798	0.0	651	1907658
887952e7bc6450d82a1d0acdb73d5561	gi|444304192|ref|NR_074616.1|	91.739	460	37	1	4	462	341	800	0.0	638	376805
887952e7bc6450d82a1d0acdb73d5561	gi|343200760|ref|NR_041447.1|	91.739	460	37	1	4	462	326	785	0.0	638	376805
887952e7bc6450d82a1d0acdb73d5561	gi|631251740|ref|NR_112938.1|	91.540	461	36	3	4	462	326	785	0.0	632	204516
887952e7bc6450d82a1d0acdb73d5561	gi|343198509|ref|NR_042745.1|	91.540	461	36	3	4	462	338	797	0.0	632	204516
887952e7bc6450d82a1d0acdb73d5561	gi|1146059112|ref|NR_145844.1|	91.323	461	37	3	4	462	339	798	2.82e-179	627	1411144
9cf1edecd020e4be3e5a8fc9733294f3	gi|2621112340|ref|NR_189244.1|	95.475	442	20	0	4	445	363	804	0.0	706	3046382
9cf1edecd020e4be3e5a8fc9733294f3	gi|2621112341|ref|NR_189245.1|	95.249	442	21	0	4	445	363	804	0.0	701	3046383
9cf1edecd020e4be3e5a8fc9733294f3	gi|636559633|ref|NR_115693.1|	88.565	446	42	8	4	445	442	882	6.08e-151	532	694434
9cf1edecd020e4be3e5a8fc9733294f3	gi|636559632|ref|NR_115692.1|	88.565	446	42	8	4	445	442	882	6.08e-151	532	694434
9cf1edecd020e4be3e5a8fc9733294f3	gi|636559631|ref|NR_115691.1|	88.565	446	42	8	4	445	436	876	6.08e-151	532	694434
9cf1edecd020e4be3e5a8fc9733294f3	gi|636559630|ref|NR_115690.1|	88.565	446	42	8	4	445	448	888	6.08e-151	532	694434
9cf1edecd020e4be3e5a8fc9733294f3	gi|343198739|ref|NR_043559.1|	88.565	446	42	8	4	445	447	887	6.08e-151	532	694434
9cf1edecd020e4be3e5a8fc9733294f3	gi|2363081417|ref|NR_178955.1|	86.517	445	55	5	4	445	288	730	1.73e-136	484	1851429
9cf1edecd020e4be3e5a8fc9733294f3	gi|631251702|ref|NR_112900.1|	86.577	447	51	9	4	445	341	783	1.73e-136	484	626937
9cf1edecd020e4be3e5a8fc9733294f3	gi|645320092|ref|NR_117381.1|	86.547	446	49	10	4	445	347	785	2.23e-135	481	165813
7317a796819407c0f77963dce5d13efa	gi|343200190|ref|NR_040877.1|	97.391	460	12	0	4	463	341	800	0.0	785	537011
7317a796819407c0f77963dce5d13efa	gi|631252213|ref|NR_113411.1|	97.391	460	12	0	4	463	341	800	0.0	784	537011
7317a796819407c0f77963dce5d13efa	gi|2363084409|ref|NR_180452.1|	96.957	460	14	0	4	463	321	780	0.0	773	2518605
7317a796819407c0f77963dce5d13efa	gi|631251907|ref|NR_113105.1|	93.043	460	32	0	4	463	329	788	0.0	673	470565
7317a796819407c0f77963dce5d13efa	gi|631251894|ref|NR_113092.1|	93.043	460	32	0	4	463	329	788	0.0	673	77768
7317a796819407c0f77963dce5d13efa	gi|343199048|ref|NR_044407.1|	93.043	460	32	0	4	463	321	780	0.0	673	470565
7317a796819407c0f77963dce5d13efa	gi|219878161|ref|NR_025300.1|	93.043	460	32	0	4	463	341	800	0.0	673	77768
7317a796819407c0f77963dce5d13efa	gi|265678842|ref|NR_029147.1|	92.857	462	29	4	4	463	344	803	0.0	667	28136
7317a796819407c0f77963dce5d13efa	gi|2221405403|ref|NR_175509.1|	92.609	460	34	0	4	463	341	800	0.0	662	2608404
7317a796819407c0f77963dce5d13efa	gi|566085557|ref|NR_109628.1|	92.609	460	34	0	4	463	322	781	0.0	662	1177574
22f7d80712822f69a29d906a52480796	gi|265678656|ref|NR_028961.1|	99.091	440	4	0	4	443	327	766	0.0	791	853
22f7d80712822f69a29d906a52480796	gi|2363081451|ref|NR_178972.1|	98.864	440	5	0	4	443	285	724	0.0	785	1851428
22f7d80712822f69a29d906a52480796	gi|2363080123|ref|NR_178280.1|	98.864	440	5	0	4	443	331	770	0.0	785	411483
22f7d80712822f69a29d906a52480796	gi|3030611269|ref|NR_199945.1|	98.636	440	6	0	4	443	335	774	0.0	780	3435293
22f7d80712822f69a29d906a52480796	gi|2363081449|ref|NR_178971.1|	99.072	431	4	0	4	434	285	715	0.0	774	1851427
22f7d80712822f69a29d906a52480796	gi|2363082282|ref|NR_179388.1|	98.186	441	6	2	4	443	335	774	0.0	769	2935520
22f7d80712822f69a29d906a52480796	gi|2363080175|ref|NR_178311.1|	96.591	440	15	0	4	443	412	851	0.0	730	2903556
22f7d80712822f69a29d906a52480796	gi|1397641802|ref|NR_156911.1|	92.500	440	33	0	4	443	351	790	2.09e-180	630	1650663
22f7d80712822f69a29d906a52480796	gi|2363084747|ref|NR_180622.1|	92.517	441	31	2	4	443	335	774	2.09e-180	630	2779354
22f7d80712822f69a29d906a52480796	gi|2363082356|ref|NR_179425.1|	92.500	440	33	0	4	443	351	790	2.09e-180	630	1689304
d3e717fa9192324603d096fdb933f139	gi|265678854|ref|NR_029160.1|	94.131	443	21	5	4	444	293	732	0.0	669	40519
d3e717fa9192324603d096fdb933f139	gi|507148077|ref|NR_102884.1|	93.197	441	29	1	4	444	331	770	0.0	647	213810
d3e717fa9192324603d096fdb933f139	gi|3248465648|ref|NR_201660.1|	92.744	441	31	1	4	444	319	758	0.0	636	3417630
d3e717fa9192324603d096fdb933f139	gi|219846341|ref|NR_025931.1|	92.760	442	29	3	4	444	308	747	0.0	636	1265
d3e717fa9192324603d096fdb933f139	gi|636558832|ref|NR_114889.1|	92.517	441	31	2	4	444	277	715	2.09e-180	630	213810
d3e717fa9192324603d096fdb933f139	gi|3248465644|ref|NR_201656.1|	91.156	441	38	1	4	444	329	768	2.12e-170	597	3417633
d3e717fa9192324603d096fdb933f139	gi|1864207164|ref|NR_169458.1|	90.476	441	41	1	4	444	345	784	2.14e-165	580	2164149
d3e717fa9192324603d096fdb933f139	gi|444303976|ref|NR_074399.1|	90.045	442	41	3	4	444	333	772	4.62e-162	569	697329
d3e717fa9192324603d096fdb933f139	gi|631251834|ref|NR_113032.1|	90.045	442	41	3	4	444	333	772	4.62e-162	569	1264
d3e717fa9192324603d096fdb933f139	gi|636559173|ref|NR_115230.1|	90.045	442	41	3	4	444	333	772	4.62e-162	569	697329
a601e37056e68bf11589d818049d7f87	gi|343200903|ref|NR_041590.1|	97.634	465	11	0	4	468	140	604	0.0	798	742816
a601e37056e68bf11589d818049d7f87	gi|343199066|ref|NR_044473.1|	97.425	466	10	2	4	468	295	759	0.0	793	491921
a601e37056e68bf11589d818049d7f87	gi|219878375|ref|NR_025514.1|	94.409	465	26	0	4	468	335	799	0.0	715	158847
a601e37056e68bf11589d818049d7f87	gi|645321057|ref|NR_118115.1|	92.060	466	35	2	4	468	345	809	0.0	654	1002795
a601e37056e68bf11589d818049d7f87	gi|645320513|ref|NR_117702.1|	91.845	466	36	2	4	468	318	782	0.0	649	865
a601e37056e68bf11589d818049d7f87	gi|636558562|ref|NR_114619.1|	91.845	466	36	2	4	468	347	811	0.0	649	86956
a601e37056e68bf11589d818049d7f87	gi|343202547|ref|NR_042900.1|	91.631	466	37	2	4	468	225	689	0.0	645	259840
a601e37056e68bf11589d818049d7f87	gi|559795237|ref|NR_104827.1|	91.631	466	37	2	4	468	339	803	0.0	643	86956
a601e37056e68bf11589d818049d7f87	gi|343203314|ref|NR_043658.1|	91.416	466	38	2	4	468	349	813	0.0	638	349096
a601e37056e68bf11589d818049d7f87	gi|2363082521|ref|NR_179507.1|	89.722	467	44	4	4	468	341	805	2.90e-169	593	1806837
1609ab12e5822b733954c0e752f585e2	gi|265678656|ref|NR_028961.1|	99.318	440	3	0	4	443	327	766	0.0	797	853
1609ab12e5822b733954c0e752f585e2	gi|2363081451|ref|NR_178972.1|	99.091	440	4	0	4	443	285	724	0.0	791	1851428
1609ab12e5822b733954c0e752f585e2	gi|2363080123|ref|NR_178280.1|	99.091	440	4	0	4	443	331	770	0.0	791	411483
1609ab12e5822b733954c0e752f585e2	gi|3030611269|ref|NR_199945.1|	98.864	440	5	0	4	443	335	774	0.0	785	3435293
1609ab12e5822b733954c0e752f585e2	gi|2363081449|ref|NR_178971.1|	98.636	440	5	1	4	443	285	723	0.0	778	1851427
1609ab12e5822b733954c0e752f585e2	gi|2363082282|ref|NR_179388.1|	98.413	441	5	2	4	443	335	774	0.0	774	2935520
1609ab12e5822b733954c0e752f585e2	gi|2363080175|ref|NR_178311.1|	96.818	440	14	0	4	443	412	851	0.0	736	2903556
1609ab12e5822b733954c0e752f585e2	gi|1397641802|ref|NR_156911.1|	92.727	440	32	0	4	443	351	790	0.0	636	1650663
1609ab12e5822b733954c0e752f585e2	gi|2363084747|ref|NR_180622.1|	92.744	441	30	2	4	443	335	774	0.0	636	2779354
1609ab12e5822b733954c0e752f585e2	gi|2363082356|ref|NR_179425.1|	92.727	440	32	0	4	443	351	790	0.0	636	1689304
8ce5faefc92f84067e38d89b4fe2ccee	gi|265678656|ref|NR_028961.1|	99.318	440	3	0	4	443	327	766	0.0	797	853
8ce5faefc92f84067e38d89b4fe2ccee	gi|2363081451|ref|NR_178972.1|	99.091	440	4	0	4	443	285	724	0.0	791	1851428
8ce5faefc92f84067e38d89b4fe2ccee	gi|2363080123|ref|NR_178280.1|	99.091	440	4	0	4	443	331	770	0.0	791	411483
8ce5faefc92f84067e38d89b4fe2ccee	gi|3030611269|ref|NR_199945.1|	98.864	440	5	0	4	443	335	774	0.0	785	3435293
8ce5faefc92f84067e38d89b4fe2ccee	gi|2363081449|ref|NR_178971.1|	98.636	440	5	1	4	443	285	723	0.0	778	1851427
8ce5faefc92f84067e38d89b4fe2ccee	gi|2363082282|ref|NR_179388.1|	98.413	441	5	2	4	443	335	774	0.0	774	2935520
8ce5faefc92f84067e38d89b4fe2ccee	gi|2363080175|ref|NR_178311.1|	96.818	440	14	0	4	443	412	851	0.0	736	2903556
8ce5faefc92f84067e38d89b4fe2ccee	gi|1397641802|ref|NR_156911.1|	92.727	440	32	0	4	443	351	790	0.0	636	1650663
8ce5faefc92f84067e38d89b4fe2ccee	gi|2363084747|ref|NR_180622.1|	92.744	441	30	2	4	443	335	774	0.0	636	2779354
8ce5faefc92f84067e38d89b4fe2ccee	gi|2363082356|ref|NR_179425.1|	92.727	440	32	0	4	443	351	790	0.0	636	1689304
055d27d39b42972a339a1cd093a0c278	gi|2363082569|ref|NR_179531.1|	94.820	444	19	4	4	445	347	788	0.0	689	1852369
055d27d39b42972a339a1cd093a0c278	gi|2363082168|ref|NR_179330.1|	94.570	442	24	0	4	445	327	768	0.0	684	2714355
055d27d39b42972a339a1cd093a0c278	gi|2363082165|ref|NR_179329.1|	94.344	442	25	0	4	445	327	768	0.0	678	2714353
055d27d39b42972a339a1cd093a0c278	gi|2363082342|ref|NR_179418.1|	93.905	443	26	1	4	445	348	790	0.0	667	1673721
055d27d39b42972a339a1cd093a0c278	gi|645321110|ref|NR_118156.1|	92.584	445	27	5	4	445	304	745	0.0	634	1007096
055d27d39b42972a339a1cd093a0c278	gi|1269801610|ref|NR_074793.2|	92.325	443	32	2	4	445	355	796	7.54e-180	628	351091
055d27d39b42972a339a1cd093a0c278	gi|343200653|ref|NR_041340.1|	92.325	443	32	2	4	445	328	769	7.54e-180	628	351091
055d27d39b42972a339a1cd093a0c278	gi|2260349448|ref|NR_176530.1|	91.910	445	30	5	4	445	358	799	1.63e-176	617	2093857
055d27d39b42972a339a1cd093a0c278	gi|2363084741|ref|NR_180619.1|	91.874	443	35	1	4	445	347	789	1.63e-176	617	2779352
055d27d39b42972a339a1cd093a0c278	gi|2363082559|ref|NR_179526.1|	91.910	445	30	5	4	445	349	790	1.63e-176	617	1841866
b5b102dfcd68b25326dcce245be1f787	gi|1269801543|ref|NR_074802.2|	99.332	449	3	0	4	452	341	789	0.0	813	367928
b5b102dfcd68b25326dcce245be1f787	gi|961555015|ref|NR_133982.1|	99.332	449	3	0	4	452	311	759	0.0	813	1680
b5b102dfcd68b25326dcce245be1f787	gi|645321680|ref|NR_118589.1|	99.332	449	3	0	4	452	335	783	0.0	813	1437612
b5b102dfcd68b25326dcce245be1f787	gi|636560686|ref|NR_116746.1|	99.332	449	3	0	4	452	309	757	0.0	813	1437612
b5b102dfcd68b25326dcce245be1f787	gi|310974993|ref|NR_036857.1|	99.109	449	4	0	4	452	248	696	0.0	808	78346
b5b102dfcd68b25326dcce245be1f787	gi|3248465902|ref|NR_201917.1|	98.218	449	6	2	4	452	338	784	0.0	784	3692808
b5b102dfcd68b25326dcce245be1f787	gi|310975253|ref|NR_037117.1|	97.773	449	8	2	4	452	331	777	0.0	773	28026
b5b102dfcd68b25326dcce245be1f787	gi|631251581|ref|NR_112779.1|	97.773	449	8	2	4	452	331	777	0.0	773	1150460
b5b102dfcd68b25326dcce245be1f787	gi|343201160|ref|NR_041875.1|	97.773	449	8	2	4	452	310	756	0.0	773	1686
b5b102dfcd68b25326dcce245be1f787	gi|586661365|ref|NR_036854.2|	97.550	449	11	0	4	452	326	774	0.0	769	78343
5583b59f1729041300699d0188064bee	gi|343201063|ref|NR_041750.1|	99.140	465	4	0	4	468	324	788	0.0	837	574
5583b59f1729041300699d0188064bee	gi|961555094|ref|NR_134062.1|	98.925	465	5	0	4	468	312	776	0.0	832	1667327
5583b59f1729041300699d0188064bee	gi|645320489|ref|NR_117683.1|	98.925	465	5	0	4	468	329	793	0.0	832	573
5583b59f1729041300699d0188064bee	gi|636558451|ref|NR_114507.1|	98.925	465	5	0	4	468	324	788	0.0	832	667127
5583b59f1729041300699d0188064bee	gi|310975220|ref|NR_037084.1|	98.925	465	5	0	4	468	310	774	0.0	832	39831
5583b59f1729041300699d0188064bee	gi|645322553|ref|NR_119276.1|	98.495	465	7	0	4	468	310	774	0.0	826	574
5583b59f1729041300699d0188064bee	gi|961555095|ref|NR_134063.1|	98.495	465	7	0	4	468	312	776	0.0	822	1463164
5583b59f1729041300699d0188064bee	gi|636558658|ref|NR_114715.1|	98.495	465	7	0	4	468	299	763	0.0	822	573
5583b59f1729041300699d0188064bee	gi|2363083969|ref|NR_180233.1|	98.495	465	7	0	4	468	312	776	0.0	821	2489010
5583b59f1729041300699d0188064bee	gi|1269801491|ref|NR_102493.2|	98.495	465	7	0	4	468	339	803	0.0	821	1028307
4a4880a6a4d9d7b04add9ecca26cc2d0	gi|343200903|ref|NR_041590.1|	99.355	465	3	0	4	468	140	604	0.0	843	742816
4a4880a6a4d9d7b04add9ecca26cc2d0	gi|343199066|ref|NR_044473.1|	96.781	466	13	2	4	468	295	759	0.0	776	491921
4a4880a6a4d9d7b04add9ecca26cc2d0	gi|219878375|ref|NR_025514.1|	94.433	467	22	4	4	468	335	799	0.0	715	158847
4a4880a6a4d9d7b04add9ecca26cc2d0	gi|636558562|ref|NR_114619.1|	92.291	467	32	4	4	468	347	811	0.0	660	86956
4a4880a6a4d9d7b04add9ecca26cc2d0	gi|645321057|ref|NR_118115.1|	92.077	467	33	4	4	468	345	809	0.0	654	1002795
4a4880a6a4d9d7b04add9ecca26cc2d0	gi|559795237|ref|NR_104827.1|	92.077	467	33	4	4	468	339	803	0.0	654	86956
4a4880a6a4d9d7b04add9ecca26cc2d0	gi|343203314|ref|NR_043658.1|	92.094	468	31	6	4	468	349	813	0.0	654	349096
4a4880a6a4d9d7b04add9ecca26cc2d0	gi|645320513|ref|NR_117702.1|	91.863	467	34	4	4	468	318	782	0.0	649	865
4a4880a6a4d9d7b04add9ecca26cc2d0	gi|343202547|ref|NR_042900.1|	91.649	467	35	4	4	468	225	689	0.0	645	259840
4a4880a6a4d9d7b04add9ecca26cc2d0	gi|343205718|ref|NR_044111.1|	90.108	465	46	0	4	468	353	817	1.34e-172	604	416586
0b81f7b636ba5a04b940eb11346016f4	gi|2363085169|ref|NR_180833.1|	99.091	440	4	0	4	443	337	776	0.0	791	2606635
0b81f7b636ba5a04b940eb11346016f4	gi|310975204|ref|NR_037068.1|	96.825	441	12	2	4	443	341	780	0.0	736	29375
0b81f7b636ba5a04b940eb11346016f4	gi|3030611230|ref|NR_199906.1|	96.591	440	15	0	4	443	354	793	0.0	730	3123317
0b81f7b636ba5a04b940eb11346016f4	gi|3030611314|ref|NR_199990.1|	96.591	440	15	0	4	443	350	789	0.0	730	3123317
0b81f7b636ba5a04b940eb11346016f4	gi|2836274880|ref|NR_197643.1|	96.591	440	15	0	4	443	329	768	0.0	730	2962432
0b81f7b636ba5a04b940eb11346016f4	gi|1384992331|ref|NR_156080.1|	96.591	440	15	0	4	443	336	775	0.0	730	1469948
0b81f7b636ba5a04b940eb11346016f4	gi|1384992328|ref|NR_156077.1|	96.591	440	15	0	4	443	336	775	0.0	730	1469948
0b81f7b636ba5a04b940eb11346016f4	gi|559795307|ref|NR_104899.1|	96.591	440	15	0	4	443	328	767	0.0	730	384636
0b81f7b636ba5a04b940eb11346016f4	gi|645322280|ref|NR_119068.1|	96.599	441	12	3	4	443	315	753	0.0	728	36832
0b81f7b636ba5a04b940eb11346016f4	gi|2363082679|ref|NR_179587.1|	96.364	440	16	0	4	443	328	767	0.0	725	1926283
b26b4be0d261b1eb49e66a981ac23262	gi|444304091|ref|NR_074515.1|	99.565	460	2	0	4	463	350	809	0.0	839	435590
b26b4be0d261b1eb49e66a981ac23262	gi|631251748|ref|NR_112946.1|	99.565	460	2	0	4	463	339	798	0.0	839	821
b26b4be0d261b1eb49e66a981ac23262	gi|631250946|ref|NR_112143.1|	99.348	460	3	0	4	463	307	766	0.0	833	821
b26b4be0d261b1eb49e66a981ac23262	gi|343200664|ref|NR_041351.1|	98.696	460	6	0	4	463	341	800	0.0	817	357276
b26b4be0d261b1eb49e66a981ac23262	gi|631251997|ref|NR_113195.1|	93.913	460	28	0	4	463	338	797	0.0	695	1236515
b26b4be0d261b1eb49e66a981ac23262	gi|631251866|ref|NR_113064.1|	93.696	460	29	0	4	463	338	797	0.0	689	1236538
b26b4be0d261b1eb49e66a981ac23262	gi|631251817|ref|NR_113015.1|	93.696	460	29	0	4	463	338	797	0.0	689	1236538
b26b4be0d261b1eb49e66a981ac23262	gi|645320081|ref|NR_117373.1|	93.696	460	29	0	4	463	289	748	0.0	689	1236515
b26b4be0d261b1eb49e66a981ac23262	gi|2363085522|ref|NR_181010.1|	93.261	460	31	0	4	463	297	756	0.0	678	2786956
b26b4be0d261b1eb49e66a981ac23262	gi|2363082547|ref|NR_179520.1|	93.261	460	31	0	4	463	314	773	0.0	678	1841855
13401c2f1f8b0a36cc12d3c193f6b203	gi|2260473023|ref|NR_176800.1|	99.142	466	4	0	4	469	303	768	0.0	839	35833
13401c2f1f8b0a36cc12d3c193f6b203	gi|2962412215|ref|NR_199409.1|	92.111	469	30	7	4	469	328	792	0.0	654	3136602
13401c2f1f8b0a36cc12d3c193f6b203	gi|631252098|ref|NR_113296.1|	92.077	467	34	3	4	469	341	805	0.0	654	54565
13401c2f1f8b0a36cc12d3c193f6b203	gi|645319734|ref|NR_117110.1|	92.077	467	34	3	4	469	337	801	0.0	654	54565
13401c2f1f8b0a36cc12d3c193f6b203	gi|219846821|ref|NR_026413.1|	92.094	468	32	5	4	469	320	784	0.0	654	58621
13401c2f1f8b0a36cc12d3c193f6b203	gi|219846663|ref|NR_026255.1|	91.202	466	40	1	4	469	319	783	0.0	632	644897
13401c2f1f8b0a36cc12d3c193f6b203	gi|343198744|ref|NR_043567.1|	90.987	466	41	1	4	469	340	804	2.87e-179	627	32016
13401c2f1f8b0a36cc12d3c193f6b203	gi|636558706|ref|NR_114763.1|	90.987	466	41	1	4	469	200	664	2.87e-179	627	32016
13401c2f1f8b0a36cc12d3c193f6b203	gi|559795397|ref|NR_104990.1|	91.064	470	33	9	4	469	340	804	2.87e-179	627	876
13401c2f1f8b0a36cc12d3c193f6b203	gi|566084868|ref|NR_108301.1|	90.928	474	29	14	4	469	324	791	1.03e-178	625	571438
d415ac7899730b1a312b78f183191d5b	gi|228719063|ref|NR_027579.1|	98.636	440	6	0	4	443	316	755	0.0	785	471875
d415ac7899730b1a312b78f183191d5b	gi|2363082059|ref|NR_179276.1|	97.727	440	10	0	4	443	334	773	0.0	758	2316025
d415ac7899730b1a312b78f183191d5b	gi|2363087259|ref|NR_181885.1|	97.279	441	10	2	4	443	335	774	0.0	747	2885351
d415ac7899730b1a312b78f183191d5b	gi|2363082374|ref|NR_179434.1|	97.045	440	13	0	4	443	349	788	0.0	741	1720300
d415ac7899730b1a312b78f183191d5b	gi|2363085133|ref|NR_180815.1|	96.818	440	14	0	4	443	350	789	0.0	736	2606633
d415ac7899730b1a312b78f183191d5b	gi|2363083556|ref|NR_180026.1|	96.818	440	14	0	4	443	348	787	0.0	736	2696678
d415ac7899730b1a312b78f183191d5b	gi|636560687|ref|NR_116747.1|	96.818	440	14	0	4	443	301	740	0.0	736	1298596
d415ac7899730b1a312b78f183191d5b	gi|1909404440|ref|NR_170495.1|	96.591	440	15	0	4	443	355	794	0.0	730	2509240
d415ac7899730b1a312b78f183191d5b	gi|2363082679|ref|NR_179587.1|	96.591	440	15	0	4	443	328	767	0.0	730	1926283
d415ac7899730b1a312b78f183191d5b	gi|1109168017|ref|NR_144607.1|	96.591	440	15	0	4	443	282	721	0.0	730	1796615
4c5c03dddb5c4b70943cbc2a028b62ea	gi|566085203|ref|NR_109014.1|	99.091	440	4	0	4	443	195	634	0.0	791	871665
4c5c03dddb5c4b70943cbc2a028b62ea	gi|2363082673|ref|NR_179584.1|	98.636	440	6	0	4	443	327	766	0.0	782	1917888
4c5c03dddb5c4b70943cbc2a028b62ea	gi|631252033|ref|NR_113231.1|	97.727	440	10	0	4	443	347	786	0.0	758	536633
4c5c03dddb5c4b70943cbc2a028b62ea	gi|631251591|ref|NR_112789.1|	97.727	440	10	0	4	443	333	772	0.0	758	536633
4c5c03dddb5c4b70943cbc2a028b62ea	gi|2363084170|ref|NR_180334.1|	96.825	441	12	2	4	443	253	692	0.0	736	2763028
4c5c03dddb5c4b70943cbc2a028b62ea	gi|2363086300|ref|NR_181402.1|	96.825	441	12	2	4	443	300	739	0.0	736	2763028
4c5c03dddb5c4b70943cbc2a028b62ea	gi|631252072|ref|NR_113270.1|	96.818	440	14	0	4	443	348	787	0.0	736	1121114
4c5c03dddb5c4b70943cbc2a028b62ea	gi|645320731|ref|NR_117867.1|	96.818	440	14	0	4	443	300	739	0.0	736	871664
4c5c03dddb5c4b70943cbc2a028b62ea	gi|559795114|ref|NR_104700.1|	96.818	440	14	0	4	443	348	787	0.0	736	33035
4c5c03dddb5c4b70943cbc2a028b62ea	gi|219846720|ref|NR_026312.1|	96.591	440	15	0	4	443	327	766	0.0	732	180164
f59d56338b91d2749da2d12029d5c413	gi|2363084629|ref|NR_180563.1|	88.688	442	49	1	4	444	291	732	1.30e-152	538	2488810
f59d56338b91d2749da2d12029d5c413	gi|672238876|ref|NR_125464.1|	88.688	442	49	1	4	444	325	766	1.30e-152	538	1297424
f59d56338b91d2749da2d12029d5c413	gi|785794309|ref|NG_041947.1|	88.488	443	49	2	4	444	469	911	1.69e-151	534	394503
f59d56338b91d2749da2d12029d5c413	gi|785497611|ref|NR_102768.2|	88.488	443	49	2	4	444	330	772	1.69e-151	534	1521
f59d56338b91d2749da2d12029d5c413	gi|219846510|ref|NR_026102.1|	88.462	442	50	1	4	444	313	754	6.07e-151	532	588581
f59d56338b91d2749da2d12029d5c413	gi|343200810|ref|NR_041497.1|	88.262	443	50	2	4	444	293	735	7.85e-150	529	396504
f59d56338b91d2749da2d12029d5c413	gi|645319803|ref|NR_117165.1|	88.235	442	51	1	4	444	476	917	2.82e-149	527	48256
f59d56338b91d2749da2d12029d5c413	gi|645319802|ref|NR_117164.1|	88.235	442	51	1	4	444	476	917	2.82e-149	527	48256
f59d56338b91d2749da2d12029d5c413	gi|645319800|ref|NR_117163.1|	88.235	442	51	1	4	444	445	886	2.82e-149	527	48256
f59d56338b91d2749da2d12029d5c413	gi|645319799|ref|NR_117162.1|	88.235	442	51	1	4	444	472	913	2.82e-149	527	48256
cf731f56db782dd8c3d5bc9c20136207	gi|2363080123|ref|NR_178280.1|	99.318	440	3	0	4	443	331	770	0.0	797	411483
cf731f56db782dd8c3d5bc9c20136207	gi|2363081449|ref|NR_178971.1|	98.864	440	4	1	4	443	285	723	0.0	784	1851427
cf731f56db782dd8c3d5bc9c20136207	gi|265678656|ref|NR_028961.1|	98.636	440	6	0	4	443	327	766	0.0	780	853
cf731f56db782dd8c3d5bc9c20136207	gi|2363081451|ref|NR_178972.1|	98.409	440	7	0	4	443	285	724	0.0	774	1851428
cf731f56db782dd8c3d5bc9c20136207	gi|3030611269|ref|NR_199945.1|	98.182	440	8	0	4	443	335	774	0.0	769	3435293
cf731f56db782dd8c3d5bc9c20136207	gi|2363082282|ref|NR_179388.1|	97.732	441	8	2	4	443	335	774	0.0	758	2935520
cf731f56db782dd8c3d5bc9c20136207	gi|2363080175|ref|NR_178311.1|	97.045	440	13	0	4	443	412	851	0.0	741	2903556
cf731f56db782dd8c3d5bc9c20136207	gi|2363084747|ref|NR_180622.1|	92.971	441	29	2	4	443	335	774	0.0	641	2779354
cf731f56db782dd8c3d5bc9c20136207	gi|559795255|ref|NR_104846.1|	92.727	440	32	0	4	443	288	727	0.0	636	745368
cf731f56db782dd8c3d5bc9c20136207	gi|1277396189|ref|NR_151900.1|	92.273	440	34	0	4	443	351	790	9.71e-179	625	1550024
223b26eee4ed737e826f83950c8035a9	gi|631253128|ref|NR_114326.1|	99.318	440	3	0	4	443	334	773	0.0	797	1150298
223b26eee4ed737e826f83950c8035a9	gi|2363087259|ref|NR_181885.1|	96.591	440	15	0	4	443	335	774	0.0	732	2885351
223b26eee4ed737e826f83950c8035a9	gi|974142252|ref|NR_134772.1|	96.364	440	16	0	4	443	297	736	0.0	725	1337051
223b26eee4ed737e826f83950c8035a9	gi|343205837|ref|NR_044289.1|	96.136	440	17	0	4	443	328	767	0.0	719	460384
223b26eee4ed737e826f83950c8035a9	gi|3030611230|ref|NR_199906.1|	95.909	440	18	0	4	443	354	793	0.0	713	3123317
223b26eee4ed737e826f83950c8035a9	gi|2363085103|ref|NR_180800.1|	95.909	440	18	0	4	443	347	786	0.0	713	2652274
223b26eee4ed737e826f83950c8035a9	gi|3030611314|ref|NR_199990.1|	95.909	440	18	0	4	443	350	789	0.0	713	3123317
223b26eee4ed737e826f83950c8035a9	gi|1384992331|ref|NR_156080.1|	95.909	440	18	0	4	443	336	775	0.0	713	1469948
223b26eee4ed737e826f83950c8035a9	gi|1384992328|ref|NR_156077.1|	95.909	440	18	0	4	443	336	775	0.0	713	1469948
223b26eee4ed737e826f83950c8035a9	gi|1116030273|ref|NR_144731.1|	95.909	440	18	0	4	443	347	786	0.0	713	1720294
03ae960f3e3023413485215d3caa13d0	gi|2363082841|ref|NR_179669.1|	99.355	465	3	0	4	468	360	824	0.0	843	2161821
03ae960f3e3023413485215d3caa13d0	gi|2363082109|ref|NR_179301.1|	99.355	465	3	0	4	468	344	808	0.0	843	2582419
03ae960f3e3023413485215d3caa13d0	gi|343200979|ref|NR_041666.1|	96.344	465	17	0	4	468	336	800	0.0	765	742743
03ae960f3e3023413485215d3caa13d0	gi|343198671|ref|NR_043231.1|	95.064	466	21	2	4	468	283	747	0.0	732	308994
03ae960f3e3023413485215d3caa13d0	gi|631252159|ref|NR_113357.1|	94.861	467	21	3	4	468	356	821	0.0	726	308994
03ae960f3e3023413485215d3caa13d0	gi|631252158|ref|NR_113356.1|	93.978	465	27	1	4	468	355	818	0.0	702	309120
03ae960f3e3023413485215d3caa13d0	gi|343198462|ref|NR_041895.1|	93.978	465	27	1	4	468	296	759	0.0	702	888062
03ae960f3e3023413485215d3caa13d0	gi|631252157|ref|NR_113355.1|	93.790	467	25	4	4	468	356	820	0.0	699	218538
03ae960f3e3023413485215d3caa13d0	gi|219846090|ref|NR_025680.1|	93.790	467	25	4	4	468	336	800	0.0	699	592028
03ae960f3e3023413485215d3caa13d0	gi|219846637|ref|NR_026229.1|	92.077	467	33	4	4	468	336	800	0.0	654	39950
89f9b4d89318ca71d56abe21458cce58	gi|631251954|ref|NR_113152.1|	99.348	460	3	0	4	463	337	796	0.0	833	28117
89f9b4d89318ca71d56abe21458cce58	gi|219846319|ref|NR_025909.1|	96.522	460	16	0	4	463	344	803	0.0	782	28117
89f9b4d89318ca71d56abe21458cce58	gi|645321193|ref|NR_118219.1|	96.963	461	12	2	4	463	332	791	0.0	773	1033732
89f9b4d89318ca71d56abe21458cce58	gi|672239000|ref|NR_125589.1|	96.746	461	13	2	4	463	269	728	0.0	767	1033731
89f9b4d89318ca71d56abe21458cce58	gi|2363086959|ref|NR_181736.1|	96.529	461	14	2	4	463	334	793	0.0	761	2834113
89f9b4d89318ca71d56abe21458cce58	gi|2363082099|ref|NR_179296.1|	96.529	461	14	2	4	463	324	783	0.0	761	2585119
89f9b4d89318ca71d56abe21458cce58	gi|631251953|ref|NR_113151.1|	96.104	462	14	4	4	463	338	797	0.0	750	328813
89f9b4d89318ca71d56abe21458cce58	gi|343202833|ref|NR_043318.1|	96.104	462	14	4	4	463	324	783	0.0	750	328813
89f9b4d89318ca71d56abe21458cce58	gi|2363082505|ref|NR_179499.1|	95.680	463	14	6	4	463	342	801	0.0	739	2364787
89f9b4d89318ca71d56abe21458cce58	gi|507148137|ref|NR_102944.1|	95.662	461	18	2	4	463	334	793	0.0	739	214856
74d10578b5b3e64d02a12fe10630495d	gi|2363082841|ref|NR_179669.1|	99.355	465	3	0	4	468	360	824	0.0	843	2161821
74d10578b5b3e64d02a12fe10630495d	gi|2363082109|ref|NR_179301.1|	99.355	465	3	0	4	468	344	808	0.0	843	2582419
74d10578b5b3e64d02a12fe10630495d	gi|343200979|ref|NR_041666.1|	96.344	465	17	0	4	468	336	800	0.0	765	742743
74d10578b5b3e64d02a12fe10630495d	gi|343198671|ref|NR_043231.1|	95.064	466	21	2	4	468	283	747	0.0	732	308994
74d10578b5b3e64d02a12fe10630495d	gi|631252159|ref|NR_113357.1|	94.861	467	21	3	4	468	356	821	0.0	726	308994
74d10578b5b3e64d02a12fe10630495d	gi|631252158|ref|NR_113356.1|	93.978	465	27	1	4	468	355	818	0.0	702	309120
74d10578b5b3e64d02a12fe10630495d	gi|343198462|ref|NR_041895.1|	93.978	465	27	1	4	468	296	759	0.0	702	888062
74d10578b5b3e64d02a12fe10630495d	gi|631252157|ref|NR_113355.1|	93.790	467	25	4	4	468	356	820	0.0	699	218538
74d10578b5b3e64d02a12fe10630495d	gi|219846090|ref|NR_025680.1|	93.790	467	25	4	4	468	336	800	0.0	699	592028
74d10578b5b3e64d02a12fe10630495d	gi|631252179|ref|NR_113377.1|	92.144	471	25	11	4	468	353	817	0.0	654	103892
5b0b76b7b45b3c447dc18efd472d5522	gi|645321781|ref|NR_118667.1|	95.909	440	18	0	4	443	355	794	0.0	726	28052
5b0b76b7b45b3c447dc18efd472d5522	gi|559795246|ref|NR_104836.1|	95.455	440	20	0	4	443	333	772	0.0	702	706562
5b0b76b7b45b3c447dc18efd472d5522	gi|444304189|ref|NR_074613.1|	95.238	441	19	2	4	443	350	789	0.0	697	515620
5b0b76b7b45b3c447dc18efd472d5522	gi|559795169|ref|NR_104758.1|	95.227	440	21	0	4	443	345	784	0.0	697	1282887
5b0b76b7b45b3c447dc18efd472d5522	gi|1277396183|ref|NR_151894.1|	95.238	441	19	2	4	443	335	774	0.0	697	433293
5b0b76b7b45b3c447dc18efd472d5522	gi|1109168019|ref|NR_144608.1|	94.344	442	23	2	4	443	348	789	0.0	676	1796618
5b0b76b7b45b3c447dc18efd472d5522	gi|2136551633|ref|NR_173637.1|	94.318	440	25	0	4	443	294	733	0.0	675	2755051
5b0b76b7b45b3c447dc18efd472d5522	gi|559795194|ref|NR_104783.1|	94.331	441	23	2	4	443	353	792	0.0	675	290052
5b0b76b7b45b3c447dc18efd472d5522	gi|343202586|ref|NR_042953.1|	94.318	440	25	0	4	443	308	747	0.0	675	264463
5b0b76b7b45b3c447dc18efd472d5522	gi|1384992332|ref|NR_156081.1|	94.091	440	26	0	4	443	336	775	0.0	669	1469948
20d69662cec80021a1d2718c11b848b0	gi|2363082841|ref|NR_179669.1|	99.140	465	4	0	4	468	360	824	0.0	837	2161821
20d69662cec80021a1d2718c11b848b0	gi|2363082109|ref|NR_179301.1|	99.140	465	4	0	4	468	344	808	0.0	837	2582419
20d69662cec80021a1d2718c11b848b0	gi|343200979|ref|NR_041666.1|	96.129	465	18	0	4	468	336	800	0.0	760	742743
20d69662cec80021a1d2718c11b848b0	gi|343198671|ref|NR_043231.1|	94.850	466	22	2	4	468	283	747	0.0	726	308994
20d69662cec80021a1d2718c11b848b0	gi|631252159|ref|NR_113357.1|	94.647	467	22	3	4	468	356	821	0.0	721	308994
20d69662cec80021a1d2718c11b848b0	gi|631252158|ref|NR_113356.1|	93.763	465	28	1	4	468	355	818	0.0	697	309120
20d69662cec80021a1d2718c11b848b0	gi|343198462|ref|NR_041895.1|	93.763	465	28	1	4	468	296	759	0.0	697	888062
20d69662cec80021a1d2718c11b848b0	gi|631252157|ref|NR_113355.1|	93.576	467	26	4	4	468	356	820	0.0	693	218538
20d69662cec80021a1d2718c11b848b0	gi|219846090|ref|NR_025680.1|	93.576	467	26	4	4	468	336	800	0.0	693	592028
20d69662cec80021a1d2718c11b848b0	gi|631252179|ref|NR_113377.1|	91.932	471	26	11	4	468	353	817	0.0	649	103892
b8f4af2dbfa9f3b0b68f5c38b294ab04	gi|343198540|ref|NR_042832.1|	98.413	441	6	1	4	443	330	770	0.0	774	301302
b8f4af2dbfa9f3b0b68f5c38b294ab04	gi|444304209|ref|NR_074634.1|	98.182	440	8	0	4	443	350	789	0.0	769	515619
b8f4af2dbfa9f3b0b68f5c38b294ab04	gi|645320588|ref|NR_117758.1|	97.511	442	9	1	4	443	322	763	0.0	754	166486
b8f4af2dbfa9f3b0b68f5c38b294ab04	gi|228716944|ref|NR_027557.1|	97.511	442	9	1	4	443	343	784	0.0	754	536231
b8f4af2dbfa9f3b0b68f5c38b294ab04	gi|444439494|ref|NR_074809.1|	97.506	441	10	1	4	443	350	790	0.0	752	585394
b8f4af2dbfa9f3b0b68f5c38b294ab04	gi|343201282|ref|NR_042008.1|	97.279	441	10	2	4	443	341	780	0.0	747	585394
b8f4af2dbfa9f3b0b68f5c38b294ab04	gi|1227086116|ref|NR_148619.1|	97.059	442	11	2	4	443	301	742	0.0	743	1712665
b8f4af2dbfa9f3b0b68f5c38b294ab04	gi|2363086282|ref|NR_181393.1|	96.818	440	14	0	4	443	290	729	0.0	736	2763664
b8f4af2dbfa9f3b0b68f5c38b294ab04	gi|343201281|ref|NR_042007.1|	96.622	444	9	5	4	443	343	784	0.0	732	622312
b8f4af2dbfa9f3b0b68f5c38b294ab04	gi|2363085153|ref|NR_180825.1|	96.145	441	16	1	4	443	347	787	0.0	719	2605790
0c67619ebf6119ab5b4b63d2f5fb19c5	gi|2363082569|ref|NR_179531.1|	94.369	444	21	4	4	445	347	788	0.0	678	1852369
0c67619ebf6119ab5b4b63d2f5fb19c5	gi|2363082168|ref|NR_179330.1|	94.118	442	26	0	4	445	327	768	0.0	673	2714355
0c67619ebf6119ab5b4b63d2f5fb19c5	gi|2363082165|ref|NR_179329.1|	93.891	442	27	0	4	445	327	768	0.0	667	2714353
0c67619ebf6119ab5b4b63d2f5fb19c5	gi|2363082342|ref|NR_179418.1|	93.454	443	28	1	4	445	348	790	0.0	656	1673721
0c67619ebf6119ab5b4b63d2f5fb19c5	gi|645321110|ref|NR_118156.1|	92.135	445	29	5	4	445	304	745	3.51e-178	623	1007096
0c67619ebf6119ab5b4b63d2f5fb19c5	gi|1269801610|ref|NR_074793.2|	91.874	443	34	2	4	445	355	796	1.63e-176	617	351091
0c67619ebf6119ab5b4b63d2f5fb19c5	gi|343200653|ref|NR_041340.1|	91.874	443	34	2	4	445	328	769	1.63e-176	617	351091
0c67619ebf6119ab5b4b63d2f5fb19c5	gi|2260349448|ref|NR_176530.1|	91.461	445	32	5	4	445	358	799	3.53e-173	606	2093857
0c67619ebf6119ab5b4b63d2f5fb19c5	gi|2363084741|ref|NR_180619.1|	91.422	443	37	1	4	445	347	789	3.53e-173	606	2779352
0c67619ebf6119ab5b4b63d2f5fb19c5	gi|2363082559|ref|NR_179526.1|	91.461	445	32	5	4	445	349	790	3.53e-173	606	1841866
765e062f72df5e2230b2bbfe1d49461f	gi|631251875|ref|NR_113073.1|	97.609	460	11	0	4	463	329	788	0.0	789	487174
765e062f72df5e2230b2bbfe1d49461f	gi|343200981|ref|NR_041668.1|	97.609	460	11	0	4	463	321	780	0.0	789	742726
765e062f72df5e2230b2bbfe1d49461f	gi|1270532346|ref|NR_121773.2|	96.087	460	18	0	4	463	348	807	0.0	750	397865
765e062f72df5e2230b2bbfe1d49461f	gi|343200821|ref|NR_041508.1|	95.870	460	18	1	4	463	325	783	0.0	743	397865
765e062f72df5e2230b2bbfe1d49461f	gi|1146059151|ref|NR_145883.1|	89.440	464	41	8	4	463	284	743	8.03e-165	579	1501392
765e062f72df5e2230b2bbfe1d49461f	gi|2136551682|ref|NR_173687.1|	89.440	464	41	8	4	463	325	784	8.03e-165	579	2751153
765e062f72df5e2230b2bbfe1d49461f	gi|1116030267|ref|NR_144725.1|	89.009	464	43	8	4	463	337	796	3.74e-163	573	1686296
765e062f72df5e2230b2bbfe1d49461f	gi|1909404453|ref|NR_170508.1|	88.503	461	50	3	4	463	352	810	1.35e-157	555	2518971
765e062f72df5e2230b2bbfe1d49461f	gi|2363085163|ref|NR_180830.1|	88.069	461	52	2	4	463	336	794	2.93e-154	544	2606626
765e062f72df5e2230b2bbfe1d49461f	gi|2363083455|ref|NR_179976.1|	88.147	464	46	9	4	463	289	747	2.93e-154	544	2094151
29bc4ee9ef543fc4b35fedfa1b2a284b	gi|265678656|ref|NR_028961.1|	99.318	440	3	0	4	443	327	766	0.0	797	853
29bc4ee9ef543fc4b35fedfa1b2a284b	gi|2363081451|ref|NR_178972.1|	99.091	440	4	0	4	443	285	724	0.0	791	1851428
29bc4ee9ef543fc4b35fedfa1b2a284b	gi|2363080123|ref|NR_178280.1|	99.091	440	4	0	4	443	331	770	0.0	791	411483
29bc4ee9ef543fc4b35fedfa1b2a284b	gi|3030611269|ref|NR_199945.1|	98.864	440	5	0	4	443	335	774	0.0	785	3435293
29bc4ee9ef543fc4b35fedfa1b2a284b	gi|2363081449|ref|NR_178971.1|	99.304	431	3	0	4	434	285	715	0.0	780	1851427
29bc4ee9ef543fc4b35fedfa1b2a284b	gi|2363082282|ref|NR_179388.1|	98.413	441	5	2	4	443	335	774	0.0	774	2935520
29bc4ee9ef543fc4b35fedfa1b2a284b	gi|2363080175|ref|NR_178311.1|	96.818	440	14	0	4	443	412	851	0.0	736	2903556
29bc4ee9ef543fc4b35fedfa1b2a284b	gi|1397641802|ref|NR_156911.1|	92.727	440	32	0	4	443	351	790	0.0	636	1650663
29bc4ee9ef543fc4b35fedfa1b2a284b	gi|2363084747|ref|NR_180622.1|	92.744	441	30	2	4	443	335	774	0.0	636	2779354
29bc4ee9ef543fc4b35fedfa1b2a284b	gi|2363082356|ref|NR_179425.1|	92.727	440	32	0	4	443	351	790	0.0	636	1689304
ba7eac6d2a3c3a5f53f310ead67cbcc5	gi|559795255|ref|NR_104846.1|	98.636	440	6	0	4	443	288	727	0.0	780	745368
ba7eac6d2a3c3a5f53f310ead67cbcc5	gi|265678692|ref|NR_028997.1|	98.186	441	7	1	4	443	303	743	0.0	769	214851
ba7eac6d2a3c3a5f53f310ead67cbcc5	gi|2363084747|ref|NR_180622.1|	94.318	440	25	0	4	443	335	774	0.0	675	2779354
ba7eac6d2a3c3a5f53f310ead67cbcc5	gi|1397641802|ref|NR_156911.1|	93.864	440	27	0	4	443	351	790	0.0	664	1650663
ba7eac6d2a3c3a5f53f310ead67cbcc5	gi|1277396189|ref|NR_151900.1|	93.409	440	29	0	4	443	351	790	0.0	652	1550024
ba7eac6d2a3c3a5f53f310ead67cbcc5	gi|3030611269|ref|NR_199945.1|	93.182	440	30	0	4	443	335	774	0.0	647	3435293
ba7eac6d2a3c3a5f53f310ead67cbcc5	gi|2363082282|ref|NR_179388.1|	93.182	440	30	0	4	443	335	774	0.0	647	2935520
ba7eac6d2a3c3a5f53f310ead67cbcc5	gi|265678656|ref|NR_028961.1|	93.182	440	30	0	4	443	327	766	0.0	647	853
ba7eac6d2a3c3a5f53f310ead67cbcc5	gi|2363082356|ref|NR_179425.1|	92.744	441	30	2	4	443	351	790	0.0	636	1689304
ba7eac6d2a3c3a5f53f310ead67cbcc5	gi|2363081451|ref|NR_178972.1|	92.727	440	32	0	4	443	285	724	0.0	636	1851428
035d98c62b1c051acfbbdd4bbbd6f0fc	gi|2363080123|ref|NR_178280.1|	98.636	440	6	0	4	443	331	770	0.0	780	411483
035d98c62b1c051acfbbdd4bbbd6f0fc	gi|3030611269|ref|NR_199945.1|	98.409	440	7	0	4	443	335	774	0.0	774	3435293
035d98c62b1c051acfbbdd4bbbd6f0fc	gi|2363081449|ref|NR_178971.1|	98.840	431	5	0	4	434	285	715	0.0	769	1851427
035d98c62b1c051acfbbdd4bbbd6f0fc	gi|265678656|ref|NR_028961.1|	97.955	440	9	0	4	443	327	766	0.0	763	853
035d98c62b1c051acfbbdd4bbbd6f0fc	gi|2363081451|ref|NR_178972.1|	97.727	440	10	0	4	443	285	724	0.0	758	1851428
035d98c62b1c051acfbbdd4bbbd6f0fc	gi|2363082282|ref|NR_179388.1|	97.052	441	11	2	4	443	335	774	0.0	741	2935520
035d98c62b1c051acfbbdd4bbbd6f0fc	gi|2363080175|ref|NR_178311.1|	96.364	440	16	0	4	443	412	851	0.0	725	2903556
035d98c62b1c051acfbbdd4bbbd6f0fc	gi|2363084747|ref|NR_180622.1|	93.197	441	28	2	4	443	335	774	0.0	647	2779354
035d98c62b1c051acfbbdd4bbbd6f0fc	gi|559795255|ref|NR_104846.1|	92.955	440	31	0	4	443	288	727	0.0	641	745368
035d98c62b1c051acfbbdd4bbbd6f0fc	gi|1277396189|ref|NR_151900.1|	92.500	440	33	0	4	443	351	790	2.09e-180	630	1550024
9f93d9aa949abf1bf5ddabe55127559e	gi|2363084629|ref|NR_180563.1|	88.462	442	50	1	4	444	291	732	6.07e-151	532	2488810
9f93d9aa949abf1bf5ddabe55127559e	gi|672238876|ref|NR_125464.1|	88.462	442	50	1	4	444	325	766	6.07e-151	532	1297424
9f93d9aa949abf1bf5ddabe55127559e	gi|219846512|ref|NR_026104.1|	88.063	444	49	3	4	444	312	754	3.65e-148	523	1121303
9f93d9aa949abf1bf5ddabe55127559e	gi|343200810|ref|NR_041497.1|	88.036	443	51	2	4	444	293	735	3.65e-148	523	396504
9f93d9aa949abf1bf5ddabe55127559e	gi|645319803|ref|NR_117165.1|	88.009	442	52	1	4	444	476	917	1.31e-147	521	48256
9f93d9aa949abf1bf5ddabe55127559e	gi|645319802|ref|NR_117164.1|	88.009	442	52	1	4	444	476	917	1.31e-147	521	48256
9f93d9aa949abf1bf5ddabe55127559e	gi|645319800|ref|NR_117163.1|	88.009	442	52	1	4	444	445	886	1.31e-147	521	48256
9f93d9aa949abf1bf5ddabe55127559e	gi|645319799|ref|NR_117162.1|	88.009	442	52	1	4	444	472	913	1.31e-147	521	48256
9f93d9aa949abf1bf5ddabe55127559e	gi|785794309|ref|NG_041947.1|	87.810	443	52	2	4	444	469	911	1.70e-146	518	394503
9f93d9aa949abf1bf5ddabe55127559e	gi|785497611|ref|NR_102768.2|	87.810	443	52	2	4	444	330	772	1.70e-146	518	1521
6021a198e8f6b82f3555e420f504fd0e	gi|2363081451|ref|NR_178972.1|	99.318	440	3	0	4	443	285	724	0.0	797	1851428
6021a198e8f6b82f3555e420f504fd0e	gi|265678656|ref|NR_028961.1|	98.636	440	6	0	4	443	327	766	0.0	780	853
6021a198e8f6b82f3555e420f504fd0e	gi|2363082282|ref|NR_179388.1|	98.409	440	7	0	4	443	335	774	0.0	774	2935520
6021a198e8f6b82f3555e420f504fd0e	gi|2363080123|ref|NR_178280.1|	98.409	440	7	0	4	443	331	770	0.0	774	411483
6021a198e8f6b82f3555e420f504fd0e	gi|3030611269|ref|NR_199945.1|	98.182	440	8	0	4	443	335	774	0.0	769	3435293
6021a198e8f6b82f3555e420f504fd0e	gi|2363081449|ref|NR_178971.1|	97.955	440	8	1	4	443	285	723	0.0	761	1851427
6021a198e8f6b82f3555e420f504fd0e	gi|2363080175|ref|NR_178311.1|	96.364	440	16	0	4	443	412	851	0.0	725	2903556
6021a198e8f6b82f3555e420f504fd0e	gi|1397641802|ref|NR_156911.1|	92.500	440	33	0	4	443	351	790	2.09e-180	630	1650663
6021a198e8f6b82f3555e420f504fd0e	gi|2363084747|ref|NR_180622.1|	92.500	440	33	0	4	443	335	774	2.09e-180	630	2779354
6021a198e8f6b82f3555e420f504fd0e	gi|2363082356|ref|NR_179425.1|	92.290	441	32	2	4	443	351	790	9.71e-179	625	1689304
52a766e1acbc1eb482f2f2892d1d66e1	gi|2363082779|ref|NR_179638.1|	99.091	440	4	0	4	443	348	787	0.0	791	2040291
52a766e1acbc1eb482f2f2892d1d66e1	gi|545589044|ref|NR_044645.2|	98.182	440	8	0	4	443	355	794	0.0	776	39486
52a766e1acbc1eb482f2f2892d1d66e1	gi|1397641798|ref|NR_156907.1|	96.364	440	16	0	4	443	348	787	0.0	725	1912855
52a766e1acbc1eb482f2f2892d1d66e1	gi|1109168038|ref|NR_144617.1|	96.364	440	16	0	4	443	340	779	0.0	725	1796634
52a766e1acbc1eb482f2f2892d1d66e1	gi|2363086021|ref|NR_181263.1|	95.909	440	18	0	4	443	334	773	0.0	713	2726362
52a766e1acbc1eb482f2f2892d1d66e1	gi|343203027|ref|NR_043551.1|	95.682	440	19	0	4	443	349	788	0.0	708	341220
52a766e1acbc1eb482f2f2892d1d66e1	gi|3248465643|ref|NR_201655.1|	95.465	441	18	2	4	443	313	752	0.0	702	3380807
52a766e1acbc1eb482f2f2892d1d66e1	gi|2136551567|ref|NR_173570.1|	95.465	441	18	2	4	443	330	769	0.0	702	1912090
52a766e1acbc1eb482f2f2892d1d66e1	gi|2363082765|ref|NR_179631.1|	95.475	442	16	4	4	443	348	787	0.0	702	2014528
52a766e1acbc1eb482f2f2892d1d66e1	gi|631253194|ref|NR_114392.1|	95.465	441	18	2	4	443	350	789	0.0	702	1544
105b405ceb993064e7592a7ed33348e2	gi|2363080123|ref|NR_178280.1|	99.091	440	4	0	4	443	331	770	0.0	791	411483
105b405ceb993064e7592a7ed33348e2	gi|2363081449|ref|NR_178971.1|	99.304	431	3	0	4	434	285	715	0.0	780	1851427
105b405ceb993064e7592a7ed33348e2	gi|265678656|ref|NR_028961.1|	98.409	440	7	0	4	443	327	766	0.0	774	853
105b405ceb993064e7592a7ed33348e2	gi|2363081451|ref|NR_178972.1|	98.182	440	8	0	4	443	285	724	0.0	769	1851428
105b405ceb993064e7592a7ed33348e2	gi|3030611269|ref|NR_199945.1|	97.955	440	9	0	4	443	335	774	0.0	763	3435293
105b405ceb993064e7592a7ed33348e2	gi|2363082282|ref|NR_179388.1|	97.506	441	9	2	4	443	335	774	0.0	752	2935520
105b405ceb993064e7592a7ed33348e2	gi|2363080175|ref|NR_178311.1|	96.818	440	14	0	4	443	412	851	0.0	736	2903556
105b405ceb993064e7592a7ed33348e2	gi|2363084747|ref|NR_180622.1|	92.744	441	30	2	4	443	335	774	0.0	636	2779354
105b405ceb993064e7592a7ed33348e2	gi|559795255|ref|NR_104846.1|	92.500	440	33	0	4	443	288	727	2.09e-180	630	745368
105b405ceb993064e7592a7ed33348e2	gi|1277396189|ref|NR_151900.1|	92.045	440	35	0	4	443	351	790	4.52e-177	619	1550024
d5653955aeabc6cf36e1313f5e3f1ead	gi|2363082168|ref|NR_179330.1|	90.745	443	40	1	4	446	327	768	3.57e-168	590	2714355
d5653955aeabc6cf36e1313f5e3f1ead	gi|2363082165|ref|NR_179329.1|	90.562	445	37	5	4	446	327	768	1.66e-166	584	2714353
d5653955aeabc6cf36e1313f5e3f1ead	gi|343206380|ref|NR_044972.1|	90.315	444	41	2	4	446	331	773	1.66e-166	584	44749
d5653955aeabc6cf36e1313f5e3f1ead	gi|2363082342|ref|NR_179418.1|	90.315	444	41	2	4	446	348	790	2.15e-165	580	1673721
d5653955aeabc6cf36e1313f5e3f1ead	gi|1109168025|ref|NR_144611.1|	89.842	443	45	0	4	446	282	724	4.65e-162	569	1417852
d5653955aeabc6cf36e1313f5e3f1ead	gi|219846512|ref|NR_026104.1|	89.865	444	43	2	4	446	312	754	4.65e-162	569	1121303
d5653955aeabc6cf36e1313f5e3f1ead	gi|219857201|ref|NR_024829.1|	89.865	444	43	2	4	446	321	763	4.65e-162	569	253314
d5653955aeabc6cf36e1313f5e3f1ead	gi|645321636|ref|NR_118554.1|	89.663	445	42	4	4	446	329	771	2.16e-160	564	1297617
d5653955aeabc6cf36e1313f5e3f1ead	gi|444304204|ref|NR_074629.1|	89.640	444	44	2	4	446	341	783	2.16e-160	564	1515
d5653955aeabc6cf36e1313f5e3f1ead	gi|631252162|ref|NR_113360.1|	89.640	444	44	2	4	446	339	781	2.16e-160	564	1121303
7239850d7e5d47fee9817f7940f5c3a9	gi|343200190|ref|NR_040877.1|	98.478	460	7	0	4	463	341	800	0.0	813	537011
7239850d7e5d47fee9817f7940f5c3a9	gi|631252213|ref|NR_113411.1|	98.478	460	7	0	4	463	341	800	0.0	811	537011
7239850d7e5d47fee9817f7940f5c3a9	gi|2363084409|ref|NR_180452.1|	97.609	460	11	0	4	463	321	780	0.0	789	2518605
7239850d7e5d47fee9817f7940f5c3a9	gi|631251907|ref|NR_113105.1|	93.709	461	27	2	4	463	329	788	0.0	689	470565
7239850d7e5d47fee9817f7940f5c3a9	gi|343199048|ref|NR_044407.1|	93.709	461	27	2	4	463	321	780	0.0	689	470565
7239850d7e5d47fee9817f7940f5c3a9	gi|2221405403|ref|NR_175509.1|	93.275	461	29	2	4	463	341	800	0.0	678	2608404
7239850d7e5d47fee9817f7940f5c3a9	gi|566085557|ref|NR_109628.1|	93.275	461	29	2	4	463	322	781	0.0	678	1177574
7239850d7e5d47fee9817f7940f5c3a9	gi|631253107|ref|NR_114305.1|	93.275	461	29	2	4	463	341	800	0.0	678	1236518
7239850d7e5d47fee9817f7940f5c3a9	gi|636560666|ref|NR_116726.1|	93.275	461	29	2	4	463	321	780	0.0	678	1236518
7239850d7e5d47fee9817f7940f5c3a9	gi|631251926|ref|NR_113124.1|	92.842	461	31	2	4	463	341	800	0.0	667	28137
8e2c09996ba692760e5680b17dd0abeb	gi|2363082168|ref|NR_179330.1|	99.095	442	4	0	4	445	327	768	0.0	795	2714355
8e2c09996ba692760e5680b17dd0abeb	gi|2363082165|ref|NR_179329.1|	98.416	442	7	0	4	445	327	768	0.0	778	2714353
8e2c09996ba692760e5680b17dd0abeb	gi|645321110|ref|NR_118156.1|	94.131	443	24	2	4	445	304	745	0.0	673	1007096
8e2c09996ba692760e5680b17dd0abeb	gi|2962412234|ref|NR_199428.1|	93.905	443	25	2	4	445	352	793	0.0	667	3073143
8e2c09996ba692760e5680b17dd0abeb	gi|2363087001|ref|NR_181757.1|	93.483	445	23	6	4	445	289	730	0.0	656	2841504
8e2c09996ba692760e5680b17dd0abeb	gi|1109168025|ref|NR_144611.1|	93.483	445	24	3	4	445	282	724	0.0	656	1417852
8e2c09996ba692760e5680b17dd0abeb	gi|1269801610|ref|NR_074793.2|	93.228	443	28	2	4	445	355	796	0.0	651	351091
8e2c09996ba692760e5680b17dd0abeb	gi|343200653|ref|NR_041340.1|	93.228	443	28	2	4	445	328	769	0.0	651	351091
8e2c09996ba692760e5680b17dd0abeb	gi|2260349448|ref|NR_176530.1|	93.002	443	29	2	4	445	358	799	0.0	645	2093857
8e2c09996ba692760e5680b17dd0abeb	gi|2136551692|ref|NR_173697.1|	92.986	442	31	0	4	445	349	790	0.0	645	2108523
7f9867a719d8075fee44c9b3cd7d8d17	gi|2363080123|ref|NR_178280.1|	98.636	440	6	0	4	443	331	770	0.0	780	411483
7f9867a719d8075fee44c9b3cd7d8d17	gi|3030611269|ref|NR_199945.1|	98.409	440	7	0	4	443	335	774	0.0	774	3435293
7f9867a719d8075fee44c9b3cd7d8d17	gi|2363081449|ref|NR_178971.1|	98.409	440	6	1	4	443	285	723	0.0	773	1851427
7f9867a719d8075fee44c9b3cd7d8d17	gi|265678656|ref|NR_028961.1|	97.955	440	9	0	4	443	327	766	0.0	763	853
7f9867a719d8075fee44c9b3cd7d8d17	gi|2363081451|ref|NR_178972.1|	97.727	440	10	0	4	443	285	724	0.0	758	1851428
7f9867a719d8075fee44c9b3cd7d8d17	gi|2363082282|ref|NR_179388.1|	97.052	441	11	2	4	443	335	774	0.0	741	2935520
7f9867a719d8075fee44c9b3cd7d8d17	gi|2363080175|ref|NR_178311.1|	96.364	440	16	0	4	443	412	851	0.0	725	2903556
7f9867a719d8075fee44c9b3cd7d8d17	gi|2363084747|ref|NR_180622.1|	93.197	441	28	2	4	443	335	774	0.0	647	2779354
7f9867a719d8075fee44c9b3cd7d8d17	gi|559795255|ref|NR_104846.1|	92.955	440	31	0	4	443	288	727	0.0	641	745368
7f9867a719d8075fee44c9b3cd7d8d17	gi|1277396189|ref|NR_151900.1|	92.500	440	33	0	4	443	351	790	2.09e-180	630	1550024
698f4d6881cbb7309147b9c3ea8bcbad	gi|645320588|ref|NR_117758.1|	99.095	442	4	0	4	445	322	763	0.0	795	166486
698f4d6881cbb7309147b9c3ea8bcbad	gi|228716944|ref|NR_027557.1|	99.095	442	4	0	4	445	343	784	0.0	795	536231
698f4d6881cbb7309147b9c3ea8bcbad	gi|444439494|ref|NR_074809.1|	98.643	442	5	1	4	445	350	790	0.0	782	585394
698f4d6881cbb7309147b9c3ea8bcbad	gi|343201282|ref|NR_042008.1|	98.416	442	5	2	4	445	341	780	0.0	776	585394
698f4d6881cbb7309147b9c3ea8bcbad	gi|343198540|ref|NR_042832.1|	98.190	442	7	1	4	445	330	770	0.0	771	301302
698f4d6881cbb7309147b9c3ea8bcbad	gi|1227086116|ref|NR_148619.1|	97.743	443	8	2	4	445	301	742	0.0	761	1712665
698f4d6881cbb7309147b9c3ea8bcbad	gi|343201281|ref|NR_042007.1|	97.297	444	8	4	4	445	343	784	0.0	750	622312
698f4d6881cbb7309147b9c3ea8bcbad	gi|2363085153|ref|NR_180825.1|	97.059	442	12	1	4	445	347	787	0.0	743	2605790
698f4d6881cbb7309147b9c3ea8bcbad	gi|444304209|ref|NR_074634.1|	97.059	442	11	1	4	445	350	789	0.0	743	515619
698f4d6881cbb7309147b9c3ea8bcbad	gi|2363086282|ref|NR_181393.1|	96.833	442	12	1	4	445	290	729	0.0	737	2763664
3dcec2c8f9a106a5d77fc98def27c331	gi|2363082569|ref|NR_179531.1|	94.369	444	21	4	4	445	347	788	0.0	678	1852369
3dcec2c8f9a106a5d77fc98def27c331	gi|2363082168|ref|NR_179330.1|	94.118	442	26	0	4	445	327	768	0.0	673	2714355
3dcec2c8f9a106a5d77fc98def27c331	gi|2363082165|ref|NR_179329.1|	93.891	442	27	0	4	445	327	768	0.0	667	2714353
3dcec2c8f9a106a5d77fc98def27c331	gi|2363082342|ref|NR_179418.1|	93.454	443	28	1	4	445	348	790	0.0	656	1673721
3dcec2c8f9a106a5d77fc98def27c331	gi|645321110|ref|NR_118156.1|	92.135	445	29	5	4	445	304	745	3.51e-178	623	1007096
3dcec2c8f9a106a5d77fc98def27c331	gi|1269801610|ref|NR_074793.2|	91.874	443	34	2	4	445	355	796	1.63e-176	617	351091
3dcec2c8f9a106a5d77fc98def27c331	gi|343200653|ref|NR_041340.1|	91.874	443	34	2	4	445	328	769	1.63e-176	617	351091
3dcec2c8f9a106a5d77fc98def27c331	gi|2260349448|ref|NR_176530.1|	91.461	445	32	5	4	445	358	799	3.53e-173	606	2093857
3dcec2c8f9a106a5d77fc98def27c331	gi|2363084741|ref|NR_180619.1|	91.422	443	37	1	4	445	347	789	3.53e-173	606	2779352
3dcec2c8f9a106a5d77fc98def27c331	gi|2363082559|ref|NR_179526.1|	91.461	445	32	5	4	445	349	790	3.53e-173	606	1841866
13efcd969b9f6e23254e8a668141f8fd	gi|2621112340|ref|NR_189244.1|	92.809	445	27	5	4	446	363	804	0.0	640	3046382
13efcd969b9f6e23254e8a668141f8fd	gi|2621112341|ref|NR_189245.1|	92.584	445	28	5	4	446	363	804	0.0	634	3046383
13efcd969b9f6e23254e8a668141f8fd	gi|2363086262|ref|NR_181383.1|	89.013	446	44	5	4	446	307	750	2.18e-155	547	2763654
13efcd969b9f6e23254e8a668141f8fd	gi|2363086268|ref|NR_181386.1|	88.764	445	46	4	4	446	303	745	1.01e-153	542	2763655
13efcd969b9f6e23254e8a668141f8fd	gi|559795176|ref|NR_104765.1|	86.937	444	56	2	4	446	323	765	2.22e-140	497	108007
13efcd969b9f6e23254e8a668141f8fd	gi|343205970|ref|NR_044489.1|	86.937	444	56	2	4	446	336	778	2.22e-140	497	857293
13efcd969b9f6e23254e8a668141f8fd	gi|1491509619|ref|NR_159150.1|	86.966	445	53	4	4	446	350	791	8.00e-140	496	489973
13efcd969b9f6e23254e8a668141f8fd	gi|1491509615|ref|NR_159146.1|	86.712	444	56	3	4	446	348	789	3.72e-138	490	1715347
13efcd969b9f6e23254e8a668141f8fd	gi|645320205|ref|NR_117466.1|	86.712	444	56	3	4	446	332	773	3.72e-138	490	699281
13efcd969b9f6e23254e8a668141f8fd	gi|343199076|ref|NR_044503.1|	86.801	447	48	8	4	446	450	889	1.34e-137	488	520762
94e0b1d300d80f95cd5fedcfa7443317	gi|219846045|ref|NR_025635.1|	99.355	465	3	0	4	468	287	751	0.0	843	244366
94e0b1d300d80f95cd5fedcfa7443317	gi|645320493|ref|NR_117686.1|	99.140	465	4	0	4	468	329	793	0.0	837	573
94e0b1d300d80f95cd5fedcfa7443317	gi|645320492|ref|NR_117685.1|	99.140	465	4	0	4	468	329	793	0.0	837	573
94e0b1d300d80f95cd5fedcfa7443317	gi|645320491|ref|NR_117684.1|	99.140	465	4	0	4	468	329	793	0.0	837	573
94e0b1d300d80f95cd5fedcfa7443317	gi|645320488|ref|NR_117682.1|	99.140	465	4	0	4	468	323	787	0.0	837	573
94e0b1d300d80f95cd5fedcfa7443317	gi|631250813|ref|NR_112009.1|	99.140	465	4	0	4	468	307	771	0.0	837	573
94e0b1d300d80f95cd5fedcfa7443317	gi|2363087291|ref|NR_181901.1|	99.140	465	3	1	4	468	333	796	0.0	835	2026240
94e0b1d300d80f95cd5fedcfa7443317	gi|645322555|ref|NR_119278.1|	98.925	465	5	0	4	468	310	774	0.0	833	573
94e0b1d300d80f95cd5fedcfa7443317	gi|636558450|ref|NR_114506.1|	98.925	465	5	0	4	468	324	788	0.0	832	573
94e0b1d300d80f95cd5fedcfa7443317	gi|310974930|ref|NR_036794.1|	98.927	466	4	1	4	468	332	797	0.0	832	573
d7c6b193a4a35a6fc33c51127644908a	gi|631252118|ref|NR_113316.1|	99.320	441	3	0	4	444	327	767	0.0	798	74426
d7c6b193a4a35a6fc33c51127644908a	gi|265678302|ref|NR_028604.1|	98.413	441	6	1	4	444	327	766	0.0	774	74426
d7c6b193a4a35a6fc33c51127644908a	gi|1193829136|ref|NR_147379.1|	96.606	442	12	3	4	444	328	767	0.0	730	1907654
d7c6b193a4a35a6fc33c51127644908a	gi|1193829156|ref|NR_147399.1|	95.692	441	18	1	4	444	328	767	0.0	708	1871016
d7c6b193a4a35a6fc33c51127644908a	gi|1109167962|ref|NR_144579.1|	95.238	441	20	1	4	444	322	761	0.0	697	1232426
d7c6b193a4a35a6fc33c51127644908a	gi|2363082368|ref|NR_179431.1|	95.011	441	21	1	4	444	328	767	0.0	691	1720204
d7c6b193a4a35a6fc33c51127644908a	gi|631251967|ref|NR_113165.1|	95.011	441	21	1	4	444	328	767	0.0	691	147207
d7c6b193a4a35a6fc33c51127644908a	gi|631251966|ref|NR_113164.1|	95.011	441	21	1	4	444	328	767	0.0	691	147206
d7c6b193a4a35a6fc33c51127644908a	gi|2363084792|ref|NR_180644.1|	94.785	441	22	1	4	444	249	688	0.0	688	2603815
d7c6b193a4a35a6fc33c51127644908a	gi|2363082703|ref|NR_179599.1|	94.570	442	21	3	4	444	308	747	0.0	680	1937461
7ebc00fa6438ae2fee872e8c39c30c59	gi|2136551683|ref|NR_173688.1|	89.888	445	38	7	4	446	321	760	6.01e-161	566	2780922
7ebc00fa6438ae2fee872e8c39c30c59	gi|3248465658|ref|NR_201672.1|	89.485	447	39	8	4	446	296	738	1.01e-158	558	3381350
7ebc00fa6438ae2fee872e8c39c30c59	gi|2363082711|ref|NR_179603.1|	89.462	446	37	10	4	446	317	755	1.30e-157	555	1944642
7ebc00fa6438ae2fee872e8c39c30c59	gi|265679047|ref|NR_029355.1|	89.213	445	41	7	4	446	332	771	6.05e-156	549	84026
7ebc00fa6438ae2fee872e8c39c30c59	gi|2363086272|ref|NR_181388.1|	89.013	446	40	7	4	446	388	827	2.82e-154	544	2763658
7ebc00fa6438ae2fee872e8c39c30c59	gi|2363082585|ref|NR_179539.1|	88.964	444	43	6	4	446	351	789	2.82e-154	544	1852384
7ebc00fa6438ae2fee872e8c39c30c59	gi|343205927|ref|NR_044425.1|	89.038	447	38	10	4	446	346	785	2.82e-154	544	474960
7ebc00fa6438ae2fee872e8c39c30c59	gi|785794309|ref|NG_041947.1|	88.713	443	50	0	4	446	469	911	1.01e-153	542	394503
7ebc00fa6438ae2fee872e8c39c30c59	gi|785497611|ref|NR_102768.2|	88.713	443	50	0	4	446	330	772	1.01e-153	542	1521
7ebc00fa6438ae2fee872e8c39c30c59	gi|559795314|ref|NR_104907.1|	88.739	444	46	4	4	446	315	755	3.64e-153	540	290054
8cfc57f3a36ae28ad7304dd099ac9be4	gi|2363082679|ref|NR_179587.1|	95.909	440	18	0	4	443	328	767	0.0	713	1926283
8cfc57f3a36ae28ad7304dd099ac9be4	gi|1193829153|ref|NR_147396.1|	95.909	440	18	0	4	443	328	767	0.0	713	1917870
8cfc57f3a36ae28ad7304dd099ac9be4	gi|2363081854|ref|NR_179173.1|	95.909	440	18	0	4	443	333	772	0.0	713	2126740
8cfc57f3a36ae28ad7304dd099ac9be4	gi|2836274880|ref|NR_197643.1|	95.455	440	20	0	4	443	329	768	0.0	702	2962432
8cfc57f3a36ae28ad7304dd099ac9be4	gi|1384992332|ref|NR_156081.1|	95.455	440	20	0	4	443	336	775	0.0	702	1469948
8cfc57f3a36ae28ad7304dd099ac9be4	gi|1384992329|ref|NR_156078.1|	95.455	440	20	0	4	443	336	775	0.0	702	1469948
8cfc57f3a36ae28ad7304dd099ac9be4	gi|2363080261|ref|NR_178356.1|	95.455	440	20	0	4	443	313	752	0.0	702	558153
8cfc57f3a36ae28ad7304dd099ac9be4	gi|310975204|ref|NR_037068.1|	95.455	440	20	0	4	443	341	780	0.0	702	29375
8cfc57f3a36ae28ad7304dd099ac9be4	gi|219846508|ref|NR_026100.1|	95.455	440	20	0	4	443	323	762	0.0	702	1286362
8cfc57f3a36ae28ad7304dd099ac9be4	gi|343201474|ref|NR_042200.1|	95.455	440	20	0	4	443	318	757	0.0	702	333367
24ad74f7921990976078479ffb85e2e9	gi|631252118|ref|NR_113316.1|	99.773	441	1	0	4	444	327	767	0.0	809	74426
24ad74f7921990976078479ffb85e2e9	gi|265678302|ref|NR_028604.1|	98.866	441	4	1	4	444	327	766	0.0	785	74426
24ad74f7921990976078479ffb85e2e9	gi|1193829136|ref|NR_147379.1|	97.059	442	10	3	4	444	328	767	0.0	741	1907654
24ad74f7921990976078479ffb85e2e9	gi|1193829156|ref|NR_147399.1|	96.145	441	16	1	4	444	328	767	0.0	719	1871016
24ad74f7921990976078479ffb85e2e9	gi|1109167962|ref|NR_144579.1|	95.692	441	18	1	4	444	322	761	0.0	708	1232426
24ad74f7921990976078479ffb85e2e9	gi|2363082368|ref|NR_179431.1|	95.465	441	19	1	4	444	328	767	0.0	702	1720204
24ad74f7921990976078479ffb85e2e9	gi|631251967|ref|NR_113165.1|	95.465	441	19	1	4	444	328	767	0.0	702	147207
24ad74f7921990976078479ffb85e2e9	gi|631251966|ref|NR_113164.1|	95.465	441	19	1	4	444	328	767	0.0	702	147206
24ad74f7921990976078479ffb85e2e9	gi|2363084792|ref|NR_180644.1|	95.238	441	20	1	4	444	249	688	0.0	699	2603815
24ad74f7921990976078479ffb85e2e9	gi|2363082703|ref|NR_179599.1|	95.023	442	19	3	4	444	308	747	0.0	691	1937461
cfe6c303da80c3da7b8fea2ed759918d	gi|2136551638|ref|NR_173642.1|	99.097	443	4	0	4	446	349	791	0.0	797	2678306
cfe6c303da80c3da7b8fea2ed759918d	gi|219846340|ref|NR_025930.1|	97.072	444	10	3	4	446	296	737	0.0	745	40518
cfe6c303da80c3da7b8fea2ed759918d	gi|2363084544|ref|NR_180520.1|	93.905	443	23	4	4	446	356	794	0.0	665	2564099
cfe6c303da80c3da7b8fea2ed759918d	gi|2363082825|ref|NR_179661.1|	93.468	444	27	2	4	446	342	784	0.0	658	2086583
cfe6c303da80c3da7b8fea2ed759918d	gi|2136551663|ref|NR_173668.1|	91.667	444	32	5	4	446	294	733	2.74e-174	610	2766537
cfe6c303da80c3da7b8fea2ed759918d	gi|3248465687|ref|NR_201701.1|	90.293	443	43	0	4	446	330	772	2.15e-165	580	3435187
cfe6c303da80c3da7b8fea2ed759918d	gi|3248465688|ref|NR_201702.1|	90.293	443	43	0	4	446	328	770	2.15e-165	580	3435000
cfe6c303da80c3da7b8fea2ed759918d	gi|645321636|ref|NR_118554.1|	90.068	443	44	0	4	446	329	771	9.99e-164	575	1297617
cfe6c303da80c3da7b8fea2ed759918d	gi|2180566484|ref|NR_174324.1|	90.068	443	41	2	4	446	346	785	1.29e-162	571	2576756
cfe6c303da80c3da7b8fea2ed759918d	gi|636558732|ref|NR_114789.1|	90.068	443	41	3	4	446	347	786	1.29e-162	571	1535
db8803f643818262767029fb815a4730	gi|672238876|ref|NR_125464.1|	88.739	444	45	5	4	444	325	766	1.30e-152	538	1297424
db8803f643818262767029fb815a4730	gi|2363084629|ref|NR_180563.1|	88.514	444	46	5	4	444	291	732	6.07e-151	532	2488810
db8803f643818262767029fb815a4730	gi|645319803|ref|NR_117165.1|	88.288	444	47	5	4	444	476	917	2.82e-149	527	48256
db8803f643818262767029fb815a4730	gi|645319802|ref|NR_117164.1|	88.288	444	47	5	4	444	476	917	2.82e-149	527	48256
db8803f643818262767029fb815a4730	gi|645319800|ref|NR_117163.1|	88.288	444	47	5	4	444	445	886	2.82e-149	527	48256
db8803f643818262767029fb815a4730	gi|645319799|ref|NR_117162.1|	88.288	444	47	5	4	444	472	913	2.82e-149	527	48256
db8803f643818262767029fb815a4730	gi|219846512|ref|NR_026104.1|	88.117	446	45	8	4	444	312	754	3.65e-148	523	1121303
db8803f643818262767029fb815a4730	gi|343200810|ref|NR_041497.1|	88.090	445	47	6	4	444	293	735	3.65e-148	523	396504
db8803f643818262767029fb815a4730	gi|219846510|ref|NR_026102.1|	88.063	444	48	5	4	444	313	754	1.31e-147	521	588581
db8803f643818262767029fb815a4730	gi|3030611263|ref|NR_199939.1|	88.036	443	48	5	4	444	332	771	4.72e-147	520	3074434
8dd78131e664ee87cbd8f85a65b1f449	gi|631252118|ref|NR_113316.1|	99.093	441	4	0	4	444	327	767	0.0	793	74426
8dd78131e664ee87cbd8f85a65b1f449	gi|265678302|ref|NR_028604.1|	98.186	441	7	1	4	444	327	766	0.0	769	74426
8dd78131e664ee87cbd8f85a65b1f449	gi|1193829136|ref|NR_147379.1|	96.380	442	13	3	4	444	328	767	0.0	725	1907654
8dd78131e664ee87cbd8f85a65b1f449	gi|1193829156|ref|NR_147399.1|	95.465	441	19	1	4	444	328	767	0.0	702	1871016
8dd78131e664ee87cbd8f85a65b1f449	gi|1109167962|ref|NR_144579.1|	95.011	441	21	1	4	444	322	761	0.0	691	1232426
8dd78131e664ee87cbd8f85a65b1f449	gi|2363082368|ref|NR_179431.1|	94.785	441	22	1	4	444	328	767	0.0	686	1720204
8dd78131e664ee87cbd8f85a65b1f449	gi|631251967|ref|NR_113165.1|	94.785	441	22	1	4	444	328	767	0.0	686	147207
8dd78131e664ee87cbd8f85a65b1f449	gi|631251966|ref|NR_113164.1|	94.785	441	22	1	4	444	328	767	0.0	686	147206
8dd78131e664ee87cbd8f85a65b1f449	gi|2363084792|ref|NR_180644.1|	94.558	441	23	1	4	444	249	688	0.0	682	2603815
8dd78131e664ee87cbd8f85a65b1f449	gi|2363082703|ref|NR_179599.1|	94.344	442	22	3	4	444	308	747	0.0	675	1937461
cbce36b5b2cf29021dbda914432c3c0e	gi|343200190|ref|NR_040877.1|	98.696	460	6	0	4	463	341	800	0.0	819	537011
cbce36b5b2cf29021dbda914432c3c0e	gi|631252213|ref|NR_113411.1|	98.696	460	6	0	4	463	341	800	0.0	817	537011
cbce36b5b2cf29021dbda914432c3c0e	gi|2363084409|ref|NR_180452.1|	97.826	460	10	0	4	463	321	780	0.0	795	2518605
cbce36b5b2cf29021dbda914432c3c0e	gi|631251907|ref|NR_113105.1|	93.926	461	26	2	4	463	329	788	0.0	695	470565
cbce36b5b2cf29021dbda914432c3c0e	gi|343199048|ref|NR_044407.1|	93.926	461	26	2	4	463	321	780	0.0	695	470565
cbce36b5b2cf29021dbda914432c3c0e	gi|2221405403|ref|NR_175509.1|	93.492	461	28	2	4	463	341	800	0.0	684	2608404
cbce36b5b2cf29021dbda914432c3c0e	gi|566085557|ref|NR_109628.1|	93.492	461	28	2	4	463	322	781	0.0	684	1177574
cbce36b5b2cf29021dbda914432c3c0e	gi|631253107|ref|NR_114305.1|	93.492	461	28	2	4	463	341	800	0.0	684	1236518
cbce36b5b2cf29021dbda914432c3c0e	gi|636560666|ref|NR_116726.1|	93.492	461	28	2	4	463	321	780	0.0	684	1236518
cbce36b5b2cf29021dbda914432c3c0e	gi|631251926|ref|NR_113124.1|	93.059	461	30	2	4	463	341	800	0.0	673	28137
80ab91e18ffe33cccd91a6e9cf779df2	gi|2136551638|ref|NR_173642.1|	99.549	443	2	0	4	446	349	791	0.0	808	2678306
80ab91e18ffe33cccd91a6e9cf779df2	gi|219846340|ref|NR_025930.1|	97.523	444	8	3	4	446	296	737	0.0	756	40518
80ab91e18ffe33cccd91a6e9cf779df2	gi|2363084544|ref|NR_180520.1|	94.357	443	21	4	4	446	356	794	0.0	676	2564099
80ab91e18ffe33cccd91a6e9cf779df2	gi|2363082825|ref|NR_179661.1|	93.919	444	25	2	4	446	342	784	0.0	669	2086583
80ab91e18ffe33cccd91a6e9cf779df2	gi|2136551663|ref|NR_173668.1|	92.117	444	30	5	4	446	294	733	1.26e-177	621	2766537
80ab91e18ffe33cccd91a6e9cf779df2	gi|3248465687|ref|NR_201701.1|	90.745	443	41	0	4	446	330	772	9.92e-169	592	3435187
80ab91e18ffe33cccd91a6e9cf779df2	gi|3248465688|ref|NR_201702.1|	90.745	443	41	0	4	446	328	770	9.92e-169	592	3435000
80ab91e18ffe33cccd91a6e9cf779df2	gi|645321636|ref|NR_118554.1|	90.519	443	42	0	4	446	329	771	4.61e-167	586	1297617
80ab91e18ffe33cccd91a6e9cf779df2	gi|2180566484|ref|NR_174324.1|	90.519	443	39	2	4	446	346	785	5.97e-166	582	2576756
80ab91e18ffe33cccd91a6e9cf779df2	gi|636558732|ref|NR_114789.1|	90.519	443	39	3	4	446	347	786	5.97e-166	582	1535
117570f972231244fefe5e3220dbc8d0	gi|2136551683|ref|NR_173688.1|	89.888	445	38	7	4	446	321	760	6.01e-161	566	2780922
117570f972231244fefe5e3220dbc8d0	gi|3248465658|ref|NR_201672.1|	89.485	447	39	8	4	446	296	738	1.01e-158	558	3381350
117570f972231244fefe5e3220dbc8d0	gi|2363082711|ref|NR_179603.1|	89.462	446	37	10	4	446	317	755	1.30e-157	555	1944642
117570f972231244fefe5e3220dbc8d0	gi|265679047|ref|NR_029355.1|	89.213	445	41	7	4	446	332	771	6.05e-156	549	84026
117570f972231244fefe5e3220dbc8d0	gi|2363086272|ref|NR_181388.1|	89.013	446	40	7	4	446	388	827	2.82e-154	544	2763658
117570f972231244fefe5e3220dbc8d0	gi|2363082585|ref|NR_179539.1|	88.964	444	43	6	4	446	351	789	2.82e-154	544	1852384
117570f972231244fefe5e3220dbc8d0	gi|343205927|ref|NR_044425.1|	89.038	447	38	10	4	446	346	785	2.82e-154	544	474960
117570f972231244fefe5e3220dbc8d0	gi|785794309|ref|NG_041947.1|	88.713	443	50	0	4	446	469	911	1.01e-153	542	394503
117570f972231244fefe5e3220dbc8d0	gi|785497611|ref|NR_102768.2|	88.713	443	50	0	4	446	330	772	1.01e-153	542	1521
117570f972231244fefe5e3220dbc8d0	gi|559795314|ref|NR_104907.1|	88.739	444	46	4	4	446	315	755	3.64e-153	540	290054
081ace59a69db911cde751f31bcee0df	gi|559795255|ref|NR_104846.1|	96.818	440	14	0	4	443	288	727	0.0	736	745368
081ace59a69db911cde751f31bcee0df	gi|265678692|ref|NR_028997.1|	95.918	441	17	1	4	443	303	743	0.0	713	214851
081ace59a69db911cde751f31bcee0df	gi|3030611269|ref|NR_199945.1|	95.000	440	22	0	4	443	335	774	0.0	691	3435293
081ace59a69db911cde751f31bcee0df	gi|265678656|ref|NR_028961.1|	94.545	440	24	0	4	443	327	766	0.0	680	853
081ace59a69db911cde751f31bcee0df	gi|2363081451|ref|NR_178972.1|	94.318	440	25	0	4	443	285	724	0.0	675	1851428
081ace59a69db911cde751f31bcee0df	gi|2363080123|ref|NR_178280.1|	94.318	440	25	0	4	443	331	770	0.0	675	411483
081ace59a69db911cde751f31bcee0df	gi|2363081449|ref|NR_178971.1|	94.091	440	25	1	4	443	285	723	0.0	667	1851427
081ace59a69db911cde751f31bcee0df	gi|2363082356|ref|NR_179425.1|	93.864	440	27	0	4	443	351	790	0.0	664	1689304
081ace59a69db911cde751f31bcee0df	gi|1397641802|ref|NR_156911.1|	93.636	440	28	0	4	443	351	790	0.0	658	1650663
081ace59a69db911cde751f31bcee0df	gi|2363082282|ref|NR_179388.1|	93.651	441	26	2	4	443	335	774	0.0	658	2935520
464e6cec5fa4fd9355bcef3707a68856	gi|2363081254|ref|NR_178871.1|	89.213	445	42	6	4	446	337	777	1.68e-156	551	1792311
464e6cec5fa4fd9355bcef3707a68856	gi|2363086264|ref|NR_181384.1|	89.238	446	39	9	4	446	250	689	6.05e-156	549	2763660
464e6cec5fa4fd9355bcef3707a68856	gi|444304204|ref|NR_074629.1|	88.864	449	38	9	4	446	341	783	1.01e-153	542	1515
464e6cec5fa4fd9355bcef3707a68856	gi|631251959|ref|NR_113157.1|	88.864	449	38	9	4	446	341	783	1.01e-153	542	1515
464e6cec5fa4fd9355bcef3707a68856	gi|343200549|ref|NR_041236.1|	88.713	443	48	2	4	446	321	761	3.64e-153	540	1122184
464e6cec5fa4fd9355bcef3707a68856	gi|2363084120|ref|NR_180309.1|	88.641	449	39	9	4	446	289	731	4.71e-152	536	2487273
464e6cec5fa4fd9355bcef3707a68856	gi|785794309|ref|NG_041947.1|	88.616	448	41	10	4	446	469	911	4.71e-152	536	394503
464e6cec5fa4fd9355bcef3707a68856	gi|785497611|ref|NR_102768.2|	88.616	448	41	10	4	446	330	772	4.71e-152	536	1521
464e6cec5fa4fd9355bcef3707a68856	gi|631252162|ref|NR_113360.1|	88.641	449	39	12	4	446	339	781	4.71e-152	536	1121303
464e6cec5fa4fd9355bcef3707a68856	gi|645319736|ref|NR_117111.1|	88.641	449	39	12	4	446	336	778	4.71e-152	536	29371
42cb0e2307326f5209cd08aed06bfb27	gi|3030611230|ref|NR_199906.1|	96.591	440	15	0	4	443	354	793	0.0	730	3123317
42cb0e2307326f5209cd08aed06bfb27	gi|3030611314|ref|NR_199990.1|	96.591	440	15	0	4	443	350	789	0.0	730	3123317
42cb0e2307326f5209cd08aed06bfb27	gi|1384992331|ref|NR_156080.1|	96.591	440	15	0	4	443	336	775	0.0	730	1469948
42cb0e2307326f5209cd08aed06bfb27	gi|1384992328|ref|NR_156077.1|	96.591	440	15	0	4	443	336	775	0.0	730	1469948
42cb0e2307326f5209cd08aed06bfb27	gi|2363082679|ref|NR_179587.1|	96.364	440	16	0	4	443	328	767	0.0	725	1926283
42cb0e2307326f5209cd08aed06bfb27	gi|1384992332|ref|NR_156081.1|	96.364	440	16	0	4	443	336	775	0.0	725	1469948
42cb0e2307326f5209cd08aed06bfb27	gi|1384992329|ref|NR_156078.1|	96.364	440	16	0	4	443	336	775	0.0	725	1469948
42cb0e2307326f5209cd08aed06bfb27	gi|2363081854|ref|NR_179173.1|	96.364	440	16	0	4	443	333	772	0.0	725	2126740
42cb0e2307326f5209cd08aed06bfb27	gi|631253128|ref|NR_114326.1|	96.364	440	16	0	4	443	334	773	0.0	725	1150298
42cb0e2307326f5209cd08aed06bfb27	gi|1193829153|ref|NR_147396.1|	95.909	440	18	0	4	443	328	767	0.0	713	1917870
186ed285aec87e64493da81a28fb6290	gi|444304012|ref|NR_074436.1|	99.329	447	3	0	3	449	320	766	0.0	809	239935
186ed285aec87e64493da81a28fb6290	gi|343202494|ref|NR_042817.1|	99.329	447	3	0	3	449	300	746	0.0	809	349741
186ed285aec87e64493da81a28fb6290	gi|1315204026|ref|NR_152695.1|	91.556	450	34	3	3	449	299	747	1.65e-176	617	1679444
186ed285aec87e64493da81a28fb6290	gi|343200983|ref|NR_041670.1|	85.011	467	49	7	3	449	297	762	3.80e-128	457	490092
186ed285aec87e64493da81a28fb6290	gi|343200984|ref|NR_041671.1|	84.615	468	49	11	3	449	319	784	2.96e-124	444	490093
186ed285aec87e64493da81a28fb6290	gi|2260349445|ref|NR_176527.1|	84.549	466	51	7	3	449	317	780	1.06e-123	442	2576071
186ed285aec87e64493da81a28fb6290	gi|219846674|ref|NR_026266.1|	84.368	467	51	8	3	449	303	767	1.06e-123	442	240016
186ed285aec87e64493da81a28fb6290	gi|343200937|ref|NR_041624.1|	84.435	469	48	11	3	449	320	785	1.38e-122	438	454151
186ed285aec87e64493da81a28fb6290	gi|343200987|ref|NR_041674.1|	84.188	468	51	11	3	449	318	783	6.41e-121	433	490096
186ed285aec87e64493da81a28fb6290	gi|566085532|ref|NR_109603.1|	83.974	468	52	11	3	449	280	745	2.98e-119	427	1157309
e5ae2fd73e778addd0d094f047cc6a29	gi|219857617|ref|NR_025206.1|	95.909	440	18	0	4	443	314	753	0.0	713	180286
e5ae2fd73e778addd0d094f047cc6a29	gi|310974936|ref|NR_036800.1|	95.909	440	18	0	4	443	326	765	0.0	713	411470
e5ae2fd73e778addd0d094f047cc6a29	gi|645321810|ref|NR_118690.1|	95.909	440	18	0	4	443	338	777	0.0	713	411470
e5ae2fd73e778addd0d094f047cc6a29	gi|2260349417|ref|NR_176499.1|	95.682	440	19	0	4	443	350	789	0.0	708	1812858
e5ae2fd73e778addd0d094f047cc6a29	gi|1227086118|ref|NR_148620.1|	95.682	440	19	0	4	443	195	634	0.0	708	1763509
e5ae2fd73e778addd0d094f047cc6a29	gi|1040567056|ref|NR_137405.1|	95.682	440	19	0	4	443	307	746	0.0	708	1619234
e5ae2fd73e778addd0d094f047cc6a29	gi|343201234|ref|NR_041960.1|	95.465	441	19	1	4	443	222	662	0.0	702	89014
e5ae2fd73e778addd0d094f047cc6a29	gi|2363085103|ref|NR_180800.1|	95.227	440	21	0	4	443	347	786	0.0	697	2652274
e5ae2fd73e778addd0d094f047cc6a29	gi|1116030273|ref|NR_144731.1|	95.227	440	21	0	4	443	347	786	0.0	697	1720294
e5ae2fd73e778addd0d094f047cc6a29	gi|343198449|ref|NR_041882.1|	95.227	440	21	0	4	443	349	788	0.0	697	180332
042f7e7e5263745613f2691b628f7b1a	gi|2136551683|ref|NR_173688.1|	89.663	445	39	7	4	446	321	760	2.80e-159	560	2780922
042f7e7e5263745613f2691b628f7b1a	gi|3248465658|ref|NR_201672.1|	89.262	447	40	8	4	446	296	738	4.68e-157	553	3381350
042f7e7e5263745613f2691b628f7b1a	gi|2363082711|ref|NR_179603.1|	89.238	446	38	10	4	446	317	755	6.05e-156	549	1944642
042f7e7e5263745613f2691b628f7b1a	gi|265679047|ref|NR_029355.1|	88.989	445	42	7	4	446	332	771	2.82e-154	544	84026
042f7e7e5263745613f2691b628f7b1a	gi|2363086272|ref|NR_181388.1|	88.789	446	41	7	4	446	388	827	1.31e-152	538	2763658
042f7e7e5263745613f2691b628f7b1a	gi|2363082585|ref|NR_179539.1|	88.739	444	44	6	4	446	351	789	1.31e-152	538	1852384
042f7e7e5263745613f2691b628f7b1a	gi|343205927|ref|NR_044425.1|	88.814	447	39	10	4	446	346	785	1.31e-152	538	474960
042f7e7e5263745613f2691b628f7b1a	gi|785794309|ref|NG_041947.1|	88.488	443	51	0	4	446	469	911	4.71e-152	536	394503
042f7e7e5263745613f2691b628f7b1a	gi|785497611|ref|NR_102768.2|	88.488	443	51	0	4	446	330	772	4.71e-152	536	1521
042f7e7e5263745613f2691b628f7b1a	gi|559795314|ref|NR_104907.1|	88.514	444	47	4	4	446	315	755	1.70e-151	534	290054
29550d668d074fe6d5620bab85e7fef7	gi|2363081451|ref|NR_178972.1|	99.318	440	3	0	4	443	285	724	0.0	797	1851428
29550d668d074fe6d5620bab85e7fef7	gi|265678656|ref|NR_028961.1|	98.636	440	6	0	4	443	327	766	0.0	780	853
29550d668d074fe6d5620bab85e7fef7	gi|2363082282|ref|NR_179388.1|	98.409	440	7	0	4	443	335	774	0.0	774	2935520
29550d668d074fe6d5620bab85e7fef7	gi|2363080123|ref|NR_178280.1|	98.409	440	7	0	4	443	331	770	0.0	774	411483
29550d668d074fe6d5620bab85e7fef7	gi|3030611269|ref|NR_199945.1|	98.182	440	8	0	4	443	335	774	0.0	769	3435293
29550d668d074fe6d5620bab85e7fef7	gi|2363081449|ref|NR_178971.1|	98.608	431	6	0	4	434	285	715	0.0	763	1851427
29550d668d074fe6d5620bab85e7fef7	gi|2363080175|ref|NR_178311.1|	96.364	440	16	0	4	443	412	851	0.0	725	2903556
29550d668d074fe6d5620bab85e7fef7	gi|1397641802|ref|NR_156911.1|	92.500	440	33	0	4	443	351	790	2.09e-180	630	1650663
29550d668d074fe6d5620bab85e7fef7	gi|2363084747|ref|NR_180622.1|	92.500	440	33	0	4	443	335	774	2.09e-180	630	2779354
29550d668d074fe6d5620bab85e7fef7	gi|2363082356|ref|NR_179425.1|	92.290	441	32	2	4	443	351	790	9.71e-179	625	1689304
ed03c6bc08679cbb3dbd86c5ab79fb16	gi|343200903|ref|NR_041590.1|	98.280	465	8	0	4	468	140	604	0.0	815	742816
ed03c6bc08679cbb3dbd86c5ab79fb16	gi|343199066|ref|NR_044473.1|	97.639	466	9	2	4	468	295	759	0.0	798	491921
ed03c6bc08679cbb3dbd86c5ab79fb16	gi|219878375|ref|NR_025514.1|	94.850	466	22	2	4	468	335	799	0.0	726	158847
ed03c6bc08679cbb3dbd86c5ab79fb16	gi|645321057|ref|NR_118115.1|	92.489	466	33	2	4	468	345	809	0.0	665	1002795
ed03c6bc08679cbb3dbd86c5ab79fb16	gi|636558562|ref|NR_114619.1|	92.291	467	32	4	4	468	347	811	0.0	660	86956
ed03c6bc08679cbb3dbd86c5ab79fb16	gi|645320513|ref|NR_117702.1|	92.060	466	35	2	4	468	318	782	0.0	654	865
ed03c6bc08679cbb3dbd86c5ab79fb16	gi|559795237|ref|NR_104827.1|	92.077	467	33	4	4	468	339	803	0.0	654	86956
ed03c6bc08679cbb3dbd86c5ab79fb16	gi|343202547|ref|NR_042900.1|	91.845	466	36	2	4	468	225	689	0.0	651	259840
ed03c6bc08679cbb3dbd86c5ab79fb16	gi|343203314|ref|NR_043658.1|	91.667	468	33	6	4	468	349	813	0.0	643	349096
ed03c6bc08679cbb3dbd86c5ab79fb16	gi|2363082521|ref|NR_179507.1|	90.150	467	42	4	4	468	341	805	1.34e-172	604	1806837
70aab4ba3f7c9068b7a3bf2b1ef5d22c	gi|645321790|ref|NR_118674.1|	97.045	440	13	0	4	443	356	795	0.0	758	1256908
70aab4ba3f7c9068b7a3bf2b1ef5d22c	gi|645320588|ref|NR_117758.1|	96.154	442	15	1	4	443	322	763	0.0	721	166486
70aab4ba3f7c9068b7a3bf2b1ef5d22c	gi|228716944|ref|NR_027557.1|	96.154	442	15	1	4	443	343	784	0.0	721	536231
70aab4ba3f7c9068b7a3bf2b1ef5d22c	gi|444439494|ref|NR_074809.1|	96.145	441	16	1	4	443	350	790	0.0	719	585394
70aab4ba3f7c9068b7a3bf2b1ef5d22c	gi|2363086302|ref|NR_181403.1|	95.928	442	16	1	4	443	246	687	0.0	715	2763061
70aab4ba3f7c9068b7a3bf2b1ef5d22c	gi|343198540|ref|NR_042832.1|	95.918	441	17	1	4	443	330	770	0.0	713	301302
70aab4ba3f7c9068b7a3bf2b1ef5d22c	gi|343201282|ref|NR_042008.1|	95.918	441	16	2	4	443	341	780	0.0	713	585394
70aab4ba3f7c9068b7a3bf2b1ef5d22c	gi|219846723|ref|NR_026315.1|	95.909	440	18	0	4	443	317	756	0.0	713	46206
70aab4ba3f7c9068b7a3bf2b1ef5d22c	gi|2363085149|ref|NR_180823.1|	95.682	440	19	0	4	443	357	796	0.0	708	2606634
70aab4ba3f7c9068b7a3bf2b1ef5d22c	gi|444304209|ref|NR_074634.1|	95.682	440	19	0	4	443	350	789	0.0	708	515619
c16f76e6ccf3e4e9dbc2bc524b786103	gi|343200190|ref|NR_040877.1|	97.609	460	11	0	4	463	341	800	0.0	791	537011
c16f76e6ccf3e4e9dbc2bc524b786103	gi|631252213|ref|NR_113411.1|	97.609	460	11	0	4	463	341	800	0.0	789	537011
c16f76e6ccf3e4e9dbc2bc524b786103	gi|2363084409|ref|NR_180452.1|	96.739	460	15	0	4	463	321	780	0.0	767	2518605
c16f76e6ccf3e4e9dbc2bc524b786103	gi|631253107|ref|NR_114305.1|	93.275	461	29	2	4	463	341	800	0.0	678	1236518
c16f76e6ccf3e4e9dbc2bc524b786103	gi|631251922|ref|NR_113120.1|	93.305	463	25	6	4	463	339	798	0.0	678	28136
c16f76e6ccf3e4e9dbc2bc524b786103	gi|636560666|ref|NR_116726.1|	93.275	461	29	2	4	463	321	780	0.0	678	1236518
c16f76e6ccf3e4e9dbc2bc524b786103	gi|265678842|ref|NR_029147.1|	92.873	463	27	6	4	463	344	803	0.0	667	28136
c16f76e6ccf3e4e9dbc2bc524b786103	gi|507148088|ref|NR_102895.1|	92.625	461	32	2	4	463	349	808	0.0	662	553174
c16f76e6ccf3e4e9dbc2bc524b786103	gi|631251915|ref|NR_113113.1|	92.625	461	32	2	4	463	329	788	0.0	662	553174
c16f76e6ccf3e4e9dbc2bc524b786103	gi|631251907|ref|NR_113105.1|	92.672	464	26	7	4	463	329	788	0.0	662	470565
482b022a339d1baf66eec70b3f492c82	gi|343200190|ref|NR_040877.1|	98.478	460	7	0	4	463	341	800	0.0	813	537011
482b022a339d1baf66eec70b3f492c82	gi|631252213|ref|NR_113411.1|	98.478	460	7	0	4	463	341	800	0.0	811	537011
482b022a339d1baf66eec70b3f492c82	gi|2363084409|ref|NR_180452.1|	97.609	460	11	0	4	463	321	780	0.0	789	2518605
482b022a339d1baf66eec70b3f492c82	gi|631251907|ref|NR_113105.1|	93.709	461	27	2	4	463	329	788	0.0	689	470565
482b022a339d1baf66eec70b3f492c82	gi|343199048|ref|NR_044407.1|	93.709	461	27	2	4	463	321	780	0.0	689	470565
482b022a339d1baf66eec70b3f492c82	gi|2221405403|ref|NR_175509.1|	93.275	461	29	2	4	463	341	800	0.0	678	2608404
482b022a339d1baf66eec70b3f492c82	gi|566085557|ref|NR_109628.1|	93.275	461	29	2	4	463	322	781	0.0	678	1177574
482b022a339d1baf66eec70b3f492c82	gi|631253107|ref|NR_114305.1|	93.275	461	29	2	4	463	341	800	0.0	678	1236518
482b022a339d1baf66eec70b3f492c82	gi|636560666|ref|NR_116726.1|	93.275	461	29	2	4	463	321	780	0.0	678	1236518
482b022a339d1baf66eec70b3f492c82	gi|631251926|ref|NR_113124.1|	92.842	461	31	2	4	463	341	800	0.0	667	28137
919ab6b5367c60666a573a504ac26670	gi|343198925|ref|NR_044049.1|	98.864	440	5	0	4	443	316	755	0.0	785	33043
919ab6b5367c60666a573a504ac26670	gi|2363086278|ref|NR_181391.1|	95.000	440	22	0	4	443	249	688	0.0	691	2763670
919ab6b5367c60666a573a504ac26670	gi|219856842|ref|NR_024661.1|	95.000	440	22	0	4	443	361	800	0.0	691	42322
919ab6b5367c60666a573a504ac26670	gi|559795169|ref|NR_104758.1|	94.773	440	23	0	4	443	345	784	0.0	686	1282887
919ab6b5367c60666a573a504ac26670	gi|631252121|ref|NR_113319.1|	94.545	440	24	0	4	443	350	789	0.0	680	645466
919ab6b5367c60666a573a504ac26670	gi|1384992332|ref|NR_156081.1|	94.318	440	25	0	4	443	336	775	0.0	675	1469948
919ab6b5367c60666a573a504ac26670	gi|1384992329|ref|NR_156078.1|	94.318	440	25	0	4	443	336	775	0.0	675	1469948
919ab6b5367c60666a573a504ac26670	gi|636560803|ref|NR_116863.1|	94.331	441	24	1	4	443	337	777	0.0	675	645466
919ab6b5367c60666a573a504ac26670	gi|3030611230|ref|NR_199906.1|	94.091	440	26	0	4	443	354	793	0.0	669	3123317
919ab6b5367c60666a573a504ac26670	gi|3030611314|ref|NR_199990.1|	94.091	440	26	0	4	443	350	789	0.0	669	3123317
2664a3e02da8a429aec8064bec481a57	gi|343198925|ref|NR_044049.1|	97.273	440	12	0	4	443	316	755	0.0	747	33043
2664a3e02da8a429aec8064bec481a57	gi|2363086278|ref|NR_181391.1|	94.773	440	23	0	4	443	249	688	0.0	686	2763670
2664a3e02da8a429aec8064bec481a57	gi|219856842|ref|NR_024661.1|	93.891	442	23	3	4	443	361	800	0.0	664	42322
2664a3e02da8a429aec8064bec481a57	gi|2363085925|ref|NR_181215.1|	93.636	440	28	0	4	443	331	770	0.0	658	2738446
2664a3e02da8a429aec8064bec481a57	gi|2136551593|ref|NR_173596.1|	93.665	442	25	3	4	443	301	741	0.0	658	1703332
2664a3e02da8a429aec8064bec481a57	gi|559795194|ref|NR_104783.1|	93.636	440	28	0	4	443	353	792	0.0	658	290052
2664a3e02da8a429aec8064bec481a57	gi|2363086282|ref|NR_181393.1|	93.424	441	27	2	4	443	290	729	0.0	652	2763664
2664a3e02da8a429aec8064bec481a57	gi|636560687|ref|NR_116747.1|	93.409	440	29	0	4	443	301	740	0.0	652	1298596
2664a3e02da8a429aec8064bec481a57	gi|2363080125|ref|NR_178281.1|	93.424	441	27	2	4	443	340	779	0.0	652	105843
2664a3e02da8a429aec8064bec481a57	gi|2363085149|ref|NR_180823.1|	93.197	441	28	2	4	443	357	796	0.0	647	2606634
07a6311ea7e0dc7404e68cf4dec029e3	gi|2363082282|ref|NR_179388.1|	99.091	440	4	0	4	443	335	774	0.0	791	2935520
07a6311ea7e0dc7404e68cf4dec029e3	gi|2363081451|ref|NR_178972.1|	98.409	440	7	0	4	443	285	724	0.0	774	1851428
07a6311ea7e0dc7404e68cf4dec029e3	gi|265678656|ref|NR_028961.1|	97.955	440	9	0	4	443	327	766	0.0	763	853
07a6311ea7e0dc7404e68cf4dec029e3	gi|2363080123|ref|NR_178280.1|	97.732	441	8	2	4	443	331	770	0.0	758	411483
07a6311ea7e0dc7404e68cf4dec029e3	gi|3030611269|ref|NR_199945.1|	97.506	441	9	2	4	443	335	774	0.0	752	3435293
07a6311ea7e0dc7404e68cf4dec029e3	gi|2363081449|ref|NR_178971.1|	97.279	441	9	3	4	443	285	723	0.0	745	1851427
07a6311ea7e0dc7404e68cf4dec029e3	gi|2363080175|ref|NR_178311.1|	95.918	441	16	2	4	443	412	851	0.0	713	2903556
07a6311ea7e0dc7404e68cf4dec029e3	gi|2363084747|ref|NR_180622.1|	93.182	440	30	0	4	443	335	774	0.0	647	2779354
07a6311ea7e0dc7404e68cf4dec029e3	gi|1397641802|ref|NR_156911.1|	92.744	441	30	2	4	443	351	790	0.0	636	1650663
07a6311ea7e0dc7404e68cf4dec029e3	gi|559795255|ref|NR_104846.1|	92.727	440	32	0	4	443	288	727	0.0	636	745368
f16d06e40d5e715ca6d38a6e38d05b51	gi|2621112340|ref|NR_189244.1|	95.475	442	20	0	4	445	363	804	0.0	706	3046382
f16d06e40d5e715ca6d38a6e38d05b51	gi|2621112341|ref|NR_189245.1|	95.249	442	21	0	4	445	363	804	0.0	701	3046383
f16d06e40d5e715ca6d38a6e38d05b51	gi|636559633|ref|NR_115693.1|	88.565	446	42	8	4	445	442	882	6.08e-151	532	694434
f16d06e40d5e715ca6d38a6e38d05b51	gi|636559632|ref|NR_115692.1|	88.565	446	42	8	4	445	442	882	6.08e-151	532	694434
f16d06e40d5e715ca6d38a6e38d05b51	gi|636559631|ref|NR_115691.1|	88.565	446	42	8	4	445	436	876	6.08e-151	532	694434
f16d06e40d5e715ca6d38a6e38d05b51	gi|636559630|ref|NR_115690.1|	88.565	446	42	8	4	445	448	888	6.08e-151	532	694434
f16d06e40d5e715ca6d38a6e38d05b51	gi|343198739|ref|NR_043559.1|	88.565	446	42	8	4	445	447	887	6.08e-151	532	694434
f16d06e40d5e715ca6d38a6e38d05b51	gi|2363081417|ref|NR_178955.1|	86.517	445	55	5	4	445	288	730	1.73e-136	484	1851429
f16d06e40d5e715ca6d38a6e38d05b51	gi|631251702|ref|NR_112900.1|	86.577	447	51	9	4	445	341	783	1.73e-136	484	626937
f16d06e40d5e715ca6d38a6e38d05b51	gi|645320092|ref|NR_117381.1|	86.547	446	49	10	4	445	347	785	2.23e-135	481	165813
6e9edf3763ba861a25c372ceb1479065	gi|2836274932|ref|NR_197695.1|	99.355	465	3	0	4	468	344	808	0.0	843	3053355
6e9edf3763ba861a25c372ceb1479065	gi|343198520|ref|NR_042776.1|	99.355	465	3	0	4	468	345	809	0.0	843	1304
6e9edf3763ba861a25c372ceb1479065	gi|343198522|ref|NR_042778.1|	99.140	465	4	0	4	468	345	809	0.0	837	1308
6e9edf3763ba861a25c372ceb1479065	gi|343198521|ref|NR_042777.1|	99.140	465	3	1	4	468	345	808	0.0	835	889206
6e9edf3763ba861a25c372ceb1479065	gi|645322192|ref|NR_118998.1|	98.710	465	6	0	4	468	340	804	0.0	826	1308
6e9edf3763ba861a25c372ceb1479065	gi|566084933|ref|NR_108477.1|	97.849	465	10	0	4	468	251	715	0.0	804	701526
6e9edf3763ba861a25c372ceb1479065	gi|645322122|ref|NR_118942.1|	97.210	466	11	2	4	468	243	707	0.0	804	889206
6e9edf3763ba861a25c372ceb1479065	gi|2363087357|ref|NR_181935.1|	97.419	465	12	0	4	468	355	819	0.0	793	2781599
6e9edf3763ba861a25c372ceb1479065	gi|2363086454|ref|NR_181481.1|	97.419	465	12	0	4	468	348	812	0.0	793	2781599
6e9edf3763ba861a25c372ceb1479065	gi|2363081939|ref|NR_179215.1|	97.419	465	12	0	4	468	336	800	0.0	793	1501662
93bde93ace5769b18fa9811ac0d7cfab	gi|631252213|ref|NR_113411.1|	98.478	460	7	0	4	463	341	800	0.0	811	537011
93bde93ace5769b18fa9811ac0d7cfab	gi|343200190|ref|NR_040877.1|	98.261	460	8	0	4	463	341	800	0.0	808	537011
93bde93ace5769b18fa9811ac0d7cfab	gi|2363084409|ref|NR_180452.1|	98.043	460	9	0	4	463	321	780	0.0	800	2518605
93bde93ace5769b18fa9811ac0d7cfab	gi|631251907|ref|NR_113105.1|	93.709	461	27	2	4	463	329	788	0.0	689	470565
93bde93ace5769b18fa9811ac0d7cfab	gi|265678842|ref|NR_029147.1|	93.737	463	23	6	4	463	344	803	0.0	689	28136
93bde93ace5769b18fa9811ac0d7cfab	gi|343199048|ref|NR_044407.1|	93.709	461	27	2	4	463	321	780	0.0	689	470565
93bde93ace5769b18fa9811ac0d7cfab	gi|631251922|ref|NR_113120.1|	93.521	463	24	6	4	463	339	798	0.0	684	28136
93bde93ace5769b18fa9811ac0d7cfab	gi|631251894|ref|NR_113092.1|	93.492	461	28	2	4	463	329	788	0.0	684	77768
93bde93ace5769b18fa9811ac0d7cfab	gi|219878161|ref|NR_025300.1|	93.492	461	28	2	4	463	341	800	0.0	684	77768
93bde93ace5769b18fa9811ac0d7cfab	gi|566085557|ref|NR_109628.1|	93.275	461	29	2	4	463	322	781	0.0	678	1177574
f64fc34ebfb5b21c40e0f05dc5460e14	gi|3030611230|ref|NR_199906.1|	96.818	440	14	0	4	443	354	793	0.0	736	3123317
f64fc34ebfb5b21c40e0f05dc5460e14	gi|3030611314|ref|NR_199990.1|	96.818	440	14	0	4	443	350	789	0.0	736	3123317
f64fc34ebfb5b21c40e0f05dc5460e14	gi|2363082679|ref|NR_179587.1|	96.818	440	14	0	4	443	328	767	0.0	736	1926283
f64fc34ebfb5b21c40e0f05dc5460e14	gi|1384992332|ref|NR_156081.1|	96.818	440	14	0	4	443	336	775	0.0	736	1469948
f64fc34ebfb5b21c40e0f05dc5460e14	gi|1384992331|ref|NR_156080.1|	96.818	440	14	0	4	443	336	775	0.0	736	1469948
f64fc34ebfb5b21c40e0f05dc5460e14	gi|1384992329|ref|NR_156078.1|	96.818	440	14	0	4	443	336	775	0.0	736	1469948
f64fc34ebfb5b21c40e0f05dc5460e14	gi|1384992328|ref|NR_156077.1|	96.818	440	14	0	4	443	336	775	0.0	736	1469948
f64fc34ebfb5b21c40e0f05dc5460e14	gi|2363085097|ref|NR_180797.1|	96.818	440	14	0	4	443	346	785	0.0	736	2605778
f64fc34ebfb5b21c40e0f05dc5460e14	gi|2363081854|ref|NR_179173.1|	96.818	440	14	0	4	443	333	772	0.0	736	2126740
f64fc34ebfb5b21c40e0f05dc5460e14	gi|2363083601|ref|NR_180048.1|	96.364	440	16	0	4	443	338	777	0.0	725	253257
2f1ffd824d64bbc4430cbb38f1dd0ae1	gi|343200903|ref|NR_041590.1|	99.140	465	4	0	4	468	140	604	0.0	837	742816
2f1ffd824d64bbc4430cbb38f1dd0ae1	gi|343199066|ref|NR_044473.1|	96.567	466	14	2	4	468	295	759	0.0	771	491921
2f1ffd824d64bbc4430cbb38f1dd0ae1	gi|219878375|ref|NR_025514.1|	94.218	467	23	4	4	468	335	799	0.0	710	158847
2f1ffd824d64bbc4430cbb38f1dd0ae1	gi|636558562|ref|NR_114619.1|	92.077	467	33	4	4	468	347	811	0.0	654	86956
2f1ffd824d64bbc4430cbb38f1dd0ae1	gi|645321057|ref|NR_118115.1|	91.863	467	34	4	4	468	345	809	0.0	649	1002795
2f1ffd824d64bbc4430cbb38f1dd0ae1	gi|559795237|ref|NR_104827.1|	91.863	467	34	4	4	468	339	803	0.0	649	86956
2f1ffd824d64bbc4430cbb38f1dd0ae1	gi|343203314|ref|NR_043658.1|	91.880	468	32	6	4	468	349	813	0.0	649	349096
2f1ffd824d64bbc4430cbb38f1dd0ae1	gi|645320513|ref|NR_117702.1|	91.649	467	35	4	4	468	318	782	0.0	643	865
2f1ffd824d64bbc4430cbb38f1dd0ae1	gi|343202547|ref|NR_042900.1|	91.435	467	36	4	4	468	225	689	0.0	640	259840
2f1ffd824d64bbc4430cbb38f1dd0ae1	gi|343205718|ref|NR_044111.1|	89.892	465	47	0	4	468	353	817	6.24e-171	599	416586
fb6512d62a52d9ccaec87952c4c9dc9a	gi|343200190|ref|NR_040877.1|	97.174	460	13	0	4	463	341	800	0.0	780	537011
fb6512d62a52d9ccaec87952c4c9dc9a	gi|631252213|ref|NR_113411.1|	97.174	460	13	0	4	463	341	800	0.0	778	537011
fb6512d62a52d9ccaec87952c4c9dc9a	gi|2363084409|ref|NR_180452.1|	96.304	460	17	0	4	463	321	780	0.0	756	2518605
fb6512d62a52d9ccaec87952c4c9dc9a	gi|631253107|ref|NR_114305.1|	92.842	461	31	2	4	463	341	800	0.0	667	1236518
fb6512d62a52d9ccaec87952c4c9dc9a	gi|631251922|ref|NR_113120.1|	92.873	463	27	6	4	463	339	798	0.0	667	28136
fb6512d62a52d9ccaec87952c4c9dc9a	gi|636560666|ref|NR_116726.1|	92.842	461	31	2	4	463	321	780	0.0	667	1236518
fb6512d62a52d9ccaec87952c4c9dc9a	gi|265678842|ref|NR_029147.1|	92.441	463	29	6	4	463	344	803	0.0	656	28136
fb6512d62a52d9ccaec87952c4c9dc9a	gi|507148088|ref|NR_102895.1|	92.191	461	34	2	4	463	349	808	0.0	651	553174
fb6512d62a52d9ccaec87952c4c9dc9a	gi|631251915|ref|NR_113113.1|	92.191	461	34	2	4	463	329	788	0.0	651	553174
fb6512d62a52d9ccaec87952c4c9dc9a	gi|631251907|ref|NR_113105.1|	92.241	464	28	7	4	463	329	788	0.0	651	470565
d8f70d28985877134b6e8ed2a873b5d6	gi|310975253|ref|NR_037117.1|	99.329	447	3	0	4	450	331	777	0.0	809	28026
d8f70d28985877134b6e8ed2a873b5d6	gi|631251581|ref|NR_112779.1|	99.329	447	3	0	4	450	331	777	0.0	809	1150460
d8f70d28985877134b6e8ed2a873b5d6	gi|343201160|ref|NR_041875.1|	99.329	447	3	0	4	450	310	756	0.0	809	1686
d8f70d28985877134b6e8ed2a873b5d6	gi|3248465902|ref|NR_201917.1|	98.881	447	5	0	4	450	338	784	0.0	798	3692808
d8f70d28985877134b6e8ed2a873b5d6	gi|310974989|ref|NR_036853.1|	98.434	447	7	0	4	450	330	776	0.0	787	1683
d8f70d28985877134b6e8ed2a873b5d6	gi|2363087083|ref|NR_181797.1|	97.991	448	7	2	4	450	250	696	0.0	776	2834432
d8f70d28985877134b6e8ed2a873b5d6	gi|636559583|ref|NR_115643.1|	97.991	448	7	2	4	450	248	694	0.0	776	78345
d8f70d28985877134b6e8ed2a873b5d6	gi|1269801543|ref|NR_074802.2|	97.773	449	8	2	4	450	341	789	0.0	773	367928
d8f70d28985877134b6e8ed2a873b5d6	gi|961555015|ref|NR_133982.1|	97.773	449	8	2	4	450	311	759	0.0	773	1680
d8f70d28985877134b6e8ed2a873b5d6	gi|645321680|ref|NR_118589.1|	97.773	449	8	2	4	450	335	783	0.0	773	1437612
455142664a0349f42d72c79073aa0f4d	gi|559795255|ref|NR_104846.1|	98.182	440	8	0	4	443	288	727	0.0	769	745368
455142664a0349f42d72c79073aa0f4d	gi|265678692|ref|NR_028997.1|	97.732	441	9	1	4	443	303	743	0.0	758	214851
455142664a0349f42d72c79073aa0f4d	gi|2363084747|ref|NR_180622.1|	93.864	440	27	0	4	443	335	774	0.0	664	2779354
455142664a0349f42d72c79073aa0f4d	gi|1397641802|ref|NR_156911.1|	93.409	440	29	0	4	443	351	790	0.0	652	1650663
455142664a0349f42d72c79073aa0f4d	gi|1277396189|ref|NR_151900.1|	92.955	440	31	0	4	443	351	790	0.0	641	1550024
455142664a0349f42d72c79073aa0f4d	gi|3030611269|ref|NR_199945.1|	92.727	440	32	0	4	443	335	774	0.0	636	3435293
455142664a0349f42d72c79073aa0f4d	gi|2363082282|ref|NR_179388.1|	92.727	440	32	0	4	443	335	774	0.0	636	2935520
455142664a0349f42d72c79073aa0f4d	gi|265678656|ref|NR_028961.1|	92.727	440	32	0	4	443	327	766	0.0	636	853
455142664a0349f42d72c79073aa0f4d	gi|2363082356|ref|NR_179425.1|	92.290	441	32	2	4	443	351	790	9.71e-179	625	1689304
455142664a0349f42d72c79073aa0f4d	gi|2363081451|ref|NR_178972.1|	92.273	440	34	0	4	443	285	724	9.71e-179	625	1851428
526d14fd27fbe5a6d12410049d5ecdf1	gi|2136551638|ref|NR_173642.1|	99.323	443	3	0	4	446	349	791	0.0	802	2678306
526d14fd27fbe5a6d12410049d5ecdf1	gi|219846340|ref|NR_025930.1|	97.297	444	9	3	4	446	296	737	0.0	750	40518
526d14fd27fbe5a6d12410049d5ecdf1	gi|2363084544|ref|NR_180520.1|	94.131	443	22	4	4	446	356	794	0.0	671	2564099
526d14fd27fbe5a6d12410049d5ecdf1	gi|2363082825|ref|NR_179661.1|	93.694	444	26	2	4	446	342	784	0.0	664	2086583
526d14fd27fbe5a6d12410049d5ecdf1	gi|2136551663|ref|NR_173668.1|	91.892	444	31	5	4	446	294	733	5.88e-176	616	2766537
526d14fd27fbe5a6d12410049d5ecdf1	gi|3248465687|ref|NR_201701.1|	90.519	443	42	0	4	446	330	772	4.61e-167	586	3435187
526d14fd27fbe5a6d12410049d5ecdf1	gi|3248465688|ref|NR_201702.1|	90.519	443	42	0	4	446	328	770	4.61e-167	586	3435000
526d14fd27fbe5a6d12410049d5ecdf1	gi|645321636|ref|NR_118554.1|	90.293	443	43	0	4	446	329	771	2.15e-165	580	1297617
526d14fd27fbe5a6d12410049d5ecdf1	gi|2180566484|ref|NR_174324.1|	90.293	443	40	2	4	446	346	785	2.78e-164	577	2576756
526d14fd27fbe5a6d12410049d5ecdf1	gi|636558732|ref|NR_114789.1|	90.293	443	40	3	4	446	347	786	2.78e-164	577	1535
dacc3bb252d5c748511be05e53da4c69	gi|2363082779|ref|NR_179638.1|	99.318	440	3	0	4	443	348	787	0.0	797	2040291
dacc3bb252d5c748511be05e53da4c69	gi|545589044|ref|NR_044645.2|	98.409	440	7	0	4	443	355	794	0.0	782	39486
dacc3bb252d5c748511be05e53da4c69	gi|1397641798|ref|NR_156907.1|	96.591	440	15	0	4	443	348	787	0.0	730	1912855
dacc3bb252d5c748511be05e53da4c69	gi|1109168038|ref|NR_144617.1|	96.591	440	15	0	4	443	340	779	0.0	730	1796634
dacc3bb252d5c748511be05e53da4c69	gi|2363086021|ref|NR_181263.1|	96.136	440	17	0	4	443	334	773	0.0	719	2726362
dacc3bb252d5c748511be05e53da4c69	gi|343203027|ref|NR_043551.1|	95.909	440	18	0	4	443	349	788	0.0	713	341220
dacc3bb252d5c748511be05e53da4c69	gi|3248465643|ref|NR_201655.1|	95.692	441	17	2	4	443	313	752	0.0	708	3380807
dacc3bb252d5c748511be05e53da4c69	gi|2136551567|ref|NR_173570.1|	95.692	441	17	2	4	443	330	769	0.0	708	1912090
dacc3bb252d5c748511be05e53da4c69	gi|2363082765|ref|NR_179631.1|	95.701	442	15	4	4	443	348	787	0.0	708	2014528
dacc3bb252d5c748511be05e53da4c69	gi|631253194|ref|NR_114392.1|	95.692	441	17	2	4	443	350	789	0.0	708	1544
f32d66acd3bde8db0ca6bec80bead5d0	gi|645320588|ref|NR_117758.1|	99.774	442	1	0	4	445	322	763	0.0	811	166486
f32d66acd3bde8db0ca6bec80bead5d0	gi|228716944|ref|NR_027557.1|	99.774	442	1	0	4	445	343	784	0.0	811	536231
f32d66acd3bde8db0ca6bec80bead5d0	gi|444439494|ref|NR_074809.1|	99.321	442	2	1	4	445	350	790	0.0	798	585394
f32d66acd3bde8db0ca6bec80bead5d0	gi|343201282|ref|NR_042008.1|	99.095	442	2	2	4	445	341	780	0.0	793	585394
f32d66acd3bde8db0ca6bec80bead5d0	gi|343198540|ref|NR_042832.1|	98.869	442	4	1	4	445	330	770	0.0	787	301302
f32d66acd3bde8db0ca6bec80bead5d0	gi|1227086116|ref|NR_148619.1|	98.420	443	5	2	4	445	301	742	0.0	778	1712665
f32d66acd3bde8db0ca6bec80bead5d0	gi|343201281|ref|NR_042007.1|	97.973	444	5	4	4	445	343	784	0.0	767	622312
f32d66acd3bde8db0ca6bec80bead5d0	gi|2363085153|ref|NR_180825.1|	97.738	442	9	1	4	445	347	787	0.0	760	2605790
f32d66acd3bde8db0ca6bec80bead5d0	gi|444304209|ref|NR_074634.1|	97.738	442	8	1	4	445	350	789	0.0	760	515619
f32d66acd3bde8db0ca6bec80bead5d0	gi|2363086282|ref|NR_181393.1|	97.511	442	9	1	4	445	290	729	0.0	754	2763664
3c2849405ce88ce90e035a48ef811525	gi|636558732|ref|NR_114789.1|	99.545	440	2	0	4	443	347	786	0.0	802	1535
3c2849405ce88ce90e035a48ef811525	gi|2363082767|ref|NR_179632.1|	94.545	440	24	0	4	443	337	776	0.0	680	2014781
3c2849405ce88ce90e035a48ef811525	gi|3248465687|ref|NR_201701.1|	94.357	443	22	1	4	443	330	772	0.0	676	3435187
3c2849405ce88ce90e035a48ef811525	gi|3248465688|ref|NR_201702.1|	94.357	443	22	1	4	443	328	770	0.0	676	3435000
3c2849405ce88ce90e035a48ef811525	gi|2836274967|ref|NR_197730.1|	93.636	440	28	0	4	443	312	751	0.0	658	3093658
3c2849405ce88ce90e035a48ef811525	gi|2180566484|ref|NR_174324.1|	93.636	440	28	0	4	443	346	785	0.0	658	2576756
3c2849405ce88ce90e035a48ef811525	gi|2836274966|ref|NR_197729.1|	93.409	440	29	0	4	443	304	743	0.0	652	3093657
3c2849405ce88ce90e035a48ef811525	gi|1109168013|ref|NR_144605.1|	93.409	440	29	0	4	443	367	806	0.0	652	1796620
3c2849405ce88ce90e035a48ef811525	gi|1116030278|ref|NR_144736.1|	93.409	440	29	0	4	443	360	799	0.0	652	1776382
3c2849405ce88ce90e035a48ef811525	gi|2363085985|ref|NR_181245.1|	93.409	440	29	0	4	443	284	723	0.0	652	2666138
70d037d3b56f0b9d7bcccdf26ad5d391	gi|343201281|ref|NR_042007.1|	99.321	442	3	0	4	445	343	784	0.0	800	622312
70d037d3b56f0b9d7bcccdf26ad5d391	gi|645320588|ref|NR_117758.1|	97.523	444	7	4	4	445	322	763	0.0	756	166486
70d037d3b56f0b9d7bcccdf26ad5d391	gi|228716944|ref|NR_027557.1|	97.523	444	7	4	4	445	343	784	0.0	756	536231
70d037d3b56f0b9d7bcccdf26ad5d391	gi|343198540|ref|NR_042832.1|	97.523	444	6	5	4	445	330	770	0.0	754	301302
70d037d3b56f0b9d7bcccdf26ad5d391	gi|444439494|ref|NR_074809.1|	97.072	444	8	5	4	445	350	790	0.0	743	585394
70d037d3b56f0b9d7bcccdf26ad5d391	gi|1227086116|ref|NR_148619.1|	96.854	445	8	6	4	445	301	742	0.0	739	1712665
70d037d3b56f0b9d7bcccdf26ad5d391	gi|343201282|ref|NR_042008.1|	96.847	444	8	6	4	445	341	780	0.0	737	585394
70d037d3b56f0b9d7bcccdf26ad5d391	gi|444304209|ref|NR_074634.1|	96.396	444	10	5	4	445	350	789	0.0	726	515619
70d037d3b56f0b9d7bcccdf26ad5d391	gi|2363086282|ref|NR_181393.1|	96.396	444	10	5	4	445	290	729	0.0	726	2763664
70d037d3b56f0b9d7bcccdf26ad5d391	gi|2363085153|ref|NR_180825.1|	95.721	444	14	5	4	445	347	787	0.0	710	2605790
b7717c21f8a641ea81f26ab825299299	gi|559795318|ref|NR_104911.1|	84.650	443	61	7	5	444	317	755	1.76e-121	435	758823
b7717c21f8a641ea81f26ab825299299	gi|2072685392|ref|NR_172568.1|	82.889	450	61	11	4	444	281	723	3.86e-108	390	2840444
b7717c21f8a641ea81f26ab825299299	gi|2296162895|ref|NR_177844.1|	82.851	449	63	11	4	444	281	723	3.86e-108	390	1620808
b7717c21f8a641ea81f26ab825299299	gi|2072685416|ref|NR_172571.1|	82.812	448	63	14	4	444	247	687	1.39e-107	388	2799739
b7717c21f8a641ea81f26ab825299299	gi|645320205|ref|NR_117466.1|	82.658	444	72	4	4	444	332	773	1.39e-107	388	699281
b7717c21f8a641ea81f26ab825299299	gi|636560609|ref|NR_116669.1|	82.658	444	72	5	4	444	289	730	1.39e-107	388	645887
b7717c21f8a641ea81f26ab825299299	gi|2296162896|ref|NR_177845.1|	82.667	450	62	11	4	444	281	723	1.80e-106	385	1620818
b7717c21f8a641ea81f26ab825299299	gi|2260349432|ref|NR_176514.1|	82.781	453	56	15	4	444	290	732	1.80e-106	385	2929987
b7717c21f8a641ea81f26ab825299299	gi|559795222|ref|NR_104811.1|	82.432	444	73	4	4	444	345	786	6.47e-106	383	937334
b7717c21f8a641ea81f26ab825299299	gi|645319812|ref|NR_117173.1|	82.432	444	73	4	4	444	343	784	6.47e-106	383	937334
b13d1b585f058ca20b5c991bc37f8eae	gi|1109168025|ref|NR_144611.1|	93.002	443	31	0	4	446	282	724	0.0	647	1417852
b13d1b585f058ca20b5c991bc37f8eae	gi|2363082168|ref|NR_179330.1|	93.018	444	28	3	4	446	327	768	0.0	645	2714355
b13d1b585f058ca20b5c991bc37f8eae	gi|2363082165|ref|NR_179329.1|	92.793	444	29	3	4	446	327	768	0.0	640	2714353
b13d1b585f058ca20b5c991bc37f8eae	gi|343206380|ref|NR_044972.1|	92.342	444	32	2	4	446	331	773	0.0	634	44749
b13d1b585f058ca20b5c991bc37f8eae	gi|3030611324|ref|NR_200000.1|	91.667	444	35	2	4	446	301	743	2.12e-175	614	3342383
b13d1b585f058ca20b5c991bc37f8eae	gi|2363082342|ref|NR_179418.1|	91.667	444	35	2	4	446	348	790	2.12e-175	614	1673721
b13d1b585f058ca20b5c991bc37f8eae	gi|219857437|ref|NR_025025.1|	91.441	444	34	4	4	446	332	772	7.61e-175	612	100176
b13d1b585f058ca20b5c991bc37f8eae	gi|2363082352|ref|NR_179423.1|	91.480	446	32	6	4	446	349	791	9.85e-174	608	1689270
b13d1b585f058ca20b5c991bc37f8eae	gi|645321636|ref|NR_118554.1|	91.461	445	34	4	4	446	329	771	9.85e-174	608	1297617
b13d1b585f058ca20b5c991bc37f8eae	gi|2363083800|ref|NR_180148.1|	90.991	444	38	2	4	446	349	791	2.13e-170	597	2211183
53a7c2a939dc9b92838fc3c5ceb3917a	gi|631252213|ref|NR_113411.1|	98.478	460	7	0	4	463	341	800	0.0	811	537011
53a7c2a939dc9b92838fc3c5ceb3917a	gi|343200190|ref|NR_040877.1|	98.261	460	8	0	4	463	341	800	0.0	808	537011
53a7c2a939dc9b92838fc3c5ceb3917a	gi|2363084409|ref|NR_180452.1|	98.043	460	9	0	4	463	321	780	0.0	800	2518605
53a7c2a939dc9b92838fc3c5ceb3917a	gi|631251907|ref|NR_113105.1|	93.709	461	27	2	4	463	329	788	0.0	689	470565
53a7c2a939dc9b92838fc3c5ceb3917a	gi|265678842|ref|NR_029147.1|	93.737	463	23	6	4	463	344	803	0.0	689	28136
53a7c2a939dc9b92838fc3c5ceb3917a	gi|343199048|ref|NR_044407.1|	93.709	461	27	2	4	463	321	780	0.0	689	470565
53a7c2a939dc9b92838fc3c5ceb3917a	gi|631251922|ref|NR_113120.1|	93.521	463	24	6	4	463	339	798	0.0	684	28136
53a7c2a939dc9b92838fc3c5ceb3917a	gi|631251894|ref|NR_113092.1|	93.492	461	28	2	4	463	329	788	0.0	684	77768
53a7c2a939dc9b92838fc3c5ceb3917a	gi|219878161|ref|NR_025300.1|	93.492	461	28	2	4	463	341	800	0.0	684	77768
53a7c2a939dc9b92838fc3c5ceb3917a	gi|566085557|ref|NR_109628.1|	93.275	461	29	2	4	463	322	781	0.0	678	1177574
e9b4bfcdff4d360610d00ac0f12f0f72	gi|559795255|ref|NR_104846.1|	99.318	440	3	0	4	443	288	727	0.0	797	745368
e9b4bfcdff4d360610d00ac0f12f0f72	gi|265678692|ref|NR_028997.1|	98.413	441	6	1	4	443	303	743	0.0	774	214851
e9b4bfcdff4d360610d00ac0f12f0f72	gi|2363084747|ref|NR_180622.1|	94.545	440	24	0	4	443	335	774	0.0	680	2779354
e9b4bfcdff4d360610d00ac0f12f0f72	gi|1277396189|ref|NR_151900.1|	93.636	440	28	0	4	443	351	790	0.0	658	1550024
e9b4bfcdff4d360610d00ac0f12f0f72	gi|1397641802|ref|NR_156911.1|	93.409	440	29	0	4	443	351	790	0.0	652	1650663
e9b4bfcdff4d360610d00ac0f12f0f72	gi|2363080123|ref|NR_178280.1|	92.727	440	32	0	4	443	331	770	0.0	636	411483
e9b4bfcdff4d360610d00ac0f12f0f72	gi|3030611269|ref|NR_199945.1|	92.500	440	33	0	4	443	335	774	2.09e-180	630	3435293
e9b4bfcdff4d360610d00ac0f12f0f72	gi|2363082356|ref|NR_179425.1|	92.517	441	31	2	4	443	351	790	2.09e-180	630	1689304
e9b4bfcdff4d360610d00ac0f12f0f72	gi|2363082282|ref|NR_179388.1|	92.500	440	33	0	4	443	335	774	2.09e-180	630	2935520
e9b4bfcdff4d360610d00ac0f12f0f72	gi|265678656|ref|NR_028961.1|	92.500	440	33	0	4	443	327	766	2.09e-180	630	853
68726c81fff2b99acac3f78053aaa911	gi|631253128|ref|NR_114326.1|	99.091	440	4	0	4	443	334	773	0.0	791	1150298
68726c81fff2b99acac3f78053aaa911	gi|2363087259|ref|NR_181885.1|	96.364	440	16	0	4	443	335	774	0.0	726	2885351
68726c81fff2b99acac3f78053aaa911	gi|974142252|ref|NR_134772.1|	96.136	440	17	0	4	443	297	736	0.0	719	1337051
68726c81fff2b99acac3f78053aaa911	gi|343205837|ref|NR_044289.1|	95.909	440	18	0	4	443	328	767	0.0	713	460384
68726c81fff2b99acac3f78053aaa911	gi|3030611230|ref|NR_199906.1|	95.682	440	19	0	4	443	354	793	0.0	708	3123317
68726c81fff2b99acac3f78053aaa911	gi|2363085103|ref|NR_180800.1|	95.682	440	19	0	4	443	347	786	0.0	708	2652274
68726c81fff2b99acac3f78053aaa911	gi|3030611314|ref|NR_199990.1|	95.682	440	19	0	4	443	350	789	0.0	708	3123317
68726c81fff2b99acac3f78053aaa911	gi|1384992331|ref|NR_156080.1|	95.682	440	19	0	4	443	336	775	0.0	708	1469948
68726c81fff2b99acac3f78053aaa911	gi|1384992328|ref|NR_156077.1|	95.682	440	19	0	4	443	336	775	0.0	708	1469948
68726c81fff2b99acac3f78053aaa911	gi|1116030273|ref|NR_144731.1|	95.682	440	19	0	4	443	347	786	0.0	708	1720294
abaa2a416c7904db7babf350e33975da	gi|444304189|ref|NR_074613.1|	94.318	440	25	0	4	443	350	789	0.0	675	515620
abaa2a416c7904db7babf350e33975da	gi|559795169|ref|NR_104758.1|	93.864	440	27	0	4	443	345	784	0.0	664	1282887
abaa2a416c7904db7babf350e33975da	gi|559795246|ref|NR_104836.1|	93.878	441	25	2	4	443	333	772	0.0	664	706562
abaa2a416c7904db7babf350e33975da	gi|219846511|ref|NR_026103.1|	93.864	440	27	0	4	443	316	755	0.0	664	37658
abaa2a416c7904db7babf350e33975da	gi|1277396381|ref|NR_152095.1|	93.636	440	28	0	4	443	348	787	0.0	658	1679721
abaa2a416c7904db7babf350e33975da	gi|645321749|ref|NR_118643.1|	93.636	440	28	0	4	443	254	693	0.0	658	1432052
abaa2a416c7904db7babf350e33975da	gi|631252121|ref|NR_113319.1|	93.409	440	29	0	4	443	350	789	0.0	652	645466
abaa2a416c7904db7babf350e33975da	gi|1277396183|ref|NR_151894.1|	93.409	440	29	0	4	443	335	774	0.0	652	433293
abaa2a416c7904db7babf350e33975da	gi|343202586|ref|NR_042953.1|	93.409	440	29	0	4	443	308	747	0.0	652	264463
abaa2a416c7904db7babf350e33975da	gi|2363085103|ref|NR_180800.1|	93.182	440	30	0	4	443	347	786	0.0	647	2652274
815cd6eade73f98d364497fcf152f25d	gi|2363082168|ref|NR_179330.1|	90.971	443	39	1	4	446	327	768	7.67e-170	595	2714355
815cd6eade73f98d364497fcf152f25d	gi|2363082165|ref|NR_179329.1|	90.787	445	36	5	4	446	327	768	3.57e-168	590	2714353
815cd6eade73f98d364497fcf152f25d	gi|2363082342|ref|NR_179418.1|	90.541	444	40	2	4	446	348	790	4.61e-167	586	1673721
815cd6eade73f98d364497fcf152f25d	gi|343206380|ref|NR_044972.1|	90.090	444	42	2	4	446	331	773	7.72e-165	579	44749
815cd6eade73f98d364497fcf152f25d	gi|1109168025|ref|NR_144611.1|	90.068	443	44	0	4	446	282	724	9.99e-164	575	1417852
815cd6eade73f98d364497fcf152f25d	gi|444304204|ref|NR_074629.1|	90.090	444	42	2	4	446	341	783	9.99e-164	575	1515
815cd6eade73f98d364497fcf152f25d	gi|631251959|ref|NR_113157.1|	90.090	444	42	2	4	446	341	783	9.99e-164	575	1515
815cd6eade73f98d364497fcf152f25d	gi|645321636|ref|NR_118554.1|	89.888	445	41	4	4	446	329	771	4.65e-162	569	1297617
815cd6eade73f98d364497fcf152f25d	gi|219857201|ref|NR_024829.1|	89.865	444	43	2	4	446	321	763	4.65e-162	569	253314
815cd6eade73f98d364497fcf152f25d	gi|3030611324|ref|NR_200000.1|	89.640	444	44	2	4	446	301	743	2.16e-160	564	3342383
89f73c8bd70e38ef7353c53bacfc030b	gi|2363086284|ref|NR_181394.1|	97.500	440	11	0	4	443	306	745	0.0	752	2763668
89f73c8bd70e38ef7353c53bacfc030b	gi|2136551633|ref|NR_173637.1|	97.045	440	13	0	4	443	294	733	0.0	741	2755051
89f73c8bd70e38ef7353c53bacfc030b	gi|1277396183|ref|NR_151894.1|	97.045	440	13	0	4	443	335	774	0.0	741	433293
89f73c8bd70e38ef7353c53bacfc030b	gi|2363085149|ref|NR_180823.1|	96.591	440	15	0	4	443	357	796	0.0	730	2606634
89f73c8bd70e38ef7353c53bacfc030b	gi|2363086282|ref|NR_181393.1|	96.591	440	15	0	4	443	290	729	0.0	730	2763664
89f73c8bd70e38ef7353c53bacfc030b	gi|559795194|ref|NR_104783.1|	96.591	440	15	0	4	443	353	792	0.0	730	290052
89f73c8bd70e38ef7353c53bacfc030b	gi|2363085153|ref|NR_180825.1|	96.372	441	15	1	4	443	347	787	0.0	725	2605790
89f73c8bd70e38ef7353c53bacfc030b	gi|219846511|ref|NR_026103.1|	96.136	440	17	0	4	443	316	755	0.0	719	37658
89f73c8bd70e38ef7353c53bacfc030b	gi|1277396184|ref|NR_151895.1|	96.136	440	17	0	4	443	336	775	0.0	719	433286
89f73c8bd70e38ef7353c53bacfc030b	gi|2363082059|ref|NR_179276.1|	95.909	440	18	0	4	443	334	773	0.0	713	2316025
0351bce4a9372f9f6c4be22cb5bb8f5a	gi|2363081451|ref|NR_178972.1|	99.773	440	1	0	4	443	285	724	0.0	808	1851428
0351bce4a9372f9f6c4be22cb5bb8f5a	gi|265678656|ref|NR_028961.1|	99.091	440	4	0	4	443	327	766	0.0	791	853
0351bce4a9372f9f6c4be22cb5bb8f5a	gi|2363082282|ref|NR_179388.1|	98.864	440	5	0	4	443	335	774	0.0	785	2935520
0351bce4a9372f9f6c4be22cb5bb8f5a	gi|2363080123|ref|NR_178280.1|	98.864	440	5	0	4	443	331	770	0.0	785	411483
0351bce4a9372f9f6c4be22cb5bb8f5a	gi|3030611269|ref|NR_199945.1|	98.636	440	6	0	4	443	335	774	0.0	780	3435293
0351bce4a9372f9f6c4be22cb5bb8f5a	gi|2363081449|ref|NR_178971.1|	98.409	440	6	1	4	443	285	723	0.0	773	1851427
0351bce4a9372f9f6c4be22cb5bb8f5a	gi|2363080175|ref|NR_178311.1|	96.818	440	14	0	4	443	412	851	0.0	736	2903556
0351bce4a9372f9f6c4be22cb5bb8f5a	gi|1397641802|ref|NR_156911.1|	92.955	440	31	0	4	443	351	790	0.0	641	1650663
0351bce4a9372f9f6c4be22cb5bb8f5a	gi|2363084747|ref|NR_180622.1|	92.955	440	31	0	4	443	335	774	0.0	641	2779354
0351bce4a9372f9f6c4be22cb5bb8f5a	gi|2363082356|ref|NR_179425.1|	92.744	441	30	2	4	443	351	790	0.0	636	1689304
babae188a18316503a09d5487837fc1c	gi|2363082168|ref|NR_179330.1|	90.971	443	39	1	4	446	327	768	7.67e-170	595	2714355
babae188a18316503a09d5487837fc1c	gi|2363082165|ref|NR_179329.1|	90.787	445	36	5	4	446	327	768	3.57e-168	590	2714353
babae188a18316503a09d5487837fc1c	gi|343206380|ref|NR_044972.1|	90.541	444	40	2	4	446	331	773	3.57e-168	590	44749
babae188a18316503a09d5487837fc1c	gi|2363082342|ref|NR_179418.1|	90.541	444	40	2	4	446	348	790	4.61e-167	586	1673721
babae188a18316503a09d5487837fc1c	gi|1109168025|ref|NR_144611.1|	90.068	443	44	0	4	446	282	724	9.99e-164	575	1417852
babae188a18316503a09d5487837fc1c	gi|219846512|ref|NR_026104.1|	90.090	444	42	2	4	446	312	754	9.99e-164	575	1121303
babae188a18316503a09d5487837fc1c	gi|219857201|ref|NR_024829.1|	90.090	444	42	2	4	446	321	763	9.99e-164	575	253314
babae188a18316503a09d5487837fc1c	gi|645321636|ref|NR_118554.1|	89.888	445	41	4	4	446	329	771	4.65e-162	569	1297617
babae188a18316503a09d5487837fc1c	gi|444304204|ref|NR_074629.1|	89.865	444	43	2	4	446	341	783	4.65e-162	569	1515
babae188a18316503a09d5487837fc1c	gi|631252162|ref|NR_113360.1|	89.865	444	43	2	4	446	339	781	4.65e-162	569	1121303
0e59040c1400b4bfbd7953c5fdae5b28	gi|444304189|ref|NR_074613.1|	98.864	440	5	0	4	443	350	789	0.0	785	515620
0e59040c1400b4bfbd7953c5fdae5b28	gi|559795246|ref|NR_104836.1|	95.909	440	18	0	4	443	333	772	0.0	713	706562
0e59040c1400b4bfbd7953c5fdae5b28	gi|559795169|ref|NR_104758.1|	95.455	440	20	0	4	443	345	784	0.0	702	1282887
0e59040c1400b4bfbd7953c5fdae5b28	gi|645321781|ref|NR_118667.1|	94.785	441	21	2	4	443	355	794	0.0	699	28052
0e59040c1400b4bfbd7953c5fdae5b28	gi|1277396183|ref|NR_151894.1|	93.409	440	29	0	4	443	335	774	0.0	652	433293
0e59040c1400b4bfbd7953c5fdae5b28	gi|343198925|ref|NR_044049.1|	93.409	440	29	0	4	443	316	755	0.0	652	33043
0e59040c1400b4bfbd7953c5fdae5b28	gi|645321783|ref|NR_118669.1|	92.500	440	33	0	4	443	355	794	0.0	647	39479
0e59040c1400b4bfbd7953c5fdae5b28	gi|343202586|ref|NR_042953.1|	93.197	441	28	2	4	443	308	747	0.0	647	264463
0e59040c1400b4bfbd7953c5fdae5b28	gi|219846511|ref|NR_026103.1|	92.955	440	31	0	4	443	316	755	0.0	641	37658
0e59040c1400b4bfbd7953c5fdae5b28	gi|219857405|ref|NR_024993.1|	92.971	441	29	2	4	443	349	788	0.0	641	99656
bdda68ea97eeed4e9e20ab3b94590d71	gi|219846519|ref|NR_026111.1|	99.355	465	3	0	4	468	339	803	0.0	843	33025
bdda68ea97eeed4e9e20ab3b94590d71	gi|631251704|ref|NR_112902.1|	93.348	466	29	2	4	468	427	891	0.0	688	626940
bdda68ea97eeed4e9e20ab3b94590d71	gi|2363082047|ref|NR_179270.1|	92.094	468	32	5	4	468	326	791	0.0	658	2654621
bdda68ea97eeed4e9e20ab3b94590d71	gi|2363082805|ref|NR_179651.1|	91.471	469	32	8	4	468	350	814	0.0	638	2058289
bdda68ea97eeed4e9e20ab3b94590d71	gi|2621112327|ref|NR_189230.1|	91.471	469	32	8	4	468	298	762	0.0	638	2897706
bdda68ea97eeed4e9e20ab3b94590d71	gi|343198461|ref|NR_041894.1|	91.435	467	36	4	4	468	286	750	0.0	638	187327
bdda68ea97eeed4e9e20ab3b94590d71	gi|2363082575|ref|NR_179534.1|	91.064	470	32	8	4	468	345	809	2.86e-179	627	1852375
bdda68ea97eeed4e9e20ab3b94590d71	gi|636558634|ref|NR_114691.1|	90.426	470	41	4	2	468	328	796	6.19e-176	616	78126
bdda68ea97eeed4e9e20ab3b94590d71	gi|645320469|ref|NR_117668.1|	90.129	466	45	1	4	468	341	806	1.34e-172	604	1337886
bdda68ea97eeed4e9e20ab3b94590d71	gi|645320468|ref|NR_117667.1|	90.129	466	45	1	4	468	339	804	1.34e-172	604	1337886
852d62b5e9fc4011b2a72de32630e032	gi|2363081451|ref|NR_178972.1|	99.318	440	3	0	4	443	285	724	0.0	797	1851428
852d62b5e9fc4011b2a72de32630e032	gi|265678656|ref|NR_028961.1|	98.636	440	6	0	4	443	327	766	0.0	780	853
852d62b5e9fc4011b2a72de32630e032	gi|2363082282|ref|NR_179388.1|	98.409	440	7	0	4	443	335	774	0.0	774	2935520
852d62b5e9fc4011b2a72de32630e032	gi|2363080123|ref|NR_178280.1|	98.409	440	7	0	4	443	331	770	0.0	774	411483
852d62b5e9fc4011b2a72de32630e032	gi|3030611269|ref|NR_199945.1|	98.182	440	8	0	4	443	335	774	0.0	769	3435293
852d62b5e9fc4011b2a72de32630e032	gi|2363081449|ref|NR_178971.1|	97.955	440	8	1	4	443	285	723	0.0	761	1851427
852d62b5e9fc4011b2a72de32630e032	gi|2363080175|ref|NR_178311.1|	96.364	440	16	0	4	443	412	851	0.0	725	2903556
852d62b5e9fc4011b2a72de32630e032	gi|1397641802|ref|NR_156911.1|	92.500	440	33	0	4	443	351	790	2.09e-180	630	1650663
852d62b5e9fc4011b2a72de32630e032	gi|2363084747|ref|NR_180622.1|	92.500	440	33	0	4	443	335	774	2.09e-180	630	2779354
852d62b5e9fc4011b2a72de32630e032	gi|2363082356|ref|NR_179425.1|	92.290	441	32	2	4	443	351	790	9.71e-179	625	1689304
432b6998121e5af698b47836065ffa6d	gi|343201281|ref|NR_042007.1|	99.548	442	2	0	4	445	343	784	0.0	806	622312
432b6998121e5af698b47836065ffa6d	gi|645320588|ref|NR_117758.1|	97.748	444	6	4	4	445	322	763	0.0	761	166486
432b6998121e5af698b47836065ffa6d	gi|228716944|ref|NR_027557.1|	97.748	444	6	4	4	445	343	784	0.0	761	536231
432b6998121e5af698b47836065ffa6d	gi|343198540|ref|NR_042832.1|	97.748	444	5	5	4	445	330	770	0.0	760	301302
432b6998121e5af698b47836065ffa6d	gi|444439494|ref|NR_074809.1|	97.297	444	7	5	4	445	350	790	0.0	749	585394
432b6998121e5af698b47836065ffa6d	gi|1227086116|ref|NR_148619.1|	97.079	445	7	6	4	445	301	742	0.0	745	1712665
432b6998121e5af698b47836065ffa6d	gi|343201282|ref|NR_042008.1|	97.072	444	7	6	4	445	341	780	0.0	743	585394
432b6998121e5af698b47836065ffa6d	gi|444304209|ref|NR_074634.1|	96.622	444	9	5	4	445	350	789	0.0	732	515619
432b6998121e5af698b47836065ffa6d	gi|2363086282|ref|NR_181393.1|	96.622	444	9	5	4	445	290	729	0.0	732	2763664
432b6998121e5af698b47836065ffa6d	gi|2363085153|ref|NR_180825.1|	95.946	444	13	5	4	445	347	787	0.0	715	2605790
ff796c33e9a81c4deb861c3f1dbd1431	gi|645321791|ref|NR_118675.1|	92.727	440	32	0	4	443	339	778	0.0	643	39492
ff796c33e9a81c4deb861c3f1dbd1431	gi|265678854|ref|NR_029160.1|	91.629	442	33	4	4	443	293	732	9.78e-174	608	40519
ff796c33e9a81c4deb861c3f1dbd1431	gi|3248465644|ref|NR_201656.1|	90.455	440	42	0	4	443	329	768	2.13e-165	580	3417633
ff796c33e9a81c4deb861c3f1dbd1431	gi|2136551683|ref|NR_173688.1|	90.455	440	42	0	4	443	321	760	2.13e-165	580	2780922
ff796c33e9a81c4deb861c3f1dbd1431	gi|1864207164|ref|NR_169458.1|	90.227	440	43	0	4	443	345	784	9.92e-164	575	2164149
ff796c33e9a81c4deb861c3f1dbd1431	gi|2363082601|ref|NR_179547.1|	90.249	441	41	2	4	443	347	786	9.92e-164	575	1870991
ff796c33e9a81c4deb861c3f1dbd1431	gi|507148077|ref|NR_102884.1|	90.000	440	44	0	4	443	331	770	4.61e-162	569	213810
ff796c33e9a81c4deb861c3f1dbd1431	gi|3248465648|ref|NR_201660.1|	89.545	440	46	0	4	443	319	758	9.99e-159	558	3417630
ff796c33e9a81c4deb861c3f1dbd1431	gi|444303976|ref|NR_074399.1|	89.545	440	46	0	4	443	333	772	9.99e-159	558	697329
ff796c33e9a81c4deb861c3f1dbd1431	gi|631251834|ref|NR_113032.1|	89.545	440	46	0	4	443	333	772	9.99e-159	558	1264
73569983c459ad443f4304587320b5af	gi|2363082841|ref|NR_179669.1|	99.355	465	3	0	4	468	360	824	0.0	843	2161821
73569983c459ad443f4304587320b5af	gi|2363082109|ref|NR_179301.1|	99.355	465	3	0	4	468	344	808	0.0	843	2582419
73569983c459ad443f4304587320b5af	gi|343200979|ref|NR_041666.1|	96.344	465	17	0	4	468	336	800	0.0	765	742743
73569983c459ad443f4304587320b5af	gi|343198671|ref|NR_043231.1|	95.064	466	21	2	4	468	283	747	0.0	732	308994
73569983c459ad443f4304587320b5af	gi|631252159|ref|NR_113357.1|	94.861	467	21	3	4	468	356	821	0.0	726	308994
73569983c459ad443f4304587320b5af	gi|631252158|ref|NR_113356.1|	93.978	465	27	1	4	468	355	818	0.0	702	309120
73569983c459ad443f4304587320b5af	gi|343198462|ref|NR_041895.1|	93.978	465	27	1	4	468	296	759	0.0	702	888062
73569983c459ad443f4304587320b5af	gi|631252157|ref|NR_113355.1|	93.790	467	25	4	4	468	356	820	0.0	699	218538
73569983c459ad443f4304587320b5af	gi|219846090|ref|NR_025680.1|	93.790	467	25	4	4	468	336	800	0.0	699	592028
73569983c459ad443f4304587320b5af	gi|631252179|ref|NR_113377.1|	92.144	471	25	11	4	468	353	817	0.0	654	103892
c1276343ff812a2d53c84d43fd4f8ebb	gi|343200903|ref|NR_041590.1|	99.785	465	1	0	4	468	140	604	0.0	854	742816
c1276343ff812a2d53c84d43fd4f8ebb	gi|343199066|ref|NR_044473.1|	97.210	466	11	2	4	468	295	759	0.0	787	491921
c1276343ff812a2d53c84d43fd4f8ebb	gi|219878375|ref|NR_025514.1|	94.861	467	20	4	4	468	335	799	0.0	726	158847
c1276343ff812a2d53c84d43fd4f8ebb	gi|636558562|ref|NR_114619.1|	92.719	467	30	4	4	468	347	811	0.0	671	86956
c1276343ff812a2d53c84d43fd4f8ebb	gi|645321057|ref|NR_118115.1|	92.505	467	31	4	4	468	345	809	0.0	665	1002795
c1276343ff812a2d53c84d43fd4f8ebb	gi|559795237|ref|NR_104827.1|	92.505	467	31	4	4	468	339	803	0.0	665	86956
c1276343ff812a2d53c84d43fd4f8ebb	gi|343203314|ref|NR_043658.1|	92.521	468	29	6	4	468	349	813	0.0	665	349096
c1276343ff812a2d53c84d43fd4f8ebb	gi|645320513|ref|NR_117702.1|	92.291	467	32	4	4	468	318	782	0.0	660	865
c1276343ff812a2d53c84d43fd4f8ebb	gi|343202547|ref|NR_042900.1|	92.077	467	33	4	4	468	225	689	0.0	656	259840
c1276343ff812a2d53c84d43fd4f8ebb	gi|343205718|ref|NR_044111.1|	90.538	465	44	0	4	468	353	817	6.19e-176	616	416586
e5220e70e87a0e4f4b862302041a4846	gi|559795255|ref|NR_104846.1|	98.409	440	7	0	4	443	288	727	0.0	774	745368
e5220e70e87a0e4f4b862302041a4846	gi|265678692|ref|NR_028997.1|	97.959	441	8	1	4	443	303	743	0.0	763	214851
e5220e70e87a0e4f4b862302041a4846	gi|2363084747|ref|NR_180622.1|	94.091	440	26	0	4	443	335	774	0.0	669	2779354
e5220e70e87a0e4f4b862302041a4846	gi|1397641802|ref|NR_156911.1|	93.636	440	28	0	4	443	351	790	0.0	658	1650663
e5220e70e87a0e4f4b862302041a4846	gi|1277396189|ref|NR_151900.1|	93.182	440	30	0	4	443	351	790	0.0	647	1550024
e5220e70e87a0e4f4b862302041a4846	gi|3030611269|ref|NR_199945.1|	92.955	440	31	0	4	443	335	774	0.0	641	3435293
e5220e70e87a0e4f4b862302041a4846	gi|2363082282|ref|NR_179388.1|	92.955	440	31	0	4	443	335	774	0.0	641	2935520
e5220e70e87a0e4f4b862302041a4846	gi|265678656|ref|NR_028961.1|	92.955	440	31	0	4	443	327	766	0.0	641	853
e5220e70e87a0e4f4b862302041a4846	gi|2363082356|ref|NR_179425.1|	92.517	441	31	2	4	443	351	790	2.09e-180	630	1689304
e5220e70e87a0e4f4b862302041a4846	gi|2363081451|ref|NR_178972.1|	92.500	440	33	0	4	443	285	724	2.09e-180	630	1851428
14e612e2d5b4b4d4aa412bb9eea189f4	gi|3030611230|ref|NR_199906.1|	96.818	440	14	0	4	443	354	793	0.0	736	3123317
14e612e2d5b4b4d4aa412bb9eea189f4	gi|3030611314|ref|NR_199990.1|	96.818	440	14	0	4	443	350	789	0.0	736	3123317
14e612e2d5b4b4d4aa412bb9eea189f4	gi|1384992331|ref|NR_156080.1|	96.818	440	14	0	4	443	336	775	0.0	736	1469948
14e612e2d5b4b4d4aa412bb9eea189f4	gi|1384992328|ref|NR_156077.1|	96.818	440	14	0	4	443	336	775	0.0	736	1469948
14e612e2d5b4b4d4aa412bb9eea189f4	gi|2363082679|ref|NR_179587.1|	96.591	440	15	0	4	443	328	767	0.0	730	1926283
14e612e2d5b4b4d4aa412bb9eea189f4	gi|1384992332|ref|NR_156081.1|	96.591	440	15	0	4	443	336	775	0.0	730	1469948
14e612e2d5b4b4d4aa412bb9eea189f4	gi|1384992329|ref|NR_156078.1|	96.591	440	15	0	4	443	336	775	0.0	730	1469948
14e612e2d5b4b4d4aa412bb9eea189f4	gi|2363081854|ref|NR_179173.1|	96.591	440	15	0	4	443	333	772	0.0	730	2126740
14e612e2d5b4b4d4aa412bb9eea189f4	gi|631253128|ref|NR_114326.1|	96.591	440	15	0	4	443	334	773	0.0	730	1150298
14e612e2d5b4b4d4aa412bb9eea189f4	gi|1193829153|ref|NR_147396.1|	96.136	440	17	0	4	443	328	767	0.0	719	1917870
0c5a005bdaa754731615cd69fdf30059	gi|2363080123|ref|NR_178280.1|	99.091	440	4	0	4	443	331	770	0.0	791	411483
0c5a005bdaa754731615cd69fdf30059	gi|3030611269|ref|NR_199945.1|	98.864	440	5	0	4	443	335	774	0.0	785	3435293
0c5a005bdaa754731615cd69fdf30059	gi|2363081449|ref|NR_178971.1|	98.636	440	5	1	4	443	285	723	0.0	778	1851427
0c5a005bdaa754731615cd69fdf30059	gi|265678656|ref|NR_028961.1|	98.409	440	7	0	4	443	327	766	0.0	774	853
0c5a005bdaa754731615cd69fdf30059	gi|2363081451|ref|NR_178972.1|	98.182	440	8	0	4	443	285	724	0.0	769	1851428
0c5a005bdaa754731615cd69fdf30059	gi|2363082282|ref|NR_179388.1|	97.506	441	9	2	4	443	335	774	0.0	752	2935520
0c5a005bdaa754731615cd69fdf30059	gi|2363080175|ref|NR_178311.1|	96.818	440	14	0	4	443	412	851	0.0	736	2903556
0c5a005bdaa754731615cd69fdf30059	gi|2363084747|ref|NR_180622.1|	93.651	441	26	2	4	443	335	774	0.0	658	2779354
0c5a005bdaa754731615cd69fdf30059	gi|559795255|ref|NR_104846.1|	93.409	440	29	0	4	443	288	727	0.0	652	745368
0c5a005bdaa754731615cd69fdf30059	gi|1277396189|ref|NR_151900.1|	92.955	440	31	0	4	443	351	790	0.0	641	1550024
f23246ec3baa10327dd1908601fbf2ac	gi|2621112340|ref|NR_189244.1|	93.034	445	26	5	4	446	363	804	0.0	645	3046382
f23246ec3baa10327dd1908601fbf2ac	gi|2621112341|ref|NR_189245.1|	92.809	445	27	5	4	446	363	804	0.0	640	3046383
f23246ec3baa10327dd1908601fbf2ac	gi|2363086262|ref|NR_181383.1|	89.238	446	43	5	4	446	307	750	4.68e-157	553	2763654
f23246ec3baa10327dd1908601fbf2ac	gi|2363086268|ref|NR_181386.1|	88.989	445	45	4	4	446	303	745	2.18e-155	547	2763655
f23246ec3baa10327dd1908601fbf2ac	gi|343205970|ref|NR_044489.1|	87.162	444	55	2	4	446	336	778	4.78e-142	503	857293
f23246ec3baa10327dd1908601fbf2ac	gi|1491509619|ref|NR_159150.1|	87.191	445	52	4	4	446	350	791	1.72e-141	501	489973
f23246ec3baa10327dd1908601fbf2ac	gi|559795176|ref|NR_104765.1|	86.937	444	56	2	4	446	323	765	2.22e-140	497	108007
f23246ec3baa10327dd1908601fbf2ac	gi|1491509615|ref|NR_159146.1|	86.937	444	55	3	4	446	348	789	8.00e-140	496	1715347
f23246ec3baa10327dd1908601fbf2ac	gi|645320205|ref|NR_117466.1|	86.937	444	55	3	4	446	332	773	8.00e-140	496	699281
f23246ec3baa10327dd1908601fbf2ac	gi|343199076|ref|NR_044503.1|	87.025	447	47	8	4	446	450	889	2.88e-139	494	520762
c10cc0a82ca98a61e80541befdd503df	gi|265678854|ref|NR_029160.1|	98.636	440	6	0	4	443	293	732	0.0	780	40519
c10cc0a82ca98a61e80541befdd503df	gi|507148077|ref|NR_102884.1|	94.796	442	19	4	4	443	331	770	0.0	686	213810
c10cc0a82ca98a61e80541befdd503df	gi|219846341|ref|NR_025931.1|	94.558	441	22	2	4	443	308	747	0.0	680	1265
c10cc0a82ca98a61e80541befdd503df	gi|636558832|ref|NR_114889.1|	94.118	442	21	5	4	443	277	715	0.0	667	213810
c10cc0a82ca98a61e80541befdd503df	gi|3248465648|ref|NR_201660.1|	93.905	443	21	5	4	443	319	758	0.0	664	3417630
c10cc0a82ca98a61e80541befdd503df	gi|3248465644|ref|NR_201656.1|	92.727	440	32	0	4	443	329	768	0.0	636	3417633
c10cc0a82ca98a61e80541befdd503df	gi|1864207164|ref|NR_169458.1|	91.422	443	32	5	4	443	345	784	4.55e-172	603	2164149
c10cc0a82ca98a61e80541befdd503df	gi|444303976|ref|NR_074399.1|	91.136	440	39	0	4	443	333	772	2.12e-170	597	697329
c10cc0a82ca98a61e80541befdd503df	gi|631251834|ref|NR_113032.1|	91.136	440	39	0	4	443	333	772	2.12e-170	597	1264
c10cc0a82ca98a61e80541befdd503df	gi|636559173|ref|NR_115230.1|	91.136	440	39	0	4	443	333	772	2.12e-170	597	697329
35e4be4daeb0d77d2f6153c2f2d918c3	gi|265678854|ref|NR_029160.1|	98.864	440	5	0	4	443	293	732	0.0	785	40519
35e4be4daeb0d77d2f6153c2f2d918c3	gi|507148077|ref|NR_102884.1|	95.023	442	18	4	4	443	331	770	0.0	691	213810
35e4be4daeb0d77d2f6153c2f2d918c3	gi|219846341|ref|NR_025931.1|	94.785	441	21	2	4	443	308	747	0.0	686	1265
35e4be4daeb0d77d2f6153c2f2d918c3	gi|636558832|ref|NR_114889.1|	94.344	442	20	5	4	443	277	715	0.0	673	213810
35e4be4daeb0d77d2f6153c2f2d918c3	gi|3248465648|ref|NR_201660.1|	94.131	443	20	5	4	443	319	758	0.0	669	3417630
35e4be4daeb0d77d2f6153c2f2d918c3	gi|3248465644|ref|NR_201656.1|	92.955	440	31	0	4	443	329	768	0.0	641	3417633
35e4be4daeb0d77d2f6153c2f2d918c3	gi|1864207164|ref|NR_169458.1|	91.648	443	31	5	4	443	345	784	9.78e-174	608	2164149
35e4be4daeb0d77d2f6153c2f2d918c3	gi|444303976|ref|NR_074399.1|	91.364	440	38	0	4	443	333	772	4.55e-172	603	697329
35e4be4daeb0d77d2f6153c2f2d918c3	gi|631251834|ref|NR_113032.1|	91.364	440	38	0	4	443	333	772	4.55e-172	603	1264
35e4be4daeb0d77d2f6153c2f2d918c3	gi|636559173|ref|NR_115230.1|	91.364	440	38	0	4	443	333	772	4.55e-172	603	697329
8383fa92ef4ebb05ef28df53706c22d1	gi|636558732|ref|NR_114789.1|	95.000	440	22	0	4	443	347	786	0.0	691	1535
8383fa92ef4ebb05ef28df53706c22d1	gi|1146059197|ref|NR_145929.1|	93.919	444	23	2	4	443	319	762	0.0	667	642589
8383fa92ef4ebb05ef28df53706c22d1	gi|3248465687|ref|NR_201701.1|	93.679	443	25	2	4	443	330	772	0.0	660	3435187
8383fa92ef4ebb05ef28df53706c22d1	gi|3248465688|ref|NR_201702.1|	93.679	443	25	2	4	443	328	770	0.0	660	3435000
8383fa92ef4ebb05ef28df53706c22d1	gi|2836274966|ref|NR_197729.1|	93.636	440	28	0	4	443	304	743	0.0	658	3093657
8383fa92ef4ebb05ef28df53706c22d1	gi|1193829157|ref|NR_147400.1|	93.182	440	30	0	4	443	339	778	0.0	647	1958780
8383fa92ef4ebb05ef28df53706c22d1	gi|2836274967|ref|NR_197730.1|	93.182	440	30	0	4	443	312	751	0.0	647	3093658
8383fa92ef4ebb05ef28df53706c22d1	gi|1116030278|ref|NR_144736.1|	93.182	440	30	0	4	443	360	799	0.0	647	1776382
8383fa92ef4ebb05ef28df53706c22d1	gi|2363082799|ref|NR_179648.1|	92.955	440	31	0	4	443	339	778	0.0	641	2045012
8383fa92ef4ebb05ef28df53706c22d1	gi|2180566484|ref|NR_174324.1|	92.955	440	31	0	4	443	346	785	0.0	641	2576756
962bebcdee56d67802b93dc8e7a3a8f2	gi|2363082569|ref|NR_179531.1|	94.820	444	19	4	4	445	347	788	0.0	689	1852369
962bebcdee56d67802b93dc8e7a3a8f2	gi|2363082168|ref|NR_179330.1|	94.570	442	24	0	4	445	327	768	0.0	684	2714355
962bebcdee56d67802b93dc8e7a3a8f2	gi|2363082165|ref|NR_179329.1|	94.344	442	25	0	4	445	327	768	0.0	678	2714353
962bebcdee56d67802b93dc8e7a3a8f2	gi|2363082342|ref|NR_179418.1|	93.905	443	26	1	4	445	348	790	0.0	667	1673721
962bebcdee56d67802b93dc8e7a3a8f2	gi|645321110|ref|NR_118156.1|	92.584	445	27	5	4	445	304	745	0.0	634	1007096
962bebcdee56d67802b93dc8e7a3a8f2	gi|1269801610|ref|NR_074793.2|	92.325	443	32	2	4	445	355	796	7.54e-180	628	351091
962bebcdee56d67802b93dc8e7a3a8f2	gi|343200653|ref|NR_041340.1|	92.325	443	32	2	4	445	328	769	7.54e-180	628	351091
962bebcdee56d67802b93dc8e7a3a8f2	gi|2260349448|ref|NR_176530.1|	91.910	445	30	5	4	445	358	799	1.63e-176	617	2093857
962bebcdee56d67802b93dc8e7a3a8f2	gi|2363084741|ref|NR_180619.1|	91.874	443	35	1	4	445	347	789	1.63e-176	617	2779352
962bebcdee56d67802b93dc8e7a3a8f2	gi|2363082559|ref|NR_179526.1|	91.910	445	30	5	4	445	349	790	1.63e-176	617	1841866
e8780a2936d093ddce8c91f60e657173	gi|343201004|ref|NR_041691.1|	98.257	459	8	0	4	462	335	793	0.0	804	544645
e8780a2936d093ddce8c91f60e657173	gi|2363083451|ref|NR_179974.1|	96.739	460	13	2	4	462	327	785	0.0	765	2093856
e8780a2936d093ddce8c91f60e657173	gi|2363082787|ref|NR_179642.1|	96.522	460	14	2	4	462	315	773	0.0	761	2042309
e8780a2936d093ddce8c91f60e657173	gi|1864207064|ref|NR_169358.1|	95.887	462	13	5	4	462	335	793	0.0	743	1720203
e8780a2936d093ddce8c91f60e657173	gi|699005326|ref|NR_126195.1|	95.455	462	15	5	4	462	335	793	0.0	732	1472417
e8780a2936d093ddce8c91f60e657173	gi|699005325|ref|NR_126194.1|	95.217	460	20	2	4	462	335	793	0.0	732	1472416
e8780a2936d093ddce8c91f60e657173	gi|3248465683|ref|NR_201697.1|	94.130	460	25	2	4	462	285	743	0.0	699	3378067
e8780a2936d093ddce8c91f60e657173	gi|343201003|ref|NR_041690.1|	92.826	460	31	2	4	462	333	791	0.0	665	544644
e8780a2936d093ddce8c91f60e657173	gi|1182956112|ref|NR_146820.1|	90.043	462	40	6	4	462	335	793	7.96e-170	595	1720195
e8780a2936d093ddce8c91f60e657173	gi|2363082669|ref|NR_179582.1|	89.371	461	45	4	4	462	315	773	2.88e-164	577	1917882
a9faea92463e57ac0d34832f9101858c	gi|343200591|ref|NR_041278.1|	99.348	460	3	0	4	463	339	798	0.0	833	470145
a9faea92463e57ac0d34832f9101858c	gi|2221405488|ref|NR_175548.1|	94.372	462	22	4	4	463	346	805	0.0	706	2739389
a9faea92463e57ac0d34832f9101858c	gi|2363082641|ref|NR_179567.1|	93.478	460	30	0	4	463	339	798	0.0	686	1907658
a9faea92463e57ac0d34832f9101858c	gi|1116030286|ref|NR_144744.1|	93.261	460	31	0	4	463	339	798	0.0	680	1841856
a9faea92463e57ac0d34832f9101858c	gi|2363082635|ref|NR_179564.1|	93.290	462	27	4	4	463	338	797	0.0	678	1903262
a9faea92463e57ac0d34832f9101858c	gi|343200590|ref|NR_041277.1|	93.043	460	32	0	4	463	339	798	0.0	673	484018
a9faea92463e57ac0d34832f9101858c	gi|631251740|ref|NR_112938.1|	92.857	462	29	4	4	463	326	785	0.0	667	204516
a9faea92463e57ac0d34832f9101858c	gi|343200761|ref|NR_041448.1|	92.842	461	31	2	4	463	322	781	0.0	667	376806
a9faea92463e57ac0d34832f9101858c	gi|343198509|ref|NR_042745.1|	92.857	462	29	4	4	463	338	797	0.0	667	204516
a9faea92463e57ac0d34832f9101858c	gi|1146059112|ref|NR_145844.1|	92.625	461	32	2	4	463	339	798	0.0	662	1411144
8dd6e63f29f7f3a755a3bd0b4134b672	gi|2136551638|ref|NR_173642.1|	99.097	443	4	0	4	446	349	791	0.0	797	2678306
8dd6e63f29f7f3a755a3bd0b4134b672	gi|219846340|ref|NR_025930.1|	97.072	444	10	3	4	446	296	737	0.0	745	40518
8dd6e63f29f7f3a755a3bd0b4134b672	gi|2363084544|ref|NR_180520.1|	93.905	443	23	4	4	446	356	794	0.0	665	2564099
8dd6e63f29f7f3a755a3bd0b4134b672	gi|2363082825|ref|NR_179661.1|	93.468	444	27	2	4	446	342	784	0.0	658	2086583
8dd6e63f29f7f3a755a3bd0b4134b672	gi|2136551663|ref|NR_173668.1|	91.667	444	32	5	4	446	294	733	2.74e-174	610	2766537
8dd6e63f29f7f3a755a3bd0b4134b672	gi|3248465687|ref|NR_201701.1|	90.293	443	43	0	4	446	330	772	2.15e-165	580	3435187
8dd6e63f29f7f3a755a3bd0b4134b672	gi|3248465688|ref|NR_201702.1|	90.293	443	43	0	4	446	328	770	2.15e-165	580	3435000
8dd6e63f29f7f3a755a3bd0b4134b672	gi|645321636|ref|NR_118554.1|	90.068	443	44	0	4	446	329	771	9.99e-164	575	1297617
8dd6e63f29f7f3a755a3bd0b4134b672	gi|2180566484|ref|NR_174324.1|	90.068	443	41	2	4	446	346	785	1.29e-162	571	2576756
8dd6e63f29f7f3a755a3bd0b4134b672	gi|636558732|ref|NR_114789.1|	90.068	443	41	3	4	446	347	786	1.29e-162	571	1535
e49e5cff308bba1136745694f655a198	gi|343198925|ref|NR_044049.1|	97.273	440	12	0	4	443	316	755	0.0	747	33043
e49e5cff308bba1136745694f655a198	gi|2363086278|ref|NR_181391.1|	94.773	440	23	0	4	443	249	688	0.0	686	2763670
e49e5cff308bba1136745694f655a198	gi|219856842|ref|NR_024661.1|	93.891	442	23	3	4	443	361	800	0.0	664	42322
e49e5cff308bba1136745694f655a198	gi|2363085925|ref|NR_181215.1|	93.636	440	28	0	4	443	331	770	0.0	658	2738446
e49e5cff308bba1136745694f655a198	gi|2136551593|ref|NR_173596.1|	93.665	442	25	3	4	443	301	741	0.0	658	1703332
e49e5cff308bba1136745694f655a198	gi|559795194|ref|NR_104783.1|	93.636	440	28	0	4	443	353	792	0.0	658	290052
e49e5cff308bba1136745694f655a198	gi|2363086282|ref|NR_181393.1|	93.424	441	27	2	4	443	290	729	0.0	652	2763664
e49e5cff308bba1136745694f655a198	gi|636560687|ref|NR_116747.1|	93.409	440	29	0	4	443	301	740	0.0	652	1298596
e49e5cff308bba1136745694f655a198	gi|2363080125|ref|NR_178281.1|	93.424	441	27	2	4	443	340	779	0.0	652	105843
e49e5cff308bba1136745694f655a198	gi|2363085149|ref|NR_180823.1|	93.197	441	28	2	4	443	357	796	0.0	647	2606634
5b30823a559ce53a48ee45a79ac097d0	gi|2363086274|ref|NR_181389.1|	89.165	443	43	5	4	444	295	734	2.17e-155	547	2763657
5b30823a559ce53a48ee45a79ac097d0	gi|1776910887|ref|NR_164620.1|	87.982	441	52	1	4	444	347	786	4.72e-147	520	2173034
5b30823a559ce53a48ee45a79ac097d0	gi|2363083221|ref|NR_179859.1|	87.982	441	52	1	4	444	347	786	4.72e-147	520	2078660
5b30823a559ce53a48ee45a79ac097d0	gi|3030611263|ref|NR_199939.1|	88.036	443	48	5	4	444	332	771	4.72e-147	520	3074434
5b30823a559ce53a48ee45a79ac097d0	gi|672239088|ref|NR_125677.1|	88.063	444	46	7	4	444	346	785	4.72e-147	520	1348613
5b30823a559ce53a48ee45a79ac097d0	gi|1116030284|ref|NR_144742.1|	87.838	444	50	4	4	444	352	794	1.70e-146	518	1805714
5b30823a559ce53a48ee45a79ac097d0	gi|2363084132|ref|NR_180315.1|	87.865	445	48	6	4	444	323	765	1.70e-146	518	2496273
5b30823a559ce53a48ee45a79ac097d0	gi|2363081254|ref|NR_178871.1|	87.783	442	52	2	4	444	337	777	6.11e-146	516	1792311
5b30823a559ce53a48ee45a79ac097d0	gi|2363086270|ref|NR_181387.1|	87.783	442	53	1	4	444	302	743	6.11e-146	516	2763656
5b30823a559ce53a48ee45a79ac097d0	gi|2363082625|ref|NR_179559.1|	87.557	442	53	2	4	444	333	773	2.84e-144	510	1871018
ae802f8fa2629e3f360810b4168b221c	gi|1193829158|ref|NR_147401.1|	99.140	465	4	0	4	468	332	796	0.0	839	1816689
ae802f8fa2629e3f360810b4168b221c	gi|219878461|ref|NR_025600.1|	98.065	465	9	0	4	468	302	766	0.0	809	234908
ae802f8fa2629e3f360810b4168b221c	gi|2363082045|ref|NR_179269.1|	95.064	466	21	2	4	468	320	784	0.0	734	2494234
ae802f8fa2629e3f360810b4168b221c	gi|1864207054|ref|NR_169348.1|	94.194	465	27	0	4	468	319	783	0.0	710	2584944
ae802f8fa2629e3f360810b4168b221c	gi|1193829159|ref|NR_147402.1|	94.218	467	23	3	4	468	332	796	0.0	710	1907660
ae802f8fa2629e3f360810b4168b221c	gi|2363082713|ref|NR_179604.1|	94.194	465	27	0	4	468	310	774	0.0	710	1944635
ae802f8fa2629e3f360810b4168b221c	gi|343200904|ref|NR_041591.1|	93.548	465	30	0	4	468	312	776	0.0	695	762967
ae802f8fa2629e3f360810b4168b221c	gi|645320614|ref|NR_117778.1|	93.576	467	26	3	4	468	293	757	0.0	693	40545
ae802f8fa2629e3f360810b4168b221c	gi|559795260|ref|NR_104851.1|	93.576	467	26	3	4	468	282	746	0.0	693	40545
ae802f8fa2629e3f360810b4168b221c	gi|1193829138|ref|NR_147381.1|	93.118	465	32	0	4	468	332	796	0.0	682	1852381
0874a05ce34e0aa2c45eeadb921599cd	gi|631251747|ref|NR_112945.1|	99.565	460	2	0	4	463	327	786	0.0	839	820
0874a05ce34e0aa2c45eeadb921599cd	gi|343200179|ref|NR_040866.1|	99.565	460	2	0	4	463	334	793	0.0	839	820
0874a05ce34e0aa2c45eeadb921599cd	gi|2363086550|ref|NR_181532.1|	99.130	460	4	0	4	463	322	781	0.0	828	2763025
0874a05ce34e0aa2c45eeadb921599cd	gi|2363082773|ref|NR_179635.1|	97.391	460	12	0	4	463	338	797	0.0	784	2024197
0874a05ce34e0aa2c45eeadb921599cd	gi|631251874|ref|NR_113072.1|	97.174	460	13	0	4	463	338	797	0.0	778	1236512
0874a05ce34e0aa2c45eeadb921599cd	gi|631251816|ref|NR_113014.1|	96.957	460	14	0	4	463	338	797	0.0	773	1236512
0874a05ce34e0aa2c45eeadb921599cd	gi|631251735|ref|NR_112933.1|	96.739	460	15	0	4	463	334	793	0.0	767	246787
0874a05ce34e0aa2c45eeadb921599cd	gi|343200620|ref|NR_041307.1|	96.522	460	16	0	4	463	334	793	0.0	761	329854
0874a05ce34e0aa2c45eeadb921599cd	gi|2363084421|ref|NR_180458.1|	96.304	460	17	0	4	463	340	799	0.0	756	2650157
0874a05ce34e0aa2c45eeadb921599cd	gi|2363082635|ref|NR_179564.1|	96.304	460	17	0	4	463	338	797	0.0	756	1903262
ce16f27948b4e12e5343d8ad77e62698	gi|2363084629|ref|NR_180563.1|	88.688	442	49	1	4	444	291	732	1.30e-152	538	2488810
ce16f27948b4e12e5343d8ad77e62698	gi|672238876|ref|NR_125464.1|	88.688	442	49	1	4	444	325	766	1.30e-152	538	1297424
ce16f27948b4e12e5343d8ad77e62698	gi|219846512|ref|NR_026104.1|	88.288	444	48	3	4	444	312	754	7.85e-150	529	1121303
ce16f27948b4e12e5343d8ad77e62698	gi|343200810|ref|NR_041497.1|	88.262	443	50	2	4	444	293	735	7.85e-150	529	396504
ce16f27948b4e12e5343d8ad77e62698	gi|645319803|ref|NR_117165.1|	88.235	442	51	1	4	444	476	917	2.82e-149	527	48256
ce16f27948b4e12e5343d8ad77e62698	gi|645319802|ref|NR_117164.1|	88.235	442	51	1	4	444	476	917	2.82e-149	527	48256
ce16f27948b4e12e5343d8ad77e62698	gi|645319800|ref|NR_117163.1|	88.235	442	51	1	4	444	445	886	2.82e-149	527	48256
ce16f27948b4e12e5343d8ad77e62698	gi|645319799|ref|NR_117162.1|	88.235	442	51	1	4	444	472	913	2.82e-149	527	48256
ce16f27948b4e12e5343d8ad77e62698	gi|785794309|ref|NG_041947.1|	88.036	443	51	2	4	444	469	911	3.65e-148	523	394503
ce16f27948b4e12e5343d8ad77e62698	gi|785497611|ref|NR_102768.2|	88.036	443	51	2	4	444	330	772	3.65e-148	523	1521
ae956214965c478958ee03cd3ca5b048	gi|2363082282|ref|NR_179388.1|	98.636	440	6	0	4	443	335	774	0.0	780	2935520
ae956214965c478958ee03cd3ca5b048	gi|2363081451|ref|NR_178972.1|	97.955	440	9	0	4	443	285	724	0.0	763	1851428
ae956214965c478958ee03cd3ca5b048	gi|265678656|ref|NR_028961.1|	97.500	440	11	0	4	443	327	766	0.0	752	853
ae956214965c478958ee03cd3ca5b048	gi|2363080123|ref|NR_178280.1|	97.279	441	10	2	4	443	331	770	0.0	747	411483
ae956214965c478958ee03cd3ca5b048	gi|3030611269|ref|NR_199945.1|	97.052	441	11	2	4	443	335	774	0.0	741	3435293
ae956214965c478958ee03cd3ca5b048	gi|2363081449|ref|NR_178971.1|	97.454	432	9	2	4	434	285	715	0.0	736	1851427
ae956214965c478958ee03cd3ca5b048	gi|2363080175|ref|NR_178311.1|	95.465	441	18	2	4	443	412	851	0.0	702	2903556
ae956214965c478958ee03cd3ca5b048	gi|2363084747|ref|NR_180622.1|	92.727	440	32	0	4	443	335	774	0.0	636	2779354
ae956214965c478958ee03cd3ca5b048	gi|1397641802|ref|NR_156911.1|	92.290	441	32	2	4	443	351	790	9.71e-179	625	1650663
ae956214965c478958ee03cd3ca5b048	gi|559795255|ref|NR_104846.1|	92.273	440	34	0	4	443	288	727	9.71e-179	625	745368
bedf6c94bf01de37550f2e927291155e	gi|2363082569|ref|NR_179531.1|	94.820	444	19	4	4	445	347	788	0.0	689	1852369
bedf6c94bf01de37550f2e927291155e	gi|2363082168|ref|NR_179330.1|	94.570	442	24	0	4	445	327	768	0.0	684	2714355
bedf6c94bf01de37550f2e927291155e	gi|2363082165|ref|NR_179329.1|	94.344	442	25	0	4	445	327	768	0.0	678	2714353
bedf6c94bf01de37550f2e927291155e	gi|2363082342|ref|NR_179418.1|	93.905	443	26	1	4	445	348	790	0.0	667	1673721
bedf6c94bf01de37550f2e927291155e	gi|645321110|ref|NR_118156.1|	92.584	445	27	5	4	445	304	745	0.0	634	1007096
bedf6c94bf01de37550f2e927291155e	gi|1269801610|ref|NR_074793.2|	92.325	443	32	2	4	445	355	796	7.54e-180	628	351091
bedf6c94bf01de37550f2e927291155e	gi|343200653|ref|NR_041340.1|	92.325	443	32	2	4	445	328	769	7.54e-180	628	351091
bedf6c94bf01de37550f2e927291155e	gi|2260349448|ref|NR_176530.1|	91.910	445	30	5	4	445	358	799	1.63e-176	617	2093857
bedf6c94bf01de37550f2e927291155e	gi|2363084741|ref|NR_180619.1|	91.874	443	35	1	4	445	347	789	1.63e-176	617	2779352
bedf6c94bf01de37550f2e927291155e	gi|2363082559|ref|NR_179526.1|	91.910	445	30	5	4	445	349	790	1.63e-176	617	1841866
8b34c34a597710a76922023dd5c470b6	gi|2363082282|ref|NR_179388.1|	99.318	440	3	0	4	443	335	774	0.0	797	2935520
8b34c34a597710a76922023dd5c470b6	gi|2363081451|ref|NR_178972.1|	98.636	440	6	0	4	443	285	724	0.0	780	1851428
8b34c34a597710a76922023dd5c470b6	gi|265678656|ref|NR_028961.1|	98.182	440	8	0	4	443	327	766	0.0	769	853
8b34c34a597710a76922023dd5c470b6	gi|2363080123|ref|NR_178280.1|	97.959	441	7	2	4	443	331	770	0.0	763	411483
8b34c34a597710a76922023dd5c470b6	gi|3030611269|ref|NR_199945.1|	97.732	441	8	2	4	443	335	774	0.0	758	3435293
8b34c34a597710a76922023dd5c470b6	gi|2363081449|ref|NR_178971.1|	97.506	441	8	3	4	443	285	723	0.0	750	1851427
8b34c34a597710a76922023dd5c470b6	gi|2363080175|ref|NR_178311.1|	96.145	441	15	2	4	443	412	851	0.0	719	2903556
8b34c34a597710a76922023dd5c470b6	gi|2363084747|ref|NR_180622.1|	93.409	440	29	0	4	443	335	774	0.0	652	2779354
8b34c34a597710a76922023dd5c470b6	gi|1397641802|ref|NR_156911.1|	92.971	441	29	2	4	443	351	790	0.0	641	1650663
8b34c34a597710a76922023dd5c470b6	gi|559795255|ref|NR_104846.1|	92.955	440	31	0	4	443	288	727	0.0	641	745368
f643512d3d603d64a95c791689c1d3bd	gi|343200190|ref|NR_040877.1|	98.478	460	7	0	4	463	341	800	0.0	813	537011
f643512d3d603d64a95c791689c1d3bd	gi|631252213|ref|NR_113411.1|	98.478	460	7	0	4	463	341	800	0.0	811	537011
f643512d3d603d64a95c791689c1d3bd	gi|2363084409|ref|NR_180452.1|	97.609	460	11	0	4	463	321	780	0.0	789	2518605
f643512d3d603d64a95c791689c1d3bd	gi|631251907|ref|NR_113105.1|	93.709	461	27	2	4	463	329	788	0.0	689	470565
f643512d3d603d64a95c791689c1d3bd	gi|343199048|ref|NR_044407.1|	93.709	461	27	2	4	463	321	780	0.0	689	470565
f643512d3d603d64a95c791689c1d3bd	gi|2221405403|ref|NR_175509.1|	93.275	461	29	2	4	463	341	800	0.0	678	2608404
f643512d3d603d64a95c791689c1d3bd	gi|566085557|ref|NR_109628.1|	93.275	461	29	2	4	463	322	781	0.0	678	1177574
f643512d3d603d64a95c791689c1d3bd	gi|631253107|ref|NR_114305.1|	93.275	461	29	2	4	463	341	800	0.0	678	1236518
f643512d3d603d64a95c791689c1d3bd	gi|636560666|ref|NR_116726.1|	93.275	461	29	2	4	463	321	780	0.0	678	1236518
f643512d3d603d64a95c791689c1d3bd	gi|631251926|ref|NR_113124.1|	92.842	461	31	2	4	463	341	800	0.0	667	28137
ec8f91bcf314c8a1ef99495d747e0f1b	gi|2363082165|ref|NR_179329.1|	93.228	443	29	1	4	446	327	768	0.0	651	2714353
ec8f91bcf314c8a1ef99495d747e0f1b	gi|343206380|ref|NR_044972.1|	93.002	443	31	0	4	446	331	773	0.0	651	44749
ec8f91bcf314c8a1ef99495d747e0f1b	gi|1109168025|ref|NR_144611.1|	92.777	443	32	0	4	446	282	724	0.0	641	1417852
ec8f91bcf314c8a1ef99495d747e0f1b	gi|645321636|ref|NR_118554.1|	92.793	444	30	2	4	446	329	771	0.0	641	1297617
ec8f91bcf314c8a1ef99495d747e0f1b	gi|2363082342|ref|NR_179418.1|	92.551	443	33	0	4	446	348	790	0.0	636	1673721
ec8f91bcf314c8a1ef99495d747e0f1b	gi|2363082168|ref|NR_179330.1|	92.551	443	32	1	4	446	327	768	0.0	634	2714355
ec8f91bcf314c8a1ef99495d747e0f1b	gi|2363082352|ref|NR_179423.1|	91.892	444	34	2	4	446	349	791	4.55e-177	619	1689270
ec8f91bcf314c8a1ef99495d747e0f1b	gi|3030611324|ref|NR_200000.1|	91.648	443	37	0	4	446	301	743	2.12e-175	614	3342383
ec8f91bcf314c8a1ef99495d747e0f1b	gi|1193829127|ref|NR_147370.1|	91.422	443	38	0	4	446	349	791	9.85e-174	608	1870988
ec8f91bcf314c8a1ef99495d747e0f1b	gi|2136551692|ref|NR_173697.1|	91.422	443	37	1	4	446	349	790	3.54e-173	606	2108523
20bf41effb8e9e3a15a975a247cc77e6	gi|631252118|ref|NR_113316.1|	99.320	441	3	0	4	444	327	767	0.0	798	74426
20bf41effb8e9e3a15a975a247cc77e6	gi|265678302|ref|NR_028604.1|	98.413	441	6	1	4	444	327	766	0.0	774	74426
20bf41effb8e9e3a15a975a247cc77e6	gi|1193829136|ref|NR_147379.1|	96.606	442	12	3	4	444	328	767	0.0	730	1907654
20bf41effb8e9e3a15a975a247cc77e6	gi|1193829156|ref|NR_147399.1|	95.692	441	18	1	4	444	328	767	0.0	708	1871016
20bf41effb8e9e3a15a975a247cc77e6	gi|1109167962|ref|NR_144579.1|	95.238	441	20	1	4	444	322	761	0.0	697	1232426
20bf41effb8e9e3a15a975a247cc77e6	gi|2363082368|ref|NR_179431.1|	95.011	441	21	1	4	444	328	767	0.0	691	1720204
20bf41effb8e9e3a15a975a247cc77e6	gi|631251967|ref|NR_113165.1|	95.011	441	21	1	4	444	328	767	0.0	691	147207
20bf41effb8e9e3a15a975a247cc77e6	gi|631251966|ref|NR_113164.1|	95.011	441	21	1	4	444	328	767	0.0	691	147206
20bf41effb8e9e3a15a975a247cc77e6	gi|2363084792|ref|NR_180644.1|	94.785	441	22	1	4	444	249	688	0.0	688	2603815
20bf41effb8e9e3a15a975a247cc77e6	gi|2363082703|ref|NR_179599.1|	94.570	442	21	3	4	444	308	747	0.0	680	1937461
7f1501ee136e0c0ff074e9dda298e2f1	gi|2363086264|ref|NR_181384.1|	87.302	441	55	1	4	444	250	689	4.76e-142	503	2763660
7f1501ee136e0c0ff074e9dda298e2f1	gi|3030611263|ref|NR_199939.1|	86.425	442	57	3	4	444	332	771	2.23e-135	481	3074434
7f1501ee136e0c0ff074e9dda298e2f1	gi|672239088|ref|NR_125677.1|	86.425	442	57	3	4	444	346	785	2.23e-135	481	1348613
7f1501ee136e0c0ff074e9dda298e2f1	gi|2363086274|ref|NR_181389.1|	86.230	443	56	5	4	444	295	734	1.04e-133	475	2763657
7f1501ee136e0c0ff074e9dda298e2f1	gi|1230874676|ref|NR_148837.1|	85.973	442	59	3	4	444	347	786	4.83e-132	470	1675854
7f1501ee136e0c0ff074e9dda298e2f1	gi|645320438|ref|NR_117645.1|	85.973	442	59	3	4	444	345	784	4.83e-132	470	1185412
7f1501ee136e0c0ff074e9dda298e2f1	gi|219846512|ref|NR_026104.1|	85.779	443	61	1	4	444	312	754	1.74e-131	468	1121303
7f1501ee136e0c0ff074e9dda298e2f1	gi|672238876|ref|NR_125464.1|	85.747	442	62	1	4	444	325	766	6.24e-131	466	1297424
7f1501ee136e0c0ff074e9dda298e2f1	gi|2363083221|ref|NR_179859.1|	85.714	441	62	1	4	444	347	786	2.24e-130	464	2078660
7f1501ee136e0c0ff074e9dda298e2f1	gi|3030611264|ref|NR_199940.1|	85.714	441	62	1	4	444	338	777	2.24e-130	464	3074433
6e8afbb44d0c373466ca66acceaa94f3	gi|2136551683|ref|NR_173688.1|	89.888	445	38	7	4	446	321	760	6.01e-161	566	2780922
6e8afbb44d0c373466ca66acceaa94f3	gi|3248465658|ref|NR_201672.1|	89.485	447	39	8	4	446	296	738	1.01e-158	558	3381350
6e8afbb44d0c373466ca66acceaa94f3	gi|2363082711|ref|NR_179603.1|	89.462	446	37	10	4	446	317	755	1.30e-157	555	1944642
6e8afbb44d0c373466ca66acceaa94f3	gi|265679047|ref|NR_029355.1|	89.213	445	41	7	4	446	332	771	6.05e-156	549	84026
6e8afbb44d0c373466ca66acceaa94f3	gi|2363086272|ref|NR_181388.1|	89.013	446	40	7	4	446	388	827	2.82e-154	544	2763658
6e8afbb44d0c373466ca66acceaa94f3	gi|2363082585|ref|NR_179539.1|	88.964	444	43	6	4	446	351	789	2.82e-154	544	1852384
6e8afbb44d0c373466ca66acceaa94f3	gi|343205927|ref|NR_044425.1|	89.038	447	38	10	4	446	346	785	2.82e-154	544	474960
6e8afbb44d0c373466ca66acceaa94f3	gi|785794309|ref|NG_041947.1|	88.713	443	50	0	4	446	469	911	1.01e-153	542	394503
6e8afbb44d0c373466ca66acceaa94f3	gi|785497611|ref|NR_102768.2|	88.713	443	50	0	4	446	330	772	1.01e-153	542	1521
6e8afbb44d0c373466ca66acceaa94f3	gi|559795314|ref|NR_104907.1|	88.739	444	46	4	4	446	315	755	3.64e-153	540	290054
1372abcfcb2b04aa3d35891ddf3b843f	gi|444304209|ref|NR_074634.1|	98.182	440	8	0	4	443	350	789	0.0	769	515619
1372abcfcb2b04aa3d35891ddf3b843f	gi|343198540|ref|NR_042832.1|	97.959	441	8	1	4	443	330	770	0.0	763	301302
1372abcfcb2b04aa3d35891ddf3b843f	gi|645320588|ref|NR_117758.1|	97.059	442	11	1	4	443	322	763	0.0	743	166486
1372abcfcb2b04aa3d35891ddf3b843f	gi|228716944|ref|NR_027557.1|	97.059	442	11	1	4	443	343	784	0.0	743	536231
1372abcfcb2b04aa3d35891ddf3b843f	gi|444439494|ref|NR_074809.1|	97.052	441	12	1	4	443	350	790	0.0	741	585394
1372abcfcb2b04aa3d35891ddf3b843f	gi|2363086282|ref|NR_181393.1|	96.818	440	14	0	4	443	290	729	0.0	736	2763664
1372abcfcb2b04aa3d35891ddf3b843f	gi|343201282|ref|NR_042008.1|	96.825	441	12	2	4	443	341	780	0.0	736	585394
1372abcfcb2b04aa3d35891ddf3b843f	gi|1227086116|ref|NR_148619.1|	96.606	442	13	2	4	443	301	742	0.0	732	1712665
1372abcfcb2b04aa3d35891ddf3b843f	gi|343201281|ref|NR_042007.1|	96.171	444	11	5	4	443	343	784	0.0	721	622312
1372abcfcb2b04aa3d35891ddf3b843f	gi|2363085149|ref|NR_180823.1|	95.909	440	18	0	4	443	357	796	0.0	713	2606634
4bbe34bfc6b7d1c856f99a7f1fe8074d	gi|2363082168|ref|NR_179330.1|	91.196	443	38	1	4	446	327	768	1.65e-171	601	2714355
4bbe34bfc6b7d1c856f99a7f1fe8074d	gi|2363082165|ref|NR_179329.1|	91.011	445	35	5	4	446	327	768	7.67e-170	595	2714353
4bbe34bfc6b7d1c856f99a7f1fe8074d	gi|2363082342|ref|NR_179418.1|	90.766	444	39	2	4	446	348	790	9.92e-169	592	1673721
4bbe34bfc6b7d1c856f99a7f1fe8074d	gi|343206380|ref|NR_044972.1|	90.315	444	41	2	4	446	331	773	1.66e-166	584	44749
4bbe34bfc6b7d1c856f99a7f1fe8074d	gi|1109168025|ref|NR_144611.1|	90.293	443	43	0	4	446	282	724	2.15e-165	580	1417852
4bbe34bfc6b7d1c856f99a7f1fe8074d	gi|444304204|ref|NR_074629.1|	90.315	444	41	2	4	446	341	783	2.15e-165	580	1515
4bbe34bfc6b7d1c856f99a7f1fe8074d	gi|631251959|ref|NR_113157.1|	90.315	444	41	2	4	446	341	783	2.15e-165	580	1515
4bbe34bfc6b7d1c856f99a7f1fe8074d	gi|645321636|ref|NR_118554.1|	90.112	445	40	4	4	446	329	771	9.99e-164	575	1297617
4bbe34bfc6b7d1c856f99a7f1fe8074d	gi|219857201|ref|NR_024829.1|	90.090	444	42	2	4	446	321	763	9.99e-164	575	253314
4bbe34bfc6b7d1c856f99a7f1fe8074d	gi|3030611324|ref|NR_200000.1|	89.865	444	43	2	4	446	301	743	4.65e-162	569	3342383
e47da54b1feea2be9de6a3478fe09494	gi|343201056|ref|NR_041743.1|	99.138	464	4	0	6	469	296	759	0.0	837	2094
e47da54b1feea2be9de6a3478fe09494	gi|219846397|ref|NR_025988.1|	98.707	464	6	0	6	469	301	764	0.0	824	29554
e47da54b1feea2be9de6a3478fe09494	gi|265678874|ref|NR_029180.1|	98.707	464	6	0	6	469	306	769	0.0	824	35769
e47da54b1feea2be9de6a3478fe09494	gi|2363087439|ref|NR_181978.1|	98.491	464	7	0	6	469	314	777	0.0	819	2499220
e47da54b1feea2be9de6a3478fe09494	gi|219857545|ref|NR_025133.1|	98.491	464	7	0	6	469	301	764	0.0	819	142649
e47da54b1feea2be9de6a3478fe09494	gi|219846444|ref|NR_026035.1|	97.845	464	10	0	6	469	299	762	0.0	802	51363
e47da54b1feea2be9de6a3478fe09494	gi|219846393|ref|NR_025984.1|	97.845	464	10	0	6	469	299	762	0.0	802	45363
e47da54b1feea2be9de6a3478fe09494	gi|631252490|ref|NR_113688.1|	97.629	464	11	0	6	469	307	770	0.0	797	2111
e47da54b1feea2be9de6a3478fe09494	gi|602267015|ref|NR_044673.2|	97.414	464	12	0	6	469	397	860	0.0	793	2111
e47da54b1feea2be9de6a3478fe09494	gi|219857390|ref|NR_024978.1|	96.552	464	16	0	6	469	299	762	0.0	771	92402
616d9afba328f56b099bb4cf8dadbc5c	gi|2363082168|ref|NR_179330.1|	90.971	443	39	1	4	446	327	768	7.67e-170	595	2714355
616d9afba328f56b099bb4cf8dadbc5c	gi|2363082165|ref|NR_179329.1|	90.787	445	36	5	4	446	327	768	3.57e-168	590	2714353
616d9afba328f56b099bb4cf8dadbc5c	gi|343206380|ref|NR_044972.1|	90.541	444	40	2	4	446	331	773	3.57e-168	590	44749
616d9afba328f56b099bb4cf8dadbc5c	gi|2363082342|ref|NR_179418.1|	90.541	444	40	2	4	446	348	790	4.61e-167	586	1673721
616d9afba328f56b099bb4cf8dadbc5c	gi|1109168025|ref|NR_144611.1|	90.068	443	44	0	4	446	282	724	9.99e-164	575	1417852
616d9afba328f56b099bb4cf8dadbc5c	gi|219846512|ref|NR_026104.1|	90.090	444	42	2	4	446	312	754	9.99e-164	575	1121303
616d9afba328f56b099bb4cf8dadbc5c	gi|219857201|ref|NR_024829.1|	90.090	444	42	2	4	446	321	763	9.99e-164	575	253314
616d9afba328f56b099bb4cf8dadbc5c	gi|645321636|ref|NR_118554.1|	89.888	445	41	4	4	446	329	771	4.65e-162	569	1297617
616d9afba328f56b099bb4cf8dadbc5c	gi|444304204|ref|NR_074629.1|	89.865	444	43	2	4	446	341	783	4.65e-162	569	1515
616d9afba328f56b099bb4cf8dadbc5c	gi|631252162|ref|NR_113360.1|	89.865	444	43	2	4	446	339	781	4.65e-162	569	1121303
c196ad963f19c53d71c6f535460600e5	gi|343200591|ref|NR_041278.1|	99.348	460	3	0	4	463	339	798	0.0	833	470145
c196ad963f19c53d71c6f535460600e5	gi|2221405488|ref|NR_175548.1|	94.372	462	22	4	4	463	346	805	0.0	706	2739389
c196ad963f19c53d71c6f535460600e5	gi|2363082641|ref|NR_179567.1|	93.478	460	30	0	4	463	339	798	0.0	686	1907658
c196ad963f19c53d71c6f535460600e5	gi|1116030286|ref|NR_144744.1|	93.261	460	31	0	4	463	339	798	0.0	680	1841856
c196ad963f19c53d71c6f535460600e5	gi|2363082635|ref|NR_179564.1|	93.290	462	27	4	4	463	338	797	0.0	678	1903262
c196ad963f19c53d71c6f535460600e5	gi|343200590|ref|NR_041277.1|	93.043	460	32	0	4	463	339	798	0.0	673	484018
c196ad963f19c53d71c6f535460600e5	gi|631251740|ref|NR_112938.1|	92.857	462	29	4	4	463	326	785	0.0	667	204516
c196ad963f19c53d71c6f535460600e5	gi|343200761|ref|NR_041448.1|	92.842	461	31	2	4	463	322	781	0.0	667	376806
c196ad963f19c53d71c6f535460600e5	gi|343198509|ref|NR_042745.1|	92.857	462	29	4	4	463	338	797	0.0	667	204516
c196ad963f19c53d71c6f535460600e5	gi|1146059112|ref|NR_145844.1|	92.625	461	32	2	4	463	339	798	0.0	662	1411144
70d93105d07d797b0cd775d11e91e1a7	gi|3030611230|ref|NR_199906.1|	97.727	440	10	0	4	443	354	793	0.0	758	3123317
70d93105d07d797b0cd775d11e91e1a7	gi|3030611314|ref|NR_199990.1|	97.727	440	10	0	4	443	350	789	0.0	758	3123317
70d93105d07d797b0cd775d11e91e1a7	gi|1384992331|ref|NR_156080.1|	97.727	440	10	0	4	443	336	775	0.0	758	1469948
70d93105d07d797b0cd775d11e91e1a7	gi|1384992328|ref|NR_156077.1|	97.727	440	10	0	4	443	336	775	0.0	758	1469948
70d93105d07d797b0cd775d11e91e1a7	gi|1384992332|ref|NR_156081.1|	97.500	440	11	0	4	443	336	775	0.0	752	1469948
70d93105d07d797b0cd775d11e91e1a7	gi|1384992329|ref|NR_156078.1|	97.500	440	11	0	4	443	336	775	0.0	752	1469948
70d93105d07d797b0cd775d11e91e1a7	gi|343201474|ref|NR_042200.1|	96.818	440	14	0	4	443	318	757	0.0	736	333367
70d93105d07d797b0cd775d11e91e1a7	gi|1193829153|ref|NR_147396.1|	96.599	441	13	2	4	443	328	767	0.0	730	1917870
70d93105d07d797b0cd775d11e91e1a7	gi|974142252|ref|NR_134772.1|	96.591	440	15	0	4	443	297	736	0.0	730	1337051
70d93105d07d797b0cd775d11e91e1a7	gi|343205837|ref|NR_044289.1|	96.591	440	15	0	4	443	328	767	0.0	730	460384
086ecc7b5edc8aec4d1b4014913c7a48	gi|2363082679|ref|NR_179587.1|	95.909	440	18	0	4	443	328	767	0.0	713	1926283
086ecc7b5edc8aec4d1b4014913c7a48	gi|1193829153|ref|NR_147396.1|	95.909	440	18	0	4	443	328	767	0.0	713	1917870
086ecc7b5edc8aec4d1b4014913c7a48	gi|2363081854|ref|NR_179173.1|	95.909	440	18	0	4	443	333	772	0.0	713	2126740
086ecc7b5edc8aec4d1b4014913c7a48	gi|2836274880|ref|NR_197643.1|	95.455	440	20	0	4	443	329	768	0.0	702	2962432
086ecc7b5edc8aec4d1b4014913c7a48	gi|1384992332|ref|NR_156081.1|	95.455	440	20	0	4	443	336	775	0.0	702	1469948
086ecc7b5edc8aec4d1b4014913c7a48	gi|1384992329|ref|NR_156078.1|	95.455	440	20	0	4	443	336	775	0.0	702	1469948
086ecc7b5edc8aec4d1b4014913c7a48	gi|2363080261|ref|NR_178356.1|	95.455	440	20	0	4	443	313	752	0.0	702	558153
086ecc7b5edc8aec4d1b4014913c7a48	gi|310975204|ref|NR_037068.1|	95.455	440	20	0	4	443	341	780	0.0	702	29375
086ecc7b5edc8aec4d1b4014913c7a48	gi|219846508|ref|NR_026100.1|	95.455	440	20	0	4	443	323	762	0.0	702	1286362
086ecc7b5edc8aec4d1b4014913c7a48	gi|343201474|ref|NR_042200.1|	95.455	440	20	0	4	443	318	757	0.0	702	333367
5889bbd6900fc11f1c6990f71afc6cc9	gi|645320588|ref|NR_117758.1|	99.095	442	4	0	4	445	322	763	0.0	795	166486
5889bbd6900fc11f1c6990f71afc6cc9	gi|228716944|ref|NR_027557.1|	99.095	442	4	0	4	445	343	784	0.0	795	536231
5889bbd6900fc11f1c6990f71afc6cc9	gi|444439494|ref|NR_074809.1|	98.643	442	5	1	4	445	350	790	0.0	782	585394
5889bbd6900fc11f1c6990f71afc6cc9	gi|343198540|ref|NR_042832.1|	98.643	442	5	1	4	445	330	770	0.0	782	301302
5889bbd6900fc11f1c6990f71afc6cc9	gi|343201282|ref|NR_042008.1|	98.416	442	5	2	4	445	341	780	0.0	776	585394
5889bbd6900fc11f1c6990f71afc6cc9	gi|1227086116|ref|NR_148619.1|	97.968	443	7	2	4	445	301	742	0.0	767	1712665
5889bbd6900fc11f1c6990f71afc6cc9	gi|343201281|ref|NR_042007.1|	97.748	444	6	4	4	445	343	784	0.0	761	622312
5889bbd6900fc11f1c6990f71afc6cc9	gi|444304209|ref|NR_074634.1|	97.511	442	9	1	4	445	350	789	0.0	754	515619
5889bbd6900fc11f1c6990f71afc6cc9	gi|2363085153|ref|NR_180825.1|	97.285	442	11	1	4	445	347	787	0.0	749	2605790
5889bbd6900fc11f1c6990f71afc6cc9	gi|2363086282|ref|NR_181393.1|	97.285	442	10	1	4	445	290	729	0.0	749	2763664
8c3a32928cf2c831c8411d244390222e	gi|2363085097|ref|NR_180797.1|	96.372	441	14	2	4	443	346	785	0.0	725	2605778
8c3a32928cf2c831c8411d244390222e	gi|2363082679|ref|NR_179587.1|	95.682	440	19	0	4	443	328	767	0.0	708	1926283
8c3a32928cf2c831c8411d244390222e	gi|2363081854|ref|NR_179173.1|	95.682	440	19	0	4	443	333	772	0.0	708	2126740
8c3a32928cf2c831c8411d244390222e	gi|645321072|ref|NR_118128.1|	95.475	442	16	4	4	443	174	613	0.0	702	1531
8c3a32928cf2c831c8411d244390222e	gi|631252212|ref|NR_113410.1|	95.475	442	16	4	4	443	257	696	0.0	702	208479
8c3a32928cf2c831c8411d244390222e	gi|219878428|ref|NR_025567.1|	95.475	442	16	4	4	443	348	787	0.0	702	208479
8c3a32928cf2c831c8411d244390222e	gi|2363082583|ref|NR_179538.1|	95.249	442	17	4	4	443	346	785	0.0	697	1852382
8c3a32928cf2c831c8411d244390222e	gi|545589118|ref|NR_044715.2|	95.011	441	20	2	4	443	355	794	0.0	693	1531
8c3a32928cf2c831c8411d244390222e	gi|631251457|ref|NR_112654.1|	95.011	441	20	2	4	443	338	777	0.0	693	1286362
8c3a32928cf2c831c8411d244390222e	gi|2363083601|ref|NR_180048.1|	95.000	440	22	0	4	443	338	777	0.0	691	253257
c8685cb1699aacad4c26d54be8ce9da7	gi|2363082569|ref|NR_179531.1|	95.045	444	18	4	4	445	347	788	0.0	695	1852369
c8685cb1699aacad4c26d54be8ce9da7	gi|2363082168|ref|NR_179330.1|	94.796	442	23	0	4	445	327	768	0.0	689	2714355
c8685cb1699aacad4c26d54be8ce9da7	gi|2363082165|ref|NR_179329.1|	94.570	442	24	0	4	445	327	768	0.0	684	2714353
c8685cb1699aacad4c26d54be8ce9da7	gi|1109168025|ref|NR_144611.1|	93.002	443	30	1	4	445	282	724	0.0	645	1417852
c8685cb1699aacad4c26d54be8ce9da7	gi|2136551692|ref|NR_173697.1|	92.760	442	32	0	4	445	349	790	0.0	640	2108523
c8685cb1699aacad4c26d54be8ce9da7	gi|3030611324|ref|NR_200000.1|	92.777	443	31	1	4	445	301	743	0.0	640	3342383
c8685cb1699aacad4c26d54be8ce9da7	gi|645321110|ref|NR_118156.1|	92.809	445	26	5	4	445	304	745	0.0	640	1007096
c8685cb1699aacad4c26d54be8ce9da7	gi|1269801610|ref|NR_074793.2|	92.551	443	31	2	4	445	355	796	0.0	634	351091
c8685cb1699aacad4c26d54be8ce9da7	gi|343200653|ref|NR_041340.1|	92.551	443	31	2	4	445	328	769	0.0	634	351091
c8685cb1699aacad4c26d54be8ce9da7	gi|2363082342|ref|NR_179418.1|	92.325	443	33	1	4	445	348	790	7.54e-180	628	1673721
b3e38d08bd47a8e9b9c3ce15030c4572	gi|2136551628|ref|NR_173632.1|	96.364	440	16	0	4	443	301	740	0.0	725	2068655
b3e38d08bd47a8e9b9c3ce15030c4572	gi|3030611230|ref|NR_199906.1|	96.364	440	16	0	4	443	354	793	0.0	725	3123317
b3e38d08bd47a8e9b9c3ce15030c4572	gi|3030611314|ref|NR_199990.1|	96.364	440	16	0	4	443	350	789	0.0	725	3123317
b3e38d08bd47a8e9b9c3ce15030c4572	gi|1384992331|ref|NR_156080.1|	96.364	440	16	0	4	443	336	775	0.0	725	1469948
b3e38d08bd47a8e9b9c3ce15030c4572	gi|1384992328|ref|NR_156077.1|	96.364	440	16	0	4	443	336	775	0.0	725	1469948
b3e38d08bd47a8e9b9c3ce15030c4572	gi|1384992332|ref|NR_156081.1|	96.136	440	17	0	4	443	336	775	0.0	719	1469948
b3e38d08bd47a8e9b9c3ce15030c4572	gi|1384992329|ref|NR_156078.1|	96.136	440	17	0	4	443	336	775	0.0	719	1469948
b3e38d08bd47a8e9b9c3ce15030c4572	gi|2363086292|ref|NR_181398.1|	95.909	440	18	0	4	443	299	738	0.0	713	2763667
b3e38d08bd47a8e9b9c3ce15030c4572	gi|2836274880|ref|NR_197643.1|	95.682	440	19	0	4	443	329	768	0.0	708	2962432
b3e38d08bd47a8e9b9c3ce15030c4572	gi|2363082679|ref|NR_179587.1|	95.682	440	19	0	4	443	328	767	0.0	708	1926283
dcc3a43bf86f1ebe6c686a3557c36ded	gi|631252118|ref|NR_113316.1|	99.773	441	1	0	4	444	327	767	0.0	809	74426
dcc3a43bf86f1ebe6c686a3557c36ded	gi|265678302|ref|NR_028604.1|	98.866	441	4	1	4	444	327	766	0.0	785	74426
dcc3a43bf86f1ebe6c686a3557c36ded	gi|1193829136|ref|NR_147379.1|	97.059	442	10	3	4	444	328	767	0.0	741	1907654
dcc3a43bf86f1ebe6c686a3557c36ded	gi|1193829156|ref|NR_147399.1|	96.145	441	16	1	4	444	328	767	0.0	719	1871016
dcc3a43bf86f1ebe6c686a3557c36ded	gi|1109167962|ref|NR_144579.1|	95.692	441	18	1	4	444	322	761	0.0	708	1232426
dcc3a43bf86f1ebe6c686a3557c36ded	gi|2363082368|ref|NR_179431.1|	95.465	441	19	1	4	444	328	767	0.0	702	1720204
dcc3a43bf86f1ebe6c686a3557c36ded	gi|631251967|ref|NR_113165.1|	95.465	441	19	1	4	444	328	767	0.0	702	147207
dcc3a43bf86f1ebe6c686a3557c36ded	gi|631251966|ref|NR_113164.1|	95.465	441	19	1	4	444	328	767	0.0	702	147206
dcc3a43bf86f1ebe6c686a3557c36ded	gi|2363084792|ref|NR_180644.1|	95.238	441	20	1	4	444	249	688	0.0	699	2603815
dcc3a43bf86f1ebe6c686a3557c36ded	gi|2363082703|ref|NR_179599.1|	95.023	442	19	3	4	444	308	747	0.0	691	1937461
da32b4ae16d98a133cdf9a6810de81a6	gi|2363080123|ref|NR_178280.1|	99.318	440	3	0	4	443	331	770	0.0	797	411483
da32b4ae16d98a133cdf9a6810de81a6	gi|2363081449|ref|NR_178971.1|	98.864	440	4	1	4	443	285	723	0.0	784	1851427
da32b4ae16d98a133cdf9a6810de81a6	gi|265678656|ref|NR_028961.1|	98.636	440	6	0	4	443	327	766	0.0	780	853
da32b4ae16d98a133cdf9a6810de81a6	gi|2363081451|ref|NR_178972.1|	98.409	440	7	0	4	443	285	724	0.0	774	1851428
da32b4ae16d98a133cdf9a6810de81a6	gi|3030611269|ref|NR_199945.1|	98.182	440	8	0	4	443	335	774	0.0	769	3435293
da32b4ae16d98a133cdf9a6810de81a6	gi|2363082282|ref|NR_179388.1|	97.732	441	8	2	4	443	335	774	0.0	758	2935520
da32b4ae16d98a133cdf9a6810de81a6	gi|2363080175|ref|NR_178311.1|	97.045	440	13	0	4	443	412	851	0.0	741	2903556
da32b4ae16d98a133cdf9a6810de81a6	gi|2363084747|ref|NR_180622.1|	93.002	443	25	5	4	443	335	774	0.0	641	2779354
da32b4ae16d98a133cdf9a6810de81a6	gi|1277396189|ref|NR_151900.1|	92.727	440	32	0	4	443	351	790	0.0	636	1550024
da32b4ae16d98a133cdf9a6810de81a6	gi|559795255|ref|NR_104846.1|	92.727	440	32	0	4	443	288	727	0.0	636	745368
8278519e188f6a4633b2d8d2fd439ea6	gi|636560108|ref|NR_116168.1|	99.570	465	2	0	4	468	335	799	0.0	848	888828
8278519e188f6a4633b2d8d2fd439ea6	gi|343202529|ref|NR_042878.1|	99.570	465	2	0	4	468	314	778	0.0	848	888828
8278519e188f6a4633b2d8d2fd439ea6	gi|645321895|ref|NR_118762.1|	98.488	463	7	0	6	468	340	802	0.0	828	888828
8278519e188f6a4633b2d8d2fd439ea6	gi|645321093|ref|NR_118143.1|	98.280	465	8	0	4	468	316	780	0.0	817	1035839
8278519e188f6a4633b2d8d2fd439ea6	gi|219878284|ref|NR_025423.1|	97.634	465	11	0	4	468	319	783	0.0	798	249188
8278519e188f6a4633b2d8d2fd439ea6	gi|3248465850|ref|NR_201865.1|	96.360	467	13	4	4	468	261	725	0.0	765	3414265
8278519e188f6a4633b2d8d2fd439ea6	gi|343202522|ref|NR_042871.1|	96.129	465	18	0	4	468	316	780	0.0	763	123820
8278519e188f6a4633b2d8d2fd439ea6	gi|1491522540|ref|NR_159347.1|	96.129	465	18	0	4	468	340	804	0.0	763	28161
8278519e188f6a4633b2d8d2fd439ea6	gi|694281134|ref|NR_115546.2|	96.146	467	14	4	4	468	344	808	0.0	760	715
8278519e188f6a4633b2d8d2fd439ea6	gi|636559161|ref|NR_115218.1|	96.146	467	14	4	4	468	314	778	0.0	760	157339
c2b7fc889481ab629c618ed5a1e16d8b	gi|2363082569|ref|NR_179531.1|	98.869	442	5	0	4	445	347	788	0.0	789	1852369
c2b7fc889481ab629c618ed5a1e16d8b	gi|1269801610|ref|NR_074793.2|	94.118	442	26	0	4	445	355	796	0.0	673	351091
c2b7fc889481ab629c618ed5a1e16d8b	gi|343200653|ref|NR_041340.1|	94.118	442	26	0	4	445	328	769	0.0	673	351091
c2b7fc889481ab629c618ed5a1e16d8b	gi|2260349448|ref|NR_176530.1|	93.891	442	27	0	4	445	358	799	0.0	667	2093857
c2b7fc889481ab629c618ed5a1e16d8b	gi|2363082559|ref|NR_179526.1|	93.891	442	27	0	4	445	349	790	0.0	667	1841866
c2b7fc889481ab629c618ed5a1e16d8b	gi|645321110|ref|NR_118156.1|	93.665	442	28	0	4	445	304	745	0.0	662	1007096
c2b7fc889481ab629c618ed5a1e16d8b	gi|2962412234|ref|NR_199428.1|	92.986	442	31	0	4	445	352	793	0.0	645	3073143
c2b7fc889481ab629c618ed5a1e16d8b	gi|2363082170|ref|NR_179331.1|	92.777	443	31	1	4	445	328	770	0.0	640	2714358
c2b7fc889481ab629c618ed5a1e16d8b	gi|2363082168|ref|NR_179330.1|	92.568	444	29	4	4	445	327	768	0.0	634	2714355
c2b7fc889481ab629c618ed5a1e16d8b	gi|2363087001|ref|NR_181757.1|	92.342	444	30	4	4	445	289	730	7.54e-180	628	2841504
1f8199eb66f69a9efea5af1f614232c6	gi|310975253|ref|NR_037117.1|	99.105	447	4	0	4	450	331	777	0.0	804	28026
1f8199eb66f69a9efea5af1f614232c6	gi|631251581|ref|NR_112779.1|	99.105	447	4	0	4	450	331	777	0.0	804	1150460
1f8199eb66f69a9efea5af1f614232c6	gi|343201160|ref|NR_041875.1|	99.105	447	4	0	4	450	310	756	0.0	804	1686
1f8199eb66f69a9efea5af1f614232c6	gi|3248465902|ref|NR_201917.1|	98.658	447	6	0	4	450	338	784	0.0	793	3692808
1f8199eb66f69a9efea5af1f614232c6	gi|310974989|ref|NR_036853.1|	98.210	447	8	0	4	450	330	776	0.0	782	1683
1f8199eb66f69a9efea5af1f614232c6	gi|2363087083|ref|NR_181797.1|	97.768	448	8	2	4	450	250	696	0.0	771	2834432
1f8199eb66f69a9efea5af1f614232c6	gi|636559583|ref|NR_115643.1|	97.768	448	8	2	4	450	248	694	0.0	771	78345
1f8199eb66f69a9efea5af1f614232c6	gi|1269801543|ref|NR_074802.2|	97.550	449	9	2	4	450	341	789	0.0	767	367928
1f8199eb66f69a9efea5af1f614232c6	gi|961555015|ref|NR_133982.1|	97.550	449	9	2	4	450	311	759	0.0	767	1680
1f8199eb66f69a9efea5af1f614232c6	gi|645321680|ref|NR_118589.1|	97.550	449	9	2	4	450	335	783	0.0	767	1437612
4917b70dde878b63ff2e883740b206f1	gi|2363082282|ref|NR_179388.1|	98.864	440	5	0	4	443	335	774	0.0	785	2935520
4917b70dde878b63ff2e883740b206f1	gi|2363081451|ref|NR_178972.1|	98.182	440	8	0	4	443	285	724	0.0	769	1851428
4917b70dde878b63ff2e883740b206f1	gi|265678656|ref|NR_028961.1|	97.727	440	10	0	4	443	327	766	0.0	758	853
4917b70dde878b63ff2e883740b206f1	gi|2363080123|ref|NR_178280.1|	97.506	441	9	2	4	443	331	770	0.0	752	411483
4917b70dde878b63ff2e883740b206f1	gi|3030611269|ref|NR_199945.1|	97.279	441	10	2	4	443	335	774	0.0	747	3435293
4917b70dde878b63ff2e883740b206f1	gi|2363081449|ref|NR_178971.1|	97.052	441	10	3	4	443	285	723	0.0	739	1851427
4917b70dde878b63ff2e883740b206f1	gi|2363080175|ref|NR_178311.1|	95.692	441	17	2	4	443	412	851	0.0	708	2903556
4917b70dde878b63ff2e883740b206f1	gi|2363084747|ref|NR_180622.1|	92.955	440	31	0	4	443	335	774	0.0	641	2779354
4917b70dde878b63ff2e883740b206f1	gi|1397641802|ref|NR_156911.1|	92.517	441	31	2	4	443	351	790	2.09e-180	630	1650663
4917b70dde878b63ff2e883740b206f1	gi|559795255|ref|NR_104846.1|	92.500	440	33	0	4	443	288	727	2.09e-180	630	745368
e78fd4b32a4857248a426f1f15620cc9	gi|343205678|ref|NR_044054.1|	99.091	440	4	0	4	443	297	736	0.0	791	1121115
e78fd4b32a4857248a426f1f15620cc9	gi|631253117|ref|NR_114315.1|	98.864	440	5	0	4	443	336	775	0.0	787	649762
e78fd4b32a4857248a426f1f15620cc9	gi|2363082685|ref|NR_179590.1|	98.639	441	5	1	4	443	327	767	0.0	782	1936059
e78fd4b32a4857248a426f1f15620cc9	gi|219846722|ref|NR_026314.1|	97.045	440	13	0	4	443	330	769	0.0	741	53443
e78fd4b32a4857248a426f1f15620cc9	gi|219846720|ref|NR_026312.1|	96.591	440	15	0	4	443	327	766	0.0	732	180164
e78fd4b32a4857248a426f1f15620cc9	gi|2363084170|ref|NR_180334.1|	96.591	440	15	0	4	443	253	692	0.0	730	2763028
e78fd4b32a4857248a426f1f15620cc9	gi|2363086300|ref|NR_181402.1|	96.591	440	15	0	4	443	300	739	0.0	730	2763028
e78fd4b32a4857248a426f1f15620cc9	gi|631252033|ref|NR_113231.1|	96.599	441	13	2	4	443	347	786	0.0	730	536633
e78fd4b32a4857248a426f1f15620cc9	gi|631251591|ref|NR_112789.1|	96.599	441	13	2	4	443	333	772	0.0	730	536633
e78fd4b32a4857248a426f1f15620cc9	gi|2363082673|ref|NR_179584.1|	96.372	441	14	2	4	443	327	766	0.0	725	1917888
a9f70a3f9143364ec3751a5f9f52f36c	gi|1909404440|ref|NR_170495.1|	99.545	440	2	0	4	443	355	794	0.0	802	2509240
a9f70a3f9143364ec3751a5f9f52f36c	gi|2363085133|ref|NR_180815.1|	99.318	440	3	0	4	443	350	789	0.0	797	2606633
a9f70a3f9143364ec3751a5f9f52f36c	gi|2363083556|ref|NR_180026.1|	99.318	440	3	0	4	443	348	787	0.0	797	2696678
a9f70a3f9143364ec3751a5f9f52f36c	gi|636560687|ref|NR_116747.1|	97.045	440	13	0	4	443	301	740	0.0	741	1298596
a9f70a3f9143364ec3751a5f9f52f36c	gi|2363082059|ref|NR_179276.1|	96.591	440	15	0	4	443	334	773	0.0	730	2316025
a9f70a3f9143364ec3751a5f9f52f36c	gi|974142252|ref|NR_134772.1|	96.591	440	15	0	4	443	297	736	0.0	730	1337051
a9f70a3f9143364ec3751a5f9f52f36c	gi|1384992332|ref|NR_156081.1|	96.364	440	16	0	4	443	336	775	0.0	725	1469948
a9f70a3f9143364ec3751a5f9f52f36c	gi|1384992329|ref|NR_156078.1|	96.364	440	16	0	4	443	336	775	0.0	725	1469948
a9f70a3f9143364ec3751a5f9f52f36c	gi|343201234|ref|NR_041960.1|	96.372	441	15	1	4	443	222	662	0.0	725	89014
a9f70a3f9143364ec3751a5f9f52f36c	gi|228719063|ref|NR_027579.1|	96.136	440	17	0	4	443	316	755	0.0	725	471875
4f6f98e8de8013dd3efc77f26c9f8ce5	gi|1193829153|ref|NR_147396.1|	96.591	440	15	0	4	443	328	767	0.0	730	1917870
4f6f98e8de8013dd3efc77f26c9f8ce5	gi|2363085097|ref|NR_180797.1|	96.364	440	16	0	4	443	346	785	0.0	725	2605778
4f6f98e8de8013dd3efc77f26c9f8ce5	gi|343198783|ref|NR_043680.1|	95.909	440	18	0	4	443	257	696	0.0	713	358742
4f6f98e8de8013dd3efc77f26c9f8ce5	gi|2363082679|ref|NR_179587.1|	95.682	440	19	0	4	443	328	767	0.0	708	1926283
4f6f98e8de8013dd3efc77f26c9f8ce5	gi|2363081854|ref|NR_179173.1|	95.682	440	19	0	4	443	333	772	0.0	708	2126740
4f6f98e8de8013dd3efc77f26c9f8ce5	gi|2363083601|ref|NR_180048.1|	95.227	440	21	0	4	443	338	777	0.0	697	253257
4f6f98e8de8013dd3efc77f26c9f8ce5	gi|2962412268|ref|NR_199462.1|	95.227	440	21	0	4	443	303	742	0.0	697	3111456
4f6f98e8de8013dd3efc77f26c9f8ce5	gi|2836274880|ref|NR_197643.1|	95.227	440	21	0	4	443	329	768	0.0	697	2962432
4f6f98e8de8013dd3efc77f26c9f8ce5	gi|636559154|ref|NR_115211.1|	95.227	440	21	0	4	443	333	772	0.0	697	253257
4f6f98e8de8013dd3efc77f26c9f8ce5	gi|3030611230|ref|NR_199906.1|	95.000	440	22	0	4	443	354	793	0.0	691	3123317
8b3152b91c1b4e7517a8c121a5c5c7a1	gi|444303953|ref|NR_074376.1|	99.565	460	2	0	4	463	351	810	0.0	839	435591
8b3152b91c1b4e7517a8c121a5c5c7a1	gi|343200655|ref|NR_041342.1|	98.696	460	6	0	4	463	336	795	0.0	817	823
8b3152b91c1b4e7517a8c121a5c5c7a1	gi|1811131517|ref|NR_165699.1|	93.913	460	28	0	4	463	336	795	0.0	695	2685834
8b3152b91c1b4e7517a8c121a5c5c7a1	gi|2363082619|ref|NR_179556.1|	93.696	460	29	0	4	463	316	775	0.0	689	1871013
8b3152b91c1b4e7517a8c121a5c5c7a1	gi|631251637|ref|NR_112835.1|	93.043	460	31	1	4	463	336	794	0.0	671	574930
8b3152b91c1b4e7517a8c121a5c5c7a1	gi|2363082715|ref|NR_179605.1|	92.826	460	33	0	4	463	316	775	0.0	667	1944636
8b3152b91c1b4e7517a8c121a5c5c7a1	gi|2363086049|ref|NR_181277.1|	92.609	460	34	0	4	463	309	768	0.0	662	2753162
8b3152b91c1b4e7517a8c121a5c5c7a1	gi|974142265|ref|NR_134785.1|	92.609	460	34	0	4	463	336	795	0.0	662	1217282
8b3152b91c1b4e7517a8c121a5c5c7a1	gi|631252010|ref|NR_113208.1|	92.391	460	35	0	4	463	336	795	0.0	656	871327
8b3152b91c1b4e7517a8c121a5c5c7a1	gi|343200777|ref|NR_041464.1|	92.391	460	35	0	4	463	340	799	0.0	656	387661
10692f5a3f8a9da0611aa6ebecea146b	gi|343206281|ref|NR_044873.1|	99.103	446	4	0	4	449	324	769	0.0	802	43675
10692f5a3f8a9da0611aa6ebecea146b	gi|2363083489|ref|NR_179993.1|	96.637	446	14	1	4	449	336	780	0.0	739	2109647
10692f5a3f8a9da0611aa6ebecea146b	gi|343198899|ref|NR_043968.1|	96.637	446	14	1	4	449	293	737	0.0	739	396015
10692f5a3f8a9da0611aa6ebecea146b	gi|219857157|ref|NR_024785.1|	96.413	446	14	2	4	449	292	735	0.0	734	172042
10692f5a3f8a9da0611aa6ebecea146b	gi|2363080269|ref|NR_178360.1|	96.188	446	16	1	4	449	302	746	0.0	728	578216
10692f5a3f8a9da0611aa6ebecea146b	gi|602269356|ref|NR_044712.2|	96.188	446	16	1	4	449	344	788	0.0	728	762948
10692f5a3f8a9da0611aa6ebecea146b	gi|566085657|ref|NR_109752.1|	96.188	446	16	1	4	449	346	790	0.0	728	1324766
10692f5a3f8a9da0611aa6ebecea146b	gi|444304144|ref|NR_074568.1|	96.188	446	16	1	4	449	335	779	0.0	728	762948
10692f5a3f8a9da0611aa6ebecea146b	gi|219878171|ref|NR_025310.1|	95.964	446	17	1	4	449	315	759	0.0	723	85336
10692f5a3f8a9da0611aa6ebecea146b	gi|1109167977|ref|NR_144586.1|	95.740	446	18	1	4	449	356	800	0.0	717	1736139
cec3058613cb87f02c92d99d0033bd71	gi|645321781|ref|NR_118667.1|	97.955	440	9	0	4	443	355	794	0.0	776	28052
cec3058613cb87f02c92d99d0033bd71	gi|559795246|ref|NR_104836.1|	97.045	440	13	0	4	443	333	772	0.0	741	706562
cec3058613cb87f02c92d99d0033bd71	gi|444304189|ref|NR_074613.1|	96.372	441	14	2	4	443	350	789	0.0	725	515620
cec3058613cb87f02c92d99d0033bd71	gi|559795169|ref|NR_104758.1|	95.455	440	20	0	4	443	345	784	0.0	702	1282887
cec3058613cb87f02c92d99d0033bd71	gi|1277396183|ref|NR_151894.1|	94.785	441	21	2	4	443	335	774	0.0	686	433293
cec3058613cb87f02c92d99d0033bd71	gi|343202586|ref|NR_042953.1|	94.545	440	24	0	4	443	308	747	0.0	680	264463
cec3058613cb87f02c92d99d0033bd71	gi|219857405|ref|NR_024993.1|	94.318	440	25	0	4	443	349	788	0.0	675	99656
cec3058613cb87f02c92d99d0033bd71	gi|645322302|ref|NR_119085.1|	94.318	440	23	1	4	443	347	784	0.0	673	29364
cec3058613cb87f02c92d99d0033bd71	gi|1384992332|ref|NR_156081.1|	94.091	440	26	0	4	443	336	775	0.0	669	1469948
cec3058613cb87f02c92d99d0033bd71	gi|1384992329|ref|NR_156078.1|	94.091	440	26	0	4	443	336	775	0.0	669	1469948
72ea6cdaa7cf276ba111f71b1f97d3bc	gi|219846519|ref|NR_026111.1|	99.570	465	2	0	4	468	339	803	0.0	848	33025
72ea6cdaa7cf276ba111f71b1f97d3bc	gi|631251704|ref|NR_112902.1|	93.562	466	28	2	4	468	427	891	0.0	693	626940
72ea6cdaa7cf276ba111f71b1f97d3bc	gi|2363082047|ref|NR_179270.1|	92.308	468	31	5	4	468	326	791	0.0	664	2654621
72ea6cdaa7cf276ba111f71b1f97d3bc	gi|2363082805|ref|NR_179651.1|	91.684	469	31	8	4	468	350	814	0.0	643	2058289
72ea6cdaa7cf276ba111f71b1f97d3bc	gi|2621112327|ref|NR_189230.1|	91.684	469	31	8	4	468	298	762	0.0	643	2897706
72ea6cdaa7cf276ba111f71b1f97d3bc	gi|343198461|ref|NR_041894.1|	91.649	467	35	4	4	468	286	750	0.0	643	187327
72ea6cdaa7cf276ba111f71b1f97d3bc	gi|2363082575|ref|NR_179534.1|	91.277	470	31	8	4	468	345	809	0.0	632	1852375
72ea6cdaa7cf276ba111f71b1f97d3bc	gi|636558634|ref|NR_114691.1|	90.638	470	40	4	2	468	328	796	1.33e-177	621	78126
72ea6cdaa7cf276ba111f71b1f97d3bc	gi|645320469|ref|NR_117668.1|	90.343	466	44	1	4	468	341	806	2.88e-174	610	1337886
72ea6cdaa7cf276ba111f71b1f97d3bc	gi|645320468|ref|NR_117667.1|	90.343	466	44	1	4	468	339	804	2.88e-174	610	1337886
5e1e9fc95d270a367922baa5b6054e6f	gi|645320257|ref|NR_117506.1|	99.326	445	3	0	4	448	311	755	0.0	806	216816
5e1e9fc95d270a367922baa5b6054e6f	gi|545589064|ref|NR_044691.2|	99.101	445	4	0	4	448	341	785	0.0	802	216816
5e1e9fc95d270a367922baa5b6054e6f	gi|1137647753|ref|NR_145535.1|	99.101	445	4	0	4	448	319	763	0.0	800	1931217
5e1e9fc95d270a367922baa5b6054e6f	gi|343202943|ref|NR_043437.1|	99.101	445	4	0	4	448	328	772	0.0	800	1682
5e1e9fc95d270a367922baa5b6054e6f	gi|2180566473|ref|NR_174313.1|	98.427	445	7	0	4	448	331	775	0.0	784	2650773
5e1e9fc95d270a367922baa5b6054e6f	gi|2363087087|ref|NR_181799.1|	98.202	445	8	0	4	448	330	774	0.0	778	2809026
5e1e9fc95d270a367922baa5b6054e6f	gi|545589069|ref|NR_044693.2|	97.753	445	10	0	4	448	339	783	0.0	778	1695
5e1e9fc95d270a367922baa5b6054e6f	gi|1040567047|ref|NR_137396.1|	97.528	445	11	0	4	448	264	708	0.0	761	1798158
5e1e9fc95d270a367922baa5b6054e6f	gi|2363084292|ref|NR_180396.1|	97.528	445	11	0	4	448	330	774	0.0	761	2306975
5e1e9fc95d270a367922baa5b6054e6f	gi|1491520099|ref|NR_159261.1|	97.309	446	11	1	4	448	262	707	0.0	756	2052941
1b78c406657cb2fc0f7cc71bb1f3103f	gi|645321785|ref|NR_118670.1|	98.409	440	7	0	4	443	357	796	0.0	782	39496
1b78c406657cb2fc0f7cc71bb1f3103f	gi|219857617|ref|NR_025206.1|	94.773	440	23	0	4	443	314	753	0.0	686	180286
1b78c406657cb2fc0f7cc71bb1f3103f	gi|1040567056|ref|NR_137405.1|	94.545	440	24	0	4	443	307	746	0.0	680	1619234
1b78c406657cb2fc0f7cc71bb1f3103f	gi|631250892|ref|NR_112089.1|	94.545	440	24	0	4	443	336	775	0.0	680	553973
1b78c406657cb2fc0f7cc71bb1f3103f	gi|224581401|ref|NR_024719.1|	94.545	440	23	1	4	443	341	779	0.0	678	89153
1b78c406657cb2fc0f7cc71bb1f3103f	gi|1397641798|ref|NR_156907.1|	94.331	441	23	2	4	443	348	787	0.0	675	1912855
1b78c406657cb2fc0f7cc71bb1f3103f	gi|1109168027|ref|NR_144612.1|	94.331	441	23	2	4	443	350	789	0.0	675	1796636
1b78c406657cb2fc0f7cc71bb1f3103f	gi|559795252|ref|NR_104842.1|	94.318	440	25	0	4	443	345	784	0.0	675	39495
1b78c406657cb2fc0f7cc71bb1f3103f	gi|343203027|ref|NR_043551.1|	94.331	441	23	2	4	443	349	788	0.0	675	341220
1b78c406657cb2fc0f7cc71bb1f3103f	gi|3248465643|ref|NR_201655.1|	93.864	440	27	0	4	443	313	752	0.0	664	3380807
214e24a6d90872045449886804b5648c	gi|265678656|ref|NR_028961.1|	99.318	440	3	0	4	443	327	766	0.0	797	853
214e24a6d90872045449886804b5648c	gi|2363081451|ref|NR_178972.1|	98.636	440	6	0	4	443	285	724	0.0	780	1851428
214e24a6d90872045449886804b5648c	gi|2363080123|ref|NR_178280.1|	98.636	440	6	0	4	443	331	770	0.0	780	411483
214e24a6d90872045449886804b5648c	gi|3030611269|ref|NR_199945.1|	98.409	440	7	0	4	443	335	774	0.0	774	3435293
214e24a6d90872045449886804b5648c	gi|2363081449|ref|NR_178971.1|	98.182	440	7	1	4	443	285	723	0.0	767	1851427
214e24a6d90872045449886804b5648c	gi|2363082282|ref|NR_179388.1|	97.955	440	9	0	4	443	335	774	0.0	763	2935520
214e24a6d90872045449886804b5648c	gi|2363080175|ref|NR_178311.1|	96.818	440	14	0	4	443	412	851	0.0	736	2903556
214e24a6d90872045449886804b5648c	gi|1397641802|ref|NR_156911.1|	92.727	440	32	0	4	443	351	790	0.0	636	1650663
214e24a6d90872045449886804b5648c	gi|2363082356|ref|NR_179425.1|	92.727	440	32	0	4	443	351	790	0.0	636	1689304
214e24a6d90872045449886804b5648c	gi|2363084747|ref|NR_180622.1|	92.500	440	33	0	4	443	335	774	2.09e-180	630	2779354
1c0cf8a7663401a633241e79ede24f09	gi|2363082679|ref|NR_179587.1|	97.500	440	11	0	4	443	328	767	0.0	752	1926283
1c0cf8a7663401a633241e79ede24f09	gi|2363081854|ref|NR_179173.1|	97.500	440	11	0	4	443	333	772	0.0	752	2126740
1c0cf8a7663401a633241e79ede24f09	gi|2363086280|ref|NR_181392.1|	96.154	442	15	1	4	443	324	765	0.0	721	2763665
1c0cf8a7663401a633241e79ede24f09	gi|3030611230|ref|NR_199906.1|	96.145	441	15	2	4	443	354	793	0.0	719	3123317
1c0cf8a7663401a633241e79ede24f09	gi|3030611314|ref|NR_199990.1|	96.145	441	15	2	4	443	350	789	0.0	719	3123317
1c0cf8a7663401a633241e79ede24f09	gi|1384992331|ref|NR_156080.1|	96.145	441	15	2	4	443	336	775	0.0	719	1469948
1c0cf8a7663401a633241e79ede24f09	gi|1384992328|ref|NR_156077.1|	96.145	441	15	2	4	443	336	775	0.0	719	1469948
1c0cf8a7663401a633241e79ede24f09	gi|2363086290|ref|NR_181397.1|	96.136	440	17	0	4	443	303	742	0.0	719	2763671
1c0cf8a7663401a633241e79ede24f09	gi|1384992332|ref|NR_156081.1|	95.918	441	16	2	4	443	336	775	0.0	713	1469948
1c0cf8a7663401a633241e79ede24f09	gi|1384992329|ref|NR_156078.1|	95.918	441	16	2	4	443	336	775	0.0	713	1469948
5bee45932e64e74ff04135583b83fd53	gi|1811131545|ref|NR_165727.1|	98.423	444	7	0	4	447	358	801	0.0	782	2358141
5bee45932e64e74ff04135583b83fd53	gi|631252210|ref|NR_113408.1|	94.369	444	24	1	4	447	351	793	0.0	680	28446
5bee45932e64e74ff04135583b83fd53	gi|1445136073|ref|NR_158113.1|	94.382	445	22	3	4	447	328	770	0.0	680	433287
5bee45932e64e74ff04135583b83fd53	gi|219846061|ref|NR_025651.1|	94.369	444	24	1	4	447	350	792	0.0	680	160404
5bee45932e64e74ff04135583b83fd53	gi|265678961|ref|NR_029269.1|	94.144	444	24	2	4	447	350	791	0.0	675	28446
5bee45932e64e74ff04135583b83fd53	gi|2621112349|ref|NR_189253.1|	93.468	444	29	0	4	447	345	788	0.0	660	2918914
5bee45932e64e74ff04135583b83fd53	gi|219846558|ref|NR_026150.1|	93.468	444	27	2	4	447	350	791	0.0	658	36847
5bee45932e64e74ff04135583b83fd53	gi|1397641803|ref|NR_156912.1|	93.243	444	29	1	4	447	307	749	0.0	652	1450156
5bee45932e64e74ff04135583b83fd53	gi|645320791|ref|NR_117912.1|	93.243	444	29	1	4	447	325	767	0.0	652	879970
5bee45932e64e74ff04135583b83fd53	gi|1230874676|ref|NR_148837.1|	93.034	445	25	4	4	447	347	786	0.0	645	1675854
f21628e0d15e8f70042fa3c955aaa953	gi|3030611230|ref|NR_199906.1|	97.955	440	9	0	4	443	354	793	0.0	763	3123317
f21628e0d15e8f70042fa3c955aaa953	gi|3030611314|ref|NR_199990.1|	97.955	440	9	0	4	443	350	789	0.0	763	3123317
f21628e0d15e8f70042fa3c955aaa953	gi|1384992331|ref|NR_156080.1|	97.955	440	9	0	4	443	336	775	0.0	763	1469948
f21628e0d15e8f70042fa3c955aaa953	gi|1384992328|ref|NR_156077.1|	97.955	440	9	0	4	443	336	775	0.0	763	1469948
f21628e0d15e8f70042fa3c955aaa953	gi|1384992332|ref|NR_156081.1|	97.727	440	10	0	4	443	336	775	0.0	758	1469948
f21628e0d15e8f70042fa3c955aaa953	gi|1384992329|ref|NR_156078.1|	97.727	440	10	0	4	443	336	775	0.0	758	1469948
f21628e0d15e8f70042fa3c955aaa953	gi|343201474|ref|NR_042200.1|	97.045	440	13	0	4	443	318	757	0.0	741	333367
f21628e0d15e8f70042fa3c955aaa953	gi|1193829153|ref|NR_147396.1|	96.825	441	12	2	4	443	328	767	0.0	736	1917870
f21628e0d15e8f70042fa3c955aaa953	gi|974142252|ref|NR_134772.1|	96.818	440	14	0	4	443	297	736	0.0	736	1337051
f21628e0d15e8f70042fa3c955aaa953	gi|343205837|ref|NR_044289.1|	96.818	440	14	0	4	443	328	767	0.0	736	460384
490cc198c6196ab963ffe88acf38f953	gi|566085203|ref|NR_109014.1|	97.955	440	9	0	4	443	195	634	0.0	763	871665
490cc198c6196ab963ffe88acf38f953	gi|2363082673|ref|NR_179584.1|	97.727	440	10	0	4	443	327	766	0.0	758	1917888
490cc198c6196ab963ffe88acf38f953	gi|631252033|ref|NR_113231.1|	97.052	441	11	2	4	443	347	786	0.0	741	536633
490cc198c6196ab963ffe88acf38f953	gi|631251591|ref|NR_112789.1|	97.052	441	11	2	4	443	333	772	0.0	741	536633
490cc198c6196ab963ffe88acf38f953	gi|219846720|ref|NR_026312.1|	96.591	440	15	0	4	443	327	766	0.0	732	180164
490cc198c6196ab963ffe88acf38f953	gi|2363084170|ref|NR_180334.1|	96.364	440	16	0	4	443	253	692	0.0	725	2763028
490cc198c6196ab963ffe88acf38f953	gi|631253117|ref|NR_114315.1|	96.364	440	16	0	4	443	336	775	0.0	725	649762
490cc198c6196ab963ffe88acf38f953	gi|2363086300|ref|NR_181402.1|	96.364	440	16	0	4	443	300	739	0.0	725	2763028
490cc198c6196ab963ffe88acf38f953	gi|645320731|ref|NR_117867.1|	96.364	440	16	0	4	443	300	739	0.0	725	871664
490cc198c6196ab963ffe88acf38f953	gi|343205678|ref|NR_044054.1|	96.364	440	16	0	4	443	297	736	0.0	725	1121115
88562de66463ecbd81597485bc442920	gi|265678854|ref|NR_029160.1|	98.864	440	5	0	4	443	293	732	0.0	785	40519
88562de66463ecbd81597485bc442920	gi|507148077|ref|NR_102884.1|	95.023	442	18	4	4	443	331	770	0.0	691	213810
88562de66463ecbd81597485bc442920	gi|219846341|ref|NR_025931.1|	94.808	443	17	5	4	443	308	747	0.0	686	1265
88562de66463ecbd81597485bc442920	gi|636558832|ref|NR_114889.1|	94.344	442	20	5	4	443	277	715	0.0	673	213810
88562de66463ecbd81597485bc442920	gi|3248465648|ref|NR_201660.1|	94.131	443	20	5	4	443	319	758	0.0	669	3417630
88562de66463ecbd81597485bc442920	gi|3248465644|ref|NR_201656.1|	92.955	440	31	0	4	443	329	768	0.0	641	3417633
88562de66463ecbd81597485bc442920	gi|1864207164|ref|NR_169458.1|	91.648	443	31	5	4	443	345	784	9.78e-174	608	2164149
88562de66463ecbd81597485bc442920	gi|444303976|ref|NR_074399.1|	91.364	440	38	0	4	443	333	772	4.55e-172	603	697329
88562de66463ecbd81597485bc442920	gi|631251834|ref|NR_113032.1|	91.364	440	38	0	4	443	333	772	4.55e-172	603	1264
88562de66463ecbd81597485bc442920	gi|636559173|ref|NR_115230.1|	91.364	440	38	0	4	443	333	772	4.55e-172	603	697329
e5399beafda187905b4f592acf594eda	gi|1811131565|ref|NR_165747.1|	99.785	465	1	0	4	468	318	782	0.0	854	2490633
e5399beafda187905b4f592acf594eda	gi|2962412350|ref|NR_199545.1|	99.785	465	1	0	4	468	338	802	0.0	854	3409758
e5399beafda187905b4f592acf594eda	gi|2962412346|ref|NR_199541.1|	99.785	465	1	0	4	468	296	760	0.0	854	3095082
e5399beafda187905b4f592acf594eda	gi|2962412352|ref|NR_199547.1|	99.785	465	1	0	4	468	298	762	0.0	854	3095078
e5399beafda187905b4f592acf594eda	gi|2962412349|ref|NR_199544.1|	99.785	465	1	0	4	468	296	760	0.0	854	3095079
e5399beafda187905b4f592acf594eda	gi|2363084762|ref|NR_180629.1|	99.785	465	1	0	4	468	300	764	0.0	854	2588991
e5399beafda187905b4f592acf594eda	gi|2363084754|ref|NR_180625.1|	99.785	465	1	0	4	468	300	764	0.0	854	2589786
e5399beafda187905b4f592acf594eda	gi|2363082587|ref|NR_179540.1|	99.785	465	1	0	4	468	338	802	0.0	854	1852387
e5399beafda187905b4f592acf594eda	gi|2363082272|ref|NR_179383.1|	99.785	465	1	0	4	468	345	809	0.0	854	2853160
e5399beafda187905b4f592acf594eda	gi|2221405274|ref|NR_175455.1|	99.785	465	1	0	4	468	326	790	0.0	854	1968889
6357bb6c1d7d843b894cec708fec468a	gi|343205705|ref|NR_044091.1|	99.140	465	4	0	4	468	240	704	0.0	837	423477
6357bb6c1d7d843b894cec708fec468a	gi|631252372|ref|NR_113570.1|	98.280	465	8	0	4	468	333	797	0.0	815	1110546
6357bb6c1d7d843b894cec708fec468a	gi|444439665|ref|NR_074980.1|	98.065	465	9	0	4	468	353	817	0.0	809	479436
6357bb6c1d7d843b894cec708fec468a	gi|631251833|ref|NR_113031.1|	98.065	465	9	0	4	468	353	817	0.0	809	29466
6357bb6c1d7d843b894cec708fec468a	gi|645322414|ref|NR_119168.1|	98.065	465	9	0	4	468	331	795	0.0	809	479436
6357bb6c1d7d843b894cec708fec468a	gi|645320589|ref|NR_117759.1|	97.849	465	10	0	4	468	329	793	0.0	806	479436
6357bb6c1d7d843b894cec708fec468a	gi|343205749|ref|NR_044153.1|	97.854	466	8	2	4	468	326	790	0.0	806	419208
6357bb6c1d7d843b894cec708fec468a	gi|343202841|ref|NR_043332.1|	97.849	465	10	0	4	468	326	790	0.0	806	479436
6357bb6c1d7d843b894cec708fec468a	gi|219846172|ref|NR_025762.1|	97.849	465	10	0	4	468	304	768	0.0	804	248316
6357bb6c1d7d843b894cec708fec468a	gi|343202582|ref|NR_042940.1|	97.634	465	11	0	4	468	238	702	0.0	798	248315
980cc54c77d2b7b68f9417a089a197b5	gi|343200903|ref|NR_041590.1|	99.785	465	1	0	4	468	140	604	0.0	854	742816
980cc54c77d2b7b68f9417a089a197b5	gi|343199066|ref|NR_044473.1|	97.210	466	11	2	4	468	295	759	0.0	787	491921
980cc54c77d2b7b68f9417a089a197b5	gi|219878375|ref|NR_025514.1|	94.861	467	20	4	4	468	335	799	0.0	726	158847
980cc54c77d2b7b68f9417a089a197b5	gi|645320513|ref|NR_117702.1|	92.291	467	32	4	4	468	318	782	0.0	660	865
980cc54c77d2b7b68f9417a089a197b5	gi|343202547|ref|NR_042900.1|	92.077	467	33	4	4	468	225	689	0.0	656	259840
980cc54c77d2b7b68f9417a089a197b5	gi|343205718|ref|NR_044111.1|	90.538	465	44	0	4	468	353	817	6.19e-176	616	416586
980cc54c77d2b7b68f9417a089a197b5	gi|2363082521|ref|NR_179507.1|	90.171	468	40	6	4	468	341	805	1.34e-172	604	1806837
980cc54c77d2b7b68f9417a089a197b5	gi|2363086132|ref|NR_181318.1|	89.744	468	42	5	4	468	354	818	2.90e-169	593	2754044
980cc54c77d2b7b68f9417a089a197b5	gi|559795272|ref|NR_104863.1|	89.700	466	46	2	4	468	347	811	2.90e-169	593	86957
980cc54c77d2b7b68f9417a089a197b5	gi|636558560|ref|NR_114617.1|	89.700	466	46	2	4	468	351	815	2.90e-169	593	86957
1751acb3bf7d7ac89ab5ab7b800bca00	gi|3030611269|ref|NR_199945.1|	95.227	440	21	0	4	443	335	774	0.0	697	3435293
1751acb3bf7d7ac89ab5ab7b800bca00	gi|1397641802|ref|NR_156911.1|	95.227	440	21	0	4	443	351	790	0.0	697	1650663
1751acb3bf7d7ac89ab5ab7b800bca00	gi|2363081451|ref|NR_178972.1|	95.000	440	22	0	4	443	285	724	0.0	691	1851428
1751acb3bf7d7ac89ab5ab7b800bca00	gi|265678656|ref|NR_028961.1|	95.011	441	20	2	4	443	327	766	0.0	691	853
1751acb3bf7d7ac89ab5ab7b800bca00	gi|2363080123|ref|NR_178280.1|	94.545	440	24	0	4	443	331	770	0.0	680	411483
1751acb3bf7d7ac89ab5ab7b800bca00	gi|2363081449|ref|NR_178971.1|	94.318	440	24	1	4	443	285	723	0.0	673	1851427
1751acb3bf7d7ac89ab5ab7b800bca00	gi|2363082282|ref|NR_179388.1|	94.091	440	26	0	4	443	335	774	0.0	669	2935520
1751acb3bf7d7ac89ab5ab7b800bca00	gi|2962412223|ref|NR_199417.1|	93.864	440	27	0	4	443	342	781	0.0	664	3136601
1751acb3bf7d7ac89ab5ab7b800bca00	gi|2363080175|ref|NR_178311.1|	93.878	441	25	2	4	443	412	851	0.0	664	2903556
1751acb3bf7d7ac89ab5ab7b800bca00	gi|1277396189|ref|NR_151900.1|	93.636	440	28	0	4	443	351	790	0.0	658	1550024
4300a5dae89ae53a36d6d400db8d5c41	gi|2621112340|ref|NR_189244.1|	94.570	442	24	0	4	445	363	804	0.0	684	3046382
4300a5dae89ae53a36d6d400db8d5c41	gi|2621112341|ref|NR_189245.1|	94.344	442	25	0	4	445	363	804	0.0	678	3046383
4300a5dae89ae53a36d6d400db8d5c41	gi|636559633|ref|NR_115693.1|	87.838	444	49	4	4	445	442	882	6.13e-146	516	694434
4300a5dae89ae53a36d6d400db8d5c41	gi|636559632|ref|NR_115692.1|	87.838	444	49	4	4	445	442	882	6.13e-146	516	694434
4300a5dae89ae53a36d6d400db8d5c41	gi|636559631|ref|NR_115691.1|	87.838	444	49	4	4	445	436	876	6.13e-146	516	694434
4300a5dae89ae53a36d6d400db8d5c41	gi|636559630|ref|NR_115690.1|	87.838	444	49	4	4	445	448	888	6.13e-146	516	694434
4300a5dae89ae53a36d6d400db8d5c41	gi|343198739|ref|NR_043559.1|	87.838	444	49	4	4	445	447	887	6.13e-146	516	694434
4300a5dae89ae53a36d6d400db8d5c41	gi|566085050|ref|NR_108636.1|	87.359	443	52	4	4	445	348	787	1.33e-142	505	682400
4300a5dae89ae53a36d6d400db8d5c41	gi|343198541|ref|NR_042834.1|	86.907	443	56	2	4	445	321	762	7.98e-140	496	235931
4300a5dae89ae53a36d6d400db8d5c41	gi|2836274966|ref|NR_197729.1|	86.682	443	55	4	4	445	304	743	1.34e-137	488	3093657
d8f94a7149c94641a845b067c1395286	gi|343206380|ref|NR_044972.1|	93.018	444	29	2	4	446	331	773	0.0	651	44749
d8f94a7149c94641a845b067c1395286	gi|2363082165|ref|NR_179329.1|	93.034	445	26	5	4	446	327	768	0.0	645	2714353
d8f94a7149c94641a845b067c1395286	gi|2363082168|ref|NR_179330.1|	92.777	443	31	1	4	446	327	768	0.0	640	2714355
d8f94a7149c94641a845b067c1395286	gi|219857437|ref|NR_025025.1|	92.568	444	29	4	4	446	332	772	0.0	640	100176
d8f94a7149c94641a845b067c1395286	gi|3030611324|ref|NR_200000.1|	92.568	444	31	2	4	446	301	743	0.0	636	3342383
d8f94a7149c94641a845b067c1395286	gi|1109168025|ref|NR_144611.1|	92.551	443	33	0	4	446	282	724	0.0	636	1417852
d8f94a7149c94641a845b067c1395286	gi|219857201|ref|NR_024829.1|	91.874	443	36	0	4	446	321	763	4.55e-177	619	253314
d8f94a7149c94641a845b067c1395286	gi|2363082342|ref|NR_179418.1|	91.667	444	35	2	4	446	348	790	2.12e-175	614	1673721
d8f94a7149c94641a845b067c1395286	gi|444304204|ref|NR_074629.1|	91.648	443	37	0	4	446	341	783	2.12e-175	614	1515
d8f94a7149c94641a845b067c1395286	gi|631251959|ref|NR_113157.1|	91.648	443	37	0	4	446	341	783	2.12e-175	614	1515
f3d996c635dbe42a2f470e0c0720e1e2	gi|2363084629|ref|NR_180563.1|	88.235	442	51	1	4	444	291	732	2.82e-149	527	2488810
f3d996c635dbe42a2f470e0c0720e1e2	gi|672238876|ref|NR_125464.1|	88.235	442	51	1	4	444	325	766	2.82e-149	527	1297424
f3d996c635dbe42a2f470e0c0720e1e2	gi|3030611263|ref|NR_199939.1|	88.009	442	50	3	4	444	332	771	4.72e-147	520	3074434
f3d996c635dbe42a2f470e0c0720e1e2	gi|672239088|ref|NR_125677.1|	88.036	443	48	5	4	444	346	785	4.72e-147	520	1348613
f3d996c635dbe42a2f470e0c0720e1e2	gi|219846512|ref|NR_026104.1|	87.838	444	50	3	4	444	312	754	1.70e-146	518	1121303
f3d996c635dbe42a2f470e0c0720e1e2	gi|343200810|ref|NR_041497.1|	87.810	443	52	2	4	444	293	735	1.70e-146	518	396504
f3d996c635dbe42a2f470e0c0720e1e2	gi|645319803|ref|NR_117165.1|	87.783	442	53	1	4	444	476	917	6.11e-146	516	48256
f3d996c635dbe42a2f470e0c0720e1e2	gi|645319802|ref|NR_117164.1|	87.783	442	53	1	4	444	476	917	6.11e-146	516	48256
f3d996c635dbe42a2f470e0c0720e1e2	gi|645319800|ref|NR_117163.1|	87.783	442	53	1	4	444	445	886	6.11e-146	516	48256
f3d996c635dbe42a2f470e0c0720e1e2	gi|645319799|ref|NR_117162.1|	87.783	442	53	1	4	444	472	913	6.11e-146	516	48256
9f0a137318447a6ef8699a2348854a1e	gi|1116030282|ref|NR_144740.1|	99.089	439	4	0	4	442	321	759	0.0	789	1776391
9f0a137318447a6ef8699a2348854a1e	gi|974142280|ref|NR_134800.1|	98.405	439	7	0	4	442	255	693	0.0	773	1368474
9f0a137318447a6ef8699a2348854a1e	gi|672239008|ref|NR_125597.1|	97.732	441	8	2	4	442	318	758	0.0	758	1115758
9f0a137318447a6ef8699a2348854a1e	gi|2363083072|ref|NR_179784.1|	97.722	439	10	0	4	442	301	739	0.0	756	2020948
9f0a137318447a6ef8699a2348854a1e	gi|2363082877|ref|NR_179687.1|	97.039	439	13	0	4	442	273	711	0.0	739	2662455
9f0a137318447a6ef8699a2348854a1e	gi|1230874654|ref|NR_148815.1|	97.039	439	13	0	4	442	319	757	0.0	739	1629550
9f0a137318447a6ef8699a2348854a1e	gi|631252125|ref|NR_113323.1|	97.039	439	13	0	4	442	319	757	0.0	739	1490
9f0a137318447a6ef8699a2348854a1e	gi|1269785414|ref|NR_118728.2|	96.811	439	14	0	4	442	330	768	0.0	737	1121325
9f0a137318447a6ef8699a2348854a1e	gi|631250974|ref|NR_112171.1|	96.811	439	14	0	4	442	309	747	0.0	734	1490
9f0a137318447a6ef8699a2348854a1e	gi|1040567059|ref|NR_137408.1|	96.583	439	15	0	4	442	290	728	0.0	728	1460447
0ce714d5dcfbd13cdd0c3144cffdeb13	gi|343200656|ref|NR_041343.1|	99.565	460	2	0	4	463	340	799	0.0	839	46503
0ce714d5dcfbd13cdd0c3144cffdeb13	gi|645322411|ref|NR_119166.1|	99.348	460	3	0	4	463	319	778	0.0	835	411477
0ce714d5dcfbd13cdd0c3144cffdeb13	gi|343200777|ref|NR_041464.1|	97.609	460	11	0	4	463	340	799	0.0	789	387661
0ce714d5dcfbd13cdd0c3144cffdeb13	gi|2363083816|ref|NR_180156.1|	96.739	460	15	0	4	463	291	750	0.0	767	2290935
0ce714d5dcfbd13cdd0c3144cffdeb13	gi|2363086049|ref|NR_181277.1|	96.304	460	17	0	4	463	309	768	0.0	756	2753162
0ce714d5dcfbd13cdd0c3144cffdeb13	gi|631251878|ref|NR_113076.1|	96.095	461	16	2	4	463	324	783	0.0	750	927665
0ce714d5dcfbd13cdd0c3144cffdeb13	gi|343202832|ref|NR_043317.1|	96.095	461	16	2	4	463	284	743	0.0	750	328812
0ce714d5dcfbd13cdd0c3144cffdeb13	gi|1811131517|ref|NR_165699.1|	95.652	460	20	0	4	463	336	795	0.0	739	2685834
0ce714d5dcfbd13cdd0c3144cffdeb13	gi|2363082715|ref|NR_179605.1|	95.662	461	18	2	4	463	316	775	0.0	739	1944636
0ce714d5dcfbd13cdd0c3144cffdeb13	gi|2363082619|ref|NR_179556.1|	95.435	460	21	0	4	463	316	775	0.0	734	1871013
e654fcc3d08707512244ac16682e50db	gi|645321790|ref|NR_118674.1|	96.364	440	16	0	4	443	356	795	0.0	741	1256908
e654fcc3d08707512244ac16682e50db	gi|444439494|ref|NR_074809.1|	96.145	441	16	1	4	443	350	790	0.0	719	585394
e654fcc3d08707512244ac16682e50db	gi|645320588|ref|NR_117758.1|	95.928	442	16	1	4	443	322	763	0.0	715	166486
e654fcc3d08707512244ac16682e50db	gi|228716944|ref|NR_027557.1|	95.928	442	16	1	4	443	343	784	0.0	715	536231
e654fcc3d08707512244ac16682e50db	gi|343198540|ref|NR_042832.1|	95.918	441	17	1	4	443	330	770	0.0	713	301302
e654fcc3d08707512244ac16682e50db	gi|343201282|ref|NR_042008.1|	95.918	441	16	2	4	443	341	780	0.0	713	585394
e654fcc3d08707512244ac16682e50db	gi|2363086302|ref|NR_181403.1|	95.701	442	17	1	4	443	246	687	0.0	710	2763061
e654fcc3d08707512244ac16682e50db	gi|2363085153|ref|NR_180825.1|	95.692	441	18	1	4	443	347	787	0.0	708	2605790
e654fcc3d08707512244ac16682e50db	gi|2363085149|ref|NR_180823.1|	95.682	440	19	0	4	443	357	796	0.0	708	2606634
e654fcc3d08707512244ac16682e50db	gi|444304209|ref|NR_074634.1|	95.682	440	19	0	4	443	350	789	0.0	708	515619
2d1f3b6a197833ec2b18f9c1efffbcd6	gi|3248465636|ref|NR_201647.1|	99.318	440	3	0	4	443	300	739	0.0	797	3380806
2d1f3b6a197833ec2b18f9c1efffbcd6	gi|343198924|ref|NR_044048.1|	99.318	440	3	0	4	443	328	767	0.0	797	470146
2d1f3b6a197833ec2b18f9c1efffbcd6	gi|1116030277|ref|NR_144735.1|	98.864	440	5	0	4	443	350	789	0.0	785	1745713
2d1f3b6a197833ec2b18f9c1efffbcd6	gi|2363082603|ref|NR_179548.1|	97.045	440	13	0	4	443	348	787	0.0	743	1870993
2d1f3b6a197833ec2b18f9c1efffbcd6	gi|265678940|ref|NR_029248.1|	96.591	440	13	2	4	443	349	786	0.0	730	500632
2d1f3b6a197833ec2b18f9c1efffbcd6	gi|2363084846|ref|NR_180671.1|	95.909	440	18	0	4	443	63	502	0.0	713	2594882
2d1f3b6a197833ec2b18f9c1efffbcd6	gi|2962412221|ref|NR_199415.1|	95.909	440	18	0	4	443	338	777	0.0	713	3136600
2d1f3b6a197833ec2b18f9c1efffbcd6	gi|2363086021|ref|NR_181263.1|	95.909	440	18	0	4	443	334	773	0.0	713	2726362
2d1f3b6a197833ec2b18f9c1efffbcd6	gi|2363086282|ref|NR_181393.1|	95.701	442	15	4	4	443	290	729	0.0	708	2763664
2d1f3b6a197833ec2b18f9c1efffbcd6	gi|343203027|ref|NR_043551.1|	95.682	440	19	0	4	443	349	788	0.0	708	341220
5e83fb781fc22550ff85d4746424c6a1	gi|2363084629|ref|NR_180563.1|	88.235	442	51	1	4	444	291	732	2.82e-149	527	2488810
5e83fb781fc22550ff85d4746424c6a1	gi|672238876|ref|NR_125464.1|	88.235	442	51	1	4	444	325	766	2.82e-149	527	1297424
5e83fb781fc22550ff85d4746424c6a1	gi|3030611263|ref|NR_199939.1|	88.009	442	50	3	4	444	332	771	4.72e-147	520	3074434
5e83fb781fc22550ff85d4746424c6a1	gi|672239088|ref|NR_125677.1|	88.036	443	48	5	4	444	346	785	4.72e-147	520	1348613
5e83fb781fc22550ff85d4746424c6a1	gi|219846512|ref|NR_026104.1|	87.838	444	50	3	4	444	312	754	1.70e-146	518	1121303
5e83fb781fc22550ff85d4746424c6a1	gi|343200810|ref|NR_041497.1|	87.810	443	52	2	4	444	293	735	1.70e-146	518	396504
5e83fb781fc22550ff85d4746424c6a1	gi|645319803|ref|NR_117165.1|	87.783	442	53	1	4	444	476	917	6.11e-146	516	48256
5e83fb781fc22550ff85d4746424c6a1	gi|645319802|ref|NR_117164.1|	87.783	442	53	1	4	444	476	917	6.11e-146	516	48256
5e83fb781fc22550ff85d4746424c6a1	gi|645319800|ref|NR_117163.1|	87.783	442	53	1	4	444	445	886	6.11e-146	516	48256
5e83fb781fc22550ff85d4746424c6a1	gi|645319799|ref|NR_117162.1|	87.783	442	53	1	4	444	472	913	6.11e-146	516	48256
4522e3d4d658ed3d69dc91d288981632	gi|1277396183|ref|NR_151894.1|	94.318	440	25	0	4	443	335	774	0.0	675	433293
4522e3d4d658ed3d69dc91d288981632	gi|1277396381|ref|NR_152095.1|	94.091	440	26	0	4	443	348	787	0.0	669	1679721
4522e3d4d658ed3d69dc91d288981632	gi|631252121|ref|NR_113319.1|	94.091	440	26	0	4	443	350	789	0.0	669	645466
4522e3d4d658ed3d69dc91d288981632	gi|219846511|ref|NR_026103.1|	94.091	440	26	0	4	443	316	755	0.0	669	37658
4522e3d4d658ed3d69dc91d288981632	gi|636560803|ref|NR_116863.1|	93.878	441	26	1	4	443	337	777	0.0	664	645466
4522e3d4d658ed3d69dc91d288981632	gi|645322302|ref|NR_119085.1|	93.864	440	25	2	4	443	347	784	0.0	662	29364
4522e3d4d658ed3d69dc91d288981632	gi|3030611230|ref|NR_199906.1|	93.636	440	28	0	4	443	354	793	0.0	658	3123317
4522e3d4d658ed3d69dc91d288981632	gi|3030611314|ref|NR_199990.1|	93.636	440	28	0	4	443	350	789	0.0	658	3123317
4522e3d4d658ed3d69dc91d288981632	gi|2363081778|ref|NR_179135.1|	93.651	441	27	1	4	443	330	770	0.0	658	2025494
4522e3d4d658ed3d69dc91d288981632	gi|1384992332|ref|NR_156081.1|	93.636	440	28	0	4	443	336	775	0.0	658	1469948
92e7f0331d9ef2db01d4e0e55104e514	gi|219846901|ref|NR_026493.1|	92.777	443	29	1	4	446	338	777	0.0	638	69825
92e7f0331d9ef2db01d4e0e55104e514	gi|2363086280|ref|NR_181392.1|	92.551	443	32	1	4	446	324	765	0.0	634	2763665
92e7f0331d9ef2db01d4e0e55104e514	gi|2363083601|ref|NR_180048.1|	92.551	443	30	1	4	446	338	777	0.0	632	253257
92e7f0331d9ef2db01d4e0e55104e514	gi|2962412268|ref|NR_199462.1|	92.551	443	30	1	4	446	303	742	0.0	632	3111456
92e7f0331d9ef2db01d4e0e55104e514	gi|507148045|ref|NR_102852.1|	92.551	443	30	1	4	446	348	787	0.0	632	84030
92e7f0331d9ef2db01d4e0e55104e514	gi|559795307|ref|NR_104899.1|	92.551	443	30	1	4	446	328	767	0.0	632	384636
92e7f0331d9ef2db01d4e0e55104e514	gi|310975204|ref|NR_037068.1|	92.551	443	30	1	4	446	341	780	0.0	632	29375
92e7f0331d9ef2db01d4e0e55104e514	gi|636559154|ref|NR_115211.1|	92.551	443	30	1	4	446	333	772	0.0	632	253257
92e7f0331d9ef2db01d4e0e55104e514	gi|343198783|ref|NR_043680.1|	92.551	443	30	1	4	446	257	696	0.0	632	358742
92e7f0331d9ef2db01d4e0e55104e514	gi|219846902|ref|NR_026494.1|	92.551	443	30	1	4	446	336	775	0.0	632	84030
28eb7282fc19b9a35d01781cce79d6c3	gi|1269801501|ref|NR_075005.2|	99.091	220	2	0	4	223	347	566	3.96e-110	396	492670
28eb7282fc19b9a35d01781cce79d6c3	gi|2363083953|ref|NR_180225.1|	99.091	220	2	0	4	223	292	511	3.96e-110	396	2741433
28eb7282fc19b9a35d01781cce79d6c3	gi|2363083897|ref|NR_180197.1|	99.091	220	2	0	4	223	304	523	3.96e-110	396	2828702
28eb7282fc19b9a35d01781cce79d6c3	gi|645320834|ref|NR_117946.1|	99.091	220	2	0	4	223	322	541	3.96e-110	396	1390
28eb7282fc19b9a35d01781cce79d6c3	gi|636560180|ref|NR_116240.1|	99.091	220	2	0	4	223	308	527	3.96e-110	396	492670
28eb7282fc19b9a35d01781cce79d6c3	gi|636560130|ref|NR_116190.1|	99.091	220	2	0	4	223	204	423	3.96e-110	396	1452
28eb7282fc19b9a35d01781cce79d6c3	gi|636560126|ref|NR_116186.1|	99.091	220	2	0	4	223	204	423	3.96e-110	396	72361
28eb7282fc19b9a35d01781cce79d6c3	gi|631251526|ref|NR_112723.1|	99.091	220	2	0	4	223	320	539	3.96e-110	396	1452
28eb7282fc19b9a35d01781cce79d6c3	gi|631251488|ref|NR_112685.1|	99.091	220	2	0	4	223	320	539	3.96e-110	396	1390
28eb7282fc19b9a35d01781cce79d6c3	gi|636559962|ref|NR_116022.1|	99.091	220	2	0	4	223	318	537	3.96e-110	396	1390
507b22a49dc069be30e113736d8127c5	gi|631251879|ref|NR_113077.1|	97.386	459	12	0	4	462	329	787	0.0	782	454154
507b22a49dc069be30e113736d8127c5	gi|343200939|ref|NR_041626.1|	97.386	459	12	0	4	462	321	779	0.0	782	762968
507b22a49dc069be30e113736d8127c5	gi|631251880|ref|NR_113078.1|	92.593	459	34	0	4	462	339	797	0.0	660	454155
507b22a49dc069be30e113736d8127c5	gi|343200940|ref|NR_041627.1|	92.593	459	34	0	4	462	319	777	0.0	660	762982
507b22a49dc069be30e113736d8127c5	gi|2363082635|ref|NR_179564.1|	88.528	462	48	5	4	462	338	797	1.35e-157	555	1903262
507b22a49dc069be30e113736d8127c5	gi|1146059112|ref|NR_145844.1|	87.905	463	49	6	4	462	339	798	1.36e-152	538	1411144
507b22a49dc069be30e113736d8127c5	gi|2363086250|ref|NR_181377.1|	87.879	462	51	5	4	462	343	802	1.36e-152	538	2763138
507b22a49dc069be30e113736d8127c5	gi|631252155|ref|NR_113353.1|	87.446	462	53	4	4	462	338	797	2.94e-149	527	28119
507b22a49dc069be30e113736d8127c5	gi|1116030289|ref|NR_144747.1|	87.041	463	53	5	4	462	337	796	6.37e-146	516	1841865
507b22a49dc069be30e113736d8127c5	gi|2363086254|ref|NR_181379.1|	87.069	464	51	7	4	462	341	800	6.37e-146	516	2725562
9ecc3383ec637f902621366734c7680f	gi|3248465644|ref|NR_201656.1|	97.052	441	12	1	4	444	329	768	0.0	741	3417633
9ecc3383ec637f902621366734c7680f	gi|444303976|ref|NR_074399.1|	95.692	441	18	1	4	444	333	772	0.0	708	697329
9ecc3383ec637f902621366734c7680f	gi|631251834|ref|NR_113032.1|	95.692	441	18	1	4	444	333	772	0.0	708	1264
9ecc3383ec637f902621366734c7680f	gi|636559173|ref|NR_115230.1|	95.692	441	18	1	4	444	333	772	0.0	708	697329
9ecc3383ec637f902621366734c7680f	gi|219846339|ref|NR_025929.1|	95.692	441	18	1	4	444	328	767	0.0	708	697329
9ecc3383ec637f902621366734c7680f	gi|507148077|ref|NR_102884.1|	94.331	441	24	1	4	444	331	770	0.0	675	213810
9ecc3383ec637f902621366734c7680f	gi|636558832|ref|NR_114889.1|	94.104	441	24	2	4	444	277	715	0.0	669	213810
9ecc3383ec637f902621366734c7680f	gi|2363082601|ref|NR_179547.1|	93.197	441	29	1	4	444	347	786	0.0	647	1870991
9ecc3383ec637f902621366734c7680f	gi|3248465648|ref|NR_201660.1|	92.986	442	28	3	4	444	319	758	0.0	641	3417630
9ecc3383ec637f902621366734c7680f	gi|219846341|ref|NR_025931.1|	92.760	442	29	3	4	444	308	747	0.0	636	1265
ee5e906f69e4b71ec2767d5db308ddac	gi|343198540|ref|NR_042832.1|	97.279	441	11	1	4	443	330	770	0.0	747	301302
ee5e906f69e4b71ec2767d5db308ddac	gi|444304209|ref|NR_074634.1|	97.045	440	13	0	4	443	350	789	0.0	741	515619
ee5e906f69e4b71ec2767d5db308ddac	gi|645320588|ref|NR_117758.1|	96.380	442	14	1	4	443	322	763	0.0	726	166486
ee5e906f69e4b71ec2767d5db308ddac	gi|228716944|ref|NR_027557.1|	96.380	442	14	1	4	443	343	784	0.0	726	536231
ee5e906f69e4b71ec2767d5db308ddac	gi|444439494|ref|NR_074809.1|	96.372	441	15	1	4	443	350	790	0.0	725	585394
ee5e906f69e4b71ec2767d5db308ddac	gi|343201282|ref|NR_042008.1|	96.145	441	15	2	4	443	341	780	0.0	719	585394
ee5e906f69e4b71ec2767d5db308ddac	gi|1227086116|ref|NR_148619.1|	95.928	442	16	2	4	443	301	742	0.0	715	1712665
ee5e906f69e4b71ec2767d5db308ddac	gi|2363086282|ref|NR_181393.1|	95.682	440	19	0	4	443	290	729	0.0	708	2763664
ee5e906f69e4b71ec2767d5db308ddac	gi|343201281|ref|NR_042007.1|	95.495	444	14	5	4	443	343	784	0.0	704	622312
ee5e906f69e4b71ec2767d5db308ddac	gi|2363085153|ref|NR_180825.1|	95.011	441	21	1	4	443	347	787	0.0	691	2605790
cdbcf01a47590abb5aa74105d9843257	gi|631253197|ref|NR_114395.1|	99.345	458	2	1	4	461	333	789	0.0	828	1660
cdbcf01a47590abb5aa74105d9843257	gi|343201257|ref|NR_041983.1|	99.345	458	2	1	4	461	301	757	0.0	828	1660
cdbcf01a47590abb5aa74105d9843257	gi|2363082563|ref|NR_179528.1|	98.472	458	7	0	4	461	317	774	0.0	809	1852361
cdbcf01a47590abb5aa74105d9843257	gi|645322323|ref|NR_119102.1|	97.817	458	10	0	4	461	302	759	0.0	798	1660
cdbcf01a47590abb5aa74105d9843257	gi|2363082577|ref|NR_179535.1|	98.035	458	9	0	4	461	335	792	0.0	797	1852376
cdbcf01a47590abb5aa74105d9843257	gi|265678978|ref|NR_029286.1|	98.039	459	7	2	4	461	327	784	0.0	797	52773
cdbcf01a47590abb5aa74105d9843257	gi|2363082675|ref|NR_179585.1|	97.821	459	7	2	4	461	318	774	0.0	789	1926276
cdbcf01a47590abb5aa74105d9843257	gi|219846590|ref|NR_026182.1|	97.174	460	10	3	4	461	329	787	0.0	774	52768
cdbcf01a47590abb5aa74105d9843257	gi|2363082579|ref|NR_179536.1|	96.732	459	12	2	4	461	335	791	0.0	761	1852377
cdbcf01a47590abb5aa74105d9843257	gi|310975156|ref|NR_037020.1|	96.507	458	16	0	4	461	314	771	0.0	760	131111
383e609e4d4dabf59677b138c256bec2	gi|2363080123|ref|NR_178280.1|	93.708	445	20	7	4	445	331	770	0.0	660	411483
383e609e4d4dabf59677b138c256bec2	gi|3030611269|ref|NR_199945.1|	93.483	445	21	7	4	445	335	774	0.0	654	3435293
383e609e4d4dabf59677b138c256bec2	gi|2363081449|ref|NR_178971.1|	93.258	445	21	8	4	445	285	723	0.0	647	1851427
383e609e4d4dabf59677b138c256bec2	gi|265678656|ref|NR_028961.1|	93.034	445	23	7	4	445	327	766	0.0	643	853
383e609e4d4dabf59677b138c256bec2	gi|2363081451|ref|NR_178972.1|	92.809	445	24	7	4	445	285	724	0.0	638	1851428
383e609e4d4dabf59677b138c256bec2	gi|2363082282|ref|NR_179388.1|	92.152	446	25	9	4	445	335	774	1.26e-177	621	2935520
383e609e4d4dabf59677b138c256bec2	gi|2363084747|ref|NR_180622.1|	91.461	445	30	8	4	445	335	774	1.27e-172	604	2779354
383e609e4d4dabf59677b138c256bec2	gi|2363082667|ref|NR_179581.1|	91.403	442	35	2	4	445	331	769	4.57e-172	603	1917873
383e609e4d4dabf59677b138c256bec2	gi|559795255|ref|NR_104846.1|	91.236	445	31	8	4	445	288	727	5.91e-171	599	745368
383e609e4d4dabf59677b138c256bec2	gi|265678692|ref|NR_028997.1|	91.236	445	32	7	4	445	303	743	5.91e-171	599	214851
de3416e927817cdd03b70166ec73755b	gi|631251745|ref|NR_112943.1|	99.130	460	4	0	4	463	326	785	0.0	828	449673
de3416e927817cdd03b70166ec73755b	gi|224581415|ref|NR_027196.1|	98.261	460	8	0	4	463	317	776	0.0	808	449673
de3416e927817cdd03b70166ec73755b	gi|343200620|ref|NR_041307.1|	96.739	460	15	0	4	463	334	793	0.0	767	329854
de3416e927817cdd03b70166ec73755b	gi|631251867|ref|NR_113065.1|	96.522	460	16	0	4	463	338	797	0.0	761	762984
de3416e927817cdd03b70166ec73755b	gi|631251695|ref|NR_112893.1|	96.522	460	16	0	4	463	318	777	0.0	761	762984
de3416e927817cdd03b70166ec73755b	gi|2363086949|ref|NR_181731.1|	96.304	460	17	0	4	463	290	749	0.0	756	2834112
de3416e927817cdd03b70166ec73755b	gi|631251735|ref|NR_112933.1|	96.312	461	15	2	4	463	334	793	0.0	756	246787
de3416e927817cdd03b70166ec73755b	gi|2363086550|ref|NR_181532.1|	95.652	460	20	0	4	463	322	781	0.0	739	2763025
de3416e927817cdd03b70166ec73755b	gi|631251747|ref|NR_112945.1|	95.652	460	20	0	4	463	327	786	0.0	739	820
de3416e927817cdd03b70166ec73755b	gi|631251734|ref|NR_112932.1|	95.652	460	20	0	4	463	328	787	0.0	739	47678
1514c59ef4086e256947ef1cc7135aba	gi|219857539|ref|NR_025127.1|	95.249	442	21	0	4	445	345	786	0.0	701	140626
1514c59ef4086e256947ef1cc7135aba	gi|2363085153|ref|NR_180825.1|	94.570	442	23	1	4	445	347	787	0.0	682	2605790
1514c59ef4086e256947ef1cc7135aba	gi|2363082059|ref|NR_179276.1|	94.595	444	18	4	4	445	334	773	0.0	682	2316025
1514c59ef4086e256947ef1cc7135aba	gi|2363085149|ref|NR_180823.1|	94.344	442	23	1	4	445	357	796	0.0	676	2606634
1514c59ef4086e256947ef1cc7135aba	gi|2363085103|ref|NR_180800.1|	94.344	442	23	1	4	445	347	786	0.0	676	2652274
1514c59ef4086e256947ef1cc7135aba	gi|1116030273|ref|NR_144731.1|	94.344	442	23	1	4	445	347	786	0.0	676	1720294
1514c59ef4086e256947ef1cc7135aba	gi|602270486|ref|NR_036869.2|	94.357	443	21	3	4	445	342	781	0.0	676	84037
1514c59ef4086e256947ef1cc7135aba	gi|631253128|ref|NR_114326.1|	94.344	442	23	1	4	445	334	773	0.0	676	1150298
1514c59ef4086e256947ef1cc7135aba	gi|645321373|ref|NR_118354.1|	94.357	443	21	3	4	445	342	781	0.0	676	84037
1514c59ef4086e256947ef1cc7135aba	gi|2363086284|ref|NR_181394.1|	94.344	442	23	1	4	445	306	745	0.0	676	2763668
59a716078c895b89302ad62428f5e684	gi|2363086278|ref|NR_181391.1|	99.318	440	3	0	4	443	249	688	0.0	797	2763670
59a716078c895b89302ad62428f5e684	gi|219856842|ref|NR_024661.1|	97.045	440	13	0	4	443	361	800	0.0	741	42322
59a716078c895b89302ad62428f5e684	gi|343198925|ref|NR_044049.1|	95.000	440	22	0	4	443	316	755	0.0	691	33043
59a716078c895b89302ad62428f5e684	gi|2363085925|ref|NR_181215.1|	94.773	440	23	0	4	443	331	770	0.0	686	2738446
59a716078c895b89302ad62428f5e684	gi|631252121|ref|NR_113319.1|	94.545	440	24	0	4	443	350	789	0.0	680	645466
59a716078c895b89302ad62428f5e684	gi|943392602|ref|NR_117139.2|	94.318	440	25	0	4	443	346	785	0.0	675	649756
59a716078c895b89302ad62428f5e684	gi|943392601|ref|NR_117138.2|	94.318	440	25	0	4	443	346	785	0.0	675	649756
59a716078c895b89302ad62428f5e684	gi|559795210|ref|NR_104799.1|	94.318	440	25	0	4	443	338	777	0.0	675	649756
59a716078c895b89302ad62428f5e684	gi|636560803|ref|NR_116863.1|	94.331	441	24	1	4	443	337	777	0.0	675	645466
59a716078c895b89302ad62428f5e684	gi|343202586|ref|NR_042953.1|	94.318	440	25	0	4	443	308	747	0.0	675	264463
ef6fbf75f5bae4e50b9f9cc70dfb80a6	gi|2363082342|ref|NR_179418.1|	93.002	443	30	1	4	445	348	790	0.0	645	1673721
ef6fbf75f5bae4e50b9f9cc70dfb80a6	gi|3030611324|ref|NR_200000.1|	92.777	443	31	1	4	445	301	743	0.0	640	3342383
ef6fbf75f5bae4e50b9f9cc70dfb80a6	gi|1109168025|ref|NR_144611.1|	92.777	443	31	1	4	445	282	724	0.0	640	1417852
ef6fbf75f5bae4e50b9f9cc70dfb80a6	gi|2363082352|ref|NR_179423.1|	92.325	443	33	1	4	445	349	791	7.54e-180	628	1689270
ef6fbf75f5bae4e50b9f9cc70dfb80a6	gi|2363082168|ref|NR_179330.1|	92.099	443	33	2	4	445	327	768	3.51e-178	623	2714355
ef6fbf75f5bae4e50b9f9cc70dfb80a6	gi|2363082569|ref|NR_179531.1|	91.874	443	34	2	4	445	347	788	1.63e-176	617	1852369
ef6fbf75f5bae4e50b9f9cc70dfb80a6	gi|645321636|ref|NR_118554.1|	91.874	443	35	1	4	445	329	771	1.63e-176	617	1297617
ef6fbf75f5bae4e50b9f9cc70dfb80a6	gi|219846612|ref|NR_026204.1|	91.648	443	36	1	4	445	328	770	2.11e-175	614	47246
ef6fbf75f5bae4e50b9f9cc70dfb80a6	gi|2363083800|ref|NR_180148.1|	91.648	443	36	1	4	445	349	791	7.59e-175	612	2211183
ef6fbf75f5bae4e50b9f9cc70dfb80a6	gi|2363082165|ref|NR_179329.1|	91.422	443	36	2	4	445	327	768	3.53e-173	606	2714353
92c5788a5007145fa837e1d3c495576a	gi|265678578|ref|NR_028883.1|	99.093	441	3	1	4	443	226	666	0.0	791	88431
92c5788a5007145fa837e1d3c495576a	gi|1397641798|ref|NR_156907.1|	96.606	442	11	4	4	443	348	787	0.0	730	1912855
92c5788a5007145fa837e1d3c495576a	gi|265678482|ref|NR_028785.1|	96.599	441	13	2	4	443	351	790	0.0	730	29347
92c5788a5007145fa837e1d3c495576a	gi|1109168023|ref|NR_144610.1|	96.372	441	14	2	4	443	339	778	0.0	725	1796622
92c5788a5007145fa837e1d3c495576a	gi|645322565|ref|NR_119285.1|	96.372	441	14	2	4	443	325	764	0.0	725	29347
92c5788a5007145fa837e1d3c495576a	gi|631250892|ref|NR_112089.1|	96.380	442	12	4	4	443	336	775	0.0	725	553973
92c5788a5007145fa837e1d3c495576a	gi|310974936|ref|NR_036800.1|	96.372	441	14	2	4	443	326	765	0.0	725	411470
92c5788a5007145fa837e1d3c495576a	gi|645321810|ref|NR_118690.1|	96.372	441	14	2	4	443	338	777	0.0	725	411470
92c5788a5007145fa837e1d3c495576a	gi|224581401|ref|NR_024719.1|	96.380	442	11	5	4	443	341	779	0.0	723	89153
92c5788a5007145fa837e1d3c495576a	gi|2363082765|ref|NR_179631.1|	96.136	440	17	0	4	443	348	787	0.0	719	2014528
398e1d9c318df1d028b5e2bfef9bc9d7	gi|2363082342|ref|NR_179418.1|	90.315	444	41	2	4	446	348	790	2.15e-165	580	1673721
398e1d9c318df1d028b5e2bfef9bc9d7	gi|645321636|ref|NR_118554.1|	89.189	444	46	2	4	446	329	771	4.68e-157	553	1297617
398e1d9c318df1d028b5e2bfef9bc9d7	gi|1109168025|ref|NR_144611.1|	88.514	444	49	2	4	446	282	724	4.71e-152	536	1417852
398e1d9c318df1d028b5e2bfef9bc9d7	gi|2136551692|ref|NR_173697.1|	88.514	444	48	3	4	446	349	790	1.70e-151	534	2108523
398e1d9c318df1d028b5e2bfef9bc9d7	gi|2363084741|ref|NR_180619.1|	88.262	443	52	0	4	446	347	789	2.19e-150	531	2779352
398e1d9c318df1d028b5e2bfef9bc9d7	gi|2363082326|ref|NR_179410.1|	88.288	444	50	2	4	446	349	791	2.19e-150	531	1650661
398e1d9c318df1d028b5e2bfef9bc9d7	gi|1193829132|ref|NR_147375.1|	88.341	446	43	9	4	446	347	786	2.84e-149	527	1870986
398e1d9c318df1d028b5e2bfef9bc9d7	gi|3030611324|ref|NR_200000.1|	88.063	444	51	2	4	446	301	743	1.02e-148	525	3342383
398e1d9c318df1d028b5e2bfef9bc9d7	gi|2363082358|ref|NR_179426.1|	88.090	445	49	4	4	446	349	791	1.02e-148	525	1702285
398e1d9c318df1d028b5e2bfef9bc9d7	gi|2363082168|ref|NR_179330.1|	88.090	445	48	3	4	446	327	768	3.67e-148	523	2714355
90bded10199511e61d1fb14bf47b4c01	gi|1116030238|ref|NR_144696.1|	99.545	440	2	0	4	443	333	772	0.0	802	1414720
90bded10199511e61d1fb14bf47b4c01	gi|219846899|ref|NR_026491.1|	99.545	440	2	0	4	443	319	758	0.0	802	84024
90bded10199511e61d1fb14bf47b4c01	gi|219846557|ref|NR_026149.1|	99.091	440	4	0	4	443	325	764	0.0	791	36850
90bded10199511e61d1fb14bf47b4c01	gi|219846575|ref|NR_026167.1|	98.416	442	4	2	4	443	246	686	0.0	778	36834
90bded10199511e61d1fb14bf47b4c01	gi|2363082288|ref|NR_179391.1|	98.182	440	8	0	4	443	332	771	0.0	769	1499684
90bded10199511e61d1fb14bf47b4c01	gi|219846422|ref|NR_026013.1|	97.955	440	9	0	4	443	333	772	0.0	763	46867
90bded10199511e61d1fb14bf47b4c01	gi|631252127|ref|NR_113325.1|	97.727	440	10	0	4	443	333	772	0.0	758	1559
90bded10199511e61d1fb14bf47b4c01	gi|219846898|ref|NR_026490.1|	97.727	440	10	0	4	443	320	759	0.0	758	84031
90bded10199511e61d1fb14bf47b4c01	gi|310975222|ref|NR_037086.1|	97.727	440	10	0	4	443	316	755	0.0	758	1559
90bded10199511e61d1fb14bf47b4c01	gi|636558671|ref|NR_114728.1|	97.727	440	10	0	4	443	287	726	0.0	758	1559
9be4ad58c217412da7cc9b9604225a53	gi|265679047|ref|NR_029355.1|	93.679	443	24	4	4	445	332	771	0.0	660	84026
9be4ad58c217412da7cc9b9604225a53	gi|2363082601|ref|NR_179547.1|	93.228	443	26	4	4	445	347	786	0.0	649	1870991
9be4ad58c217412da7cc9b9604225a53	gi|228717037|ref|NR_027558.1|	92.986	442	28	2	4	445	292	730	0.0	641	169435
9be4ad58c217412da7cc9b9604225a53	gi|343205927|ref|NR_044425.1|	91.874	443	32	4	4	445	346	785	5.87e-176	616	474960
9be4ad58c217412da7cc9b9604225a53	gi|2363082340|ref|NR_179417.1|	91.874	443	31	4	4	445	345	783	2.11e-175	614	1673720
9be4ad58c217412da7cc9b9604225a53	gi|2363086272|ref|NR_181388.1|	91.648	443	33	3	4	445	388	827	2.73e-174	610	2763658
9be4ad58c217412da7cc9b9604225a53	gi|2363082625|ref|NR_179559.1|	91.685	445	30	7	4	445	333	773	2.73e-174	610	1871018
9be4ad58c217412da7cc9b9604225a53	gi|2363082755|ref|NR_179626.1|	91.648	443	32	4	4	445	351	789	9.82e-174	608	1987501
9be4ad58c217412da7cc9b9604225a53	gi|2363082711|ref|NR_179603.1|	91.685	445	28	7	4	445	317	755	9.82e-174	608	1944642
9be4ad58c217412da7cc9b9604225a53	gi|2363082585|ref|NR_179539.1|	91.422	443	33	4	4	445	351	789	4.57e-172	603	1852384
8f0df649574e6f20382a7a4c511dc245	gi|631251953|ref|NR_113151.1|	99.348	460	3	0	4	463	338	797	0.0	833	328813
8f0df649574e6f20382a7a4c511dc245	gi|343202833|ref|NR_043318.1|	99.348	460	3	0	4	463	324	783	0.0	833	328813
8f0df649574e6f20382a7a4c511dc245	gi|2363082099|ref|NR_179296.1|	97.391	460	12	0	4	463	324	783	0.0	784	2585119
8f0df649574e6f20382a7a4c511dc245	gi|507148054|ref|NR_102861.1|	96.957	460	14	0	4	463	334	793	0.0	773	717959
8f0df649574e6f20382a7a4c511dc245	gi|672239000|ref|NR_125589.1|	96.963	461	12	2	4	463	269	728	0.0	773	1033731
8f0df649574e6f20382a7a4c511dc245	gi|343202834|ref|NR_043319.1|	96.739	460	15	0	4	463	323	782	0.0	769	717959
8f0df649574e6f20382a7a4c511dc245	gi|2363082505|ref|NR_179499.1|	96.739	460	15	0	4	463	342	801	0.0	767	2364787
8f0df649574e6f20382a7a4c511dc245	gi|507148137|ref|NR_102944.1|	96.739	460	15	0	4	463	334	793	0.0	767	214856
8f0df649574e6f20382a7a4c511dc245	gi|631251955|ref|NR_113153.1|	96.739	460	15	0	4	463	334	793	0.0	767	328814
8f0df649574e6f20382a7a4c511dc245	gi|636559243|ref|NR_115300.1|	96.739	460	15	0	4	463	314	773	0.0	767	679935
c19eb3c19975a84091d3f44ce5da2c0d	gi|545589041|ref|NR_044644.2|	97.506	441	11	0	4	444	354	794	0.0	761	39484
c19eb3c19975a84091d3f44ce5da2c0d	gi|1277396271|ref|NR_151982.1|	97.517	443	9	1	4	444	248	690	0.0	756	1628085
c19eb3c19975a84091d3f44ce5da2c0d	gi|1193829128|ref|NR_147371.1|	97.506	441	11	0	4	444	277	717	0.0	754	1871029
c19eb3c19975a84091d3f44ce5da2c0d	gi|1277396349|ref|NR_152060.1|	97.291	443	10	1	4	444	336	778	0.0	750	1712515
c19eb3c19975a84091d3f44ce5da2c0d	gi|2363082930|ref|NR_179713.1|	94.357	443	23	2	4	444	319	761	0.0	678	1945634
c19eb3c19975a84091d3f44ce5da2c0d	gi|343205971|ref|NR_044490.1|	94.144	444	23	2	4	444	348	791	0.0	673	501571
c19eb3c19975a84091d3f44ce5da2c0d	gi|2363087009|ref|NR_181761.1|	92.986	442	30	1	4	444	269	710	0.0	643	2841509
c19eb3c19975a84091d3f44ce5da2c0d	gi|2363083800|ref|NR_180148.1|	90.068	443	42	2	4	444	349	791	3.58e-163	573	2211183
c19eb3c19975a84091d3f44ce5da2c0d	gi|265679047|ref|NR_029355.1|	89.342	441	46	1	4	444	332	771	4.66e-157	553	84026
c19eb3c19975a84091d3f44ce5da2c0d	gi|219846612|ref|NR_026204.1|	88.964	444	45	3	4	444	328	770	2.17e-155	547	47246
6dcf418b4d5ce80c28ed5ee91a3900a8	gi|1040567056|ref|NR_137405.1|	95.455	440	20	0	4	443	307	746	0.0	702	1619234
6dcf418b4d5ce80c28ed5ee91a3900a8	gi|2363080283|ref|NR_178367.1|	95.455	440	20	0	4	443	328	767	0.0	702	673271
6dcf418b4d5ce80c28ed5ee91a3900a8	gi|219857122|ref|NR_024750.1|	95.249	442	18	3	4	443	300	740	0.0	699	116085
6dcf418b4d5ce80c28ed5ee91a3900a8	gi|1109168027|ref|NR_144612.1|	95.238	441	19	2	4	443	350	789	0.0	697	1796636
6dcf418b4d5ce80c28ed5ee91a3900a8	gi|1277396183|ref|NR_151894.1|	95.227	440	21	0	4	443	335	774	0.0	697	433293
6dcf418b4d5ce80c28ed5ee91a3900a8	gi|3030611230|ref|NR_199906.1|	95.011	441	20	2	4	443	354	793	0.0	691	3123317
6dcf418b4d5ce80c28ed5ee91a3900a8	gi|3030611314|ref|NR_199990.1|	95.011	441	20	2	4	443	350	789	0.0	691	3123317
6dcf418b4d5ce80c28ed5ee91a3900a8	gi|1384992331|ref|NR_156080.1|	95.011	441	20	2	4	443	336	775	0.0	691	1469948
6dcf418b4d5ce80c28ed5ee91a3900a8	gi|1384992328|ref|NR_156077.1|	95.011	441	20	2	4	443	336	775	0.0	691	1469948
6dcf418b4d5ce80c28ed5ee91a3900a8	gi|1227086118|ref|NR_148620.1|	95.000	440	22	0	4	443	195	634	0.0	691	1763509
03821d04c17d727aa3850a3f885ac956	gi|2363085892|ref|NR_181198.1|	99.785	465	1	0	4	468	268	732	0.0	854	2735723
03821d04c17d727aa3850a3f885ac956	gi|265678513|ref|NR_028816.1|	98.925	465	5	0	4	468	310	774	0.0	832	154288
03821d04c17d727aa3850a3f885ac956	gi|566085589|ref|NR_109669.1|	91.613	465	39	0	4	468	329	793	0.0	643	1202712
03821d04c17d727aa3850a3f885ac956	gi|636560492|ref|NR_116552.1|	91.613	465	39	0	4	468	291	755	0.0	643	1384057
03821d04c17d727aa3850a3f885ac956	gi|636559469|ref|NR_115529.1|	91.613	465	39	0	4	468	320	784	0.0	643	1421
03821d04c17d727aa3850a3f885ac956	gi|1811131534|ref|NR_165716.1|	91.398	465	40	0	4	468	317	781	0.0	638	2304605
03821d04c17d727aa3850a3f885ac956	gi|2363086993|ref|NR_181753.1|	91.435	467	36	4	4	468	295	759	0.0	638	1547283
03821d04c17d727aa3850a3f885ac956	gi|645321097|ref|NR_118146.1|	91.398	465	40	0	4	468	311	775	0.0	638	1130819
03821d04c17d727aa3850a3f885ac956	gi|631251372|ref|NR_112569.1|	91.398	465	40	0	4	468	322	786	0.0	638	28031
03821d04c17d727aa3850a3f885ac956	gi|631251431|ref|NR_112628.1|	91.398	465	40	0	4	468	322	786	0.0	638	28031
496136e714346fd822e449c2ed0e2dca	gi|343198636|ref|NR_043142.1|	99.097	443	4	0	4	446	323	765	0.0	797	292800
496136e714346fd822e449c2ed0e2dca	gi|265679048|ref|NR_029356.1|	99.097	443	4	0	4	446	336	778	0.0	797	292800
496136e714346fd822e449c2ed0e2dca	gi|2363084741|ref|NR_180619.1|	97.291	443	12	0	4	446	347	789	0.0	752	2779352
496136e714346fd822e449c2ed0e2dca	gi|219846080|ref|NR_025670.1|	95.937	443	18	0	4	446	329	771	0.0	719	411467
496136e714346fd822e449c2ed0e2dca	gi|2136551692|ref|NR_173697.1|	95.937	443	17	1	4	446	349	790	0.0	717	2108523
496136e714346fd822e449c2ed0e2dca	gi|1193829127|ref|NR_147370.1|	95.711	443	19	0	4	446	349	791	0.0	713	1870988
496136e714346fd822e449c2ed0e2dca	gi|2363082326|ref|NR_179410.1|	95.711	443	19	0	4	446	349	791	0.0	713	1650661
496136e714346fd822e449c2ed0e2dca	gi|3030611323|ref|NR_199999.1|	95.485	443	20	0	4	446	301	743	0.0	708	3133422
496136e714346fd822e449c2ed0e2dca	gi|2363082358|ref|NR_179426.1|	95.485	443	20	0	4	446	349	791	0.0	708	1702285
496136e714346fd822e449c2ed0e2dca	gi|2363082342|ref|NR_179418.1|	95.034	443	22	0	4	446	348	790	0.0	697	1673721
8343bc1173ace3216a65bd4ed9ece363	gi|2363082679|ref|NR_179587.1|	96.818	440	14	0	4	443	328	767	0.0	736	1926283
8343bc1173ace3216a65bd4ed9ece363	gi|2363081854|ref|NR_179173.1|	96.818	440	14	0	4	443	333	772	0.0	736	2126740
8343bc1173ace3216a65bd4ed9ece363	gi|3030611230|ref|NR_199906.1|	96.136	440	17	0	4	443	354	793	0.0	719	3123317
8343bc1173ace3216a65bd4ed9ece363	gi|3030611314|ref|NR_199990.1|	96.136	440	17	0	4	443	350	789	0.0	719	3123317
8343bc1173ace3216a65bd4ed9ece363	gi|2836274880|ref|NR_197643.1|	96.136	440	17	0	4	443	329	768	0.0	719	2962432
8343bc1173ace3216a65bd4ed9ece363	gi|1384992331|ref|NR_156080.1|	96.136	440	17	0	4	443	336	775	0.0	719	1469948
8343bc1173ace3216a65bd4ed9ece363	gi|1384992328|ref|NR_156077.1|	96.136	440	17	0	4	443	336	775	0.0	719	1469948
8343bc1173ace3216a65bd4ed9ece363	gi|2363085097|ref|NR_180797.1|	96.136	440	17	0	4	443	346	785	0.0	719	2605778
8343bc1173ace3216a65bd4ed9ece363	gi|1384992332|ref|NR_156081.1|	95.909	440	18	0	4	443	336	775	0.0	713	1469948
8343bc1173ace3216a65bd4ed9ece363	gi|1384992329|ref|NR_156078.1|	95.909	440	18	0	4	443	336	775	0.0	713	1469948
73ab5f3c5af89937f165c2d9010a166d	gi|1116030292|ref|NR_144750.1|	90.497	463	40	3	4	465	341	800	1.03e-173	608	1852370
73ab5f3c5af89937f165c2d9010a166d	gi|645321347|ref|NR_118334.1|	89.032	465	43	7	4	465	321	780	4.86e-162	569	671218
73ab5f3c5af89937f165c2d9010a166d	gi|631251918|ref|NR_113116.1|	86.667	465	54	7	4	465	328	787	1.07e-143	508	28133
73ab5f3c5af89937f165c2d9010a166d	gi|631251917|ref|NR_113115.1|	86.667	465	54	7	4	465	128	587	1.07e-143	508	997352
73ab5f3c5af89937f165c2d9010a166d	gi|631251747|ref|NR_112945.1|	86.638	464	56	5	4	465	327	786	1.07e-143	508	820
73ab5f3c5af89937f165c2d9010a166d	gi|636558583|ref|NR_114640.1|	86.667	465	54	7	4	465	321	780	1.07e-143	508	997352
73ab5f3c5af89937f165c2d9010a166d	gi|343200179|ref|NR_040866.1|	86.638	464	56	5	4	465	334	793	1.07e-143	508	820
73ab5f3c5af89937f165c2d9010a166d	gi|2363086550|ref|NR_181532.1|	86.393	463	59	3	4	465	322	781	5.00e-142	503	2763025
73ab5f3c5af89937f165c2d9010a166d	gi|631251745|ref|NR_112943.1|	86.393	463	59	3	4	465	326	785	5.00e-142	503	449673
73ab5f3c5af89937f165c2d9010a166d	gi|343206258|ref|NR_044850.1|	86.452	465	55	7	4	465	313	772	5.00e-142	503	28133
207505eb025ca9a082148e4d3a84c044	gi|2363086276|ref|NR_181390.1|	94.331	441	22	3	4	442	304	743	0.0	673	2763659
207505eb025ca9a082148e4d3a84c044	gi|1445136071|ref|NR_158111.1|	93.409	440	27	2	4	442	349	787	0.0	651	2038680
207505eb025ca9a082148e4d3a84c044	gi|1277396348|ref|NR_152059.1|	93.213	442	27	2	4	442	272	713	0.0	647	1849041
207505eb025ca9a082148e4d3a84c044	gi|2363082561|ref|NR_179527.1|	93.213	442	27	2	4	442	336	777	0.0	647	1841868
207505eb025ca9a082148e4d3a84c044	gi|1193829135|ref|NR_147378.1|	92.971	441	29	1	4	442	339	779	0.0	641	1871035
207505eb025ca9a082148e4d3a84c044	gi|343202572|ref|NR_042930.1|	92.727	440	30	2	4	442	366	804	0.0	634	258515
207505eb025ca9a082148e4d3a84c044	gi|2363082755|ref|NR_179626.1|	92.273	440	32	2	4	442	351	789	3.48e-178	623	1987501
207505eb025ca9a082148e4d3a84c044	gi|1193829155|ref|NR_147398.1|	92.045	440	33	2	4	442	351	789	1.62e-176	617	1720200
207505eb025ca9a082148e4d3a84c044	gi|2363082585|ref|NR_179539.1|	91.800	439	36	0	4	442	351	789	7.54e-175	612	1852384
207505eb025ca9a082148e4d3a84c044	gi|2363082601|ref|NR_179547.1|	91.591	440	36	1	4	442	347	786	3.51e-173	606	1870991
ef7514b237287646c23e2d7e0db880f5	gi|939733298|ref|NR_133025.1|	99.348	460	3	0	4	463	275	734	0.0	833	2585118
ef7514b237287646c23e2d7e0db880f5	gi|631251954|ref|NR_113152.1|	95.217	460	22	0	4	463	337	796	0.0	728	28117
ef7514b237287646c23e2d7e0db880f5	gi|2363082099|ref|NR_179296.1|	94.783	460	24	0	4	463	324	783	0.0	717	2585119
ef7514b237287646c23e2d7e0db880f5	gi|672239000|ref|NR_125589.1|	94.794	461	22	2	4	463	269	728	0.0	717	1033731
ef7514b237287646c23e2d7e0db880f5	gi|2363086959|ref|NR_181736.1|	94.577	461	23	2	4	463	334	793	0.0	712	2834113
ef7514b237287646c23e2d7e0db880f5	gi|507148054|ref|NR_102861.1|	94.577	461	23	2	4	463	334	793	0.0	712	717959
ef7514b237287646c23e2d7e0db880f5	gi|645321193|ref|NR_118219.1|	94.577	461	23	2	4	463	332	791	0.0	712	1033732
ef7514b237287646c23e2d7e0db880f5	gi|343202834|ref|NR_043319.1|	94.360	461	24	2	4	463	323	782	0.0	708	717959
ef7514b237287646c23e2d7e0db880f5	gi|631251955|ref|NR_113153.1|	94.360	461	24	2	4	463	334	793	0.0	706	328814
ef7514b237287646c23e2d7e0db880f5	gi|2363082505|ref|NR_179499.1|	93.952	463	22	6	4	463	342	801	0.0	695	2364787
d15ae4897c12be80bcef3ca85a62bd79	gi|2363082342|ref|NR_179418.1|	89.213	445	44	4	4	446	348	790	4.68e-157	553	1673721
d15ae4897c12be80bcef3ca85a62bd79	gi|645321636|ref|NR_118554.1|	88.764	445	46	4	4	446	329	771	1.01e-153	542	1297617
d15ae4897c12be80bcef3ca85a62bd79	gi|2363082358|ref|NR_179426.1|	88.288	444	50	2	4	446	349	791	2.19e-150	531	1702285
d15ae4897c12be80bcef3ca85a62bd79	gi|2136551692|ref|NR_173697.1|	88.262	443	51	1	4	446	349	790	7.89e-150	529	2108523
d15ae4897c12be80bcef3ca85a62bd79	gi|2363082326|ref|NR_179410.1|	88.063	444	51	2	4	446	349	791	1.02e-148	525	1650661
d15ae4897c12be80bcef3ca85a62bd79	gi|1109168025|ref|NR_144611.1|	88.063	444	51	2	4	446	282	724	1.02e-148	525	1417852
d15ae4897c12be80bcef3ca85a62bd79	gi|645321110|ref|NR_118156.1|	88.036	443	52	1	4	446	304	745	3.67e-148	523	1007096
d15ae4897c12be80bcef3ca85a62bd79	gi|2962412234|ref|NR_199428.1|	87.810	443	53	1	4	446	352	793	1.71e-146	518	3073143
d15ae4897c12be80bcef3ca85a62bd79	gi|3030611324|ref|NR_200000.1|	87.640	445	51	4	4	446	301	743	2.21e-145	514	3342383
d15ae4897c12be80bcef3ca85a62bd79	gi|3030611323|ref|NR_199999.1|	87.668	446	49	6	4	446	301	743	2.21e-145	514	3133422
521587435e8053400b489b8e0ad97873	gi|2621112341|ref|NR_189245.1|	91.874	443	35	1	4	446	363	804	1.64e-176	617	3046383
521587435e8053400b489b8e0ad97873	gi|2621112340|ref|NR_189244.1|	91.648	443	36	1	4	446	363	804	7.61e-175	612	3046382
521587435e8053400b489b8e0ad97873	gi|2363086262|ref|NR_181383.1|	89.189	444	47	1	4	446	307	750	4.68e-157	553	2763654
521587435e8053400b489b8e0ad97873	gi|2363086268|ref|NR_181386.1|	88.713	443	50	0	4	446	303	745	1.01e-153	542	2763655
521587435e8053400b489b8e0ad97873	gi|2363086270|ref|NR_181387.1|	88.539	445	46	4	4	446	302	743	1.70e-151	534	2763656
521587435e8053400b489b8e0ad97873	gi|2621112296|ref|NR_189199.1|	87.838	444	52	2	4	446	342	784	4.75e-147	520	2086585
521587435e8053400b489b8e0ad97873	gi|636559633|ref|NR_115693.1|	87.865	445	48	6	4	446	442	882	1.71e-146	518	694434
521587435e8053400b489b8e0ad97873	gi|636559632|ref|NR_115692.1|	87.865	445	48	6	4	446	442	882	1.71e-146	518	694434
521587435e8053400b489b8e0ad97873	gi|636559631|ref|NR_115691.1|	87.865	445	48	6	4	446	436	876	1.71e-146	518	694434
521587435e8053400b489b8e0ad97873	gi|636559630|ref|NR_115690.1|	87.865	445	48	6	4	446	448	888	1.71e-146	518	694434
b1e3ca6ba7a85bbfaf61881b7648f89b	gi|2363080123|ref|NR_178280.1|	97.273	440	12	0	4	443	331	770	0.0	747	411483
b1e3ca6ba7a85bbfaf61881b7648f89b	gi|3030611269|ref|NR_199945.1|	97.045	440	13	0	4	443	335	774	0.0	741	3435293
b1e3ca6ba7a85bbfaf61881b7648f89b	gi|2363081449|ref|NR_178971.1|	96.818	440	13	1	4	443	285	723	0.0	734	1851427
b1e3ca6ba7a85bbfaf61881b7648f89b	gi|265678656|ref|NR_028961.1|	96.591	440	15	0	4	443	327	766	0.0	730	853
b1e3ca6ba7a85bbfaf61881b7648f89b	gi|2363082282|ref|NR_179388.1|	96.372	441	14	2	4	443	335	774	0.0	725	2935520
b1e3ca6ba7a85bbfaf61881b7648f89b	gi|2363081451|ref|NR_178972.1|	96.364	440	16	0	4	443	285	724	0.0	725	1851428
b1e3ca6ba7a85bbfaf61881b7648f89b	gi|559795255|ref|NR_104846.1|	95.227	440	21	0	4	443	288	727	0.0	697	745368
b1e3ca6ba7a85bbfaf61881b7648f89b	gi|2363080175|ref|NR_178311.1|	95.000	440	22	0	4	443	412	851	0.0	691	2903556
b1e3ca6ba7a85bbfaf61881b7648f89b	gi|265678692|ref|NR_028997.1|	94.785	441	22	1	4	443	303	743	0.0	686	214851
b1e3ca6ba7a85bbfaf61881b7648f89b	gi|2363084747|ref|NR_180622.1|	93.651	441	26	2	4	443	335	774	0.0	658	2779354
7f5a232ca7c1456ee9e8fcedc40c22a6	gi|559795314|ref|NR_104907.1|	95.023	442	20	2	4	444	315	755	0.0	693	290054
7f5a232ca7c1456ee9e8fcedc40c22a6	gi|2136551683|ref|NR_173688.1|	92.744	441	31	1	4	444	321	760	0.0	636	2780922
7f5a232ca7c1456ee9e8fcedc40c22a6	gi|507148077|ref|NR_102884.1|	90.519	443	37	5	4	444	331	770	2.14e-165	580	213810
7f5a232ca7c1456ee9e8fcedc40c22a6	gi|1445136071|ref|NR_158111.1|	90.293	443	37	6	4	444	349	787	9.94e-164	575	2038680
7f5a232ca7c1456ee9e8fcedc40c22a6	gi|1864207164|ref|NR_169458.1|	90.023	441	43	1	4	444	345	784	4.62e-162	569	2164149
7f5a232ca7c1456ee9e8fcedc40c22a6	gi|3248465648|ref|NR_201660.1|	89.796	441	44	1	4	444	319	758	2.15e-160	564	3417630
7f5a232ca7c1456ee9e8fcedc40c22a6	gi|3248465644|ref|NR_201656.1|	89.819	442	42	3	4	444	329	768	2.15e-160	564	3417633
7f5a232ca7c1456ee9e8fcedc40c22a6	gi|2363082585|ref|NR_179539.1|	89.819	442	41	4	4	444	351	789	2.15e-160	564	1852384
7f5a232ca7c1456ee9e8fcedc40c22a6	gi|636558832|ref|NR_114889.1|	89.842	443	39	6	4	444	277	715	2.15e-160	564	213810
7f5a232ca7c1456ee9e8fcedc40c22a6	gi|636558732|ref|NR_114789.1|	89.842	443	40	5	4	444	347	786	2.15e-160	564	1535
59e5684e8e56d1a69e8da4d89e1cecca	gi|2260349448|ref|NR_176530.1|	99.321	442	3	0	4	445	358	799	0.0	800	2093857
59e5684e8e56d1a69e8da4d89e1cecca	gi|2363082559|ref|NR_179526.1|	99.321	442	3	0	4	445	349	790	0.0	800	1841866
59e5684e8e56d1a69e8da4d89e1cecca	gi|645321110|ref|NR_118156.1|	95.475	442	20	0	4	445	304	745	0.0	706	1007096
59e5684e8e56d1a69e8da4d89e1cecca	gi|2962412234|ref|NR_199428.1|	95.249	442	21	0	4	445	352	793	0.0	701	3073143
59e5684e8e56d1a69e8da4d89e1cecca	gi|2363087001|ref|NR_181757.1|	94.820	444	19	4	4	445	289	730	0.0	689	2841504
59e5684e8e56d1a69e8da4d89e1cecca	gi|2363082170|ref|NR_179331.1|	94.808	443	22	1	4	445	328	770	0.0	689	2714358
59e5684e8e56d1a69e8da4d89e1cecca	gi|1269801610|ref|NR_074793.2|	94.118	442	26	0	4	445	355	796	0.0	673	351091
59e5684e8e56d1a69e8da4d89e1cecca	gi|343200653|ref|NR_041340.1|	94.118	442	26	0	4	445	328	769	0.0	673	351091
59e5684e8e56d1a69e8da4d89e1cecca	gi|2363082569|ref|NR_179531.1|	93.891	442	27	0	4	445	347	788	0.0	667	1852369
59e5684e8e56d1a69e8da4d89e1cecca	gi|2363082165|ref|NR_179329.1|	93.454	443	27	2	4	445	327	768	0.0	656	2714353
46ff3d709e7b8fe7196451065a50ab22	gi|2363086270|ref|NR_181387.1|	95.034	443	21	1	4	446	302	743	0.0	695	2763656
46ff3d709e7b8fe7196451065a50ab22	gi|2363086268|ref|NR_181386.1|	94.131	443	26	0	4	446	303	745	0.0	675	2763655
46ff3d709e7b8fe7196451065a50ab22	gi|2363086262|ref|NR_181383.1|	91.928	446	31	5	4	446	307	750	4.55e-177	619	2763654
46ff3d709e7b8fe7196451065a50ab22	gi|1116030284|ref|NR_144742.1|	91.196	443	39	0	4	446	352	794	4.58e-172	603	1805714
46ff3d709e7b8fe7196451065a50ab22	gi|631251702|ref|NR_112900.1|	91.196	443	39	0	4	446	341	783	4.58e-172	603	626937
46ff3d709e7b8fe7196451065a50ab22	gi|2363081417|ref|NR_178955.1|	90.519	443	42	0	4	446	288	730	4.61e-167	586	1851429
46ff3d709e7b8fe7196451065a50ab22	gi|1116030285|ref|NR_144743.1|	90.541	444	40	2	4	446	352	794	4.61e-167	586	1816678
46ff3d709e7b8fe7196451065a50ab22	gi|2363082320|ref|NR_179407.1|	90.112	445	37	6	4	446	331	770	1.29e-162	571	1622073
46ff3d709e7b8fe7196451065a50ab22	gi|943392597|ref|NR_117133.2|	89.933	447	34	10	4	446	330	769	6.01e-161	566	1543
46ff3d709e7b8fe7196451065a50ab22	gi|943392596|ref|NR_117132.2|	89.732	448	34	11	4	446	330	770	7.78e-160	562	1543
b0487794a62514dec21c564a664a9e4c	gi|631253022|ref|NR_114220.1|	97.204	465	13	0	4	468	332	796	0.0	787	28172
b0487794a62514dec21c564a664a9e4c	gi|265678950|ref|NR_029258.1|	97.204	465	13	0	4	468	356	820	0.0	787	28172
b0487794a62514dec21c564a664a9e4c	gi|1679775931|ref|NR_163653.1|	96.989	465	14	0	4	468	309	773	0.0	782	1974215
b0487794a62514dec21c564a664a9e4c	gi|636559619|ref|NR_115679.1|	96.989	465	14	0	4	468	321	785	0.0	782	1219067
b0487794a62514dec21c564a664a9e4c	gi|645320759|ref|NR_117889.1|	96.774	465	15	0	4	468	316	780	0.0	776	870967
b0487794a62514dec21c564a664a9e4c	gi|343201396|ref|NR_042122.1|	96.774	465	15	0	4	468	318	782	0.0	776	870968
b0487794a62514dec21c564a664a9e4c	gi|645320758|ref|NR_117888.1|	96.559	465	16	0	4	468	316	780	0.0	773	870968
b0487794a62514dec21c564a664a9e4c	gi|2363086852|ref|NR_181683.1|	96.559	465	16	0	4	468	334	798	0.0	771	650003
b0487794a62514dec21c564a664a9e4c	gi|2363082101|ref|NR_179297.1|	96.567	466	14	2	4	468	335	799	0.0	771	2572923
b0487794a62514dec21c564a664a9e4c	gi|1024974957|ref|NR_136876.1|	96.567	466	14	2	4	468	294	758	0.0	771	1381081
ebf44b979ab83d921caf02c5f49745d0	gi|631251742|ref|NR_112940.1|	98.696	460	6	0	4	463	327	786	0.0	817	28116
ebf44b979ab83d921caf02c5f49745d0	gi|636559244|ref|NR_115301.1|	98.696	460	6	0	4	463	320	779	0.0	817	28116
ebf44b979ab83d921caf02c5f49745d0	gi|1491509587|ref|NR_159118.1|	98.478	460	7	0	4	463	310	769	0.0	811	28116
ebf44b979ab83d921caf02c5f49745d0	gi|1491509586|ref|NR_159117.1|	98.478	460	7	0	4	463	301	760	0.0	811	28116
ebf44b979ab83d921caf02c5f49745d0	gi|636560121|ref|NR_116181.1|	98.478	460	6	1	4	463	333	791	0.0	809	28116
ebf44b979ab83d921caf02c5f49745d0	gi|343200178|ref|NR_040865.1|	98.265	461	6	2	4	463	333	792	0.0	806	28116
ebf44b979ab83d921caf02c5f49745d0	gi|645322410|ref|NR_119165.1|	97.609	460	11	0	4	463	319	778	0.0	797	28116
ebf44b979ab83d921caf02c5f49745d0	gi|631251749|ref|NR_112947.1|	96.522	460	16	0	4	463	326	785	0.0	763	657309
ebf44b979ab83d921caf02c5f49745d0	gi|2363084431|ref|NR_180463.1|	96.522	460	16	0	4	463	340	799	0.0	761	2650158
ebf44b979ab83d921caf02c5f49745d0	gi|343201773|ref|NR_042499.1|	96.522	460	16	0	4	463	294	753	0.0	761	657309
ae5843122142f1a503425f77f2faf013	gi|1277396189|ref|NR_151900.1|	99.091	440	4	0	4	443	351	790	0.0	791	1550024
ae5843122142f1a503425f77f2faf013	gi|2962412223|ref|NR_199417.1|	93.468	444	21	8	4	443	342	781	0.0	652	3136601
ae5843122142f1a503425f77f2faf013	gi|559795255|ref|NR_104846.1|	93.409	440	29	0	4	443	288	727	0.0	652	745368
ae5843122142f1a503425f77f2faf013	gi|1397641802|ref|NR_156911.1|	93.197	441	28	2	4	443	351	790	0.0	647	1650663
ae5843122142f1a503425f77f2faf013	gi|2363084747|ref|NR_180622.1|	93.182	440	30	0	4	443	335	774	0.0	647	2779354
ae5843122142f1a503425f77f2faf013	gi|265678692|ref|NR_028997.1|	92.971	441	30	1	4	443	303	743	0.0	641	214851
ae5843122142f1a503425f77f2faf013	gi|2363080123|ref|NR_178280.1|	92.045	440	35	0	4	443	331	770	4.52e-177	619	411483
ae5843122142f1a503425f77f2faf013	gi|3030611269|ref|NR_199945.1|	91.818	440	36	0	4	443	335	774	2.10e-175	614	3435293
ae5843122142f1a503425f77f2faf013	gi|265678656|ref|NR_028961.1|	91.818	440	36	0	4	443	327	766	2.10e-175	614	853
ae5843122142f1a503425f77f2faf013	gi|2363081449|ref|NR_178971.1|	92.111	431	34	0	4	434	285	715	9.78e-174	608	1851427
b9ce3a520708962483dd465d829eca9b	gi|265678656|ref|NR_028961.1|	99.091	440	4	0	4	443	327	766	0.0	791	853
b9ce3a520708962483dd465d829eca9b	gi|2363082282|ref|NR_179388.1|	98.409	440	7	0	4	443	335	774	0.0	774	2935520
b9ce3a520708962483dd465d829eca9b	gi|2363081451|ref|NR_178972.1|	98.409	440	7	0	4	443	285	724	0.0	774	1851428
b9ce3a520708962483dd465d829eca9b	gi|2363080123|ref|NR_178280.1|	98.409	440	7	0	4	443	331	770	0.0	774	411483
b9ce3a520708962483dd465d829eca9b	gi|3030611269|ref|NR_199945.1|	98.182	440	8	0	4	443	335	774	0.0	769	3435293
b9ce3a520708962483dd465d829eca9b	gi|2363081449|ref|NR_178971.1|	97.955	440	8	1	4	443	285	723	0.0	761	1851427
b9ce3a520708962483dd465d829eca9b	gi|2363080175|ref|NR_178311.1|	96.591	440	15	0	4	443	412	851	0.0	730	2903556
b9ce3a520708962483dd465d829eca9b	gi|1397641802|ref|NR_156911.1|	93.197	441	28	2	4	443	351	790	0.0	647	1650663
b9ce3a520708962483dd465d829eca9b	gi|2363084747|ref|NR_180622.1|	93.182	440	30	0	4	443	335	774	0.0	647	2779354
b9ce3a520708962483dd465d829eca9b	gi|559795255|ref|NR_104846.1|	93.182	440	30	0	4	443	288	727	0.0	647	745368
d23a159e551b64da7ee960467bb4ef2c	gi|1193829135|ref|NR_147378.1|	99.320	441	3	0	4	444	339	779	0.0	798	1871035
d23a159e551b64da7ee960467bb4ef2c	gi|1277396348|ref|NR_152059.1|	95.260	443	18	3	4	444	272	713	0.0	699	1849041
d23a159e551b64da7ee960467bb4ef2c	gi|2363082561|ref|NR_179527.1|	95.260	443	18	3	4	444	336	777	0.0	699	1841868
d23a159e551b64da7ee960467bb4ef2c	gi|2363086276|ref|NR_181390.1|	92.986	442	28	3	4	444	304	743	0.0	641	2763659
d23a159e551b64da7ee960467bb4ef2c	gi|1445136071|ref|NR_158111.1|	92.568	444	25	7	4	444	349	787	2.09e-180	630	2038680
d23a159e551b64da7ee960467bb4ef2c	gi|2363082601|ref|NR_179547.1|	92.099	443	30	4	4	444	347	786	4.53e-177	619	1870991
d23a159e551b64da7ee960467bb4ef2c	gi|2363082625|ref|NR_179559.1|	91.422	443	34	3	4	444	333	773	1.27e-172	604	1871018
d23a159e551b64da7ee960467bb4ef2c	gi|1116030290|ref|NR_144748.1|	91.403	442	34	3	4	444	335	773	4.56e-172	603	2897707
d23a159e551b64da7ee960467bb4ef2c	gi|2363082755|ref|NR_179626.1|	91.441	444	30	7	4	444	351	789	4.56e-172	603	1987501
d23a159e551b64da7ee960467bb4ef2c	gi|2363082711|ref|NR_179603.1|	91.461	445	28	9	4	444	317	755	4.56e-172	603	1944642
7fcef1026e57c89f5af55727da214226	gi|444303855|ref|NR_074277.1|	99.565	460	2	0	4	463	352	811	0.0	839	818
7fcef1026e57c89f5af55727da214226	gi|631251746|ref|NR_112944.1|	99.565	460	2	0	4	463	324	783	0.0	839	818
7fcef1026e57c89f5af55727da214226	gi|631252008|ref|NR_113206.1|	98.698	461	4	2	4	463	336	795	0.0	817	1236513
7fcef1026e57c89f5af55727da214226	gi|631250945|ref|NR_112142.1|	98.690	458	5	1	6	463	336	792	0.0	811	818
7fcef1026e57c89f5af55727da214226	gi|631251869|ref|NR_113067.1|	98.048	461	7	2	4	463	325	784	0.0	800	1077285
7fcef1026e57c89f5af55727da214226	gi|645320100|ref|NR_117387.1|	98.048	461	7	2	4	463	320	779	0.0	800	1077285
7fcef1026e57c89f5af55727da214226	gi|2363084421|ref|NR_180458.1|	97.614	461	9	2	4	463	340	799	0.0	789	2650157
7fcef1026e57c89f5af55727da214226	gi|631251749|ref|NR_112947.1|	97.180	461	11	2	4	463	326	785	0.0	780	657309
7fcef1026e57c89f5af55727da214226	gi|2363084431|ref|NR_180463.1|	97.180	461	11	2	4	463	340	799	0.0	778	2650158
7fcef1026e57c89f5af55727da214226	gi|631251744|ref|NR_112942.1|	97.180	461	11	2	4	463	323	782	0.0	778	291644
245dfa583bddab928dd81a7005baeca8	gi|2363085149|ref|NR_180823.1|	95.455	440	20	0	4	443	357	796	0.0	702	2606634
245dfa583bddab928dd81a7005baeca8	gi|2363086282|ref|NR_181393.1|	95.227	440	21	0	4	443	290	729	0.0	697	2763664
245dfa583bddab928dd81a7005baeca8	gi|219857617|ref|NR_025206.1|	95.227	440	21	0	4	443	314	753	0.0	697	180286
245dfa583bddab928dd81a7005baeca8	gi|2363086284|ref|NR_181394.1|	95.000	440	22	0	4	443	306	745	0.0	691	2763668
245dfa583bddab928dd81a7005baeca8	gi|310974936|ref|NR_036800.1|	95.000	440	22	0	4	443	326	765	0.0	691	411470
245dfa583bddab928dd81a7005baeca8	gi|645321810|ref|NR_118690.1|	95.000	440	22	0	4	443	338	777	0.0	691	411470
245dfa583bddab928dd81a7005baeca8	gi|2363085169|ref|NR_180833.1|	94.773	440	23	0	4	443	337	776	0.0	686	2606635
245dfa583bddab928dd81a7005baeca8	gi|2363082059|ref|NR_179276.1|	94.558	441	22	2	4	443	334	773	0.0	680	2316025
245dfa583bddab928dd81a7005baeca8	gi|2363082679|ref|NR_179587.1|	94.545	440	24	0	4	443	328	767	0.0	680	1926283
245dfa583bddab928dd81a7005baeca8	gi|2363081854|ref|NR_179173.1|	94.545	440	24	0	4	443	333	772	0.0	680	2126740
a9a6464eeb328880384e8e3d400bf6a1	gi|219857122|ref|NR_024750.1|	98.639	441	5	1	4	443	300	740	0.0	782	116085
a9a6464eeb328880384e8e3d400bf6a1	gi|2363080283|ref|NR_178367.1|	95.227	440	21	0	4	443	328	767	0.0	697	673271
a9a6464eeb328880384e8e3d400bf6a1	gi|219878251|ref|NR_025390.1|	94.773	440	23	0	4	443	330	769	0.0	686	115544
a9a6464eeb328880384e8e3d400bf6a1	gi|1040567056|ref|NR_137405.1|	94.545	440	24	0	4	443	307	746	0.0	680	1619234
a9a6464eeb328880384e8e3d400bf6a1	gi|1109168027|ref|NR_144612.1|	94.318	440	25	0	4	443	350	789	0.0	675	1796636
a9a6464eeb328880384e8e3d400bf6a1	gi|3248465643|ref|NR_201655.1|	94.118	442	22	4	4	443	313	752	0.0	669	3380807
a9a6464eeb328880384e8e3d400bf6a1	gi|3030611230|ref|NR_199906.1|	94.091	440	26	0	4	443	354	793	0.0	669	3123317
a9a6464eeb328880384e8e3d400bf6a1	gi|3030611314|ref|NR_199990.1|	94.091	440	26	0	4	443	350	789	0.0	669	3123317
a9a6464eeb328880384e8e3d400bf6a1	gi|2136551567|ref|NR_173570.1|	94.118	442	22	4	4	443	330	769	0.0	669	1912090
a9a6464eeb328880384e8e3d400bf6a1	gi|1384992332|ref|NR_156081.1|	94.091	440	26	0	4	443	336	775	0.0	669	1469948
054d285da9840230a3fdc12c607b919e	gi|2363083800|ref|NR_180148.1|	99.774	443	1	0	4	446	349	791	0.0	813	2211183
054d285da9840230a3fdc12c607b919e	gi|2363082352|ref|NR_179423.1|	95.260	443	21	0	4	446	349	791	0.0	702	1689270
054d285da9840230a3fdc12c607b919e	gi|2363082358|ref|NR_179426.1|	94.131	443	26	0	4	446	349	791	0.0	675	1702285
054d285da9840230a3fdc12c607b919e	gi|1109168025|ref|NR_144611.1|	94.131	443	26	0	4	446	282	724	0.0	675	1417852
054d285da9840230a3fdc12c607b919e	gi|2363084741|ref|NR_180619.1|	93.905	443	27	0	4	446	347	789	0.0	669	2779352
054d285da9840230a3fdc12c607b919e	gi|645321636|ref|NR_118554.1|	93.905	443	27	0	4	446	329	771	0.0	669	1297617
054d285da9840230a3fdc12c607b919e	gi|2136551692|ref|NR_173697.1|	93.905	443	26	1	4	446	349	790	0.0	667	2108523
054d285da9840230a3fdc12c607b919e	gi|219846080|ref|NR_025670.1|	93.679	443	28	0	4	446	329	771	0.0	664	411467
054d285da9840230a3fdc12c607b919e	gi|219846612|ref|NR_026204.1|	93.258	445	26	4	4	446	328	770	0.0	654	47246
054d285da9840230a3fdc12c607b919e	gi|3030611324|ref|NR_200000.1|	93.228	443	30	0	4	446	301	743	0.0	652	3342383
edb9337493fa84c483d4436b69505bbf	gi|228717037|ref|NR_027558.1|	90.541	444	36	5	4	446	292	730	5.97e-166	582	169435
edb9337493fa84c483d4436b69505bbf	gi|2363082755|ref|NR_179626.1|	90.315	444	37	5	4	446	351	789	2.78e-164	577	1987501
edb9337493fa84c483d4436b69505bbf	gi|2363082585|ref|NR_179539.1|	90.315	444	37	5	4	446	351	789	2.78e-164	577	1852384
edb9337493fa84c483d4436b69505bbf	gi|444303910|ref|NR_074333.1|	90.112	445	39	5	4	446	323	764	3.59e-163	573	663278
edb9337493fa84c483d4436b69505bbf	gi|343202504|ref|NR_042828.1|	90.112	445	39	5	4	446	323	764	3.59e-163	573	663278
edb9337493fa84c483d4436b69505bbf	gi|636559250|ref|NR_115307.1|	90.112	445	39	5	4	446	323	764	3.59e-163	573	663278
edb9337493fa84c483d4436b69505bbf	gi|2363082711|ref|NR_179603.1|	89.663	445	38	7	4	446	317	755	2.80e-159	560	1944642
edb9337493fa84c483d4436b69505bbf	gi|2363082601|ref|NR_179547.1|	89.640	444	41	4	4	446	347	786	2.80e-159	560	1870991
edb9337493fa84c483d4436b69505bbf	gi|444303976|ref|NR_074399.1|	89.616	443	43	2	4	446	333	772	2.80e-159	560	697329
edb9337493fa84c483d4436b69505bbf	gi|631251834|ref|NR_113032.1|	89.616	443	43	2	4	446	333	772	2.80e-159	560	1264
2920ab916bc597d41a560745c618d4c4	gi|265678656|ref|NR_028961.1|	95.465	441	18	2	4	443	327	766	0.0	702	853
2920ab916bc597d41a560745c618d4c4	gi|2363081451|ref|NR_178972.1|	95.227	440	21	0	4	443	285	724	0.0	697	1851428
2920ab916bc597d41a560745c618d4c4	gi|2363080123|ref|NR_178280.1|	94.785	441	21	2	4	443	331	770	0.0	686	411483
2920ab916bc597d41a560745c618d4c4	gi|3030611269|ref|NR_199945.1|	94.558	441	22	2	4	443	335	774	0.0	680	3435293
2920ab916bc597d41a560745c618d4c4	gi|2363082282|ref|NR_179388.1|	94.545	440	24	0	4	443	335	774	0.0	680	2935520
2920ab916bc597d41a560745c618d4c4	gi|2363081449|ref|NR_178971.1|	94.331	441	22	3	4	443	285	723	0.0	673	1851427
2920ab916bc597d41a560745c618d4c4	gi|1397641802|ref|NR_156911.1|	94.091	440	26	0	4	443	351	790	0.0	669	1650663
2920ab916bc597d41a560745c618d4c4	gi|2363082356|ref|NR_179425.1|	93.878	441	25	2	4	443	351	790	0.0	664	1689304
2920ab916bc597d41a560745c618d4c4	gi|2363080175|ref|NR_178311.1|	93.878	441	25	2	4	443	412	851	0.0	664	2903556
2920ab916bc597d41a560745c618d4c4	gi|2363084747|ref|NR_180622.1|	93.182	440	30	0	4	443	335	774	0.0	647	2779354
4481c5ab1b25cc4d6b3689c90338c07b	gi|444303827|ref|NR_074249.1|	87.191	445	46	11	4	442	302	741	7.92e-140	496	269796
4481c5ab1b25cc4d6b3689c90338c07b	gi|636559489|ref|NR_115549.1|	87.191	445	46	11	4	442	282	721	7.92e-140	496	269796
4481c5ab1b25cc4d6b3689c90338c07b	gi|470467748|ref|NR_074191.1|	86.907	443	51	7	4	442	331	770	3.69e-138	490	1150469
4481c5ab1b25cc4d6b3689c90338c07b	gi|2363086372|ref|NR_181438.1|	86.771	446	46	13	4	442	291	730	1.72e-136	484	2775080
4481c5ab1b25cc4d6b3689c90338c07b	gi|636559018|ref|NR_115075.1|	86.486	444	52	8	4	442	260	700	2.22e-135	481	478448
4481c5ab1b25cc4d6b3689c90338c07b	gi|2363081887|ref|NR_179189.1|	86.517	445	49	10	4	442	292	731	7.98e-135	479	1489064
4481c5ab1b25cc4d6b3689c90338c07b	gi|2363080850|ref|NR_178668.1|	86.517	445	49	10	4	442	274	713	7.98e-135	479	1489064
4481c5ab1b25cc4d6b3689c90338c07b	gi|959494808|ref|NR_133689.1|	86.547	446	47	13	4	442	292	731	7.98e-135	479	1461337
4481c5ab1b25cc4d6b3689c90338c07b	gi|343202360|ref|NR_042646.1|	86.547	446	47	12	4	442	311	750	7.98e-135	479	1122135
4481c5ab1b25cc4d6b3689c90338c07b	gi|343202338|ref|NR_042624.1|	86.456	443	53	7	4	442	258	697	7.98e-135	479	442525
553d6928a2acf7bc805e267204d49a10	gi|444304204|ref|NR_074629.1|	92.099	443	35	0	4	446	341	783	9.78e-179	625	1515
553d6928a2acf7bc805e267204d49a10	gi|631251959|ref|NR_113157.1|	92.099	443	35	0	4	446	341	783	9.78e-179	625	1515
553d6928a2acf7bc805e267204d49a10	gi|219857201|ref|NR_024829.1|	91.892	444	34	2	4	446	321	763	4.55e-177	619	253314
553d6928a2acf7bc805e267204d49a10	gi|219857437|ref|NR_025025.1|	91.667	444	33	4	4	446	332	772	1.64e-176	617	100176
553d6928a2acf7bc805e267204d49a10	gi|2363082168|ref|NR_179330.1|	91.648	443	36	1	4	446	327	768	7.61e-175	612	2714355
553d6928a2acf7bc805e267204d49a10	gi|2363082165|ref|NR_179329.1|	91.667	444	34	3	4	446	327	768	7.61e-175	612	2714353
553d6928a2acf7bc805e267204d49a10	gi|2363082342|ref|NR_179418.1|	91.422	443	38	0	4	446	348	790	9.85e-174	608	1673721
553d6928a2acf7bc805e267204d49a10	gi|343206380|ref|NR_044972.1|	91.216	444	37	2	4	446	331	773	3.54e-173	606	44749
553d6928a2acf7bc805e267204d49a10	gi|1491516029|ref|NR_159227.1|	91.441	444	33	4	4	446	351	790	1.27e-172	604	1981510
553d6928a2acf7bc805e267204d49a10	gi|631252162|ref|NR_113360.1|	91.216	444	37	2	4	446	339	781	4.58e-172	603	1121303
63157a2dd14e33c8fbca55e98dad8c82	gi|2260349424|ref|NR_176506.1|	99.353	464	3	0	4	467	315	778	0.0	841	1982626
63157a2dd14e33c8fbca55e98dad8c82	gi|2260349423|ref|NR_176505.1|	98.276	464	8	0	4	467	314	777	0.0	813	1982628
63157a2dd14e33c8fbca55e98dad8c82	gi|631253195|ref|NR_114393.1|	92.888	464	33	0	4	467	326	789	0.0	675	29348
63157a2dd14e33c8fbca55e98dad8c82	gi|228720470|ref|NR_027592.1|	92.672	464	34	0	4	467	316	779	0.0	669	29348
63157a2dd14e33c8fbca55e98dad8c82	gi|645322231|ref|NR_119030.1|	92.473	465	33	2	4	467	324	787	0.0	664	428126
63157a2dd14e33c8fbca55e98dad8c82	gi|645322566|ref|NR_119286.1|	92.473	465	33	2	4	467	313	776	0.0	664	69824
63157a2dd14e33c8fbca55e98dad8c82	gi|1109168034|ref|NR_144615.1|	92.094	468	29	7	4	467	316	779	0.0	652	1796628
63157a2dd14e33c8fbca55e98dad8c82	gi|343203026|ref|NR_043550.1|	91.810	464	38	0	4	467	327	790	0.0	647	341225
63157a2dd14e33c8fbca55e98dad8c82	gi|631252045|ref|NR_113243.1|	91.613	465	37	2	4	467	328	791	0.0	641	1547
63157a2dd14e33c8fbca55e98dad8c82	gi|2363083393|ref|NR_179945.1|	91.416	466	36	3	4	467	280	743	0.0	636	2899121
a0bb2e0a9af65690f068ab4326d0ef6a	gi|1116030264|ref|NR_144722.1|	91.364	440	38	0	4	443	338	777	1.26e-172	604	1632013
a0bb2e0a9af65690f068ab4326d0ef6a	gi|1397641798|ref|NR_156907.1|	91.383	441	36	2	4	443	348	787	4.55e-172	603	1912855
a0bb2e0a9af65690f068ab4326d0ef6a	gi|1227086126|ref|NR_148624.1|	91.364	440	38	0	4	443	255	694	4.55e-172	603	1653434
a0bb2e0a9af65690f068ab4326d0ef6a	gi|444304209|ref|NR_074634.1|	91.364	440	38	0	4	443	350	789	4.55e-172	603	515619
a0bb2e0a9af65690f068ab4326d0ef6a	gi|559795150|ref|NR_104737.1|	91.403	442	34	4	4	443	346	785	4.55e-172	603	1732
a0bb2e0a9af65690f068ab4326d0ef6a	gi|636560687|ref|NR_116747.1|	91.383	441	36	2	4	443	301	740	4.55e-172	603	1298596
a0bb2e0a9af65690f068ab4326d0ef6a	gi|636560754|ref|NR_116814.1|	91.364	440	38	0	4	443	328	767	4.55e-172	603	617123
a0bb2e0a9af65690f068ab4326d0ef6a	gi|343198925|ref|NR_044049.1|	91.383	441	36	2	4	443	316	755	4.55e-172	603	33043
a0bb2e0a9af65690f068ab4326d0ef6a	gi|2363084743|ref|NR_180620.1|	91.136	440	39	0	4	443	338	777	2.12e-170	597	2779351
a0bb2e0a9af65690f068ab4326d0ef6a	gi|3248465643|ref|NR_201655.1|	91.156	441	37	2	4	443	313	752	2.12e-170	597	3380807
5fff74691f0782544b880f824fbb73d6	gi|1116030291|ref|NR_144749.1|	95.011	441	20	2	4	442	347	787	0.0	691	1852367
5fff74691f0782544b880f824fbb73d6	gi|2363086296|ref|NR_181400.1|	94.966	437	22	0	6	442	250	686	0.0	688	2764712
5fff74691f0782544b880f824fbb73d6	gi|1116030279|ref|NR_144737.1|	94.570	442	21	1	4	442	347	788	0.0	680	1776384
5fff74691f0782544b880f824fbb73d6	gi|2363086298|ref|NR_181401.1|	94.305	439	25	0	4	442	303	741	0.0	673	2763645
5fff74691f0782544b880f824fbb73d6	gi|2136551617|ref|NR_173621.1|	94.118	442	23	1	4	442	354	795	0.0	669	2818044
5fff74691f0782544b880f824fbb73d6	gi|2463901899|ref|NR_184630.1|	94.104	441	24	1	4	442	343	783	0.0	669	2839743
5fff74691f0782544b880f824fbb73d6	gi|265678606|ref|NR_028911.1|	93.454	443	24	3	4	442	335	776	0.0	652	109327
5fff74691f0782544b880f824fbb73d6	gi|1491520133|ref|NR_159296.1|	92.760	442	29	1	4	442	335	776	0.0	636	433296
5fff74691f0782544b880f824fbb73d6	gi|645321917|ref|NR_118780.1|	92.551	443	29	2	4	442	326	768	0.0	632	56774
5fff74691f0782544b880f824fbb73d6	gi|2363082665|ref|NR_179580.1|	92.517	441	31	2	4	442	327	767	2.08e-180	630	1917867
d8872736751a47afc8f7a320844a1e91	gi|1491516029|ref|NR_159227.1|	90.724	442	37	4	4	443	351	790	4.58e-167	586	1981510
d8872736751a47afc8f7a320844a1e91	gi|343200549|ref|NR_041236.1|	90.745	443	36	5	4	443	321	761	4.58e-167	586	1122184
d8872736751a47afc8f7a320844a1e91	gi|2363084737|ref|NR_180617.1|	90.476	441	40	2	4	443	337	776	2.13e-165	580	2779355
d8872736751a47afc8f7a320844a1e91	gi|2363086264|ref|NR_181384.1|	89.888	445	35	9	4	443	250	689	2.15e-160	564	2763660
d8872736751a47afc8f7a320844a1e91	gi|485099117|ref|NR_102513.1|	89.865	444	37	8	4	443	349	788	2.15e-160	564	1510
d8872736751a47afc8f7a320844a1e91	gi|631251999|ref|NR_113197.1|	89.865	444	37	8	4	443	349	788	2.15e-160	564	160385
d8872736751a47afc8f7a320844a1e91	gi|219857512|ref|NR_025100.1|	89.865	444	37	8	4	443	343	782	2.15e-160	564	160385
d8872736751a47afc8f7a320844a1e91	gi|636558742|ref|NR_114799.1|	89.865	444	37	8	4	443	339	778	2.15e-160	564	1510
d8872736751a47afc8f7a320844a1e91	gi|507148180|ref|NR_102987.1|	89.593	442	42	4	4	443	464	903	9.99e-159	558	720554
d8872736751a47afc8f7a320844a1e91	gi|343200548|ref|NR_041235.1|	89.593	442	42	4	4	443	444	883	9.99e-159	558	720554
ff4e3d2f64e69732fcdcb4d6c6d9aa5e	gi|2363084737|ref|NR_180617.1|	97.511	442	7	4	4	443	337	776	0.0	752	2779355
ff4e3d2f64e69732fcdcb4d6c6d9aa5e	gi|1491516029|ref|NR_159227.1|	96.380	442	12	4	4	443	351	790	0.0	725	1981510
ff4e3d2f64e69732fcdcb4d6c6d9aa5e	gi|672238876|ref|NR_125464.1|	93.468	444	23	6	4	443	325	766	0.0	654	1297424
ff4e3d2f64e69732fcdcb4d6c6d9aa5e	gi|444304204|ref|NR_074629.1|	93.468	444	24	4	4	443	341	783	0.0	654	1515
ff4e3d2f64e69732fcdcb4d6c6d9aa5e	gi|631251959|ref|NR_113157.1|	93.468	444	24	4	4	443	341	783	0.0	654	1515
ff4e3d2f64e69732fcdcb4d6c6d9aa5e	gi|507148180|ref|NR_102987.1|	93.182	440	30	0	4	443	464	903	0.0	647	720554
ff4e3d2f64e69732fcdcb4d6c6d9aa5e	gi|2363084120|ref|NR_180309.1|	93.002	443	28	1	4	443	289	731	0.0	643	2487273
ff4e3d2f64e69732fcdcb4d6c6d9aa5e	gi|636559288|ref|NR_115345.1|	93.002	443	27	3	4	443	338	779	0.0	643	320502
ff4e3d2f64e69732fcdcb4d6c6d9aa5e	gi|219857201|ref|NR_024829.1|	93.018	444	26	3	4	443	321	763	0.0	643	253314
ff4e3d2f64e69732fcdcb4d6c6d9aa5e	gi|219846327|ref|NR_025917.1|	92.971	441	28	3	4	443	309	747	0.0	640	35830
d26e6781632e8f02e046e9313bc32c18	gi|265679005|ref|NR_029313.1|	96.380	442	16	0	4	445	360	801	0.0	730	52787
d26e6781632e8f02e046e9313bc32c18	gi|265679007|ref|NR_029315.1|	96.380	442	16	0	4	445	362	803	0.0	730	52786
d26e6781632e8f02e046e9313bc32c18	gi|2363082667|ref|NR_179581.1|	92.534	442	30	1	4	445	331	769	2.10e-180	630	1917873
d26e6781632e8f02e046e9313bc32c18	gi|2363084747|ref|NR_180622.1|	91.910	445	28	7	4	445	335	774	5.87e-176	616	2779354
d26e6781632e8f02e046e9313bc32c18	gi|2363080175|ref|NR_178311.1|	91.648	443	33	3	4	445	412	851	2.73e-174	610	2903556
d26e6781632e8f02e046e9313bc32c18	gi|2962412223|ref|NR_199417.1|	91.441	444	32	5	4	445	342	781	1.27e-172	604	3136601
d26e6781632e8f02e046e9313bc32c18	gi|444303910|ref|NR_074333.1|	91.236	445	33	5	4	445	323	764	1.64e-171	601	663278
d26e6781632e8f02e046e9313bc32c18	gi|343202504|ref|NR_042828.1|	91.236	445	33	5	4	445	323	764	1.64e-171	601	663278
d26e6781632e8f02e046e9313bc32c18	gi|636559250|ref|NR_115307.1|	91.236	445	33	5	4	445	323	764	1.64e-171	601	663278
d26e6781632e8f02e046e9313bc32c18	gi|3030611269|ref|NR_199945.1|	90.519	443	38	3	4	445	335	774	5.95e-166	582	3435293
b9eccbbcb713274a8f8c75b13b88942d	gi|631252672|ref|NR_113870.1|	99.570	465	2	0	4	468	306	770	0.0	848	180282
b9eccbbcb713274a8f8c75b13b88942d	gi|636560435|ref|NR_116495.1|	99.570	465	2	0	4	468	325	789	0.0	848	558537
b9eccbbcb713274a8f8c75b13b88942d	gi|219857158|ref|NR_024786.1|	99.570	465	2	0	4	468	307	771	0.0	848	180282
b9eccbbcb713274a8f8c75b13b88942d	gi|1397641903|ref|NR_157013.1|	99.355	465	3	0	4	468	306	770	0.0	843	1915059
b9eccbbcb713274a8f8c75b13b88942d	gi|631252510|ref|NR_113708.1|	98.495	465	7	0	4	468	306	770	0.0	821	80866
b9eccbbcb713274a8f8c75b13b88942d	gi|636560079|ref|NR_116139.1|	98.495	465	7	0	4	468	244	708	0.0	821	80866
b9eccbbcb713274a8f8c75b13b88942d	gi|566085102|ref|NR_108843.1|	97.639	466	9	2	4	468	274	738	0.0	798	747302
b9eccbbcb713274a8f8c75b13b88942d	gi|631252498|ref|NR_113696.1|	97.419	465	12	0	4	468	308	772	0.0	793	80879
b9eccbbcb713274a8f8c75b13b88942d	gi|636560680|ref|NR_116740.1|	97.419	465	12	0	4	468	310	774	0.0	793	592050
b9eccbbcb713274a8f8c75b13b88942d	gi|636560072|ref|NR_116132.1|	97.419	465	12	0	4	468	245	709	0.0	793	12917
d451a1725dc12095b16ed7adc4598492	gi|1397641803|ref|NR_156912.1|	91.910	445	30	6	4	444	307	749	1.63e-176	617	1450156
d451a1725dc12095b16ed7adc4598492	gi|645320791|ref|NR_117912.1|	91.910	445	30	6	4	444	325	767	1.63e-176	617	879970
d451a1725dc12095b16ed7adc4598492	gi|2136551594|ref|NR_173597.1|	91.610	441	36	1	4	444	348	787	9.80e-174	608	2662126
d451a1725dc12095b16ed7adc4598492	gi|2363083221|ref|NR_179859.1|	91.629	442	34	3	4	444	347	786	9.80e-174	608	2078660
d451a1725dc12095b16ed7adc4598492	gi|3030611264|ref|NR_199940.1|	91.648	443	32	5	4	444	338	777	9.80e-174	608	3074433
d451a1725dc12095b16ed7adc4598492	gi|566085043|ref|NR_108630.1|	91.480	446	30	7	4	444	335	777	3.52e-173	606	680378
d451a1725dc12095b16ed7adc4598492	gi|1230874676|ref|NR_148837.1|	91.383	441	37	1	4	444	347	786	4.56e-172	603	1675854
d451a1725dc12095b16ed7adc4598492	gi|2363080848|ref|NR_178667.1|	91.762	437	30	6	4	436	340	774	4.56e-172	603	1473580
d451a1725dc12095b16ed7adc4598492	gi|672239088|ref|NR_125677.1|	91.383	441	37	1	4	444	346	785	4.56e-172	603	1348613
d451a1725dc12095b16ed7adc4598492	gi|645320438|ref|NR_117645.1|	91.383	441	37	1	4	444	345	784	4.56e-172	603	1185412
2185c07520e23611bd5cf50166e0c015	gi|2621112341|ref|NR_189245.1|	93.454	443	28	1	4	446	363	804	0.0	656	3046383
2185c07520e23611bd5cf50166e0c015	gi|2621112340|ref|NR_189244.1|	93.228	443	29	1	4	446	363	804	0.0	651	3046382
2185c07520e23611bd5cf50166e0c015	gi|2363086262|ref|NR_181383.1|	88.814	447	43	7	4	446	307	750	1.01e-153	542	2763654
2185c07520e23611bd5cf50166e0c015	gi|2180566454|ref|NR_174299.1|	88.288	444	50	2	4	446	332	774	2.19e-150	531	2655001
2185c07520e23611bd5cf50166e0c015	gi|2363086268|ref|NR_181386.1|	88.262	443	52	0	4	446	303	745	2.19e-150	531	2763655
2185c07520e23611bd5cf50166e0c015	gi|2621112296|ref|NR_189199.1|	87.865	445	50	4	4	446	342	784	4.75e-147	520	2086585
2185c07520e23611bd5cf50166e0c015	gi|1491509615|ref|NR_159146.1|	87.416	445	51	5	4	446	348	789	3.70e-143	507	1715347
2185c07520e23611bd5cf50166e0c015	gi|219846469|ref|NR_026061.1|	87.359	443	55	1	4	446	348	789	3.70e-143	507	57172
2185c07520e23611bd5cf50166e0c015	gi|1109168029|ref|NR_144613.1|	87.191	445	53	4	4	446	330	772	4.78e-142	503	1796619
2185c07520e23611bd5cf50166e0c015	gi|1491509619|ref|NR_159150.1|	87.191	445	52	4	4	446	350	791	1.72e-141	501	489973
e59f5a95e07cceb973051bbad59ce23a	gi|1193829153|ref|NR_147396.1|	95.909	440	18	0	4	443	328	767	0.0	713	1917870
e59f5a95e07cceb973051bbad59ce23a	gi|343198925|ref|NR_044049.1|	95.455	440	20	0	4	443	316	755	0.0	702	33043
e59f5a95e07cceb973051bbad59ce23a	gi|343198783|ref|NR_043680.1|	95.455	440	20	0	4	443	257	696	0.0	702	358742
e59f5a95e07cceb973051bbad59ce23a	gi|1384992332|ref|NR_156081.1|	95.000	440	22	0	4	443	336	775	0.0	691	1469948
e59f5a95e07cceb973051bbad59ce23a	gi|1384992329|ref|NR_156078.1|	95.000	440	22	0	4	443	336	775	0.0	691	1469948
e59f5a95e07cceb973051bbad59ce23a	gi|343205837|ref|NR_044289.1|	95.011	441	20	2	4	443	328	767	0.0	691	460384
e59f5a95e07cceb973051bbad59ce23a	gi|219846901|ref|NR_026493.1|	95.000	440	22	0	4	443	338	777	0.0	691	69825
e59f5a95e07cceb973051bbad59ce23a	gi|2136551628|ref|NR_173632.1|	94.773	440	23	0	4	443	301	740	0.0	686	2068655
e59f5a95e07cceb973051bbad59ce23a	gi|3030611230|ref|NR_199906.1|	94.773	440	23	0	4	443	354	793	0.0	686	3123317
e59f5a95e07cceb973051bbad59ce23a	gi|2363083601|ref|NR_180048.1|	94.773	440	23	0	4	443	338	777	0.0	686	253257
2cbd431c4ea88f34db6fe4cadcc63805	gi|1277396348|ref|NR_152059.1|	97.059	442	13	0	4	445	272	713	0.0	745	1849041
2cbd431c4ea88f34db6fe4cadcc63805	gi|2363082561|ref|NR_179527.1|	97.059	442	13	0	4	445	336	777	0.0	745	1841868
2cbd431c4ea88f34db6fe4cadcc63805	gi|1193829135|ref|NR_147378.1|	95.701	442	18	1	4	445	339	779	0.0	710	1871035
2cbd431c4ea88f34db6fe4cadcc63805	gi|2363086276|ref|NR_181390.1|	92.551	443	29	4	4	445	304	743	0.0	632	2763659
2cbd431c4ea88f34db6fe4cadcc63805	gi|343202572|ref|NR_042930.1|	92.534	442	30	1	4	445	366	804	2.10e-180	630	258515
2cbd431c4ea88f34db6fe4cadcc63805	gi|2363082601|ref|NR_179547.1|	92.325	443	30	2	4	445	347	786	2.71e-179	627	1870991
2cbd431c4ea88f34db6fe4cadcc63805	gi|343205927|ref|NR_044425.1|	92.325	443	30	2	4	445	346	785	2.71e-179	627	474960
2cbd431c4ea88f34db6fe4cadcc63805	gi|1445136071|ref|NR_158111.1|	92.308	442	31	2	4	445	349	787	9.75e-179	625	2038680
2cbd431c4ea88f34db6fe4cadcc63805	gi|2363082755|ref|NR_179626.1|	92.081	442	32	2	4	445	351	789	4.54e-177	619	1987501
2cbd431c4ea88f34db6fe4cadcc63805	gi|2363082625|ref|NR_179559.1|	91.892	444	31	3	4	445	333	773	5.87e-176	616	1871018
6478ab14640cd99b5a92d4af1c0fa21c	gi|636560286|ref|NR_116346.1|	81.920	448	67	14	4	445	295	734	6.53e-101	366	862517
6478ab14640cd99b5a92d4af1c0fa21c	gi|444304112|ref|NR_074536.1|	81.573	445	76	5	4	445	334	775	8.44e-100	363	642492
6478ab14640cd99b5a92d4af1c0fa21c	gi|645322279|ref|NR_119067.1|	81.390	446	76	5	4	445	297	739	3.93e-98	357	642492
6478ab14640cd99b5a92d4af1c0fa21c	gi|672239121|ref|NR_125710.1|	80.942	446	78	5	4	445	302	744	8.50e-95	346	642492
6478ab14640cd99b5a92d4af1c0fa21c	gi|219857617|ref|NR_025206.1|	80.942	446	75	9	4	445	314	753	3.06e-94	344	180286
6478ab14640cd99b5a92d4af1c0fa21c	gi|636559941|ref|NR_116001.1|	80.493	446	79	5	4	445	372	813	1.84e-91	335	1294025
6478ab14640cd99b5a92d4af1c0fa21c	gi|219857618|ref|NR_025207.1|	80.449	445	79	7	4	445	321	760	1.84e-91	335	180311
6478ab14640cd99b5a92d4af1c0fa21c	gi|343198541|ref|NR_042834.1|	80.357	448	76	11	4	445	321	762	8.56e-90	329	235931
6478ab14640cd99b5a92d4af1c0fa21c	gi|2363082775|ref|NR_179636.1|	80.444	450	69	18	4	445	351	789	1.11e-88	326	2040296
6478ab14640cd99b5a92d4af1c0fa21c	gi|2363082422|ref|NR_179458.1|	80.444	450	69	18	4	445	252	690	1.11e-88	326	2040296
d8744607f62afd3e651dfea02eeda52f	gi|645322302|ref|NR_119085.1|	96.372	441	14	1	2	442	346	784	0.0	725	29364
d8744607f62afd3e651dfea02eeda52f	gi|2363085925|ref|NR_181215.1|	95.465	441	20	0	2	442	330	770	0.0	704	2738446
d8744607f62afd3e651dfea02eeda52f	gi|943392602|ref|NR_117139.2|	95.011	441	22	0	2	442	345	785	0.0	693	649756
d8744607f62afd3e651dfea02eeda52f	gi|943392601|ref|NR_117138.2|	95.011	441	22	0	2	442	345	785	0.0	693	649756
d8744607f62afd3e651dfea02eeda52f	gi|631252121|ref|NR_113319.1|	95.023	442	20	2	2	442	349	789	0.0	693	645466
d8744607f62afd3e651dfea02eeda52f	gi|559795210|ref|NR_104799.1|	95.011	441	22	0	2	442	337	777	0.0	693	649756
d8744607f62afd3e651dfea02eeda52f	gi|636560803|ref|NR_116863.1|	94.808	443	20	3	2	442	336	777	0.0	688	645466
d8744607f62afd3e651dfea02eeda52f	gi|1277396183|ref|NR_151894.1|	94.785	441	23	0	2	442	334	774	0.0	688	433293
d8744607f62afd3e651dfea02eeda52f	gi|2363081778|ref|NR_179135.1|	94.570	442	23	1	2	442	329	770	0.0	682	2025494
d8744607f62afd3e651dfea02eeda52f	gi|2621112325|ref|NR_189228.1|	94.582	443	21	3	2	442	302	743	0.0	682	2897778
fcb26e5f4bf948055cc7e78e211c090c	gi|2836274967|ref|NR_197730.1|	93.891	442	23	3	4	443	312	751	0.0	664	3093658
fcb26e5f4bf948055cc7e78e211c090c	gi|2836274966|ref|NR_197729.1|	93.665	442	24	3	4	443	304	743	0.0	658	3093657
fcb26e5f4bf948055cc7e78e211c090c	gi|2836274968|ref|NR_197731.1|	93.439	442	25	3	4	443	306	745	0.0	652	3093659
fcb26e5f4bf948055cc7e78e211c090c	gi|1116030278|ref|NR_144736.1|	93.439	442	25	3	4	443	360	799	0.0	652	1776382
fcb26e5f4bf948055cc7e78e211c090c	gi|1109168013|ref|NR_144605.1|	92.986	442	27	3	4	443	367	806	0.0	641	1796620
fcb26e5f4bf948055cc7e78e211c090c	gi|2363082767|ref|NR_179632.1|	92.986	442	27	3	4	443	337	776	0.0	641	2014781
fcb26e5f4bf948055cc7e78e211c090c	gi|2363086260|ref|NR_181382.1|	90.498	442	38	4	4	443	322	761	2.13e-165	580	2763662
fcb26e5f4bf948055cc7e78e211c090c	gi|3030611269|ref|NR_199945.1|	89.773	440	45	0	4	443	335	774	2.15e-160	564	3435293
fcb26e5f4bf948055cc7e78e211c090c	gi|1116030269|ref|NR_144727.1|	89.796	441	43	2	4	443	335	774	2.15e-160	564	1673717
fcb26e5f4bf948055cc7e78e211c090c	gi|265678656|ref|NR_028961.1|	89.819	442	41	4	4	443	327	766	2.15e-160	564	853
e7f7cbebd839fd7abac76327381b387a	gi|444304209|ref|NR_074634.1|	93.182	440	30	0	4	443	350	789	0.0	647	515619
e7f7cbebd839fd7abac76327381b387a	gi|343198540|ref|NR_042832.1|	92.971	441	30	1	4	443	330	770	0.0	641	301302
e7f7cbebd839fd7abac76327381b387a	gi|645320588|ref|NR_117758.1|	92.534	442	31	1	4	443	322	763	0.0	632	166486
e7f7cbebd839fd7abac76327381b387a	gi|228716944|ref|NR_027557.1|	92.534	442	31	1	4	443	343	784	0.0	632	536231
e7f7cbebd839fd7abac76327381b387a	gi|444439494|ref|NR_074809.1|	92.517	441	32	1	4	443	350	790	2.09e-180	630	585394
e7f7cbebd839fd7abac76327381b387a	gi|2363086282|ref|NR_181393.1|	92.273	440	34	0	4	443	290	729	9.71e-179	625	2763664
e7f7cbebd839fd7abac76327381b387a	gi|559795194|ref|NR_104783.1|	92.273	440	34	0	4	443	353	792	9.71e-179	625	290052
e7f7cbebd839fd7abac76327381b387a	gi|343201282|ref|NR_042008.1|	92.290	441	32	2	4	443	341	780	9.71e-179	625	585394
e7f7cbebd839fd7abac76327381b387a	gi|2363085149|ref|NR_180823.1|	92.045	440	35	0	4	443	357	796	4.52e-177	619	2606634
e7f7cbebd839fd7abac76327381b387a	gi|1277396183|ref|NR_151894.1|	92.063	441	33	2	4	443	335	774	4.52e-177	619	433293
39c01787427ba19337e438ea3d14457e	gi|2363082569|ref|NR_179531.1|	97.738	442	10	0	4	445	347	788	0.0	761	1852369
39c01787427ba19337e438ea3d14457e	gi|2260349448|ref|NR_176530.1|	93.891	442	27	0	4	445	358	799	0.0	667	2093857
39c01787427ba19337e438ea3d14457e	gi|2363082559|ref|NR_179526.1|	93.891	442	27	0	4	445	349	790	0.0	667	1841866
39c01787427ba19337e438ea3d14457e	gi|645321110|ref|NR_118156.1|	93.439	442	29	0	4	445	304	745	0.0	656	1007096
39c01787427ba19337e438ea3d14457e	gi|1269801610|ref|NR_074793.2|	93.213	442	30	0	4	445	355	796	0.0	651	351091
39c01787427ba19337e438ea3d14457e	gi|343200653|ref|NR_041340.1|	93.213	442	30	0	4	445	328	769	0.0	651	351091
39c01787427ba19337e438ea3d14457e	gi|2363082170|ref|NR_179331.1|	92.793	444	29	3	4	445	328	770	0.0	640	2714358
39c01787427ba19337e438ea3d14457e	gi|2962412234|ref|NR_199428.1|	92.551	443	31	2	4	445	352	793	0.0	634	3073143
39c01787427ba19337e438ea3d14457e	gi|2363082168|ref|NR_179330.1|	92.342	444	30	4	4	445	327	768	7.54e-180	628	2714355
39c01787427ba19337e438ea3d14457e	gi|2363082165|ref|NR_179329.1|	92.342	444	30	4	4	445	327	768	7.54e-180	628	2714353
52d3401ad1149e56fa184ec16d3f9155	gi|219878251|ref|NR_025390.1|	95.455	440	20	0	4	443	330	769	0.0	702	115544
52d3401ad1149e56fa184ec16d3f9155	gi|1040567056|ref|NR_137405.1|	95.227	440	21	0	4	443	307	746	0.0	697	1619234
52d3401ad1149e56fa184ec16d3f9155	gi|559795252|ref|NR_104842.1|	95.238	441	19	2	4	443	345	784	0.0	697	39495
52d3401ad1149e56fa184ec16d3f9155	gi|1227086118|ref|NR_148620.1|	94.773	440	23	0	4	443	195	634	0.0	686	1763509
52d3401ad1149e56fa184ec16d3f9155	gi|2363086310|ref|NR_181407.1|	94.773	440	23	0	4	443	355	794	0.0	686	2850323
52d3401ad1149e56fa184ec16d3f9155	gi|219857617|ref|NR_025206.1|	94.773	440	23	0	4	443	314	753	0.0	686	180286
52d3401ad1149e56fa184ec16d3f9155	gi|1109168019|ref|NR_144608.1|	94.570	442	22	2	4	443	348	789	0.0	682	1796618
52d3401ad1149e56fa184ec16d3f9155	gi|2363082679|ref|NR_179587.1|	94.545	440	24	0	4	443	328	767	0.0	680	1926283
52d3401ad1149e56fa184ec16d3f9155	gi|1384992332|ref|NR_156081.1|	94.545	440	24	0	4	443	336	775	0.0	680	1469948
52d3401ad1149e56fa184ec16d3f9155	gi|1384992329|ref|NR_156078.1|	94.545	440	24	0	4	443	336	775	0.0	680	1469948
a9c0b21172525a493043856581d0c6cc	gi|2363086270|ref|NR_181387.1|	90.271	442	43	0	4	445	302	743	7.70e-165	579	2763656
a9c0b21172525a493043856581d0c6cc	gi|631251702|ref|NR_112900.1|	90.337	445	38	5	4	445	341	783	7.70e-165	579	626937
a9c0b21172525a493043856581d0c6cc	gi|2180566484|ref|NR_174324.1|	90.337	445	35	7	4	445	346	785	2.77e-164	577	2576756
a9c0b21172525a493043856581d0c6cc	gi|2363082825|ref|NR_179661.1|	90.112	445	39	5	4	445	342	784	3.58e-163	573	2086583
a9c0b21172525a493043856581d0c6cc	gi|2363082930|ref|NR_179713.1|	90.112	445	39	4	4	445	319	761	3.58e-163	573	1945634
a9c0b21172525a493043856581d0c6cc	gi|2136551638|ref|NR_173642.1|	89.910	446	38	6	4	445	349	791	1.67e-161	568	2678306
a9c0b21172525a493043856581d0c6cc	gi|1116030284|ref|NR_144742.1|	89.865	444	42	3	4	445	352	794	1.67e-161	568	1805714
a9c0b21172525a493043856581d0c6cc	gi|2363081417|ref|NR_178955.1|	89.686	446	39	6	4	445	288	730	7.76e-160	562	1851429
a9c0b21172525a493043856581d0c6cc	gi|1116030269|ref|NR_144727.1|	89.640	444	40	5	4	445	335	774	2.79e-159	560	1673717
a9c0b21172525a493043856581d0c6cc	gi|1116030285|ref|NR_144743.1|	89.438	445	42	5	4	445	352	794	3.61e-158	556	1816678
0f2502f334db2dcf5f64bff897c83f75	gi|2363082366|ref|NR_179430.1|	94.570	442	20	4	4	443	351	790	0.0	680	1720313
0f2502f334db2dcf5f64bff897c83f75	gi|444303910|ref|NR_074333.1|	92.534	442	31	2	4	443	323	764	0.0	632	663278
0f2502f334db2dcf5f64bff897c83f75	gi|343202504|ref|NR_042828.1|	92.534	442	31	2	4	443	323	764	0.0	632	663278
0f2502f334db2dcf5f64bff897c83f75	gi|636559250|ref|NR_115307.1|	92.534	442	31	2	4	443	323	764	0.0	632	663278
0f2502f334db2dcf5f64bff897c83f75	gi|2363082585|ref|NR_179539.1|	91.855	442	31	5	4	443	351	789	7.56e-175	612	1852384
0f2502f334db2dcf5f64bff897c83f75	gi|2363082601|ref|NR_179547.1|	91.591	440	37	0	4	443	347	786	9.78e-174	608	1870991
0f2502f334db2dcf5f64bff897c83f75	gi|2363082755|ref|NR_179626.1|	91.629	442	32	5	4	443	351	789	3.52e-173	606	1987501
0f2502f334db2dcf5f64bff897c83f75	gi|343202572|ref|NR_042930.1|	91.591	440	36	1	4	443	366	804	3.52e-173	606	258515
0f2502f334db2dcf5f64bff897c83f75	gi|343205927|ref|NR_044425.1|	91.364	440	38	0	4	443	346	785	4.55e-172	603	474960
0f2502f334db2dcf5f64bff897c83f75	gi|1445136071|ref|NR_158111.1|	90.950	442	35	5	4	443	349	787	3.54e-168	590	2038680
a3d6d99ba4aa845f1cc62041747b7cc3	gi|3030611269|ref|NR_199945.1|	92.986	442	29	2	4	445	335	774	0.0	643	3435293
a3d6d99ba4aa845f1cc62041747b7cc3	gi|265678656|ref|NR_028961.1|	92.534	442	31	2	4	445	327	766	0.0	632	853
a3d6d99ba4aa845f1cc62041747b7cc3	gi|2363081451|ref|NR_178972.1|	92.308	442	32	2	4	445	285	724	2.71e-179	627	1851428
a3d6d99ba4aa845f1cc62041747b7cc3	gi|2363080123|ref|NR_178280.1|	92.308	442	32	2	4	445	331	770	2.71e-179	627	411483
a3d6d99ba4aa845f1cc62041747b7cc3	gi|2363081449|ref|NR_178971.1|	91.855	442	33	3	4	445	285	723	2.11e-175	614	1851427
a3d6d99ba4aa845f1cc62041747b7cc3	gi|2363082282|ref|NR_179388.1|	91.648	443	33	4	4	445	335	774	2.73e-174	610	2935520
a3d6d99ba4aa845f1cc62041747b7cc3	gi|2363082356|ref|NR_179425.1|	91.176	442	37	2	4	445	351	790	5.91e-171	599	1689304
a3d6d99ba4aa845f1cc62041747b7cc3	gi|2962412223|ref|NR_199417.1|	90.950	442	38	2	4	445	342	781	2.75e-169	593	3136601
a3d6d99ba4aa845f1cc62041747b7cc3	gi|2363080175|ref|NR_178311.1|	90.950	442	38	2	4	445	412	851	2.75e-169	593	2903556
a3d6d99ba4aa845f1cc62041747b7cc3	gi|2363084747|ref|NR_180622.1|	90.745	443	37	4	4	445	335	774	1.28e-167	588	2779354
8da038214bbb17bc9ea758eb22d39511	gi|631251745|ref|NR_112943.1|	95.000	460	23	0	4	463	326	785	0.0	723	449673
8da038214bbb17bc9ea758eb22d39511	gi|2363082635|ref|NR_179564.1|	94.783	460	24	0	4	463	338	797	0.0	717	1903262
8da038214bbb17bc9ea758eb22d39511	gi|2363086550|ref|NR_181532.1|	94.783	460	24	0	4	463	322	781	0.0	717	2763025
8da038214bbb17bc9ea758eb22d39511	gi|631251747|ref|NR_112945.1|	94.783	460	24	0	4	463	327	786	0.0	717	820
8da038214bbb17bc9ea758eb22d39511	gi|343200179|ref|NR_040866.1|	94.783	460	24	0	4	463	334	793	0.0	717	820
8da038214bbb17bc9ea758eb22d39511	gi|631251997|ref|NR_113195.1|	94.565	460	25	0	4	463	338	797	0.0	712	1236515
8da038214bbb17bc9ea758eb22d39511	gi|343200620|ref|NR_041307.1|	94.577	461	23	2	4	463	334	793	0.0	712	329854
8da038214bbb17bc9ea758eb22d39511	gi|2363082773|ref|NR_179635.1|	94.348	460	26	0	4	463	338	797	0.0	706	2024197
8da038214bbb17bc9ea758eb22d39511	gi|631251866|ref|NR_113064.1|	94.348	460	26	0	4	463	338	797	0.0	706	1236538
8da038214bbb17bc9ea758eb22d39511	gi|631251817|ref|NR_113015.1|	94.348	460	26	0	4	463	338	797	0.0	706	1236538
eb2b96d0a0ea4174053364968fcea2e5	gi|672239004|ref|NR_125593.1|	83.940	467	70	5	4	468	338	801	1.11e-123	442	1034346
eb2b96d0a0ea4174053364968fcea2e5	gi|2363087361|ref|NR_181937.1|	83.439	471	65	11	4	468	291	754	1.12e-118	425	2683717
eb2b96d0a0ea4174053364968fcea2e5	gi|1179766737|ref|NR_146687.1|	83.333	468	71	5	4	468	350	813	1.12e-118	425	265178
eb2b96d0a0ea4174053364968fcea2e5	gi|1909404341|ref|NR_170394.1|	83.191	470	68	9	4	468	346	809	5.21e-117	420	2485784
eb2b96d0a0ea4174053364968fcea2e5	gi|343200184|ref|NR_040871.1|	83.191	470	68	9	4	468	339	802	5.21e-117	420	1121874
eb2b96d0a0ea4174053364968fcea2e5	gi|631251838|ref|NR_113036.1|	83.191	470	68	9	4	468	339	802	5.21e-117	420	1121874
eb2b96d0a0ea4174053364968fcea2e5	gi|343200150|ref|NR_040837.1|	83.227	471	66	11	4	468	339	802	5.21e-117	420	1648
eb2b96d0a0ea4174053364968fcea2e5	gi|1270532561|ref|NR_146814.2|	82.942	469	71	8	4	468	350	813	2.42e-115	414	1514105
eb2b96d0a0ea4174053364968fcea2e5	gi|1150406785|ref|NR_146039.1|	82.942	469	71	8	4	468	266	729	2.42e-115	414	1514105
eb2b96d0a0ea4174053364968fcea2e5	gi|219878455|ref|NR_025594.1|	82.942	469	71	7	4	468	329	792	2.42e-115	414	225084
d67334d9a66bf5cfc77072da53049d39	gi|1269235961|ref|NR_136517.2|	92.291	467	32	4	4	468	335	799	0.0	660	1119528
d67334d9a66bf5cfc77072da53049d39	gi|2363080659|ref|NR_178571.1|	92.077	467	33	4	4	468	308	772	0.0	654	1288494
d67334d9a66bf5cfc77072da53049d39	gi|631252945|ref|NR_114143.1|	92.111	469	29	8	4	468	310	774	0.0	654	211589
d67334d9a66bf5cfc77072da53049d39	gi|343198836|ref|NR_043813.1|	92.077	467	33	4	4	468	328	792	0.0	654	1000565
d67334d9a66bf5cfc77072da53049d39	gi|219857176|ref|NR_024804.1|	92.111	469	29	8	4	468	322	786	0.0	654	211589
d67334d9a66bf5cfc77072da53049d39	gi|2363087331|ref|NR_181922.1|	91.898	469	30	8	4	468	335	799	0.0	649	2929842
d67334d9a66bf5cfc77072da53049d39	gi|2363082845|ref|NR_179671.1|	91.845	466	36	2	4	468	245	709	0.0	649	51642
d67334d9a66bf5cfc77072da53049d39	gi|2363080171|ref|NR_178308.1|	91.898	469	30	8	4	468	308	772	0.0	649	2929842
d67334d9a66bf5cfc77072da53049d39	gi|1227086146|ref|NR_148634.1|	91.898	469	30	8	4	468	330	794	0.0	649	1245754
d67334d9a66bf5cfc77072da53049d39	gi|1013172435|ref|NR_135902.1|	91.863	467	34	4	4	468	330	794	0.0	649	1463159
1a260594ced84f93b23cdfcc39b220d5	gi|3248465658|ref|NR_201672.1|	92.152	446	29	6	4	446	296	738	9.78e-179	625	3381350
1a260594ced84f93b23cdfcc39b220d5	gi|3030611324|ref|NR_200000.1|	92.099	443	35	0	4	446	301	743	9.78e-179	625	3342383
1a260594ced84f93b23cdfcc39b220d5	gi|631252162|ref|NR_113360.1|	91.196	443	39	0	4	446	339	781	4.58e-172	603	1121303
1a260594ced84f93b23cdfcc39b220d5	gi|645319736|ref|NR_117111.1|	91.196	443	39	0	4	446	336	778	4.58e-172	603	29371
1a260594ced84f93b23cdfcc39b220d5	gi|219846512|ref|NR_026104.1|	91.196	443	39	0	4	446	312	754	4.58e-172	603	1121303
1a260594ced84f93b23cdfcc39b220d5	gi|219846612|ref|NR_026204.1|	90.766	444	39	2	4	446	328	770	2.76e-169	593	47246
1a260594ced84f93b23cdfcc39b220d5	gi|2363082326|ref|NR_179410.1|	90.766	444	39	2	4	446	349	791	9.92e-169	592	1650661
1a260594ced84f93b23cdfcc39b220d5	gi|785794309|ref|NG_041947.1|	90.745	443	41	0	4	446	469	911	9.92e-169	592	394503
1a260594ced84f93b23cdfcc39b220d5	gi|785497611|ref|NR_102768.2|	90.745	443	41	0	4	446	330	772	9.92e-169	592	1521
1a260594ced84f93b23cdfcc39b220d5	gi|1109168025|ref|NR_144611.1|	90.745	443	41	0	4	446	282	724	9.92e-169	592	1417852
37674b58ef4438107cb203f4485979f2	gi|343202496|ref|NR_042819.1|	97.419	465	12	0	4	468	318	782	0.0	793	337779
37674b58ef4438107cb203f4485979f2	gi|343201364|ref|NR_042090.1|	97.419	465	12	0	4	468	319	783	0.0	793	281362
37674b58ef4438107cb203f4485979f2	gi|219857253|ref|NR_024884.1|	97.204	465	13	0	4	468	306	770	0.0	787	73030
37674b58ef4438107cb203f4485979f2	gi|265678376|ref|NR_028678.1|	96.996	466	12	2	4	468	336	800	0.0	782	146938
37674b58ef4438107cb203f4485979f2	gi|343198916|ref|NR_044023.1|	95.914	465	19	0	4	468	298	762	0.0	754	404405
37674b58ef4438107cb203f4485979f2	gi|343200330|ref|NR_041017.1|	95.923	466	17	2	4	468	314	778	0.0	754	266126
37674b58ef4438107cb203f4485979f2	gi|672238910|ref|NR_125499.1|	95.503	467	17	4	4	468	325	789	0.0	743	203534
37674b58ef4438107cb203f4485979f2	gi|219857225|ref|NR_024853.1|	95.279	466	21	1	4	468	312	777	0.0	737	146940
37674b58ef4438107cb203f4485979f2	gi|343198954|ref|NR_044125.1|	95.054	465	23	0	4	468	291	755	0.0	732	1121032
37674b58ef4438107cb203f4485979f2	gi|265678730|ref|NR_029035.1|	95.054	465	23	0	4	468	327	791	0.0	732	138118
6f5b07b5bec2fac2a0232fec3d4537e0	gi|2962412223|ref|NR_199417.1|	95.918	441	16	2	4	443	342	781	0.0	713	3136601
6f5b07b5bec2fac2a0232fec3d4537e0	gi|1277396189|ref|NR_151900.1|	93.439	442	25	4	4	443	351	790	0.0	652	1550024
6f5b07b5bec2fac2a0232fec3d4537e0	gi|2363082667|ref|NR_179581.1|	93.424	441	26	3	4	443	331	769	0.0	651	1917873
6f5b07b5bec2fac2a0232fec3d4537e0	gi|2363082356|ref|NR_179425.1|	93.197	441	28	2	4	443	351	790	0.0	647	1689304
6f5b07b5bec2fac2a0232fec3d4537e0	gi|1397641802|ref|NR_156911.1|	92.955	440	31	0	4	443	351	790	0.0	641	1650663
6f5b07b5bec2fac2a0232fec3d4537e0	gi|2363084747|ref|NR_180622.1|	92.955	440	31	0	4	443	335	774	0.0	641	2779354
6f5b07b5bec2fac2a0232fec3d4537e0	gi|2363080175|ref|NR_178311.1|	92.727	440	32	0	4	443	412	851	0.0	636	2903556
6f5b07b5bec2fac2a0232fec3d4537e0	gi|2363080123|ref|NR_178280.1|	92.744	441	30	2	4	443	331	770	0.0	636	411483
6f5b07b5bec2fac2a0232fec3d4537e0	gi|3030611269|ref|NR_199945.1|	92.517	441	31	2	4	443	335	774	2.09e-180	630	3435293
6f5b07b5bec2fac2a0232fec3d4537e0	gi|2363081451|ref|NR_178972.1|	92.500	440	33	0	4	443	285	724	2.09e-180	630	1851428
f80c6f9fe71dd0cfc0a705a32e80bba3	gi|219846340|ref|NR_025930.1|	94.118	442	24	2	4	443	296	737	0.0	671	40518
f80c6f9fe71dd0cfc0a705a32e80bba3	gi|2136551638|ref|NR_173642.1|	93.454	443	26	2	4	443	349	791	0.0	654	2678306
f80c6f9fe71dd0cfc0a705a32e80bba3	gi|636558732|ref|NR_114789.1|	92.045	440	35	0	4	443	347	786	4.52e-177	619	1535
f80c6f9fe71dd0cfc0a705a32e80bba3	gi|2180566484|ref|NR_174324.1|	91.818	440	36	0	4	443	346	785	2.10e-175	614	2576756
f80c6f9fe71dd0cfc0a705a32e80bba3	gi|2136551663|ref|NR_173668.1|	91.364	440	38	0	4	443	294	733	4.55e-172	603	2766537
f80c6f9fe71dd0cfc0a705a32e80bba3	gi|2363084544|ref|NR_180520.1|	91.441	444	29	9	4	443	356	794	1.64e-171	601	2564099
f80c6f9fe71dd0cfc0a705a32e80bba3	gi|2836274968|ref|NR_197731.1|	91.156	441	37	2	4	443	306	745	2.12e-170	597	3093659
f80c6f9fe71dd0cfc0a705a32e80bba3	gi|265679047|ref|NR_029355.1|	91.136	440	39	0	4	443	332	771	2.12e-170	597	84026
f80c6f9fe71dd0cfc0a705a32e80bba3	gi|3248465687|ref|NR_201701.1|	90.971	443	37	2	4	443	330	772	2.74e-169	593	3435187
f80c6f9fe71dd0cfc0a705a32e80bba3	gi|3248465688|ref|NR_201702.1|	90.971	443	37	2	4	443	328	770	2.74e-169	593	3435000
497c86f7354f0a13ec69f97e0a85603b	gi|631251832|ref|NR_113030.1|	99.348	460	3	0	4	463	337	796	0.0	833	1656
497c86f7354f0a13ec69f97e0a85603b	gi|219846636|ref|NR_026228.1|	99.130	460	4	0	4	463	305	764	0.0	828	1656
497c86f7354f0a13ec69f97e0a85603b	gi|2363082649|ref|NR_179571.1|	98.915	461	4	1	4	463	353	813	0.0	822	2060916
497c86f7354f0a13ec69f97e0a85603b	gi|645320060|ref|NR_117358.1|	98.915	461	4	1	4	463	351	811	0.0	822	544580
497c86f7354f0a13ec69f97e0a85603b	gi|559795304|ref|NR_104896.1|	98.701	462	4	1	4	463	295	756	0.0	819	544580
497c86f7354f0a13ec69f97e0a85603b	gi|631252128|ref|NR_113326.1|	98.701	462	4	2	4	463	353	814	0.0	819	1655
497c86f7354f0a13ec69f97e0a85603b	gi|631251862|ref|NR_113060.1|	98.701	462	4	1	4	463	350	811	0.0	819	544580
497c86f7354f0a13ec69f97e0a85603b	gi|310975169|ref|NR_037033.1|	98.701	462	4	2	4	463	344	805	0.0	819	1655
497c86f7354f0a13ec69f97e0a85603b	gi|559795303|ref|NR_104895.1|	98.698	461	5	1	4	463	332	792	0.0	817	544581
497c86f7354f0a13ec69f97e0a85603b	gi|631251860|ref|NR_113058.1|	98.698	461	5	1	4	463	352	812	0.0	817	544581
785e333cbe30850d01b59fbba0e57323	gi|636558732|ref|NR_114789.1|	94.545	440	24	0	4	443	347	786	0.0	680	1535
785e333cbe30850d01b59fbba0e57323	gi|1116030269|ref|NR_144727.1|	94.091	440	26	0	4	443	335	774	0.0	669	1673717
785e333cbe30850d01b59fbba0e57323	gi|2363082767|ref|NR_179632.1|	93.864	440	27	0	4	443	337	776	0.0	664	2014781
785e333cbe30850d01b59fbba0e57323	gi|2180566484|ref|NR_174324.1|	93.864	440	27	0	4	443	346	785	0.0	664	2576756
785e333cbe30850d01b59fbba0e57323	gi|3248465687|ref|NR_201701.1|	93.708	445	21	6	4	443	330	772	0.0	660	3435187
785e333cbe30850d01b59fbba0e57323	gi|3248465688|ref|NR_201702.1|	93.708	445	21	6	4	443	328	770	0.0	660	3435000
785e333cbe30850d01b59fbba0e57323	gi|2836274968|ref|NR_197731.1|	93.636	440	28	0	4	443	306	745	0.0	658	3093659
785e333cbe30850d01b59fbba0e57323	gi|2363082799|ref|NR_179648.1|	93.665	442	24	4	4	443	339	778	0.0	658	2045012
785e333cbe30850d01b59fbba0e57323	gi|1116030278|ref|NR_144736.1|	93.409	440	29	0	4	443	360	799	0.0	652	1776382
785e333cbe30850d01b59fbba0e57323	gi|602269312|ref|NR_044835.2|	93.439	442	25	4	4	443	259	698	0.0	652	1549
08abc332ddbfdd7cc24cda53bf1cc141	gi|959494981|ref|NR_133836.1|	98.925	465	5	0	4	468	315	779	0.0	832	502333
08abc332ddbfdd7cc24cda53bf1cc141	gi|2363085085|ref|NR_180791.1|	98.501	467	3	4	4	468	309	773	0.0	821	2735555
08abc332ddbfdd7cc24cda53bf1cc141	gi|2962412312|ref|NR_199507.1|	98.280	465	8	0	4	468	328	792	0.0	815	3031331
08abc332ddbfdd7cc24cda53bf1cc141	gi|2363086438|ref|NR_181473.1|	98.065	465	9	0	4	468	236	700	0.0	813	2780094
08abc332ddbfdd7cc24cda53bf1cc141	gi|1491514511|ref|NR_159166.1|	98.069	466	7	2	4	468	317	781	0.0	809	1926872
08abc332ddbfdd7cc24cda53bf1cc141	gi|343203100|ref|NR_043615.1|	98.065	465	9	0	4	468	308	772	0.0	809	344883
08abc332ddbfdd7cc24cda53bf1cc141	gi|1864207057|ref|NR_169351.1|	97.854	466	8	2	4	468	314	778	0.0	804	1836198
08abc332ddbfdd7cc24cda53bf1cc141	gi|2363085380|ref|NR_180938.1|	97.849	465	10	0	4	468	318	782	0.0	804	2728837
08abc332ddbfdd7cc24cda53bf1cc141	gi|566085263|ref|NR_109102.1|	97.854	466	8	2	4	468	317	781	0.0	804	913761
08abc332ddbfdd7cc24cda53bf1cc141	gi|636560039|ref|NR_116099.1|	97.854	466	8	2	4	468	278	742	0.0	804	452922
cd4851618b9980a671d9391697b107d8	gi|444304209|ref|NR_074634.1|	94.318	440	25	0	4	443	350	789	0.0	675	515619
cd4851618b9980a671d9391697b107d8	gi|343198540|ref|NR_042832.1|	94.104	441	25	1	4	443	330	770	0.0	669	301302
cd4851618b9980a671d9391697b107d8	gi|444439494|ref|NR_074809.1|	93.424	441	28	1	4	443	350	790	0.0	652	585394
cd4851618b9980a671d9391697b107d8	gi|343198925|ref|NR_044049.1|	93.424	441	27	2	4	443	316	755	0.0	652	33043
cd4851618b9980a671d9391697b107d8	gi|645320588|ref|NR_117758.1|	93.213	442	28	1	4	443	322	763	0.0	649	166486
cd4851618b9980a671d9391697b107d8	gi|228716944|ref|NR_027557.1|	93.213	442	28	1	4	443	343	784	0.0	649	536231
cd4851618b9980a671d9391697b107d8	gi|2136551593|ref|NR_173596.1|	93.197	441	29	1	4	443	301	741	0.0	647	1703332
cd4851618b9980a671d9391697b107d8	gi|343201282|ref|NR_042008.1|	93.197	441	28	2	4	443	341	780	0.0	647	585394
cd4851618b9980a671d9391697b107d8	gi|2363086282|ref|NR_181393.1|	92.955	440	31	0	4	443	290	729	0.0	641	2763664
cd4851618b9980a671d9391697b107d8	gi|219846723|ref|NR_026315.1|	92.955	440	31	0	4	443	317	756	0.0	641	46206
