fd6486453d06ada53fe523ba2eaa4b02	gi|631252213|ref|NR_113411.1|	99.130	460	4	0	1	460	341	800	0.0	828	537011
fd6486453d06ada53fe523ba2eaa4b02	gi|343200190|ref|NR_040877.1|	98.913	460	5	0	1	460	341	800	0.0	824	537011
fd6486453d06ada53fe523ba2eaa4b02	gi|2363084409|ref|NR_180452.1|	97.391	460	12	0	1	460	321	780	0.0	784	2518605
fd6486453d06ada53fe523ba2eaa4b02	gi|631251894|ref|NR_113092.1|	93.709	461	27	2	1	460	329	788	0.0	689	77768
fd6486453d06ada53fe523ba2eaa4b02	gi|219878161|ref|NR_025300.1|	93.709	461	27	2	1	460	341	800	0.0	689	77768
fd6486453d06ada53fe523ba2eaa4b02	gi|631251907|ref|NR_113105.1|	93.492	461	28	2	1	460	329	788	0.0	684	470565
fd6486453d06ada53fe523ba2eaa4b02	gi|343199048|ref|NR_044407.1|	93.492	461	28	2	1	460	321	780	0.0	684	470565
fd6486453d06ada53fe523ba2eaa4b02	gi|566085557|ref|NR_109628.1|	93.059	461	30	2	1	460	322	781	0.0	673	1177574
fd6486453d06ada53fe523ba2eaa4b02	gi|631251922|ref|NR_113120.1|	92.857	462	29	4	1	460	339	798	0.0	667	28136
fd6486453d06ada53fe523ba2eaa4b02	gi|265678842|ref|NR_029147.1|	92.842	461	31	2	1	460	344	803	0.0	667	28136
280fbc2b6d0eb07bf673b5daec404416	gi|636560108|ref|NR_116168.1|	99.355	465	3	0	1	465	335	799	0.0	843	888828
280fbc2b6d0eb07bf673b5daec404416	gi|343202529|ref|NR_042878.1|	99.355	465	3	0	1	465	314	778	0.0	843	888828
280fbc2b6d0eb07bf673b5daec404416	gi|645321895|ref|NR_118762.1|	98.056	463	9	0	3	465	340	802	0.0	817	888828
280fbc2b6d0eb07bf673b5daec404416	gi|645321093|ref|NR_118143.1|	98.065	465	9	0	1	465	316	780	0.0	811	1035839
280fbc2b6d0eb07bf673b5daec404416	gi|219878284|ref|NR_025423.1|	97.419	465	12	0	1	465	319	783	0.0	793	249188
280fbc2b6d0eb07bf673b5daec404416	gi|3248465850|ref|NR_201865.1|	96.146	467	14	4	1	465	261	725	0.0	760	3414265
280fbc2b6d0eb07bf673b5daec404416	gi|343202522|ref|NR_042871.1|	95.914	465	19	0	1	465	316	780	0.0	758	123820
280fbc2b6d0eb07bf673b5daec404416	gi|1491522540|ref|NR_159347.1|	95.914	465	19	0	1	465	340	804	0.0	758	28161
280fbc2b6d0eb07bf673b5daec404416	gi|694281134|ref|NR_115546.2|	95.931	467	15	4	1	465	344	808	0.0	754	715
280fbc2b6d0eb07bf673b5daec404416	gi|636559161|ref|NR_115218.1|	95.931	467	15	4	1	465	314	778	0.0	754	157339
95e6074a8629fffa7ba929fa4e039519	gi|631252213|ref|NR_113411.1|	98.478	460	7	0	1	460	341	800	0.0	811	537011
95e6074a8629fffa7ba929fa4e039519	gi|343200190|ref|NR_040877.1|	98.261	460	8	0	1	460	341	800	0.0	808	537011
95e6074a8629fffa7ba929fa4e039519	gi|2363084409|ref|NR_180452.1|	97.174	460	13	0	1	460	321	780	0.0	778	2518605
95e6074a8629fffa7ba929fa4e039519	gi|631251907|ref|NR_113105.1|	93.534	464	22	7	1	460	329	788	0.0	684	470565
95e6074a8629fffa7ba929fa4e039519	gi|343199048|ref|NR_044407.1|	93.534	464	22	7	1	460	321	780	0.0	684	470565
95e6074a8629fffa7ba929fa4e039519	gi|631253107|ref|NR_114305.1|	93.275	461	29	2	1	460	341	800	0.0	678	1236518
95e6074a8629fffa7ba929fa4e039519	gi|636560666|ref|NR_116726.1|	93.275	461	29	2	1	460	321	780	0.0	678	1236518
95e6074a8629fffa7ba929fa4e039519	gi|566085557|ref|NR_109628.1|	93.103	464	24	8	1	460	322	781	0.0	673	1177574
95e6074a8629fffa7ba929fa4e039519	gi|631251922|ref|NR_113120.1|	93.089	463	26	6	1	460	339	798	0.0	673	28136
95e6074a8629fffa7ba929fa4e039519	gi|265678842|ref|NR_029147.1|	92.857	462	29	4	1	460	344	803	0.0	667	28136
f61e7f53dab91016059e4bc7328da924	gi|2363082157|ref|NR_179325.1|	99.140	465	4	0	1	465	300	764	0.0	837	2682456
f61e7f53dab91016059e4bc7328da924	gi|343201163|ref|NR_041879.1|	99.140	465	4	0	1	465	283	747	0.0	837	39778
f61e7f53dab91016059e4bc7328da924	gi|636559298|ref|NR_115355.1|	99.140	465	4	0	1	465	326	790	0.0	837	39778
f61e7f53dab91016059e4bc7328da924	gi|645322415|ref|NR_119169.1|	98.925	465	5	0	1	465	331	795	0.0	833	39778
f61e7f53dab91016059e4bc7328da924	gi|631252372|ref|NR_113570.1|	98.495	465	7	0	1	465	333	797	0.0	821	1110546
f61e7f53dab91016059e4bc7328da924	gi|444439665|ref|NR_074980.1|	98.280	465	8	0	1	465	353	817	0.0	815	479436
f61e7f53dab91016059e4bc7328da924	gi|631251833|ref|NR_113031.1|	98.280	465	8	0	1	465	353	817	0.0	815	29466
f61e7f53dab91016059e4bc7328da924	gi|645322414|ref|NR_119168.1|	98.280	465	8	0	1	465	331	795	0.0	815	479436
f61e7f53dab91016059e4bc7328da924	gi|1679775917|ref|NR_163639.1|	98.283	466	4	4	1	465	345	807	0.0	813	1911679
f61e7f53dab91016059e4bc7328da924	gi|645320589|ref|NR_117759.1|	98.065	465	9	0	1	465	329	793	0.0	811	479436
f9a6608cd2ad3a80ff1bcb8f547e9a6b	gi|631252372|ref|NR_113570.1|	99.140	465	4	0	1	465	333	797	0.0	837	1110546
f9a6608cd2ad3a80ff1bcb8f547e9a6b	gi|343205705|ref|NR_044091.1|	99.140	465	4	0	1	465	240	704	0.0	837	423477
f9a6608cd2ad3a80ff1bcb8f547e9a6b	gi|444439665|ref|NR_074980.1|	98.925	465	5	0	1	465	353	817	0.0	832	479436
f9a6608cd2ad3a80ff1bcb8f547e9a6b	gi|631251833|ref|NR_113031.1|	98.925	465	5	0	1	465	353	817	0.0	832	29466
f9a6608cd2ad3a80ff1bcb8f547e9a6b	gi|645322414|ref|NR_119168.1|	98.925	465	5	0	1	465	331	795	0.0	832	479436
f9a6608cd2ad3a80ff1bcb8f547e9a6b	gi|645320589|ref|NR_117759.1|	98.710	465	6	0	1	465	329	793	0.0	828	479436
f9a6608cd2ad3a80ff1bcb8f547e9a6b	gi|343202841|ref|NR_043332.1|	98.710	465	6	0	1	465	326	790	0.0	828	479436
f9a6608cd2ad3a80ff1bcb8f547e9a6b	gi|343205749|ref|NR_044153.1|	98.495	465	7	0	1	465	326	790	0.0	822	419208
f9a6608cd2ad3a80ff1bcb8f547e9a6b	gi|343202582|ref|NR_042940.1|	98.495	465	7	0	1	465	238	702	0.0	821	248315
f9a6608cd2ad3a80ff1bcb8f547e9a6b	gi|2363082157|ref|NR_179325.1|	98.280	465	8	0	1	465	300	764	0.0	815	2682456
ada84aca69f192dd0395d3d07cd902c6	gi|631252213|ref|NR_113411.1|	98.696	460	6	0	1	460	341	800	0.0	817	537011
ada84aca69f192dd0395d3d07cd902c6	gi|343200190|ref|NR_040877.1|	98.478	460	7	0	1	460	341	800	0.0	813	537011
ada84aca69f192dd0395d3d07cd902c6	gi|2363084409|ref|NR_180452.1|	97.826	460	10	0	1	460	321	780	0.0	795	2518605
ada84aca69f192dd0395d3d07cd902c6	gi|631251907|ref|NR_113105.1|	94.143	461	25	2	1	460	329	788	0.0	701	470565
ada84aca69f192dd0395d3d07cd902c6	gi|343199048|ref|NR_044407.1|	94.143	461	25	2	1	460	321	780	0.0	701	470565
ada84aca69f192dd0395d3d07cd902c6	gi|566085557|ref|NR_109628.1|	93.709	461	27	2	1	460	322	781	0.0	689	1177574
ada84aca69f192dd0395d3d07cd902c6	gi|631251926|ref|NR_113124.1|	93.709	461	27	2	1	460	341	800	0.0	689	28137
ada84aca69f192dd0395d3d07cd902c6	gi|636559270|ref|NR_115327.1|	93.709	461	27	2	1	460	321	780	0.0	689	28137
ada84aca69f192dd0395d3d07cd902c6	gi|265678843|ref|NR_029148.1|	93.492	461	28	2	1	460	349	808	0.0	688	28137
ada84aca69f192dd0395d3d07cd902c6	gi|631251894|ref|NR_113092.1|	93.492	461	28	2	1	460	329	788	0.0	684	77768
a43ca9a2bbcbae57da08bdd601a16c3f	gi|631252213|ref|NR_113411.1|	99.130	460	4	0	1	460	341	800	0.0	828	537011
a43ca9a2bbcbae57da08bdd601a16c3f	gi|343200190|ref|NR_040877.1|	98.913	460	5	0	1	460	341	800	0.0	824	537011
a43ca9a2bbcbae57da08bdd601a16c3f	gi|2363084409|ref|NR_180452.1|	97.391	460	12	0	1	460	321	780	0.0	784	2518605
a43ca9a2bbcbae57da08bdd601a16c3f	gi|631251894|ref|NR_113092.1|	93.709	461	27	2	1	460	329	788	0.0	689	77768
a43ca9a2bbcbae57da08bdd601a16c3f	gi|219878161|ref|NR_025300.1|	93.709	461	27	2	1	460	341	800	0.0	689	77768
a43ca9a2bbcbae57da08bdd601a16c3f	gi|631251907|ref|NR_113105.1|	93.492	461	28	2	1	460	329	788	0.0	684	470565
a43ca9a2bbcbae57da08bdd601a16c3f	gi|343199048|ref|NR_044407.1|	93.492	461	28	2	1	460	321	780	0.0	684	470565
a43ca9a2bbcbae57da08bdd601a16c3f	gi|566085557|ref|NR_109628.1|	93.059	461	30	2	1	460	322	781	0.0	673	1177574
a43ca9a2bbcbae57da08bdd601a16c3f	gi|631251922|ref|NR_113120.1|	92.857	462	29	4	1	460	339	798	0.0	667	28136
a43ca9a2bbcbae57da08bdd601a16c3f	gi|265678842|ref|NR_029147.1|	92.842	461	31	2	1	460	344	803	0.0	667	28136
fa2187e0b86c7233d1b28d91c3760000	gi|2363082569|ref|NR_179531.1|	97.285	442	12	0	1	442	347	788	0.0	750	1852369
fa2187e0b86c7233d1b28d91c3760000	gi|645321110|ref|NR_118156.1|	94.118	442	26	0	1	442	304	745	0.0	673	1007096
fa2187e0b86c7233d1b28d91c3760000	gi|1269801610|ref|NR_074793.2|	93.891	442	27	0	1	442	355	796	0.0	667	351091
fa2187e0b86c7233d1b28d91c3760000	gi|343200653|ref|NR_041340.1|	93.891	442	27	0	1	442	328	769	0.0	667	351091
fa2187e0b86c7233d1b28d91c3760000	gi|2260349448|ref|NR_176530.1|	93.439	442	29	0	1	442	358	799	0.0	656	2093857
fa2187e0b86c7233d1b28d91c3760000	gi|2363082559|ref|NR_179526.1|	93.439	442	29	0	1	442	349	790	0.0	656	1841866
fa2187e0b86c7233d1b28d91c3760000	gi|2363082170|ref|NR_179331.1|	93.483	445	24	5	1	442	328	770	0.0	656	2714358
fa2187e0b86c7233d1b28d91c3760000	gi|2962412234|ref|NR_199428.1|	93.213	442	30	0	1	442	352	793	0.0	651	3073143
fa2187e0b86c7233d1b28d91c3760000	gi|2363082165|ref|NR_179329.1|	93.018	444	27	4	1	442	327	768	0.0	645	2714353
fa2187e0b86c7233d1b28d91c3760000	gi|2363082168|ref|NR_179330.1|	92.793	444	28	4	1	442	327	768	0.0	640	2714355
59ce200cb4d6b63f33e320b2a7752d18	gi|444304189|ref|NR_074613.1|	99.318	440	3	0	1	440	350	789	0.0	797	515620
59ce200cb4d6b63f33e320b2a7752d18	gi|559795246|ref|NR_104836.1|	96.818	440	14	0	1	440	333	772	0.0	736	706562
59ce200cb4d6b63f33e320b2a7752d18	gi|559795169|ref|NR_104758.1|	96.136	440	17	0	1	440	345	784	0.0	719	1282887
59ce200cb4d6b63f33e320b2a7752d18	gi|645321781|ref|NR_118667.1|	95.011	441	20	2	1	440	355	794	0.0	704	28052
59ce200cb4d6b63f33e320b2a7752d18	gi|343198925|ref|NR_044049.1|	94.091	440	26	0	1	440	316	755	0.0	669	33043
59ce200cb4d6b63f33e320b2a7752d18	gi|343202586|ref|NR_042953.1|	93.878	441	25	2	1	440	308	747	0.0	664	264463
59ce200cb4d6b63f33e320b2a7752d18	gi|219846511|ref|NR_026103.1|	93.636	440	28	0	1	440	316	755	0.0	658	37658
59ce200cb4d6b63f33e320b2a7752d18	gi|1277396183|ref|NR_151894.1|	93.636	440	28	0	1	440	335	774	0.0	658	433293
59ce200cb4d6b63f33e320b2a7752d18	gi|219857405|ref|NR_024993.1|	93.651	441	26	2	1	440	349	788	0.0	658	99656
59ce200cb4d6b63f33e320b2a7752d18	gi|645321792|ref|NR_118676.1|	93.182	440	30	0	1	440	370	809	0.0	656	39497
8226b1a47843346f6d88de6e8749c6c3	gi|631252213|ref|NR_113411.1|	99.348	460	3	0	1	460	341	800	0.0	833	537011
8226b1a47843346f6d88de6e8749c6c3	gi|343200190|ref|NR_040877.1|	99.130	460	4	0	1	460	341	800	0.0	830	537011
8226b1a47843346f6d88de6e8749c6c3	gi|2363084409|ref|NR_180452.1|	98.043	460	9	0	1	460	321	780	0.0	800	2518605
8226b1a47843346f6d88de6e8749c6c3	gi|631251907|ref|NR_113105.1|	94.143	461	25	2	1	460	329	788	0.0	701	470565
8226b1a47843346f6d88de6e8749c6c3	gi|343199048|ref|NR_044407.1|	94.143	461	25	2	1	460	321	780	0.0	701	470565
8226b1a47843346f6d88de6e8749c6c3	gi|265678842|ref|NR_029147.1|	93.939	462	24	4	1	460	344	803	0.0	695	28136
8226b1a47843346f6d88de6e8749c6c3	gi|566085557|ref|NR_109628.1|	93.709	461	27	2	1	460	322	781	0.0	689	1177574
8226b1a47843346f6d88de6e8749c6c3	gi|631251926|ref|NR_113124.1|	93.709	461	27	2	1	460	341	800	0.0	689	28137
8226b1a47843346f6d88de6e8749c6c3	gi|631251922|ref|NR_113120.1|	93.723	462	25	4	1	460	339	798	0.0	689	28136
8226b1a47843346f6d88de6e8749c6c3	gi|631251894|ref|NR_113092.1|	93.709	461	27	2	1	460	329	788	0.0	689	77768
9d51b21f03d1265e12c205f09a394209	gi|2363082168|ref|NR_179330.1|	94.570	442	24	0	1	442	327	768	0.0	684	2714355
9d51b21f03d1265e12c205f09a394209	gi|2363082569|ref|NR_179531.1|	94.369	444	21	4	1	442	347	788	0.0	678	1852369
9d51b21f03d1265e12c205f09a394209	gi|2363082165|ref|NR_179329.1|	94.344	442	25	0	1	442	327	768	0.0	678	2714353
9d51b21f03d1265e12c205f09a394209	gi|2363082342|ref|NR_179418.1|	93.483	445	24	3	1	442	348	790	0.0	656	1673721
9d51b21f03d1265e12c205f09a394209	gi|1269801610|ref|NR_074793.2|	92.325	443	32	2	1	442	355	796	7.49e-180	628	351091
9d51b21f03d1265e12c205f09a394209	gi|645321110|ref|NR_118156.1|	92.360	445	28	5	1	442	304	745	7.49e-180	628	1007096
9d51b21f03d1265e12c205f09a394209	gi|343200653|ref|NR_041340.1|	92.325	443	32	2	1	442	328	769	7.49e-180	628	351091
9d51b21f03d1265e12c205f09a394209	gi|2260349448|ref|NR_176530.1|	91.910	445	30	5	1	442	358	799	1.62e-176	617	2093857
9d51b21f03d1265e12c205f09a394209	gi|2363082559|ref|NR_179526.1|	91.910	445	30	5	1	442	349	790	1.62e-176	617	1841866
9d51b21f03d1265e12c205f09a394209	gi|2962412234|ref|NR_199428.1|	91.704	446	29	7	1	442	352	793	7.54e-175	612	3073143
954977cf756bb20ca962cbba95032d7a	gi|2363080123|ref|NR_178280.1|	99.318	440	3	0	1	440	331	770	0.0	797	411483
954977cf756bb20ca962cbba95032d7a	gi|2363081449|ref|NR_178971.1|	99.536	431	2	0	1	431	285	715	0.0	785	1851427
954977cf756bb20ca962cbba95032d7a	gi|265678656|ref|NR_028961.1|	98.636	440	6	0	1	440	327	766	0.0	780	853
954977cf756bb20ca962cbba95032d7a	gi|2363081451|ref|NR_178972.1|	98.409	440	7	0	1	440	285	724	0.0	774	1851428
954977cf756bb20ca962cbba95032d7a	gi|3030611269|ref|NR_199945.1|	98.182	440	8	0	1	440	335	774	0.0	769	3435293
954977cf756bb20ca962cbba95032d7a	gi|2363082282|ref|NR_179388.1|	97.732	441	8	2	1	440	335	774	0.0	758	2935520
954977cf756bb20ca962cbba95032d7a	gi|2363080175|ref|NR_178311.1|	97.045	440	13	0	1	440	412	851	0.0	741	2903556
954977cf756bb20ca962cbba95032d7a	gi|2363084747|ref|NR_180622.1|	92.971	441	29	2	1	440	335	774	0.0	641	2779354
954977cf756bb20ca962cbba95032d7a	gi|559795255|ref|NR_104846.1|	92.727	440	32	0	1	440	288	727	0.0	636	745368
954977cf756bb20ca962cbba95032d7a	gi|1277396189|ref|NR_151900.1|	92.273	440	34	0	1	440	351	790	9.64e-179	625	1550024
5b43c75b8752cf4a8e477f72178509ce	gi|2363085169|ref|NR_180833.1|	99.545	440	2	0	1	440	337	776	0.0	802	2606635
5b43c75b8752cf4a8e477f72178509ce	gi|310975204|ref|NR_037068.1|	97.279	441	10	2	1	440	341	780	0.0	747	29375
5b43c75b8752cf4a8e477f72178509ce	gi|3030611230|ref|NR_199906.1|	97.045	440	13	0	1	440	354	793	0.0	741	3123317
5b43c75b8752cf4a8e477f72178509ce	gi|3030611314|ref|NR_199990.1|	97.045	440	13	0	1	440	350	789	0.0	741	3123317
5b43c75b8752cf4a8e477f72178509ce	gi|2836274880|ref|NR_197643.1|	97.045	440	13	0	1	440	329	768	0.0	741	2962432
5b43c75b8752cf4a8e477f72178509ce	gi|1384992331|ref|NR_156080.1|	97.045	440	13	0	1	440	336	775	0.0	741	1469948
5b43c75b8752cf4a8e477f72178509ce	gi|1384992328|ref|NR_156077.1|	97.045	440	13	0	1	440	336	775	0.0	741	1469948
5b43c75b8752cf4a8e477f72178509ce	gi|559795307|ref|NR_104899.1|	97.045	440	13	0	1	440	328	767	0.0	741	384636
5b43c75b8752cf4a8e477f72178509ce	gi|645322280|ref|NR_119068.1|	97.052	441	10	3	1	440	315	753	0.0	739	36832
5b43c75b8752cf4a8e477f72178509ce	gi|2363082679|ref|NR_179587.1|	96.818	440	14	0	1	440	328	767	0.0	736	1926283
305e337eedb1261963f4b28077b37b37	gi|343205705|ref|NR_044091.1|	99.355	465	3	0	1	465	240	704	0.0	843	423477
305e337eedb1261963f4b28077b37b37	gi|631252372|ref|NR_113570.1|	98.495	465	7	0	1	465	333	797	0.0	821	1110546
305e337eedb1261963f4b28077b37b37	gi|444439665|ref|NR_074980.1|	98.280	465	8	0	1	465	353	817	0.0	815	479436
305e337eedb1261963f4b28077b37b37	gi|631251833|ref|NR_113031.1|	98.280	465	8	0	1	465	353	817	0.0	815	29466
305e337eedb1261963f4b28077b37b37	gi|645322414|ref|NR_119168.1|	98.280	465	8	0	1	465	331	795	0.0	815	479436
305e337eedb1261963f4b28077b37b37	gi|645320589|ref|NR_117759.1|	98.065	465	9	0	1	465	329	793	0.0	811	479436
305e337eedb1261963f4b28077b37b37	gi|343205749|ref|NR_044153.1|	98.069	466	7	2	1	465	326	790	0.0	811	419208
305e337eedb1261963f4b28077b37b37	gi|343202841|ref|NR_043332.1|	98.065	465	9	0	1	465	326	790	0.0	811	479436
305e337eedb1261963f4b28077b37b37	gi|219846172|ref|NR_025762.1|	98.065	465	9	0	1	465	304	768	0.0	809	248316
305e337eedb1261963f4b28077b37b37	gi|343202582|ref|NR_042940.1|	97.849	465	10	0	1	465	238	702	0.0	804	248315
1407f9a26a7e2c965d40b141ab224cdc	gi|2363080123|ref|NR_178280.1|	98.864	440	5	0	1	440	331	770	0.0	785	411483
1407f9a26a7e2c965d40b141ab224cdc	gi|3030611269|ref|NR_199945.1|	98.636	440	6	0	1	440	335	774	0.0	780	3435293
1407f9a26a7e2c965d40b141ab224cdc	gi|2363081449|ref|NR_178971.1|	98.636	440	5	1	1	440	285	723	0.0	778	1851427
1407f9a26a7e2c965d40b141ab224cdc	gi|265678656|ref|NR_028961.1|	98.182	440	8	0	1	440	327	766	0.0	769	853
1407f9a26a7e2c965d40b141ab224cdc	gi|2363081451|ref|NR_178972.1|	97.955	440	9	0	1	440	285	724	0.0	763	1851428
1407f9a26a7e2c965d40b141ab224cdc	gi|2363082282|ref|NR_179388.1|	97.279	441	10	2	1	440	335	774	0.0	747	2935520
1407f9a26a7e2c965d40b141ab224cdc	gi|2363080175|ref|NR_178311.1|	96.591	440	15	0	1	440	412	851	0.0	730	2903556
1407f9a26a7e2c965d40b141ab224cdc	gi|2363084747|ref|NR_180622.1|	93.424	441	27	2	1	440	335	774	0.0	652	2779354
1407f9a26a7e2c965d40b141ab224cdc	gi|559795255|ref|NR_104846.1|	93.182	440	30	0	1	440	288	727	0.0	647	745368
1407f9a26a7e2c965d40b141ab224cdc	gi|1277396189|ref|NR_151900.1|	92.727	440	32	0	1	440	351	790	0.0	636	1550024
a439c354f9b0c662588fb98cfd911385	gi|645320588|ref|NR_117758.1|	99.321	442	3	0	1	442	322	763	0.0	800	166486
a439c354f9b0c662588fb98cfd911385	gi|228716944|ref|NR_027557.1|	99.321	442	3	0	1	442	343	784	0.0	800	536231
a439c354f9b0c662588fb98cfd911385	gi|444439494|ref|NR_074809.1|	98.869	442	4	1	1	442	350	790	0.0	787	585394
a439c354f9b0c662588fb98cfd911385	gi|343201282|ref|NR_042008.1|	98.643	442	4	2	1	442	341	780	0.0	782	585394
a439c354f9b0c662588fb98cfd911385	gi|343198540|ref|NR_042832.1|	98.416	442	6	1	1	442	330	770	0.0	776	301302
a439c354f9b0c662588fb98cfd911385	gi|1227086116|ref|NR_148619.1|	97.968	443	7	2	1	442	301	742	0.0	767	1712665
a439c354f9b0c662588fb98cfd911385	gi|343201281|ref|NR_042007.1|	97.523	444	7	4	1	442	343	784	0.0	756	622312
a439c354f9b0c662588fb98cfd911385	gi|2363085153|ref|NR_180825.1|	97.285	442	11	1	1	442	347	787	0.0	749	2605790
a439c354f9b0c662588fb98cfd911385	gi|444304209|ref|NR_074634.1|	97.285	442	10	1	1	442	350	789	0.0	749	515619
a439c354f9b0c662588fb98cfd911385	gi|2363086282|ref|NR_181393.1|	97.059	442	11	1	1	442	290	729	0.0	743	2763664
2bf320f1aca013c63261d76dd7e1d1dd	gi|1193829158|ref|NR_147401.1|	98.925	465	5	0	1	465	332	796	0.0	833	1816689
2bf320f1aca013c63261d76dd7e1d1dd	gi|219878461|ref|NR_025600.1|	97.849	465	10	0	1	465	302	766	0.0	804	234908
2bf320f1aca013c63261d76dd7e1d1dd	gi|2363082045|ref|NR_179269.1|	95.279	466	20	2	1	465	320	784	0.0	739	2494234
2bf320f1aca013c63261d76dd7e1d1dd	gi|1193829159|ref|NR_147402.1|	94.433	467	22	3	1	465	332	796	0.0	715	1907660
2bf320f1aca013c63261d76dd7e1d1dd	gi|1864207054|ref|NR_169348.1|	93.978	465	28	0	1	465	319	783	0.0	704	2584944
2bf320f1aca013c63261d76dd7e1d1dd	gi|2363082713|ref|NR_179604.1|	93.978	465	28	0	1	465	310	774	0.0	704	1944635
2bf320f1aca013c63261d76dd7e1d1dd	gi|343200904|ref|NR_041591.1|	93.763	465	29	0	1	465	312	776	0.0	701	762967
2bf320f1aca013c63261d76dd7e1d1dd	gi|1193829138|ref|NR_147381.1|	93.333	465	31	0	1	465	332	796	0.0	688	1852381
2bf320f1aca013c63261d76dd7e1d1dd	gi|645320614|ref|NR_117778.1|	93.362	467	27	3	1	465	293	757	0.0	688	40545
2bf320f1aca013c63261d76dd7e1d1dd	gi|559795260|ref|NR_104851.1|	93.362	467	27	3	1	465	282	746	0.0	688	40545
3e98df6e30e8a9eec3d560415aeb08da	gi|631252213|ref|NR_113411.1|	98.696	460	6	0	1	460	341	800	0.0	817	537011
3e98df6e30e8a9eec3d560415aeb08da	gi|343200190|ref|NR_040877.1|	98.478	460	7	0	1	460	341	800	0.0	813	537011
3e98df6e30e8a9eec3d560415aeb08da	gi|2363084409|ref|NR_180452.1|	97.826	460	10	0	1	460	321	780	0.0	795	2518605
3e98df6e30e8a9eec3d560415aeb08da	gi|631251907|ref|NR_113105.1|	93.926	461	26	2	1	460	329	788	0.0	695	470565
3e98df6e30e8a9eec3d560415aeb08da	gi|343199048|ref|NR_044407.1|	93.926	461	26	2	1	460	321	780	0.0	695	470565
3e98df6e30e8a9eec3d560415aeb08da	gi|566085557|ref|NR_109628.1|	93.492	461	28	2	1	460	322	781	0.0	684	1177574
3e98df6e30e8a9eec3d560415aeb08da	gi|631251926|ref|NR_113124.1|	93.492	461	28	2	1	460	341	800	0.0	684	28137
3e98df6e30e8a9eec3d560415aeb08da	gi|265678842|ref|NR_029147.1|	93.521	463	24	6	1	460	344	803	0.0	684	28136
3e98df6e30e8a9eec3d560415aeb08da	gi|636559270|ref|NR_115327.1|	93.492	461	28	2	1	460	321	780	0.0	684	28137
3e98df6e30e8a9eec3d560415aeb08da	gi|265678843|ref|NR_029148.1|	93.275	461	29	2	1	460	349	808	0.0	682	28137
0c5f2350b0128554e3e6f1ede0473ea0	gi|219846340|ref|NR_025930.1|	98.416	442	6	1	1	441	296	737	0.0	776	40518
0c5f2350b0128554e3e6f1ede0473ea0	gi|2136551638|ref|NR_173642.1|	97.291	443	10	1	1	441	349	791	0.0	750	2678306
0c5f2350b0128554e3e6f1ede0473ea0	gi|2363084544|ref|NR_180520.1|	95.238	441	19	2	1	441	356	794	0.0	697	2564099
0c5f2350b0128554e3e6f1ede0473ea0	gi|2363082825|ref|NR_179661.1|	92.325	443	32	1	1	441	342	784	7.47e-180	628	2086583
0c5f2350b0128554e3e6f1ede0473ea0	gi|636558732|ref|NR_114789.1|	91.156	441	38	1	1	441	347	786	2.11e-170	597	1535
0c5f2350b0128554e3e6f1ede0473ea0	gi|2136551663|ref|NR_173668.1|	90.950	442	37	3	1	441	294	733	9.80e-169	592	2766537
0c5f2350b0128554e3e6f1ede0473ea0	gi|3248465687|ref|NR_201701.1|	90.745	443	39	1	1	441	330	772	3.52e-168	590	3435187
0c5f2350b0128554e3e6f1ede0473ea0	gi|3248465688|ref|NR_201702.1|	90.745	443	39	1	1	441	328	770	3.52e-168	590	3435000
0c5f2350b0128554e3e6f1ede0473ea0	gi|2180566484|ref|NR_174324.1|	90.703	441	40	1	1	441	346	785	4.56e-167	586	2576756
0c5f2350b0128554e3e6f1ede0473ea0	gi|3248465658|ref|NR_201672.1|	90.090	444	40	3	1	441	296	738	3.55e-163	573	3381350
d218934e749ba6cfd2883c9beb29c622	gi|559795255|ref|NR_104846.1|	99.545	440	2	0	1	440	288	727	0.0	802	745368
d218934e749ba6cfd2883c9beb29c622	gi|265678692|ref|NR_028997.1|	98.639	441	5	1	1	440	303	743	0.0	780	214851
d218934e749ba6cfd2883c9beb29c622	gi|2363084747|ref|NR_180622.1|	94.773	440	23	0	1	440	335	774	0.0	686	2779354
d218934e749ba6cfd2883c9beb29c622	gi|1277396189|ref|NR_151900.1|	93.864	440	27	0	1	440	351	790	0.0	664	1550024
d218934e749ba6cfd2883c9beb29c622	gi|1397641802|ref|NR_156911.1|	93.636	440	28	0	1	440	351	790	0.0	658	1650663
d218934e749ba6cfd2883c9beb29c622	gi|2363080123|ref|NR_178280.1|	92.955	440	31	0	1	440	331	770	0.0	641	411483
d218934e749ba6cfd2883c9beb29c622	gi|3030611269|ref|NR_199945.1|	92.727	440	32	0	1	440	335	774	0.0	636	3435293
d218934e749ba6cfd2883c9beb29c622	gi|2363082356|ref|NR_179425.1|	92.744	441	30	2	1	440	351	790	0.0	636	1689304
d218934e749ba6cfd2883c9beb29c622	gi|2363082282|ref|NR_179388.1|	92.727	440	32	0	1	440	335	774	0.0	636	2935520
d218934e749ba6cfd2883c9beb29c622	gi|265678656|ref|NR_028961.1|	92.727	440	32	0	1	440	327	766	0.0	636	853
3e20313399444d03bfb1e4e4c43849fc	gi|559795314|ref|NR_104907.1|	95.249	442	19	2	1	441	315	755	0.0	699	290054
3e20313399444d03bfb1e4e4c43849fc	gi|2136551683|ref|NR_173688.1|	92.971	441	30	1	1	441	321	760	0.0	641	2780922
3e20313399444d03bfb1e4e4c43849fc	gi|507148077|ref|NR_102884.1|	90.745	443	36	5	1	441	331	770	4.56e-167	586	213810
3e20313399444d03bfb1e4e4c43849fc	gi|1445136071|ref|NR_158111.1|	90.519	443	36	6	1	441	349	787	2.12e-165	580	2038680
3e20313399444d03bfb1e4e4c43849fc	gi|1864207164|ref|NR_169458.1|	90.249	441	42	1	1	441	345	784	9.87e-164	575	2164149
3e20313399444d03bfb1e4e4c43849fc	gi|3248465648|ref|NR_201660.1|	90.023	441	43	1	1	441	319	758	4.59e-162	569	3417630
3e20313399444d03bfb1e4e4c43849fc	gi|3248465644|ref|NR_201656.1|	90.045	442	41	3	1	441	329	768	4.59e-162	569	3417633
3e20313399444d03bfb1e4e4c43849fc	gi|2363082585|ref|NR_179539.1|	90.045	442	40	4	1	441	351	789	4.59e-162	569	1852384
3e20313399444d03bfb1e4e4c43849fc	gi|636558832|ref|NR_114889.1|	90.068	443	38	6	1	441	277	715	4.59e-162	569	213810
3e20313399444d03bfb1e4e4c43849fc	gi|636558732|ref|NR_114789.1|	90.068	443	39	5	1	441	347	786	4.59e-162	569	1535
5187e9bbda43be76a3ff753fbb5f6b85	gi|631252372|ref|NR_113570.1|	98.710	465	6	0	1	465	333	797	0.0	826	1110546
5187e9bbda43be76a3ff753fbb5f6b85	gi|343205705|ref|NR_044091.1|	98.710	465	6	0	1	465	240	704	0.0	826	423477
5187e9bbda43be76a3ff753fbb5f6b85	gi|444439665|ref|NR_074980.1|	98.495	465	7	0	1	465	353	817	0.0	821	479436
5187e9bbda43be76a3ff753fbb5f6b85	gi|631251833|ref|NR_113031.1|	98.495	465	7	0	1	465	353	817	0.0	821	29466
5187e9bbda43be76a3ff753fbb5f6b85	gi|645322414|ref|NR_119168.1|	98.495	465	7	0	1	465	331	795	0.0	821	479436
5187e9bbda43be76a3ff753fbb5f6b85	gi|645320589|ref|NR_117759.1|	98.280	465	8	0	1	465	329	793	0.0	817	479436
5187e9bbda43be76a3ff753fbb5f6b85	gi|343202841|ref|NR_043332.1|	98.280	465	8	0	1	465	326	790	0.0	817	479436
5187e9bbda43be76a3ff753fbb5f6b85	gi|343205749|ref|NR_044153.1|	98.065	465	9	0	1	465	326	790	0.0	811	419208
5187e9bbda43be76a3ff753fbb5f6b85	gi|343202582|ref|NR_042940.1|	98.065	465	9	0	1	465	238	702	0.0	809	248315
5187e9bbda43be76a3ff753fbb5f6b85	gi|2363082157|ref|NR_179325.1|	97.849	465	10	0	1	465	300	764	0.0	804	2682456
a78b897480cc78387ff50f53a885ec74	gi|343201281|ref|NR_042007.1|	99.321	442	3	0	1	442	343	784	0.0	800	622312
a78b897480cc78387ff50f53a885ec74	gi|645320588|ref|NR_117758.1|	97.523	444	7	4	1	442	322	763	0.0	756	166486
a78b897480cc78387ff50f53a885ec74	gi|228716944|ref|NR_027557.1|	97.523	444	7	4	1	442	343	784	0.0	756	536231
a78b897480cc78387ff50f53a885ec74	gi|343198540|ref|NR_042832.1|	97.523	444	6	5	1	442	330	770	0.0	754	301302
a78b897480cc78387ff50f53a885ec74	gi|444439494|ref|NR_074809.1|	97.072	444	8	5	1	442	350	790	0.0	743	585394
a78b897480cc78387ff50f53a885ec74	gi|1227086116|ref|NR_148619.1|	96.854	445	8	6	1	442	301	742	0.0	739	1712665
a78b897480cc78387ff50f53a885ec74	gi|343201282|ref|NR_042008.1|	96.847	444	8	6	1	442	341	780	0.0	737	585394
a78b897480cc78387ff50f53a885ec74	gi|444304209|ref|NR_074634.1|	96.396	444	10	5	1	442	350	789	0.0	726	515619
a78b897480cc78387ff50f53a885ec74	gi|2363086282|ref|NR_181393.1|	96.396	444	10	5	1	442	290	729	0.0	726	2763664
a78b897480cc78387ff50f53a885ec74	gi|2363085153|ref|NR_180825.1|	95.721	444	14	5	1	442	347	787	0.0	710	2605790
d1856ff0c861be4456d95cd5e3f9445b	gi|2363081451|ref|NR_178972.1|	99.318	440	3	0	1	440	285	724	0.0	797	1851428
d1856ff0c861be4456d95cd5e3f9445b	gi|265678656|ref|NR_028961.1|	98.636	440	6	0	1	440	327	766	0.0	780	853
d1856ff0c861be4456d95cd5e3f9445b	gi|2363082282|ref|NR_179388.1|	98.409	440	7	0	1	440	335	774	0.0	774	2935520
d1856ff0c861be4456d95cd5e3f9445b	gi|2363080123|ref|NR_178280.1|	98.409	440	7	0	1	440	331	770	0.0	774	411483
d1856ff0c861be4456d95cd5e3f9445b	gi|3030611269|ref|NR_199945.1|	98.182	440	8	0	1	440	335	774	0.0	769	3435293
d1856ff0c861be4456d95cd5e3f9445b	gi|2363081449|ref|NR_178971.1|	98.182	440	7	1	1	440	285	723	0.0	767	1851427
d1856ff0c861be4456d95cd5e3f9445b	gi|2363080175|ref|NR_178311.1|	96.364	440	16	0	1	440	412	851	0.0	725	2903556
d1856ff0c861be4456d95cd5e3f9445b	gi|1397641802|ref|NR_156911.1|	92.500	440	33	0	1	440	351	790	2.07e-180	630	1650663
d1856ff0c861be4456d95cd5e3f9445b	gi|2363084747|ref|NR_180622.1|	92.500	440	33	0	1	440	335	774	2.07e-180	630	2779354
d1856ff0c861be4456d95cd5e3f9445b	gi|2363082356|ref|NR_179425.1|	92.290	441	32	2	1	440	351	790	9.64e-179	625	1689304
0b7db6fa5da78ef51a9fe9977f563ccc	gi|1277396271|ref|NR_151982.1|	99.323	443	3	0	1	443	248	690	0.0	802	1628085
0b7db6fa5da78ef51a9fe9977f563ccc	gi|1277396349|ref|NR_152060.1|	99.097	443	4	0	1	443	336	778	0.0	798	1712515
0b7db6fa5da78ef51a9fe9977f563ccc	gi|545589041|ref|NR_044644.2|	95.937	443	16	1	1	443	354	794	0.0	725	39484
0b7db6fa5da78ef51a9fe9977f563ccc	gi|1193829128|ref|NR_147371.1|	95.937	443	16	1	1	443	277	717	0.0	717	1871029
0b7db6fa5da78ef51a9fe9977f563ccc	gi|343205971|ref|NR_044490.1|	95.045	444	21	1	1	443	348	791	0.0	697	501571
0b7db6fa5da78ef51a9fe9977f563ccc	gi|2363082930|ref|NR_179713.1|	94.357	443	25	0	1	443	319	761	0.0	680	1945634
0b7db6fa5da78ef51a9fe9977f563ccc	gi|2363087009|ref|NR_181761.1|	92.551	443	32	1	1	443	269	710	0.0	634	2841509
0b7db6fa5da78ef51a9fe9977f563ccc	gi|645321636|ref|NR_118554.1|	90.519	443	42	0	1	443	329	771	4.58e-167	586	1297617
0b7db6fa5da78ef51a9fe9977f563ccc	gi|3248465658|ref|NR_201672.1|	90.315	444	41	2	1	443	296	738	2.13e-165	580	3381350
0b7db6fa5da78ef51a9fe9977f563ccc	gi|2363082352|ref|NR_179423.1|	90.315	444	41	2	1	443	349	791	2.13e-165	580	1689270
a1123c3d3783c6915c0b70f23d2d2bf3	gi|636560108|ref|NR_116168.1|	99.355	465	3	0	1	465	335	799	0.0	843	888828
a1123c3d3783c6915c0b70f23d2d2bf3	gi|343202529|ref|NR_042878.1|	99.355	465	3	0	1	465	314	778	0.0	843	888828
a1123c3d3783c6915c0b70f23d2d2bf3	gi|645321895|ref|NR_118762.1|	98.272	463	8	0	3	465	340	802	0.0	822	888828
a1123c3d3783c6915c0b70f23d2d2bf3	gi|645321093|ref|NR_118143.1|	98.065	465	9	0	1	465	316	780	0.0	811	1035839
a1123c3d3783c6915c0b70f23d2d2bf3	gi|219878284|ref|NR_025423.1|	97.419	465	12	0	1	465	319	783	0.0	793	249188
a1123c3d3783c6915c0b70f23d2d2bf3	gi|3248465850|ref|NR_201865.1|	96.146	467	14	4	1	465	261	725	0.0	760	3414265
a1123c3d3783c6915c0b70f23d2d2bf3	gi|343202522|ref|NR_042871.1|	95.914	465	19	0	1	465	316	780	0.0	758	123820
a1123c3d3783c6915c0b70f23d2d2bf3	gi|1491522540|ref|NR_159347.1|	95.914	465	19	0	1	465	340	804	0.0	758	28161
a1123c3d3783c6915c0b70f23d2d2bf3	gi|694281134|ref|NR_115546.2|	95.931	467	15	4	1	465	344	808	0.0	754	715
a1123c3d3783c6915c0b70f23d2d2bf3	gi|636559161|ref|NR_115218.1|	95.931	467	15	4	1	465	314	778	0.0	754	157339
40ba733a40b6fdb2294267d5416f890d	gi|631251954|ref|NR_113152.1|	99.348	460	3	0	1	460	337	796	0.0	833	28117
40ba733a40b6fdb2294267d5416f890d	gi|219846319|ref|NR_025909.1|	96.522	460	16	0	1	460	344	803	0.0	782	28117
40ba733a40b6fdb2294267d5416f890d	gi|645321193|ref|NR_118219.1|	96.963	461	12	2	1	460	332	791	0.0	773	1033732
40ba733a40b6fdb2294267d5416f890d	gi|672239000|ref|NR_125589.1|	96.746	461	13	2	1	460	269	728	0.0	767	1033731
40ba733a40b6fdb2294267d5416f890d	gi|2363086959|ref|NR_181736.1|	96.529	461	14	2	1	460	334	793	0.0	761	2834113
40ba733a40b6fdb2294267d5416f890d	gi|2363082099|ref|NR_179296.1|	96.529	461	14	2	1	460	324	783	0.0	761	2585119
40ba733a40b6fdb2294267d5416f890d	gi|631251953|ref|NR_113151.1|	96.104	462	14	4	1	460	338	797	0.0	750	328813
40ba733a40b6fdb2294267d5416f890d	gi|343202833|ref|NR_043318.1|	96.104	462	14	4	1	460	324	783	0.0	750	328813
40ba733a40b6fdb2294267d5416f890d	gi|2363082505|ref|NR_179499.1|	95.680	463	14	6	1	460	342	801	0.0	739	2364787
40ba733a40b6fdb2294267d5416f890d	gi|507148137|ref|NR_102944.1|	95.662	461	18	2	1	460	334	793	0.0	739	214856
70548fbae69c5dc744058761c54fb415	gi|2363085153|ref|NR_180825.1|	96.840	443	12	1	1	443	347	787	0.0	739	2605790
70548fbae69c5dc744058761c54fb415	gi|343198540|ref|NR_042832.1|	96.840	443	12	1	1	443	330	770	0.0	739	301302
70548fbae69c5dc744058761c54fb415	gi|645320588|ref|NR_117758.1|	96.388	443	15	1	1	443	322	763	0.0	728	166486
70548fbae69c5dc744058761c54fb415	gi|228716944|ref|NR_027557.1|	96.388	443	15	1	1	443	343	784	0.0	728	536231
70548fbae69c5dc744058761c54fb415	gi|2363085149|ref|NR_180823.1|	96.388	443	13	1	1	443	357	796	0.0	726	2606634
70548fbae69c5dc744058761c54fb415	gi|444439494|ref|NR_074809.1|	95.937	443	16	1	1	443	350	790	0.0	717	585394
70548fbae69c5dc744058761c54fb415	gi|444304209|ref|NR_074634.1|	95.937	443	15	1	1	443	350	789	0.0	715	515619
70548fbae69c5dc744058761c54fb415	gi|2363086282|ref|NR_181393.1|	95.937	443	15	1	1	443	290	729	0.0	715	2763664
70548fbae69c5dc744058761c54fb415	gi|559795194|ref|NR_104783.1|	95.937	443	15	1	1	443	353	792	0.0	715	290052
70548fbae69c5dc744058761c54fb415	gi|1227086116|ref|NR_148619.1|	95.721	444	16	2	1	443	301	742	0.0	712	1712665
faedd56d7fed32ed3b6b39effe7f91f4	gi|645320588|ref|NR_117758.1|	99.321	442	3	0	1	442	322	763	0.0	800	166486
faedd56d7fed32ed3b6b39effe7f91f4	gi|228716944|ref|NR_027557.1|	99.321	442	3	0	1	442	343	784	0.0	800	536231
faedd56d7fed32ed3b6b39effe7f91f4	gi|444439494|ref|NR_074809.1|	98.869	442	4	1	1	442	350	790	0.0	787	585394
faedd56d7fed32ed3b6b39effe7f91f4	gi|343201282|ref|NR_042008.1|	98.643	442	4	2	1	442	341	780	0.0	782	585394
faedd56d7fed32ed3b6b39effe7f91f4	gi|343198540|ref|NR_042832.1|	98.416	442	6	1	1	442	330	770	0.0	776	301302
faedd56d7fed32ed3b6b39effe7f91f4	gi|1227086116|ref|NR_148619.1|	97.968	443	7	2	1	442	301	742	0.0	767	1712665
faedd56d7fed32ed3b6b39effe7f91f4	gi|343201281|ref|NR_042007.1|	97.523	444	7	4	1	442	343	784	0.0	756	622312
faedd56d7fed32ed3b6b39effe7f91f4	gi|2363085153|ref|NR_180825.1|	97.285	442	11	1	1	442	347	787	0.0	749	2605790
faedd56d7fed32ed3b6b39effe7f91f4	gi|444304209|ref|NR_074634.1|	97.285	442	10	1	1	442	350	789	0.0	749	515619
faedd56d7fed32ed3b6b39effe7f91f4	gi|2363086282|ref|NR_181393.1|	97.059	442	11	1	1	442	290	729	0.0	743	2763664
74a82d04692ab655e6054b6d7825b32c	gi|631252372|ref|NR_113570.1|	98.925	465	5	0	1	465	333	797	0.0	832	1110546
74a82d04692ab655e6054b6d7825b32c	gi|343205705|ref|NR_044091.1|	98.925	465	5	0	1	465	240	704	0.0	832	423477
74a82d04692ab655e6054b6d7825b32c	gi|444439665|ref|NR_074980.1|	98.710	465	6	0	1	465	353	817	0.0	826	479436
74a82d04692ab655e6054b6d7825b32c	gi|631251833|ref|NR_113031.1|	98.710	465	6	0	1	465	353	817	0.0	826	29466
74a82d04692ab655e6054b6d7825b32c	gi|645322414|ref|NR_119168.1|	98.710	465	6	0	1	465	331	795	0.0	826	479436
74a82d04692ab655e6054b6d7825b32c	gi|645320589|ref|NR_117759.1|	98.495	465	7	0	1	465	329	793	0.0	822	479436
74a82d04692ab655e6054b6d7825b32c	gi|343202841|ref|NR_043332.1|	98.495	465	7	0	1	465	326	790	0.0	822	479436
74a82d04692ab655e6054b6d7825b32c	gi|343205749|ref|NR_044153.1|	98.280	465	8	0	1	465	326	790	0.0	817	419208
74a82d04692ab655e6054b6d7825b32c	gi|343202582|ref|NR_042940.1|	98.280	465	8	0	1	465	238	702	0.0	815	248315
74a82d04692ab655e6054b6d7825b32c	gi|2363082157|ref|NR_179325.1|	98.065	465	9	0	1	465	300	764	0.0	809	2682456
f06b12915e68a078f8580a6c564f43b7	gi|1227086020|ref|NR_148574.1|	91.383	441	34	3	1	439	331	769	1.62e-171	601	1907662
f06b12915e68a078f8580a6c564f43b7	gi|1116030293|ref|NR_144751.1|	91.156	441	35	3	1	439	331	769	7.54e-170	595	1852371
f06b12915e68a078f8580a6c564f43b7	gi|645320082|ref|NR_117374.1|	88.889	441	45	2	1	439	319	757	3.58e-153	540	747645
f06b12915e68a078f8580a6c564f43b7	gi|343198543|ref|NR_042840.1|	88.636	440	49	1	1	439	311	750	1.67e-151	534	883107
f06b12915e68a078f8580a6c564f43b7	gi|1193829137|ref|NR_147380.1|	88.409	440	50	1	1	439	331	770	7.76e-150	529	1871008
f06b12915e68a078f8580a6c564f43b7	gi|2363082557|ref|NR_179525.1|	88.462	442	45	5	1	439	331	769	7.76e-150	529	1841863
f06b12915e68a078f8580a6c564f43b7	gi|2363084900|ref|NR_180698.1|	88.409	440	50	1	1	439	331	770	7.76e-150	529	2690837
f06b12915e68a078f8580a6c564f43b7	gi|444303954|ref|NR_074377.1|	88.409	440	50	1	1	439	331	770	7.76e-150	529	84112
f06b12915e68a078f8580a6c564f43b7	gi|631251960|ref|NR_113158.1|	88.409	440	50	1	1	439	331	770	7.76e-150	529	84112
f06b12915e68a078f8580a6c564f43b7	gi|310975225|ref|NR_037089.1|	88.409	440	50	1	1	439	331	770	7.76e-150	529	84112
7bb449249864a4f1f07fd757fd1e3619	gi|444439665|ref|NR_074980.1|	99.570	465	2	0	1	465	353	817	0.0	848	479436
7bb449249864a4f1f07fd757fd1e3619	gi|631251833|ref|NR_113031.1|	99.570	465	2	0	1	465	353	817	0.0	848	29466
7bb449249864a4f1f07fd757fd1e3619	gi|645322414|ref|NR_119168.1|	99.570	465	2	0	1	465	331	795	0.0	848	479436
7bb449249864a4f1f07fd757fd1e3619	gi|645320589|ref|NR_117759.1|	99.355	465	3	0	1	465	329	793	0.0	845	479436
7bb449249864a4f1f07fd757fd1e3619	gi|343202841|ref|NR_043332.1|	99.355	465	3	0	1	465	326	790	0.0	845	479436
7bb449249864a4f1f07fd757fd1e3619	gi|631252372|ref|NR_113570.1|	99.355	465	3	0	1	465	333	797	0.0	843	1110546
7bb449249864a4f1f07fd757fd1e3619	gi|343205749|ref|NR_044153.1|	98.710	465	6	0	1	465	326	790	0.0	828	419208
7bb449249864a4f1f07fd757fd1e3619	gi|343202582|ref|NR_042940.1|	98.710	465	6	0	1	465	238	702	0.0	826	248315
7bb449249864a4f1f07fd757fd1e3619	gi|2363082157|ref|NR_179325.1|	98.495	465	7	0	1	465	300	764	0.0	821	2682456
7bb449249864a4f1f07fd757fd1e3619	gi|343205705|ref|NR_044091.1|	98.495	465	7	0	1	465	240	704	0.0	821	423477
1f1eae4d4caacde4557e9a44db925365	gi|631252157|ref|NR_113355.1|	98.495	465	7	0	1	465	356	820	0.0	821	218538
1f1eae4d4caacde4557e9a44db925365	gi|219846090|ref|NR_025680.1|	98.495	465	7	0	1	465	336	800	0.0	821	592028
1f1eae4d4caacde4557e9a44db925365	gi|2363082841|ref|NR_179669.1|	94.004	467	24	4	1	465	360	824	0.0	704	2161821
1f1eae4d4caacde4557e9a44db925365	gi|2363082109|ref|NR_179301.1|	94.004	467	24	4	1	465	344	808	0.0	704	2582419
1f1eae4d4caacde4557e9a44db925365	gi|631252158|ref|NR_113356.1|	93.133	466	29	3	1	465	355	818	0.0	680	309120
1f1eae4d4caacde4557e9a44db925365	gi|343198462|ref|NR_041895.1|	93.133	466	29	3	1	465	296	759	0.0	680	888062
1f1eae4d4caacde4557e9a44db925365	gi|2363082157|ref|NR_179325.1|	91.435	467	36	4	1	465	300	764	0.0	638	2682456
1f1eae4d4caacde4557e9a44db925365	gi|343201163|ref|NR_041879.1|	91.435	467	36	4	1	465	283	747	0.0	638	39778
1f1eae4d4caacde4557e9a44db925365	gi|636559298|ref|NR_115355.1|	91.435	467	36	4	1	465	326	790	0.0	638	39778
1f1eae4d4caacde4557e9a44db925365	gi|645322415|ref|NR_119169.1|	91.221	467	37	4	1	465	331	795	0.0	634	39778
64527a8bf94c935b88d6e658225b6771	gi|1116030282|ref|NR_144740.1|	99.317	439	3	0	1	439	321	759	0.0	795	1776391
64527a8bf94c935b88d6e658225b6771	gi|974142280|ref|NR_134800.1|	98.633	439	6	0	1	439	255	693	0.0	778	1368474
64527a8bf94c935b88d6e658225b6771	gi|672239008|ref|NR_125597.1|	97.959	441	7	2	1	439	318	758	0.0	763	1115758
64527a8bf94c935b88d6e658225b6771	gi|2363083072|ref|NR_179784.1|	97.950	439	9	0	1	439	301	739	0.0	761	2020948
64527a8bf94c935b88d6e658225b6771	gi|2363082877|ref|NR_179687.1|	97.267	439	12	0	1	439	273	711	0.0	745	2662455
64527a8bf94c935b88d6e658225b6771	gi|1230874654|ref|NR_148815.1|	97.267	439	12	0	1	439	319	757	0.0	745	1629550
64527a8bf94c935b88d6e658225b6771	gi|631252125|ref|NR_113323.1|	97.267	439	12	0	1	439	319	757	0.0	745	1490
64527a8bf94c935b88d6e658225b6771	gi|1269785414|ref|NR_118728.2|	97.039	439	13	0	1	439	330	768	0.0	743	1121325
64527a8bf94c935b88d6e658225b6771	gi|631250974|ref|NR_112171.1|	97.039	439	13	0	1	439	309	747	0.0	739	1490
64527a8bf94c935b88d6e658225b6771	gi|1040567059|ref|NR_137408.1|	96.811	439	14	0	1	439	290	728	0.0	734	1460447
c53ff0a2cc89113f92a90feacbe00191	gi|2363081254|ref|NR_178871.1|	89.438	445	41	6	1	443	337	777	3.59e-158	556	1792311
c53ff0a2cc89113f92a90feacbe00191	gi|2363086264|ref|NR_181384.1|	89.462	446	38	9	1	443	250	689	1.29e-157	555	2763660
c53ff0a2cc89113f92a90feacbe00191	gi|444304204|ref|NR_074629.1|	89.087	449	37	9	1	443	341	783	2.16e-155	547	1515
c53ff0a2cc89113f92a90feacbe00191	gi|631251959|ref|NR_113157.1|	89.087	449	37	9	1	443	341	783	2.16e-155	547	1515
c53ff0a2cc89113f92a90feacbe00191	gi|343200549|ref|NR_041236.1|	88.939	443	47	2	1	443	321	761	7.78e-155	545	1122184
c53ff0a2cc89113f92a90feacbe00191	gi|2363084120|ref|NR_180309.1|	88.864	449	38	9	1	443	289	731	1.01e-153	542	2487273
c53ff0a2cc89113f92a90feacbe00191	gi|785794309|ref|NG_041947.1|	88.839	448	40	10	1	443	469	911	1.01e-153	542	394503
c53ff0a2cc89113f92a90feacbe00191	gi|785497611|ref|NR_102768.2|	88.839	448	40	10	1	443	330	772	1.01e-153	542	1521
c53ff0a2cc89113f92a90feacbe00191	gi|631252162|ref|NR_113360.1|	88.864	449	38	12	1	443	339	781	1.01e-153	542	1121303
c53ff0a2cc89113f92a90feacbe00191	gi|645319736|ref|NR_117111.1|	88.864	449	38	12	1	443	336	778	1.01e-153	542	29371
91bf62cb65bc957a30c1508b141a148d	gi|672238876|ref|NR_125464.1|	88.288	444	47	5	1	441	325	766	2.80e-149	527	1297424
91bf62cb65bc957a30c1508b141a148d	gi|2363084629|ref|NR_180563.1|	88.063	444	48	5	1	441	291	732	1.30e-147	521	2488810
91bf62cb65bc957a30c1508b141a148d	gi|645319803|ref|NR_117165.1|	87.892	446	45	8	1	441	476	917	6.07e-146	516	48256
91bf62cb65bc957a30c1508b141a148d	gi|645319802|ref|NR_117164.1|	87.892	446	45	8	1	441	476	917	6.07e-146	516	48256
91bf62cb65bc957a30c1508b141a148d	gi|645319800|ref|NR_117163.1|	87.892	446	45	8	1	441	445	886	6.07e-146	516	48256
91bf62cb65bc957a30c1508b141a148d	gi|645319799|ref|NR_117162.1|	87.892	446	45	8	1	441	472	913	6.07e-146	516	48256
91bf62cb65bc957a30c1508b141a148d	gi|219846512|ref|NR_026104.1|	87.723	448	43	11	1	441	312	754	7.85e-145	512	1121303
91bf62cb65bc957a30c1508b141a148d	gi|343200810|ref|NR_041497.1|	87.640	445	49	6	1	441	293	735	7.85e-145	512	396504
91bf62cb65bc957a30c1508b141a148d	gi|219846510|ref|NR_026102.1|	87.613	444	50	5	1	441	313	754	2.82e-144	510	588581
91bf62cb65bc957a30c1508b141a148d	gi|3030611263|ref|NR_199939.1|	87.585	443	50	5	1	441	332	771	1.02e-143	508	3074434
857214894760d742359cab27dc099fe3	gi|631251747|ref|NR_112945.1|	98.913	460	5	0	1	460	327	786	0.0	822	820
857214894760d742359cab27dc099fe3	gi|343200179|ref|NR_040866.1|	98.913	460	5	0	1	460	334	793	0.0	822	820
857214894760d742359cab27dc099fe3	gi|2363086550|ref|NR_181532.1|	98.478	460	7	0	1	460	322	781	0.0	811	2763025
857214894760d742359cab27dc099fe3	gi|631251874|ref|NR_113072.1|	96.957	460	14	0	1	460	338	797	0.0	773	1236512
857214894760d742359cab27dc099fe3	gi|2363082773|ref|NR_179635.1|	96.739	460	15	0	1	460	338	797	0.0	767	2024197
857214894760d742359cab27dc099fe3	gi|631251816|ref|NR_113014.1|	96.739	460	15	0	1	460	338	797	0.0	767	1236512
857214894760d742359cab27dc099fe3	gi|631251735|ref|NR_112933.1|	96.087	460	18	0	1	460	334	793	0.0	750	246787
857214894760d742359cab27dc099fe3	gi|343200620|ref|NR_041307.1|	95.870	460	19	0	1	460	334	793	0.0	745	329854
857214894760d742359cab27dc099fe3	gi|2363084421|ref|NR_180458.1|	95.652	460	20	0	1	460	340	799	0.0	739	2650157
857214894760d742359cab27dc099fe3	gi|2363082635|ref|NR_179564.1|	95.652	460	20	0	1	460	338	797	0.0	739	1903262
f2b51c53c30c33f4e57955399eacd396	gi|631252213|ref|NR_113411.1|	99.348	460	3	0	1	460	341	800	0.0	833	537011
f2b51c53c30c33f4e57955399eacd396	gi|343200190|ref|NR_040877.1|	99.130	460	4	0	1	460	341	800	0.0	830	537011
f2b51c53c30c33f4e57955399eacd396	gi|2363084409|ref|NR_180452.1|	97.609	460	11	0	1	460	321	780	0.0	789	2518605
f2b51c53c30c33f4e57955399eacd396	gi|631251894|ref|NR_113092.1|	93.926	461	26	2	1	460	329	788	0.0	695	77768
f2b51c53c30c33f4e57955399eacd396	gi|219878161|ref|NR_025300.1|	93.926	461	26	2	1	460	341	800	0.0	695	77768
f2b51c53c30c33f4e57955399eacd396	gi|631251907|ref|NR_113105.1|	93.709	461	27	2	1	460	329	788	0.0	689	470565
f2b51c53c30c33f4e57955399eacd396	gi|343199048|ref|NR_044407.1|	93.709	461	27	2	1	460	321	780	0.0	689	470565
f2b51c53c30c33f4e57955399eacd396	gi|566085557|ref|NR_109628.1|	93.275	461	29	2	1	460	322	781	0.0	678	1177574
f2b51c53c30c33f4e57955399eacd396	gi|631251922|ref|NR_113120.1|	93.074	462	28	4	1	460	339	798	0.0	673	28136
f2b51c53c30c33f4e57955399eacd396	gi|265678842|ref|NR_029147.1|	93.059	461	30	2	1	460	344	803	0.0	673	28136
f7e6440d9c09d117f2dcfe327323bb69	gi|3030611230|ref|NR_199906.1|	95.682	440	19	0	1	440	354	793	0.0	708	3123317
f7e6440d9c09d117f2dcfe327323bb69	gi|3030611314|ref|NR_199990.1|	95.682	440	19	0	1	440	350	789	0.0	708	3123317
f7e6440d9c09d117f2dcfe327323bb69	gi|1384992331|ref|NR_156080.1|	95.682	440	19	0	1	440	336	775	0.0	708	1469948
f7e6440d9c09d117f2dcfe327323bb69	gi|1384992328|ref|NR_156077.1|	95.682	440	19	0	1	440	336	775	0.0	708	1469948
f7e6440d9c09d117f2dcfe327323bb69	gi|2363086290|ref|NR_181397.1|	95.682	440	19	0	1	440	303	742	0.0	708	2763671
f7e6440d9c09d117f2dcfe327323bb69	gi|2836274880|ref|NR_197643.1|	95.455	440	20	0	1	440	329	768	0.0	702	2962432
f7e6440d9c09d117f2dcfe327323bb69	gi|1384992332|ref|NR_156081.1|	95.455	440	20	0	1	440	336	775	0.0	702	1469948
f7e6440d9c09d117f2dcfe327323bb69	gi|1384992329|ref|NR_156078.1|	95.455	440	20	0	1	440	336	775	0.0	702	1469948
f7e6440d9c09d117f2dcfe327323bb69	gi|2363080261|ref|NR_178356.1|	95.465	441	18	2	1	440	313	752	0.0	702	558153
f7e6440d9c09d117f2dcfe327323bb69	gi|507148045|ref|NR_102852.1|	95.465	441	18	2	1	440	348	787	0.0	702	84030
500a171a2e0c66a4ef03686cee291788	gi|2363082157|ref|NR_179325.1|	98.925	465	5	0	1	465	300	764	0.0	832	2682456
500a171a2e0c66a4ef03686cee291788	gi|343201163|ref|NR_041879.1|	98.925	465	5	0	1	465	283	747	0.0	832	39778
500a171a2e0c66a4ef03686cee291788	gi|636559298|ref|NR_115355.1|	98.925	465	5	0	1	465	326	790	0.0	832	39778
500a171a2e0c66a4ef03686cee291788	gi|645322415|ref|NR_119169.1|	98.710	465	6	0	1	465	331	795	0.0	828	39778
500a171a2e0c66a4ef03686cee291788	gi|631252372|ref|NR_113570.1|	98.280	465	8	0	1	465	333	797	0.0	815	1110546
500a171a2e0c66a4ef03686cee291788	gi|444439665|ref|NR_074980.1|	98.065	465	9	0	1	465	353	817	0.0	809	479436
500a171a2e0c66a4ef03686cee291788	gi|631251833|ref|NR_113031.1|	98.065	465	9	0	1	465	353	817	0.0	809	29466
500a171a2e0c66a4ef03686cee291788	gi|645322414|ref|NR_119168.1|	98.065	465	9	0	1	465	331	795	0.0	809	479436
500a171a2e0c66a4ef03686cee291788	gi|1679775917|ref|NR_163639.1|	98.069	466	5	4	1	465	345	807	0.0	808	1911679
500a171a2e0c66a4ef03686cee291788	gi|645320589|ref|NR_117759.1|	97.849	465	10	0	1	465	329	793	0.0	806	479436
ee3be7a7e7f9570cbb8e0385055dfca2	gi|631252213|ref|NR_113411.1|	98.478	460	7	0	1	460	341	800	0.0	811	537011
ee3be7a7e7f9570cbb8e0385055dfca2	gi|343200190|ref|NR_040877.1|	98.261	460	8	0	1	460	341	800	0.0	808	537011
ee3be7a7e7f9570cbb8e0385055dfca2	gi|2363084409|ref|NR_180452.1|	97.609	460	11	0	1	460	321	780	0.0	789	2518605
ee3be7a7e7f9570cbb8e0385055dfca2	gi|631251907|ref|NR_113105.1|	93.926	461	26	2	1	460	329	788	0.0	695	470565
ee3be7a7e7f9570cbb8e0385055dfca2	gi|343199048|ref|NR_044407.1|	93.926	461	26	2	1	460	321	780	0.0	695	470565
ee3be7a7e7f9570cbb8e0385055dfca2	gi|566085557|ref|NR_109628.1|	93.492	461	28	2	1	460	322	781	0.0	684	1177574
ee3be7a7e7f9570cbb8e0385055dfca2	gi|631251926|ref|NR_113124.1|	93.492	461	28	2	1	460	341	800	0.0	684	28137
ee3be7a7e7f9570cbb8e0385055dfca2	gi|636559270|ref|NR_115327.1|	93.492	461	28	2	1	460	321	780	0.0	684	28137
ee3be7a7e7f9570cbb8e0385055dfca2	gi|265678843|ref|NR_029148.1|	93.275	461	29	2	1	460	349	808	0.0	682	28137
ee3be7a7e7f9570cbb8e0385055dfca2	gi|631251894|ref|NR_113092.1|	93.275	461	29	2	1	460	329	788	0.0	678	77768
75638ddd15456205e97d8dac1cfef07a	gi|2363080123|ref|NR_178280.1|	99.773	440	1	0	1	440	331	770	0.0	808	411483
75638ddd15456205e97d8dac1cfef07a	gi|2363081449|ref|NR_178971.1|	99.318	440	2	1	1	440	285	723	0.0	795	1851427
75638ddd15456205e97d8dac1cfef07a	gi|265678656|ref|NR_028961.1|	99.091	440	4	0	1	440	327	766	0.0	791	853
75638ddd15456205e97d8dac1cfef07a	gi|2363081451|ref|NR_178972.1|	98.864	440	5	0	1	440	285	724	0.0	785	1851428
75638ddd15456205e97d8dac1cfef07a	gi|3030611269|ref|NR_199945.1|	98.636	440	6	0	1	440	335	774	0.0	780	3435293
75638ddd15456205e97d8dac1cfef07a	gi|2363082282|ref|NR_179388.1|	98.186	441	6	2	1	440	335	774	0.0	769	2935520
75638ddd15456205e97d8dac1cfef07a	gi|2363080175|ref|NR_178311.1|	97.500	440	11	0	1	440	412	851	0.0	752	2903556
75638ddd15456205e97d8dac1cfef07a	gi|2363084747|ref|NR_180622.1|	93.424	441	27	2	1	440	335	774	0.0	652	2779354
75638ddd15456205e97d8dac1cfef07a	gi|559795255|ref|NR_104846.1|	93.182	440	30	0	1	440	288	727	0.0	647	745368
75638ddd15456205e97d8dac1cfef07a	gi|1277396189|ref|NR_151900.1|	92.727	440	32	0	1	440	351	790	0.0	636	1550024
50e539082e8f2a6d5183ea9f7afdd435	gi|444304091|ref|NR_074515.1|	99.348	460	3	0	1	460	350	809	0.0	833	435590
50e539082e8f2a6d5183ea9f7afdd435	gi|631251748|ref|NR_112946.1|	99.348	460	3	0	1	460	339	798	0.0	833	821
50e539082e8f2a6d5183ea9f7afdd435	gi|631250946|ref|NR_112143.1|	99.130	460	4	0	1	460	307	766	0.0	828	821
50e539082e8f2a6d5183ea9f7afdd435	gi|343200664|ref|NR_041351.1|	98.478	460	7	0	1	460	341	800	0.0	811	357276
50e539082e8f2a6d5183ea9f7afdd435	gi|631251997|ref|NR_113195.1|	93.696	460	29	0	1	460	338	797	0.0	689	1236515
50e539082e8f2a6d5183ea9f7afdd435	gi|631251866|ref|NR_113064.1|	93.478	460	30	0	1	460	338	797	0.0	684	1236538
50e539082e8f2a6d5183ea9f7afdd435	gi|631251817|ref|NR_113015.1|	93.478	460	30	0	1	460	338	797	0.0	684	1236538
50e539082e8f2a6d5183ea9f7afdd435	gi|645320081|ref|NR_117373.1|	93.478	460	30	0	1	460	289	748	0.0	684	1236515
50e539082e8f2a6d5183ea9f7afdd435	gi|2363085522|ref|NR_181010.1|	93.043	460	32	0	1	460	297	756	0.0	673	2786956
50e539082e8f2a6d5183ea9f7afdd435	gi|2363082547|ref|NR_179520.1|	93.043	460	32	0	1	460	314	773	0.0	673	1841855
e1454752685f5cf3aba112ab5d845739	gi|2363085097|ref|NR_180797.1|	96.825	441	12	2	1	440	346	785	0.0	736	2605778
e1454752685f5cf3aba112ab5d845739	gi|2363082679|ref|NR_179587.1|	95.455	440	20	0	1	440	328	767	0.0	702	1926283
e1454752685f5cf3aba112ab5d845739	gi|2363081854|ref|NR_179173.1|	95.455	440	20	0	1	440	333	772	0.0	702	2126740
e1454752685f5cf3aba112ab5d845739	gi|2363086234|ref|NR_181369.1|	95.249	442	17	4	1	440	335	774	0.0	697	2784388
e1454752685f5cf3aba112ab5d845739	gi|1193829153|ref|NR_147396.1|	95.000	440	22	0	1	440	328	767	0.0	691	1917870
e1454752685f5cf3aba112ab5d845739	gi|631253128|ref|NR_114326.1|	95.023	442	18	4	1	440	334	773	0.0	691	1150298
e1454752685f5cf3aba112ab5d845739	gi|645321072|ref|NR_118128.1|	95.023	442	18	4	1	440	174	613	0.0	691	1531
e1454752685f5cf3aba112ab5d845739	gi|631252212|ref|NR_113410.1|	95.023	442	18	4	1	440	257	696	0.0	691	208479
e1454752685f5cf3aba112ab5d845739	gi|343201474|ref|NR_042200.1|	95.034	443	16	6	1	440	318	757	0.0	691	333367
e1454752685f5cf3aba112ab5d845739	gi|219878428|ref|NR_025567.1|	95.023	442	18	4	1	440	348	787	0.0	691	208479
4e13eee2c95819858789933e5cfa4064	gi|631252213|ref|NR_113411.1|	99.130	460	4	0	1	460	341	800	0.0	828	537011
4e13eee2c95819858789933e5cfa4064	gi|343200190|ref|NR_040877.1|	98.913	460	5	0	1	460	341	800	0.0	824	537011
4e13eee2c95819858789933e5cfa4064	gi|2363084409|ref|NR_180452.1|	98.261	460	8	0	1	460	321	780	0.0	806	2518605
4e13eee2c95819858789933e5cfa4064	gi|631251907|ref|NR_113105.1|	94.360	461	24	2	1	460	329	788	0.0	706	470565
4e13eee2c95819858789933e5cfa4064	gi|343199048|ref|NR_044407.1|	94.360	461	24	2	1	460	321	780	0.0	706	470565
4e13eee2c95819858789933e5cfa4064	gi|566085557|ref|NR_109628.1|	93.926	461	26	2	1	460	322	781	0.0	695	1177574
4e13eee2c95819858789933e5cfa4064	gi|631251926|ref|NR_113124.1|	93.926	461	26	2	1	460	341	800	0.0	695	28137
4e13eee2c95819858789933e5cfa4064	gi|265678842|ref|NR_029147.1|	93.952	463	22	6	1	460	344	803	0.0	695	28136
4e13eee2c95819858789933e5cfa4064	gi|636559270|ref|NR_115327.1|	93.926	461	26	2	1	460	321	780	0.0	695	28137
4e13eee2c95819858789933e5cfa4064	gi|265678843|ref|NR_029148.1|	93.709	461	27	2	1	460	349	808	0.0	693	28137
53d8f03f05fa2cb8ef5b1cd337336cdd	gi|636560108|ref|NR_116168.1|	99.140	465	4	0	1	465	335	799	0.0	837	888828
53d8f03f05fa2cb8ef5b1cd337336cdd	gi|343202529|ref|NR_042878.1|	99.140	465	4	0	1	465	314	778	0.0	837	888828
53d8f03f05fa2cb8ef5b1cd337336cdd	gi|645321895|ref|NR_118762.1|	98.056	463	9	0	3	465	340	802	0.0	817	888828
53d8f03f05fa2cb8ef5b1cd337336cdd	gi|645321093|ref|NR_118143.1|	97.849	465	10	0	1	465	316	780	0.0	806	1035839
53d8f03f05fa2cb8ef5b1cd337336cdd	gi|219878284|ref|NR_025423.1|	97.204	465	13	0	1	465	319	783	0.0	787	249188
53d8f03f05fa2cb8ef5b1cd337336cdd	gi|3248465850|ref|NR_201865.1|	95.931	467	15	4	1	465	261	725	0.0	754	3414265
53d8f03f05fa2cb8ef5b1cd337336cdd	gi|343202522|ref|NR_042871.1|	95.699	465	20	0	1	465	316	780	0.0	752	123820
53d8f03f05fa2cb8ef5b1cd337336cdd	gi|1491522540|ref|NR_159347.1|	95.699	465	20	0	1	465	340	804	0.0	752	28161
53d8f03f05fa2cb8ef5b1cd337336cdd	gi|694281134|ref|NR_115546.2|	95.717	467	16	4	1	465	344	808	0.0	749	715
53d8f03f05fa2cb8ef5b1cd337336cdd	gi|636559161|ref|NR_115218.1|	95.717	467	16	4	1	465	314	778	0.0	749	157339
3d1a10d879fd8c2901d6621cc28e64f6	gi|631252213|ref|NR_113411.1|	98.478	460	7	0	1	460	341	800	0.0	811	537011
3d1a10d879fd8c2901d6621cc28e64f6	gi|343200190|ref|NR_040877.1|	98.261	460	8	0	1	460	341	800	0.0	808	537011
3d1a10d879fd8c2901d6621cc28e64f6	gi|2363084409|ref|NR_180452.1|	97.174	460	13	0	1	460	321	780	0.0	778	2518605
3d1a10d879fd8c2901d6621cc28e64f6	gi|631251907|ref|NR_113105.1|	93.534	464	22	7	1	460	329	788	0.0	684	470565
3d1a10d879fd8c2901d6621cc28e64f6	gi|343199048|ref|NR_044407.1|	93.534	464	22	7	1	460	321	780	0.0	684	470565
3d1a10d879fd8c2901d6621cc28e64f6	gi|631253107|ref|NR_114305.1|	93.275	461	29	2	1	460	341	800	0.0	678	1236518
3d1a10d879fd8c2901d6621cc28e64f6	gi|636560666|ref|NR_116726.1|	93.275	461	29	2	1	460	321	780	0.0	678	1236518
3d1a10d879fd8c2901d6621cc28e64f6	gi|566085557|ref|NR_109628.1|	93.103	464	24	8	1	460	322	781	0.0	673	1177574
3d1a10d879fd8c2901d6621cc28e64f6	gi|631251922|ref|NR_113120.1|	93.089	463	26	6	1	460	339	798	0.0	673	28136
3d1a10d879fd8c2901d6621cc28e64f6	gi|265678842|ref|NR_029147.1|	92.857	462	29	4	1	460	344	803	0.0	667	28136
4c9666381a0a3b7fb602c85b07d5871d	gi|2363085892|ref|NR_181198.1|	99.355	465	3	0	1	465	268	732	0.0	843	2735723
4c9666381a0a3b7fb602c85b07d5871d	gi|265678513|ref|NR_028816.1|	98.495	465	7	0	1	465	310	774	0.0	821	154288
4c9666381a0a3b7fb602c85b07d5871d	gi|566085589|ref|NR_109669.1|	91.183	465	41	0	1	465	329	793	0.0	632	1202712
4c9666381a0a3b7fb602c85b07d5871d	gi|636560492|ref|NR_116552.1|	91.183	465	41	0	1	465	291	755	0.0	632	1384057
4c9666381a0a3b7fb602c85b07d5871d	gi|636559469|ref|NR_115529.1|	91.183	465	41	0	1	465	320	784	0.0	632	1421
4c9666381a0a3b7fb602c85b07d5871d	gi|1811131534|ref|NR_165716.1|	90.968	465	42	0	1	465	317	781	2.84e-179	627	2304605
4c9666381a0a3b7fb602c85b07d5871d	gi|2363086993|ref|NR_181753.1|	91.006	467	38	4	1	465	295	759	2.84e-179	627	1547283
4c9666381a0a3b7fb602c85b07d5871d	gi|645321097|ref|NR_118146.1|	90.968	465	42	0	1	465	311	775	2.84e-179	627	1130819
4c9666381a0a3b7fb602c85b07d5871d	gi|631251372|ref|NR_112569.1|	90.968	465	42	0	1	465	322	786	2.84e-179	627	28031
4c9666381a0a3b7fb602c85b07d5871d	gi|631251431|ref|NR_112628.1|	90.968	465	42	0	1	465	322	786	2.84e-179	627	28031
bbbcb46c0d896005b1fc16b2087256ea	gi|2363082342|ref|NR_179418.1|	92.777	443	31	1	1	442	348	790	0.0	640	1673721
bbbcb46c0d896005b1fc16b2087256ea	gi|3030611324|ref|NR_200000.1|	92.551	443	32	1	1	442	301	743	0.0	634	3342383
bbbcb46c0d896005b1fc16b2087256ea	gi|1109168025|ref|NR_144611.1|	92.551	443	32	1	1	442	282	724	0.0	634	1417852
bbbcb46c0d896005b1fc16b2087256ea	gi|2363082352|ref|NR_179423.1|	92.099	443	34	1	1	442	349	791	3.48e-178	623	1689270
bbbcb46c0d896005b1fc16b2087256ea	gi|2363082168|ref|NR_179330.1|	91.874	443	34	2	1	442	327	768	1.62e-176	617	2714355
bbbcb46c0d896005b1fc16b2087256ea	gi|2363082569|ref|NR_179531.1|	91.648	443	35	2	1	442	347	788	7.54e-175	612	1852369
bbbcb46c0d896005b1fc16b2087256ea	gi|645321636|ref|NR_118554.1|	91.648	443	36	1	1	442	329	771	7.54e-175	612	1297617
bbbcb46c0d896005b1fc16b2087256ea	gi|219846612|ref|NR_026204.1|	91.422	443	37	1	1	442	328	770	9.75e-174	608	47246
bbbcb46c0d896005b1fc16b2087256ea	gi|2363083800|ref|NR_180148.1|	91.422	443	37	1	1	442	349	791	3.51e-173	606	2211183
bbbcb46c0d896005b1fc16b2087256ea	gi|2363082165|ref|NR_179329.1|	91.196	443	37	2	1	442	327	768	1.63e-171	601	2714353
b07dc82da5caf70dd6b7b9f4d902c49c	gi|2363082569|ref|NR_179531.1|	94.595	444	20	4	1	442	347	788	0.0	684	1852369
b07dc82da5caf70dd6b7b9f4d902c49c	gi|2363082168|ref|NR_179330.1|	94.344	442	25	0	1	442	327	768	0.0	678	2714355
b07dc82da5caf70dd6b7b9f4d902c49c	gi|2363082165|ref|NR_179329.1|	94.118	442	26	0	1	442	327	768	0.0	673	2714353
b07dc82da5caf70dd6b7b9f4d902c49c	gi|2363082342|ref|NR_179418.1|	93.679	443	27	1	1	442	348	790	0.0	662	1673721
b07dc82da5caf70dd6b7b9f4d902c49c	gi|645321110|ref|NR_118156.1|	92.360	445	28	5	1	442	304	745	7.49e-180	628	1007096
b07dc82da5caf70dd6b7b9f4d902c49c	gi|1269801610|ref|NR_074793.2|	92.099	443	33	2	1	442	355	796	3.48e-178	623	351091
b07dc82da5caf70dd6b7b9f4d902c49c	gi|343200653|ref|NR_041340.1|	92.099	443	33	2	1	442	328	769	3.48e-178	623	351091
b07dc82da5caf70dd6b7b9f4d902c49c	gi|2260349448|ref|NR_176530.1|	91.685	445	31	5	1	442	358	799	7.54e-175	612	2093857
b07dc82da5caf70dd6b7b9f4d902c49c	gi|2363084741|ref|NR_180619.1|	91.648	443	36	1	1	442	347	789	7.54e-175	612	2779352
b07dc82da5caf70dd6b7b9f4d902c49c	gi|2363082559|ref|NR_179526.1|	91.685	445	31	5	1	442	349	790	7.54e-175	612	1841866
297636c1f904403fcfde11ee45e2bc8c	gi|631252213|ref|NR_113411.1|	98.261	460	8	0	1	460	341	800	0.0	806	537011
297636c1f904403fcfde11ee45e2bc8c	gi|343200190|ref|NR_040877.1|	98.043	460	9	0	1	460	341	800	0.0	802	537011
297636c1f904403fcfde11ee45e2bc8c	gi|2363084409|ref|NR_180452.1|	97.391	460	12	0	1	460	321	780	0.0	784	2518605
297636c1f904403fcfde11ee45e2bc8c	gi|631251907|ref|NR_113105.1|	93.709	461	27	2	1	460	329	788	0.0	689	470565
297636c1f904403fcfde11ee45e2bc8c	gi|343199048|ref|NR_044407.1|	93.709	461	27	2	1	460	321	780	0.0	689	470565
297636c1f904403fcfde11ee45e2bc8c	gi|566085557|ref|NR_109628.1|	93.275	461	29	2	1	460	322	781	0.0	678	1177574
297636c1f904403fcfde11ee45e2bc8c	gi|631251926|ref|NR_113124.1|	93.275	461	29	2	1	460	341	800	0.0	678	28137
297636c1f904403fcfde11ee45e2bc8c	gi|636559270|ref|NR_115327.1|	93.275	461	29	2	1	460	321	780	0.0	678	28137
297636c1f904403fcfde11ee45e2bc8c	gi|265678843|ref|NR_029148.1|	93.059	461	30	2	1	460	349	808	0.0	676	28137
297636c1f904403fcfde11ee45e2bc8c	gi|631251894|ref|NR_113092.1|	93.059	461	30	2	1	460	329	788	0.0	673	77768
ef5f2fb6edd4495161c3725c3612ecfa	gi|2363080123|ref|NR_178280.1|	99.318	440	3	0	1	440	331	770	0.0	797	411483
ef5f2fb6edd4495161c3725c3612ecfa	gi|2363081449|ref|NR_178971.1|	99.536	431	2	0	1	431	285	715	0.0	785	1851427
ef5f2fb6edd4495161c3725c3612ecfa	gi|265678656|ref|NR_028961.1|	98.636	440	6	0	1	440	327	766	0.0	780	853
ef5f2fb6edd4495161c3725c3612ecfa	gi|2363081451|ref|NR_178972.1|	98.409	440	7	0	1	440	285	724	0.0	774	1851428
ef5f2fb6edd4495161c3725c3612ecfa	gi|3030611269|ref|NR_199945.1|	98.182	440	8	0	1	440	335	774	0.0	769	3435293
ef5f2fb6edd4495161c3725c3612ecfa	gi|2363082282|ref|NR_179388.1|	97.732	441	8	2	1	440	335	774	0.0	758	2935520
ef5f2fb6edd4495161c3725c3612ecfa	gi|2363080175|ref|NR_178311.1|	97.045	440	13	0	1	440	412	851	0.0	741	2903556
ef5f2fb6edd4495161c3725c3612ecfa	gi|2363084747|ref|NR_180622.1|	92.971	441	29	2	1	440	335	774	0.0	641	2779354
ef5f2fb6edd4495161c3725c3612ecfa	gi|559795255|ref|NR_104846.1|	92.727	440	32	0	1	440	288	727	0.0	636	745368
ef5f2fb6edd4495161c3725c3612ecfa	gi|1277396189|ref|NR_151900.1|	92.273	440	34	0	1	440	351	790	9.64e-179	625	1550024
6eaa57c417184502f2145208ba87beca	gi|2363085169|ref|NR_180833.1|	99.318	440	3	0	1	440	337	776	0.0	797	2606635
6eaa57c417184502f2145208ba87beca	gi|310975204|ref|NR_037068.1|	97.052	441	11	2	1	440	341	780	0.0	741	29375
6eaa57c417184502f2145208ba87beca	gi|3030611230|ref|NR_199906.1|	96.818	440	14	0	1	440	354	793	0.0	736	3123317
6eaa57c417184502f2145208ba87beca	gi|3030611314|ref|NR_199990.1|	96.818	440	14	0	1	440	350	789	0.0	736	3123317
6eaa57c417184502f2145208ba87beca	gi|2836274880|ref|NR_197643.1|	96.818	440	14	0	1	440	329	768	0.0	736	2962432
6eaa57c417184502f2145208ba87beca	gi|1384992331|ref|NR_156080.1|	96.818	440	14	0	1	440	336	775	0.0	736	1469948
6eaa57c417184502f2145208ba87beca	gi|1384992328|ref|NR_156077.1|	96.818	440	14	0	1	440	336	775	0.0	736	1469948
6eaa57c417184502f2145208ba87beca	gi|559795307|ref|NR_104899.1|	96.818	440	14	0	1	440	328	767	0.0	736	384636
6eaa57c417184502f2145208ba87beca	gi|645322280|ref|NR_119068.1|	96.825	441	11	3	1	440	315	753	0.0	734	36832
6eaa57c417184502f2145208ba87beca	gi|2363082679|ref|NR_179587.1|	96.591	440	15	0	1	440	328	767	0.0	730	1926283
05a9aeb1e4e59d884db26820a2ea0ff6	gi|631252213|ref|NR_113411.1|	99.348	460	3	0	1	460	341	800	0.0	833	537011
05a9aeb1e4e59d884db26820a2ea0ff6	gi|343200190|ref|NR_040877.1|	99.130	460	4	0	1	460	341	800	0.0	830	537011
05a9aeb1e4e59d884db26820a2ea0ff6	gi|2363084409|ref|NR_180452.1|	97.609	460	11	0	1	460	321	780	0.0	789	2518605
05a9aeb1e4e59d884db26820a2ea0ff6	gi|631251894|ref|NR_113092.1|	93.926	461	26	2	1	460	329	788	0.0	695	77768
05a9aeb1e4e59d884db26820a2ea0ff6	gi|219878161|ref|NR_025300.1|	93.926	461	26	2	1	460	341	800	0.0	695	77768
05a9aeb1e4e59d884db26820a2ea0ff6	gi|631251907|ref|NR_113105.1|	93.709	461	27	2	1	460	329	788	0.0	689	470565
05a9aeb1e4e59d884db26820a2ea0ff6	gi|343199048|ref|NR_044407.1|	93.709	461	27	2	1	460	321	780	0.0	689	470565
05a9aeb1e4e59d884db26820a2ea0ff6	gi|566085557|ref|NR_109628.1|	93.275	461	29	2	1	460	322	781	0.0	678	1177574
05a9aeb1e4e59d884db26820a2ea0ff6	gi|631251922|ref|NR_113120.1|	93.074	462	28	4	1	460	339	798	0.0	673	28136
05a9aeb1e4e59d884db26820a2ea0ff6	gi|265678842|ref|NR_029147.1|	93.059	461	30	2	1	460	344	803	0.0	673	28136
21ab1b68092fa1429bfa4b411f211390	gi|2363085169|ref|NR_180833.1|	99.318	440	3	0	1	440	337	776	0.0	797	2606635
21ab1b68092fa1429bfa4b411f211390	gi|310975204|ref|NR_037068.1|	97.052	441	11	2	1	440	341	780	0.0	741	29375
21ab1b68092fa1429bfa4b411f211390	gi|3030611230|ref|NR_199906.1|	96.818	440	14	0	1	440	354	793	0.0	736	3123317
21ab1b68092fa1429bfa4b411f211390	gi|3030611314|ref|NR_199990.1|	96.818	440	14	0	1	440	350	789	0.0	736	3123317
21ab1b68092fa1429bfa4b411f211390	gi|2836274880|ref|NR_197643.1|	96.818	440	14	0	1	440	329	768	0.0	736	2962432
21ab1b68092fa1429bfa4b411f211390	gi|1384992331|ref|NR_156080.1|	96.818	440	14	0	1	440	336	775	0.0	736	1469948
21ab1b68092fa1429bfa4b411f211390	gi|1384992328|ref|NR_156077.1|	96.818	440	14	0	1	440	336	775	0.0	736	1469948
21ab1b68092fa1429bfa4b411f211390	gi|559795307|ref|NR_104899.1|	96.818	440	14	0	1	440	328	767	0.0	736	384636
21ab1b68092fa1429bfa4b411f211390	gi|645322280|ref|NR_119068.1|	96.825	441	11	3	1	440	315	753	0.0	734	36832
21ab1b68092fa1429bfa4b411f211390	gi|2363082679|ref|NR_179587.1|	96.591	440	15	0	1	440	328	767	0.0	730	1926283
abaa96fa327fd4ccb1baa017cd826f45	gi|2363082569|ref|NR_179531.1|	94.595	444	20	4	1	442	347	788	0.0	684	1852369
abaa96fa327fd4ccb1baa017cd826f45	gi|2363082168|ref|NR_179330.1|	94.344	442	25	0	1	442	327	768	0.0	678	2714355
abaa96fa327fd4ccb1baa017cd826f45	gi|2363082165|ref|NR_179329.1|	94.118	442	26	0	1	442	327	768	0.0	673	2714353
abaa96fa327fd4ccb1baa017cd826f45	gi|2363082342|ref|NR_179418.1|	93.679	443	27	1	1	442	348	790	0.0	662	1673721
abaa96fa327fd4ccb1baa017cd826f45	gi|645321110|ref|NR_118156.1|	92.360	445	28	5	1	442	304	745	7.49e-180	628	1007096
abaa96fa327fd4ccb1baa017cd826f45	gi|1269801610|ref|NR_074793.2|	92.099	443	33	2	1	442	355	796	3.48e-178	623	351091
abaa96fa327fd4ccb1baa017cd826f45	gi|343200653|ref|NR_041340.1|	92.099	443	33	2	1	442	328	769	3.48e-178	623	351091
abaa96fa327fd4ccb1baa017cd826f45	gi|2260349448|ref|NR_176530.1|	91.685	445	31	5	1	442	358	799	7.54e-175	612	2093857
abaa96fa327fd4ccb1baa017cd826f45	gi|2363084741|ref|NR_180619.1|	91.648	443	36	1	1	442	347	789	7.54e-175	612	2779352
abaa96fa327fd4ccb1baa017cd826f45	gi|2363082559|ref|NR_179526.1|	91.685	445	31	5	1	442	349	790	7.54e-175	612	1841866
aa7c5ea28104d0aca6ed00cc2448732c	gi|2363082165|ref|NR_179329.1|	98.869	442	5	0	1	442	327	768	0.0	789	2714353
aa7c5ea28104d0aca6ed00cc2448732c	gi|2363082168|ref|NR_179330.1|	98.643	442	6	0	1	442	327	768	0.0	784	2714355
aa7c5ea28104d0aca6ed00cc2448732c	gi|645321110|ref|NR_118156.1|	94.131	443	24	2	1	442	304	745	0.0	673	1007096
aa7c5ea28104d0aca6ed00cc2448732c	gi|2962412234|ref|NR_199428.1|	93.905	443	25	2	1	442	352	793	0.0	667	3073143
aa7c5ea28104d0aca6ed00cc2448732c	gi|1269801610|ref|NR_074793.2|	93.679	443	26	2	1	442	355	796	0.0	662	351091
aa7c5ea28104d0aca6ed00cc2448732c	gi|343200653|ref|NR_041340.1|	93.679	443	26	2	1	442	328	769	0.0	662	351091
aa7c5ea28104d0aca6ed00cc2448732c	gi|2363087001|ref|NR_181757.1|	93.483	445	23	6	1	442	289	730	0.0	656	2841504
aa7c5ea28104d0aca6ed00cc2448732c	gi|2260349448|ref|NR_176530.1|	93.002	443	29	2	1	442	358	799	0.0	645	2093857
aa7c5ea28104d0aca6ed00cc2448732c	gi|2363082559|ref|NR_179526.1|	93.002	443	29	2	1	442	349	790	0.0	645	1841866
aa7c5ea28104d0aca6ed00cc2448732c	gi|2363082170|ref|NR_179331.1|	93.002	443	30	1	1	442	328	770	0.0	645	2714358
8565c6e2c29f2e577c40100830da1b94	gi|631252213|ref|NR_113411.1|	98.696	460	6	0	1	460	341	800	0.0	817	537011
8565c6e2c29f2e577c40100830da1b94	gi|343200190|ref|NR_040877.1|	98.478	460	7	0	1	460	341	800	0.0	813	537011
8565c6e2c29f2e577c40100830da1b94	gi|2363084409|ref|NR_180452.1|	97.391	460	12	0	1	460	321	780	0.0	784	2518605
8565c6e2c29f2e577c40100830da1b94	gi|631251907|ref|NR_113105.1|	93.492	461	28	2	1	460	329	788	0.0	684	470565
8565c6e2c29f2e577c40100830da1b94	gi|343199048|ref|NR_044407.1|	93.492	461	28	2	1	460	321	780	0.0	684	470565
8565c6e2c29f2e577c40100830da1b94	gi|265678842|ref|NR_029147.1|	93.290	462	27	4	1	460	344	803	0.0	678	28136
8565c6e2c29f2e577c40100830da1b94	gi|566085557|ref|NR_109628.1|	93.059	461	30	2	1	460	322	781	0.0	673	1177574
8565c6e2c29f2e577c40100830da1b94	gi|631251926|ref|NR_113124.1|	93.059	461	30	2	1	460	341	800	0.0	673	28137
8565c6e2c29f2e577c40100830da1b94	gi|631251922|ref|NR_113120.1|	93.074	462	28	4	1	460	339	798	0.0	673	28136
8565c6e2c29f2e577c40100830da1b94	gi|631251894|ref|NR_113092.1|	93.059	461	30	2	1	460	329	788	0.0	673	77768
ad88f407982b729075ce64615602ceda	gi|2363082569|ref|NR_179531.1|	94.820	444	19	4	1	442	347	788	0.0	689	1852369
ad88f407982b729075ce64615602ceda	gi|2363082168|ref|NR_179330.1|	94.570	442	24	0	1	442	327	768	0.0	684	2714355
ad88f407982b729075ce64615602ceda	gi|2363082165|ref|NR_179329.1|	94.344	442	25	0	1	442	327	768	0.0	678	2714353
ad88f407982b729075ce64615602ceda	gi|1109168025|ref|NR_144611.1|	92.777	443	31	1	1	442	282	724	0.0	640	1417852
ad88f407982b729075ce64615602ceda	gi|2136551692|ref|NR_173697.1|	92.534	442	33	0	1	442	349	790	0.0	634	2108523
ad88f407982b729075ce64615602ceda	gi|3030611324|ref|NR_200000.1|	92.551	443	32	1	1	442	301	743	0.0	634	3342383
ad88f407982b729075ce64615602ceda	gi|645321110|ref|NR_118156.1|	92.584	445	27	5	1	442	304	745	0.0	634	1007096
ad88f407982b729075ce64615602ceda	gi|1269801610|ref|NR_074793.2|	92.325	443	32	2	1	442	355	796	7.49e-180	628	351091
ad88f407982b729075ce64615602ceda	gi|343200653|ref|NR_041340.1|	92.325	443	32	2	1	442	328	769	7.49e-180	628	351091
ad88f407982b729075ce64615602ceda	gi|2363082342|ref|NR_179418.1|	92.099	443	34	1	1	442	348	790	3.48e-178	623	1673721
c1da86745945f35d42cef5214d41c7f5	gi|631251953|ref|NR_113151.1|	99.348	460	3	0	1	460	338	797	0.0	833	328813
c1da86745945f35d42cef5214d41c7f5	gi|343202833|ref|NR_043318.1|	99.348	460	3	0	1	460	324	783	0.0	833	328813
c1da86745945f35d42cef5214d41c7f5	gi|2363082099|ref|NR_179296.1|	97.391	460	12	0	1	460	324	783	0.0	784	2585119
c1da86745945f35d42cef5214d41c7f5	gi|507148054|ref|NR_102861.1|	96.957	460	14	0	1	460	334	793	0.0	773	717959
c1da86745945f35d42cef5214d41c7f5	gi|672239000|ref|NR_125589.1|	96.963	461	12	2	1	460	269	728	0.0	773	1033731
c1da86745945f35d42cef5214d41c7f5	gi|343202834|ref|NR_043319.1|	96.739	460	15	0	1	460	323	782	0.0	769	717959
c1da86745945f35d42cef5214d41c7f5	gi|2363082505|ref|NR_179499.1|	96.739	460	15	0	1	460	342	801	0.0	767	2364787
c1da86745945f35d42cef5214d41c7f5	gi|507148137|ref|NR_102944.1|	96.739	460	15	0	1	460	334	793	0.0	767	214856
c1da86745945f35d42cef5214d41c7f5	gi|631251955|ref|NR_113153.1|	96.739	460	15	0	1	460	334	793	0.0	767	328814
c1da86745945f35d42cef5214d41c7f5	gi|636559243|ref|NR_115300.1|	96.739	460	15	0	1	460	314	773	0.0	767	679935
915835c2d9dd2830445f4dd8e3ca6984	gi|631251734|ref|NR_112932.1|	99.130	460	4	0	1	460	328	787	0.0	828	47678
915835c2d9dd2830445f4dd8e3ca6984	gi|219846650|ref|NR_026242.1|	99.130	460	4	0	1	460	318	777	0.0	828	47678
915835c2d9dd2830445f4dd8e3ca6984	gi|631251869|ref|NR_113067.1|	97.391	460	12	0	1	460	325	784	0.0	784	1077285
915835c2d9dd2830445f4dd8e3ca6984	gi|343200626|ref|NR_041313.1|	97.391	460	12	0	1	460	340	799	0.0	784	338188
915835c2d9dd2830445f4dd8e3ca6984	gi|645320100|ref|NR_117387.1|	97.174	460	13	0	1	460	320	779	0.0	778	1077285
915835c2d9dd2830445f4dd8e3ca6984	gi|2363084421|ref|NR_180458.1|	96.957	460	14	0	1	460	340	799	0.0	773	2650157
915835c2d9dd2830445f4dd8e3ca6984	gi|343200620|ref|NR_041307.1|	96.957	460	14	0	1	460	334	793	0.0	773	329854
915835c2d9dd2830445f4dd8e3ca6984	gi|631251749|ref|NR_112947.1|	96.739	460	15	0	1	460	326	785	0.0	769	657309
915835c2d9dd2830445f4dd8e3ca6984	gi|2363084431|ref|NR_180463.1|	96.739	460	15	0	1	460	340	799	0.0	767	2650158
915835c2d9dd2830445f4dd8e3ca6984	gi|631251733|ref|NR_112931.1|	96.739	460	15	0	1	460	340	799	0.0	767	85831
6e208cc9b9b15154f321d4c75e7c81f9	gi|343205705|ref|NR_044091.1|	99.355	465	3	0	1	465	240	704	0.0	843	423477
6e208cc9b9b15154f321d4c75e7c81f9	gi|631252372|ref|NR_113570.1|	98.495	465	7	0	1	465	333	797	0.0	821	1110546
6e208cc9b9b15154f321d4c75e7c81f9	gi|444439665|ref|NR_074980.1|	98.280	465	8	0	1	465	353	817	0.0	815	479436
6e208cc9b9b15154f321d4c75e7c81f9	gi|631251833|ref|NR_113031.1|	98.280	465	8	0	1	465	353	817	0.0	815	29466
6e208cc9b9b15154f321d4c75e7c81f9	gi|645322414|ref|NR_119168.1|	98.280	465	8	0	1	465	331	795	0.0	815	479436
6e208cc9b9b15154f321d4c75e7c81f9	gi|645320589|ref|NR_117759.1|	98.065	465	9	0	1	465	329	793	0.0	811	479436
6e208cc9b9b15154f321d4c75e7c81f9	gi|343205749|ref|NR_044153.1|	98.069	466	7	2	1	465	326	790	0.0	811	419208
6e208cc9b9b15154f321d4c75e7c81f9	gi|343202841|ref|NR_043332.1|	98.065	465	9	0	1	465	326	790	0.0	811	479436
6e208cc9b9b15154f321d4c75e7c81f9	gi|219846172|ref|NR_025762.1|	98.065	465	9	0	1	465	304	768	0.0	809	248316
6e208cc9b9b15154f321d4c75e7c81f9	gi|343202582|ref|NR_042940.1|	97.849	465	10	0	1	465	238	702	0.0	804	248315
0152019a50cd9facd3d41dd20de0a40a	gi|631251875|ref|NR_113073.1|	98.478	460	7	0	1	460	329	788	0.0	811	487174
0152019a50cd9facd3d41dd20de0a40a	gi|343200981|ref|NR_041668.1|	98.478	460	7	0	1	460	321	780	0.0	811	742726
0152019a50cd9facd3d41dd20de0a40a	gi|1270532346|ref|NR_121773.2|	96.095	461	16	2	1	460	348	807	0.0	750	397865
0152019a50cd9facd3d41dd20de0a40a	gi|343200821|ref|NR_041508.1|	95.879	461	16	3	1	460	325	783	0.0	743	397865
0152019a50cd9facd3d41dd20de0a40a	gi|2136551682|ref|NR_173687.1|	90.022	461	44	2	1	460	325	784	7.92e-170	595	2751153
0152019a50cd9facd3d41dd20de0a40a	gi|1146059151|ref|NR_145883.1|	89.588	461	46	2	1	460	284	743	1.71e-166	584	1501392
0152019a50cd9facd3d41dd20de0a40a	gi|1116030267|ref|NR_144725.1|	89.154	461	48	2	1	460	337	796	7.98e-165	579	1686296
0152019a50cd9facd3d41dd20de0a40a	gi|1909404453|ref|NR_170508.1|	88.503	461	50	3	1	460	352	810	1.34e-157	555	2518971
0152019a50cd9facd3d41dd20de0a40a	gi|2363083455|ref|NR_179976.1|	88.362	464	45	9	1	460	289	747	6.25e-156	549	2094151
0152019a50cd9facd3d41dd20de0a40a	gi|2363084938|ref|NR_180717.1|	88.069	461	53	2	1	460	259	718	8.09e-155	545	2601703
7e2b98b0c70cce340adc2d90de7aa332	gi|444304012|ref|NR_074436.1|	98.206	446	8	0	1	446	321	766	0.0	780	239935
7e2b98b0c70cce340adc2d90de7aa332	gi|343202494|ref|NR_042817.1|	98.206	446	8	0	1	446	301	746	0.0	780	349741
7e2b98b0c70cce340adc2d90de7aa332	gi|1315204026|ref|NR_152695.1|	92.873	449	28	3	1	446	300	747	0.0	649	1679444
7e2b98b0c70cce340adc2d90de7aa332	gi|343200983|ref|NR_041670.1|	85.439	467	45	9	1	446	298	762	6.27e-131	466	490092
7e2b98b0c70cce340adc2d90de7aa332	gi|219846674|ref|NR_026266.1|	85.193	466	47	8	1	446	304	767	8.11e-130	462	240016
7e2b98b0c70cce340adc2d90de7aa332	gi|343200937|ref|NR_041624.1|	85.225	467	46	9	1	446	321	785	1.05e-128	459	454151
7e2b98b0c70cce340adc2d90de7aa332	gi|2260349445|ref|NR_176527.1|	85.161	465	48	7	1	446	318	780	3.77e-128	457	2576071
7e2b98b0c70cce340adc2d90de7aa332	gi|343200984|ref|NR_041671.1|	84.979	466	49	9	1	446	320	784	4.88e-127	453	490093
7e2b98b0c70cce340adc2d90de7aa332	gi|343200987|ref|NR_041674.1|	84.549	466	51	9	1	446	319	783	1.06e-123	442	490096
7e2b98b0c70cce340adc2d90de7aa332	gi|2363086508|ref|NR_181508.1|	84.335	466	52	10	1	446	282	746	4.92e-122	436	2824561
bbd0526e9646a6466fe998e3343b6e3a	gi|3030611230|ref|NR_199906.1|	95.909	440	18	0	1	440	354	793	0.0	713	3123317
bbd0526e9646a6466fe998e3343b6e3a	gi|3030611314|ref|NR_199990.1|	95.909	440	18	0	1	440	350	789	0.0	713	3123317
bbd0526e9646a6466fe998e3343b6e3a	gi|1384992331|ref|NR_156080.1|	95.909	440	18	0	1	440	336	775	0.0	713	1469948
bbd0526e9646a6466fe998e3343b6e3a	gi|1384992328|ref|NR_156077.1|	95.909	440	18	0	1	440	336	775	0.0	713	1469948
bbd0526e9646a6466fe998e3343b6e3a	gi|2363086290|ref|NR_181397.1|	95.909	440	18	0	1	440	303	742	0.0	713	2763671
bbd0526e9646a6466fe998e3343b6e3a	gi|2836274880|ref|NR_197643.1|	95.682	440	19	0	1	440	329	768	0.0	708	2962432
bbd0526e9646a6466fe998e3343b6e3a	gi|1384992332|ref|NR_156081.1|	95.682	440	19	0	1	440	336	775	0.0	708	1469948
bbd0526e9646a6466fe998e3343b6e3a	gi|1384992329|ref|NR_156078.1|	95.682	440	19	0	1	440	336	775	0.0	708	1469948
bbd0526e9646a6466fe998e3343b6e3a	gi|2363080261|ref|NR_178356.1|	95.692	441	17	2	1	440	313	752	0.0	708	558153
bbd0526e9646a6466fe998e3343b6e3a	gi|507148045|ref|NR_102852.1|	95.692	441	17	2	1	440	348	787	0.0	708	84030
ddd0da8e18e91c97f0ab9aa0531e52b5	gi|2363085153|ref|NR_180825.1|	97.065	443	11	1	1	443	347	787	0.0	745	2605790
ddd0da8e18e91c97f0ab9aa0531e52b5	gi|343198540|ref|NR_042832.1|	97.065	443	11	1	1	443	330	770	0.0	745	301302
ddd0da8e18e91c97f0ab9aa0531e52b5	gi|645320588|ref|NR_117758.1|	96.614	443	14	1	1	443	322	763	0.0	734	166486
ddd0da8e18e91c97f0ab9aa0531e52b5	gi|228716944|ref|NR_027557.1|	96.614	443	14	1	1	443	343	784	0.0	734	536231
ddd0da8e18e91c97f0ab9aa0531e52b5	gi|2363085149|ref|NR_180823.1|	96.614	443	12	1	1	443	357	796	0.0	732	2606634
ddd0da8e18e91c97f0ab9aa0531e52b5	gi|444439494|ref|NR_074809.1|	96.163	443	15	1	1	443	350	790	0.0	723	585394
ddd0da8e18e91c97f0ab9aa0531e52b5	gi|444304209|ref|NR_074634.1|	96.163	443	14	1	1	443	350	789	0.0	721	515619
ddd0da8e18e91c97f0ab9aa0531e52b5	gi|2363086282|ref|NR_181393.1|	96.163	443	14	1	1	443	290	729	0.0	721	2763664
ddd0da8e18e91c97f0ab9aa0531e52b5	gi|559795194|ref|NR_104783.1|	96.163	443	14	1	1	443	353	792	0.0	721	290052
ddd0da8e18e91c97f0ab9aa0531e52b5	gi|1227086116|ref|NR_148619.1|	95.946	444	15	2	1	443	301	742	0.0	717	1712665
c304b678b31dfeb17bf692ba5525aa57	gi|2363081451|ref|NR_178972.1|	99.545	440	2	0	1	440	285	724	0.0	802	1851428
c304b678b31dfeb17bf692ba5525aa57	gi|265678656|ref|NR_028961.1|	98.864	440	5	0	1	440	327	766	0.0	785	853
c304b678b31dfeb17bf692ba5525aa57	gi|2363082282|ref|NR_179388.1|	98.636	440	6	0	1	440	335	774	0.0	780	2935520
c304b678b31dfeb17bf692ba5525aa57	gi|2363080123|ref|NR_178280.1|	98.636	440	6	0	1	440	331	770	0.0	780	411483
c304b678b31dfeb17bf692ba5525aa57	gi|3030611269|ref|NR_199945.1|	98.409	440	7	0	1	440	335	774	0.0	774	3435293
c304b678b31dfeb17bf692ba5525aa57	gi|2363081449|ref|NR_178971.1|	98.182	440	7	1	1	440	285	723	0.0	767	1851427
c304b678b31dfeb17bf692ba5525aa57	gi|2363080175|ref|NR_178311.1|	96.591	440	15	0	1	440	412	851	0.0	730	2903556
c304b678b31dfeb17bf692ba5525aa57	gi|1397641802|ref|NR_156911.1|	92.727	440	32	0	1	440	351	790	0.0	636	1650663
c304b678b31dfeb17bf692ba5525aa57	gi|2363084747|ref|NR_180622.1|	92.727	440	32	0	1	440	335	774	0.0	636	2779354
c304b678b31dfeb17bf692ba5525aa57	gi|2363082356|ref|NR_179425.1|	92.517	441	31	2	1	440	351	790	2.07e-180	630	1689304
383157506131c4f8a27f0503160c8ca9	gi|631252213|ref|NR_113411.1|	98.478	460	7	0	1	460	341	800	0.0	811	537011
383157506131c4f8a27f0503160c8ca9	gi|343200190|ref|NR_040877.1|	98.261	460	8	0	1	460	341	800	0.0	808	537011
383157506131c4f8a27f0503160c8ca9	gi|2363084409|ref|NR_180452.1|	97.609	460	11	0	1	460	321	780	0.0	789	2518605
383157506131c4f8a27f0503160c8ca9	gi|631251907|ref|NR_113105.1|	93.926	461	26	2	1	460	329	788	0.0	695	470565
383157506131c4f8a27f0503160c8ca9	gi|343199048|ref|NR_044407.1|	93.926	461	26	2	1	460	321	780	0.0	695	470565
383157506131c4f8a27f0503160c8ca9	gi|566085557|ref|NR_109628.1|	93.492	461	28	2	1	460	322	781	0.0	684	1177574
383157506131c4f8a27f0503160c8ca9	gi|631251926|ref|NR_113124.1|	93.492	461	28	2	1	460	341	800	0.0	684	28137
383157506131c4f8a27f0503160c8ca9	gi|636559270|ref|NR_115327.1|	93.492	461	28	2	1	460	321	780	0.0	684	28137
383157506131c4f8a27f0503160c8ca9	gi|265678843|ref|NR_029148.1|	93.275	461	29	2	1	460	349	808	0.0	682	28137
383157506131c4f8a27f0503160c8ca9	gi|631251894|ref|NR_113092.1|	93.275	461	29	2	1	460	329	788	0.0	678	77768
1ca3ce0043960eed1b00eadc5ebbd9a1	gi|2363080123|ref|NR_178280.1|	98.864	440	5	0	1	440	331	770	0.0	785	411483
1ca3ce0043960eed1b00eadc5ebbd9a1	gi|3030611269|ref|NR_199945.1|	98.636	440	6	0	1	440	335	774	0.0	780	3435293
1ca3ce0043960eed1b00eadc5ebbd9a1	gi|2363081449|ref|NR_178971.1|	99.072	431	4	0	1	431	285	715	0.0	774	1851427
1ca3ce0043960eed1b00eadc5ebbd9a1	gi|265678656|ref|NR_028961.1|	98.182	440	8	0	1	440	327	766	0.0	769	853
1ca3ce0043960eed1b00eadc5ebbd9a1	gi|2363081451|ref|NR_178972.1|	97.955	440	9	0	1	440	285	724	0.0	763	1851428
1ca3ce0043960eed1b00eadc5ebbd9a1	gi|2363082282|ref|NR_179388.1|	97.279	441	10	2	1	440	335	774	0.0	747	2935520
1ca3ce0043960eed1b00eadc5ebbd9a1	gi|2363080175|ref|NR_178311.1|	96.591	440	15	0	1	440	412	851	0.0	730	2903556
1ca3ce0043960eed1b00eadc5ebbd9a1	gi|2363084747|ref|NR_180622.1|	93.424	441	27	2	1	440	335	774	0.0	652	2779354
1ca3ce0043960eed1b00eadc5ebbd9a1	gi|559795255|ref|NR_104846.1|	93.182	440	30	0	1	440	288	727	0.0	647	745368
1ca3ce0043960eed1b00eadc5ebbd9a1	gi|1277396189|ref|NR_151900.1|	92.727	440	32	0	1	440	351	790	0.0	636	1550024
d8cbad0522a7a34f25d18b3fe9bcada8	gi|2363080123|ref|NR_178280.1|	99.091	440	4	0	1	440	331	770	0.0	791	411483
d8cbad0522a7a34f25d18b3fe9bcada8	gi|2363081449|ref|NR_178971.1|	98.864	440	4	1	1	440	285	723	0.0	784	1851427
d8cbad0522a7a34f25d18b3fe9bcada8	gi|265678656|ref|NR_028961.1|	98.409	440	7	0	1	440	327	766	0.0	774	853
d8cbad0522a7a34f25d18b3fe9bcada8	gi|2363081451|ref|NR_178972.1|	98.182	440	8	0	1	440	285	724	0.0	769	1851428
d8cbad0522a7a34f25d18b3fe9bcada8	gi|3030611269|ref|NR_199945.1|	97.955	440	9	0	1	440	335	774	0.0	763	3435293
d8cbad0522a7a34f25d18b3fe9bcada8	gi|2363082282|ref|NR_179388.1|	97.506	441	9	2	1	440	335	774	0.0	752	2935520
d8cbad0522a7a34f25d18b3fe9bcada8	gi|2363080175|ref|NR_178311.1|	96.818	440	14	0	1	440	412	851	0.0	736	2903556
d8cbad0522a7a34f25d18b3fe9bcada8	gi|2363084747|ref|NR_180622.1|	92.744	441	30	2	1	440	335	774	0.0	636	2779354
d8cbad0522a7a34f25d18b3fe9bcada8	gi|559795255|ref|NR_104846.1|	92.500	440	33	0	1	440	288	727	2.07e-180	630	745368
d8cbad0522a7a34f25d18b3fe9bcada8	gi|1277396189|ref|NR_151900.1|	92.045	440	35	0	1	440	351	790	4.48e-177	619	1550024
4db978353ceedfcecac211eb03da933f	gi|1109168025|ref|NR_144611.1|	93.002	443	31	0	1	443	282	724	0.0	647	1417852
4db978353ceedfcecac211eb03da933f	gi|2363082168|ref|NR_179330.1|	93.018	444	28	3	1	443	327	768	0.0	645	2714355
4db978353ceedfcecac211eb03da933f	gi|2363082165|ref|NR_179329.1|	92.793	444	29	3	1	443	327	768	0.0	640	2714353
4db978353ceedfcecac211eb03da933f	gi|343206380|ref|NR_044972.1|	92.342	444	32	2	1	443	331	773	0.0	634	44749
4db978353ceedfcecac211eb03da933f	gi|3030611324|ref|NR_200000.1|	91.667	444	35	2	1	443	301	743	2.10e-175	614	3342383
4db978353ceedfcecac211eb03da933f	gi|2363082342|ref|NR_179418.1|	91.667	444	35	2	1	443	348	790	2.10e-175	614	1673721
4db978353ceedfcecac211eb03da933f	gi|219857437|ref|NR_025025.1|	91.441	444	34	4	1	443	332	772	7.56e-175	612	100176
4db978353ceedfcecac211eb03da933f	gi|2363082352|ref|NR_179423.1|	91.480	446	32	6	1	443	349	791	9.78e-174	608	1689270
4db978353ceedfcecac211eb03da933f	gi|645321636|ref|NR_118554.1|	91.461	445	34	4	1	443	329	771	9.78e-174	608	1297617
4db978353ceedfcecac211eb03da933f	gi|2363083800|ref|NR_180148.1|	90.991	444	38	2	1	443	349	791	2.12e-170	597	2211183
6b1636fdda30c1d5ddf75e0286167e9c	gi|444304209|ref|NR_074634.1|	99.545	440	2	0	1	440	350	789	0.0	802	515619
6b1636fdda30c1d5ddf75e0286167e9c	gi|343198540|ref|NR_042832.1|	98.413	441	6	1	1	440	330	770	0.0	774	301302
6b1636fdda30c1d5ddf75e0286167e9c	gi|1227086116|ref|NR_148619.1|	97.964	442	7	2	1	440	301	742	0.0	765	1712665
6b1636fdda30c1d5ddf75e0286167e9c	gi|645320588|ref|NR_117758.1|	97.511	442	9	1	1	440	322	763	0.0	754	166486
6b1636fdda30c1d5ddf75e0286167e9c	gi|228716944|ref|NR_027557.1|	97.511	442	9	1	1	440	343	784	0.0	754	536231
6b1636fdda30c1d5ddf75e0286167e9c	gi|444439494|ref|NR_074809.1|	97.506	441	10	1	1	440	350	790	0.0	752	585394
6b1636fdda30c1d5ddf75e0286167e9c	gi|343201282|ref|NR_042008.1|	97.279	441	10	2	1	440	341	780	0.0	747	585394
6b1636fdda30c1d5ddf75e0286167e9c	gi|2363085153|ref|NR_180825.1|	97.052	441	12	1	1	440	347	787	0.0	741	2605790
6b1636fdda30c1d5ddf75e0286167e9c	gi|219846723|ref|NR_026315.1|	97.045	440	13	0	1	440	317	756	0.0	741	46206
6b1636fdda30c1d5ddf75e0286167e9c	gi|2363086282|ref|NR_181393.1|	96.818	440	14	0	1	440	290	729	0.0	736	2763664
160756c6df3a58cd91b1a815881c1801	gi|343201281|ref|NR_042007.1|	99.548	442	2	0	1	442	343	784	0.0	806	622312
160756c6df3a58cd91b1a815881c1801	gi|645320588|ref|NR_117758.1|	97.748	444	6	4	1	442	322	763	0.0	761	166486
160756c6df3a58cd91b1a815881c1801	gi|228716944|ref|NR_027557.1|	97.748	444	6	4	1	442	343	784	0.0	761	536231
160756c6df3a58cd91b1a815881c1801	gi|343198540|ref|NR_042832.1|	97.748	444	5	5	1	442	330	770	0.0	760	301302
160756c6df3a58cd91b1a815881c1801	gi|444439494|ref|NR_074809.1|	97.297	444	7	5	1	442	350	790	0.0	749	585394
160756c6df3a58cd91b1a815881c1801	gi|1227086116|ref|NR_148619.1|	97.079	445	7	6	1	442	301	742	0.0	745	1712665
160756c6df3a58cd91b1a815881c1801	gi|343201282|ref|NR_042008.1|	97.072	444	7	6	1	442	341	780	0.0	743	585394
160756c6df3a58cd91b1a815881c1801	gi|444304209|ref|NR_074634.1|	96.622	444	9	5	1	442	350	789	0.0	732	515619
160756c6df3a58cd91b1a815881c1801	gi|2363086282|ref|NR_181393.1|	96.622	444	9	5	1	442	290	729	0.0	732	2763664
160756c6df3a58cd91b1a815881c1801	gi|2363085153|ref|NR_180825.1|	95.946	444	13	5	1	442	347	787	0.0	715	2605790
1279044bf696c2c758869d4b63a58a52	gi|219846340|ref|NR_025930.1|	98.643	442	5	1	1	441	296	737	0.0	782	40518
1279044bf696c2c758869d4b63a58a52	gi|2136551638|ref|NR_173642.1|	97.517	443	9	1	1	441	349	791	0.0	756	2678306
1279044bf696c2c758869d4b63a58a52	gi|2363084544|ref|NR_180520.1|	95.465	441	18	2	1	441	356	794	0.0	702	2564099
1279044bf696c2c758869d4b63a58a52	gi|2363082825|ref|NR_179661.1|	92.551	443	31	1	1	441	342	784	0.0	634	2086583
1279044bf696c2c758869d4b63a58a52	gi|636558732|ref|NR_114789.1|	91.383	441	37	1	1	441	347	786	4.53e-172	603	1535
1279044bf696c2c758869d4b63a58a52	gi|2136551663|ref|NR_173668.1|	91.176	442	36	3	1	441	294	733	2.11e-170	597	2766537
1279044bf696c2c758869d4b63a58a52	gi|3248465687|ref|NR_201701.1|	90.971	443	38	1	1	441	330	772	7.58e-170	595	3435187
1279044bf696c2c758869d4b63a58a52	gi|3248465688|ref|NR_201702.1|	90.971	443	38	1	1	441	328	770	7.58e-170	595	3435000
1279044bf696c2c758869d4b63a58a52	gi|2180566484|ref|NR_174324.1|	90.930	441	39	1	1	441	346	785	9.80e-169	592	2576756
1279044bf696c2c758869d4b63a58a52	gi|3248465658|ref|NR_201672.1|	90.315	444	39	3	1	441	296	738	7.63e-165	579	3381350
a07c17ab12992697beedd58d2d9fc9ba	gi|3030611230|ref|NR_199906.1|	95.909	440	18	0	1	440	354	793	0.0	713	3123317
a07c17ab12992697beedd58d2d9fc9ba	gi|3030611314|ref|NR_199990.1|	95.909	440	18	0	1	440	350	789	0.0	713	3123317
a07c17ab12992697beedd58d2d9fc9ba	gi|1384992331|ref|NR_156080.1|	95.909	440	18	0	1	440	336	775	0.0	713	1469948
a07c17ab12992697beedd58d2d9fc9ba	gi|1384992328|ref|NR_156077.1|	95.909	440	18	0	1	440	336	775	0.0	713	1469948
a07c17ab12992697beedd58d2d9fc9ba	gi|2363086290|ref|NR_181397.1|	95.909	440	18	0	1	440	303	742	0.0	713	2763671
a07c17ab12992697beedd58d2d9fc9ba	gi|2836274880|ref|NR_197643.1|	95.682	440	19	0	1	440	329	768	0.0	708	2962432
a07c17ab12992697beedd58d2d9fc9ba	gi|1384992332|ref|NR_156081.1|	95.682	440	19	0	1	440	336	775	0.0	708	1469948
a07c17ab12992697beedd58d2d9fc9ba	gi|1384992329|ref|NR_156078.1|	95.682	440	19	0	1	440	336	775	0.0	708	1469948
a07c17ab12992697beedd58d2d9fc9ba	gi|2363080261|ref|NR_178356.1|	95.692	441	17	2	1	440	313	752	0.0	708	558153
a07c17ab12992697beedd58d2d9fc9ba	gi|507148045|ref|NR_102852.1|	95.692	441	17	2	1	440	348	787	0.0	708	84030
90e368f30f302f6e344e523287a8b147	gi|343201773|ref|NR_042499.1|	99.130	460	4	0	1	460	294	753	0.0	828	657309
90e368f30f302f6e344e523287a8b147	gi|631251749|ref|NR_112947.1|	98.913	460	5	0	1	460	326	785	0.0	824	657309
90e368f30f302f6e344e523287a8b147	gi|2363084431|ref|NR_180463.1|	98.696	460	6	0	1	460	340	799	0.0	817	2650158
90e368f30f302f6e344e523287a8b147	gi|631251733|ref|NR_112931.1|	98.478	460	7	0	1	460	340	799	0.0	811	85831
90e368f30f302f6e344e523287a8b147	gi|265678305|ref|NR_028607.1|	98.475	459	7	0	2	460	333	791	0.0	809	85831
90e368f30f302f6e344e523287a8b147	gi|645322410|ref|NR_119165.1|	97.391	460	12	0	1	460	319	778	0.0	791	28116
90e368f30f302f6e344e523287a8b147	gi|631252008|ref|NR_113206.1|	97.609	460	11	0	1	460	336	795	0.0	789	1236513
90e368f30f302f6e344e523287a8b147	gi|1491509587|ref|NR_159118.1|	97.391	460	12	0	1	460	310	769	0.0	784	28116
90e368f30f302f6e344e523287a8b147	gi|1491509586|ref|NR_159117.1|	97.391	460	12	0	1	460	301	760	0.0	784	28116
90e368f30f302f6e344e523287a8b147	gi|631251869|ref|NR_113067.1|	97.391	460	12	0	1	460	325	784	0.0	784	1077285
26a2f49178f2e99f7e74458f25319ee5	gi|2363085892|ref|NR_181198.1|	99.570	465	2	0	1	465	268	732	0.0	848	2735723
26a2f49178f2e99f7e74458f25319ee5	gi|265678513|ref|NR_028816.1|	98.710	465	6	0	1	465	310	774	0.0	826	154288
26a2f49178f2e99f7e74458f25319ee5	gi|566085589|ref|NR_109669.1|	91.398	465	40	0	1	465	329	793	0.0	638	1202712
26a2f49178f2e99f7e74458f25319ee5	gi|636560492|ref|NR_116552.1|	91.398	465	40	0	1	465	291	755	0.0	638	1384057
26a2f49178f2e99f7e74458f25319ee5	gi|636559469|ref|NR_115529.1|	91.398	465	40	0	1	465	320	784	0.0	638	1421
26a2f49178f2e99f7e74458f25319ee5	gi|1811131534|ref|NR_165716.1|	91.183	465	41	0	1	465	317	781	0.0	632	2304605
26a2f49178f2e99f7e74458f25319ee5	gi|2363086993|ref|NR_181753.1|	91.221	467	37	4	1	465	295	759	0.0	632	1547283
26a2f49178f2e99f7e74458f25319ee5	gi|645321097|ref|NR_118146.1|	91.183	465	41	0	1	465	311	775	0.0	632	1130819
26a2f49178f2e99f7e74458f25319ee5	gi|631251372|ref|NR_112569.1|	91.183	465	41	0	1	465	322	786	0.0	632	28031
26a2f49178f2e99f7e74458f25319ee5	gi|631251431|ref|NR_112628.1|	91.183	465	41	0	1	465	322	786	0.0	632	28031
d1792ca96c3188f7d6a1ded922481b4c	gi|343198540|ref|NR_042832.1|	99.320	441	3	0	1	441	330	770	0.0	798	301302
d1792ca96c3188f7d6a1ded922481b4c	gi|444439494|ref|NR_074809.1|	98.413	441	7	0	1	441	350	790	0.0	776	585394
d1792ca96c3188f7d6a1ded922481b4c	gi|645320588|ref|NR_117758.1|	98.416	442	6	1	1	441	322	763	0.0	776	166486
d1792ca96c3188f7d6a1ded922481b4c	gi|228716944|ref|NR_027557.1|	98.416	442	6	1	1	441	343	784	0.0	776	536231
d1792ca96c3188f7d6a1ded922481b4c	gi|444304209|ref|NR_074634.1|	98.186	441	7	1	1	441	350	789	0.0	769	515619
d1792ca96c3188f7d6a1ded922481b4c	gi|343201282|ref|NR_042008.1|	98.186	441	7	1	1	441	341	780	0.0	769	585394
d1792ca96c3188f7d6a1ded922481b4c	gi|1227086116|ref|NR_148619.1|	97.738	442	9	1	1	441	301	742	0.0	760	1712665
d1792ca96c3188f7d6a1ded922481b4c	gi|343201281|ref|NR_042007.1|	97.523	444	6	5	1	441	343	784	0.0	754	622312
d1792ca96c3188f7d6a1ded922481b4c	gi|2363086282|ref|NR_181393.1|	97.279	441	11	1	1	441	290	729	0.0	747	2763664
d1792ca96c3188f7d6a1ded922481b4c	gi|2363085153|ref|NR_180825.1|	97.052	441	13	0	1	441	347	787	0.0	743	2605790
f241c64cb46859d4f9bb386bb1f0d93a	gi|265678656|ref|NR_028961.1|	99.091	440	4	0	1	440	327	766	0.0	791	853
f241c64cb46859d4f9bb386bb1f0d93a	gi|2363081451|ref|NR_178972.1|	98.864	440	5	0	1	440	285	724	0.0	785	1851428
f241c64cb46859d4f9bb386bb1f0d93a	gi|2363080123|ref|NR_178280.1|	98.864	440	5	0	1	440	331	770	0.0	785	411483
f241c64cb46859d4f9bb386bb1f0d93a	gi|3030611269|ref|NR_199945.1|	98.636	440	6	0	1	440	335	774	0.0	780	3435293
f241c64cb46859d4f9bb386bb1f0d93a	gi|2363081449|ref|NR_178971.1|	99.072	431	4	0	1	431	285	715	0.0	774	1851427
f241c64cb46859d4f9bb386bb1f0d93a	gi|2363082282|ref|NR_179388.1|	98.186	441	6	2	1	440	335	774	0.0	769	2935520
f241c64cb46859d4f9bb386bb1f0d93a	gi|2363080175|ref|NR_178311.1|	96.591	440	15	0	1	440	412	851	0.0	730	2903556
f241c64cb46859d4f9bb386bb1f0d93a	gi|1397641802|ref|NR_156911.1|	92.500	440	33	0	1	440	351	790	2.07e-180	630	1650663
f241c64cb46859d4f9bb386bb1f0d93a	gi|2363084747|ref|NR_180622.1|	92.517	441	31	2	1	440	335	774	2.07e-180	630	2779354
f241c64cb46859d4f9bb386bb1f0d93a	gi|2363082356|ref|NR_179425.1|	92.500	440	33	0	1	440	351	790	2.07e-180	630	1689304
11f9a2062549b22469beaae831bba0cd	gi|343198540|ref|NR_042832.1|	99.320	441	3	0	1	441	330	770	0.0	798	301302
11f9a2062549b22469beaae831bba0cd	gi|444439494|ref|NR_074809.1|	98.413	441	7	0	1	441	350	790	0.0	776	585394
11f9a2062549b22469beaae831bba0cd	gi|645320588|ref|NR_117758.1|	98.416	442	6	1	1	441	322	763	0.0	776	166486
11f9a2062549b22469beaae831bba0cd	gi|228716944|ref|NR_027557.1|	98.416	442	6	1	1	441	343	784	0.0	776	536231
11f9a2062549b22469beaae831bba0cd	gi|444304209|ref|NR_074634.1|	98.186	441	7	1	1	441	350	789	0.0	769	515619
11f9a2062549b22469beaae831bba0cd	gi|343201282|ref|NR_042008.1|	98.186	441	7	1	1	441	341	780	0.0	769	585394
11f9a2062549b22469beaae831bba0cd	gi|1227086116|ref|NR_148619.1|	97.738	442	9	1	1	441	301	742	0.0	760	1712665
11f9a2062549b22469beaae831bba0cd	gi|343201281|ref|NR_042007.1|	97.523	444	6	5	1	441	343	784	0.0	754	622312
11f9a2062549b22469beaae831bba0cd	gi|2363086282|ref|NR_181393.1|	97.279	441	11	1	1	441	290	729	0.0	747	2763664
11f9a2062549b22469beaae831bba0cd	gi|2363085153|ref|NR_180825.1|	97.052	441	13	0	1	441	347	787	0.0	743	2605790
16c4dd0c90ec4e260e624da5565747cb	gi|631252213|ref|NR_113411.1|	98.696	460	6	0	1	460	341	800	0.0	817	537011
16c4dd0c90ec4e260e624da5565747cb	gi|343200190|ref|NR_040877.1|	98.478	460	7	0	1	460	341	800	0.0	813	537011
16c4dd0c90ec4e260e624da5565747cb	gi|2363084409|ref|NR_180452.1|	97.391	460	12	0	1	460	321	780	0.0	784	2518605
16c4dd0c90ec4e260e624da5565747cb	gi|631251907|ref|NR_113105.1|	93.750	464	21	7	1	460	329	788	0.0	689	470565
16c4dd0c90ec4e260e624da5565747cb	gi|343199048|ref|NR_044407.1|	93.750	464	21	7	1	460	321	780	0.0	689	470565
16c4dd0c90ec4e260e624da5565747cb	gi|631253107|ref|NR_114305.1|	93.492	461	28	2	1	460	341	800	0.0	684	1236518
16c4dd0c90ec4e260e624da5565747cb	gi|636560666|ref|NR_116726.1|	93.492	461	28	2	1	460	321	780	0.0	684	1236518
16c4dd0c90ec4e260e624da5565747cb	gi|566085557|ref|NR_109628.1|	93.319	464	23	8	1	460	322	781	0.0	678	1177574
16c4dd0c90ec4e260e624da5565747cb	gi|631251922|ref|NR_113120.1|	93.305	463	25	6	1	460	339	798	0.0	678	28136
16c4dd0c90ec4e260e624da5565747cb	gi|265678842|ref|NR_029147.1|	93.074	462	28	4	1	460	344	803	0.0	673	28136
1f9eab2d4d01ff3247c5cb772fbdb3cd	gi|631252213|ref|NR_113411.1|	98.696	460	6	0	1	460	341	800	0.0	817	537011
1f9eab2d4d01ff3247c5cb772fbdb3cd	gi|343200190|ref|NR_040877.1|	98.478	460	7	0	1	460	341	800	0.0	813	537011
1f9eab2d4d01ff3247c5cb772fbdb3cd	gi|2363084409|ref|NR_180452.1|	97.391	460	12	0	1	460	321	780	0.0	784	2518605
1f9eab2d4d01ff3247c5cb772fbdb3cd	gi|631251907|ref|NR_113105.1|	93.492	461	28	2	1	460	329	788	0.0	684	470565
1f9eab2d4d01ff3247c5cb772fbdb3cd	gi|343199048|ref|NR_044407.1|	93.492	461	28	2	1	460	321	780	0.0	684	470565
1f9eab2d4d01ff3247c5cb772fbdb3cd	gi|265678842|ref|NR_029147.1|	93.290	462	27	4	1	460	344	803	0.0	678	28136
1f9eab2d4d01ff3247c5cb772fbdb3cd	gi|566085557|ref|NR_109628.1|	93.059	461	30	2	1	460	322	781	0.0	673	1177574
1f9eab2d4d01ff3247c5cb772fbdb3cd	gi|631251926|ref|NR_113124.1|	93.059	461	30	2	1	460	341	800	0.0	673	28137
1f9eab2d4d01ff3247c5cb772fbdb3cd	gi|631251922|ref|NR_113120.1|	93.074	462	28	4	1	460	339	798	0.0	673	28136
1f9eab2d4d01ff3247c5cb772fbdb3cd	gi|631251894|ref|NR_113092.1|	93.059	461	30	2	1	460	329	788	0.0	673	77768
8fba4aa8abc518628ddaf79bf51d7f2f	gi|2363086290|ref|NR_181397.1|	96.136	440	17	0	1	440	303	742	0.0	719	2763671
8fba4aa8abc518628ddaf79bf51d7f2f	gi|2363087259|ref|NR_181885.1|	95.909	440	18	0	1	440	335	774	0.0	715	2885351
8fba4aa8abc518628ddaf79bf51d7f2f	gi|3030611230|ref|NR_199906.1|	95.682	440	19	0	1	440	354	793	0.0	708	3123317
8fba4aa8abc518628ddaf79bf51d7f2f	gi|3030611314|ref|NR_199990.1|	95.682	440	19	0	1	440	350	789	0.0	708	3123317
8fba4aa8abc518628ddaf79bf51d7f2f	gi|1384992331|ref|NR_156080.1|	95.682	440	19	0	1	440	336	775	0.0	708	1469948
8fba4aa8abc518628ddaf79bf51d7f2f	gi|1384992328|ref|NR_156077.1|	95.682	440	19	0	1	440	336	775	0.0	708	1469948
8fba4aa8abc518628ddaf79bf51d7f2f	gi|974142252|ref|NR_134772.1|	95.682	440	19	0	1	440	297	736	0.0	708	1337051
8fba4aa8abc518628ddaf79bf51d7f2f	gi|2363086292|ref|NR_181398.1|	95.682	440	19	0	1	440	299	738	0.0	708	2763667
8fba4aa8abc518628ddaf79bf51d7f2f	gi|2363085169|ref|NR_180833.1|	95.455	440	20	0	1	440	337	776	0.0	702	2606635
8fba4aa8abc518628ddaf79bf51d7f2f	gi|1384992332|ref|NR_156081.1|	95.455	440	20	0	1	440	336	775	0.0	702	1469948
eeb2a6ab2bcfcf2ee7428c7f5f92f535	gi|1116030238|ref|NR_144696.1|	99.545	440	2	0	1	440	333	772	0.0	802	1414720
eeb2a6ab2bcfcf2ee7428c7f5f92f535	gi|219846899|ref|NR_026491.1|	99.545	440	2	0	1	440	319	758	0.0	802	84024
eeb2a6ab2bcfcf2ee7428c7f5f92f535	gi|219846557|ref|NR_026149.1|	98.636	440	6	0	1	440	325	764	0.0	780	36850
eeb2a6ab2bcfcf2ee7428c7f5f92f535	gi|219846575|ref|NR_026167.1|	98.416	442	4	2	1	440	246	686	0.0	778	36834
eeb2a6ab2bcfcf2ee7428c7f5f92f535	gi|219846422|ref|NR_026013.1|	97.955	440	9	0	1	440	333	772	0.0	763	46867
eeb2a6ab2bcfcf2ee7428c7f5f92f535	gi|2363082288|ref|NR_179391.1|	97.727	440	10	0	1	440	332	771	0.0	758	1499684
eeb2a6ab2bcfcf2ee7428c7f5f92f535	gi|631252127|ref|NR_113325.1|	97.727	440	10	0	1	440	333	772	0.0	758	1559
eeb2a6ab2bcfcf2ee7428c7f5f92f535	gi|219846898|ref|NR_026490.1|	97.727	440	10	0	1	440	320	759	0.0	758	84031
eeb2a6ab2bcfcf2ee7428c7f5f92f535	gi|310975222|ref|NR_037086.1|	97.727	440	10	0	1	440	316	755	0.0	758	1559
eeb2a6ab2bcfcf2ee7428c7f5f92f535	gi|636558671|ref|NR_114728.1|	97.727	440	10	0	1	440	287	726	0.0	758	1559
66319b3a561fa5a53cb6e4b981c9940c	gi|2363082569|ref|NR_179531.1|	94.820	444	19	4	1	442	347	788	0.0	689	1852369
66319b3a561fa5a53cb6e4b981c9940c	gi|2363082168|ref|NR_179330.1|	94.570	442	24	0	1	442	327	768	0.0	684	2714355
66319b3a561fa5a53cb6e4b981c9940c	gi|2363082165|ref|NR_179329.1|	94.344	442	25	0	1	442	327	768	0.0	678	2714353
66319b3a561fa5a53cb6e4b981c9940c	gi|2363082342|ref|NR_179418.1|	93.905	443	26	1	1	442	348	790	0.0	667	1673721
66319b3a561fa5a53cb6e4b981c9940c	gi|645321110|ref|NR_118156.1|	92.584	445	27	5	1	442	304	745	0.0	634	1007096
66319b3a561fa5a53cb6e4b981c9940c	gi|1269801610|ref|NR_074793.2|	92.325	443	32	2	1	442	355	796	7.49e-180	628	351091
66319b3a561fa5a53cb6e4b981c9940c	gi|343200653|ref|NR_041340.1|	92.325	443	32	2	1	442	328	769	7.49e-180	628	351091
66319b3a561fa5a53cb6e4b981c9940c	gi|2260349448|ref|NR_176530.1|	91.910	445	30	5	1	442	358	799	1.62e-176	617	2093857
66319b3a561fa5a53cb6e4b981c9940c	gi|2363084741|ref|NR_180619.1|	91.874	443	35	1	1	442	347	789	1.62e-176	617	2779352
66319b3a561fa5a53cb6e4b981c9940c	gi|2363082559|ref|NR_179526.1|	91.910	445	30	5	1	442	349	790	1.62e-176	617	1841866
ab381c6c633f5672e66b173ca50fcfdf	gi|2363082168|ref|NR_179330.1|	94.796	442	23	0	1	442	327	768	0.0	689	2714355
ab381c6c633f5672e66b173ca50fcfdf	gi|2363082569|ref|NR_179531.1|	94.595	444	20	4	1	442	347	788	0.0	684	1852369
ab381c6c633f5672e66b173ca50fcfdf	gi|2363082165|ref|NR_179329.1|	94.570	442	24	0	1	442	327	768	0.0	684	2714353
ab381c6c633f5672e66b173ca50fcfdf	gi|2363082342|ref|NR_179418.1|	93.708	445	23	3	1	442	348	790	0.0	662	1673721
ab381c6c633f5672e66b173ca50fcfdf	gi|1269801610|ref|NR_074793.2|	92.551	443	31	2	1	442	355	796	0.0	634	351091
ab381c6c633f5672e66b173ca50fcfdf	gi|645321110|ref|NR_118156.1|	92.584	445	27	5	1	442	304	745	0.0	634	1007096
ab381c6c633f5672e66b173ca50fcfdf	gi|343200653|ref|NR_041340.1|	92.551	443	31	2	1	442	328	769	0.0	634	351091
ab381c6c633f5672e66b173ca50fcfdf	gi|2260349448|ref|NR_176530.1|	92.135	445	29	5	1	442	358	799	3.48e-178	623	2093857
ab381c6c633f5672e66b173ca50fcfdf	gi|2363082559|ref|NR_179526.1|	92.135	445	29	5	1	442	349	790	3.48e-178	623	1841866
ab381c6c633f5672e66b173ca50fcfdf	gi|2962412234|ref|NR_199428.1|	91.928	446	28	7	1	442	352	793	1.62e-176	617	3073143
0030025fa79e89967628ed465edc99f8	gi|631251875|ref|NR_113073.1|	98.261	460	8	0	1	460	329	788	0.0	806	487174
0030025fa79e89967628ed465edc99f8	gi|343200981|ref|NR_041668.1|	98.261	460	8	0	1	460	321	780	0.0	806	742726
0030025fa79e89967628ed465edc99f8	gi|1270532346|ref|NR_121773.2|	95.879	461	17	2	1	460	348	807	0.0	745	397865
0030025fa79e89967628ed465edc99f8	gi|343200821|ref|NR_041508.1|	95.662	461	17	3	1	460	325	783	0.0	737	397865
0030025fa79e89967628ed465edc99f8	gi|2136551682|ref|NR_173687.1|	89.805	461	45	2	1	460	325	784	3.69e-168	590	2751153
0030025fa79e89967628ed465edc99f8	gi|1146059151|ref|NR_145883.1|	89.371	461	47	2	1	460	284	743	7.98e-165	579	1501392
0030025fa79e89967628ed465edc99f8	gi|1116030267|ref|NR_144725.1|	88.937	461	49	2	1	460	337	796	3.71e-163	573	1686296
0030025fa79e89967628ed465edc99f8	gi|1909404453|ref|NR_170508.1|	88.286	461	51	3	1	460	352	810	6.25e-156	549	2518971
0030025fa79e89967628ed465edc99f8	gi|2363083455|ref|NR_179976.1|	88.147	464	46	9	1	460	289	747	2.91e-154	544	2094151
0030025fa79e89967628ed465edc99f8	gi|2363084938|ref|NR_180717.1|	87.852	461	54	2	1	460	259	718	3.76e-153	540	2601703
0d546ff7a8de63820fb05d961ae363b8	gi|343201281|ref|NR_042007.1|	99.548	442	2	0	1	442	343	784	0.0	806	622312
0d546ff7a8de63820fb05d961ae363b8	gi|645320588|ref|NR_117758.1|	97.748	444	6	4	1	442	322	763	0.0	761	166486
0d546ff7a8de63820fb05d961ae363b8	gi|228716944|ref|NR_027557.1|	97.748	444	6	4	1	442	343	784	0.0	761	536231
0d546ff7a8de63820fb05d961ae363b8	gi|343198540|ref|NR_042832.1|	97.748	444	5	5	1	442	330	770	0.0	760	301302
0d546ff7a8de63820fb05d961ae363b8	gi|444439494|ref|NR_074809.1|	97.297	444	7	5	1	442	350	790	0.0	749	585394
0d546ff7a8de63820fb05d961ae363b8	gi|1227086116|ref|NR_148619.1|	97.079	445	7	6	1	442	301	742	0.0	745	1712665
0d546ff7a8de63820fb05d961ae363b8	gi|343201282|ref|NR_042008.1|	97.072	444	7	6	1	442	341	780	0.0	743	585394
0d546ff7a8de63820fb05d961ae363b8	gi|444304209|ref|NR_074634.1|	96.622	444	9	5	1	442	350	789	0.0	732	515619
0d546ff7a8de63820fb05d961ae363b8	gi|2363086282|ref|NR_181393.1|	96.622	444	9	5	1	442	290	729	0.0	732	2763664
0d546ff7a8de63820fb05d961ae363b8	gi|2363085153|ref|NR_180825.1|	95.946	444	13	5	1	442	347	787	0.0	715	2605790
5ebe2c9e71ceb225e9ec6e5757d006b9	gi|444304189|ref|NR_074613.1|	98.864	440	5	0	1	440	350	789	0.0	785	515620
5ebe2c9e71ceb225e9ec6e5757d006b9	gi|559795246|ref|NR_104836.1|	96.364	440	16	0	1	440	333	772	0.0	725	706562
5ebe2c9e71ceb225e9ec6e5757d006b9	gi|559795169|ref|NR_104758.1|	95.682	440	19	0	1	440	345	784	0.0	708	1282887
5ebe2c9e71ceb225e9ec6e5757d006b9	gi|645321781|ref|NR_118667.1|	94.785	441	21	2	1	440	355	794	0.0	699	28052
5ebe2c9e71ceb225e9ec6e5757d006b9	gi|1277396183|ref|NR_151894.1|	93.636	440	28	0	1	440	335	774	0.0	658	433293
5ebe2c9e71ceb225e9ec6e5757d006b9	gi|343198925|ref|NR_044049.1|	93.636	440	28	0	1	440	316	755	0.0	658	33043
5ebe2c9e71ceb225e9ec6e5757d006b9	gi|343202586|ref|NR_042953.1|	93.651	441	26	2	1	440	308	747	0.0	658	264463
5ebe2c9e71ceb225e9ec6e5757d006b9	gi|219846511|ref|NR_026103.1|	93.424	441	27	2	1	440	316	755	0.0	652	37658
5ebe2c9e71ceb225e9ec6e5757d006b9	gi|219857405|ref|NR_024993.1|	93.424	441	27	2	1	440	349	788	0.0	652	99656
5ebe2c9e71ceb225e9ec6e5757d006b9	gi|645321783|ref|NR_118669.1|	92.517	441	31	2	1	440	355	794	0.0	647	39479
b1ff4a382ebdf2b2323553edf312cfac	gi|631252213|ref|NR_113411.1|	99.130	460	4	0	1	460	341	800	0.0	828	537011
b1ff4a382ebdf2b2323553edf312cfac	gi|343200190|ref|NR_040877.1|	98.913	460	5	0	1	460	341	800	0.0	824	537011
b1ff4a382ebdf2b2323553edf312cfac	gi|2363084409|ref|NR_180452.1|	97.826	460	10	0	1	460	321	780	0.0	795	2518605
b1ff4a382ebdf2b2323553edf312cfac	gi|631251907|ref|NR_113105.1|	93.926	461	26	2	1	460	329	788	0.0	695	470565
b1ff4a382ebdf2b2323553edf312cfac	gi|343199048|ref|NR_044407.1|	93.926	461	26	2	1	460	321	780	0.0	695	470565
b1ff4a382ebdf2b2323553edf312cfac	gi|265678842|ref|NR_029147.1|	93.723	462	25	4	1	460	344	803	0.0	689	28136
b1ff4a382ebdf2b2323553edf312cfac	gi|566085557|ref|NR_109628.1|	93.492	461	28	2	1	460	322	781	0.0	684	1177574
b1ff4a382ebdf2b2323553edf312cfac	gi|631251926|ref|NR_113124.1|	93.492	461	28	2	1	460	341	800	0.0	684	28137
b1ff4a382ebdf2b2323553edf312cfac	gi|631251922|ref|NR_113120.1|	93.506	462	26	4	1	460	339	798	0.0	684	28136
b1ff4a382ebdf2b2323553edf312cfac	gi|631251894|ref|NR_113092.1|	93.492	461	28	2	1	460	329	788	0.0	684	77768
02d33e1ac6a48661974ee02bdc801b67	gi|559795255|ref|NR_104846.1|	99.545	440	2	0	1	440	288	727	0.0	802	745368
02d33e1ac6a48661974ee02bdc801b67	gi|265678692|ref|NR_028997.1|	98.639	441	5	1	1	440	303	743	0.0	780	214851
02d33e1ac6a48661974ee02bdc801b67	gi|2363084747|ref|NR_180622.1|	94.773	440	23	0	1	440	335	774	0.0	686	2779354
02d33e1ac6a48661974ee02bdc801b67	gi|1277396189|ref|NR_151900.1|	93.864	440	27	0	1	440	351	790	0.0	664	1550024
02d33e1ac6a48661974ee02bdc801b67	gi|1397641802|ref|NR_156911.1|	93.636	440	28	0	1	440	351	790	0.0	658	1650663
02d33e1ac6a48661974ee02bdc801b67	gi|2363080123|ref|NR_178280.1|	92.955	440	31	0	1	440	331	770	0.0	641	411483
02d33e1ac6a48661974ee02bdc801b67	gi|3030611269|ref|NR_199945.1|	92.727	440	32	0	1	440	335	774	0.0	636	3435293
02d33e1ac6a48661974ee02bdc801b67	gi|2363082356|ref|NR_179425.1|	92.744	441	30	2	1	440	351	790	0.0	636	1689304
02d33e1ac6a48661974ee02bdc801b67	gi|2363082282|ref|NR_179388.1|	92.727	440	32	0	1	440	335	774	0.0	636	2935520
02d33e1ac6a48661974ee02bdc801b67	gi|265678656|ref|NR_028961.1|	92.727	440	32	0	1	440	327	766	0.0	636	853
005a6f8b7bd8e7ce3c37f3cc3f14a7ef	gi|1109168025|ref|NR_144611.1|	93.228	443	30	0	1	443	282	724	0.0	652	1417852
005a6f8b7bd8e7ce3c37f3cc3f14a7ef	gi|2363082168|ref|NR_179330.1|	93.243	444	27	3	1	443	327	768	0.0	651	2714355
005a6f8b7bd8e7ce3c37f3cc3f14a7ef	gi|2363082165|ref|NR_179329.1|	93.018	444	28	3	1	443	327	768	0.0	645	2714353
005a6f8b7bd8e7ce3c37f3cc3f14a7ef	gi|343206380|ref|NR_044972.1|	92.568	444	31	2	1	443	331	773	0.0	640	44749
005a6f8b7bd8e7ce3c37f3cc3f14a7ef	gi|3030611324|ref|NR_200000.1|	91.892	444	34	2	1	443	301	743	4.52e-177	619	3342383
005a6f8b7bd8e7ce3c37f3cc3f14a7ef	gi|2363082342|ref|NR_179418.1|	91.892	444	34	2	1	443	348	790	4.52e-177	619	1673721
005a6f8b7bd8e7ce3c37f3cc3f14a7ef	gi|219857437|ref|NR_025025.1|	91.667	444	33	4	1	443	332	772	1.62e-176	617	100176
005a6f8b7bd8e7ce3c37f3cc3f14a7ef	gi|2363082352|ref|NR_179423.1|	91.704	446	31	6	1	443	349	791	2.10e-175	614	1689270
005a6f8b7bd8e7ce3c37f3cc3f14a7ef	gi|645321636|ref|NR_118554.1|	91.685	445	33	4	1	443	329	771	2.10e-175	614	1297617
005a6f8b7bd8e7ce3c37f3cc3f14a7ef	gi|2363083800|ref|NR_180148.1|	91.216	444	37	2	1	443	349	791	4.55e-172	603	2211183
1bcfe0167382bbb1696cc28c315ed469	gi|2363082168|ref|NR_179330.1|	94.570	442	24	0	1	442	327	768	0.0	684	2714355
1bcfe0167382bbb1696cc28c315ed469	gi|2363082569|ref|NR_179531.1|	94.369	444	21	4	1	442	347	788	0.0	678	1852369
1bcfe0167382bbb1696cc28c315ed469	gi|2363082165|ref|NR_179329.1|	94.344	442	25	0	1	442	327	768	0.0	678	2714353
1bcfe0167382bbb1696cc28c315ed469	gi|2363082342|ref|NR_179418.1|	93.483	445	24	3	1	442	348	790	0.0	656	1673721
1bcfe0167382bbb1696cc28c315ed469	gi|1269801610|ref|NR_074793.2|	92.325	443	32	2	1	442	355	796	7.49e-180	628	351091
1bcfe0167382bbb1696cc28c315ed469	gi|645321110|ref|NR_118156.1|	92.360	445	28	5	1	442	304	745	7.49e-180	628	1007096
1bcfe0167382bbb1696cc28c315ed469	gi|343200653|ref|NR_041340.1|	92.325	443	32	2	1	442	328	769	7.49e-180	628	351091
1bcfe0167382bbb1696cc28c315ed469	gi|2260349448|ref|NR_176530.1|	91.910	445	30	5	1	442	358	799	1.62e-176	617	2093857
1bcfe0167382bbb1696cc28c315ed469	gi|2363082559|ref|NR_179526.1|	91.910	445	30	5	1	442	349	790	1.62e-176	617	1841866
1bcfe0167382bbb1696cc28c315ed469	gi|2962412234|ref|NR_199428.1|	91.704	446	29	7	1	442	352	793	7.54e-175	612	3073143
3b28d168ef7cfe1cdbd00973bb211e9d	gi|2363085892|ref|NR_181198.1|	99.570	465	2	0	1	465	268	732	0.0	848	2735723
3b28d168ef7cfe1cdbd00973bb211e9d	gi|265678513|ref|NR_028816.1|	98.710	465	6	0	1	465	310	774	0.0	826	154288
3b28d168ef7cfe1cdbd00973bb211e9d	gi|566085589|ref|NR_109669.1|	91.398	465	40	0	1	465	329	793	0.0	638	1202712
3b28d168ef7cfe1cdbd00973bb211e9d	gi|636560492|ref|NR_116552.1|	91.398	465	40	0	1	465	291	755	0.0	638	1384057
3b28d168ef7cfe1cdbd00973bb211e9d	gi|636559469|ref|NR_115529.1|	91.398	465	40	0	1	465	320	784	0.0	638	1421
3b28d168ef7cfe1cdbd00973bb211e9d	gi|1811131534|ref|NR_165716.1|	91.183	465	41	0	1	465	317	781	0.0	632	2304605
3b28d168ef7cfe1cdbd00973bb211e9d	gi|2363086993|ref|NR_181753.1|	91.221	467	37	4	1	465	295	759	0.0	632	1547283
3b28d168ef7cfe1cdbd00973bb211e9d	gi|645321097|ref|NR_118146.1|	91.183	465	41	0	1	465	311	775	0.0	632	1130819
3b28d168ef7cfe1cdbd00973bb211e9d	gi|631251372|ref|NR_112569.1|	91.183	465	41	0	1	465	322	786	0.0	632	28031
3b28d168ef7cfe1cdbd00973bb211e9d	gi|631251431|ref|NR_112628.1|	91.183	465	41	0	1	465	322	786	0.0	632	28031
2edf965b440ac14cd554e47d217d4239	gi|559795255|ref|NR_104846.1|	99.318	440	3	0	1	440	288	727	0.0	797	745368
2edf965b440ac14cd554e47d217d4239	gi|265678692|ref|NR_028997.1|	98.413	441	6	1	1	440	303	743	0.0	774	214851
2edf965b440ac14cd554e47d217d4239	gi|2363084747|ref|NR_180622.1|	94.545	440	24	0	1	440	335	774	0.0	680	2779354
2edf965b440ac14cd554e47d217d4239	gi|1277396189|ref|NR_151900.1|	93.636	440	28	0	1	440	351	790	0.0	658	1550024
2edf965b440ac14cd554e47d217d4239	gi|1397641802|ref|NR_156911.1|	93.409	440	29	0	1	440	351	790	0.0	652	1650663
2edf965b440ac14cd554e47d217d4239	gi|2363080123|ref|NR_178280.1|	92.727	440	32	0	1	440	331	770	0.0	636	411483
2edf965b440ac14cd554e47d217d4239	gi|3030611269|ref|NR_199945.1|	92.500	440	33	0	1	440	335	774	2.07e-180	630	3435293
2edf965b440ac14cd554e47d217d4239	gi|2363082356|ref|NR_179425.1|	92.517	441	31	2	1	440	351	790	2.07e-180	630	1689304
2edf965b440ac14cd554e47d217d4239	gi|2363082282|ref|NR_179388.1|	92.500	440	33	0	1	440	335	774	2.07e-180	630	2935520
2edf965b440ac14cd554e47d217d4239	gi|265678656|ref|NR_028961.1|	92.500	440	33	0	1	440	327	766	2.07e-180	630	853
512126e54482bd8069fa4ddddd630e9a	gi|228719063|ref|NR_027579.1|	98.636	440	6	0	1	440	316	755	0.0	785	471875
512126e54482bd8069fa4ddddd630e9a	gi|2363082059|ref|NR_179276.1|	97.727	440	10	0	1	440	334	773	0.0	758	2316025
512126e54482bd8069fa4ddddd630e9a	gi|2363087259|ref|NR_181885.1|	97.279	441	10	2	1	440	335	774	0.0	747	2885351
512126e54482bd8069fa4ddddd630e9a	gi|2363082374|ref|NR_179434.1|	97.045	440	13	0	1	440	349	788	0.0	741	1720300
512126e54482bd8069fa4ddddd630e9a	gi|2363085133|ref|NR_180815.1|	96.818	440	14	0	1	440	350	789	0.0	736	2606633
512126e54482bd8069fa4ddddd630e9a	gi|2363083556|ref|NR_180026.1|	96.818	440	14	0	1	440	348	787	0.0	736	2696678
512126e54482bd8069fa4ddddd630e9a	gi|636560687|ref|NR_116747.1|	96.818	440	14	0	1	440	301	740	0.0	736	1298596
512126e54482bd8069fa4ddddd630e9a	gi|1909404440|ref|NR_170495.1|	96.591	440	15	0	1	440	355	794	0.0	730	2509240
512126e54482bd8069fa4ddddd630e9a	gi|2363082679|ref|NR_179587.1|	96.591	440	15	0	1	440	328	767	0.0	730	1926283
512126e54482bd8069fa4ddddd630e9a	gi|1109168017|ref|NR_144607.1|	96.591	440	15	0	1	440	282	721	0.0	730	1796615
65b228b8599920cdb675c748186e5f93	gi|636560687|ref|NR_116747.1|	99.773	440	1	0	1	440	301	740	0.0	808	1298596
65b228b8599920cdb675c748186e5f93	gi|2363085133|ref|NR_180815.1|	97.500	440	11	0	1	440	350	789	0.0	752	2606633
65b228b8599920cdb675c748186e5f93	gi|2363083556|ref|NR_180026.1|	97.500	440	11	0	1	440	348	787	0.0	752	2696678
65b228b8599920cdb675c748186e5f93	gi|1909404440|ref|NR_170495.1|	97.273	440	12	0	1	440	355	794	0.0	747	2509240
65b228b8599920cdb675c748186e5f93	gi|2363082374|ref|NR_179434.1|	97.273	440	12	0	1	440	349	788	0.0	747	1720300
65b228b8599920cdb675c748186e5f93	gi|310974914|ref|NR_036777.1|	97.260	438	12	0	1	438	333	770	0.0	745	33039
65b228b8599920cdb675c748186e5f93	gi|631251356|ref|NR_112553.1|	97.052	441	12	1	1	440	348	788	0.0	741	342942
65b228b8599920cdb675c748186e5f93	gi|228719063|ref|NR_027579.1|	96.591	440	15	0	1	440	316	755	0.0	736	471875
65b228b8599920cdb675c748186e5f93	gi|2363084846|ref|NR_180671.1|	96.591	440	15	0	1	440	63	502	0.0	730	2594882
65b228b8599920cdb675c748186e5f93	gi|2962412221|ref|NR_199415.1|	96.591	440	15	0	1	440	338	777	0.0	730	3136600
30a6aebfa6867bbb5574aecf9548ec26	gi|559795255|ref|NR_104846.1|	96.364	440	16	0	1	440	288	727	0.0	725	745368
30a6aebfa6867bbb5574aecf9548ec26	gi|265678692|ref|NR_028997.1|	95.465	441	19	1	1	440	303	743	0.0	702	214851
30a6aebfa6867bbb5574aecf9548ec26	gi|3030611269|ref|NR_199945.1|	94.545	440	24	0	1	440	335	774	0.0	680	3435293
30a6aebfa6867bbb5574aecf9548ec26	gi|265678656|ref|NR_028961.1|	94.091	440	26	0	1	440	327	766	0.0	669	853
30a6aebfa6867bbb5574aecf9548ec26	gi|2363081451|ref|NR_178972.1|	93.864	440	27	0	1	440	285	724	0.0	664	1851428
30a6aebfa6867bbb5574aecf9548ec26	gi|2363080123|ref|NR_178280.1|	93.864	440	27	0	1	440	331	770	0.0	664	411483
30a6aebfa6867bbb5574aecf9548ec26	gi|2363081449|ref|NR_178971.1|	94.200	431	25	0	1	431	285	715	0.0	658	1851427
30a6aebfa6867bbb5574aecf9548ec26	gi|2363082356|ref|NR_179425.1|	93.409	440	29	0	1	440	351	790	0.0	652	1689304
30a6aebfa6867bbb5574aecf9548ec26	gi|1397641802|ref|NR_156911.1|	93.182	440	30	0	1	440	351	790	0.0	647	1650663
30a6aebfa6867bbb5574aecf9548ec26	gi|2363082282|ref|NR_179388.1|	93.197	441	28	2	1	440	335	774	0.0	647	2935520
fc543ba9ad82fe395154a5e6c74ee697	gi|559795314|ref|NR_104907.1|	95.249	442	19	2	1	441	315	755	0.0	699	290054
fc543ba9ad82fe395154a5e6c74ee697	gi|2136551683|ref|NR_173688.1|	92.971	441	30	1	1	441	321	760	0.0	641	2780922
fc543ba9ad82fe395154a5e6c74ee697	gi|507148077|ref|NR_102884.1|	90.745	443	36	5	1	441	331	770	4.56e-167	586	213810
fc543ba9ad82fe395154a5e6c74ee697	gi|1445136071|ref|NR_158111.1|	90.519	443	36	6	1	441	349	787	2.12e-165	580	2038680
fc543ba9ad82fe395154a5e6c74ee697	gi|1864207164|ref|NR_169458.1|	90.249	441	42	1	1	441	345	784	9.87e-164	575	2164149
fc543ba9ad82fe395154a5e6c74ee697	gi|3248465648|ref|NR_201660.1|	90.023	441	43	1	1	441	319	758	4.59e-162	569	3417630
fc543ba9ad82fe395154a5e6c74ee697	gi|3248465644|ref|NR_201656.1|	90.045	442	41	3	1	441	329	768	4.59e-162	569	3417633
fc543ba9ad82fe395154a5e6c74ee697	gi|2363082585|ref|NR_179539.1|	90.045	442	40	4	1	441	351	789	4.59e-162	569	1852384
fc543ba9ad82fe395154a5e6c74ee697	gi|636558832|ref|NR_114889.1|	90.068	443	38	6	1	441	277	715	4.59e-162	569	213810
fc543ba9ad82fe395154a5e6c74ee697	gi|636558732|ref|NR_114789.1|	90.068	443	39	5	1	441	347	786	4.59e-162	569	1535
bc00efb485eceb65eb4dc32384fff449	gi|631252157|ref|NR_113355.1|	98.495	465	7	0	1	465	356	820	0.0	821	218538
bc00efb485eceb65eb4dc32384fff449	gi|219846090|ref|NR_025680.1|	98.495	465	7	0	1	465	336	800	0.0	821	592028
bc00efb485eceb65eb4dc32384fff449	gi|2363082841|ref|NR_179669.1|	94.004	467	24	4	1	465	360	824	0.0	704	2161821
bc00efb485eceb65eb4dc32384fff449	gi|2363082109|ref|NR_179301.1|	94.004	467	24	4	1	465	344	808	0.0	704	2582419
bc00efb485eceb65eb4dc32384fff449	gi|631252158|ref|NR_113356.1|	93.133	466	29	3	1	465	355	818	0.0	680	309120
bc00efb485eceb65eb4dc32384fff449	gi|343198462|ref|NR_041895.1|	93.133	466	29	3	1	465	296	759	0.0	680	888062
bc00efb485eceb65eb4dc32384fff449	gi|2363082157|ref|NR_179325.1|	91.221	467	37	4	1	465	300	764	0.0	632	2682456
bc00efb485eceb65eb4dc32384fff449	gi|343201163|ref|NR_041879.1|	91.221	467	37	4	1	465	283	747	0.0	632	39778
bc00efb485eceb65eb4dc32384fff449	gi|636559298|ref|NR_115355.1|	91.221	467	37	4	1	465	326	790	0.0	632	39778
bc00efb485eceb65eb4dc32384fff449	gi|645322415|ref|NR_119169.1|	91.006	467	38	4	1	465	331	795	7.90e-180	628	39778
5d9d8c6f053eeee0faedd31cebf7f2aa	gi|2363081451|ref|NR_178972.1|	99.318	440	3	0	1	440	285	724	0.0	797	1851428
5d9d8c6f053eeee0faedd31cebf7f2aa	gi|265678656|ref|NR_028961.1|	98.636	440	6	0	1	440	327	766	0.0	780	853
5d9d8c6f053eeee0faedd31cebf7f2aa	gi|2363082282|ref|NR_179388.1|	98.409	440	7	0	1	440	335	774	0.0	774	2935520
5d9d8c6f053eeee0faedd31cebf7f2aa	gi|2363080123|ref|NR_178280.1|	98.409	440	7	0	1	440	331	770	0.0	774	411483
5d9d8c6f053eeee0faedd31cebf7f2aa	gi|3030611269|ref|NR_199945.1|	98.182	440	8	0	1	440	335	774	0.0	769	3435293
5d9d8c6f053eeee0faedd31cebf7f2aa	gi|2363081449|ref|NR_178971.1|	98.608	431	6	0	1	431	285	715	0.0	763	1851427
5d9d8c6f053eeee0faedd31cebf7f2aa	gi|2363080175|ref|NR_178311.1|	96.364	440	16	0	1	440	412	851	0.0	725	2903556
5d9d8c6f053eeee0faedd31cebf7f2aa	gi|1397641802|ref|NR_156911.1|	92.500	440	33	0	1	440	351	790	2.07e-180	630	1650663
5d9d8c6f053eeee0faedd31cebf7f2aa	gi|2363084747|ref|NR_180622.1|	92.500	440	33	0	1	440	335	774	2.07e-180	630	2779354
5d9d8c6f053eeee0faedd31cebf7f2aa	gi|2363082356|ref|NR_179425.1|	92.290	441	32	2	1	440	351	790	9.64e-179	625	1689304
1da893d25a948aec9fa2fd2eb5e1a8bc	gi|631252213|ref|NR_113411.1|	99.130	460	4	0	1	460	341	800	0.0	828	537011
1da893d25a948aec9fa2fd2eb5e1a8bc	gi|343200190|ref|NR_040877.1|	98.913	460	5	0	1	460	341	800	0.0	824	537011
1da893d25a948aec9fa2fd2eb5e1a8bc	gi|2363084409|ref|NR_180452.1|	97.826	460	10	0	1	460	321	780	0.0	795	2518605
1da893d25a948aec9fa2fd2eb5e1a8bc	gi|631251907|ref|NR_113105.1|	93.926	461	26	2	1	460	329	788	0.0	695	470565
1da893d25a948aec9fa2fd2eb5e1a8bc	gi|343199048|ref|NR_044407.1|	93.926	461	26	2	1	460	321	780	0.0	695	470565
1da893d25a948aec9fa2fd2eb5e1a8bc	gi|265678842|ref|NR_029147.1|	93.723	462	25	4	1	460	344	803	0.0	689	28136
1da893d25a948aec9fa2fd2eb5e1a8bc	gi|566085557|ref|NR_109628.1|	93.492	461	28	2	1	460	322	781	0.0	684	1177574
1da893d25a948aec9fa2fd2eb5e1a8bc	gi|631251926|ref|NR_113124.1|	93.492	461	28	2	1	460	341	800	0.0	684	28137
1da893d25a948aec9fa2fd2eb5e1a8bc	gi|631251922|ref|NR_113120.1|	93.506	462	26	4	1	460	339	798	0.0	684	28136
1da893d25a948aec9fa2fd2eb5e1a8bc	gi|631251894|ref|NR_113092.1|	93.492	461	28	2	1	460	329	788	0.0	684	77768
a78a6fb7ea50bd6df858eb50c1bd8207	gi|631251875|ref|NR_113073.1|	98.478	460	7	0	1	460	329	788	0.0	811	487174
a78a6fb7ea50bd6df858eb50c1bd8207	gi|343200981|ref|NR_041668.1|	98.478	460	7	0	1	460	321	780	0.0	811	742726
a78a6fb7ea50bd6df858eb50c1bd8207	gi|1270532346|ref|NR_121773.2|	96.095	461	16	2	1	460	348	807	0.0	750	397865
a78a6fb7ea50bd6df858eb50c1bd8207	gi|343200821|ref|NR_041508.1|	95.879	461	16	3	1	460	325	783	0.0	743	397865
a78a6fb7ea50bd6df858eb50c1bd8207	gi|2136551682|ref|NR_173687.1|	90.022	461	44	2	1	460	325	784	7.92e-170	595	2751153
a78a6fb7ea50bd6df858eb50c1bd8207	gi|1146059151|ref|NR_145883.1|	89.588	461	46	2	1	460	284	743	1.71e-166	584	1501392
a78a6fb7ea50bd6df858eb50c1bd8207	gi|1116030267|ref|NR_144725.1|	89.154	461	48	2	1	460	337	796	7.98e-165	579	1686296
a78a6fb7ea50bd6df858eb50c1bd8207	gi|1909404453|ref|NR_170508.1|	88.503	461	50	3	1	460	352	810	1.34e-157	555	2518971
a78a6fb7ea50bd6df858eb50c1bd8207	gi|2363083455|ref|NR_179976.1|	88.362	464	45	9	1	460	289	747	6.25e-156	549	2094151
a78a6fb7ea50bd6df858eb50c1bd8207	gi|2363084938|ref|NR_180717.1|	88.069	461	53	2	1	460	259	718	8.09e-155	545	2601703
58e62cd6d7d82efdf49ca0004652c4ee	gi|2363081254|ref|NR_178871.1|	89.663	445	40	6	1	443	337	777	7.72e-160	562	1792311
58e62cd6d7d82efdf49ca0004652c4ee	gi|2363086264|ref|NR_181384.1|	89.686	446	37	9	1	443	250	689	2.78e-159	560	2763660
58e62cd6d7d82efdf49ca0004652c4ee	gi|444304204|ref|NR_074629.1|	89.310	449	36	9	1	443	341	783	4.65e-157	553	1515
58e62cd6d7d82efdf49ca0004652c4ee	gi|631251959|ref|NR_113157.1|	89.310	449	36	9	1	443	341	783	4.65e-157	553	1515
58e62cd6d7d82efdf49ca0004652c4ee	gi|343200549|ref|NR_041236.1|	89.165	443	46	2	1	443	321	761	1.67e-156	551	1122184
58e62cd6d7d82efdf49ca0004652c4ee	gi|2363084120|ref|NR_180309.1|	89.087	449	37	9	1	443	289	731	2.16e-155	547	2487273
58e62cd6d7d82efdf49ca0004652c4ee	gi|785794309|ref|NG_041947.1|	89.062	448	39	10	1	443	469	911	2.16e-155	547	394503
58e62cd6d7d82efdf49ca0004652c4ee	gi|785497611|ref|NR_102768.2|	89.062	448	39	10	1	443	330	772	2.16e-155	547	1521
58e62cd6d7d82efdf49ca0004652c4ee	gi|631252162|ref|NR_113360.1|	89.087	449	37	12	1	443	339	781	2.16e-155	547	1121303
58e62cd6d7d82efdf49ca0004652c4ee	gi|645319736|ref|NR_117111.1|	89.087	449	37	12	1	443	336	778	2.16e-155	547	29371
3896e586d1a978d31ce6eb9dc1c0acf5	gi|2363082679|ref|NR_179587.1|	98.182	440	8	0	1	440	328	767	0.0	769	1926283
3896e586d1a978d31ce6eb9dc1c0acf5	gi|2363081854|ref|NR_179173.1|	98.182	440	8	0	1	440	333	772	0.0	769	2126740
3896e586d1a978d31ce6eb9dc1c0acf5	gi|2363086280|ref|NR_181392.1|	96.380	442	14	1	1	440	324	765	0.0	726	2763665
3896e586d1a978d31ce6eb9dc1c0acf5	gi|2363085169|ref|NR_180833.1|	95.909	440	18	0	1	440	337	776	0.0	713	2606635
3896e586d1a978d31ce6eb9dc1c0acf5	gi|1384992332|ref|NR_156081.1|	95.909	440	18	0	1	440	336	775	0.0	713	1469948
3896e586d1a978d31ce6eb9dc1c0acf5	gi|1384992329|ref|NR_156078.1|	95.909	440	18	0	1	440	336	775	0.0	713	1469948
3896e586d1a978d31ce6eb9dc1c0acf5	gi|2962412221|ref|NR_199415.1|	95.909	440	18	0	1	440	338	777	0.0	713	3136600
3896e586d1a978d31ce6eb9dc1c0acf5	gi|2363085097|ref|NR_180797.1|	95.909	440	18	0	1	440	346	785	0.0	713	2605778
3896e586d1a978d31ce6eb9dc1c0acf5	gi|3030611230|ref|NR_199906.1|	95.682	440	19	0	1	440	354	793	0.0	708	3123317
3896e586d1a978d31ce6eb9dc1c0acf5	gi|2363085332|ref|NR_180914.1|	95.682	440	19	0	1	440	328	767	0.0	708	2696063
84fe710d6e9a26c1d2ab04dc0f58b14f	gi|2363085169|ref|NR_180833.1|	99.318	440	3	0	1	440	337	776	0.0	797	2606635
84fe710d6e9a26c1d2ab04dc0f58b14f	gi|559795307|ref|NR_104899.1|	97.273	440	12	0	1	440	328	767	0.0	747	384636
84fe710d6e9a26c1d2ab04dc0f58b14f	gi|310975204|ref|NR_037068.1|	97.273	440	12	0	1	440	341	780	0.0	747	29375
84fe710d6e9a26c1d2ab04dc0f58b14f	gi|2363082679|ref|NR_179587.1|	97.045	440	13	0	1	440	328	767	0.0	741	1926283
84fe710d6e9a26c1d2ab04dc0f58b14f	gi|1384992332|ref|NR_156081.1|	97.045	440	13	0	1	440	336	775	0.0	741	1469948
84fe710d6e9a26c1d2ab04dc0f58b14f	gi|1384992329|ref|NR_156078.1|	97.045	440	13	0	1	440	336	775	0.0	741	1469948
84fe710d6e9a26c1d2ab04dc0f58b14f	gi|2363081854|ref|NR_179173.1|	97.045	440	13	0	1	440	333	772	0.0	741	2126740
84fe710d6e9a26c1d2ab04dc0f58b14f	gi|645322280|ref|NR_119068.1|	97.045	440	12	1	1	440	315	753	0.0	739	36832
84fe710d6e9a26c1d2ab04dc0f58b14f	gi|3030611230|ref|NR_199906.1|	96.818	440	14	0	1	440	354	793	0.0	736	3123317
84fe710d6e9a26c1d2ab04dc0f58b14f	gi|3030611314|ref|NR_199990.1|	96.818	440	14	0	1	440	350	789	0.0	736	3123317
7d4568b2e2f9ab368a3cdc70fad4833b	gi|2363081451|ref|NR_178972.1|	99.318	440	3	0	1	440	285	724	0.0	797	1851428
7d4568b2e2f9ab368a3cdc70fad4833b	gi|265678656|ref|NR_028961.1|	98.636	440	6	0	1	440	327	766	0.0	780	853
7d4568b2e2f9ab368a3cdc70fad4833b	gi|2363082282|ref|NR_179388.1|	98.409	440	7	0	1	440	335	774	0.0	774	2935520
7d4568b2e2f9ab368a3cdc70fad4833b	gi|2363080123|ref|NR_178280.1|	98.409	440	7	0	1	440	331	770	0.0	774	411483
7d4568b2e2f9ab368a3cdc70fad4833b	gi|3030611269|ref|NR_199945.1|	98.182	440	8	0	1	440	335	774	0.0	769	3435293
7d4568b2e2f9ab368a3cdc70fad4833b	gi|2363081449|ref|NR_178971.1|	97.955	440	8	1	1	440	285	723	0.0	761	1851427
7d4568b2e2f9ab368a3cdc70fad4833b	gi|2363080175|ref|NR_178311.1|	96.364	440	16	0	1	440	412	851	0.0	725	2903556
7d4568b2e2f9ab368a3cdc70fad4833b	gi|1397641802|ref|NR_156911.1|	92.500	440	33	0	1	440	351	790	2.07e-180	630	1650663
7d4568b2e2f9ab368a3cdc70fad4833b	gi|2363084747|ref|NR_180622.1|	92.500	440	33	0	1	440	335	774	2.07e-180	630	2779354
7d4568b2e2f9ab368a3cdc70fad4833b	gi|2363082356|ref|NR_179425.1|	92.290	441	32	2	1	440	351	790	9.64e-179	625	1689304
974de5333c96acca5e9d386cbac7e99e	gi|265678578|ref|NR_028883.1|	97.732	441	9	1	1	440	226	666	0.0	758	88431
974de5333c96acca5e9d386cbac7e99e	gi|1397641798|ref|NR_156907.1|	97.279	441	10	2	1	440	348	787	0.0	747	1912855
974de5333c96acca5e9d386cbac7e99e	gi|631250892|ref|NR_112089.1|	97.059	442	9	4	1	440	336	775	0.0	741	553973
974de5333c96acca5e9d386cbac7e99e	gi|310974936|ref|NR_036800.1|	97.052	441	11	2	1	440	326	765	0.0	741	411470
974de5333c96acca5e9d386cbac7e99e	gi|645321810|ref|NR_118690.1|	97.052	441	11	2	1	440	338	777	0.0	741	411470
974de5333c96acca5e9d386cbac7e99e	gi|224581401|ref|NR_024719.1|	97.059	442	8	5	1	440	341	779	0.0	739	89153
974de5333c96acca5e9d386cbac7e99e	gi|2363082765|ref|NR_179631.1|	96.818	440	14	0	1	440	348	787	0.0	736	2014528
974de5333c96acca5e9d386cbac7e99e	gi|2363086212|ref|NR_181358.1|	96.818	440	14	0	1	440	340	779	0.0	736	2788944
974de5333c96acca5e9d386cbac7e99e	gi|265678482|ref|NR_028785.1|	96.818	440	14	0	1	440	351	790	0.0	736	29347
974de5333c96acca5e9d386cbac7e99e	gi|1109168038|ref|NR_144617.1|	96.591	440	15	0	1	440	340	779	0.0	730	1796634
2aaf9ab4d319e146072b50e5cffff494	gi|228718376|ref|NR_027573.1|	99.317	439	3	0	1	439	303	741	0.0	795	261299
2aaf9ab4d319e146072b50e5cffff494	gi|645322235|ref|NR_119034.1|	98.178	439	7	1	1	439	320	757	0.0	765	1121321
2aaf9ab4d319e146072b50e5cffff494	gi|631251934|ref|NR_113132.1|	97.950	439	9	0	1	439	321	759	0.0	761	1121308
2aaf9ab4d319e146072b50e5cffff494	gi|2363081240|ref|NR_178864.1|	97.722	439	10	0	1	439	321	759	0.0	756	1507512
2aaf9ab4d319e146072b50e5cffff494	gi|631251942|ref|NR_113140.1|	97.722	439	10	0	1	439	319	757	0.0	756	1505
2aaf9ab4d319e146072b50e5cffff494	gi|631250975|ref|NR_112172.1|	97.717	438	10	0	2	439	313	750	0.0	756	1121308
2aaf9ab4d319e146072b50e5cffff494	gi|645319814|ref|NR_117174.1|	97.494	439	11	0	1	439	316	754	0.0	750	1737
2aaf9ab4d319e146072b50e5cffff494	gi|631250758|ref|NR_104812.1|	97.494	439	11	0	1	439	318	756	0.0	750	1737
2aaf9ab4d319e146072b50e5cffff494	gi|559795110|ref|NR_104696.1|	97.494	439	11	0	1	439	319	757	0.0	750	29358
2aaf9ab4d319e146072b50e5cffff494	gi|636559738|ref|NR_115798.1|	97.494	439	11	0	1	439	321	759	0.0	750	1737
307a9d65ada4547b1c3899b48ff17548	gi|631252157|ref|NR_113355.1|	99.570	465	2	0	1	465	356	820	0.0	848	218538
307a9d65ada4547b1c3899b48ff17548	gi|219846090|ref|NR_025680.1|	99.570	465	2	0	1	465	336	800	0.0	848	592028
307a9d65ada4547b1c3899b48ff17548	gi|343198671|ref|NR_043231.1|	95.064	466	21	2	1	465	283	747	0.0	732	308994
307a9d65ada4547b1c3899b48ff17548	gi|631252159|ref|NR_113357.1|	94.861	467	21	3	1	465	356	821	0.0	726	308994
307a9d65ada4547b1c3899b48ff17548	gi|343200979|ref|NR_041666.1|	94.194	465	27	0	1	465	336	800	0.0	710	742743
307a9d65ada4547b1c3899b48ff17548	gi|2363082841|ref|NR_179669.1|	94.004	467	24	4	1	465	360	824	0.0	704	2161821
307a9d65ada4547b1c3899b48ff17548	gi|2363082109|ref|NR_179301.1|	94.004	467	24	4	1	465	344	808	0.0	704	2582419
307a9d65ada4547b1c3899b48ff17548	gi|631252158|ref|NR_113356.1|	93.348	466	28	3	1	465	355	818	0.0	686	309120
307a9d65ada4547b1c3899b48ff17548	gi|343198462|ref|NR_041895.1|	93.348	466	28	3	1	465	296	759	0.0	686	888062
307a9d65ada4547b1c3899b48ff17548	gi|219846637|ref|NR_026229.1|	91.880	468	32	4	1	465	336	800	0.0	649	39950
135b8c8a810b08830e070442ee93e8f5	gi|2363085169|ref|NR_180833.1|	99.091	440	4	0	1	440	337	776	0.0	791	2606635
135b8c8a810b08830e070442ee93e8f5	gi|559795307|ref|NR_104899.1|	97.045	440	13	0	1	440	328	767	0.0	741	384636
135b8c8a810b08830e070442ee93e8f5	gi|310975204|ref|NR_037068.1|	97.045	440	13	0	1	440	341	780	0.0	741	29375
135b8c8a810b08830e070442ee93e8f5	gi|2363082679|ref|NR_179587.1|	96.818	440	14	0	1	440	328	767	0.0	736	1926283
135b8c8a810b08830e070442ee93e8f5	gi|1384992332|ref|NR_156081.1|	96.818	440	14	0	1	440	336	775	0.0	736	1469948
135b8c8a810b08830e070442ee93e8f5	gi|1384992329|ref|NR_156078.1|	96.818	440	14	0	1	440	336	775	0.0	736	1469948
135b8c8a810b08830e070442ee93e8f5	gi|2363081854|ref|NR_179173.1|	96.818	440	14	0	1	440	333	772	0.0	736	2126740
135b8c8a810b08830e070442ee93e8f5	gi|645322280|ref|NR_119068.1|	96.818	440	13	1	1	440	315	753	0.0	734	36832
135b8c8a810b08830e070442ee93e8f5	gi|3030611230|ref|NR_199906.1|	96.591	440	15	0	1	440	354	793	0.0	730	3123317
135b8c8a810b08830e070442ee93e8f5	gi|3030611314|ref|NR_199990.1|	96.591	440	15	0	1	440	350	789	0.0	730	3123317
6772e3f169b938c3b3ce43a7d89fdb5e	gi|343200664|ref|NR_041351.1|	99.348	460	3	0	1	460	341	800	0.0	833	357276
6772e3f169b938c3b3ce43a7d89fdb5e	gi|444304091|ref|NR_074515.1|	98.478	460	7	0	1	460	350	809	0.0	811	435590
6772e3f169b938c3b3ce43a7d89fdb5e	gi|631251748|ref|NR_112946.1|	98.478	460	7	0	1	460	339	798	0.0	811	821
6772e3f169b938c3b3ce43a7d89fdb5e	gi|631250946|ref|NR_112143.1|	98.261	460	8	0	1	460	307	766	0.0	806	821
6772e3f169b938c3b3ce43a7d89fdb5e	gi|631251997|ref|NR_113195.1|	93.478	460	30	0	1	460	338	797	0.0	684	1236515
6772e3f169b938c3b3ce43a7d89fdb5e	gi|631251866|ref|NR_113064.1|	93.261	460	31	0	1	460	338	797	0.0	678	1236538
6772e3f169b938c3b3ce43a7d89fdb5e	gi|631251817|ref|NR_113015.1|	93.261	460	31	0	1	460	338	797	0.0	678	1236538
6772e3f169b938c3b3ce43a7d89fdb5e	gi|645320081|ref|NR_117373.1|	93.261	460	31	0	1	460	289	748	0.0	678	1236515
6772e3f169b938c3b3ce43a7d89fdb5e	gi|2363085522|ref|NR_181010.1|	93.059	461	30	2	1	460	297	756	0.0	673	2786956
6772e3f169b938c3b3ce43a7d89fdb5e	gi|2363082773|ref|NR_179635.1|	93.043	460	32	0	1	460	338	797	0.0	673	2024197
9618acd14b5ab2c7c997aa9139475f76	gi|2363080123|ref|NR_178280.1|	99.091	440	4	0	1	440	331	770	0.0	791	411483
9618acd14b5ab2c7c997aa9139475f76	gi|2363081449|ref|NR_178971.1|	98.864	440	4	1	1	440	285	723	0.0	784	1851427
9618acd14b5ab2c7c997aa9139475f76	gi|3030611269|ref|NR_199945.1|	98.409	440	7	0	1	440	335	774	0.0	774	3435293
9618acd14b5ab2c7c997aa9139475f76	gi|265678656|ref|NR_028961.1|	98.409	440	7	0	1	440	327	766	0.0	774	853
9618acd14b5ab2c7c997aa9139475f76	gi|2363081451|ref|NR_178972.1|	98.182	440	8	0	1	440	285	724	0.0	769	1851428
9618acd14b5ab2c7c997aa9139475f76	gi|2363082282|ref|NR_179388.1|	97.506	441	9	2	1	440	335	774	0.0	752	2935520
9618acd14b5ab2c7c997aa9139475f76	gi|2363080175|ref|NR_178311.1|	96.818	440	14	0	1	440	412	851	0.0	736	2903556
9618acd14b5ab2c7c997aa9139475f76	gi|2363084747|ref|NR_180622.1|	92.744	441	30	2	1	440	335	774	0.0	636	2779354
9618acd14b5ab2c7c997aa9139475f76	gi|559795255|ref|NR_104846.1|	92.500	440	33	0	1	440	288	727	2.07e-180	630	745368
9618acd14b5ab2c7c997aa9139475f76	gi|1277396189|ref|NR_151900.1|	92.045	440	35	0	1	440	351	790	4.48e-177	619	1550024
e3c6ee86bde613ec739ecc5b93348e7d	gi|2260349448|ref|NR_176530.1|	99.548	442	2	0	1	442	358	799	0.0	806	2093857
e3c6ee86bde613ec739ecc5b93348e7d	gi|2363082559|ref|NR_179526.1|	99.548	442	2	0	1	442	349	790	0.0	806	1841866
e3c6ee86bde613ec739ecc5b93348e7d	gi|645321110|ref|NR_118156.1|	95.701	442	19	0	1	442	304	745	0.0	712	1007096
e3c6ee86bde613ec739ecc5b93348e7d	gi|2962412234|ref|NR_199428.1|	95.475	442	20	0	1	442	352	793	0.0	706	3073143
e3c6ee86bde613ec739ecc5b93348e7d	gi|2363087001|ref|NR_181757.1|	95.045	444	18	4	1	442	289	730	0.0	695	2841504
e3c6ee86bde613ec739ecc5b93348e7d	gi|2363082170|ref|NR_179331.1|	95.034	443	21	1	1	442	328	770	0.0	695	2714358
e3c6ee86bde613ec739ecc5b93348e7d	gi|1269801610|ref|NR_074793.2|	94.344	442	25	0	1	442	355	796	0.0	678	351091
e3c6ee86bde613ec739ecc5b93348e7d	gi|343200653|ref|NR_041340.1|	94.344	442	25	0	1	442	328	769	0.0	678	351091
e3c6ee86bde613ec739ecc5b93348e7d	gi|2363082569|ref|NR_179531.1|	94.118	442	26	0	1	442	347	788	0.0	673	1852369
e3c6ee86bde613ec739ecc5b93348e7d	gi|2363082165|ref|NR_179329.1|	93.679	443	26	2	1	442	327	768	0.0	662	2714353
a66192928ae26a1a65e147bb1ebacb4a	gi|645321791|ref|NR_118675.1|	92.727	440	32	0	1	440	339	778	0.0	643	39492
a66192928ae26a1a65e147bb1ebacb4a	gi|265678854|ref|NR_029160.1|	91.629	442	33	4	1	440	293	732	9.71e-174	608	40519
a66192928ae26a1a65e147bb1ebacb4a	gi|3248465644|ref|NR_201656.1|	90.455	440	42	0	1	440	329	768	2.12e-165	580	3417633
a66192928ae26a1a65e147bb1ebacb4a	gi|2136551683|ref|NR_173688.1|	90.455	440	42	0	1	440	321	760	2.12e-165	580	2780922
a66192928ae26a1a65e147bb1ebacb4a	gi|1864207164|ref|NR_169458.1|	90.227	440	43	0	1	440	345	784	9.85e-164	575	2164149
a66192928ae26a1a65e147bb1ebacb4a	gi|2363082601|ref|NR_179547.1|	90.249	441	41	2	1	440	347	786	9.85e-164	575	1870991
a66192928ae26a1a65e147bb1ebacb4a	gi|507148077|ref|NR_102884.1|	90.000	440	44	0	1	440	331	770	4.58e-162	569	213810
a66192928ae26a1a65e147bb1ebacb4a	gi|3248465648|ref|NR_201660.1|	89.545	440	46	0	1	440	319	758	9.92e-159	558	3417630
a66192928ae26a1a65e147bb1ebacb4a	gi|444303976|ref|NR_074399.1|	89.545	440	46	0	1	440	333	772	9.92e-159	558	697329
a66192928ae26a1a65e147bb1ebacb4a	gi|631251834|ref|NR_113032.1|	89.545	440	46	0	1	440	333	772	9.92e-159	558	1264
6d1eaa732e8103a511f3cd6f7138f92e	gi|645320614|ref|NR_117778.1|	99.355	465	3	0	1	465	293	757	0.0	843	40545
6d1eaa732e8103a511f3cd6f7138f92e	gi|559795260|ref|NR_104851.1|	99.355	465	3	0	1	465	282	746	0.0	843	40545
6d1eaa732e8103a511f3cd6f7138f92e	gi|1864207054|ref|NR_169348.1|	97.849	465	10	0	1	465	319	783	0.0	804	2584944
6d1eaa732e8103a511f3cd6f7138f92e	gi|2363082713|ref|NR_179604.1|	97.849	465	10	0	1	465	310	774	0.0	804	1944635
6d1eaa732e8103a511f3cd6f7138f92e	gi|219878461|ref|NR_025600.1|	94.206	466	25	2	1	465	302	766	0.0	710	234908
6d1eaa732e8103a511f3cd6f7138f92e	gi|2363082045|ref|NR_179269.1|	93.991	466	26	2	1	465	320	784	0.0	704	2494234
6d1eaa732e8103a511f3cd6f7138f92e	gi|1193829159|ref|NR_147402.1|	93.333	465	31	0	1	465	332	796	0.0	688	1907660
6d1eaa732e8103a511f3cd6f7138f92e	gi|2136551693|ref|NR_173698.1|	92.735	468	28	4	1	465	318	782	0.0	671	2259133
6d1eaa732e8103a511f3cd6f7138f92e	gi|2363082296|ref|NR_179395.1|	92.719	467	30	3	1	465	330	794	0.0	671	1506471
6d1eaa732e8103a511f3cd6f7138f92e	gi|566084840|ref|NR_108217.1|	91.064	470	32	10	1	465	285	749	2.84e-179	627	551988
8e3a85e20f65101dd52027e580039353	gi|343200656|ref|NR_041343.1|	99.348	460	3	0	1	460	340	799	0.0	833	46503
8e3a85e20f65101dd52027e580039353	gi|645322411|ref|NR_119166.1|	99.130	460	4	0	1	460	319	778	0.0	830	411477
8e3a85e20f65101dd52027e580039353	gi|343200777|ref|NR_041464.1|	97.391	460	12	0	1	460	340	799	0.0	784	387661
8e3a85e20f65101dd52027e580039353	gi|2363083816|ref|NR_180156.1|	96.522	460	16	0	1	460	291	750	0.0	761	2290935
8e3a85e20f65101dd52027e580039353	gi|2363086049|ref|NR_181277.1|	96.087	460	18	0	1	460	309	768	0.0	750	2753162
8e3a85e20f65101dd52027e580039353	gi|631251878|ref|NR_113076.1|	95.879	461	17	2	1	460	324	783	0.0	745	927665
8e3a85e20f65101dd52027e580039353	gi|343202832|ref|NR_043317.1|	95.879	461	17	2	1	460	284	743	0.0	745	328812
8e3a85e20f65101dd52027e580039353	gi|1811131517|ref|NR_165699.1|	95.435	460	21	0	1	460	336	795	0.0	734	2685834
8e3a85e20f65101dd52027e580039353	gi|2363082715|ref|NR_179605.1|	95.445	461	19	2	1	460	316	775	0.0	734	1944636
8e3a85e20f65101dd52027e580039353	gi|2363082619|ref|NR_179556.1|	95.217	460	22	0	1	460	316	775	0.0	728	1871013
6ec120a6c1f157f4e77fa1cc82628bc4	gi|444303855|ref|NR_074277.1|	99.565	460	2	0	1	460	352	811	0.0	839	818
6ec120a6c1f157f4e77fa1cc82628bc4	gi|631251746|ref|NR_112944.1|	99.565	460	2	0	1	460	324	783	0.0	839	818
6ec120a6c1f157f4e77fa1cc82628bc4	gi|631252008|ref|NR_113206.1|	98.698	461	4	2	1	460	336	795	0.0	817	1236513
6ec120a6c1f157f4e77fa1cc82628bc4	gi|631250945|ref|NR_112142.1|	98.690	458	5	1	3	460	336	792	0.0	811	818
6ec120a6c1f157f4e77fa1cc82628bc4	gi|631251869|ref|NR_113067.1|	98.048	461	7	2	1	460	325	784	0.0	800	1077285
6ec120a6c1f157f4e77fa1cc82628bc4	gi|645320100|ref|NR_117387.1|	98.048	461	7	2	1	460	320	779	0.0	800	1077285
6ec120a6c1f157f4e77fa1cc82628bc4	gi|2363084421|ref|NR_180458.1|	97.614	461	9	2	1	460	340	799	0.0	789	2650157
6ec120a6c1f157f4e77fa1cc82628bc4	gi|631251749|ref|NR_112947.1|	97.180	461	11	2	1	460	326	785	0.0	780	657309
6ec120a6c1f157f4e77fa1cc82628bc4	gi|2363084431|ref|NR_180463.1|	97.180	461	11	2	1	460	340	799	0.0	778	2650158
6ec120a6c1f157f4e77fa1cc82628bc4	gi|631251744|ref|NR_112942.1|	97.180	461	11	2	1	460	323	782	0.0	778	291644
bfff4d97d9167d6134d4f4ef1a565162	gi|2363080123|ref|NR_178280.1|	98.636	440	6	0	1	440	331	770	0.0	780	411483
bfff4d97d9167d6134d4f4ef1a565162	gi|3030611269|ref|NR_199945.1|	98.409	440	7	0	1	440	335	774	0.0	774	3435293
bfff4d97d9167d6134d4f4ef1a565162	gi|2363081449|ref|NR_178971.1|	98.409	440	6	1	1	440	285	723	0.0	773	1851427
bfff4d97d9167d6134d4f4ef1a565162	gi|265678656|ref|NR_028961.1|	97.955	440	9	0	1	440	327	766	0.0	763	853
bfff4d97d9167d6134d4f4ef1a565162	gi|2363081451|ref|NR_178972.1|	97.727	440	10	0	1	440	285	724	0.0	758	1851428
bfff4d97d9167d6134d4f4ef1a565162	gi|2363082282|ref|NR_179388.1|	97.052	441	11	2	1	440	335	774	0.0	741	2935520
bfff4d97d9167d6134d4f4ef1a565162	gi|2363080175|ref|NR_178311.1|	96.364	440	16	0	1	440	412	851	0.0	725	2903556
bfff4d97d9167d6134d4f4ef1a565162	gi|2363084747|ref|NR_180622.1|	93.197	441	28	2	1	440	335	774	0.0	647	2779354
bfff4d97d9167d6134d4f4ef1a565162	gi|559795255|ref|NR_104846.1|	92.955	440	31	0	1	440	288	727	0.0	641	745368
bfff4d97d9167d6134d4f4ef1a565162	gi|1277396189|ref|NR_151900.1|	92.500	440	33	0	1	440	351	790	2.07e-180	630	1550024
8ed378770ea603211505c90c94b3fcb0	gi|2363080123|ref|NR_178280.1|	99.091	440	4	0	1	440	331	770	0.0	791	411483
8ed378770ea603211505c90c94b3fcb0	gi|3030611269|ref|NR_199945.1|	98.864	440	5	0	1	440	335	774	0.0	785	3435293
8ed378770ea603211505c90c94b3fcb0	gi|2363081449|ref|NR_178971.1|	98.636	440	5	1	1	440	285	723	0.0	778	1851427
8ed378770ea603211505c90c94b3fcb0	gi|265678656|ref|NR_028961.1|	98.409	440	7	0	1	440	327	766	0.0	774	853
8ed378770ea603211505c90c94b3fcb0	gi|2363081451|ref|NR_178972.1|	98.182	440	8	0	1	440	285	724	0.0	769	1851428
8ed378770ea603211505c90c94b3fcb0	gi|2363082282|ref|NR_179388.1|	97.506	441	9	2	1	440	335	774	0.0	752	2935520
8ed378770ea603211505c90c94b3fcb0	gi|2363080175|ref|NR_178311.1|	96.818	440	14	0	1	440	412	851	0.0	736	2903556
8ed378770ea603211505c90c94b3fcb0	gi|2363084747|ref|NR_180622.1|	93.651	441	26	2	1	440	335	774	0.0	658	2779354
8ed378770ea603211505c90c94b3fcb0	gi|559795255|ref|NR_104846.1|	93.409	440	29	0	1	440	288	727	0.0	652	745368
8ed378770ea603211505c90c94b3fcb0	gi|1277396189|ref|NR_151900.1|	92.955	440	31	0	1	440	351	790	0.0	641	1550024
cad578f5f61696d6264f24db34ed131a	gi|444304209|ref|NR_074634.1|	99.318	440	3	0	1	440	350	789	0.0	797	515619
cad578f5f61696d6264f24db34ed131a	gi|343198540|ref|NR_042832.1|	98.186	441	7	1	1	440	330	770	0.0	769	301302
cad578f5f61696d6264f24db34ed131a	gi|1227086116|ref|NR_148619.1|	97.738	442	8	2	1	440	301	742	0.0	760	1712665
cad578f5f61696d6264f24db34ed131a	gi|645320588|ref|NR_117758.1|	97.285	442	10	1	1	440	322	763	0.0	749	166486
cad578f5f61696d6264f24db34ed131a	gi|228716944|ref|NR_027557.1|	97.285	442	10	1	1	440	343	784	0.0	749	536231
cad578f5f61696d6264f24db34ed131a	gi|444439494|ref|NR_074809.1|	97.279	441	11	1	1	440	350	790	0.0	747	585394
cad578f5f61696d6264f24db34ed131a	gi|343201282|ref|NR_042008.1|	97.052	441	11	2	1	440	341	780	0.0	741	585394
cad578f5f61696d6264f24db34ed131a	gi|2363085153|ref|NR_180825.1|	96.825	441	13	1	1	440	347	787	0.0	736	2605790
cad578f5f61696d6264f24db34ed131a	gi|219846723|ref|NR_026315.1|	96.818	440	14	0	1	440	317	756	0.0	736	46206
cad578f5f61696d6264f24db34ed131a	gi|2363086282|ref|NR_181393.1|	96.591	440	15	0	1	440	290	729	0.0	730	2763664
d620ee6a6d19b1a3f168df0e0c85d59a	gi|2363080123|ref|NR_178280.1|	99.091	440	4	0	1	440	331	770	0.0	791	411483
d620ee6a6d19b1a3f168df0e0c85d59a	gi|3030611269|ref|NR_199945.1|	98.864	440	5	0	1	440	335	774	0.0	785	3435293
d620ee6a6d19b1a3f168df0e0c85d59a	gi|2363081449|ref|NR_178971.1|	98.636	440	5	1	1	440	285	723	0.0	778	1851427
d620ee6a6d19b1a3f168df0e0c85d59a	gi|265678656|ref|NR_028961.1|	98.409	440	7	0	1	440	327	766	0.0	774	853
d620ee6a6d19b1a3f168df0e0c85d59a	gi|2363081451|ref|NR_178972.1|	98.182	440	8	0	1	440	285	724	0.0	769	1851428
d620ee6a6d19b1a3f168df0e0c85d59a	gi|2363082282|ref|NR_179388.1|	97.506	441	9	2	1	440	335	774	0.0	752	2935520
d620ee6a6d19b1a3f168df0e0c85d59a	gi|2363080175|ref|NR_178311.1|	96.818	440	14	0	1	440	412	851	0.0	736	2903556
d620ee6a6d19b1a3f168df0e0c85d59a	gi|2363084747|ref|NR_180622.1|	93.651	441	26	2	1	440	335	774	0.0	658	2779354
d620ee6a6d19b1a3f168df0e0c85d59a	gi|559795255|ref|NR_104846.1|	93.409	440	29	0	1	440	288	727	0.0	652	745368
d620ee6a6d19b1a3f168df0e0c85d59a	gi|1277396189|ref|NR_151900.1|	92.955	440	31	0	1	440	351	790	0.0	641	1550024
0f24556cbdf2bb0b62e93f805596cc7d	gi|444304209|ref|NR_074634.1|	99.545	440	2	0	1	440	350	789	0.0	802	515619
0f24556cbdf2bb0b62e93f805596cc7d	gi|343198540|ref|NR_042832.1|	98.413	441	6	1	1	440	330	770	0.0	774	301302
0f24556cbdf2bb0b62e93f805596cc7d	gi|1227086116|ref|NR_148619.1|	97.964	442	7	2	1	440	301	742	0.0	765	1712665
0f24556cbdf2bb0b62e93f805596cc7d	gi|645320588|ref|NR_117758.1|	97.511	442	9	1	1	440	322	763	0.0	754	166486
0f24556cbdf2bb0b62e93f805596cc7d	gi|228716944|ref|NR_027557.1|	97.511	442	9	1	1	440	343	784	0.0	754	536231
0f24556cbdf2bb0b62e93f805596cc7d	gi|444439494|ref|NR_074809.1|	97.506	441	10	1	1	440	350	790	0.0	752	585394
0f24556cbdf2bb0b62e93f805596cc7d	gi|343201282|ref|NR_042008.1|	97.279	441	10	2	1	440	341	780	0.0	747	585394
0f24556cbdf2bb0b62e93f805596cc7d	gi|2363085153|ref|NR_180825.1|	97.052	441	12	1	1	440	347	787	0.0	741	2605790
0f24556cbdf2bb0b62e93f805596cc7d	gi|219846723|ref|NR_026315.1|	97.045	440	13	0	1	440	317	756	0.0	741	46206
0f24556cbdf2bb0b62e93f805596cc7d	gi|2363086282|ref|NR_181393.1|	96.818	440	14	0	1	440	290	729	0.0	736	2763664
e333f45fa3729d21e87ae094d536b471	gi|636558732|ref|NR_114789.1|	95.000	440	22	0	1	440	347	786	0.0	691	1535
e333f45fa3729d21e87ae094d536b471	gi|1146059197|ref|NR_145929.1|	93.919	444	23	2	1	440	319	762	0.0	667	642589
e333f45fa3729d21e87ae094d536b471	gi|3248465687|ref|NR_201701.1|	93.679	443	25	2	1	440	330	772	0.0	660	3435187
e333f45fa3729d21e87ae094d536b471	gi|3248465688|ref|NR_201702.1|	93.679	443	25	2	1	440	328	770	0.0	660	3435000
e333f45fa3729d21e87ae094d536b471	gi|2836274966|ref|NR_197729.1|	93.636	440	28	0	1	440	304	743	0.0	658	3093657
e333f45fa3729d21e87ae094d536b471	gi|1193829157|ref|NR_147400.1|	93.182	440	30	0	1	440	339	778	0.0	647	1958780
e333f45fa3729d21e87ae094d536b471	gi|2836274967|ref|NR_197730.1|	93.182	440	30	0	1	440	312	751	0.0	647	3093658
e333f45fa3729d21e87ae094d536b471	gi|1116030278|ref|NR_144736.1|	93.182	440	30	0	1	440	360	799	0.0	647	1776382
e333f45fa3729d21e87ae094d536b471	gi|2363082799|ref|NR_179648.1|	92.955	440	31	0	1	440	339	778	0.0	641	2045012
e333f45fa3729d21e87ae094d536b471	gi|2180566484|ref|NR_174324.1|	92.955	440	31	0	1	440	346	785	0.0	641	2576756
963da730593a239a681f38f71e21dace	gi|3248465644|ref|NR_201656.1|	95.238	441	19	2	1	440	329	768	0.0	697	3417633
963da730593a239a681f38f71e21dace	gi|507148077|ref|NR_102884.1|	93.864	440	27	0	1	440	331	770	0.0	664	213810
963da730593a239a681f38f71e21dace	gi|2363082601|ref|NR_179547.1|	93.636	440	28	0	1	440	347	786	0.0	658	1870991
963da730593a239a681f38f71e21dace	gi|636558832|ref|NR_114889.1|	93.636	440	27	1	1	440	277	715	0.0	656	213810
963da730593a239a681f38f71e21dace	gi|3248465648|ref|NR_201660.1|	93.409	440	29	0	1	440	319	758	0.0	652	3417630
963da730593a239a681f38f71e21dace	gi|444303976|ref|NR_074399.1|	93.409	440	29	0	1	440	333	772	0.0	652	697329
963da730593a239a681f38f71e21dace	gi|631251834|ref|NR_113032.1|	93.409	440	29	0	1	440	333	772	0.0	652	1264
963da730593a239a681f38f71e21dace	gi|636559173|ref|NR_115230.1|	93.409	440	29	0	1	440	333	772	0.0	652	697329
963da730593a239a681f38f71e21dace	gi|219846339|ref|NR_025929.1|	93.409	440	29	0	1	440	328	767	0.0	652	697329
963da730593a239a681f38f71e21dace	gi|265679047|ref|NR_029355.1|	93.182	440	30	0	1	440	332	771	0.0	647	84026
206beaa5ad428973b719ef7b78974808	gi|343198925|ref|NR_044049.1|	99.773	440	1	0	1	440	316	755	0.0	808	33043
206beaa5ad428973b719ef7b78974808	gi|559795169|ref|NR_104758.1|	95.682	440	19	0	1	440	345	784	0.0	708	1282887
206beaa5ad428973b719ef7b78974808	gi|2363086278|ref|NR_181391.1|	95.455	440	20	0	1	440	249	688	0.0	702	2763670
206beaa5ad428973b719ef7b78974808	gi|219856842|ref|NR_024661.1|	95.455	440	20	0	1	440	361	800	0.0	702	42322
206beaa5ad428973b719ef7b78974808	gi|631252121|ref|NR_113319.1|	95.000	440	22	0	1	440	350	789	0.0	691	645466
206beaa5ad428973b719ef7b78974808	gi|2363080125|ref|NR_178281.1|	95.000	440	22	0	1	440	340	779	0.0	691	105843
206beaa5ad428973b719ef7b78974808	gi|645321792|ref|NR_118676.1|	94.545	440	24	0	1	440	370	809	0.0	689	39497
206beaa5ad428973b719ef7b78974808	gi|1384992332|ref|NR_156081.1|	94.773	440	23	0	1	440	336	775	0.0	686	1469948
206beaa5ad428973b719ef7b78974808	gi|1384992329|ref|NR_156078.1|	94.773	440	23	0	1	440	336	775	0.0	686	1469948
206beaa5ad428973b719ef7b78974808	gi|636560803|ref|NR_116863.1|	94.785	441	22	1	1	440	337	777	0.0	686	645466
5d9dc6171d426fdcee6e64d3df6fbf5d	gi|631252157|ref|NR_113355.1|	99.355	465	3	0	1	465	356	820	0.0	843	218538
5d9dc6171d426fdcee6e64d3df6fbf5d	gi|219846090|ref|NR_025680.1|	99.355	465	3	0	1	465	336	800	0.0	843	592028
5d9dc6171d426fdcee6e64d3df6fbf5d	gi|343198671|ref|NR_043231.1|	94.850	466	22	2	1	465	283	747	0.0	726	308994
5d9dc6171d426fdcee6e64d3df6fbf5d	gi|631252159|ref|NR_113357.1|	94.647	467	22	3	1	465	356	821	0.0	721	308994
5d9dc6171d426fdcee6e64d3df6fbf5d	gi|343200979|ref|NR_041666.1|	93.978	465	28	0	1	465	336	800	0.0	704	742743
5d9dc6171d426fdcee6e64d3df6fbf5d	gi|2363082841|ref|NR_179669.1|	93.790	467	25	4	1	465	360	824	0.0	699	2161821
5d9dc6171d426fdcee6e64d3df6fbf5d	gi|2363082109|ref|NR_179301.1|	93.790	467	25	4	1	465	344	808	0.0	699	2582419
5d9dc6171d426fdcee6e64d3df6fbf5d	gi|631252158|ref|NR_113356.1|	93.133	466	29	3	1	465	355	818	0.0	680	309120
5d9dc6171d426fdcee6e64d3df6fbf5d	gi|343198462|ref|NR_041895.1|	93.133	466	29	3	1	465	296	759	0.0	680	888062
5d9dc6171d426fdcee6e64d3df6fbf5d	gi|219846637|ref|NR_026229.1|	91.667	468	33	4	1	465	336	800	0.0	643	39950
9b644842de6fe392d13ebed94752ca3f	gi|631252213|ref|NR_113411.1|	98.913	460	5	0	1	460	341	800	0.0	822	537011
9b644842de6fe392d13ebed94752ca3f	gi|343200190|ref|NR_040877.1|	98.696	460	6	0	1	460	341	800	0.0	819	537011
9b644842de6fe392d13ebed94752ca3f	gi|2363084409|ref|NR_180452.1|	97.174	460	13	0	1	460	321	780	0.0	778	2518605
9b644842de6fe392d13ebed94752ca3f	gi|631251894|ref|NR_113092.1|	93.492	461	28	2	1	460	329	788	0.0	684	77768
9b644842de6fe392d13ebed94752ca3f	gi|219878161|ref|NR_025300.1|	93.492	461	28	2	1	460	341	800	0.0	684	77768
9b644842de6fe392d13ebed94752ca3f	gi|631251907|ref|NR_113105.1|	93.275	461	29	2	1	460	329	788	0.0	678	470565
9b644842de6fe392d13ebed94752ca3f	gi|343199048|ref|NR_044407.1|	93.275	461	29	2	1	460	321	780	0.0	678	470565
9b644842de6fe392d13ebed94752ca3f	gi|566085557|ref|NR_109628.1|	92.842	461	31	2	1	460	322	781	0.0	667	1177574
9b644842de6fe392d13ebed94752ca3f	gi|631251922|ref|NR_113120.1|	92.641	462	30	4	1	460	339	798	0.0	662	28136
9b644842de6fe392d13ebed94752ca3f	gi|265678842|ref|NR_029147.1|	92.625	461	32	2	1	460	344	803	0.0	662	28136
a4d61e7fea0a742a12b2c3d460cf64ff	gi|631251740|ref|NR_112938.1|	99.565	460	2	0	1	460	326	785	0.0	839	204516
a4d61e7fea0a742a12b2c3d460cf64ff	gi|343198509|ref|NR_042745.1|	99.565	460	2	0	1	460	338	797	0.0	839	204516
a4d61e7fea0a742a12b2c3d460cf64ff	gi|343200626|ref|NR_041313.1|	95.217	460	22	0	1	460	340	799	0.0	728	338188
a4d61e7fea0a742a12b2c3d460cf64ff	gi|2363084421|ref|NR_180458.1|	94.565	460	25	0	1	460	340	799	0.0	712	2650157
a4d61e7fea0a742a12b2c3d460cf64ff	gi|636560121|ref|NR_116181.1|	94.565	460	24	1	1	460	333	791	0.0	710	28116
a4d61e7fea0a742a12b2c3d460cf64ff	gi|631251749|ref|NR_112947.1|	94.360	461	24	2	1	460	326	785	0.0	708	657309
a4d61e7fea0a742a12b2c3d460cf64ff	gi|1491509587|ref|NR_159118.1|	94.348	460	26	0	1	460	310	769	0.0	706	28116
a4d61e7fea0a742a12b2c3d460cf64ff	gi|1491509586|ref|NR_159117.1|	94.348	460	26	0	1	460	301	760	0.0	706	28116
a4d61e7fea0a742a12b2c3d460cf64ff	gi|2363085522|ref|NR_181010.1|	94.360	461	24	2	1	460	297	756	0.0	706	2786956
a4d61e7fea0a742a12b2c3d460cf64ff	gi|2363084431|ref|NR_180463.1|	94.360	461	24	2	1	460	340	799	0.0	706	2650158
5800356eb5cbea32f4d31965bc0d4de5	gi|265678578|ref|NR_028883.1|	99.093	441	3	1	1	440	226	666	0.0	791	88431
5800356eb5cbea32f4d31965bc0d4de5	gi|1397641798|ref|NR_156907.1|	96.606	442	11	4	1	440	348	787	0.0	730	1912855
5800356eb5cbea32f4d31965bc0d4de5	gi|265678482|ref|NR_028785.1|	96.599	441	13	2	1	440	351	790	0.0	730	29347
5800356eb5cbea32f4d31965bc0d4de5	gi|1109168023|ref|NR_144610.1|	96.372	441	14	2	1	440	339	778	0.0	725	1796622
5800356eb5cbea32f4d31965bc0d4de5	gi|645322565|ref|NR_119285.1|	96.372	441	14	2	1	440	325	764	0.0	725	29347
5800356eb5cbea32f4d31965bc0d4de5	gi|631250892|ref|NR_112089.1|	96.380	442	12	4	1	440	336	775	0.0	725	553973
5800356eb5cbea32f4d31965bc0d4de5	gi|310974936|ref|NR_036800.1|	96.372	441	14	2	1	440	326	765	0.0	725	411470
5800356eb5cbea32f4d31965bc0d4de5	gi|645321810|ref|NR_118690.1|	96.372	441	14	2	1	440	338	777	0.0	725	411470
5800356eb5cbea32f4d31965bc0d4de5	gi|224581401|ref|NR_024719.1|	96.380	442	11	5	1	440	341	779	0.0	723	89153
5800356eb5cbea32f4d31965bc0d4de5	gi|2363082765|ref|NR_179631.1|	96.136	440	17	0	1	440	348	787	0.0	719	2014528
382a4f12b800c8164d96384a0f847803	gi|939733298|ref|NR_133025.1|	99.565	460	2	0	1	460	275	734	0.0	839	2585118
382a4f12b800c8164d96384a0f847803	gi|631251954|ref|NR_113152.1|	95.435	460	21	0	1	460	337	796	0.0	734	28117
382a4f12b800c8164d96384a0f847803	gi|2363082099|ref|NR_179296.1|	95.000	460	23	0	1	460	324	783	0.0	723	2585119
382a4f12b800c8164d96384a0f847803	gi|672239000|ref|NR_125589.1|	95.011	461	21	2	1	460	269	728	0.0	723	1033731
382a4f12b800c8164d96384a0f847803	gi|2363086959|ref|NR_181736.1|	94.794	461	22	2	1	460	334	793	0.0	717	2834113
382a4f12b800c8164d96384a0f847803	gi|507148054|ref|NR_102861.1|	94.794	461	22	2	1	460	334	793	0.0	717	717959
382a4f12b800c8164d96384a0f847803	gi|645321193|ref|NR_118219.1|	94.794	461	22	2	1	460	332	791	0.0	717	1033732
382a4f12b800c8164d96384a0f847803	gi|343202834|ref|NR_043319.1|	94.577	461	23	2	1	460	323	782	0.0	713	717959
382a4f12b800c8164d96384a0f847803	gi|2363082505|ref|NR_179499.1|	94.600	463	19	6	1	460	342	801	0.0	712	2364787
382a4f12b800c8164d96384a0f847803	gi|631251955|ref|NR_113153.1|	94.577	461	23	2	1	460	334	793	0.0	712	328814
5e3ab127d17f98906516af6c5fabaf22	gi|2363082679|ref|NR_179587.1|	97.045	440	13	0	1	440	328	767	0.0	741	1926283
5e3ab127d17f98906516af6c5fabaf22	gi|1384992332|ref|NR_156081.1|	97.045	440	13	0	1	440	336	775	0.0	741	1469948
5e3ab127d17f98906516af6c5fabaf22	gi|1384992329|ref|NR_156078.1|	97.045	440	13	0	1	440	336	775	0.0	741	1469948
5e3ab127d17f98906516af6c5fabaf22	gi|2363081854|ref|NR_179173.1|	97.045	440	13	0	1	440	333	772	0.0	741	2126740
5e3ab127d17f98906516af6c5fabaf22	gi|3030611230|ref|NR_199906.1|	96.818	440	14	0	1	440	354	793	0.0	736	3123317
5e3ab127d17f98906516af6c5fabaf22	gi|3030611314|ref|NR_199990.1|	96.818	440	14	0	1	440	350	789	0.0	736	3123317
5e3ab127d17f98906516af6c5fabaf22	gi|1384992331|ref|NR_156080.1|	96.818	440	14	0	1	440	336	775	0.0	736	1469948
5e3ab127d17f98906516af6c5fabaf22	gi|1384992328|ref|NR_156077.1|	96.818	440	14	0	1	440	336	775	0.0	736	1469948
5e3ab127d17f98906516af6c5fabaf22	gi|631253128|ref|NR_114326.1|	96.591	440	15	0	1	440	334	773	0.0	730	1150298
5e3ab127d17f98906516af6c5fabaf22	gi|2363087259|ref|NR_181885.1|	96.136	440	17	0	1	440	335	774	0.0	721	2885351
6039d22db060701983f84155f7911989	gi|2363086278|ref|NR_181391.1|	99.545	440	2	0	1	440	249	688	0.0	802	2763670
6039d22db060701983f84155f7911989	gi|219856842|ref|NR_024661.1|	97.273	440	12	0	1	440	361	800	0.0	747	42322
6039d22db060701983f84155f7911989	gi|343198925|ref|NR_044049.1|	95.227	440	21	0	1	440	316	755	0.0	697	33043
6039d22db060701983f84155f7911989	gi|2363085925|ref|NR_181215.1|	95.000	440	22	0	1	440	331	770	0.0	691	2738446
6039d22db060701983f84155f7911989	gi|631252121|ref|NR_113319.1|	94.773	440	23	0	1	440	350	789	0.0	686	645466
6039d22db060701983f84155f7911989	gi|943392602|ref|NR_117139.2|	94.545	440	24	0	1	440	346	785	0.0	680	649756
6039d22db060701983f84155f7911989	gi|943392601|ref|NR_117138.2|	94.545	440	24	0	1	440	346	785	0.0	680	649756
6039d22db060701983f84155f7911989	gi|559795210|ref|NR_104799.1|	94.545	440	24	0	1	440	338	777	0.0	680	649756
6039d22db060701983f84155f7911989	gi|636560803|ref|NR_116863.1|	94.558	441	23	1	1	440	337	777	0.0	680	645466
6039d22db060701983f84155f7911989	gi|343202586|ref|NR_042953.1|	94.545	440	24	0	1	440	308	747	0.0	680	264463
e46fb206868071b77cda8d7f70e14418	gi|444304209|ref|NR_074634.1|	99.773	440	1	0	1	440	350	789	0.0	808	515619
e46fb206868071b77cda8d7f70e14418	gi|343198540|ref|NR_042832.1|	98.639	441	5	1	1	440	330	770	0.0	780	301302
e46fb206868071b77cda8d7f70e14418	gi|1227086116|ref|NR_148619.1|	98.190	442	6	2	1	440	301	742	0.0	771	1712665
e46fb206868071b77cda8d7f70e14418	gi|645320588|ref|NR_117758.1|	97.738	442	8	1	1	440	322	763	0.0	760	166486
e46fb206868071b77cda8d7f70e14418	gi|228716944|ref|NR_027557.1|	97.738	442	8	1	1	440	343	784	0.0	760	536231
e46fb206868071b77cda8d7f70e14418	gi|444439494|ref|NR_074809.1|	97.732	441	9	1	1	440	350	790	0.0	758	585394
e46fb206868071b77cda8d7f70e14418	gi|343201282|ref|NR_042008.1|	97.506	441	9	2	1	440	341	780	0.0	752	585394
e46fb206868071b77cda8d7f70e14418	gi|2363085153|ref|NR_180825.1|	97.279	441	11	1	1	440	347	787	0.0	747	2605790
e46fb206868071b77cda8d7f70e14418	gi|219846723|ref|NR_026315.1|	97.273	440	12	0	1	440	317	756	0.0	747	46206
e46fb206868071b77cda8d7f70e14418	gi|2363086282|ref|NR_181393.1|	97.045	440	13	0	1	440	290	729	0.0	741	2763664
0e09373a6b3464a8390fe434a0579a17	gi|3030611230|ref|NR_199906.1|	95.909	440	18	0	1	440	354	793	0.0	713	3123317
0e09373a6b3464a8390fe434a0579a17	gi|3030611314|ref|NR_199990.1|	95.909	440	18	0	1	440	350	789	0.0	713	3123317
0e09373a6b3464a8390fe434a0579a17	gi|1384992331|ref|NR_156080.1|	95.909	440	18	0	1	440	336	775	0.0	713	1469948
0e09373a6b3464a8390fe434a0579a17	gi|1384992328|ref|NR_156077.1|	95.909	440	18	0	1	440	336	775	0.0	713	1469948
0e09373a6b3464a8390fe434a0579a17	gi|2363086290|ref|NR_181397.1|	95.909	440	18	0	1	440	303	742	0.0	713	2763671
0e09373a6b3464a8390fe434a0579a17	gi|2836274880|ref|NR_197643.1|	95.682	440	19	0	1	440	329	768	0.0	708	2962432
0e09373a6b3464a8390fe434a0579a17	gi|1384992332|ref|NR_156081.1|	95.682	440	19	0	1	440	336	775	0.0	708	1469948
0e09373a6b3464a8390fe434a0579a17	gi|1384992329|ref|NR_156078.1|	95.682	440	19	0	1	440	336	775	0.0	708	1469948
0e09373a6b3464a8390fe434a0579a17	gi|2363080261|ref|NR_178356.1|	95.692	441	17	2	1	440	313	752	0.0	708	558153
0e09373a6b3464a8390fe434a0579a17	gi|507148045|ref|NR_102852.1|	95.692	441	17	2	1	440	348	787	0.0	708	84030
f5b250646ac21baf763b890623e7f06d	gi|645321792|ref|NR_118676.1|	96.818	440	14	0	1	440	370	809	0.0	745	39497
f5b250646ac21baf763b890623e7f06d	gi|219846511|ref|NR_026103.1|	96.818	440	14	0	1	440	316	755	0.0	736	37658
f5b250646ac21baf763b890623e7f06d	gi|1277396183|ref|NR_151894.1|	96.818	440	14	0	1	440	335	774	0.0	736	433293
f5b250646ac21baf763b890623e7f06d	gi|1277396381|ref|NR_152095.1|	96.591	440	15	0	1	440	348	787	0.0	730	1679721
f5b250646ac21baf763b890623e7f06d	gi|631252121|ref|NR_113319.1|	96.591	440	15	0	1	440	350	789	0.0	730	645466
f5b250646ac21baf763b890623e7f06d	gi|636560803|ref|NR_116863.1|	96.372	441	15	1	1	440	337	777	0.0	725	645466
f5b250646ac21baf763b890623e7f06d	gi|343202586|ref|NR_042953.1|	96.364	440	16	0	1	440	308	747	0.0	725	264463
f5b250646ac21baf763b890623e7f06d	gi|2136551633|ref|NR_173637.1|	96.136	440	17	0	1	440	294	733	0.0	719	2755051
f5b250646ac21baf763b890623e7f06d	gi|219878251|ref|NR_025390.1|	96.136	440	17	0	1	440	330	769	0.0	719	115544
f5b250646ac21baf763b890623e7f06d	gi|2363081778|ref|NR_179135.1|	95.918	441	17	1	1	440	330	770	0.0	713	2025494
18157098b1439c8ec91b7f22b6fd29e0	gi|219846340|ref|NR_025930.1|	98.416	442	6	1	1	441	296	737	0.0	776	40518
18157098b1439c8ec91b7f22b6fd29e0	gi|2136551638|ref|NR_173642.1|	97.291	443	10	1	1	441	349	791	0.0	750	2678306
18157098b1439c8ec91b7f22b6fd29e0	gi|2363084544|ref|NR_180520.1|	95.238	441	19	2	1	441	356	794	0.0	697	2564099
18157098b1439c8ec91b7f22b6fd29e0	gi|2363082825|ref|NR_179661.1|	92.325	443	32	1	1	441	342	784	7.47e-180	628	2086583
18157098b1439c8ec91b7f22b6fd29e0	gi|636558732|ref|NR_114789.1|	91.156	441	38	1	1	441	347	786	2.11e-170	597	1535
18157098b1439c8ec91b7f22b6fd29e0	gi|2136551663|ref|NR_173668.1|	90.950	442	37	3	1	441	294	733	9.80e-169	592	2766537
18157098b1439c8ec91b7f22b6fd29e0	gi|3248465687|ref|NR_201701.1|	90.745	443	39	1	1	441	330	772	3.52e-168	590	3435187
18157098b1439c8ec91b7f22b6fd29e0	gi|3248465688|ref|NR_201702.1|	90.745	443	39	1	1	441	328	770	3.52e-168	590	3435000
18157098b1439c8ec91b7f22b6fd29e0	gi|2180566484|ref|NR_174324.1|	90.703	441	40	1	1	441	346	785	4.56e-167	586	2576756
18157098b1439c8ec91b7f22b6fd29e0	gi|3248465658|ref|NR_201672.1|	90.090	444	40	3	1	441	296	738	3.55e-163	573	3381350
d349727f5f3d8878239412bd0daff0ea	gi|1040567059|ref|NR_137408.1|	98.861	439	5	0	1	439	290	728	0.0	784	1460447
d349727f5f3d8878239412bd0daff0ea	gi|559795157|ref|NR_104744.1|	98.633	439	6	0	1	439	320	758	0.0	778	1541
d349727f5f3d8878239412bd0daff0ea	gi|645322288|ref|NR_119074.1|	98.633	439	6	0	1	439	297	735	0.0	778	1121315
d349727f5f3d8878239412bd0daff0ea	gi|1116030282|ref|NR_144740.1|	97.722	439	10	0	1	439	321	759	0.0	756	1776391
d349727f5f3d8878239412bd0daff0ea	gi|228718376|ref|NR_027573.1|	97.494	439	11	0	1	439	303	741	0.0	750	261299
d349727f5f3d8878239412bd0daff0ea	gi|2363083072|ref|NR_179784.1|	97.267	439	12	0	1	439	301	739	0.0	745	2020948
d349727f5f3d8878239412bd0daff0ea	gi|645322235|ref|NR_119034.1|	97.267	439	11	1	1	439	320	757	0.0	743	1121321
d349727f5f3d8878239412bd0daff0ea	gi|2363082877|ref|NR_179687.1|	97.039	439	13	0	1	439	273	711	0.0	739	2662455
d349727f5f3d8878239412bd0daff0ea	gi|1230874654|ref|NR_148815.1|	97.039	439	13	0	1	439	319	757	0.0	739	1629550
d349727f5f3d8878239412bd0daff0ea	gi|974142280|ref|NR_134800.1|	97.039	439	13	0	1	439	255	693	0.0	739	1368474
d5a7d33369d202e9c6373451f2009a2e	gi|265679027|ref|NR_029335.1|	99.138	464	4	0	1	464	250	713	0.0	835	61171
d5a7d33369d202e9c6373451f2009a2e	gi|672239039|ref|NR_125628.1|	97.845	464	10	0	1	464	336	799	0.0	802	1211819
d5a7d33369d202e9c6373451f2009a2e	gi|645320615|ref|NR_117779.1|	94.181	464	22	4	1	464	333	791	0.0	702	118967
d5a7d33369d202e9c6373451f2009a2e	gi|559795259|ref|NR_104850.1|	94.181	464	22	4	1	464	323	781	0.0	702	118967
d5a7d33369d202e9c6373451f2009a2e	gi|219878455|ref|NR_025594.1|	91.006	467	36	6	1	464	329	792	1.02e-178	625	225084
d5a7d33369d202e9c6373451f2009a2e	gi|2363087359|ref|NR_181936.1|	90.792	467	37	6	1	464	269	732	4.74e-177	619	2683713
d5a7d33369d202e9c6373451f2009a2e	gi|1270532561|ref|NR_146814.2|	90.302	464	45	0	1	464	350	813	1.03e-173	608	1514105
d5a7d33369d202e9c6373451f2009a2e	gi|1150406785|ref|NR_146039.1|	90.302	464	45	0	1	464	266	729	1.03e-173	608	1514105
d5a7d33369d202e9c6373451f2009a2e	gi|2363087361|ref|NR_181937.1|	90.150	467	40	6	1	464	291	754	4.78e-172	603	2683717
d5a7d33369d202e9c6373451f2009a2e	gi|2363085171|ref|NR_180834.1|	90.302	464	40	2	1	464	335	793	4.78e-172	603	2606630
0456025768dbd08470686f6bb2467921	gi|2363082168|ref|NR_179330.1|	98.643	442	6	0	1	442	327	768	0.0	784	2714355
0456025768dbd08470686f6bb2467921	gi|2363082165|ref|NR_179329.1|	98.416	442	7	0	1	442	327	768	0.0	778	2714353
0456025768dbd08470686f6bb2467921	gi|645321110|ref|NR_118156.1|	93.905	443	25	2	1	442	304	745	0.0	667	1007096
0456025768dbd08470686f6bb2467921	gi|1269801610|ref|NR_074793.2|	93.454	443	27	2	1	442	355	796	0.0	656	351091
0456025768dbd08470686f6bb2467921	gi|2962412234|ref|NR_199428.1|	93.454	443	27	2	1	442	352	793	0.0	656	3073143
0456025768dbd08470686f6bb2467921	gi|343200653|ref|NR_041340.1|	93.454	443	27	2	1	442	328	769	0.0	656	351091
0456025768dbd08470686f6bb2467921	gi|2363087001|ref|NR_181757.1|	93.243	444	26	4	1	442	289	730	0.0	651	2841504
0456025768dbd08470686f6bb2467921	gi|2260349448|ref|NR_176530.1|	93.002	443	29	2	1	442	358	799	0.0	645	2093857
0456025768dbd08470686f6bb2467921	gi|2363082559|ref|NR_179526.1|	93.002	443	29	2	1	442	349	790	0.0	645	1841866
0456025768dbd08470686f6bb2467921	gi|1109168025|ref|NR_144611.1|	93.034	445	26	3	1	442	282	724	0.0	645	1417852
43c6a52169c0131b65522177e9db020f	gi|219878284|ref|NR_025423.1|	99.355	465	3	0	1	465	319	783	0.0	843	249188
43c6a52169c0131b65522177e9db020f	gi|636560108|ref|NR_116168.1|	97.849	465	10	0	1	465	335	799	0.0	804	888828
43c6a52169c0131b65522177e9db020f	gi|343202529|ref|NR_042878.1|	97.849	465	10	0	1	465	314	778	0.0	804	888828
43c6a52169c0131b65522177e9db020f	gi|645321895|ref|NR_118762.1|	96.760	463	15	0	3	465	340	802	0.0	784	888828
43c6a52169c0131b65522177e9db020f	gi|645321093|ref|NR_118143.1|	96.559	465	16	0	1	465	316	780	0.0	773	1035839
43c6a52169c0131b65522177e9db020f	gi|1109168040|ref|NR_144618.1|	96.344	465	17	0	1	465	319	783	0.0	765	1796644
43c6a52169c0131b65522177e9db020f	gi|2363085993|ref|NR_181249.1|	96.344	465	17	0	1	465	314	778	0.0	765	111844
43c6a52169c0131b65522177e9db020f	gi|1397641888|ref|NR_156998.1|	96.344	465	17	0	1	465	308	772	0.0	765	1906745
43c6a52169c0131b65522177e9db020f	gi|1397641887|ref|NR_156997.1|	96.344	465	17	0	1	465	309	773	0.0	765	1796644
43c6a52169c0131b65522177e9db020f	gi|219857266|ref|NR_024897.1|	96.360	467	13	4	1	465	334	798	0.0	765	85404
ef54fdfefb01b9e029875784970bbef6	gi|2363082569|ref|NR_179531.1|	98.416	442	7	0	1	442	347	788	0.0	778	1852369
ef54fdfefb01b9e029875784970bbef6	gi|645321110|ref|NR_118156.1|	94.796	442	23	0	1	442	304	745	0.0	689	1007096
ef54fdfefb01b9e029875784970bbef6	gi|1269801610|ref|NR_074793.2|	94.344	442	25	0	1	442	355	796	0.0	678	351091
ef54fdfefb01b9e029875784970bbef6	gi|343200653|ref|NR_041340.1|	94.344	442	25	0	1	442	328	769	0.0	678	351091
ef54fdfefb01b9e029875784970bbef6	gi|2260349448|ref|NR_176530.1|	94.118	442	26	0	1	442	358	799	0.0	673	2093857
ef54fdfefb01b9e029875784970bbef6	gi|2363082559|ref|NR_179526.1|	94.118	442	26	0	1	442	349	790	0.0	673	1841866
ef54fdfefb01b9e029875784970bbef6	gi|2962412234|ref|NR_199428.1|	93.665	442	28	0	1	442	352	793	0.0	662	3073143
ef54fdfefb01b9e029875784970bbef6	gi|2363082170|ref|NR_179331.1|	93.454	443	28	1	1	442	328	770	0.0	656	2714358
ef54fdfefb01b9e029875784970bbef6	gi|2363082168|ref|NR_179330.1|	93.243	444	26	4	1	442	327	768	0.0	651	2714355
ef54fdfefb01b9e029875784970bbef6	gi|2363082342|ref|NR_179418.1|	92.793	444	29	3	1	442	348	790	0.0	640	1673721
7547088d1a12dd32197a28863197efa7	gi|2363082679|ref|NR_179587.1|	95.909	440	18	0	1	440	328	767	0.0	713	1926283
7547088d1a12dd32197a28863197efa7	gi|1193829153|ref|NR_147396.1|	95.909	440	18	0	1	440	328	767	0.0	713	1917870
7547088d1a12dd32197a28863197efa7	gi|2363081854|ref|NR_179173.1|	95.909	440	18	0	1	440	333	772	0.0	713	2126740
7547088d1a12dd32197a28863197efa7	gi|2836274880|ref|NR_197643.1|	95.455	440	20	0	1	440	329	768	0.0	702	2962432
7547088d1a12dd32197a28863197efa7	gi|1384992332|ref|NR_156081.1|	95.455	440	20	0	1	440	336	775	0.0	702	1469948
7547088d1a12dd32197a28863197efa7	gi|1384992329|ref|NR_156078.1|	95.455	440	20	0	1	440	336	775	0.0	702	1469948
7547088d1a12dd32197a28863197efa7	gi|2363080261|ref|NR_178356.1|	95.455	440	20	0	1	440	313	752	0.0	702	558153
7547088d1a12dd32197a28863197efa7	gi|310975204|ref|NR_037068.1|	95.455	440	20	0	1	440	341	780	0.0	702	29375
7547088d1a12dd32197a28863197efa7	gi|219846508|ref|NR_026100.1|	95.455	440	20	0	1	440	323	762	0.0	702	1286362
7547088d1a12dd32197a28863197efa7	gi|343201474|ref|NR_042200.1|	95.455	440	20	0	1	440	318	757	0.0	702	333367
65071e46a8124aaa9bffdd1a45ff5ec0	gi|2363087379|ref|NR_181946.1|	98.069	466	7	2	1	465	320	784	0.0	809	2025884
65071e46a8124aaa9bffdd1a45ff5ec0	gi|2363083585|ref|NR_180040.1|	98.069	466	7	2	1	465	341	805	0.0	809	2025884
65071e46a8124aaa9bffdd1a45ff5ec0	gi|1240411877|ref|NR_149208.1|	97.634	465	11	0	1	465	334	798	0.0	798	1461579
65071e46a8124aaa9bffdd1a45ff5ec0	gi|343206159|ref|NR_044749.1|	96.774	465	15	0	1	465	339	803	0.0	797	888057
65071e46a8124aaa9bffdd1a45ff5ec0	gi|636560107|ref|NR_116167.1|	96.368	468	11	6	1	465	335	799	0.0	765	985008
65071e46a8124aaa9bffdd1a45ff5ec0	gi|343202528|ref|NR_042877.1|	96.360	467	13	4	1	465	312	776	0.0	765	733
65071e46a8124aaa9bffdd1a45ff5ec0	gi|343202527|ref|NR_042876.1|	96.368	468	11	6	1	465	314	778	0.0	765	985008
65071e46a8124aaa9bffdd1a45ff5ec0	gi|2363082178|ref|NR_179336.1|	95.923	466	17	2	1	465	280	744	0.0	754	2778911
65071e46a8124aaa9bffdd1a45ff5ec0	gi|219846441|ref|NR_026032.1|	95.931	467	15	4	1	465	336	800	0.0	754	749
65071e46a8124aaa9bffdd1a45ff5ec0	gi|645321889|ref|NR_118756.1|	95.717	467	16	4	1	465	338	802	0.0	754	733
38501f847d352ac38e65655b3681621e	gi|1040567059|ref|NR_137408.1|	98.861	439	5	0	1	439	290	728	0.0	784	1460447
38501f847d352ac38e65655b3681621e	gi|559795157|ref|NR_104744.1|	98.633	439	6	0	1	439	320	758	0.0	778	1541
38501f847d352ac38e65655b3681621e	gi|645322288|ref|NR_119074.1|	98.633	439	6	0	1	439	297	735	0.0	778	1121315
38501f847d352ac38e65655b3681621e	gi|1116030282|ref|NR_144740.1|	97.722	439	10	0	1	439	321	759	0.0	756	1776391
38501f847d352ac38e65655b3681621e	gi|228718376|ref|NR_027573.1|	97.494	439	11	0	1	439	303	741	0.0	750	261299
38501f847d352ac38e65655b3681621e	gi|2363083072|ref|NR_179784.1|	97.267	439	12	0	1	439	301	739	0.0	745	2020948
38501f847d352ac38e65655b3681621e	gi|645322235|ref|NR_119034.1|	97.267	439	11	1	1	439	320	757	0.0	743	1121321
38501f847d352ac38e65655b3681621e	gi|2363082877|ref|NR_179687.1|	97.039	439	13	0	1	439	273	711	0.0	739	2662455
38501f847d352ac38e65655b3681621e	gi|1230874654|ref|NR_148815.1|	97.039	439	13	0	1	439	319	757	0.0	739	1629550
38501f847d352ac38e65655b3681621e	gi|974142280|ref|NR_134800.1|	97.039	439	13	0	1	439	255	693	0.0	739	1368474
62e60727aff6e511dd7efc44d362b0c4	gi|645321091|ref|NR_118142.1|	99.355	465	3	0	1	465	314	778	0.0	843	736
62e60727aff6e511dd7efc44d362b0c4	gi|636558707|ref|NR_114764.1|	98.925	465	5	0	1	465	317	781	0.0	835	735
62e60727aff6e511dd7efc44d362b0c4	gi|343206163|ref|NR_044753.1|	96.344	465	17	0	1	465	338	802	0.0	787	736
62e60727aff6e511dd7efc44d362b0c4	gi|219846439|ref|NR_026030.1|	96.574	467	12	4	1	465	318	782	0.0	771	51048
62e60727aff6e511dd7efc44d362b0c4	gi|645321093|ref|NR_118143.1|	96.344	465	17	0	1	465	316	780	0.0	765	1035839
62e60727aff6e511dd7efc44d362b0c4	gi|636559155|ref|NR_115212.1|	96.146	467	14	4	1	465	316	780	0.0	763	51048
62e60727aff6e511dd7efc44d362b0c4	gi|343202522|ref|NR_042871.1|	95.914	465	19	0	1	465	316	780	0.0	758	123820
62e60727aff6e511dd7efc44d362b0c4	gi|343202520|ref|NR_042869.1|	95.717	467	16	4	1	465	314	778	0.0	752	637911
62e60727aff6e511dd7efc44d362b0c4	gi|645321997|ref|NR_118847.1|	95.708	466	18	2	1	465	316	780	0.0	750	637911
62e60727aff6e511dd7efc44d362b0c4	gi|343202517|ref|NR_042866.1|	95.726	468	14	6	1	465	314	778	0.0	749	719
66cde1ea385b0230f553fe30befc3dd8	gi|2363086284|ref|NR_181394.1|	97.727	440	10	0	1	440	306	745	0.0	758	2763668
66cde1ea385b0230f553fe30befc3dd8	gi|2136551633|ref|NR_173637.1|	97.273	440	12	0	1	440	294	733	0.0	747	2755051
66cde1ea385b0230f553fe30befc3dd8	gi|1277396183|ref|NR_151894.1|	97.273	440	12	0	1	440	335	774	0.0	747	433293
66cde1ea385b0230f553fe30befc3dd8	gi|2363085149|ref|NR_180823.1|	96.818	440	14	0	1	440	357	796	0.0	736	2606634
66cde1ea385b0230f553fe30befc3dd8	gi|2363086282|ref|NR_181393.1|	96.818	440	14	0	1	440	290	729	0.0	736	2763664
66cde1ea385b0230f553fe30befc3dd8	gi|559795194|ref|NR_104783.1|	96.818	440	14	0	1	440	353	792	0.0	736	290052
66cde1ea385b0230f553fe30befc3dd8	gi|2363085153|ref|NR_180825.1|	96.599	441	14	1	1	440	347	787	0.0	730	2605790
66cde1ea385b0230f553fe30befc3dd8	gi|219846511|ref|NR_026103.1|	96.364	440	16	0	1	440	316	755	0.0	725	37658
66cde1ea385b0230f553fe30befc3dd8	gi|1277396184|ref|NR_151895.1|	96.364	440	16	0	1	440	336	775	0.0	725	433286
66cde1ea385b0230f553fe30befc3dd8	gi|2363082059|ref|NR_179276.1|	96.136	440	17	0	1	440	334	773	0.0	719	2316025
cfd7e761b57ea304ac06e32a46cb6ee6	gi|559795255|ref|NR_104846.1|	98.636	440	6	0	1	440	288	727	0.0	780	745368
cfd7e761b57ea304ac06e32a46cb6ee6	gi|265678692|ref|NR_028997.1|	98.186	441	7	1	1	440	303	743	0.0	769	214851
cfd7e761b57ea304ac06e32a46cb6ee6	gi|2363084747|ref|NR_180622.1|	94.318	440	25	0	1	440	335	774	0.0	675	2779354
cfd7e761b57ea304ac06e32a46cb6ee6	gi|1397641802|ref|NR_156911.1|	93.864	440	27	0	1	440	351	790	0.0	664	1650663
cfd7e761b57ea304ac06e32a46cb6ee6	gi|1277396189|ref|NR_151900.1|	93.409	440	29	0	1	440	351	790	0.0	652	1550024
cfd7e761b57ea304ac06e32a46cb6ee6	gi|3030611269|ref|NR_199945.1|	93.182	440	30	0	1	440	335	774	0.0	647	3435293
cfd7e761b57ea304ac06e32a46cb6ee6	gi|2363082282|ref|NR_179388.1|	93.182	440	30	0	1	440	335	774	0.0	647	2935520
cfd7e761b57ea304ac06e32a46cb6ee6	gi|265678656|ref|NR_028961.1|	93.182	440	30	0	1	440	327	766	0.0	647	853
cfd7e761b57ea304ac06e32a46cb6ee6	gi|2363082356|ref|NR_179425.1|	92.744	441	30	2	1	440	351	790	0.0	636	1689304
cfd7e761b57ea304ac06e32a46cb6ee6	gi|2363081451|ref|NR_178972.1|	92.727	440	32	0	1	440	285	724	0.0	636	1851428
4e821863b02df268964653e8752b4fbe	gi|645321813|ref|NR_118692.1|	98.864	440	4	1	1	440	314	752	0.0	785	411459
4e821863b02df268964653e8752b4fbe	gi|2363084170|ref|NR_180334.1|	97.955	440	9	0	1	440	253	692	0.0	763	2763028
4e821863b02df268964653e8752b4fbe	gi|2363086300|ref|NR_181402.1|	97.955	440	9	0	1	440	300	739	0.0	763	2763028
4e821863b02df268964653e8752b4fbe	gi|219846720|ref|NR_026312.1|	97.273	440	12	0	1	440	327	766	0.0	749	180164
4e821863b02df268964653e8752b4fbe	gi|631252033|ref|NR_113231.1|	97.273	440	12	0	1	440	347	786	0.0	747	536633
4e821863b02df268964653e8752b4fbe	gi|631251591|ref|NR_112789.1|	97.273	440	12	0	1	440	333	772	0.0	747	536633
4e821863b02df268964653e8752b4fbe	gi|1109168017|ref|NR_144607.1|	97.045	440	13	0	1	440	282	721	0.0	741	1796615
4e821863b02df268964653e8752b4fbe	gi|343201234|ref|NR_041960.1|	97.052	441	12	1	1	440	222	662	0.0	741	89014
4e821863b02df268964653e8752b4fbe	gi|645320731|ref|NR_117867.1|	97.045	440	13	0	1	440	300	739	0.0	741	871664
4e821863b02df268964653e8752b4fbe	gi|343205678|ref|NR_044054.1|	97.045	440	13	0	1	440	297	736	0.0	741	1121115
6a9e8c2e56995a04b0698932190465ee	gi|631251955|ref|NR_113153.1|	99.783	460	1	0	1	460	334	793	0.0	845	328814
6a9e8c2e56995a04b0698932190465ee	gi|343202834|ref|NR_043319.1|	99.565	460	2	0	1	460	323	782	0.0	841	717959
6a9e8c2e56995a04b0698932190465ee	gi|507148054|ref|NR_102861.1|	99.565	460	2	0	1	460	334	793	0.0	839	717959
6a9e8c2e56995a04b0698932190465ee	gi|507148137|ref|NR_102944.1|	98.478	460	7	0	1	460	334	793	0.0	811	214856
6a9e8c2e56995a04b0698932190465ee	gi|343198609|ref|NR_043064.1|	98.478	460	7	0	1	460	314	773	0.0	811	214856
6a9e8c2e56995a04b0698932190465ee	gi|631251952|ref|NR_113150.1|	98.261	460	8	0	1	460	334	793	0.0	806	214856
6a9e8c2e56995a04b0698932190465ee	gi|636559243|ref|NR_115300.1|	98.043	460	9	0	1	460	314	773	0.0	800	679935
6a9e8c2e56995a04b0698932190465ee	gi|2363086959|ref|NR_181736.1|	97.826	460	10	0	1	460	334	793	0.0	795	2834113
6a9e8c2e56995a04b0698932190465ee	gi|645321193|ref|NR_118219.1|	97.391	460	12	0	1	460	332	791	0.0	784	1033732
6a9e8c2e56995a04b0698932190465ee	gi|2363082505|ref|NR_179499.1|	97.174	460	13	0	1	460	342	801	0.0	778	2364787
0bd51ba7b38f7b298c80b2be6f7c3b41	gi|645321791|ref|NR_118675.1|	98.182	440	8	0	1	440	339	778	0.0	776	39492
0bd51ba7b38f7b298c80b2be6f7c3b41	gi|1277396348|ref|NR_152059.1|	89.238	446	38	9	1	440	272	713	5.97e-156	549	1849041
0bd51ba7b38f7b298c80b2be6f7c3b41	gi|2363082561|ref|NR_179527.1|	89.238	446	38	9	1	440	336	777	5.97e-156	549	1841868
0bd51ba7b38f7b298c80b2be6f7c3b41	gi|343202572|ref|NR_042930.1|	89.116	441	45	3	1	440	366	804	7.72e-155	545	258515
0bd51ba7b38f7b298c80b2be6f7c3b41	gi|1445136071|ref|NR_158111.1|	88.939	443	42	7	1	440	349	787	3.59e-153	540	2038680
0bd51ba7b38f7b298c80b2be6f7c3b41	gi|2363082585|ref|NR_179539.1|	88.914	442	44	5	1	440	351	789	3.59e-153	540	1852384
0bd51ba7b38f7b298c80b2be6f7c3b41	gi|3248465644|ref|NR_201656.1|	88.662	441	48	2	1	440	329	768	4.65e-152	536	3417633
0bd51ba7b38f7b298c80b2be6f7c3b41	gi|2363082755|ref|NR_179626.1|	88.688	442	45	5	1	440	351	789	1.67e-151	534	1987501
0bd51ba7b38f7b298c80b2be6f7c3b41	gi|265678854|ref|NR_029160.1|	88.409	440	51	0	1	440	293	732	2.16e-150	531	40519
0bd51ba7b38f7b298c80b2be6f7c3b41	gi|1116030290|ref|NR_144748.1|	88.462	442	46	5	1	440	335	773	7.77e-150	529	2897707
327f734d20dffa8e889d150fd0e4fe33	gi|566085203|ref|NR_109014.1|	99.091	440	4	0	1	440	195	634	0.0	791	871665
327f734d20dffa8e889d150fd0e4fe33	gi|2363082673|ref|NR_179584.1|	98.636	440	6	0	1	440	327	766	0.0	782	1917888
327f734d20dffa8e889d150fd0e4fe33	gi|631252033|ref|NR_113231.1|	97.727	440	10	0	1	440	347	786	0.0	758	536633
327f734d20dffa8e889d150fd0e4fe33	gi|631251591|ref|NR_112789.1|	97.727	440	10	0	1	440	333	772	0.0	758	536633
327f734d20dffa8e889d150fd0e4fe33	gi|2363084170|ref|NR_180334.1|	96.825	441	12	2	1	440	253	692	0.0	736	2763028
327f734d20dffa8e889d150fd0e4fe33	gi|2363086300|ref|NR_181402.1|	96.825	441	12	2	1	440	300	739	0.0	736	2763028
327f734d20dffa8e889d150fd0e4fe33	gi|631252072|ref|NR_113270.1|	96.818	440	14	0	1	440	348	787	0.0	736	1121114
327f734d20dffa8e889d150fd0e4fe33	gi|645320731|ref|NR_117867.1|	96.818	440	14	0	1	440	300	739	0.0	736	871664
327f734d20dffa8e889d150fd0e4fe33	gi|559795114|ref|NR_104700.1|	96.818	440	14	0	1	440	348	787	0.0	736	33035
327f734d20dffa8e889d150fd0e4fe33	gi|219846720|ref|NR_026312.1|	96.591	440	15	0	1	440	327	766	0.0	732	180164
2169ba30340dd516612e0004d04218c3	gi|3030611324|ref|NR_200000.1|	94.808	443	22	1	1	442	301	743	0.0	689	3342383
2169ba30340dd516612e0004d04218c3	gi|1109168025|ref|NR_144611.1|	94.357	443	24	1	1	442	282	724	0.0	678	1417852
2169ba30340dd516612e0004d04218c3	gi|2363084741|ref|NR_180619.1|	93.679	443	27	1	1	442	347	789	0.0	662	2779352
2169ba30340dd516612e0004d04218c3	gi|1193829127|ref|NR_147370.1|	93.002	443	30	1	1	442	349	791	0.0	645	1870988
2169ba30340dd516612e0004d04218c3	gi|219846080|ref|NR_025670.1|	92.551	443	32	1	1	442	329	771	0.0	634	411467
2169ba30340dd516612e0004d04218c3	gi|343198636|ref|NR_043142.1|	92.325	443	33	1	1	442	323	765	7.49e-180	628	292800
2169ba30340dd516612e0004d04218c3	gi|265679048|ref|NR_029356.1|	92.325	443	33	1	1	442	336	778	7.49e-180	628	292800
2169ba30340dd516612e0004d04218c3	gi|2363082168|ref|NR_179330.1|	91.874	443	34	2	1	442	327	768	1.62e-176	617	2714355
2169ba30340dd516612e0004d04218c3	gi|2363082165|ref|NR_179329.1|	91.648	443	35	2	1	442	327	768	7.54e-175	612	2714353
2169ba30340dd516612e0004d04218c3	gi|645321636|ref|NR_118554.1|	91.648	443	36	1	1	442	329	771	7.54e-175	612	1297617
fda9de1d4b232e6709f912ad77ac9d5f	gi|2363085149|ref|NR_180823.1|	95.455	440	20	0	1	440	357	796	0.0	702	2606634
fda9de1d4b232e6709f912ad77ac9d5f	gi|2363086282|ref|NR_181393.1|	95.227	440	21	0	1	440	290	729	0.0	697	2763664
fda9de1d4b232e6709f912ad77ac9d5f	gi|219857617|ref|NR_025206.1|	95.227	440	21	0	1	440	314	753	0.0	697	180286
fda9de1d4b232e6709f912ad77ac9d5f	gi|2363086284|ref|NR_181394.1|	95.000	440	22	0	1	440	306	745	0.0	691	2763668
fda9de1d4b232e6709f912ad77ac9d5f	gi|310974936|ref|NR_036800.1|	95.000	440	22	0	1	440	326	765	0.0	691	411470
fda9de1d4b232e6709f912ad77ac9d5f	gi|645321810|ref|NR_118690.1|	95.000	440	22	0	1	440	338	777	0.0	691	411470
fda9de1d4b232e6709f912ad77ac9d5f	gi|2363085169|ref|NR_180833.1|	94.773	440	23	0	1	440	337	776	0.0	686	2606635
fda9de1d4b232e6709f912ad77ac9d5f	gi|2363082059|ref|NR_179276.1|	94.558	441	22	2	1	440	334	773	0.0	680	2316025
fda9de1d4b232e6709f912ad77ac9d5f	gi|2363082679|ref|NR_179587.1|	94.545	440	24	0	1	440	328	767	0.0	680	1926283
fda9de1d4b232e6709f912ad77ac9d5f	gi|2363081854|ref|NR_179173.1|	94.545	440	24	0	1	440	333	772	0.0	680	2126740
7f51918b828314f0301d24856f6bc5c5	gi|444304111|ref|NR_074535.1|	99.129	459	4	0	1	459	334	792	0.0	826	28118
7f51918b828314f0301d24856f6bc5c5	gi|631251877|ref|NR_113075.1|	99.129	459	4	0	1	459	334	792	0.0	826	28118
7f51918b828314f0301d24856f6bc5c5	gi|343206056|ref|NR_044636.1|	97.821	459	10	0	1	459	342	800	0.0	798	28118
7f51918b828314f0301d24856f6bc5c5	gi|631251876|ref|NR_113074.1|	89.633	463	40	7	1	459	335	793	6.15e-166	582	742817
7f51918b828314f0301d24856f6bc5c5	gi|631251699|ref|NR_112897.1|	89.633	463	40	7	1	459	315	773	6.15e-166	582	742817
7f51918b828314f0301d24856f6bc5c5	gi|959494837|ref|NR_133715.1|	86.853	464	52	8	1	459	280	739	2.94e-144	510	1416875
7f51918b828314f0301d24856f6bc5c5	gi|1953646717|ref|NR_171512.1|	86.580	462	57	5	1	459	313	772	1.37e-142	505	2162893
7f51918b828314f0301d24856f6bc5c5	gi|1341394029|ref|NR_153701.1|	86.422	464	54	8	1	459	299	758	6.37e-141	499	1740245
7f51918b828314f0301d24856f6bc5c5	gi|559795096|ref|NR_104682.1|	86.393	463	56	6	1	459	315	774	6.37e-141	499	1168289
7f51918b828314f0301d24856f6bc5c5	gi|265678658|ref|NR_028963.1|	85.991	464	57	7	1	459	327	787	3.84e-138	490	886379
8e643ce8dcd7df38efd516f407e6b606	gi|631253128|ref|NR_114326.1|	99.545	440	2	0	1	440	334	773	0.0	802	1150298
8e643ce8dcd7df38efd516f407e6b606	gi|2363087259|ref|NR_181885.1|	96.818	440	14	0	1	440	335	774	0.0	737	2885351
8e643ce8dcd7df38efd516f407e6b606	gi|974142252|ref|NR_134772.1|	96.591	440	15	0	1	440	297	736	0.0	730	1337051
8e643ce8dcd7df38efd516f407e6b606	gi|343205837|ref|NR_044289.1|	96.364	440	16	0	1	440	328	767	0.0	725	460384
8e643ce8dcd7df38efd516f407e6b606	gi|3030611230|ref|NR_199906.1|	96.136	440	17	0	1	440	354	793	0.0	719	3123317
8e643ce8dcd7df38efd516f407e6b606	gi|2363085103|ref|NR_180800.1|	96.136	440	17	0	1	440	347	786	0.0	719	2652274
8e643ce8dcd7df38efd516f407e6b606	gi|3030611314|ref|NR_199990.1|	96.136	440	17	0	1	440	350	789	0.0	719	3123317
8e643ce8dcd7df38efd516f407e6b606	gi|1384992331|ref|NR_156080.1|	96.136	440	17	0	1	440	336	775	0.0	719	1469948
8e643ce8dcd7df38efd516f407e6b606	gi|1384992328|ref|NR_156077.1|	96.136	440	17	0	1	440	336	775	0.0	719	1469948
8e643ce8dcd7df38efd516f407e6b606	gi|1116030273|ref|NR_144731.1|	96.136	440	17	0	1	440	347	786	0.0	719	1720294
f2fd2b248ca380c0e5eae7200d0818a3	gi|265678854|ref|NR_029160.1|	94.357	443	20	5	1	441	293	732	0.0	675	40519
f2fd2b248ca380c0e5eae7200d0818a3	gi|507148077|ref|NR_102884.1|	93.424	441	28	1	1	441	331	770	0.0	652	213810
f2fd2b248ca380c0e5eae7200d0818a3	gi|3248465648|ref|NR_201660.1|	92.971	441	30	1	1	441	319	758	0.0	641	3417630
f2fd2b248ca380c0e5eae7200d0818a3	gi|219846341|ref|NR_025931.1|	92.986	442	28	3	1	441	308	747	0.0	641	1265
f2fd2b248ca380c0e5eae7200d0818a3	gi|636558832|ref|NR_114889.1|	92.744	441	30	2	1	441	277	715	0.0	636	213810
f2fd2b248ca380c0e5eae7200d0818a3	gi|3248465644|ref|NR_201656.1|	91.383	441	37	1	1	441	329	768	4.53e-172	603	3417633
f2fd2b248ca380c0e5eae7200d0818a3	gi|1864207164|ref|NR_169458.1|	90.703	441	40	1	1	441	345	784	4.56e-167	586	2164149
f2fd2b248ca380c0e5eae7200d0818a3	gi|444303976|ref|NR_074399.1|	90.271	442	40	3	1	441	333	772	9.87e-164	575	697329
f2fd2b248ca380c0e5eae7200d0818a3	gi|631251834|ref|NR_113032.1|	90.271	442	40	3	1	441	333	772	9.87e-164	575	1264
f2fd2b248ca380c0e5eae7200d0818a3	gi|636559173|ref|NR_115230.1|	90.271	442	40	3	1	441	333	772	9.87e-164	575	697329
fd34d933cec059343fc04d86f845643d	gi|2836274932|ref|NR_197695.1|	99.355	465	3	0	1	465	344	808	0.0	843	3053355
fd34d933cec059343fc04d86f845643d	gi|343198520|ref|NR_042776.1|	99.355	465	3	0	1	465	345	809	0.0	843	1304
fd34d933cec059343fc04d86f845643d	gi|343198522|ref|NR_042778.1|	99.140	465	4	0	1	465	345	809	0.0	837	1308
fd34d933cec059343fc04d86f845643d	gi|343198521|ref|NR_042777.1|	99.140	465	3	1	1	465	345	808	0.0	835	889206
fd34d933cec059343fc04d86f845643d	gi|645322192|ref|NR_118998.1|	98.710	465	6	0	1	465	340	804	0.0	826	1308
fd34d933cec059343fc04d86f845643d	gi|566084933|ref|NR_108477.1|	97.849	465	10	0	1	465	251	715	0.0	804	701526
fd34d933cec059343fc04d86f845643d	gi|645322122|ref|NR_118942.1|	96.996	466	12	2	1	465	243	707	0.0	798	889206
fd34d933cec059343fc04d86f845643d	gi|2363087357|ref|NR_181935.1|	97.419	465	12	0	1	465	355	819	0.0	793	2781599
fd34d933cec059343fc04d86f845643d	gi|2363086454|ref|NR_181481.1|	97.419	465	12	0	1	465	348	812	0.0	793	2781599
fd34d933cec059343fc04d86f845643d	gi|2363081939|ref|NR_179215.1|	97.419	465	12	0	1	465	336	800	0.0	793	1501662
2858dfaad3e5b6750037d69d38124420	gi|343200655|ref|NR_041342.1|	98.913	460	5	0	1	460	336	795	0.0	822	823
2858dfaad3e5b6750037d69d38124420	gi|444303953|ref|NR_074376.1|	98.043	460	9	0	1	460	351	810	0.0	800	435591
2858dfaad3e5b6750037d69d38124420	gi|1811131517|ref|NR_165699.1|	93.709	461	27	2	1	460	336	795	0.0	689	2685834
2858dfaad3e5b6750037d69d38124420	gi|2363082619|ref|NR_179556.1|	93.261	460	31	0	1	460	316	775	0.0	678	1871013
2858dfaad3e5b6750037d69d38124420	gi|631251637|ref|NR_112835.1|	92.826	460	32	1	1	460	336	794	0.0	665	574930
2858dfaad3e5b6750037d69d38124420	gi|2363082715|ref|NR_179605.1|	92.609	460	34	0	1	460	316	775	0.0	662	1944636
2858dfaad3e5b6750037d69d38124420	gi|974142265|ref|NR_134785.1|	92.174	460	36	0	1	460	336	795	0.0	652	1217282
2858dfaad3e5b6750037d69d38124420	gi|631252010|ref|NR_113208.1|	92.174	460	36	0	1	460	336	795	0.0	651	871327
2858dfaad3e5b6750037d69d38124420	gi|2363086049|ref|NR_181277.1|	91.739	460	38	0	1	460	309	768	0.0	640	2753162
2858dfaad3e5b6750037d69d38124420	gi|631251878|ref|NR_113076.1|	91.522	460	39	0	1	460	324	783	0.0	634	927665
edaf49e87e6d4d5010ad0f67740db825	gi|343201234|ref|NR_041960.1|	98.869	442	3	2	1	441	222	662	0.0	787	89014
edaf49e87e6d4d5010ad0f67740db825	gi|2363084170|ref|NR_180334.1|	97.511	442	8	2	1	441	253	692	0.0	752	2763028
edaf49e87e6d4d5010ad0f67740db825	gi|2363086300|ref|NR_181402.1|	97.511	442	8	2	1	441	300	739	0.0	752	2763028
edaf49e87e6d4d5010ad0f67740db825	gi|645321813|ref|NR_118692.1|	97.065	443	7	5	1	441	314	752	0.0	743	411459
edaf49e87e6d4d5010ad0f67740db825	gi|1953646571|ref|NR_171444.1|	97.052	441	12	1	1	441	301	740	0.0	741	1912897
edaf49e87e6d4d5010ad0f67740db825	gi|1953646488|ref|NR_171392.1|	97.052	441	12	1	1	441	355	794	0.0	741	1912897
edaf49e87e6d4d5010ad0f67740db825	gi|1953646486|ref|NR_171390.1|	97.052	441	12	1	1	441	355	794	0.0	741	1912897
edaf49e87e6d4d5010ad0f67740db825	gi|645320731|ref|NR_117867.1|	97.052	441	12	1	1	441	300	739	0.0	741	871664
edaf49e87e6d4d5010ad0f67740db825	gi|1679775916|ref|NR_163638.1|	96.825	441	13	1	1	441	328	767	0.0	736	2025493
edaf49e87e6d4d5010ad0f67740db825	gi|1679775915|ref|NR_163637.1|	96.825	441	13	1	1	441	328	767	0.0	736	2025493
e631cc2e4062f18902e318cb4fe93257	gi|1269806089|ref|NR_074784.2|	99.348	460	3	0	1	460	345	804	0.0	833	272559
e631cc2e4062f18902e318cb4fe93257	gi|631251738|ref|NR_112936.1|	99.348	460	3	0	1	460	338	797	0.0	833	817
e631cc2e4062f18902e318cb4fe93257	gi|645322408|ref|NR_119164.1|	99.348	460	3	0	1	460	317	776	0.0	833	817
e631cc2e4062f18902e318cb4fe93257	gi|631250944|ref|NR_112141.1|	98.043	460	7	2	1	460	335	792	0.0	798	817
e631cc2e4062f18902e318cb4fe93257	gi|2363082547|ref|NR_179520.1|	95.011	461	21	2	1	460	314	773	0.0	723	1841855
e631cc2e4062f18902e318cb4fe93257	gi|2363082611|ref|NR_179552.1|	94.794	461	23	1	1	460	340	800	0.0	717	1871006
e631cc2e4062f18902e318cb4fe93257	gi|636560121|ref|NR_116181.1|	94.600	463	18	4	1	460	333	791	0.0	710	28116
e631cc2e4062f18902e318cb4fe93257	gi|631251872|ref|NR_113070.1|	94.348	460	26	0	1	460	334	793	0.0	706	742727
e631cc2e4062f18902e318cb4fe93257	gi|631251697|ref|NR_112895.1|	94.348	460	26	0	1	460	314	773	0.0	706	742727
e631cc2e4062f18902e318cb4fe93257	gi|1109168015|ref|NR_144606.1|	94.130	460	27	0	1	460	340	799	0.0	701	1796613
50520b95a5f586f34ff308f3a724400f	gi|2363086296|ref|NR_181400.1|	99.085	437	4	0	3	439	250	686	0.0	787	2764712
50520b95a5f586f34ff308f3a724400f	gi|2363086298|ref|NR_181401.1|	96.583	439	15	0	1	439	303	741	0.0	728	2763645
50520b95a5f586f34ff308f3a724400f	gi|1116030291|ref|NR_144749.1|	92.760	442	28	3	1	439	347	787	0.0	636	1852367
50520b95a5f586f34ff308f3a724400f	gi|2463901899|ref|NR_184630.1|	92.744	441	30	1	1	439	343	783	0.0	636	2839743
50520b95a5f586f34ff308f3a724400f	gi|2136551617|ref|NR_173621.1|	92.308	442	31	1	1	439	354	795	9.62e-179	625	2818044
50520b95a5f586f34ff308f3a724400f	gi|1116030279|ref|NR_144737.1|	91.855	442	33	1	1	439	347	788	2.08e-175	614	1776384
50520b95a5f586f34ff308f3a724400f	gi|645321915|ref|NR_118779.1|	91.837	441	34	2	1	439	327	767	2.08e-175	614	35517
50520b95a5f586f34ff308f3a724400f	gi|310975129|ref|NR_036993.1|	91.837	441	34	2	1	439	359	799	2.08e-175	614	35517
50520b95a5f586f34ff308f3a724400f	gi|2363082665|ref|NR_179580.1|	91.610	441	35	2	1	439	327	767	2.69e-174	610	1917867
50520b95a5f586f34ff308f3a724400f	gi|2363085330|ref|NR_180913.1|	91.629	442	34	2	1	439	327	768	9.68e-174	608	2697030
55eb4dfe17eddfc833b40ebf0de73e8f	gi|2363084741|ref|NR_180619.1|	97.065	443	13	0	1	443	347	789	0.0	747	2779352
55eb4dfe17eddfc833b40ebf0de73e8f	gi|219846080|ref|NR_025670.1|	96.840	443	14	0	1	443	329	771	0.0	741	411467
55eb4dfe17eddfc833b40ebf0de73e8f	gi|3030611323|ref|NR_199999.1|	96.163	443	17	0	1	443	301	743	0.0	725	3133422
55eb4dfe17eddfc833b40ebf0de73e8f	gi|2363082342|ref|NR_179418.1|	96.163	443	17	0	1	443	348	790	0.0	725	1673721
55eb4dfe17eddfc833b40ebf0de73e8f	gi|343198636|ref|NR_043142.1|	95.711	443	19	0	1	443	323	765	0.0	713	292800
55eb4dfe17eddfc833b40ebf0de73e8f	gi|265679048|ref|NR_029356.1|	95.711	443	19	0	1	443	336	778	0.0	713	292800
55eb4dfe17eddfc833b40ebf0de73e8f	gi|1193829127|ref|NR_147370.1|	95.485	443	20	0	1	443	349	791	0.0	708	1870988
55eb4dfe17eddfc833b40ebf0de73e8f	gi|2363082326|ref|NR_179410.1|	95.485	443	20	0	1	443	349	791	0.0	708	1650661
55eb4dfe17eddfc833b40ebf0de73e8f	gi|2136551692|ref|NR_173697.1|	95.260	443	20	1	1	443	349	790	0.0	701	2108523
55eb4dfe17eddfc833b40ebf0de73e8f	gi|2363082352|ref|NR_179423.1|	95.034	443	22	0	1	443	349	791	0.0	697	1689270
b5de331fd7e1871af8a75ec3e5bcc910	gi|631252118|ref|NR_113316.1|	99.320	441	3	0	1	441	327	767	0.0	798	74426
b5de331fd7e1871af8a75ec3e5bcc910	gi|265678302|ref|NR_028604.1|	98.413	441	6	1	1	441	327	766	0.0	774	74426
b5de331fd7e1871af8a75ec3e5bcc910	gi|1193829136|ref|NR_147379.1|	96.606	442	12	3	1	441	328	767	0.0	730	1907654
b5de331fd7e1871af8a75ec3e5bcc910	gi|1193829156|ref|NR_147399.1|	95.692	441	18	1	1	441	328	767	0.0	708	1871016
b5de331fd7e1871af8a75ec3e5bcc910	gi|1109167962|ref|NR_144579.1|	95.238	441	20	1	1	441	322	761	0.0	697	1232426
b5de331fd7e1871af8a75ec3e5bcc910	gi|2363082368|ref|NR_179431.1|	95.011	441	21	1	1	441	328	767	0.0	691	1720204
b5de331fd7e1871af8a75ec3e5bcc910	gi|631251967|ref|NR_113165.1|	95.011	441	21	1	1	441	328	767	0.0	691	147207
b5de331fd7e1871af8a75ec3e5bcc910	gi|631251966|ref|NR_113164.1|	95.011	441	21	1	1	441	328	767	0.0	691	147206
b5de331fd7e1871af8a75ec3e5bcc910	gi|2363084792|ref|NR_180644.1|	94.785	441	22	1	1	441	249	688	0.0	688	2603815
b5de331fd7e1871af8a75ec3e5bcc910	gi|2363082703|ref|NR_179599.1|	94.570	442	21	3	1	441	308	747	0.0	680	1937461
925c594e9a50bb899c060961246c4e1c	gi|2363082679|ref|NR_179587.1|	96.136	440	17	0	1	440	328	767	0.0	719	1926283
925c594e9a50bb899c060961246c4e1c	gi|2363081854|ref|NR_179173.1|	96.136	440	17	0	1	440	333	772	0.0	719	2126740
925c594e9a50bb899c060961246c4e1c	gi|3030611230|ref|NR_199906.1|	95.909	440	18	0	1	440	354	793	0.0	713	3123317
925c594e9a50bb899c060961246c4e1c	gi|3030611314|ref|NR_199990.1|	95.909	440	18	0	1	440	350	789	0.0	713	3123317
925c594e9a50bb899c060961246c4e1c	gi|1384992331|ref|NR_156080.1|	95.909	440	18	0	1	440	336	775	0.0	713	1469948
925c594e9a50bb899c060961246c4e1c	gi|1384992328|ref|NR_156077.1|	95.909	440	18	0	1	440	336	775	0.0	713	1469948
925c594e9a50bb899c060961246c4e1c	gi|1384992332|ref|NR_156081.1|	95.682	440	19	0	1	440	336	775	0.0	708	1469948
925c594e9a50bb899c060961246c4e1c	gi|1384992329|ref|NR_156078.1|	95.682	440	19	0	1	440	336	775	0.0	708	1469948
925c594e9a50bb899c060961246c4e1c	gi|1441204227|ref|NR_157642.1|	95.682	440	19	0	1	440	301	740	0.0	708	1653435
925c594e9a50bb899c060961246c4e1c	gi|2836274880|ref|NR_197643.1|	95.455	440	20	0	1	440	329	768	0.0	702	2962432
20a91f3ad6e873ca9ae3d0cb214f3827	gi|2363086296|ref|NR_181400.1|	93.409	440	26	2	3	442	250	686	0.0	651	2764712
20a91f3ad6e873ca9ae3d0cb214f3827	gi|2363085330|ref|NR_180913.1|	92.568	444	29	4	1	442	327	768	0.0	634	2697030
20a91f3ad6e873ca9ae3d0cb214f3827	gi|1491520133|ref|NR_159296.1|	92.551	443	31	2	1	442	335	776	0.0	634	433296
20a91f3ad6e873ca9ae3d0cb214f3827	gi|2363086298|ref|NR_181401.1|	92.308	442	31	2	1	442	303	741	9.69e-179	625	2763645
20a91f3ad6e873ca9ae3d0cb214f3827	gi|2136551617|ref|NR_173621.1|	92.081	442	35	0	1	442	354	795	3.48e-178	623	2818044
20a91f3ad6e873ca9ae3d0cb214f3827	gi|265678606|ref|NR_028911.1|	92.099	443	33	2	1	442	335	776	3.48e-178	623	109327
20a91f3ad6e873ca9ae3d0cb214f3827	gi|1116030291|ref|NR_144749.1|	92.117	444	30	5	1	442	347	787	1.25e-177	621	1852367
20a91f3ad6e873ca9ae3d0cb214f3827	gi|2463901899|ref|NR_184630.1|	92.081	442	34	1	1	442	343	783	1.25e-177	621	2839743
20a91f3ad6e873ca9ae3d0cb214f3827	gi|219846440|ref|NR_026031.1|	91.837	441	36	0	2	442	326	766	5.83e-176	616	51123
20a91f3ad6e873ca9ae3d0cb214f3827	gi|265678381|ref|NR_028683.1|	91.685	445	30	7	1	442	328	768	2.71e-174	610	65403
f5c4a99b2fe1f096cad90c318753ef49	gi|343200980|ref|NR_041667.1|	99.570	465	2	0	1	465	320	784	0.0	848	487175
f5c4a99b2fe1f096cad90c318753ef49	gi|631252130|ref|NR_113328.1|	91.649	467	35	4	1	465	332	796	0.0	643	626947
f5c4a99b2fe1f096cad90c318753ef49	gi|631251705|ref|NR_112903.1|	91.649	467	35	4	1	465	312	776	0.0	643	626947
f5c4a99b2fe1f096cad90c318753ef49	gi|2363082296|ref|NR_179395.1|	89.936	467	43	4	1	465	330	794	4.79e-172	603	1506471
f5c4a99b2fe1f096cad90c318753ef49	gi|2136551693|ref|NR_173698.1|	89.507	467	45	4	1	465	318	782	8.01e-170	595	2259133
f5c4a99b2fe1f096cad90c318753ef49	gi|1811131556|ref|NR_165738.1|	89.722	467	44	4	1	465	309	773	2.88e-169	593	2490857
f5c4a99b2fe1f096cad90c318753ef49	gi|1246951785|ref|NR_149789.1|	89.462	465	49	0	1	465	297	761	1.34e-167	588	1783360
f5c4a99b2fe1f096cad90c318753ef49	gi|1246951779|ref|NR_149783.1|	89.507	467	45	4	1	465	337	801	1.34e-167	588	1769758
f5c4a99b2fe1f096cad90c318753ef49	gi|2363086886|ref|NR_181700.1|	89.507	467	45	4	1	465	329	793	1.34e-167	588	2825886
f5c4a99b2fe1f096cad90c318753ef49	gi|2363086884|ref|NR_181699.1|	89.507	467	45	4	1	465	329	793	1.34e-167	588	2825884
6ad4e51a41cac58fcbb649247cc96eea	gi|1109168025|ref|NR_144611.1|	96.840	443	14	0	1	443	282	724	0.0	741	1417852
6ad4e51a41cac58fcbb649247cc96eea	gi|3030611324|ref|NR_200000.1|	95.260	443	21	0	1	443	301	743	0.0	702	3342383
6ad4e51a41cac58fcbb649247cc96eea	gi|2136551692|ref|NR_173697.1|	95.281	445	16	5	1	443	349	790	0.0	701	2108523
6ad4e51a41cac58fcbb649247cc96eea	gi|2363082358|ref|NR_179426.1|	94.607	445	20	4	1	443	349	791	0.0	686	1702285
6ad4e51a41cac58fcbb649247cc96eea	gi|645321636|ref|NR_118554.1|	94.357	443	25	0	1	443	329	771	0.0	680	1297617
6ad4e51a41cac58fcbb649247cc96eea	gi|343198636|ref|NR_043142.1|	94.382	445	21	4	1	443	323	765	0.0	680	292800
6ad4e51a41cac58fcbb649247cc96eea	gi|265679048|ref|NR_029356.1|	94.382	445	21	4	1	443	336	778	0.0	680	292800
6ad4e51a41cac58fcbb649247cc96eea	gi|2363082326|ref|NR_179410.1|	94.157	445	22	4	1	443	349	791	0.0	675	1650661
6ad4e51a41cac58fcbb649247cc96eea	gi|2363082342|ref|NR_179418.1|	93.708	445	24	4	1	443	348	790	0.0	664	1673721
6ad4e51a41cac58fcbb649247cc96eea	gi|1193829127|ref|NR_147370.1|	93.708	445	24	4	1	443	349	791	0.0	664	1870988
c2468e48a7b7f30505c185969331bdc6	gi|3030611230|ref|NR_199906.1|	97.273	440	12	0	1	440	354	793	0.0	747	3123317
c2468e48a7b7f30505c185969331bdc6	gi|3030611314|ref|NR_199990.1|	97.273	440	12	0	1	440	350	789	0.0	747	3123317
c2468e48a7b7f30505c185969331bdc6	gi|2363082679|ref|NR_179587.1|	97.273	440	12	0	1	440	328	767	0.0	747	1926283
c2468e48a7b7f30505c185969331bdc6	gi|1384992332|ref|NR_156081.1|	97.273	440	12	0	1	440	336	775	0.0	747	1469948
c2468e48a7b7f30505c185969331bdc6	gi|1384992331|ref|NR_156080.1|	97.273	440	12	0	1	440	336	775	0.0	747	1469948
c2468e48a7b7f30505c185969331bdc6	gi|1384992329|ref|NR_156078.1|	97.273	440	12	0	1	440	336	775	0.0	747	1469948
c2468e48a7b7f30505c185969331bdc6	gi|1384992328|ref|NR_156077.1|	97.273	440	12	0	1	440	336	775	0.0	747	1469948
c2468e48a7b7f30505c185969331bdc6	gi|2363085097|ref|NR_180797.1|	97.273	440	12	0	1	440	346	785	0.0	747	2605778
c2468e48a7b7f30505c185969331bdc6	gi|2363081854|ref|NR_179173.1|	97.273	440	12	0	1	440	333	772	0.0	747	2126740
c2468e48a7b7f30505c185969331bdc6	gi|2363083601|ref|NR_180048.1|	96.818	440	14	0	1	440	338	777	0.0	736	253257
9bc94de364a1e3675990f04586532800	gi|672239004|ref|NR_125593.1|	97.629	464	11	0	1	464	338	801	0.0	797	1034346
9bc94de364a1e3675990f04586532800	gi|1193829126|ref|NR_147369.1|	90.812	468	35	8	1	464	341	804	4.74e-177	619	1903263
9bc94de364a1e3675990f04586532800	gi|645320615|ref|NR_117779.1|	90.578	467	33	8	1	464	333	791	1.03e-173	608	118967
9bc94de364a1e3675990f04586532800	gi|559795259|ref|NR_104850.1|	90.578	467	33	8	1	464	323	781	1.03e-173	608	118967
9bc94de364a1e3675990f04586532800	gi|672239039|ref|NR_125628.1|	90.108	465	44	2	1	464	336	799	4.78e-172	603	1211819
9bc94de364a1e3675990f04586532800	gi|1179766737|ref|NR_146687.1|	89.574	470	37	11	1	464	350	813	4.81e-167	586	265178
9bc94de364a1e3675990f04586532800	gi|265679027|ref|NR_029335.1|	89.462	465	47	2	1	464	250	713	4.81e-167	586	61171
9bc94de364a1e3675990f04586532800	gi|265678858|ref|NR_029164.1|	89.247	465	48	2	1	464	349	812	6.22e-166	582	1522
9bc94de364a1e3675990f04586532800	gi|343200150|ref|NR_040837.1|	88.486	469	44	9	1	464	339	802	1.05e-158	558	1648
9bc94de364a1e3675990f04586532800	gi|1109168031|ref|NR_144614.1|	88.147	464	55	0	1	464	288	751	4.88e-157	553	1796635
efa87e097be958646ef4f04b5d2a7c18	gi|265678493|ref|NR_028796.1|	98.710	465	6	0	1	465	358	822	0.0	826	135083
efa87e097be958646ef4f04b5d2a7c18	gi|631252191|ref|NR_113389.1|	96.559	465	16	0	1	465	260	724	0.0	771	135080
efa87e097be958646ef4f04b5d2a7c18	gi|2363086132|ref|NR_181318.1|	96.344	465	17	0	1	465	354	818	0.0	765	2754044
efa87e097be958646ef4f04b5d2a7c18	gi|265678494|ref|NR_028797.1|	96.129	465	18	0	1	465	356	820	0.0	760	135082
efa87e097be958646ef4f04b5d2a7c18	gi|343201193|ref|NR_041950.1|	95.699	465	20	0	1	465	326	790	0.0	754	888060
efa87e097be958646ef4f04b5d2a7c18	gi|343201106|ref|NR_041805.1|	95.494	466	19	2	1	465	361	825	0.0	747	135079
efa87e097be958646ef4f04b5d2a7c18	gi|2363082709|ref|NR_179602.1|	94.850	466	22	2	1	465	333	797	0.0	726	1944634
efa87e097be958646ef4f04b5d2a7c18	gi|343201107|ref|NR_041806.1|	94.409	465	26	0	1	465	355	819	0.0	726	638302
efa87e097be958646ef4f04b5d2a7c18	gi|636559600|ref|NR_115660.1|	92.405	474	26	10	1	465	270	742	0.0	675	888060
efa87e097be958646ef4f04b5d2a7c18	gi|343206145|ref|NR_044734.1|	92.688	465	34	0	1	465	358	822	0.0	673	971
d6010accd52de62166fc4adbab8657b4	gi|1277396189|ref|NR_151900.1|	99.091	440	4	0	1	440	351	790	0.0	791	1550024
d6010accd52de62166fc4adbab8657b4	gi|2962412223|ref|NR_199417.1|	93.468	444	21	8	1	440	342	781	0.0	652	3136601
d6010accd52de62166fc4adbab8657b4	gi|559795255|ref|NR_104846.1|	93.409	440	29	0	1	440	288	727	0.0	652	745368
d6010accd52de62166fc4adbab8657b4	gi|1397641802|ref|NR_156911.1|	93.197	441	28	2	1	440	351	790	0.0	647	1650663
d6010accd52de62166fc4adbab8657b4	gi|2363084747|ref|NR_180622.1|	93.182	440	30	0	1	440	335	774	0.0	647	2779354
d6010accd52de62166fc4adbab8657b4	gi|265678692|ref|NR_028997.1|	92.971	441	30	1	1	440	303	743	0.0	641	214851
d6010accd52de62166fc4adbab8657b4	gi|2363080123|ref|NR_178280.1|	92.045	440	35	0	1	440	331	770	4.48e-177	619	411483
d6010accd52de62166fc4adbab8657b4	gi|3030611269|ref|NR_199945.1|	91.818	440	36	0	1	440	335	774	2.09e-175	614	3435293
d6010accd52de62166fc4adbab8657b4	gi|265678656|ref|NR_028961.1|	91.818	440	36	0	1	440	327	766	2.09e-175	614	853
d6010accd52de62166fc4adbab8657b4	gi|2363081449|ref|NR_178971.1|	91.818	440	35	1	1	440	285	723	7.50e-175	612	1851427
893df6f5e906449e5116e8df65b6f07a	gi|2136551628|ref|NR_173632.1|	96.818	440	14	0	1	440	301	740	0.0	736	2068655
893df6f5e906449e5116e8df65b6f07a	gi|1384992332|ref|NR_156081.1|	96.591	440	15	0	1	440	336	775	0.0	730	1469948
893df6f5e906449e5116e8df65b6f07a	gi|1384992329|ref|NR_156078.1|	96.591	440	15	0	1	440	336	775	0.0	730	1469948
893df6f5e906449e5116e8df65b6f07a	gi|3030611230|ref|NR_199906.1|	96.364	440	16	0	1	440	354	793	0.0	725	3123317
893df6f5e906449e5116e8df65b6f07a	gi|3030611314|ref|NR_199990.1|	96.364	440	16	0	1	440	350	789	0.0	725	3123317
893df6f5e906449e5116e8df65b6f07a	gi|1384992331|ref|NR_156080.1|	96.364	440	16	0	1	440	336	775	0.0	725	1469948
893df6f5e906449e5116e8df65b6f07a	gi|1384992328|ref|NR_156077.1|	96.364	440	16	0	1	440	336	775	0.0	725	1469948
893df6f5e906449e5116e8df65b6f07a	gi|2363086292|ref|NR_181398.1|	96.364	440	16	0	1	440	299	738	0.0	725	2763667
893df6f5e906449e5116e8df65b6f07a	gi|2363082679|ref|NR_179587.1|	96.136	440	17	0	1	440	328	767	0.0	719	1926283
893df6f5e906449e5116e8df65b6f07a	gi|2363081854|ref|NR_179173.1|	96.136	440	17	0	1	440	333	772	0.0	719	2126740
0fbcc900bf86ba0e568fab670037f5db	gi|2363082170|ref|NR_179331.1|	99.097	443	3	1	1	442	328	770	0.0	795	2714358
0fbcc900bf86ba0e568fab670037f5db	gi|2260349448|ref|NR_176530.1|	95.023	442	22	0	1	442	358	799	0.0	695	2093857
0fbcc900bf86ba0e568fab670037f5db	gi|2363082559|ref|NR_179526.1|	95.023	442	22	0	1	442	349	790	0.0	695	1841866
0fbcc900bf86ba0e568fab670037f5db	gi|645321110|ref|NR_118156.1|	93.213	442	30	0	1	442	304	745	0.0	651	1007096
0fbcc900bf86ba0e568fab670037f5db	gi|2363087001|ref|NR_181757.1|	93.018	444	27	4	1	442	289	730	0.0	645	2841504
0fbcc900bf86ba0e568fab670037f5db	gi|2363082569|ref|NR_179531.1|	92.986	442	31	0	1	442	347	788	0.0	645	1852369
0fbcc900bf86ba0e568fab670037f5db	gi|2363082168|ref|NR_179330.1|	92.986	442	31	0	1	442	327	768	0.0	645	2714355
0fbcc900bf86ba0e568fab670037f5db	gi|2962412234|ref|NR_199428.1|	92.986	442	31	0	1	442	352	793	0.0	645	3073143
0fbcc900bf86ba0e568fab670037f5db	gi|2363082165|ref|NR_179329.1|	92.760	442	32	0	1	442	327	768	0.0	640	2714353
0fbcc900bf86ba0e568fab670037f5db	gi|1269801610|ref|NR_074793.2|	92.308	442	34	0	1	442	355	796	7.49e-180	628	351091
b754f390b2dc7bc18b432f0c9cc1cc60	gi|343206380|ref|NR_044972.1|	91.874	443	36	0	1	443	331	773	3.49e-178	623	44749
b754f390b2dc7bc18b432f0c9cc1cc60	gi|219857437|ref|NR_025025.1|	91.892	444	32	4	1	443	332	772	3.49e-178	623	100176
b754f390b2dc7bc18b432f0c9cc1cc60	gi|1109168025|ref|NR_144611.1|	91.648	443	37	0	1	443	282	724	2.10e-175	614	1417852
b754f390b2dc7bc18b432f0c9cc1cc60	gi|2363082168|ref|NR_179330.1|	91.648	443	36	1	1	443	327	768	7.56e-175	612	2714355
b754f390b2dc7bc18b432f0c9cc1cc60	gi|1491516029|ref|NR_159227.1|	91.422	443	35	2	1	443	351	790	1.26e-172	604	1981510
b754f390b2dc7bc18b432f0c9cc1cc60	gi|645321636|ref|NR_118554.1|	91.011	445	36	4	1	443	329	771	2.12e-170	597	1297617
b754f390b2dc7bc18b432f0c9cc1cc60	gi|2363082165|ref|NR_179329.1|	90.971	443	39	1	1	443	327	768	7.61e-170	595	2714353
b754f390b2dc7bc18b432f0c9cc1cc60	gi|219846612|ref|NR_026204.1|	90.787	445	37	4	1	443	328	770	2.74e-169	593	47246
b754f390b2dc7bc18b432f0c9cc1cc60	gi|444304204|ref|NR_074629.1|	90.745	443	41	0	1	443	341	783	9.85e-169	592	1515
b754f390b2dc7bc18b432f0c9cc1cc60	gi|631251959|ref|NR_113157.1|	90.745	443	41	0	1	443	341	783	9.85e-169	592	1515
ce0e1580577cd52388af2ec2b8725653	gi|2363082358|ref|NR_179426.1|	99.097	443	4	0	1	443	349	791	0.0	797	1702285
ce0e1580577cd52388af2ec2b8725653	gi|2136551692|ref|NR_173697.1|	98.194	443	7	1	1	443	349	790	0.0	773	2108523
ce0e1580577cd52388af2ec2b8725653	gi|1193829127|ref|NR_147370.1|	96.388	443	16	0	1	443	349	791	0.0	730	1870988
ce0e1580577cd52388af2ec2b8725653	gi|2363082326|ref|NR_179410.1|	96.163	443	17	0	1	443	349	791	0.0	725	1650661
ce0e1580577cd52388af2ec2b8725653	gi|3030611323|ref|NR_199999.1|	95.937	443	18	0	1	443	301	743	0.0	719	3133422
ce0e1580577cd52388af2ec2b8725653	gi|219846080|ref|NR_025670.1|	95.937	443	18	0	1	443	329	771	0.0	719	411467
ce0e1580577cd52388af2ec2b8725653	gi|2363084741|ref|NR_180619.1|	95.711	443	19	0	1	443	347	789	0.0	713	2779352
ce0e1580577cd52388af2ec2b8725653	gi|343198636|ref|NR_043142.1|	95.485	443	20	0	1	443	323	765	0.0	708	292800
ce0e1580577cd52388af2ec2b8725653	gi|265679048|ref|NR_029356.1|	95.485	443	20	0	1	443	336	778	0.0	708	292800
ce0e1580577cd52388af2ec2b8725653	gi|2363082342|ref|NR_179418.1|	95.260	443	21	0	1	443	348	790	0.0	702	1673721
1cbd6ef312fb6e83c3d41318ced45633	gi|631251702|ref|NR_112900.1|	99.323	443	3	0	1	443	341	783	0.0	802	626937
1cbd6ef312fb6e83c3d41318ced45633	gi|2363081417|ref|NR_178955.1|	98.194	443	8	0	1	443	288	730	0.0	774	1851429
1cbd6ef312fb6e83c3d41318ced45633	gi|1116030284|ref|NR_144742.1|	97.748	444	8	2	1	443	352	794	0.0	763	1805714
1cbd6ef312fb6e83c3d41318ced45633	gi|1116030285|ref|NR_144743.1|	97.065	443	13	0	1	443	352	794	0.0	747	1816678
1cbd6ef312fb6e83c3d41318ced45633	gi|636559212|ref|NR_115269.1|	97.065	443	13	0	1	443	332	774	0.0	747	270498
1cbd6ef312fb6e83c3d41318ced45633	gi|2363086270|ref|NR_181387.1|	93.228	443	29	1	1	443	302	743	0.0	651	2763656
1cbd6ef312fb6e83c3d41318ced45633	gi|2363086268|ref|NR_181386.1|	93.002	443	31	0	1	443	303	745	0.0	647	2763655
1cbd6ef312fb6e83c3d41318ced45633	gi|636559633|ref|NR_115693.1|	90.971	443	38	2	1	443	442	882	7.61e-170	595	694434
1cbd6ef312fb6e83c3d41318ced45633	gi|636559632|ref|NR_115692.1|	90.971	443	38	2	1	443	442	882	7.61e-170	595	694434
1cbd6ef312fb6e83c3d41318ced45633	gi|636559631|ref|NR_115691.1|	90.971	443	38	2	1	443	436	876	7.61e-170	595	694434
1e3992320023ef86a2c431a2d1a6dadd	gi|1116030291|ref|NR_144749.1|	93.213	442	26	4	1	439	347	787	0.0	647	1852367
1e3992320023ef86a2c431a2d1a6dadd	gi|1116030279|ref|NR_144737.1|	93.228	443	25	3	1	439	347	788	0.0	647	1776384
1e3992320023ef86a2c431a2d1a6dadd	gi|265678606|ref|NR_028911.1|	92.308	442	31	1	1	439	335	776	9.62e-179	625	109327
1e3992320023ef86a2c431a2d1a6dadd	gi|1491520133|ref|NR_159296.1|	92.099	443	30	3	1	439	335	776	4.47e-177	619	433296
1e3992320023ef86a2c431a2d1a6dadd	gi|2136551617|ref|NR_173621.1|	91.648	443	32	3	1	439	354	795	9.68e-174	608	2818044
1e3992320023ef86a2c431a2d1a6dadd	gi|2363086298|ref|NR_181401.1|	91.591	440	35	2	1	439	303	741	3.48e-173	606	2763645
1e3992320023ef86a2c431a2d1a6dadd	gi|2363086296|ref|NR_181400.1|	91.304	437	38	0	3	439	250	686	5.83e-171	599	2764712
1e3992320023ef86a2c431a2d1a6dadd	gi|2363085330|ref|NR_180913.1|	91.196	443	34	3	1	439	327	768	2.10e-170	597	2697030
1e3992320023ef86a2c431a2d1a6dadd	gi|219878150|ref|NR_025289.1|	90.971	443	35	3	1	439	321	762	9.75e-169	592	888727
1e3992320023ef86a2c431a2d1a6dadd	gi|2463901899|ref|NR_184630.1|	90.724	442	37	3	1	439	343	783	4.54e-167	586	2839743
5fd898c0ea6cb812bb89c1caf169bba5	gi|3248465644|ref|NR_201656.1|	96.145	441	16	1	1	441	329	768	0.0	719	3417633
5fd898c0ea6cb812bb89c1caf169bba5	gi|507148077|ref|NR_102884.1|	94.331	441	24	1	1	441	331	770	0.0	675	213810
5fd898c0ea6cb812bb89c1caf169bba5	gi|444303976|ref|NR_074399.1|	94.331	441	24	1	1	441	333	772	0.0	675	697329
5fd898c0ea6cb812bb89c1caf169bba5	gi|631251834|ref|NR_113032.1|	94.331	441	24	1	1	441	333	772	0.0	675	1264
5fd898c0ea6cb812bb89c1caf169bba5	gi|636559173|ref|NR_115230.1|	94.331	441	24	1	1	441	333	772	0.0	675	697329
5fd898c0ea6cb812bb89c1caf169bba5	gi|219846339|ref|NR_025929.1|	94.331	441	24	1	1	441	328	767	0.0	675	697329
5fd898c0ea6cb812bb89c1caf169bba5	gi|2363082601|ref|NR_179547.1|	94.104	441	25	1	1	441	347	786	0.0	669	1870991
5fd898c0ea6cb812bb89c1caf169bba5	gi|636558832|ref|NR_114889.1|	94.104	441	24	2	1	441	277	715	0.0	669	213810
5fd898c0ea6cb812bb89c1caf169bba5	gi|3248465648|ref|NR_201660.1|	93.424	441	28	1	1	441	319	758	0.0	652	3417630
5fd898c0ea6cb812bb89c1caf169bba5	gi|265679047|ref|NR_029355.1|	92.971	441	30	1	1	441	332	771	0.0	641	84026
fadd745f82f92d47cf5b8d17bf03b9da	gi|1491516029|ref|NR_159227.1|	90.249	441	41	2	1	440	351	790	9.85e-164	575	1981510
fadd745f82f92d47cf5b8d17bf03b9da	gi|265678656|ref|NR_028961.1|	90.249	441	41	2	1	440	327	766	9.85e-164	575	853
fadd745f82f92d47cf5b8d17bf03b9da	gi|2363082282|ref|NR_179388.1|	90.045	442	40	4	1	440	335	774	4.58e-162	569	2935520
fadd745f82f92d47cf5b8d17bf03b9da	gi|2363081451|ref|NR_178972.1|	90.023	441	42	2	1	440	285	724	4.58e-162	569	1851428
fadd745f82f92d47cf5b8d17bf03b9da	gi|2363082168|ref|NR_179330.1|	89.819	442	43	2	1	440	327	768	5.93e-161	566	2714355
fadd745f82f92d47cf5b8d17bf03b9da	gi|219846327|ref|NR_025917.1|	89.796	441	42	3	1	440	309	747	7.67e-160	562	35830
fadd745f82f92d47cf5b8d17bf03b9da	gi|2363082165|ref|NR_179329.1|	89.593	442	44	2	1	440	327	768	2.76e-159	560	2714353
fadd745f82f92d47cf5b8d17bf03b9da	gi|2363080123|ref|NR_178280.1|	89.569	441	44	2	1	440	331	770	9.92e-159	558	411483
fadd745f82f92d47cf5b8d17bf03b9da	gi|343200549|ref|NR_041236.1|	89.640	444	39	7	1	440	321	761	9.92e-159	558	1122184
fadd745f82f92d47cf5b8d17bf03b9da	gi|219846512|ref|NR_026104.1|	89.414	444	42	4	1	440	312	754	1.28e-157	555	1121303
96a09e813fd2882d568b98de9594d1bf	gi|265678854|ref|NR_029160.1|	99.318	440	3	0	1	440	293	732	0.0	797	40519
96a09e813fd2882d568b98de9594d1bf	gi|507148077|ref|NR_102884.1|	95.023	442	18	4	1	440	331	770	0.0	691	213810
96a09e813fd2882d568b98de9594d1bf	gi|219846341|ref|NR_025931.1|	95.023	442	18	4	1	440	308	747	0.0	691	1265
96a09e813fd2882d568b98de9594d1bf	gi|636558832|ref|NR_114889.1|	94.344	442	20	5	1	440	277	715	0.0	673	213810
96a09e813fd2882d568b98de9594d1bf	gi|3248465648|ref|NR_201660.1|	94.131	443	20	5	1	440	319	758	0.0	669	3417630
96a09e813fd2882d568b98de9594d1bf	gi|3248465644|ref|NR_201656.1|	93.182	440	30	0	1	440	329	768	0.0	647	3417633
96a09e813fd2882d568b98de9594d1bf	gi|1864207164|ref|NR_169458.1|	92.081	442	31	4	1	440	345	784	4.48e-177	619	2164149
96a09e813fd2882d568b98de9594d1bf	gi|2363082601|ref|NR_179547.1|	91.403	442	34	4	1	440	347	786	4.52e-172	603	1870991
96a09e813fd2882d568b98de9594d1bf	gi|444303976|ref|NR_074399.1|	91.136	440	39	0	1	440	333	772	2.10e-170	597	697329
96a09e813fd2882d568b98de9594d1bf	gi|631251834|ref|NR_113032.1|	91.136	440	39	0	1	440	333	772	2.10e-170	597	1264
24a9856490b684dbfa0019e0c12dfbbf	gi|645321785|ref|NR_118670.1|	98.182	440	8	0	1	440	357	796	0.0	776	39496
24a9856490b684dbfa0019e0c12dfbbf	gi|631250892|ref|NR_112089.1|	94.773	440	23	0	1	440	336	775	0.0	686	553973
24a9856490b684dbfa0019e0c12dfbbf	gi|224581401|ref|NR_024719.1|	94.773	440	22	1	1	440	341	779	0.0	684	89153
24a9856490b684dbfa0019e0c12dfbbf	gi|1397641798|ref|NR_156907.1|	94.558	441	22	2	1	440	348	787	0.0	680	1912855
24a9856490b684dbfa0019e0c12dfbbf	gi|559795252|ref|NR_104842.1|	94.545	440	24	0	1	440	345	784	0.0	680	39495
24a9856490b684dbfa0019e0c12dfbbf	gi|219857617|ref|NR_025206.1|	94.545	440	24	0	1	440	314	753	0.0	680	180286
24a9856490b684dbfa0019e0c12dfbbf	gi|1040567056|ref|NR_137405.1|	94.318	440	25	0	1	440	307	746	0.0	675	1619234
24a9856490b684dbfa0019e0c12dfbbf	gi|1109168027|ref|NR_144612.1|	94.104	441	24	2	1	440	350	789	0.0	669	1796636
24a9856490b684dbfa0019e0c12dfbbf	gi|1109168038|ref|NR_144617.1|	94.104	441	24	2	1	440	340	779	0.0	669	1796634
24a9856490b684dbfa0019e0c12dfbbf	gi|1109168023|ref|NR_144610.1|	94.091	440	26	0	1	440	339	778	0.0	669	1796622
f939de3277a3b1e1ec162a8d134c8450	gi|219846272|ref|NR_025862.1|	98.710	465	6	0	1	465	341	805	0.0	830	46124
f939de3277a3b1e1ec162a8d134c8450	gi|2363084808|ref|NR_180652.1|	97.204	465	13	0	1	465	331	795	0.0	787	2714946
f939de3277a3b1e1ec162a8d134c8450	gi|219846862|ref|NR_026454.1|	97.009	468	10	4	1	465	316	782	0.0	784	137733
f939de3277a3b1e1ec162a8d134c8450	gi|219846875|ref|NR_026467.1|	96.989	465	14	0	1	465	323	787	0.0	782	81947
f939de3277a3b1e1ec162a8d134c8450	gi|2363086603|ref|NR_181558.1|	96.774	465	15	0	1	465	340	804	0.0	776	2794353
f939de3277a3b1e1ec162a8d134c8450	gi|219878221|ref|NR_025360.1|	96.774	465	15	0	1	465	329	793	0.0	776	120370
f939de3277a3b1e1ec162a8d134c8450	gi|1384992327|ref|NR_156076.1|	96.574	467	12	4	1	465	338	802	0.0	771	1889241
f939de3277a3b1e1ec162a8d134c8450	gi|2363086605|ref|NR_181559.1|	96.559	465	16	0	1	465	339	803	0.0	771	2794352
f939de3277a3b1e1ec162a8d134c8450	gi|343201680|ref|NR_042406.1|	96.559	465	16	0	1	465	332	796	0.0	771	332950
f939de3277a3b1e1ec162a8d134c8450	gi|343206347|ref|NR_044939.1|	96.559	465	16	0	1	465	325	789	0.0	771	2739
7f0483100dff94d18a51821ee9b7fcac	gi|219857122|ref|NR_024750.1|	99.093	441	3	1	1	440	300	740	0.0	793	116085
7f0483100dff94d18a51821ee9b7fcac	gi|2363080283|ref|NR_178367.1|	95.682	440	19	0	1	440	328	767	0.0	708	673271
7f0483100dff94d18a51821ee9b7fcac	gi|219878251|ref|NR_025390.1|	95.227	440	21	0	1	440	330	769	0.0	697	115544
7f0483100dff94d18a51821ee9b7fcac	gi|1040567056|ref|NR_137405.1|	95.000	440	22	0	1	440	307	746	0.0	691	1619234
7f0483100dff94d18a51821ee9b7fcac	gi|1109168027|ref|NR_144612.1|	94.773	440	23	0	1	440	350	789	0.0	686	1796636
7f0483100dff94d18a51821ee9b7fcac	gi|3248465643|ref|NR_201655.1|	94.570	442	20	4	1	440	313	752	0.0	680	3380807
7f0483100dff94d18a51821ee9b7fcac	gi|3030611230|ref|NR_199906.1|	94.545	440	24	0	1	440	354	793	0.0	680	3123317
7f0483100dff94d18a51821ee9b7fcac	gi|3030611314|ref|NR_199990.1|	94.545	440	24	0	1	440	350	789	0.0	680	3123317
7f0483100dff94d18a51821ee9b7fcac	gi|2136551567|ref|NR_173570.1|	94.570	442	20	4	1	440	330	769	0.0	680	1912090
7f0483100dff94d18a51821ee9b7fcac	gi|1384992332|ref|NR_156081.1|	94.545	440	24	0	1	440	336	775	0.0	680	1469948
9ab0eff477e32295c425ba3b0b12af6b	gi|2962412221|ref|NR_199415.1|	99.545	440	2	0	1	440	338	777	0.0	802	3136600
9ab0eff477e32295c425ba3b0b12af6b	gi|2363084846|ref|NR_180671.1|	98.409	440	7	0	1	440	63	502	0.0	774	2594882
9ab0eff477e32295c425ba3b0b12af6b	gi|2363082374|ref|NR_179434.1|	97.727	440	10	0	1	440	349	788	0.0	758	1720300
9ab0eff477e32295c425ba3b0b12af6b	gi|310974914|ref|NR_036777.1|	97.260	438	12	0	1	438	333	770	0.0	745	33039
9ab0eff477e32295c425ba3b0b12af6b	gi|2363082679|ref|NR_179587.1|	96.818	440	14	0	1	440	328	767	0.0	736	1926283
9ab0eff477e32295c425ba3b0b12af6b	gi|2363081854|ref|NR_179173.1|	96.818	440	14	0	1	440	333	772	0.0	736	2126740
9ab0eff477e32295c425ba3b0b12af6b	gi|2363082819|ref|NR_179658.1|	96.591	440	15	0	1	440	353	792	0.0	730	2086584
9ab0eff477e32295c425ba3b0b12af6b	gi|636560687|ref|NR_116747.1|	96.364	440	16	0	1	440	301	740	0.0	725	1298596
9ab0eff477e32295c425ba3b0b12af6b	gi|3248465636|ref|NR_201647.1|	96.136	440	17	0	1	440	300	739	0.0	719	3380806
9ab0eff477e32295c425ba3b0b12af6b	gi|1116030277|ref|NR_144735.1|	96.136	440	17	0	1	440	350	789	0.0	719	1745713
368dcdefce6c5d1482dfc1adf0dffc2b	gi|343205972|ref|NR_044491.1|	98.482	461	7	0	1	461	327	787	0.0	813	501496
368dcdefce6c5d1482dfc1adf0dffc2b	gi|631252030|ref|NR_113228.1|	98.265	461	8	0	1	461	339	799	0.0	808	501496
368dcdefce6c5d1482dfc1adf0dffc2b	gi|631251892|ref|NR_113090.1|	88.985	463	46	5	1	461	329	788	1.73e-161	568	1122975
368dcdefce6c5d1482dfc1adf0dffc2b	gi|343202829|ref|NR_043312.1|	88.985	463	46	5	1	461	326	785	1.73e-161	568	1122975
368dcdefce6c5d1482dfc1adf0dffc2b	gi|631251891|ref|NR_113089.1|	87.742	465	48	6	1	461	339	798	1.76e-151	534	1122973
368dcdefce6c5d1482dfc1adf0dffc2b	gi|636560750|ref|NR_116810.1|	87.742	465	48	6	1	461	304	763	1.76e-151	534	1122973
368dcdefce6c5d1482dfc1adf0dffc2b	gi|219846317|ref|NR_025907.1|	87.554	466	47	8	1	461	346	805	2.27e-150	531	1122973
368dcdefce6c5d1482dfc1adf0dffc2b	gi|559795100|ref|NR_104686.1|	86.797	462	58	3	1	461	339	798	8.22e-145	512	36875
368dcdefce6c5d1482dfc1adf0dffc2b	gi|1018196564|ref|NR_136443.1|	84.979	466	60	10	1	461	300	760	2.34e-130	464	867595
368dcdefce6c5d1482dfc1adf0dffc2b	gi|2221405216|ref|NR_175436.1|	84.632	462	68	3	1	461	316	775	3.91e-128	457	712710
3f89f4b500c56d497ffb23089fe924eb	gi|2363082366|ref|NR_179430.1|	99.318	440	3	0	1	440	351	790	0.0	797	1720313
3f89f4b500c56d497ffb23089fe924eb	gi|2363082601|ref|NR_179547.1|	91.156	441	37	2	1	440	347	786	2.10e-170	597	1870991
3f89f4b500c56d497ffb23089fe924eb	gi|2363082755|ref|NR_179626.1|	90.498	442	37	5	1	440	351	789	7.61e-165	579	1987501
3f89f4b500c56d497ffb23089fe924eb	gi|343202572|ref|NR_042930.1|	90.455	440	41	1	1	440	366	804	7.61e-165	579	258515
3f89f4b500c56d497ffb23089fe924eb	gi|343205927|ref|NR_044425.1|	90.249	441	41	2	1	440	346	785	9.85e-164	575	474960
3f89f4b500c56d497ffb23089fe924eb	gi|265679047|ref|NR_029355.1|	90.227	440	43	0	1	440	332	771	9.85e-164	575	84026
3f89f4b500c56d497ffb23089fe924eb	gi|1445136071|ref|NR_158111.1|	90.271	442	38	5	1	440	349	787	3.54e-163	573	2038680
3f89f4b500c56d497ffb23089fe924eb	gi|2363082585|ref|NR_179539.1|	90.271	442	38	5	1	440	351	789	3.54e-163	573	1852384
3f89f4b500c56d497ffb23089fe924eb	gi|444303910|ref|NR_074333.1|	90.090	444	38	6	1	440	323	764	1.27e-162	571	663278
3f89f4b500c56d497ffb23089fe924eb	gi|343202504|ref|NR_042828.1|	90.090	444	38	6	1	440	323	764	1.27e-162	571	663278
9d4d3df1ddd5075d33d370ed38b35bfa	gi|265678656|ref|NR_028961.1|	92.517	441	31	2	1	440	327	766	2.07e-180	630	853
9d4d3df1ddd5075d33d370ed38b35bfa	gi|2363081451|ref|NR_178972.1|	92.290	441	32	2	1	440	285	724	9.64e-179	625	1851428
9d4d3df1ddd5075d33d370ed38b35bfa	gi|2363080123|ref|NR_178280.1|	92.290	441	32	2	1	440	331	770	9.64e-179	625	411483
9d4d3df1ddd5075d33d370ed38b35bfa	gi|3030611269|ref|NR_199945.1|	92.063	441	33	2	1	440	335	774	4.48e-177	619	3435293
9d4d3df1ddd5075d33d370ed38b35bfa	gi|2363082282|ref|NR_179388.1|	91.855	442	32	4	1	440	335	774	2.09e-175	614	2935520
9d4d3df1ddd5075d33d370ed38b35bfa	gi|2363081449|ref|NR_178971.1|	91.837	441	33	3	1	440	285	723	7.50e-175	612	1851427
9d4d3df1ddd5075d33d370ed38b35bfa	gi|343198925|ref|NR_044049.1|	91.216	444	31	8	1	440	316	755	2.10e-170	597	33043
9d4d3df1ddd5075d33d370ed38b35bfa	gi|2363080175|ref|NR_178311.1|	90.476	441	40	2	1	440	412	851	2.12e-165	580	2903556
9d4d3df1ddd5075d33d370ed38b35bfa	gi|566085050|ref|NR_108636.1|	89.342	441	45	2	1	440	348	787	4.61e-157	553	682400
9d4d3df1ddd5075d33d370ed38b35bfa	gi|219878251|ref|NR_025390.1|	89.091	440	48	0	1	440	330	769	2.15e-155	547	115544
c65c93bfc9fa25dfe6603a8f9aac5250	gi|3248465687|ref|NR_201701.1|	94.820	444	18	3	1	440	330	772	0.0	688	3435187
c65c93bfc9fa25dfe6603a8f9aac5250	gi|3248465688|ref|NR_201702.1|	94.820	444	18	3	1	440	328	770	0.0	688	3435000
c65c93bfc9fa25dfe6603a8f9aac5250	gi|1109168013|ref|NR_144605.1|	94.545	440	24	0	1	440	367	806	0.0	680	1796620
c65c93bfc9fa25dfe6603a8f9aac5250	gi|2836274967|ref|NR_197730.1|	94.091	440	26	0	1	440	312	751	0.0	669	3093658
c65c93bfc9fa25dfe6603a8f9aac5250	gi|1116030278|ref|NR_144736.1|	94.091	440	26	0	1	440	360	799	0.0	669	1776382
c65c93bfc9fa25dfe6603a8f9aac5250	gi|1146059197|ref|NR_145929.1|	93.919	444	23	2	1	440	319	762	0.0	667	642589
c65c93bfc9fa25dfe6603a8f9aac5250	gi|2836274966|ref|NR_197729.1|	93.864	440	27	0	1	440	304	743	0.0	664	3093657
c65c93bfc9fa25dfe6603a8f9aac5250	gi|636558732|ref|NR_114789.1|	93.864	440	27	0	1	440	347	786	0.0	664	1535
c65c93bfc9fa25dfe6603a8f9aac5250	gi|2836274968|ref|NR_197731.1|	93.636	440	28	0	1	440	306	745	0.0	658	3093659
c65c93bfc9fa25dfe6603a8f9aac5250	gi|1116030269|ref|NR_144727.1|	93.665	442	24	4	1	440	335	774	0.0	658	1673717
efa16b01a3e4ec137b8d845b00aa5fa3	gi|2363085169|ref|NR_180833.1|	94.091	440	26	0	1	440	337	776	0.0	669	2606635
efa16b01a3e4ec137b8d845b00aa5fa3	gi|2363084846|ref|NR_180671.1|	93.636	440	28	0	1	440	63	502	0.0	658	2594882
efa16b01a3e4ec137b8d845b00aa5fa3	gi|2962412221|ref|NR_199415.1|	93.636	440	28	0	1	440	338	777	0.0	658	3136600
efa16b01a3e4ec137b8d845b00aa5fa3	gi|2363086310|ref|NR_181407.1|	93.636	440	28	0	1	440	355	794	0.0	658	2850323
efa16b01a3e4ec137b8d845b00aa5fa3	gi|2363086308|ref|NR_181406.1|	93.636	440	28	0	1	440	357	796	0.0	658	2850322
efa16b01a3e4ec137b8d845b00aa5fa3	gi|1441204227|ref|NR_157642.1|	93.409	440	29	0	1	440	301	740	0.0	652	1653435
efa16b01a3e4ec137b8d845b00aa5fa3	gi|645319776|ref|NR_117142.1|	93.424	441	27	2	1	440	347	786	0.0	652	290055
efa16b01a3e4ec137b8d845b00aa5fa3	gi|645319775|ref|NR_117141.1|	93.424	441	27	2	1	440	347	786	0.0	652	290055
efa16b01a3e4ec137b8d845b00aa5fa3	gi|645319774|ref|NR_117140.1|	93.424	441	27	2	1	440	348	787	0.0	652	290055
efa16b01a3e4ec137b8d845b00aa5fa3	gi|559795211|ref|NR_104800.1|	93.424	441	27	2	1	440	346	785	0.0	652	290055
aa72b55fd2175989092e3c3da2476259	gi|559795099|ref|NR_104685.1|	99.140	465	4	0	1	465	335	799	0.0	837	539
aa72b55fd2175989092e3c3da2476259	gi|1909404378|ref|NR_170431.1|	98.280	465	8	0	1	465	290	754	0.0	815	1795832
aa72b55fd2175989092e3c3da2476259	gi|2363084376|ref|NR_180436.1|	97.204	465	13	0	1	465	334	798	0.0	787	2528037
aa72b55fd2175989092e3c3da2476259	gi|1909404379|ref|NR_170432.1|	96.989	465	14	0	1	465	312	776	0.0	782	1795827
aa72b55fd2175989092e3c3da2476259	gi|2221405491|ref|NR_175550.1|	96.989	465	14	0	1	465	314	778	0.0	782	2766967
aa72b55fd2175989092e3c3da2476259	gi|602269364|ref|NR_044658.2|	96.774	465	15	0	1	465	335	799	0.0	780	888741
aa72b55fd2175989092e3c3da2476259	gi|645321819|ref|NR_118696.1|	95.699	465	20	0	1	465	341	805	0.0	778	539
aa72b55fd2175989092e3c3da2476259	gi|559795351|ref|NR_104944.1|	95.484	465	21	0	1	465	275	739	0.0	743	90367
aa72b55fd2175989092e3c3da2476259	gi|2363080287|ref|NR_178369.1|	95.054	465	23	0	1	465	285	749	0.0	732	689665
aa72b55fd2175989092e3c3da2476259	gi|219846303|ref|NR_025893.1|	94.839	465	24	0	1	465	338	802	0.0	732	214482
c6edd0cc62dff56f2e21274482592186	gi|1277396348|ref|NR_152059.1|	94.796	442	20	2	1	439	272	713	0.0	686	1849041
c6edd0cc62dff56f2e21274482592186	gi|2363082561|ref|NR_179527.1|	94.796	442	20	2	1	439	336	777	0.0	686	1841868
c6edd0cc62dff56f2e21274482592186	gi|1445136071|ref|NR_158111.1|	94.761	439	23	0	1	439	349	787	0.0	684	2038680
c6edd0cc62dff56f2e21274482592186	gi|2363082585|ref|NR_179539.1|	94.305	439	25	0	1	439	351	789	0.0	673	1852384
c6edd0cc62dff56f2e21274482592186	gi|343205927|ref|NR_044425.1|	94.091	440	25	1	1	439	346	785	0.0	667	474960
c6edd0cc62dff56f2e21274482592186	gi|2363086276|ref|NR_181390.1|	93.878	441	24	2	1	439	304	743	0.0	662	2763659
c6edd0cc62dff56f2e21274482592186	gi|1193829135|ref|NR_147378.1|	93.424	441	27	1	1	439	339	779	0.0	652	1871035
c6edd0cc62dff56f2e21274482592186	gi|2363082755|ref|NR_179626.1|	93.166	439	30	0	1	439	351	789	0.0	645	1987501
c6edd0cc62dff56f2e21274482592186	gi|343202572|ref|NR_042930.1|	92.938	439	31	0	1	439	366	804	0.0	640	258515
c6edd0cc62dff56f2e21274482592186	gi|2363082601|ref|NR_179547.1|	92.727	440	31	1	1	439	347	786	0.0	634	1870991
