0a43486135d3e0a9a3c0c1f9851a48ee	gi|2363080123|ref|NR_178280.1|	99.091	440	4	0	1	440	331	770	0.0	791	411483
0a43486135d3e0a9a3c0c1f9851a48ee	gi|2363081449|ref|NR_178971.1|	99.304	431	3	0	1	431	285	715	0.0	780	1851427
0a43486135d3e0a9a3c0c1f9851a48ee	gi|265678656|ref|NR_028961.1|	98.409	440	7	0	1	440	327	766	0.0	774	853
0a43486135d3e0a9a3c0c1f9851a48ee	gi|2363081451|ref|NR_178972.1|	98.182	440	8	0	1	440	285	724	0.0	769	1851428
0a43486135d3e0a9a3c0c1f9851a48ee	gi|3030611269|ref|NR_199945.1|	97.955	440	9	0	1	440	335	774	0.0	763	3435293
0a43486135d3e0a9a3c0c1f9851a48ee	gi|2363082282|ref|NR_179388.1|	97.506	441	9	2	1	440	335	774	0.0	752	2935520
0a43486135d3e0a9a3c0c1f9851a48ee	gi|2363080175|ref|NR_178311.1|	96.818	440	14	0	1	440	412	851	0.0	736	2903556
0a43486135d3e0a9a3c0c1f9851a48ee	gi|2363084747|ref|NR_180622.1|	92.744	441	30	2	1	440	335	774	0.0	636	2779354
0a43486135d3e0a9a3c0c1f9851a48ee	gi|559795255|ref|NR_104846.1|	92.500	440	33	0	1	440	288	727	2.09e-180	630	745368
0a43486135d3e0a9a3c0c1f9851a48ee	gi|1277396189|ref|NR_151900.1|	92.045	440	35	0	1	440	351	790	4.52e-177	619	1550024
3029a7f697725ad96101dacf1609d9bf	gi|2363082168|ref|NR_179330.1|	99.095	442	4	0	1	442	327	768	0.0	795	2714355
3029a7f697725ad96101dacf1609d9bf	gi|2363082165|ref|NR_179329.1|	98.416	442	7	0	1	442	327	768	0.0	778	2714353
3029a7f697725ad96101dacf1609d9bf	gi|645321110|ref|NR_118156.1|	94.131	443	24	2	1	442	304	745	0.0	673	1007096
3029a7f697725ad96101dacf1609d9bf	gi|2962412234|ref|NR_199428.1|	93.905	443	25	2	1	442	352	793	0.0	667	3073143
3029a7f697725ad96101dacf1609d9bf	gi|2363087001|ref|NR_181757.1|	93.483	445	23	6	1	442	289	730	0.0	656	2841504
3029a7f697725ad96101dacf1609d9bf	gi|1109168025|ref|NR_144611.1|	93.483	445	24	3	1	442	282	724	0.0	656	1417852
3029a7f697725ad96101dacf1609d9bf	gi|1269801610|ref|NR_074793.2|	93.228	443	28	2	1	442	355	796	0.0	651	351091
3029a7f697725ad96101dacf1609d9bf	gi|343200653|ref|NR_041340.1|	93.228	443	28	2	1	442	328	769	0.0	651	351091
3029a7f697725ad96101dacf1609d9bf	gi|2260349448|ref|NR_176530.1|	93.002	443	29	2	1	442	358	799	0.0	645	2093857
3029a7f697725ad96101dacf1609d9bf	gi|2136551692|ref|NR_173697.1|	92.986	442	31	0	1	442	349	790	0.0	645	2108523
8cfb5509ac962341a97b032d71d149fe	gi|2363082168|ref|NR_179330.1|	99.321	442	3	0	1	442	327	768	0.0	800	2714355
8cfb5509ac962341a97b032d71d149fe	gi|2363082165|ref|NR_179329.1|	98.643	442	6	0	1	442	327	768	0.0	784	2714353
8cfb5509ac962341a97b032d71d149fe	gi|645321110|ref|NR_118156.1|	94.357	443	23	2	1	442	304	745	0.0	678	1007096
8cfb5509ac962341a97b032d71d149fe	gi|2962412234|ref|NR_199428.1|	94.131	443	24	2	1	442	352	793	0.0	673	3073143
8cfb5509ac962341a97b032d71d149fe	gi|2363087001|ref|NR_181757.1|	93.708	445	22	6	1	442	289	730	0.0	662	2841504
8cfb5509ac962341a97b032d71d149fe	gi|1109168025|ref|NR_144611.1|	93.708	445	23	3	1	442	282	724	0.0	662	1417852
8cfb5509ac962341a97b032d71d149fe	gi|1269801610|ref|NR_074793.2|	93.454	443	27	2	1	442	355	796	0.0	656	351091
8cfb5509ac962341a97b032d71d149fe	gi|343200653|ref|NR_041340.1|	93.454	443	27	2	1	442	328	769	0.0	656	351091
8cfb5509ac962341a97b032d71d149fe	gi|2260349448|ref|NR_176530.1|	93.228	443	28	2	1	442	358	799	0.0	651	2093857
8cfb5509ac962341a97b032d71d149fe	gi|2136551692|ref|NR_173697.1|	93.213	442	30	0	1	442	349	790	0.0	651	2108523
e3c1de54db38460fcf399835397c1795	gi|2363082168|ref|NR_179330.1|	99.548	442	2	0	1	442	327	768	0.0	806	2714355
e3c1de54db38460fcf399835397c1795	gi|2363082165|ref|NR_179329.1|	98.869	442	5	0	1	442	327	768	0.0	789	2714353
e3c1de54db38460fcf399835397c1795	gi|645321110|ref|NR_118156.1|	94.582	443	22	2	1	442	304	745	0.0	684	1007096
e3c1de54db38460fcf399835397c1795	gi|2962412234|ref|NR_199428.1|	94.357	443	23	2	1	442	352	793	0.0	678	3073143
e3c1de54db38460fcf399835397c1795	gi|2363087001|ref|NR_181757.1|	93.933	445	21	6	1	442	289	730	0.0	667	2841504
e3c1de54db38460fcf399835397c1795	gi|1109168025|ref|NR_144611.1|	93.933	445	22	3	1	442	282	724	0.0	667	1417852
e3c1de54db38460fcf399835397c1795	gi|1269801610|ref|NR_074793.2|	93.679	443	26	2	1	442	355	796	0.0	662	351091
e3c1de54db38460fcf399835397c1795	gi|343200653|ref|NR_041340.1|	93.679	443	26	2	1	442	328	769	0.0	662	351091
e3c1de54db38460fcf399835397c1795	gi|2260349448|ref|NR_176530.1|	93.454	443	27	2	1	442	358	799	0.0	656	2093857
e3c1de54db38460fcf399835397c1795	gi|2136551692|ref|NR_173697.1|	93.439	442	29	0	1	442	349	790	0.0	656	2108523
cfbdffc19826765852d2a8ac86f4a6a0	gi|631251954|ref|NR_113152.1|	99.348	460	3	0	1	460	337	796	0.0	833	28117
cfbdffc19826765852d2a8ac86f4a6a0	gi|219846319|ref|NR_025909.1|	96.522	460	16	0	1	460	344	803	0.0	782	28117
cfbdffc19826765852d2a8ac86f4a6a0	gi|645321193|ref|NR_118219.1|	96.963	461	12	2	1	460	332	791	0.0	773	1033732
cfbdffc19826765852d2a8ac86f4a6a0	gi|672239000|ref|NR_125589.1|	96.746	461	13	2	1	460	269	728	0.0	767	1033731
cfbdffc19826765852d2a8ac86f4a6a0	gi|2363086959|ref|NR_181736.1|	96.529	461	14	2	1	460	334	793	0.0	761	2834113
cfbdffc19826765852d2a8ac86f4a6a0	gi|2363082099|ref|NR_179296.1|	96.529	461	14	2	1	460	324	783	0.0	761	2585119
cfbdffc19826765852d2a8ac86f4a6a0	gi|631251953|ref|NR_113151.1|	96.104	462	14	4	1	460	338	797	0.0	750	328813
cfbdffc19826765852d2a8ac86f4a6a0	gi|343202833|ref|NR_043318.1|	96.104	462	14	4	1	460	324	783	0.0	750	328813
cfbdffc19826765852d2a8ac86f4a6a0	gi|2363082505|ref|NR_179499.1|	95.680	463	14	6	1	460	342	801	0.0	739	2364787
cfbdffc19826765852d2a8ac86f4a6a0	gi|507148137|ref|NR_102944.1|	95.662	461	18	2	1	460	334	793	0.0	739	214856
82cddcddd36552d2e20fb3588e9f731e	gi|2363080123|ref|NR_178280.1|	99.545	440	2	0	1	440	331	770	0.0	802	411483
82cddcddd36552d2e20fb3588e9f731e	gi|2363081449|ref|NR_178971.1|	99.091	440	3	1	1	440	285	723	0.0	789	1851427
82cddcddd36552d2e20fb3588e9f731e	gi|265678656|ref|NR_028961.1|	98.864	440	5	0	1	440	327	766	0.0	785	853
82cddcddd36552d2e20fb3588e9f731e	gi|2363081451|ref|NR_178972.1|	98.636	440	6	0	1	440	285	724	0.0	780	1851428
82cddcddd36552d2e20fb3588e9f731e	gi|3030611269|ref|NR_199945.1|	98.409	440	7	0	1	440	335	774	0.0	774	3435293
82cddcddd36552d2e20fb3588e9f731e	gi|2363082282|ref|NR_179388.1|	97.959	441	7	2	1	440	335	774	0.0	763	2935520
82cddcddd36552d2e20fb3588e9f731e	gi|2363080175|ref|NR_178311.1|	97.273	440	12	0	1	440	412	851	0.0	747	2903556
82cddcddd36552d2e20fb3588e9f731e	gi|2363084747|ref|NR_180622.1|	93.197	441	28	2	1	440	335	774	0.0	647	2779354
82cddcddd36552d2e20fb3588e9f731e	gi|559795255|ref|NR_104846.1|	92.955	440	31	0	1	440	288	727	0.0	641	745368
82cddcddd36552d2e20fb3588e9f731e	gi|1277396189|ref|NR_151900.1|	92.500	440	33	0	1	440	351	790	2.09e-180	630	1550024
148de656ebe06c1c2b73d52b849f4522	gi|2363082168|ref|NR_179330.1|	99.321	442	3	0	1	442	327	768	0.0	800	2714355
148de656ebe06c1c2b73d52b849f4522	gi|2363082165|ref|NR_179329.1|	98.643	442	6	0	1	442	327	768	0.0	784	2714353
148de656ebe06c1c2b73d52b849f4522	gi|645321110|ref|NR_118156.1|	94.357	443	23	2	1	442	304	745	0.0	678	1007096
148de656ebe06c1c2b73d52b849f4522	gi|2962412234|ref|NR_199428.1|	94.131	443	24	2	1	442	352	793	0.0	673	3073143
148de656ebe06c1c2b73d52b849f4522	gi|2363087001|ref|NR_181757.1|	93.708	445	22	6	1	442	289	730	0.0	662	2841504
148de656ebe06c1c2b73d52b849f4522	gi|1109168025|ref|NR_144611.1|	93.708	445	23	3	1	442	282	724	0.0	662	1417852
148de656ebe06c1c2b73d52b849f4522	gi|1269801610|ref|NR_074793.2|	93.454	443	27	2	1	442	355	796	0.0	656	351091
148de656ebe06c1c2b73d52b849f4522	gi|343200653|ref|NR_041340.1|	93.454	443	27	2	1	442	328	769	0.0	656	351091
148de656ebe06c1c2b73d52b849f4522	gi|2260349448|ref|NR_176530.1|	93.228	443	28	2	1	442	358	799	0.0	651	2093857
148de656ebe06c1c2b73d52b849f4522	gi|2136551692|ref|NR_173697.1|	93.213	442	30	0	1	442	349	790	0.0	651	2108523
445317b275e80fb8bd9dccbbd8ae5259	gi|265678656|ref|NR_028961.1|	99.091	440	4	0	1	440	327	766	0.0	791	853
445317b275e80fb8bd9dccbbd8ae5259	gi|2363081451|ref|NR_178972.1|	98.864	440	5	0	1	440	285	724	0.0	785	1851428
445317b275e80fb8bd9dccbbd8ae5259	gi|2363080123|ref|NR_178280.1|	98.864	440	5	0	1	440	331	770	0.0	785	411483
445317b275e80fb8bd9dccbbd8ae5259	gi|3030611269|ref|NR_199945.1|	98.636	440	6	0	1	440	335	774	0.0	780	3435293
445317b275e80fb8bd9dccbbd8ae5259	gi|2363081449|ref|NR_178971.1|	98.409	440	6	1	1	440	285	723	0.0	773	1851427
445317b275e80fb8bd9dccbbd8ae5259	gi|2363082282|ref|NR_179388.1|	98.186	441	6	2	1	440	335	774	0.0	769	2935520
445317b275e80fb8bd9dccbbd8ae5259	gi|2363080175|ref|NR_178311.1|	96.591	440	15	0	1	440	412	851	0.0	730	2903556
445317b275e80fb8bd9dccbbd8ae5259	gi|1397641802|ref|NR_156911.1|	92.500	440	33	0	1	440	351	790	2.09e-180	630	1650663
445317b275e80fb8bd9dccbbd8ae5259	gi|2363084747|ref|NR_180622.1|	92.517	441	31	2	1	440	335	774	2.09e-180	630	2779354
445317b275e80fb8bd9dccbbd8ae5259	gi|2363082356|ref|NR_179425.1|	92.500	440	33	0	1	440	351	790	2.09e-180	630	1689304
91e758dd43794dc1a62db77b9024c5e0	gi|2363082168|ref|NR_179330.1|	99.095	442	4	0	1	442	327	768	0.0	795	2714355
91e758dd43794dc1a62db77b9024c5e0	gi|2363082165|ref|NR_179329.1|	98.416	442	7	0	1	442	327	768	0.0	778	2714353
91e758dd43794dc1a62db77b9024c5e0	gi|645321110|ref|NR_118156.1|	94.131	443	24	2	1	442	304	745	0.0	673	1007096
91e758dd43794dc1a62db77b9024c5e0	gi|2962412234|ref|NR_199428.1|	93.905	443	25	2	1	442	352	793	0.0	667	3073143
91e758dd43794dc1a62db77b9024c5e0	gi|2363087001|ref|NR_181757.1|	93.483	445	23	6	1	442	289	730	0.0	656	2841504
91e758dd43794dc1a62db77b9024c5e0	gi|1109168025|ref|NR_144611.1|	93.483	445	24	3	1	442	282	724	0.0	656	1417852
91e758dd43794dc1a62db77b9024c5e0	gi|1269801610|ref|NR_074793.2|	93.228	443	28	2	1	442	355	796	0.0	651	351091
91e758dd43794dc1a62db77b9024c5e0	gi|343200653|ref|NR_041340.1|	93.228	443	28	2	1	442	328	769	0.0	651	351091
91e758dd43794dc1a62db77b9024c5e0	gi|2260349448|ref|NR_176530.1|	93.002	443	29	2	1	442	358	799	0.0	645	2093857
91e758dd43794dc1a62db77b9024c5e0	gi|2136551692|ref|NR_173697.1|	92.986	442	31	0	1	442	349	790	0.0	645	2108523
f15fc3b9a8758e241aa59a146a51488e	gi|2363082168|ref|NR_179330.1|	99.548	442	2	0	1	442	327	768	0.0	806	2714355
f15fc3b9a8758e241aa59a146a51488e	gi|2363082165|ref|NR_179329.1|	98.869	442	5	0	1	442	327	768	0.0	789	2714353
f15fc3b9a8758e241aa59a146a51488e	gi|645321110|ref|NR_118156.1|	94.582	443	22	2	1	442	304	745	0.0	684	1007096
f15fc3b9a8758e241aa59a146a51488e	gi|2962412234|ref|NR_199428.1|	94.357	443	23	2	1	442	352	793	0.0	678	3073143
f15fc3b9a8758e241aa59a146a51488e	gi|2363087001|ref|NR_181757.1|	93.933	445	21	6	1	442	289	730	0.0	667	2841504
f15fc3b9a8758e241aa59a146a51488e	gi|1109168025|ref|NR_144611.1|	93.933	445	22	3	1	442	282	724	0.0	667	1417852
f15fc3b9a8758e241aa59a146a51488e	gi|1269801610|ref|NR_074793.2|	93.679	443	26	2	1	442	355	796	0.0	662	351091
f15fc3b9a8758e241aa59a146a51488e	gi|343200653|ref|NR_041340.1|	93.679	443	26	2	1	442	328	769	0.0	662	351091
f15fc3b9a8758e241aa59a146a51488e	gi|2260349448|ref|NR_176530.1|	93.454	443	27	2	1	442	358	799	0.0	656	2093857
f15fc3b9a8758e241aa59a146a51488e	gi|2136551692|ref|NR_173697.1|	93.439	442	29	0	1	442	349	790	0.0	656	2108523
a20f6f65e5ac1c5ec29cb56b80175ebd	gi|631251954|ref|NR_113152.1|	99.565	460	2	0	1	460	337	796	0.0	839	28117
a20f6f65e5ac1c5ec29cb56b80175ebd	gi|219846319|ref|NR_025909.1|	96.739	460	15	0	1	460	344	803	0.0	787	28117
a20f6f65e5ac1c5ec29cb56b80175ebd	gi|645321193|ref|NR_118219.1|	97.180	461	11	2	1	460	332	791	0.0	778	1033732
a20f6f65e5ac1c5ec29cb56b80175ebd	gi|672239000|ref|NR_125589.1|	96.963	461	12	2	1	460	269	728	0.0	773	1033731
a20f6f65e5ac1c5ec29cb56b80175ebd	gi|2363086959|ref|NR_181736.1|	96.746	461	13	2	1	460	334	793	0.0	767	2834113
a20f6f65e5ac1c5ec29cb56b80175ebd	gi|2363082099|ref|NR_179296.1|	96.746	461	13	2	1	460	324	783	0.0	767	2585119
a20f6f65e5ac1c5ec29cb56b80175ebd	gi|631251953|ref|NR_113151.1|	96.320	462	13	4	1	460	338	797	0.0	756	328813
a20f6f65e5ac1c5ec29cb56b80175ebd	gi|343202833|ref|NR_043318.1|	96.320	462	13	4	1	460	324	783	0.0	756	328813
a20f6f65e5ac1c5ec29cb56b80175ebd	gi|2363082505|ref|NR_179499.1|	95.896	463	13	6	1	460	342	801	0.0	745	2364787
a20f6f65e5ac1c5ec29cb56b80175ebd	gi|507148137|ref|NR_102944.1|	95.879	461	17	2	1	460	334	793	0.0	745	214856
6c186443ea107b7a84b8fc2a9a456b86	gi|2363082679|ref|NR_179587.1|	99.318	440	3	0	1	440	328	767	0.0	797	1926283
6c186443ea107b7a84b8fc2a9a456b86	gi|2363081854|ref|NR_179173.1|	99.318	440	3	0	1	440	333	772	0.0	797	2126740
6c186443ea107b7a84b8fc2a9a456b86	gi|1384992332|ref|NR_156081.1|	97.045	440	13	0	1	440	336	775	0.0	741	1469948
6c186443ea107b7a84b8fc2a9a456b86	gi|1384992329|ref|NR_156078.1|	97.045	440	13	0	1	440	336	775	0.0	741	1469948
6c186443ea107b7a84b8fc2a9a456b86	gi|3030611230|ref|NR_199906.1|	96.818	440	14	0	1	440	354	793	0.0	736	3123317
6c186443ea107b7a84b8fc2a9a456b86	gi|3030611314|ref|NR_199990.1|	96.818	440	14	0	1	440	350	789	0.0	736	3123317
6c186443ea107b7a84b8fc2a9a456b86	gi|1384992331|ref|NR_156080.1|	96.818	440	14	0	1	440	336	775	0.0	736	1469948
6c186443ea107b7a84b8fc2a9a456b86	gi|1384992328|ref|NR_156077.1|	96.818	440	14	0	1	440	336	775	0.0	736	1469948
6c186443ea107b7a84b8fc2a9a456b86	gi|2363085097|ref|NR_180797.1|	96.818	440	14	0	1	440	346	785	0.0	736	2605778
6c186443ea107b7a84b8fc2a9a456b86	gi|2363082819|ref|NR_179658.1|	96.818	440	14	0	1	440	353	792	0.0	736	2086584
d691f1a2aed3bf683b0f147a8dcc3213	gi|631251879|ref|NR_113077.1|	96.950	459	14	0	1	459	329	787	0.0	771	454154
d691f1a2aed3bf683b0f147a8dcc3213	gi|343200939|ref|NR_041626.1|	96.950	459	14	0	1	459	321	779	0.0	771	762968
d691f1a2aed3bf683b0f147a8dcc3213	gi|631251880|ref|NR_113078.1|	91.757	461	34	2	1	459	339	797	0.0	638	454155
d691f1a2aed3bf683b0f147a8dcc3213	gi|343200940|ref|NR_041627.1|	91.757	461	34	2	1	459	319	777	0.0	638	762982
d691f1a2aed3bf683b0f147a8dcc3213	gi|343200759|ref|NR_041446.1|	88.745	462	47	4	1	459	323	782	2.90e-159	560	376804
d691f1a2aed3bf683b0f147a8dcc3213	gi|2363082635|ref|NR_179564.1|	87.905	463	49	7	1	459	338	797	1.36e-152	538	1903262
d691f1a2aed3bf683b0f147a8dcc3213	gi|2363086250|ref|NR_181377.1|	87.879	462	51	5	1	459	343	802	1.36e-152	538	2763138
d691f1a2aed3bf683b0f147a8dcc3213	gi|1116030289|ref|NR_144747.1|	86.551	461	59	3	1	459	337	796	1.38e-142	505	1841865
d691f1a2aed3bf683b0f147a8dcc3213	gi|631251871|ref|NR_113069.1|	86.393	463	56	6	1	459	336	795	6.42e-141	499	477666
d691f1a2aed3bf683b0f147a8dcc3213	gi|343200955|ref|NR_041642.1|	86.393	463	56	6	1	459	302	761	6.42e-141	499	477666
285d42aaa385d66eab9391dba27205b8	gi|265678656|ref|NR_028961.1|	98.864	440	5	0	1	440	327	766	0.0	785	853
285d42aaa385d66eab9391dba27205b8	gi|2363081451|ref|NR_178972.1|	98.636	440	6	0	1	440	285	724	0.0	780	1851428
285d42aaa385d66eab9391dba27205b8	gi|2363080123|ref|NR_178280.1|	98.636	440	6	0	1	440	331	770	0.0	780	411483
285d42aaa385d66eab9391dba27205b8	gi|3030611269|ref|NR_199945.1|	98.409	440	7	0	1	440	335	774	0.0	774	3435293
285d42aaa385d66eab9391dba27205b8	gi|2363081449|ref|NR_178971.1|	98.840	431	5	0	1	431	285	715	0.0	769	1851427
285d42aaa385d66eab9391dba27205b8	gi|2363082282|ref|NR_179388.1|	97.959	441	7	2	1	440	335	774	0.0	763	2935520
285d42aaa385d66eab9391dba27205b8	gi|2363080175|ref|NR_178311.1|	96.364	440	16	0	1	440	412	851	0.0	725	2903556
285d42aaa385d66eab9391dba27205b8	gi|1397641802|ref|NR_156911.1|	92.273	440	34	0	1	440	351	790	9.71e-179	625	1650663
285d42aaa385d66eab9391dba27205b8	gi|2363084747|ref|NR_180622.1|	92.290	441	32	2	1	440	335	774	9.71e-179	625	2779354
285d42aaa385d66eab9391dba27205b8	gi|2363082356|ref|NR_179425.1|	92.273	440	34	0	1	440	351	790	9.71e-179	625	1689304
d66596da08cc6d001da71b36c41730ae	gi|631251734|ref|NR_112932.1|	99.565	460	2	0	1	460	328	787	0.0	839	47678
d66596da08cc6d001da71b36c41730ae	gi|219846650|ref|NR_026242.1|	99.565	460	2	0	1	460	318	777	0.0	839	47678
d66596da08cc6d001da71b36c41730ae	gi|631251869|ref|NR_113067.1|	97.391	460	12	0	1	460	325	784	0.0	784	1077285
d66596da08cc6d001da71b36c41730ae	gi|343200626|ref|NR_041313.1|	97.391	460	12	0	1	460	340	799	0.0	784	338188
d66596da08cc6d001da71b36c41730ae	gi|645320100|ref|NR_117387.1|	97.174	460	13	0	1	460	320	779	0.0	778	1077285
d66596da08cc6d001da71b36c41730ae	gi|631251749|ref|NR_112947.1|	96.957	460	14	0	1	460	326	785	0.0	774	657309
d66596da08cc6d001da71b36c41730ae	gi|2363084431|ref|NR_180463.1|	96.957	460	14	0	1	460	340	799	0.0	773	2650158
d66596da08cc6d001da71b36c41730ae	gi|2363084421|ref|NR_180458.1|	96.957	460	14	0	1	460	340	799	0.0	773	2650157
d66596da08cc6d001da71b36c41730ae	gi|631251733|ref|NR_112931.1|	96.957	460	14	0	1	460	340	799	0.0	773	85831
d66596da08cc6d001da71b36c41730ae	gi|343201773|ref|NR_042499.1|	96.957	460	14	0	1	460	294	753	0.0	773	657309
0266109818f5710ad31b8256152d032e	gi|2363085097|ref|NR_180797.1|	97.500	440	11	0	1	440	346	785	0.0	752	2605778
0266109818f5710ad31b8256152d032e	gi|2363080261|ref|NR_178356.1|	97.273	440	12	0	1	440	313	752	0.0	747	558153
0266109818f5710ad31b8256152d032e	gi|219846508|ref|NR_026100.1|	97.273	440	12	0	1	440	323	762	0.0	747	1286362
0266109818f5710ad31b8256152d032e	gi|219846817|ref|NR_026409.1|	97.273	440	12	0	1	440	341	780	0.0	747	29370
0266109818f5710ad31b8256152d032e	gi|631251457|ref|NR_112654.1|	97.045	440	13	0	1	440	338	777	0.0	743	1286362
0266109818f5710ad31b8256152d032e	gi|631250977|ref|NR_112174.1|	97.045	440	13	0	1	440	342	781	0.0	743	1297793
0266109818f5710ad31b8256152d032e	gi|3030611230|ref|NR_199906.1|	97.045	440	13	0	1	440	354	793	0.0	741	3123317
0266109818f5710ad31b8256152d032e	gi|2363085169|ref|NR_180833.1|	97.045	440	13	0	1	440	337	776	0.0	741	2606635
0266109818f5710ad31b8256152d032e	gi|3030611314|ref|NR_199990.1|	97.045	440	13	0	1	440	350	789	0.0	741	3123317
0266109818f5710ad31b8256152d032e	gi|2836274880|ref|NR_197643.1|	97.045	440	13	0	1	440	329	768	0.0	741	2962432
f2dccb06d5bf653c4cdb301978429b9f	gi|343200190|ref|NR_040877.1|	98.261	460	8	0	1	460	341	800	0.0	808	537011
f2dccb06d5bf653c4cdb301978429b9f	gi|631252213|ref|NR_113411.1|	98.261	460	8	0	1	460	341	800	0.0	806	537011
f2dccb06d5bf653c4cdb301978429b9f	gi|2363084409|ref|NR_180452.1|	97.391	460	12	0	1	460	321	780	0.0	784	2518605
f2dccb06d5bf653c4cdb301978429b9f	gi|2221405403|ref|NR_175509.1|	93.492	461	28	2	1	460	341	800	0.0	684	2608404
f2dccb06d5bf653c4cdb301978429b9f	gi|631251907|ref|NR_113105.1|	93.492	461	28	2	1	460	329	788	0.0	684	470565
f2dccb06d5bf653c4cdb301978429b9f	gi|343199048|ref|NR_044407.1|	93.492	461	28	2	1	460	321	780	0.0	684	470565
f2dccb06d5bf653c4cdb301978429b9f	gi|566085557|ref|NR_109628.1|	93.059	461	30	2	1	460	322	781	0.0	673	1177574
f2dccb06d5bf653c4cdb301978429b9f	gi|631253107|ref|NR_114305.1|	93.059	461	30	2	1	460	341	800	0.0	673	1236518
f2dccb06d5bf653c4cdb301978429b9f	gi|631251926|ref|NR_113124.1|	93.059	461	30	2	1	460	341	800	0.0	673	28137
f2dccb06d5bf653c4cdb301978429b9f	gi|265678842|ref|NR_029147.1|	93.089	463	26	6	1	460	344	803	0.0	673	28136
234ff9e83835b958ad0d2281022ca879	gi|2363082679|ref|NR_179587.1|	96.136	440	17	0	1	440	328	767	0.0	719	1926283
234ff9e83835b958ad0d2281022ca879	gi|1193829153|ref|NR_147396.1|	96.136	440	17	0	1	440	328	767	0.0	719	1917870
234ff9e83835b958ad0d2281022ca879	gi|2363081854|ref|NR_179173.1|	96.136	440	17	0	1	440	333	772	0.0	719	2126740
234ff9e83835b958ad0d2281022ca879	gi|2836274880|ref|NR_197643.1|	95.682	440	19	0	1	440	329	768	0.0	708	2962432
234ff9e83835b958ad0d2281022ca879	gi|1384992332|ref|NR_156081.1|	95.682	440	19	0	1	440	336	775	0.0	708	1469948
234ff9e83835b958ad0d2281022ca879	gi|1384992329|ref|NR_156078.1|	95.682	440	19	0	1	440	336	775	0.0	708	1469948
234ff9e83835b958ad0d2281022ca879	gi|2363080261|ref|NR_178356.1|	95.682	440	19	0	1	440	313	752	0.0	708	558153
234ff9e83835b958ad0d2281022ca879	gi|310975204|ref|NR_037068.1|	95.682	440	19	0	1	440	341	780	0.0	708	29375
234ff9e83835b958ad0d2281022ca879	gi|219846508|ref|NR_026100.1|	95.682	440	19	0	1	440	323	762	0.0	708	1286362
234ff9e83835b958ad0d2281022ca879	gi|343201474|ref|NR_042200.1|	95.682	440	19	0	1	440	318	757	0.0	708	333367
d8a85e8c1d90e92190044c75f427c5d0	gi|2363087247|ref|NR_181879.1|	87.905	463	47	7	1	458	285	743	4.88e-152	536	2880704
d8a85e8c1d90e92190044c75f427c5d0	gi|1909404453|ref|NR_170508.1|	87.013	462	53	6	1	458	352	810	2.29e-145	514	2518971
d8a85e8c1d90e92190044c75f427c5d0	gi|1909404454|ref|NR_170509.1|	87.041	463	51	8	1	458	347	805	2.29e-145	514	2530391
d8a85e8c1d90e92190044c75f427c5d0	gi|2363087249|ref|NR_181880.1|	86.364	462	56	7	1	458	294	752	2.30e-140	497	2880703
d8a85e8c1d90e92190044c75f427c5d0	gi|2363084366|ref|NR_180431.1|	86.177	463	56	8	1	458	350	809	2.98e-139	494	2530390
d8a85e8c1d90e92190044c75f427c5d0	gi|2363084938|ref|NR_180717.1|	85.931	462	59	6	1	458	259	718	1.39e-137	488	2601703
d8a85e8c1d90e92190044c75f427c5d0	gi|631251890|ref|NR_113088.1|	85.560	464	57	10	1	458	327	786	3.00e-134	477	111105
d8a85e8c1d90e92190044c75f427c5d0	gi|219857464|ref|NR_025052.1|	85.560	464	57	10	1	458	315	774	3.00e-134	477	111105
d8a85e8c1d90e92190044c75f427c5d0	gi|2363083455|ref|NR_179976.1|	85.560	464	56	9	1	458	289	747	1.08e-133	475	2094151
d8a85e8c1d90e92190044c75f427c5d0	gi|1024974747|ref|NR_136788.1|	85.161	465	57	9	1	458	339	798	6.49e-131	466	1583331
a600dbf5b6dc49184312ff1e1b31d447	gi|631251955|ref|NR_113153.1|	99.130	460	4	0	1	460	334	793	0.0	828	328814
a600dbf5b6dc49184312ff1e1b31d447	gi|343202834|ref|NR_043319.1|	98.913	460	5	0	1	460	323	782	0.0	824	717959
a600dbf5b6dc49184312ff1e1b31d447	gi|507148054|ref|NR_102861.1|	98.913	460	5	0	1	460	334	793	0.0	822	717959
a600dbf5b6dc49184312ff1e1b31d447	gi|507148137|ref|NR_102944.1|	97.826	460	10	0	1	460	334	793	0.0	795	214856
a600dbf5b6dc49184312ff1e1b31d447	gi|343198609|ref|NR_043064.1|	97.826	460	10	0	1	460	314	773	0.0	795	214856
a600dbf5b6dc49184312ff1e1b31d447	gi|631251952|ref|NR_113150.1|	97.609	460	11	0	1	460	334	793	0.0	789	214856
a600dbf5b6dc49184312ff1e1b31d447	gi|636559243|ref|NR_115300.1|	97.391	460	12	0	1	460	314	773	0.0	784	679935
a600dbf5b6dc49184312ff1e1b31d447	gi|2363086959|ref|NR_181736.1|	97.174	460	13	0	1	460	334	793	0.0	778	2834113
a600dbf5b6dc49184312ff1e1b31d447	gi|645321193|ref|NR_118219.1|	96.739	460	15	0	1	460	332	791	0.0	767	1033732
a600dbf5b6dc49184312ff1e1b31d447	gi|2363082505|ref|NR_179499.1|	96.522	460	16	0	1	460	342	801	0.0	761	2364787
7c618acc91c2b1b109c7397895cc37b9	gi|631251967|ref|NR_113165.1|	99.091	440	4	0	1	440	328	767	0.0	791	147207
7c618acc91c2b1b109c7397895cc37b9	gi|631251966|ref|NR_113164.1|	99.091	440	4	0	1	440	328	767	0.0	791	147206
7c618acc91c2b1b109c7397895cc37b9	gi|228715356|ref|NR_027528.1|	98.409	440	5	2	1	440	325	762	0.0	773	147207
7c618acc91c2b1b109c7397895cc37b9	gi|228715355|ref|NR_027527.1|	98.178	439	5	3	2	440	325	760	0.0	763	147206
7c618acc91c2b1b109c7397895cc37b9	gi|1193829156|ref|NR_147399.1|	97.500	440	11	0	1	440	328	767	0.0	752	1871016
7c618acc91c2b1b109c7397895cc37b9	gi|2363082597|ref|NR_179545.1|	96.818	440	14	0	1	440	328	767	0.0	736	1870987
7c618acc91c2b1b109c7397895cc37b9	gi|1193829136|ref|NR_147379.1|	95.682	440	19	0	1	440	328	767	0.0	708	1907654
7c618acc91c2b1b109c7397895cc37b9	gi|2363082703|ref|NR_179599.1|	95.227	440	21	0	1	440	308	747	0.0	697	1937461
7c618acc91c2b1b109c7397895cc37b9	gi|631252075|ref|NR_113273.1|	95.238	441	19	2	1	440	328	767	0.0	697	742742
7c618acc91c2b1b109c7397895cc37b9	gi|631251701|ref|NR_112899.1|	95.238	441	19	2	1	440	319	758	0.0	697	742742
b038d0ab633cecbbb95604e89e2456d0	gi|631251742|ref|NR_112940.1|	99.130	460	4	0	1	460	327	786	0.0	828	28116
b038d0ab633cecbbb95604e89e2456d0	gi|636559244|ref|NR_115301.1|	99.130	460	4	0	1	460	320	779	0.0	828	28116
b038d0ab633cecbbb95604e89e2456d0	gi|1491509587|ref|NR_159118.1|	98.913	460	5	0	1	460	310	769	0.0	822	28116
b038d0ab633cecbbb95604e89e2456d0	gi|1491509586|ref|NR_159117.1|	98.913	460	5	0	1	460	301	760	0.0	822	28116
b038d0ab633cecbbb95604e89e2456d0	gi|636560121|ref|NR_116181.1|	98.913	460	4	1	1	460	333	791	0.0	821	28116
b038d0ab633cecbbb95604e89e2456d0	gi|343200178|ref|NR_040865.1|	98.698	461	4	2	1	460	333	792	0.0	817	28116
b038d0ab633cecbbb95604e89e2456d0	gi|645322410|ref|NR_119165.1|	98.043	460	9	0	1	460	319	778	0.0	808	28116
b038d0ab633cecbbb95604e89e2456d0	gi|631251749|ref|NR_112947.1|	96.957	460	14	0	1	460	326	785	0.0	774	657309
b038d0ab633cecbbb95604e89e2456d0	gi|2363084431|ref|NR_180463.1|	96.957	460	14	0	1	460	340	799	0.0	773	2650158
b038d0ab633cecbbb95604e89e2456d0	gi|343201773|ref|NR_042499.1|	96.957	460	14	0	1	460	294	753	0.0	773	657309
96e305a8bb54d882c5f7e7769135f949	gi|631251967|ref|NR_113165.1|	99.773	440	1	0	1	440	328	767	0.0	808	147207
96e305a8bb54d882c5f7e7769135f949	gi|631251966|ref|NR_113164.1|	99.773	440	1	0	1	440	328	767	0.0	808	147206
96e305a8bb54d882c5f7e7769135f949	gi|228715356|ref|NR_027528.1|	99.091	440	2	2	1	440	325	762	0.0	789	147207
96e305a8bb54d882c5f7e7769135f949	gi|228715355|ref|NR_027527.1|	98.861	439	2	3	2	440	325	760	0.0	780	147206
96e305a8bb54d882c5f7e7769135f949	gi|1193829156|ref|NR_147399.1|	98.182	440	8	0	1	440	328	767	0.0	769	1871016
96e305a8bb54d882c5f7e7769135f949	gi|2363082597|ref|NR_179545.1|	97.500	440	11	0	1	440	328	767	0.0	752	1870987
96e305a8bb54d882c5f7e7769135f949	gi|1193829136|ref|NR_147379.1|	96.364	440	16	0	1	440	328	767	0.0	725	1907654
96e305a8bb54d882c5f7e7769135f949	gi|2363082703|ref|NR_179599.1|	95.909	440	18	0	1	440	308	747	0.0	713	1937461
96e305a8bb54d882c5f7e7769135f949	gi|631252075|ref|NR_113273.1|	95.918	441	16	2	1	440	328	767	0.0	713	742742
96e305a8bb54d882c5f7e7769135f949	gi|631251701|ref|NR_112899.1|	95.918	441	16	2	1	440	319	758	0.0	713	742742
eb330d80f9c5837f9e8656918d30821a	gi|2363082679|ref|NR_179587.1|	99.318	440	3	0	1	440	328	767	0.0	797	1926283
eb330d80f9c5837f9e8656918d30821a	gi|2363081854|ref|NR_179173.1|	99.318	440	3	0	1	440	333	772	0.0	797	2126740
eb330d80f9c5837f9e8656918d30821a	gi|1384992332|ref|NR_156081.1|	97.045	440	13	0	1	440	336	775	0.0	741	1469948
eb330d80f9c5837f9e8656918d30821a	gi|1384992329|ref|NR_156078.1|	97.045	440	13	0	1	440	336	775	0.0	741	1469948
eb330d80f9c5837f9e8656918d30821a	gi|3030611230|ref|NR_199906.1|	96.818	440	14	0	1	440	354	793	0.0	736	3123317
eb330d80f9c5837f9e8656918d30821a	gi|3030611314|ref|NR_199990.1|	96.818	440	14	0	1	440	350	789	0.0	736	3123317
eb330d80f9c5837f9e8656918d30821a	gi|1384992331|ref|NR_156080.1|	96.818	440	14	0	1	440	336	775	0.0	736	1469948
eb330d80f9c5837f9e8656918d30821a	gi|1384992328|ref|NR_156077.1|	96.818	440	14	0	1	440	336	775	0.0	736	1469948
eb330d80f9c5837f9e8656918d30821a	gi|2363085097|ref|NR_180797.1|	96.818	440	14	0	1	440	346	785	0.0	736	2605778
eb330d80f9c5837f9e8656918d30821a	gi|2363082819|ref|NR_179658.1|	96.818	440	14	0	1	440	353	792	0.0	736	2086584
c05b578a5d43bb0280ef46be5ced05c4	gi|2363087247|ref|NR_181879.1|	87.689	463	48	7	1	458	285	743	2.27e-150	531	2880704
c05b578a5d43bb0280ef46be5ced05c4	gi|2363085163|ref|NR_180830.1|	87.041	463	51	7	1	458	336	794	2.29e-145	514	2606626
c05b578a5d43bb0280ef46be5ced05c4	gi|1909404453|ref|NR_170508.1|	86.797	462	54	6	1	458	352	810	1.06e-143	508	2518971
c05b578a5d43bb0280ef46be5ced05c4	gi|1909404454|ref|NR_170509.1|	86.825	463	52	8	1	458	347	805	1.06e-143	508	2530391
c05b578a5d43bb0280ef46be5ced05c4	gi|2363087249|ref|NR_181880.1|	86.147	462	57	7	1	458	294	752	1.07e-138	492	2880703
c05b578a5d43bb0280ef46be5ced05c4	gi|2363084366|ref|NR_180431.1|	85.961	463	57	8	1	458	350	809	1.39e-137	488	2530390
c05b578a5d43bb0280ef46be5ced05c4	gi|2363084938|ref|NR_180717.1|	85.714	462	60	6	1	458	259	718	6.45e-136	483	2601703
c05b578a5d43bb0280ef46be5ced05c4	gi|631251890|ref|NR_113088.1|	85.345	464	58	10	1	458	327	786	1.40e-132	472	111105
c05b578a5d43bb0280ef46be5ced05c4	gi|219857464|ref|NR_025052.1|	85.345	464	58	10	1	458	315	774	1.40e-132	472	111105
c05b578a5d43bb0280ef46be5ced05c4	gi|2363083455|ref|NR_179976.1|	85.345	464	57	9	1	458	289	747	5.02e-132	470	2094151
973a1fe60c3e67c866a7b3c06b4a6fa2	gi|444304091|ref|NR_074515.1|	99.348	460	3	0	1	460	350	809	0.0	833	435590
973a1fe60c3e67c866a7b3c06b4a6fa2	gi|631251748|ref|NR_112946.1|	99.348	460	3	0	1	460	339	798	0.0	833	821
973a1fe60c3e67c866a7b3c06b4a6fa2	gi|631250946|ref|NR_112143.1|	99.130	460	4	0	1	460	307	766	0.0	828	821
973a1fe60c3e67c866a7b3c06b4a6fa2	gi|343200664|ref|NR_041351.1|	98.478	460	7	0	1	460	341	800	0.0	811	357276
973a1fe60c3e67c866a7b3c06b4a6fa2	gi|631251997|ref|NR_113195.1|	93.696	460	29	0	1	460	338	797	0.0	689	1236515
973a1fe60c3e67c866a7b3c06b4a6fa2	gi|631251866|ref|NR_113064.1|	93.478	460	30	0	1	460	338	797	0.0	684	1236538
973a1fe60c3e67c866a7b3c06b4a6fa2	gi|631251817|ref|NR_113015.1|	93.478	460	30	0	1	460	338	797	0.0	684	1236538
973a1fe60c3e67c866a7b3c06b4a6fa2	gi|645320081|ref|NR_117373.1|	93.478	460	30	0	1	460	289	748	0.0	684	1236515
973a1fe60c3e67c866a7b3c06b4a6fa2	gi|2363085522|ref|NR_181010.1|	93.043	460	32	0	1	460	297	756	0.0	673	2786956
973a1fe60c3e67c866a7b3c06b4a6fa2	gi|2363082547|ref|NR_179520.1|	93.043	460	32	0	1	460	314	773	0.0	673	1841855
62256e04ee89291564c06c3fc18aad73	gi|1116030238|ref|NR_144696.1|	99.091	440	4	0	1	440	333	772	0.0	791	1414720
62256e04ee89291564c06c3fc18aad73	gi|219846899|ref|NR_026491.1|	99.091	440	4	0	1	440	319	758	0.0	791	84024
62256e04ee89291564c06c3fc18aad73	gi|219846557|ref|NR_026149.1|	98.636	440	6	0	1	440	325	764	0.0	780	36850
62256e04ee89291564c06c3fc18aad73	gi|219846575|ref|NR_026167.1|	97.964	442	6	2	1	440	246	686	0.0	767	36834
62256e04ee89291564c06c3fc18aad73	gi|2363082288|ref|NR_179391.1|	97.727	440	10	0	1	440	332	771	0.0	758	1499684
62256e04ee89291564c06c3fc18aad73	gi|219846422|ref|NR_026013.1|	97.500	440	11	0	1	440	333	772	0.0	752	46867
62256e04ee89291564c06c3fc18aad73	gi|631252127|ref|NR_113325.1|	97.273	440	12	0	1	440	333	772	0.0	747	1559
62256e04ee89291564c06c3fc18aad73	gi|219846898|ref|NR_026490.1|	97.273	440	12	0	1	440	320	759	0.0	747	84031
62256e04ee89291564c06c3fc18aad73	gi|310975222|ref|NR_037086.1|	97.273	440	12	0	1	440	316	755	0.0	747	1559
62256e04ee89291564c06c3fc18aad73	gi|636558671|ref|NR_114728.1|	97.273	440	12	0	1	440	287	726	0.0	747	1559
3fcfd4e90d34310565eff2c0ac35aba2	gi|310974936|ref|NR_036800.1|	99.318	440	3	0	1	440	326	765	0.0	797	411470
3fcfd4e90d34310565eff2c0ac35aba2	gi|645321810|ref|NR_118690.1|	99.318	440	3	0	1	440	338	777	0.0	797	411470
3fcfd4e90d34310565eff2c0ac35aba2	gi|2363085474|ref|NR_180986.1|	97.273	440	12	0	1	440	347	786	0.0	747	2681861
3fcfd4e90d34310565eff2c0ac35aba2	gi|265678578|ref|NR_028883.1|	96.154	442	14	3	1	440	226	666	0.0	719	88431
3fcfd4e90d34310565eff2c0ac35aba2	gi|631250892|ref|NR_112089.1|	96.145	441	15	2	1	440	336	775	0.0	719	553973
3fcfd4e90d34310565eff2c0ac35aba2	gi|224581401|ref|NR_024719.1|	96.145	441	14	3	1	440	341	779	0.0	717	89153
3fcfd4e90d34310565eff2c0ac35aba2	gi|2363085103|ref|NR_180800.1|	95.909	440	18	0	1	440	347	786	0.0	713	2652274
3fcfd4e90d34310565eff2c0ac35aba2	gi|1397641798|ref|NR_156907.1|	95.928	442	14	4	1	440	348	787	0.0	713	1912855
3fcfd4e90d34310565eff2c0ac35aba2	gi|1116030273|ref|NR_144731.1|	95.909	440	18	0	1	440	347	786	0.0	713	1720294
3fcfd4e90d34310565eff2c0ac35aba2	gi|219857617|ref|NR_025206.1|	95.909	440	18	0	1	440	314	753	0.0	713	180286
ea67872f24af0f382929b1aee8cece0f	gi|343200656|ref|NR_041343.1|	99.348	460	3	0	1	460	340	799	0.0	833	46503
ea67872f24af0f382929b1aee8cece0f	gi|645322411|ref|NR_119166.1|	99.130	460	4	0	1	460	319	778	0.0	830	411477
ea67872f24af0f382929b1aee8cece0f	gi|343200777|ref|NR_041464.1|	97.391	460	12	0	1	460	340	799	0.0	784	387661
ea67872f24af0f382929b1aee8cece0f	gi|2363083816|ref|NR_180156.1|	96.522	460	16	0	1	460	291	750	0.0	761	2290935
ea67872f24af0f382929b1aee8cece0f	gi|2363086049|ref|NR_181277.1|	96.087	460	18	0	1	460	309	768	0.0	750	2753162
ea67872f24af0f382929b1aee8cece0f	gi|631251878|ref|NR_113076.1|	95.879	461	17	2	1	460	324	783	0.0	745	927665
ea67872f24af0f382929b1aee8cece0f	gi|343202832|ref|NR_043317.1|	95.879	461	17	2	1	460	284	743	0.0	745	328812
ea67872f24af0f382929b1aee8cece0f	gi|1811131517|ref|NR_165699.1|	95.435	460	21	0	1	460	336	795	0.0	734	2685834
ea67872f24af0f382929b1aee8cece0f	gi|2363082715|ref|NR_179605.1|	95.445	461	19	2	1	460	316	775	0.0	734	1944636
ea67872f24af0f382929b1aee8cece0f	gi|2363082619|ref|NR_179556.1|	95.217	460	22	0	1	460	316	775	0.0	728	1871013
97b483c97d55f049c553bb1cc5fbcb48	gi|631251744|ref|NR_112942.1|	99.348	460	3	0	1	460	323	782	0.0	833	291644
97b483c97d55f049c553bb1cc5fbcb48	gi|343202632|ref|NR_043016.1|	99.130	460	4	0	1	460	316	775	0.0	828	291644
97b483c97d55f049c553bb1cc5fbcb48	gi|631252008|ref|NR_113206.1|	97.391	460	12	0	1	460	336	795	0.0	784	1236513
97b483c97d55f049c553bb1cc5fbcb48	gi|444303855|ref|NR_074277.1|	96.963	461	12	2	1	460	352	811	0.0	773	818
97b483c97d55f049c553bb1cc5fbcb48	gi|631251869|ref|NR_113067.1|	96.963	461	12	2	1	460	325	784	0.0	773	1077285
97b483c97d55f049c553bb1cc5fbcb48	gi|631251746|ref|NR_112944.1|	96.963	461	12	2	1	460	324	783	0.0	773	818
97b483c97d55f049c553bb1cc5fbcb48	gi|631251741|ref|NR_112939.1|	96.739	460	15	0	1	460	334	793	0.0	767	1203608
97b483c97d55f049c553bb1cc5fbcb48	gi|645320100|ref|NR_117387.1|	96.739	460	15	0	1	460	320	779	0.0	767	1077285
97b483c97d55f049c553bb1cc5fbcb48	gi|343202633|ref|NR_043017.1|	96.739	460	15	0	1	460	314	773	0.0	767	1203608
97b483c97d55f049c553bb1cc5fbcb48	gi|2363084421|ref|NR_180458.1|	96.529	461	14	2	1	460	340	799	0.0	761	2650157
0d0bb84ab98968cab3717d5dc2b70df0	gi|631252213|ref|NR_113411.1|	98.478	460	7	0	1	460	341	800	0.0	811	537011
0d0bb84ab98968cab3717d5dc2b70df0	gi|343200190|ref|NR_040877.1|	98.261	460	8	0	1	460	341	800	0.0	808	537011
0d0bb84ab98968cab3717d5dc2b70df0	gi|2363084409|ref|NR_180452.1|	97.609	460	11	0	1	460	321	780	0.0	789	2518605
0d0bb84ab98968cab3717d5dc2b70df0	gi|631251907|ref|NR_113105.1|	93.709	461	27	2	1	460	329	788	0.0	689	470565
0d0bb84ab98968cab3717d5dc2b70df0	gi|343199048|ref|NR_044407.1|	93.709	461	27	2	1	460	321	780	0.0	689	470565
0d0bb84ab98968cab3717d5dc2b70df0	gi|566085557|ref|NR_109628.1|	93.275	461	29	2	1	460	322	781	0.0	678	1177574
0d0bb84ab98968cab3717d5dc2b70df0	gi|631251926|ref|NR_113124.1|	93.275	461	29	2	1	460	341	800	0.0	678	28137
0d0bb84ab98968cab3717d5dc2b70df0	gi|265678842|ref|NR_029147.1|	93.305	463	25	6	1	460	344	803	0.0	678	28136
0d0bb84ab98968cab3717d5dc2b70df0	gi|636559270|ref|NR_115327.1|	93.275	461	29	2	1	460	321	780	0.0	678	28137
0d0bb84ab98968cab3717d5dc2b70df0	gi|265678843|ref|NR_029148.1|	93.059	461	30	2	1	460	349	808	0.0	676	28137
e83dff676a5810dc6083c244430b6656	gi|1116030238|ref|NR_144696.1|	99.091	440	4	0	1	440	333	772	0.0	791	1414720
e83dff676a5810dc6083c244430b6656	gi|219846899|ref|NR_026491.1|	99.091	440	4	0	1	440	319	758	0.0	791	84024
e83dff676a5810dc6083c244430b6656	gi|219846557|ref|NR_026149.1|	98.636	440	6	0	1	440	325	764	0.0	780	36850
e83dff676a5810dc6083c244430b6656	gi|219846575|ref|NR_026167.1|	97.964	442	6	2	1	440	246	686	0.0	767	36834
e83dff676a5810dc6083c244430b6656	gi|2363082288|ref|NR_179391.1|	97.727	440	10	0	1	440	332	771	0.0	758	1499684
e83dff676a5810dc6083c244430b6656	gi|219846422|ref|NR_026013.1|	97.500	440	11	0	1	440	333	772	0.0	752	46867
e83dff676a5810dc6083c244430b6656	gi|631252127|ref|NR_113325.1|	97.273	440	12	0	1	440	333	772	0.0	747	1559
e83dff676a5810dc6083c244430b6656	gi|219846898|ref|NR_026490.1|	97.273	440	12	0	1	440	320	759	0.0	747	84031
e83dff676a5810dc6083c244430b6656	gi|310975222|ref|NR_037086.1|	97.273	440	12	0	1	440	316	755	0.0	747	1559
e83dff676a5810dc6083c244430b6656	gi|636558671|ref|NR_114728.1|	97.273	440	12	0	1	440	287	726	0.0	747	1559
95607e12dc148f55e12c99b21afe9513	gi|3248465636|ref|NR_201647.1|	99.318	440	3	0	1	440	300	739	0.0	797	3380806
95607e12dc148f55e12c99b21afe9513	gi|343198924|ref|NR_044048.1|	99.318	440	3	0	1	440	328	767	0.0	797	470146
95607e12dc148f55e12c99b21afe9513	gi|1116030277|ref|NR_144735.1|	98.864	440	5	0	1	440	350	789	0.0	785	1745713
95607e12dc148f55e12c99b21afe9513	gi|2363082603|ref|NR_179548.1|	97.045	440	13	0	1	440	348	787	0.0	743	1870993
95607e12dc148f55e12c99b21afe9513	gi|265678940|ref|NR_029248.1|	96.591	440	13	2	1	440	349	786	0.0	730	500632
95607e12dc148f55e12c99b21afe9513	gi|2363084846|ref|NR_180671.1|	95.909	440	18	0	1	440	63	502	0.0	713	2594882
95607e12dc148f55e12c99b21afe9513	gi|2962412221|ref|NR_199415.1|	95.909	440	18	0	1	440	338	777	0.0	713	3136600
95607e12dc148f55e12c99b21afe9513	gi|2363086021|ref|NR_181263.1|	95.909	440	18	0	1	440	334	773	0.0	713	2726362
95607e12dc148f55e12c99b21afe9513	gi|2363086282|ref|NR_181393.1|	95.701	442	15	4	1	440	290	729	0.0	708	2763664
95607e12dc148f55e12c99b21afe9513	gi|343203027|ref|NR_043551.1|	95.682	440	19	0	1	440	349	788	0.0	708	341220
6f2bb14edbef3481c60b09aef6933feb	gi|1116030282|ref|NR_144740.1|	99.317	439	3	0	1	439	321	759	0.0	795	1776391
6f2bb14edbef3481c60b09aef6933feb	gi|974142280|ref|NR_134800.1|	98.633	439	6	0	1	439	255	693	0.0	778	1368474
6f2bb14edbef3481c60b09aef6933feb	gi|672239008|ref|NR_125597.1|	97.959	441	7	2	1	439	318	758	0.0	763	1115758
6f2bb14edbef3481c60b09aef6933feb	gi|2363083072|ref|NR_179784.1|	97.950	439	9	0	1	439	301	739	0.0	761	2020948
6f2bb14edbef3481c60b09aef6933feb	gi|2363082877|ref|NR_179687.1|	97.267	439	12	0	1	439	273	711	0.0	745	2662455
6f2bb14edbef3481c60b09aef6933feb	gi|1230874654|ref|NR_148815.1|	97.267	439	12	0	1	439	319	757	0.0	745	1629550
6f2bb14edbef3481c60b09aef6933feb	gi|631252125|ref|NR_113323.1|	97.267	439	12	0	1	439	319	757	0.0	745	1490
6f2bb14edbef3481c60b09aef6933feb	gi|1269785414|ref|NR_118728.2|	97.039	439	13	0	1	439	330	768	0.0	743	1121325
6f2bb14edbef3481c60b09aef6933feb	gi|631250974|ref|NR_112171.1|	97.039	439	13	0	1	439	309	747	0.0	739	1490
6f2bb14edbef3481c60b09aef6933feb	gi|1040567059|ref|NR_137408.1|	96.811	439	14	0	1	439	290	728	0.0	734	1460447
f2b9212f1c3f3c28ada0bbe01721f8bc	gi|631251955|ref|NR_113153.1|	99.348	460	3	0	1	460	334	793	0.0	833	328814
f2b9212f1c3f3c28ada0bbe01721f8bc	gi|343202834|ref|NR_043319.1|	99.130	460	4	0	1	460	323	782	0.0	830	717959
f2b9212f1c3f3c28ada0bbe01721f8bc	gi|507148054|ref|NR_102861.1|	99.130	460	4	0	1	460	334	793	0.0	828	717959
f2b9212f1c3f3c28ada0bbe01721f8bc	gi|507148137|ref|NR_102944.1|	98.043	460	9	0	1	460	334	793	0.0	800	214856
f2b9212f1c3f3c28ada0bbe01721f8bc	gi|343198609|ref|NR_043064.1|	98.043	460	9	0	1	460	314	773	0.0	800	214856
f2b9212f1c3f3c28ada0bbe01721f8bc	gi|631251952|ref|NR_113150.1|	97.826	460	10	0	1	460	334	793	0.0	795	214856
f2b9212f1c3f3c28ada0bbe01721f8bc	gi|636559243|ref|NR_115300.1|	97.609	460	11	0	1	460	314	773	0.0	789	679935
f2b9212f1c3f3c28ada0bbe01721f8bc	gi|2363086959|ref|NR_181736.1|	97.391	460	12	0	1	460	334	793	0.0	784	2834113
f2b9212f1c3f3c28ada0bbe01721f8bc	gi|645321193|ref|NR_118219.1|	96.957	460	14	0	1	460	332	791	0.0	773	1033732
f2b9212f1c3f3c28ada0bbe01721f8bc	gi|2363082505|ref|NR_179499.1|	96.739	460	15	0	1	460	342	801	0.0	767	2364787
7e3f870a8c26726ec4251407a6ba80e1	gi|631251734|ref|NR_112932.1|	99.130	460	4	0	1	460	328	787	0.0	828	47678
7e3f870a8c26726ec4251407a6ba80e1	gi|219846650|ref|NR_026242.1|	99.130	460	4	0	1	460	318	777	0.0	828	47678
7e3f870a8c26726ec4251407a6ba80e1	gi|631251869|ref|NR_113067.1|	96.957	460	14	0	1	460	325	784	0.0	773	1077285
7e3f870a8c26726ec4251407a6ba80e1	gi|343200626|ref|NR_041313.1|	96.957	460	14	0	1	460	340	799	0.0	773	338188
7e3f870a8c26726ec4251407a6ba80e1	gi|645320100|ref|NR_117387.1|	96.739	460	15	0	1	460	320	779	0.0	767	1077285
7e3f870a8c26726ec4251407a6ba80e1	gi|631251749|ref|NR_112947.1|	96.522	460	16	0	1	460	326	785	0.0	763	657309
7e3f870a8c26726ec4251407a6ba80e1	gi|2363084431|ref|NR_180463.1|	96.522	460	16	0	1	460	340	799	0.0	761	2650158
7e3f870a8c26726ec4251407a6ba80e1	gi|2363084421|ref|NR_180458.1|	96.522	460	16	0	1	460	340	799	0.0	761	2650157
7e3f870a8c26726ec4251407a6ba80e1	gi|631251733|ref|NR_112931.1|	96.522	460	16	0	1	460	340	799	0.0	761	85831
7e3f870a8c26726ec4251407a6ba80e1	gi|343201773|ref|NR_042499.1|	96.522	460	16	0	1	460	294	753	0.0	761	657309
026268ee6aba37fbeba0056db7579ed7	gi|631251953|ref|NR_113151.1|	99.130	460	4	0	1	460	338	797	0.0	828	328813
026268ee6aba37fbeba0056db7579ed7	gi|343202833|ref|NR_043318.1|	99.130	460	4	0	1	460	324	783	0.0	828	328813
026268ee6aba37fbeba0056db7579ed7	gi|2363082099|ref|NR_179296.1|	97.174	460	13	0	1	460	324	783	0.0	778	2585119
026268ee6aba37fbeba0056db7579ed7	gi|507148054|ref|NR_102861.1|	96.739	460	15	0	1	460	334	793	0.0	767	717959
026268ee6aba37fbeba0056db7579ed7	gi|672239000|ref|NR_125589.1|	96.746	461	13	2	1	460	269	728	0.0	767	1033731
026268ee6aba37fbeba0056db7579ed7	gi|343202834|ref|NR_043319.1|	96.522	460	16	0	1	460	323	782	0.0	763	717959
026268ee6aba37fbeba0056db7579ed7	gi|2363082505|ref|NR_179499.1|	96.522	460	16	0	1	460	342	801	0.0	761	2364787
026268ee6aba37fbeba0056db7579ed7	gi|507148137|ref|NR_102944.1|	96.522	460	16	0	1	460	334	793	0.0	761	214856
026268ee6aba37fbeba0056db7579ed7	gi|631251955|ref|NR_113153.1|	96.522	460	16	0	1	460	334	793	0.0	761	328814
026268ee6aba37fbeba0056db7579ed7	gi|636559243|ref|NR_115300.1|	96.522	460	16	0	1	460	314	773	0.0	761	679935
30dba56a0e0ced0334b6d55b274b1adf	gi|559795255|ref|NR_104846.1|	98.636	440	6	0	1	440	288	727	0.0	780	745368
30dba56a0e0ced0334b6d55b274b1adf	gi|265678692|ref|NR_028997.1|	98.186	441	7	1	1	440	303	743	0.0	769	214851
30dba56a0e0ced0334b6d55b274b1adf	gi|2363084747|ref|NR_180622.1|	94.318	440	25	0	1	440	335	774	0.0	675	2779354
30dba56a0e0ced0334b6d55b274b1adf	gi|1397641802|ref|NR_156911.1|	93.864	440	27	0	1	440	351	790	0.0	664	1650663
30dba56a0e0ced0334b6d55b274b1adf	gi|1277396189|ref|NR_151900.1|	93.409	440	29	0	1	440	351	790	0.0	652	1550024
30dba56a0e0ced0334b6d55b274b1adf	gi|3030611269|ref|NR_199945.1|	93.182	440	30	0	1	440	335	774	0.0	647	3435293
30dba56a0e0ced0334b6d55b274b1adf	gi|2363082282|ref|NR_179388.1|	93.182	440	30	0	1	440	335	774	0.0	647	2935520
30dba56a0e0ced0334b6d55b274b1adf	gi|265678656|ref|NR_028961.1|	93.182	440	30	0	1	440	327	766	0.0	647	853
30dba56a0e0ced0334b6d55b274b1adf	gi|2363082356|ref|NR_179425.1|	92.744	441	30	2	1	440	351	790	0.0	636	1689304
30dba56a0e0ced0334b6d55b274b1adf	gi|2363081451|ref|NR_178972.1|	92.727	440	32	0	1	440	285	724	0.0	636	1851428
8f1639c0a84861cc25094b635c815f00	gi|343201773|ref|NR_042499.1|	99.348	460	3	0	1	460	294	753	0.0	833	657309
8f1639c0a84861cc25094b635c815f00	gi|631251749|ref|NR_112947.1|	99.130	460	4	0	1	460	326	785	0.0	830	657309
8f1639c0a84861cc25094b635c815f00	gi|2363084431|ref|NR_180463.1|	98.913	460	5	0	1	460	340	799	0.0	822	2650158
8f1639c0a84861cc25094b635c815f00	gi|631251733|ref|NR_112931.1|	98.478	460	7	0	1	460	340	799	0.0	811	85831
8f1639c0a84861cc25094b635c815f00	gi|265678305|ref|NR_028607.1|	98.475	459	7	0	2	460	333	791	0.0	809	85831
8f1639c0a84861cc25094b635c815f00	gi|631252008|ref|NR_113206.1|	97.826	460	10	0	1	460	336	795	0.0	795	1236513
8f1639c0a84861cc25094b635c815f00	gi|645322410|ref|NR_119165.1|	97.391	460	12	0	1	460	319	778	0.0	791	28116
8f1639c0a84861cc25094b635c815f00	gi|631251869|ref|NR_113067.1|	97.391	460	12	0	1	460	325	784	0.0	784	1077285
8f1639c0a84861cc25094b635c815f00	gi|645320100|ref|NR_117387.1|	97.391	460	12	0	1	460	320	779	0.0	784	1077285
8f1639c0a84861cc25094b635c815f00	gi|343200626|ref|NR_041313.1|	97.391	460	12	0	1	460	340	799	0.0	784	338188
cb6a247f0ece7bf001b57140997eb9ac	gi|939733298|ref|NR_133025.1|	99.130	460	4	0	1	460	275	734	0.0	828	2585118
cb6a247f0ece7bf001b57140997eb9ac	gi|631251954|ref|NR_113152.1|	95.000	460	23	0	1	460	337	796	0.0	723	28117
cb6a247f0ece7bf001b57140997eb9ac	gi|2363082099|ref|NR_179296.1|	94.565	460	25	0	1	460	324	783	0.0	712	2585119
cb6a247f0ece7bf001b57140997eb9ac	gi|672239000|ref|NR_125589.1|	94.577	461	23	2	1	460	269	728	0.0	712	1033731
cb6a247f0ece7bf001b57140997eb9ac	gi|2363086959|ref|NR_181736.1|	94.360	461	24	2	1	460	334	793	0.0	706	2834113
cb6a247f0ece7bf001b57140997eb9ac	gi|507148054|ref|NR_102861.1|	94.360	461	24	2	1	460	334	793	0.0	706	717959
cb6a247f0ece7bf001b57140997eb9ac	gi|645321193|ref|NR_118219.1|	94.360	461	24	2	1	460	332	791	0.0	706	1033732
cb6a247f0ece7bf001b57140997eb9ac	gi|343202834|ref|NR_043319.1|	94.143	461	25	2	1	460	323	782	0.0	702	717959
cb6a247f0ece7bf001b57140997eb9ac	gi|631251955|ref|NR_113153.1|	94.143	461	25	2	1	460	334	793	0.0	701	328814
cb6a247f0ece7bf001b57140997eb9ac	gi|2363082505|ref|NR_179499.1|	93.737	463	23	6	1	460	342	801	0.0	689	2364787
97519efa1cdff09f508a8e837d8f33e5	gi|3248465636|ref|NR_201647.1|	99.091	440	4	0	1	440	300	739	0.0	791	3380806
97519efa1cdff09f508a8e837d8f33e5	gi|343198924|ref|NR_044048.1|	99.091	440	4	0	1	440	328	767	0.0	791	470146
97519efa1cdff09f508a8e837d8f33e5	gi|1116030277|ref|NR_144735.1|	98.636	440	6	0	1	440	350	789	0.0	780	1745713
97519efa1cdff09f508a8e837d8f33e5	gi|2363082603|ref|NR_179548.1|	96.818	440	14	0	1	440	348	787	0.0	737	1870993
97519efa1cdff09f508a8e837d8f33e5	gi|265678940|ref|NR_029248.1|	96.364	440	14	2	1	440	349	786	0.0	725	500632
97519efa1cdff09f508a8e837d8f33e5	gi|2363084846|ref|NR_180671.1|	95.682	440	19	0	1	440	63	502	0.0	708	2594882
97519efa1cdff09f508a8e837d8f33e5	gi|2962412221|ref|NR_199415.1|	95.682	440	19	0	1	440	338	777	0.0	708	3136600
97519efa1cdff09f508a8e837d8f33e5	gi|2363086021|ref|NR_181263.1|	95.682	440	19	0	1	440	334	773	0.0	708	2726362
97519efa1cdff09f508a8e837d8f33e5	gi|2363086282|ref|NR_181393.1|	95.475	442	16	4	1	440	290	729	0.0	702	2763664
97519efa1cdff09f508a8e837d8f33e5	gi|343203027|ref|NR_043551.1|	95.455	440	20	0	1	440	349	788	0.0	702	341220
c0fb7fed598f34ef4d3a6a5fc3c21cf9	gi|559795255|ref|NR_104846.1|	98.409	440	7	0	1	440	288	727	0.0	774	745368
c0fb7fed598f34ef4d3a6a5fc3c21cf9	gi|265678692|ref|NR_028997.1|	97.959	441	8	1	1	440	303	743	0.0	763	214851
c0fb7fed598f34ef4d3a6a5fc3c21cf9	gi|2363084747|ref|NR_180622.1|	94.091	440	26	0	1	440	335	774	0.0	669	2779354
c0fb7fed598f34ef4d3a6a5fc3c21cf9	gi|1397641802|ref|NR_156911.1|	93.636	440	28	0	1	440	351	790	0.0	658	1650663
c0fb7fed598f34ef4d3a6a5fc3c21cf9	gi|1277396189|ref|NR_151900.1|	93.182	440	30	0	1	440	351	790	0.0	647	1550024
c0fb7fed598f34ef4d3a6a5fc3c21cf9	gi|3030611269|ref|NR_199945.1|	92.955	440	31	0	1	440	335	774	0.0	641	3435293
c0fb7fed598f34ef4d3a6a5fc3c21cf9	gi|2363082282|ref|NR_179388.1|	92.955	440	31	0	1	440	335	774	0.0	641	2935520
c0fb7fed598f34ef4d3a6a5fc3c21cf9	gi|265678656|ref|NR_028961.1|	92.955	440	31	0	1	440	327	766	0.0	641	853
c0fb7fed598f34ef4d3a6a5fc3c21cf9	gi|2363082356|ref|NR_179425.1|	92.517	441	31	2	1	440	351	790	2.09e-180	630	1689304
c0fb7fed598f34ef4d3a6a5fc3c21cf9	gi|2363081451|ref|NR_178972.1|	92.500	440	33	0	1	440	285	724	2.09e-180	630	1851428
334cc73a7853b679cb41a1fab77c4b97	gi|636558732|ref|NR_114789.1|	99.318	440	3	0	1	440	347	786	0.0	797	1535
334cc73a7853b679cb41a1fab77c4b97	gi|2363082767|ref|NR_179632.1|	94.318	440	25	0	1	440	337	776	0.0	675	2014781
334cc73a7853b679cb41a1fab77c4b97	gi|3248465687|ref|NR_201701.1|	94.131	443	23	1	1	440	330	772	0.0	671	3435187
334cc73a7853b679cb41a1fab77c4b97	gi|3248465688|ref|NR_201702.1|	94.131	443	23	1	1	440	328	770	0.0	671	3435000
334cc73a7853b679cb41a1fab77c4b97	gi|2836274967|ref|NR_197730.1|	93.409	440	29	0	1	440	312	751	0.0	652	3093658
334cc73a7853b679cb41a1fab77c4b97	gi|2180566484|ref|NR_174324.1|	93.409	440	29	0	1	440	346	785	0.0	652	2576756
334cc73a7853b679cb41a1fab77c4b97	gi|2836274966|ref|NR_197729.1|	93.182	440	30	0	1	440	304	743	0.0	647	3093657
334cc73a7853b679cb41a1fab77c4b97	gi|1109168013|ref|NR_144605.1|	93.182	440	30	0	1	440	367	806	0.0	647	1796620
334cc73a7853b679cb41a1fab77c4b97	gi|1116030278|ref|NR_144736.1|	93.182	440	30	0	1	440	360	799	0.0	647	1776382
334cc73a7853b679cb41a1fab77c4b97	gi|2363085985|ref|NR_181245.1|	93.182	440	30	0	1	440	284	723	0.0	647	2666138
a26b55be89d0eecfa2ce999181ea3e6f	gi|343201773|ref|NR_042499.1|	99.130	460	4	0	1	460	294	753	0.0	828	657309
a26b55be89d0eecfa2ce999181ea3e6f	gi|631251749|ref|NR_112947.1|	98.913	460	5	0	1	460	326	785	0.0	824	657309
a26b55be89d0eecfa2ce999181ea3e6f	gi|2363084431|ref|NR_180463.1|	98.696	460	6	0	1	460	340	799	0.0	817	2650158
a26b55be89d0eecfa2ce999181ea3e6f	gi|631251733|ref|NR_112931.1|	98.261	460	8	0	1	460	340	799	0.0	806	85831
a26b55be89d0eecfa2ce999181ea3e6f	gi|265678305|ref|NR_028607.1|	98.257	459	8	0	2	460	333	791	0.0	804	85831
a26b55be89d0eecfa2ce999181ea3e6f	gi|631252008|ref|NR_113206.1|	97.609	460	11	0	1	460	336	795	0.0	789	1236513
a26b55be89d0eecfa2ce999181ea3e6f	gi|645322410|ref|NR_119165.1|	97.174	460	13	0	1	460	319	778	0.0	785	28116
a26b55be89d0eecfa2ce999181ea3e6f	gi|631251869|ref|NR_113067.1|	97.174	460	13	0	1	460	325	784	0.0	778	1077285
a26b55be89d0eecfa2ce999181ea3e6f	gi|645320100|ref|NR_117387.1|	97.174	460	13	0	1	460	320	779	0.0	778	1077285
a26b55be89d0eecfa2ce999181ea3e6f	gi|343200626|ref|NR_041313.1|	97.174	460	13	0	1	460	340	799	0.0	778	338188
e5867682495b9c2e21baac37718fa996	gi|631251967|ref|NR_113165.1|	99.318	440	3	0	1	440	328	767	0.0	797	147207
e5867682495b9c2e21baac37718fa996	gi|631251966|ref|NR_113164.1|	99.318	440	3	0	1	440	328	767	0.0	797	147206
e5867682495b9c2e21baac37718fa996	gi|228715356|ref|NR_027528.1|	98.636	440	4	2	1	440	325	762	0.0	778	147207
e5867682495b9c2e21baac37718fa996	gi|228715355|ref|NR_027527.1|	98.405	439	4	3	2	440	325	760	0.0	769	147206
e5867682495b9c2e21baac37718fa996	gi|1193829156|ref|NR_147399.1|	97.727	440	10	0	1	440	328	767	0.0	758	1871016
e5867682495b9c2e21baac37718fa996	gi|2363082597|ref|NR_179545.1|	97.045	440	13	0	1	440	328	767	0.0	741	1870987
e5867682495b9c2e21baac37718fa996	gi|1193829136|ref|NR_147379.1|	95.909	440	18	0	1	440	328	767	0.0	713	1907654
e5867682495b9c2e21baac37718fa996	gi|2363082703|ref|NR_179599.1|	95.455	440	20	0	1	440	308	747	0.0	702	1937461
e5867682495b9c2e21baac37718fa996	gi|631252075|ref|NR_113273.1|	95.465	441	18	2	1	440	328	767	0.0	702	742742
e5867682495b9c2e21baac37718fa996	gi|631251701|ref|NR_112899.1|	95.465	441	18	2	1	440	319	758	0.0	702	742742
2f15a9b582b8cf20d98302d80acd2074	gi|631251744|ref|NR_112942.1|	99.565	460	2	0	1	460	323	782	0.0	839	291644
2f15a9b582b8cf20d98302d80acd2074	gi|343202632|ref|NR_043016.1|	99.348	460	3	0	1	460	316	775	0.0	833	291644
2f15a9b582b8cf20d98302d80acd2074	gi|631252008|ref|NR_113206.1|	97.609	460	11	0	1	460	336	795	0.0	789	1236513
2f15a9b582b8cf20d98302d80acd2074	gi|444303855|ref|NR_074277.1|	97.180	461	11	2	1	460	352	811	0.0	778	818
2f15a9b582b8cf20d98302d80acd2074	gi|631251869|ref|NR_113067.1|	97.180	461	11	2	1	460	325	784	0.0	778	1077285
2f15a9b582b8cf20d98302d80acd2074	gi|631251746|ref|NR_112944.1|	97.180	461	11	2	1	460	324	783	0.0	778	818
2f15a9b582b8cf20d98302d80acd2074	gi|631251741|ref|NR_112939.1|	96.957	460	14	0	1	460	334	793	0.0	773	1203608
2f15a9b582b8cf20d98302d80acd2074	gi|645320100|ref|NR_117387.1|	96.957	460	14	0	1	460	320	779	0.0	773	1077285
2f15a9b582b8cf20d98302d80acd2074	gi|343202633|ref|NR_043017.1|	96.957	460	14	0	1	460	314	773	0.0	773	1203608
2f15a9b582b8cf20d98302d80acd2074	gi|2363084421|ref|NR_180458.1|	96.746	461	13	2	1	460	340	799	0.0	767	2650157
d0befe9d722691ed6cb8a9ef888720b9	gi|2363082569|ref|NR_179531.1|	98.869	442	5	0	1	442	347	788	0.0	789	1852369
d0befe9d722691ed6cb8a9ef888720b9	gi|1269801610|ref|NR_074793.2|	94.118	442	26	0	1	442	355	796	0.0	673	351091
d0befe9d722691ed6cb8a9ef888720b9	gi|343200653|ref|NR_041340.1|	94.118	442	26	0	1	442	328	769	0.0	673	351091
d0befe9d722691ed6cb8a9ef888720b9	gi|2260349448|ref|NR_176530.1|	93.891	442	27	0	1	442	358	799	0.0	667	2093857
d0befe9d722691ed6cb8a9ef888720b9	gi|2363082559|ref|NR_179526.1|	93.891	442	27	0	1	442	349	790	0.0	667	1841866
d0befe9d722691ed6cb8a9ef888720b9	gi|645321110|ref|NR_118156.1|	93.665	442	28	0	1	442	304	745	0.0	662	1007096
d0befe9d722691ed6cb8a9ef888720b9	gi|2962412234|ref|NR_199428.1|	92.986	442	31	0	1	442	352	793	0.0	645	3073143
d0befe9d722691ed6cb8a9ef888720b9	gi|2363082170|ref|NR_179331.1|	92.777	443	31	1	1	442	328	770	0.0	640	2714358
d0befe9d722691ed6cb8a9ef888720b9	gi|2363082168|ref|NR_179330.1|	92.568	444	29	4	1	442	327	768	0.0	634	2714355
d0befe9d722691ed6cb8a9ef888720b9	gi|2363087001|ref|NR_181757.1|	92.342	444	30	4	1	442	289	730	7.54e-180	628	2841504
01d40e0a8a3588c060929a1231c76fc5	gi|2363082168|ref|NR_179330.1|	99.548	442	2	0	1	442	327	768	0.0	806	2714355
01d40e0a8a3588c060929a1231c76fc5	gi|2363082165|ref|NR_179329.1|	98.869	442	5	0	1	442	327	768	0.0	789	2714353
01d40e0a8a3588c060929a1231c76fc5	gi|645321110|ref|NR_118156.1|	94.582	443	22	2	1	442	304	745	0.0	684	1007096
01d40e0a8a3588c060929a1231c76fc5	gi|2962412234|ref|NR_199428.1|	94.357	443	23	2	1	442	352	793	0.0	678	3073143
01d40e0a8a3588c060929a1231c76fc5	gi|2363087001|ref|NR_181757.1|	93.933	445	21	6	1	442	289	730	0.0	667	2841504
01d40e0a8a3588c060929a1231c76fc5	gi|1109168025|ref|NR_144611.1|	93.933	445	22	3	1	442	282	724	0.0	667	1417852
01d40e0a8a3588c060929a1231c76fc5	gi|1269801610|ref|NR_074793.2|	93.679	443	26	2	1	442	355	796	0.0	662	351091
01d40e0a8a3588c060929a1231c76fc5	gi|343200653|ref|NR_041340.1|	93.679	443	26	2	1	442	328	769	0.0	662	351091
01d40e0a8a3588c060929a1231c76fc5	gi|2260349448|ref|NR_176530.1|	93.454	443	27	2	1	442	358	799	0.0	656	2093857
01d40e0a8a3588c060929a1231c76fc5	gi|2136551692|ref|NR_173697.1|	93.439	442	29	0	1	442	349	790	0.0	656	2108523
a9b0d072bd34d13bade7600dab273289	gi|2260349448|ref|NR_176530.1|	99.321	442	3	0	1	442	358	799	0.0	800	2093857
a9b0d072bd34d13bade7600dab273289	gi|2363082559|ref|NR_179526.1|	99.321	442	3	0	1	442	349	790	0.0	800	1841866
a9b0d072bd34d13bade7600dab273289	gi|645321110|ref|NR_118156.1|	95.475	442	20	0	1	442	304	745	0.0	706	1007096
a9b0d072bd34d13bade7600dab273289	gi|2962412234|ref|NR_199428.1|	95.249	442	21	0	1	442	352	793	0.0	701	3073143
a9b0d072bd34d13bade7600dab273289	gi|2363087001|ref|NR_181757.1|	94.820	444	19	4	1	442	289	730	0.0	689	2841504
a9b0d072bd34d13bade7600dab273289	gi|2363082170|ref|NR_179331.1|	94.808	443	22	1	1	442	328	770	0.0	689	2714358
a9b0d072bd34d13bade7600dab273289	gi|1269801610|ref|NR_074793.2|	94.118	442	26	0	1	442	355	796	0.0	673	351091
a9b0d072bd34d13bade7600dab273289	gi|343200653|ref|NR_041340.1|	94.118	442	26	0	1	442	328	769	0.0	673	351091
a9b0d072bd34d13bade7600dab273289	gi|2363082569|ref|NR_179531.1|	93.891	442	27	0	1	442	347	788	0.0	667	1852369
a9b0d072bd34d13bade7600dab273289	gi|2363082165|ref|NR_179329.1|	93.454	443	27	2	1	442	327	768	0.0	656	2714353
3e96e2d9c39f3b61fb53318b17cf42ab	gi|631251879|ref|NR_113077.1|	98.693	459	6	0	1	459	329	787	0.0	815	454154
3e96e2d9c39f3b61fb53318b17cf42ab	gi|343200939|ref|NR_041626.1|	98.693	459	6	0	1	459	321	779	0.0	815	762968
3e96e2d9c39f3b61fb53318b17cf42ab	gi|631251880|ref|NR_113078.1|	92.593	459	34	0	1	459	339	797	0.0	660	454155
3e96e2d9c39f3b61fb53318b17cf42ab	gi|343200940|ref|NR_041627.1|	92.593	459	34	0	1	459	319	777	0.0	660	762982
3e96e2d9c39f3b61fb53318b17cf42ab	gi|343200759|ref|NR_041446.1|	89.201	463	43	6	1	459	323	782	1.34e-162	571	376804
3e96e2d9c39f3b61fb53318b17cf42ab	gi|2363082635|ref|NR_179564.1|	88.337	463	47	7	1	459	338	797	6.28e-156	549	1903262
3e96e2d9c39f3b61fb53318b17cf42ab	gi|343200761|ref|NR_041448.1|	87.446	462	53	5	1	459	322	781	2.94e-149	527	376806
3e96e2d9c39f3b61fb53318b17cf42ab	gi|2363086250|ref|NR_181377.1|	87.229	462	54	5	1	459	343	802	1.37e-147	521	2763138
3e96e2d9c39f3b61fb53318b17cf42ab	gi|631251867|ref|NR_113065.1|	87.041	463	53	6	1	459	338	797	6.37e-146	516	762984
3e96e2d9c39f3b61fb53318b17cf42ab	gi|343202632|ref|NR_043016.1|	86.825	463	54	6	1	459	316	775	2.96e-144	510	291644
9d4afe36c762530b27a79bc4ffe147ce	gi|507148137|ref|NR_102944.1|	99.348	460	3	0	1	460	334	793	0.0	833	214856
9d4afe36c762530b27a79bc4ffe147ce	gi|343198609|ref|NR_043064.1|	99.348	460	3	0	1	460	314	773	0.0	833	214856
9d4afe36c762530b27a79bc4ffe147ce	gi|631251952|ref|NR_113150.1|	99.130	460	4	0	1	460	334	793	0.0	828	214856
9d4afe36c762530b27a79bc4ffe147ce	gi|636559243|ref|NR_115300.1|	98.913	460	5	0	1	460	314	773	0.0	822	679935
9d4afe36c762530b27a79bc4ffe147ce	gi|631251955|ref|NR_113153.1|	98.043	460	9	0	1	460	334	793	0.0	800	328814
9d4afe36c762530b27a79bc4ffe147ce	gi|343202834|ref|NR_043319.1|	97.826	460	10	0	1	460	323	782	0.0	797	717959
9d4afe36c762530b27a79bc4ffe147ce	gi|507148054|ref|NR_102861.1|	97.826	460	10	0	1	460	334	793	0.0	795	717959
9d4afe36c762530b27a79bc4ffe147ce	gi|631251953|ref|NR_113151.1|	96.739	460	15	0	1	460	338	797	0.0	767	328813
9d4afe36c762530b27a79bc4ffe147ce	gi|343202833|ref|NR_043318.1|	96.739	460	15	0	1	460	324	783	0.0	767	328813
9d4afe36c762530b27a79bc4ffe147ce	gi|672239000|ref|NR_125589.1|	96.522	460	16	0	1	460	269	728	0.0	761	1033731
1a7e4946f352ab89d539cda220ef927f	gi|2363082679|ref|NR_179587.1|	95.682	440	19	0	1	440	328	767	0.0	708	1926283
1a7e4946f352ab89d539cda220ef927f	gi|1193829153|ref|NR_147396.1|	95.682	440	19	0	1	440	328	767	0.0	708	1917870
1a7e4946f352ab89d539cda220ef927f	gi|2363081854|ref|NR_179173.1|	95.682	440	19	0	1	440	333	772	0.0	708	2126740
1a7e4946f352ab89d539cda220ef927f	gi|2836274880|ref|NR_197643.1|	95.227	440	21	0	1	440	329	768	0.0	697	2962432
1a7e4946f352ab89d539cda220ef927f	gi|1384992332|ref|NR_156081.1|	95.227	440	21	0	1	440	336	775	0.0	697	1469948
1a7e4946f352ab89d539cda220ef927f	gi|1384992329|ref|NR_156078.1|	95.227	440	21	0	1	440	336	775	0.0	697	1469948
1a7e4946f352ab89d539cda220ef927f	gi|2363080261|ref|NR_178356.1|	95.227	440	21	0	1	440	313	752	0.0	697	558153
1a7e4946f352ab89d539cda220ef927f	gi|310975204|ref|NR_037068.1|	95.227	440	21	0	1	440	341	780	0.0	697	29375
1a7e4946f352ab89d539cda220ef927f	gi|219846508|ref|NR_026100.1|	95.227	440	21	0	1	440	323	762	0.0	697	1286362
1a7e4946f352ab89d539cda220ef927f	gi|343201474|ref|NR_042200.1|	95.227	440	21	0	1	440	318	757	0.0	697	333367
998c9e161d6d0e8769ead2ca924145fb	gi|631251869|ref|NR_113067.1|	98.261	460	8	0	1	460	325	784	0.0	806	1077285
998c9e161d6d0e8769ead2ca924145fb	gi|645320100|ref|NR_117387.1|	98.261	460	8	0	1	460	320	779	0.0	806	1077285
998c9e161d6d0e8769ead2ca924145fb	gi|444303855|ref|NR_074277.1|	98.043	460	9	0	1	460	352	811	0.0	800	818
998c9e161d6d0e8769ead2ca924145fb	gi|631252008|ref|NR_113206.1|	98.043	460	9	0	1	460	336	795	0.0	800	1236513
998c9e161d6d0e8769ead2ca924145fb	gi|631251746|ref|NR_112944.1|	98.043	460	9	0	1	460	324	783	0.0	800	818
998c9e161d6d0e8769ead2ca924145fb	gi|2363084421|ref|NR_180458.1|	97.826	460	10	0	1	460	340	799	0.0	795	2650157
998c9e161d6d0e8769ead2ca924145fb	gi|631251749|ref|NR_112947.1|	97.391	460	12	0	1	460	326	785	0.0	785	657309
998c9e161d6d0e8769ead2ca924145fb	gi|2363084431|ref|NR_180463.1|	97.391	460	12	0	1	460	340	799	0.0	784	2650158
998c9e161d6d0e8769ead2ca924145fb	gi|343201773|ref|NR_042499.1|	97.391	460	12	0	1	460	294	753	0.0	784	657309
998c9e161d6d0e8769ead2ca924145fb	gi|343200626|ref|NR_041313.1|	97.391	460	12	0	1	460	340	799	0.0	784	338188
46ffa426c8370f8f1b48891b1e78ea79	gi|672239000|ref|NR_125589.1|	98.261	460	8	0	1	460	269	728	0.0	806	1033731
46ffa426c8370f8f1b48891b1e78ea79	gi|2363086959|ref|NR_181736.1|	97.609	460	11	0	1	460	334	793	0.0	789	2834113
46ffa426c8370f8f1b48891b1e78ea79	gi|645321193|ref|NR_118219.1|	97.609	460	11	0	1	460	332	791	0.0	789	1033732
46ffa426c8370f8f1b48891b1e78ea79	gi|2363082531|ref|NR_179512.1|	97.391	460	12	0	1	460	338	797	0.0	785	1816676
46ffa426c8370f8f1b48891b1e78ea79	gi|2363082099|ref|NR_179296.1|	97.174	460	13	0	1	460	324	783	0.0	778	2585119
46ffa426c8370f8f1b48891b1e78ea79	gi|631251953|ref|NR_113151.1|	96.963	461	12	2	1	460	338	797	0.0	773	328813
46ffa426c8370f8f1b48891b1e78ea79	gi|343202833|ref|NR_043318.1|	96.963	461	12	2	1	460	324	783	0.0	773	328813
46ffa426c8370f8f1b48891b1e78ea79	gi|2363082505|ref|NR_179499.1|	96.537	462	12	4	1	460	342	801	0.0	761	2364787
46ffa426c8370f8f1b48891b1e78ea79	gi|631251955|ref|NR_113153.1|	96.522	460	16	0	1	460	334	793	0.0	761	328814
46ffa426c8370f8f1b48891b1e78ea79	gi|631251954|ref|NR_113152.1|	96.529	461	14	2	1	460	337	796	0.0	761	28117
e2874065e6c85f9d9e865f9a075ec508	gi|631251953|ref|NR_113151.1|	99.565	460	2	0	1	460	338	797	0.0	839	328813
e2874065e6c85f9d9e865f9a075ec508	gi|343202833|ref|NR_043318.1|	99.565	460	2	0	1	460	324	783	0.0	839	328813
e2874065e6c85f9d9e865f9a075ec508	gi|2363082099|ref|NR_179296.1|	97.609	460	11	0	1	460	324	783	0.0	789	2585119
e2874065e6c85f9d9e865f9a075ec508	gi|507148054|ref|NR_102861.1|	97.174	460	13	0	1	460	334	793	0.0	778	717959
e2874065e6c85f9d9e865f9a075ec508	gi|672239000|ref|NR_125589.1|	97.180	461	11	2	1	460	269	728	0.0	778	1033731
e2874065e6c85f9d9e865f9a075ec508	gi|343202834|ref|NR_043319.1|	96.957	460	14	0	1	460	323	782	0.0	774	717959
e2874065e6c85f9d9e865f9a075ec508	gi|2363082505|ref|NR_179499.1|	96.957	460	14	0	1	460	342	801	0.0	773	2364787
e2874065e6c85f9d9e865f9a075ec508	gi|507148137|ref|NR_102944.1|	96.957	460	14	0	1	460	334	793	0.0	773	214856
e2874065e6c85f9d9e865f9a075ec508	gi|631251955|ref|NR_113153.1|	96.957	460	14	0	1	460	334	793	0.0	773	328814
e2874065e6c85f9d9e865f9a075ec508	gi|636559243|ref|NR_115300.1|	96.957	460	14	0	1	460	314	773	0.0	773	679935
74e8a174b7bdc8fc9902e909b9e7f828	gi|2363082679|ref|NR_179587.1|	95.909	440	18	0	1	440	328	767	0.0	713	1926283
74e8a174b7bdc8fc9902e909b9e7f828	gi|1193829153|ref|NR_147396.1|	95.909	440	18	0	1	440	328	767	0.0	713	1917870
74e8a174b7bdc8fc9902e909b9e7f828	gi|2363081854|ref|NR_179173.1|	95.909	440	18	0	1	440	333	772	0.0	713	2126740
74e8a174b7bdc8fc9902e909b9e7f828	gi|2836274880|ref|NR_197643.1|	95.455	440	20	0	1	440	329	768	0.0	702	2962432
74e8a174b7bdc8fc9902e909b9e7f828	gi|1384992332|ref|NR_156081.1|	95.455	440	20	0	1	440	336	775	0.0	702	1469948
74e8a174b7bdc8fc9902e909b9e7f828	gi|1384992329|ref|NR_156078.1|	95.455	440	20	0	1	440	336	775	0.0	702	1469948
74e8a174b7bdc8fc9902e909b9e7f828	gi|2363080261|ref|NR_178356.1|	95.455	440	20	0	1	440	313	752	0.0	702	558153
74e8a174b7bdc8fc9902e909b9e7f828	gi|310975204|ref|NR_037068.1|	95.455	440	20	0	1	440	341	780	0.0	702	29375
74e8a174b7bdc8fc9902e909b9e7f828	gi|219846508|ref|NR_026100.1|	95.455	440	20	0	1	440	323	762	0.0	702	1286362
74e8a174b7bdc8fc9902e909b9e7f828	gi|343201474|ref|NR_042200.1|	95.455	440	20	0	1	440	318	757	0.0	702	333367
5762a237a8e56b2ddb68c7a0b390cd0c	gi|631251875|ref|NR_113073.1|	98.913	460	5	0	1	460	329	788	0.0	822	487174
5762a237a8e56b2ddb68c7a0b390cd0c	gi|343200981|ref|NR_041668.1|	98.913	460	5	0	1	460	321	780	0.0	822	742726
5762a237a8e56b2ddb68c7a0b390cd0c	gi|1270532346|ref|NR_121773.2|	96.095	461	16	2	1	460	348	807	0.0	750	397865
5762a237a8e56b2ddb68c7a0b390cd0c	gi|343200821|ref|NR_041508.1|	95.879	461	16	3	1	460	325	783	0.0	743	397865
5762a237a8e56b2ddb68c7a0b390cd0c	gi|2136551682|ref|NR_173687.1|	90.043	462	42	4	1	460	325	784	7.98e-170	595	2751153
5762a237a8e56b2ddb68c7a0b390cd0c	gi|1146059151|ref|NR_145883.1|	89.610	462	44	4	1	460	284	743	1.73e-166	584	1501392
5762a237a8e56b2ddb68c7a0b390cd0c	gi|1116030267|ref|NR_144725.1|	89.177	462	46	4	1	460	337	796	8.03e-165	579	1686296
5762a237a8e56b2ddb68c7a0b390cd0c	gi|1909404453|ref|NR_170508.1|	88.069	461	52	3	1	460	352	810	2.93e-154	544	2518971
5762a237a8e56b2ddb68c7a0b390cd0c	gi|2621112336|ref|NR_189240.1|	87.931	464	48	8	1	460	342	801	3.79e-153	540	2944915
5762a237a8e56b2ddb68c7a0b390cd0c	gi|2363083455|ref|NR_179976.1|	87.957	465	45	10	1	460	289	747	1.36e-152	538	2094151
20c17698766c446591a5b217753d1683	gi|631251875|ref|NR_113073.1|	99.348	460	3	0	1	460	329	788	0.0	833	487174
20c17698766c446591a5b217753d1683	gi|343200981|ref|NR_041668.1|	99.348	460	3	0	1	460	321	780	0.0	833	742726
20c17698766c446591a5b217753d1683	gi|1270532346|ref|NR_121773.2|	96.529	461	14	2	1	460	348	807	0.0	761	397865
20c17698766c446591a5b217753d1683	gi|343200821|ref|NR_041508.1|	96.312	461	14	3	1	460	325	783	0.0	754	397865
20c17698766c446591a5b217753d1683	gi|2136551682|ref|NR_173687.1|	90.476	462	40	4	1	460	325	784	3.68e-173	606	2751153
20c17698766c446591a5b217753d1683	gi|1146059151|ref|NR_145883.1|	90.043	462	42	4	1	460	284	743	7.98e-170	595	1501392
20c17698766c446591a5b217753d1683	gi|1116030267|ref|NR_144725.1|	89.610	462	44	4	1	460	337	796	3.71e-168	590	1686296
20c17698766c446591a5b217753d1683	gi|1909404453|ref|NR_170508.1|	88.503	461	50	3	1	460	352	810	1.35e-157	555	2518971
20c17698766c446591a5b217753d1683	gi|2621112336|ref|NR_189240.1|	88.362	464	46	8	1	460	342	801	1.75e-156	551	2944915
20c17698766c446591a5b217753d1683	gi|2363083455|ref|NR_179976.1|	88.387	465	43	10	1	460	289	747	6.30e-156	549	2094151
d8b64c53c0c1a11ed67dcb9d32c9b86d	gi|343200626|ref|NR_041313.1|	99.348	460	3	0	1	460	340	799	0.0	833	338188
d8b64c53c0c1a11ed67dcb9d32c9b86d	gi|2363084421|ref|NR_180458.1|	98.261	460	8	0	1	460	340	799	0.0	806	2650157
d8b64c53c0c1a11ed67dcb9d32c9b86d	gi|645320100|ref|NR_117387.1|	98.043	460	9	0	1	460	320	779	0.0	800	1077285
d8b64c53c0c1a11ed67dcb9d32c9b86d	gi|631251869|ref|NR_113067.1|	97.826	460	10	0	1	460	325	784	0.0	795	1077285
d8b64c53c0c1a11ed67dcb9d32c9b86d	gi|631251749|ref|NR_112947.1|	97.391	460	12	0	1	460	326	785	0.0	785	657309
d8b64c53c0c1a11ed67dcb9d32c9b86d	gi|2363084431|ref|NR_180463.1|	97.391	460	12	0	1	460	340	799	0.0	784	2650158
d8b64c53c0c1a11ed67dcb9d32c9b86d	gi|631251733|ref|NR_112931.1|	97.391	460	12	0	1	460	340	799	0.0	784	85831
d8b64c53c0c1a11ed67dcb9d32c9b86d	gi|343201773|ref|NR_042499.1|	97.391	460	12	0	1	460	294	753	0.0	784	657309
d8b64c53c0c1a11ed67dcb9d32c9b86d	gi|265678305|ref|NR_028607.1|	97.386	459	12	0	2	460	333	791	0.0	782	85831
d8b64c53c0c1a11ed67dcb9d32c9b86d	gi|631251734|ref|NR_112932.1|	97.174	460	13	0	1	460	328	787	0.0	778	47678
44f8c66d10a862c75a31ce0d46db235a	gi|559795255|ref|NR_104846.1|	96.364	440	16	0	1	440	288	727	0.0	725	745368
44f8c66d10a862c75a31ce0d46db235a	gi|265678692|ref|NR_028997.1|	95.465	441	19	1	1	440	303	743	0.0	702	214851
44f8c66d10a862c75a31ce0d46db235a	gi|3030611269|ref|NR_199945.1|	94.545	440	24	0	1	440	335	774	0.0	680	3435293
44f8c66d10a862c75a31ce0d46db235a	gi|265678656|ref|NR_028961.1|	94.091	440	26	0	1	440	327	766	0.0	669	853
44f8c66d10a862c75a31ce0d46db235a	gi|2363081451|ref|NR_178972.1|	93.864	440	27	0	1	440	285	724	0.0	664	1851428
44f8c66d10a862c75a31ce0d46db235a	gi|2363080123|ref|NR_178280.1|	93.864	440	27	0	1	440	331	770	0.0	664	411483
44f8c66d10a862c75a31ce0d46db235a	gi|2363081449|ref|NR_178971.1|	93.636	440	27	1	1	440	285	723	0.0	656	1851427
44f8c66d10a862c75a31ce0d46db235a	gi|2363082356|ref|NR_179425.1|	93.409	440	29	0	1	440	351	790	0.0	652	1689304
44f8c66d10a862c75a31ce0d46db235a	gi|1397641802|ref|NR_156911.1|	93.182	440	30	0	1	440	351	790	0.0	647	1650663
44f8c66d10a862c75a31ce0d46db235a	gi|2363082282|ref|NR_179388.1|	93.197	441	28	2	1	440	335	774	0.0	647	2935520
37d4e04c6ac1eb69ab2e3718cfc8b47c	gi|265678656|ref|NR_028961.1|	99.318	440	3	0	1	440	327	766	0.0	797	853
37d4e04c6ac1eb69ab2e3718cfc8b47c	gi|2363081451|ref|NR_178972.1|	98.636	440	6	0	1	440	285	724	0.0	780	1851428
37d4e04c6ac1eb69ab2e3718cfc8b47c	gi|2363080123|ref|NR_178280.1|	98.636	440	6	0	1	440	331	770	0.0	780	411483
37d4e04c6ac1eb69ab2e3718cfc8b47c	gi|3030611269|ref|NR_199945.1|	98.409	440	7	0	1	440	335	774	0.0	774	3435293
37d4e04c6ac1eb69ab2e3718cfc8b47c	gi|2363081449|ref|NR_178971.1|	98.182	440	7	1	1	440	285	723	0.0	767	1851427
37d4e04c6ac1eb69ab2e3718cfc8b47c	gi|2363082282|ref|NR_179388.1|	97.955	440	9	0	1	440	335	774	0.0	763	2935520
37d4e04c6ac1eb69ab2e3718cfc8b47c	gi|2363080175|ref|NR_178311.1|	96.818	440	14	0	1	440	412	851	0.0	736	2903556
37d4e04c6ac1eb69ab2e3718cfc8b47c	gi|1397641802|ref|NR_156911.1|	92.727	440	32	0	1	440	351	790	0.0	636	1650663
37d4e04c6ac1eb69ab2e3718cfc8b47c	gi|2363082356|ref|NR_179425.1|	92.727	440	32	0	1	440	351	790	0.0	636	1689304
37d4e04c6ac1eb69ab2e3718cfc8b47c	gi|2363084747|ref|NR_180622.1|	92.500	440	33	0	1	440	335	774	2.09e-180	630	2779354
313ce13e436bed19836246c60b5938e2	gi|631251869|ref|NR_113067.1|	98.696	460	6	0	1	460	325	784	0.0	817	1077285
313ce13e436bed19836246c60b5938e2	gi|645320100|ref|NR_117387.1|	98.696	460	6	0	1	460	320	779	0.0	817	1077285
313ce13e436bed19836246c60b5938e2	gi|444303855|ref|NR_074277.1|	98.478	460	7	0	1	460	352	811	0.0	811	818
313ce13e436bed19836246c60b5938e2	gi|631252008|ref|NR_113206.1|	98.478	460	7	0	1	460	336	795	0.0	811	1236513
313ce13e436bed19836246c60b5938e2	gi|631251746|ref|NR_112944.1|	98.478	460	7	0	1	460	324	783	0.0	811	818
313ce13e436bed19836246c60b5938e2	gi|2363084421|ref|NR_180458.1|	98.261	460	8	0	1	460	340	799	0.0	806	2650157
313ce13e436bed19836246c60b5938e2	gi|631251749|ref|NR_112947.1|	97.826	460	10	0	1	460	326	785	0.0	797	657309
313ce13e436bed19836246c60b5938e2	gi|2363084431|ref|NR_180463.1|	97.826	460	10	0	1	460	340	799	0.0	795	2650158
313ce13e436bed19836246c60b5938e2	gi|343201773|ref|NR_042499.1|	97.826	460	10	0	1	460	294	753	0.0	795	657309
313ce13e436bed19836246c60b5938e2	gi|343200626|ref|NR_041313.1|	97.826	460	10	0	1	460	340	799	0.0	795	338188
52fe93518322dfc0305980dd160c253c	gi|631251955|ref|NR_113153.1|	99.348	460	3	0	1	460	334	793	0.0	833	328814
52fe93518322dfc0305980dd160c253c	gi|343202834|ref|NR_043319.1|	99.130	460	4	0	1	460	323	782	0.0	830	717959
52fe93518322dfc0305980dd160c253c	gi|507148054|ref|NR_102861.1|	99.130	460	4	0	1	460	334	793	0.0	828	717959
52fe93518322dfc0305980dd160c253c	gi|507148137|ref|NR_102944.1|	98.043	460	9	0	1	460	334	793	0.0	800	214856
52fe93518322dfc0305980dd160c253c	gi|343198609|ref|NR_043064.1|	98.043	460	9	0	1	460	314	773	0.0	800	214856
52fe93518322dfc0305980dd160c253c	gi|631251952|ref|NR_113150.1|	97.826	460	10	0	1	460	334	793	0.0	795	214856
52fe93518322dfc0305980dd160c253c	gi|636559243|ref|NR_115300.1|	97.609	460	11	0	1	460	314	773	0.0	789	679935
52fe93518322dfc0305980dd160c253c	gi|2363086959|ref|NR_181736.1|	97.391	460	12	0	1	460	334	793	0.0	784	2834113
52fe93518322dfc0305980dd160c253c	gi|645321193|ref|NR_118219.1|	96.957	460	14	0	1	460	332	791	0.0	773	1033732
52fe93518322dfc0305980dd160c253c	gi|2363082505|ref|NR_179499.1|	96.739	460	15	0	1	460	342	801	0.0	767	2364787
4df2d756403af015bb374071b1c97e88	gi|3030611324|ref|NR_200000.1|	98.194	443	8	0	1	443	301	743	0.0	774	3342383
4df2d756403af015bb374071b1c97e88	gi|1109168025|ref|NR_144611.1|	98.194	443	8	0	1	443	282	724	0.0	774	1417852
4df2d756403af015bb374071b1c97e88	gi|2363084741|ref|NR_180619.1|	95.260	443	21	0	1	443	347	789	0.0	702	2779352
4df2d756403af015bb374071b1c97e88	gi|219846080|ref|NR_025670.1|	95.034	443	22	0	1	443	329	771	0.0	697	411467
4df2d756403af015bb374071b1c97e88	gi|2363082326|ref|NR_179410.1|	94.808	443	23	0	1	443	349	791	0.0	691	1650661
4df2d756403af015bb374071b1c97e88	gi|2136551692|ref|NR_173697.1|	94.582	443	23	1	1	443	349	790	0.0	684	2108523
4df2d756403af015bb374071b1c97e88	gi|1193829127|ref|NR_147370.1|	94.357	443	25	0	1	443	349	791	0.0	680	1870988
4df2d756403af015bb374071b1c97e88	gi|2363082358|ref|NR_179426.1|	94.357	443	25	0	1	443	349	791	0.0	680	1702285
4df2d756403af015bb374071b1c97e88	gi|645321636|ref|NR_118554.1|	94.357	443	25	0	1	443	329	771	0.0	680	1297617
4df2d756403af015bb374071b1c97e88	gi|2363082342|ref|NR_179418.1|	94.131	443	26	0	1	443	348	790	0.0	675	1673721
2318a9b84d70811dfc197f185abff28d	gi|2363081451|ref|NR_178972.1|	99.318	440	3	0	1	440	285	724	0.0	797	1851428
2318a9b84d70811dfc197f185abff28d	gi|265678656|ref|NR_028961.1|	98.636	440	6	0	1	440	327	766	0.0	780	853
2318a9b84d70811dfc197f185abff28d	gi|2363082282|ref|NR_179388.1|	98.409	440	7	0	1	440	335	774	0.0	774	2935520
2318a9b84d70811dfc197f185abff28d	gi|2363080123|ref|NR_178280.1|	98.409	440	7	0	1	440	331	770	0.0	774	411483
2318a9b84d70811dfc197f185abff28d	gi|3030611269|ref|NR_199945.1|	98.182	440	8	0	1	440	335	774	0.0	769	3435293
2318a9b84d70811dfc197f185abff28d	gi|2363081449|ref|NR_178971.1|	97.955	440	8	1	1	440	285	723	0.0	761	1851427
2318a9b84d70811dfc197f185abff28d	gi|2363080175|ref|NR_178311.1|	96.364	440	16	0	1	440	412	851	0.0	725	2903556
2318a9b84d70811dfc197f185abff28d	gi|1397641802|ref|NR_156911.1|	92.500	440	33	0	1	440	351	790	2.09e-180	630	1650663
2318a9b84d70811dfc197f185abff28d	gi|2363084747|ref|NR_180622.1|	92.500	440	33	0	1	440	335	774	2.09e-180	630	2779354
2318a9b84d70811dfc197f185abff28d	gi|2363082356|ref|NR_179425.1|	92.290	441	32	2	1	440	351	790	9.71e-179	625	1689304
98ead508bda553f500ae9957ea8c1cb6	gi|3030611324|ref|NR_200000.1|	96.614	443	15	0	1	443	301	743	0.0	736	3342383
98ead508bda553f500ae9957ea8c1cb6	gi|1109168025|ref|NR_144611.1|	96.622	444	13	2	1	443	282	724	0.0	736	1417852
98ead508bda553f500ae9957ea8c1cb6	gi|343198636|ref|NR_043142.1|	95.260	443	21	0	1	443	323	765	0.0	702	292800
98ead508bda553f500ae9957ea8c1cb6	gi|265679048|ref|NR_029356.1|	95.260	443	21	0	1	443	336	778	0.0	702	292800
98ead508bda553f500ae9957ea8c1cb6	gi|2363082326|ref|NR_179410.1|	94.131	443	26	0	1	443	349	791	0.0	675	1650661
98ead508bda553f500ae9957ea8c1cb6	gi|2136551692|ref|NR_173697.1|	94.131	443	25	1	1	443	349	790	0.0	673	2108523
98ead508bda553f500ae9957ea8c1cb6	gi|2363084741|ref|NR_180619.1|	93.905	443	27	0	1	443	347	789	0.0	669	2779352
98ead508bda553f500ae9957ea8c1cb6	gi|1193829127|ref|NR_147370.1|	93.679	443	28	0	1	443	349	791	0.0	664	1870988
98ead508bda553f500ae9957ea8c1cb6	gi|2363082358|ref|NR_179426.1|	93.454	443	29	0	1	443	349	791	0.0	658	1702285
98ead508bda553f500ae9957ea8c1cb6	gi|645321636|ref|NR_118554.1|	93.454	443	29	0	1	443	329	771	0.0	658	1297617
0a9f7f67bc6502e39f162d94857180f2	gi|631251747|ref|NR_112945.1|	99.130	460	4	0	1	460	327	786	0.0	828	820
0a9f7f67bc6502e39f162d94857180f2	gi|343200179|ref|NR_040866.1|	99.130	460	4	0	1	460	334	793	0.0	828	820
0a9f7f67bc6502e39f162d94857180f2	gi|2363086550|ref|NR_181532.1|	98.696	460	6	0	1	460	322	781	0.0	817	2763025
0a9f7f67bc6502e39f162d94857180f2	gi|2363082773|ref|NR_179635.1|	96.957	460	14	0	1	460	338	797	0.0	773	2024197
0a9f7f67bc6502e39f162d94857180f2	gi|631251874|ref|NR_113072.1|	96.739	460	15	0	1	460	338	797	0.0	767	1236512
0a9f7f67bc6502e39f162d94857180f2	gi|631251816|ref|NR_113014.1|	96.522	460	16	0	1	460	338	797	0.0	761	1236512
0a9f7f67bc6502e39f162d94857180f2	gi|631251735|ref|NR_112933.1|	96.304	460	17	0	1	460	334	793	0.0	756	246787
0a9f7f67bc6502e39f162d94857180f2	gi|343200620|ref|NR_041307.1|	96.087	460	18	0	1	460	334	793	0.0	750	329854
0a9f7f67bc6502e39f162d94857180f2	gi|2363084421|ref|NR_180458.1|	95.870	460	19	0	1	460	340	799	0.0	745	2650157
0a9f7f67bc6502e39f162d94857180f2	gi|2363082635|ref|NR_179564.1|	95.870	460	19	0	1	460	338	797	0.0	745	1903262
b7009d118313e4c016dbe830632124b8	gi|559795255|ref|NR_104846.1|	96.818	440	14	0	1	440	288	727	0.0	736	745368
b7009d118313e4c016dbe830632124b8	gi|265678692|ref|NR_028997.1|	95.918	441	17	1	1	440	303	743	0.0	713	214851
b7009d118313e4c016dbe830632124b8	gi|3030611269|ref|NR_199945.1|	95.000	440	22	0	1	440	335	774	0.0	691	3435293
b7009d118313e4c016dbe830632124b8	gi|265678656|ref|NR_028961.1|	94.545	440	24	0	1	440	327	766	0.0	680	853
b7009d118313e4c016dbe830632124b8	gi|2363081451|ref|NR_178972.1|	94.318	440	25	0	1	440	285	724	0.0	675	1851428
b7009d118313e4c016dbe830632124b8	gi|2363080123|ref|NR_178280.1|	94.318	440	25	0	1	440	331	770	0.0	675	411483
b7009d118313e4c016dbe830632124b8	gi|2363081449|ref|NR_178971.1|	94.091	440	25	1	1	440	285	723	0.0	667	1851427
b7009d118313e4c016dbe830632124b8	gi|2363082356|ref|NR_179425.1|	93.864	440	27	0	1	440	351	790	0.0	664	1689304
b7009d118313e4c016dbe830632124b8	gi|1397641802|ref|NR_156911.1|	93.636	440	28	0	1	440	351	790	0.0	658	1650663
b7009d118313e4c016dbe830632124b8	gi|2363082282|ref|NR_179388.1|	93.651	441	26	2	1	440	335	774	0.0	658	2935520
3feeca2fab1e99703e4749b0f9674120	gi|2363082569|ref|NR_179531.1|	99.095	442	4	0	1	442	347	788	0.0	795	1852369
3feeca2fab1e99703e4749b0f9674120	gi|1269801610|ref|NR_074793.2|	93.891	442	27	0	1	442	355	796	0.0	667	351091
3feeca2fab1e99703e4749b0f9674120	gi|343200653|ref|NR_041340.1|	93.891	442	27	0	1	442	328	769	0.0	667	351091
3feeca2fab1e99703e4749b0f9674120	gi|2260349448|ref|NR_176530.1|	93.665	442	28	0	1	442	358	799	0.0	662	2093857
3feeca2fab1e99703e4749b0f9674120	gi|2363082559|ref|NR_179526.1|	93.665	442	28	0	1	442	349	790	0.0	662	1841866
3feeca2fab1e99703e4749b0f9674120	gi|645321110|ref|NR_118156.1|	93.665	442	28	0	1	442	304	745	0.0	662	1007096
3feeca2fab1e99703e4749b0f9674120	gi|2962412234|ref|NR_199428.1|	92.760	442	32	0	1	442	352	793	0.0	640	3073143
3feeca2fab1e99703e4749b0f9674120	gi|2363082170|ref|NR_179331.1|	92.551	443	32	1	1	442	328	770	0.0	634	2714358
3feeca2fab1e99703e4749b0f9674120	gi|2363082168|ref|NR_179330.1|	92.342	444	30	4	1	442	327	768	7.54e-180	628	2714355
3feeca2fab1e99703e4749b0f9674120	gi|2363087001|ref|NR_181757.1|	92.117	444	31	4	1	442	289	730	3.51e-178	623	2841504
3277736c301d1ff2982582ece20b5289	gi|1277396189|ref|NR_151900.1|	99.318	440	3	0	1	440	351	790	0.0	797	1550024
3277736c301d1ff2982582ece20b5289	gi|2962412223|ref|NR_199417.1|	93.694	444	20	8	1	440	342	781	0.0	658	3136601
3277736c301d1ff2982582ece20b5289	gi|559795255|ref|NR_104846.1|	93.636	440	28	0	1	440	288	727	0.0	658	745368
3277736c301d1ff2982582ece20b5289	gi|1397641802|ref|NR_156911.1|	93.424	441	27	2	1	440	351	790	0.0	652	1650663
3277736c301d1ff2982582ece20b5289	gi|2363084747|ref|NR_180622.1|	93.409	440	29	0	1	440	335	774	0.0	652	2779354
3277736c301d1ff2982582ece20b5289	gi|265678692|ref|NR_028997.1|	93.197	441	29	1	1	440	303	743	0.0	647	214851
3277736c301d1ff2982582ece20b5289	gi|2363080123|ref|NR_178280.1|	92.273	440	34	0	1	440	331	770	9.71e-179	625	411483
3277736c301d1ff2982582ece20b5289	gi|3030611269|ref|NR_199945.1|	92.045	440	35	0	1	440	335	774	4.52e-177	619	3435293
3277736c301d1ff2982582ece20b5289	gi|265678656|ref|NR_028961.1|	92.045	440	35	0	1	440	327	766	4.52e-177	619	853
3277736c301d1ff2982582ece20b5289	gi|2363080175|ref|NR_178311.1|	91.837	441	34	2	1	440	412	851	2.10e-175	614	2903556
37c1b09d2d522376ca56d247b796e38f	gi|1116030269|ref|NR_144727.1|	91.441	444	30	8	1	440	335	774	4.55e-172	603	1673717
37c1b09d2d522376ca56d247b796e38f	gi|2180566484|ref|NR_174324.1|	91.383	441	36	2	1	440	346	785	4.55e-172	603	2576756
37c1b09d2d522376ca56d247b796e38f	gi|444303976|ref|NR_074399.1|	90.950	442	36	3	1	440	333	772	9.85e-169	592	697329
37c1b09d2d522376ca56d247b796e38f	gi|631251834|ref|NR_113032.1|	90.950	442	36	3	1	440	333	772	9.85e-169	592	1264
37c1b09d2d522376ca56d247b796e38f	gi|636559173|ref|NR_115230.1|	90.950	442	36	3	1	440	333	772	9.85e-169	592	697329
37c1b09d2d522376ca56d247b796e38f	gi|219846339|ref|NR_025929.1|	90.950	442	36	3	1	440	328	767	9.85e-169	592	697329
37c1b09d2d522376ca56d247b796e38f	gi|1864207164|ref|NR_169458.1|	90.682	440	41	0	1	440	345	784	4.58e-167	586	2164149
37c1b09d2d522376ca56d247b796e38f	gi|2363086264|ref|NR_181384.1|	90.724	442	37	3	1	440	250	689	4.58e-167	586	2763660
37c1b09d2d522376ca56d247b796e38f	gi|265679047|ref|NR_029355.1|	90.682	440	41	0	1	440	332	771	4.58e-167	586	84026
37c1b09d2d522376ca56d247b796e38f	gi|228717037|ref|NR_027558.1|	90.703	441	38	3	1	440	292	730	1.65e-166	584	169435
668f128a9577026ea7731e8efd5fd3af	gi|444304091|ref|NR_074515.1|	98.698	461	4	2	1	460	350	809	0.0	817	435590
668f128a9577026ea7731e8efd5fd3af	gi|631251748|ref|NR_112946.1|	98.698	461	4	2	1	460	339	798	0.0	817	821
668f128a9577026ea7731e8efd5fd3af	gi|343200664|ref|NR_041351.1|	98.478	460	7	0	1	460	341	800	0.0	811	357276
668f128a9577026ea7731e8efd5fd3af	gi|631250946|ref|NR_112143.1|	98.482	461	5	2	1	460	307	766	0.0	811	821
668f128a9577026ea7731e8efd5fd3af	gi|631251997|ref|NR_113195.1|	93.696	460	29	0	1	460	338	797	0.0	689	1236515
668f128a9577026ea7731e8efd5fd3af	gi|631251866|ref|NR_113064.1|	93.478	460	30	0	1	460	338	797	0.0	684	1236538
668f128a9577026ea7731e8efd5fd3af	gi|631251817|ref|NR_113015.1|	93.478	460	30	0	1	460	338	797	0.0	684	1236538
668f128a9577026ea7731e8efd5fd3af	gi|645320081|ref|NR_117373.1|	93.478	460	30	0	1	460	289	748	0.0	684	1236515
668f128a9577026ea7731e8efd5fd3af	gi|2363085522|ref|NR_181010.1|	93.043	460	32	0	1	460	297	756	0.0	673	2786956
668f128a9577026ea7731e8efd5fd3af	gi|2363082773|ref|NR_179635.1|	93.043	460	32	0	1	460	338	797	0.0	673	2024197
5cdc470acccf6d842a309a7bf9e3be2e	gi|2363085097|ref|NR_180797.1|	97.500	440	11	0	1	440	346	785	0.0	752	2605778
5cdc470acccf6d842a309a7bf9e3be2e	gi|2363080261|ref|NR_178356.1|	97.273	440	12	0	1	440	313	752	0.0	747	558153
5cdc470acccf6d842a309a7bf9e3be2e	gi|219846508|ref|NR_026100.1|	97.273	440	12	0	1	440	323	762	0.0	747	1286362
5cdc470acccf6d842a309a7bf9e3be2e	gi|219846817|ref|NR_026409.1|	97.273	440	12	0	1	440	341	780	0.0	747	29370
5cdc470acccf6d842a309a7bf9e3be2e	gi|631251457|ref|NR_112654.1|	97.045	440	13	0	1	440	338	777	0.0	743	1286362
5cdc470acccf6d842a309a7bf9e3be2e	gi|631250977|ref|NR_112174.1|	97.045	440	13	0	1	440	342	781	0.0	743	1297793
5cdc470acccf6d842a309a7bf9e3be2e	gi|3030611230|ref|NR_199906.1|	97.045	440	13	0	1	440	354	793	0.0	741	3123317
5cdc470acccf6d842a309a7bf9e3be2e	gi|2363085169|ref|NR_180833.1|	97.045	440	13	0	1	440	337	776	0.0	741	2606635
5cdc470acccf6d842a309a7bf9e3be2e	gi|3030611314|ref|NR_199990.1|	97.045	440	13	0	1	440	350	789	0.0	741	3123317
5cdc470acccf6d842a309a7bf9e3be2e	gi|2836274880|ref|NR_197643.1|	97.045	440	13	0	1	440	329	768	0.0	741	2962432
447306a3947a3cbcc8310ff8f220c46a	gi|2363081451|ref|NR_178972.1|	99.318	440	3	0	1	440	285	724	0.0	797	1851428
447306a3947a3cbcc8310ff8f220c46a	gi|265678656|ref|NR_028961.1|	98.636	440	6	0	1	440	327	766	0.0	780	853
447306a3947a3cbcc8310ff8f220c46a	gi|2363082282|ref|NR_179388.1|	98.409	440	7	0	1	440	335	774	0.0	774	2935520
447306a3947a3cbcc8310ff8f220c46a	gi|2363080123|ref|NR_178280.1|	98.409	440	7	0	1	440	331	770	0.0	774	411483
447306a3947a3cbcc8310ff8f220c46a	gi|3030611269|ref|NR_199945.1|	98.182	440	8	0	1	440	335	774	0.0	769	3435293
447306a3947a3cbcc8310ff8f220c46a	gi|2363081449|ref|NR_178971.1|	98.608	431	6	0	1	431	285	715	0.0	763	1851427
447306a3947a3cbcc8310ff8f220c46a	gi|2363080175|ref|NR_178311.1|	96.364	440	16	0	1	440	412	851	0.0	725	2903556
447306a3947a3cbcc8310ff8f220c46a	gi|1397641802|ref|NR_156911.1|	92.500	440	33	0	1	440	351	790	2.09e-180	630	1650663
447306a3947a3cbcc8310ff8f220c46a	gi|2363084747|ref|NR_180622.1|	92.500	440	33	0	1	440	335	774	2.09e-180	630	2779354
447306a3947a3cbcc8310ff8f220c46a	gi|2363082356|ref|NR_179425.1|	92.290	441	32	2	1	440	351	790	9.71e-179	625	1689304
5f3cc98e2d089a05e77615c276f466c5	gi|631251879|ref|NR_113077.1|	97.603	459	11	0	1	459	329	787	0.0	787	454154
5f3cc98e2d089a05e77615c276f466c5	gi|343200939|ref|NR_041626.1|	97.603	459	11	0	1	459	321	779	0.0	787	762968
5f3cc98e2d089a05e77615c276f466c5	gi|631251880|ref|NR_113078.1|	91.757	461	34	2	1	459	339	797	0.0	638	454155
5f3cc98e2d089a05e77615c276f466c5	gi|343200940|ref|NR_041627.1|	91.757	461	34	2	1	459	319	777	0.0	638	762982
5f3cc98e2d089a05e77615c276f466c5	gi|343200759|ref|NR_041446.1|	89.201	463	43	6	1	459	323	782	1.34e-162	571	376804
5f3cc98e2d089a05e77615c276f466c5	gi|2363082635|ref|NR_179564.1|	87.931	464	47	9	1	459	338	797	1.36e-152	538	1903262
5f3cc98e2d089a05e77615c276f466c5	gi|2363086250|ref|NR_181377.1|	87.662	462	52	5	1	459	343	802	6.33e-151	532	2763138
5f3cc98e2d089a05e77615c276f466c5	gi|1116030289|ref|NR_144747.1|	86.334	461	60	3	1	459	337	796	6.42e-141	499	1841865
5f3cc98e2d089a05e77615c276f466c5	gi|631251871|ref|NR_113069.1|	86.393	463	56	6	1	459	336	795	6.42e-141	499	477666
5f3cc98e2d089a05e77615c276f466c5	gi|343200955|ref|NR_041642.1|	86.393	463	56	6	1	459	302	761	6.42e-141	499	477666
5b914236f39eabd100ca76b224486012	gi|631251875|ref|NR_113073.1|	99.130	460	4	0	1	460	329	788	0.0	828	487174
5b914236f39eabd100ca76b224486012	gi|343200981|ref|NR_041668.1|	99.130	460	4	0	1	460	321	780	0.0	828	742726
5b914236f39eabd100ca76b224486012	gi|1270532346|ref|NR_121773.2|	96.312	461	15	2	1	460	348	807	0.0	756	397865
5b914236f39eabd100ca76b224486012	gi|343200821|ref|NR_041508.1|	96.095	461	15	3	1	460	325	783	0.0	749	397865
5b914236f39eabd100ca76b224486012	gi|2136551682|ref|NR_173687.1|	90.260	462	41	4	1	460	325	784	1.71e-171	601	2751153
5b914236f39eabd100ca76b224486012	gi|1146059151|ref|NR_145883.1|	89.827	462	43	4	1	460	284	743	3.71e-168	590	1501392
5b914236f39eabd100ca76b224486012	gi|1116030267|ref|NR_144725.1|	89.394	462	45	4	1	460	337	796	1.73e-166	584	1686296
5b914236f39eabd100ca76b224486012	gi|1909404453|ref|NR_170508.1|	88.286	461	51	3	1	460	352	810	6.30e-156	549	2518971
5b914236f39eabd100ca76b224486012	gi|2621112336|ref|NR_189240.1|	88.147	464	47	8	1	460	342	801	8.15e-155	545	2944915
5b914236f39eabd100ca76b224486012	gi|2363083455|ref|NR_179976.1|	88.172	465	44	10	1	460	289	747	2.93e-154	544	2094151
bf24c880fee3166f455b3dc526da951e	gi|2260349448|ref|NR_176530.1|	99.548	442	2	0	1	442	358	799	0.0	806	2093857
bf24c880fee3166f455b3dc526da951e	gi|2363082559|ref|NR_179526.1|	99.548	442	2	0	1	442	349	790	0.0	806	1841866
bf24c880fee3166f455b3dc526da951e	gi|645321110|ref|NR_118156.1|	95.701	442	19	0	1	442	304	745	0.0	712	1007096
bf24c880fee3166f455b3dc526da951e	gi|2962412234|ref|NR_199428.1|	95.475	442	20	0	1	442	352	793	0.0	706	3073143
bf24c880fee3166f455b3dc526da951e	gi|2363087001|ref|NR_181757.1|	95.045	444	18	4	1	442	289	730	0.0	695	2841504
bf24c880fee3166f455b3dc526da951e	gi|2363082170|ref|NR_179331.1|	95.034	443	21	1	1	442	328	770	0.0	695	2714358
bf24c880fee3166f455b3dc526da951e	gi|1269801610|ref|NR_074793.2|	94.344	442	25	0	1	442	355	796	0.0	678	351091
bf24c880fee3166f455b3dc526da951e	gi|343200653|ref|NR_041340.1|	94.344	442	25	0	1	442	328	769	0.0	678	351091
bf24c880fee3166f455b3dc526da951e	gi|2363082569|ref|NR_179531.1|	94.118	442	26	0	1	442	347	788	0.0	673	1852369
bf24c880fee3166f455b3dc526da951e	gi|2363082165|ref|NR_179329.1|	93.679	443	26	2	1	442	327	768	0.0	662	2714353
69f22457d6bbe7869f10d075cfdcb4da	gi|631251879|ref|NR_113077.1|	98.911	459	5	0	1	459	329	787	0.0	821	454154
69f22457d6bbe7869f10d075cfdcb4da	gi|343200939|ref|NR_041626.1|	98.911	459	5	0	1	459	321	779	0.0	821	762968
69f22457d6bbe7869f10d075cfdcb4da	gi|631251880|ref|NR_113078.1|	92.810	459	33	0	1	459	339	797	0.0	665	454155
69f22457d6bbe7869f10d075cfdcb4da	gi|343200940|ref|NR_041627.1|	92.810	459	33	0	1	459	319	777	0.0	665	762982
69f22457d6bbe7869f10d075cfdcb4da	gi|343200759|ref|NR_041446.1|	89.417	463	42	6	1	459	323	782	2.88e-164	577	376804
69f22457d6bbe7869f10d075cfdcb4da	gi|2363082635|ref|NR_179564.1|	88.553	463	46	7	1	459	338	797	1.35e-157	555	1903262
69f22457d6bbe7869f10d075cfdcb4da	gi|343200761|ref|NR_041448.1|	87.662	462	52	5	1	459	322	781	6.33e-151	532	376806
69f22457d6bbe7869f10d075cfdcb4da	gi|2363086250|ref|NR_181377.1|	87.446	462	53	5	1	459	343	802	2.94e-149	527	2763138
69f22457d6bbe7869f10d075cfdcb4da	gi|631251867|ref|NR_113065.1|	87.257	463	52	6	1	459	338	797	1.37e-147	521	762984
69f22457d6bbe7869f10d075cfdcb4da	gi|343202632|ref|NR_043016.1|	87.041	463	53	6	1	459	316	775	6.37e-146	516	291644
1eab2640f7e229a0308435632ebcaa95	gi|310974914|ref|NR_036777.1|	99.074	432	4	0	1	432	333	764	0.0	778	33039
1eab2640f7e229a0308435632ebcaa95	gi|2363084846|ref|NR_180671.1|	97.955	440	9	0	1	440	63	502	0.0	763	2594882
1eab2640f7e229a0308435632ebcaa95	gi|2363082374|ref|NR_179434.1|	97.727	440	10	0	1	440	349	788	0.0	758	1720300
1eab2640f7e229a0308435632ebcaa95	gi|2962412221|ref|NR_199415.1|	97.273	440	12	0	1	440	338	777	0.0	747	3136600
1eab2640f7e229a0308435632ebcaa95	gi|636560687|ref|NR_116747.1|	97.045	440	13	0	1	440	301	740	0.0	741	1298596
1eab2640f7e229a0308435632ebcaa95	gi|636559443|ref|NR_115502.1|	95.928	442	15	3	1	440	349	789	0.0	726	33039
1eab2640f7e229a0308435632ebcaa95	gi|631251356|ref|NR_112553.1|	96.145	441	16	1	1	440	348	788	0.0	719	342942
1eab2640f7e229a0308435632ebcaa95	gi|2363085133|ref|NR_180815.1|	95.909	440	18	0	1	440	350	789	0.0	713	2606633
1eab2640f7e229a0308435632ebcaa95	gi|2363082059|ref|NR_179276.1|	95.909	440	18	0	1	440	334	773	0.0	713	2316025
1eab2640f7e229a0308435632ebcaa95	gi|2363083556|ref|NR_180026.1|	95.909	440	18	0	1	440	348	787	0.0	713	2696678
218cc8fcedeedfe28265622780c0f41e	gi|631251745|ref|NR_112943.1|	99.130	460	4	0	1	460	326	785	0.0	828	449673
218cc8fcedeedfe28265622780c0f41e	gi|224581415|ref|NR_027196.1|	98.261	460	8	0	1	460	317	776	0.0	808	449673
218cc8fcedeedfe28265622780c0f41e	gi|631251867|ref|NR_113065.1|	96.957	460	14	0	1	460	338	797	0.0	773	762984
218cc8fcedeedfe28265622780c0f41e	gi|631251695|ref|NR_112893.1|	96.957	460	14	0	1	460	318	777	0.0	773	762984
218cc8fcedeedfe28265622780c0f41e	gi|2363086949|ref|NR_181731.1|	96.739	460	15	0	1	460	290	749	0.0	767	2834112
218cc8fcedeedfe28265622780c0f41e	gi|343200620|ref|NR_041307.1|	96.739	460	15	0	1	460	334	793	0.0	767	329854
218cc8fcedeedfe28265622780c0f41e	gi|631251735|ref|NR_112933.1|	96.312	461	15	2	1	460	334	793	0.0	756	246787
218cc8fcedeedfe28265622780c0f41e	gi|2363086550|ref|NR_181532.1|	96.087	460	18	0	1	460	322	781	0.0	750	2763025
218cc8fcedeedfe28265622780c0f41e	gi|343200761|ref|NR_041448.1|	96.087	460	18	0	1	460	322	781	0.0	750	376806
218cc8fcedeedfe28265622780c0f41e	gi|631251747|ref|NR_112945.1|	95.652	460	20	0	1	460	327	786	0.0	739	820
f68623477489a0f7b03857c2029b2ab0	gi|1277396189|ref|NR_151900.1|	99.318	440	3	0	1	440	351	790	0.0	797	1550024
f68623477489a0f7b03857c2029b2ab0	gi|2962412223|ref|NR_199417.1|	93.694	444	20	8	1	440	342	781	0.0	658	3136601
f68623477489a0f7b03857c2029b2ab0	gi|559795255|ref|NR_104846.1|	93.636	440	28	0	1	440	288	727	0.0	658	745368
f68623477489a0f7b03857c2029b2ab0	gi|1397641802|ref|NR_156911.1|	93.424	441	27	2	1	440	351	790	0.0	652	1650663
f68623477489a0f7b03857c2029b2ab0	gi|2363084747|ref|NR_180622.1|	93.409	440	29	0	1	440	335	774	0.0	652	2779354
f68623477489a0f7b03857c2029b2ab0	gi|265678692|ref|NR_028997.1|	93.197	441	29	1	1	440	303	743	0.0	647	214851
f68623477489a0f7b03857c2029b2ab0	gi|2363080123|ref|NR_178280.1|	92.273	440	34	0	1	440	331	770	9.71e-179	625	411483
f68623477489a0f7b03857c2029b2ab0	gi|3030611269|ref|NR_199945.1|	92.045	440	35	0	1	440	335	774	4.52e-177	619	3435293
f68623477489a0f7b03857c2029b2ab0	gi|265678656|ref|NR_028961.1|	92.045	440	35	0	1	440	327	766	4.52e-177	619	853
f68623477489a0f7b03857c2029b2ab0	gi|2363080175|ref|NR_178311.1|	91.837	441	34	2	1	440	412	851	2.10e-175	614	2903556
fb7952a95c655f92967239e3804546d5	gi|559795255|ref|NR_104846.1|	96.364	440	16	0	1	440	288	727	0.0	725	745368
fb7952a95c655f92967239e3804546d5	gi|265678692|ref|NR_028997.1|	95.465	441	19	1	1	440	303	743	0.0	702	214851
fb7952a95c655f92967239e3804546d5	gi|3030611269|ref|NR_199945.1|	94.545	440	24	0	1	440	335	774	0.0	680	3435293
fb7952a95c655f92967239e3804546d5	gi|265678656|ref|NR_028961.1|	94.091	440	26	0	1	440	327	766	0.0	669	853
fb7952a95c655f92967239e3804546d5	gi|2363081451|ref|NR_178972.1|	93.864	440	27	0	1	440	285	724	0.0	664	1851428
fb7952a95c655f92967239e3804546d5	gi|2363080123|ref|NR_178280.1|	93.864	440	27	0	1	440	331	770	0.0	664	411483
fb7952a95c655f92967239e3804546d5	gi|2363081449|ref|NR_178971.1|	94.200	431	25	0	1	431	285	715	0.0	658	1851427
fb7952a95c655f92967239e3804546d5	gi|2363082356|ref|NR_179425.1|	93.409	440	29	0	1	440	351	790	0.0	652	1689304
fb7952a95c655f92967239e3804546d5	gi|1397641802|ref|NR_156911.1|	93.182	440	30	0	1	440	351	790	0.0	647	1650663
fb7952a95c655f92967239e3804546d5	gi|2363082282|ref|NR_179388.1|	93.197	441	28	2	1	440	335	774	0.0	647	2935520
820d9ff9d91393cccc1bf8157449fcbf	gi|2363087247|ref|NR_181879.1|	87.689	463	48	7	1	458	285	743	2.27e-150	531	2880704
820d9ff9d91393cccc1bf8157449fcbf	gi|2363085163|ref|NR_180830.1|	87.041	463	51	7	1	458	336	794	2.29e-145	514	2606626
820d9ff9d91393cccc1bf8157449fcbf	gi|1909404453|ref|NR_170508.1|	86.797	462	54	6	1	458	352	810	1.06e-143	508	2518971
820d9ff9d91393cccc1bf8157449fcbf	gi|1909404454|ref|NR_170509.1|	86.825	463	52	8	1	458	347	805	1.06e-143	508	2530391
820d9ff9d91393cccc1bf8157449fcbf	gi|2363087249|ref|NR_181880.1|	86.147	462	57	7	1	458	294	752	1.07e-138	492	2880703
820d9ff9d91393cccc1bf8157449fcbf	gi|2363084366|ref|NR_180431.1|	85.961	463	57	8	1	458	350	809	1.39e-137	488	2530390
820d9ff9d91393cccc1bf8157449fcbf	gi|2363084938|ref|NR_180717.1|	85.714	462	60	6	1	458	259	718	6.45e-136	483	2601703
820d9ff9d91393cccc1bf8157449fcbf	gi|631251890|ref|NR_113088.1|	85.345	464	58	10	1	458	327	786	1.40e-132	472	111105
820d9ff9d91393cccc1bf8157449fcbf	gi|219857464|ref|NR_025052.1|	85.345	464	58	10	1	458	315	774	1.40e-132	472	111105
820d9ff9d91393cccc1bf8157449fcbf	gi|2363083455|ref|NR_179976.1|	85.345	464	57	9	1	458	289	747	5.02e-132	470	2094151
3d418bcc2d47c53bd670b25992311a5a	gi|631251747|ref|NR_112945.1|	99.565	460	2	0	1	460	327	786	0.0	839	820
3d418bcc2d47c53bd670b25992311a5a	gi|343200179|ref|NR_040866.1|	99.565	460	2	0	1	460	334	793	0.0	839	820
3d418bcc2d47c53bd670b25992311a5a	gi|2363086550|ref|NR_181532.1|	99.130	460	4	0	1	460	322	781	0.0	828	2763025
3d418bcc2d47c53bd670b25992311a5a	gi|2363082773|ref|NR_179635.1|	97.391	460	12	0	1	460	338	797	0.0	784	2024197
3d418bcc2d47c53bd670b25992311a5a	gi|631251874|ref|NR_113072.1|	97.174	460	13	0	1	460	338	797	0.0	778	1236512
3d418bcc2d47c53bd670b25992311a5a	gi|631251816|ref|NR_113014.1|	96.957	460	14	0	1	460	338	797	0.0	773	1236512
3d418bcc2d47c53bd670b25992311a5a	gi|631251735|ref|NR_112933.1|	96.739	460	15	0	1	460	334	793	0.0	767	246787
3d418bcc2d47c53bd670b25992311a5a	gi|343200620|ref|NR_041307.1|	96.522	460	16	0	1	460	334	793	0.0	761	329854
3d418bcc2d47c53bd670b25992311a5a	gi|2363084421|ref|NR_180458.1|	96.304	460	17	0	1	460	340	799	0.0	756	2650157
3d418bcc2d47c53bd670b25992311a5a	gi|2363082635|ref|NR_179564.1|	96.304	460	17	0	1	460	338	797	0.0	756	1903262
65f74dc8a2a74ff387a2e75af181cb82	gi|2363082569|ref|NR_179531.1|	98.869	442	5	0	1	442	347	788	0.0	789	1852369
65f74dc8a2a74ff387a2e75af181cb82	gi|1269801610|ref|NR_074793.2|	94.118	442	26	0	1	442	355	796	0.0	673	351091
65f74dc8a2a74ff387a2e75af181cb82	gi|343200653|ref|NR_041340.1|	94.118	442	26	0	1	442	328	769	0.0	673	351091
65f74dc8a2a74ff387a2e75af181cb82	gi|2260349448|ref|NR_176530.1|	93.891	442	27	0	1	442	358	799	0.0	667	2093857
65f74dc8a2a74ff387a2e75af181cb82	gi|2363082559|ref|NR_179526.1|	93.891	442	27	0	1	442	349	790	0.0	667	1841866
65f74dc8a2a74ff387a2e75af181cb82	gi|645321110|ref|NR_118156.1|	93.665	442	28	0	1	442	304	745	0.0	662	1007096
65f74dc8a2a74ff387a2e75af181cb82	gi|2962412234|ref|NR_199428.1|	92.986	442	31	0	1	442	352	793	0.0	645	3073143
65f74dc8a2a74ff387a2e75af181cb82	gi|2363082170|ref|NR_179331.1|	92.777	443	31	1	1	442	328	770	0.0	640	2714358
65f74dc8a2a74ff387a2e75af181cb82	gi|2363082168|ref|NR_179330.1|	92.568	444	29	4	1	442	327	768	0.0	634	2714355
65f74dc8a2a74ff387a2e75af181cb82	gi|2363087001|ref|NR_181757.1|	92.342	444	30	4	1	442	289	730	7.54e-180	628	2841504
5f35e2d3de578577eb8563d8d46eb4c0	gi|631251879|ref|NR_113077.1|	97.168	459	13	0	1	459	329	787	0.0	776	454154
5f35e2d3de578577eb8563d8d46eb4c0	gi|343200939|ref|NR_041626.1|	97.168	459	13	0	1	459	321	779	0.0	776	762968
5f35e2d3de578577eb8563d8d46eb4c0	gi|631251880|ref|NR_113078.1|	91.323	461	36	2	1	459	339	797	2.82e-179	627	454155
5f35e2d3de578577eb8563d8d46eb4c0	gi|343200940|ref|NR_041627.1|	91.323	461	36	2	1	459	319	777	2.82e-179	627	762982
5f35e2d3de578577eb8563d8d46eb4c0	gi|343200759|ref|NR_041446.1|	88.769	463	45	6	1	459	323	782	2.90e-159	560	376804
5f35e2d3de578577eb8563d8d46eb4c0	gi|2363082635|ref|NR_179564.1|	87.500	464	49	9	1	459	338	797	2.94e-149	527	1903262
5f35e2d3de578577eb8563d8d46eb4c0	gi|2363086250|ref|NR_181377.1|	87.229	462	54	5	1	459	343	802	1.37e-147	521	2763138
5f35e2d3de578577eb8563d8d46eb4c0	gi|1116030289|ref|NR_144747.1|	85.900	461	62	3	1	459	337	796	1.39e-137	488	1841865
5f35e2d3de578577eb8563d8d46eb4c0	gi|631251871|ref|NR_113069.1|	85.961	463	58	6	1	459	336	795	1.39e-137	488	477666
5f35e2d3de578577eb8563d8d46eb4c0	gi|343200955|ref|NR_041642.1|	85.961	463	58	6	1	459	302	761	1.39e-137	488	477666
cdbad2048d0b1bffabf987703d436372	gi|1679775916|ref|NR_163638.1|	99.545	440	2	0	1	440	328	767	0.0	802	2025493
cdbad2048d0b1bffabf987703d436372	gi|1679775915|ref|NR_163637.1|	99.545	440	2	0	1	440	328	767	0.0	802	2025493
cdbad2048d0b1bffabf987703d436372	gi|1679775914|ref|NR_163636.1|	99.545	440	2	0	1	440	328	767	0.0	802	2025493
cdbad2048d0b1bffabf987703d436372	gi|1679775913|ref|NR_163635.1|	99.545	440	2	0	1	440	328	767	0.0	802	2025493
cdbad2048d0b1bffabf987703d436372	gi|1679775912|ref|NR_163634.1|	99.545	440	2	0	1	440	328	767	0.0	802	2025493
cdbad2048d0b1bffabf987703d436372	gi|1193829152|ref|NR_147395.1|	99.545	440	2	0	1	440	348	787	0.0	802	1917868
cdbad2048d0b1bffabf987703d436372	gi|2363081194|ref|NR_178840.1|	99.545	440	2	0	1	440	348	787	0.0	802	1796616
cdbad2048d0b1bffabf987703d436372	gi|559795101|ref|NR_104687.1|	99.545	440	2	0	1	440	348	787	0.0	802	537007
cdbad2048d0b1bffabf987703d436372	gi|631252072|ref|NR_113270.1|	99.318	440	3	0	1	440	348	787	0.0	797	1121114
cdbad2048d0b1bffabf987703d436372	gi|645320731|ref|NR_117867.1|	99.318	440	3	0	1	440	300	739	0.0	797	871664
b9562fa909c9844e7ce67eb92dc8203a	gi|343200190|ref|NR_040877.1|	98.478	460	7	0	1	460	341	800	0.0	813	537011
b9562fa909c9844e7ce67eb92dc8203a	gi|631252213|ref|NR_113411.1|	98.478	460	7	0	1	460	341	800	0.0	811	537011
b9562fa909c9844e7ce67eb92dc8203a	gi|2363084409|ref|NR_180452.1|	97.609	460	11	0	1	460	321	780	0.0	789	2518605
b9562fa909c9844e7ce67eb92dc8203a	gi|2221405403|ref|NR_175509.1|	93.709	461	27	2	1	460	341	800	0.0	689	2608404
b9562fa909c9844e7ce67eb92dc8203a	gi|631251907|ref|NR_113105.1|	93.709	461	27	2	1	460	329	788	0.0	689	470565
b9562fa909c9844e7ce67eb92dc8203a	gi|343199048|ref|NR_044407.1|	93.709	461	27	2	1	460	321	780	0.0	689	470565
b9562fa909c9844e7ce67eb92dc8203a	gi|566085557|ref|NR_109628.1|	93.275	461	29	2	1	460	322	781	0.0	678	1177574
b9562fa909c9844e7ce67eb92dc8203a	gi|631253107|ref|NR_114305.1|	93.275	461	29	2	1	460	341	800	0.0	678	1236518
b9562fa909c9844e7ce67eb92dc8203a	gi|631251926|ref|NR_113124.1|	93.275	461	29	2	1	460	341	800	0.0	678	28137
b9562fa909c9844e7ce67eb92dc8203a	gi|265678842|ref|NR_029147.1|	93.305	463	25	6	1	460	344	803	0.0	678	28136
318033d3f0bacbff4b41921f9740aa51	gi|939733298|ref|NR_133025.1|	99.348	460	3	0	1	460	275	734	0.0	833	2585118
318033d3f0bacbff4b41921f9740aa51	gi|631251954|ref|NR_113152.1|	95.217	460	22	0	1	460	337	796	0.0	728	28117
318033d3f0bacbff4b41921f9740aa51	gi|2363082099|ref|NR_179296.1|	94.783	460	24	0	1	460	324	783	0.0	717	2585119
318033d3f0bacbff4b41921f9740aa51	gi|672239000|ref|NR_125589.1|	94.794	461	22	2	1	460	269	728	0.0	717	1033731
318033d3f0bacbff4b41921f9740aa51	gi|2363086959|ref|NR_181736.1|	94.577	461	23	2	1	460	334	793	0.0	712	2834113
318033d3f0bacbff4b41921f9740aa51	gi|507148054|ref|NR_102861.1|	94.577	461	23	2	1	460	334	793	0.0	712	717959
318033d3f0bacbff4b41921f9740aa51	gi|645321193|ref|NR_118219.1|	94.577	461	23	2	1	460	332	791	0.0	712	1033732
318033d3f0bacbff4b41921f9740aa51	gi|343202834|ref|NR_043319.1|	94.360	461	24	2	1	460	323	782	0.0	708	717959
318033d3f0bacbff4b41921f9740aa51	gi|631251955|ref|NR_113153.1|	94.360	461	24	2	1	460	334	793	0.0	706	328814
318033d3f0bacbff4b41921f9740aa51	gi|2363082505|ref|NR_179499.1|	93.952	463	22	6	1	460	342	801	0.0	695	2364787
a94bf9dd95c9f6b7a227102ecbd1ce72	gi|631252213|ref|NR_113411.1|	98.478	460	7	0	1	460	341	800	0.0	811	537011
a94bf9dd95c9f6b7a227102ecbd1ce72	gi|343200190|ref|NR_040877.1|	98.261	460	8	0	1	460	341	800	0.0	808	537011
a94bf9dd95c9f6b7a227102ecbd1ce72	gi|2363084409|ref|NR_180452.1|	97.609	460	11	0	1	460	321	780	0.0	789	2518605
a94bf9dd95c9f6b7a227102ecbd1ce72	gi|631251907|ref|NR_113105.1|	93.709	461	27	2	1	460	329	788	0.0	689	470565
a94bf9dd95c9f6b7a227102ecbd1ce72	gi|343199048|ref|NR_044407.1|	93.709	461	27	2	1	460	321	780	0.0	689	470565
a94bf9dd95c9f6b7a227102ecbd1ce72	gi|566085557|ref|NR_109628.1|	93.275	461	29	2	1	460	322	781	0.0	678	1177574
a94bf9dd95c9f6b7a227102ecbd1ce72	gi|631251926|ref|NR_113124.1|	93.275	461	29	2	1	460	341	800	0.0	678	28137
a94bf9dd95c9f6b7a227102ecbd1ce72	gi|265678842|ref|NR_029147.1|	93.305	463	25	6	1	460	344	803	0.0	678	28136
a94bf9dd95c9f6b7a227102ecbd1ce72	gi|636559270|ref|NR_115327.1|	93.275	461	29	2	1	460	321	780	0.0	678	28137
a94bf9dd95c9f6b7a227102ecbd1ce72	gi|265678843|ref|NR_029148.1|	93.059	461	30	2	1	460	349	808	0.0	676	28137
3b4f0fcf129aedbcc4dcc91b516c5c5a	gi|343200656|ref|NR_041343.1|	99.565	460	2	0	1	460	340	799	0.0	839	46503
3b4f0fcf129aedbcc4dcc91b516c5c5a	gi|645322411|ref|NR_119166.1|	99.348	460	3	0	1	460	319	778	0.0	835	411477
3b4f0fcf129aedbcc4dcc91b516c5c5a	gi|343200777|ref|NR_041464.1|	97.609	460	11	0	1	460	340	799	0.0	789	387661
3b4f0fcf129aedbcc4dcc91b516c5c5a	gi|2363083816|ref|NR_180156.1|	96.739	460	15	0	1	460	291	750	0.0	767	2290935
3b4f0fcf129aedbcc4dcc91b516c5c5a	gi|2363086049|ref|NR_181277.1|	96.304	460	17	0	1	460	309	768	0.0	756	2753162
3b4f0fcf129aedbcc4dcc91b516c5c5a	gi|631251878|ref|NR_113076.1|	96.095	461	16	2	1	460	324	783	0.0	750	927665
3b4f0fcf129aedbcc4dcc91b516c5c5a	gi|343202832|ref|NR_043317.1|	96.095	461	16	2	1	460	284	743	0.0	750	328812
3b4f0fcf129aedbcc4dcc91b516c5c5a	gi|1811131517|ref|NR_165699.1|	95.652	460	20	0	1	460	336	795	0.0	739	2685834
3b4f0fcf129aedbcc4dcc91b516c5c5a	gi|2363082715|ref|NR_179605.1|	95.662	461	18	2	1	460	316	775	0.0	739	1944636
3b4f0fcf129aedbcc4dcc91b516c5c5a	gi|2363082619|ref|NR_179556.1|	95.435	460	21	0	1	460	316	775	0.0	734	1871013
87b3227f00e6ba88214c075b049cb29a	gi|444304091|ref|NR_074515.1|	99.565	460	2	0	1	460	350	809	0.0	839	435590
87b3227f00e6ba88214c075b049cb29a	gi|631251748|ref|NR_112946.1|	99.565	460	2	0	1	460	339	798	0.0	839	821
87b3227f00e6ba88214c075b049cb29a	gi|631250946|ref|NR_112143.1|	99.348	460	3	0	1	460	307	766	0.0	833	821
87b3227f00e6ba88214c075b049cb29a	gi|343200664|ref|NR_041351.1|	98.696	460	6	0	1	460	341	800	0.0	817	357276
87b3227f00e6ba88214c075b049cb29a	gi|631251997|ref|NR_113195.1|	93.913	460	28	0	1	460	338	797	0.0	695	1236515
87b3227f00e6ba88214c075b049cb29a	gi|631251866|ref|NR_113064.1|	93.696	460	29	0	1	460	338	797	0.0	689	1236538
87b3227f00e6ba88214c075b049cb29a	gi|631251817|ref|NR_113015.1|	93.696	460	29	0	1	460	338	797	0.0	689	1236538
87b3227f00e6ba88214c075b049cb29a	gi|645320081|ref|NR_117373.1|	93.696	460	29	0	1	460	289	748	0.0	689	1236515
87b3227f00e6ba88214c075b049cb29a	gi|2363085522|ref|NR_181010.1|	93.261	460	31	0	1	460	297	756	0.0	678	2786956
87b3227f00e6ba88214c075b049cb29a	gi|2363082547|ref|NR_179520.1|	93.261	460	31	0	1	460	314	773	0.0	678	1841855
f1a40fe3bee0f0d4de83e5efa5abf09c	gi|636558732|ref|NR_114789.1|	99.545	440	2	0	1	440	347	786	0.0	802	1535
f1a40fe3bee0f0d4de83e5efa5abf09c	gi|2363082767|ref|NR_179632.1|	94.545	440	24	0	1	440	337	776	0.0	680	2014781
f1a40fe3bee0f0d4de83e5efa5abf09c	gi|3248465687|ref|NR_201701.1|	94.357	443	22	1	1	440	330	772	0.0	676	3435187
f1a40fe3bee0f0d4de83e5efa5abf09c	gi|3248465688|ref|NR_201702.1|	94.357	443	22	1	1	440	328	770	0.0	676	3435000
f1a40fe3bee0f0d4de83e5efa5abf09c	gi|2836274967|ref|NR_197730.1|	93.636	440	28	0	1	440	312	751	0.0	658	3093658
f1a40fe3bee0f0d4de83e5efa5abf09c	gi|2180566484|ref|NR_174324.1|	93.636	440	28	0	1	440	346	785	0.0	658	2576756
f1a40fe3bee0f0d4de83e5efa5abf09c	gi|2836274966|ref|NR_197729.1|	93.409	440	29	0	1	440	304	743	0.0	652	3093657
f1a40fe3bee0f0d4de83e5efa5abf09c	gi|1109168013|ref|NR_144605.1|	93.409	440	29	0	1	440	367	806	0.0	652	1796620
f1a40fe3bee0f0d4de83e5efa5abf09c	gi|1116030278|ref|NR_144736.1|	93.409	440	29	0	1	440	360	799	0.0	652	1776382
f1a40fe3bee0f0d4de83e5efa5abf09c	gi|2363085985|ref|NR_181245.1|	93.409	440	29	0	1	440	284	723	0.0	652	2666138
30736b317176db3ba2f88e5f1807226d	gi|2363082679|ref|NR_179587.1|	99.318	440	3	0	1	440	328	767	0.0	797	1926283
30736b317176db3ba2f88e5f1807226d	gi|2363081854|ref|NR_179173.1|	99.318	440	3	0	1	440	333	772	0.0	797	2126740
30736b317176db3ba2f88e5f1807226d	gi|1384992332|ref|NR_156081.1|	97.045	440	13	0	1	440	336	775	0.0	741	1469948
30736b317176db3ba2f88e5f1807226d	gi|1384992329|ref|NR_156078.1|	97.045	440	13	0	1	440	336	775	0.0	741	1469948
30736b317176db3ba2f88e5f1807226d	gi|3030611230|ref|NR_199906.1|	96.818	440	14	0	1	440	354	793	0.0	736	3123317
30736b317176db3ba2f88e5f1807226d	gi|3030611314|ref|NR_199990.1|	96.818	440	14	0	1	440	350	789	0.0	736	3123317
30736b317176db3ba2f88e5f1807226d	gi|1384992331|ref|NR_156080.1|	96.818	440	14	0	1	440	336	775	0.0	736	1469948
30736b317176db3ba2f88e5f1807226d	gi|1384992328|ref|NR_156077.1|	96.818	440	14	0	1	440	336	775	0.0	736	1469948
30736b317176db3ba2f88e5f1807226d	gi|2363085097|ref|NR_180797.1|	96.818	440	14	0	1	440	346	785	0.0	736	2605778
30736b317176db3ba2f88e5f1807226d	gi|2363082819|ref|NR_179658.1|	96.818	440	14	0	1	440	353	792	0.0	736	2086584
f8b4eff9d1a952d89e42a6132948e09e	gi|631251744|ref|NR_112942.1|	99.565	460	2	0	1	460	323	782	0.0	839	291644
f8b4eff9d1a952d89e42a6132948e09e	gi|343202632|ref|NR_043016.1|	99.348	460	3	0	1	460	316	775	0.0	833	291644
f8b4eff9d1a952d89e42a6132948e09e	gi|631252008|ref|NR_113206.1|	97.609	460	11	0	1	460	336	795	0.0	789	1236513
f8b4eff9d1a952d89e42a6132948e09e	gi|444303855|ref|NR_074277.1|	97.180	461	11	2	1	460	352	811	0.0	778	818
f8b4eff9d1a952d89e42a6132948e09e	gi|631251869|ref|NR_113067.1|	97.180	461	11	2	1	460	325	784	0.0	778	1077285
f8b4eff9d1a952d89e42a6132948e09e	gi|631251746|ref|NR_112944.1|	97.180	461	11	2	1	460	324	783	0.0	778	818
f8b4eff9d1a952d89e42a6132948e09e	gi|631251741|ref|NR_112939.1|	96.957	460	14	0	1	460	334	793	0.0	773	1203608
f8b4eff9d1a952d89e42a6132948e09e	gi|645320100|ref|NR_117387.1|	96.957	460	14	0	1	460	320	779	0.0	773	1077285
f8b4eff9d1a952d89e42a6132948e09e	gi|343202633|ref|NR_043017.1|	96.957	460	14	0	1	460	314	773	0.0	773	1203608
f8b4eff9d1a952d89e42a6132948e09e	gi|2363084421|ref|NR_180458.1|	96.746	461	13	2	1	460	340	799	0.0	767	2650157
480accc8de3a3ab6dad3b927c6cd5261	gi|1116030238|ref|NR_144696.1|	99.091	440	4	0	1	440	333	772	0.0	791	1414720
480accc8de3a3ab6dad3b927c6cd5261	gi|219846899|ref|NR_026491.1|	99.091	440	4	0	1	440	319	758	0.0	791	84024
480accc8de3a3ab6dad3b927c6cd5261	gi|219846557|ref|NR_026149.1|	98.636	440	6	0	1	440	325	764	0.0	780	36850
480accc8de3a3ab6dad3b927c6cd5261	gi|219846575|ref|NR_026167.1|	97.964	442	6	2	1	440	246	686	0.0	767	36834
480accc8de3a3ab6dad3b927c6cd5261	gi|2363082288|ref|NR_179391.1|	97.727	440	10	0	1	440	332	771	0.0	758	1499684
480accc8de3a3ab6dad3b927c6cd5261	gi|219846422|ref|NR_026013.1|	97.500	440	11	0	1	440	333	772	0.0	752	46867
480accc8de3a3ab6dad3b927c6cd5261	gi|631252127|ref|NR_113325.1|	97.273	440	12	0	1	440	333	772	0.0	747	1559
480accc8de3a3ab6dad3b927c6cd5261	gi|219846898|ref|NR_026490.1|	97.273	440	12	0	1	440	320	759	0.0	747	84031
480accc8de3a3ab6dad3b927c6cd5261	gi|310975222|ref|NR_037086.1|	97.273	440	12	0	1	440	316	755	0.0	747	1559
480accc8de3a3ab6dad3b927c6cd5261	gi|636558671|ref|NR_114728.1|	97.273	440	12	0	1	440	287	726	0.0	747	1559
f3479d565727bab990d1c2cebaafbe19	gi|343200190|ref|NR_040877.1|	98.261	460	8	0	1	460	341	800	0.0	808	537011
f3479d565727bab990d1c2cebaafbe19	gi|631252213|ref|NR_113411.1|	98.261	460	8	0	1	460	341	800	0.0	806	537011
f3479d565727bab990d1c2cebaafbe19	gi|2363084409|ref|NR_180452.1|	97.391	460	12	0	1	460	321	780	0.0	784	2518605
f3479d565727bab990d1c2cebaafbe19	gi|2221405403|ref|NR_175509.1|	93.492	461	28	2	1	460	341	800	0.0	684	2608404
f3479d565727bab990d1c2cebaafbe19	gi|631251907|ref|NR_113105.1|	93.492	461	28	2	1	460	329	788	0.0	684	470565
f3479d565727bab990d1c2cebaafbe19	gi|343199048|ref|NR_044407.1|	93.492	461	28	2	1	460	321	780	0.0	684	470565
f3479d565727bab990d1c2cebaafbe19	gi|566085557|ref|NR_109628.1|	93.059	461	30	2	1	460	322	781	0.0	673	1177574
f3479d565727bab990d1c2cebaafbe19	gi|631253107|ref|NR_114305.1|	93.059	461	30	2	1	460	341	800	0.0	673	1236518
f3479d565727bab990d1c2cebaafbe19	gi|631251926|ref|NR_113124.1|	93.059	461	30	2	1	460	341	800	0.0	673	28137
f3479d565727bab990d1c2cebaafbe19	gi|265678842|ref|NR_029147.1|	93.089	463	26	6	1	460	344	803	0.0	673	28136
8fdf1fa208111c299db8c8014469c4be	gi|631251955|ref|NR_113153.1|	99.130	460	4	0	1	460	334	793	0.0	828	328814
8fdf1fa208111c299db8c8014469c4be	gi|343202834|ref|NR_043319.1|	98.913	460	5	0	1	460	323	782	0.0	824	717959
8fdf1fa208111c299db8c8014469c4be	gi|507148054|ref|NR_102861.1|	98.913	460	5	0	1	460	334	793	0.0	822	717959
8fdf1fa208111c299db8c8014469c4be	gi|507148137|ref|NR_102944.1|	97.826	460	10	0	1	460	334	793	0.0	795	214856
8fdf1fa208111c299db8c8014469c4be	gi|343198609|ref|NR_043064.1|	97.826	460	10	0	1	460	314	773	0.0	795	214856
8fdf1fa208111c299db8c8014469c4be	gi|631251952|ref|NR_113150.1|	97.609	460	11	0	1	460	334	793	0.0	789	214856
8fdf1fa208111c299db8c8014469c4be	gi|636559243|ref|NR_115300.1|	97.391	460	12	0	1	460	314	773	0.0	784	679935
8fdf1fa208111c299db8c8014469c4be	gi|2363086959|ref|NR_181736.1|	97.174	460	13	0	1	460	334	793	0.0	778	2834113
8fdf1fa208111c299db8c8014469c4be	gi|645321193|ref|NR_118219.1|	96.739	460	15	0	1	460	332	791	0.0	767	1033732
8fdf1fa208111c299db8c8014469c4be	gi|2363082505|ref|NR_179499.1|	96.522	460	16	0	1	460	342	801	0.0	761	2364787
558831197bde54fe7b04b7938d6ea221	gi|631251879|ref|NR_113077.1|	97.386	459	12	0	1	459	329	787	0.0	782	454154
558831197bde54fe7b04b7938d6ea221	gi|343200939|ref|NR_041626.1|	97.386	459	12	0	1	459	321	779	0.0	782	762968
558831197bde54fe7b04b7938d6ea221	gi|631251880|ref|NR_113078.1|	91.323	461	36	2	1	459	339	797	2.82e-179	627	454155
558831197bde54fe7b04b7938d6ea221	gi|343200940|ref|NR_041627.1|	91.323	461	36	2	1	459	319	777	2.82e-179	627	762982
558831197bde54fe7b04b7938d6ea221	gi|343200759|ref|NR_041446.1|	88.769	463	45	6	1	459	323	782	2.90e-159	560	376804
558831197bde54fe7b04b7938d6ea221	gi|2363082635|ref|NR_179564.1|	87.716	464	48	9	1	459	338	797	6.33e-151	532	1903262
558831197bde54fe7b04b7938d6ea221	gi|2363086250|ref|NR_181377.1|	87.446	462	53	5	1	459	343	802	2.94e-149	527	2763138
558831197bde54fe7b04b7938d6ea221	gi|1116030289|ref|NR_144747.1|	86.117	461	61	3	1	459	337	796	2.99e-139	494	1841865
558831197bde54fe7b04b7938d6ea221	gi|631251871|ref|NR_113069.1|	86.177	463	57	6	1	459	336	795	2.99e-139	494	477666
558831197bde54fe7b04b7938d6ea221	gi|343200955|ref|NR_041642.1|	86.177	463	57	6	1	459	302	761	2.99e-139	494	477666
8fc57cc178f2814a81ec247a9f8be459	gi|343200980|ref|NR_041667.1|	98.925	465	5	0	1	465	320	784	0.0	832	487175
8fc57cc178f2814a81ec247a9f8be459	gi|631252130|ref|NR_113328.1|	91.221	467	37	4	1	465	332	796	0.0	632	626947
8fc57cc178f2814a81ec247a9f8be459	gi|631251705|ref|NR_112903.1|	91.221	467	37	4	1	465	312	776	0.0	632	626947
8fc57cc178f2814a81ec247a9f8be459	gi|2363082296|ref|NR_179395.1|	89.765	469	40	7	1	465	330	794	8.07e-170	595	1506471
8fc57cc178f2814a81ec247a9f8be459	gi|1811131556|ref|NR_165738.1|	89.507	467	45	4	1	465	309	773	1.35e-167	588	2490857
8fc57cc178f2814a81ec247a9f8be459	gi|2136551693|ref|NR_173698.1|	89.339	469	42	7	1	465	318	782	1.35e-167	588	2259133
8fc57cc178f2814a81ec247a9f8be459	gi|1246951785|ref|NR_149789.1|	89.032	465	51	0	1	465	297	761	2.92e-164	577	1783360
8fc57cc178f2814a81ec247a9f8be459	gi|559795305|ref|NR_104897.1|	89.079	467	47	4	1	465	308	772	2.92e-164	577	47671
8fc57cc178f2814a81ec247a9f8be459	gi|1193829158|ref|NR_147401.1|	88.913	469	44	8	1	465	332	796	1.36e-162	571	1816689
8fc57cc178f2814a81ec247a9f8be459	gi|1246951779|ref|NR_149783.1|	88.865	467	48	4	1	465	337	801	1.36e-162	571	1769758
67daa24b8931e56bbec590975c0a3e99	gi|1909404440|ref|NR_170495.1|	99.318	440	3	0	1	440	355	794	0.0	797	2509240
67daa24b8931e56bbec590975c0a3e99	gi|2363085133|ref|NR_180815.1|	99.091	440	4	0	1	440	350	789	0.0	791	2606633
67daa24b8931e56bbec590975c0a3e99	gi|2363083556|ref|NR_180026.1|	99.091	440	4	0	1	440	348	787	0.0	791	2696678
67daa24b8931e56bbec590975c0a3e99	gi|636560687|ref|NR_116747.1|	96.818	440	14	0	1	440	301	740	0.0	736	1298596
67daa24b8931e56bbec590975c0a3e99	gi|2363082059|ref|NR_179276.1|	96.364	440	16	0	1	440	334	773	0.0	725	2316025
67daa24b8931e56bbec590975c0a3e99	gi|974142252|ref|NR_134772.1|	96.364	440	16	0	1	440	297	736	0.0	725	1337051
67daa24b8931e56bbec590975c0a3e99	gi|1384992332|ref|NR_156081.1|	96.136	440	17	0	1	440	336	775	0.0	719	1469948
67daa24b8931e56bbec590975c0a3e99	gi|1384992329|ref|NR_156078.1|	96.136	440	17	0	1	440	336	775	0.0	719	1469948
67daa24b8931e56bbec590975c0a3e99	gi|343201234|ref|NR_041960.1|	96.145	441	16	1	1	440	222	662	0.0	719	89014
67daa24b8931e56bbec590975c0a3e99	gi|228719063|ref|NR_027579.1|	95.909	440	18	0	1	440	316	755	0.0	719	471875
7a3b6fc90d06347cd06e89f863a52f90	gi|631251879|ref|NR_113077.1|	98.693	459	6	0	1	459	329	787	0.0	815	454154
7a3b6fc90d06347cd06e89f863a52f90	gi|343200939|ref|NR_041626.1|	98.693	459	6	0	1	459	321	779	0.0	815	762968
7a3b6fc90d06347cd06e89f863a52f90	gi|631251880|ref|NR_113078.1|	92.593	459	34	0	1	459	339	797	0.0	660	454155
7a3b6fc90d06347cd06e89f863a52f90	gi|343200940|ref|NR_041627.1|	92.593	459	34	0	1	459	319	777	0.0	660	762982
7a3b6fc90d06347cd06e89f863a52f90	gi|343200759|ref|NR_041446.1|	89.201	463	43	6	1	459	323	782	1.34e-162	571	376804
7a3b6fc90d06347cd06e89f863a52f90	gi|2363082635|ref|NR_179564.1|	88.337	463	47	7	1	459	338	797	6.28e-156	549	1903262
7a3b6fc90d06347cd06e89f863a52f90	gi|343200761|ref|NR_041448.1|	87.446	462	53	5	1	459	322	781	2.94e-149	527	376806
7a3b6fc90d06347cd06e89f863a52f90	gi|2363086250|ref|NR_181377.1|	87.229	462	54	5	1	459	343	802	1.37e-147	521	2763138
7a3b6fc90d06347cd06e89f863a52f90	gi|631251867|ref|NR_113065.1|	87.041	463	53	6	1	459	338	797	6.37e-146	516	762984
7a3b6fc90d06347cd06e89f863a52f90	gi|631251695|ref|NR_112893.1|	87.041	463	53	6	1	459	318	777	6.37e-146	516	762984
dc7db1a4dfa05eb813adac1213a1ae35	gi|559795255|ref|NR_104846.1|	98.636	440	6	0	1	440	288	727	0.0	780	745368
dc7db1a4dfa05eb813adac1213a1ae35	gi|265678692|ref|NR_028997.1|	98.186	441	7	1	1	440	303	743	0.0	769	214851
dc7db1a4dfa05eb813adac1213a1ae35	gi|2363084747|ref|NR_180622.1|	94.318	440	25	0	1	440	335	774	0.0	675	2779354
dc7db1a4dfa05eb813adac1213a1ae35	gi|1397641802|ref|NR_156911.1|	93.864	440	27	0	1	440	351	790	0.0	664	1650663
dc7db1a4dfa05eb813adac1213a1ae35	gi|1277396189|ref|NR_151900.1|	93.409	440	29	0	1	440	351	790	0.0	652	1550024
dc7db1a4dfa05eb813adac1213a1ae35	gi|3030611269|ref|NR_199945.1|	93.182	440	30	0	1	440	335	774	0.0	647	3435293
dc7db1a4dfa05eb813adac1213a1ae35	gi|2363082282|ref|NR_179388.1|	93.182	440	30	0	1	440	335	774	0.0	647	2935520
dc7db1a4dfa05eb813adac1213a1ae35	gi|265678656|ref|NR_028961.1|	93.182	440	30	0	1	440	327	766	0.0	647	853
dc7db1a4dfa05eb813adac1213a1ae35	gi|2363082356|ref|NR_179425.1|	92.744	441	30	2	1	440	351	790	0.0	636	1689304
dc7db1a4dfa05eb813adac1213a1ae35	gi|2363081451|ref|NR_178972.1|	92.727	440	32	0	1	440	285	724	0.0	636	1851428
7405193c1efe0c8139d9f6c540173660	gi|2260349448|ref|NR_176530.1|	99.774	442	1	0	1	442	358	799	0.0	811	2093857
7405193c1efe0c8139d9f6c540173660	gi|2363082559|ref|NR_179526.1|	99.774	442	1	0	1	442	349	790	0.0	811	1841866
7405193c1efe0c8139d9f6c540173660	gi|645321110|ref|NR_118156.1|	95.928	442	18	0	1	442	304	745	0.0	717	1007096
7405193c1efe0c8139d9f6c540173660	gi|2962412234|ref|NR_199428.1|	95.701	442	19	0	1	442	352	793	0.0	712	3073143
7405193c1efe0c8139d9f6c540173660	gi|2363087001|ref|NR_181757.1|	95.270	444	17	4	1	442	289	730	0.0	701	2841504
7405193c1efe0c8139d9f6c540173660	gi|2363082170|ref|NR_179331.1|	95.260	443	20	1	1	442	328	770	0.0	701	2714358
7405193c1efe0c8139d9f6c540173660	gi|1269801610|ref|NR_074793.2|	94.570	442	24	0	1	442	355	796	0.0	684	351091
7405193c1efe0c8139d9f6c540173660	gi|343200653|ref|NR_041340.1|	94.570	442	24	0	1	442	328	769	0.0	684	351091
7405193c1efe0c8139d9f6c540173660	gi|2363082569|ref|NR_179531.1|	94.344	442	25	0	1	442	347	788	0.0	678	1852369
7405193c1efe0c8139d9f6c540173660	gi|2363082165|ref|NR_179329.1|	93.905	443	25	2	1	442	327	768	0.0	667	2714353
7d4f725ec3b61692693b61d237b28de0	gi|631251953|ref|NR_113151.1|	99.348	460	3	0	1	460	338	797	0.0	833	328813
7d4f725ec3b61692693b61d237b28de0	gi|343202833|ref|NR_043318.1|	99.348	460	3	0	1	460	324	783	0.0	833	328813
7d4f725ec3b61692693b61d237b28de0	gi|2363082099|ref|NR_179296.1|	97.391	460	12	0	1	460	324	783	0.0	784	2585119
7d4f725ec3b61692693b61d237b28de0	gi|507148054|ref|NR_102861.1|	96.957	460	14	0	1	460	334	793	0.0	773	717959
7d4f725ec3b61692693b61d237b28de0	gi|672239000|ref|NR_125589.1|	96.963	461	12	2	1	460	269	728	0.0	773	1033731
7d4f725ec3b61692693b61d237b28de0	gi|343202834|ref|NR_043319.1|	96.739	460	15	0	1	460	323	782	0.0	769	717959
7d4f725ec3b61692693b61d237b28de0	gi|2363082505|ref|NR_179499.1|	96.739	460	15	0	1	460	342	801	0.0	767	2364787
7d4f725ec3b61692693b61d237b28de0	gi|507148137|ref|NR_102944.1|	96.739	460	15	0	1	460	334	793	0.0	767	214856
7d4f725ec3b61692693b61d237b28de0	gi|631251955|ref|NR_113153.1|	96.739	460	15	0	1	460	334	793	0.0	767	328814
7d4f725ec3b61692693b61d237b28de0	gi|636559243|ref|NR_115300.1|	96.739	460	15	0	1	460	314	773	0.0	767	679935
a7588dee23493ddd32ac43667f84503a	gi|1116030282|ref|NR_144740.1|	99.544	439	2	0	1	439	321	759	0.0	800	1776391
a7588dee23493ddd32ac43667f84503a	gi|974142280|ref|NR_134800.1|	98.861	439	5	0	1	439	255	693	0.0	784	1368474
a7588dee23493ddd32ac43667f84503a	gi|672239008|ref|NR_125597.1|	98.186	441	6	2	1	439	318	758	0.0	769	1115758
a7588dee23493ddd32ac43667f84503a	gi|2363083072|ref|NR_179784.1|	98.178	439	8	0	1	439	301	739	0.0	767	2020948
a7588dee23493ddd32ac43667f84503a	gi|2363082877|ref|NR_179687.1|	97.494	439	11	0	1	439	273	711	0.0	750	2662455
a7588dee23493ddd32ac43667f84503a	gi|1230874654|ref|NR_148815.1|	97.494	439	11	0	1	439	319	757	0.0	750	1629550
a7588dee23493ddd32ac43667f84503a	gi|631252125|ref|NR_113323.1|	97.494	439	11	0	1	439	319	757	0.0	750	1490
a7588dee23493ddd32ac43667f84503a	gi|1269785414|ref|NR_118728.2|	97.267	439	12	0	1	439	330	768	0.0	749	1121325
a7588dee23493ddd32ac43667f84503a	gi|631250974|ref|NR_112171.1|	97.267	439	12	0	1	439	309	747	0.0	745	1490
a7588dee23493ddd32ac43667f84503a	gi|1040567059|ref|NR_137408.1|	97.039	439	13	0	1	439	290	728	0.0	739	1460447
ef1d12eedf72606f51233edf4dc72312	gi|2363081451|ref|NR_178972.1|	99.091	440	4	0	1	440	285	724	0.0	791	1851428
ef1d12eedf72606f51233edf4dc72312	gi|265678656|ref|NR_028961.1|	98.409	440	7	0	1	440	327	766	0.0	774	853
ef1d12eedf72606f51233edf4dc72312	gi|2363082282|ref|NR_179388.1|	98.182	440	8	0	1	440	335	774	0.0	769	2935520
ef1d12eedf72606f51233edf4dc72312	gi|2363080123|ref|NR_178280.1|	98.182	440	8	0	1	440	331	770	0.0	769	411483
ef1d12eedf72606f51233edf4dc72312	gi|3030611269|ref|NR_199945.1|	97.955	440	9	0	1	440	335	774	0.0	763	3435293
ef1d12eedf72606f51233edf4dc72312	gi|2363081449|ref|NR_178971.1|	97.955	440	8	1	1	440	285	723	0.0	761	1851427
ef1d12eedf72606f51233edf4dc72312	gi|2363080175|ref|NR_178311.1|	96.136	440	17	0	1	440	412	851	0.0	719	2903556
ef1d12eedf72606f51233edf4dc72312	gi|1397641802|ref|NR_156911.1|	92.273	440	34	0	1	440	351	790	9.71e-179	625	1650663
ef1d12eedf72606f51233edf4dc72312	gi|2363084747|ref|NR_180622.1|	92.273	440	34	0	1	440	335	774	9.71e-179	625	2779354
ef1d12eedf72606f51233edf4dc72312	gi|2363082356|ref|NR_179425.1|	92.063	441	33	2	1	440	351	790	4.52e-177	619	1689304
bdf9545eae130a3881c6045e1ec6cdb7	gi|343200656|ref|NR_041343.1|	99.348	460	3	0	1	460	340	799	0.0	833	46503
bdf9545eae130a3881c6045e1ec6cdb7	gi|645322411|ref|NR_119166.1|	99.130	460	4	0	1	460	319	778	0.0	830	411477
bdf9545eae130a3881c6045e1ec6cdb7	gi|343200777|ref|NR_041464.1|	97.391	460	12	0	1	460	340	799	0.0	784	387661
bdf9545eae130a3881c6045e1ec6cdb7	gi|2363083816|ref|NR_180156.1|	96.522	460	16	0	1	460	291	750	0.0	761	2290935
bdf9545eae130a3881c6045e1ec6cdb7	gi|2363086049|ref|NR_181277.1|	96.087	460	18	0	1	460	309	768	0.0	750	2753162
bdf9545eae130a3881c6045e1ec6cdb7	gi|631251878|ref|NR_113076.1|	95.879	461	17	2	1	460	324	783	0.0	745	927665
bdf9545eae130a3881c6045e1ec6cdb7	gi|343202832|ref|NR_043317.1|	95.879	461	17	2	1	460	284	743	0.0	745	328812
bdf9545eae130a3881c6045e1ec6cdb7	gi|1811131517|ref|NR_165699.1|	95.435	460	21	0	1	460	336	795	0.0	734	2685834
bdf9545eae130a3881c6045e1ec6cdb7	gi|2363082715|ref|NR_179605.1|	95.445	461	19	2	1	460	316	775	0.0	734	1944636
bdf9545eae130a3881c6045e1ec6cdb7	gi|2363082619|ref|NR_179556.1|	95.217	460	22	0	1	460	316	775	0.0	728	1871013
b25b9bd05e6f8d002b6f77384f538118	gi|1116030238|ref|NR_144696.1|	98.864	440	5	0	1	440	333	772	0.0	785	1414720
b25b9bd05e6f8d002b6f77384f538118	gi|219846899|ref|NR_026491.1|	98.864	440	5	0	1	440	319	758	0.0	785	84024
b25b9bd05e6f8d002b6f77384f538118	gi|219846557|ref|NR_026149.1|	97.955	440	9	0	1	440	325	764	0.0	763	36850
b25b9bd05e6f8d002b6f77384f538118	gi|219846575|ref|NR_026167.1|	97.738	442	7	2	1	440	246	686	0.0	761	36834
b25b9bd05e6f8d002b6f77384f538118	gi|219846422|ref|NR_026013.1|	97.273	440	12	0	1	440	333	772	0.0	747	46867
b25b9bd05e6f8d002b6f77384f538118	gi|2363082288|ref|NR_179391.1|	97.045	440	13	0	1	440	332	771	0.0	741	1499684
b25b9bd05e6f8d002b6f77384f538118	gi|631252127|ref|NR_113325.1|	97.045	440	13	0	1	440	333	772	0.0	741	1559
b25b9bd05e6f8d002b6f77384f538118	gi|219846898|ref|NR_026490.1|	97.045	440	13	0	1	440	320	759	0.0	741	84031
b25b9bd05e6f8d002b6f77384f538118	gi|310975222|ref|NR_037086.1|	97.045	440	13	0	1	440	316	755	0.0	741	1559
b25b9bd05e6f8d002b6f77384f538118	gi|636558671|ref|NR_114728.1|	97.045	440	13	0	1	440	287	726	0.0	741	1559
c13becb8c4ac0bd020508d47364f7d2a	gi|3248465636|ref|NR_201647.1|	99.545	440	2	0	1	440	300	739	0.0	802	3380806
c13becb8c4ac0bd020508d47364f7d2a	gi|343198924|ref|NR_044048.1|	99.545	440	2	0	1	440	328	767	0.0	802	470146
c13becb8c4ac0bd020508d47364f7d2a	gi|1116030277|ref|NR_144735.1|	99.091	440	4	0	1	440	350	789	0.0	791	1745713
c13becb8c4ac0bd020508d47364f7d2a	gi|2363082603|ref|NR_179548.1|	97.273	440	12	0	1	440	348	787	0.0	749	1870993
c13becb8c4ac0bd020508d47364f7d2a	gi|265678940|ref|NR_029248.1|	96.818	440	12	2	1	440	349	786	0.0	736	500632
c13becb8c4ac0bd020508d47364f7d2a	gi|2363084846|ref|NR_180671.1|	96.136	440	17	0	1	440	63	502	0.0	719	2594882
c13becb8c4ac0bd020508d47364f7d2a	gi|2962412221|ref|NR_199415.1|	96.136	440	17	0	1	440	338	777	0.0	719	3136600
c13becb8c4ac0bd020508d47364f7d2a	gi|2363086021|ref|NR_181263.1|	96.136	440	17	0	1	440	334	773	0.0	719	2726362
c13becb8c4ac0bd020508d47364f7d2a	gi|2363086282|ref|NR_181393.1|	95.928	442	14	4	1	440	290	729	0.0	713	2763664
c13becb8c4ac0bd020508d47364f7d2a	gi|343203027|ref|NR_043551.1|	95.909	440	18	0	1	440	349	788	0.0	713	341220
4b1e17d2e012cb1171f515275fe37436	gi|343200626|ref|NR_041313.1|	99.130	460	4	0	1	460	340	799	0.0	828	338188
4b1e17d2e012cb1171f515275fe37436	gi|2363084421|ref|NR_180458.1|	98.043	460	9	0	1	460	340	799	0.0	800	2650157
4b1e17d2e012cb1171f515275fe37436	gi|645320100|ref|NR_117387.1|	97.826	460	10	0	1	460	320	779	0.0	795	1077285
4b1e17d2e012cb1171f515275fe37436	gi|631251869|ref|NR_113067.1|	97.609	460	11	0	1	460	325	784	0.0	789	1077285
4b1e17d2e012cb1171f515275fe37436	gi|631251749|ref|NR_112947.1|	97.174	460	13	0	1	460	326	785	0.0	780	657309
4b1e17d2e012cb1171f515275fe37436	gi|2363084431|ref|NR_180463.1|	97.174	460	13	0	1	460	340	799	0.0	778	2650158
4b1e17d2e012cb1171f515275fe37436	gi|631251733|ref|NR_112931.1|	97.174	460	13	0	1	460	340	799	0.0	778	85831
4b1e17d2e012cb1171f515275fe37436	gi|343201773|ref|NR_042499.1|	97.174	460	13	0	1	460	294	753	0.0	778	657309
4b1e17d2e012cb1171f515275fe37436	gi|265678305|ref|NR_028607.1|	97.168	459	13	0	2	460	333	791	0.0	776	85831
4b1e17d2e012cb1171f515275fe37436	gi|631251734|ref|NR_112932.1|	96.957	460	14	0	1	460	328	787	0.0	773	47678
15f02bd9df28c22d4f63528be2e13313	gi|2363085169|ref|NR_180833.1|	99.318	440	3	0	1	440	337	776	0.0	797	2606635
15f02bd9df28c22d4f63528be2e13313	gi|310975204|ref|NR_037068.1|	97.052	441	11	2	1	440	341	780	0.0	741	29375
15f02bd9df28c22d4f63528be2e13313	gi|3030611230|ref|NR_199906.1|	96.818	440	14	0	1	440	354	793	0.0	736	3123317
15f02bd9df28c22d4f63528be2e13313	gi|3030611314|ref|NR_199990.1|	96.818	440	14	0	1	440	350	789	0.0	736	3123317
15f02bd9df28c22d4f63528be2e13313	gi|2836274880|ref|NR_197643.1|	96.818	440	14	0	1	440	329	768	0.0	736	2962432
15f02bd9df28c22d4f63528be2e13313	gi|1384992331|ref|NR_156080.1|	96.818	440	14	0	1	440	336	775	0.0	736	1469948
15f02bd9df28c22d4f63528be2e13313	gi|1384992328|ref|NR_156077.1|	96.818	440	14	0	1	440	336	775	0.0	736	1469948
15f02bd9df28c22d4f63528be2e13313	gi|559795307|ref|NR_104899.1|	96.818	440	14	0	1	440	328	767	0.0	736	384636
15f02bd9df28c22d4f63528be2e13313	gi|645322280|ref|NR_119068.1|	96.825	441	11	3	1	440	315	753	0.0	734	36832
15f02bd9df28c22d4f63528be2e13313	gi|2363082679|ref|NR_179587.1|	96.591	440	15	0	1	440	328	767	0.0	730	1926283
f6fefbfcd6e78f4c0d784b0c255a6d05	gi|645321790|ref|NR_118674.1|	97.273	440	12	0	1	440	356	795	0.0	763	1256908
f6fefbfcd6e78f4c0d784b0c255a6d05	gi|645320588|ref|NR_117758.1|	96.380	442	14	1	1	440	322	763	0.0	726	166486
f6fefbfcd6e78f4c0d784b0c255a6d05	gi|228716944|ref|NR_027557.1|	96.380	442	14	1	1	440	343	784	0.0	726	536231
f6fefbfcd6e78f4c0d784b0c255a6d05	gi|444439494|ref|NR_074809.1|	96.372	441	15	1	1	440	350	790	0.0	725	585394
f6fefbfcd6e78f4c0d784b0c255a6d05	gi|2363086302|ref|NR_181403.1|	96.154	442	15	1	1	440	246	687	0.0	721	2763061
f6fefbfcd6e78f4c0d784b0c255a6d05	gi|343198540|ref|NR_042832.1|	96.145	441	16	1	1	440	330	770	0.0	719	301302
f6fefbfcd6e78f4c0d784b0c255a6d05	gi|343201282|ref|NR_042008.1|	96.145	441	15	2	1	440	341	780	0.0	719	585394
f6fefbfcd6e78f4c0d784b0c255a6d05	gi|219846723|ref|NR_026315.1|	96.136	440	17	0	1	440	317	756	0.0	719	46206
f6fefbfcd6e78f4c0d784b0c255a6d05	gi|2363085149|ref|NR_180823.1|	95.909	440	18	0	1	440	357	796	0.0	713	2606634
f6fefbfcd6e78f4c0d784b0c255a6d05	gi|444304209|ref|NR_074634.1|	95.909	440	18	0	1	440	350	789	0.0	713	515619
6152a6a3eeca6ccaf771a49a5f2b4f48	gi|636558732|ref|NR_114789.1|	99.091	440	4	0	1	440	347	786	0.0	791	1535
6152a6a3eeca6ccaf771a49a5f2b4f48	gi|2363082767|ref|NR_179632.1|	94.091	440	26	0	1	440	337	776	0.0	669	2014781
6152a6a3eeca6ccaf771a49a5f2b4f48	gi|3248465687|ref|NR_201701.1|	93.905	443	24	1	1	440	330	772	0.0	665	3435187
6152a6a3eeca6ccaf771a49a5f2b4f48	gi|3248465688|ref|NR_201702.1|	93.905	443	24	1	1	440	328	770	0.0	665	3435000
6152a6a3eeca6ccaf771a49a5f2b4f48	gi|2836274967|ref|NR_197730.1|	93.182	440	30	0	1	440	312	751	0.0	647	3093658
6152a6a3eeca6ccaf771a49a5f2b4f48	gi|2180566484|ref|NR_174324.1|	93.182	440	30	0	1	440	346	785	0.0	647	2576756
6152a6a3eeca6ccaf771a49a5f2b4f48	gi|2836274966|ref|NR_197729.1|	92.955	440	31	0	1	440	304	743	0.0	641	3093657
6152a6a3eeca6ccaf771a49a5f2b4f48	gi|1109168013|ref|NR_144605.1|	92.955	440	31	0	1	440	367	806	0.0	641	1796620
6152a6a3eeca6ccaf771a49a5f2b4f48	gi|1116030278|ref|NR_144736.1|	92.955	440	31	0	1	440	360	799	0.0	641	1776382
6152a6a3eeca6ccaf771a49a5f2b4f48	gi|2363085985|ref|NR_181245.1|	92.955	440	31	0	1	440	284	723	0.0	641	2666138
94842f8324c6668fb129f33ccfa6af02	gi|2363086276|ref|NR_181390.1|	99.091	440	4	0	1	440	304	743	0.0	791	2763659
94842f8324c6668fb129f33ccfa6af02	gi|1445136071|ref|NR_158111.1|	94.331	441	22	2	1	440	349	787	0.0	673	2038680
94842f8324c6668fb129f33ccfa6af02	gi|2363082755|ref|NR_179626.1|	92.971	441	28	2	1	440	351	789	0.0	640	1987501
94842f8324c6668fb129f33ccfa6af02	gi|1193829135|ref|NR_147378.1|	92.760	442	29	3	1	440	339	779	0.0	636	1871035
94842f8324c6668fb129f33ccfa6af02	gi|1277396348|ref|NR_152059.1|	92.551	443	29	4	1	440	272	713	0.0	632	1849041
94842f8324c6668fb129f33ccfa6af02	gi|2363082561|ref|NR_179527.1|	92.551	443	29	4	1	440	336	777	0.0	632	1841868
94842f8324c6668fb129f33ccfa6af02	gi|2363082585|ref|NR_179539.1|	92.290	441	31	2	1	440	351	789	3.49e-178	623	1852384
94842f8324c6668fb129f33ccfa6af02	gi|2363082601|ref|NR_179547.1|	91.855	442	32	4	1	440	347	786	2.10e-175	614	1870991
94842f8324c6668fb129f33ccfa6af02	gi|228717037|ref|NR_027558.1|	90.455	440	41	1	1	440	292	730	7.67e-165	579	169435
94842f8324c6668fb129f33ccfa6af02	gi|343202572|ref|NR_042930.1|	90.476	441	39	2	1	440	366	804	7.67e-165	579	258515
18762d4c8b19c82bf539ef7db64d37ac	gi|2363085097|ref|NR_180797.1|	95.455	440	20	0	1	440	346	785	0.0	702	2605778
18762d4c8b19c82bf539ef7db64d37ac	gi|2836274880|ref|NR_197643.1|	95.227	440	21	0	1	440	329	768	0.0	697	2962432
18762d4c8b19c82bf539ef7db64d37ac	gi|2363082679|ref|NR_179587.1|	95.227	440	21	0	1	440	328	767	0.0	697	1926283
18762d4c8b19c82bf539ef7db64d37ac	gi|1193829153|ref|NR_147396.1|	95.227	440	21	0	1	440	328	767	0.0	697	1917870
18762d4c8b19c82bf539ef7db64d37ac	gi|2363081854|ref|NR_179173.1|	95.227	440	21	0	1	440	333	772	0.0	697	2126740
18762d4c8b19c82bf539ef7db64d37ac	gi|2363080261|ref|NR_178356.1|	95.227	440	21	0	1	440	313	752	0.0	697	558153
18762d4c8b19c82bf539ef7db64d37ac	gi|310975204|ref|NR_037068.1|	95.227	440	21	0	1	440	341	780	0.0	697	29375
18762d4c8b19c82bf539ef7db64d37ac	gi|219846508|ref|NR_026100.1|	95.227	440	21	0	1	440	323	762	0.0	697	1286362
18762d4c8b19c82bf539ef7db64d37ac	gi|219846817|ref|NR_026409.1|	95.227	440	21	0	1	440	341	780	0.0	697	29370
18762d4c8b19c82bf539ef7db64d37ac	gi|631251457|ref|NR_112654.1|	95.000	440	22	0	1	440	338	777	0.0	693	1286362
fd3377223b35a3d63f859c47e5a15b36	gi|2363087247|ref|NR_181879.1|	87.716	464	46	9	1	458	285	743	2.27e-150	531	2880704
fd3377223b35a3d63f859c47e5a15b36	gi|2363085163|ref|NR_180830.1|	87.041	463	51	7	1	458	336	794	2.29e-145	514	2606626
fd3377223b35a3d63f859c47e5a15b36	gi|1909404453|ref|NR_170508.1|	86.797	462	54	6	1	458	352	810	1.06e-143	508	2518971
fd3377223b35a3d63f859c47e5a15b36	gi|1909404454|ref|NR_170509.1|	86.609	463	53	8	1	458	347	805	4.95e-142	503	2530391
fd3377223b35a3d63f859c47e5a15b36	gi|2363087249|ref|NR_181880.1|	86.147	462	57	7	1	458	294	752	1.07e-138	492	2880703
fd3377223b35a3d63f859c47e5a15b36	gi|2363084366|ref|NR_180431.1|	85.961	463	57	8	1	458	350	809	1.39e-137	488	2530390
fd3377223b35a3d63f859c47e5a15b36	gi|2363084938|ref|NR_180717.1|	85.714	462	60	6	1	458	259	718	6.45e-136	483	2601703
fd3377223b35a3d63f859c47e5a15b36	gi|631251890|ref|NR_113088.1|	85.345	464	58	10	1	458	327	786	1.40e-132	472	111105
fd3377223b35a3d63f859c47e5a15b36	gi|219857464|ref|NR_025052.1|	85.345	464	58	10	1	458	315	774	1.40e-132	472	111105
fd3377223b35a3d63f859c47e5a15b36	gi|2363083455|ref|NR_179976.1|	85.376	465	55	11	1	458	289	747	5.02e-132	470	2094151
c0442614caef0b8b5776023c5b13b343	gi|343205678|ref|NR_044054.1|	99.318	440	3	0	1	440	297	736	0.0	797	1121115
c0442614caef0b8b5776023c5b13b343	gi|631253117|ref|NR_114315.1|	99.091	440	4	0	1	440	336	775	0.0	793	649762
c0442614caef0b8b5776023c5b13b343	gi|2363082685|ref|NR_179590.1|	98.866	441	4	1	1	440	327	767	0.0	787	1936059
c0442614caef0b8b5776023c5b13b343	gi|219846722|ref|NR_026314.1|	97.273	440	12	0	1	440	330	769	0.0	747	53443
c0442614caef0b8b5776023c5b13b343	gi|219846720|ref|NR_026312.1|	96.818	440	14	0	1	440	327	766	0.0	737	180164
c0442614caef0b8b5776023c5b13b343	gi|2363084170|ref|NR_180334.1|	96.818	440	14	0	1	440	253	692	0.0	736	2763028
c0442614caef0b8b5776023c5b13b343	gi|2363086300|ref|NR_181402.1|	96.818	440	14	0	1	440	300	739	0.0	736	2763028
c0442614caef0b8b5776023c5b13b343	gi|631252033|ref|NR_113231.1|	96.825	441	12	2	1	440	347	786	0.0	736	536633
c0442614caef0b8b5776023c5b13b343	gi|631251591|ref|NR_112789.1|	96.825	441	12	2	1	440	333	772	0.0	736	536633
c0442614caef0b8b5776023c5b13b343	gi|2363082673|ref|NR_179584.1|	96.599	441	13	2	1	440	327	766	0.0	730	1917888
c783ae87cc95310d7842154e953635b9	gi|636558732|ref|NR_114789.1|	99.318	440	3	0	1	440	347	786	0.0	797	1535
c783ae87cc95310d7842154e953635b9	gi|2363082767|ref|NR_179632.1|	94.318	440	25	0	1	440	337	776	0.0	675	2014781
c783ae87cc95310d7842154e953635b9	gi|3248465687|ref|NR_201701.1|	94.131	443	23	1	1	440	330	772	0.0	671	3435187
c783ae87cc95310d7842154e953635b9	gi|3248465688|ref|NR_201702.1|	94.131	443	23	1	1	440	328	770	0.0	671	3435000
c783ae87cc95310d7842154e953635b9	gi|2836274967|ref|NR_197730.1|	93.409	440	29	0	1	440	312	751	0.0	652	3093658
c783ae87cc95310d7842154e953635b9	gi|2180566484|ref|NR_174324.1|	93.409	440	29	0	1	440	346	785	0.0	652	2576756
c783ae87cc95310d7842154e953635b9	gi|2836274966|ref|NR_197729.1|	93.182	440	30	0	1	440	304	743	0.0	647	3093657
c783ae87cc95310d7842154e953635b9	gi|1109168013|ref|NR_144605.1|	93.182	440	30	0	1	440	367	806	0.0	647	1796620
c783ae87cc95310d7842154e953635b9	gi|1116030278|ref|NR_144736.1|	93.182	440	30	0	1	440	360	799	0.0	647	1776382
c783ae87cc95310d7842154e953635b9	gi|2363085985|ref|NR_181245.1|	93.182	440	30	0	1	440	284	723	0.0	647	2666138
00cfc5c40cf63d6ceecfde0822947164	gi|343205678|ref|NR_044054.1|	99.545	440	2	0	1	440	297	736	0.0	802	1121115
00cfc5c40cf63d6ceecfde0822947164	gi|631253117|ref|NR_114315.1|	99.318	440	3	0	1	440	336	775	0.0	798	649762
00cfc5c40cf63d6ceecfde0822947164	gi|2363082685|ref|NR_179590.1|	99.093	441	3	1	1	440	327	767	0.0	793	1936059
00cfc5c40cf63d6ceecfde0822947164	gi|219846722|ref|NR_026314.1|	97.500	440	11	0	1	440	330	769	0.0	752	53443
00cfc5c40cf63d6ceecfde0822947164	gi|219846720|ref|NR_026312.1|	97.045	440	13	0	1	440	327	766	0.0	743	180164
00cfc5c40cf63d6ceecfde0822947164	gi|2363084170|ref|NR_180334.1|	97.045	440	13	0	1	440	253	692	0.0	741	2763028
00cfc5c40cf63d6ceecfde0822947164	gi|2363086300|ref|NR_181402.1|	97.045	440	13	0	1	440	300	739	0.0	741	2763028
00cfc5c40cf63d6ceecfde0822947164	gi|631252033|ref|NR_113231.1|	97.052	441	11	2	1	440	347	786	0.0	741	536633
00cfc5c40cf63d6ceecfde0822947164	gi|631251591|ref|NR_112789.1|	97.052	441	11	2	1	440	333	772	0.0	741	536633
00cfc5c40cf63d6ceecfde0822947164	gi|2363082673|ref|NR_179584.1|	96.825	441	12	2	1	440	327	766	0.0	736	1917888
a4bc30cb336f8d7ecd48d422979dbc2b	gi|343201773|ref|NR_042499.1|	99.565	460	2	0	1	460	294	753	0.0	839	657309
a4bc30cb336f8d7ecd48d422979dbc2b	gi|631251749|ref|NR_112947.1|	99.348	460	3	0	1	460	326	785	0.0	835	657309
a4bc30cb336f8d7ecd48d422979dbc2b	gi|2363084431|ref|NR_180463.1|	99.130	460	4	0	1	460	340	799	0.0	828	2650158
a4bc30cb336f8d7ecd48d422979dbc2b	gi|631251733|ref|NR_112931.1|	98.696	460	6	0	1	460	340	799	0.0	817	85831
a4bc30cb336f8d7ecd48d422979dbc2b	gi|265678305|ref|NR_028607.1|	98.693	459	6	0	2	460	333	791	0.0	815	85831
a4bc30cb336f8d7ecd48d422979dbc2b	gi|631252008|ref|NR_113206.1|	98.043	460	9	0	1	460	336	795	0.0	800	1236513
a4bc30cb336f8d7ecd48d422979dbc2b	gi|645322410|ref|NR_119165.1|	97.609	460	11	0	1	460	319	778	0.0	797	28116
a4bc30cb336f8d7ecd48d422979dbc2b	gi|631251869|ref|NR_113067.1|	97.609	460	11	0	1	460	325	784	0.0	789	1077285
a4bc30cb336f8d7ecd48d422979dbc2b	gi|645320100|ref|NR_117387.1|	97.609	460	11	0	1	460	320	779	0.0	789	1077285
a4bc30cb336f8d7ecd48d422979dbc2b	gi|343200626|ref|NR_041313.1|	97.609	460	11	0	1	460	340	799	0.0	789	338188
e6fe7d479374fd0e567538622be9823a	gi|2363081451|ref|NR_178972.1|	99.773	440	1	0	1	440	285	724	0.0	808	1851428
e6fe7d479374fd0e567538622be9823a	gi|265678656|ref|NR_028961.1|	99.091	440	4	0	1	440	327	766	0.0	791	853
e6fe7d479374fd0e567538622be9823a	gi|2363082282|ref|NR_179388.1|	98.864	440	5	0	1	440	335	774	0.0	785	2935520
e6fe7d479374fd0e567538622be9823a	gi|2363080123|ref|NR_178280.1|	98.864	440	5	0	1	440	331	770	0.0	785	411483
e6fe7d479374fd0e567538622be9823a	gi|3030611269|ref|NR_199945.1|	98.636	440	6	0	1	440	335	774	0.0	780	3435293
e6fe7d479374fd0e567538622be9823a	gi|2363081449|ref|NR_178971.1|	98.409	440	6	1	1	440	285	723	0.0	773	1851427
e6fe7d479374fd0e567538622be9823a	gi|2363080175|ref|NR_178311.1|	96.818	440	14	0	1	440	412	851	0.0	736	2903556
e6fe7d479374fd0e567538622be9823a	gi|1397641802|ref|NR_156911.1|	92.955	440	31	0	1	440	351	790	0.0	641	1650663
e6fe7d479374fd0e567538622be9823a	gi|2363084747|ref|NR_180622.1|	92.955	440	31	0	1	440	335	774	0.0	641	2779354
e6fe7d479374fd0e567538622be9823a	gi|2363082356|ref|NR_179425.1|	92.744	441	30	2	1	440	351	790	0.0	636	1689304
16800543df452c5c083c1b1199eb8723	gi|444304091|ref|NR_074515.1|	99.348	460	3	0	1	460	350	809	0.0	833	435590
16800543df452c5c083c1b1199eb8723	gi|631251748|ref|NR_112946.1|	99.348	460	3	0	1	460	339	798	0.0	833	821
16800543df452c5c083c1b1199eb8723	gi|631250946|ref|NR_112143.1|	99.130	460	4	0	1	460	307	766	0.0	828	821
16800543df452c5c083c1b1199eb8723	gi|343200664|ref|NR_041351.1|	98.478	460	7	0	1	460	341	800	0.0	811	357276
16800543df452c5c083c1b1199eb8723	gi|631251997|ref|NR_113195.1|	93.696	460	29	0	1	460	338	797	0.0	689	1236515
16800543df452c5c083c1b1199eb8723	gi|631251866|ref|NR_113064.1|	93.478	460	30	0	1	460	338	797	0.0	684	1236538
16800543df452c5c083c1b1199eb8723	gi|631251817|ref|NR_113015.1|	93.478	460	30	0	1	460	338	797	0.0	684	1236538
16800543df452c5c083c1b1199eb8723	gi|645320081|ref|NR_117373.1|	93.478	460	30	0	1	460	289	748	0.0	684	1236515
16800543df452c5c083c1b1199eb8723	gi|2363085522|ref|NR_181010.1|	93.043	460	32	0	1	460	297	756	0.0	673	2786956
16800543df452c5c083c1b1199eb8723	gi|2363082547|ref|NR_179520.1|	93.043	460	32	0	1	460	314	773	0.0	673	1841855
87a556e7a74821c17174d393de4743ad	gi|2363082673|ref|NR_179584.1|	99.091	440	4	0	1	440	327	766	0.0	793	1917888
87a556e7a74821c17174d393de4743ad	gi|566085203|ref|NR_109014.1|	98.864	440	5	0	1	440	195	634	0.0	785	871665
87a556e7a74821c17174d393de4743ad	gi|631252033|ref|NR_113231.1|	98.409	440	7	0	1	440	347	786	0.0	774	536633
87a556e7a74821c17174d393de4743ad	gi|631251591|ref|NR_112789.1|	98.409	440	7	0	1	440	333	772	0.0	774	536633
87a556e7a74821c17174d393de4743ad	gi|219846720|ref|NR_026312.1|	97.273	440	12	0	1	440	327	766	0.0	749	180164
87a556e7a74821c17174d393de4743ad	gi|1109168017|ref|NR_144607.1|	97.273	440	12	0	1	440	282	721	0.0	747	1796615
87a556e7a74821c17174d393de4743ad	gi|631252072|ref|NR_113270.1|	97.045	440	13	0	1	440	348	787	0.0	741	1121114
87a556e7a74821c17174d393de4743ad	gi|645320731|ref|NR_117867.1|	97.045	440	13	0	1	440	300	739	0.0	741	871664
87a556e7a74821c17174d393de4743ad	gi|559795114|ref|NR_104700.1|	97.045	440	13	0	1	440	348	787	0.0	741	33035
87a556e7a74821c17174d393de4743ad	gi|2363084170|ref|NR_180334.1|	96.825	441	12	2	1	440	253	692	0.0	736	2763028
56e8836e2994bde38b67ec28ad623fd3	gi|631251879|ref|NR_113077.1|	98.039	459	9	0	1	459	329	787	0.0	798	454154
56e8836e2994bde38b67ec28ad623fd3	gi|343200939|ref|NR_041626.1|	98.039	459	9	0	1	459	321	779	0.0	798	762968
56e8836e2994bde38b67ec28ad623fd3	gi|631251880|ref|NR_113078.1|	91.974	461	33	2	1	459	339	797	0.0	643	454155
56e8836e2994bde38b67ec28ad623fd3	gi|343200940|ref|NR_041627.1|	91.974	461	33	2	1	459	319	777	0.0	643	762982
56e8836e2994bde38b67ec28ad623fd3	gi|343200759|ref|NR_041446.1|	89.417	463	42	6	1	459	323	782	2.88e-164	577	376804
56e8836e2994bde38b67ec28ad623fd3	gi|2363082635|ref|NR_179564.1|	88.362	464	45	9	1	459	338	797	6.28e-156	549	1903262
56e8836e2994bde38b67ec28ad623fd3	gi|2363086250|ref|NR_181377.1|	88.095	462	50	5	1	459	343	802	2.92e-154	544	2763138
56e8836e2994bde38b67ec28ad623fd3	gi|1116030289|ref|NR_144747.1|	86.768	461	58	3	1	459	337	796	2.96e-144	510	1841865
56e8836e2994bde38b67ec28ad623fd3	gi|631251871|ref|NR_113069.1|	86.825	463	54	6	1	459	336	795	2.96e-144	510	477666
56e8836e2994bde38b67ec28ad623fd3	gi|343200955|ref|NR_041642.1|	86.825	463	54	6	1	459	302	761	2.96e-144	510	477666
f4dd289efe5cbd25622587187003bd39	gi|631251747|ref|NR_112945.1|	99.348	460	3	0	1	460	327	786	0.0	833	820
f4dd289efe5cbd25622587187003bd39	gi|343200179|ref|NR_040866.1|	99.348	460	3	0	1	460	334	793	0.0	833	820
f4dd289efe5cbd25622587187003bd39	gi|2363086550|ref|NR_181532.1|	98.913	460	5	0	1	460	322	781	0.0	822	2763025
f4dd289efe5cbd25622587187003bd39	gi|2363082773|ref|NR_179635.1|	97.174	460	13	0	1	460	338	797	0.0	778	2024197
f4dd289efe5cbd25622587187003bd39	gi|631251874|ref|NR_113072.1|	96.957	460	14	0	1	460	338	797	0.0	773	1236512
f4dd289efe5cbd25622587187003bd39	gi|631251816|ref|NR_113014.1|	96.739	460	15	0	1	460	338	797	0.0	767	1236512
f4dd289efe5cbd25622587187003bd39	gi|631251735|ref|NR_112933.1|	96.522	460	16	0	1	460	334	793	0.0	761	246787
f4dd289efe5cbd25622587187003bd39	gi|343200620|ref|NR_041307.1|	96.304	460	17	0	1	460	334	793	0.0	756	329854
f4dd289efe5cbd25622587187003bd39	gi|2363084421|ref|NR_180458.1|	96.087	460	18	0	1	460	340	799	0.0	750	2650157
f4dd289efe5cbd25622587187003bd39	gi|2363082635|ref|NR_179564.1|	96.087	460	18	0	1	460	338	797	0.0	750	1903262
0f9812759f152906f47b5c9360af0b75	gi|1116030282|ref|NR_144740.1|	99.317	439	3	0	1	439	321	759	0.0	795	1776391
0f9812759f152906f47b5c9360af0b75	gi|974142280|ref|NR_134800.1|	98.633	439	6	0	1	439	255	693	0.0	778	1368474
0f9812759f152906f47b5c9360af0b75	gi|672239008|ref|NR_125597.1|	97.959	441	7	2	1	439	318	758	0.0	763	1115758
0f9812759f152906f47b5c9360af0b75	gi|2363083072|ref|NR_179784.1|	97.950	439	9	0	1	439	301	739	0.0	761	2020948
0f9812759f152906f47b5c9360af0b75	gi|2363082877|ref|NR_179687.1|	97.267	439	12	0	1	439	273	711	0.0	745	2662455
0f9812759f152906f47b5c9360af0b75	gi|1230874654|ref|NR_148815.1|	97.267	439	12	0	1	439	319	757	0.0	745	1629550
0f9812759f152906f47b5c9360af0b75	gi|631252125|ref|NR_113323.1|	97.267	439	12	0	1	439	319	757	0.0	745	1490
0f9812759f152906f47b5c9360af0b75	gi|1269785414|ref|NR_118728.2|	97.039	439	13	0	1	439	330	768	0.0	743	1121325
0f9812759f152906f47b5c9360af0b75	gi|631250974|ref|NR_112171.1|	97.039	439	13	0	1	439	309	747	0.0	739	1490
0f9812759f152906f47b5c9360af0b75	gi|1040567059|ref|NR_137408.1|	96.811	439	14	0	1	439	290	728	0.0	734	1460447
dc51b56316b7e194d0c2d0ded5e82d56	gi|2363087247|ref|NR_181879.1|	88.147	464	44	9	1	458	285	743	1.05e-153	542	2880704
dc51b56316b7e194d0c2d0ded5e82d56	gi|1909404453|ref|NR_170508.1|	87.229	462	52	6	1	458	352	810	4.92e-147	520	2518971
dc51b56316b7e194d0c2d0ded5e82d56	gi|1909404454|ref|NR_170509.1|	87.041	463	51	8	1	458	347	805	2.29e-145	514	2530391
dc51b56316b7e194d0c2d0ded5e82d56	gi|2363087249|ref|NR_181880.1|	86.580	462	55	7	1	458	294	752	4.95e-142	503	2880703
dc51b56316b7e194d0c2d0ded5e82d56	gi|2363084366|ref|NR_180431.1|	86.393	463	55	8	1	458	350	809	6.40e-141	499	2530390
dc51b56316b7e194d0c2d0ded5e82d56	gi|2363084938|ref|NR_180717.1|	86.147	462	58	6	1	458	259	718	2.98e-139	494	2601703
dc51b56316b7e194d0c2d0ded5e82d56	gi|631251890|ref|NR_113088.1|	85.776	464	56	10	1	458	327	786	6.45e-136	483	111105
dc51b56316b7e194d0c2d0ded5e82d56	gi|219857464|ref|NR_025052.1|	85.776	464	56	10	1	458	315	774	6.45e-136	483	111105
dc51b56316b7e194d0c2d0ded5e82d56	gi|2363083455|ref|NR_179976.1|	85.806	465	53	11	1	458	289	747	2.32e-135	481	2094151
dc51b56316b7e194d0c2d0ded5e82d56	gi|1024974747|ref|NR_136788.1|	85.376	465	56	9	1	458	339	798	1.40e-132	472	1583331
231b98df2dd89e9bf6dbf5347557dce1	gi|939733298|ref|NR_133025.1|	99.565	460	2	0	1	460	275	734	0.0	839	2585118
231b98df2dd89e9bf6dbf5347557dce1	gi|631251954|ref|NR_113152.1|	95.435	460	21	0	1	460	337	796	0.0	734	28117
231b98df2dd89e9bf6dbf5347557dce1	gi|2363082099|ref|NR_179296.1|	95.000	460	23	0	1	460	324	783	0.0	723	2585119
231b98df2dd89e9bf6dbf5347557dce1	gi|672239000|ref|NR_125589.1|	95.011	461	21	2	1	460	269	728	0.0	723	1033731
231b98df2dd89e9bf6dbf5347557dce1	gi|2363086959|ref|NR_181736.1|	94.794	461	22	2	1	460	334	793	0.0	717	2834113
231b98df2dd89e9bf6dbf5347557dce1	gi|507148054|ref|NR_102861.1|	94.794	461	22	2	1	460	334	793	0.0	717	717959
231b98df2dd89e9bf6dbf5347557dce1	gi|645321193|ref|NR_118219.1|	94.794	461	22	2	1	460	332	791	0.0	717	1033732
231b98df2dd89e9bf6dbf5347557dce1	gi|343202834|ref|NR_043319.1|	94.577	461	23	2	1	460	323	782	0.0	713	717959
231b98df2dd89e9bf6dbf5347557dce1	gi|631251955|ref|NR_113153.1|	94.577	461	23	2	1	460	334	793	0.0	712	328814
231b98df2dd89e9bf6dbf5347557dce1	gi|2363082505|ref|NR_179499.1|	94.168	463	21	6	1	460	342	801	0.0	701	2364787
8d16fec86b013e69b6b4b07f3fd9dff4	gi|343201004|ref|NR_041691.1|	99.129	459	4	0	1	459	335	793	0.0	826	544645
8d16fec86b013e69b6b4b07f3fd9dff4	gi|1864207064|ref|NR_169358.1|	96.320	462	11	5	1	459	335	793	0.0	754	1720203
8d16fec86b013e69b6b4b07f3fd9dff4	gi|2363083451|ref|NR_179974.1|	95.861	459	19	0	1	459	327	785	0.0	743	2093856
8d16fec86b013e69b6b4b07f3fd9dff4	gi|2363082787|ref|NR_179642.1|	95.861	459	19	0	1	459	315	773	0.0	743	2042309
8d16fec86b013e69b6b4b07f3fd9dff4	gi|699005326|ref|NR_126195.1|	95.671	462	14	5	1	459	335	793	0.0	737	1472417
8d16fec86b013e69b6b4b07f3fd9dff4	gi|699005325|ref|NR_126194.1|	95.435	460	19	2	1	459	335	793	0.0	737	1472416
8d16fec86b013e69b6b4b07f3fd9dff4	gi|3248465683|ref|NR_201697.1|	93.913	460	26	2	1	459	285	743	0.0	693	3378067
8d16fec86b013e69b6b4b07f3fd9dff4	gi|343201003|ref|NR_041690.1|	92.609	460	32	2	1	459	333	791	0.0	660	544644
8d16fec86b013e69b6b4b07f3fd9dff4	gi|1182956112|ref|NR_146820.1|	89.827	462	41	6	1	459	335	793	3.70e-168	590	1720195
8d16fec86b013e69b6b4b07f3fd9dff4	gi|2363082669|ref|NR_179582.1|	89.154	461	46	4	1	459	315	773	1.34e-162	571	1917882
31fb7efa6348a2b5405b5257c38814f9	gi|2363084170|ref|NR_180334.1|	99.091	440	4	0	1	440	253	692	0.0	791	2763028
31fb7efa6348a2b5405b5257c38814f9	gi|2363086300|ref|NR_181402.1|	99.091	440	4	0	1	440	300	739	0.0	791	2763028
31fb7efa6348a2b5405b5257c38814f9	gi|645321813|ref|NR_118692.1|	97.273	440	11	1	1	440	314	752	0.0	747	411459
31fb7efa6348a2b5405b5257c38814f9	gi|219846720|ref|NR_026312.1|	96.818	440	14	0	1	440	327	766	0.0	737	180164
31fb7efa6348a2b5405b5257c38814f9	gi|343201234|ref|NR_041960.1|	96.825	441	13	1	1	440	222	662	0.0	736	89014
31fb7efa6348a2b5405b5257c38814f9	gi|631252033|ref|NR_113231.1|	96.818	440	14	0	1	440	347	786	0.0	736	536633
31fb7efa6348a2b5405b5257c38814f9	gi|566085203|ref|NR_109014.1|	96.825	441	12	2	1	440	195	634	0.0	736	871665
31fb7efa6348a2b5405b5257c38814f9	gi|631251591|ref|NR_112789.1|	96.818	440	14	0	1	440	333	772	0.0	736	536633
31fb7efa6348a2b5405b5257c38814f9	gi|2363082673|ref|NR_179584.1|	96.599	441	13	2	1	440	327	766	0.0	732	1917888
31fb7efa6348a2b5405b5257c38814f9	gi|631253117|ref|NR_114315.1|	96.591	440	15	0	1	440	336	775	0.0	732	649762
cd86a7ce6bb7ac1c8e72a3fc30c7e509	gi|636558732|ref|NR_114789.1|	94.773	440	23	0	1	440	347	786	0.0	686	1535
cd86a7ce6bb7ac1c8e72a3fc30c7e509	gi|1146059197|ref|NR_145929.1|	93.694	444	24	2	1	440	319	762	0.0	662	642589
cd86a7ce6bb7ac1c8e72a3fc30c7e509	gi|3248465687|ref|NR_201701.1|	93.454	443	26	2	1	440	330	772	0.0	654	3435187
cd86a7ce6bb7ac1c8e72a3fc30c7e509	gi|3248465688|ref|NR_201702.1|	93.454	443	26	2	1	440	328	770	0.0	654	3435000
cd86a7ce6bb7ac1c8e72a3fc30c7e509	gi|2836274966|ref|NR_197729.1|	93.409	440	29	0	1	440	304	743	0.0	652	3093657
cd86a7ce6bb7ac1c8e72a3fc30c7e509	gi|1193829157|ref|NR_147400.1|	92.955	440	31	0	1	440	339	778	0.0	641	1958780
cd86a7ce6bb7ac1c8e72a3fc30c7e509	gi|2836274967|ref|NR_197730.1|	92.955	440	31	0	1	440	312	751	0.0	641	3093658
cd86a7ce6bb7ac1c8e72a3fc30c7e509	gi|1116030278|ref|NR_144736.1|	92.955	440	31	0	1	440	360	799	0.0	641	1776382
cd86a7ce6bb7ac1c8e72a3fc30c7e509	gi|2363082799|ref|NR_179648.1|	92.727	440	32	0	1	440	339	778	0.0	636	2045012
cd86a7ce6bb7ac1c8e72a3fc30c7e509	gi|2180566484|ref|NR_174324.1|	92.500	440	33	0	1	440	346	785	2.09e-180	630	2576756
6cd406b1268090f902e3f119b92ae052	gi|343201281|ref|NR_042007.1|	99.095	442	4	0	1	442	343	784	0.0	795	622312
6cd406b1268090f902e3f119b92ae052	gi|645320588|ref|NR_117758.1|	97.297	444	8	4	1	442	322	763	0.0	750	166486
6cd406b1268090f902e3f119b92ae052	gi|228716944|ref|NR_027557.1|	97.297	444	8	4	1	442	343	784	0.0	750	536231
6cd406b1268090f902e3f119b92ae052	gi|343198540|ref|NR_042832.1|	97.297	444	7	5	1	442	330	770	0.0	749	301302
6cd406b1268090f902e3f119b92ae052	gi|444439494|ref|NR_074809.1|	96.847	444	9	5	1	442	350	790	0.0	737	585394
6cd406b1268090f902e3f119b92ae052	gi|1227086116|ref|NR_148619.1|	96.629	445	9	6	1	442	301	742	0.0	734	1712665
6cd406b1268090f902e3f119b92ae052	gi|343201282|ref|NR_042008.1|	96.622	444	9	6	1	442	341	780	0.0	732	585394
6cd406b1268090f902e3f119b92ae052	gi|444304209|ref|NR_074634.1|	96.171	444	11	5	1	442	350	789	0.0	721	515619
6cd406b1268090f902e3f119b92ae052	gi|2363086282|ref|NR_181393.1|	96.171	444	11	5	1	442	290	729	0.0	721	2763664
6cd406b1268090f902e3f119b92ae052	gi|2363085153|ref|NR_180825.1|	95.495	444	15	5	1	442	347	787	0.0	704	2605790
4f7705197bf3fd2ed5703e11875b14d5	gi|343201004|ref|NR_041691.1|	99.564	459	2	0	1	459	335	793	0.0	837	544645
4f7705197bf3fd2ed5703e11875b14d5	gi|1864207064|ref|NR_169358.1|	96.753	462	9	5	1	459	335	793	0.0	765	1720203
4f7705197bf3fd2ed5703e11875b14d5	gi|2363083451|ref|NR_179974.1|	96.296	459	17	0	1	459	327	785	0.0	754	2093856
4f7705197bf3fd2ed5703e11875b14d5	gi|2363082787|ref|NR_179642.1|	96.296	459	17	0	1	459	315	773	0.0	754	2042309
4f7705197bf3fd2ed5703e11875b14d5	gi|699005326|ref|NR_126195.1|	96.104	462	12	5	1	459	335	793	0.0	749	1472417
4f7705197bf3fd2ed5703e11875b14d5	gi|699005325|ref|NR_126194.1|	95.870	460	17	2	1	459	335	793	0.0	749	1472416
4f7705197bf3fd2ed5703e11875b14d5	gi|3248465683|ref|NR_201697.1|	94.348	460	24	2	1	459	285	743	0.0	704	3378067
4f7705197bf3fd2ed5703e11875b14d5	gi|343201003|ref|NR_041690.1|	93.043	460	30	2	1	459	333	791	0.0	671	544644
4f7705197bf3fd2ed5703e11875b14d5	gi|1182956112|ref|NR_146820.1|	90.260	462	39	6	1	459	335	793	1.71e-171	601	1720195
4f7705197bf3fd2ed5703e11875b14d5	gi|2363082669|ref|NR_179582.1|	89.588	461	44	4	1	459	315	773	6.19e-166	582	1917882
257da2885272a92747ec706963ebfd22	gi|645320588|ref|NR_117758.1|	99.321	442	3	0	1	442	322	763	0.0	800	166486
257da2885272a92747ec706963ebfd22	gi|228716944|ref|NR_027557.1|	99.321	442	3	0	1	442	343	784	0.0	800	536231
257da2885272a92747ec706963ebfd22	gi|444439494|ref|NR_074809.1|	98.869	442	4	1	1	442	350	790	0.0	787	585394
257da2885272a92747ec706963ebfd22	gi|343201282|ref|NR_042008.1|	98.643	442	4	2	1	442	341	780	0.0	782	585394
257da2885272a92747ec706963ebfd22	gi|343198540|ref|NR_042832.1|	98.416	442	6	1	1	442	330	770	0.0	776	301302
257da2885272a92747ec706963ebfd22	gi|1227086116|ref|NR_148619.1|	97.968	443	7	2	1	442	301	742	0.0	767	1712665
257da2885272a92747ec706963ebfd22	gi|343201281|ref|NR_042007.1|	97.523	444	7	4	1	442	343	784	0.0	756	622312
257da2885272a92747ec706963ebfd22	gi|2363085153|ref|NR_180825.1|	97.285	442	11	1	1	442	347	787	0.0	749	2605790
257da2885272a92747ec706963ebfd22	gi|444304209|ref|NR_074634.1|	97.285	442	10	1	1	442	350	789	0.0	749	515619
257da2885272a92747ec706963ebfd22	gi|2363086282|ref|NR_181393.1|	97.059	442	11	1	1	442	290	729	0.0	743	2763664
63227ae74a84e0d838c33929286ec071	gi|631251875|ref|NR_113073.1|	99.130	460	4	0	1	460	329	788	0.0	828	487174
63227ae74a84e0d838c33929286ec071	gi|343200981|ref|NR_041668.1|	99.130	460	4	0	1	460	321	780	0.0	828	742726
63227ae74a84e0d838c33929286ec071	gi|1270532346|ref|NR_121773.2|	96.312	461	15	2	1	460	348	807	0.0	756	397865
63227ae74a84e0d838c33929286ec071	gi|343200821|ref|NR_041508.1|	96.095	461	15	3	1	460	325	783	0.0	749	397865
63227ae74a84e0d838c33929286ec071	gi|2136551682|ref|NR_173687.1|	90.260	462	41	4	1	460	325	784	1.71e-171	601	2751153
63227ae74a84e0d838c33929286ec071	gi|1146059151|ref|NR_145883.1|	89.827	462	43	4	1	460	284	743	3.71e-168	590	1501392
63227ae74a84e0d838c33929286ec071	gi|1116030267|ref|NR_144725.1|	89.394	462	45	4	1	460	337	796	1.73e-166	584	1686296
63227ae74a84e0d838c33929286ec071	gi|1909404453|ref|NR_170508.1|	88.286	461	51	3	1	460	352	810	6.30e-156	549	2518971
63227ae74a84e0d838c33929286ec071	gi|2621112336|ref|NR_189240.1|	88.147	464	47	8	1	460	342	801	8.15e-155	545	2944915
63227ae74a84e0d838c33929286ec071	gi|2363083455|ref|NR_179976.1|	88.172	465	44	10	1	460	289	747	2.93e-154	544	2094151
4525bbdebc4e6d12d76f06e9f829b45d	gi|343205927|ref|NR_044425.1|	94.091	440	25	1	1	439	346	785	0.0	667	474960
4525bbdebc4e6d12d76f06e9f829b45d	gi|265679047|ref|NR_029355.1|	93.636	440	27	1	1	439	332	771	0.0	656	84026
4525bbdebc4e6d12d76f06e9f829b45d	gi|507148077|ref|NR_102884.1|	93.182	440	29	1	1	439	331	770	0.0	645	213810
4525bbdebc4e6d12d76f06e9f829b45d	gi|1277396348|ref|NR_152059.1|	92.986	442	28	2	1	439	272	713	0.0	641	1849041
4525bbdebc4e6d12d76f06e9f829b45d	gi|2363082561|ref|NR_179527.1|	92.986	442	28	2	1	439	336	777	0.0	641	1841868
4525bbdebc4e6d12d76f06e9f829b45d	gi|2363082601|ref|NR_179547.1|	92.955	440	30	1	1	439	347	786	0.0	640	1870991
4525bbdebc4e6d12d76f06e9f829b45d	gi|343202572|ref|NR_042930.1|	92.955	440	29	2	1	439	366	804	0.0	640	258515
4525bbdebc4e6d12d76f06e9f829b45d	gi|2363082625|ref|NR_179559.1|	92.744	441	30	2	1	439	333	773	0.0	636	1871018
4525bbdebc4e6d12d76f06e9f829b45d	gi|2363086272|ref|NR_181388.1|	92.500	440	32	1	1	439	388	827	7.49e-180	628	2763658
4525bbdebc4e6d12d76f06e9f829b45d	gi|636558832|ref|NR_114889.1|	92.500	440	31	2	1	439	277	715	7.49e-180	628	213810
192bb9ec6e6342431e1e9fb2a3c4a58c	gi|1116030269|ref|NR_144727.1|	91.441	444	30	8	1	440	335	774	4.55e-172	603	1673717
192bb9ec6e6342431e1e9fb2a3c4a58c	gi|2180566484|ref|NR_174324.1|	91.383	441	36	2	1	440	346	785	4.55e-172	603	2576756
192bb9ec6e6342431e1e9fb2a3c4a58c	gi|444303976|ref|NR_074399.1|	90.950	442	36	3	1	440	333	772	9.85e-169	592	697329
192bb9ec6e6342431e1e9fb2a3c4a58c	gi|631251834|ref|NR_113032.1|	90.950	442	36	3	1	440	333	772	9.85e-169	592	1264
192bb9ec6e6342431e1e9fb2a3c4a58c	gi|636559173|ref|NR_115230.1|	90.950	442	36	3	1	440	333	772	9.85e-169	592	697329
192bb9ec6e6342431e1e9fb2a3c4a58c	gi|219846339|ref|NR_025929.1|	90.950	442	36	3	1	440	328	767	9.85e-169	592	697329
192bb9ec6e6342431e1e9fb2a3c4a58c	gi|1864207164|ref|NR_169458.1|	90.682	440	41	0	1	440	345	784	4.58e-167	586	2164149
192bb9ec6e6342431e1e9fb2a3c4a58c	gi|2363086264|ref|NR_181384.1|	90.724	442	37	3	1	440	250	689	4.58e-167	586	2763660
192bb9ec6e6342431e1e9fb2a3c4a58c	gi|265679047|ref|NR_029355.1|	90.682	440	41	0	1	440	332	771	4.58e-167	586	84026
192bb9ec6e6342431e1e9fb2a3c4a58c	gi|228717037|ref|NR_027558.1|	90.703	441	38	3	1	440	292	730	1.65e-166	584	169435
4a0929eac6c5db60b361d6157940d7d0	gi|631251879|ref|NR_113077.1|	98.911	459	5	0	1	459	329	787	0.0	821	454154
4a0929eac6c5db60b361d6157940d7d0	gi|343200939|ref|NR_041626.1|	98.911	459	5	0	1	459	321	779	0.0	821	762968
4a0929eac6c5db60b361d6157940d7d0	gi|631251880|ref|NR_113078.1|	92.810	459	33	0	1	459	339	797	0.0	665	454155
4a0929eac6c5db60b361d6157940d7d0	gi|343200940|ref|NR_041627.1|	92.810	459	33	0	1	459	319	777	0.0	665	762982
4a0929eac6c5db60b361d6157940d7d0	gi|343200759|ref|NR_041446.1|	89.417	463	42	6	1	459	323	782	2.88e-164	577	376804
4a0929eac6c5db60b361d6157940d7d0	gi|2363082635|ref|NR_179564.1|	88.553	463	46	7	1	459	338	797	1.35e-157	555	1903262
4a0929eac6c5db60b361d6157940d7d0	gi|343200761|ref|NR_041448.1|	87.662	462	52	5	1	459	322	781	6.33e-151	532	376806
4a0929eac6c5db60b361d6157940d7d0	gi|2363086250|ref|NR_181377.1|	87.446	462	53	5	1	459	343	802	2.94e-149	527	2763138
4a0929eac6c5db60b361d6157940d7d0	gi|343202632|ref|NR_043016.1|	87.041	463	53	6	1	459	316	775	6.37e-146	516	291644
4a0929eac6c5db60b361d6157940d7d0	gi|1116030289|ref|NR_144747.1|	86.768	461	58	3	1	459	337	796	2.96e-144	510	1841865
46648f193fe577495d6ef8238f412c66	gi|2363082569|ref|NR_179531.1|	99.095	442	4	0	1	442	347	788	0.0	795	1852369
46648f193fe577495d6ef8238f412c66	gi|1269801610|ref|NR_074793.2|	93.891	442	27	0	1	442	355	796	0.0	667	351091
46648f193fe577495d6ef8238f412c66	gi|343200653|ref|NR_041340.1|	93.891	442	27	0	1	442	328	769	0.0	667	351091
46648f193fe577495d6ef8238f412c66	gi|2260349448|ref|NR_176530.1|	93.665	442	28	0	1	442	358	799	0.0	662	2093857
46648f193fe577495d6ef8238f412c66	gi|2363082559|ref|NR_179526.1|	93.665	442	28	0	1	442	349	790	0.0	662	1841866
46648f193fe577495d6ef8238f412c66	gi|645321110|ref|NR_118156.1|	93.665	442	28	0	1	442	304	745	0.0	662	1007096
46648f193fe577495d6ef8238f412c66	gi|2962412234|ref|NR_199428.1|	92.760	442	32	0	1	442	352	793	0.0	640	3073143
46648f193fe577495d6ef8238f412c66	gi|2363082170|ref|NR_179331.1|	92.551	443	32	1	1	442	328	770	0.0	634	2714358
46648f193fe577495d6ef8238f412c66	gi|2363082168|ref|NR_179330.1|	92.342	444	30	4	1	442	327	768	7.54e-180	628	2714355
46648f193fe577495d6ef8238f412c66	gi|2363087001|ref|NR_181757.1|	92.117	444	31	4	1	442	289	730	3.51e-178	623	2841504
8726432efca9ae38ac560b0a9ff2cddb	gi|2363085097|ref|NR_180797.1|	97.727	440	10	0	1	440	346	785	0.0	758	2605778
8726432efca9ae38ac560b0a9ff2cddb	gi|2363080261|ref|NR_178356.1|	97.500	440	11	0	1	440	313	752	0.0	752	558153
8726432efca9ae38ac560b0a9ff2cddb	gi|219846508|ref|NR_026100.1|	97.500	440	11	0	1	440	323	762	0.0	752	1286362
8726432efca9ae38ac560b0a9ff2cddb	gi|219846817|ref|NR_026409.1|	97.500	440	11	0	1	440	341	780	0.0	752	29370
8726432efca9ae38ac560b0a9ff2cddb	gi|631251457|ref|NR_112654.1|	97.273	440	12	0	1	440	338	777	0.0	749	1286362
8726432efca9ae38ac560b0a9ff2cddb	gi|631250977|ref|NR_112174.1|	97.273	440	12	0	1	440	342	781	0.0	749	1297793
8726432efca9ae38ac560b0a9ff2cddb	gi|3030611230|ref|NR_199906.1|	97.273	440	12	0	1	440	354	793	0.0	747	3123317
8726432efca9ae38ac560b0a9ff2cddb	gi|2363085169|ref|NR_180833.1|	97.273	440	12	0	1	440	337	776	0.0	747	2606635
8726432efca9ae38ac560b0a9ff2cddb	gi|3030611314|ref|NR_199990.1|	97.273	440	12	0	1	440	350	789	0.0	747	3123317
8726432efca9ae38ac560b0a9ff2cddb	gi|2836274880|ref|NR_197643.1|	97.273	440	12	0	1	440	329	768	0.0	747	2962432
21069397bc34ed9a6c6dfdf63112bba0	gi|3030611324|ref|NR_200000.1|	96.614	443	15	0	1	443	301	743	0.0	736	3342383
21069397bc34ed9a6c6dfdf63112bba0	gi|1109168025|ref|NR_144611.1|	96.614	443	15	0	1	443	282	724	0.0	736	1417852
21069397bc34ed9a6c6dfdf63112bba0	gi|343198636|ref|NR_043142.1|	94.808	443	23	0	1	443	323	765	0.0	691	292800
21069397bc34ed9a6c6dfdf63112bba0	gi|265679048|ref|NR_029356.1|	94.808	443	23	0	1	443	336	778	0.0	691	292800
21069397bc34ed9a6c6dfdf63112bba0	gi|2363082326|ref|NR_179410.1|	94.131	443	26	0	1	443	349	791	0.0	675	1650661
21069397bc34ed9a6c6dfdf63112bba0	gi|2136551692|ref|NR_173697.1|	94.131	443	25	1	1	443	349	790	0.0	673	2108523
21069397bc34ed9a6c6dfdf63112bba0	gi|2363084741|ref|NR_180619.1|	93.905	443	27	0	1	443	347	789	0.0	669	2779352
21069397bc34ed9a6c6dfdf63112bba0	gi|1193829127|ref|NR_147370.1|	93.679	443	28	0	1	443	349	791	0.0	664	1870988
21069397bc34ed9a6c6dfdf63112bba0	gi|2363082358|ref|NR_179426.1|	93.454	443	29	0	1	443	349	791	0.0	658	1702285
21069397bc34ed9a6c6dfdf63112bba0	gi|645321636|ref|NR_118554.1|	93.454	443	29	0	1	443	329	771	0.0	658	1297617
0dda626e809fadba9a069200d4facc9b	gi|343206380|ref|NR_044972.1|	93.002	443	31	0	1	443	331	773	0.0	651	44749
0dda626e809fadba9a069200d4facc9b	gi|645321636|ref|NR_118554.1|	91.910	445	32	4	1	443	329	771	4.55e-177	619	1297617
0dda626e809fadba9a069200d4facc9b	gi|2363082342|ref|NR_179418.1|	91.667	444	35	2	1	443	348	790	2.12e-175	614	1673721
0dda626e809fadba9a069200d4facc9b	gi|219857437|ref|NR_025025.1|	91.461	445	32	6	1	443	332	772	7.61e-175	612	100176
0dda626e809fadba9a069200d4facc9b	gi|3030611324|ref|NR_200000.1|	91.196	443	39	0	1	443	301	743	4.58e-172	603	3342383
0dda626e809fadba9a069200d4facc9b	gi|645321110|ref|NR_118156.1|	91.216	444	36	2	1	443	304	745	1.65e-171	601	1007096
0dda626e809fadba9a069200d4facc9b	gi|219846612|ref|NR_026204.1|	91.031	446	34	6	1	443	328	770	5.93e-171	599	47246
0dda626e809fadba9a069200d4facc9b	gi|1109168025|ref|NR_144611.1|	90.971	443	40	0	1	443	282	724	2.13e-170	597	1417852
0dda626e809fadba9a069200d4facc9b	gi|2363082168|ref|NR_179330.1|	90.745	443	40	1	1	443	327	768	3.57e-168	590	2714355
0dda626e809fadba9a069200d4facc9b	gi|2363082165|ref|NR_179329.1|	90.519	443	41	1	1	443	327	768	1.66e-166	584	2714353
a14212717100f4b232c1e32385fdc27e	gi|631252213|ref|NR_113411.1|	98.478	460	7	0	1	460	341	800	0.0	811	537011
a14212717100f4b232c1e32385fdc27e	gi|343200190|ref|NR_040877.1|	98.261	460	8	0	1	460	341	800	0.0	808	537011
a14212717100f4b232c1e32385fdc27e	gi|2363084409|ref|NR_180452.1|	97.609	460	11	0	1	460	321	780	0.0	789	2518605
a14212717100f4b232c1e32385fdc27e	gi|631251907|ref|NR_113105.1|	93.709	461	27	2	1	460	329	788	0.0	689	470565
a14212717100f4b232c1e32385fdc27e	gi|343199048|ref|NR_044407.1|	93.709	461	27	2	1	460	321	780	0.0	689	470565
a14212717100f4b232c1e32385fdc27e	gi|566085557|ref|NR_109628.1|	93.275	461	29	2	1	460	322	781	0.0	678	1177574
a14212717100f4b232c1e32385fdc27e	gi|631251926|ref|NR_113124.1|	93.275	461	29	2	1	460	341	800	0.0	678	28137
a14212717100f4b232c1e32385fdc27e	gi|265678842|ref|NR_029147.1|	93.305	463	25	6	1	460	344	803	0.0	678	28136
a14212717100f4b232c1e32385fdc27e	gi|636559270|ref|NR_115327.1|	93.275	461	29	2	1	460	321	780	0.0	678	28137
a14212717100f4b232c1e32385fdc27e	gi|265678843|ref|NR_029148.1|	93.059	461	30	2	1	460	349	808	0.0	676	28137
bfedc166a05ed4f2456db333ade43666	gi|343200980|ref|NR_041667.1|	98.710	465	6	0	1	465	320	784	0.0	826	487175
bfedc166a05ed4f2456db333ade43666	gi|631252130|ref|NR_113328.1|	91.006	467	38	4	1	465	332	796	2.86e-179	627	626947
bfedc166a05ed4f2456db333ade43666	gi|631251705|ref|NR_112903.1|	91.006	467	38	4	1	465	312	776	2.86e-179	627	626947
bfedc166a05ed4f2456db333ade43666	gi|2363082296|ref|NR_179395.1|	89.552	469	41	7	1	465	330	794	3.75e-168	590	1506471
bfedc166a05ed4f2456db333ade43666	gi|1811131556|ref|NR_165738.1|	89.293	467	46	4	1	465	309	773	6.28e-166	582	2490857
bfedc166a05ed4f2456db333ade43666	gi|2136551693|ref|NR_173698.1|	89.126	469	43	7	1	465	318	782	6.28e-166	582	2259133
bfedc166a05ed4f2456db333ade43666	gi|1246951785|ref|NR_149789.1|	88.817	465	52	0	1	465	297	761	1.36e-162	571	1783360
bfedc166a05ed4f2456db333ade43666	gi|559795305|ref|NR_104897.1|	88.865	467	48	4	1	465	308	772	1.36e-162	571	47671
bfedc166a05ed4f2456db333ade43666	gi|1193829158|ref|NR_147401.1|	88.699	469	45	8	1	465	332	796	6.32e-161	566	1816689
bfedc166a05ed4f2456db333ade43666	gi|1246951779|ref|NR_149783.1|	88.651	467	49	4	1	465	337	801	6.32e-161	566	1769758
037131976bb6aa775c17b1df8cc64363	gi|444303953|ref|NR_074376.1|	99.565	460	2	0	1	460	351	810	0.0	839	435591
037131976bb6aa775c17b1df8cc64363	gi|343200655|ref|NR_041342.1|	98.696	460	6	0	1	460	336	795	0.0	817	823
037131976bb6aa775c17b1df8cc64363	gi|1811131517|ref|NR_165699.1|	93.913	460	28	0	1	460	336	795	0.0	695	2685834
037131976bb6aa775c17b1df8cc64363	gi|2363082619|ref|NR_179556.1|	93.696	460	29	0	1	460	316	775	0.0	689	1871013
037131976bb6aa775c17b1df8cc64363	gi|631251637|ref|NR_112835.1|	93.043	460	31	1	1	460	336	794	0.0	671	574930
037131976bb6aa775c17b1df8cc64363	gi|2363082715|ref|NR_179605.1|	92.826	460	33	0	1	460	316	775	0.0	667	1944636
037131976bb6aa775c17b1df8cc64363	gi|2363086049|ref|NR_181277.1|	92.609	460	34	0	1	460	309	768	0.0	662	2753162
037131976bb6aa775c17b1df8cc64363	gi|974142265|ref|NR_134785.1|	92.609	460	34	0	1	460	336	795	0.0	662	1217282
037131976bb6aa775c17b1df8cc64363	gi|631252010|ref|NR_113208.1|	92.391	460	35	0	1	460	336	795	0.0	656	871327
037131976bb6aa775c17b1df8cc64363	gi|343200777|ref|NR_041464.1|	92.391	460	35	0	1	460	340	799	0.0	656	387661
96f4743de3f67a970239cfa810bad810	gi|631251953|ref|NR_113151.1|	99.130	460	4	0	1	460	338	797	0.0	828	328813
96f4743de3f67a970239cfa810bad810	gi|343202833|ref|NR_043318.1|	99.130	460	4	0	1	460	324	783	0.0	828	328813
96f4743de3f67a970239cfa810bad810	gi|2363082099|ref|NR_179296.1|	97.174	460	13	0	1	460	324	783	0.0	778	2585119
96f4743de3f67a970239cfa810bad810	gi|507148054|ref|NR_102861.1|	96.739	460	15	0	1	460	334	793	0.0	767	717959
96f4743de3f67a970239cfa810bad810	gi|672239000|ref|NR_125589.1|	96.746	461	13	2	1	460	269	728	0.0	767	1033731
96f4743de3f67a970239cfa810bad810	gi|343202834|ref|NR_043319.1|	96.522	460	16	0	1	460	323	782	0.0	763	717959
96f4743de3f67a970239cfa810bad810	gi|2363082505|ref|NR_179499.1|	96.522	460	16	0	1	460	342	801	0.0	761	2364787
96f4743de3f67a970239cfa810bad810	gi|507148137|ref|NR_102944.1|	96.522	460	16	0	1	460	334	793	0.0	761	214856
96f4743de3f67a970239cfa810bad810	gi|631251955|ref|NR_113153.1|	96.522	460	16	0	1	460	334	793	0.0	761	328814
96f4743de3f67a970239cfa810bad810	gi|636559243|ref|NR_115300.1|	96.522	460	16	0	1	460	314	773	0.0	761	679935
85513f8983d5bcb70712218a51fe4770	gi|343200903|ref|NR_041590.1|	98.081	469	8	1	1	468	140	608	0.0	815	742816
85513f8983d5bcb70712218a51fe4770	gi|343199066|ref|NR_044473.1|	98.085	470	6	3	1	468	295	763	0.0	815	491921
85513f8983d5bcb70712218a51fe4770	gi|219878375|ref|NR_025514.1|	94.456	469	25	1	1	468	335	803	0.0	721	158847
85513f8983d5bcb70712218a51fe4770	gi|645321057|ref|NR_118115.1|	92.340	470	33	3	1	468	345	813	0.0	665	1002795
85513f8983d5bcb70712218a51fe4770	gi|636558562|ref|NR_114619.1|	92.473	465	35	0	1	465	347	811	0.0	665	86956
85513f8983d5bcb70712218a51fe4770	gi|559795237|ref|NR_104827.1|	92.258	465	36	0	1	465	339	803	0.0	660	86956
85513f8983d5bcb70712218a51fe4770	gi|645320513|ref|NR_117702.1|	92.060	466	35	2	1	465	318	782	0.0	654	865
85513f8983d5bcb70712218a51fe4770	gi|343203314|ref|NR_043658.1|	92.043	465	37	0	1	465	349	813	0.0	654	349096
85513f8983d5bcb70712218a51fe4770	gi|343202547|ref|NR_042900.1|	91.845	466	36	2	1	465	225	689	0.0	651	259840
85513f8983d5bcb70712218a51fe4770	gi|2363082521|ref|NR_179507.1|	89.809	471	43	5	1	468	341	809	6.24e-171	599	1806837
0b416d3f16009e0d4ea2f3459df5fdc0	gi|631253128|ref|NR_114326.1|	99.545	440	2	0	1	440	334	773	0.0	802	1150298
0b416d3f16009e0d4ea2f3459df5fdc0	gi|2363087259|ref|NR_181885.1|	96.818	440	14	0	1	440	335	774	0.0	737	2885351
0b416d3f16009e0d4ea2f3459df5fdc0	gi|974142252|ref|NR_134772.1|	96.591	440	15	0	1	440	297	736	0.0	730	1337051
0b416d3f16009e0d4ea2f3459df5fdc0	gi|343205837|ref|NR_044289.1|	96.364	440	16	0	1	440	328	767	0.0	725	460384
0b416d3f16009e0d4ea2f3459df5fdc0	gi|3030611230|ref|NR_199906.1|	96.136	440	17	0	1	440	354	793	0.0	719	3123317
0b416d3f16009e0d4ea2f3459df5fdc0	gi|2363085103|ref|NR_180800.1|	96.136	440	17	0	1	440	347	786	0.0	719	2652274
0b416d3f16009e0d4ea2f3459df5fdc0	gi|3030611314|ref|NR_199990.1|	96.136	440	17	0	1	440	350	789	0.0	719	3123317
0b416d3f16009e0d4ea2f3459df5fdc0	gi|1384992331|ref|NR_156080.1|	96.136	440	17	0	1	440	336	775	0.0	719	1469948
0b416d3f16009e0d4ea2f3459df5fdc0	gi|1384992328|ref|NR_156077.1|	96.136	440	17	0	1	440	336	775	0.0	719	1469948
0b416d3f16009e0d4ea2f3459df5fdc0	gi|1116030273|ref|NR_144731.1|	96.136	440	17	0	1	440	347	786	0.0	719	1720294
4b0fea6e034baa8fe0a17ae32b713824	gi|444304012|ref|NR_074436.1|	99.327	446	3	0	1	446	321	766	0.0	808	239935
4b0fea6e034baa8fe0a17ae32b713824	gi|343202494|ref|NR_042817.1|	99.327	446	3	0	1	446	301	746	0.0	808	349741
4b0fea6e034baa8fe0a17ae32b713824	gi|1315204026|ref|NR_152695.1|	91.391	453	34	4	1	449	300	751	5.93e-176	616	1679444
4b0fea6e034baa8fe0a17ae32b713824	gi|343200983|ref|NR_041670.1|	84.979	466	49	7	1	446	298	762	1.37e-127	455	490092
4b0fea6e034baa8fe0a17ae32b713824	gi|2260349445|ref|NR_176527.1|	84.731	465	50	7	1	446	318	780	8.23e-125	446	2576071
4b0fea6e034baa8fe0a17ae32b713824	gi|219846674|ref|NR_026266.1|	84.549	466	50	8	1	446	304	767	8.23e-125	446	240016
4b0fea6e034baa8fe0a17ae32b713824	gi|343200984|ref|NR_041671.1|	84.582	467	49	11	1	446	320	784	1.06e-123	442	490093
4b0fea6e034baa8fe0a17ae32b713824	gi|343200937|ref|NR_041624.1|	84.322	472	48	12	1	449	321	789	1.38e-122	438	454151
4b0fea6e034baa8fe0a17ae32b713824	gi|343200987|ref|NR_041674.1|	84.154	467	51	11	1	446	319	783	2.30e-120	431	490096
4b0fea6e034baa8fe0a17ae32b713824	gi|343200921|ref|NR_041608.1|	83.726	467	52	10	1	446	314	777	4.99e-117	420	445931
b380ace326515c76af3378bba23f9a3a	gi|2363082765|ref|NR_179631.1|	99.545	440	2	0	1	440	348	787	0.0	802	2014528
b380ace326515c76af3378bba23f9a3a	gi|219857617|ref|NR_025206.1|	97.500	440	11	0	1	440	314	753	0.0	752	180286
b380ace326515c76af3378bba23f9a3a	gi|2363086212|ref|NR_181358.1|	97.273	440	12	0	1	440	340	779	0.0	747	2788944
b380ace326515c76af3378bba23f9a3a	gi|631253194|ref|NR_114392.1|	97.052	441	11	2	1	440	350	789	0.0	741	1544
b380ace326515c76af3378bba23f9a3a	gi|645319761|ref|NR_117130.1|	97.045	440	13	0	1	440	347	786	0.0	741	1544
b380ace326515c76af3378bba23f9a3a	gi|645319760|ref|NR_117129.1|	97.045	440	13	0	1	440	347	786	0.0	741	1544
b380ace326515c76af3378bba23f9a3a	gi|645319759|ref|NR_117128.1|	97.052	441	11	2	1	440	347	786	0.0	741	1544
b380ace326515c76af3378bba23f9a3a	gi|645319756|ref|NR_117127.1|	97.052	441	11	2	1	440	347	786	0.0	741	1544
b380ace326515c76af3378bba23f9a3a	gi|645319755|ref|NR_117126.1|	97.052	441	11	2	1	440	347	786	0.0	741	1544
b380ace326515c76af3378bba23f9a3a	gi|631250892|ref|NR_112089.1|	97.045	440	13	0	1	440	336	775	0.0	741	553973
ad9341728e8d681c06cf4017cde20101	gi|507148137|ref|NR_102944.1|	99.130	460	4	0	1	460	334	793	0.0	828	214856
ad9341728e8d681c06cf4017cde20101	gi|343198609|ref|NR_043064.1|	99.130	460	4	0	1	460	314	773	0.0	828	214856
ad9341728e8d681c06cf4017cde20101	gi|631251952|ref|NR_113150.1|	98.913	460	5	0	1	460	334	793	0.0	822	214856
ad9341728e8d681c06cf4017cde20101	gi|636559243|ref|NR_115300.1|	98.696	460	6	0	1	460	314	773	0.0	817	679935
ad9341728e8d681c06cf4017cde20101	gi|631251955|ref|NR_113153.1|	97.826	460	10	0	1	460	334	793	0.0	795	328814
ad9341728e8d681c06cf4017cde20101	gi|343202834|ref|NR_043319.1|	97.609	460	11	0	1	460	323	782	0.0	791	717959
ad9341728e8d681c06cf4017cde20101	gi|507148054|ref|NR_102861.1|	97.609	460	11	0	1	460	334	793	0.0	789	717959
ad9341728e8d681c06cf4017cde20101	gi|631251953|ref|NR_113151.1|	96.522	460	16	0	1	460	338	797	0.0	761	328813
ad9341728e8d681c06cf4017cde20101	gi|343202833|ref|NR_043318.1|	96.522	460	16	0	1	460	324	783	0.0	761	328813
ad9341728e8d681c06cf4017cde20101	gi|672239000|ref|NR_125589.1|	96.304	460	17	0	1	460	269	728	0.0	756	1033731
b350c81c4b0235888cd39239e6572c6a	gi|631251955|ref|NR_113153.1|	98.913	460	5	0	1	460	334	793	0.0	822	328814
b350c81c4b0235888cd39239e6572c6a	gi|343202834|ref|NR_043319.1|	98.696	460	6	0	1	460	323	782	0.0	819	717959
b350c81c4b0235888cd39239e6572c6a	gi|507148054|ref|NR_102861.1|	98.696	460	6	0	1	460	334	793	0.0	817	717959
b350c81c4b0235888cd39239e6572c6a	gi|507148137|ref|NR_102944.1|	97.609	460	11	0	1	460	334	793	0.0	789	214856
b350c81c4b0235888cd39239e6572c6a	gi|343198609|ref|NR_043064.1|	97.609	460	11	0	1	460	314	773	0.0	789	214856
b350c81c4b0235888cd39239e6572c6a	gi|631251952|ref|NR_113150.1|	97.391	460	12	0	1	460	334	793	0.0	784	214856
b350c81c4b0235888cd39239e6572c6a	gi|636559243|ref|NR_115300.1|	97.174	460	13	0	1	460	314	773	0.0	778	679935
b350c81c4b0235888cd39239e6572c6a	gi|2363086959|ref|NR_181736.1|	96.957	460	14	0	1	460	334	793	0.0	773	2834113
b350c81c4b0235888cd39239e6572c6a	gi|645321193|ref|NR_118219.1|	96.522	460	16	0	1	460	332	791	0.0	761	1033732
b350c81c4b0235888cd39239e6572c6a	gi|2363082505|ref|NR_179499.1|	96.304	460	17	0	1	460	342	801	0.0	756	2364787
c47e5e2042b0892fb9c7c4185f389145	gi|1146059151|ref|NR_145883.1|	99.348	460	3	0	1	460	284	743	0.0	833	1501392
c47e5e2042b0892fb9c7c4185f389145	gi|1116030267|ref|NR_144725.1|	98.696	460	6	0	1	460	337	796	0.0	822	1686296
c47e5e2042b0892fb9c7c4185f389145	gi|2136551682|ref|NR_173687.1|	98.261	460	8	0	1	460	325	784	0.0	806	2751153
c47e5e2042b0892fb9c7c4185f389145	gi|2621112336|ref|NR_189240.1|	91.757	461	36	2	1	460	342	801	0.0	640	2944915
c47e5e2042b0892fb9c7c4185f389145	gi|631251875|ref|NR_113073.1|	89.805	461	45	2	1	460	329	788	3.71e-168	590	487174
c47e5e2042b0892fb9c7c4185f389145	gi|343200981|ref|NR_041668.1|	89.805	461	45	2	1	460	321	780	3.71e-168	590	742726
c47e5e2042b0892fb9c7c4185f389145	gi|1270532346|ref|NR_121773.2|	89.371	461	47	2	1	460	348	807	8.03e-165	579	397865
c47e5e2042b0892fb9c7c4185f389145	gi|343200821|ref|NR_041508.1|	89.371	461	46	3	1	460	325	783	2.89e-164	577	397865
c47e5e2042b0892fb9c7c4185f389145	gi|645321322|ref|NR_118316.1|	88.528	462	49	4	1	460	338	797	3.76e-158	556	1349822
c47e5e2042b0892fb9c7c4185f389145	gi|1109168036|ref|NR_144616.1|	88.147	464	47	8	1	460	280	739	8.15e-155	545	1796646
3f5d60bcc79f43416177cfbff6fd0b5f	gi|559795255|ref|NR_104846.1|	98.636	440	6	0	1	440	288	727	0.0	780	745368
3f5d60bcc79f43416177cfbff6fd0b5f	gi|265678692|ref|NR_028997.1|	98.186	441	7	1	1	440	303	743	0.0	769	214851
3f5d60bcc79f43416177cfbff6fd0b5f	gi|2363084747|ref|NR_180622.1|	94.318	440	25	0	1	440	335	774	0.0	675	2779354
3f5d60bcc79f43416177cfbff6fd0b5f	gi|1397641802|ref|NR_156911.1|	93.864	440	27	0	1	440	351	790	0.0	664	1650663
3f5d60bcc79f43416177cfbff6fd0b5f	gi|1277396189|ref|NR_151900.1|	93.409	440	29	0	1	440	351	790	0.0	652	1550024
3f5d60bcc79f43416177cfbff6fd0b5f	gi|3030611269|ref|NR_199945.1|	93.182	440	30	0	1	440	335	774	0.0	647	3435293
3f5d60bcc79f43416177cfbff6fd0b5f	gi|2363082282|ref|NR_179388.1|	93.182	440	30	0	1	440	335	774	0.0	647	2935520
3f5d60bcc79f43416177cfbff6fd0b5f	gi|265678656|ref|NR_028961.1|	93.182	440	30	0	1	440	327	766	0.0	647	853
3f5d60bcc79f43416177cfbff6fd0b5f	gi|2363082356|ref|NR_179425.1|	92.744	441	30	2	1	440	351	790	0.0	636	1689304
3f5d60bcc79f43416177cfbff6fd0b5f	gi|2363081451|ref|NR_178972.1|	92.727	440	32	0	1	440	285	724	0.0	636	1851428
3dacafa56cdd85fd298b870b88381147	gi|310974914|ref|NR_036777.1|	99.306	432	3	0	1	432	333	764	0.0	784	33039
3dacafa56cdd85fd298b870b88381147	gi|2363084846|ref|NR_180671.1|	98.182	440	8	0	1	440	63	502	0.0	769	2594882
3dacafa56cdd85fd298b870b88381147	gi|2363082374|ref|NR_179434.1|	97.955	440	9	0	1	440	349	788	0.0	763	1720300
3dacafa56cdd85fd298b870b88381147	gi|2962412221|ref|NR_199415.1|	97.500	440	11	0	1	440	338	777	0.0	752	3136600
3dacafa56cdd85fd298b870b88381147	gi|636560687|ref|NR_116747.1|	97.273	440	12	0	1	440	301	740	0.0	747	1298596
3dacafa56cdd85fd298b870b88381147	gi|636559443|ref|NR_115502.1|	96.154	442	14	3	1	440	349	789	0.0	732	33039
3dacafa56cdd85fd298b870b88381147	gi|631251356|ref|NR_112553.1|	96.372	441	15	1	1	440	348	788	0.0	725	342942
3dacafa56cdd85fd298b870b88381147	gi|2363085133|ref|NR_180815.1|	96.136	440	17	0	1	440	350	789	0.0	719	2606633
3dacafa56cdd85fd298b870b88381147	gi|2363082059|ref|NR_179276.1|	96.136	440	17	0	1	440	334	773	0.0	719	2316025
3dacafa56cdd85fd298b870b88381147	gi|2363083556|ref|NR_180026.1|	96.136	440	17	0	1	440	348	787	0.0	719	2696678
0b9549abbb2d5bca691e0dfed1288755	gi|636558732|ref|NR_114789.1|	96.599	441	13	2	1	440	347	786	0.0	730	1535
0b9549abbb2d5bca691e0dfed1288755	gi|2180566484|ref|NR_174324.1|	94.091	440	26	0	1	440	346	785	0.0	669	2576756
0b9549abbb2d5bca691e0dfed1288755	gi|2136551683|ref|NR_173688.1|	93.636	440	28	0	1	440	321	760	0.0	658	2780922
0b9549abbb2d5bca691e0dfed1288755	gi|2363086260|ref|NR_181382.1|	92.744	441	30	2	1	440	322	761	0.0	636	2763662
0b9549abbb2d5bca691e0dfed1288755	gi|2363085985|ref|NR_181245.1|	92.727	440	32	0	1	440	284	723	0.0	636	2666138
0b9549abbb2d5bca691e0dfed1288755	gi|1146059197|ref|NR_145929.1|	92.568	444	29	2	1	440	319	762	0.0	634	642589
0b9549abbb2d5bca691e0dfed1288755	gi|3248465687|ref|NR_201701.1|	92.551	443	30	1	1	440	330	772	0.0	632	3435187
0b9549abbb2d5bca691e0dfed1288755	gi|3248465688|ref|NR_201702.1|	92.551	443	30	1	1	440	328	770	0.0	632	3435000
0b9549abbb2d5bca691e0dfed1288755	gi|2363082825|ref|NR_179661.1|	92.584	445	26	6	1	440	342	784	0.0	632	2086583
0b9549abbb2d5bca691e0dfed1288755	gi|2836274967|ref|NR_197730.1|	92.500	440	33	0	1	440	312	751	2.09e-180	630	3093658
e6d45c5ce00c86955c1db7c5de2522ee	gi|2363080549|ref|NR_178515.1|	99.355	465	3	0	1	465	320	784	0.0	843	1156431
e6d45c5ce00c86955c1db7c5de2522ee	gi|1811131555|ref|NR_165737.1|	98.925	465	5	0	1	465	320	784	0.0	832	2382163
e6d45c5ce00c86955c1db7c5de2522ee	gi|3248465651|ref|NR_201663.1|	98.925	465	5	0	1	465	347	811	0.0	832	3434972
e6d45c5ce00c86955c1db7c5de2522ee	gi|3248465650|ref|NR_201662.1|	98.925	465	5	0	1	465	347	811	0.0	832	3434972
e6d45c5ce00c86955c1db7c5de2522ee	gi|265678529|ref|NR_028833.1|	98.925	465	5	0	1	465	347	811	0.0	832	176090
e6d45c5ce00c86955c1db7c5de2522ee	gi|631252062|ref|NR_113260.1|	98.710	465	6	0	1	465	320	784	0.0	826	1305
e6d45c5ce00c86955c1db7c5de2522ee	gi|219857213|ref|NR_024841.1|	98.710	465	6	0	1	465	334	798	0.0	826	888807
e6d45c5ce00c86955c1db7c5de2522ee	gi|631250799|ref|NR_111994.1|	98.710	465	6	0	1	465	266	730	0.0	826	888807
e6d45c5ce00c86955c1db7c5de2522ee	gi|636559676|ref|NR_115736.1|	98.495	465	7	0	1	465	267	731	0.0	822	888807
e6d45c5ce00c86955c1db7c5de2522ee	gi|566085621|ref|NR_109720.1|	98.495	465	7	0	1	465	314	778	0.0	821	1234680
6b25b9752297f2ff572579cb358b6cac	gi|310974914|ref|NR_036777.1|	99.315	438	3	0	1	438	333	770	0.0	795	33039
6b25b9752297f2ff572579cb358b6cac	gi|2363084846|ref|NR_180671.1|	98.636	440	6	0	1	440	63	502	0.0	780	2594882
6b25b9752297f2ff572579cb358b6cac	gi|2363082374|ref|NR_179434.1|	98.409	440	7	0	1	440	349	788	0.0	774	1720300
6b25b9752297f2ff572579cb358b6cac	gi|2962412221|ref|NR_199415.1|	97.955	440	9	0	1	440	338	777	0.0	763	3136600
6b25b9752297f2ff572579cb358b6cac	gi|636560687|ref|NR_116747.1|	97.727	440	10	0	1	440	301	740	0.0	758	1298596
6b25b9752297f2ff572579cb358b6cac	gi|636559443|ref|NR_115502.1|	96.606	442	12	3	1	440	349	789	0.0	743	33039
6b25b9752297f2ff572579cb358b6cac	gi|631251356|ref|NR_112553.1|	96.825	441	13	1	1	440	348	788	0.0	736	342942
6b25b9752297f2ff572579cb358b6cac	gi|2363085133|ref|NR_180815.1|	96.591	440	15	0	1	440	350	789	0.0	730	2606633
6b25b9752297f2ff572579cb358b6cac	gi|2363082059|ref|NR_179276.1|	96.591	440	15	0	1	440	334	773	0.0	730	2316025
6b25b9752297f2ff572579cb358b6cac	gi|2363083556|ref|NR_180026.1|	96.591	440	15	0	1	440	348	787	0.0	730	2696678
5798e238c536137a09a586cdd558462f	gi|444304209|ref|NR_074634.1|	99.318	440	3	0	1	440	350	789	0.0	797	515619
5798e238c536137a09a586cdd558462f	gi|343198540|ref|NR_042832.1|	98.186	441	7	1	1	440	330	770	0.0	769	301302
5798e238c536137a09a586cdd558462f	gi|1227086116|ref|NR_148619.1|	97.738	442	8	2	1	440	301	742	0.0	760	1712665
5798e238c536137a09a586cdd558462f	gi|645320588|ref|NR_117758.1|	97.285	442	10	1	1	440	322	763	0.0	749	166486
5798e238c536137a09a586cdd558462f	gi|228716944|ref|NR_027557.1|	97.285	442	10	1	1	440	343	784	0.0	749	536231
5798e238c536137a09a586cdd558462f	gi|444439494|ref|NR_074809.1|	97.279	441	11	1	1	440	350	790	0.0	747	585394
5798e238c536137a09a586cdd558462f	gi|343201282|ref|NR_042008.1|	97.052	441	11	2	1	440	341	780	0.0	741	585394
5798e238c536137a09a586cdd558462f	gi|2363085153|ref|NR_180825.1|	96.825	441	13	1	1	440	347	787	0.0	736	2605790
5798e238c536137a09a586cdd558462f	gi|219846723|ref|NR_026315.1|	96.818	440	14	0	1	440	317	756	0.0	736	46206
5798e238c536137a09a586cdd558462f	gi|2363086282|ref|NR_181393.1|	96.591	440	15	0	1	440	290	729	0.0	730	2763664
4e41b7c554b8c88181b22125526afda3	gi|939733298|ref|NR_133025.1|	99.348	460	3	0	1	460	275	734	0.0	833	2585118
4e41b7c554b8c88181b22125526afda3	gi|631251954|ref|NR_113152.1|	95.217	460	22	0	1	460	337	796	0.0	728	28117
4e41b7c554b8c88181b22125526afda3	gi|2363082099|ref|NR_179296.1|	94.783	460	24	0	1	460	324	783	0.0	717	2585119
4e41b7c554b8c88181b22125526afda3	gi|672239000|ref|NR_125589.1|	94.794	461	22	2	1	460	269	728	0.0	717	1033731
4e41b7c554b8c88181b22125526afda3	gi|2363086959|ref|NR_181736.1|	94.577	461	23	2	1	460	334	793	0.0	712	2834113
4e41b7c554b8c88181b22125526afda3	gi|507148054|ref|NR_102861.1|	94.577	461	23	2	1	460	334	793	0.0	712	717959
4e41b7c554b8c88181b22125526afda3	gi|645321193|ref|NR_118219.1|	94.577	461	23	2	1	460	332	791	0.0	712	1033732
4e41b7c554b8c88181b22125526afda3	gi|343202834|ref|NR_043319.1|	94.360	461	24	2	1	460	323	782	0.0	708	717959
4e41b7c554b8c88181b22125526afda3	gi|631251955|ref|NR_113153.1|	94.360	461	24	2	1	460	334	793	0.0	706	328814
4e41b7c554b8c88181b22125526afda3	gi|2363082505|ref|NR_179499.1|	93.952	463	22	6	1	460	342	801	0.0	695	2364787
631f3e01eb72cc9c6233aa85088e01ff	gi|631252928|ref|NR_114126.1|	99.355	465	3	0	1	465	314	778	0.0	843	329
631f3e01eb72cc9c6233aa85088e01ff	gi|343202726|ref|NR_043152.1|	99.355	465	3	0	1	465	316	780	0.0	843	329
631f3e01eb72cc9c6233aa85088e01ff	gi|631252154|ref|NR_113352.1|	99.355	465	3	0	1	465	314	778	0.0	843	329
631f3e01eb72cc9c6233aa85088e01ff	gi|219878246|ref|NR_025385.1|	97.849	465	10	0	1	465	296	760	0.0	804	105219
631f3e01eb72cc9c6233aa85088e01ff	gi|961555180|ref|NR_134149.1|	97.204	465	13	0	1	465	273	737	0.0	787	1310168
631f3e01eb72cc9c6233aa85088e01ff	gi|961555181|ref|NR_134150.1|	97.204	465	13	0	1	465	273	737	0.0	787	1310167
631f3e01eb72cc9c6233aa85088e01ff	gi|961555179|ref|NR_134148.1|	97.204	465	13	0	1	465	273	737	0.0	787	1310165
631f3e01eb72cc9c6233aa85088e01ff	gi|343200116|ref|NR_040803.1|	97.204	465	13	0	1	465	323	787	0.0	787	28097
631f3e01eb72cc9c6233aa85088e01ff	gi|219846384|ref|NR_025975.1|	97.204	465	13	0	1	465	305	769	0.0	787	28097
631f3e01eb72cc9c6233aa85088e01ff	gi|645322175|ref|NR_118984.1|	96.774	465	15	0	1	465	303	767	0.0	776	305
74d22ac5ab817ad96b3526caca6a62f6	gi|343200980|ref|NR_041667.1|	98.495	465	7	0	1	465	320	784	0.0	821	487175
74d22ac5ab817ad96b3526caca6a62f6	gi|631252130|ref|NR_113328.1|	91.239	468	35	6	1	465	332	796	0.0	632	626947
74d22ac5ab817ad96b3526caca6a62f6	gi|631251705|ref|NR_112903.1|	91.239	468	35	6	1	465	312	776	0.0	632	626947
74d22ac5ab817ad96b3526caca6a62f6	gi|1109168043|ref|NR_144619.1|	90.598	468	38	6	1	465	340	804	6.19e-176	616	1796652
74d22ac5ab817ad96b3526caca6a62f6	gi|1193829159|ref|NR_147402.1|	89.507	467	45	4	1	465	332	796	1.35e-167	588	1907660
74d22ac5ab817ad96b3526caca6a62f6	gi|1811131556|ref|NR_165738.1|	89.079	467	47	4	1	465	309	773	2.92e-164	577	2490857
74d22ac5ab817ad96b3526caca6a62f6	gi|2363082296|ref|NR_179395.1|	88.913	469	44	7	1	465	330	794	1.05e-163	575	1506471
74d22ac5ab817ad96b3526caca6a62f6	gi|1246951785|ref|NR_149789.1|	88.841	466	50	2	1	465	297	761	1.36e-162	571	1783360
74d22ac5ab817ad96b3526caca6a62f6	gi|2363086886|ref|NR_181700.1|	88.913	469	44	7	1	465	329	793	1.36e-162	571	2825886
74d22ac5ab817ad96b3526caca6a62f6	gi|2363086884|ref|NR_181699.1|	88.913	469	44	7	1	465	329	793	1.36e-162	571	2825884
2f3da076bbd5b6e59d794d7891150318	gi|1277396271|ref|NR_151982.1|	99.097	443	4	0	1	443	248	690	0.0	797	1628085
2f3da076bbd5b6e59d794d7891150318	gi|1277396349|ref|NR_152060.1|	98.871	443	5	0	1	443	336	778	0.0	793	1712515
2f3da076bbd5b6e59d794d7891150318	gi|545589041|ref|NR_044644.2|	95.711	443	17	1	1	443	354	794	0.0	719	39484
2f3da076bbd5b6e59d794d7891150318	gi|1193829128|ref|NR_147371.1|	95.711	443	17	1	1	443	277	717	0.0	712	1871029
2f3da076bbd5b6e59d794d7891150318	gi|343205971|ref|NR_044490.1|	94.369	444	24	1	1	443	348	791	0.0	680	501571
2f3da076bbd5b6e59d794d7891150318	gi|2363082930|ref|NR_179713.1|	93.679	443	28	0	1	443	319	761	0.0	664	1945634
2f3da076bbd5b6e59d794d7891150318	gi|2363087009|ref|NR_181761.1|	92.325	443	33	1	1	443	269	710	7.56e-180	628	2841509
2f3da076bbd5b6e59d794d7891150318	gi|645321636|ref|NR_118554.1|	90.293	443	43	0	1	443	329	771	2.15e-165	580	1297617
2f3da076bbd5b6e59d794d7891150318	gi|3248465658|ref|NR_201672.1|	90.090	444	42	2	1	443	296	738	9.99e-164	575	3381350
2f3da076bbd5b6e59d794d7891150318	gi|2363082352|ref|NR_179423.1|	90.090	444	42	2	1	443	349	791	9.99e-164	575	1689270
6db3576071cd768d9fa17961d1f0fefb	gi|631251987|ref|NR_113185.1|	99.548	442	2	0	1	442	328	769	0.0	806	638849
6db3576071cd768d9fa17961d1f0fefb	gi|343199063|ref|NR_044461.1|	99.548	442	2	0	1	442	308	749	0.0	806	638849
6db3576071cd768d9fa17961d1f0fefb	gi|1137647877|ref|NR_145666.1|	92.117	444	31	4	1	442	281	722	3.51e-178	623	434126
6db3576071cd768d9fa17961d1f0fefb	gi|2363082613|ref|NR_179553.1|	91.892	444	32	4	1	442	333	774	1.63e-176	617	1871009
6db3576071cd768d9fa17961d1f0fefb	gi|265678729|ref|NR_029034.1|	89.640	444	42	4	1	442	324	765	7.76e-160	562	133535
6db3576071cd768d9fa17961d1f0fefb	gi|343198424|ref|NR_041793.1|	89.640	444	42	4	1	442	238	679	7.76e-160	562	133532
6db3576071cd768d9fa17961d1f0fefb	gi|219857493|ref|NR_025081.1|	89.640	444	42	4	1	442	321	762	7.76e-160	562	133534
6db3576071cd768d9fa17961d1f0fefb	gi|228719312|ref|NR_027582.1|	88.989	445	43	6	1	442	333	774	7.81e-155	545	47055
6db3576071cd768d9fa17961d1f0fefb	gi|636560369|ref|NR_116429.1|	88.262	443	50	2	1	442	286	727	7.87e-150	529	561720
6db3576071cd768d9fa17961d1f0fefb	gi|559795176|ref|NR_104765.1|	87.054	448	47	11	1	442	323	765	7.98e-140	496	108007
37767f3f59b23049f902623c9afba91e	gi|631251704|ref|NR_112902.1|	98.498	466	6	1	1	466	427	891	0.0	821	626940
37767f3f59b23049f902623c9afba91e	gi|219846519|ref|NR_026111.1|	93.362	467	28	3	1	466	339	803	0.0	688	33025
37767f3f59b23049f902623c9afba91e	gi|2363082047|ref|NR_179270.1|	92.111	469	31	6	1	466	326	791	0.0	660	2654621
37767f3f59b23049f902623c9afba91e	gi|2363082805|ref|NR_179651.1|	89.936	467	44	3	1	466	350	814	6.25e-171	599	2058289
37767f3f59b23049f902623c9afba91e	gi|2621112327|ref|NR_189230.1|	89.936	467	44	3	1	466	298	762	6.25e-171	599	2897706
37767f3f59b23049f902623c9afba91e	gi|2363082609|ref|NR_179551.1|	89.552	469	42	5	1	466	345	809	3.76e-168	590	1871002
37767f3f59b23049f902623c9afba91e	gi|3248465909|ref|NR_201924.1|	89.103	468	46	4	1	466	333	797	8.14e-165	579	3456956
37767f3f59b23049f902623c9afba91e	gi|2363082575|ref|NR_179534.1|	89.126	469	44	5	1	466	345	809	2.93e-164	577	1852375
37767f3f59b23049f902623c9afba91e	gi|265678564|ref|NR_028868.1|	88.323	471	51	4	1	469	328	796	8.20e-160	562	78120
37767f3f59b23049f902623c9afba91e	gi|645320455|ref|NR_117657.1|	87.607	468	54	4	1	466	443	908	3.84e-153	540	2378
57067b229498495dc42b43e0adfa96c1	gi|265678578|ref|NR_028883.1|	99.093	441	3	1	1	440	226	666	0.0	791	88431
57067b229498495dc42b43e0adfa96c1	gi|1397641798|ref|NR_156907.1|	96.606	442	11	4	1	440	348	787	0.0	730	1912855
57067b229498495dc42b43e0adfa96c1	gi|265678482|ref|NR_028785.1|	96.599	441	13	2	1	440	351	790	0.0	730	29347
57067b229498495dc42b43e0adfa96c1	gi|1109168023|ref|NR_144610.1|	96.372	441	14	2	1	440	339	778	0.0	725	1796622
57067b229498495dc42b43e0adfa96c1	gi|645322565|ref|NR_119285.1|	96.372	441	14	2	1	440	325	764	0.0	725	29347
57067b229498495dc42b43e0adfa96c1	gi|631250892|ref|NR_112089.1|	96.380	442	12	4	1	440	336	775	0.0	725	553973
57067b229498495dc42b43e0adfa96c1	gi|310974936|ref|NR_036800.1|	96.372	441	14	2	1	440	326	765	0.0	725	411470
57067b229498495dc42b43e0adfa96c1	gi|645321810|ref|NR_118690.1|	96.372	441	14	2	1	440	338	777	0.0	725	411470
57067b229498495dc42b43e0adfa96c1	gi|224581401|ref|NR_024719.1|	96.380	442	11	5	1	440	341	779	0.0	723	89153
57067b229498495dc42b43e0adfa96c1	gi|2363082765|ref|NR_179631.1|	96.136	440	17	0	1	440	348	787	0.0	719	2014528
6fe69dea7a055167f01223f603cc5f39	gi|3030611324|ref|NR_200000.1|	94.808	443	22	1	1	442	301	743	0.0	689	3342383
6fe69dea7a055167f01223f603cc5f39	gi|1109168025|ref|NR_144611.1|	94.357	443	24	1	1	442	282	724	0.0	678	1417852
6fe69dea7a055167f01223f603cc5f39	gi|2363084741|ref|NR_180619.1|	93.679	443	27	1	1	442	347	789	0.0	662	2779352
6fe69dea7a055167f01223f603cc5f39	gi|1193829127|ref|NR_147370.1|	93.002	443	30	1	1	442	349	791	0.0	645	1870988
6fe69dea7a055167f01223f603cc5f39	gi|219846080|ref|NR_025670.1|	92.568	444	30	2	1	442	329	771	0.0	634	411467
6fe69dea7a055167f01223f603cc5f39	gi|343198636|ref|NR_043142.1|	92.325	443	33	1	1	442	323	765	7.54e-180	628	292800
6fe69dea7a055167f01223f603cc5f39	gi|265679048|ref|NR_029356.1|	92.325	443	33	1	1	442	336	778	7.54e-180	628	292800
6fe69dea7a055167f01223f603cc5f39	gi|2363082168|ref|NR_179330.1|	91.874	443	34	2	1	442	327	768	1.63e-176	617	2714355
6fe69dea7a055167f01223f603cc5f39	gi|2363082165|ref|NR_179329.1|	91.648	443	35	2	1	442	327	768	7.59e-175	612	2714353
6fe69dea7a055167f01223f603cc5f39	gi|645321636|ref|NR_118554.1|	91.648	443	36	1	1	442	329	771	7.59e-175	612	1297617
3d1229d73f2f8affb5c415a29a993e0d	gi|559795314|ref|NR_104907.1|	97.052	441	13	0	1	441	315	755	0.0	743	290054
3d1229d73f2f8affb5c415a29a993e0d	gi|2136551683|ref|NR_173688.1|	92.290	441	33	1	1	441	321	760	9.73e-179	625	2780922
3d1229d73f2f8affb5c415a29a993e0d	gi|507148077|ref|NR_102884.1|	90.745	443	36	5	1	441	331	770	4.59e-167	586	213810
3d1229d73f2f8affb5c415a29a993e0d	gi|1864207164|ref|NR_169458.1|	90.023	441	43	1	1	441	345	784	4.62e-162	569	2164149
3d1229d73f2f8affb5c415a29a993e0d	gi|636558832|ref|NR_114889.1|	90.068	443	38	6	1	441	277	715	4.62e-162	569	213810
3d1229d73f2f8affb5c415a29a993e0d	gi|1445136071|ref|NR_158111.1|	89.414	444	39	7	1	441	349	787	4.66e-157	553	2038680
3d1229d73f2f8affb5c415a29a993e0d	gi|2363082601|ref|NR_179547.1|	89.165	443	43	5	1	441	347	786	2.17e-155	547	1870991
3d1229d73f2f8affb5c415a29a993e0d	gi|2363082585|ref|NR_179539.1|	89.165	443	42	6	1	441	351	789	2.17e-155	547	1852384
3d1229d73f2f8affb5c415a29a993e0d	gi|444303976|ref|NR_074399.1|	89.140	442	45	3	1	441	333	772	2.17e-155	547	697329
3d1229d73f2f8affb5c415a29a993e0d	gi|631251834|ref|NR_113032.1|	89.140	442	45	3	1	441	333	772	2.17e-155	547	1264
b8032dac6ffe485933dd2a52a4cfa9cc	gi|343198461|ref|NR_041894.1|	99.570	465	2	0	1	465	286	750	0.0	848	187327
b8032dac6ffe485933dd2a52a4cfa9cc	gi|444439613|ref|NR_074928.1|	96.344	465	17	0	1	465	345	809	0.0	765	591001
b8032dac6ffe485933dd2a52a4cfa9cc	gi|310975154|ref|NR_037018.1|	96.344	465	17	0	1	465	332	796	0.0	765	905
b8032dac6ffe485933dd2a52a4cfa9cc	gi|2363082609|ref|NR_179551.1|	95.931	467	15	3	1	465	345	809	0.0	756	1871002
b8032dac6ffe485933dd2a52a4cfa9cc	gi|2363082805|ref|NR_179651.1|	95.745	470	10	7	1	465	350	814	0.0	749	2058289
b8032dac6ffe485933dd2a52a4cfa9cc	gi|2621112327|ref|NR_189230.1|	95.745	470	10	7	1	465	298	762	0.0	749	2897706
b8032dac6ffe485933dd2a52a4cfa9cc	gi|2363082575|ref|NR_179534.1|	94.861	467	20	4	1	465	345	809	0.0	726	1852375
b8032dac6ffe485933dd2a52a4cfa9cc	gi|3248465909|ref|NR_201924.1|	94.647	467	21	4	1	465	333	797	0.0	723	3456956
b8032dac6ffe485933dd2a52a4cfa9cc	gi|219846519|ref|NR_026111.1|	91.649	467	35	4	1	465	339	803	0.0	643	33025
b8032dac6ffe485933dd2a52a4cfa9cc	gi|2363082047|ref|NR_179270.1|	91.083	471	31	10	1	465	326	791	7.95e-180	628	2654621
14e1e784340d39baf5a5499dc478b1ec	gi|2363087247|ref|NR_181879.1|	87.500	464	47	9	1	458	285	743	1.06e-148	525	2880704
14e1e784340d39baf5a5499dc478b1ec	gi|2363085163|ref|NR_180830.1|	86.825	463	52	7	1	458	336	794	1.06e-143	508	2606626
14e1e784340d39baf5a5499dc478b1ec	gi|1909404453|ref|NR_170508.1|	86.580	462	55	6	1	458	352	810	4.95e-142	503	2518971
14e1e784340d39baf5a5499dc478b1ec	gi|1909404454|ref|NR_170509.1|	86.393	463	54	8	1	458	347	805	2.30e-140	497	2530391
14e1e784340d39baf5a5499dc478b1ec	gi|2363087249|ref|NR_181880.1|	85.931	462	58	7	1	458	294	752	4.99e-137	486	2880703
14e1e784340d39baf5a5499dc478b1ec	gi|2363084366|ref|NR_180431.1|	85.745	463	58	8	1	458	350	809	6.45e-136	483	2530390
14e1e784340d39baf5a5499dc478b1ec	gi|2363084938|ref|NR_180717.1|	85.498	462	61	6	1	458	259	718	3.00e-134	477	2601703
14e1e784340d39baf5a5499dc478b1ec	gi|631251890|ref|NR_113088.1|	85.129	464	59	10	1	458	327	786	6.49e-131	466	111105
14e1e784340d39baf5a5499dc478b1ec	gi|219857464|ref|NR_025052.1|	85.129	464	59	10	1	458	315	774	6.49e-131	466	111105
14e1e784340d39baf5a5499dc478b1ec	gi|2363083455|ref|NR_179976.1|	85.161	465	56	11	1	458	289	747	2.34e-130	464	2094151
38f8f5a1d2fa57bf47f37e1db86472af	gi|645321785|ref|NR_118670.1|	97.273	440	12	0	1	440	357	796	0.0	754	39496
38f8f5a1d2fa57bf47f37e1db86472af	gi|219857617|ref|NR_025206.1|	95.000	440	22	0	1	440	314	753	0.0	691	180286
38f8f5a1d2fa57bf47f37e1db86472af	gi|2363086310|ref|NR_181407.1|	94.331	441	23	2	1	440	355	794	0.0	675	2850323
38f8f5a1d2fa57bf47f37e1db86472af	gi|1397641798|ref|NR_156907.1|	94.091	440	26	0	1	440	348	787	0.0	669	1912855
38f8f5a1d2fa57bf47f37e1db86472af	gi|631250892|ref|NR_112089.1|	94.091	440	26	0	1	440	336	775	0.0	669	553973
38f8f5a1d2fa57bf47f37e1db86472af	gi|224581401|ref|NR_024719.1|	94.091	440	25	1	1	440	341	779	0.0	667	89153
38f8f5a1d2fa57bf47f37e1db86472af	gi|219857618|ref|NR_025207.1|	93.864	440	27	0	1	440	321	760	0.0	665	180311
38f8f5a1d2fa57bf47f37e1db86472af	gi|2363082765|ref|NR_179631.1|	93.864	440	27	0	1	440	348	787	0.0	664	2014528
38f8f5a1d2fa57bf47f37e1db86472af	gi|631253194|ref|NR_114392.1|	93.878	441	25	2	1	440	350	789	0.0	664	1544
38f8f5a1d2fa57bf47f37e1db86472af	gi|2363086308|ref|NR_181406.1|	93.878	441	25	2	1	440	357	796	0.0	664	2850322
77bd3c961669bfe3355f3ec96d016250	gi|444304112|ref|NR_074536.1|	81.573	445	76	5	1	442	334	775	8.44e-100	363	642492
77bd3c961669bfe3355f3ec96d016250	gi|645322279|ref|NR_119067.1|	81.390	446	76	5	1	442	297	739	3.93e-98	357	642492
77bd3c961669bfe3355f3ec96d016250	gi|636560286|ref|NR_116346.1|	81.473	448	69	14	1	442	295	734	1.41e-97	355	862517
77bd3c961669bfe3355f3ec96d016250	gi|672239121|ref|NR_125710.1|	80.942	446	78	5	1	442	302	744	8.50e-95	346	642492
77bd3c961669bfe3355f3ec96d016250	gi|636559941|ref|NR_116001.1|	80.493	446	79	5	1	442	372	813	1.84e-91	335	1294025
77bd3c961669bfe3355f3ec96d016250	gi|219857617|ref|NR_025206.1|	80.493	446	77	9	1	442	314	753	6.62e-91	333	180286
77bd3c961669bfe3355f3ec96d016250	gi|2363082775|ref|NR_179636.1|	80.444	450	69	18	1	442	351	789	1.11e-88	326	2040296
77bd3c961669bfe3355f3ec96d016250	gi|2363082422|ref|NR_179458.1|	80.444	450	69	18	1	442	252	690	1.11e-88	326	2040296
77bd3c961669bfe3355f3ec96d016250	gi|219857618|ref|NR_025207.1|	80.000	445	81	7	1	442	321	760	3.98e-88	324	180311
77bd3c961669bfe3355f3ec96d016250	gi|343198541|ref|NR_042834.1|	79.911	448	78	11	1	442	321	762	1.85e-86	318	235931
d4c58ad0393ac632969312c4974b0ed6	gi|1269807811|ref|NR_074655.2|	98.876	445	4	1	1	444	339	783	0.0	793	446465
d4c58ad0393ac632969312c4974b0ed6	gi|2363082382|ref|NR_179438.1|	98.876	445	4	1	1	444	332	776	0.0	793	1755098
d4c58ad0393ac632969312c4974b0ed6	gi|559795103|ref|NR_104689.1|	98.876	445	4	1	1	444	320	764	0.0	793	47846
d4c58ad0393ac632969312c4974b0ed6	gi|219878363|ref|NR_025502.1|	98.876	445	4	1	1	444	312	756	0.0	793	173362
d4c58ad0393ac632969312c4974b0ed6	gi|645322463|ref|NR_119205.1|	98.876	445	4	1	1	444	332	776	0.0	793	446465
d4c58ad0393ac632969312c4974b0ed6	gi|2363082801|ref|NR_179649.1|	98.652	445	5	1	1	444	339	783	0.0	787	2050896
d4c58ad0393ac632969312c4974b0ed6	gi|219878365|ref|NR_025504.1|	98.652	445	5	1	1	444	245	689	0.0	787	173364
d4c58ad0393ac632969312c4974b0ed6	gi|219846677|ref|NR_026269.1|	98.652	445	5	1	1	444	331	775	0.0	787	47845
d4c58ad0393ac632969312c4974b0ed6	gi|228720938|ref|NR_027599.1|	98.652	445	5	1	1	444	322	766	0.0	787	446465
d4c58ad0393ac632969312c4974b0ed6	gi|645319981|ref|NR_117297.1|	98.430	446	5	2	1	444	311	756	0.0	784	1074488
b0ffeb34aabf61e14ad3847d66af845c	gi|631252073|ref|NR_113271.1|	99.348	460	3	0	1	460	339	798	0.0	833	742725
b0ffeb34aabf61e14ad3847d66af845c	gi|631251698|ref|NR_112896.1|	99.348	460	3	0	1	460	319	778	0.0	833	742725
b0ffeb34aabf61e14ad3847d66af845c	gi|1116030248|ref|NR_144706.1|	94.783	460	24	0	1	460	342	801	0.0	717	1211813
b0ffeb34aabf61e14ad3847d66af845c	gi|631251954|ref|NR_113152.1|	90.456	461	42	2	1	460	337	796	3.68e-173	606	28117
b0ffeb34aabf61e14ad3847d66af845c	gi|2363082099|ref|NR_179296.1|	90.000	460	46	0	1	460	324	783	7.98e-170	595	2585119
b0ffeb34aabf61e14ad3847d66af845c	gi|2363082531|ref|NR_179512.1|	89.827	462	43	4	1	460	338	797	1.03e-168	592	1816676
b0ffeb34aabf61e14ad3847d66af845c	gi|645321193|ref|NR_118219.1|	89.805	461	45	2	1	460	332	791	3.71e-168	590	1033732
b0ffeb34aabf61e14ad3847d66af845c	gi|219846319|ref|NR_025909.1|	88.937	461	49	2	1	460	344	803	1.33e-167	588	28117
b0ffeb34aabf61e14ad3847d66af845c	gi|507148054|ref|NR_102861.1|	89.565	460	48	0	1	460	334	793	1.73e-166	584	717959
b0ffeb34aabf61e14ad3847d66af845c	gi|939733298|ref|NR_133025.1|	89.565	460	48	0	1	460	275	734	1.73e-166	584	2585118
4eb3d1f59de2fcfb68719c1824f3fc96	gi|2260349424|ref|NR_176506.1|	99.138	464	4	0	1	464	315	778	0.0	835	1982626
4eb3d1f59de2fcfb68719c1824f3fc96	gi|2260349423|ref|NR_176505.1|	98.060	464	9	0	1	464	314	777	0.0	808	1982628
4eb3d1f59de2fcfb68719c1824f3fc96	gi|631253195|ref|NR_114393.1|	92.672	464	34	0	1	464	326	789	0.0	669	29348
4eb3d1f59de2fcfb68719c1824f3fc96	gi|228720470|ref|NR_027592.1|	92.457	464	35	0	1	464	316	779	0.0	664	29348
4eb3d1f59de2fcfb68719c1824f3fc96	gi|645322231|ref|NR_119030.1|	92.258	465	34	2	1	464	324	787	0.0	658	428126
4eb3d1f59de2fcfb68719c1824f3fc96	gi|645322566|ref|NR_119286.1|	92.258	465	34	2	1	464	313	776	0.0	658	69824
4eb3d1f59de2fcfb68719c1824f3fc96	gi|1109168034|ref|NR_144615.1|	91.880	468	30	7	1	464	316	779	0.0	647	1796628
4eb3d1f59de2fcfb68719c1824f3fc96	gi|343203026|ref|NR_043550.1|	91.595	464	39	0	1	464	327	790	0.0	641	341225
4eb3d1f59de2fcfb68719c1824f3fc96	gi|631252045|ref|NR_113243.1|	91.398	465	38	2	1	464	328	791	0.0	636	1547
4eb3d1f59de2fcfb68719c1824f3fc96	gi|2363083393|ref|NR_179945.1|	91.202	466	37	3	1	464	280	743	2.21e-180	630	2899121
25b57856ff8c26d9f4d8d803f0b9fbc5	gi|444304111|ref|NR_074535.1|	99.129	459	4	0	1	459	334	792	0.0	826	28118
25b57856ff8c26d9f4d8d803f0b9fbc5	gi|631251877|ref|NR_113075.1|	99.129	459	4	0	1	459	334	792	0.0	826	28118
25b57856ff8c26d9f4d8d803f0b9fbc5	gi|343206056|ref|NR_044636.1|	97.821	459	10	0	1	459	342	800	0.0	798	28118
25b57856ff8c26d9f4d8d803f0b9fbc5	gi|631251876|ref|NR_113074.1|	90.065	463	38	7	1	459	335	793	2.86e-169	593	742817
25b57856ff8c26d9f4d8d803f0b9fbc5	gi|631251699|ref|NR_112897.1|	90.065	463	38	7	1	459	315	773	2.86e-169	593	742817
25b57856ff8c26d9f4d8d803f0b9fbc5	gi|959494837|ref|NR_133715.1|	87.069	464	51	8	1	459	280	739	6.37e-146	516	1416875
25b57856ff8c26d9f4d8d803f0b9fbc5	gi|1953646717|ref|NR_171512.1|	86.797	462	56	5	1	459	313	772	2.96e-144	510	2162893
25b57856ff8c26d9f4d8d803f0b9fbc5	gi|1341394029|ref|NR_153701.1|	86.638	464	53	8	1	459	299	758	1.38e-142	505	1740245
25b57856ff8c26d9f4d8d803f0b9fbc5	gi|559795096|ref|NR_104682.1|	86.609	463	55	6	1	459	315	774	1.38e-142	505	1168289
25b57856ff8c26d9f4d8d803f0b9fbc5	gi|2363081792|ref|NR_179142.1|	86.422	464	54	8	1	459	334	793	6.42e-141	499	2006564
95d427bfaeccebbe20792a7b81d10326	gi|219846272|ref|NR_025862.1|	98.495	465	7	0	1	465	341	805	0.0	824	46124
95d427bfaeccebbe20792a7b81d10326	gi|219846875|ref|NR_026467.1|	97.204	465	13	0	1	465	323	787	0.0	787	81947
95d427bfaeccebbe20792a7b81d10326	gi|219846862|ref|NR_026454.1|	97.015	469	8	6	1	465	316	782	0.0	784	137733
95d427bfaeccebbe20792a7b81d10326	gi|2363084808|ref|NR_180652.1|	96.989	465	14	0	1	465	331	795	0.0	782	2714946
95d427bfaeccebbe20792a7b81d10326	gi|219878221|ref|NR_025360.1|	96.989	465	14	0	1	465	329	793	0.0	782	120370
95d427bfaeccebbe20792a7b81d10326	gi|343206347|ref|NR_044939.1|	96.774	465	15	0	1	465	325	789	0.0	776	2739
95d427bfaeccebbe20792a7b81d10326	gi|1384992327|ref|NR_156076.1|	96.574	467	12	4	1	465	338	802	0.0	771	1889241
95d427bfaeccebbe20792a7b81d10326	gi|2363086603|ref|NR_181558.1|	96.559	465	16	0	1	465	340	804	0.0	771	2794353
95d427bfaeccebbe20792a7b81d10326	gi|636560514|ref|NR_116574.1|	96.559	465	16	0	1	465	292	756	0.0	771	564710
95d427bfaeccebbe20792a7b81d10326	gi|2363086605|ref|NR_181559.1|	96.344	465	17	0	1	465	339	803	0.0	765	2794352
f20bdcacb3a55cd213c655da50e1d51c	gi|265678854|ref|NR_029160.1|	99.318	440	3	0	1	440	293	732	0.0	797	40519
f20bdcacb3a55cd213c655da50e1d51c	gi|507148077|ref|NR_102884.1|	95.023	442	18	4	1	440	331	770	0.0	691	213810
f20bdcacb3a55cd213c655da50e1d51c	gi|219846341|ref|NR_025931.1|	95.023	442	18	4	1	440	308	747	0.0	691	1265
f20bdcacb3a55cd213c655da50e1d51c	gi|636558832|ref|NR_114889.1|	94.344	442	20	5	1	440	277	715	0.0	673	213810
f20bdcacb3a55cd213c655da50e1d51c	gi|3248465648|ref|NR_201660.1|	94.131	443	20	5	1	440	319	758	0.0	669	3417630
f20bdcacb3a55cd213c655da50e1d51c	gi|3248465644|ref|NR_201656.1|	93.182	440	30	0	1	440	329	768	0.0	647	3417633
f20bdcacb3a55cd213c655da50e1d51c	gi|1864207164|ref|NR_169458.1|	92.081	442	31	4	1	440	345	784	4.52e-177	619	2164149
f20bdcacb3a55cd213c655da50e1d51c	gi|2363082601|ref|NR_179547.1|	91.403	442	34	4	1	440	347	786	4.55e-172	603	1870991
f20bdcacb3a55cd213c655da50e1d51c	gi|444303976|ref|NR_074399.1|	91.136	440	39	0	1	440	333	772	2.12e-170	597	697329
f20bdcacb3a55cd213c655da50e1d51c	gi|631251834|ref|NR_113032.1|	91.136	440	39	0	1	440	333	772	2.12e-170	597	1264
5d085cf14caf070af6d88f1ab6cd976f	gi|2363082168|ref|NR_179330.1|	98.416	442	7	0	1	442	327	768	0.0	778	2714355
5d085cf14caf070af6d88f1ab6cd976f	gi|2363082165|ref|NR_179329.1|	97.738	442	10	0	1	442	327	768	0.0	761	2714353
5d085cf14caf070af6d88f1ab6cd976f	gi|1109168025|ref|NR_144611.1|	95.034	443	21	1	1	442	282	724	0.0	695	1417852
5d085cf14caf070af6d88f1ab6cd976f	gi|3030611324|ref|NR_200000.1|	94.131	443	25	1	1	442	301	743	0.0	673	3342383
5d085cf14caf070af6d88f1ab6cd976f	gi|2136551692|ref|NR_173697.1|	93.665	442	28	0	1	442	349	790	0.0	662	2108523
5d085cf14caf070af6d88f1ab6cd976f	gi|645321110|ref|NR_118156.1|	93.454	443	27	2	1	442	304	745	0.0	656	1007096
5d085cf14caf070af6d88f1ab6cd976f	gi|2363084741|ref|NR_180619.1|	93.243	444	27	3	1	442	347	789	0.0	651	2779352
5d085cf14caf070af6d88f1ab6cd976f	gi|2363082358|ref|NR_179426.1|	93.243	444	27	2	1	442	349	791	0.0	651	1702285
5d085cf14caf070af6d88f1ab6cd976f	gi|2962412234|ref|NR_199428.1|	93.228	443	28	2	1	442	352	793	0.0	651	3073143
5d085cf14caf070af6d88f1ab6cd976f	gi|2363087001|ref|NR_181757.1|	93.049	446	23	8	1	442	289	730	0.0	645	2841504
43f9b505533df8ce630691f424301bfc	gi|219846340|ref|NR_025930.1|	98.643	442	5	1	1	441	296	737	0.0	782	40518
43f9b505533df8ce630691f424301bfc	gi|2136551638|ref|NR_173642.1|	97.517	443	9	2	1	441	349	791	0.0	756	2678306
43f9b505533df8ce630691f424301bfc	gi|2363084544|ref|NR_180520.1|	95.465	441	18	2	1	441	356	794	0.0	702	2564099
43f9b505533df8ce630691f424301bfc	gi|2363082825|ref|NR_179661.1|	92.551	443	31	2	1	441	342	784	0.0	634	2086583
43f9b505533df8ce630691f424301bfc	gi|636558732|ref|NR_114789.1|	91.156	441	38	1	1	441	347	786	2.12e-170	597	1535
43f9b505533df8ce630691f424301bfc	gi|2136551663|ref|NR_173668.1|	90.950	442	37	3	1	441	294	733	9.87e-169	592	2766537
43f9b505533df8ce630691f424301bfc	gi|3248465687|ref|NR_201701.1|	90.745	443	39	2	1	441	330	772	3.55e-168	590	3435187
43f9b505533df8ce630691f424301bfc	gi|3248465688|ref|NR_201702.1|	90.745	443	39	2	1	441	328	770	3.55e-168	590	3435000
43f9b505533df8ce630691f424301bfc	gi|2180566484|ref|NR_174324.1|	90.703	441	40	1	1	441	346	785	4.59e-167	586	2576756
43f9b505533df8ce630691f424301bfc	gi|3248465658|ref|NR_201672.1|	90.090	444	40	4	1	441	296	738	3.58e-163	573	3381350
79d184a2fee1e13d61a3cf927de99b6a	gi|1953646760|ref|NR_171540.1|	98.881	447	5	0	1	447	335	781	0.0	798	2792979
79d184a2fee1e13d61a3cf927de99b6a	gi|1953646761|ref|NR_171541.1|	98.661	448	5	1	1	447	335	782	0.0	793	2792978
79d184a2fee1e13d61a3cf927de99b6a	gi|645321402|ref|NR_118377.1|	98.214	448	7	1	1	447	278	725	0.0	782	585528
79d184a2fee1e13d61a3cf927de99b6a	gi|545589071|ref|NR_044694.2|	97.763	447	9	1	2	447	341	787	0.0	773	2702
79d184a2fee1e13d61a3cf927de99b6a	gi|1040567046|ref|NR_137395.1|	95.302	447	21	0	1	447	266	712	0.0	712	1798157
79d184a2fee1e13d61a3cf927de99b6a	gi|1018196543|ref|NR_136422.1|	95.302	447	19	1	1	447	311	755	0.0	708	1505727
79d184a2fee1e13d61a3cf927de99b6a	gi|2363087083|ref|NR_181797.1|	94.855	447	23	0	1	447	250	696	0.0	699	2834432
79d184a2fee1e13d61a3cf927de99b6a	gi|545589067|ref|NR_044692.2|	94.855	447	21	1	1	447	339	783	0.0	699	1693
79d184a2fee1e13d61a3cf927de99b6a	gi|310975253|ref|NR_037117.1|	94.855	447	23	0	1	447	331	777	0.0	699	28026
79d184a2fee1e13d61a3cf927de99b6a	gi|631251581|ref|NR_112779.1|	94.855	447	23	0	1	447	331	777	0.0	699	1150460
9e30c4b077b4382b568ca6e6dd5dac7a	gi|2363082611|ref|NR_179552.1|	97.614	461	11	0	1	461	340	800	0.0	791	1871006
9e30c4b077b4382b568ca6e6dd5dac7a	gi|1109168015|ref|NR_144606.1|	96.963	461	13	1	1	461	340	799	0.0	773	1796613
9e30c4b077b4382b568ca6e6dd5dac7a	gi|2363082547|ref|NR_179520.1|	95.662	461	19	1	1	461	314	773	0.0	739	1841855
9e30c4b077b4382b568ca6e6dd5dac7a	gi|631252009|ref|NR_113207.1|	94.360	461	25	1	1	461	334	793	0.0	706	1236514
9e30c4b077b4382b568ca6e6dd5dac7a	gi|631251874|ref|NR_113072.1|	94.360	461	25	1	1	461	338	797	0.0	706	1236512
9e30c4b077b4382b568ca6e6dd5dac7a	gi|343202632|ref|NR_043016.1|	94.372	462	23	3	1	461	316	775	0.0	706	291644
9e30c4b077b4382b568ca6e6dd5dac7a	gi|2363086550|ref|NR_181532.1|	94.143	461	26	1	1	461	322	781	0.0	701	2763025
9e30c4b077b4382b568ca6e6dd5dac7a	gi|631251872|ref|NR_113070.1|	94.143	461	26	1	1	461	334	793	0.0	701	742727
9e30c4b077b4382b568ca6e6dd5dac7a	gi|631251816|ref|NR_113014.1|	94.143	461	26	1	1	461	338	797	0.0	701	1236512
9e30c4b077b4382b568ca6e6dd5dac7a	gi|631251744|ref|NR_112942.1|	94.156	462	24	3	1	461	323	782	0.0	701	291644
a07da85f30ac6793cb447da2c02e7f16	gi|310975244|ref|NR_037108.1|	99.091	440	4	0	1	440	282	721	0.0	791	74329
a07da85f30ac6793cb447da2c02e7f16	gi|265678584|ref|NR_028889.1|	97.955	440	9	0	1	440	282	721	0.0	763	74316
a07da85f30ac6793cb447da2c02e7f16	gi|2363081812|ref|NR_179152.1|	97.732	441	8	2	1	440	291	730	0.0	758	2653628
a07da85f30ac6793cb447da2c02e7f16	gi|636558652|ref|NR_114709.1|	97.727	440	10	0	1	440	282	721	0.0	758	74325
a07da85f30ac6793cb447da2c02e7f16	gi|343201240|ref|NR_041966.1|	97.727	440	10	0	1	440	282	721	0.0	758	74315
a07da85f30ac6793cb447da2c02e7f16	gi|2363082924|ref|NR_179710.1|	97.506	441	9	2	1	440	289	728	0.0	752	2653628
a07da85f30ac6793cb447da2c02e7f16	gi|636560077|ref|NR_116137.1|	97.506	441	10	1	1	440	231	671	0.0	752	74315
a07da85f30ac6793cb447da2c02e7f16	gi|1953646584|ref|NR_171448.1|	97.273	440	12	0	1	440	275	714	0.0	747	2293980
a07da85f30ac6793cb447da2c02e7f16	gi|1520188702|ref|NR_159912.1|	97.273	440	12	0	1	440	288	727	0.0	747	2072566
a07da85f30ac6793cb447da2c02e7f16	gi|2363085864|ref|NR_181184.1|	97.273	440	12	0	1	440	282	721	0.0	747	2725493
f5dd3ee6dbdfb1787a57b5318a06aef5	gi|1193829135|ref|NR_147378.1|	96.825	441	14	0	1	441	339	779	0.0	737	1871035
f5dd3ee6dbdfb1787a57b5318a06aef5	gi|1277396348|ref|NR_152059.1|	95.475	442	19	1	1	441	272	713	0.0	704	1849041
f5dd3ee6dbdfb1787a57b5318a06aef5	gi|2363082561|ref|NR_179527.1|	95.475	442	19	1	1	441	336	777	0.0	704	1841868
f5dd3ee6dbdfb1787a57b5318a06aef5	gi|343202572|ref|NR_042930.1|	93.439	442	25	4	1	441	366	804	0.0	652	258515
f5dd3ee6dbdfb1787a57b5318a06aef5	gi|2363086276|ref|NR_181390.1|	92.308	442	31	3	1	441	304	743	9.73e-179	625	2763659
f5dd3ee6dbdfb1787a57b5318a06aef5	gi|2363082625|ref|NR_179559.1|	92.099	443	31	4	1	441	333	773	1.26e-177	621	1871018
f5dd3ee6dbdfb1787a57b5318a06aef5	gi|1445136071|ref|NR_158111.1|	92.081	442	31	4	1	441	349	787	4.53e-177	619	2038680
f5dd3ee6dbdfb1787a57b5318a06aef5	gi|1116030290|ref|NR_144748.1|	92.081	442	31	4	1	441	335	773	4.53e-177	619	2897707
f5dd3ee6dbdfb1787a57b5318a06aef5	gi|1193829155|ref|NR_147398.1|	92.063	441	33	1	1	441	351	789	4.53e-177	619	1720200
f5dd3ee6dbdfb1787a57b5318a06aef5	gi|2363082601|ref|NR_179547.1|	92.081	442	32	3	1	441	347	786	4.53e-177	619	1870991
09e96c8222fc937393c407e1d8716d5f	gi|1269785356|ref|NR_121753.2|	99.776	447	1	0	1	447	337	783	0.0	821	42817
09e96c8222fc937393c407e1d8716d5f	gi|559795306|ref|NR_104898.1|	99.776	447	1	0	1	447	310	756	0.0	821	42817
09e96c8222fc937393c407e1d8716d5f	gi|645322413|ref|NR_119167.1|	99.776	447	1	0	1	447	309	755	0.0	821	42817
09e96c8222fc937393c407e1d8716d5f	gi|645319863|ref|NR_117211.1|	99.329	447	3	0	1	447	305	751	0.0	809	65058
09e96c8222fc937393c407e1d8716d5f	gi|265678984|ref|NR_029292.1|	99.329	447	3	0	1	447	315	761	0.0	809	65058
09e96c8222fc937393c407e1d8716d5f	gi|2363084441|ref|NR_180468.1|	99.107	448	3	1	1	447	328	775	0.0	804	2320431
09e96c8222fc937393c407e1d8716d5f	gi|310975206|ref|NR_037070.1|	99.107	448	3	1	1	447	304	751	0.0	804	1719
09e96c8222fc937393c407e1d8716d5f	gi|645319862|ref|NR_117210.1|	99.107	448	3	1	1	447	305	752	0.0	804	1719
09e96c8222fc937393c407e1d8716d5f	gi|224581420|ref|NR_027201.1|	99.105	447	4	0	1	447	311	757	0.0	804	185761
09e96c8222fc937393c407e1d8716d5f	gi|645322424|ref|NR_119175.1|	99.107	448	3	1	1	447	314	761	0.0	804	1719
22b1c0b269a337d4bc21ec982c56a241	gi|1811131545|ref|NR_165727.1|	99.099	444	4	0	1	444	358	801	0.0	798	2358141
22b1c0b269a337d4bc21ec982c56a241	gi|219846061|ref|NR_025651.1|	94.820	444	22	1	1	444	350	792	0.0	691	160404
22b1c0b269a337d4bc21ec982c56a241	gi|1445136073|ref|NR_158113.1|	94.157	445	23	3	1	444	328	770	0.0	675	433287
22b1c0b269a337d4bc21ec982c56a241	gi|631252210|ref|NR_113408.1|	93.243	444	29	1	1	444	351	793	0.0	652	28446
22b1c0b269a337d4bc21ec982c56a241	gi|2621112349|ref|NR_189253.1|	93.018	444	31	0	1	444	345	788	0.0	649	2918914
22b1c0b269a337d4bc21ec982c56a241	gi|265678961|ref|NR_029269.1|	93.018	444	29	2	1	444	350	791	0.0	647	28446
22b1c0b269a337d4bc21ec982c56a241	gi|219846558|ref|NR_026150.1|	92.793	444	30	2	1	444	350	791	0.0	641	36847
22b1c0b269a337d4bc21ec982c56a241	gi|645320791|ref|NR_117912.1|	92.568	444	32	1	1	444	325	767	0.0	636	879970
22b1c0b269a337d4bc21ec982c56a241	gi|1397641803|ref|NR_156912.1|	92.342	444	33	1	1	444	307	749	2.11e-180	630	1450156
22b1c0b269a337d4bc21ec982c56a241	gi|1230874676|ref|NR_148837.1|	92.135	445	29	4	1	444	347	786	3.53e-178	623	1675854
b0b868df180597aebdd25b4ecf819e55	gi|2363082673|ref|NR_179584.1|	97.500	440	11	0	1	440	327	766	0.0	754	1917888
b0b868df180597aebdd25b4ecf819e55	gi|219846720|ref|NR_026312.1|	97.500	440	11	0	1	440	327	766	0.0	754	180164
b0b868df180597aebdd25b4ecf819e55	gi|645320731|ref|NR_117867.1|	97.500	440	11	0	1	440	300	739	0.0	752	871664
b0b868df180597aebdd25b4ecf819e55	gi|1679775916|ref|NR_163638.1|	97.273	440	12	0	1	440	328	767	0.0	747	2025493
b0b868df180597aebdd25b4ecf819e55	gi|1679775915|ref|NR_163637.1|	97.273	440	12	0	1	440	328	767	0.0	747	2025493
b0b868df180597aebdd25b4ecf819e55	gi|1679775914|ref|NR_163636.1|	97.273	440	12	0	1	440	328	767	0.0	747	2025493
b0b868df180597aebdd25b4ecf819e55	gi|1679775913|ref|NR_163635.1|	97.273	440	12	0	1	440	328	767	0.0	747	2025493
b0b868df180597aebdd25b4ecf819e55	gi|1679775912|ref|NR_163634.1|	97.273	440	12	0	1	440	328	767	0.0	747	2025493
b0b868df180597aebdd25b4ecf819e55	gi|1193829152|ref|NR_147395.1|	97.273	440	12	0	1	440	348	787	0.0	747	1917868
b0b868df180597aebdd25b4ecf819e55	gi|2363081194|ref|NR_178840.1|	97.273	440	12	0	1	440	348	787	0.0	747	1796616
dc04497b4bf5e8eb7019ef0459e99b4c	gi|1269801543|ref|NR_074802.2|	99.332	449	3	0	1	449	341	789	0.0	813	367928
dc04497b4bf5e8eb7019ef0459e99b4c	gi|961555015|ref|NR_133982.1|	99.332	449	3	0	1	449	311	759	0.0	813	1680
dc04497b4bf5e8eb7019ef0459e99b4c	gi|645321680|ref|NR_118589.1|	99.332	449	3	0	1	449	335	783	0.0	813	1437612
dc04497b4bf5e8eb7019ef0459e99b4c	gi|636560686|ref|NR_116746.1|	99.332	449	3	0	1	449	309	757	0.0	813	1437612
dc04497b4bf5e8eb7019ef0459e99b4c	gi|310974993|ref|NR_036857.1|	99.109	449	4	0	1	449	248	696	0.0	808	78346
dc04497b4bf5e8eb7019ef0459e99b4c	gi|3248465902|ref|NR_201917.1|	98.218	449	6	2	1	449	338	784	0.0	784	3692808
dc04497b4bf5e8eb7019ef0459e99b4c	gi|310975253|ref|NR_037117.1|	97.773	449	8	2	1	449	331	777	0.0	773	28026
dc04497b4bf5e8eb7019ef0459e99b4c	gi|631251581|ref|NR_112779.1|	97.773	449	8	2	1	449	331	777	0.0	773	1150460
dc04497b4bf5e8eb7019ef0459e99b4c	gi|343201160|ref|NR_041875.1|	97.773	449	8	2	1	449	310	756	0.0	773	1686
dc04497b4bf5e8eb7019ef0459e99b4c	gi|586661365|ref|NR_036854.2|	97.550	449	11	0	1	449	326	774	0.0	769	78343
69cefd882016ac684bc46233fc19b3d5	gi|219878150|ref|NR_025289.1|	99.321	442	3	0	1	442	321	762	0.0	800	888727
69cefd882016ac684bc46233fc19b3d5	gi|645321917|ref|NR_118780.1|	97.968	443	8	1	1	442	326	768	0.0	767	56774
69cefd882016ac684bc46233fc19b3d5	gi|1116030279|ref|NR_144737.1|	95.260	443	19	2	1	442	347	788	0.0	701	1776384
69cefd882016ac684bc46233fc19b3d5	gi|265678606|ref|NR_028911.1|	93.891	442	27	0	1	442	335	776	0.0	667	109327
69cefd882016ac684bc46233fc19b3d5	gi|1116030291|ref|NR_144749.1|	93.679	443	25	3	1	442	347	787	0.0	660	1852367
69cefd882016ac684bc46233fc19b3d5	gi|939733310|ref|NR_133037.1|	92.325	443	32	2	1	442	348	789	7.54e-180	628	938278
69cefd882016ac684bc46233fc19b3d5	gi|2363082665|ref|NR_179580.1|	92.081	442	34	1	1	442	327	767	3.51e-178	623	1917867
69cefd882016ac684bc46233fc19b3d5	gi|219856893|ref|NR_024712.1|	92.063	441	34	1	2	442	347	786	4.54e-177	619	86333
69cefd882016ac684bc46233fc19b3d5	gi|2136551617|ref|NR_173621.1|	91.855	442	36	0	1	442	354	795	1.63e-176	617	2818044
69cefd882016ac684bc46233fc19b3d5	gi|224581422|ref|NR_027203.1|	91.855	442	34	2	2	442	346	786	5.87e-176	616	114528
d6f6b98d587b27366163249e22c20f6a	gi|343198832|ref|NR_043802.1|	99.355	465	3	0	1	465	278	742	0.0	843	376175
d6f6b98d587b27366163249e22c20f6a	gi|219846083|ref|NR_025673.1|	98.710	465	6	0	1	465	326	790	0.0	826	215580
d6f6b98d587b27366163249e22c20f6a	gi|566085078|ref|NR_108739.1|	97.634	465	11	0	1	465	289	753	0.0	798	708634
d6f6b98d587b27366163249e22c20f6a	gi|631252646|ref|NR_113844.1|	96.344	465	17	0	1	465	308	772	0.0	765	196015
d6f6b98d587b27366163249e22c20f6a	gi|343200100|ref|NR_040787.1|	96.344	465	17	0	1	465	308	772	0.0	765	196015
d6f6b98d587b27366163249e22c20f6a	gi|343198666|ref|NR_043226.1|	96.344	465	17	0	1	465	294	758	0.0	765	307483
d6f6b98d587b27366163249e22c20f6a	gi|2221405524|ref|NR_175563.1|	95.931	467	15	4	1	465	340	804	0.0	754	413882
d6f6b98d587b27366163249e22c20f6a	gi|2836274903|ref|NR_197666.1|	95.914	465	19	0	1	465	307	771	0.0	754	3237377
d6f6b98d587b27366163249e22c20f6a	gi|2363085081|ref|NR_180789.1|	95.914	465	19	0	1	465	310	774	0.0	754	2732868
d6f6b98d587b27366163249e22c20f6a	gi|636558953|ref|NR_115010.1|	95.914	465	19	0	1	465	327	791	0.0	754	391358
1455b8e52443845f2be278e03b04927e	gi|2363083800|ref|NR_180148.1|	99.323	443	3	0	1	443	349	791	0.0	802	2211183
1455b8e52443845f2be278e03b04927e	gi|2363082352|ref|NR_179423.1|	94.808	443	23	0	1	443	349	791	0.0	691	1689270
1455b8e52443845f2be278e03b04927e	gi|2363082358|ref|NR_179426.1|	93.679	443	28	0	1	443	349	791	0.0	664	1702285
1455b8e52443845f2be278e03b04927e	gi|1109168025|ref|NR_144611.1|	93.679	443	28	0	1	443	282	724	0.0	664	1417852
1455b8e52443845f2be278e03b04927e	gi|2363084741|ref|NR_180619.1|	93.454	443	29	0	1	443	347	789	0.0	658	2779352
1455b8e52443845f2be278e03b04927e	gi|645321636|ref|NR_118554.1|	93.454	443	29	0	1	443	329	771	0.0	658	1297617
1455b8e52443845f2be278e03b04927e	gi|2136551692|ref|NR_173697.1|	93.454	443	28	1	1	443	349	790	0.0	656	2108523
1455b8e52443845f2be278e03b04927e	gi|219846080|ref|NR_025670.1|	93.228	443	30	0	1	443	329	771	0.0	652	411467
1455b8e52443845f2be278e03b04927e	gi|219846612|ref|NR_026204.1|	92.809	445	28	4	1	443	328	770	0.0	643	47246
1455b8e52443845f2be278e03b04927e	gi|3030611324|ref|NR_200000.1|	92.777	443	32	0	1	443	301	743	0.0	641	3342383
521207cc41430a08774fd3f9d98c26ab	gi|310974936|ref|NR_036800.1|	95.023	442	18	3	1	440	326	765	0.0	691	411470
521207cc41430a08774fd3f9d98c26ab	gi|645321810|ref|NR_118690.1|	95.023	442	18	3	1	440	338	777	0.0	691	411470
521207cc41430a08774fd3f9d98c26ab	gi|2363085103|ref|NR_180800.1|	93.409	440	29	0	1	440	347	786	0.0	652	2652274
521207cc41430a08774fd3f9d98c26ab	gi|1116030273|ref|NR_144731.1|	93.409	440	29	0	1	440	347	786	0.0	652	1720294
521207cc41430a08774fd3f9d98c26ab	gi|2363085474|ref|NR_180986.1|	93.213	442	26	3	1	440	347	786	0.0	647	2681861
521207cc41430a08774fd3f9d98c26ab	gi|645321749|ref|NR_118643.1|	93.182	440	30	0	1	440	254	693	0.0	647	1432052
521207cc41430a08774fd3f9d98c26ab	gi|974142252|ref|NR_134772.1|	92.955	440	31	0	1	440	297	736	0.0	641	1337051
521207cc41430a08774fd3f9d98c26ab	gi|3030611230|ref|NR_199906.1|	92.744	441	30	2	1	440	354	793	0.0	636	3123317
521207cc41430a08774fd3f9d98c26ab	gi|3030611314|ref|NR_199990.1|	92.744	441	30	2	1	440	350	789	0.0	636	3123317
521207cc41430a08774fd3f9d98c26ab	gi|1384992331|ref|NR_156080.1|	92.744	441	30	2	1	440	336	775	0.0	636	1469948
1ce1b37a22567ce644853f3e5c89c962	gi|2363082601|ref|NR_179547.1|	99.318	440	3	0	1	440	347	786	0.0	797	1870991
1ce1b37a22567ce644853f3e5c89c962	gi|265679047|ref|NR_029355.1|	96.364	440	16	0	1	440	332	771	0.0	725	84026
1ce1b37a22567ce644853f3e5c89c962	gi|2363082755|ref|NR_179626.1|	94.091	440	25	1	1	440	351	789	0.0	667	1987501
1ce1b37a22567ce644853f3e5c89c962	gi|3248465644|ref|NR_201656.1|	93.409	440	29	0	1	440	329	768	0.0	652	3417633
1ce1b37a22567ce644853f3e5c89c962	gi|2363082585|ref|NR_179539.1|	93.409	440	28	1	1	440	351	789	0.0	651	1852384
1ce1b37a22567ce644853f3e5c89c962	gi|2363082625|ref|NR_179559.1|	93.197	441	29	1	1	440	333	773	0.0	647	1871018
1ce1b37a22567ce644853f3e5c89c962	gi|343205927|ref|NR_044425.1|	93.182	440	30	0	1	440	346	785	0.0	647	474960
1ce1b37a22567ce644853f3e5c89c962	gi|1277396348|ref|NR_152059.1|	93.002	443	27	3	1	440	272	713	0.0	643	1849041
1ce1b37a22567ce644853f3e5c89c962	gi|2363082561|ref|NR_179527.1|	93.002	443	27	3	1	440	336	777	0.0	643	1841868
1ce1b37a22567ce644853f3e5c89c962	gi|1445136071|ref|NR_158111.1|	92.955	440	30	1	1	440	349	787	0.0	640	2038680
abbed7393b0c0693bb0768e19fcb466f	gi|2962412223|ref|NR_199417.1|	91.364	440	38	0	1	440	342	781	4.55e-172	603	3136601
abbed7393b0c0693bb0768e19fcb466f	gi|219846557|ref|NR_026149.1|	91.461	445	28	9	1	440	325	764	4.55e-172	603	36850
abbed7393b0c0693bb0768e19fcb466f	gi|2363084747|ref|NR_180622.1|	90.909	440	40	0	1	440	335	774	9.85e-169	592	2779354
abbed7393b0c0693bb0768e19fcb466f	gi|2363082356|ref|NR_179425.1|	90.682	440	41	0	1	440	351	790	4.58e-167	586	1689304
abbed7393b0c0693bb0768e19fcb466f	gi|2363082667|ref|NR_179581.1|	90.682	440	40	1	1	440	331	769	1.65e-166	584	1917873
abbed7393b0c0693bb0768e19fcb466f	gi|3030611269|ref|NR_199945.1|	90.498	442	38	4	1	440	335	774	2.13e-165	580	3435293
abbed7393b0c0693bb0768e19fcb466f	gi|1397641802|ref|NR_156911.1|	90.541	444	34	7	1	440	351	790	2.13e-165	580	1650663
abbed7393b0c0693bb0768e19fcb466f	gi|2363085165|ref|NR_180831.1|	90.476	441	40	2	1	440	332	771	2.13e-165	580	2652291
abbed7393b0c0693bb0768e19fcb466f	gi|2363082282|ref|NR_179388.1|	90.519	443	36	6	1	440	335	774	2.13e-165	580	2935520
abbed7393b0c0693bb0768e19fcb466f	gi|2363081451|ref|NR_178972.1|	90.519	443	36	6	1	440	285	724	2.13e-165	580	1851428
086cc4637e05946ec531cb680b2172f2	gi|672238876|ref|NR_125464.1|	84.944	445	58	8	1	439	325	766	1.05e-123	442	1297424
086cc4637e05946ec531cb680b2172f2	gi|1811131498|ref|NR_165680.1|	84.719	445	57	9	1	439	284	723	1.75e-121	435	1766203
086cc4637e05946ec531cb680b2172f2	gi|507148180|ref|NR_102987.1|	84.580	441	65	3	1	439	464	903	1.75e-121	435	720554
086cc4637e05946ec531cb680b2172f2	gi|343200548|ref|NR_041235.1|	84.580	441	65	3	1	439	444	883	1.75e-121	435	720554
086cc4637e05946ec531cb680b2172f2	gi|2363086264|ref|NR_181384.1|	84.354	441	66	2	1	439	250	689	8.15e-120	429	2763660
086cc4637e05946ec531cb680b2172f2	gi|343200549|ref|NR_041236.1|	84.199	443	64	5	1	439	321	761	1.05e-118	425	1122184
086cc4637e05946ec531cb680b2172f2	gi|1193829151|ref|NR_147394.1|	84.234	444	60	10	1	439	351	789	3.79e-118	424	1870994
086cc4637e05946ec531cb680b2172f2	gi|2363084132|ref|NR_180315.1|	84.081	446	61	10	1	439	323	765	1.36e-117	422	2496273
086cc4637e05946ec531cb680b2172f2	gi|2136551523|ref|NR_173526.1|	84.045	445	59	9	1	439	318	756	1.76e-116	418	2053367
086cc4637e05946ec531cb680b2172f2	gi|1491516029|ref|NR_159227.1|	83.937	442	66	5	1	439	351	790	1.76e-116	418	1981510
72a9a30ff586fe980495d9cffa7db556	gi|631251840|ref|NR_113038.1|	99.107	448	3	1	1	447	332	779	0.0	804	1383
72a9a30ff586fe980495d9cffa7db556	gi|310974955|ref|NR_036819.1|	99.107	448	3	1	1	447	312	759	0.0	804	1383
72a9a30ff586fe980495d9cffa7db556	gi|507148129|ref|NR_102936.1|	97.991	448	8	1	1	447	331	778	0.0	776	521095
72a9a30ff586fe980495d9cffa7db556	gi|631251961|ref|NR_113159.1|	97.991	448	8	1	1	447	331	778	0.0	776	521095
72a9a30ff586fe980495d9cffa7db556	gi|219846501|ref|NR_026093.1|	97.991	448	8	1	1	447	238	685	0.0	776	1382
72a9a30ff586fe980495d9cffa7db556	gi|2363087345|ref|NR_181929.1|	95.333	450	18	3	1	447	315	764	0.0	712	2930083
72a9a30ff586fe980495d9cffa7db556	gi|2363084663|ref|NR_180580.1|	94.889	450	20	3	1	447	248	697	0.0	701	2584469
72a9a30ff586fe980495d9cffa7db556	gi|2363082519|ref|NR_179506.1|	94.889	450	20	3	1	447	331	780	0.0	701	1805478
72a9a30ff586fe980495d9cffa7db556	gi|645320597|ref|NR_117765.1|	94.678	451	20	4	1	447	317	767	0.0	697	1381
72a9a30ff586fe980495d9cffa7db556	gi|645319533|ref|NR_116940.1|	94.678	451	20	4	1	447	313	763	0.0	697	1381
bb7b7723a6242b933719128b62921bc1	gi|2363082679|ref|NR_179587.1|	92.534	442	31	1	1	442	328	767	0.0	632	1926283
bb7b7723a6242b933719128b62921bc1	gi|2363081854|ref|NR_179173.1|	92.534	442	31	1	1	442	333	772	0.0	632	2126740
bb7b7723a6242b933719128b62921bc1	gi|2363082168|ref|NR_179330.1|	92.308	442	34	0	1	442	327	768	7.54e-180	628	2714355
bb7b7723a6242b933719128b62921bc1	gi|959494895|ref|NR_133762.1|	91.855	442	34	1	1	442	301	740	5.87e-176	616	1096246
bb7b7723a6242b933719128b62921bc1	gi|2363082165|ref|NR_179329.1|	91.629	442	37	0	1	442	327	768	7.59e-175	612	2714353
bb7b7723a6242b933719128b62921bc1	gi|310975064|ref|NR_036928.1|	91.403	442	36	1	1	442	333	772	1.27e-172	604	154046
bb7b7723a6242b933719128b62921bc1	gi|1109168025|ref|NR_144611.1|	91.236	445	34	3	1	442	282	724	1.64e-171	601	1417852
bb7b7723a6242b933719128b62921bc1	gi|1441204227|ref|NR_157642.1|	91.176	442	37	2	1	442	301	740	5.91e-171	599	1653435
bb7b7723a6242b933719128b62921bc1	gi|2136551692|ref|NR_173697.1|	90.950	442	40	0	1	442	349	790	7.65e-170	595	2108523
bb7b7723a6242b933719128b62921bc1	gi|2363084741|ref|NR_180619.1|	90.971	443	39	1	1	442	347	789	7.65e-170	595	2779352
986d7c9f46cf8ad95ff03fdf67601f54	gi|2363080549|ref|NR_178515.1|	89.574	470	40	9	1	466	320	784	1.35e-167	588	1156431
986d7c9f46cf8ad95ff03fdf67601f54	gi|566085341|ref|NR_109371.1|	89.552	469	42	7	1	466	348	812	1.35e-167	588	1071886
986d7c9f46cf8ad95ff03fdf67601f54	gi|631252062|ref|NR_113260.1|	89.552	469	42	7	1	466	320	784	1.35e-167	588	1305
986d7c9f46cf8ad95ff03fdf67601f54	gi|265678529|ref|NR_028833.1|	89.574	470	40	9	1	466	347	811	1.35e-167	588	176090
986d7c9f46cf8ad95ff03fdf67601f54	gi|219857213|ref|NR_024841.1|	89.552	469	42	7	1	466	334	798	1.35e-167	588	888807
986d7c9f46cf8ad95ff03fdf67601f54	gi|636559676|ref|NR_115736.1|	89.339	469	43	7	1	466	267	731	1.75e-166	584	888807
986d7c9f46cf8ad95ff03fdf67601f54	gi|645320150|ref|NR_117425.1|	89.384	471	39	11	1	466	323	787	6.29e-166	582	684066
986d7c9f46cf8ad95ff03fdf67601f54	gi|631250799|ref|NR_111994.1|	89.339	469	43	7	1	466	266	730	6.29e-166	582	888807
986d7c9f46cf8ad95ff03fdf67601f54	gi|1811131555|ref|NR_165737.1|	89.149	470	42	9	1	466	320	784	2.93e-164	577	2382163
986d7c9f46cf8ad95ff03fdf67601f54	gi|3248465651|ref|NR_201663.1|	89.149	470	42	9	1	466	347	811	2.93e-164	577	3434972
719497098eaaca249a7e6bfd66ef9c94	gi|2363082765|ref|NR_179631.1|	94.545	440	24	0	1	440	348	787	0.0	680	2014528
719497098eaaca249a7e6bfd66ef9c94	gi|219857617|ref|NR_025206.1|	93.197	441	28	2	1	440	314	753	0.0	647	180286
719497098eaaca249a7e6bfd66ef9c94	gi|631253194|ref|NR_114392.1|	92.517	441	31	2	1	440	350	789	2.09e-180	630	1544
719497098eaaca249a7e6bfd66ef9c94	gi|645319761|ref|NR_117130.1|	92.500	440	33	0	1	440	347	786	2.09e-180	630	1544
719497098eaaca249a7e6bfd66ef9c94	gi|645319760|ref|NR_117129.1|	92.500	440	33	0	1	440	347	786	2.09e-180	630	1544
719497098eaaca249a7e6bfd66ef9c94	gi|645319759|ref|NR_117128.1|	92.517	441	31	2	1	440	347	786	2.09e-180	630	1544
719497098eaaca249a7e6bfd66ef9c94	gi|645319756|ref|NR_117127.1|	92.517	441	31	2	1	440	347	786	2.09e-180	630	1544
719497098eaaca249a7e6bfd66ef9c94	gi|645319755|ref|NR_117126.1|	92.517	441	31	2	1	440	347	786	2.09e-180	630	1544
719497098eaaca249a7e6bfd66ef9c94	gi|219857618|ref|NR_025207.1|	92.290	441	32	2	1	440	321	760	2.70e-179	627	180311
719497098eaaca249a7e6bfd66ef9c94	gi|2260349417|ref|NR_176499.1|	92.290	441	32	2	1	440	350	789	9.71e-179	625	1812858
f24ea1e274a54616168bc895c607dbca	gi|2136551692|ref|NR_173697.1|	99.321	442	3	0	1	442	349	790	0.0	800	2108523
f24ea1e274a54616168bc895c607dbca	gi|2363082358|ref|NR_179426.1|	98.420	443	6	1	1	442	349	791	0.0	778	1702285
f24ea1e274a54616168bc895c607dbca	gi|1193829127|ref|NR_147370.1|	97.065	443	12	1	1	442	349	791	0.0	745	1870988
f24ea1e274a54616168bc895c607dbca	gi|2363082326|ref|NR_179410.1|	97.065	443	12	1	1	442	349	791	0.0	745	1650661
f24ea1e274a54616168bc895c607dbca	gi|2363084741|ref|NR_180619.1|	96.388	443	15	1	1	442	347	789	0.0	728	2779352
f24ea1e274a54616168bc895c607dbca	gi|3030611323|ref|NR_199999.1|	96.163	443	16	1	1	442	301	743	0.0	723	3133422
f24ea1e274a54616168bc895c607dbca	gi|2363082342|ref|NR_179418.1|	96.163	443	16	1	1	442	348	790	0.0	723	1673721
f24ea1e274a54616168bc895c607dbca	gi|2363082352|ref|NR_179423.1|	96.163	443	16	1	1	442	349	791	0.0	723	1689270
f24ea1e274a54616168bc895c607dbca	gi|343198636|ref|NR_043142.1|	96.163	443	16	1	1	442	323	765	0.0	723	292800
f24ea1e274a54616168bc895c607dbca	gi|265679048|ref|NR_029356.1|	96.163	443	16	1	1	442	336	778	0.0	723	292800
5d247146895d049dada3fe1f19e0d5fd	gi|1109168025|ref|NR_144611.1|	97.291	443	12	0	1	443	282	724	0.0	752	1417852
5d247146895d049dada3fe1f19e0d5fd	gi|3030611324|ref|NR_200000.1|	95.711	443	19	0	1	443	301	743	0.0	713	3342383
5d247146895d049dada3fe1f19e0d5fd	gi|2136551692|ref|NR_173697.1|	95.730	445	14	5	1	443	349	790	0.0	712	2108523
5d247146895d049dada3fe1f19e0d5fd	gi|2363082358|ref|NR_179426.1|	95.056	445	18	4	1	443	349	791	0.0	697	1702285
5d247146895d049dada3fe1f19e0d5fd	gi|645321636|ref|NR_118554.1|	94.808	443	23	0	1	443	329	771	0.0	691	1297617
5d247146895d049dada3fe1f19e0d5fd	gi|343198636|ref|NR_043142.1|	94.831	445	19	4	1	443	323	765	0.0	691	292800
5d247146895d049dada3fe1f19e0d5fd	gi|265679048|ref|NR_029356.1|	94.831	445	19	4	1	443	336	778	0.0	691	292800
5d247146895d049dada3fe1f19e0d5fd	gi|2363082326|ref|NR_179410.1|	94.607	445	20	4	1	443	349	791	0.0	686	1650661
5d247146895d049dada3fe1f19e0d5fd	gi|2363082342|ref|NR_179418.1|	94.157	445	22	4	1	443	348	790	0.0	675	1673721
5d247146895d049dada3fe1f19e0d5fd	gi|1193829127|ref|NR_147370.1|	94.157	445	22	4	1	443	349	791	0.0	675	1870988
9056bf29c5dd850ad7aeb16ec1172c3f	gi|2363082679|ref|NR_179587.1|	92.777	443	26	6	1	440	328	767	0.0	636	1926283
9056bf29c5dd850ad7aeb16ec1172c3f	gi|2363081854|ref|NR_179173.1|	92.777	443	26	6	1	440	333	772	0.0	636	2126740
9056bf29c5dd850ad7aeb16ec1172c3f	gi|265678656|ref|NR_028961.1|	92.045	440	35	0	1	440	327	766	4.52e-177	619	853
9056bf29c5dd850ad7aeb16ec1172c3f	gi|2363081451|ref|NR_178972.1|	91.818	440	36	0	1	440	285	724	2.10e-175	614	1851428
9056bf29c5dd850ad7aeb16ec1172c3f	gi|2363082282|ref|NR_179388.1|	91.364	440	38	0	1	440	335	774	4.55e-172	603	2935520
9056bf29c5dd850ad7aeb16ec1172c3f	gi|2363080123|ref|NR_178280.1|	91.364	440	38	0	1	440	331	770	4.55e-172	603	411483
9056bf29c5dd850ad7aeb16ec1172c3f	gi|3030611269|ref|NR_199945.1|	91.136	440	39	0	1	440	335	774	2.12e-170	597	3435293
9056bf29c5dd850ad7aeb16ec1172c3f	gi|2962412221|ref|NR_199415.1|	90.991	444	32	8	1	440	338	777	9.85e-169	592	3136600
9056bf29c5dd850ad7aeb16ec1172c3f	gi|2363081449|ref|NR_178971.1|	90.909	440	39	1	1	440	285	723	3.54e-168	590	1851427
9056bf29c5dd850ad7aeb16ec1172c3f	gi|219846720|ref|NR_026312.1|	90.724	442	37	4	1	440	327	766	1.27e-167	588	180164
cf81df4e7c7def1982068cbb79f3c452	gi|265678523|ref|NR_028827.1|	99.097	443	4	0	1	443	328	770	0.0	797	626523
cf81df4e7c7def1982068cbb79f3c452	gi|645320588|ref|NR_117758.1|	93.919	444	24	3	1	443	322	763	0.0	667	166486
cf81df4e7c7def1982068cbb79f3c452	gi|343201281|ref|NR_042007.1|	93.919	444	24	3	1	443	343	784	0.0	667	622312
cf81df4e7c7def1982068cbb79f3c452	gi|228716944|ref|NR_027557.1|	93.919	444	24	3	1	443	343	784	0.0	667	536231
cf81df4e7c7def1982068cbb79f3c452	gi|1227086116|ref|NR_148619.1|	93.694	444	25	2	1	443	301	742	0.0	662	1712665
cf81df4e7c7def1982068cbb79f3c452	gi|444439494|ref|NR_074809.1|	93.468	444	25	4	1	443	350	790	0.0	656	585394
cf81df4e7c7def1982068cbb79f3c452	gi|2363086302|ref|NR_181403.1|	93.468	444	26	3	1	443	246	687	0.0	656	2763061
cf81df4e7c7def1982068cbb79f3c452	gi|2363085153|ref|NR_180825.1|	93.243	444	26	4	1	443	347	787	0.0	651	2605790
cf81df4e7c7def1982068cbb79f3c452	gi|444304209|ref|NR_074634.1|	93.243	444	25	3	1	443	350	789	0.0	649	515619
cf81df4e7c7def1982068cbb79f3c452	gi|343201282|ref|NR_042008.1|	93.243	444	25	5	1	443	341	780	0.0	649	585394
dcb9d336bd169ed41e6702394bf7e11e	gi|2363082322|ref|NR_179408.1|	99.318	440	3	0	1	440	252	691	0.0	797	1585697
dcb9d336bd169ed41e6702394bf7e11e	gi|2363081068|ref|NR_178777.1|	99.318	440	3	0	1	440	224	663	0.0	797	1585697
dcb9d336bd169ed41e6702394bf7e11e	gi|2363081190|ref|NR_178838.1|	99.318	440	3	0	1	440	205	644	0.0	797	1183412
dcb9d336bd169ed41e6702394bf7e11e	gi|2180566482|ref|NR_174322.1|	99.318	440	3	0	1	440	307	746	0.0	797	358
dcb9d336bd169ed41e6702394bf7e11e	gi|343200709|ref|NR_041396.1|	99.318	440	3	0	1	440	274	713	0.0	797	362
dcb9d336bd169ed41e6702394bf7e11e	gi|645319853|ref|NR_117203.1|	99.318	440	3	0	1	440	266	705	0.0	797	1368418
dcb9d336bd169ed41e6702394bf7e11e	gi|636560246|ref|NR_116306.1|	99.318	440	3	0	1	440	298	737	0.0	797	362
dcb9d336bd169ed41e6702394bf7e11e	gi|636559456|ref|NR_115516.1|	99.318	440	3	0	1	440	297	736	0.0	797	358
dcb9d336bd169ed41e6702394bf7e11e	gi|2363085669|ref|NR_181087.1|	98.864	440	5	0	1	440	323	762	0.0	785	2792015
dcb9d336bd169ed41e6702394bf7e11e	gi|631252410|ref|NR_113608.1|	98.864	440	5	0	1	440	280	719	0.0	785	28099
b1991fc388d47167cd1fea620d8585b2	gi|631251954|ref|NR_113152.1|	92.842	461	31	2	1	460	337	796	0.0	667	28117
b1991fc388d47167cd1fea620d8585b2	gi|645321193|ref|NR_118219.1|	91.558	462	35	4	1	460	332	791	0.0	634	1033732
b1991fc388d47167cd1fea620d8585b2	gi|2363086959|ref|NR_181736.1|	91.126	462	37	4	1	460	334	793	3.66e-178	623	2834113
b1991fc388d47167cd1fea620d8585b2	gi|672239000|ref|NR_125589.1|	91.126	462	37	4	1	460	269	728	3.66e-178	623	1033731
b1991fc388d47167cd1fea620d8585b2	gi|219846319|ref|NR_025909.1|	90.239	461	43	2	1	460	344	803	1.32e-177	621	28117
b1991fc388d47167cd1fea620d8585b2	gi|2363082505|ref|NR_179499.1|	90.909	462	38	4	1	460	342	801	1.70e-176	617	2364787
b1991fc388d47167cd1fea620d8585b2	gi|2363082099|ref|NR_179296.1|	90.476	462	40	4	1	460	324	783	3.68e-173	606	2585119
b1991fc388d47167cd1fea620d8585b2	gi|507148137|ref|NR_102944.1|	90.476	462	40	4	1	460	334	793	3.68e-173	606	214856
b1991fc388d47167cd1fea620d8585b2	gi|631251953|ref|NR_113151.1|	90.497	463	38	6	1	460	338	797	3.68e-173	606	328813
b1991fc388d47167cd1fea620d8585b2	gi|631251952|ref|NR_113150.1|	90.476	462	40	4	1	460	334	793	3.68e-173	606	214856
024da9169284b663a9d866761e4b6eb5	gi|343201773|ref|NR_042499.1|	92.424	462	31	3	1	460	294	753	0.0	656	657309
024da9169284b663a9d866761e4b6eb5	gi|631251749|ref|NR_112947.1|	92.208	462	32	3	1	460	326	785	0.0	652	657309
024da9169284b663a9d866761e4b6eb5	gi|343200626|ref|NR_041313.1|	92.208	462	32	4	1	460	340	799	0.0	651	338188
024da9169284b663a9d866761e4b6eb5	gi|2363084431|ref|NR_180463.1|	91.991	462	33	3	1	460	340	799	0.0	645	2650158
024da9169284b663a9d866761e4b6eb5	gi|631251733|ref|NR_112931.1|	91.974	461	35	2	1	460	340	799	0.0	645	85831
024da9169284b663a9d866761e4b6eb5	gi|265678305|ref|NR_028607.1|	91.957	460	35	2	2	460	333	791	0.0	643	85831
024da9169284b663a9d866761e4b6eb5	gi|645322410|ref|NR_119165.1|	91.126	462	37	3	1	460	319	778	2.19e-180	630	28116
024da9169284b663a9d866761e4b6eb5	gi|1491509587|ref|NR_159118.1|	91.323	461	38	2	1	460	310	769	7.86e-180	628	28116
024da9169284b663a9d866761e4b6eb5	gi|1491509586|ref|NR_159117.1|	91.323	461	38	2	1	460	301	760	7.86e-180	628	28116
024da9169284b663a9d866761e4b6eb5	gi|1109168015|ref|NR_144606.1|	91.304	460	40	0	1	460	340	799	7.86e-180	628	1796613
6cc3b4c9da31b7596abc53e4affc1fa0	gi|2363080123|ref|NR_178280.1|	97.727	440	10	0	1	440	331	770	0.0	758	411483
6cc3b4c9da31b7596abc53e4affc1fa0	gi|2363081449|ref|NR_178971.1|	97.273	440	11	1	1	440	285	723	0.0	745	1851427
6cc3b4c9da31b7596abc53e4affc1fa0	gi|265678656|ref|NR_028961.1|	97.045	440	13	0	1	440	327	766	0.0	741	853
6cc3b4c9da31b7596abc53e4affc1fa0	gi|2363081451|ref|NR_178972.1|	96.818	440	14	0	1	440	285	724	0.0	736	1851428
6cc3b4c9da31b7596abc53e4affc1fa0	gi|3030611269|ref|NR_199945.1|	96.591	440	15	0	1	440	335	774	0.0	730	3435293
6cc3b4c9da31b7596abc53e4affc1fa0	gi|2363082282|ref|NR_179388.1|	96.599	441	13	2	1	440	335	774	0.0	730	2935520
6cc3b4c9da31b7596abc53e4affc1fa0	gi|2363080175|ref|NR_178311.1|	95.682	440	19	0	1	440	412	851	0.0	708	2903556
6cc3b4c9da31b7596abc53e4affc1fa0	gi|1277396189|ref|NR_151900.1|	94.773	440	23	0	1	440	351	790	0.0	686	1550024
6cc3b4c9da31b7596abc53e4affc1fa0	gi|1397641802|ref|NR_156911.1|	93.651	441	26	2	1	440	351	790	0.0	658	1650663
6cc3b4c9da31b7596abc53e4affc1fa0	gi|2363084747|ref|NR_180622.1|	93.424	441	27	2	1	440	335	774	0.0	652	2779354
e9f5e700d2258204b86f806ecf44910b	gi|1441204227|ref|NR_157642.1|	93.424	441	27	2	1	440	301	740	0.0	652	1653435
e9f5e700d2258204b86f806ecf44910b	gi|1193829163|ref|NR_147406.1|	93.197	441	28	2	1	440	350	789	0.0	647	1871024
e9f5e700d2258204b86f806ecf44910b	gi|2363082679|ref|NR_179587.1|	93.002	443	25	6	1	440	328	767	0.0	641	1926283
e9f5e700d2258204b86f806ecf44910b	gi|2621112294|ref|NR_189197.1|	92.986	442	27	4	1	440	340	779	0.0	641	3028070
e9f5e700d2258204b86f806ecf44910b	gi|2363081854|ref|NR_179173.1|	93.002	443	25	6	1	440	333	772	0.0	641	2126740
e9f5e700d2258204b86f806ecf44910b	gi|3030611230|ref|NR_199906.1|	92.777	443	26	6	1	440	354	793	0.0	636	3123317
e9f5e700d2258204b86f806ecf44910b	gi|3030611314|ref|NR_199990.1|	92.777	443	26	6	1	440	350	789	0.0	636	3123317
e9f5e700d2258204b86f806ecf44910b	gi|1397641798|ref|NR_156907.1|	92.760	442	28	4	1	440	348	787	0.0	636	1912855
e9f5e700d2258204b86f806ecf44910b	gi|1384992331|ref|NR_156080.1|	92.777	443	26	6	1	440	336	775	0.0	636	1469948
e9f5e700d2258204b86f806ecf44910b	gi|1384992328|ref|NR_156077.1|	92.777	443	26	6	1	440	336	775	0.0	636	1469948
a30a6276c349ee5f13aa37eae49177a5	gi|343200903|ref|NR_041590.1|	99.088	329	2	1	115	442	280	608	3.53e-168	590	742816
a30a6276c349ee5f13aa37eae49177a5	gi|343199066|ref|NR_044473.1|	98.452	323	2	3	122	442	442	763	5.95e-161	566	491921
a30a6276c349ee5f13aa37eae49177a5	gi|1277396381|ref|NR_152095.1|	89.342	441	44	3	1	439	348	787	1.67e-156	551	1679721
a30a6276c349ee5f13aa37eae49177a5	gi|2363087259|ref|NR_181885.1|	89.140	442	43	5	1	439	335	774	2.16e-155	547	2885351
a30a6276c349ee5f13aa37eae49177a5	gi|2363082679|ref|NR_179587.1|	88.889	441	46	3	1	439	328	767	3.61e-153	540	1926283
a30a6276c349ee5f13aa37eae49177a5	gi|2363081854|ref|NR_179173.1|	88.889	441	46	3	1	439	333	772	3.61e-153	540	2126740
a30a6276c349ee5f13aa37eae49177a5	gi|1024974678|ref|NR_136763.1|	88.462	442	46	5	1	439	358	797	6.04e-151	532	1564487
a30a6276c349ee5f13aa37eae49177a5	gi|219878375|ref|NR_025514.1|	95.745	329	13	1	115	442	475	803	7.81e-150	529	158847
a30a6276c349ee5f13aa37eae49177a5	gi|2363080309|ref|NR_178380.1|	88.262	443	45	7	1	439	350	789	3.63e-148	523	253257
a30a6276c349ee5f13aa37eae49177a5	gi|228719063|ref|NR_027579.1|	88.009	442	48	5	1	439	316	755	3.63e-148	523	471875
