4f1175f3dca1edc8bf2168ce618096c6	gi|2363082679|ref|NR_179587.1|	96.818	440	14	0	1	440	328	767	0.0	736	1926283
4f1175f3dca1edc8bf2168ce618096c6	gi|1384992332|ref|NR_156081.1|	96.818	440	14	0	1	440	336	775	0.0	736	1469948
4f1175f3dca1edc8bf2168ce618096c6	gi|1384992329|ref|NR_156078.1|	96.818	440	14	0	1	440	336	775	0.0	736	1469948
4f1175f3dca1edc8bf2168ce618096c6	gi|2363081854|ref|NR_179173.1|	96.818	440	14	0	1	440	333	772	0.0	736	2126740
4f1175f3dca1edc8bf2168ce618096c6	gi|3030611230|ref|NR_199906.1|	96.591	440	15	0	1	440	354	793	0.0	730	3123317
4f1175f3dca1edc8bf2168ce618096c6	gi|3030611314|ref|NR_199990.1|	96.591	440	15	0	1	440	350	789	0.0	730	3123317
4f1175f3dca1edc8bf2168ce618096c6	gi|1384992331|ref|NR_156080.1|	96.591	440	15	0	1	440	336	775	0.0	730	1469948
4f1175f3dca1edc8bf2168ce618096c6	gi|1384992328|ref|NR_156077.1|	96.591	440	15	0	1	440	336	775	0.0	730	1469948
4f1175f3dca1edc8bf2168ce618096c6	gi|631253128|ref|NR_114326.1|	96.364	440	16	0	1	440	334	773	0.0	725	1150298
4f1175f3dca1edc8bf2168ce618096c6	gi|2363087259|ref|NR_181885.1|	95.909	440	18	0	1	440	335	774	0.0	715	2885351
954977cf756bb20ca962cbba95032d7a	gi|2363080123|ref|NR_178280.1|	99.318	440	3	0	1	440	331	770	0.0	797	411483
954977cf756bb20ca962cbba95032d7a	gi|2363081449|ref|NR_178971.1|	99.536	431	2	0	1	431	285	715	0.0	785	1851427
954977cf756bb20ca962cbba95032d7a	gi|265678656|ref|NR_028961.1|	98.636	440	6	0	1	440	327	766	0.0	780	853
954977cf756bb20ca962cbba95032d7a	gi|2363081451|ref|NR_178972.1|	98.409	440	7	0	1	440	285	724	0.0	774	1851428
954977cf756bb20ca962cbba95032d7a	gi|3030611269|ref|NR_199945.1|	98.182	440	8	0	1	440	335	774	0.0	769	3435293
954977cf756bb20ca962cbba95032d7a	gi|2363082282|ref|NR_179388.1|	97.732	441	8	2	1	440	335	774	0.0	758	2935520
954977cf756bb20ca962cbba95032d7a	gi|2363080175|ref|NR_178311.1|	97.045	440	13	0	1	440	412	851	0.0	741	2903556
954977cf756bb20ca962cbba95032d7a	gi|2363084747|ref|NR_180622.1|	92.971	441	29	2	1	440	335	774	0.0	641	2779354
954977cf756bb20ca962cbba95032d7a	gi|559795255|ref|NR_104846.1|	92.727	440	32	0	1	440	288	727	0.0	636	745368
954977cf756bb20ca962cbba95032d7a	gi|1277396189|ref|NR_151900.1|	92.273	440	34	0	1	440	351	790	9.64e-179	625	1550024
50e539082e8f2a6d5183ea9f7afdd435	gi|444304091|ref|NR_074515.1|	99.348	460	3	0	1	460	350	809	0.0	833	435590
50e539082e8f2a6d5183ea9f7afdd435	gi|631251748|ref|NR_112946.1|	99.348	460	3	0	1	460	339	798	0.0	833	821
50e539082e8f2a6d5183ea9f7afdd435	gi|631250946|ref|NR_112143.1|	99.130	460	4	0	1	460	307	766	0.0	828	821
50e539082e8f2a6d5183ea9f7afdd435	gi|343200664|ref|NR_041351.1|	98.478	460	7	0	1	460	341	800	0.0	811	357276
50e539082e8f2a6d5183ea9f7afdd435	gi|631251997|ref|NR_113195.1|	93.696	460	29	0	1	460	338	797	0.0	689	1236515
50e539082e8f2a6d5183ea9f7afdd435	gi|631251866|ref|NR_113064.1|	93.478	460	30	0	1	460	338	797	0.0	684	1236538
50e539082e8f2a6d5183ea9f7afdd435	gi|631251817|ref|NR_113015.1|	93.478	460	30	0	1	460	338	797	0.0	684	1236538
50e539082e8f2a6d5183ea9f7afdd435	gi|645320081|ref|NR_117373.1|	93.478	460	30	0	1	460	289	748	0.0	684	1236515
50e539082e8f2a6d5183ea9f7afdd435	gi|2363085522|ref|NR_181010.1|	93.043	460	32	0	1	460	297	756	0.0	673	2786956
50e539082e8f2a6d5183ea9f7afdd435	gi|2363082547|ref|NR_179520.1|	93.043	460	32	0	1	460	314	773	0.0	673	1841855
c8be169269bc2f3ab3e4b65878bd4d7f	gi|2363082569|ref|NR_179531.1|	94.595	444	20	4	1	442	347	788	0.0	684	1852369
c8be169269bc2f3ab3e4b65878bd4d7f	gi|2363082168|ref|NR_179330.1|	94.344	442	25	0	1	442	327	768	0.0	678	2714355
c8be169269bc2f3ab3e4b65878bd4d7f	gi|2363082165|ref|NR_179329.1|	94.118	442	26	0	1	442	327	768	0.0	673	2714353
c8be169269bc2f3ab3e4b65878bd4d7f	gi|2363082342|ref|NR_179418.1|	93.679	443	27	1	1	442	348	790	0.0	662	1673721
c8be169269bc2f3ab3e4b65878bd4d7f	gi|645321110|ref|NR_118156.1|	92.360	445	28	5	1	442	304	745	7.49e-180	628	1007096
c8be169269bc2f3ab3e4b65878bd4d7f	gi|1269801610|ref|NR_074793.2|	92.099	443	33	2	1	442	355	796	3.48e-178	623	351091
c8be169269bc2f3ab3e4b65878bd4d7f	gi|343200653|ref|NR_041340.1|	92.099	443	33	2	1	442	328	769	3.48e-178	623	351091
c8be169269bc2f3ab3e4b65878bd4d7f	gi|2260349448|ref|NR_176530.1|	91.685	445	31	5	1	442	358	799	7.54e-175	612	2093857
c8be169269bc2f3ab3e4b65878bd4d7f	gi|2363084741|ref|NR_180619.1|	91.648	443	36	1	1	442	347	789	7.54e-175	612	2779352
c8be169269bc2f3ab3e4b65878bd4d7f	gi|2363082559|ref|NR_179526.1|	91.685	445	31	5	1	442	349	790	7.54e-175	612	1841866
56f2d5481a9ce887f5f4cec966f5bedd	gi|444304189|ref|NR_074613.1|	99.545	440	2	0	1	440	350	789	0.0	802	515620
56f2d5481a9ce887f5f4cec966f5bedd	gi|559795246|ref|NR_104836.1|	96.591	440	15	0	1	440	333	772	0.0	730	706562
56f2d5481a9ce887f5f4cec966f5bedd	gi|559795169|ref|NR_104758.1|	95.909	440	18	0	1	440	345	784	0.0	713	1282887
56f2d5481a9ce887f5f4cec966f5bedd	gi|645321781|ref|NR_118667.1|	95.011	441	20	2	1	440	355	794	0.0	704	28052
56f2d5481a9ce887f5f4cec966f5bedd	gi|1277396183|ref|NR_151894.1|	93.864	440	27	0	1	440	335	774	0.0	664	433293
56f2d5481a9ce887f5f4cec966f5bedd	gi|343198925|ref|NR_044049.1|	93.864	440	27	0	1	440	316	755	0.0	664	33043
56f2d5481a9ce887f5f4cec966f5bedd	gi|645321783|ref|NR_118669.1|	92.955	440	31	0	1	440	355	794	0.0	658	39479
56f2d5481a9ce887f5f4cec966f5bedd	gi|343202586|ref|NR_042953.1|	93.651	441	26	2	1	440	308	747	0.0	658	264463
56f2d5481a9ce887f5f4cec966f5bedd	gi|219846511|ref|NR_026103.1|	93.409	440	29	0	1	440	316	755	0.0	652	37658
56f2d5481a9ce887f5f4cec966f5bedd	gi|219857405|ref|NR_024993.1|	93.424	441	27	2	1	440	349	788	0.0	652	99656
c4b2ff2e2c5ea24e11c88508e87b7aeb	gi|444303953|ref|NR_074376.1|	99.348	460	3	0	1	460	351	810	0.0	833	435591
c4b2ff2e2c5ea24e11c88508e87b7aeb	gi|343200655|ref|NR_041342.1|	98.478	460	7	0	1	460	336	795	0.0	811	823
c4b2ff2e2c5ea24e11c88508e87b7aeb	gi|1811131517|ref|NR_165699.1|	93.696	460	29	0	1	460	336	795	0.0	689	2685834
c4b2ff2e2c5ea24e11c88508e87b7aeb	gi|2363082619|ref|NR_179556.1|	93.478	460	30	0	1	460	316	775	0.0	684	1871013
c4b2ff2e2c5ea24e11c88508e87b7aeb	gi|631251637|ref|NR_112835.1|	92.826	460	32	1	1	460	336	794	0.0	665	574930
c4b2ff2e2c5ea24e11c88508e87b7aeb	gi|2363082715|ref|NR_179605.1|	92.609	460	34	0	1	460	316	775	0.0	662	1944636
c4b2ff2e2c5ea24e11c88508e87b7aeb	gi|2363086049|ref|NR_181277.1|	92.391	460	35	0	1	460	309	768	0.0	656	2753162
c4b2ff2e2c5ea24e11c88508e87b7aeb	gi|974142265|ref|NR_134785.1|	92.391	460	35	0	1	460	336	795	0.0	656	1217282
c4b2ff2e2c5ea24e11c88508e87b7aeb	gi|631252010|ref|NR_113208.1|	92.174	460	36	0	1	460	336	795	0.0	651	871327
c4b2ff2e2c5ea24e11c88508e87b7aeb	gi|343200777|ref|NR_041464.1|	92.174	460	36	0	1	460	340	799	0.0	651	387661
7991f98ea1c4377b8227045bd6d96cab	gi|219846340|ref|NR_025930.1|	98.643	442	5	1	1	441	296	737	0.0	782	40518
7991f98ea1c4377b8227045bd6d96cab	gi|2136551638|ref|NR_173642.1|	97.517	443	9	1	1	441	349	791	0.0	756	2678306
7991f98ea1c4377b8227045bd6d96cab	gi|2363084544|ref|NR_180520.1|	95.465	441	18	2	1	441	356	794	0.0	702	2564099
7991f98ea1c4377b8227045bd6d96cab	gi|2363082825|ref|NR_179661.1|	92.551	443	31	1	1	441	342	784	0.0	634	2086583
7991f98ea1c4377b8227045bd6d96cab	gi|636558732|ref|NR_114789.1|	91.383	441	37	1	1	441	347	786	4.53e-172	603	1535
7991f98ea1c4377b8227045bd6d96cab	gi|2136551663|ref|NR_173668.1|	91.176	442	36	3	1	441	294	733	2.11e-170	597	2766537
7991f98ea1c4377b8227045bd6d96cab	gi|2180566484|ref|NR_174324.1|	90.930	441	39	1	1	441	346	785	9.80e-169	592	2576756
7991f98ea1c4377b8227045bd6d96cab	gi|3248465687|ref|NR_201701.1|	90.745	443	39	2	1	441	330	772	3.52e-168	590	3435187
7991f98ea1c4377b8227045bd6d96cab	gi|3248465688|ref|NR_201702.1|	90.745	443	39	2	1	441	328	770	3.52e-168	590	3435000
7991f98ea1c4377b8227045bd6d96cab	gi|2136551683|ref|NR_173688.1|	90.249	441	42	1	1	441	321	760	9.87e-164	575	2780922
a7611640cc3168df29366bec3bb863af	gi|2363082569|ref|NR_179531.1|	98.869	442	5	0	1	442	347	788	0.0	789	1852369
a7611640cc3168df29366bec3bb863af	gi|1269801610|ref|NR_074793.2|	94.118	442	26	0	1	442	355	796	0.0	673	351091
a7611640cc3168df29366bec3bb863af	gi|343200653|ref|NR_041340.1|	94.118	442	26	0	1	442	328	769	0.0	673	351091
a7611640cc3168df29366bec3bb863af	gi|2260349448|ref|NR_176530.1|	93.891	442	27	0	1	442	358	799	0.0	667	2093857
a7611640cc3168df29366bec3bb863af	gi|2363082559|ref|NR_179526.1|	93.891	442	27	0	1	442	349	790	0.0	667	1841866
a7611640cc3168df29366bec3bb863af	gi|645321110|ref|NR_118156.1|	93.665	442	28	0	1	442	304	745	0.0	662	1007096
a7611640cc3168df29366bec3bb863af	gi|2962412234|ref|NR_199428.1|	92.986	442	31	0	1	442	352	793	0.0	645	3073143
a7611640cc3168df29366bec3bb863af	gi|2363082170|ref|NR_179331.1|	92.777	443	31	1	1	442	328	770	0.0	640	2714358
a7611640cc3168df29366bec3bb863af	gi|2363082168|ref|NR_179330.1|	92.568	444	29	4	1	442	327	768	0.0	634	2714355
a7611640cc3168df29366bec3bb863af	gi|2363087001|ref|NR_181757.1|	92.342	444	30	4	1	442	289	730	7.49e-180	628	2841504
a93778e9ed4b5d64488d03aec8c1a781	gi|559795255|ref|NR_104846.1|	99.545	440	2	0	1	440	288	727	0.0	802	745368
a93778e9ed4b5d64488d03aec8c1a781	gi|265678692|ref|NR_028997.1|	98.639	441	5	1	1	440	303	743	0.0	780	214851
a93778e9ed4b5d64488d03aec8c1a781	gi|2363084747|ref|NR_180622.1|	94.773	440	23	0	1	440	335	774	0.0	686	2779354
a93778e9ed4b5d64488d03aec8c1a781	gi|1277396189|ref|NR_151900.1|	93.864	440	27	0	1	440	351	790	0.0	664	1550024
a93778e9ed4b5d64488d03aec8c1a781	gi|1397641802|ref|NR_156911.1|	93.636	440	28	0	1	440	351	790	0.0	658	1650663
a93778e9ed4b5d64488d03aec8c1a781	gi|2363080123|ref|NR_178280.1|	92.955	440	31	0	1	440	331	770	0.0	641	411483
a93778e9ed4b5d64488d03aec8c1a781	gi|3030611269|ref|NR_199945.1|	92.727	440	32	0	1	440	335	774	0.0	636	3435293
a93778e9ed4b5d64488d03aec8c1a781	gi|2363082356|ref|NR_179425.1|	92.744	441	30	2	1	440	351	790	0.0	636	1689304
a93778e9ed4b5d64488d03aec8c1a781	gi|2363082282|ref|NR_179388.1|	92.727	440	32	0	1	440	335	774	0.0	636	2935520
a93778e9ed4b5d64488d03aec8c1a781	gi|265678656|ref|NR_028961.1|	92.727	440	32	0	1	440	327	766	0.0	636	853
07e6150b4c198fe658cf6bf81044c484	gi|2363080123|ref|NR_178280.1|	99.545	440	2	0	1	440	331	770	0.0	802	411483
07e6150b4c198fe658cf6bf81044c484	gi|2363081449|ref|NR_178971.1|	99.318	440	2	1	1	440	285	723	0.0	795	1851427
07e6150b4c198fe658cf6bf81044c484	gi|265678656|ref|NR_028961.1|	98.864	440	5	0	1	440	327	766	0.0	785	853
07e6150b4c198fe658cf6bf81044c484	gi|2363081451|ref|NR_178972.1|	98.636	440	6	0	1	440	285	724	0.0	780	1851428
07e6150b4c198fe658cf6bf81044c484	gi|3030611269|ref|NR_199945.1|	98.409	440	7	0	1	440	335	774	0.0	774	3435293
07e6150b4c198fe658cf6bf81044c484	gi|2363082282|ref|NR_179388.1|	97.959	441	7	2	1	440	335	774	0.0	763	2935520
07e6150b4c198fe658cf6bf81044c484	gi|2363080175|ref|NR_178311.1|	97.273	440	12	0	1	440	412	851	0.0	747	2903556
07e6150b4c198fe658cf6bf81044c484	gi|2363084747|ref|NR_180622.1|	93.197	441	28	2	1	440	335	774	0.0	647	2779354
07e6150b4c198fe658cf6bf81044c484	gi|559795255|ref|NR_104846.1|	92.955	440	31	0	1	440	288	727	0.0	641	745368
07e6150b4c198fe658cf6bf81044c484	gi|1277396189|ref|NR_151900.1|	92.500	440	33	0	1	440	351	790	2.07e-180	630	1550024
30a6aebfa6867bbb5574aecf9548ec26	gi|559795255|ref|NR_104846.1|	96.364	440	16	0	1	440	288	727	0.0	725	745368
30a6aebfa6867bbb5574aecf9548ec26	gi|265678692|ref|NR_028997.1|	95.465	441	19	1	1	440	303	743	0.0	702	214851
30a6aebfa6867bbb5574aecf9548ec26	gi|3030611269|ref|NR_199945.1|	94.545	440	24	0	1	440	335	774	0.0	680	3435293
30a6aebfa6867bbb5574aecf9548ec26	gi|265678656|ref|NR_028961.1|	94.091	440	26	0	1	440	327	766	0.0	669	853
30a6aebfa6867bbb5574aecf9548ec26	gi|2363081451|ref|NR_178972.1|	93.864	440	27	0	1	440	285	724	0.0	664	1851428
30a6aebfa6867bbb5574aecf9548ec26	gi|2363080123|ref|NR_178280.1|	93.864	440	27	0	1	440	331	770	0.0	664	411483
30a6aebfa6867bbb5574aecf9548ec26	gi|2363081449|ref|NR_178971.1|	94.200	431	25	0	1	431	285	715	0.0	658	1851427
30a6aebfa6867bbb5574aecf9548ec26	gi|2363082356|ref|NR_179425.1|	93.409	440	29	0	1	440	351	790	0.0	652	1689304
30a6aebfa6867bbb5574aecf9548ec26	gi|1397641802|ref|NR_156911.1|	93.182	440	30	0	1	440	351	790	0.0	647	1650663
30a6aebfa6867bbb5574aecf9548ec26	gi|2363082282|ref|NR_179388.1|	93.197	441	28	2	1	440	335	774	0.0	647	2935520
be373e32b525657fcc58557cc208d435	gi|444304091|ref|NR_074515.1|	98.913	460	5	0	1	460	350	809	0.0	822	435590
be373e32b525657fcc58557cc208d435	gi|631251748|ref|NR_112946.1|	98.913	460	5	0	1	460	339	798	0.0	822	821
be373e32b525657fcc58557cc208d435	gi|631250946|ref|NR_112143.1|	98.696	460	6	0	1	460	307	766	0.0	817	821
be373e32b525657fcc58557cc208d435	gi|343200664|ref|NR_041351.1|	98.261	460	8	0	1	460	341	800	0.0	806	357276
be373e32b525657fcc58557cc208d435	gi|631251997|ref|NR_113195.1|	93.696	460	29	0	1	460	338	797	0.0	689	1236515
be373e32b525657fcc58557cc208d435	gi|631251866|ref|NR_113064.1|	93.478	460	30	0	1	460	338	797	0.0	684	1236538
be373e32b525657fcc58557cc208d435	gi|631251817|ref|NR_113015.1|	93.478	460	30	0	1	460	338	797	0.0	684	1236538
be373e32b525657fcc58557cc208d435	gi|645320081|ref|NR_117373.1|	93.478	460	30	0	1	460	289	748	0.0	684	1236515
be373e32b525657fcc58557cc208d435	gi|2363085522|ref|NR_181010.1|	93.043	460	32	0	1	460	297	756	0.0	673	2786956
be373e32b525657fcc58557cc208d435	gi|631251874|ref|NR_113072.1|	93.043	460	32	0	1	460	338	797	0.0	673	1236512
645c69ac3e636617d775a835f943a455	gi|343200626|ref|NR_041313.1|	99.348	460	3	0	1	460	340	799	0.0	833	338188
645c69ac3e636617d775a835f943a455	gi|2363084421|ref|NR_180458.1|	98.261	460	8	0	1	460	340	799	0.0	806	2650157
645c69ac3e636617d775a835f943a455	gi|645320100|ref|NR_117387.1|	98.043	460	9	0	1	460	320	779	0.0	800	1077285
645c69ac3e636617d775a835f943a455	gi|631251869|ref|NR_113067.1|	97.826	460	10	0	1	460	325	784	0.0	795	1077285
645c69ac3e636617d775a835f943a455	gi|631251749|ref|NR_112947.1|	97.391	460	12	0	1	460	326	785	0.0	785	657309
645c69ac3e636617d775a835f943a455	gi|2363084431|ref|NR_180463.1|	97.391	460	12	0	1	460	340	799	0.0	784	2650158
645c69ac3e636617d775a835f943a455	gi|631251733|ref|NR_112931.1|	97.391	460	12	0	1	460	340	799	0.0	784	85831
645c69ac3e636617d775a835f943a455	gi|343201773|ref|NR_042499.1|	97.391	460	12	0	1	460	294	753	0.0	784	657309
645c69ac3e636617d775a835f943a455	gi|265678305|ref|NR_028607.1|	97.386	459	12	0	2	460	333	791	0.0	782	85831
645c69ac3e636617d775a835f943a455	gi|631251734|ref|NR_112932.1|	97.174	460	13	0	1	460	328	787	0.0	778	47678
55c10de3ee640b61a5f1632c419eeb44	gi|343201773|ref|NR_042499.1|	99.348	460	3	0	1	460	294	753	0.0	833	657309
55c10de3ee640b61a5f1632c419eeb44	gi|631251749|ref|NR_112947.1|	99.130	460	4	0	1	460	326	785	0.0	830	657309
55c10de3ee640b61a5f1632c419eeb44	gi|2363084431|ref|NR_180463.1|	98.913	460	5	0	1	460	340	799	0.0	822	2650158
55c10de3ee640b61a5f1632c419eeb44	gi|631251733|ref|NR_112931.1|	98.478	460	7	0	1	460	340	799	0.0	811	85831
55c10de3ee640b61a5f1632c419eeb44	gi|265678305|ref|NR_028607.1|	98.475	459	7	0	2	460	333	791	0.0	809	85831
55c10de3ee640b61a5f1632c419eeb44	gi|631252008|ref|NR_113206.1|	97.826	460	10	0	1	460	336	795	0.0	795	1236513
55c10de3ee640b61a5f1632c419eeb44	gi|645322410|ref|NR_119165.1|	97.391	460	12	0	1	460	319	778	0.0	791	28116
55c10de3ee640b61a5f1632c419eeb44	gi|631251869|ref|NR_113067.1|	97.391	460	12	0	1	460	325	784	0.0	784	1077285
55c10de3ee640b61a5f1632c419eeb44	gi|645320100|ref|NR_117387.1|	97.391	460	12	0	1	460	320	779	0.0	784	1077285
55c10de3ee640b61a5f1632c419eeb44	gi|343200626|ref|NR_041313.1|	97.391	460	12	0	1	460	340	799	0.0	784	338188
1407f9a26a7e2c965d40b141ab224cdc	gi|2363080123|ref|NR_178280.1|	98.864	440	5	0	1	440	331	770	0.0	785	411483
1407f9a26a7e2c965d40b141ab224cdc	gi|3030611269|ref|NR_199945.1|	98.636	440	6	0	1	440	335	774	0.0	780	3435293
1407f9a26a7e2c965d40b141ab224cdc	gi|2363081449|ref|NR_178971.1|	98.636	440	5	1	1	440	285	723	0.0	778	1851427
1407f9a26a7e2c965d40b141ab224cdc	gi|265678656|ref|NR_028961.1|	98.182	440	8	0	1	440	327	766	0.0	769	853
1407f9a26a7e2c965d40b141ab224cdc	gi|2363081451|ref|NR_178972.1|	97.955	440	9	0	1	440	285	724	0.0	763	1851428
1407f9a26a7e2c965d40b141ab224cdc	gi|2363082282|ref|NR_179388.1|	97.279	441	10	2	1	440	335	774	0.0	747	2935520
1407f9a26a7e2c965d40b141ab224cdc	gi|2363080175|ref|NR_178311.1|	96.591	440	15	0	1	440	412	851	0.0	730	2903556
1407f9a26a7e2c965d40b141ab224cdc	gi|2363084747|ref|NR_180622.1|	93.424	441	27	2	1	440	335	774	0.0	652	2779354
1407f9a26a7e2c965d40b141ab224cdc	gi|559795255|ref|NR_104846.1|	93.182	440	30	0	1	440	288	727	0.0	647	745368
1407f9a26a7e2c965d40b141ab224cdc	gi|1277396189|ref|NR_151900.1|	92.727	440	32	0	1	440	351	790	0.0	636	1550024
ad88f407982b729075ce64615602ceda	gi|2363082569|ref|NR_179531.1|	94.820	444	19	4	1	442	347	788	0.0	689	1852369
ad88f407982b729075ce64615602ceda	gi|2363082168|ref|NR_179330.1|	94.570	442	24	0	1	442	327	768	0.0	684	2714355
ad88f407982b729075ce64615602ceda	gi|2363082165|ref|NR_179329.1|	94.344	442	25	0	1	442	327	768	0.0	678	2714353
ad88f407982b729075ce64615602ceda	gi|1109168025|ref|NR_144611.1|	92.777	443	31	1	1	442	282	724	0.0	640	1417852
ad88f407982b729075ce64615602ceda	gi|2136551692|ref|NR_173697.1|	92.534	442	33	0	1	442	349	790	0.0	634	2108523
ad88f407982b729075ce64615602ceda	gi|3030611324|ref|NR_200000.1|	92.551	443	32	1	1	442	301	743	0.0	634	3342383
ad88f407982b729075ce64615602ceda	gi|645321110|ref|NR_118156.1|	92.584	445	27	5	1	442	304	745	0.0	634	1007096
ad88f407982b729075ce64615602ceda	gi|1269801610|ref|NR_074793.2|	92.325	443	32	2	1	442	355	796	7.49e-180	628	351091
ad88f407982b729075ce64615602ceda	gi|343200653|ref|NR_041340.1|	92.325	443	32	2	1	442	328	769	7.49e-180	628	351091
ad88f407982b729075ce64615602ceda	gi|2363082342|ref|NR_179418.1|	92.099	443	34	1	1	442	348	790	3.48e-178	623	1673721
a9de91d63f729b55b199af9eaede8273	gi|2363080123|ref|NR_178280.1|	99.545	440	2	0	1	440	331	770	0.0	802	411483
a9de91d63f729b55b199af9eaede8273	gi|2363081449|ref|NR_178971.1|	99.091	440	3	1	1	440	285	723	0.0	789	1851427
a9de91d63f729b55b199af9eaede8273	gi|265678656|ref|NR_028961.1|	98.864	440	5	0	1	440	327	766	0.0	785	853
a9de91d63f729b55b199af9eaede8273	gi|2363081451|ref|NR_178972.1|	98.636	440	6	0	1	440	285	724	0.0	780	1851428
a9de91d63f729b55b199af9eaede8273	gi|3030611269|ref|NR_199945.1|	98.409	440	7	0	1	440	335	774	0.0	774	3435293
a9de91d63f729b55b199af9eaede8273	gi|2363082282|ref|NR_179388.1|	97.959	441	7	2	1	440	335	774	0.0	763	2935520
a9de91d63f729b55b199af9eaede8273	gi|2363080175|ref|NR_178311.1|	97.273	440	12	0	1	440	412	851	0.0	747	2903556
a9de91d63f729b55b199af9eaede8273	gi|2363084747|ref|NR_180622.1|	93.197	441	28	2	1	440	335	774	0.0	647	2779354
a9de91d63f729b55b199af9eaede8273	gi|559795255|ref|NR_104846.1|	92.955	440	31	0	1	440	288	727	0.0	641	745368
a9de91d63f729b55b199af9eaede8273	gi|1277396189|ref|NR_151900.1|	92.500	440	33	0	1	440	351	790	2.07e-180	630	1550024
918f72a2f1a069ee46a277b563aedb11	gi|343198671|ref|NR_043231.1|	99.140	465	4	0	1	465	283	747	0.0	837	308994
918f72a2f1a069ee46a277b563aedb11	gi|631252159|ref|NR_113357.1|	98.927	466	4	1	1	465	356	821	0.0	832	308994
918f72a2f1a069ee46a277b563aedb11	gi|343200979|ref|NR_041666.1|	95.494	466	19	2	1	465	336	800	0.0	743	742743
918f72a2f1a069ee46a277b563aedb11	gi|631252158|ref|NR_113356.1|	95.279	466	19	3	1	465	355	818	0.0	736	309120
918f72a2f1a069ee46a277b563aedb11	gi|343198462|ref|NR_041895.1|	95.279	466	19	3	1	465	296	759	0.0	736	888062
918f72a2f1a069ee46a277b563aedb11	gi|631252157|ref|NR_113355.1|	95.064	466	21	2	1	465	356	820	0.0	732	218538
918f72a2f1a069ee46a277b563aedb11	gi|219846090|ref|NR_025680.1|	95.064	466	21	2	1	465	336	800	0.0	732	592028
918f72a2f1a069ee46a277b563aedb11	gi|219846637|ref|NR_026229.1|	93.562	466	28	2	1	465	336	800	0.0	693	39950
918f72a2f1a069ee46a277b563aedb11	gi|343199044|ref|NR_044400.1|	92.918	466	31	2	1	465	314	778	0.0	676	464322
918f72a2f1a069ee46a277b563aedb11	gi|219857641|ref|NR_025230.1|	92.521	468	31	4	1	465	285	751	0.0	667	187326
3badf8b833ba2c8ab743a13eb28e6af0	gi|645320588|ref|NR_117758.1|	99.548	442	2	0	1	442	322	763	0.0	806	166486
3badf8b833ba2c8ab743a13eb28e6af0	gi|228716944|ref|NR_027557.1|	99.548	442	2	0	1	442	343	784	0.0	806	536231
3badf8b833ba2c8ab743a13eb28e6af0	gi|444439494|ref|NR_074809.1|	99.095	442	3	1	1	442	350	790	0.0	793	585394
3badf8b833ba2c8ab743a13eb28e6af0	gi|343201282|ref|NR_042008.1|	98.869	442	3	2	1	442	341	780	0.0	787	585394
3badf8b833ba2c8ab743a13eb28e6af0	gi|343198540|ref|NR_042832.1|	98.643	442	5	1	1	442	330	770	0.0	782	301302
3badf8b833ba2c8ab743a13eb28e6af0	gi|1227086116|ref|NR_148619.1|	98.194	443	6	2	1	442	301	742	0.0	773	1712665
3badf8b833ba2c8ab743a13eb28e6af0	gi|343201281|ref|NR_042007.1|	97.748	444	6	4	1	442	343	784	0.0	761	622312
3badf8b833ba2c8ab743a13eb28e6af0	gi|2363085153|ref|NR_180825.1|	97.511	442	10	1	1	442	347	787	0.0	754	2605790
3badf8b833ba2c8ab743a13eb28e6af0	gi|444304209|ref|NR_074634.1|	97.511	442	9	1	1	442	350	789	0.0	754	515619
3badf8b833ba2c8ab743a13eb28e6af0	gi|2363086282|ref|NR_181393.1|	97.285	442	10	1	1	442	290	729	0.0	749	2763664
d1df75004b1c2bad632741b811d10826	gi|631251747|ref|NR_112945.1|	99.130	460	4	0	1	460	327	786	0.0	828	820
d1df75004b1c2bad632741b811d10826	gi|343200179|ref|NR_040866.1|	99.130	460	4	0	1	460	334	793	0.0	828	820
d1df75004b1c2bad632741b811d10826	gi|2363086550|ref|NR_181532.1|	98.696	460	6	0	1	460	322	781	0.0	817	2763025
d1df75004b1c2bad632741b811d10826	gi|631251874|ref|NR_113072.1|	97.174	460	13	0	1	460	338	797	0.0	778	1236512
d1df75004b1c2bad632741b811d10826	gi|2363082773|ref|NR_179635.1|	96.957	460	14	0	1	460	338	797	0.0	773	2024197
d1df75004b1c2bad632741b811d10826	gi|631251816|ref|NR_113014.1|	96.957	460	14	0	1	460	338	797	0.0	773	1236512
d1df75004b1c2bad632741b811d10826	gi|631251735|ref|NR_112933.1|	96.304	460	17	0	1	460	334	793	0.0	756	246787
d1df75004b1c2bad632741b811d10826	gi|343200620|ref|NR_041307.1|	96.087	460	18	0	1	460	334	793	0.0	750	329854
d1df75004b1c2bad632741b811d10826	gi|2363084421|ref|NR_180458.1|	95.870	460	19	0	1	460	340	799	0.0	745	2650157
d1df75004b1c2bad632741b811d10826	gi|2363082635|ref|NR_179564.1|	95.870	460	19	0	1	460	338	797	0.0	745	1903262
c2443233c42e4484226f06dd2e894252	gi|2363082165|ref|NR_179329.1|	98.643	442	6	0	1	442	327	768	0.0	784	2714353
c2443233c42e4484226f06dd2e894252	gi|2363082168|ref|NR_179330.1|	98.416	442	7	0	1	442	327	768	0.0	778	2714355
c2443233c42e4484226f06dd2e894252	gi|645321110|ref|NR_118156.1|	93.905	443	25	2	1	442	304	745	0.0	667	1007096
c2443233c42e4484226f06dd2e894252	gi|2962412234|ref|NR_199428.1|	93.679	443	26	2	1	442	352	793	0.0	662	3073143
c2443233c42e4484226f06dd2e894252	gi|1269801610|ref|NR_074793.2|	93.454	443	27	2	1	442	355	796	0.0	656	351091
c2443233c42e4484226f06dd2e894252	gi|343200653|ref|NR_041340.1|	93.454	443	27	2	1	442	328	769	0.0	656	351091
c2443233c42e4484226f06dd2e894252	gi|2363087001|ref|NR_181757.1|	93.258	445	24	6	1	442	289	730	0.0	651	2841504
c2443233c42e4484226f06dd2e894252	gi|2260349448|ref|NR_176530.1|	92.777	443	30	2	1	442	358	799	0.0	640	2093857
c2443233c42e4484226f06dd2e894252	gi|2363082559|ref|NR_179526.1|	92.777	443	30	2	1	442	349	790	0.0	640	1841866
c2443233c42e4484226f06dd2e894252	gi|2363082170|ref|NR_179331.1|	92.777	443	31	1	1	442	328	770	0.0	640	2714358
f530256a5da611d15f33cd7adabae838	gi|444304091|ref|NR_074515.1|	99.348	460	3	0	1	460	350	809	0.0	833	435590
f530256a5da611d15f33cd7adabae838	gi|631251748|ref|NR_112946.1|	99.348	460	3	0	1	460	339	798	0.0	833	821
f530256a5da611d15f33cd7adabae838	gi|631250946|ref|NR_112143.1|	99.130	460	4	0	1	460	307	766	0.0	828	821
f530256a5da611d15f33cd7adabae838	gi|343200664|ref|NR_041351.1|	98.478	460	7	0	1	460	341	800	0.0	811	357276
f530256a5da611d15f33cd7adabae838	gi|631251997|ref|NR_113195.1|	93.696	460	29	0	1	460	338	797	0.0	689	1236515
f530256a5da611d15f33cd7adabae838	gi|631251866|ref|NR_113064.1|	93.478	460	30	0	1	460	338	797	0.0	684	1236538
f530256a5da611d15f33cd7adabae838	gi|631251817|ref|NR_113015.1|	93.478	460	30	0	1	460	338	797	0.0	684	1236538
f530256a5da611d15f33cd7adabae838	gi|645320081|ref|NR_117373.1|	93.478	460	30	0	1	460	289	748	0.0	684	1236515
f530256a5da611d15f33cd7adabae838	gi|2363085522|ref|NR_181010.1|	93.043	460	32	0	1	460	297	756	0.0	673	2786956
f530256a5da611d15f33cd7adabae838	gi|2363082547|ref|NR_179520.1|	93.043	460	32	0	1	460	314	773	0.0	673	1841855
1480a9ccc7116ee8dc2645ad7387e651	gi|631251742|ref|NR_112940.1|	99.130	460	4	0	1	460	327	786	0.0	828	28116
1480a9ccc7116ee8dc2645ad7387e651	gi|636559244|ref|NR_115301.1|	99.130	460	4	0	1	460	320	779	0.0	828	28116
1480a9ccc7116ee8dc2645ad7387e651	gi|1491509587|ref|NR_159118.1|	98.913	460	5	0	1	460	310	769	0.0	822	28116
1480a9ccc7116ee8dc2645ad7387e651	gi|1491509586|ref|NR_159117.1|	98.913	460	5	0	1	460	301	760	0.0	822	28116
1480a9ccc7116ee8dc2645ad7387e651	gi|636560121|ref|NR_116181.1|	98.913	460	4	1	1	460	333	791	0.0	821	28116
1480a9ccc7116ee8dc2645ad7387e651	gi|343200178|ref|NR_040865.1|	98.698	461	4	2	1	460	333	792	0.0	817	28116
1480a9ccc7116ee8dc2645ad7387e651	gi|645322410|ref|NR_119165.1|	98.043	460	9	0	1	460	319	778	0.0	808	28116
1480a9ccc7116ee8dc2645ad7387e651	gi|631251749|ref|NR_112947.1|	96.957	460	14	0	1	460	326	785	0.0	774	657309
1480a9ccc7116ee8dc2645ad7387e651	gi|2363084431|ref|NR_180463.1|	96.957	460	14	0	1	460	340	799	0.0	773	2650158
1480a9ccc7116ee8dc2645ad7387e651	gi|343201773|ref|NR_042499.1|	96.957	460	14	0	1	460	294	753	0.0	773	657309
b17cd6e9b54d520d268dc60ac9dd9f14	gi|444304209|ref|NR_074634.1|	99.318	440	3	0	1	440	350	789	0.0	797	515619
b17cd6e9b54d520d268dc60ac9dd9f14	gi|343198540|ref|NR_042832.1|	98.186	441	7	1	1	440	330	770	0.0	769	301302
b17cd6e9b54d520d268dc60ac9dd9f14	gi|1227086116|ref|NR_148619.1|	97.738	442	8	2	1	440	301	742	0.0	760	1712665
b17cd6e9b54d520d268dc60ac9dd9f14	gi|645320588|ref|NR_117758.1|	97.285	442	10	1	1	440	322	763	0.0	749	166486
b17cd6e9b54d520d268dc60ac9dd9f14	gi|228716944|ref|NR_027557.1|	97.285	442	10	1	1	440	343	784	0.0	749	536231
b17cd6e9b54d520d268dc60ac9dd9f14	gi|444439494|ref|NR_074809.1|	97.279	441	11	1	1	440	350	790	0.0	747	585394
b17cd6e9b54d520d268dc60ac9dd9f14	gi|343201282|ref|NR_042008.1|	97.052	441	11	2	1	440	341	780	0.0	741	585394
b17cd6e9b54d520d268dc60ac9dd9f14	gi|2363085153|ref|NR_180825.1|	96.825	441	13	1	1	440	347	787	0.0	736	2605790
b17cd6e9b54d520d268dc60ac9dd9f14	gi|219846723|ref|NR_026315.1|	96.818	440	14	0	1	440	317	756	0.0	736	46206
b17cd6e9b54d520d268dc60ac9dd9f14	gi|2363086282|ref|NR_181393.1|	96.591	440	15	0	1	440	290	729	0.0	730	2763664
8cc2082b70283cef02a712e2516ae6bc	gi|2363083455|ref|NR_179976.1|	90.733	464	34	9	1	460	289	747	2.83e-174	610	2094151
8cc2082b70283cef02a712e2516ae6bc	gi|1109168036|ref|NR_144616.1|	89.827	462	43	3	1	460	280	739	3.69e-168	590	1796646
8cc2082b70283cef02a712e2516ae6bc	gi|2363084366|ref|NR_180431.1|	89.892	465	37	9	1	460	350	809	3.69e-168	590	2530390
8cc2082b70283cef02a712e2516ae6bc	gi|2363083453|ref|NR_179975.1|	89.201	463	43	6	1	460	339	797	1.33e-162	571	2094150
8cc2082b70283cef02a712e2516ae6bc	gi|2363084938|ref|NR_180717.1|	89.009	464	43	8	1	460	259	718	1.73e-161	568	2601703
8cc2082b70283cef02a712e2516ae6bc	gi|1909404453|ref|NR_170508.1|	88.745	462	47	5	1	460	352	810	2.89e-159	560	2518971
8cc2082b70283cef02a712e2516ae6bc	gi|2363087247|ref|NR_181879.1|	88.362	464	45	7	1	460	285	743	6.25e-156	549	2880704
8cc2082b70283cef02a712e2516ae6bc	gi|1909404454|ref|NR_170509.1|	87.905	463	49	7	1	460	347	805	1.35e-152	538	2530391
8cc2082b70283cef02a712e2516ae6bc	gi|2363085163|ref|NR_180830.1|	87.905	463	49	6	1	460	336	794	1.35e-152	538	2606626
8cc2082b70283cef02a712e2516ae6bc	gi|2363087249|ref|NR_181880.1|	87.768	466	44	9	1	460	294	752	6.30e-151	532	2880703
0b77d15de257ceee788828c110573d2d	gi|2363085097|ref|NR_180797.1|	97.052	441	11	2	1	440	346	785	0.0	741	2605778
0b77d15de257ceee788828c110573d2d	gi|2363082679|ref|NR_179587.1|	95.682	440	19	0	1	440	328	767	0.0	708	1926283
0b77d15de257ceee788828c110573d2d	gi|2363081854|ref|NR_179173.1|	95.682	440	19	0	1	440	333	772	0.0	708	2126740
0b77d15de257ceee788828c110573d2d	gi|2363086234|ref|NR_181369.1|	95.475	442	16	4	1	440	335	774	0.0	702	2784388
0b77d15de257ceee788828c110573d2d	gi|1193829153|ref|NR_147396.1|	95.227	440	21	0	1	440	328	767	0.0	697	1917870
0b77d15de257ceee788828c110573d2d	gi|631253128|ref|NR_114326.1|	95.249	442	17	4	1	440	334	773	0.0	697	1150298
0b77d15de257ceee788828c110573d2d	gi|645321072|ref|NR_118128.1|	95.249	442	17	4	1	440	174	613	0.0	697	1531
0b77d15de257ceee788828c110573d2d	gi|631252212|ref|NR_113410.1|	95.249	442	17	4	1	440	257	696	0.0	697	208479
0b77d15de257ceee788828c110573d2d	gi|343201474|ref|NR_042200.1|	95.260	443	15	6	1	440	318	757	0.0	697	333367
0b77d15de257ceee788828c110573d2d	gi|219878428|ref|NR_025567.1|	95.249	442	17	4	1	440	348	787	0.0	697	208479
079bf08937ebba3226dfa0c08fd4a6fb	gi|1109168025|ref|NR_144611.1|	92.777	443	32	0	1	443	282	724	0.0	641	1417852
079bf08937ebba3226dfa0c08fd4a6fb	gi|2363082168|ref|NR_179330.1|	92.793	444	29	3	1	443	327	768	0.0	640	2714355
079bf08937ebba3226dfa0c08fd4a6fb	gi|2363082165|ref|NR_179329.1|	92.568	444	30	3	1	443	327	768	0.0	634	2714353
079bf08937ebba3226dfa0c08fd4a6fb	gi|343206380|ref|NR_044972.1|	92.117	444	33	2	1	443	331	773	7.50e-180	628	44749
079bf08937ebba3226dfa0c08fd4a6fb	gi|3030611324|ref|NR_200000.1|	91.441	444	36	2	1	443	301	743	9.78e-174	608	3342383
079bf08937ebba3226dfa0c08fd4a6fb	gi|2363082342|ref|NR_179418.1|	91.441	444	36	2	1	443	348	790	9.78e-174	608	1673721
079bf08937ebba3226dfa0c08fd4a6fb	gi|219857437|ref|NR_025025.1|	91.216	444	35	4	1	443	332	772	3.52e-173	606	100176
079bf08937ebba3226dfa0c08fd4a6fb	gi|2363082352|ref|NR_179423.1|	91.256	446	33	6	1	443	349	791	4.55e-172	603	1689270
079bf08937ebba3226dfa0c08fd4a6fb	gi|645321636|ref|NR_118554.1|	91.236	445	35	4	1	443	329	771	4.55e-172	603	1297617
079bf08937ebba3226dfa0c08fd4a6fb	gi|2363083800|ref|NR_180148.1|	90.766	444	39	2	1	443	349	791	9.85e-169	592	2211183
5e4f243dea69410f910448e95845fcec	gi|2363083455|ref|NR_179976.1|	90.065	463	39	7	1	460	289	747	2.85e-169	593	2094151
5e4f243dea69410f910448e95845fcec	gi|2363084366|ref|NR_180431.1|	89.871	464	39	7	1	460	350	809	3.69e-168	590	2530390
5e4f243dea69410f910448e95845fcec	gi|1109168036|ref|NR_144616.1|	89.394	462	45	3	1	460	280	739	7.98e-165	579	1796646
5e4f243dea69410f910448e95845fcec	gi|2363084938|ref|NR_180717.1|	89.224	464	42	8	1	460	259	718	3.71e-163	573	2601703
5e4f243dea69410f910448e95845fcec	gi|1909404453|ref|NR_170508.1|	88.937	461	48	3	1	460	352	810	6.21e-161	566	2518971
5e4f243dea69410f910448e95845fcec	gi|2363083453|ref|NR_179975.1|	88.769	463	45	5	1	460	339	797	2.89e-159	560	2094150
5e4f243dea69410f910448e95845fcec	gi|2363087247|ref|NR_181879.1|	88.172	465	44	9	1	460	285	743	2.91e-154	544	2880704
5e4f243dea69410f910448e95845fcec	gi|1909404454|ref|NR_170509.1|	87.689	463	50	7	1	460	347	805	6.30e-151	532	2530391
5e4f243dea69410f910448e95845fcec	gi|2363087249|ref|NR_181880.1|	87.716	464	48	7	1	460	294	752	6.30e-151	532	2880703
5e4f243dea69410f910448e95845fcec	gi|2363085163|ref|NR_180830.1|	87.662	462	52	4	1	460	336	794	6.30e-151	532	2606626
9e0866786ed1cedae0d65b6046d96cbb	gi|2363085169|ref|NR_180833.1|	99.545	440	2	0	1	440	337	776	0.0	802	2606635
9e0866786ed1cedae0d65b6046d96cbb	gi|310975204|ref|NR_037068.1|	97.279	441	10	2	1	440	341	780	0.0	747	29375
9e0866786ed1cedae0d65b6046d96cbb	gi|3030611230|ref|NR_199906.1|	97.045	440	13	0	1	440	354	793	0.0	741	3123317
9e0866786ed1cedae0d65b6046d96cbb	gi|3030611314|ref|NR_199990.1|	97.045	440	13	0	1	440	350	789	0.0	741	3123317
9e0866786ed1cedae0d65b6046d96cbb	gi|2836274880|ref|NR_197643.1|	97.045	440	13	0	1	440	329	768	0.0	741	2962432
9e0866786ed1cedae0d65b6046d96cbb	gi|1384992331|ref|NR_156080.1|	97.045	440	13	0	1	440	336	775	0.0	741	1469948
9e0866786ed1cedae0d65b6046d96cbb	gi|1384992328|ref|NR_156077.1|	97.045	440	13	0	1	440	336	775	0.0	741	1469948
9e0866786ed1cedae0d65b6046d96cbb	gi|559795307|ref|NR_104899.1|	97.045	440	13	0	1	440	328	767	0.0	741	384636
9e0866786ed1cedae0d65b6046d96cbb	gi|645322280|ref|NR_119068.1|	97.052	441	10	3	1	440	315	753	0.0	739	36832
9e0866786ed1cedae0d65b6046d96cbb	gi|2363082679|ref|NR_179587.1|	96.818	440	14	0	1	440	328	767	0.0	736	1926283
9d74d647776bf4411a76d70ed8c6d7a3	gi|444304091|ref|NR_074515.1|	99.565	460	2	0	1	460	350	809	0.0	839	435590
9d74d647776bf4411a76d70ed8c6d7a3	gi|631251748|ref|NR_112946.1|	99.565	460	2	0	1	460	339	798	0.0	839	821
9d74d647776bf4411a76d70ed8c6d7a3	gi|631250946|ref|NR_112143.1|	99.348	460	3	0	1	460	307	766	0.0	833	821
9d74d647776bf4411a76d70ed8c6d7a3	gi|343200664|ref|NR_041351.1|	98.696	460	6	0	1	460	341	800	0.0	817	357276
9d74d647776bf4411a76d70ed8c6d7a3	gi|631251997|ref|NR_113195.1|	93.913	460	28	0	1	460	338	797	0.0	695	1236515
9d74d647776bf4411a76d70ed8c6d7a3	gi|631251866|ref|NR_113064.1|	93.696	460	29	0	1	460	338	797	0.0	689	1236538
9d74d647776bf4411a76d70ed8c6d7a3	gi|631251817|ref|NR_113015.1|	93.696	460	29	0	1	460	338	797	0.0	689	1236538
9d74d647776bf4411a76d70ed8c6d7a3	gi|645320081|ref|NR_117373.1|	93.696	460	29	0	1	460	289	748	0.0	689	1236515
9d74d647776bf4411a76d70ed8c6d7a3	gi|2363085522|ref|NR_181010.1|	93.261	460	31	0	1	460	297	756	0.0	678	2786956
9d74d647776bf4411a76d70ed8c6d7a3	gi|2363082547|ref|NR_179520.1|	93.261	460	31	0	1	460	314	773	0.0	678	1841855
b6488b0dd50c317a1efa0daafda18324	gi|444439494|ref|NR_074809.1|	99.546	441	2	0	1	441	350	790	0.0	804	585394
b6488b0dd50c317a1efa0daafda18324	gi|343201282|ref|NR_042008.1|	99.320	441	2	1	1	441	341	780	0.0	797	585394
b6488b0dd50c317a1efa0daafda18324	gi|645320588|ref|NR_117758.1|	99.095	442	3	1	1	441	322	763	0.0	793	166486
b6488b0dd50c317a1efa0daafda18324	gi|228716944|ref|NR_027557.1|	99.095	442	3	1	1	441	343	784	0.0	793	536231
b6488b0dd50c317a1efa0daafda18324	gi|343198540|ref|NR_042832.1|	98.639	441	6	0	1	441	330	770	0.0	782	301302
b6488b0dd50c317a1efa0daafda18324	gi|1227086116|ref|NR_148619.1|	97.964	442	8	1	1	441	301	742	0.0	765	1712665
b6488b0dd50c317a1efa0daafda18324	gi|2363085153|ref|NR_180825.1|	97.506	441	11	0	1	441	347	787	0.0	754	2605790
b6488b0dd50c317a1efa0daafda18324	gi|444304209|ref|NR_074634.1|	97.506	441	10	1	1	441	350	789	0.0	752	515619
b6488b0dd50c317a1efa0daafda18324	gi|343201281|ref|NR_042007.1|	97.297	444	7	5	1	441	343	784	0.0	749	622312
b6488b0dd50c317a1efa0daafda18324	gi|2363086282|ref|NR_181393.1|	97.279	441	11	1	1	441	290	729	0.0	747	2763664
614342c049d276a1f9c3212370045e5c	gi|631251875|ref|NR_113073.1|	99.130	460	4	0	1	460	329	788	0.0	828	487174
614342c049d276a1f9c3212370045e5c	gi|343200981|ref|NR_041668.1|	99.130	460	4	0	1	460	321	780	0.0	828	742726
614342c049d276a1f9c3212370045e5c	gi|1270532346|ref|NR_121773.2|	95.879	461	17	2	1	460	348	807	0.0	745	397865
614342c049d276a1f9c3212370045e5c	gi|343200821|ref|NR_041508.1|	95.662	461	17	3	1	460	325	783	0.0	737	397865
614342c049d276a1f9c3212370045e5c	gi|2136551682|ref|NR_173687.1|	90.043	462	42	4	1	460	325	784	7.92e-170	595	2751153
614342c049d276a1f9c3212370045e5c	gi|1146059151|ref|NR_145883.1|	89.610	462	44	4	1	460	284	743	1.71e-166	584	1501392
614342c049d276a1f9c3212370045e5c	gi|1116030267|ref|NR_144725.1|	89.177	462	46	4	1	460	337	796	7.98e-165	579	1686296
614342c049d276a1f9c3212370045e5c	gi|1909404453|ref|NR_170508.1|	87.852	461	53	3	1	460	352	810	1.35e-152	538	2518971
614342c049d276a1f9c3212370045e5c	gi|2621112336|ref|NR_189240.1|	87.716	464	49	8	1	460	342	801	1.75e-151	534	2944915
614342c049d276a1f9c3212370045e5c	gi|2363083455|ref|NR_179976.1|	87.742	465	46	10	1	460	289	747	6.30e-151	532	2094151
b7525b667aaebb52f66d9ff6fac72af2	gi|343198925|ref|NR_044049.1|	98.864	440	5	0	1	440	316	755	0.0	785	33043
b7525b667aaebb52f66d9ff6fac72af2	gi|2363086278|ref|NR_181391.1|	95.000	440	22	0	1	440	249	688	0.0	691	2763670
b7525b667aaebb52f66d9ff6fac72af2	gi|219856842|ref|NR_024661.1|	95.000	440	22	0	1	440	361	800	0.0	691	42322
b7525b667aaebb52f66d9ff6fac72af2	gi|559795169|ref|NR_104758.1|	94.773	440	23	0	1	440	345	784	0.0	686	1282887
b7525b667aaebb52f66d9ff6fac72af2	gi|631252121|ref|NR_113319.1|	94.545	440	24	0	1	440	350	789	0.0	680	645466
b7525b667aaebb52f66d9ff6fac72af2	gi|1384992332|ref|NR_156081.1|	94.318	440	25	0	1	440	336	775	0.0	675	1469948
b7525b667aaebb52f66d9ff6fac72af2	gi|1384992329|ref|NR_156078.1|	94.318	440	25	0	1	440	336	775	0.0	675	1469948
b7525b667aaebb52f66d9ff6fac72af2	gi|636560803|ref|NR_116863.1|	94.331	441	24	1	1	440	337	777	0.0	675	645466
b7525b667aaebb52f66d9ff6fac72af2	gi|3030611230|ref|NR_199906.1|	94.091	440	26	0	1	440	354	793	0.0	669	3123317
b7525b667aaebb52f66d9ff6fac72af2	gi|3030611314|ref|NR_199990.1|	94.091	440	26	0	1	440	350	789	0.0	669	3123317
d1856ff0c861be4456d95cd5e3f9445b	gi|2363081451|ref|NR_178972.1|	99.318	440	3	0	1	440	285	724	0.0	797	1851428
d1856ff0c861be4456d95cd5e3f9445b	gi|265678656|ref|NR_028961.1|	98.636	440	6	0	1	440	327	766	0.0	780	853
d1856ff0c861be4456d95cd5e3f9445b	gi|2363082282|ref|NR_179388.1|	98.409	440	7	0	1	440	335	774	0.0	774	2935520
d1856ff0c861be4456d95cd5e3f9445b	gi|2363080123|ref|NR_178280.1|	98.409	440	7	0	1	440	331	770	0.0	774	411483
d1856ff0c861be4456d95cd5e3f9445b	gi|3030611269|ref|NR_199945.1|	98.182	440	8	0	1	440	335	774	0.0	769	3435293
d1856ff0c861be4456d95cd5e3f9445b	gi|2363081449|ref|NR_178971.1|	98.182	440	7	1	1	440	285	723	0.0	767	1851427
d1856ff0c861be4456d95cd5e3f9445b	gi|2363080175|ref|NR_178311.1|	96.364	440	16	0	1	440	412	851	0.0	725	2903556
d1856ff0c861be4456d95cd5e3f9445b	gi|1397641802|ref|NR_156911.1|	92.500	440	33	0	1	440	351	790	2.07e-180	630	1650663
d1856ff0c861be4456d95cd5e3f9445b	gi|2363084747|ref|NR_180622.1|	92.500	440	33	0	1	440	335	774	2.07e-180	630	2779354
d1856ff0c861be4456d95cd5e3f9445b	gi|2363082356|ref|NR_179425.1|	92.290	441	32	2	1	440	351	790	9.64e-179	625	1689304
a14abc379b0fd3afbfe4786243c3dfcd	gi|559795314|ref|NR_104907.1|	95.023	442	20	2	1	441	315	755	0.0	693	290054
a14abc379b0fd3afbfe4786243c3dfcd	gi|2136551683|ref|NR_173688.1|	92.290	441	33	1	1	441	321	760	9.66e-179	625	2780922
a14abc379b0fd3afbfe4786243c3dfcd	gi|1445136071|ref|NR_158111.1|	89.819	442	41	4	1	441	349	787	2.14e-160	564	2038680
a14abc379b0fd3afbfe4786243c3dfcd	gi|1193829135|ref|NR_147378.1|	89.391	443	43	4	1	441	339	779	1.29e-157	555	1871035
a14abc379b0fd3afbfe4786243c3dfcd	gi|2363082625|ref|NR_179559.1|	89.391	443	43	4	1	441	333	773	1.29e-157	555	1871018
a14abc379b0fd3afbfe4786243c3dfcd	gi|1864207164|ref|NR_169458.1|	89.342	441	46	1	1	441	345	784	4.62e-157	553	2164149
a14abc379b0fd3afbfe4786243c3dfcd	gi|2363082585|ref|NR_179539.1|	89.367	442	43	4	1	441	351	789	4.62e-157	553	1852384
a14abc379b0fd3afbfe4786243c3dfcd	gi|507148077|ref|NR_102884.1|	89.367	442	44	3	1	441	331	770	4.62e-157	553	213810
a14abc379b0fd3afbfe4786243c3dfcd	gi|3248465648|ref|NR_201660.1|	89.140	442	45	3	1	441	319	758	2.15e-155	547	3417630
a14abc379b0fd3afbfe4786243c3dfcd	gi|2363082601|ref|NR_179547.1|	89.189	444	41	7	1	441	347	786	2.15e-155	547	1870991
eb3afd394ef0e02bdeb53ae1648f9901	gi|3248465644|ref|NR_201656.1|	95.238	441	19	2	1	440	329	768	0.0	697	3417633
eb3afd394ef0e02bdeb53ae1648f9901	gi|507148077|ref|NR_102884.1|	93.636	440	28	0	1	440	331	770	0.0	658	213810
eb3afd394ef0e02bdeb53ae1648f9901	gi|3248465648|ref|NR_201660.1|	93.409	440	29	0	1	440	319	758	0.0	652	3417630
eb3afd394ef0e02bdeb53ae1648f9901	gi|444303976|ref|NR_074399.1|	93.409	440	29	0	1	440	333	772	0.0	652	697329
eb3afd394ef0e02bdeb53ae1648f9901	gi|631251834|ref|NR_113032.1|	93.409	440	29	0	1	440	333	772	0.0	652	1264
eb3afd394ef0e02bdeb53ae1648f9901	gi|636559173|ref|NR_115230.1|	93.409	440	29	0	1	440	333	772	0.0	652	697329
eb3afd394ef0e02bdeb53ae1648f9901	gi|219846339|ref|NR_025929.1|	93.409	440	29	0	1	440	328	767	0.0	652	697329
eb3afd394ef0e02bdeb53ae1648f9901	gi|636558832|ref|NR_114889.1|	93.409	440	28	1	1	440	277	715	0.0	651	213810
eb3afd394ef0e02bdeb53ae1648f9901	gi|2363082601|ref|NR_179547.1|	93.182	440	30	0	1	440	347	786	0.0	647	1870991
eb3afd394ef0e02bdeb53ae1648f9901	gi|265679047|ref|NR_029355.1|	92.727	440	32	0	1	440	332	771	0.0	636	84026
3c7e2d1859bd4b95530a2e6600a6db8b	gi|2363085153|ref|NR_180825.1|	96.840	443	12	1	1	443	347	787	0.0	739	2605790
3c7e2d1859bd4b95530a2e6600a6db8b	gi|343198540|ref|NR_042832.1|	96.840	443	12	1	1	443	330	770	0.0	739	301302
3c7e2d1859bd4b95530a2e6600a6db8b	gi|645320588|ref|NR_117758.1|	96.388	443	15	1	1	443	322	763	0.0	728	166486
3c7e2d1859bd4b95530a2e6600a6db8b	gi|228716944|ref|NR_027557.1|	96.388	443	15	1	1	443	343	784	0.0	728	536231
3c7e2d1859bd4b95530a2e6600a6db8b	gi|2363085149|ref|NR_180823.1|	96.388	443	13	1	1	443	357	796	0.0	726	2606634
3c7e2d1859bd4b95530a2e6600a6db8b	gi|444439494|ref|NR_074809.1|	95.937	443	16	1	1	443	350	790	0.0	717	585394
3c7e2d1859bd4b95530a2e6600a6db8b	gi|444304209|ref|NR_074634.1|	95.937	443	15	1	1	443	350	789	0.0	715	515619
3c7e2d1859bd4b95530a2e6600a6db8b	gi|2363086282|ref|NR_181393.1|	95.937	443	15	1	1	443	290	729	0.0	715	2763664
3c7e2d1859bd4b95530a2e6600a6db8b	gi|559795194|ref|NR_104783.1|	95.937	443	15	1	1	443	353	792	0.0	715	290052
3c7e2d1859bd4b95530a2e6600a6db8b	gi|1227086116|ref|NR_148619.1|	95.721	444	16	2	1	443	301	742	0.0	712	1712665
fb93020cd9ad241bd58c3e9e5b5b52c4	gi|343200664|ref|NR_041351.1|	99.565	460	2	0	1	460	341	800	0.0	839	357276
fb93020cd9ad241bd58c3e9e5b5b52c4	gi|444304091|ref|NR_074515.1|	98.696	460	6	0	1	460	350	809	0.0	817	435590
fb93020cd9ad241bd58c3e9e5b5b52c4	gi|631251748|ref|NR_112946.1|	98.696	460	6	0	1	460	339	798	0.0	817	821
fb93020cd9ad241bd58c3e9e5b5b52c4	gi|631250946|ref|NR_112143.1|	98.478	460	7	0	1	460	307	766	0.0	811	821
fb93020cd9ad241bd58c3e9e5b5b52c4	gi|631251997|ref|NR_113195.1|	93.696	460	29	0	1	460	338	797	0.0	689	1236515
fb93020cd9ad241bd58c3e9e5b5b52c4	gi|631251866|ref|NR_113064.1|	93.478	460	30	0	1	460	338	797	0.0	684	1236538
fb93020cd9ad241bd58c3e9e5b5b52c4	gi|631251817|ref|NR_113015.1|	93.478	460	30	0	1	460	338	797	0.0	684	1236538
fb93020cd9ad241bd58c3e9e5b5b52c4	gi|645320081|ref|NR_117373.1|	93.478	460	30	0	1	460	289	748	0.0	684	1236515
fb93020cd9ad241bd58c3e9e5b5b52c4	gi|2363085522|ref|NR_181010.1|	93.275	461	29	2	1	460	297	756	0.0	678	2786956
fb93020cd9ad241bd58c3e9e5b5b52c4	gi|2363082773|ref|NR_179635.1|	93.261	460	31	0	1	460	338	797	0.0	678	2024197
506953698fa804687501ea319a463c60	gi|631251734|ref|NR_112932.1|	98.913	460	5	0	1	460	328	787	0.0	822	47678
506953698fa804687501ea319a463c60	gi|219846650|ref|NR_026242.1|	98.913	460	5	0	1	460	318	777	0.0	822	47678
506953698fa804687501ea319a463c60	gi|631251869|ref|NR_113067.1|	97.174	460	13	0	1	460	325	784	0.0	778	1077285
506953698fa804687501ea319a463c60	gi|343200626|ref|NR_041313.1|	97.174	460	13	0	1	460	340	799	0.0	778	338188
506953698fa804687501ea319a463c60	gi|645320100|ref|NR_117387.1|	96.957	460	14	0	1	460	320	779	0.0	773	1077285
506953698fa804687501ea319a463c60	gi|631251749|ref|NR_112947.1|	96.739	460	15	0	1	460	326	785	0.0	769	657309
506953698fa804687501ea319a463c60	gi|2363084431|ref|NR_180463.1|	96.739	460	15	0	1	460	340	799	0.0	767	2650158
506953698fa804687501ea319a463c60	gi|2363084421|ref|NR_180458.1|	96.739	460	15	0	1	460	340	799	0.0	767	2650157
506953698fa804687501ea319a463c60	gi|343201773|ref|NR_042499.1|	96.739	460	15	0	1	460	294	753	0.0	767	657309
506953698fa804687501ea319a463c60	gi|343200620|ref|NR_041307.1|	96.739	460	15	0	1	460	334	793	0.0	767	329854
df579d19de5bbd19972b53e3b51ab0b4	gi|444304012|ref|NR_074436.1|	98.206	446	8	0	1	446	321	766	0.0	780	239935
df579d19de5bbd19972b53e3b51ab0b4	gi|343202494|ref|NR_042817.1|	98.206	446	8	0	1	446	301	746	0.0	780	349741
df579d19de5bbd19972b53e3b51ab0b4	gi|1315204026|ref|NR_152695.1|	92.873	449	28	3	1	446	300	747	0.0	649	1679444
df579d19de5bbd19972b53e3b51ab0b4	gi|219846674|ref|NR_026266.1|	85.408	466	46	8	1	446	304	767	1.74e-131	468	240016
df579d19de5bbd19972b53e3b51ab0b4	gi|343200983|ref|NR_041670.1|	85.439	467	45	9	1	446	298	762	6.27e-131	466	490092
df579d19de5bbd19972b53e3b51ab0b4	gi|2260349445|ref|NR_176527.1|	85.376	465	47	7	1	446	318	780	8.11e-130	462	2576071
df579d19de5bbd19972b53e3b51ab0b4	gi|343200937|ref|NR_041624.1|	85.225	467	46	9	1	446	321	785	1.05e-128	459	454151
df579d19de5bbd19972b53e3b51ab0b4	gi|343200984|ref|NR_041671.1|	84.979	466	49	9	1	446	320	784	4.88e-127	453	490093
df579d19de5bbd19972b53e3b51ab0b4	gi|959494970|ref|NR_133826.1|	84.615	468	46	16	1	446	286	749	1.06e-123	442	1144682
df579d19de5bbd19972b53e3b51ab0b4	gi|343200987|ref|NR_041674.1|	84.549	466	51	9	1	446	319	783	1.06e-123	442	490096
9bf798ad19a2dbcf691c1b8cd1202265	gi|343198540|ref|NR_042832.1|	99.546	441	2	0	1	441	330	770	0.0	804	301302
9bf798ad19a2dbcf691c1b8cd1202265	gi|444439494|ref|NR_074809.1|	98.639	441	6	0	1	441	350	790	0.0	782	585394
9bf798ad19a2dbcf691c1b8cd1202265	gi|645320588|ref|NR_117758.1|	98.643	442	5	1	1	441	322	763	0.0	782	166486
9bf798ad19a2dbcf691c1b8cd1202265	gi|228716944|ref|NR_027557.1|	98.643	442	5	1	1	441	343	784	0.0	782	536231
9bf798ad19a2dbcf691c1b8cd1202265	gi|444304209|ref|NR_074634.1|	98.413	441	6	1	1	441	350	789	0.0	774	515619
9bf798ad19a2dbcf691c1b8cd1202265	gi|343201282|ref|NR_042008.1|	98.413	441	6	1	1	441	341	780	0.0	774	585394
9bf798ad19a2dbcf691c1b8cd1202265	gi|1227086116|ref|NR_148619.1|	97.964	442	8	1	1	441	301	742	0.0	765	1712665
9bf798ad19a2dbcf691c1b8cd1202265	gi|343201281|ref|NR_042007.1|	97.748	444	5	5	1	441	343	784	0.0	760	622312
9bf798ad19a2dbcf691c1b8cd1202265	gi|2363086282|ref|NR_181393.1|	97.506	441	10	1	1	441	290	729	0.0	752	2763664
9bf798ad19a2dbcf691c1b8cd1202265	gi|2363085153|ref|NR_180825.1|	97.279	441	12	0	1	441	347	787	0.0	749	2605790
a9b21822fab84ae99f28d35314e35d86	gi|343201281|ref|NR_042007.1|	97.059	442	13	0	1	442	343	784	0.0	745	622312
a9b21822fab84ae99f28d35314e35d86	gi|559795150|ref|NR_104737.1|	96.380	442	14	1	1	442	346	785	0.0	726	1732
a9b21822fab84ae99f28d35314e35d86	gi|1315204019|ref|NR_152688.1|	96.163	443	13	3	1	442	348	787	0.0	721	433279
a9b21822fab84ae99f28d35314e35d86	gi|2363085153|ref|NR_180825.1|	95.946	444	13	5	1	442	347	787	0.0	715	2605790
a9b21822fab84ae99f28d35314e35d86	gi|2363082059|ref|NR_179276.1|	95.711	443	15	3	1	442	334	773	0.0	710	2316025
a9b21822fab84ae99f28d35314e35d86	gi|645320588|ref|NR_117758.1|	95.495	444	16	4	1	442	322	763	0.0	706	166486
a9b21822fab84ae99f28d35314e35d86	gi|228716944|ref|NR_027557.1|	95.495	444	16	4	1	442	343	784	0.0	706	536231
a9b21822fab84ae99f28d35314e35d86	gi|2363085133|ref|NR_180815.1|	95.485	443	16	3	1	442	350	789	0.0	704	2606633
a9b21822fab84ae99f28d35314e35d86	gi|1909404440|ref|NR_170495.1|	95.485	443	16	3	1	442	355	794	0.0	704	2509240
a9b21822fab84ae99f28d35314e35d86	gi|2363083556|ref|NR_180026.1|	95.485	443	16	3	1	442	348	787	0.0	704	2696678
9e3a6cf4d7332a90d1c8f77ae814096e	gi|343198671|ref|NR_043231.1|	98.925	465	5	0	1	465	283	747	0.0	832	308994
9e3a6cf4d7332a90d1c8f77ae814096e	gi|631252159|ref|NR_113357.1|	98.712	466	5	1	1	465	356	821	0.0	826	308994
9e3a6cf4d7332a90d1c8f77ae814096e	gi|343200979|ref|NR_041666.1|	95.708	466	18	2	1	465	336	800	0.0	749	742743
9e3a6cf4d7332a90d1c8f77ae814096e	gi|631252158|ref|NR_113356.1|	95.064	466	20	3	1	465	355	818	0.0	730	309120
9e3a6cf4d7332a90d1c8f77ae814096e	gi|343198462|ref|NR_041895.1|	95.064	466	20	3	1	465	296	759	0.0	730	888062
9e3a6cf4d7332a90d1c8f77ae814096e	gi|219846637|ref|NR_026229.1|	93.133	466	30	2	1	465	336	800	0.0	682	39950
9e3a6cf4d7332a90d1c8f77ae814096e	gi|343199044|ref|NR_044400.1|	92.489	466	33	2	1	465	314	778	0.0	665	464322
9e3a6cf4d7332a90d1c8f77ae814096e	gi|219857641|ref|NR_025230.1|	92.094	468	33	4	1	465	285	751	0.0	656	187326
9e3a6cf4d7332a90d1c8f77ae814096e	gi|343205705|ref|NR_044091.1|	91.631	466	37	2	1	465	240	704	0.0	643	423477
9e3a6cf4d7332a90d1c8f77ae814096e	gi|219846172|ref|NR_025762.1|	91.631	466	37	2	1	465	304	768	0.0	643	248316
b93b72f0cd72d3bc0edf1556722fc9dd	gi|265678656|ref|NR_028961.1|	99.545	440	2	0	1	440	327	766	0.0	802	853
b93b72f0cd72d3bc0edf1556722fc9dd	gi|2363081451|ref|NR_178972.1|	99.318	440	3	0	1	440	285	724	0.0	797	1851428
b93b72f0cd72d3bc0edf1556722fc9dd	gi|2363080123|ref|NR_178280.1|	99.318	440	3	0	1	440	331	770	0.0	797	411483
b93b72f0cd72d3bc0edf1556722fc9dd	gi|3030611269|ref|NR_199945.1|	99.091	440	4	0	1	440	335	774	0.0	791	3435293
b93b72f0cd72d3bc0edf1556722fc9dd	gi|2363081449|ref|NR_178971.1|	98.864	440	4	1	1	440	285	723	0.0	784	1851427
b93b72f0cd72d3bc0edf1556722fc9dd	gi|2363082282|ref|NR_179388.1|	98.639	441	4	2	1	440	335	774	0.0	780	2935520
b93b72f0cd72d3bc0edf1556722fc9dd	gi|2363080175|ref|NR_178311.1|	97.045	440	13	0	1	440	412	851	0.0	741	2903556
b93b72f0cd72d3bc0edf1556722fc9dd	gi|1397641802|ref|NR_156911.1|	92.955	440	31	0	1	440	351	790	0.0	641	1650663
b93b72f0cd72d3bc0edf1556722fc9dd	gi|2363084747|ref|NR_180622.1|	92.971	441	29	2	1	440	335	774	0.0	641	2779354
b93b72f0cd72d3bc0edf1556722fc9dd	gi|2363082356|ref|NR_179425.1|	92.955	440	31	0	1	440	351	790	0.0	641	1689304
0b1fa20d6c91bfcfb651db9acd7af9a4	gi|631252157|ref|NR_113355.1|	99.570	465	2	0	1	465	356	820	0.0	848	218538
0b1fa20d6c91bfcfb651db9acd7af9a4	gi|219846090|ref|NR_025680.1|	99.570	465	2	0	1	465	336	800	0.0	848	592028
0b1fa20d6c91bfcfb651db9acd7af9a4	gi|343198671|ref|NR_043231.1|	95.064	466	21	2	1	465	283	747	0.0	732	308994
0b1fa20d6c91bfcfb651db9acd7af9a4	gi|631252159|ref|NR_113357.1|	94.861	467	21	3	1	465	356	821	0.0	726	308994
0b1fa20d6c91bfcfb651db9acd7af9a4	gi|343200979|ref|NR_041666.1|	94.194	465	27	0	1	465	336	800	0.0	710	742743
0b1fa20d6c91bfcfb651db9acd7af9a4	gi|2363082841|ref|NR_179669.1|	94.004	467	24	4	1	465	360	824	0.0	704	2161821
0b1fa20d6c91bfcfb651db9acd7af9a4	gi|2363082109|ref|NR_179301.1|	94.004	467	24	4	1	465	344	808	0.0	704	2582419
0b1fa20d6c91bfcfb651db9acd7af9a4	gi|631252158|ref|NR_113356.1|	93.348	466	28	3	1	465	355	818	0.0	686	309120
0b1fa20d6c91bfcfb651db9acd7af9a4	gi|343198462|ref|NR_041895.1|	93.348	466	28	3	1	465	296	759	0.0	686	888062
0b1fa20d6c91bfcfb651db9acd7af9a4	gi|219846637|ref|NR_026229.1|	91.880	468	32	4	1	465	336	800	0.0	649	39950
52215ade5fd924138f5316fd6bd32c6a	gi|343200980|ref|NR_041667.1|	99.570	465	2	0	1	465	320	784	0.0	848	487175
52215ade5fd924138f5316fd6bd32c6a	gi|631252130|ref|NR_113328.1|	91.649	467	35	4	1	465	332	796	0.0	643	626947
52215ade5fd924138f5316fd6bd32c6a	gi|631251705|ref|NR_112903.1|	91.649	467	35	4	1	465	312	776	0.0	643	626947
52215ade5fd924138f5316fd6bd32c6a	gi|2363082296|ref|NR_179395.1|	89.936	467	43	4	1	465	330	794	4.79e-172	603	1506471
52215ade5fd924138f5316fd6bd32c6a	gi|2136551693|ref|NR_173698.1|	89.507	467	45	4	1	465	318	782	8.01e-170	595	2259133
52215ade5fd924138f5316fd6bd32c6a	gi|1811131556|ref|NR_165738.1|	89.722	467	44	4	1	465	309	773	2.88e-169	593	2490857
52215ade5fd924138f5316fd6bd32c6a	gi|1246951785|ref|NR_149789.1|	89.462	465	49	0	1	465	297	761	1.34e-167	588	1783360
52215ade5fd924138f5316fd6bd32c6a	gi|1246951779|ref|NR_149783.1|	89.507	467	45	4	1	465	337	801	1.34e-167	588	1769758
52215ade5fd924138f5316fd6bd32c6a	gi|2363086886|ref|NR_181700.1|	89.507	467	45	4	1	465	329	793	1.34e-167	588	2825886
52215ade5fd924138f5316fd6bd32c6a	gi|2363086884|ref|NR_181699.1|	89.507	467	45	4	1	465	329	793	1.34e-167	588	2825884
5b4525c3b2dd4441b67e3e8fd083b877	gi|559795255|ref|NR_104846.1|	96.818	440	14	0	1	440	288	727	0.0	736	745368
5b4525c3b2dd4441b67e3e8fd083b877	gi|265678692|ref|NR_028997.1|	95.918	441	17	1	1	440	303	743	0.0	713	214851
5b4525c3b2dd4441b67e3e8fd083b877	gi|3030611269|ref|NR_199945.1|	95.000	440	22	0	1	440	335	774	0.0	691	3435293
5b4525c3b2dd4441b67e3e8fd083b877	gi|265678656|ref|NR_028961.1|	94.545	440	24	0	1	440	327	766	0.0	680	853
5b4525c3b2dd4441b67e3e8fd083b877	gi|2363081451|ref|NR_178972.1|	94.318	440	25	0	1	440	285	724	0.0	675	1851428
5b4525c3b2dd4441b67e3e8fd083b877	gi|2363080123|ref|NR_178280.1|	94.318	440	25	0	1	440	331	770	0.0	675	411483
5b4525c3b2dd4441b67e3e8fd083b877	gi|2363081449|ref|NR_178971.1|	94.091	440	25	1	1	440	285	723	0.0	667	1851427
5b4525c3b2dd4441b67e3e8fd083b877	gi|2363082356|ref|NR_179425.1|	93.864	440	27	0	1	440	351	790	0.0	664	1689304
5b4525c3b2dd4441b67e3e8fd083b877	gi|1397641802|ref|NR_156911.1|	93.636	440	28	0	1	440	351	790	0.0	658	1650663
5b4525c3b2dd4441b67e3e8fd083b877	gi|2363082282|ref|NR_179388.1|	93.651	441	26	2	1	440	335	774	0.0	658	2935520
f3d88ce4aaae0e63a5de0c7d20ca7186	gi|631253128|ref|NR_114326.1|	99.318	440	3	0	1	440	334	773	0.0	797	1150298
f3d88ce4aaae0e63a5de0c7d20ca7186	gi|2363087259|ref|NR_181885.1|	96.591	440	15	0	1	440	335	774	0.0	732	2885351
f3d88ce4aaae0e63a5de0c7d20ca7186	gi|974142252|ref|NR_134772.1|	96.364	440	16	0	1	440	297	736	0.0	725	1337051
f3d88ce4aaae0e63a5de0c7d20ca7186	gi|343205837|ref|NR_044289.1|	96.136	440	17	0	1	440	328	767	0.0	719	460384
f3d88ce4aaae0e63a5de0c7d20ca7186	gi|3030611230|ref|NR_199906.1|	95.909	440	18	0	1	440	354	793	0.0	713	3123317
f3d88ce4aaae0e63a5de0c7d20ca7186	gi|2363085103|ref|NR_180800.1|	95.909	440	18	0	1	440	347	786	0.0	713	2652274
f3d88ce4aaae0e63a5de0c7d20ca7186	gi|3030611314|ref|NR_199990.1|	95.909	440	18	0	1	440	350	789	0.0	713	3123317
f3d88ce4aaae0e63a5de0c7d20ca7186	gi|1384992331|ref|NR_156080.1|	95.909	440	18	0	1	440	336	775	0.0	713	1469948
f3d88ce4aaae0e63a5de0c7d20ca7186	gi|1384992328|ref|NR_156077.1|	95.909	440	18	0	1	440	336	775	0.0	713	1469948
f3d88ce4aaae0e63a5de0c7d20ca7186	gi|1116030273|ref|NR_144731.1|	95.909	440	18	0	1	440	347	786	0.0	713	1720294
61feb6628136bbbad990290c8ac50c17	gi|631251749|ref|NR_112947.1|	98.696	460	6	0	1	460	326	785	0.0	819	657309
61feb6628136bbbad990290c8ac50c17	gi|2363084431|ref|NR_180463.1|	98.696	460	6	0	1	460	340	799	0.0	817	2650158
61feb6628136bbbad990290c8ac50c17	gi|343201773|ref|NR_042499.1|	98.696	460	6	0	1	460	294	753	0.0	817	657309
61feb6628136bbbad990290c8ac50c17	gi|631251733|ref|NR_112931.1|	98.043	460	9	0	1	460	340	799	0.0	800	85831
61feb6628136bbbad990290c8ac50c17	gi|265678305|ref|NR_028607.1|	98.039	459	9	0	2	460	333	791	0.0	798	85831
61feb6628136bbbad990290c8ac50c17	gi|645322410|ref|NR_119165.1|	97.391	460	12	0	1	460	319	778	0.0	791	28116
61feb6628136bbbad990290c8ac50c17	gi|1491509587|ref|NR_159118.1|	97.391	460	12	0	1	460	310	769	0.0	784	28116
61feb6628136bbbad990290c8ac50c17	gi|1491509586|ref|NR_159117.1|	97.391	460	12	0	1	460	301	760	0.0	784	28116
61feb6628136bbbad990290c8ac50c17	gi|631251869|ref|NR_113067.1|	97.391	460	12	0	1	460	325	784	0.0	784	1077285
61feb6628136bbbad990290c8ac50c17	gi|631251742|ref|NR_112940.1|	97.391	460	12	0	1	460	327	786	0.0	784	28116
aef171a3aeb9b0ccb11dec1e816de920	gi|2363082288|ref|NR_179391.1|	97.955	440	9	0	1	440	332	771	0.0	763	1499684
aef171a3aeb9b0ccb11dec1e816de920	gi|1116030238|ref|NR_144696.1|	97.955	440	9	0	1	440	333	772	0.0	763	1414720
aef171a3aeb9b0ccb11dec1e816de920	gi|219846899|ref|NR_026491.1|	97.955	440	9	0	1	440	319	758	0.0	763	84024
aef171a3aeb9b0ccb11dec1e816de920	gi|219846557|ref|NR_026149.1|	97.500	440	11	0	1	440	325	764	0.0	752	36850
aef171a3aeb9b0ccb11dec1e816de920	gi|219846575|ref|NR_026167.1|	96.833	442	11	2	1	440	246	686	0.0	739	36834
aef171a3aeb9b0ccb11dec1e816de920	gi|631252127|ref|NR_113325.1|	96.591	440	15	0	1	440	333	772	0.0	730	1559
aef171a3aeb9b0ccb11dec1e816de920	gi|219846898|ref|NR_026490.1|	96.591	440	15	0	1	440	320	759	0.0	730	84031
aef171a3aeb9b0ccb11dec1e816de920	gi|310975222|ref|NR_037086.1|	96.591	440	15	0	1	440	316	755	0.0	730	1559
aef171a3aeb9b0ccb11dec1e816de920	gi|636558671|ref|NR_114728.1|	96.591	440	15	0	1	440	287	726	0.0	730	1559
aef171a3aeb9b0ccb11dec1e816de920	gi|219846429|ref|NR_026020.1|	96.364	440	16	0	1	440	333	772	0.0	725	1504
67a1ac106106e42dd4be97fc03addaa1	gi|631251954|ref|NR_113152.1|	99.130	460	4	0	1	460	337	796	0.0	828	28117
67a1ac106106e42dd4be97fc03addaa1	gi|219846319|ref|NR_025909.1|	96.304	460	17	0	1	460	344	803	0.0	776	28117
67a1ac106106e42dd4be97fc03addaa1	gi|645321193|ref|NR_118219.1|	96.746	461	13	2	1	460	332	791	0.0	767	1033732
67a1ac106106e42dd4be97fc03addaa1	gi|672239000|ref|NR_125589.1|	96.529	461	14	2	1	460	269	728	0.0	761	1033731
67a1ac106106e42dd4be97fc03addaa1	gi|2363086959|ref|NR_181736.1|	96.312	461	15	2	1	460	334	793	0.0	756	2834113
67a1ac106106e42dd4be97fc03addaa1	gi|2363082099|ref|NR_179296.1|	96.312	461	15	2	1	460	324	783	0.0	756	2585119
67a1ac106106e42dd4be97fc03addaa1	gi|631251953|ref|NR_113151.1|	95.887	462	15	4	1	460	338	797	0.0	745	328813
67a1ac106106e42dd4be97fc03addaa1	gi|343202833|ref|NR_043318.1|	95.887	462	15	4	1	460	324	783	0.0	745	328813
67a1ac106106e42dd4be97fc03addaa1	gi|2363082505|ref|NR_179499.1|	95.464	463	15	6	1	460	342	801	0.0	734	2364787
67a1ac106106e42dd4be97fc03addaa1	gi|507148137|ref|NR_102944.1|	95.445	461	19	2	1	460	334	793	0.0	734	214856
f241c64cb46859d4f9bb386bb1f0d93a	gi|265678656|ref|NR_028961.1|	99.091	440	4	0	1	440	327	766	0.0	791	853
f241c64cb46859d4f9bb386bb1f0d93a	gi|2363081451|ref|NR_178972.1|	98.864	440	5	0	1	440	285	724	0.0	785	1851428
f241c64cb46859d4f9bb386bb1f0d93a	gi|2363080123|ref|NR_178280.1|	98.864	440	5	0	1	440	331	770	0.0	785	411483
f241c64cb46859d4f9bb386bb1f0d93a	gi|3030611269|ref|NR_199945.1|	98.636	440	6	0	1	440	335	774	0.0	780	3435293
f241c64cb46859d4f9bb386bb1f0d93a	gi|2363081449|ref|NR_178971.1|	99.072	431	4	0	1	431	285	715	0.0	774	1851427
f241c64cb46859d4f9bb386bb1f0d93a	gi|2363082282|ref|NR_179388.1|	98.186	441	6	2	1	440	335	774	0.0	769	2935520
f241c64cb46859d4f9bb386bb1f0d93a	gi|2363080175|ref|NR_178311.1|	96.591	440	15	0	1	440	412	851	0.0	730	2903556
f241c64cb46859d4f9bb386bb1f0d93a	gi|1397641802|ref|NR_156911.1|	92.500	440	33	0	1	440	351	790	2.07e-180	630	1650663
f241c64cb46859d4f9bb386bb1f0d93a	gi|2363084747|ref|NR_180622.1|	92.517	441	31	2	1	440	335	774	2.07e-180	630	2779354
f241c64cb46859d4f9bb386bb1f0d93a	gi|2363082356|ref|NR_179425.1|	92.500	440	33	0	1	440	351	790	2.07e-180	630	1689304
1430dfb6b8300be5c4d913893cc1048f	gi|343198540|ref|NR_042832.1|	99.320	441	3	0	1	441	330	770	0.0	798	301302
1430dfb6b8300be5c4d913893cc1048f	gi|444439494|ref|NR_074809.1|	98.413	441	7	0	1	441	350	790	0.0	776	585394
1430dfb6b8300be5c4d913893cc1048f	gi|645320588|ref|NR_117758.1|	98.416	442	6	1	1	441	322	763	0.0	776	166486
1430dfb6b8300be5c4d913893cc1048f	gi|228716944|ref|NR_027557.1|	98.416	442	6	1	1	441	343	784	0.0	776	536231
1430dfb6b8300be5c4d913893cc1048f	gi|444304209|ref|NR_074634.1|	98.186	441	7	1	1	441	350	789	0.0	769	515619
1430dfb6b8300be5c4d913893cc1048f	gi|343201282|ref|NR_042008.1|	98.186	441	7	1	1	441	341	780	0.0	769	585394
1430dfb6b8300be5c4d913893cc1048f	gi|1227086116|ref|NR_148619.1|	97.738	442	9	1	1	441	301	742	0.0	760	1712665
1430dfb6b8300be5c4d913893cc1048f	gi|343201281|ref|NR_042007.1|	97.523	444	6	5	1	441	343	784	0.0	754	622312
1430dfb6b8300be5c4d913893cc1048f	gi|2363086282|ref|NR_181393.1|	97.279	441	11	1	1	441	290	729	0.0	747	2763664
1430dfb6b8300be5c4d913893cc1048f	gi|2363085153|ref|NR_180825.1|	97.052	441	13	0	1	441	347	787	0.0	743	2605790
3c7f66fa167b7c14723518a77a244fc3	gi|1277396381|ref|NR_152095.1|	97.500	440	11	0	1	440	348	787	0.0	752	1679721
3c7f66fa167b7c14723518a77a244fc3	gi|645321792|ref|NR_118676.1|	96.818	440	14	0	1	440	370	809	0.0	745	39497
3c7f66fa167b7c14723518a77a244fc3	gi|219846511|ref|NR_026103.1|	96.818	440	14	0	1	440	316	755	0.0	736	37658
3c7f66fa167b7c14723518a77a244fc3	gi|1277396183|ref|NR_151894.1|	96.818	440	14	0	1	440	335	774	0.0	736	433293
3c7f66fa167b7c14723518a77a244fc3	gi|961555123|ref|NR_134091.1|	96.364	440	16	0	1	440	335	774	0.0	725	1462919
3c7f66fa167b7c14723518a77a244fc3	gi|343202586|ref|NR_042953.1|	96.364	440	16	0	1	440	308	747	0.0	725	264463
3c7f66fa167b7c14723518a77a244fc3	gi|1024974678|ref|NR_136763.1|	96.136	440	17	0	1	440	358	797	0.0	723	1564487
3c7f66fa167b7c14723518a77a244fc3	gi|444304227|ref|NR_074652.1|	96.145	441	15	2	1	440	347	786	0.0	719	66219
3c7f66fa167b7c14723518a77a244fc3	gi|2136551633|ref|NR_173637.1|	96.136	440	17	0	1	440	294	733	0.0	719	2755051
3c7f66fa167b7c14723518a77a244fc3	gi|631252121|ref|NR_113319.1|	96.136	440	17	0	1	440	350	789	0.0	719	645466
19a1b50b3b4225c652eee1dd32759933	gi|2363082165|ref|NR_179329.1|	98.869	442	5	0	1	442	327	768	0.0	789	2714353
19a1b50b3b4225c652eee1dd32759933	gi|2363082168|ref|NR_179330.1|	98.643	442	6	0	1	442	327	768	0.0	784	2714355
19a1b50b3b4225c652eee1dd32759933	gi|645321110|ref|NR_118156.1|	94.131	443	24	2	1	442	304	745	0.0	673	1007096
19a1b50b3b4225c652eee1dd32759933	gi|2962412234|ref|NR_199428.1|	93.905	443	25	2	1	442	352	793	0.0	667	3073143
19a1b50b3b4225c652eee1dd32759933	gi|1269801610|ref|NR_074793.2|	93.679	443	26	2	1	442	355	796	0.0	662	351091
19a1b50b3b4225c652eee1dd32759933	gi|343200653|ref|NR_041340.1|	93.679	443	26	2	1	442	328	769	0.0	662	351091
19a1b50b3b4225c652eee1dd32759933	gi|2363087001|ref|NR_181757.1|	93.483	445	23	6	1	442	289	730	0.0	656	2841504
19a1b50b3b4225c652eee1dd32759933	gi|2260349448|ref|NR_176530.1|	93.002	443	29	2	1	442	358	799	0.0	645	2093857
19a1b50b3b4225c652eee1dd32759933	gi|2363082559|ref|NR_179526.1|	93.002	443	29	2	1	442	349	790	0.0	645	1841866
19a1b50b3b4225c652eee1dd32759933	gi|2363082170|ref|NR_179331.1|	93.002	443	30	1	1	442	328	770	0.0	645	2714358
b66b23862bd2739187dc4ec05efb6083	gi|2363085169|ref|NR_180833.1|	99.318	440	3	0	1	440	337	776	0.0	797	2606635
b66b23862bd2739187dc4ec05efb6083	gi|310975204|ref|NR_037068.1|	97.052	441	11	2	1	440	341	780	0.0	741	29375
b66b23862bd2739187dc4ec05efb6083	gi|3030611230|ref|NR_199906.1|	96.818	440	14	0	1	440	354	793	0.0	736	3123317
b66b23862bd2739187dc4ec05efb6083	gi|3030611314|ref|NR_199990.1|	96.818	440	14	0	1	440	350	789	0.0	736	3123317
b66b23862bd2739187dc4ec05efb6083	gi|2836274880|ref|NR_197643.1|	96.818	440	14	0	1	440	329	768	0.0	736	2962432
b66b23862bd2739187dc4ec05efb6083	gi|1384992331|ref|NR_156080.1|	96.818	440	14	0	1	440	336	775	0.0	736	1469948
b66b23862bd2739187dc4ec05efb6083	gi|1384992328|ref|NR_156077.1|	96.818	440	14	0	1	440	336	775	0.0	736	1469948
b66b23862bd2739187dc4ec05efb6083	gi|559795307|ref|NR_104899.1|	96.818	440	14	0	1	440	328	767	0.0	736	384636
b66b23862bd2739187dc4ec05efb6083	gi|645322280|ref|NR_119068.1|	96.825	441	11	3	1	440	315	753	0.0	734	36832
b66b23862bd2739187dc4ec05efb6083	gi|2363082679|ref|NR_179587.1|	96.591	440	15	0	1	440	328	767	0.0	730	1926283
e50fe7cea6677a26d40553cdd3d8899f	gi|631251954|ref|NR_113152.1|	99.565	460	2	0	1	460	337	796	0.0	839	28117
e50fe7cea6677a26d40553cdd3d8899f	gi|219846319|ref|NR_025909.1|	96.739	460	15	0	1	460	344	803	0.0	787	28117
e50fe7cea6677a26d40553cdd3d8899f	gi|645321193|ref|NR_118219.1|	97.180	461	11	2	1	460	332	791	0.0	778	1033732
e50fe7cea6677a26d40553cdd3d8899f	gi|672239000|ref|NR_125589.1|	96.963	461	12	2	1	460	269	728	0.0	773	1033731
e50fe7cea6677a26d40553cdd3d8899f	gi|2363086959|ref|NR_181736.1|	96.746	461	13	2	1	460	334	793	0.0	767	2834113
e50fe7cea6677a26d40553cdd3d8899f	gi|2363082099|ref|NR_179296.1|	96.746	461	13	2	1	460	324	783	0.0	767	2585119
e50fe7cea6677a26d40553cdd3d8899f	gi|631251953|ref|NR_113151.1|	96.320	462	13	4	1	460	338	797	0.0	756	328813
e50fe7cea6677a26d40553cdd3d8899f	gi|343202833|ref|NR_043318.1|	96.320	462	13	4	1	460	324	783	0.0	756	328813
e50fe7cea6677a26d40553cdd3d8899f	gi|2363082505|ref|NR_179499.1|	95.896	463	13	6	1	460	342	801	0.0	745	2364787
e50fe7cea6677a26d40553cdd3d8899f	gi|507148137|ref|NR_102944.1|	95.879	461	17	2	1	460	334	793	0.0	745	214856
f1622613e87ff54ed0acc5e1668dd511	gi|444304091|ref|NR_074515.1|	99.130	460	4	0	1	460	350	809	0.0	828	435590
f1622613e87ff54ed0acc5e1668dd511	gi|631251748|ref|NR_112946.1|	99.130	460	4	0	1	460	339	798	0.0	828	821
f1622613e87ff54ed0acc5e1668dd511	gi|631250946|ref|NR_112143.1|	98.913	460	5	0	1	460	307	766	0.0	822	821
f1622613e87ff54ed0acc5e1668dd511	gi|343200664|ref|NR_041351.1|	98.478	460	7	0	1	460	341	800	0.0	811	357276
f1622613e87ff54ed0acc5e1668dd511	gi|631251997|ref|NR_113195.1|	93.913	460	28	0	1	460	338	797	0.0	695	1236515
f1622613e87ff54ed0acc5e1668dd511	gi|631251866|ref|NR_113064.1|	93.696	460	29	0	1	460	338	797	0.0	689	1236538
f1622613e87ff54ed0acc5e1668dd511	gi|631251817|ref|NR_113015.1|	93.696	460	29	0	1	460	338	797	0.0	689	1236538
f1622613e87ff54ed0acc5e1668dd511	gi|645320081|ref|NR_117373.1|	93.696	460	29	0	1	460	289	748	0.0	689	1236515
f1622613e87ff54ed0acc5e1668dd511	gi|2363085522|ref|NR_181010.1|	93.261	460	31	0	1	460	297	756	0.0	678	2786956
f1622613e87ff54ed0acc5e1668dd511	gi|631251874|ref|NR_113072.1|	93.261	460	31	0	1	460	338	797	0.0	678	1236512
b2848804787cad538a3b3ccad89de010	gi|631251747|ref|NR_112945.1|	99.348	460	3	0	1	460	327	786	0.0	833	820
b2848804787cad538a3b3ccad89de010	gi|343200179|ref|NR_040866.1|	99.348	460	3	0	1	460	334	793	0.0	833	820
b2848804787cad538a3b3ccad89de010	gi|2363086550|ref|NR_181532.1|	98.913	460	5	0	1	460	322	781	0.0	822	2763025
b2848804787cad538a3b3ccad89de010	gi|631251874|ref|NR_113072.1|	97.391	460	12	0	1	460	338	797	0.0	784	1236512
b2848804787cad538a3b3ccad89de010	gi|2363082773|ref|NR_179635.1|	97.174	460	13	0	1	460	338	797	0.0	778	2024197
b2848804787cad538a3b3ccad89de010	gi|631251816|ref|NR_113014.1|	97.174	460	13	0	1	460	338	797	0.0	778	1236512
b2848804787cad538a3b3ccad89de010	gi|631251735|ref|NR_112933.1|	96.522	460	16	0	1	460	334	793	0.0	761	246787
b2848804787cad538a3b3ccad89de010	gi|343200620|ref|NR_041307.1|	96.304	460	17	0	1	460	334	793	0.0	756	329854
b2848804787cad538a3b3ccad89de010	gi|2363084421|ref|NR_180458.1|	96.087	460	18	0	1	460	340	799	0.0	750	2650157
b2848804787cad538a3b3ccad89de010	gi|2363082635|ref|NR_179564.1|	96.087	460	18	0	1	460	338	797	0.0	750	1903262
6f42ab24f1b66d7a2cd32f7c13452ad6	gi|343198540|ref|NR_042832.1|	99.320	441	3	0	1	441	330	770	0.0	798	301302
6f42ab24f1b66d7a2cd32f7c13452ad6	gi|444439494|ref|NR_074809.1|	98.413	441	7	0	1	441	350	790	0.0	776	585394
6f42ab24f1b66d7a2cd32f7c13452ad6	gi|645320588|ref|NR_117758.1|	98.416	442	6	1	1	441	322	763	0.0	776	166486
6f42ab24f1b66d7a2cd32f7c13452ad6	gi|228716944|ref|NR_027557.1|	98.416	442	6	1	1	441	343	784	0.0	776	536231
6f42ab24f1b66d7a2cd32f7c13452ad6	gi|444304209|ref|NR_074634.1|	98.186	441	7	1	1	441	350	789	0.0	769	515619
6f42ab24f1b66d7a2cd32f7c13452ad6	gi|343201282|ref|NR_042008.1|	98.186	441	7	1	1	441	341	780	0.0	769	585394
6f42ab24f1b66d7a2cd32f7c13452ad6	gi|1227086116|ref|NR_148619.1|	97.738	442	9	1	1	441	301	742	0.0	760	1712665
6f42ab24f1b66d7a2cd32f7c13452ad6	gi|343201281|ref|NR_042007.1|	97.523	444	6	5	1	441	343	784	0.0	754	622312
6f42ab24f1b66d7a2cd32f7c13452ad6	gi|2363086282|ref|NR_181393.1|	97.279	441	11	1	1	441	290	729	0.0	747	2763664
6f42ab24f1b66d7a2cd32f7c13452ad6	gi|2363085153|ref|NR_180825.1|	97.052	441	13	0	1	441	347	787	0.0	743	2605790
c423efb15d876caedf0c7b278e3973ee	gi|2363085169|ref|NR_180833.1|	99.091	440	4	0	1	440	337	776	0.0	791	2606635
c423efb15d876caedf0c7b278e3973ee	gi|310975204|ref|NR_037068.1|	96.825	441	12	2	1	440	341	780	0.0	736	29375
c423efb15d876caedf0c7b278e3973ee	gi|3030611230|ref|NR_199906.1|	96.591	440	15	0	1	440	354	793	0.0	730	3123317
c423efb15d876caedf0c7b278e3973ee	gi|3030611314|ref|NR_199990.1|	96.591	440	15	0	1	440	350	789	0.0	730	3123317
c423efb15d876caedf0c7b278e3973ee	gi|2836274880|ref|NR_197643.1|	96.591	440	15	0	1	440	329	768	0.0	730	2962432
c423efb15d876caedf0c7b278e3973ee	gi|1384992331|ref|NR_156080.1|	96.591	440	15	0	1	440	336	775	0.0	730	1469948
c423efb15d876caedf0c7b278e3973ee	gi|1384992328|ref|NR_156077.1|	96.591	440	15	0	1	440	336	775	0.0	730	1469948
c423efb15d876caedf0c7b278e3973ee	gi|559795307|ref|NR_104899.1|	96.591	440	15	0	1	440	328	767	0.0	730	384636
c423efb15d876caedf0c7b278e3973ee	gi|645322280|ref|NR_119068.1|	96.599	441	12	3	1	440	315	753	0.0	728	36832
c423efb15d876caedf0c7b278e3973ee	gi|2363082679|ref|NR_179587.1|	96.364	440	16	0	1	440	328	767	0.0	725	1926283
daf20fa83dd905573aff5c9fbe28a774	gi|1491509587|ref|NR_159118.1|	99.565	460	2	0	1	460	310	769	0.0	839	28116
daf20fa83dd905573aff5c9fbe28a774	gi|1491509586|ref|NR_159117.1|	99.565	460	2	0	1	460	301	760	0.0	839	28116
daf20fa83dd905573aff5c9fbe28a774	gi|631251742|ref|NR_112940.1|	99.348	460	3	0	1	460	327	786	0.0	833	28116
daf20fa83dd905573aff5c9fbe28a774	gi|636559244|ref|NR_115301.1|	99.348	460	3	0	1	460	320	779	0.0	833	28116
daf20fa83dd905573aff5c9fbe28a774	gi|636560121|ref|NR_116181.1|	99.130	460	3	1	1	460	333	791	0.0	826	28116
daf20fa83dd905573aff5c9fbe28a774	gi|343200178|ref|NR_040865.1|	98.915	461	3	2	1	460	333	792	0.0	822	28116
daf20fa83dd905573aff5c9fbe28a774	gi|645322410|ref|NR_119165.1|	98.478	460	7	0	1	460	319	778	0.0	819	28116
daf20fa83dd905573aff5c9fbe28a774	gi|631251749|ref|NR_112947.1|	97.391	460	12	0	1	460	326	785	0.0	785	657309
daf20fa83dd905573aff5c9fbe28a774	gi|2363084431|ref|NR_180463.1|	97.391	460	12	0	1	460	340	799	0.0	784	2650158
daf20fa83dd905573aff5c9fbe28a774	gi|343201773|ref|NR_042499.1|	97.391	460	12	0	1	460	294	753	0.0	784	657309
b7ff76c6e3236a8d503a6c133a425a6a	gi|1491509587|ref|NR_159118.1|	99.130	460	4	0	1	460	310	769	0.0	828	28116
b7ff76c6e3236a8d503a6c133a425a6a	gi|1491509586|ref|NR_159117.1|	99.130	460	4	0	1	460	301	760	0.0	828	28116
b7ff76c6e3236a8d503a6c133a425a6a	gi|631251742|ref|NR_112940.1|	98.913	460	5	0	1	460	327	786	0.0	822	28116
b7ff76c6e3236a8d503a6c133a425a6a	gi|636559244|ref|NR_115301.1|	98.913	460	5	0	1	460	320	779	0.0	822	28116
b7ff76c6e3236a8d503a6c133a425a6a	gi|636560121|ref|NR_116181.1|	98.696	460	5	1	1	460	333	791	0.0	815	28116
b7ff76c6e3236a8d503a6c133a425a6a	gi|343200178|ref|NR_040865.1|	98.482	461	5	2	1	460	333	792	0.0	811	28116
b7ff76c6e3236a8d503a6c133a425a6a	gi|645322410|ref|NR_119165.1|	98.043	460	9	0	1	460	319	778	0.0	808	28116
b7ff76c6e3236a8d503a6c133a425a6a	gi|631251749|ref|NR_112947.1|	96.957	460	14	0	1	460	326	785	0.0	774	657309
b7ff76c6e3236a8d503a6c133a425a6a	gi|2363084431|ref|NR_180463.1|	96.957	460	14	0	1	460	340	799	0.0	773	2650158
b7ff76c6e3236a8d503a6c133a425a6a	gi|343201773|ref|NR_042499.1|	96.957	460	14	0	1	460	294	753	0.0	773	657309
b5f8e6ffc0c224ddd34f2b738e5535ec	gi|2363082168|ref|NR_179330.1|	90.971	443	39	1	1	443	327	768	7.61e-170	595	2714355
b5f8e6ffc0c224ddd34f2b738e5535ec	gi|2363082165|ref|NR_179329.1|	90.787	445	36	5	1	443	327	768	3.54e-168	590	2714353
b5f8e6ffc0c224ddd34f2b738e5535ec	gi|2363082342|ref|NR_179418.1|	90.541	444	40	2	1	443	348	790	4.58e-167	586	1673721
b5f8e6ffc0c224ddd34f2b738e5535ec	gi|343206380|ref|NR_044972.1|	90.090	444	42	2	1	443	331	773	7.67e-165	579	44749
b5f8e6ffc0c224ddd34f2b738e5535ec	gi|1109168025|ref|NR_144611.1|	90.068	443	44	0	1	443	282	724	9.92e-164	575	1417852
b5f8e6ffc0c224ddd34f2b738e5535ec	gi|444304204|ref|NR_074629.1|	90.090	444	42	2	1	443	341	783	9.92e-164	575	1515
b5f8e6ffc0c224ddd34f2b738e5535ec	gi|631251959|ref|NR_113157.1|	90.090	444	42	2	1	443	341	783	9.92e-164	575	1515
b5f8e6ffc0c224ddd34f2b738e5535ec	gi|645321636|ref|NR_118554.1|	89.888	445	41	4	1	443	329	771	4.61e-162	569	1297617
b5f8e6ffc0c224ddd34f2b738e5535ec	gi|219857201|ref|NR_024829.1|	89.865	444	43	2	1	443	321	763	4.61e-162	569	253314
b5f8e6ffc0c224ddd34f2b738e5535ec	gi|3030611324|ref|NR_200000.1|	89.640	444	44	2	1	443	301	743	2.15e-160	564	3342383
c38d957ba910ab87e614cbc1b575cb56	gi|645320588|ref|NR_117758.1|	99.548	442	2	0	1	442	322	763	0.0	806	166486
c38d957ba910ab87e614cbc1b575cb56	gi|228716944|ref|NR_027557.1|	99.548	442	2	0	1	442	343	784	0.0	806	536231
c38d957ba910ab87e614cbc1b575cb56	gi|444439494|ref|NR_074809.1|	99.095	442	3	1	1	442	350	790	0.0	793	585394
c38d957ba910ab87e614cbc1b575cb56	gi|343201282|ref|NR_042008.1|	98.869	442	3	2	1	442	341	780	0.0	787	585394
c38d957ba910ab87e614cbc1b575cb56	gi|343198540|ref|NR_042832.1|	98.643	442	5	1	1	442	330	770	0.0	782	301302
c38d957ba910ab87e614cbc1b575cb56	gi|1227086116|ref|NR_148619.1|	98.194	443	6	2	1	442	301	742	0.0	773	1712665
c38d957ba910ab87e614cbc1b575cb56	gi|343201281|ref|NR_042007.1|	97.748	444	6	4	1	442	343	784	0.0	761	622312
c38d957ba910ab87e614cbc1b575cb56	gi|2363085153|ref|NR_180825.1|	97.511	442	10	1	1	442	347	787	0.0	754	2605790
c38d957ba910ab87e614cbc1b575cb56	gi|444304209|ref|NR_074634.1|	97.511	442	9	1	1	442	350	789	0.0	754	515619
c38d957ba910ab87e614cbc1b575cb56	gi|2363086282|ref|NR_181393.1|	97.285	442	10	1	1	442	290	729	0.0	749	2763664
0afb11accd1e4bfd38a4e38888002668	gi|631251749|ref|NR_112947.1|	99.130	460	4	0	1	460	326	785	0.0	830	657309
0afb11accd1e4bfd38a4e38888002668	gi|2363084431|ref|NR_180463.1|	99.130	460	4	0	1	460	340	799	0.0	828	2650158
0afb11accd1e4bfd38a4e38888002668	gi|343201773|ref|NR_042499.1|	99.130	460	4	0	1	460	294	753	0.0	828	657309
0afb11accd1e4bfd38a4e38888002668	gi|631251733|ref|NR_112931.1|	98.478	460	7	0	1	460	340	799	0.0	811	85831
0afb11accd1e4bfd38a4e38888002668	gi|265678305|ref|NR_028607.1|	98.475	459	7	0	2	460	333	791	0.0	809	85831
0afb11accd1e4bfd38a4e38888002668	gi|645322410|ref|NR_119165.1|	97.826	460	10	0	1	460	319	778	0.0	802	28116
0afb11accd1e4bfd38a4e38888002668	gi|1491509587|ref|NR_159118.1|	97.826	460	10	0	1	460	310	769	0.0	795	28116
0afb11accd1e4bfd38a4e38888002668	gi|1491509586|ref|NR_159117.1|	97.826	460	10	0	1	460	301	760	0.0	795	28116
0afb11accd1e4bfd38a4e38888002668	gi|631251869|ref|NR_113067.1|	97.826	460	10	0	1	460	325	784	0.0	795	1077285
0afb11accd1e4bfd38a4e38888002668	gi|631251742|ref|NR_112940.1|	97.826	460	10	0	1	460	327	786	0.0	795	28116
9e9bd3579735254f571a9f06da823455	gi|343200655|ref|NR_041342.1|	98.261	460	8	0	1	460	336	795	0.0	806	823
9e9bd3579735254f571a9f06da823455	gi|444303953|ref|NR_074376.1|	98.043	460	9	0	1	460	351	810	0.0	800	435591
9e9bd3579735254f571a9f06da823455	gi|1811131517|ref|NR_165699.1|	93.709	461	27	2	1	460	336	795	0.0	689	2685834
9e9bd3579735254f571a9f06da823455	gi|2363082619|ref|NR_179556.1|	93.261	460	31	0	1	460	316	775	0.0	678	1871013
9e9bd3579735254f571a9f06da823455	gi|631251637|ref|NR_112835.1|	92.826	460	32	1	1	460	336	794	0.0	665	574930
9e9bd3579735254f571a9f06da823455	gi|2363082715|ref|NR_179605.1|	92.609	460	34	0	1	460	316	775	0.0	662	1944636
9e9bd3579735254f571a9f06da823455	gi|974142265|ref|NR_134785.1|	92.174	460	36	0	1	460	336	795	0.0	652	1217282
9e9bd3579735254f571a9f06da823455	gi|631252010|ref|NR_113208.1|	92.174	460	36	0	1	460	336	795	0.0	651	871327
9e9bd3579735254f571a9f06da823455	gi|2363086049|ref|NR_181277.1|	91.739	460	38	0	1	460	309	768	0.0	640	2753162
9e9bd3579735254f571a9f06da823455	gi|631251878|ref|NR_113076.1|	91.522	460	39	0	1	460	324	783	0.0	634	927665
fd6f7af39d956986bc74663624424f60	gi|559795314|ref|NR_104907.1|	95.023	442	20	2	1	441	315	755	0.0	693	290054
fd6f7af39d956986bc74663624424f60	gi|2136551683|ref|NR_173688.1|	92.290	441	33	1	1	441	321	760	9.66e-179	625	2780922
fd6f7af39d956986bc74663624424f60	gi|1445136071|ref|NR_158111.1|	89.819	442	41	4	1	441	349	787	2.14e-160	564	2038680
fd6f7af39d956986bc74663624424f60	gi|1193829135|ref|NR_147378.1|	89.391	443	43	4	1	441	339	779	1.29e-157	555	1871035
fd6f7af39d956986bc74663624424f60	gi|2363082625|ref|NR_179559.1|	89.391	443	43	4	1	441	333	773	1.29e-157	555	1871018
fd6f7af39d956986bc74663624424f60	gi|1864207164|ref|NR_169458.1|	89.342	441	46	1	1	441	345	784	4.62e-157	553	2164149
fd6f7af39d956986bc74663624424f60	gi|2363082585|ref|NR_179539.1|	89.367	442	43	4	1	441	351	789	4.62e-157	553	1852384
fd6f7af39d956986bc74663624424f60	gi|507148077|ref|NR_102884.1|	89.367	442	44	3	1	441	331	770	4.62e-157	553	213810
fd6f7af39d956986bc74663624424f60	gi|3248465648|ref|NR_201660.1|	89.140	442	45	3	1	441	319	758	2.15e-155	547	3417630
fd6f7af39d956986bc74663624424f60	gi|2363082601|ref|NR_179547.1|	89.189	444	41	7	1	441	347	786	2.15e-155	547	1870991
bf47f533d1ba32be246708f5048d7441	gi|631251734|ref|NR_112932.1|	99.130	460	4	0	1	460	328	787	0.0	828	47678
bf47f533d1ba32be246708f5048d7441	gi|219846650|ref|NR_026242.1|	99.130	460	4	0	1	460	318	777	0.0	828	47678
bf47f533d1ba32be246708f5048d7441	gi|631251869|ref|NR_113067.1|	97.391	460	12	0	1	460	325	784	0.0	784	1077285
bf47f533d1ba32be246708f5048d7441	gi|343200626|ref|NR_041313.1|	97.391	460	12	0	1	460	340	799	0.0	784	338188
bf47f533d1ba32be246708f5048d7441	gi|645320100|ref|NR_117387.1|	97.174	460	13	0	1	460	320	779	0.0	778	1077285
bf47f533d1ba32be246708f5048d7441	gi|631251749|ref|NR_112947.1|	96.957	460	14	0	1	460	326	785	0.0	774	657309
bf47f533d1ba32be246708f5048d7441	gi|2363084431|ref|NR_180463.1|	96.957	460	14	0	1	460	340	799	0.0	773	2650158
bf47f533d1ba32be246708f5048d7441	gi|2363084421|ref|NR_180458.1|	96.957	460	14	0	1	460	340	799	0.0	773	2650157
bf47f533d1ba32be246708f5048d7441	gi|343201773|ref|NR_042499.1|	96.957	460	14	0	1	460	294	753	0.0	773	657309
bf47f533d1ba32be246708f5048d7441	gi|343200620|ref|NR_041307.1|	96.957	460	14	0	1	460	334	793	0.0	773	329854
4423efb65c01e7bc5c29805e04b55258	gi|444304209|ref|NR_074634.1|	99.545	440	2	0	1	440	350	789	0.0	802	515619
4423efb65c01e7bc5c29805e04b55258	gi|343198540|ref|NR_042832.1|	98.413	441	6	1	1	440	330	770	0.0	774	301302
4423efb65c01e7bc5c29805e04b55258	gi|1227086116|ref|NR_148619.1|	97.964	442	7	2	1	440	301	742	0.0	765	1712665
4423efb65c01e7bc5c29805e04b55258	gi|645320588|ref|NR_117758.1|	97.511	442	9	1	1	440	322	763	0.0	754	166486
4423efb65c01e7bc5c29805e04b55258	gi|228716944|ref|NR_027557.1|	97.511	442	9	1	1	440	343	784	0.0	754	536231
4423efb65c01e7bc5c29805e04b55258	gi|444439494|ref|NR_074809.1|	97.506	441	10	1	1	440	350	790	0.0	752	585394
4423efb65c01e7bc5c29805e04b55258	gi|343201282|ref|NR_042008.1|	97.279	441	10	2	1	440	341	780	0.0	747	585394
4423efb65c01e7bc5c29805e04b55258	gi|2363085153|ref|NR_180825.1|	97.052	441	12	1	1	440	347	787	0.0	741	2605790
4423efb65c01e7bc5c29805e04b55258	gi|219846723|ref|NR_026315.1|	97.045	440	13	0	1	440	317	756	0.0	741	46206
4423efb65c01e7bc5c29805e04b55258	gi|2363086282|ref|NR_181393.1|	96.818	440	14	0	1	440	290	729	0.0	736	2763664
68b607191b39849f3861fabaaf966d09	gi|2363082569|ref|NR_179531.1|	94.595	444	20	4	1	442	347	788	0.0	684	1852369
68b607191b39849f3861fabaaf966d09	gi|2363082168|ref|NR_179330.1|	94.344	442	25	0	1	442	327	768	0.0	678	2714355
68b607191b39849f3861fabaaf966d09	gi|2363082165|ref|NR_179329.1|	94.118	442	26	0	1	442	327	768	0.0	673	2714353
68b607191b39849f3861fabaaf966d09	gi|1109168025|ref|NR_144611.1|	92.551	443	32	1	1	442	282	724	0.0	634	1417852
68b607191b39849f3861fabaaf966d09	gi|2136551692|ref|NR_173697.1|	92.308	442	34	0	1	442	349	790	7.49e-180	628	2108523
68b607191b39849f3861fabaaf966d09	gi|3030611324|ref|NR_200000.1|	92.325	443	33	1	1	442	301	743	7.49e-180	628	3342383
68b607191b39849f3861fabaaf966d09	gi|645321110|ref|NR_118156.1|	92.360	445	28	5	1	442	304	745	7.49e-180	628	1007096
68b607191b39849f3861fabaaf966d09	gi|1269801610|ref|NR_074793.2|	92.099	443	33	2	1	442	355	796	3.48e-178	623	351091
68b607191b39849f3861fabaaf966d09	gi|343200653|ref|NR_041340.1|	92.099	443	33	2	1	442	328	769	3.48e-178	623	351091
68b607191b39849f3861fabaaf966d09	gi|2363082342|ref|NR_179418.1|	91.874	443	35	1	1	442	348	790	1.62e-176	617	1673721
f3046ad0692b8c8d136f1e96718ad175	gi|2363083455|ref|NR_179976.1|	90.517	464	35	9	1	460	289	747	1.32e-172	604	2094151
f3046ad0692b8c8d136f1e96718ad175	gi|1109168036|ref|NR_144616.1|	89.610	462	44	3	1	460	280	739	1.71e-166	584	1796646
f3046ad0692b8c8d136f1e96718ad175	gi|2363084366|ref|NR_180431.1|	89.677	465	38	9	1	460	350	809	1.71e-166	584	2530390
f3046ad0692b8c8d136f1e96718ad175	gi|2363083453|ref|NR_179975.1|	88.985	463	44	6	1	460	339	797	6.21e-161	566	2094150
f3046ad0692b8c8d136f1e96718ad175	gi|2363084938|ref|NR_180717.1|	88.793	464	44	8	1	460	259	718	8.03e-160	562	2601703
f3046ad0692b8c8d136f1e96718ad175	gi|1909404453|ref|NR_170508.1|	88.528	462	48	5	1	460	352	810	1.34e-157	555	2518971
f3046ad0692b8c8d136f1e96718ad175	gi|2363087247|ref|NR_181879.1|	88.147	464	46	7	1	460	285	743	2.91e-154	544	2880704
f3046ad0692b8c8d136f1e96718ad175	gi|1909404454|ref|NR_170509.1|	87.689	463	50	7	1	460	347	805	6.30e-151	532	2530391
f3046ad0692b8c8d136f1e96718ad175	gi|2363085163|ref|NR_180830.1|	87.689	463	50	6	1	460	336	794	6.30e-151	532	2606626
f3046ad0692b8c8d136f1e96718ad175	gi|2363087249|ref|NR_181880.1|	87.554	466	45	9	1	460	294	752	2.93e-149	527	2880703
f6173e0d8aa31dc7346348fa71f74855	gi|343200664|ref|NR_041351.1|	99.348	460	3	0	1	460	341	800	0.0	833	357276
f6173e0d8aa31dc7346348fa71f74855	gi|444304091|ref|NR_074515.1|	98.478	460	7	0	1	460	350	809	0.0	811	435590
f6173e0d8aa31dc7346348fa71f74855	gi|631251748|ref|NR_112946.1|	98.478	460	7	0	1	460	339	798	0.0	811	821
f6173e0d8aa31dc7346348fa71f74855	gi|631250946|ref|NR_112143.1|	98.261	460	8	0	1	460	307	766	0.0	806	821
f6173e0d8aa31dc7346348fa71f74855	gi|631251997|ref|NR_113195.1|	93.478	460	30	0	1	460	338	797	0.0	684	1236515
f6173e0d8aa31dc7346348fa71f74855	gi|631251866|ref|NR_113064.1|	93.261	460	31	0	1	460	338	797	0.0	678	1236538
f6173e0d8aa31dc7346348fa71f74855	gi|631251817|ref|NR_113015.1|	93.261	460	31	0	1	460	338	797	0.0	678	1236538
f6173e0d8aa31dc7346348fa71f74855	gi|645320081|ref|NR_117373.1|	93.261	460	31	0	1	460	289	748	0.0	678	1236515
f6173e0d8aa31dc7346348fa71f74855	gi|2363085522|ref|NR_181010.1|	93.059	461	30	2	1	460	297	756	0.0	673	2786956
f6173e0d8aa31dc7346348fa71f74855	gi|2363082773|ref|NR_179635.1|	93.043	460	32	0	1	460	338	797	0.0	673	2024197
300734ac46381d05fe725464bb4f9735	gi|2363081451|ref|NR_178972.1|	99.545	440	2	0	1	440	285	724	0.0	802	1851428
300734ac46381d05fe725464bb4f9735	gi|265678656|ref|NR_028961.1|	98.864	440	5	0	1	440	327	766	0.0	785	853
300734ac46381d05fe725464bb4f9735	gi|2363082282|ref|NR_179388.1|	98.636	440	6	0	1	440	335	774	0.0	780	2935520
300734ac46381d05fe725464bb4f9735	gi|2363080123|ref|NR_178280.1|	98.636	440	6	0	1	440	331	770	0.0	780	411483
300734ac46381d05fe725464bb4f9735	gi|3030611269|ref|NR_199945.1|	98.409	440	7	0	1	440	335	774	0.0	774	3435293
300734ac46381d05fe725464bb4f9735	gi|2363081449|ref|NR_178971.1|	98.840	431	5	0	1	431	285	715	0.0	769	1851427
300734ac46381d05fe725464bb4f9735	gi|2363080175|ref|NR_178311.1|	96.591	440	15	0	1	440	412	851	0.0	730	2903556
300734ac46381d05fe725464bb4f9735	gi|1397641802|ref|NR_156911.1|	92.727	440	32	0	1	440	351	790	0.0	636	1650663
300734ac46381d05fe725464bb4f9735	gi|2363084747|ref|NR_180622.1|	92.727	440	32	0	1	440	335	774	0.0	636	2779354
300734ac46381d05fe725464bb4f9735	gi|2363082356|ref|NR_179425.1|	92.517	441	31	2	1	440	351	790	2.07e-180	630	1689304
07241547bb9364fdcc479fcb6bcf022d	gi|2363081451|ref|NR_178972.1|	99.091	440	4	0	1	440	285	724	0.0	791	1851428
07241547bb9364fdcc479fcb6bcf022d	gi|265678656|ref|NR_028961.1|	98.409	440	7	0	1	440	327	766	0.0	774	853
07241547bb9364fdcc479fcb6bcf022d	gi|2363082282|ref|NR_179388.1|	98.182	440	8	0	1	440	335	774	0.0	769	2935520
07241547bb9364fdcc479fcb6bcf022d	gi|2363080123|ref|NR_178280.1|	98.182	440	8	0	1	440	331	770	0.0	769	411483
07241547bb9364fdcc479fcb6bcf022d	gi|3030611269|ref|NR_199945.1|	97.955	440	9	0	1	440	335	774	0.0	763	3435293
07241547bb9364fdcc479fcb6bcf022d	gi|2363081449|ref|NR_178971.1|	98.376	431	7	0	1	431	285	715	0.0	758	1851427
07241547bb9364fdcc479fcb6bcf022d	gi|2363080175|ref|NR_178311.1|	96.136	440	17	0	1	440	412	851	0.0	719	2903556
07241547bb9364fdcc479fcb6bcf022d	gi|2363084747|ref|NR_180622.1|	92.744	441	30	2	1	440	335	774	0.0	636	2779354
07241547bb9364fdcc479fcb6bcf022d	gi|1397641802|ref|NR_156911.1|	92.500	440	33	0	1	440	351	790	2.07e-180	630	1650663
07241547bb9364fdcc479fcb6bcf022d	gi|2363082356|ref|NR_179425.1|	92.290	441	32	2	1	440	351	790	9.64e-179	625	1689304
48a90fe76dcc7323cbaf329ee41d5039	gi|343198671|ref|NR_043231.1|	99.355	465	3	0	1	465	283	747	0.0	843	308994
48a90fe76dcc7323cbaf329ee41d5039	gi|631252159|ref|NR_113357.1|	99.142	466	3	1	1	465	356	821	0.0	837	308994
48a90fe76dcc7323cbaf329ee41d5039	gi|343200979|ref|NR_041666.1|	95.708	466	18	2	1	465	336	800	0.0	749	742743
48a90fe76dcc7323cbaf329ee41d5039	gi|631252158|ref|NR_113356.1|	95.494	466	18	3	1	465	355	818	0.0	741	309120
48a90fe76dcc7323cbaf329ee41d5039	gi|343198462|ref|NR_041895.1|	95.494	466	18	3	1	465	296	759	0.0	741	888062
48a90fe76dcc7323cbaf329ee41d5039	gi|631252157|ref|NR_113355.1|	95.279	466	20	2	1	465	356	820	0.0	737	218538
48a90fe76dcc7323cbaf329ee41d5039	gi|219846090|ref|NR_025680.1|	95.279	466	20	2	1	465	336	800	0.0	737	592028
48a90fe76dcc7323cbaf329ee41d5039	gi|219846637|ref|NR_026229.1|	93.777	466	27	2	1	465	336	800	0.0	699	39950
48a90fe76dcc7323cbaf329ee41d5039	gi|343199044|ref|NR_044400.1|	93.133	466	30	2	1	465	314	778	0.0	682	464322
48a90fe76dcc7323cbaf329ee41d5039	gi|219857641|ref|NR_025230.1|	92.735	468	30	4	1	465	285	751	0.0	673	187326
5f78fe3dca13fb28e34530aa29a17fd8	gi|343200664|ref|NR_041351.1|	99.565	460	2	0	1	460	341	800	0.0	839	357276
5f78fe3dca13fb28e34530aa29a17fd8	gi|444304091|ref|NR_074515.1|	98.696	460	6	0	1	460	350	809	0.0	817	435590
5f78fe3dca13fb28e34530aa29a17fd8	gi|631251748|ref|NR_112946.1|	98.696	460	6	0	1	460	339	798	0.0	817	821
5f78fe3dca13fb28e34530aa29a17fd8	gi|631250946|ref|NR_112143.1|	98.478	460	7	0	1	460	307	766	0.0	811	821
5f78fe3dca13fb28e34530aa29a17fd8	gi|631251997|ref|NR_113195.1|	93.696	460	29	0	1	460	338	797	0.0	689	1236515
5f78fe3dca13fb28e34530aa29a17fd8	gi|631251866|ref|NR_113064.1|	93.478	460	30	0	1	460	338	797	0.0	684	1236538
5f78fe3dca13fb28e34530aa29a17fd8	gi|631251817|ref|NR_113015.1|	93.478	460	30	0	1	460	338	797	0.0	684	1236538
5f78fe3dca13fb28e34530aa29a17fd8	gi|645320081|ref|NR_117373.1|	93.478	460	30	0	1	460	289	748	0.0	684	1236515
5f78fe3dca13fb28e34530aa29a17fd8	gi|2363085522|ref|NR_181010.1|	93.275	461	29	2	1	460	297	756	0.0	678	2786956
5f78fe3dca13fb28e34530aa29a17fd8	gi|2363082773|ref|NR_179635.1|	93.261	460	31	0	1	460	338	797	0.0	678	2024197
d98e3fc47cacb55e91891becbf39c96d	gi|2363082569|ref|NR_179531.1|	95.270	444	17	4	1	442	347	788	0.0	701	1852369
d98e3fc47cacb55e91891becbf39c96d	gi|2363082168|ref|NR_179330.1|	95.023	442	22	0	1	442	327	768	0.0	695	2714355
d98e3fc47cacb55e91891becbf39c96d	gi|2363082165|ref|NR_179329.1|	94.796	442	23	0	1	442	327	768	0.0	689	2714353
d98e3fc47cacb55e91891becbf39c96d	gi|2363082342|ref|NR_179418.1|	94.357	443	24	1	1	442	348	790	0.0	678	1673721
d98e3fc47cacb55e91891becbf39c96d	gi|645321110|ref|NR_118156.1|	93.034	445	25	5	1	442	304	745	0.0	645	1007096
d98e3fc47cacb55e91891becbf39c96d	gi|1269801610|ref|NR_074793.2|	92.777	443	30	2	1	442	355	796	0.0	640	351091
d98e3fc47cacb55e91891becbf39c96d	gi|343200653|ref|NR_041340.1|	92.777	443	30	2	1	442	328	769	0.0	640	351091
d98e3fc47cacb55e91891becbf39c96d	gi|2260349448|ref|NR_176530.1|	92.360	445	28	5	1	442	358	799	7.49e-180	628	2093857
d98e3fc47cacb55e91891becbf39c96d	gi|2363084741|ref|NR_180619.1|	92.325	443	33	1	1	442	347	789	7.49e-180	628	2779352
d98e3fc47cacb55e91891becbf39c96d	gi|2363082559|ref|NR_179526.1|	92.360	445	28	5	1	442	349	790	7.49e-180	628	1841866
c600fd2ec0b29958097bf83962f87753	gi|631251875|ref|NR_113073.1|	99.130	460	4	0	1	460	329	788	0.0	828	487174
c600fd2ec0b29958097bf83962f87753	gi|343200981|ref|NR_041668.1|	99.130	460	4	0	1	460	321	780	0.0	828	742726
c600fd2ec0b29958097bf83962f87753	gi|1270532346|ref|NR_121773.2|	95.879	461	17	2	1	460	348	807	0.0	745	397865
c600fd2ec0b29958097bf83962f87753	gi|343200821|ref|NR_041508.1|	95.662	461	17	3	1	460	325	783	0.0	737	397865
c600fd2ec0b29958097bf83962f87753	gi|2136551682|ref|NR_173687.1|	90.043	462	42	4	1	460	325	784	7.92e-170	595	2751153
c600fd2ec0b29958097bf83962f87753	gi|1146059151|ref|NR_145883.1|	89.610	462	44	4	1	460	284	743	1.71e-166	584	1501392
c600fd2ec0b29958097bf83962f87753	gi|1116030267|ref|NR_144725.1|	89.177	462	46	4	1	460	337	796	7.98e-165	579	1686296
c600fd2ec0b29958097bf83962f87753	gi|1909404453|ref|NR_170508.1|	87.852	461	53	3	1	460	352	810	1.35e-152	538	2518971
c600fd2ec0b29958097bf83962f87753	gi|2621112336|ref|NR_189240.1|	87.716	464	49	8	1	460	342	801	1.75e-151	534	2944915
c600fd2ec0b29958097bf83962f87753	gi|2363083455|ref|NR_179976.1|	87.742	465	46	10	1	460	289	747	6.30e-151	532	2094151
4db978353ceedfcecac211eb03da933f	gi|1109168025|ref|NR_144611.1|	93.002	443	31	0	1	443	282	724	0.0	647	1417852
4db978353ceedfcecac211eb03da933f	gi|2363082168|ref|NR_179330.1|	93.018	444	28	3	1	443	327	768	0.0	645	2714355
4db978353ceedfcecac211eb03da933f	gi|2363082165|ref|NR_179329.1|	92.793	444	29	3	1	443	327	768	0.0	640	2714353
4db978353ceedfcecac211eb03da933f	gi|343206380|ref|NR_044972.1|	92.342	444	32	2	1	443	331	773	0.0	634	44749
4db978353ceedfcecac211eb03da933f	gi|3030611324|ref|NR_200000.1|	91.667	444	35	2	1	443	301	743	2.10e-175	614	3342383
4db978353ceedfcecac211eb03da933f	gi|2363082342|ref|NR_179418.1|	91.667	444	35	2	1	443	348	790	2.10e-175	614	1673721
4db978353ceedfcecac211eb03da933f	gi|219857437|ref|NR_025025.1|	91.441	444	34	4	1	443	332	772	7.56e-175	612	100176
4db978353ceedfcecac211eb03da933f	gi|2363082352|ref|NR_179423.1|	91.480	446	32	6	1	443	349	791	9.78e-174	608	1689270
4db978353ceedfcecac211eb03da933f	gi|645321636|ref|NR_118554.1|	91.461	445	34	4	1	443	329	771	9.78e-174	608	1297617
4db978353ceedfcecac211eb03da933f	gi|2363083800|ref|NR_180148.1|	90.991	444	38	2	1	443	349	791	2.12e-170	597	2211183
dee48a7f7681bdcf0cd18ee101eb0179	gi|343198540|ref|NR_042832.1|	99.773	441	1	0	1	441	330	770	0.0	809	301302
dee48a7f7681bdcf0cd18ee101eb0179	gi|444439494|ref|NR_074809.1|	98.866	441	5	0	1	441	350	790	0.0	787	585394
dee48a7f7681bdcf0cd18ee101eb0179	gi|645320588|ref|NR_117758.1|	98.869	442	4	1	1	441	322	763	0.0	787	166486
dee48a7f7681bdcf0cd18ee101eb0179	gi|228716944|ref|NR_027557.1|	98.869	442	4	1	1	441	343	784	0.0	787	536231
dee48a7f7681bdcf0cd18ee101eb0179	gi|444304209|ref|NR_074634.1|	98.639	441	5	1	1	441	350	789	0.0	780	515619
dee48a7f7681bdcf0cd18ee101eb0179	gi|343201282|ref|NR_042008.1|	98.639	441	5	1	1	441	341	780	0.0	780	585394
dee48a7f7681bdcf0cd18ee101eb0179	gi|1227086116|ref|NR_148619.1|	98.190	442	7	1	1	441	301	742	0.0	771	1712665
dee48a7f7681bdcf0cd18ee101eb0179	gi|343201281|ref|NR_042007.1|	97.973	444	4	5	1	441	343	784	0.0	765	622312
dee48a7f7681bdcf0cd18ee101eb0179	gi|2363086282|ref|NR_181393.1|	97.732	441	9	1	1	441	290	729	0.0	758	2763664
dee48a7f7681bdcf0cd18ee101eb0179	gi|2363085153|ref|NR_180825.1|	97.506	441	11	0	1	441	347	787	0.0	754	2605790
972801e709ae094b097f6f18afccbec8	gi|444304111|ref|NR_074535.1|	99.564	459	2	0	1	459	334	792	0.0	837	28118
972801e709ae094b097f6f18afccbec8	gi|631251877|ref|NR_113075.1|	99.564	459	2	0	1	459	334	792	0.0	837	28118
972801e709ae094b097f6f18afccbec8	gi|343206056|ref|NR_044636.1|	98.257	459	8	0	1	459	342	800	0.0	809	28118
972801e709ae094b097f6f18afccbec8	gi|631251876|ref|NR_113074.1|	90.065	463	38	7	1	459	335	793	2.84e-169	593	742817
972801e709ae094b097f6f18afccbec8	gi|631251699|ref|NR_112897.1|	90.065	463	38	7	1	459	315	773	2.84e-169	593	742817
972801e709ae094b097f6f18afccbec8	gi|959494837|ref|NR_133715.1|	87.284	464	50	8	1	459	280	739	1.36e-147	521	1416875
972801e709ae094b097f6f18afccbec8	gi|1953646717|ref|NR_171512.1|	87.013	462	55	5	1	459	313	772	6.33e-146	516	2162893
972801e709ae094b097f6f18afccbec8	gi|1341394029|ref|NR_153701.1|	86.853	464	52	8	1	459	299	758	2.94e-144	510	1740245
972801e709ae094b097f6f18afccbec8	gi|559795096|ref|NR_104682.1|	86.825	463	54	6	1	459	315	774	2.94e-144	510	1168289
972801e709ae094b097f6f18afccbec8	gi|265678658|ref|NR_028963.1|	86.422	464	55	7	1	459	327	787	1.77e-141	501	886379
155cfe0d3ff19ac2074313ca022188e5	gi|645321791|ref|NR_118675.1|	93.182	440	30	0	1	440	339	778	0.0	654	39492
155cfe0d3ff19ac2074313ca022188e5	gi|265678854|ref|NR_029160.1|	92.081	442	31	4	1	440	293	732	4.48e-177	619	40519
155cfe0d3ff19ac2074313ca022188e5	gi|3248465644|ref|NR_201656.1|	90.909	440	40	0	1	440	329	768	9.78e-169	592	3417633
155cfe0d3ff19ac2074313ca022188e5	gi|2136551683|ref|NR_173688.1|	90.909	440	40	0	1	440	321	760	9.78e-169	592	2780922
155cfe0d3ff19ac2074313ca022188e5	gi|1864207164|ref|NR_169458.1|	90.682	440	41	0	1	440	345	784	4.55e-167	586	2164149
155cfe0d3ff19ac2074313ca022188e5	gi|2363082601|ref|NR_179547.1|	90.703	441	39	2	1	440	347	786	4.55e-167	586	1870991
155cfe0d3ff19ac2074313ca022188e5	gi|507148077|ref|NR_102884.1|	90.455	440	42	0	1	440	331	770	2.12e-165	580	213810
155cfe0d3ff19ac2074313ca022188e5	gi|3248465648|ref|NR_201660.1|	90.000	440	44	0	1	440	319	758	4.58e-162	569	3417630
155cfe0d3ff19ac2074313ca022188e5	gi|444303976|ref|NR_074399.1|	90.000	440	44	0	1	440	333	772	4.58e-162	569	697329
155cfe0d3ff19ac2074313ca022188e5	gi|631251834|ref|NR_113032.1|	90.000	440	44	0	1	440	333	772	4.58e-162	569	1264
ce3f226d1e741287e15fa1da11c013d4	gi|343198540|ref|NR_042832.1|	99.546	441	2	0	1	441	330	770	0.0	804	301302
ce3f226d1e741287e15fa1da11c013d4	gi|444439494|ref|NR_074809.1|	98.639	441	6	0	1	441	350	790	0.0	782	585394
ce3f226d1e741287e15fa1da11c013d4	gi|645320588|ref|NR_117758.1|	98.643	442	5	1	1	441	322	763	0.0	782	166486
ce3f226d1e741287e15fa1da11c013d4	gi|228716944|ref|NR_027557.1|	98.643	442	5	1	1	441	343	784	0.0	782	536231
ce3f226d1e741287e15fa1da11c013d4	gi|444304209|ref|NR_074634.1|	98.413	441	6	1	1	441	350	789	0.0	774	515619
ce3f226d1e741287e15fa1da11c013d4	gi|343201282|ref|NR_042008.1|	98.413	441	6	1	1	441	341	780	0.0	774	585394
ce3f226d1e741287e15fa1da11c013d4	gi|1227086116|ref|NR_148619.1|	97.964	442	8	1	1	441	301	742	0.0	765	1712665
ce3f226d1e741287e15fa1da11c013d4	gi|343201281|ref|NR_042007.1|	97.748	444	5	5	1	441	343	784	0.0	760	622312
ce3f226d1e741287e15fa1da11c013d4	gi|2363086282|ref|NR_181393.1|	97.506	441	10	1	1	441	290	729	0.0	752	2763664
ce3f226d1e741287e15fa1da11c013d4	gi|2363085153|ref|NR_180825.1|	97.279	441	12	0	1	441	347	787	0.0	749	2605790
e501223fc0b6ad56ef8b7e8d39f9346e	gi|631252157|ref|NR_113355.1|	99.355	465	3	0	1	465	356	820	0.0	843	218538
e501223fc0b6ad56ef8b7e8d39f9346e	gi|219846090|ref|NR_025680.1|	99.355	465	3	0	1	465	336	800	0.0	843	592028
e501223fc0b6ad56ef8b7e8d39f9346e	gi|343198671|ref|NR_043231.1|	94.850	466	22	2	1	465	283	747	0.0	726	308994
e501223fc0b6ad56ef8b7e8d39f9346e	gi|631252159|ref|NR_113357.1|	94.647	467	22	3	1	465	356	821	0.0	721	308994
e501223fc0b6ad56ef8b7e8d39f9346e	gi|343200979|ref|NR_041666.1|	93.978	465	28	0	1	465	336	800	0.0	704	742743
e501223fc0b6ad56ef8b7e8d39f9346e	gi|2363082841|ref|NR_179669.1|	93.790	467	25	4	1	465	360	824	0.0	699	2161821
e501223fc0b6ad56ef8b7e8d39f9346e	gi|2363082109|ref|NR_179301.1|	93.790	467	25	4	1	465	344	808	0.0	699	2582419
e501223fc0b6ad56ef8b7e8d39f9346e	gi|631252158|ref|NR_113356.1|	93.133	466	29	3	1	465	355	818	0.0	680	309120
e501223fc0b6ad56ef8b7e8d39f9346e	gi|343198462|ref|NR_041895.1|	93.133	466	29	3	1	465	296	759	0.0	680	888062
e501223fc0b6ad56ef8b7e8d39f9346e	gi|219846637|ref|NR_026229.1|	91.667	468	33	4	1	465	336	800	0.0	643	39950
a1ce30186b41a8615f60e23331f2f922	gi|2363082569|ref|NR_179531.1|	99.321	442	3	0	1	442	347	788	0.0	800	1852369
a1ce30186b41a8615f60e23331f2f922	gi|1269801610|ref|NR_074793.2|	94.570	442	24	0	1	442	355	796	0.0	684	351091
a1ce30186b41a8615f60e23331f2f922	gi|343200653|ref|NR_041340.1|	94.570	442	24	0	1	442	328	769	0.0	684	351091
a1ce30186b41a8615f60e23331f2f922	gi|2260349448|ref|NR_176530.1|	94.344	442	25	0	1	442	358	799	0.0	678	2093857
a1ce30186b41a8615f60e23331f2f922	gi|2363082559|ref|NR_179526.1|	94.344	442	25	0	1	442	349	790	0.0	678	1841866
a1ce30186b41a8615f60e23331f2f922	gi|645321110|ref|NR_118156.1|	94.118	442	26	0	1	442	304	745	0.0	673	1007096
a1ce30186b41a8615f60e23331f2f922	gi|2962412234|ref|NR_199428.1|	93.439	442	29	0	1	442	352	793	0.0	656	3073143
a1ce30186b41a8615f60e23331f2f922	gi|2363082170|ref|NR_179331.1|	93.228	443	29	1	1	442	328	770	0.0	651	2714358
a1ce30186b41a8615f60e23331f2f922	gi|2363082168|ref|NR_179330.1|	93.018	444	27	4	1	442	327	768	0.0	645	2714355
a1ce30186b41a8615f60e23331f2f922	gi|2363087001|ref|NR_181757.1|	92.793	444	28	4	1	442	289	730	0.0	640	2841504
fe23e098e3f452584cf14b511f1445a7	gi|444304012|ref|NR_074436.1|	97.534	446	11	0	1	446	321	766	0.0	763	239935
fe23e098e3f452584cf14b511f1445a7	gi|343202494|ref|NR_042817.1|	97.534	446	11	0	1	446	301	746	0.0	763	349741
fe23e098e3f452584cf14b511f1445a7	gi|1315204026|ref|NR_152695.1|	92.205	449	31	3	1	446	300	747	0.0	632	1679444
fe23e098e3f452584cf14b511f1445a7	gi|343200983|ref|NR_041670.1|	84.797	467	48	9	1	446	298	762	6.32e-126	449	490092
fe23e098e3f452584cf14b511f1445a7	gi|219846674|ref|NR_026266.1|	84.549	466	50	8	1	446	304	767	8.17e-125	446	240016
fe23e098e3f452584cf14b511f1445a7	gi|343200937|ref|NR_041624.1|	84.582	467	49	9	1	446	321	785	1.06e-123	442	454151
fe23e098e3f452584cf14b511f1445a7	gi|2260349445|ref|NR_176527.1|	84.516	465	51	7	1	446	318	780	3.80e-123	440	2576071
fe23e098e3f452584cf14b511f1445a7	gi|343200984|ref|NR_041671.1|	84.335	466	52	9	1	446	320	784	4.92e-122	436	490093
fe23e098e3f452584cf14b511f1445a7	gi|343200987|ref|NR_041674.1|	83.906	466	54	9	1	446	319	783	1.06e-118	425	490096
fe23e098e3f452584cf14b511f1445a7	gi|2363086508|ref|NR_181508.1|	83.691	466	55	10	1	446	282	746	4.95e-117	420	2824561
f23b2b807e5a569456edb7ecf3e92014	gi|2363085153|ref|NR_180825.1|	97.065	443	11	1	1	443	347	787	0.0	745	2605790
f23b2b807e5a569456edb7ecf3e92014	gi|343198540|ref|NR_042832.1|	97.065	443	11	1	1	443	330	770	0.0	745	301302
f23b2b807e5a569456edb7ecf3e92014	gi|645320588|ref|NR_117758.1|	96.614	443	14	1	1	443	322	763	0.0	734	166486
f23b2b807e5a569456edb7ecf3e92014	gi|228716944|ref|NR_027557.1|	96.614	443	14	1	1	443	343	784	0.0	734	536231
f23b2b807e5a569456edb7ecf3e92014	gi|2363085149|ref|NR_180823.1|	96.614	443	12	1	1	443	357	796	0.0	732	2606634
f23b2b807e5a569456edb7ecf3e92014	gi|444439494|ref|NR_074809.1|	96.163	443	15	1	1	443	350	790	0.0	723	585394
f23b2b807e5a569456edb7ecf3e92014	gi|444304209|ref|NR_074634.1|	96.163	443	14	1	1	443	350	789	0.0	721	515619
f23b2b807e5a569456edb7ecf3e92014	gi|2363086282|ref|NR_181393.1|	96.163	443	14	1	1	443	290	729	0.0	721	2763664
f23b2b807e5a569456edb7ecf3e92014	gi|559795194|ref|NR_104783.1|	96.163	443	14	1	1	443	353	792	0.0	721	290052
f23b2b807e5a569456edb7ecf3e92014	gi|1227086116|ref|NR_148619.1|	95.946	444	15	2	1	443	301	742	0.0	717	1712665
7acfb03534b1b6170db6a24c3431fd8c	gi|343200626|ref|NR_041313.1|	99.565	460	2	0	1	460	340	799	0.0	839	338188
7acfb03534b1b6170db6a24c3431fd8c	gi|2363084421|ref|NR_180458.1|	98.478	460	7	0	1	460	340	799	0.0	811	2650157
7acfb03534b1b6170db6a24c3431fd8c	gi|645320100|ref|NR_117387.1|	98.261	460	8	0	1	460	320	779	0.0	806	1077285
7acfb03534b1b6170db6a24c3431fd8c	gi|631251869|ref|NR_113067.1|	98.043	460	9	0	1	460	325	784	0.0	800	1077285
7acfb03534b1b6170db6a24c3431fd8c	gi|631251749|ref|NR_112947.1|	97.609	460	11	0	1	460	326	785	0.0	791	657309
7acfb03534b1b6170db6a24c3431fd8c	gi|2363084431|ref|NR_180463.1|	97.609	460	11	0	1	460	340	799	0.0	789	2650158
7acfb03534b1b6170db6a24c3431fd8c	gi|631251733|ref|NR_112931.1|	97.609	460	11	0	1	460	340	799	0.0	789	85831
7acfb03534b1b6170db6a24c3431fd8c	gi|343201773|ref|NR_042499.1|	97.609	460	11	0	1	460	294	753	0.0	789	657309
7acfb03534b1b6170db6a24c3431fd8c	gi|265678305|ref|NR_028607.1|	97.603	459	11	0	2	460	333	791	0.0	787	85831
7acfb03534b1b6170db6a24c3431fd8c	gi|631251734|ref|NR_112932.1|	97.391	460	12	0	1	460	328	787	0.0	784	47678
4b647d591f3326abb249e1c81451725f	gi|631251747|ref|NR_112945.1|	99.348	460	3	0	1	460	327	786	0.0	833	820
4b647d591f3326abb249e1c81451725f	gi|343200179|ref|NR_040866.1|	99.348	460	3	0	1	460	334	793	0.0	833	820
4b647d591f3326abb249e1c81451725f	gi|2363086550|ref|NR_181532.1|	98.913	460	5	0	1	460	322	781	0.0	822	2763025
4b647d591f3326abb249e1c81451725f	gi|631251874|ref|NR_113072.1|	97.391	460	12	0	1	460	338	797	0.0	784	1236512
4b647d591f3326abb249e1c81451725f	gi|2363082773|ref|NR_179635.1|	97.174	460	13	0	1	460	338	797	0.0	778	2024197
4b647d591f3326abb249e1c81451725f	gi|631251816|ref|NR_113014.1|	97.174	460	13	0	1	460	338	797	0.0	778	1236512
4b647d591f3326abb249e1c81451725f	gi|631251735|ref|NR_112933.1|	96.522	460	16	0	1	460	334	793	0.0	761	246787
4b647d591f3326abb249e1c81451725f	gi|343200620|ref|NR_041307.1|	96.304	460	17	0	1	460	334	793	0.0	756	329854
4b647d591f3326abb249e1c81451725f	gi|2363084421|ref|NR_180458.1|	96.087	460	18	0	1	460	340	799	0.0	750	2650157
4b647d591f3326abb249e1c81451725f	gi|2363082635|ref|NR_179564.1|	96.087	460	18	0	1	460	338	797	0.0	750	1903262
14e90dd6cd90f3dcc6ed871976e1d06f	gi|3248465644|ref|NR_201656.1|	95.692	441	17	2	1	440	329	768	0.0	708	3417633
14e90dd6cd90f3dcc6ed871976e1d06f	gi|507148077|ref|NR_102884.1|	94.091	440	26	0	1	440	331	770	0.0	669	213810
14e90dd6cd90f3dcc6ed871976e1d06f	gi|3248465648|ref|NR_201660.1|	93.864	440	27	0	1	440	319	758	0.0	664	3417630
14e90dd6cd90f3dcc6ed871976e1d06f	gi|444303976|ref|NR_074399.1|	93.864	440	27	0	1	440	333	772	0.0	664	697329
14e90dd6cd90f3dcc6ed871976e1d06f	gi|631251834|ref|NR_113032.1|	93.864	440	27	0	1	440	333	772	0.0	664	1264
14e90dd6cd90f3dcc6ed871976e1d06f	gi|636559173|ref|NR_115230.1|	93.864	440	27	0	1	440	333	772	0.0	664	697329
14e90dd6cd90f3dcc6ed871976e1d06f	gi|219846339|ref|NR_025929.1|	93.864	440	27	0	1	440	328	767	0.0	664	697329
14e90dd6cd90f3dcc6ed871976e1d06f	gi|636558832|ref|NR_114889.1|	93.864	440	26	1	1	440	277	715	0.0	662	213810
14e90dd6cd90f3dcc6ed871976e1d06f	gi|2363082601|ref|NR_179547.1|	93.636	440	28	0	1	440	347	786	0.0	658	1870991
14e90dd6cd90f3dcc6ed871976e1d06f	gi|265679047|ref|NR_029355.1|	93.182	440	30	0	1	440	332	771	0.0	647	84026
b8cf6073a40e3f8781d4ada35edc341a	gi|343198925|ref|NR_044049.1|	99.318	440	3	0	1	440	316	755	0.0	797	33043
b8cf6073a40e3f8781d4ada35edc341a	gi|2363086278|ref|NR_181391.1|	95.455	440	20	0	1	440	249	688	0.0	702	2763670
b8cf6073a40e3f8781d4ada35edc341a	gi|219856842|ref|NR_024661.1|	95.455	440	20	0	1	440	361	800	0.0	702	42322
b8cf6073a40e3f8781d4ada35edc341a	gi|559795169|ref|NR_104758.1|	95.227	440	21	0	1	440	345	784	0.0	697	1282887
b8cf6073a40e3f8781d4ada35edc341a	gi|631252121|ref|NR_113319.1|	95.000	440	22	0	1	440	350	789	0.0	691	645466
b8cf6073a40e3f8781d4ada35edc341a	gi|1384992332|ref|NR_156081.1|	94.773	440	23	0	1	440	336	775	0.0	686	1469948
b8cf6073a40e3f8781d4ada35edc341a	gi|1384992329|ref|NR_156078.1|	94.773	440	23	0	1	440	336	775	0.0	686	1469948
b8cf6073a40e3f8781d4ada35edc341a	gi|636560803|ref|NR_116863.1|	94.785	441	22	1	1	440	337	777	0.0	686	645466
b8cf6073a40e3f8781d4ada35edc341a	gi|3030611230|ref|NR_199906.1|	94.545	440	24	0	1	440	354	793	0.0	680	3123317
b8cf6073a40e3f8781d4ada35edc341a	gi|3030611314|ref|NR_199990.1|	94.545	440	24	0	1	440	350	789	0.0	680	3123317
a38ac417dbd931f378cfe888b0239e18	gi|2363081451|ref|NR_178972.1|	99.318	440	3	0	1	440	285	724	0.0	797	1851428
a38ac417dbd931f378cfe888b0239e18	gi|265678656|ref|NR_028961.1|	98.636	440	6	0	1	440	327	766	0.0	780	853
a38ac417dbd931f378cfe888b0239e18	gi|2363082282|ref|NR_179388.1|	98.409	440	7	0	1	440	335	774	0.0	774	2935520
a38ac417dbd931f378cfe888b0239e18	gi|2363080123|ref|NR_178280.1|	98.409	440	7	0	1	440	331	770	0.0	774	411483
a38ac417dbd931f378cfe888b0239e18	gi|3030611269|ref|NR_199945.1|	98.182	440	8	0	1	440	335	774	0.0	769	3435293
a38ac417dbd931f378cfe888b0239e18	gi|2363081449|ref|NR_178971.1|	98.608	431	6	0	1	431	285	715	0.0	763	1851427
a38ac417dbd931f378cfe888b0239e18	gi|2363080175|ref|NR_178311.1|	96.364	440	16	0	1	440	412	851	0.0	725	2903556
a38ac417dbd931f378cfe888b0239e18	gi|1397641802|ref|NR_156911.1|	92.500	440	33	0	1	440	351	790	2.07e-180	630	1650663
a38ac417dbd931f378cfe888b0239e18	gi|2363084747|ref|NR_180622.1|	92.500	440	33	0	1	440	335	774	2.07e-180	630	2779354
a38ac417dbd931f378cfe888b0239e18	gi|2363082356|ref|NR_179425.1|	92.290	441	32	2	1	440	351	790	9.64e-179	625	1689304
c02d679b875ba88df15aa00474d89da8	gi|343198671|ref|NR_043231.1|	99.140	465	4	0	1	465	283	747	0.0	837	308994
c02d679b875ba88df15aa00474d89da8	gi|631252159|ref|NR_113357.1|	98.927	466	4	1	1	465	356	821	0.0	832	308994
c02d679b875ba88df15aa00474d89da8	gi|343200979|ref|NR_041666.1|	95.923	466	17	2	1	465	336	800	0.0	754	742743
c02d679b875ba88df15aa00474d89da8	gi|631252158|ref|NR_113356.1|	95.279	466	19	3	1	465	355	818	0.0	736	309120
c02d679b875ba88df15aa00474d89da8	gi|343198462|ref|NR_041895.1|	95.279	466	19	3	1	465	296	759	0.0	736	888062
c02d679b875ba88df15aa00474d89da8	gi|219846637|ref|NR_026229.1|	93.348	466	29	2	1	465	336	800	0.0	688	39950
c02d679b875ba88df15aa00474d89da8	gi|343199044|ref|NR_044400.1|	92.918	466	31	2	1	465	314	778	0.0	676	464322
c02d679b875ba88df15aa00474d89da8	gi|219857641|ref|NR_025230.1|	92.521	468	31	4	1	465	285	751	0.0	667	187326
c02d679b875ba88df15aa00474d89da8	gi|343205705|ref|NR_044091.1|	92.060	466	35	2	1	465	240	704	0.0	654	423477
c02d679b875ba88df15aa00474d89da8	gi|219846172|ref|NR_025762.1|	92.060	466	35	2	1	465	304	768	0.0	654	248316
83edc9425577d0eedfeb47b9ecd032ba	gi|343201281|ref|NR_042007.1|	97.285	442	12	0	1	442	343	784	0.0	750	622312
83edc9425577d0eedfeb47b9ecd032ba	gi|559795150|ref|NR_104737.1|	96.606	442	13	1	1	442	346	785	0.0	732	1732
83edc9425577d0eedfeb47b9ecd032ba	gi|1315204019|ref|NR_152688.1|	96.388	443	12	3	1	442	348	787	0.0	726	433279
83edc9425577d0eedfeb47b9ecd032ba	gi|2363085153|ref|NR_180825.1|	96.171	444	12	5	1	442	347	787	0.0	721	2605790
83edc9425577d0eedfeb47b9ecd032ba	gi|2363082059|ref|NR_179276.1|	95.937	443	14	3	1	442	334	773	0.0	715	2316025
83edc9425577d0eedfeb47b9ecd032ba	gi|645320588|ref|NR_117758.1|	95.721	444	15	4	1	442	322	763	0.0	712	166486
83edc9425577d0eedfeb47b9ecd032ba	gi|228716944|ref|NR_027557.1|	95.721	444	15	4	1	442	343	784	0.0	712	536231
83edc9425577d0eedfeb47b9ecd032ba	gi|2363085133|ref|NR_180815.1|	95.711	443	15	3	1	442	350	789	0.0	710	2606633
83edc9425577d0eedfeb47b9ecd032ba	gi|1909404440|ref|NR_170495.1|	95.711	443	15	3	1	442	355	794	0.0	710	2509240
83edc9425577d0eedfeb47b9ecd032ba	gi|2363083556|ref|NR_180026.1|	95.711	443	15	3	1	442	348	787	0.0	710	2696678
4ad2f6ed2e6811a00ab33a60bc6ac7f4	gi|631252118|ref|NR_113316.1|	99.320	441	3	0	1	441	327	767	0.0	798	74426
4ad2f6ed2e6811a00ab33a60bc6ac7f4	gi|265678302|ref|NR_028604.1|	98.413	441	6	1	1	441	327	766	0.0	774	74426
4ad2f6ed2e6811a00ab33a60bc6ac7f4	gi|1193829136|ref|NR_147379.1|	96.606	442	12	3	1	441	328	767	0.0	730	1907654
4ad2f6ed2e6811a00ab33a60bc6ac7f4	gi|1193829156|ref|NR_147399.1|	95.692	441	18	1	1	441	328	767	0.0	708	1871016
4ad2f6ed2e6811a00ab33a60bc6ac7f4	gi|1109167962|ref|NR_144579.1|	95.238	441	20	1	1	441	322	761	0.0	697	1232426
4ad2f6ed2e6811a00ab33a60bc6ac7f4	gi|2363082368|ref|NR_179431.1|	95.011	441	21	1	1	441	328	767	0.0	691	1720204
4ad2f6ed2e6811a00ab33a60bc6ac7f4	gi|631251967|ref|NR_113165.1|	95.011	441	21	1	1	441	328	767	0.0	691	147207
4ad2f6ed2e6811a00ab33a60bc6ac7f4	gi|631251966|ref|NR_113164.1|	95.011	441	21	1	1	441	328	767	0.0	691	147206
4ad2f6ed2e6811a00ab33a60bc6ac7f4	gi|2363084792|ref|NR_180644.1|	94.785	441	22	1	1	441	249	688	0.0	688	2603815
4ad2f6ed2e6811a00ab33a60bc6ac7f4	gi|2363082703|ref|NR_179599.1|	94.570	442	21	3	1	441	308	747	0.0	680	1937461
4532934224617df411ab9e930ec851c3	gi|444304012|ref|NR_074436.1|	97.982	446	9	0	1	446	321	766	0.0	774	239935
4532934224617df411ab9e930ec851c3	gi|343202494|ref|NR_042817.1|	97.982	446	9	0	1	446	301	746	0.0	774	349741
4532934224617df411ab9e930ec851c3	gi|1315204026|ref|NR_152695.1|	92.650	449	29	3	1	446	300	747	0.0	643	1679444
4532934224617df411ab9e930ec851c3	gi|343200983|ref|NR_041670.1|	85.225	467	46	9	1	446	298	762	2.92e-129	460	490092
4532934224617df411ab9e930ec851c3	gi|219846674|ref|NR_026266.1|	84.979	466	48	8	1	446	304	767	3.77e-128	457	240016
4532934224617df411ab9e930ec851c3	gi|343200937|ref|NR_041624.1|	85.011	467	47	9	1	446	321	785	4.88e-127	453	454151
4532934224617df411ab9e930ec851c3	gi|2260349445|ref|NR_176527.1|	84.946	465	49	7	1	446	318	780	1.76e-126	451	2576071
4532934224617df411ab9e930ec851c3	gi|343200984|ref|NR_041671.1|	84.764	466	50	9	1	446	320	784	2.27e-125	448	490093
4532934224617df411ab9e930ec851c3	gi|343200987|ref|NR_041674.1|	84.335	466	52	9	1	446	319	783	4.92e-122	436	490096
4532934224617df411ab9e930ec851c3	gi|2363086508|ref|NR_181508.1|	84.120	466	53	10	1	446	282	746	2.29e-120	431	2824561
e10c0bfc4a9a2b7dee883731b57d7174	gi|2363080123|ref|NR_178280.1|	99.091	440	4	0	1	440	331	770	0.0	791	411483
e10c0bfc4a9a2b7dee883731b57d7174	gi|2363081449|ref|NR_178971.1|	99.304	431	3	0	1	431	285	715	0.0	780	1851427
e10c0bfc4a9a2b7dee883731b57d7174	gi|265678656|ref|NR_028961.1|	98.409	440	7	0	1	440	327	766	0.0	774	853
e10c0bfc4a9a2b7dee883731b57d7174	gi|2363081451|ref|NR_178972.1|	98.182	440	8	0	1	440	285	724	0.0	769	1851428
e10c0bfc4a9a2b7dee883731b57d7174	gi|3030611269|ref|NR_199945.1|	97.955	440	9	0	1	440	335	774	0.0	763	3435293
e10c0bfc4a9a2b7dee883731b57d7174	gi|2363082282|ref|NR_179388.1|	97.506	441	9	2	1	440	335	774	0.0	752	2935520
e10c0bfc4a9a2b7dee883731b57d7174	gi|2363080175|ref|NR_178311.1|	96.818	440	14	0	1	440	412	851	0.0	736	2903556
e10c0bfc4a9a2b7dee883731b57d7174	gi|2363084747|ref|NR_180622.1|	92.744	441	30	2	1	440	335	774	0.0	636	2779354
e10c0bfc4a9a2b7dee883731b57d7174	gi|559795255|ref|NR_104846.1|	92.500	440	33	0	1	440	288	727	2.07e-180	630	745368
e10c0bfc4a9a2b7dee883731b57d7174	gi|1277396189|ref|NR_151900.1|	92.045	440	35	0	1	440	351	790	4.48e-177	619	1550024
23a5e6b2f248975ea7f7a5c404b2d05d	gi|3248465644|ref|NR_201656.1|	95.692	441	17	2	1	440	329	768	0.0	708	3417633
23a5e6b2f248975ea7f7a5c404b2d05d	gi|507148077|ref|NR_102884.1|	94.091	440	26	0	1	440	331	770	0.0	669	213810
23a5e6b2f248975ea7f7a5c404b2d05d	gi|3248465648|ref|NR_201660.1|	93.864	440	27	0	1	440	319	758	0.0	664	3417630
23a5e6b2f248975ea7f7a5c404b2d05d	gi|444303976|ref|NR_074399.1|	93.864	440	27	0	1	440	333	772	0.0	664	697329
23a5e6b2f248975ea7f7a5c404b2d05d	gi|631251834|ref|NR_113032.1|	93.864	440	27	0	1	440	333	772	0.0	664	1264
23a5e6b2f248975ea7f7a5c404b2d05d	gi|636559173|ref|NR_115230.1|	93.864	440	27	0	1	440	333	772	0.0	664	697329
23a5e6b2f248975ea7f7a5c404b2d05d	gi|219846339|ref|NR_025929.1|	93.864	440	27	0	1	440	328	767	0.0	664	697329
23a5e6b2f248975ea7f7a5c404b2d05d	gi|636558832|ref|NR_114889.1|	93.864	440	26	1	1	440	277	715	0.0	662	213810
23a5e6b2f248975ea7f7a5c404b2d05d	gi|2363082601|ref|NR_179547.1|	93.636	440	28	0	1	440	347	786	0.0	658	1870991
23a5e6b2f248975ea7f7a5c404b2d05d	gi|265679047|ref|NR_029355.1|	93.182	440	30	0	1	440	332	771	0.0	647	84026
0f24556cbdf2bb0b62e93f805596cc7d	gi|444304209|ref|NR_074634.1|	99.545	440	2	0	1	440	350	789	0.0	802	515619
0f24556cbdf2bb0b62e93f805596cc7d	gi|343198540|ref|NR_042832.1|	98.413	441	6	1	1	440	330	770	0.0	774	301302
0f24556cbdf2bb0b62e93f805596cc7d	gi|1227086116|ref|NR_148619.1|	97.964	442	7	2	1	440	301	742	0.0	765	1712665
0f24556cbdf2bb0b62e93f805596cc7d	gi|645320588|ref|NR_117758.1|	97.511	442	9	1	1	440	322	763	0.0	754	166486
0f24556cbdf2bb0b62e93f805596cc7d	gi|228716944|ref|NR_027557.1|	97.511	442	9	1	1	440	343	784	0.0	754	536231
0f24556cbdf2bb0b62e93f805596cc7d	gi|444439494|ref|NR_074809.1|	97.506	441	10	1	1	440	350	790	0.0	752	585394
0f24556cbdf2bb0b62e93f805596cc7d	gi|343201282|ref|NR_042008.1|	97.279	441	10	2	1	440	341	780	0.0	747	585394
0f24556cbdf2bb0b62e93f805596cc7d	gi|2363085153|ref|NR_180825.1|	97.052	441	12	1	1	440	347	787	0.0	741	2605790
0f24556cbdf2bb0b62e93f805596cc7d	gi|219846723|ref|NR_026315.1|	97.045	440	13	0	1	440	317	756	0.0	741	46206
0f24556cbdf2bb0b62e93f805596cc7d	gi|2363086282|ref|NR_181393.1|	96.818	440	14	0	1	440	290	729	0.0	736	2763664
1db874248e5ef0f90254538f1544ee05	gi|2363087259|ref|NR_181885.1|	99.318	440	3	0	1	440	335	774	0.0	798	2885351
1db874248e5ef0f90254538f1544ee05	gi|631253128|ref|NR_114326.1|	97.045	440	13	0	1	440	334	773	0.0	741	1150298
1db874248e5ef0f90254538f1544ee05	gi|228719063|ref|NR_027579.1|	96.818	440	14	0	1	440	316	755	0.0	741	471875
1db874248e5ef0f90254538f1544ee05	gi|974142252|ref|NR_134772.1|	96.818	440	14	0	1	440	297	736	0.0	736	1337051
1db874248e5ef0f90254538f1544ee05	gi|2363082679|ref|NR_179587.1|	96.364	440	16	0	1	440	328	767	0.0	725	1926283
1db874248e5ef0f90254538f1544ee05	gi|2363081854|ref|NR_179173.1|	96.364	440	16	0	1	440	333	772	0.0	725	2126740
1db874248e5ef0f90254538f1544ee05	gi|2363086292|ref|NR_181398.1|	96.364	440	16	0	1	440	299	738	0.0	725	2763667
1db874248e5ef0f90254538f1544ee05	gi|2363086290|ref|NR_181397.1|	96.364	440	16	0	1	440	303	742	0.0	725	2763671
1db874248e5ef0f90254538f1544ee05	gi|645321072|ref|NR_118128.1|	96.364	440	16	0	1	440	174	613	0.0	725	1531
1db874248e5ef0f90254538f1544ee05	gi|631252212|ref|NR_113410.1|	96.364	440	16	0	1	440	257	696	0.0	725	208479
a0ea804626e784486c77c925a6bcdd3e	gi|343205678|ref|NR_044054.1|	99.318	440	3	0	1	440	297	736	0.0	797	1121115
a0ea804626e784486c77c925a6bcdd3e	gi|631253117|ref|NR_114315.1|	99.091	440	4	0	1	440	336	775	0.0	793	649762
a0ea804626e784486c77c925a6bcdd3e	gi|2363082685|ref|NR_179590.1|	98.866	441	4	1	1	440	327	767	0.0	787	1936059
a0ea804626e784486c77c925a6bcdd3e	gi|219846722|ref|NR_026314.1|	97.273	440	12	0	1	440	330	769	0.0	747	53443
a0ea804626e784486c77c925a6bcdd3e	gi|219846720|ref|NR_026312.1|	96.818	440	14	0	1	440	327	766	0.0	737	180164
a0ea804626e784486c77c925a6bcdd3e	gi|2363084170|ref|NR_180334.1|	96.818	440	14	0	1	440	253	692	0.0	736	2763028
a0ea804626e784486c77c925a6bcdd3e	gi|2363086300|ref|NR_181402.1|	96.818	440	14	0	1	440	300	739	0.0	736	2763028
a0ea804626e784486c77c925a6bcdd3e	gi|631252033|ref|NR_113231.1|	96.825	441	12	2	1	440	347	786	0.0	736	536633
a0ea804626e784486c77c925a6bcdd3e	gi|631251591|ref|NR_112789.1|	96.825	441	12	2	1	440	333	772	0.0	736	536633
a0ea804626e784486c77c925a6bcdd3e	gi|2363082673|ref|NR_179584.1|	96.599	441	13	2	1	440	327	766	0.0	730	1917888
3a8b53f2ff07e201b3e2e2e47b66fa4f	gi|3248465644|ref|NR_201656.1|	95.238	441	19	2	1	440	329	768	0.0	697	3417633
3a8b53f2ff07e201b3e2e2e47b66fa4f	gi|507148077|ref|NR_102884.1|	93.636	440	28	0	1	440	331	770	0.0	658	213810
3a8b53f2ff07e201b3e2e2e47b66fa4f	gi|3248465648|ref|NR_201660.1|	93.409	440	29	0	1	440	319	758	0.0	652	3417630
3a8b53f2ff07e201b3e2e2e47b66fa4f	gi|444303976|ref|NR_074399.1|	93.409	440	29	0	1	440	333	772	0.0	652	697329
3a8b53f2ff07e201b3e2e2e47b66fa4f	gi|631251834|ref|NR_113032.1|	93.409	440	29	0	1	440	333	772	0.0	652	1264
3a8b53f2ff07e201b3e2e2e47b66fa4f	gi|636559173|ref|NR_115230.1|	93.409	440	29	0	1	440	333	772	0.0	652	697329
3a8b53f2ff07e201b3e2e2e47b66fa4f	gi|219846339|ref|NR_025929.1|	93.409	440	29	0	1	440	328	767	0.0	652	697329
3a8b53f2ff07e201b3e2e2e47b66fa4f	gi|636558832|ref|NR_114889.1|	93.409	440	28	1	1	440	277	715	0.0	651	213810
3a8b53f2ff07e201b3e2e2e47b66fa4f	gi|2363082601|ref|NR_179547.1|	93.182	440	30	0	1	440	347	786	0.0	647	1870991
3a8b53f2ff07e201b3e2e2e47b66fa4f	gi|265679047|ref|NR_029355.1|	92.727	440	32	0	1	440	332	771	0.0	636	84026
9f68eb9489a1602180dc51324f6e7068	gi|2363083455|ref|NR_179976.1|	90.517	464	35	9	1	460	289	747	1.32e-172	604	2094151
9f68eb9489a1602180dc51324f6e7068	gi|1109168036|ref|NR_144616.1|	89.610	462	44	3	1	460	280	739	1.71e-166	584	1796646
9f68eb9489a1602180dc51324f6e7068	gi|2363084366|ref|NR_180431.1|	89.677	465	38	9	1	460	350	809	1.71e-166	584	2530390
9f68eb9489a1602180dc51324f6e7068	gi|2363083453|ref|NR_179975.1|	88.985	463	44	6	1	460	339	797	6.21e-161	566	2094150
9f68eb9489a1602180dc51324f6e7068	gi|2363084938|ref|NR_180717.1|	88.793	464	44	8	1	460	259	718	8.03e-160	562	2601703
9f68eb9489a1602180dc51324f6e7068	gi|1909404453|ref|NR_170508.1|	88.528	462	48	5	1	460	352	810	1.34e-157	555	2518971
9f68eb9489a1602180dc51324f6e7068	gi|2363087247|ref|NR_181879.1|	88.147	464	46	7	1	460	285	743	2.91e-154	544	2880704
9f68eb9489a1602180dc51324f6e7068	gi|1909404454|ref|NR_170509.1|	87.689	463	50	7	1	460	347	805	6.30e-151	532	2530391
9f68eb9489a1602180dc51324f6e7068	gi|2363085163|ref|NR_180830.1|	87.689	463	50	6	1	460	336	794	6.30e-151	532	2606626
9f68eb9489a1602180dc51324f6e7068	gi|2363087249|ref|NR_181880.1|	87.554	466	45	9	1	460	294	752	2.93e-149	527	2880703
6ffc731651faa4d0d9c2c8a56cf4b9e1	gi|444304209|ref|NR_074634.1|	99.318	440	3	0	1	440	350	789	0.0	797	515619
6ffc731651faa4d0d9c2c8a56cf4b9e1	gi|343198540|ref|NR_042832.1|	98.186	441	7	1	1	440	330	770	0.0	769	301302
6ffc731651faa4d0d9c2c8a56cf4b9e1	gi|1227086116|ref|NR_148619.1|	97.738	442	8	2	1	440	301	742	0.0	760	1712665
6ffc731651faa4d0d9c2c8a56cf4b9e1	gi|645320588|ref|NR_117758.1|	97.285	442	10	1	1	440	322	763	0.0	749	166486
6ffc731651faa4d0d9c2c8a56cf4b9e1	gi|228716944|ref|NR_027557.1|	97.285	442	10	1	1	440	343	784	0.0	749	536231
6ffc731651faa4d0d9c2c8a56cf4b9e1	gi|444439494|ref|NR_074809.1|	97.279	441	11	1	1	440	350	790	0.0	747	585394
6ffc731651faa4d0d9c2c8a56cf4b9e1	gi|343201282|ref|NR_042008.1|	97.052	441	11	2	1	440	341	780	0.0	741	585394
6ffc731651faa4d0d9c2c8a56cf4b9e1	gi|2363085153|ref|NR_180825.1|	96.825	441	13	1	1	440	347	787	0.0	736	2605790
6ffc731651faa4d0d9c2c8a56cf4b9e1	gi|219846723|ref|NR_026315.1|	96.818	440	14	0	1	440	317	756	0.0	736	46206
6ffc731651faa4d0d9c2c8a56cf4b9e1	gi|2363086282|ref|NR_181393.1|	96.591	440	15	0	1	440	290	729	0.0	730	2763664
4af7fa9d2b27983fe30ccf47cecc406a	gi|2363082569|ref|NR_179531.1|	98.643	442	6	0	1	442	347	788	0.0	784	1852369
4af7fa9d2b27983fe30ccf47cecc406a	gi|1269801610|ref|NR_074793.2|	93.891	442	27	0	1	442	355	796	0.0	667	351091
4af7fa9d2b27983fe30ccf47cecc406a	gi|343200653|ref|NR_041340.1|	93.891	442	27	0	1	442	328	769	0.0	667	351091
4af7fa9d2b27983fe30ccf47cecc406a	gi|2260349448|ref|NR_176530.1|	93.665	442	28	0	1	442	358	799	0.0	662	2093857
4af7fa9d2b27983fe30ccf47cecc406a	gi|2363082559|ref|NR_179526.1|	93.665	442	28	0	1	442	349	790	0.0	662	1841866
4af7fa9d2b27983fe30ccf47cecc406a	gi|645321110|ref|NR_118156.1|	93.439	442	29	0	1	442	304	745	0.0	656	1007096
4af7fa9d2b27983fe30ccf47cecc406a	gi|2962412234|ref|NR_199428.1|	92.760	442	32	0	1	442	352	793	0.0	640	3073143
4af7fa9d2b27983fe30ccf47cecc406a	gi|2363082170|ref|NR_179331.1|	92.551	443	32	1	1	442	328	770	0.0	634	2714358
4af7fa9d2b27983fe30ccf47cecc406a	gi|2363082168|ref|NR_179330.1|	92.342	444	30	4	1	442	327	768	7.49e-180	628	2714355
4af7fa9d2b27983fe30ccf47cecc406a	gi|2363087001|ref|NR_181757.1|	92.117	444	31	4	1	442	289	730	3.48e-178	623	2841504
578018e91c3a038c9302b01fafc00b6d	gi|444439494|ref|NR_074809.1|	99.546	441	2	0	1	441	350	790	0.0	804	585394
578018e91c3a038c9302b01fafc00b6d	gi|343201282|ref|NR_042008.1|	99.320	441	2	1	1	441	341	780	0.0	797	585394
578018e91c3a038c9302b01fafc00b6d	gi|645320588|ref|NR_117758.1|	99.095	442	3	1	1	441	322	763	0.0	793	166486
578018e91c3a038c9302b01fafc00b6d	gi|228716944|ref|NR_027557.1|	99.095	442	3	1	1	441	343	784	0.0	793	536231
578018e91c3a038c9302b01fafc00b6d	gi|343198540|ref|NR_042832.1|	98.639	441	6	0	1	441	330	770	0.0	782	301302
578018e91c3a038c9302b01fafc00b6d	gi|1227086116|ref|NR_148619.1|	97.964	442	8	1	1	441	301	742	0.0	765	1712665
578018e91c3a038c9302b01fafc00b6d	gi|2363085153|ref|NR_180825.1|	97.506	441	11	0	1	441	347	787	0.0	754	2605790
578018e91c3a038c9302b01fafc00b6d	gi|444304209|ref|NR_074634.1|	97.506	441	10	1	1	441	350	789	0.0	752	515619
578018e91c3a038c9302b01fafc00b6d	gi|343201281|ref|NR_042007.1|	97.297	444	7	5	1	441	343	784	0.0	749	622312
578018e91c3a038c9302b01fafc00b6d	gi|2363086282|ref|NR_181393.1|	97.279	441	11	1	1	441	290	729	0.0	747	2763664
c37f78eeca935c995a7561ddd52d1ecd	gi|343201281|ref|NR_042007.1|	97.285	442	12	0	1	442	343	784	0.0	750	622312
c37f78eeca935c995a7561ddd52d1ecd	gi|559795150|ref|NR_104737.1|	96.606	442	13	1	1	442	346	785	0.0	732	1732
c37f78eeca935c995a7561ddd52d1ecd	gi|1315204019|ref|NR_152688.1|	96.388	443	12	3	1	442	348	787	0.0	726	433279
c37f78eeca935c995a7561ddd52d1ecd	gi|2363085153|ref|NR_180825.1|	96.171	444	12	5	1	442	347	787	0.0	721	2605790
c37f78eeca935c995a7561ddd52d1ecd	gi|2363082059|ref|NR_179276.1|	95.937	443	14	3	1	442	334	773	0.0	715	2316025
c37f78eeca935c995a7561ddd52d1ecd	gi|645320588|ref|NR_117758.1|	95.721	444	15	4	1	442	322	763	0.0	712	166486
c37f78eeca935c995a7561ddd52d1ecd	gi|228716944|ref|NR_027557.1|	95.721	444	15	4	1	442	343	784	0.0	712	536231
c37f78eeca935c995a7561ddd52d1ecd	gi|2363085133|ref|NR_180815.1|	95.711	443	15	3	1	442	350	789	0.0	710	2606633
c37f78eeca935c995a7561ddd52d1ecd	gi|1909404440|ref|NR_170495.1|	95.711	443	15	3	1	442	355	794	0.0	710	2509240
c37f78eeca935c995a7561ddd52d1ecd	gi|2363083556|ref|NR_180026.1|	95.711	443	15	3	1	442	348	787	0.0	710	2696678
2fd11e99deb960f6eb9d4e47b06b2c3a	gi|2363080123|ref|NR_178280.1|	99.091	440	4	0	1	440	331	770	0.0	791	411483
2fd11e99deb960f6eb9d4e47b06b2c3a	gi|3030611269|ref|NR_199945.1|	98.864	440	5	0	1	440	335	774	0.0	785	3435293
2fd11e99deb960f6eb9d4e47b06b2c3a	gi|2363081449|ref|NR_178971.1|	98.636	440	5	1	1	440	285	723	0.0	778	1851427
2fd11e99deb960f6eb9d4e47b06b2c3a	gi|265678656|ref|NR_028961.1|	98.409	440	7	0	1	440	327	766	0.0	774	853
2fd11e99deb960f6eb9d4e47b06b2c3a	gi|2363081451|ref|NR_178972.1|	98.182	440	8	0	1	440	285	724	0.0	769	1851428
2fd11e99deb960f6eb9d4e47b06b2c3a	gi|2363082282|ref|NR_179388.1|	97.506	441	9	2	1	440	335	774	0.0	752	2935520
2fd11e99deb960f6eb9d4e47b06b2c3a	gi|2363080175|ref|NR_178311.1|	96.818	440	14	0	1	440	412	851	0.0	736	2903556
2fd11e99deb960f6eb9d4e47b06b2c3a	gi|2363084747|ref|NR_180622.1|	93.651	441	26	2	1	440	335	774	0.0	658	2779354
2fd11e99deb960f6eb9d4e47b06b2c3a	gi|559795255|ref|NR_104846.1|	93.409	440	29	0	1	440	288	727	0.0	652	745368
2fd11e99deb960f6eb9d4e47b06b2c3a	gi|1277396189|ref|NR_151900.1|	92.955	440	31	0	1	440	351	790	0.0	641	1550024
a97425b3129bf8f15fe541020d313376	gi|343201281|ref|NR_042007.1|	97.059	442	13	0	1	442	343	784	0.0	745	622312
a97425b3129bf8f15fe541020d313376	gi|559795150|ref|NR_104737.1|	96.380	442	14	1	1	442	346	785	0.0	726	1732
a97425b3129bf8f15fe541020d313376	gi|1315204019|ref|NR_152688.1|	96.163	443	13	3	1	442	348	787	0.0	721	433279
a97425b3129bf8f15fe541020d313376	gi|2363085153|ref|NR_180825.1|	95.946	444	13	5	1	442	347	787	0.0	715	2605790
a97425b3129bf8f15fe541020d313376	gi|2363082059|ref|NR_179276.1|	95.711	443	15	3	1	442	334	773	0.0	710	2316025
a97425b3129bf8f15fe541020d313376	gi|645320588|ref|NR_117758.1|	95.495	444	16	4	1	442	322	763	0.0	706	166486
a97425b3129bf8f15fe541020d313376	gi|228716944|ref|NR_027557.1|	95.495	444	16	4	1	442	343	784	0.0	706	536231
a97425b3129bf8f15fe541020d313376	gi|2363085133|ref|NR_180815.1|	95.485	443	16	3	1	442	350	789	0.0	704	2606633
a97425b3129bf8f15fe541020d313376	gi|1909404440|ref|NR_170495.1|	95.485	443	16	3	1	442	355	794	0.0	704	2509240
a97425b3129bf8f15fe541020d313376	gi|2363083556|ref|NR_180026.1|	95.485	443	16	3	1	442	348	787	0.0	704	2696678
6c79250cad7a2f66990e31384657c25e	gi|444304189|ref|NR_074613.1|	95.000	440	22	0	1	440	350	789	0.0	691	515620
6c79250cad7a2f66990e31384657c25e	gi|559795169|ref|NR_104758.1|	94.545	440	24	0	1	440	345	784	0.0	680	1282887
6c79250cad7a2f66990e31384657c25e	gi|559795246|ref|NR_104836.1|	94.558	441	22	2	1	440	333	772	0.0	680	706562
6c79250cad7a2f66990e31384657c25e	gi|219846511|ref|NR_026103.1|	94.545	440	24	0	1	440	316	755	0.0	680	37658
6c79250cad7a2f66990e31384657c25e	gi|1277396381|ref|NR_152095.1|	94.318	440	25	0	1	440	348	787	0.0	675	1679721
6c79250cad7a2f66990e31384657c25e	gi|645321749|ref|NR_118643.1|	94.318	440	25	0	1	440	254	693	0.0	675	1432052
6c79250cad7a2f66990e31384657c25e	gi|631252121|ref|NR_113319.1|	94.091	440	26	0	1	440	350	789	0.0	669	645466
6c79250cad7a2f66990e31384657c25e	gi|1277396183|ref|NR_151894.1|	94.091	440	26	0	1	440	335	774	0.0	669	433293
6c79250cad7a2f66990e31384657c25e	gi|343202586|ref|NR_042953.1|	94.091	440	26	0	1	440	308	747	0.0	669	264463
6c79250cad7a2f66990e31384657c25e	gi|2363085103|ref|NR_180800.1|	93.864	440	27	0	1	440	347	786	0.0	664	2652274
42324c0bc62a14fb0b09708744ec7303	gi|645321792|ref|NR_118676.1|	97.045	440	13	0	1	440	370	809	0.0	750	39497
42324c0bc62a14fb0b09708744ec7303	gi|219846511|ref|NR_026103.1|	97.045	440	13	0	1	440	316	755	0.0	741	37658
42324c0bc62a14fb0b09708744ec7303	gi|1277396183|ref|NR_151894.1|	97.045	440	13	0	1	440	335	774	0.0	741	433293
42324c0bc62a14fb0b09708744ec7303	gi|1277396381|ref|NR_152095.1|	96.818	440	14	0	1	440	348	787	0.0	736	1679721
42324c0bc62a14fb0b09708744ec7303	gi|631252121|ref|NR_113319.1|	96.818	440	14	0	1	440	350	789	0.0	736	645466
42324c0bc62a14fb0b09708744ec7303	gi|636560803|ref|NR_116863.1|	96.599	441	14	1	1	440	337	777	0.0	730	645466
42324c0bc62a14fb0b09708744ec7303	gi|343202586|ref|NR_042953.1|	96.591	440	15	0	1	440	308	747	0.0	730	264463
42324c0bc62a14fb0b09708744ec7303	gi|2136551633|ref|NR_173637.1|	96.364	440	16	0	1	440	294	733	0.0	725	2755051
42324c0bc62a14fb0b09708744ec7303	gi|219878251|ref|NR_025390.1|	96.364	440	16	0	1	440	330	769	0.0	725	115544
42324c0bc62a14fb0b09708744ec7303	gi|2363081778|ref|NR_179135.1|	96.145	441	16	1	1	440	330	770	0.0	719	2025494
49ebdc6c973fa6fef0822cbbfc67ec79	gi|631252157|ref|NR_113355.1|	99.570	465	2	0	1	465	356	820	0.0	848	218538
49ebdc6c973fa6fef0822cbbfc67ec79	gi|219846090|ref|NR_025680.1|	99.570	465	2	0	1	465	336	800	0.0	848	592028
49ebdc6c973fa6fef0822cbbfc67ec79	gi|343198671|ref|NR_043231.1|	95.064	466	21	2	1	465	283	747	0.0	732	308994
49ebdc6c973fa6fef0822cbbfc67ec79	gi|631252159|ref|NR_113357.1|	94.861	467	21	3	1	465	356	821	0.0	726	308994
49ebdc6c973fa6fef0822cbbfc67ec79	gi|343200979|ref|NR_041666.1|	94.194	465	27	0	1	465	336	800	0.0	710	742743
49ebdc6c973fa6fef0822cbbfc67ec79	gi|2363082841|ref|NR_179669.1|	94.004	467	24	4	1	465	360	824	0.0	704	2161821
49ebdc6c973fa6fef0822cbbfc67ec79	gi|2363082109|ref|NR_179301.1|	94.004	467	24	4	1	465	344	808	0.0	704	2582419
49ebdc6c973fa6fef0822cbbfc67ec79	gi|631252158|ref|NR_113356.1|	93.348	466	28	3	1	465	355	818	0.0	686	309120
49ebdc6c973fa6fef0822cbbfc67ec79	gi|343198462|ref|NR_041895.1|	93.348	466	28	3	1	465	296	759	0.0	686	888062
49ebdc6c973fa6fef0822cbbfc67ec79	gi|219846637|ref|NR_026229.1|	91.880	468	32	4	1	465	336	800	0.0	649	39950
0c0ceecfd12dc68f5503101c56961ae5	gi|2363083455|ref|NR_179976.1|	90.281	463	38	7	1	460	289	747	6.12e-171	599	2094151
0c0ceecfd12dc68f5503101c56961ae5	gi|2363084366|ref|NR_180431.1|	90.086	464	38	7	1	460	350	809	7.92e-170	595	2530390
0c0ceecfd12dc68f5503101c56961ae5	gi|1109168036|ref|NR_144616.1|	89.610	462	44	3	1	460	280	739	1.71e-166	584	1796646
0c0ceecfd12dc68f5503101c56961ae5	gi|2363084938|ref|NR_180717.1|	89.440	464	41	8	1	460	259	718	7.98e-165	579	2601703
0c0ceecfd12dc68f5503101c56961ae5	gi|1909404453|ref|NR_170508.1|	89.154	461	47	3	1	460	352	810	1.33e-162	571	2518971
0c0ceecfd12dc68f5503101c56961ae5	gi|2363083453|ref|NR_179975.1|	88.985	463	44	5	1	460	339	797	6.21e-161	566	2094150
0c0ceecfd12dc68f5503101c56961ae5	gi|2363087247|ref|NR_181879.1|	88.387	465	43	9	1	460	285	743	6.25e-156	549	2880704
0c0ceecfd12dc68f5503101c56961ae5	gi|1909404454|ref|NR_170509.1|	87.905	463	49	7	1	460	347	805	1.35e-152	538	2530391
0c0ceecfd12dc68f5503101c56961ae5	gi|2363087249|ref|NR_181880.1|	87.931	464	47	7	1	460	294	752	1.35e-152	538	2880703
0c0ceecfd12dc68f5503101c56961ae5	gi|2363085163|ref|NR_180830.1|	87.879	462	51	4	1	460	336	794	1.35e-152	538	2606626
55059462079e1102eb82db9a293f8b4a	gi|343201281|ref|NR_042007.1|	99.548	442	2	0	1	442	343	784	0.0	806	622312
55059462079e1102eb82db9a293f8b4a	gi|645320588|ref|NR_117758.1|	97.748	444	6	4	1	442	322	763	0.0	761	166486
55059462079e1102eb82db9a293f8b4a	gi|228716944|ref|NR_027557.1|	97.748	444	6	4	1	442	343	784	0.0	761	536231
55059462079e1102eb82db9a293f8b4a	gi|343198540|ref|NR_042832.1|	97.748	444	5	5	1	442	330	770	0.0	760	301302
55059462079e1102eb82db9a293f8b4a	gi|444439494|ref|NR_074809.1|	97.297	444	7	5	1	442	350	790	0.0	749	585394
55059462079e1102eb82db9a293f8b4a	gi|1227086116|ref|NR_148619.1|	97.079	445	7	6	1	442	301	742	0.0	745	1712665
55059462079e1102eb82db9a293f8b4a	gi|343201282|ref|NR_042008.1|	97.072	444	7	6	1	442	341	780	0.0	743	585394
55059462079e1102eb82db9a293f8b4a	gi|444304209|ref|NR_074634.1|	96.622	444	9	5	1	442	350	789	0.0	732	515619
55059462079e1102eb82db9a293f8b4a	gi|2363086282|ref|NR_181393.1|	96.622	444	9	5	1	442	290	729	0.0	732	2763664
55059462079e1102eb82db9a293f8b4a	gi|2363085153|ref|NR_180825.1|	95.946	444	13	5	1	442	347	787	0.0	715	2605790
db36ccae32595f8587e455086b46d0c4	gi|2363081451|ref|NR_178972.1|	99.545	440	2	0	1	440	285	724	0.0	802	1851428
db36ccae32595f8587e455086b46d0c4	gi|265678656|ref|NR_028961.1|	98.864	440	5	0	1	440	327	766	0.0	785	853
db36ccae32595f8587e455086b46d0c4	gi|2363082282|ref|NR_179388.1|	98.636	440	6	0	1	440	335	774	0.0	780	2935520
db36ccae32595f8587e455086b46d0c4	gi|2363080123|ref|NR_178280.1|	98.636	440	6	0	1	440	331	770	0.0	780	411483
db36ccae32595f8587e455086b46d0c4	gi|3030611269|ref|NR_199945.1|	98.409	440	7	0	1	440	335	774	0.0	774	3435293
db36ccae32595f8587e455086b46d0c4	gi|2363081449|ref|NR_178971.1|	98.182	440	7	1	1	440	285	723	0.0	767	1851427
db36ccae32595f8587e455086b46d0c4	gi|2363080175|ref|NR_178311.1|	96.591	440	15	0	1	440	412	851	0.0	730	2903556
db36ccae32595f8587e455086b46d0c4	gi|1397641802|ref|NR_156911.1|	92.727	440	32	0	1	440	351	790	0.0	636	1650663
db36ccae32595f8587e455086b46d0c4	gi|2363084747|ref|NR_180622.1|	92.727	440	32	0	1	440	335	774	0.0	636	2779354
db36ccae32595f8587e455086b46d0c4	gi|2363082356|ref|NR_179425.1|	92.517	441	31	2	1	440	351	790	2.07e-180	630	1689304
e42d24cfb93825366121de08f3c9fe98	gi|1116030282|ref|NR_144740.1|	99.772	439	1	0	1	439	321	759	0.0	806	1776391
e42d24cfb93825366121de08f3c9fe98	gi|974142280|ref|NR_134800.1|	99.089	439	4	0	1	439	255	693	0.0	789	1368474
e42d24cfb93825366121de08f3c9fe98	gi|672239008|ref|NR_125597.1|	98.413	441	5	2	1	439	318	758	0.0	774	1115758
e42d24cfb93825366121de08f3c9fe98	gi|2363083072|ref|NR_179784.1|	98.405	439	7	0	1	439	301	739	0.0	773	2020948
e42d24cfb93825366121de08f3c9fe98	gi|2363082877|ref|NR_179687.1|	97.722	439	10	0	1	439	273	711	0.0	756	2662455
e42d24cfb93825366121de08f3c9fe98	gi|1230874654|ref|NR_148815.1|	97.722	439	10	0	1	439	319	757	0.0	756	1629550
e42d24cfb93825366121de08f3c9fe98	gi|631252125|ref|NR_113323.1|	97.722	439	10	0	1	439	319	757	0.0	756	1490
e42d24cfb93825366121de08f3c9fe98	gi|1269785414|ref|NR_118728.2|	97.494	439	11	0	1	439	330	768	0.0	754	1121325
e42d24cfb93825366121de08f3c9fe98	gi|631250974|ref|NR_112171.1|	97.494	439	11	0	1	439	309	747	0.0	750	1490
e42d24cfb93825366121de08f3c9fe98	gi|1040567059|ref|NR_137408.1|	97.267	439	12	0	1	439	290	728	0.0	745	1460447
e212112ba463babc209ae3a3012d851e	gi|1116030238|ref|NR_144696.1|	99.318	440	3	0	1	440	333	772	0.0	797	1414720
e212112ba463babc209ae3a3012d851e	gi|219846899|ref|NR_026491.1|	99.318	440	3	0	1	440	319	758	0.0	797	84024
e212112ba463babc209ae3a3012d851e	gi|219846557|ref|NR_026149.1|	98.409	440	7	0	1	440	325	764	0.0	774	36850
e212112ba463babc209ae3a3012d851e	gi|219846575|ref|NR_026167.1|	98.190	442	5	2	1	440	246	686	0.0	773	36834
e212112ba463babc209ae3a3012d851e	gi|219846422|ref|NR_026013.1|	97.727	440	10	0	1	440	333	772	0.0	758	46867
e212112ba463babc209ae3a3012d851e	gi|2363082288|ref|NR_179391.1|	97.500	440	11	0	1	440	332	771	0.0	752	1499684
e212112ba463babc209ae3a3012d851e	gi|631252127|ref|NR_113325.1|	97.500	440	11	0	1	440	333	772	0.0	752	1559
e212112ba463babc209ae3a3012d851e	gi|219846898|ref|NR_026490.1|	97.500	440	11	0	1	440	320	759	0.0	752	84031
e212112ba463babc209ae3a3012d851e	gi|310975222|ref|NR_037086.1|	97.500	440	11	0	1	440	316	755	0.0	752	1559
e212112ba463babc209ae3a3012d851e	gi|636558671|ref|NR_114728.1|	97.500	440	11	0	1	440	287	726	0.0	752	1559
cdb0d8dbdf7b15723b8b8ce1c0ea1757	gi|631251747|ref|NR_112945.1|	99.565	460	2	0	1	460	327	786	0.0	839	820
cdb0d8dbdf7b15723b8b8ce1c0ea1757	gi|343200179|ref|NR_040866.1|	99.565	460	2	0	1	460	334	793	0.0	839	820
cdb0d8dbdf7b15723b8b8ce1c0ea1757	gi|2363086550|ref|NR_181532.1|	99.130	460	4	0	1	460	322	781	0.0	828	2763025
cdb0d8dbdf7b15723b8b8ce1c0ea1757	gi|2363082773|ref|NR_179635.1|	97.391	460	12	0	1	460	338	797	0.0	784	2024197
cdb0d8dbdf7b15723b8b8ce1c0ea1757	gi|631251874|ref|NR_113072.1|	97.174	460	13	0	1	460	338	797	0.0	778	1236512
cdb0d8dbdf7b15723b8b8ce1c0ea1757	gi|631251816|ref|NR_113014.1|	96.957	460	14	0	1	460	338	797	0.0	773	1236512
cdb0d8dbdf7b15723b8b8ce1c0ea1757	gi|631251735|ref|NR_112933.1|	96.739	460	15	0	1	460	334	793	0.0	767	246787
cdb0d8dbdf7b15723b8b8ce1c0ea1757	gi|343200620|ref|NR_041307.1|	96.522	460	16	0	1	460	334	793	0.0	761	329854
cdb0d8dbdf7b15723b8b8ce1c0ea1757	gi|2363084421|ref|NR_180458.1|	96.304	460	17	0	1	460	340	799	0.0	756	2650157
cdb0d8dbdf7b15723b8b8ce1c0ea1757	gi|2363082635|ref|NR_179564.1|	96.304	460	17	0	1	460	338	797	0.0	756	1903262
cd5bc4fa446b370c3758d294acace9da	gi|2363085169|ref|NR_180833.1|	99.318	440	3	0	1	440	337	776	0.0	797	2606635
cd5bc4fa446b370c3758d294acace9da	gi|310975204|ref|NR_037068.1|	97.052	441	11	2	1	440	341	780	0.0	741	29375
cd5bc4fa446b370c3758d294acace9da	gi|3030611230|ref|NR_199906.1|	96.818	440	14	0	1	440	354	793	0.0	736	3123317
cd5bc4fa446b370c3758d294acace9da	gi|3030611314|ref|NR_199990.1|	96.818	440	14	0	1	440	350	789	0.0	736	3123317
cd5bc4fa446b370c3758d294acace9da	gi|2836274880|ref|NR_197643.1|	96.818	440	14	0	1	440	329	768	0.0	736	2962432
cd5bc4fa446b370c3758d294acace9da	gi|1384992331|ref|NR_156080.1|	96.818	440	14	0	1	440	336	775	0.0	736	1469948
cd5bc4fa446b370c3758d294acace9da	gi|1384992328|ref|NR_156077.1|	96.818	440	14	0	1	440	336	775	0.0	736	1469948
cd5bc4fa446b370c3758d294acace9da	gi|559795307|ref|NR_104899.1|	96.818	440	14	0	1	440	328	767	0.0	736	384636
cd5bc4fa446b370c3758d294acace9da	gi|645322280|ref|NR_119068.1|	96.825	441	11	3	1	440	315	753	0.0	734	36832
cd5bc4fa446b370c3758d294acace9da	gi|2363082679|ref|NR_179587.1|	96.591	440	15	0	1	440	328	767	0.0	730	1926283
7ae8a63e2ac577c643da1051062f3862	gi|645320257|ref|NR_117506.1|	99.551	445	2	0	1	445	311	755	0.0	811	216816
7ae8a63e2ac577c643da1051062f3862	gi|545589064|ref|NR_044691.2|	99.326	445	3	0	1	445	341	785	0.0	808	216816
7ae8a63e2ac577c643da1051062f3862	gi|1137647753|ref|NR_145535.1|	99.326	445	3	0	1	445	319	763	0.0	806	1931217
7ae8a63e2ac577c643da1051062f3862	gi|343202943|ref|NR_043437.1|	99.326	445	3	0	1	445	328	772	0.0	806	1682
7ae8a63e2ac577c643da1051062f3862	gi|2180566473|ref|NR_174313.1|	98.652	445	6	0	1	445	331	775	0.0	789	2650773
7ae8a63e2ac577c643da1051062f3862	gi|2363087087|ref|NR_181799.1|	98.427	445	7	0	1	445	330	774	0.0	784	2809026
7ae8a63e2ac577c643da1051062f3862	gi|545589069|ref|NR_044693.2|	97.978	445	9	0	1	445	339	783	0.0	784	1695
7ae8a63e2ac577c643da1051062f3862	gi|1040567047|ref|NR_137396.1|	97.753	445	10	0	1	445	264	708	0.0	767	1798158
7ae8a63e2ac577c643da1051062f3862	gi|2363084292|ref|NR_180396.1|	97.753	445	10	0	1	445	330	774	0.0	767	2306975
7ae8a63e2ac577c643da1051062f3862	gi|1491520099|ref|NR_159261.1|	97.534	446	10	1	1	445	262	707	0.0	761	2052941
e3b156e93e23ac660ad42c7ee5622b26	gi|645321792|ref|NR_118676.1|	97.045	440	13	0	1	440	370	809	0.0	750	39497
e3b156e93e23ac660ad42c7ee5622b26	gi|219846511|ref|NR_026103.1|	97.045	440	13	0	1	440	316	755	0.0	741	37658
e3b156e93e23ac660ad42c7ee5622b26	gi|1277396183|ref|NR_151894.1|	97.045	440	13	0	1	440	335	774	0.0	741	433293
e3b156e93e23ac660ad42c7ee5622b26	gi|1277396381|ref|NR_152095.1|	96.818	440	14	0	1	440	348	787	0.0	736	1679721
e3b156e93e23ac660ad42c7ee5622b26	gi|631252121|ref|NR_113319.1|	96.818	440	14	0	1	440	350	789	0.0	736	645466
e3b156e93e23ac660ad42c7ee5622b26	gi|636560803|ref|NR_116863.1|	96.599	441	14	1	1	440	337	777	0.0	730	645466
e3b156e93e23ac660ad42c7ee5622b26	gi|343202586|ref|NR_042953.1|	96.591	440	15	0	1	440	308	747	0.0	730	264463
e3b156e93e23ac660ad42c7ee5622b26	gi|2136551633|ref|NR_173637.1|	96.364	440	16	0	1	440	294	733	0.0	725	2755051
e3b156e93e23ac660ad42c7ee5622b26	gi|219878251|ref|NR_025390.1|	96.364	440	16	0	1	440	330	769	0.0	725	115544
e3b156e93e23ac660ad42c7ee5622b26	gi|2363081778|ref|NR_179135.1|	96.145	441	16	1	1	440	330	770	0.0	719	2025494
e6bd16627b7685617f70a8b555c4b88f	gi|959494808|ref|NR_133689.1|	87.025	447	44	12	1	440	292	731	1.02e-138	492	1461337
e6bd16627b7685617f70a8b555c4b88f	gi|2363086372|ref|NR_181438.1|	86.607	448	44	13	1	440	291	730	2.21e-135	481	2775080
e6bd16627b7685617f70a8b555c4b88f	gi|631252350|ref|NR_113548.1|	85.811	444	55	7	1	440	284	723	2.22e-130	464	104099
e6bd16627b7685617f70a8b555c4b88f	gi|645321125|ref|NR_118168.1|	85.811	444	55	7	1	440	228	667	2.22e-130	464	104099
e6bd16627b7685617f70a8b555c4b88f	gi|645321124|ref|NR_118167.1|	85.811	444	55	7	1	440	228	667	2.22e-130	464	104099
e6bd16627b7685617f70a8b555c4b88f	gi|631252427|ref|NR_113625.1|	85.779	443	57	6	1	440	284	723	2.22e-130	464	180198
e6bd16627b7685617f70a8b555c4b88f	gi|631252433|ref|NR_113631.1|	85.811	444	55	7	1	440	284	723	2.22e-130	464	104099
e6bd16627b7685617f70a8b555c4b88f	gi|636560012|ref|NR_116072.1|	85.779	443	57	6	1	440	284	723	2.22e-130	464	180198
e6bd16627b7685617f70a8b555c4b88f	gi|265678312|ref|NR_028614.1|	85.811	444	55	7	1	440	304	743	2.22e-130	464	104099
e6bd16627b7685617f70a8b555c4b88f	gi|636558789|ref|NR_114846.1|	85.811	444	55	7	1	440	284	723	2.22e-130	464	104099
cdedd89bf3878abb20587464d4822c4f	gi|2363081451|ref|NR_178972.1|	99.091	440	4	0	1	440	285	724	0.0	791	1851428
cdedd89bf3878abb20587464d4822c4f	gi|265678656|ref|NR_028961.1|	98.409	440	7	0	1	440	327	766	0.0	774	853
cdedd89bf3878abb20587464d4822c4f	gi|2363082282|ref|NR_179388.1|	98.182	440	8	0	1	440	335	774	0.0	769	2935520
cdedd89bf3878abb20587464d4822c4f	gi|2363080123|ref|NR_178280.1|	98.182	440	8	0	1	440	331	770	0.0	769	411483
cdedd89bf3878abb20587464d4822c4f	gi|3030611269|ref|NR_199945.1|	97.955	440	9	0	1	440	335	774	0.0	763	3435293
cdedd89bf3878abb20587464d4822c4f	gi|2363081449|ref|NR_178971.1|	97.955	440	8	1	1	440	285	723	0.0	761	1851427
cdedd89bf3878abb20587464d4822c4f	gi|2363080175|ref|NR_178311.1|	96.136	440	17	0	1	440	412	851	0.0	719	2903556
cdedd89bf3878abb20587464d4822c4f	gi|2363084747|ref|NR_180622.1|	92.744	441	30	2	1	440	335	774	0.0	636	2779354
cdedd89bf3878abb20587464d4822c4f	gi|1397641802|ref|NR_156911.1|	92.500	440	33	0	1	440	351	790	2.07e-180	630	1650663
cdedd89bf3878abb20587464d4822c4f	gi|2363082356|ref|NR_179425.1|	92.290	441	32	2	1	440	351	790	9.64e-179	625	1689304
30d64a48577785e0f3cfd0a4251932af	gi|343201281|ref|NR_042007.1|	99.321	442	3	0	1	442	343	784	0.0	800	622312
30d64a48577785e0f3cfd0a4251932af	gi|645320588|ref|NR_117758.1|	97.523	444	7	4	1	442	322	763	0.0	756	166486
30d64a48577785e0f3cfd0a4251932af	gi|228716944|ref|NR_027557.1|	97.523	444	7	4	1	442	343	784	0.0	756	536231
30d64a48577785e0f3cfd0a4251932af	gi|343198540|ref|NR_042832.1|	97.523	444	6	5	1	442	330	770	0.0	754	301302
30d64a48577785e0f3cfd0a4251932af	gi|444439494|ref|NR_074809.1|	97.072	444	8	5	1	442	350	790	0.0	743	585394
30d64a48577785e0f3cfd0a4251932af	gi|1227086116|ref|NR_148619.1|	96.854	445	8	6	1	442	301	742	0.0	739	1712665
30d64a48577785e0f3cfd0a4251932af	gi|343201282|ref|NR_042008.1|	96.847	444	8	6	1	442	341	780	0.0	737	585394
30d64a48577785e0f3cfd0a4251932af	gi|444304209|ref|NR_074634.1|	96.396	444	10	5	1	442	350	789	0.0	726	515619
30d64a48577785e0f3cfd0a4251932af	gi|2363086282|ref|NR_181393.1|	96.396	444	10	5	1	442	290	729	0.0	726	2763664
30d64a48577785e0f3cfd0a4251932af	gi|2363085153|ref|NR_180825.1|	95.721	444	14	5	1	442	347	787	0.0	710	2605790
9cdd01181317d8960e952022d6962445	gi|2363082679|ref|NR_179587.1|	99.545	440	2	0	1	440	328	767	0.0	802	1926283
9cdd01181317d8960e952022d6962445	gi|2363081854|ref|NR_179173.1|	99.545	440	2	0	1	440	333	772	0.0	802	2126740
9cdd01181317d8960e952022d6962445	gi|1384992332|ref|NR_156081.1|	97.273	440	12	0	1	440	336	775	0.0	747	1469948
9cdd01181317d8960e952022d6962445	gi|1384992329|ref|NR_156078.1|	97.273	440	12	0	1	440	336	775	0.0	747	1469948
9cdd01181317d8960e952022d6962445	gi|3030611230|ref|NR_199906.1|	97.045	440	13	0	1	440	354	793	0.0	741	3123317
9cdd01181317d8960e952022d6962445	gi|3030611314|ref|NR_199990.1|	97.045	440	13	0	1	440	350	789	0.0	741	3123317
9cdd01181317d8960e952022d6962445	gi|1384992331|ref|NR_156080.1|	97.045	440	13	0	1	440	336	775	0.0	741	1469948
9cdd01181317d8960e952022d6962445	gi|1384992328|ref|NR_156077.1|	97.045	440	13	0	1	440	336	775	0.0	741	1469948
9cdd01181317d8960e952022d6962445	gi|2363085097|ref|NR_180797.1|	97.045	440	13	0	1	440	346	785	0.0	741	2605778
9cdd01181317d8960e952022d6962445	gi|2363082819|ref|NR_179658.1|	97.045	440	13	0	1	440	353	792	0.0	741	2086584
27db3be8495af1a42819b516c17501c9	gi|343200626|ref|NR_041313.1|	99.565	460	2	0	1	460	340	799	0.0	839	338188
27db3be8495af1a42819b516c17501c9	gi|2363084421|ref|NR_180458.1|	98.478	460	7	0	1	460	340	799	0.0	811	2650157
27db3be8495af1a42819b516c17501c9	gi|645320100|ref|NR_117387.1|	98.261	460	8	0	1	460	320	779	0.0	806	1077285
27db3be8495af1a42819b516c17501c9	gi|631251869|ref|NR_113067.1|	98.043	460	9	0	1	460	325	784	0.0	800	1077285
27db3be8495af1a42819b516c17501c9	gi|631251749|ref|NR_112947.1|	97.609	460	11	0	1	460	326	785	0.0	791	657309
27db3be8495af1a42819b516c17501c9	gi|2363084431|ref|NR_180463.1|	97.609	460	11	0	1	460	340	799	0.0	789	2650158
27db3be8495af1a42819b516c17501c9	gi|631251733|ref|NR_112931.1|	97.609	460	11	0	1	460	340	799	0.0	789	85831
27db3be8495af1a42819b516c17501c9	gi|343201773|ref|NR_042499.1|	97.609	460	11	0	1	460	294	753	0.0	789	657309
27db3be8495af1a42819b516c17501c9	gi|265678305|ref|NR_028607.1|	97.603	459	11	0	2	460	333	791	0.0	787	85831
27db3be8495af1a42819b516c17501c9	gi|631251734|ref|NR_112932.1|	97.391	460	12	0	1	460	328	787	0.0	784	47678
49704c0a771f27a1b50c9cd1d909396d	gi|631251747|ref|NR_112945.1|	99.348	460	3	0	1	460	327	786	0.0	833	820
49704c0a771f27a1b50c9cd1d909396d	gi|343200179|ref|NR_040866.1|	99.348	460	3	0	1	460	334	793	0.0	833	820
49704c0a771f27a1b50c9cd1d909396d	gi|2363086550|ref|NR_181532.1|	98.913	460	5	0	1	460	322	781	0.0	822	2763025
49704c0a771f27a1b50c9cd1d909396d	gi|2363082773|ref|NR_179635.1|	97.174	460	13	0	1	460	338	797	0.0	778	2024197
49704c0a771f27a1b50c9cd1d909396d	gi|631251874|ref|NR_113072.1|	96.957	460	14	0	1	460	338	797	0.0	773	1236512
49704c0a771f27a1b50c9cd1d909396d	gi|631251816|ref|NR_113014.1|	96.739	460	15	0	1	460	338	797	0.0	767	1236512
49704c0a771f27a1b50c9cd1d909396d	gi|631251735|ref|NR_112933.1|	96.522	460	16	0	1	460	334	793	0.0	761	246787
49704c0a771f27a1b50c9cd1d909396d	gi|343200620|ref|NR_041307.1|	96.304	460	17	0	1	460	334	793	0.0	756	329854
49704c0a771f27a1b50c9cd1d909396d	gi|2363084421|ref|NR_180458.1|	96.087	460	18	0	1	460	340	799	0.0	750	2650157
49704c0a771f27a1b50c9cd1d909396d	gi|2363082635|ref|NR_179564.1|	96.087	460	18	0	1	460	338	797	0.0	750	1903262
9cbfa991cb76599e33b332903919d514	gi|444304209|ref|NR_074634.1|	99.318	440	3	0	1	440	350	789	0.0	797	515619
9cbfa991cb76599e33b332903919d514	gi|343198540|ref|NR_042832.1|	98.186	441	7	1	1	440	330	770	0.0	769	301302
9cbfa991cb76599e33b332903919d514	gi|1227086116|ref|NR_148619.1|	97.738	442	8	2	1	440	301	742	0.0	760	1712665
9cbfa991cb76599e33b332903919d514	gi|645320588|ref|NR_117758.1|	97.285	442	10	1	1	440	322	763	0.0	749	166486
9cbfa991cb76599e33b332903919d514	gi|228716944|ref|NR_027557.1|	97.285	442	10	1	1	440	343	784	0.0	749	536231
9cbfa991cb76599e33b332903919d514	gi|444439494|ref|NR_074809.1|	97.279	441	11	1	1	440	350	790	0.0	747	585394
9cbfa991cb76599e33b332903919d514	gi|343201282|ref|NR_042008.1|	97.052	441	11	2	1	440	341	780	0.0	741	585394
9cbfa991cb76599e33b332903919d514	gi|2363085153|ref|NR_180825.1|	96.825	441	13	1	1	440	347	787	0.0	736	2605790
9cbfa991cb76599e33b332903919d514	gi|219846723|ref|NR_026315.1|	96.818	440	14	0	1	440	317	756	0.0	736	46206
9cbfa991cb76599e33b332903919d514	gi|2363086282|ref|NR_181393.1|	96.591	440	15	0	1	440	290	729	0.0	730	2763664
21bbb8a54b8d95ff6584893150803a17	gi|631251955|ref|NR_113153.1|	99.348	460	3	0	1	460	334	793	0.0	833	328814
21bbb8a54b8d95ff6584893150803a17	gi|343202834|ref|NR_043319.1|	99.130	460	4	0	1	460	323	782	0.0	830	717959
21bbb8a54b8d95ff6584893150803a17	gi|507148054|ref|NR_102861.1|	99.130	460	4	0	1	460	334	793	0.0	828	717959
21bbb8a54b8d95ff6584893150803a17	gi|507148137|ref|NR_102944.1|	98.043	460	9	0	1	460	334	793	0.0	800	214856
21bbb8a54b8d95ff6584893150803a17	gi|343198609|ref|NR_043064.1|	98.043	460	9	0	1	460	314	773	0.0	800	214856
21bbb8a54b8d95ff6584893150803a17	gi|631251952|ref|NR_113150.1|	97.826	460	10	0	1	460	334	793	0.0	795	214856
21bbb8a54b8d95ff6584893150803a17	gi|636559243|ref|NR_115300.1|	97.609	460	11	0	1	460	314	773	0.0	789	679935
21bbb8a54b8d95ff6584893150803a17	gi|2363086959|ref|NR_181736.1|	97.391	460	12	0	1	460	334	793	0.0	784	2834113
21bbb8a54b8d95ff6584893150803a17	gi|645321193|ref|NR_118219.1|	96.957	460	14	0	1	460	332	791	0.0	773	1033732
21bbb8a54b8d95ff6584893150803a17	gi|2363082505|ref|NR_179499.1|	96.739	460	15	0	1	460	342	801	0.0	767	2364787
435ca0d1f1ac4ea86b5a96d7d49f5637	gi|2363082342|ref|NR_179418.1|	93.228	443	30	0	1	443	348	790	0.0	652	1673721
435ca0d1f1ac4ea86b5a96d7d49f5637	gi|645321636|ref|NR_118554.1|	93.002	443	31	0	1	443	329	771	0.0	647	1297617
435ca0d1f1ac4ea86b5a96d7d49f5637	gi|1109168025|ref|NR_144611.1|	92.777	443	32	0	1	443	282	724	0.0	641	1417852
435ca0d1f1ac4ea86b5a96d7d49f5637	gi|1193829132|ref|NR_147375.1|	92.325	443	31	2	1	443	347	786	2.70e-179	627	1870986
435ca0d1f1ac4ea86b5a96d7d49f5637	gi|3030611324|ref|NR_200000.1|	92.099	443	35	0	1	443	301	743	9.71e-179	625	3342383
435ca0d1f1ac4ea86b5a96d7d49f5637	gi|2363082326|ref|NR_179410.1|	91.874	443	36	0	1	443	349	791	4.52e-177	619	1650661
435ca0d1f1ac4ea86b5a96d7d49f5637	gi|2136551692|ref|NR_173697.1|	91.874	443	35	1	1	443	349	790	1.62e-176	617	2108523
435ca0d1f1ac4ea86b5a96d7d49f5637	gi|2363082168|ref|NR_179330.1|	91.874	443	35	1	1	443	327	768	1.62e-176	617	2714355
435ca0d1f1ac4ea86b5a96d7d49f5637	gi|2363082165|ref|NR_179329.1|	91.892	444	33	3	1	443	327	768	1.62e-176	617	2714353
435ca0d1f1ac4ea86b5a96d7d49f5637	gi|343206380|ref|NR_044972.1|	91.648	443	37	0	1	443	331	773	1.62e-176	617	44749
b87bdac9412a4ee363e0d0c62f6c883f	gi|631251747|ref|NR_112945.1|	99.130	460	4	0	1	460	327	786	0.0	828	820
b87bdac9412a4ee363e0d0c62f6c883f	gi|343200179|ref|NR_040866.1|	99.130	460	4	0	1	460	334	793	0.0	828	820
b87bdac9412a4ee363e0d0c62f6c883f	gi|2363086550|ref|NR_181532.1|	98.696	460	6	0	1	460	322	781	0.0	817	2763025
b87bdac9412a4ee363e0d0c62f6c883f	gi|631251874|ref|NR_113072.1|	97.174	460	13	0	1	460	338	797	0.0	778	1236512
b87bdac9412a4ee363e0d0c62f6c883f	gi|2363082773|ref|NR_179635.1|	96.957	460	14	0	1	460	338	797	0.0	773	2024197
b87bdac9412a4ee363e0d0c62f6c883f	gi|631251816|ref|NR_113014.1|	96.957	460	14	0	1	460	338	797	0.0	773	1236512
b87bdac9412a4ee363e0d0c62f6c883f	gi|631251735|ref|NR_112933.1|	96.304	460	17	0	1	460	334	793	0.0	756	246787
b87bdac9412a4ee363e0d0c62f6c883f	gi|343200620|ref|NR_041307.1|	96.087	460	18	0	1	460	334	793	0.0	750	329854
b87bdac9412a4ee363e0d0c62f6c883f	gi|2363084421|ref|NR_180458.1|	95.870	460	19	0	1	460	340	799	0.0	745	2650157
b87bdac9412a4ee363e0d0c62f6c883f	gi|2363082635|ref|NR_179564.1|	95.870	460	19	0	1	460	338	797	0.0	745	1903262
6f25b1c0f5d4cee25a1820bf89cc5a24	gi|343200626|ref|NR_041313.1|	99.348	460	3	0	1	460	340	799	0.0	833	338188
6f25b1c0f5d4cee25a1820bf89cc5a24	gi|2363084421|ref|NR_180458.1|	98.261	460	8	0	1	460	340	799	0.0	806	2650157
6f25b1c0f5d4cee25a1820bf89cc5a24	gi|645320100|ref|NR_117387.1|	98.043	460	9	0	1	460	320	779	0.0	800	1077285
6f25b1c0f5d4cee25a1820bf89cc5a24	gi|631251869|ref|NR_113067.1|	97.826	460	10	0	1	460	325	784	0.0	795	1077285
6f25b1c0f5d4cee25a1820bf89cc5a24	gi|631251749|ref|NR_112947.1|	97.391	460	12	0	1	460	326	785	0.0	785	657309
6f25b1c0f5d4cee25a1820bf89cc5a24	gi|2363084431|ref|NR_180463.1|	97.391	460	12	0	1	460	340	799	0.0	784	2650158
6f25b1c0f5d4cee25a1820bf89cc5a24	gi|631251733|ref|NR_112931.1|	97.391	460	12	0	1	460	340	799	0.0	784	85831
6f25b1c0f5d4cee25a1820bf89cc5a24	gi|343201773|ref|NR_042499.1|	97.391	460	12	0	1	460	294	753	0.0	784	657309
6f25b1c0f5d4cee25a1820bf89cc5a24	gi|265678305|ref|NR_028607.1|	97.386	459	12	0	2	460	333	791	0.0	782	85831
6f25b1c0f5d4cee25a1820bf89cc5a24	gi|631251734|ref|NR_112932.1|	97.174	460	13	0	1	460	328	787	0.0	778	47678
b6b89d5158ba3eb9c5df13ddd7aa0f3b	gi|631252372|ref|NR_113570.1|	99.355	465	3	0	1	465	333	797	0.0	843	1110546
b6b89d5158ba3eb9c5df13ddd7aa0f3b	gi|444439665|ref|NR_074980.1|	99.140	465	4	0	1	465	353	817	0.0	837	479436
b6b89d5158ba3eb9c5df13ddd7aa0f3b	gi|631251833|ref|NR_113031.1|	99.140	465	4	0	1	465	353	817	0.0	837	29466
b6b89d5158ba3eb9c5df13ddd7aa0f3b	gi|645322414|ref|NR_119168.1|	99.140	465	4	0	1	465	331	795	0.0	837	479436
b6b89d5158ba3eb9c5df13ddd7aa0f3b	gi|645320589|ref|NR_117759.1|	98.925	465	5	0	1	465	329	793	0.0	833	479436
b6b89d5158ba3eb9c5df13ddd7aa0f3b	gi|343202841|ref|NR_043332.1|	98.925	465	5	0	1	465	326	790	0.0	833	479436
b6b89d5158ba3eb9c5df13ddd7aa0f3b	gi|343205749|ref|NR_044153.1|	98.710	465	6	0	1	465	326	790	0.0	828	419208
b6b89d5158ba3eb9c5df13ddd7aa0f3b	gi|343202582|ref|NR_042940.1|	98.710	465	6	0	1	465	238	702	0.0	826	248315
b6b89d5158ba3eb9c5df13ddd7aa0f3b	gi|2363082157|ref|NR_179325.1|	98.495	465	7	0	1	465	300	764	0.0	821	2682456
b6b89d5158ba3eb9c5df13ddd7aa0f3b	gi|343205705|ref|NR_044091.1|	98.495	465	7	0	1	465	240	704	0.0	821	423477
bfac4e3e9824ea43457dfb4480103174	gi|566085203|ref|NR_109014.1|	99.545	440	2	0	1	440	195	634	0.0	802	871665
bfac4e3e9824ea43457dfb4480103174	gi|2363082673|ref|NR_179584.1|	99.091	440	4	0	1	440	327	766	0.0	793	1917888
bfac4e3e9824ea43457dfb4480103174	gi|631252033|ref|NR_113231.1|	98.182	440	8	0	1	440	347	786	0.0	769	536633
bfac4e3e9824ea43457dfb4480103174	gi|631251591|ref|NR_112789.1|	98.182	440	8	0	1	440	333	772	0.0	769	536633
bfac4e3e9824ea43457dfb4480103174	gi|2363084170|ref|NR_180334.1|	97.279	441	10	2	1	440	253	692	0.0	747	2763028
bfac4e3e9824ea43457dfb4480103174	gi|2363086300|ref|NR_181402.1|	97.279	441	10	2	1	440	300	739	0.0	747	2763028
bfac4e3e9824ea43457dfb4480103174	gi|631252072|ref|NR_113270.1|	97.273	440	12	0	1	440	348	787	0.0	747	1121114
bfac4e3e9824ea43457dfb4480103174	gi|645320731|ref|NR_117867.1|	97.273	440	12	0	1	440	300	739	0.0	747	871664
bfac4e3e9824ea43457dfb4480103174	gi|559795114|ref|NR_104700.1|	97.273	440	12	0	1	440	348	787	0.0	747	33035
bfac4e3e9824ea43457dfb4480103174	gi|219846720|ref|NR_026312.1|	97.045	440	13	0	1	440	327	766	0.0	743	180164
d1ee84a26ee21ecdd908db6b35bed2e4	gi|631252157|ref|NR_113355.1|	100.000	465	0	0	1	465	356	820	0.0	859	218538
d1ee84a26ee21ecdd908db6b35bed2e4	gi|219846090|ref|NR_025680.1|	100.000	465	0	0	1	465	336	800	0.0	859	592028
d1ee84a26ee21ecdd908db6b35bed2e4	gi|343198671|ref|NR_043231.1|	95.494	466	19	2	1	465	283	747	0.0	743	308994
d1ee84a26ee21ecdd908db6b35bed2e4	gi|631252159|ref|NR_113357.1|	95.289	467	19	3	1	465	356	821	0.0	737	308994
d1ee84a26ee21ecdd908db6b35bed2e4	gi|343200979|ref|NR_041666.1|	94.624	465	25	0	1	465	336	800	0.0	721	742743
d1ee84a26ee21ecdd908db6b35bed2e4	gi|2363082841|ref|NR_179669.1|	94.433	467	22	4	1	465	360	824	0.0	715	2161821
d1ee84a26ee21ecdd908db6b35bed2e4	gi|2363082109|ref|NR_179301.1|	94.433	467	22	4	1	465	344	808	0.0	715	2582419
d1ee84a26ee21ecdd908db6b35bed2e4	gi|631252158|ref|NR_113356.1|	93.777	466	26	3	1	465	355	818	0.0	697	309120
d1ee84a26ee21ecdd908db6b35bed2e4	gi|343198462|ref|NR_041895.1|	93.777	466	26	3	1	465	296	759	0.0	697	888062
d1ee84a26ee21ecdd908db6b35bed2e4	gi|219846637|ref|NR_026229.1|	92.308	468	30	4	1	465	336	800	0.0	660	39950
8cee16acb7c1329c601ab2ffabb724ab	gi|2363081451|ref|NR_178972.1|	99.318	440	3	0	1	440	285	724	0.0	797	1851428
8cee16acb7c1329c601ab2ffabb724ab	gi|265678656|ref|NR_028961.1|	98.636	440	6	0	1	440	327	766	0.0	780	853
8cee16acb7c1329c601ab2ffabb724ab	gi|2363082282|ref|NR_179388.1|	98.409	440	7	0	1	440	335	774	0.0	774	2935520
8cee16acb7c1329c601ab2ffabb724ab	gi|2363080123|ref|NR_178280.1|	98.409	440	7	0	1	440	331	770	0.0	774	411483
8cee16acb7c1329c601ab2ffabb724ab	gi|3030611269|ref|NR_199945.1|	98.182	440	8	0	1	440	335	774	0.0	769	3435293
8cee16acb7c1329c601ab2ffabb724ab	gi|2363081449|ref|NR_178971.1|	98.182	440	7	1	1	440	285	723	0.0	767	1851427
8cee16acb7c1329c601ab2ffabb724ab	gi|2363080175|ref|NR_178311.1|	96.364	440	16	0	1	440	412	851	0.0	725	2903556
8cee16acb7c1329c601ab2ffabb724ab	gi|2363084747|ref|NR_180622.1|	92.971	441	29	2	1	440	335	774	0.0	641	2779354
8cee16acb7c1329c601ab2ffabb724ab	gi|1397641802|ref|NR_156911.1|	92.727	440	32	0	1	440	351	790	0.0	636	1650663
8cee16acb7c1329c601ab2ffabb724ab	gi|2363082356|ref|NR_179425.1|	92.517	441	31	2	1	440	351	790	2.07e-180	630	1689304
1bc97d04dcde7d861e9351aaa864ffd3	gi|645321785|ref|NR_118670.1|	97.500	440	11	0	1	440	357	796	0.0	760	39496
1bc97d04dcde7d861e9351aaa864ffd3	gi|1397641798|ref|NR_156907.1|	94.118	442	22	4	1	440	348	787	0.0	669	1912855
1bc97d04dcde7d861e9351aaa864ffd3	gi|1109168027|ref|NR_144612.1|	94.104	441	24	2	1	440	350	789	0.0	669	1796636
1bc97d04dcde7d861e9351aaa864ffd3	gi|1040567056|ref|NR_137405.1|	94.091	440	26	0	1	440	307	746	0.0	669	1619234
1bc97d04dcde7d861e9351aaa864ffd3	gi|631250892|ref|NR_112089.1|	94.091	440	26	0	1	440	336	775	0.0	669	553973
1bc97d04dcde7d861e9351aaa864ffd3	gi|224581401|ref|NR_024719.1|	94.091	440	25	1	1	440	341	779	0.0	667	89153
1bc97d04dcde7d861e9351aaa864ffd3	gi|559795150|ref|NR_104737.1|	93.878	441	25	2	1	440	346	785	0.0	664	1732
1bc97d04dcde7d861e9351aaa864ffd3	gi|559795252|ref|NR_104842.1|	93.864	440	27	0	1	440	345	784	0.0	664	39495
1bc97d04dcde7d861e9351aaa864ffd3	gi|219857617|ref|NR_025206.1|	93.864	440	27	0	1	440	314	753	0.0	664	180286
1bc97d04dcde7d861e9351aaa864ffd3	gi|343203027|ref|NR_043551.1|	93.665	442	24	4	1	440	349	788	0.0	658	341220
26a3fff2033b4ac6c2edac7028f1c130	gi|1491509587|ref|NR_159118.1|	98.048	461	7	2	1	460	310	769	0.0	800	28116
26a3fff2033b4ac6c2edac7028f1c130	gi|1491509586|ref|NR_159117.1|	98.048	461	7	2	1	460	301	760	0.0	800	28116
26a3fff2033b4ac6c2edac7028f1c130	gi|645322410|ref|NR_119165.1|	97.614	461	9	2	1	460	319	778	0.0	797	28116
26a3fff2033b4ac6c2edac7028f1c130	gi|444303855|ref|NR_074277.1|	97.826	460	10	0	1	460	352	811	0.0	795	818
26a3fff2033b4ac6c2edac7028f1c130	gi|631251746|ref|NR_112944.1|	97.826	460	10	0	1	460	324	783	0.0	795	818
26a3fff2033b4ac6c2edac7028f1c130	gi|631251742|ref|NR_112940.1|	97.831	461	8	2	1	460	327	786	0.0	795	28116
26a3fff2033b4ac6c2edac7028f1c130	gi|636559244|ref|NR_115301.1|	97.831	461	8	2	1	460	320	779	0.0	795	28116
26a3fff2033b4ac6c2edac7028f1c130	gi|631251749|ref|NR_112947.1|	97.614	461	9	2	1	460	326	785	0.0	791	657309
26a3fff2033b4ac6c2edac7028f1c130	gi|2363084431|ref|NR_180463.1|	97.614	461	9	2	1	460	340	799	0.0	789	2650158
26a3fff2033b4ac6c2edac7028f1c130	gi|343201773|ref|NR_042499.1|	97.614	461	9	2	1	460	294	753	0.0	789	657309
1d66a5cfd957543cac5285c012b5737a	gi|1116030248|ref|NR_144706.1|	99.130	460	4	0	1	460	342	801	0.0	828	1211813
1d66a5cfd957543cac5285c012b5737a	gi|631252073|ref|NR_113271.1|	94.783	460	24	0	1	460	339	798	0.0	717	742725
1d66a5cfd957543cac5285c012b5737a	gi|631251698|ref|NR_112896.1|	94.783	460	24	0	1	460	319	778	0.0	717	742725
1d66a5cfd957543cac5285c012b5737a	gi|631251954|ref|NR_113152.1|	90.672	461	41	2	1	460	337	796	7.86e-175	612	28117
1d66a5cfd957543cac5285c012b5737a	gi|2363082099|ref|NR_179296.1|	90.435	460	44	0	1	460	324	783	3.66e-173	606	2585119
1d66a5cfd957543cac5285c012b5737a	gi|645321193|ref|NR_118219.1|	90.022	461	44	2	1	460	332	791	7.92e-170	595	1033732
1d66a5cfd957543cac5285c012b5737a	gi|2363086959|ref|NR_181736.1|	89.805	461	45	2	1	460	334	793	3.69e-168	590	2834113
1d66a5cfd957543cac5285c012b5737a	gi|939733298|ref|NR_133025.1|	89.783	460	47	0	1	460	275	734	3.69e-168	590	2585118
1d66a5cfd957543cac5285c012b5737a	gi|672239000|ref|NR_125589.1|	89.805	461	45	2	1	460	269	728	3.69e-168	590	1033731
1d66a5cfd957543cac5285c012b5737a	gi|631251953|ref|NR_113151.1|	89.783	460	47	0	1	460	338	797	3.69e-168	590	328813
7622d3735fa0e87d793f0226ff3f8989	gi|2621112340|ref|NR_189244.1|	92.809	445	27	5	1	443	363	804	0.0	640	3046382
7622d3735fa0e87d793f0226ff3f8989	gi|2621112341|ref|NR_189245.1|	92.584	445	28	5	1	443	363	804	0.0	634	3046383
7622d3735fa0e87d793f0226ff3f8989	gi|2363086262|ref|NR_181383.1|	89.013	446	44	5	1	443	307	750	2.16e-155	547	2763654
7622d3735fa0e87d793f0226ff3f8989	gi|2363086268|ref|NR_181386.1|	88.764	445	46	4	1	443	303	745	1.01e-153	542	2763655
7622d3735fa0e87d793f0226ff3f8989	gi|343205970|ref|NR_044489.1|	86.937	444	56	2	1	443	336	778	2.21e-140	497	857293
7622d3735fa0e87d793f0226ff3f8989	gi|1491509619|ref|NR_159150.1|	86.966	445	53	4	1	443	350	791	7.94e-140	496	489973
7622d3735fa0e87d793f0226ff3f8989	gi|559795176|ref|NR_104765.1|	86.712	444	57	2	1	443	323	765	1.03e-138	492	108007
7622d3735fa0e87d793f0226ff3f8989	gi|1491509615|ref|NR_159146.1|	86.712	444	56	3	1	443	348	789	3.70e-138	490	1715347
7622d3735fa0e87d793f0226ff3f8989	gi|645320205|ref|NR_117466.1|	86.712	444	56	3	1	443	332	773	3.70e-138	490	699281
7622d3735fa0e87d793f0226ff3f8989	gi|343199076|ref|NR_044503.1|	86.801	447	48	8	1	443	450	889	1.33e-137	488	520762
cd1d8b3991b5cbf43761b9888b45d0bf	gi|2363082165|ref|NR_179329.1|	98.643	442	6	0	1	442	327	768	0.0	784	2714353
cd1d8b3991b5cbf43761b9888b45d0bf	gi|2363082168|ref|NR_179330.1|	98.416	442	7	0	1	442	327	768	0.0	778	2714355
cd1d8b3991b5cbf43761b9888b45d0bf	gi|645321110|ref|NR_118156.1|	93.905	443	25	2	1	442	304	745	0.0	667	1007096
cd1d8b3991b5cbf43761b9888b45d0bf	gi|2962412234|ref|NR_199428.1|	93.679	443	26	2	1	442	352	793	0.0	662	3073143
cd1d8b3991b5cbf43761b9888b45d0bf	gi|1269801610|ref|NR_074793.2|	93.454	443	27	2	1	442	355	796	0.0	656	351091
cd1d8b3991b5cbf43761b9888b45d0bf	gi|343200653|ref|NR_041340.1|	93.454	443	27	2	1	442	328	769	0.0	656	351091
cd1d8b3991b5cbf43761b9888b45d0bf	gi|2363087001|ref|NR_181757.1|	93.258	445	24	6	1	442	289	730	0.0	651	2841504
cd1d8b3991b5cbf43761b9888b45d0bf	gi|2260349448|ref|NR_176530.1|	92.777	443	30	2	1	442	358	799	0.0	640	2093857
cd1d8b3991b5cbf43761b9888b45d0bf	gi|2363082559|ref|NR_179526.1|	92.777	443	30	2	1	442	349	790	0.0	640	1841866
cd1d8b3991b5cbf43761b9888b45d0bf	gi|2363082170|ref|NR_179331.1|	92.777	443	31	1	1	442	328	770	0.0	640	2714358
8cd619df929be900f9e3618de4271f56	gi|2363082165|ref|NR_179329.1|	98.869	442	5	0	1	442	327	768	0.0	789	2714353
8cd619df929be900f9e3618de4271f56	gi|2363082168|ref|NR_179330.1|	98.643	442	6	0	1	442	327	768	0.0	784	2714355
8cd619df929be900f9e3618de4271f56	gi|645321110|ref|NR_118156.1|	94.131	443	24	2	1	442	304	745	0.0	673	1007096
8cd619df929be900f9e3618de4271f56	gi|2962412234|ref|NR_199428.1|	93.905	443	25	2	1	442	352	793	0.0	667	3073143
8cd619df929be900f9e3618de4271f56	gi|1269801610|ref|NR_074793.2|	93.679	443	26	2	1	442	355	796	0.0	662	351091
8cd619df929be900f9e3618de4271f56	gi|343200653|ref|NR_041340.1|	93.679	443	26	2	1	442	328	769	0.0	662	351091
8cd619df929be900f9e3618de4271f56	gi|2363087001|ref|NR_181757.1|	93.483	445	23	6	1	442	289	730	0.0	656	2841504
8cd619df929be900f9e3618de4271f56	gi|2260349448|ref|NR_176530.1|	93.002	443	29	2	1	442	358	799	0.0	645	2093857
8cd619df929be900f9e3618de4271f56	gi|2363082559|ref|NR_179526.1|	93.002	443	29	2	1	442	349	790	0.0	645	1841866
8cd619df929be900f9e3618de4271f56	gi|2363082170|ref|NR_179331.1|	93.002	443	30	1	1	442	328	770	0.0	645	2714358
24a4a69ca46442f3579a38e4e4471ff8	gi|1269806089|ref|NR_074784.2|	99.348	460	3	0	1	460	345	804	0.0	833	272559
24a4a69ca46442f3579a38e4e4471ff8	gi|631251738|ref|NR_112936.1|	99.348	460	3	0	1	460	338	797	0.0	833	817
24a4a69ca46442f3579a38e4e4471ff8	gi|645322408|ref|NR_119164.1|	99.348	460	3	0	1	460	317	776	0.0	833	817
24a4a69ca46442f3579a38e4e4471ff8	gi|631250944|ref|NR_112141.1|	98.043	460	7	2	1	460	335	792	0.0	798	817
24a4a69ca46442f3579a38e4e4471ff8	gi|2363082547|ref|NR_179520.1|	95.011	461	21	2	1	460	314	773	0.0	723	1841855
24a4a69ca46442f3579a38e4e4471ff8	gi|2363082611|ref|NR_179552.1|	94.794	461	23	1	1	460	340	800	0.0	717	1871006
24a4a69ca46442f3579a38e4e4471ff8	gi|636560121|ref|NR_116181.1|	94.600	463	18	4	1	460	333	791	0.0	710	28116
24a4a69ca46442f3579a38e4e4471ff8	gi|631251872|ref|NR_113070.1|	94.348	460	26	0	1	460	334	793	0.0	706	742727
24a4a69ca46442f3579a38e4e4471ff8	gi|631251697|ref|NR_112895.1|	94.348	460	26	0	1	460	314	773	0.0	706	742727
24a4a69ca46442f3579a38e4e4471ff8	gi|1109168015|ref|NR_144606.1|	94.130	460	27	0	1	460	340	799	0.0	701	1796613
c1aea46cff973f9013fabecfafa93213	gi|228718376|ref|NR_027573.1|	99.317	439	3	0	1	439	303	741	0.0	795	261299
c1aea46cff973f9013fabecfafa93213	gi|645322235|ref|NR_119034.1|	98.178	439	7	1	1	439	320	757	0.0	765	1121321
c1aea46cff973f9013fabecfafa93213	gi|631251934|ref|NR_113132.1|	97.950	439	9	0	1	439	321	759	0.0	761	1121308
c1aea46cff973f9013fabecfafa93213	gi|2363081240|ref|NR_178864.1|	97.722	439	10	0	1	439	321	759	0.0	756	1507512
c1aea46cff973f9013fabecfafa93213	gi|631251942|ref|NR_113140.1|	97.722	439	10	0	1	439	319	757	0.0	756	1505
c1aea46cff973f9013fabecfafa93213	gi|631250975|ref|NR_112172.1|	97.717	438	10	0	2	439	313	750	0.0	756	1121308
c1aea46cff973f9013fabecfafa93213	gi|645319814|ref|NR_117174.1|	97.494	439	11	0	1	439	316	754	0.0	750	1737
c1aea46cff973f9013fabecfafa93213	gi|631250758|ref|NR_104812.1|	97.494	439	11	0	1	439	318	756	0.0	750	1737
c1aea46cff973f9013fabecfafa93213	gi|559795110|ref|NR_104696.1|	97.494	439	11	0	1	439	319	757	0.0	750	29358
c1aea46cff973f9013fabecfafa93213	gi|636559738|ref|NR_115798.1|	97.494	439	11	0	1	439	321	759	0.0	750	1737
970d46067221ed44f774eb74b8f62d11	gi|636560687|ref|NR_116747.1|	99.545	440	2	0	1	440	301	740	0.0	802	1298596
970d46067221ed44f774eb74b8f62d11	gi|2363085133|ref|NR_180815.1|	97.273	440	12	0	1	440	350	789	0.0	747	2606633
970d46067221ed44f774eb74b8f62d11	gi|2363083556|ref|NR_180026.1|	97.273	440	12	0	1	440	348	787	0.0	747	2696678
970d46067221ed44f774eb74b8f62d11	gi|1909404440|ref|NR_170495.1|	97.045	440	13	0	1	440	355	794	0.0	741	2509240
970d46067221ed44f774eb74b8f62d11	gi|2363082374|ref|NR_179434.1|	97.045	440	13	0	1	440	349	788	0.0	741	1720300
970d46067221ed44f774eb74b8f62d11	gi|310974914|ref|NR_036777.1|	97.032	438	13	0	1	438	333	770	0.0	739	33039
970d46067221ed44f774eb74b8f62d11	gi|631251356|ref|NR_112553.1|	96.825	441	13	1	1	440	348	788	0.0	736	342942
970d46067221ed44f774eb74b8f62d11	gi|228719063|ref|NR_027579.1|	96.364	440	16	0	1	440	316	755	0.0	730	471875
970d46067221ed44f774eb74b8f62d11	gi|2363084846|ref|NR_180671.1|	96.364	440	16	0	1	440	63	502	0.0	725	2594882
970d46067221ed44f774eb74b8f62d11	gi|2962412221|ref|NR_199415.1|	96.364	440	16	0	1	440	338	777	0.0	725	3136600
5505ba683e96b1deec6510e78acbdebb	gi|645321193|ref|NR_118219.1|	99.565	460	2	0	1	460	332	791	0.0	839	1033732
5505ba683e96b1deec6510e78acbdebb	gi|2363086959|ref|NR_181736.1|	99.130	460	4	0	1	460	334	793	0.0	828	2834113
5505ba683e96b1deec6510e78acbdebb	gi|672239000|ref|NR_125589.1|	98.043	460	9	0	1	460	269	728	0.0	800	1033731
5505ba683e96b1deec6510e78acbdebb	gi|631251955|ref|NR_113153.1|	97.174	460	13	0	1	460	334	793	0.0	778	328814
5505ba683e96b1deec6510e78acbdebb	gi|631251954|ref|NR_113152.1|	97.180	461	11	2	1	460	337	796	0.0	778	28117
5505ba683e96b1deec6510e78acbdebb	gi|343202834|ref|NR_043319.1|	96.957	460	14	0	1	460	323	782	0.0	774	717959
5505ba683e96b1deec6510e78acbdebb	gi|2363082099|ref|NR_179296.1|	96.957	460	14	0	1	460	324	783	0.0	773	2585119
5505ba683e96b1deec6510e78acbdebb	gi|507148054|ref|NR_102861.1|	96.957	460	14	0	1	460	334	793	0.0	773	717959
5505ba683e96b1deec6510e78acbdebb	gi|2363082505|ref|NR_179499.1|	96.739	460	15	0	1	460	342	801	0.0	767	2364787
5505ba683e96b1deec6510e78acbdebb	gi|631251953|ref|NR_113151.1|	96.529	461	14	2	1	460	338	797	0.0	761	328813
135588b82d486132db95652fb7a1f0da	gi|2363082342|ref|NR_179418.1|	93.228	443	29	1	1	442	348	790	0.0	651	1673721
135588b82d486132db95652fb7a1f0da	gi|3030611324|ref|NR_200000.1|	93.002	443	30	1	1	442	301	743	0.0	645	3342383
135588b82d486132db95652fb7a1f0da	gi|1109168025|ref|NR_144611.1|	93.002	443	30	1	1	442	282	724	0.0	645	1417852
135588b82d486132db95652fb7a1f0da	gi|2363082352|ref|NR_179423.1|	92.551	443	32	1	1	442	349	791	0.0	634	1689270
135588b82d486132db95652fb7a1f0da	gi|2363082168|ref|NR_179330.1|	92.325	443	32	2	1	442	327	768	7.49e-180	628	2714355
135588b82d486132db95652fb7a1f0da	gi|2363082569|ref|NR_179531.1|	92.099	443	33	2	1	442	347	788	3.48e-178	623	1852369
135588b82d486132db95652fb7a1f0da	gi|645321636|ref|NR_118554.1|	92.099	443	34	1	1	442	329	771	3.48e-178	623	1297617
135588b82d486132db95652fb7a1f0da	gi|219846612|ref|NR_026204.1|	91.874	443	35	1	1	442	328	770	4.51e-177	619	47246
135588b82d486132db95652fb7a1f0da	gi|2363083800|ref|NR_180148.1|	91.874	443	35	1	1	442	349	791	1.62e-176	617	2211183
135588b82d486132db95652fb7a1f0da	gi|2363082165|ref|NR_179329.1|	91.648	443	35	2	1	442	327	768	7.54e-175	612	2714353
72f2359c0d99e7d89ea44186a779327d	gi|645321781|ref|NR_118667.1|	97.955	440	9	0	1	440	355	794	0.0	776	28052
72f2359c0d99e7d89ea44186a779327d	gi|559795246|ref|NR_104836.1|	97.045	440	13	0	1	440	333	772	0.0	741	706562
72f2359c0d99e7d89ea44186a779327d	gi|444304189|ref|NR_074613.1|	96.372	441	14	2	1	440	350	789	0.0	725	515620
72f2359c0d99e7d89ea44186a779327d	gi|559795169|ref|NR_104758.1|	95.455	440	20	0	1	440	345	784	0.0	702	1282887
72f2359c0d99e7d89ea44186a779327d	gi|1277396183|ref|NR_151894.1|	94.785	441	21	2	1	440	335	774	0.0	686	433293
72f2359c0d99e7d89ea44186a779327d	gi|343202586|ref|NR_042953.1|	94.545	440	24	0	1	440	308	747	0.0	680	264463
72f2359c0d99e7d89ea44186a779327d	gi|219857405|ref|NR_024993.1|	94.318	440	25	0	1	440	349	788	0.0	675	99656
72f2359c0d99e7d89ea44186a779327d	gi|645322302|ref|NR_119085.1|	94.318	440	23	1	1	440	347	784	0.0	673	29364
72f2359c0d99e7d89ea44186a779327d	gi|1384992332|ref|NR_156081.1|	94.091	440	26	0	1	440	336	775	0.0	669	1469948
72f2359c0d99e7d89ea44186a779327d	gi|1384992329|ref|NR_156078.1|	94.091	440	26	0	1	440	336	775	0.0	669	1469948
454c67a8347ba46d6e2caae4c774c29d	gi|265678578|ref|NR_028883.1|	99.320	441	2	1	1	440	226	666	0.0	797	88431
454c67a8347ba46d6e2caae4c774c29d	gi|1397641798|ref|NR_156907.1|	96.833	442	10	4	1	440	348	787	0.0	736	1912855
454c67a8347ba46d6e2caae4c774c29d	gi|265678482|ref|NR_028785.1|	96.825	441	12	2	1	440	351	790	0.0	736	29347
454c67a8347ba46d6e2caae4c774c29d	gi|1109168023|ref|NR_144610.1|	96.599	441	13	2	1	440	339	778	0.0	730	1796622
454c67a8347ba46d6e2caae4c774c29d	gi|645322565|ref|NR_119285.1|	96.599	441	13	2	1	440	325	764	0.0	730	29347
454c67a8347ba46d6e2caae4c774c29d	gi|631250892|ref|NR_112089.1|	96.606	442	11	4	1	440	336	775	0.0	730	553973
454c67a8347ba46d6e2caae4c774c29d	gi|310974936|ref|NR_036800.1|	96.599	441	13	2	1	440	326	765	0.0	730	411470
454c67a8347ba46d6e2caae4c774c29d	gi|645321810|ref|NR_118690.1|	96.599	441	13	2	1	440	338	777	0.0	730	411470
454c67a8347ba46d6e2caae4c774c29d	gi|224581401|ref|NR_024719.1|	96.606	442	10	5	1	440	341	779	0.0	728	89153
454c67a8347ba46d6e2caae4c774c29d	gi|2363082765|ref|NR_179631.1|	96.364	440	16	0	1	440	348	787	0.0	725	2014528
c35d4f92ba1d66c85629f40ae118b141	gi|2363085153|ref|NR_180825.1|	96.840	443	12	1	1	443	347	787	0.0	739	2605790
c35d4f92ba1d66c85629f40ae118b141	gi|343198540|ref|NR_042832.1|	96.840	443	12	1	1	443	330	770	0.0	739	301302
c35d4f92ba1d66c85629f40ae118b141	gi|645320588|ref|NR_117758.1|	96.388	443	15	1	1	443	322	763	0.0	728	166486
c35d4f92ba1d66c85629f40ae118b141	gi|228716944|ref|NR_027557.1|	96.388	443	15	1	1	443	343	784	0.0	728	536231
c35d4f92ba1d66c85629f40ae118b141	gi|2363085149|ref|NR_180823.1|	96.388	443	13	1	1	443	357	796	0.0	726	2606634
c35d4f92ba1d66c85629f40ae118b141	gi|444439494|ref|NR_074809.1|	95.937	443	16	1	1	443	350	790	0.0	717	585394
c35d4f92ba1d66c85629f40ae118b141	gi|444304209|ref|NR_074634.1|	95.937	443	15	1	1	443	350	789	0.0	715	515619
c35d4f92ba1d66c85629f40ae118b141	gi|2363086282|ref|NR_181393.1|	95.937	443	15	1	1	443	290	729	0.0	715	2763664
c35d4f92ba1d66c85629f40ae118b141	gi|559795194|ref|NR_104783.1|	95.937	443	15	1	1	443	353	792	0.0	715	290052
c35d4f92ba1d66c85629f40ae118b141	gi|1227086116|ref|NR_148619.1|	95.721	444	16	2	1	443	301	742	0.0	712	1712665
a9014fd0fd68088a9a8229a392d623bd	gi|2363085133|ref|NR_180815.1|	99.545	440	2	0	1	440	350	789	0.0	802	2606633
a9014fd0fd68088a9a8229a392d623bd	gi|2363083556|ref|NR_180026.1|	99.545	440	2	0	1	440	348	787	0.0	802	2696678
a9014fd0fd68088a9a8229a392d623bd	gi|1909404440|ref|NR_170495.1|	99.318	440	3	0	1	440	355	794	0.0	797	2509240
a9014fd0fd68088a9a8229a392d623bd	gi|636560687|ref|NR_116747.1|	97.273	440	12	0	1	440	301	740	0.0	747	1298596
a9014fd0fd68088a9a8229a392d623bd	gi|2363082059|ref|NR_179276.1|	96.818	440	14	0	1	440	334	773	0.0	736	2316025
a9014fd0fd68088a9a8229a392d623bd	gi|974142252|ref|NR_134772.1|	96.818	440	14	0	1	440	297	736	0.0	736	1337051
a9014fd0fd68088a9a8229a392d623bd	gi|1384992332|ref|NR_156081.1|	96.591	440	15	0	1	440	336	775	0.0	730	1469948
a9014fd0fd68088a9a8229a392d623bd	gi|1384992329|ref|NR_156078.1|	96.591	440	15	0	1	440	336	775	0.0	730	1469948
a9014fd0fd68088a9a8229a392d623bd	gi|228719063|ref|NR_027579.1|	96.364	440	16	0	1	440	316	755	0.0	730	471875
a9014fd0fd68088a9a8229a392d623bd	gi|2136551628|ref|NR_173632.1|	96.372	441	14	2	1	440	301	740	0.0	725	2068655
0813de7b381ab3930de4b8adf19b9f02	gi|444303855|ref|NR_074277.1|	99.565	460	2	0	1	460	352	811	0.0	839	818
0813de7b381ab3930de4b8adf19b9f02	gi|631251746|ref|NR_112944.1|	99.565	460	2	0	1	460	324	783	0.0	839	818
0813de7b381ab3930de4b8adf19b9f02	gi|631252008|ref|NR_113206.1|	98.698	461	4	2	1	460	336	795	0.0	817	1236513
0813de7b381ab3930de4b8adf19b9f02	gi|631250945|ref|NR_112142.1|	98.690	458	5	1	3	460	336	792	0.0	811	818
0813de7b381ab3930de4b8adf19b9f02	gi|631251869|ref|NR_113067.1|	98.048	461	7	2	1	460	325	784	0.0	800	1077285
0813de7b381ab3930de4b8adf19b9f02	gi|645320100|ref|NR_117387.1|	98.048	461	7	2	1	460	320	779	0.0	800	1077285
0813de7b381ab3930de4b8adf19b9f02	gi|2363084421|ref|NR_180458.1|	97.614	461	9	2	1	460	340	799	0.0	789	2650157
0813de7b381ab3930de4b8adf19b9f02	gi|631251749|ref|NR_112947.1|	97.180	461	11	2	1	460	326	785	0.0	780	657309
0813de7b381ab3930de4b8adf19b9f02	gi|2363084431|ref|NR_180463.1|	97.180	461	11	2	1	460	340	799	0.0	778	2650158
0813de7b381ab3930de4b8adf19b9f02	gi|631251744|ref|NR_112942.1|	97.180	461	11	2	1	460	323	782	0.0	778	291644
37a5a96ffb19a614584cb9133f0634d0	gi|343201234|ref|NR_041960.1|	99.546	441	1	1	1	440	222	662	0.0	802	89014
37a5a96ffb19a614584cb9133f0634d0	gi|2363084170|ref|NR_180334.1|	97.727	440	10	0	1	440	253	692	0.0	758	2763028
37a5a96ffb19a614584cb9133f0634d0	gi|1953646571|ref|NR_171444.1|	97.727	440	10	0	1	440	301	740	0.0	758	1912897
37a5a96ffb19a614584cb9133f0634d0	gi|1953646488|ref|NR_171392.1|	97.727	440	10	0	1	440	355	794	0.0	758	1912897
37a5a96ffb19a614584cb9133f0634d0	gi|1953646486|ref|NR_171390.1|	97.727	440	10	0	1	440	355	794	0.0	758	1912897
37a5a96ffb19a614584cb9133f0634d0	gi|2363086300|ref|NR_181402.1|	97.727	440	10	0	1	440	300	739	0.0	758	2763028
37a5a96ffb19a614584cb9133f0634d0	gi|645320731|ref|NR_117867.1|	97.727	440	10	0	1	440	300	739	0.0	758	871664
37a5a96ffb19a614584cb9133f0634d0	gi|1679775916|ref|NR_163638.1|	97.500	440	11	0	1	440	328	767	0.0	752	2025493
37a5a96ffb19a614584cb9133f0634d0	gi|1679775915|ref|NR_163637.1|	97.500	440	11	0	1	440	328	767	0.0	752	2025493
37a5a96ffb19a614584cb9133f0634d0	gi|1679775914|ref|NR_163636.1|	97.500	440	11	0	1	440	328	767	0.0	752	2025493
0e76a2ec0dd13af59951d7e4d16348e0	gi|2363082679|ref|NR_179587.1|	95.909	440	18	0	1	440	328	767	0.0	713	1926283
0e76a2ec0dd13af59951d7e4d16348e0	gi|1193829153|ref|NR_147396.1|	95.909	440	18	0	1	440	328	767	0.0	713	1917870
0e76a2ec0dd13af59951d7e4d16348e0	gi|2363081854|ref|NR_179173.1|	95.909	440	18	0	1	440	333	772	0.0	713	2126740
0e76a2ec0dd13af59951d7e4d16348e0	gi|2836274880|ref|NR_197643.1|	95.455	440	20	0	1	440	329	768	0.0	702	2962432
0e76a2ec0dd13af59951d7e4d16348e0	gi|1384992332|ref|NR_156081.1|	95.455	440	20	0	1	440	336	775	0.0	702	1469948
0e76a2ec0dd13af59951d7e4d16348e0	gi|1384992329|ref|NR_156078.1|	95.455	440	20	0	1	440	336	775	0.0	702	1469948
0e76a2ec0dd13af59951d7e4d16348e0	gi|2363080261|ref|NR_178356.1|	95.455	440	20	0	1	440	313	752	0.0	702	558153
0e76a2ec0dd13af59951d7e4d16348e0	gi|310975204|ref|NR_037068.1|	95.455	440	20	0	1	440	341	780	0.0	702	29375
0e76a2ec0dd13af59951d7e4d16348e0	gi|219846508|ref|NR_026100.1|	95.455	440	20	0	1	440	323	762	0.0	702	1286362
0e76a2ec0dd13af59951d7e4d16348e0	gi|343201474|ref|NR_042200.1|	95.455	440	20	0	1	440	318	757	0.0	702	333367
c85719e18751ce47aa7eba28669441f8	gi|2363082342|ref|NR_179418.1|	93.679	443	28	0	1	443	348	790	0.0	664	1673721
c85719e18751ce47aa7eba28669441f8	gi|645321636|ref|NR_118554.1|	93.454	443	29	0	1	443	329	771	0.0	658	1297617
c85719e18751ce47aa7eba28669441f8	gi|1109168025|ref|NR_144611.1|	93.228	443	30	0	1	443	282	724	0.0	652	1417852
c85719e18751ce47aa7eba28669441f8	gi|1193829132|ref|NR_147375.1|	92.777	443	29	2	1	443	347	786	0.0	638	1870986
c85719e18751ce47aa7eba28669441f8	gi|3030611324|ref|NR_200000.1|	92.551	443	33	0	1	443	301	743	0.0	636	3342383
c85719e18751ce47aa7eba28669441f8	gi|2363082326|ref|NR_179410.1|	92.325	443	34	0	1	443	349	791	2.09e-180	630	1650661
c85719e18751ce47aa7eba28669441f8	gi|2136551692|ref|NR_173697.1|	92.325	443	33	1	1	443	349	790	7.50e-180	628	2108523
c85719e18751ce47aa7eba28669441f8	gi|2363082168|ref|NR_179330.1|	92.325	443	33	1	1	443	327	768	7.50e-180	628	2714355
c85719e18751ce47aa7eba28669441f8	gi|2363082165|ref|NR_179329.1|	92.342	444	31	3	1	443	327	768	7.50e-180	628	2714353
c85719e18751ce47aa7eba28669441f8	gi|343206380|ref|NR_044972.1|	92.099	443	35	0	1	443	331	773	7.50e-180	628	44749
c7b56dd36b0fa90563572b4e61a2af49	gi|645321791|ref|NR_118675.1|	98.409	440	7	0	1	440	339	778	0.0	782	39492
c7b56dd36b0fa90563572b4e61a2af49	gi|1277396348|ref|NR_152059.1|	89.462	446	37	9	1	440	272	713	1.28e-157	555	1849041
c7b56dd36b0fa90563572b4e61a2af49	gi|2363082561|ref|NR_179527.1|	89.462	446	37	9	1	440	336	777	1.28e-157	555	1841868
c7b56dd36b0fa90563572b4e61a2af49	gi|343202572|ref|NR_042930.1|	89.342	441	44	3	1	440	366	804	1.66e-156	551	258515
c7b56dd36b0fa90563572b4e61a2af49	gi|1445136071|ref|NR_158111.1|	89.165	443	41	7	1	440	349	787	7.72e-155	545	2038680
c7b56dd36b0fa90563572b4e61a2af49	gi|2363082585|ref|NR_179539.1|	89.140	442	43	5	1	440	351	789	7.72e-155	545	1852384
c7b56dd36b0fa90563572b4e61a2af49	gi|3248465644|ref|NR_201656.1|	88.889	441	47	2	1	440	329	768	9.99e-154	542	3417633
c7b56dd36b0fa90563572b4e61a2af49	gi|2363082755|ref|NR_179626.1|	88.914	442	44	5	1	440	351	789	3.59e-153	540	1987501
c7b56dd36b0fa90563572b4e61a2af49	gi|265678854|ref|NR_029160.1|	88.636	440	50	0	1	440	293	732	4.65e-152	536	40519
c7b56dd36b0fa90563572b4e61a2af49	gi|1116030290|ref|NR_144748.1|	88.688	442	45	5	1	440	335	773	1.67e-151	534	2897707
8a1fd265bee0cc3151c97f7e698c2c71	gi|645321792|ref|NR_118676.1|	97.727	440	10	0	1	440	370	809	0.0	767	39497
8a1fd265bee0cc3151c97f7e698c2c71	gi|219846511|ref|NR_026103.1|	97.273	440	12	0	1	440	316	755	0.0	747	37658
8a1fd265bee0cc3151c97f7e698c2c71	gi|1277396183|ref|NR_151894.1|	97.273	440	12	0	1	440	335	774	0.0	747	433293
8a1fd265bee0cc3151c97f7e698c2c71	gi|1277396381|ref|NR_152095.1|	97.045	440	13	0	1	440	348	787	0.0	741	1679721
8a1fd265bee0cc3151c97f7e698c2c71	gi|2136551633|ref|NR_173637.1|	97.045	440	13	0	1	440	294	733	0.0	741	2755051
8a1fd265bee0cc3151c97f7e698c2c71	gi|343202586|ref|NR_042953.1|	96.818	440	14	0	1	440	308	747	0.0	736	264463
8a1fd265bee0cc3151c97f7e698c2c71	gi|219878251|ref|NR_025390.1|	96.591	440	15	0	1	440	330	769	0.0	730	115544
8a1fd265bee0cc3151c97f7e698c2c71	gi|1227086118|ref|NR_148620.1|	96.364	440	16	0	1	440	195	634	0.0	725	1763509
8a1fd265bee0cc3151c97f7e698c2c71	gi|1040567056|ref|NR_137405.1|	96.364	440	16	0	1	440	307	746	0.0	725	1619234
8a1fd265bee0cc3151c97f7e698c2c71	gi|961555123|ref|NR_134091.1|	96.364	440	16	0	1	440	335	774	0.0	725	1462919
b47691c7997ed488b0eea214b141d8f2	gi|3248465648|ref|NR_201660.1|	95.909	440	18	0	1	440	319	758	0.0	713	3417630
b47691c7997ed488b0eea214b141d8f2	gi|507148077|ref|NR_102884.1|	93.424	441	27	2	1	440	331	770	0.0	652	213810
b47691c7997ed488b0eea214b141d8f2	gi|219846341|ref|NR_025931.1|	93.034	445	21	9	1	440	308	747	0.0	641	1265
b47691c7997ed488b0eea214b141d8f2	gi|265678854|ref|NR_029160.1|	93.002	443	25	5	1	440	293	732	0.0	641	40519
b47691c7997ed488b0eea214b141d8f2	gi|636558832|ref|NR_114889.1|	92.744	441	29	3	1	440	277	715	0.0	634	213810
b47691c7997ed488b0eea214b141d8f2	gi|1864207164|ref|NR_169458.1|	91.610	441	35	2	1	440	345	784	9.71e-174	608	2164149
b47691c7997ed488b0eea214b141d8f2	gi|3248465644|ref|NR_201656.1|	91.610	441	35	2	1	440	329	768	9.71e-174	608	3417633
b47691c7997ed488b0eea214b141d8f2	gi|444303976|ref|NR_074399.1|	91.383	441	36	2	1	440	333	772	4.52e-172	603	697329
b47691c7997ed488b0eea214b141d8f2	gi|631251834|ref|NR_113032.1|	91.383	441	36	2	1	440	333	772	4.52e-172	603	1264
b47691c7997ed488b0eea214b141d8f2	gi|636559173|ref|NR_115230.1|	91.383	441	36	2	1	440	333	772	4.52e-172	603	697329
360f28cfba254a3a5e689dac4724969a	gi|636558732|ref|NR_114789.1|	95.227	440	21	0	1	440	347	786	0.0	697	1535
360f28cfba254a3a5e689dac4724969a	gi|1146059197|ref|NR_145929.1|	94.144	444	22	2	1	440	319	762	0.0	673	642589
360f28cfba254a3a5e689dac4724969a	gi|3248465687|ref|NR_201701.1|	93.905	443	24	2	1	440	330	772	0.0	665	3435187
360f28cfba254a3a5e689dac4724969a	gi|3248465688|ref|NR_201702.1|	93.905	443	24	2	1	440	328	770	0.0	665	3435000
360f28cfba254a3a5e689dac4724969a	gi|2836274966|ref|NR_197729.1|	93.864	440	27	0	1	440	304	743	0.0	664	3093657
360f28cfba254a3a5e689dac4724969a	gi|1193829157|ref|NR_147400.1|	93.409	440	29	0	1	440	339	778	0.0	652	1958780
360f28cfba254a3a5e689dac4724969a	gi|2836274967|ref|NR_197730.1|	93.409	440	29	0	1	440	312	751	0.0	652	3093658
360f28cfba254a3a5e689dac4724969a	gi|1116030278|ref|NR_144736.1|	93.409	440	29	0	1	440	360	799	0.0	652	1776382
360f28cfba254a3a5e689dac4724969a	gi|2363082799|ref|NR_179648.1|	93.182	440	30	0	1	440	339	778	0.0	647	2045012
360f28cfba254a3a5e689dac4724969a	gi|2180566484|ref|NR_174324.1|	93.182	440	30	0	1	440	346	785	0.0	647	2576756
55de3b26367c6e610fdde0ad7b14cbb9	gi|645321781|ref|NR_118667.1|	96.136	440	16	1	1	439	355	794	0.0	730	28052
55de3b26367c6e610fdde0ad7b14cbb9	gi|559795246|ref|NR_104836.1|	95.682	440	18	1	1	439	333	772	0.0	706	706562
55de3b26367c6e610fdde0ad7b14cbb9	gi|444304189|ref|NR_074613.1|	95.465	441	17	3	1	439	350	789	0.0	701	515620
55de3b26367c6e610fdde0ad7b14cbb9	gi|559795169|ref|NR_104758.1|	95.455	440	19	1	1	439	345	784	0.0	701	1282887
55de3b26367c6e610fdde0ad7b14cbb9	gi|1277396183|ref|NR_151894.1|	95.465	441	17	3	1	439	335	774	0.0	701	433293
55de3b26367c6e610fdde0ad7b14cbb9	gi|1109168019|ref|NR_144608.1|	94.570	442	21	3	1	439	348	789	0.0	680	1796618
55de3b26367c6e610fdde0ad7b14cbb9	gi|2136551633|ref|NR_173637.1|	94.545	440	23	1	1	439	294	733	0.0	678	2755051
55de3b26367c6e610fdde0ad7b14cbb9	gi|559795194|ref|NR_104783.1|	94.558	441	21	3	1	439	353	792	0.0	678	290052
55de3b26367c6e610fdde0ad7b14cbb9	gi|343202586|ref|NR_042953.1|	94.545	440	23	1	1	439	308	747	0.0	678	264463
55de3b26367c6e610fdde0ad7b14cbb9	gi|1384992332|ref|NR_156081.1|	94.318	440	24	1	1	439	336	775	0.0	673	1469948
98046b1f548f73750fd5321c62ae912f	gi|2363081254|ref|NR_178871.1|	89.663	445	40	6	1	443	337	777	7.72e-160	562	1792311
98046b1f548f73750fd5321c62ae912f	gi|2363086264|ref|NR_181384.1|	89.686	446	37	9	1	443	250	689	2.78e-159	560	2763660
98046b1f548f73750fd5321c62ae912f	gi|444304204|ref|NR_074629.1|	89.310	449	36	9	1	443	341	783	4.65e-157	553	1515
98046b1f548f73750fd5321c62ae912f	gi|631251959|ref|NR_113157.1|	89.310	449	36	9	1	443	341	783	4.65e-157	553	1515
98046b1f548f73750fd5321c62ae912f	gi|343200549|ref|NR_041236.1|	89.165	443	46	2	1	443	321	761	1.67e-156	551	1122184
98046b1f548f73750fd5321c62ae912f	gi|2363084120|ref|NR_180309.1|	89.087	449	37	9	1	443	289	731	2.16e-155	547	2487273
98046b1f548f73750fd5321c62ae912f	gi|785794309|ref|NG_041947.1|	89.062	448	39	10	1	443	469	911	2.16e-155	547	394503
98046b1f548f73750fd5321c62ae912f	gi|785497611|ref|NR_102768.2|	89.062	448	39	10	1	443	330	772	2.16e-155	547	1521
98046b1f548f73750fd5321c62ae912f	gi|631252162|ref|NR_113360.1|	89.087	449	37	12	1	443	339	781	2.16e-155	547	1121303
98046b1f548f73750fd5321c62ae912f	gi|645319736|ref|NR_117111.1|	89.087	449	37	12	1	443	336	778	2.16e-155	547	29371
7486c1a12417547ccc433261bc8e56db	gi|1269801543|ref|NR_074802.2|	99.332	449	3	0	1	449	341	789	0.0	813	367928
7486c1a12417547ccc433261bc8e56db	gi|961555015|ref|NR_133982.1|	99.332	449	3	0	1	449	311	759	0.0	813	1680
7486c1a12417547ccc433261bc8e56db	gi|645321680|ref|NR_118589.1|	99.332	449	3	0	1	449	335	783	0.0	813	1437612
7486c1a12417547ccc433261bc8e56db	gi|636560686|ref|NR_116746.1|	99.332	449	3	0	1	449	309	757	0.0	813	1437612
7486c1a12417547ccc433261bc8e56db	gi|310974993|ref|NR_036857.1|	99.109	449	4	0	1	449	248	696	0.0	808	78346
7486c1a12417547ccc433261bc8e56db	gi|3248465902|ref|NR_201917.1|	98.218	449	6	2	1	449	338	784	0.0	784	3692808
7486c1a12417547ccc433261bc8e56db	gi|310975253|ref|NR_037117.1|	97.773	449	8	2	1	449	331	777	0.0	773	28026
7486c1a12417547ccc433261bc8e56db	gi|631251581|ref|NR_112779.1|	97.773	449	8	2	1	449	331	777	0.0	773	1150460
7486c1a12417547ccc433261bc8e56db	gi|343201160|ref|NR_041875.1|	97.773	449	8	2	1	449	310	756	0.0	773	1686
7486c1a12417547ccc433261bc8e56db	gi|586661365|ref|NR_036854.2|	97.550	449	11	0	1	449	326	774	0.0	769	78343
731705b89bc7d976a8c3a8b41dce406f	gi|3030611230|ref|NR_199906.1|	97.727	440	10	0	1	440	354	793	0.0	758	3123317
731705b89bc7d976a8c3a8b41dce406f	gi|3030611314|ref|NR_199990.1|	97.727	440	10	0	1	440	350	789	0.0	758	3123317
731705b89bc7d976a8c3a8b41dce406f	gi|1384992331|ref|NR_156080.1|	97.727	440	10	0	1	440	336	775	0.0	758	1469948
731705b89bc7d976a8c3a8b41dce406f	gi|1384992328|ref|NR_156077.1|	97.727	440	10	0	1	440	336	775	0.0	758	1469948
731705b89bc7d976a8c3a8b41dce406f	gi|1384992332|ref|NR_156081.1|	97.500	440	11	0	1	440	336	775	0.0	752	1469948
731705b89bc7d976a8c3a8b41dce406f	gi|1384992329|ref|NR_156078.1|	97.500	440	11	0	1	440	336	775	0.0	752	1469948
731705b89bc7d976a8c3a8b41dce406f	gi|343201474|ref|NR_042200.1|	96.818	440	14	0	1	440	318	757	0.0	736	333367
731705b89bc7d976a8c3a8b41dce406f	gi|1193829153|ref|NR_147396.1|	96.599	441	13	2	1	440	328	767	0.0	730	1917870
731705b89bc7d976a8c3a8b41dce406f	gi|974142252|ref|NR_134772.1|	96.591	440	15	0	1	440	297	736	0.0	730	1337051
731705b89bc7d976a8c3a8b41dce406f	gi|343205837|ref|NR_044289.1|	96.591	440	15	0	1	440	328	767	0.0	730	460384
4465a1a76b33567d32bc23df8d3c4531	gi|939733298|ref|NR_133025.1|	99.348	460	3	0	1	460	275	734	0.0	833	2585118
4465a1a76b33567d32bc23df8d3c4531	gi|631251954|ref|NR_113152.1|	95.217	460	22	0	1	460	337	796	0.0	728	28117
4465a1a76b33567d32bc23df8d3c4531	gi|2363082099|ref|NR_179296.1|	94.783	460	24	0	1	460	324	783	0.0	717	2585119
4465a1a76b33567d32bc23df8d3c4531	gi|672239000|ref|NR_125589.1|	94.794	461	22	2	1	460	269	728	0.0	717	1033731
4465a1a76b33567d32bc23df8d3c4531	gi|2363086959|ref|NR_181736.1|	94.577	461	23	2	1	460	334	793	0.0	712	2834113
4465a1a76b33567d32bc23df8d3c4531	gi|507148054|ref|NR_102861.1|	94.577	461	23	2	1	460	334	793	0.0	712	717959
4465a1a76b33567d32bc23df8d3c4531	gi|645321193|ref|NR_118219.1|	94.577	461	23	2	1	460	332	791	0.0	712	1033732
4465a1a76b33567d32bc23df8d3c4531	gi|343202834|ref|NR_043319.1|	94.360	461	24	2	1	460	323	782	0.0	708	717959
4465a1a76b33567d32bc23df8d3c4531	gi|631251955|ref|NR_113153.1|	94.360	461	24	2	1	460	334	793	0.0	706	328814
4465a1a76b33567d32bc23df8d3c4531	gi|2363082505|ref|NR_179499.1|	93.952	463	22	6	1	460	342	801	0.0	695	2364787
7a3a4efbb973d36186e93408734c8e0c	gi|559795314|ref|NR_104907.1|	92.534	442	32	1	1	442	315	755	0.0	632	290054
7a3a4efbb973d36186e93408734c8e0c	gi|2136551683|ref|NR_173688.1|	91.176	442	37	2	1	442	321	760	5.87e-171	599	2780922
7a3a4efbb973d36186e93408734c8e0c	gi|444303976|ref|NR_074399.1|	90.724	442	39	1	1	442	333	772	1.27e-167	588	697329
7a3a4efbb973d36186e93408734c8e0c	gi|631251834|ref|NR_113032.1|	90.724	442	39	1	1	442	333	772	1.27e-167	588	1264
7a3a4efbb973d36186e93408734c8e0c	gi|636559173|ref|NR_115230.1|	90.724	442	39	1	1	442	333	772	1.27e-167	588	697329
7a3a4efbb973d36186e93408734c8e0c	gi|219846339|ref|NR_025929.1|	90.724	442	39	1	1	442	328	767	1.27e-167	588	697329
7a3a4efbb973d36186e93408734c8e0c	gi|1277396348|ref|NR_152059.1|	90.541	444	38	4	1	442	272	713	1.64e-166	584	1849041
7a3a4efbb973d36186e93408734c8e0c	gi|2363082561|ref|NR_179527.1|	90.541	444	38	4	1	442	336	777	1.64e-166	584	1841868
7a3a4efbb973d36186e93408734c8e0c	gi|2363082601|ref|NR_179547.1|	90.293	443	39	4	1	442	347	786	2.75e-164	577	1870991
7a3a4efbb973d36186e93408734c8e0c	gi|2136551692|ref|NR_173697.1|	90.045	442	44	0	1	442	349	790	3.56e-163	573	2108523
255d5c3cd864acaa1d6aa5efd0a24f77	gi|2363086372|ref|NR_181438.1|	87.919	447	40	14	1	440	291	730	2.18e-145	514	2775080
255d5c3cd864acaa1d6aa5efd0a24f77	gi|2363081887|ref|NR_179189.1|	87.359	443	50	6	1	440	292	731	4.71e-142	503	1489064
255d5c3cd864acaa1d6aa5efd0a24f77	gi|2363080850|ref|NR_178668.1|	87.359	443	50	6	1	440	274	713	4.71e-142	503	1489064
255d5c3cd864acaa1d6aa5efd0a24f77	gi|631252595|ref|NR_113793.1|	87.387	444	48	8	1	440	284	723	4.71e-142	503	189
255d5c3cd864acaa1d6aa5efd0a24f77	gi|343205855|ref|NR_044313.1|	87.387	444	48	8	1	440	284	723	4.71e-142	503	189
255d5c3cd864acaa1d6aa5efd0a24f77	gi|1315203966|ref|NR_152635.1|	87.133	443	51	6	1	440	307	746	2.19e-140	497	1938558
255d5c3cd864acaa1d6aa5efd0a24f77	gi|1441204251|ref|NR_157666.1|	87.133	443	51	6	1	440	314	753	2.19e-140	497	1550907
255d5c3cd864acaa1d6aa5efd0a24f77	gi|631252355|ref|NR_113553.1|	87.220	446	45	11	1	440	284	723	2.19e-140	497	178901
255d5c3cd864acaa1d6aa5efd0a24f77	gi|631252354|ref|NR_113552.1|	87.220	446	45	11	1	440	284	723	2.19e-140	497	178900
255d5c3cd864acaa1d6aa5efd0a24f77	gi|645321120|ref|NR_118164.1|	87.220	446	45	11	1	440	228	667	2.19e-140	497	178901
09b177e013a3ff5f3f49be094c0d2952	gi|2363080123|ref|NR_178280.1|	99.318	440	3	0	1	440	331	770	0.0	797	411483
09b177e013a3ff5f3f49be094c0d2952	gi|2363081449|ref|NR_178971.1|	98.864	440	4	1	1	440	285	723	0.0	784	1851427
09b177e013a3ff5f3f49be094c0d2952	gi|265678656|ref|NR_028961.1|	98.636	440	6	0	1	440	327	766	0.0	780	853
09b177e013a3ff5f3f49be094c0d2952	gi|2363081451|ref|NR_178972.1|	98.409	440	7	0	1	440	285	724	0.0	774	1851428
09b177e013a3ff5f3f49be094c0d2952	gi|3030611269|ref|NR_199945.1|	98.182	440	8	0	1	440	335	774	0.0	769	3435293
09b177e013a3ff5f3f49be094c0d2952	gi|2363082282|ref|NR_179388.1|	97.732	441	8	2	1	440	335	774	0.0	758	2935520
09b177e013a3ff5f3f49be094c0d2952	gi|2363080175|ref|NR_178311.1|	97.045	440	13	0	1	440	412	851	0.0	741	2903556
09b177e013a3ff5f3f49be094c0d2952	gi|2363084747|ref|NR_180622.1|	92.971	441	29	2	1	440	335	774	0.0	641	2779354
09b177e013a3ff5f3f49be094c0d2952	gi|559795255|ref|NR_104846.1|	92.727	440	32	0	1	440	288	727	0.0	636	745368
09b177e013a3ff5f3f49be094c0d2952	gi|1277396189|ref|NR_151900.1|	92.273	440	34	0	1	440	351	790	9.64e-179	625	1550024
73b907322a2c85d7440953446207b62e	gi|2363082342|ref|NR_179418.1|	89.438	445	43	4	1	443	348	790	9.99e-159	558	1673721
73b907322a2c85d7440953446207b62e	gi|645321636|ref|NR_118554.1|	88.989	445	45	4	1	443	329	771	2.16e-155	547	1297617
73b907322a2c85d7440953446207b62e	gi|2363082358|ref|NR_179426.1|	88.514	444	49	2	1	443	349	791	4.68e-152	536	1702285
73b907322a2c85d7440953446207b62e	gi|2136551692|ref|NR_173697.1|	88.488	443	50	1	1	443	349	790	1.68e-151	534	2108523
73b907322a2c85d7440953446207b62e	gi|2363082326|ref|NR_179410.1|	88.288	444	50	2	1	443	349	791	2.18e-150	531	1650661
73b907322a2c85d7440953446207b62e	gi|645321110|ref|NR_118156.1|	88.262	443	51	1	1	443	304	745	7.83e-150	529	1007096
73b907322a2c85d7440953446207b62e	gi|1109168025|ref|NR_144611.1|	88.063	444	51	2	1	443	282	724	1.01e-148	525	1417852
73b907322a2c85d7440953446207b62e	gi|2962412234|ref|NR_199428.1|	88.036	443	52	1	1	443	352	793	3.64e-148	523	3073143
73b907322a2c85d7440953446207b62e	gi|3030611323|ref|NR_199999.1|	87.892	446	48	6	1	443	301	743	4.71e-147	520	3133422
73b907322a2c85d7440953446207b62e	gi|1193829127|ref|NR_147370.1|	87.838	444	52	2	1	443	349	791	4.71e-147	520	1870988
bb8552425e2d5743fdd0a1dd22b37051	gi|636560108|ref|NR_116168.1|	99.570	465	2	0	1	465	335	799	0.0	848	888828
bb8552425e2d5743fdd0a1dd22b37051	gi|343202529|ref|NR_042878.1|	99.570	465	2	0	1	465	314	778	0.0	848	888828
bb8552425e2d5743fdd0a1dd22b37051	gi|645321895|ref|NR_118762.1|	98.272	463	8	0	3	465	340	802	0.0	822	888828
bb8552425e2d5743fdd0a1dd22b37051	gi|645321093|ref|NR_118143.1|	98.280	465	8	0	1	465	316	780	0.0	817	1035839
bb8552425e2d5743fdd0a1dd22b37051	gi|219878284|ref|NR_025423.1|	97.634	465	11	0	1	465	319	783	0.0	798	249188
bb8552425e2d5743fdd0a1dd22b37051	gi|3248465850|ref|NR_201865.1|	96.360	467	13	4	1	465	261	725	0.0	765	3414265
bb8552425e2d5743fdd0a1dd22b37051	gi|343202522|ref|NR_042871.1|	96.129	465	18	0	1	465	316	780	0.0	763	123820
bb8552425e2d5743fdd0a1dd22b37051	gi|1491522540|ref|NR_159347.1|	96.129	465	18	0	1	465	340	804	0.0	763	28161
bb8552425e2d5743fdd0a1dd22b37051	gi|694281134|ref|NR_115546.2|	96.146	467	14	4	1	465	344	808	0.0	760	715
bb8552425e2d5743fdd0a1dd22b37051	gi|636559161|ref|NR_115218.1|	96.146	467	14	4	1	465	314	778	0.0	760	157339
a3eb8a50fbc3f0a06311c661a3e200a6	gi|228719063|ref|NR_027579.1|	98.636	440	6	0	1	440	316	755	0.0	785	471875
a3eb8a50fbc3f0a06311c661a3e200a6	gi|2363082059|ref|NR_179276.1|	97.727	440	10	0	1	440	334	773	0.0	758	2316025
a3eb8a50fbc3f0a06311c661a3e200a6	gi|2363087259|ref|NR_181885.1|	97.279	441	10	2	1	440	335	774	0.0	747	2885351
a3eb8a50fbc3f0a06311c661a3e200a6	gi|2363082374|ref|NR_179434.1|	97.045	440	13	0	1	440	349	788	0.0	741	1720300
a3eb8a50fbc3f0a06311c661a3e200a6	gi|2363085133|ref|NR_180815.1|	96.818	440	14	0	1	440	350	789	0.0	736	2606633
a3eb8a50fbc3f0a06311c661a3e200a6	gi|2363083556|ref|NR_180026.1|	96.818	440	14	0	1	440	348	787	0.0	736	2696678
a3eb8a50fbc3f0a06311c661a3e200a6	gi|636560687|ref|NR_116747.1|	96.818	440	14	0	1	440	301	740	0.0	736	1298596
a3eb8a50fbc3f0a06311c661a3e200a6	gi|1909404440|ref|NR_170495.1|	96.591	440	15	0	1	440	355	794	0.0	730	2509240
a3eb8a50fbc3f0a06311c661a3e200a6	gi|2363082679|ref|NR_179587.1|	96.591	440	15	0	1	440	328	767	0.0	730	1926283
a3eb8a50fbc3f0a06311c661a3e200a6	gi|1109168017|ref|NR_144607.1|	96.591	440	15	0	1	440	282	721	0.0	730	1796615
50625ae68e4fd0b0a57edf9ff69905a6	gi|2363085892|ref|NR_181198.1|	99.785	465	1	0	1	465	268	732	0.0	854	2735723
50625ae68e4fd0b0a57edf9ff69905a6	gi|265678513|ref|NR_028816.1|	98.925	465	5	0	1	465	310	774	0.0	832	154288
50625ae68e4fd0b0a57edf9ff69905a6	gi|566085589|ref|NR_109669.1|	91.613	465	39	0	1	465	329	793	0.0	643	1202712
50625ae68e4fd0b0a57edf9ff69905a6	gi|636560492|ref|NR_116552.1|	91.613	465	39	0	1	465	291	755	0.0	643	1384057
50625ae68e4fd0b0a57edf9ff69905a6	gi|636559469|ref|NR_115529.1|	91.613	465	39	0	1	465	320	784	0.0	643	1421
50625ae68e4fd0b0a57edf9ff69905a6	gi|1811131534|ref|NR_165716.1|	91.398	465	40	0	1	465	317	781	0.0	638	2304605
50625ae68e4fd0b0a57edf9ff69905a6	gi|2363086993|ref|NR_181753.1|	91.435	467	36	4	1	465	295	759	0.0	638	1547283
50625ae68e4fd0b0a57edf9ff69905a6	gi|645321097|ref|NR_118146.1|	91.398	465	40	0	1	465	311	775	0.0	638	1130819
50625ae68e4fd0b0a57edf9ff69905a6	gi|631251372|ref|NR_112569.1|	91.398	465	40	0	1	465	322	786	0.0	638	28031
50625ae68e4fd0b0a57edf9ff69905a6	gi|631251431|ref|NR_112628.1|	91.398	465	40	0	1	465	322	786	0.0	638	28031
52ec333fa8fee97e17877f5b80fcaebb	gi|2363084170|ref|NR_180334.1|	99.318	440	3	0	1	440	253	692	0.0	797	2763028
52ec333fa8fee97e17877f5b80fcaebb	gi|2363086300|ref|NR_181402.1|	99.318	440	3	0	1	440	300	739	0.0	797	2763028
52ec333fa8fee97e17877f5b80fcaebb	gi|645321813|ref|NR_118692.1|	97.500	440	10	1	1	440	314	752	0.0	752	411459
52ec333fa8fee97e17877f5b80fcaebb	gi|219846720|ref|NR_026312.1|	97.045	440	13	0	1	440	327	766	0.0	743	180164
52ec333fa8fee97e17877f5b80fcaebb	gi|343201234|ref|NR_041960.1|	97.052	441	12	1	1	440	222	662	0.0	741	89014
52ec333fa8fee97e17877f5b80fcaebb	gi|631252033|ref|NR_113231.1|	97.045	440	13	0	1	440	347	786	0.0	741	536633
52ec333fa8fee97e17877f5b80fcaebb	gi|566085203|ref|NR_109014.1|	97.052	441	11	2	1	440	195	634	0.0	741	871665
52ec333fa8fee97e17877f5b80fcaebb	gi|631251591|ref|NR_112789.1|	97.045	440	13	0	1	440	333	772	0.0	741	536633
52ec333fa8fee97e17877f5b80fcaebb	gi|2363082673|ref|NR_179584.1|	96.825	441	12	2	1	440	327	766	0.0	737	1917888
52ec333fa8fee97e17877f5b80fcaebb	gi|631253117|ref|NR_114315.1|	96.818	440	14	0	1	440	336	775	0.0	737	649762
81955d604fd707b27339a2cadc0ea79b	gi|2363082170|ref|NR_179331.1|	95.485	443	19	1	1	442	328	770	0.0	706	2714358
81955d604fd707b27339a2cadc0ea79b	gi|2260349448|ref|NR_176530.1|	95.023	442	22	0	1	442	358	799	0.0	695	2093857
81955d604fd707b27339a2cadc0ea79b	gi|2363082559|ref|NR_179526.1|	95.023	442	22	0	1	442	349	790	0.0	695	1841866
81955d604fd707b27339a2cadc0ea79b	gi|2363082168|ref|NR_179330.1|	92.986	442	31	0	1	442	327	768	0.0	645	2714355
81955d604fd707b27339a2cadc0ea79b	gi|2363082165|ref|NR_179329.1|	92.760	442	32	0	1	442	327	768	0.0	640	2714353
81955d604fd707b27339a2cadc0ea79b	gi|645321110|ref|NR_118156.1|	92.760	442	32	0	1	442	304	745	0.0	640	1007096
81955d604fd707b27339a2cadc0ea79b	gi|2962412234|ref|NR_199428.1|	92.534	442	33	0	1	442	352	793	0.0	634	3073143
81955d604fd707b27339a2cadc0ea79b	gi|1269801610|ref|NR_074793.2|	92.308	442	34	0	1	442	355	796	7.49e-180	628	351091
81955d604fd707b27339a2cadc0ea79b	gi|343200653|ref|NR_041340.1|	92.308	442	34	0	1	442	328	769	7.49e-180	628	351091
81955d604fd707b27339a2cadc0ea79b	gi|2363087001|ref|NR_181757.1|	92.117	444	31	4	1	442	289	730	3.48e-178	623	2841504
d2e36b0f2eae117a6600ad49d63fffd5	gi|2260349448|ref|NR_176530.1|	99.321	442	3	0	1	442	358	799	0.0	800	2093857
d2e36b0f2eae117a6600ad49d63fffd5	gi|2363082559|ref|NR_179526.1|	99.321	442	3	0	1	442	349	790	0.0	800	1841866
d2e36b0f2eae117a6600ad49d63fffd5	gi|645321110|ref|NR_118156.1|	95.475	442	20	0	1	442	304	745	0.0	706	1007096
d2e36b0f2eae117a6600ad49d63fffd5	gi|2962412234|ref|NR_199428.1|	95.249	442	21	0	1	442	352	793	0.0	701	3073143
d2e36b0f2eae117a6600ad49d63fffd5	gi|2363087001|ref|NR_181757.1|	94.820	444	19	4	1	442	289	730	0.0	689	2841504
d2e36b0f2eae117a6600ad49d63fffd5	gi|2363082170|ref|NR_179331.1|	94.808	443	22	1	1	442	328	770	0.0	689	2714358
d2e36b0f2eae117a6600ad49d63fffd5	gi|1269801610|ref|NR_074793.2|	94.118	442	26	0	1	442	355	796	0.0	673	351091
d2e36b0f2eae117a6600ad49d63fffd5	gi|343200653|ref|NR_041340.1|	94.118	442	26	0	1	442	328	769	0.0	673	351091
d2e36b0f2eae117a6600ad49d63fffd5	gi|2363082569|ref|NR_179531.1|	93.891	442	27	0	1	442	347	788	0.0	667	1852369
d2e36b0f2eae117a6600ad49d63fffd5	gi|2363082165|ref|NR_179329.1|	93.454	443	27	2	1	442	327	768	0.0	656	2714353
4b6da440e0abcb5f3681f2dc558e4c21	gi|943392602|ref|NR_117139.2|	99.545	440	2	0	1	440	346	785	0.0	802	649756
4b6da440e0abcb5f3681f2dc558e4c21	gi|943392601|ref|NR_117138.2|	99.545	440	2	0	1	440	346	785	0.0	802	649756
4b6da440e0abcb5f3681f2dc558e4c21	gi|559795210|ref|NR_104799.1|	99.545	440	2	0	1	440	338	777	0.0	802	649756
4b6da440e0abcb5f3681f2dc558e4c21	gi|2363085925|ref|NR_181215.1|	99.091	440	4	0	1	440	331	770	0.0	791	2738446
4b6da440e0abcb5f3681f2dc558e4c21	gi|631252121|ref|NR_113319.1|	97.732	441	8	2	1	440	350	789	0.0	758	645466
4b6da440e0abcb5f3681f2dc558e4c21	gi|636560803|ref|NR_116863.1|	97.511	442	8	3	1	440	337	777	0.0	752	645466
4b6da440e0abcb5f3681f2dc558e4c21	gi|2363081778|ref|NR_179135.1|	96.145	441	16	1	1	440	330	770	0.0	719	2025494
4b6da440e0abcb5f3681f2dc558e4c21	gi|2363087251|ref|NR_181881.1|	96.145	441	16	1	1	440	307	747	0.0	719	2880702
4b6da440e0abcb5f3681f2dc558e4c21	gi|265678610|ref|NR_028915.1|	95.928	442	16	2	1	440	315	756	0.0	715	105841
4b6da440e0abcb5f3681f2dc558e4c21	gi|2363080591|ref|NR_178536.1|	95.692	441	18	1	1	440	286	726	0.0	708	1229621
5a377a44ad0b8bd5f39a5f4e2aacea5b	gi|1109168025|ref|NR_144611.1|	97.065	443	13	0	1	443	282	724	0.0	747	1417852
5a377a44ad0b8bd5f39a5f4e2aacea5b	gi|3030611324|ref|NR_200000.1|	95.485	443	20	0	1	443	301	743	0.0	708	3342383
5a377a44ad0b8bd5f39a5f4e2aacea5b	gi|2136551692|ref|NR_173697.1|	95.506	445	15	5	1	443	349	790	0.0	706	2108523
5a377a44ad0b8bd5f39a5f4e2aacea5b	gi|2363082358|ref|NR_179426.1|	94.831	445	19	4	1	443	349	791	0.0	691	1702285
5a377a44ad0b8bd5f39a5f4e2aacea5b	gi|645321636|ref|NR_118554.1|	94.582	443	24	0	1	443	329	771	0.0	686	1297617
5a377a44ad0b8bd5f39a5f4e2aacea5b	gi|343198636|ref|NR_043142.1|	94.607	445	20	4	1	443	323	765	0.0	686	292800
5a377a44ad0b8bd5f39a5f4e2aacea5b	gi|265679048|ref|NR_029356.1|	94.607	445	20	4	1	443	336	778	0.0	686	292800
5a377a44ad0b8bd5f39a5f4e2aacea5b	gi|2363082326|ref|NR_179410.1|	94.382	445	21	4	1	443	349	791	0.0	680	1650661
5a377a44ad0b8bd5f39a5f4e2aacea5b	gi|2363082342|ref|NR_179418.1|	93.933	445	23	4	1	443	348	790	0.0	669	1673721
5a377a44ad0b8bd5f39a5f4e2aacea5b	gi|1193829127|ref|NR_147370.1|	93.933	445	23	4	1	443	349	791	0.0	669	1870988
7cb648d5eefd6acc0eeb707fff07ae00	gi|2363082679|ref|NR_179587.1|	96.136	440	17	0	1	440	328	767	0.0	719	1926283
7cb648d5eefd6acc0eeb707fff07ae00	gi|2363081854|ref|NR_179173.1|	96.136	440	17	0	1	440	333	772	0.0	719	2126740
7cb648d5eefd6acc0eeb707fff07ae00	gi|3030611230|ref|NR_199906.1|	95.909	440	18	0	1	440	354	793	0.0	713	3123317
7cb648d5eefd6acc0eeb707fff07ae00	gi|3030611314|ref|NR_199990.1|	95.909	440	18	0	1	440	350	789	0.0	713	3123317
7cb648d5eefd6acc0eeb707fff07ae00	gi|1384992331|ref|NR_156080.1|	95.909	440	18	0	1	440	336	775	0.0	713	1469948
7cb648d5eefd6acc0eeb707fff07ae00	gi|1384992328|ref|NR_156077.1|	95.909	440	18	0	1	440	336	775	0.0	713	1469948
7cb648d5eefd6acc0eeb707fff07ae00	gi|1384992332|ref|NR_156081.1|	95.682	440	19	0	1	440	336	775	0.0	708	1469948
7cb648d5eefd6acc0eeb707fff07ae00	gi|1384992329|ref|NR_156078.1|	95.682	440	19	0	1	440	336	775	0.0	708	1469948
7cb648d5eefd6acc0eeb707fff07ae00	gi|1441204227|ref|NR_157642.1|	95.682	440	19	0	1	440	301	740	0.0	708	1653435
7cb648d5eefd6acc0eeb707fff07ae00	gi|2836274880|ref|NR_197643.1|	95.455	440	20	0	1	440	329	768	0.0	702	2962432
165a79596c4bdd202700c5d966f8bef6	gi|1277396349|ref|NR_152060.1|	98.871	443	5	0	1	443	336	778	0.0	791	1712515
165a79596c4bdd202700c5d966f8bef6	gi|1277396271|ref|NR_151982.1|	98.871	443	5	0	1	443	248	690	0.0	791	1628085
165a79596c4bdd202700c5d966f8bef6	gi|545589041|ref|NR_044644.2|	95.937	443	16	2	1	443	354	794	0.0	725	39484
165a79596c4bdd202700c5d966f8bef6	gi|1193829128|ref|NR_147371.1|	95.711	443	17	1	1	443	277	717	0.0	712	1871029
165a79596c4bdd202700c5d966f8bef6	gi|343205971|ref|NR_044490.1|	94.595	444	23	1	1	443	348	791	0.0	686	501571
165a79596c4bdd202700c5d966f8bef6	gi|2363082930|ref|NR_179713.1|	94.131	443	26	0	1	443	319	761	0.0	675	1945634
165a79596c4bdd202700c5d966f8bef6	gi|2363087009|ref|NR_181761.1|	92.325	443	33	1	1	443	269	710	7.50e-180	628	2841509
165a79596c4bdd202700c5d966f8bef6	gi|265679047|ref|NR_029355.1|	90.293	443	40	2	1	443	332	771	2.76e-164	577	84026
165a79596c4bdd202700c5d966f8bef6	gi|645321636|ref|NR_118554.1|	90.068	443	44	0	1	443	329	771	9.92e-164	575	1297617
165a79596c4bdd202700c5d966f8bef6	gi|3248465658|ref|NR_201672.1|	89.865	444	43	2	1	443	296	738	4.61e-162	569	3381350
b1df7a55cd8b52952941c91182aa780a	gi|2363080125|ref|NR_178281.1|	99.318	440	3	0	1	440	340	779	0.0	797	105843
b1df7a55cd8b52952941c91182aa780a	gi|645321789|ref|NR_118673.1|	98.409	440	7	0	1	440	354	793	0.0	782	39488
b1df7a55cd8b52952941c91182aa780a	gi|219856842|ref|NR_024661.1|	95.011	441	20	2	1	440	361	800	0.0	691	42322
b1df7a55cd8b52952941c91182aa780a	gi|343198925|ref|NR_044049.1|	94.545	440	24	0	1	440	316	755	0.0	680	33043
b1df7a55cd8b52952941c91182aa780a	gi|2363086278|ref|NR_181391.1|	94.331	441	23	2	1	440	249	688	0.0	675	2763670
b1df7a55cd8b52952941c91182aa780a	gi|645322302|ref|NR_119085.1|	94.344	442	19	5	1	440	347	784	0.0	673	29364
b1df7a55cd8b52952941c91182aa780a	gi|559795246|ref|NR_104836.1|	93.878	441	25	2	1	440	333	772	0.0	664	706562
b1df7a55cd8b52952941c91182aa780a	gi|219846511|ref|NR_026103.1|	93.891	442	23	4	1	440	316	755	0.0	664	37658
b1df7a55cd8b52952941c91182aa780a	gi|645321792|ref|NR_118676.1|	93.409	440	29	0	1	440	370	809	0.0	662	39497
b1df7a55cd8b52952941c91182aa780a	gi|1277396381|ref|NR_152095.1|	93.424	441	27	2	1	440	348	787	0.0	652	1679721
034f9ab6cc7bb19b8d1642046e080d87	gi|2621112340|ref|NR_189244.1|	94.118	442	24	2	1	440	363	804	0.0	671	3046382
034f9ab6cc7bb19b8d1642046e080d87	gi|2621112341|ref|NR_189245.1|	93.891	442	25	2	1	440	363	804	0.0	665	3046383
034f9ab6cc7bb19b8d1642046e080d87	gi|2363086262|ref|NR_181383.1|	88.143	447	43	9	1	440	307	750	3.62e-148	523	2763654
034f9ab6cc7bb19b8d1642046e080d87	gi|2836274966|ref|NR_197729.1|	87.528	441	53	2	1	440	304	743	1.01e-143	508	3093657
034f9ab6cc7bb19b8d1642046e080d87	gi|2836274967|ref|NR_197730.1|	86.395	441	58	2	1	440	312	751	2.21e-135	481	3093658
034f9ab6cc7bb19b8d1642046e080d87	gi|1116030278|ref|NR_144736.1|	86.425	442	56	4	1	440	360	799	2.21e-135	481	1776382
034f9ab6cc7bb19b8d1642046e080d87	gi|219846587|ref|NR_026179.1|	86.425	442	56	4	1	440	332	771	2.21e-135	481	76489
034f9ab6cc7bb19b8d1642046e080d87	gi|2363085282|ref|NR_180889.1|	86.136	440	61	0	1	440	293	732	1.03e-133	475	2699427
034f9ab6cc7bb19b8d1642046e080d87	gi|566085050|ref|NR_108636.1|	86.261	444	53	7	1	440	348	787	1.03e-133	475	682400
034f9ab6cc7bb19b8d1642046e080d87	gi|1491509615|ref|NR_159146.1|	86.036	444	56	6	1	440	348	789	1.33e-132	472	1715347
10d58b9ec618167625362bdde173ff6b	gi|645321322|ref|NR_118316.1|	98.913	460	5	0	1	460	338	797	0.0	822	1349822
10d58b9ec618167625362bdde173ff6b	gi|2621112336|ref|NR_189240.1|	90.043	462	42	4	1	460	342	801	7.92e-170	595	2944915
10d58b9ec618167625362bdde173ff6b	gi|2136551682|ref|NR_173687.1|	89.177	462	46	4	1	460	325	784	3.71e-163	573	2751153
10d58b9ec618167625362bdde173ff6b	gi|1146059151|ref|NR_145883.1|	88.745	462	48	4	1	460	284	743	8.03e-160	562	1501392
10d58b9ec618167625362bdde173ff6b	gi|1116030267|ref|NR_144725.1|	88.312	462	50	4	1	460	337	796	3.74e-158	556	1686296
10d58b9ec618167625362bdde173ff6b	gi|1953646717|ref|NR_171512.1|	87.609	460	57	0	1	460	313	772	1.75e-151	534	2162893
10d58b9ec618167625362bdde173ff6b	gi|566085049|ref|NR_108635.1|	87.636	461	55	2	1	460	316	775	1.75e-151	534	682526
10d58b9ec618167625362bdde173ff6b	gi|1040567039|ref|NR_137388.1|	87.446	462	54	4	1	460	315	774	2.27e-150	531	1605892
10d58b9ec618167625362bdde173ff6b	gi|645320817|ref|NR_117932.1|	87.419	461	56	2	1	460	333	792	8.15e-150	529	889453
10d58b9ec618167625362bdde173ff6b	gi|2363082338|ref|NR_179416.1|	87.229	462	56	3	1	460	342	802	3.79e-148	523	1673718
3333d7b7836837dc0a922a295a7e1e78	gi|2363082625|ref|NR_179559.1|	93.439	442	27	2	1	441	333	773	0.0	654	1871018
3333d7b7836837dc0a922a295a7e1e78	gi|1193829155|ref|NR_147398.1|	92.290	441	32	2	1	441	351	789	9.66e-179	625	1720200
3333d7b7836837dc0a922a295a7e1e78	gi|2363082601|ref|NR_179547.1|	92.063	441	34	1	1	441	347	786	4.50e-177	619	1870991
3333d7b7836837dc0a922a295a7e1e78	gi|2363082711|ref|NR_179603.1|	91.837	441	34	2	1	441	317	755	2.09e-175	614	1944642
3333d7b7836837dc0a922a295a7e1e78	gi|228717037|ref|NR_027558.1|	91.837	441	34	2	1	441	292	730	2.09e-175	614	169435
3333d7b7836837dc0a922a295a7e1e78	gi|1116030290|ref|NR_144748.1|	91.610	441	35	2	1	441	335	773	9.73e-174	608	2897707
3333d7b7836837dc0a922a295a7e1e78	gi|3248465644|ref|NR_201656.1|	91.383	441	37	1	1	441	329	768	4.53e-172	603	3417633
3333d7b7836837dc0a922a295a7e1e78	gi|265679047|ref|NR_029355.1|	91.383	441	37	1	1	441	332	771	4.53e-172	603	84026
3333d7b7836837dc0a922a295a7e1e78	gi|2363086276|ref|NR_181390.1|	90.930	441	39	1	1	441	304	743	9.80e-169	592	2763659
3333d7b7836837dc0a922a295a7e1e78	gi|2363082755|ref|NR_179626.1|	90.930	441	38	2	1	441	351	789	9.80e-169	592	1987501
eba10a3fb039fa4a1410eb0e78dc44e5	gi|265679027|ref|NR_029335.1|	99.569	464	2	0	1	464	250	713	0.0	846	61171
eba10a3fb039fa4a1410eb0e78dc44e5	gi|672239039|ref|NR_125628.1|	98.276	464	8	0	1	464	336	799	0.0	813	1211819
eba10a3fb039fa4a1410eb0e78dc44e5	gi|645320615|ref|NR_117779.1|	94.181	464	22	4	1	464	333	791	0.0	702	118967
eba10a3fb039fa4a1410eb0e78dc44e5	gi|559795259|ref|NR_104850.1|	94.181	464	22	4	1	464	323	781	0.0	702	118967
eba10a3fb039fa4a1410eb0e78dc44e5	gi|219878455|ref|NR_025594.1|	91.006	467	36	6	1	464	329	792	1.02e-178	625	225084
eba10a3fb039fa4a1410eb0e78dc44e5	gi|2363087359|ref|NR_181936.1|	90.792	467	37	6	1	464	269	732	4.74e-177	619	2683713
eba10a3fb039fa4a1410eb0e78dc44e5	gi|672239004|ref|NR_125593.1|	90.538	465	42	2	1	464	338	801	2.21e-175	614	1034346
eba10a3fb039fa4a1410eb0e78dc44e5	gi|1270532561|ref|NR_146814.2|	90.302	464	45	0	1	464	350	813	1.03e-173	608	1514105
eba10a3fb039fa4a1410eb0e78dc44e5	gi|1150406785|ref|NR_146039.1|	90.302	464	45	0	1	464	266	729	1.03e-173	608	1514105
eba10a3fb039fa4a1410eb0e78dc44e5	gi|2363087361|ref|NR_181937.1|	90.150	467	40	6	1	464	291	754	4.78e-172	603	2683717
9be4801f20abf4516632dd3d4ca2ac4a	gi|1116030284|ref|NR_144742.1|	92.793	444	30	2	1	443	352	794	0.0	641	1805714
9be4801f20abf4516632dd3d4ca2ac4a	gi|631251702|ref|NR_112900.1|	92.377	446	28	6	1	443	341	783	2.09e-180	630	626937
9be4801f20abf4516632dd3d4ca2ac4a	gi|2363086270|ref|NR_181387.1|	92.117	444	32	3	1	443	302	743	3.49e-178	623	2763656
9be4801f20abf4516632dd3d4ca2ac4a	gi|2363081417|ref|NR_178955.1|	91.892	444	34	2	1	443	288	730	4.52e-177	619	1851429
9be4801f20abf4516632dd3d4ca2ac4a	gi|636559212|ref|NR_115269.1|	91.910	445	32	4	1	443	332	774	4.52e-177	619	270498
9be4801f20abf4516632dd3d4ca2ac4a	gi|1116030285|ref|NR_144743.1|	91.236	445	35	4	1	443	352	794	4.55e-172	603	1816678
9be4801f20abf4516632dd3d4ca2ac4a	gi|2363086268|ref|NR_181386.1|	90.787	445	37	4	1	443	303	745	9.85e-169	592	2763655
9be4801f20abf4516632dd3d4ca2ac4a	gi|2363086262|ref|NR_181383.1|	89.910	446	40	5	1	443	307	750	4.61e-162	569	2763654
9be4801f20abf4516632dd3d4ca2ac4a	gi|959494862|ref|NR_133738.1|	89.438	445	43	4	1	443	335	777	9.99e-159	558	1216062
9be4801f20abf4516632dd3d4ca2ac4a	gi|636559633|ref|NR_115693.1|	89.391	443	45	1	1	443	442	882	3.59e-158	556	694434
fa3b28cc582ca1fd454561716fb22594	gi|2363086268|ref|NR_181386.1|	90.766	444	39	2	1	443	303	745	9.85e-169	592	2763655
fa3b28cc582ca1fd454561716fb22594	gi|2363086270|ref|NR_181387.1|	90.745	443	40	1	1	443	302	743	3.54e-168	590	2763656
fa3b28cc582ca1fd454561716fb22594	gi|343200549|ref|NR_041236.1|	90.090	444	40	3	1	443	321	761	3.57e-163	573	1122184
fa3b28cc582ca1fd454561716fb22594	gi|2363086264|ref|NR_181384.1|	89.391	443	44	2	1	443	250	689	1.29e-157	555	2763660
fa3b28cc582ca1fd454561716fb22594	gi|631251702|ref|NR_112900.1|	89.189	444	46	2	1	443	341	783	4.65e-157	553	626937
fa3b28cc582ca1fd454561716fb22594	gi|636559633|ref|NR_115693.1|	89.189	444	44	3	1	443	442	882	1.67e-156	551	694434
fa3b28cc582ca1fd454561716fb22594	gi|636559632|ref|NR_115692.1|	89.189	444	44	3	1	443	442	882	1.67e-156	551	694434
fa3b28cc582ca1fd454561716fb22594	gi|636559631|ref|NR_115691.1|	89.189	444	44	3	1	443	436	876	1.67e-156	551	694434
fa3b28cc582ca1fd454561716fb22594	gi|636559630|ref|NR_115690.1|	89.189	444	44	3	1	443	448	888	1.67e-156	551	694434
fa3b28cc582ca1fd454561716fb22594	gi|343198739|ref|NR_043559.1|	89.189	444	44	3	1	443	447	887	1.67e-156	551	694434
fa97946f602283f4bfceac612cc15300	gi|219846107|ref|NR_025697.1|	84.979	466	67	3	1	465	328	791	1.41e-132	472	216931
fa97946f602283f4bfceac612cc15300	gi|2363087361|ref|NR_181937.1|	85.011	467	65	5	1	465	291	754	5.07e-132	470	2683717
fa97946f602283f4bfceac612cc15300	gi|1270532561|ref|NR_146814.2|	84.797	467	66	4	1	465	350	813	2.36e-130	464	1514105
fa97946f602283f4bfceac612cc15300	gi|1150406785|ref|NR_146039.1|	84.797	467	66	4	1	465	266	729	2.36e-130	464	1514105
fa97946f602283f4bfceac612cc15300	gi|672238927|ref|NR_125516.1|	84.335	466	70	3	1	465	316	779	5.10e-127	453	362837
fa97946f602283f4bfceac612cc15300	gi|659364806|ref|NR_121738.1|	84.335	466	70	3	1	465	325	788	5.10e-127	453	1276257
fa97946f602283f4bfceac612cc15300	gi|659364563|ref|NR_121702.1|	84.368	467	68	5	1	465	325	788	5.10e-127	453	1276221
fa97946f602283f4bfceac612cc15300	gi|559795164|ref|NR_104751.1|	84.301	465	72	1	1	465	320	783	5.10e-127	453	2142
fa97946f602283f4bfceac612cc15300	gi|343198555|ref|NR_042854.1|	84.301	465	72	1	1	465	312	775	5.10e-127	453	81459
fa97946f602283f4bfceac612cc15300	gi|219846120|ref|NR_025710.1|	84.335	466	70	3	1	465	328	791	5.10e-127	453	216944
b66a4ef3efe59ac114adb16f7320dda5	gi|2136551617|ref|NR_173621.1|	93.665	442	25	1	1	439	354	795	0.0	658	2818044
b66a4ef3efe59ac114adb16f7320dda5	gi|1116030279|ref|NR_144737.1|	93.439	442	26	1	1	439	347	788	0.0	652	1776384
b66a4ef3efe59ac114adb16f7320dda5	gi|1116030291|ref|NR_144749.1|	92.971	441	29	2	1	439	347	787	0.0	641	1852367
b66a4ef3efe59ac114adb16f7320dda5	gi|1491520133|ref|NR_159296.1|	92.986	442	28	1	1	439	335	776	0.0	641	433296
b66a4ef3efe59ac114adb16f7320dda5	gi|265678606|ref|NR_028911.1|	92.308	442	31	1	1	439	335	776	9.62e-179	625	109327
b66a4ef3efe59ac114adb16f7320dda5	gi|2363085330|ref|NR_180913.1|	92.081	442	32	1	1	439	327	768	4.47e-177	619	2697030
b66a4ef3efe59ac114adb16f7320dda5	gi|2463901899|ref|NR_184630.1|	92.063	441	33	1	1	439	343	783	4.47e-177	619	2839743
b66a4ef3efe59ac114adb16f7320dda5	gi|1116030282|ref|NR_144740.1|	91.610	441	33	4	1	439	321	759	3.48e-173	606	1776391
b66a4ef3efe59ac114adb16f7320dda5	gi|1024974767|ref|NR_136796.1|	91.629	442	31	6	1	439	324	762	3.48e-173	606	1482736
b66a4ef3efe59ac114adb16f7320dda5	gi|2363082665|ref|NR_179580.1|	91.383	441	36	2	1	439	327	767	4.51e-172	603	1917867
9cbe29227bc069406c9568100b5c6f44	gi|2836274932|ref|NR_197695.1|	99.355	465	3	0	1	465	344	808	0.0	843	3053355
9cbe29227bc069406c9568100b5c6f44	gi|343198520|ref|NR_042776.1|	99.355	465	3	0	1	465	345	809	0.0	843	1304
9cbe29227bc069406c9568100b5c6f44	gi|343198522|ref|NR_042778.1|	99.140	465	4	0	1	465	345	809	0.0	837	1308
9cbe29227bc069406c9568100b5c6f44	gi|343198521|ref|NR_042777.1|	99.140	465	3	1	1	465	345	808	0.0	835	889206
9cbe29227bc069406c9568100b5c6f44	gi|645322192|ref|NR_118998.1|	98.710	465	6	0	1	465	340	804	0.0	826	1308
9cbe29227bc069406c9568100b5c6f44	gi|566084933|ref|NR_108477.1|	97.849	465	10	0	1	465	251	715	0.0	804	701526
9cbe29227bc069406c9568100b5c6f44	gi|645322122|ref|NR_118942.1|	97.210	466	11	2	1	465	243	707	0.0	804	889206
9cbe29227bc069406c9568100b5c6f44	gi|2363087357|ref|NR_181935.1|	97.419	465	12	0	1	465	355	819	0.0	793	2781599
9cbe29227bc069406c9568100b5c6f44	gi|2363086454|ref|NR_181481.1|	97.419	465	12	0	1	465	348	812	0.0	793	2781599
9cbe29227bc069406c9568100b5c6f44	gi|2363081939|ref|NR_179215.1|	97.419	465	12	0	1	465	336	800	0.0	793	1501662
c29662dd9f83952478c834c756771c12	gi|219857539|ref|NR_025127.1|	95.701	442	19	0	1	442	345	786	0.0	712	140626
c29662dd9f83952478c834c756771c12	gi|2363085153|ref|NR_180825.1|	95.023	442	21	1	1	442	347	787	0.0	693	2605790
c29662dd9f83952478c834c756771c12	gi|2363082059|ref|NR_179276.1|	95.045	444	16	4	1	442	334	773	0.0	693	2316025
c29662dd9f83952478c834c756771c12	gi|2363085149|ref|NR_180823.1|	94.796	442	21	1	1	442	357	796	0.0	688	2606634
c29662dd9f83952478c834c756771c12	gi|2363085103|ref|NR_180800.1|	94.796	442	21	1	1	442	347	786	0.0	688	2652274
c29662dd9f83952478c834c756771c12	gi|1116030273|ref|NR_144731.1|	94.796	442	21	1	1	442	347	786	0.0	688	1720294
c29662dd9f83952478c834c756771c12	gi|602270486|ref|NR_036869.2|	94.808	443	19	3	1	442	342	781	0.0	688	84037
c29662dd9f83952478c834c756771c12	gi|631253128|ref|NR_114326.1|	94.796	442	21	1	1	442	334	773	0.0	688	1150298
c29662dd9f83952478c834c756771c12	gi|645321373|ref|NR_118354.1|	94.808	443	19	3	1	442	342	781	0.0	688	84037
c29662dd9f83952478c834c756771c12	gi|2363086284|ref|NR_181394.1|	94.796	442	21	1	1	442	306	745	0.0	688	2763668
757bc5b7c094befd37fea48d2c44520e	gi|636559243|ref|NR_115300.1|	99.565	460	2	0	1	460	314	773	0.0	839	679935
757bc5b7c094befd37fea48d2c44520e	gi|631251952|ref|NR_113150.1|	99.348	460	3	0	1	460	334	793	0.0	833	214856
757bc5b7c094befd37fea48d2c44520e	gi|507148137|ref|NR_102944.1|	99.130	460	4	0	1	460	334	793	0.0	828	214856
757bc5b7c094befd37fea48d2c44520e	gi|343198609|ref|NR_043064.1|	99.130	460	4	0	1	460	314	773	0.0	828	214856
757bc5b7c094befd37fea48d2c44520e	gi|631251955|ref|NR_113153.1|	97.826	460	10	0	1	460	334	793	0.0	795	328814
757bc5b7c094befd37fea48d2c44520e	gi|343202834|ref|NR_043319.1|	97.609	460	11	0	1	460	323	782	0.0	791	717959
757bc5b7c094befd37fea48d2c44520e	gi|507148054|ref|NR_102861.1|	97.609	460	11	0	1	460	334	793	0.0	789	717959
757bc5b7c094befd37fea48d2c44520e	gi|631251953|ref|NR_113151.1|	96.957	460	14	0	1	460	338	797	0.0	773	328813
757bc5b7c094befd37fea48d2c44520e	gi|343202833|ref|NR_043318.1|	96.957	460	14	0	1	460	324	783	0.0	773	328813
757bc5b7c094befd37fea48d2c44520e	gi|672239000|ref|NR_125589.1|	96.739	460	15	0	1	460	269	728	0.0	767	1033731
5a7e2205cac9307d031503245bd6c9af	gi|2260349424|ref|NR_176506.1|	99.569	464	2	0	1	464	315	778	0.0	846	1982626
5a7e2205cac9307d031503245bd6c9af	gi|2260349423|ref|NR_176505.1|	98.491	464	7	0	1	464	314	777	0.0	819	1982628
5a7e2205cac9307d031503245bd6c9af	gi|631253195|ref|NR_114393.1|	93.103	464	32	0	1	464	326	789	0.0	680	29348
5a7e2205cac9307d031503245bd6c9af	gi|228720470|ref|NR_027592.1|	92.888	464	33	0	1	464	316	779	0.0	675	29348
5a7e2205cac9307d031503245bd6c9af	gi|645322231|ref|NR_119030.1|	92.688	465	32	2	1	464	324	787	0.0	669	428126
5a7e2205cac9307d031503245bd6c9af	gi|645322566|ref|NR_119286.1|	92.688	465	32	2	1	464	313	776	0.0	669	69824
5a7e2205cac9307d031503245bd6c9af	gi|1109168034|ref|NR_144615.1|	92.308	468	28	7	1	464	316	779	0.0	658	1796628
5a7e2205cac9307d031503245bd6c9af	gi|343203026|ref|NR_043550.1|	92.026	464	37	0	1	464	327	790	0.0	652	341225
5a7e2205cac9307d031503245bd6c9af	gi|631252045|ref|NR_113243.1|	91.828	465	36	2	1	464	328	791	0.0	647	1547
5a7e2205cac9307d031503245bd6c9af	gi|2363083393|ref|NR_179945.1|	91.631	466	35	3	1	464	280	743	0.0	641	2899121
1f2902cf6de53d05d58e0e5024b90d98	gi|219857122|ref|NR_024750.1|	98.639	441	5	1	1	440	300	740	0.0	782	116085
1f2902cf6de53d05d58e0e5024b90d98	gi|2363080283|ref|NR_178367.1|	95.227	440	21	0	1	440	328	767	0.0	697	673271
1f2902cf6de53d05d58e0e5024b90d98	gi|219878251|ref|NR_025390.1|	94.773	440	23	0	1	440	330	769	0.0	686	115544
1f2902cf6de53d05d58e0e5024b90d98	gi|1040567056|ref|NR_137405.1|	94.545	440	24	0	1	440	307	746	0.0	680	1619234
1f2902cf6de53d05d58e0e5024b90d98	gi|1109168027|ref|NR_144612.1|	94.318	440	25	0	1	440	350	789	0.0	675	1796636
1f2902cf6de53d05d58e0e5024b90d98	gi|3248465643|ref|NR_201655.1|	94.118	442	22	4	1	440	313	752	0.0	669	3380807
1f2902cf6de53d05d58e0e5024b90d98	gi|3030611230|ref|NR_199906.1|	94.091	440	26	0	1	440	354	793	0.0	669	3123317
1f2902cf6de53d05d58e0e5024b90d98	gi|3030611314|ref|NR_199990.1|	94.091	440	26	0	1	440	350	789	0.0	669	3123317
1f2902cf6de53d05d58e0e5024b90d98	gi|2136551567|ref|NR_173570.1|	94.118	442	22	4	1	440	330	769	0.0	669	1912090
1f2902cf6de53d05d58e0e5024b90d98	gi|1384992332|ref|NR_156081.1|	94.091	440	26	0	1	440	336	775	0.0	669	1469948
91bb566ccfdc37fd3cbe9281b3cf5578	gi|444304091|ref|NR_074515.1|	98.058	309	4	2	133	440	502	809	4.65e-152	536	435590
91bb566ccfdc37fd3cbe9281b3cf5578	gi|631251748|ref|NR_112946.1|	98.058	309	4	2	133	440	491	798	4.65e-152	536	821
91bb566ccfdc37fd3cbe9281b3cf5578	gi|631250946|ref|NR_112143.1|	98.675	302	4	0	139	440	465	766	4.65e-152	536	821
91bb566ccfdc37fd3cbe9281b3cf5578	gi|343200664|ref|NR_041351.1|	97.735	309	5	2	133	440	493	800	2.16e-150	531	357276
91bb566ccfdc37fd3cbe9281b3cf5578	gi|631251873|ref|NR_113071.1|	94.175	309	16	2	133	440	493	800	4.78e-132	470	1236498
91bb566ccfdc37fd3cbe9281b3cf5578	gi|631251471|ref|NR_112668.1|	94.175	309	16	2	133	440	482	789	4.78e-132	470	732242
91bb566ccfdc37fd3cbe9281b3cf5578	gi|2363085522|ref|NR_181010.1|	85.683	461	44	12	1	440	297	756	6.18e-131	466	2786956
91bb566ccfdc37fd3cbe9281b3cf5578	gi|631251997|ref|NR_113195.1|	93.851	309	17	2	133	440	490	797	2.22e-130	464	1236515
91bb566ccfdc37fd3cbe9281b3cf5578	gi|631251740|ref|NR_112938.1|	93.851	309	17	2	133	440	478	785	2.22e-130	464	204516
91bb566ccfdc37fd3cbe9281b3cf5578	gi|343198509|ref|NR_042745.1|	93.851	309	17	2	133	440	490	797	2.22e-130	464	204516
9025571fe5c628c3d6a96c8e8a787397	gi|265679047|ref|NR_029355.1|	93.905	443	23	4	1	442	332	771	0.0	665	84026
9025571fe5c628c3d6a96c8e8a787397	gi|2363082601|ref|NR_179547.1|	93.679	443	24	4	1	442	347	786	0.0	660	1870991
9025571fe5c628c3d6a96c8e8a787397	gi|228717037|ref|NR_027558.1|	92.986	442	28	2	1	442	292	730	0.0	641	169435
9025571fe5c628c3d6a96c8e8a787397	gi|343205927|ref|NR_044425.1|	92.099	443	31	4	1	442	346	785	1.25e-177	621	474960
9025571fe5c628c3d6a96c8e8a787397	gi|2363082625|ref|NR_179559.1|	91.910	445	29	7	1	442	333	773	5.83e-176	616	1871018
9025571fe5c628c3d6a96c8e8a787397	gi|2363082340|ref|NR_179417.1|	91.874	443	31	4	1	442	345	783	2.10e-175	614	1673720
9025571fe5c628c3d6a96c8e8a787397	gi|2363082755|ref|NR_179626.1|	91.855	442	33	3	1	442	351	789	2.10e-175	614	1987501
9025571fe5c628c3d6a96c8e8a787397	gi|2363086272|ref|NR_181388.1|	91.648	443	33	3	1	442	388	827	2.71e-174	610	2763658
9025571fe5c628c3d6a96c8e8a787397	gi|2363082711|ref|NR_179603.1|	91.685	445	28	7	1	442	317	755	9.75e-174	608	1944642
9025571fe5c628c3d6a96c8e8a787397	gi|2363082585|ref|NR_179539.1|	91.629	442	34	3	1	442	351	789	9.75e-174	608	1852384
4c6f90ff501aadaac8fd731f53b52c3d	gi|219846510|ref|NR_026102.1|	88.688	442	49	1	1	441	313	754	1.29e-152	538	588581
4c6f90ff501aadaac8fd731f53b52c3d	gi|2363084629|ref|NR_180563.1|	88.462	442	50	1	1	441	291	732	6.02e-151	532	2488810
4c6f90ff501aadaac8fd731f53b52c3d	gi|672238876|ref|NR_125464.1|	88.462	442	50	1	1	441	325	766	6.02e-151	532	1297424
4c6f90ff501aadaac8fd731f53b52c3d	gi|785794309|ref|NG_041947.1|	88.262	443	50	2	1	441	469	911	7.79e-150	529	394503
4c6f90ff501aadaac8fd731f53b52c3d	gi|785497611|ref|NR_102768.2|	88.262	443	50	2	1	441	330	772	7.79e-150	529	1521
4c6f90ff501aadaac8fd731f53b52c3d	gi|343200810|ref|NR_041497.1|	88.036	443	51	2	1	441	293	735	3.63e-148	523	396504
4c6f90ff501aadaac8fd731f53b52c3d	gi|645319803|ref|NR_117165.1|	88.009	442	52	1	1	441	476	917	1.30e-147	521	48256
4c6f90ff501aadaac8fd731f53b52c3d	gi|645319802|ref|NR_117164.1|	88.009	442	52	1	1	441	476	917	1.30e-147	521	48256
4c6f90ff501aadaac8fd731f53b52c3d	gi|645319800|ref|NR_117163.1|	88.009	442	52	1	1	441	445	886	1.30e-147	521	48256
4c6f90ff501aadaac8fd731f53b52c3d	gi|645319799|ref|NR_117162.1|	88.009	442	52	1	1	441	472	913	1.30e-147	521	48256
b3b4c053ad1701c9b05557c5dd083fc7	gi|2136551692|ref|NR_173697.1|	90.090	444	40	4	1	442	349	790	3.56e-163	573	2108523
b3b4c053ad1701c9b05557c5dd083fc7	gi|1109168025|ref|NR_144611.1|	89.888	445	40	5	1	442	282	724	1.66e-161	568	1417852
b3b4c053ad1701c9b05557c5dd083fc7	gi|2363082358|ref|NR_179426.1|	89.663	445	41	5	1	442	349	791	7.70e-160	562	1702285
b3b4c053ad1701c9b05557c5dd083fc7	gi|2363082342|ref|NR_179418.1|	89.391	443	46	1	1	442	348	790	3.58e-158	556	1673721
b3b4c053ad1701c9b05557c5dd083fc7	gi|2363082352|ref|NR_179423.1|	89.438	445	42	5	1	442	349	791	3.58e-158	556	1689270
b3b4c053ad1701c9b05557c5dd083fc7	gi|2363082168|ref|NR_179330.1|	89.165	443	46	2	1	442	327	768	1.67e-156	551	2714355
b3b4c053ad1701c9b05557c5dd083fc7	gi|645321636|ref|NR_118554.1|	88.989	445	44	5	1	442	329	771	7.76e-155	545	1297617
b3b4c053ad1701c9b05557c5dd083fc7	gi|3030611324|ref|NR_200000.1|	88.789	446	43	6	1	442	301	743	3.61e-153	540	3342383
b3b4c053ad1701c9b05557c5dd083fc7	gi|219846080|ref|NR_025670.1|	88.764	445	45	5	1	442	329	771	3.61e-153	540	411467
b3b4c053ad1701c9b05557c5dd083fc7	gi|3248465658|ref|NR_201672.1|	88.591	447	42	9	1	442	296	738	1.68e-151	534	3381350
101fbdbb693b2ad36b90c89199746bbf	gi|2363086262|ref|NR_181383.1|	92.360	445	29	5	1	441	307	750	7.47e-180	628	2763654
101fbdbb693b2ad36b90c89199746bbf	gi|636559633|ref|NR_115693.1|	90.271	442	41	2	1	441	442	882	2.74e-164	577	694434
101fbdbb693b2ad36b90c89199746bbf	gi|636559632|ref|NR_115692.1|	90.271	442	41	2	1	441	442	882	2.74e-164	577	694434
101fbdbb693b2ad36b90c89199746bbf	gi|636559631|ref|NR_115691.1|	90.271	442	41	2	1	441	436	876	2.74e-164	577	694434
101fbdbb693b2ad36b90c89199746bbf	gi|636559630|ref|NR_115690.1|	90.271	442	41	2	1	441	448	888	2.74e-164	577	694434
101fbdbb693b2ad36b90c89199746bbf	gi|343198739|ref|NR_043559.1|	90.271	442	41	2	1	441	447	887	2.74e-164	577	694434
101fbdbb693b2ad36b90c89199746bbf	gi|343200549|ref|NR_041236.1|	90.249	441	43	0	1	441	321	761	2.74e-164	577	1122184
101fbdbb693b2ad36b90c89199746bbf	gi|2363086270|ref|NR_181387.1|	90.068	443	41	3	1	441	302	743	1.28e-162	571	2763656
101fbdbb693b2ad36b90c89199746bbf	gi|636559283|ref|NR_115340.1|	89.910	446	37	8	1	441	336	778	1.65e-161	568	319644
101fbdbb693b2ad36b90c89199746bbf	gi|2363084629|ref|NR_180563.1|	89.888	445	38	7	1	441	291	732	5.94e-161	566	2488810
5e12c48936abff9f40e83c5595763b42	gi|2363082779|ref|NR_179638.1|	99.091	440	4	0	1	440	348	787	0.0	791	2040291
5e12c48936abff9f40e83c5595763b42	gi|545589044|ref|NR_044645.2|	98.182	440	8	0	1	440	355	794	0.0	776	39486
5e12c48936abff9f40e83c5595763b42	gi|1397641798|ref|NR_156907.1|	96.364	440	16	0	1	440	348	787	0.0	725	1912855
5e12c48936abff9f40e83c5595763b42	gi|1109168038|ref|NR_144617.1|	96.364	440	16	0	1	440	340	779	0.0	725	1796634
5e12c48936abff9f40e83c5595763b42	gi|2363086021|ref|NR_181263.1|	95.909	440	18	0	1	440	334	773	0.0	713	2726362
5e12c48936abff9f40e83c5595763b42	gi|343203027|ref|NR_043551.1|	95.682	440	19	0	1	440	349	788	0.0	708	341220
5e12c48936abff9f40e83c5595763b42	gi|3248465643|ref|NR_201655.1|	95.465	441	18	2	1	440	313	752	0.0	702	3380807
5e12c48936abff9f40e83c5595763b42	gi|2136551567|ref|NR_173570.1|	95.465	441	18	2	1	440	330	769	0.0	702	1912090
5e12c48936abff9f40e83c5595763b42	gi|2363082765|ref|NR_179631.1|	95.475	442	16	4	1	440	348	787	0.0	702	2014528
5e12c48936abff9f40e83c5595763b42	gi|631253194|ref|NR_114392.1|	95.465	441	18	2	1	440	350	789	0.0	702	1544
a60d043eb8fae5b8629a359f07684329	gi|2363086270|ref|NR_181387.1|	95.260	443	20	1	1	443	302	743	0.0	701	2763656
a60d043eb8fae5b8629a359f07684329	gi|2363086268|ref|NR_181386.1|	94.357	443	25	0	1	443	303	745	0.0	680	2763655
a60d043eb8fae5b8629a359f07684329	gi|2363086262|ref|NR_181383.1|	92.152	446	30	5	1	443	307	750	9.71e-179	625	2763654
a60d043eb8fae5b8629a359f07684329	gi|1116030284|ref|NR_144742.1|	91.422	443	38	0	1	443	352	794	9.78e-174	608	1805714
a60d043eb8fae5b8629a359f07684329	gi|631251702|ref|NR_112900.1|	91.422	443	38	0	1	443	341	783	9.78e-174	608	626937
a60d043eb8fae5b8629a359f07684329	gi|2363081417|ref|NR_178955.1|	90.745	443	41	0	1	443	288	730	9.85e-169	592	1851429
a60d043eb8fae5b8629a359f07684329	gi|1116030285|ref|NR_144743.1|	90.766	444	39	2	1	443	352	794	9.85e-169	592	1816678
a60d043eb8fae5b8629a359f07684329	gi|2363082320|ref|NR_179407.1|	90.337	445	36	6	1	443	331	770	2.76e-164	577	1622073
a60d043eb8fae5b8629a359f07684329	gi|943392597|ref|NR_117133.2|	90.157	447	33	10	1	443	330	769	1.28e-162	571	1543
a60d043eb8fae5b8629a359f07684329	gi|943392596|ref|NR_117132.2|	89.955	448	33	11	1	443	330	770	1.66e-161	568	1543
6959cd1009ca56b84beaea083ac2d24c	gi|343198636|ref|NR_043142.1|	99.097	443	4	0	1	443	323	765	0.0	797	292800
6959cd1009ca56b84beaea083ac2d24c	gi|265679048|ref|NR_029356.1|	99.097	443	4	0	1	443	336	778	0.0	797	292800
6959cd1009ca56b84beaea083ac2d24c	gi|2363084741|ref|NR_180619.1|	97.291	443	12	0	1	443	347	789	0.0	752	2779352
6959cd1009ca56b84beaea083ac2d24c	gi|219846080|ref|NR_025670.1|	95.937	443	18	0	1	443	329	771	0.0	719	411467
6959cd1009ca56b84beaea083ac2d24c	gi|2136551692|ref|NR_173697.1|	95.937	443	17	1	1	443	349	790	0.0	717	2108523
6959cd1009ca56b84beaea083ac2d24c	gi|1193829127|ref|NR_147370.1|	95.711	443	19	0	1	443	349	791	0.0	713	1870988
6959cd1009ca56b84beaea083ac2d24c	gi|2363082326|ref|NR_179410.1|	95.711	443	19	0	1	443	349	791	0.0	713	1650661
6959cd1009ca56b84beaea083ac2d24c	gi|3030611323|ref|NR_199999.1|	95.485	443	20	0	1	443	301	743	0.0	708	3133422
6959cd1009ca56b84beaea083ac2d24c	gi|2363082358|ref|NR_179426.1|	95.485	443	20	0	1	443	349	791	0.0	708	1702285
6959cd1009ca56b84beaea083ac2d24c	gi|2363082342|ref|NR_179418.1|	95.034	443	22	0	1	443	348	790	0.0	697	1673721
86deb8c1c463f096a24507ddaaf1b345	gi|2621112341|ref|NR_189245.1|	94.344	442	23	1	1	440	363	804	0.0	676	3046383
86deb8c1c463f096a24507ddaaf1b345	gi|2621112340|ref|NR_189244.1|	94.118	442	24	1	1	440	363	804	0.0	671	3046382
86deb8c1c463f096a24507ddaaf1b345	gi|2363086260|ref|NR_181382.1|	85.618	445	54	10	1	440	322	761	1.03e-128	459	2763662
86deb8c1c463f096a24507ddaaf1b345	gi|2621112345|ref|NR_189249.1|	85.586	444	56	8	1	440	344	783	1.03e-128	459	2966552
86deb8c1c463f096a24507ddaaf1b345	gi|2621112296|ref|NR_189199.1|	84.910	444	62	4	1	440	342	784	2.90e-124	444	2086585
86deb8c1c463f096a24507ddaaf1b345	gi|1116030281|ref|NR_144739.1|	84.615	442	64	4	1	440	333	772	4.85e-122	436	1776385
86deb8c1c463f096a24507ddaaf1b345	gi|566085134|ref|NR_108870.1|	84.650	443	63	4	1	440	328	768	4.85e-122	436	1096341
86deb8c1c463f096a24507ddaaf1b345	gi|1033657126|ref|NR_137216.1|	84.389	442	64	4	1	440	304	742	8.11e-120	429	1548890
86deb8c1c463f096a24507ddaaf1b345	gi|636559283|ref|NR_115340.1|	84.305	446	61	8	1	440	336	778	2.92e-119	427	319644
86deb8c1c463f096a24507ddaaf1b345	gi|219846556|ref|NR_026148.1|	84.163	442	66	4	1	440	296	735	1.05e-118	425	36844
98c16c24f67f62d3d9b8556547560aab	gi|645321072|ref|NR_118128.1|	99.545	440	2	0	1	440	174	613	0.0	802	1531
98c16c24f67f62d3d9b8556547560aab	gi|631252212|ref|NR_113410.1|	99.545	440	2	0	1	440	257	696	0.0	802	208479
98c16c24f67f62d3d9b8556547560aab	gi|219878428|ref|NR_025567.1|	99.545	440	2	0	1	440	348	787	0.0	802	208479
98c16c24f67f62d3d9b8556547560aab	gi|2363082583|ref|NR_179538.1|	99.318	440	3	0	1	440	346	785	0.0	797	1852382
98c16c24f67f62d3d9b8556547560aab	gi|545589118|ref|NR_044715.2|	99.091	440	4	0	1	440	355	794	0.0	793	1531
98c16c24f67f62d3d9b8556547560aab	gi|343198784|ref|NR_043681.1|	99.091	440	4	0	1	440	313	752	0.0	791	358743
98c16c24f67f62d3d9b8556547560aab	gi|343201474|ref|NR_042200.1|	97.273	440	12	0	1	440	318	757	0.0	747	333367
98c16c24f67f62d3d9b8556547560aab	gi|343205837|ref|NR_044289.1|	97.045	440	13	0	1	440	328	767	0.0	741	460384
98c16c24f67f62d3d9b8556547560aab	gi|1193829153|ref|NR_147396.1|	96.818	440	14	0	1	440	328	767	0.0	736	1917870
98c16c24f67f62d3d9b8556547560aab	gi|2363085097|ref|NR_180797.1|	96.818	440	14	0	1	440	346	785	0.0	736	2605778
bfe30e561d9c421a3796fef9f661bd37	gi|2363086268|ref|NR_181386.1|	93.018	444	28	3	1	442	303	745	0.0	645	2763655
bfe30e561d9c421a3796fef9f661bd37	gi|2363086262|ref|NR_181383.1|	91.892	444	34	2	1	442	307	750	4.51e-177	619	2763654
bfe30e561d9c421a3796fef9f661bd37	gi|2363086270|ref|NR_181387.1|	91.629	442	37	0	1	442	302	743	7.54e-175	612	2763656
bfe30e561d9c421a3796fef9f661bd37	gi|2363082320|ref|NR_179407.1|	90.498	442	40	2	1	442	331	770	5.91e-166	582	1622073
bfe30e561d9c421a3796fef9f661bd37	gi|1116030284|ref|NR_144742.1|	90.293	443	42	1	1	442	352	794	7.65e-165	579	1805714
bfe30e561d9c421a3796fef9f661bd37	gi|631251702|ref|NR_112900.1|	90.315	444	40	3	1	442	341	783	7.65e-165	579	626937
bfe30e561d9c421a3796fef9f661bd37	gi|943392597|ref|NR_117133.2|	89.865	444	39	6	1	442	330	769	5.95e-161	566	1543
bfe30e561d9c421a3796fef9f661bd37	gi|2363081417|ref|NR_178955.1|	89.663	445	41	4	1	442	288	730	7.70e-160	562	1851429
bfe30e561d9c421a3796fef9f661bd37	gi|943392600|ref|NR_117136.2|	89.640	444	40	6	1	442	330	769	2.77e-159	560	1543
bfe30e561d9c421a3796fef9f661bd37	gi|943392599|ref|NR_117135.2|	89.640	444	40	6	1	442	330	769	2.77e-159	560	1543
ebd7d28e4ee3bc31e5f90ccb4a69704a	gi|2363083800|ref|NR_180148.1|	99.549	443	2	0	1	443	349	791	0.0	808	2211183
ebd7d28e4ee3bc31e5f90ccb4a69704a	gi|2363082352|ref|NR_179423.1|	95.034	443	22	0	1	443	349	791	0.0	697	1689270
ebd7d28e4ee3bc31e5f90ccb4a69704a	gi|2363082358|ref|NR_179426.1|	93.905	443	27	0	1	443	349	791	0.0	669	1702285
ebd7d28e4ee3bc31e5f90ccb4a69704a	gi|1109168025|ref|NR_144611.1|	93.905	443	27	0	1	443	282	724	0.0	669	1417852
ebd7d28e4ee3bc31e5f90ccb4a69704a	gi|2363084741|ref|NR_180619.1|	93.679	443	28	0	1	443	347	789	0.0	664	2779352
ebd7d28e4ee3bc31e5f90ccb4a69704a	gi|645321636|ref|NR_118554.1|	93.679	443	28	0	1	443	329	771	0.0	664	1297617
ebd7d28e4ee3bc31e5f90ccb4a69704a	gi|2136551692|ref|NR_173697.1|	93.679	443	27	1	1	443	349	790	0.0	662	2108523
ebd7d28e4ee3bc31e5f90ccb4a69704a	gi|219846080|ref|NR_025670.1|	93.454	443	29	0	1	443	329	771	0.0	658	411467
ebd7d28e4ee3bc31e5f90ccb4a69704a	gi|219846612|ref|NR_026204.1|	93.034	445	27	4	1	443	328	770	0.0	649	47246
ebd7d28e4ee3bc31e5f90ccb4a69704a	gi|3030611324|ref|NR_200000.1|	93.002	443	31	0	1	443	301	743	0.0	647	3342383
f46517e181b9bb74ea4bfc5d9ed9eee0	gi|2363086270|ref|NR_181387.1|	99.095	442	4	0	1	442	302	743	0.0	795	2763656
f46517e181b9bb74ea4bfc5d9ed9eee0	gi|2363086268|ref|NR_181386.1|	93.228	443	29	1	1	442	303	745	0.0	651	2763655
f46517e181b9bb74ea4bfc5d9ed9eee0	gi|1116030284|ref|NR_144742.1|	93.002	443	30	1	1	442	352	794	0.0	645	1805714
f46517e181b9bb74ea4bfc5d9ed9eee0	gi|631251702|ref|NR_112900.1|	93.002	443	30	1	1	442	341	783	0.0	645	626937
f46517e181b9bb74ea4bfc5d9ed9eee0	gi|2363081417|ref|NR_178955.1|	92.325	443	33	1	1	442	288	730	7.49e-180	628	1851429
f46517e181b9bb74ea4bfc5d9ed9eee0	gi|1116030285|ref|NR_144743.1|	91.196	443	38	1	1	442	352	794	1.63e-171	601	1816678
f46517e181b9bb74ea4bfc5d9ed9eee0	gi|2363084132|ref|NR_180315.1|	90.745	443	40	1	1	442	323	765	3.53e-168	590	2496273
f46517e181b9bb74ea4bfc5d9ed9eee0	gi|636559212|ref|NR_115269.1|	90.745	443	40	1	1	442	332	774	3.53e-168	590	270498
f46517e181b9bb74ea4bfc5d9ed9eee0	gi|636559633|ref|NR_115693.1|	90.745	443	38	3	1	442	442	882	1.27e-167	588	694434
f46517e181b9bb74ea4bfc5d9ed9eee0	gi|636559632|ref|NR_115692.1|	90.745	443	38	3	1	442	442	882	1.27e-167	588	694434
df6cbfb69384fb7c6b9da73ad6252788	gi|228717635|ref|NR_027565.1|	99.320	441	3	0	1	441	316	756	0.0	798	172901
df6cbfb69384fb7c6b9da73ad6252788	gi|645321370|ref|NR_118352.1|	99.093	441	3	1	1	441	321	760	0.0	791	340101
df6cbfb69384fb7c6b9da73ad6252788	gi|2363085151|ref|NR_180824.1|	95.011	441	22	0	1	441	322	762	0.0	693	2606640
df6cbfb69384fb7c6b9da73ad6252788	gi|219846673|ref|NR_026265.1|	82.127	442	76	3	1	441	315	754	1.07e-103	375	53342
df6cbfb69384fb7c6b9da73ad6252788	gi|566085451|ref|NR_109502.1|	81.900	442	77	3	1	441	407	846	5.00e-102	370	1147123
df6cbfb69384fb7c6b9da73ad6252788	gi|2180566387|ref|NR_174250.1|	81.674	442	78	3	1	441	287	726	2.33e-100	364	2769420
df6cbfb69384fb7c6b9da73ad6252788	gi|961555039|ref|NR_134006.1|	81.674	442	78	3	1	441	292	731	2.33e-100	364	1335065
df6cbfb69384fb7c6b9da73ad6252788	gi|636559104|ref|NR_115161.1|	81.674	442	78	3	1	441	329	768	2.33e-100	364	219748
df6cbfb69384fb7c6b9da73ad6252788	gi|219846900|ref|NR_026492.1|	81.674	442	78	3	1	441	321	760	2.33e-100	364	1495
df6cbfb69384fb7c6b9da73ad6252788	gi|343205970|ref|NR_044489.1|	81.573	445	76	6	1	441	336	778	8.36e-100	363	857293
420b665f0470bd9af399a3094ea5d798	gi|2363086270|ref|NR_181387.1|	85.553	443	63	1	1	443	302	743	8.06e-130	462	2763656
420b665f0470bd9af399a3094ea5d798	gi|2363082930|ref|NR_179713.1|	85.360	444	63	2	1	443	319	761	1.04e-128	459	1945634
420b665f0470bd9af399a3094ea5d798	gi|2363084120|ref|NR_180309.1|	85.135	444	64	2	1	443	289	731	4.85e-127	453	2487273
420b665f0470bd9af399a3094ea5d798	gi|2363087009|ref|NR_181761.1|	85.135	444	63	3	1	443	269	710	1.74e-126	451	2841509
420b665f0470bd9af399a3094ea5d798	gi|343205971|ref|NR_044490.1|	84.944	445	64	3	1	443	348	791	2.26e-125	448	501571
420b665f0470bd9af399a3094ea5d798	gi|2363085925|ref|NR_181215.1|	84.876	443	64	2	1	443	331	770	2.92e-124	444	2738446
420b665f0470bd9af399a3094ea5d798	gi|636559283|ref|NR_115340.1|	84.922	451	52	15	1	443	336	778	1.05e-123	442	319644
420b665f0470bd9af399a3094ea5d798	gi|2363081778|ref|NR_179135.1|	84.650	443	66	2	1	443	330	770	3.77e-123	440	2025494
420b665f0470bd9af399a3094ea5d798	gi|2363087251|ref|NR_181881.1|	84.650	443	66	2	1	443	307	747	3.77e-123	440	2880702
420b665f0470bd9af399a3094ea5d798	gi|636559633|ref|NR_115693.1|	84.719	445	62	5	1	443	442	882	3.77e-123	440	694434
240d832d8a6a8ef2e09ea0462f727c0a	gi|2621112340|ref|NR_189244.1|	94.118	442	26	0	1	442	363	804	0.0	673	3046382
240d832d8a6a8ef2e09ea0462f727c0a	gi|2621112341|ref|NR_189245.1|	93.891	442	27	0	1	442	363	804	0.0	667	3046383
240d832d8a6a8ef2e09ea0462f727c0a	gi|636559633|ref|NR_115693.1|	88.117	446	44	8	1	442	442	882	1.31e-147	521	694434
240d832d8a6a8ef2e09ea0462f727c0a	gi|636559632|ref|NR_115692.1|	88.117	446	44	8	1	442	442	882	1.31e-147	521	694434
240d832d8a6a8ef2e09ea0462f727c0a	gi|636559631|ref|NR_115691.1|	88.117	446	44	8	1	442	436	876	1.31e-147	521	694434
240d832d8a6a8ef2e09ea0462f727c0a	gi|636559630|ref|NR_115690.1|	88.117	446	44	8	1	442	448	888	1.31e-147	521	694434
240d832d8a6a8ef2e09ea0462f727c0a	gi|343198739|ref|NR_043559.1|	88.117	446	44	8	1	442	447	887	1.31e-147	521	694434
240d832d8a6a8ef2e09ea0462f727c0a	gi|2363086262|ref|NR_181383.1|	87.277	448	47	10	1	442	307	750	4.73e-142	503	2763654
240d832d8a6a8ef2e09ea0462f727c0a	gi|636558822|ref|NR_114879.1|	87.162	444	51	6	1	442	329	768	6.12e-141	499	132925
240d832d8a6a8ef2e09ea0462f727c0a	gi|310975227|ref|NR_037091.1|	87.162	444	51	6	1	442	329	768	6.12e-141	499	132925
dc02592bf440048bb2cafaeb7ab0c7a9	gi|1277396189|ref|NR_151900.1|	99.318	440	3	0	1	440	351	790	0.0	797	1550024
dc02592bf440048bb2cafaeb7ab0c7a9	gi|2962412223|ref|NR_199417.1|	93.694	444	20	8	1	440	342	781	0.0	658	3136601
dc02592bf440048bb2cafaeb7ab0c7a9	gi|559795255|ref|NR_104846.1|	93.636	440	28	0	1	440	288	727	0.0	658	745368
dc02592bf440048bb2cafaeb7ab0c7a9	gi|1397641802|ref|NR_156911.1|	93.424	441	27	2	1	440	351	790	0.0	652	1650663
dc02592bf440048bb2cafaeb7ab0c7a9	gi|2363084747|ref|NR_180622.1|	93.409	440	29	0	1	440	335	774	0.0	652	2779354
dc02592bf440048bb2cafaeb7ab0c7a9	gi|265678692|ref|NR_028997.1|	93.197	441	29	1	1	440	303	743	0.0	647	214851
dc02592bf440048bb2cafaeb7ab0c7a9	gi|2363080123|ref|NR_178280.1|	92.273	440	34	0	1	440	331	770	9.64e-179	625	411483
dc02592bf440048bb2cafaeb7ab0c7a9	gi|3030611269|ref|NR_199945.1|	92.045	440	35	0	1	440	335	774	4.48e-177	619	3435293
dc02592bf440048bb2cafaeb7ab0c7a9	gi|265678656|ref|NR_028961.1|	92.045	440	35	0	1	440	327	766	4.48e-177	619	853
dc02592bf440048bb2cafaeb7ab0c7a9	gi|2363081449|ref|NR_178971.1|	92.045	440	34	1	1	440	285	723	1.61e-176	617	1851427
41b64ad300eca09048c0cdc70d1aa879	gi|2363082170|ref|NR_179331.1|	99.097	443	3	1	1	442	328	770	0.0	795	2714358
41b64ad300eca09048c0cdc70d1aa879	gi|2260349448|ref|NR_176530.1|	95.023	442	22	0	1	442	358	799	0.0	695	2093857
41b64ad300eca09048c0cdc70d1aa879	gi|2363082559|ref|NR_179526.1|	95.023	442	22	0	1	442	349	790	0.0	695	1841866
41b64ad300eca09048c0cdc70d1aa879	gi|645321110|ref|NR_118156.1|	93.213	442	30	0	1	442	304	745	0.0	651	1007096
41b64ad300eca09048c0cdc70d1aa879	gi|2363087001|ref|NR_181757.1|	93.018	444	27	4	1	442	289	730	0.0	645	2841504
41b64ad300eca09048c0cdc70d1aa879	gi|2363082569|ref|NR_179531.1|	92.986	442	31	0	1	442	347	788	0.0	645	1852369
41b64ad300eca09048c0cdc70d1aa879	gi|2363082168|ref|NR_179330.1|	92.986	442	31	0	1	442	327	768	0.0	645	2714355
41b64ad300eca09048c0cdc70d1aa879	gi|2962412234|ref|NR_199428.1|	92.986	442	31	0	1	442	352	793	0.0	645	3073143
41b64ad300eca09048c0cdc70d1aa879	gi|2363082165|ref|NR_179329.1|	92.760	442	32	0	1	442	327	768	0.0	640	2714353
41b64ad300eca09048c0cdc70d1aa879	gi|1269801610|ref|NR_074793.2|	92.308	442	34	0	1	442	355	796	7.49e-180	628	351091
c994042e276e700a9db164e78ef0c882	gi|2363087413|ref|NR_181963.1|	90.652	460	39	2	1	458	129	586	1.03e-173	608	51515
c994042e276e700a9db164e78ef0c882	gi|219846447|ref|NR_026038.1|	88.841	466	52	0	1	466	331	796	3.76e-163	573	51616
c994042e276e700a9db164e78ef0c882	gi|659365205|ref|NR_121797.1|	87.983	466	56	0	1	466	468	933	1.76e-156	551	272564
c994042e276e700a9db164e78ef0c882	gi|219857537|ref|NR_025125.1|	87.768	466	57	0	1	466	327	792	8.20e-155	545	142877
c994042e276e700a9db164e78ef0c882	gi|1397641731|ref|NR_156840.1|	87.447	470	50	9	1	466	313	777	6.39e-151	532	1390249
c994042e276e700a9db164e78ef0c882	gi|444439678|ref|NR_074993.1|	87.393	468	54	4	1	466	354	818	6.39e-151	532	51197
c994042e276e700a9db164e78ef0c882	gi|2136551622|ref|NR_173626.1|	86.910	466	61	0	1	466	258	723	3.84e-148	523	2816476
c994042e276e700a9db164e78ef0c882	gi|1269785360|ref|NR_121722.2|	86.752	468	57	4	1	466	361	825	6.43e-146	516	871738
c994042e276e700a9db164e78ef0c882	gi|2836274991|ref|NR_197754.1|	86.567	469	57	6	1	466	409	874	8.32e-145	512	3131995
c994042e276e700a9db164e78ef0c882	gi|219846905|ref|NR_026497.1|	86.596	470	55	7	1	466	330	795	8.32e-145	512	83661
ad4bbf05064480ad74e2700010b698fd	gi|2363085169|ref|NR_180833.1|	92.793	444	26	6	1	442	337	776	0.0	638	2606635
ad4bbf05064480ad74e2700010b698fd	gi|559795307|ref|NR_104899.1|	91.910	445	28	8	1	442	328	767	5.83e-176	616	384636
ad4bbf05064480ad74e2700010b698fd	gi|310975204|ref|NR_037068.1|	91.461	445	30	8	1	442	341	780	1.26e-172	604	29375
ad4bbf05064480ad74e2700010b698fd	gi|3030611230|ref|NR_199906.1|	91.216	444	33	6	1	442	354	793	5.87e-171	599	3123317
ad4bbf05064480ad74e2700010b698fd	gi|3030611314|ref|NR_199990.1|	91.216	444	33	6	1	442	350	789	5.87e-171	599	3123317
ad4bbf05064480ad74e2700010b698fd	gi|2836274880|ref|NR_197643.1|	91.216	444	33	6	1	442	329	768	5.87e-171	599	2962432
ad4bbf05064480ad74e2700010b698fd	gi|2363082679|ref|NR_179587.1|	91.216	444	33	6	1	442	328	767	5.87e-171	599	1926283
ad4bbf05064480ad74e2700010b698fd	gi|1193829153|ref|NR_147396.1|	91.236	445	31	8	1	442	328	767	5.87e-171	599	1917870
ad4bbf05064480ad74e2700010b698fd	gi|1384992331|ref|NR_156080.1|	91.216	444	33	6	1	442	336	775	5.87e-171	599	1469948
ad4bbf05064480ad74e2700010b698fd	gi|1384992328|ref|NR_156077.1|	91.216	444	33	6	1	442	336	775	5.87e-171	599	1469948
