cbfe533909b1ef50a1333beaf936d605	gi|343200190|ref|NR_040877.1|	98.925	465	5	0	5	469	337	801	0.0	833	537011
cbfe533909b1ef50a1333beaf936d605	gi|631252213|ref|NR_113411.1|	98.925	465	5	0	5	469	337	801	0.0	832	537011
cbfe533909b1ef50a1333beaf936d605	gi|2363084409|ref|NR_180452.1|	98.065	465	9	0	5	469	317	781	0.0	809	2518605
cbfe533909b1ef50a1333beaf936d605	gi|631251907|ref|NR_113105.1|	94.206	466	25	2	5	469	325	789	0.0	710	470565
cbfe533909b1ef50a1333beaf936d605	gi|343199048|ref|NR_044407.1|	94.206	466	25	2	5	469	317	781	0.0	710	470565
cbfe533909b1ef50a1333beaf936d605	gi|2221405403|ref|NR_175509.1|	93.777	466	27	2	5	469	337	801	0.0	699	2608404
cbfe533909b1ef50a1333beaf936d605	gi|566085557|ref|NR_109628.1|	93.777	466	27	2	5	469	318	782	0.0	699	1177574
cbfe533909b1ef50a1333beaf936d605	gi|631253107|ref|NR_114305.1|	93.777	466	27	2	5	469	337	801	0.0	699	1236518
cbfe533909b1ef50a1333beaf936d605	gi|636560666|ref|NR_116726.1|	93.777	466	27	2	5	469	317	781	0.0	699	1236518
cbfe533909b1ef50a1333beaf936d605	gi|631251926|ref|NR_113124.1|	93.348	466	29	2	5	469	337	801	0.0	688	28137
594005b5412d8c7ab1604c47297be80d	gi|343200190|ref|NR_040877.1|	99.140	465	4	0	5	469	337	801	0.0	839	537011
594005b5412d8c7ab1604c47297be80d	gi|631252213|ref|NR_113411.1|	99.140	465	4	0	5	469	337	801	0.0	837	537011
594005b5412d8c7ab1604c47297be80d	gi|2363084409|ref|NR_180452.1|	98.280	465	8	0	5	469	317	781	0.0	815	2518605
594005b5412d8c7ab1604c47297be80d	gi|631251907|ref|NR_113105.1|	94.421	466	24	2	5	469	325	789	0.0	715	470565
594005b5412d8c7ab1604c47297be80d	gi|343199048|ref|NR_044407.1|	94.421	466	24	2	5	469	317	781	0.0	715	470565
594005b5412d8c7ab1604c47297be80d	gi|2221405403|ref|NR_175509.1|	93.991	466	26	2	5	469	337	801	0.0	704	2608404
594005b5412d8c7ab1604c47297be80d	gi|566085557|ref|NR_109628.1|	93.991	466	26	2	5	469	318	782	0.0	704	1177574
594005b5412d8c7ab1604c47297be80d	gi|631253107|ref|NR_114305.1|	93.991	466	26	2	5	469	337	801	0.0	704	1236518
594005b5412d8c7ab1604c47297be80d	gi|636560666|ref|NR_116726.1|	93.991	466	26	2	5	469	317	781	0.0	704	1236518
594005b5412d8c7ab1604c47297be80d	gi|631251926|ref|NR_113124.1|	93.562	466	28	2	5	469	337	801	0.0	693	28137
dc6e725197b1c7d88723d8cbfebc98ba	gi|343200190|ref|NR_040877.1|	98.925	465	5	0	5	469	337	801	0.0	833	537011
dc6e725197b1c7d88723d8cbfebc98ba	gi|631252213|ref|NR_113411.1|	98.925	465	5	0	5	469	337	801	0.0	832	537011
dc6e725197b1c7d88723d8cbfebc98ba	gi|2363084409|ref|NR_180452.1|	98.065	465	9	0	5	469	317	781	0.0	809	2518605
dc6e725197b1c7d88723d8cbfebc98ba	gi|631251907|ref|NR_113105.1|	94.206	466	25	2	5	469	325	789	0.0	710	470565
dc6e725197b1c7d88723d8cbfebc98ba	gi|343199048|ref|NR_044407.1|	94.206	466	25	2	5	469	317	781	0.0	710	470565
dc6e725197b1c7d88723d8cbfebc98ba	gi|2221405403|ref|NR_175509.1|	93.777	466	27	2	5	469	337	801	0.0	699	2608404
dc6e725197b1c7d88723d8cbfebc98ba	gi|566085557|ref|NR_109628.1|	93.777	466	27	2	5	469	318	782	0.0	699	1177574
dc6e725197b1c7d88723d8cbfebc98ba	gi|631253107|ref|NR_114305.1|	93.777	466	27	2	5	469	337	801	0.0	699	1236518
dc6e725197b1c7d88723d8cbfebc98ba	gi|636560666|ref|NR_116726.1|	93.777	466	27	2	5	469	317	781	0.0	699	1236518
dc6e725197b1c7d88723d8cbfebc98ba	gi|631251926|ref|NR_113124.1|	93.348	466	29	2	5	469	337	801	0.0	688	28137
2b76dc5450d135393b06ef09c4446ffa	gi|343200190|ref|NR_040877.1|	98.710	465	6	0	5	469	337	801	0.0	828	537011
2b76dc5450d135393b06ef09c4446ffa	gi|631252213|ref|NR_113411.1|	98.710	465	6	0	5	469	337	801	0.0	826	537011
2b76dc5450d135393b06ef09c4446ffa	gi|2363084409|ref|NR_180452.1|	97.849	465	10	0	5	469	317	781	0.0	804	2518605
2b76dc5450d135393b06ef09c4446ffa	gi|631251907|ref|NR_113105.1|	93.991	466	26	2	5	469	325	789	0.0	704	470565
2b76dc5450d135393b06ef09c4446ffa	gi|343199048|ref|NR_044407.1|	93.991	466	26	2	5	469	317	781	0.0	704	470565
2b76dc5450d135393b06ef09c4446ffa	gi|2221405403|ref|NR_175509.1|	93.562	466	28	2	5	469	337	801	0.0	693	2608404
2b76dc5450d135393b06ef09c4446ffa	gi|566085557|ref|NR_109628.1|	93.562	466	28	2	5	469	318	782	0.0	693	1177574
2b76dc5450d135393b06ef09c4446ffa	gi|631253107|ref|NR_114305.1|	93.562	466	28	2	5	469	337	801	0.0	693	1236518
2b76dc5450d135393b06ef09c4446ffa	gi|636560666|ref|NR_116726.1|	93.562	466	28	2	5	469	317	781	0.0	693	1236518
2b76dc5450d135393b06ef09c4446ffa	gi|631251926|ref|NR_113124.1|	93.133	466	30	2	5	469	337	801	0.0	682	28137
aa987e55e9c52ea51de978c4217cf4cb	gi|631252213|ref|NR_113411.1|	98.710	465	6	0	5	469	337	801	0.0	826	537011
aa987e55e9c52ea51de978c4217cf4cb	gi|343200190|ref|NR_040877.1|	98.495	465	7	0	5	469	337	801	0.0	822	537011
aa987e55e9c52ea51de978c4217cf4cb	gi|2363084409|ref|NR_180452.1|	97.419	465	12	0	5	469	317	781	0.0	793	2518605
aa987e55e9c52ea51de978c4217cf4cb	gi|631251907|ref|NR_113105.1|	93.817	469	21	7	5	469	325	789	0.0	699	470565
aa987e55e9c52ea51de978c4217cf4cb	gi|343199048|ref|NR_044407.1|	93.817	469	21	7	5	469	317	781	0.0	699	470565
aa987e55e9c52ea51de978c4217cf4cb	gi|631253107|ref|NR_114305.1|	93.562	466	28	2	5	469	337	801	0.0	693	1236518
aa987e55e9c52ea51de978c4217cf4cb	gi|636560666|ref|NR_116726.1|	93.562	466	28	2	5	469	317	781	0.0	693	1236518
aa987e55e9c52ea51de978c4217cf4cb	gi|566085557|ref|NR_109628.1|	93.390	469	23	8	5	469	318	782	0.0	688	1177574
aa987e55e9c52ea51de978c4217cf4cb	gi|631251922|ref|NR_113120.1|	93.376	468	25	6	5	469	335	799	0.0	688	28136
aa987e55e9c52ea51de978c4217cf4cb	gi|265678842|ref|NR_029147.1|	93.148	467	28	4	5	469	340	804	0.0	682	28136
a538bce3b1088cfe6f64e24e416b274b	gi|631252213|ref|NR_113411.1|	98.710	465	6	0	5	469	337	801	0.0	826	537011
a538bce3b1088cfe6f64e24e416b274b	gi|343200190|ref|NR_040877.1|	98.495	465	7	0	5	469	337	801	0.0	822	537011
a538bce3b1088cfe6f64e24e416b274b	gi|2363084409|ref|NR_180452.1|	98.280	465	8	0	5	469	317	781	0.0	815	2518605
a538bce3b1088cfe6f64e24e416b274b	gi|631251907|ref|NR_113105.1|	94.635	466	23	2	5	469	325	789	0.0	721	470565
a538bce3b1088cfe6f64e24e416b274b	gi|343199048|ref|NR_044407.1|	94.635	466	23	2	5	469	317	781	0.0	721	470565
a538bce3b1088cfe6f64e24e416b274b	gi|566085557|ref|NR_109628.1|	94.206	466	25	2	5	469	318	782	0.0	710	1177574
a538bce3b1088cfe6f64e24e416b274b	gi|631251926|ref|NR_113124.1|	93.777	466	27	2	5	469	337	801	0.0	699	28137
a538bce3b1088cfe6f64e24e416b274b	gi|265678842|ref|NR_029147.1|	93.803	468	23	6	5	469	340	804	0.0	699	28136
a538bce3b1088cfe6f64e24e416b274b	gi|636559270|ref|NR_115327.1|	93.777	466	27	2	5	469	317	781	0.0	699	28137
a538bce3b1088cfe6f64e24e416b274b	gi|265678843|ref|NR_029148.1|	93.562	466	28	2	5	469	345	809	0.0	697	28137
cbb0124d8b404ffa1c0cc21c86dd4c63	gi|343200190|ref|NR_040877.1|	98.710	465	6	0	5	469	337	801	0.0	828	537011
cbb0124d8b404ffa1c0cc21c86dd4c63	gi|631252213|ref|NR_113411.1|	98.710	465	6	0	5	469	337	801	0.0	826	537011
cbb0124d8b404ffa1c0cc21c86dd4c63	gi|2363084409|ref|NR_180452.1|	97.849	465	10	0	5	469	317	781	0.0	804	2518605
cbb0124d8b404ffa1c0cc21c86dd4c63	gi|631251907|ref|NR_113105.1|	93.991	466	26	2	5	469	325	789	0.0	704	470565
cbb0124d8b404ffa1c0cc21c86dd4c63	gi|343199048|ref|NR_044407.1|	93.991	466	26	2	5	469	317	781	0.0	704	470565
cbb0124d8b404ffa1c0cc21c86dd4c63	gi|2221405403|ref|NR_175509.1|	93.562	466	28	2	5	469	337	801	0.0	693	2608404
cbb0124d8b404ffa1c0cc21c86dd4c63	gi|566085557|ref|NR_109628.1|	93.562	466	28	2	5	469	318	782	0.0	693	1177574
cbb0124d8b404ffa1c0cc21c86dd4c63	gi|631253107|ref|NR_114305.1|	93.562	466	28	2	5	469	337	801	0.0	693	1236518
cbb0124d8b404ffa1c0cc21c86dd4c63	gi|636560666|ref|NR_116726.1|	93.562	466	28	2	5	469	317	781	0.0	693	1236518
cbb0124d8b404ffa1c0cc21c86dd4c63	gi|631251926|ref|NR_113124.1|	93.133	466	30	2	5	469	337	801	0.0	682	28137
feec388ee9f71564350a4a49fdf99314	gi|343200190|ref|NR_040877.1|	98.280	465	8	0	5	469	337	801	0.0	817	537011
feec388ee9f71564350a4a49fdf99314	gi|631252213|ref|NR_113411.1|	98.280	465	8	0	5	469	337	801	0.0	815	537011
feec388ee9f71564350a4a49fdf99314	gi|2363084409|ref|NR_180452.1|	97.849	465	10	0	5	469	317	781	0.0	804	2518605
feec388ee9f71564350a4a49fdf99314	gi|631251907|ref|NR_113105.1|	93.763	465	29	0	5	469	325	789	0.0	699	470565
feec388ee9f71564350a4a49fdf99314	gi|265678842|ref|NR_029147.1|	93.790	467	25	4	5	469	340	804	0.0	699	28136
feec388ee9f71564350a4a49fdf99314	gi|343199048|ref|NR_044407.1|	93.763	465	29	0	5	469	317	781	0.0	699	470565
feec388ee9f71564350a4a49fdf99314	gi|631251922|ref|NR_113120.1|	93.576	467	26	4	5	469	335	799	0.0	693	28136
feec388ee9f71564350a4a49fdf99314	gi|631251894|ref|NR_113092.1|	93.548	465	30	0	5	469	325	789	0.0	693	77768
feec388ee9f71564350a4a49fdf99314	gi|219878161|ref|NR_025300.1|	93.548	465	30	0	5	469	337	801	0.0	693	77768
feec388ee9f71564350a4a49fdf99314	gi|2221405403|ref|NR_175509.1|	93.333	465	31	0	5	469	337	801	0.0	688	2608404
b45261abe869faaaa7c2543aeec6b417	gi|343200590|ref|NR_041277.1|	99.355	465	3	0	5	469	335	799	0.0	843	484018
b45261abe869faaaa7c2543aeec6b417	gi|2221405488|ref|NR_175548.1|	96.360	467	13	4	5	469	342	806	0.0	765	2739389
b45261abe869faaaa7c2543aeec6b417	gi|1116030286|ref|NR_144744.1|	94.624	465	25	0	5	469	335	799	0.0	723	1841856
b45261abe869faaaa7c2543aeec6b417	gi|343200591|ref|NR_041278.1|	93.548	465	30	0	5	469	335	799	0.0	693	470145
b45261abe869faaaa7c2543aeec6b417	gi|2363082641|ref|NR_179567.1|	93.118	465	32	0	5	469	335	799	0.0	684	1907658
b45261abe869faaaa7c2543aeec6b417	gi|444304192|ref|NR_074616.1|	92.688	465	34	0	5	469	337	801	0.0	671	376805
b45261abe869faaaa7c2543aeec6b417	gi|343200760|ref|NR_041447.1|	92.688	465	34	0	5	469	322	786	0.0	671	376805
b45261abe869faaaa7c2543aeec6b417	gi|631251740|ref|NR_112938.1|	92.489	466	33	2	5	469	322	786	0.0	665	204516
b45261abe869faaaa7c2543aeec6b417	gi|343198509|ref|NR_042745.1|	92.489	466	33	2	5	469	334	798	0.0	665	204516
b45261abe869faaaa7c2543aeec6b417	gi|1146059112|ref|NR_145844.1|	92.275	466	34	2	5	469	335	799	0.0	660	1411144
86bc654be9d210104f9be4942cd4f9d1	gi|645320588|ref|NR_117758.1|	99.776	447	1	0	5	451	318	764	0.0	821	166486
86bc654be9d210104f9be4942cd4f9d1	gi|228716944|ref|NR_027557.1|	99.776	447	1	0	5	451	339	785	0.0	821	536231
86bc654be9d210104f9be4942cd4f9d1	gi|444439494|ref|NR_074809.1|	99.329	447	2	1	5	451	346	791	0.0	808	585394
86bc654be9d210104f9be4942cd4f9d1	gi|343201282|ref|NR_042008.1|	99.105	447	2	2	5	451	337	781	0.0	802	585394
86bc654be9d210104f9be4942cd4f9d1	gi|343198540|ref|NR_042832.1|	98.881	447	4	1	5	451	326	771	0.0	797	301302
86bc654be9d210104f9be4942cd4f9d1	gi|1227086116|ref|NR_148619.1|	98.438	448	5	2	5	451	297	743	0.0	787	1712665
86bc654be9d210104f9be4942cd4f9d1	gi|343201281|ref|NR_042007.1|	97.996	449	5	4	5	451	339	785	0.0	776	622312
86bc654be9d210104f9be4942cd4f9d1	gi|2363085153|ref|NR_180825.1|	97.763	447	9	1	5	451	343	788	0.0	769	2605790
86bc654be9d210104f9be4942cd4f9d1	gi|444304209|ref|NR_074634.1|	97.763	447	8	1	5	451	346	790	0.0	769	515619
86bc654be9d210104f9be4942cd4f9d1	gi|2363086282|ref|NR_181393.1|	97.539	447	9	1	5	451	286	730	0.0	763	2763664
454d2684f02a2d8cc7c34f83ce03326d	gi|2363080123|ref|NR_178280.1|	99.775	444	1	0	6	449	328	771	0.0	815	411483
454d2684f02a2d8cc7c34f83ce03326d	gi|2363081449|ref|NR_178971.1|	99.324	444	2	1	6	449	282	724	0.0	802	1851427
454d2684f02a2d8cc7c34f83ce03326d	gi|265678656|ref|NR_028961.1|	99.099	444	4	0	6	449	324	767	0.0	798	853
454d2684f02a2d8cc7c34f83ce03326d	gi|2363081451|ref|NR_178972.1|	98.874	444	5	0	6	449	282	725	0.0	793	1851428
454d2684f02a2d8cc7c34f83ce03326d	gi|3030611269|ref|NR_199945.1|	98.649	444	6	0	6	449	332	775	0.0	787	3435293
454d2684f02a2d8cc7c34f83ce03326d	gi|2363082282|ref|NR_179388.1|	98.202	445	6	2	6	449	332	775	0.0	776	2935520
454d2684f02a2d8cc7c34f83ce03326d	gi|2363080175|ref|NR_178311.1|	97.523	444	11	0	6	449	409	852	0.0	760	2903556
454d2684f02a2d8cc7c34f83ce03326d	gi|2363084747|ref|NR_180622.1|	93.483	445	27	2	6	449	332	775	0.0	660	2779354
454d2684f02a2d8cc7c34f83ce03326d	gi|559795255|ref|NR_104846.1|	93.243	444	30	0	6	449	285	728	0.0	654	745368
454d2684f02a2d8cc7c34f83ce03326d	gi|1277396189|ref|NR_151900.1|	92.793	444	32	0	6	449	348	791	0.0	643	1550024
ae50a3e079fc028e1c95a4c3bf321104	gi|343205678|ref|NR_044054.1|	99.775	444	1	0	6	449	294	737	0.0	815	1121115
ae50a3e079fc028e1c95a4c3bf321104	gi|631253117|ref|NR_114315.1|	99.550	444	2	0	6	449	333	776	0.0	811	649762
ae50a3e079fc028e1c95a4c3bf321104	gi|2363082685|ref|NR_179590.1|	99.326	445	2	1	6	449	324	768	0.0	806	1936059
ae50a3e079fc028e1c95a4c3bf321104	gi|219846722|ref|NR_026314.1|	97.753	445	10	0	5	449	326	770	0.0	767	53443
ae50a3e079fc028e1c95a4c3bf321104	gi|219846720|ref|NR_026312.1|	97.297	444	12	0	6	449	324	767	0.0	756	180164
ae50a3e079fc028e1c95a4c3bf321104	gi|2363084170|ref|NR_180334.1|	97.297	444	12	0	6	449	250	693	0.0	754	2763028
ae50a3e079fc028e1c95a4c3bf321104	gi|2363086300|ref|NR_181402.1|	97.297	444	12	0	6	449	297	740	0.0	754	2763028
ae50a3e079fc028e1c95a4c3bf321104	gi|631252033|ref|NR_113231.1|	97.303	445	10	2	6	449	344	787	0.0	754	536633
ae50a3e079fc028e1c95a4c3bf321104	gi|631251591|ref|NR_112789.1|	97.303	445	10	2	6	449	330	773	0.0	754	536633
ae50a3e079fc028e1c95a4c3bf321104	gi|2363082673|ref|NR_179584.1|	97.079	445	11	2	6	449	324	767	0.0	749	1917888
2f613b10d8ee386eb06f73da1e3f56d3	gi|631253128|ref|NR_114326.1|	99.775	445	1	0	5	449	330	774	0.0	817	1150298
2f613b10d8ee386eb06f73da1e3f56d3	gi|2363087259|ref|NR_181885.1|	97.079	445	13	0	5	449	331	775	0.0	752	2885351
2f613b10d8ee386eb06f73da1e3f56d3	gi|974142252|ref|NR_134772.1|	96.854	445	14	0	5	449	293	737	0.0	745	1337051
2f613b10d8ee386eb06f73da1e3f56d3	gi|343205837|ref|NR_044289.1|	96.629	445	15	0	5	449	324	768	0.0	739	460384
2f613b10d8ee386eb06f73da1e3f56d3	gi|3030611230|ref|NR_199906.1|	96.404	445	16	0	5	449	350	794	0.0	734	3123317
2f613b10d8ee386eb06f73da1e3f56d3	gi|2363085103|ref|NR_180800.1|	96.404	445	16	0	5	449	343	787	0.0	734	2652274
2f613b10d8ee386eb06f73da1e3f56d3	gi|3030611314|ref|NR_199990.1|	96.404	445	16	0	5	449	346	790	0.0	734	3123317
2f613b10d8ee386eb06f73da1e3f56d3	gi|1384992331|ref|NR_156080.1|	96.404	445	16	0	5	449	332	776	0.0	734	1469948
2f613b10d8ee386eb06f73da1e3f56d3	gi|1384992328|ref|NR_156077.1|	96.404	445	16	0	5	449	332	776	0.0	734	1469948
2f613b10d8ee386eb06f73da1e3f56d3	gi|1116030273|ref|NR_144731.1|	96.404	445	16	0	5	449	343	787	0.0	734	1720294
bcf0739e87e0fbc1d1dafaf2d29a87fe	gi|343200774|ref|NR_041461.1|	99.142	466	4	0	5	470	335	800	0.0	839	387090
bcf0739e87e0fbc1d1dafaf2d29a87fe	gi|2363082641|ref|NR_179567.1|	94.433	467	23	3	5	470	335	799	0.0	717	1907658
bcf0739e87e0fbc1d1dafaf2d29a87fe	gi|1116030286|ref|NR_144744.1|	93.777	466	28	1	5	470	335	799	0.0	701	1841856
bcf0739e87e0fbc1d1dafaf2d29a87fe	gi|1116030289|ref|NR_144747.1|	92.949	468	28	5	5	470	333	797	0.0	676	1841865
bcf0739e87e0fbc1d1dafaf2d29a87fe	gi|343200759|ref|NR_041446.1|	92.918	466	32	1	5	470	319	783	0.0	676	376804
bcf0739e87e0fbc1d1dafaf2d29a87fe	gi|2363086254|ref|NR_181379.1|	92.719	467	31	3	5	470	337	801	0.0	671	2725562
bcf0739e87e0fbc1d1dafaf2d29a87fe	gi|2363082671|ref|NR_179583.1|	92.521	468	30	5	5	470	313	777	0.0	665	1917883
bcf0739e87e0fbc1d1dafaf2d29a87fe	gi|343200591|ref|NR_041278.1|	92.489	466	34	1	5	470	335	799	0.0	665	470145
bcf0739e87e0fbc1d1dafaf2d29a87fe	gi|1146059112|ref|NR_145844.1|	92.291	467	33	3	5	470	335	799	0.0	660	1411144
bcf0739e87e0fbc1d1dafaf2d29a87fe	gi|444304192|ref|NR_074616.1|	92.077	467	34	3	5	470	337	801	0.0	654	376805
2d3fc15af2c2b7176b9a489e6e855613	gi|2363082679|ref|NR_179587.1|	99.775	445	1	0	5	449	324	768	0.0	817	1926283
2d3fc15af2c2b7176b9a489e6e855613	gi|2363081854|ref|NR_179173.1|	99.775	445	1	0	5	449	329	773	0.0	817	2126740
2d3fc15af2c2b7176b9a489e6e855613	gi|1384992332|ref|NR_156081.1|	97.528	445	11	0	5	449	332	776	0.0	761	1469948
2d3fc15af2c2b7176b9a489e6e855613	gi|1384992329|ref|NR_156078.1|	97.528	445	11	0	5	449	332	776	0.0	761	1469948
2d3fc15af2c2b7176b9a489e6e855613	gi|3030611230|ref|NR_199906.1|	97.303	445	12	0	5	449	350	794	0.0	756	3123317
2d3fc15af2c2b7176b9a489e6e855613	gi|3030611314|ref|NR_199990.1|	97.303	445	12	0	5	449	346	790	0.0	756	3123317
2d3fc15af2c2b7176b9a489e6e855613	gi|1384992331|ref|NR_156080.1|	97.303	445	12	0	5	449	332	776	0.0	756	1469948
2d3fc15af2c2b7176b9a489e6e855613	gi|1384992328|ref|NR_156077.1|	97.303	445	12	0	5	449	332	776	0.0	756	1469948
2d3fc15af2c2b7176b9a489e6e855613	gi|2363085097|ref|NR_180797.1|	97.303	445	12	0	5	449	342	786	0.0	756	2605778
2d3fc15af2c2b7176b9a489e6e855613	gi|2363082819|ref|NR_179658.1|	97.303	445	12	0	5	449	349	793	0.0	756	2086584
92e7a87dab2d5cf2715f9678841d9f32	gi|265678656|ref|NR_028961.1|	99.550	444	2	0	6	449	324	767	0.0	809	853
92e7a87dab2d5cf2715f9678841d9f32	gi|2363081451|ref|NR_178972.1|	99.324	444	3	0	6	449	282	725	0.0	804	1851428
92e7a87dab2d5cf2715f9678841d9f32	gi|2363080123|ref|NR_178280.1|	99.324	444	3	0	6	449	328	771	0.0	804	411483
92e7a87dab2d5cf2715f9678841d9f32	gi|3030611269|ref|NR_199945.1|	99.099	444	4	0	6	449	332	775	0.0	798	3435293
92e7a87dab2d5cf2715f9678841d9f32	gi|2363081449|ref|NR_178971.1|	98.874	444	4	1	6	449	282	724	0.0	791	1851427
92e7a87dab2d5cf2715f9678841d9f32	gi|2363082282|ref|NR_179388.1|	98.652	445	4	2	6	449	332	775	0.0	787	2935520
92e7a87dab2d5cf2715f9678841d9f32	gi|2363080175|ref|NR_178311.1|	97.072	444	13	0	6	449	409	852	0.0	749	2903556
92e7a87dab2d5cf2715f9678841d9f32	gi|1397641802|ref|NR_156911.1|	93.018	444	31	0	6	449	348	791	0.0	649	1650663
92e7a87dab2d5cf2715f9678841d9f32	gi|2363084747|ref|NR_180622.1|	93.034	445	29	2	6	449	332	775	0.0	649	2779354
92e7a87dab2d5cf2715f9678841d9f32	gi|2363082356|ref|NR_179425.1|	93.018	444	31	0	6	449	348	791	0.0	649	1689304
2121f027bb5e94b96849a26171ac3d49	gi|343200190|ref|NR_040877.1|	98.280	465	8	0	5	469	337	801	0.0	817	537011
2121f027bb5e94b96849a26171ac3d49	gi|631252213|ref|NR_113411.1|	98.280	465	8	0	5	469	337	801	0.0	815	537011
2121f027bb5e94b96849a26171ac3d49	gi|2363084409|ref|NR_180452.1|	96.989	465	14	0	5	469	317	781	0.0	782	2518605
2121f027bb5e94b96849a26171ac3d49	gi|631253107|ref|NR_114305.1|	93.991	466	26	2	5	469	337	801	0.0	704	1236518
2121f027bb5e94b96849a26171ac3d49	gi|636560666|ref|NR_116726.1|	93.991	466	26	2	5	469	317	781	0.0	704	1236518
2121f027bb5e94b96849a26171ac3d49	gi|631251907|ref|NR_113105.1|	93.390	469	23	7	5	469	325	789	0.0	688	470565
2121f027bb5e94b96849a26171ac3d49	gi|343199048|ref|NR_044407.1|	93.390	469	23	7	5	469	317	781	0.0	688	470565
2121f027bb5e94b96849a26171ac3d49	gi|507148088|ref|NR_102895.1|	93.118	465	32	0	5	469	345	809	0.0	682	553174
2121f027bb5e94b96849a26171ac3d49	gi|631251915|ref|NR_113113.1|	93.118	465	32	0	5	469	325	789	0.0	682	553174
2121f027bb5e94b96849a26171ac3d49	gi|343198546|ref|NR_042843.1|	93.118	465	32	0	5	469	317	781	0.0	682	553174
f634b935c8e6ea4c44e22c6cc53c29fd	gi|343200190|ref|NR_040877.1|	98.925	465	5	0	5	469	337	801	0.0	833	537011
f634b935c8e6ea4c44e22c6cc53c29fd	gi|631252213|ref|NR_113411.1|	98.925	465	5	0	5	469	337	801	0.0	832	537011
f634b935c8e6ea4c44e22c6cc53c29fd	gi|2363084409|ref|NR_180452.1|	98.065	465	9	0	5	469	317	781	0.0	809	2518605
f634b935c8e6ea4c44e22c6cc53c29fd	gi|631251907|ref|NR_113105.1|	94.206	466	25	2	5	469	325	789	0.0	710	470565
f634b935c8e6ea4c44e22c6cc53c29fd	gi|343199048|ref|NR_044407.1|	94.206	466	25	2	5	469	317	781	0.0	710	470565
f634b935c8e6ea4c44e22c6cc53c29fd	gi|2221405403|ref|NR_175509.1|	93.777	466	27	2	5	469	337	801	0.0	699	2608404
f634b935c8e6ea4c44e22c6cc53c29fd	gi|566085557|ref|NR_109628.1|	93.777	466	27	2	5	469	318	782	0.0	699	1177574
f634b935c8e6ea4c44e22c6cc53c29fd	gi|631253107|ref|NR_114305.1|	93.777	466	27	2	5	469	337	801	0.0	699	1236518
f634b935c8e6ea4c44e22c6cc53c29fd	gi|636560666|ref|NR_116726.1|	93.777	466	27	2	5	469	317	781	0.0	699	1236518
f634b935c8e6ea4c44e22c6cc53c29fd	gi|631251926|ref|NR_113124.1|	93.348	466	29	2	5	469	337	801	0.0	688	28137
80e3388a7e5b503fd3960cf54a8cd5da	gi|444304091|ref|NR_074515.1|	99.570	465	2	0	5	469	346	810	0.0	848	435590
80e3388a7e5b503fd3960cf54a8cd5da	gi|631251748|ref|NR_112946.1|	99.570	465	2	0	5	469	335	799	0.0	848	821
80e3388a7e5b503fd3960cf54a8cd5da	gi|631250946|ref|NR_112143.1|	99.355	465	3	0	5	469	303	767	0.0	843	821
80e3388a7e5b503fd3960cf54a8cd5da	gi|343200664|ref|NR_041351.1|	99.140	465	4	0	5	469	337	801	0.0	837	357276
80e3388a7e5b503fd3960cf54a8cd5da	gi|631251997|ref|NR_113195.1|	94.194	465	27	0	5	469	334	798	0.0	710	1236515
80e3388a7e5b503fd3960cf54a8cd5da	gi|631251866|ref|NR_113064.1|	93.978	465	28	0	5	469	334	798	0.0	704	1236538
80e3388a7e5b503fd3960cf54a8cd5da	gi|631251817|ref|NR_113015.1|	93.978	465	28	0	5	469	334	798	0.0	704	1236538
80e3388a7e5b503fd3960cf54a8cd5da	gi|645320081|ref|NR_117373.1|	93.978	465	28	0	5	469	285	749	0.0	704	1236515
80e3388a7e5b503fd3960cf54a8cd5da	gi|2363082547|ref|NR_179520.1|	93.763	465	29	0	5	469	310	774	0.0	699	1841855
80e3388a7e5b503fd3960cf54a8cd5da	gi|2363085522|ref|NR_181010.1|	93.548	465	30	0	5	469	293	757	0.0	693	2786956
ab85b8fd5043c1bf4f5a7d2573da0d77	gi|645320614|ref|NR_117778.1|	99.787	469	1	0	6	474	290	758	0.0	861	40545
ab85b8fd5043c1bf4f5a7d2573da0d77	gi|559795260|ref|NR_104851.1|	99.787	469	1	0	6	474	279	747	0.0	861	40545
ab85b8fd5043c1bf4f5a7d2573da0d77	gi|1864207054|ref|NR_169348.1|	98.294	469	8	0	6	474	316	784	0.0	822	2584944
ab85b8fd5043c1bf4f5a7d2573da0d77	gi|2363082713|ref|NR_179604.1|	98.294	469	8	0	6	474	307	775	0.0	822	1944635
ab85b8fd5043c1bf4f5a7d2573da0d77	gi|219878461|ref|NR_025600.1|	94.681	470	23	2	6	474	299	767	0.0	728	234908
ab85b8fd5043c1bf4f5a7d2573da0d77	gi|2363082045|ref|NR_179269.1|	94.468	470	24	2	6	474	317	785	0.0	723	2494234
ab85b8fd5043c1bf4f5a7d2573da0d77	gi|1193829159|ref|NR_147402.1|	93.817	469	29	0	6	474	329	797	0.0	706	1907660
ab85b8fd5043c1bf4f5a7d2573da0d77	gi|2136551693|ref|NR_173698.1|	93.220	472	26	4	6	474	315	783	0.0	689	2259133
ab85b8fd5043c1bf4f5a7d2573da0d77	gi|2363082296|ref|NR_179395.1|	93.206	471	28	3	6	474	327	795	0.0	689	1506471
ab85b8fd5043c1bf4f5a7d2573da0d77	gi|566084840|ref|NR_108217.1|	91.561	474	30	10	6	474	282	750	0.0	645	551988
0bac1bad641527a958546e31d6f07959	gi|1116030238|ref|NR_144696.1|	99.775	444	1	0	6	449	330	773	0.0	815	1414720
0bac1bad641527a958546e31d6f07959	gi|219846899|ref|NR_026491.1|	99.775	444	1	0	6	449	316	759	0.0	815	84024
0bac1bad641527a958546e31d6f07959	gi|219846557|ref|NR_026149.1|	98.874	444	5	0	6	449	322	765	0.0	793	36850
0bac1bad641527a958546e31d6f07959	gi|219846575|ref|NR_026167.1|	98.655	446	3	2	6	449	243	687	0.0	791	36834
0bac1bad641527a958546e31d6f07959	gi|219846422|ref|NR_026013.1|	98.198	444	8	0	6	449	330	773	0.0	776	46867
0bac1bad641527a958546e31d6f07959	gi|2363082288|ref|NR_179391.1|	97.973	444	9	0	6	449	329	772	0.0	771	1499684
0bac1bad641527a958546e31d6f07959	gi|631252127|ref|NR_113325.1|	97.973	444	9	0	6	449	330	773	0.0	771	1559
0bac1bad641527a958546e31d6f07959	gi|219846898|ref|NR_026490.1|	97.973	444	9	0	6	449	317	760	0.0	771	84031
0bac1bad641527a958546e31d6f07959	gi|310975222|ref|NR_037086.1|	97.973	444	9	0	6	449	313	756	0.0	771	1559
0bac1bad641527a958546e31d6f07959	gi|636558671|ref|NR_114728.1|	97.973	444	9	0	6	449	284	727	0.0	771	1559
e0b192e842fc5a9da8936ff019735b8d	gi|444304209|ref|NR_074634.1|	99.775	445	1	0	5	449	346	790	0.0	817	515619
e0b192e842fc5a9da8936ff019735b8d	gi|343198540|ref|NR_042832.1|	98.655	446	5	1	5	449	326	771	0.0	789	301302
e0b192e842fc5a9da8936ff019735b8d	gi|1227086116|ref|NR_148619.1|	98.210	447	6	2	5	449	297	743	0.0	780	1712665
e0b192e842fc5a9da8936ff019735b8d	gi|645320588|ref|NR_117758.1|	97.763	447	8	1	5	449	318	764	0.0	769	166486
e0b192e842fc5a9da8936ff019735b8d	gi|228716944|ref|NR_027557.1|	97.763	447	8	1	5	449	339	785	0.0	769	536231
e0b192e842fc5a9da8936ff019735b8d	gi|444439494|ref|NR_074809.1|	97.758	446	9	1	5	449	346	791	0.0	767	585394
e0b192e842fc5a9da8936ff019735b8d	gi|343201282|ref|NR_042008.1|	97.534	446	9	2	5	449	337	781	0.0	761	585394
e0b192e842fc5a9da8936ff019735b8d	gi|2363085153|ref|NR_180825.1|	97.309	446	11	1	5	449	343	788	0.0	756	2605790
e0b192e842fc5a9da8936ff019735b8d	gi|219846723|ref|NR_026315.1|	97.303	445	12	0	5	449	313	757	0.0	756	46206
e0b192e842fc5a9da8936ff019735b8d	gi|2363086282|ref|NR_181393.1|	97.079	445	13	0	5	449	286	730	0.0	750	2763664
229554166d6278ab6114897d314a73c4	gi|343200591|ref|NR_041278.1|	99.785	465	1	0	5	469	335	799	0.0	854	470145
229554166d6278ab6114897d314a73c4	gi|2221405488|ref|NR_175548.1|	94.861	467	20	4	5	469	342	806	0.0	726	2739389
229554166d6278ab6114897d314a73c4	gi|2363082641|ref|NR_179567.1|	93.978	465	28	0	5	469	335	799	0.0	706	1907658
229554166d6278ab6114897d314a73c4	gi|1116030286|ref|NR_144744.1|	93.763	465	29	0	5	469	335	799	0.0	701	1841856
229554166d6278ab6114897d314a73c4	gi|2363082635|ref|NR_179564.1|	93.790	467	25	4	5	469	334	798	0.0	699	1903262
229554166d6278ab6114897d314a73c4	gi|343200590|ref|NR_041277.1|	93.548	465	30	0	5	469	335	799	0.0	693	484018
229554166d6278ab6114897d314a73c4	gi|631251740|ref|NR_112938.1|	93.362	467	27	4	5	469	322	786	0.0	688	204516
229554166d6278ab6114897d314a73c4	gi|343200761|ref|NR_041448.1|	93.348	466	29	2	5	469	318	782	0.0	688	376806
229554166d6278ab6114897d314a73c4	gi|343198509|ref|NR_042745.1|	93.362	467	27	4	5	469	334	798	0.0	688	204516
229554166d6278ab6114897d314a73c4	gi|1146059112|ref|NR_145844.1|	93.133	466	30	2	5	469	335	799	0.0	682	1411144
902c5f362c763776de99055a84cc4931	gi|2363087259|ref|NR_181885.1|	99.551	445	2	0	5	449	331	775	0.0	813	2885351
902c5f362c763776de99055a84cc4931	gi|631253128|ref|NR_114326.1|	97.303	445	12	0	5	449	330	774	0.0	756	1150298
902c5f362c763776de99055a84cc4931	gi|228719063|ref|NR_027579.1|	97.079	445	13	0	5	449	312	756	0.0	756	471875
902c5f362c763776de99055a84cc4931	gi|974142252|ref|NR_134772.1|	97.079	445	13	0	5	449	293	737	0.0	750	1337051
902c5f362c763776de99055a84cc4931	gi|2363082679|ref|NR_179587.1|	96.629	445	15	0	5	449	324	768	0.0	739	1926283
902c5f362c763776de99055a84cc4931	gi|2363081854|ref|NR_179173.1|	96.629	445	15	0	5	449	329	773	0.0	739	2126740
902c5f362c763776de99055a84cc4931	gi|2363086292|ref|NR_181398.1|	96.629	445	15	0	5	449	295	739	0.0	739	2763667
902c5f362c763776de99055a84cc4931	gi|2363086290|ref|NR_181397.1|	96.629	445	15	0	5	449	299	743	0.0	739	2763671
902c5f362c763776de99055a84cc4931	gi|645321072|ref|NR_118128.1|	96.629	445	15	0	5	449	170	614	0.0	739	1531
902c5f362c763776de99055a84cc4931	gi|631252212|ref|NR_113410.1|	96.629	445	15	0	5	449	253	697	0.0	739	208479
415beb807e6a0860b62ed6bdbe56728e	gi|265678578|ref|NR_028883.1|	99.551	445	1	1	6	449	223	667	0.0	809	88431
415beb807e6a0860b62ed6bdbe56728e	gi|1397641798|ref|NR_156907.1|	97.092	447	9	4	5	449	344	788	0.0	750	1912855
415beb807e6a0860b62ed6bdbe56728e	gi|265678482|ref|NR_028785.1|	97.079	445	11	2	6	449	348	791	0.0	749	29347
415beb807e6a0860b62ed6bdbe56728e	gi|1109168023|ref|NR_144610.1|	96.861	446	12	2	5	449	335	779	0.0	745	1796622
415beb807e6a0860b62ed6bdbe56728e	gi|631250892|ref|NR_112089.1|	96.868	447	10	4	5	449	332	776	0.0	745	553973
415beb807e6a0860b62ed6bdbe56728e	gi|310974936|ref|NR_036800.1|	96.861	446	12	2	5	449	322	766	0.0	745	411470
415beb807e6a0860b62ed6bdbe56728e	gi|645321810|ref|NR_118690.1|	96.861	446	12	2	5	449	334	778	0.0	745	411470
415beb807e6a0860b62ed6bdbe56728e	gi|645322565|ref|NR_119285.1|	96.854	445	12	2	6	449	322	765	0.0	743	29347
415beb807e6a0860b62ed6bdbe56728e	gi|224581401|ref|NR_024719.1|	96.868	447	9	5	5	449	337	780	0.0	743	89153
415beb807e6a0860b62ed6bdbe56728e	gi|2363082765|ref|NR_179631.1|	96.629	445	15	0	5	449	344	788	0.0	739	2014528
f421834843a59f7b4599d885ab36611f	gi|343200979|ref|NR_041666.1|	99.574	469	2	0	6	474	333	801	0.0	856	742743
f421834843a59f7b4599d885ab36611f	gi|2363082841|ref|NR_179669.1|	96.588	469	16	0	6	474	357	825	0.0	778	2161821
f421834843a59f7b4599d885ab36611f	gi|2363082109|ref|NR_179301.1|	96.588	469	16	0	6	474	341	809	0.0	778	2582419
f421834843a59f7b4599d885ab36611f	gi|343198671|ref|NR_043231.1|	95.736	469	20	0	6	474	280	748	0.0	756	308994
f421834843a59f7b4599d885ab36611f	gi|631252159|ref|NR_113357.1|	95.532	470	20	1	6	474	353	822	0.0	750	308994
f421834843a59f7b4599d885ab36611f	gi|631252158|ref|NR_113356.1|	93.830	470	26	3	6	474	352	819	0.0	704	309120
f421834843a59f7b4599d885ab36611f	gi|343198462|ref|NR_041895.1|	93.830	470	26	3	6	474	293	760	0.0	704	888062
f421834843a59f7b4599d885ab36611f	gi|343205705|ref|NR_044091.1|	91.932	471	34	4	6	474	237	705	0.0	656	423477
f421834843a59f7b4599d885ab36611f	gi|2363082157|ref|NR_179325.1|	91.737	472	33	6	6	474	297	765	0.0	651	2682456
f421834843a59f7b4599d885ab36611f	gi|343201163|ref|NR_041879.1|	91.737	472	33	6	6	474	280	748	0.0	651	39778
dfba7f2773d8ae443a44fa410b86cc30	gi|343198925|ref|NR_044049.1|	99.326	445	3	0	5	449	312	756	0.0	806	33043
dfba7f2773d8ae443a44fa410b86cc30	gi|2363086278|ref|NR_181391.1|	95.506	445	20	0	5	449	245	689	0.0	712	2763670
dfba7f2773d8ae443a44fa410b86cc30	gi|219856842|ref|NR_024661.1|	95.506	445	20	0	5	449	357	801	0.0	712	42322
dfba7f2773d8ae443a44fa410b86cc30	gi|559795169|ref|NR_104758.1|	95.270	444	21	0	6	449	342	785	0.0	704	1282887
dfba7f2773d8ae443a44fa410b86cc30	gi|631252121|ref|NR_113319.1|	95.056	445	22	0	5	449	346	790	0.0	701	645466
dfba7f2773d8ae443a44fa410b86cc30	gi|1384992332|ref|NR_156081.1|	94.831	445	23	0	5	449	332	776	0.0	695	1469948
dfba7f2773d8ae443a44fa410b86cc30	gi|1384992329|ref|NR_156078.1|	94.831	445	23	0	5	449	332	776	0.0	695	1469948
dfba7f2773d8ae443a44fa410b86cc30	gi|636560803|ref|NR_116863.1|	94.843	446	22	1	5	449	333	778	0.0	695	645466
dfba7f2773d8ae443a44fa410b86cc30	gi|3030611230|ref|NR_199906.1|	94.607	445	24	0	5	449	350	794	0.0	689	3123317
dfba7f2773d8ae443a44fa410b86cc30	gi|3030611314|ref|NR_199990.1|	94.607	445	24	0	5	449	346	790	0.0	689	3123317
0f6118d106f3c5a5b213a66da3f6c498	gi|343200774|ref|NR_041461.1|	99.356	466	3	0	5	470	335	800	0.0	845	387090
0f6118d106f3c5a5b213a66da3f6c498	gi|2363082641|ref|NR_179567.1|	94.647	467	22	3	5	470	335	799	0.0	723	1907658
0f6118d106f3c5a5b213a66da3f6c498	gi|1116030286|ref|NR_144744.1|	93.991	466	27	1	5	470	335	799	0.0	706	1841856
0f6118d106f3c5a5b213a66da3f6c498	gi|1116030289|ref|NR_144747.1|	92.949	468	28	5	5	470	333	797	0.0	676	1841865
0f6118d106f3c5a5b213a66da3f6c498	gi|2363086254|ref|NR_181379.1|	92.719	467	31	3	5	470	337	801	0.0	671	2725562
0f6118d106f3c5a5b213a66da3f6c498	gi|343200759|ref|NR_041446.1|	92.704	466	33	1	5	470	319	783	0.0	671	376804
0f6118d106f3c5a5b213a66da3f6c498	gi|343200591|ref|NR_041278.1|	92.704	466	33	1	5	470	335	799	0.0	671	470145
0f6118d106f3c5a5b213a66da3f6c498	gi|2363082671|ref|NR_179583.1|	92.521	468	30	5	5	470	313	777	0.0	665	1917883
0f6118d106f3c5a5b213a66da3f6c498	gi|1146059112|ref|NR_145844.1|	92.291	467	33	3	5	470	335	799	0.0	660	1411144
0f6118d106f3c5a5b213a66da3f6c498	gi|444304192|ref|NR_074616.1|	92.275	466	35	1	5	470	337	801	0.0	660	376805
7ae2928802f76bebd715430071becf10	gi|2363084409|ref|NR_180452.1|	94.017	468	22	6	5	469	317	781	0.0	704	2518605
7ae2928802f76bebd715430071becf10	gi|631251907|ref|NR_113105.1|	91.221	467	37	4	5	469	325	789	0.0	632	470565
7ae2928802f76bebd715430071becf10	gi|343199048|ref|NR_044407.1|	91.221	467	37	4	5	469	317	781	0.0	632	470565
7ae2928802f76bebd715430071becf10	gi|631253107|ref|NR_114305.1|	90.773	466	41	2	5	469	337	801	1.33e-177	621	1236518
7ae2928802f76bebd715430071becf10	gi|636560666|ref|NR_116726.1|	90.773	466	41	2	5	469	317	781	1.33e-177	621	1236518
7ae2928802f76bebd715430071becf10	gi|631253106|ref|NR_114304.1|	90.618	469	36	7	5	469	337	801	6.21e-176	616	1236517
7ae2928802f76bebd715430071becf10	gi|636560665|ref|NR_116725.1|	90.618	469	36	7	5	469	317	781	6.21e-176	616	1236517
7ae2928802f76bebd715430071becf10	gi|507148088|ref|NR_102895.1|	90.323	465	45	0	5	469	345	809	2.89e-174	610	553174
7ae2928802f76bebd715430071becf10	gi|631251922|ref|NR_113120.1|	90.364	467	41	4	5	469	335	799	2.89e-174	610	28136
7ae2928802f76bebd715430071becf10	gi|631251915|ref|NR_113113.1|	90.323	465	45	0	5	469	325	789	2.89e-174	610	553174
926f3651c9a86229d6aa26778f6c9e42	gi|645321789|ref|NR_118673.1|	98.876	445	5	0	5	449	350	794	0.0	802	39488
926f3651c9a86229d6aa26778f6c9e42	gi|2363080125|ref|NR_178281.1|	99.101	445	4	0	5	449	336	780	0.0	800	105843
926f3651c9a86229d6aa26778f6c9e42	gi|219856842|ref|NR_024661.1|	95.291	446	19	2	5	449	357	801	0.0	706	42322
926f3651c9a86229d6aa26778f6c9e42	gi|343198925|ref|NR_044049.1|	94.831	445	23	0	5	449	312	756	0.0	695	33043
926f3651c9a86229d6aa26778f6c9e42	gi|2363086278|ref|NR_181391.1|	94.619	446	22	2	5	449	245	689	0.0	689	2763670
926f3651c9a86229d6aa26778f6c9e42	gi|645322302|ref|NR_119085.1|	94.631	447	18	5	5	449	343	785	0.0	688	29364
926f3651c9a86229d6aa26778f6c9e42	gi|559795246|ref|NR_104836.1|	94.382	445	23	2	6	449	330	773	0.0	682	706562
926f3651c9a86229d6aa26778f6c9e42	gi|219846511|ref|NR_026103.1|	94.183	447	22	4	5	449	312	756	0.0	678	37658
926f3651c9a86229d6aa26778f6c9e42	gi|1277396183|ref|NR_151894.1|	94.183	447	22	4	5	449	331	775	0.0	678	433293
926f3651c9a86229d6aa26778f6c9e42	gi|645321792|ref|NR_118676.1|	93.708	445	26	2	6	449	367	810	0.0	675	39497
c148456f9ce98960d284ba797fef3851	gi|631251745|ref|NR_112943.1|	99.785	465	1	0	5	469	322	786	0.0	854	449673
c148456f9ce98960d284ba797fef3851	gi|224581415|ref|NR_027196.1|	98.925	465	5	0	5	469	313	777	0.0	833	449673
c148456f9ce98960d284ba797fef3851	gi|343200620|ref|NR_041307.1|	97.419	465	12	0	5	469	330	794	0.0	793	329854
c148456f9ce98960d284ba797fef3851	gi|631251867|ref|NR_113065.1|	97.204	465	13	0	5	469	334	798	0.0	787	762984
c148456f9ce98960d284ba797fef3851	gi|631251695|ref|NR_112893.1|	97.204	465	13	0	5	469	314	778	0.0	787	762984
c148456f9ce98960d284ba797fef3851	gi|2363086949|ref|NR_181731.1|	96.989	465	14	0	5	469	286	750	0.0	782	2834112
c148456f9ce98960d284ba797fef3851	gi|631251735|ref|NR_112933.1|	96.996	466	12	2	5	469	330	794	0.0	782	246787
c148456f9ce98960d284ba797fef3851	gi|2363086550|ref|NR_181532.1|	96.344	465	17	0	5	469	318	782	0.0	765	2763025
c148456f9ce98960d284ba797fef3851	gi|631251747|ref|NR_112945.1|	96.344	465	17	0	5	469	323	787	0.0	765	820
c148456f9ce98960d284ba797fef3851	gi|631251734|ref|NR_112932.1|	96.344	465	17	0	5	469	324	788	0.0	765	47678
c8c47920b36d20aad21ee3db8f5111d2	gi|343201234|ref|NR_041960.1|	99.551	445	1	1	6	449	219	663	0.0	809	89014
c8c47920b36d20aad21ee3db8f5111d2	gi|2363084170|ref|NR_180334.1|	97.748	444	10	0	6	449	250	693	0.0	765	2763028
c8c47920b36d20aad21ee3db8f5111d2	gi|1953646571|ref|NR_171444.1|	97.748	444	10	0	6	449	298	741	0.0	765	1912897
c8c47920b36d20aad21ee3db8f5111d2	gi|1953646488|ref|NR_171392.1|	97.748	444	10	0	6	449	352	795	0.0	765	1912897
c8c47920b36d20aad21ee3db8f5111d2	gi|1953646486|ref|NR_171390.1|	97.748	444	10	0	6	449	352	795	0.0	765	1912897
c8c47920b36d20aad21ee3db8f5111d2	gi|2363086300|ref|NR_181402.1|	97.748	444	10	0	6	449	297	740	0.0	765	2763028
c8c47920b36d20aad21ee3db8f5111d2	gi|645320731|ref|NR_117867.1|	97.748	444	10	0	6	449	297	740	0.0	765	871664
c8c47920b36d20aad21ee3db8f5111d2	gi|1679775916|ref|NR_163638.1|	97.523	444	11	0	6	449	325	768	0.0	760	2025493
c8c47920b36d20aad21ee3db8f5111d2	gi|1679775915|ref|NR_163637.1|	97.523	444	11	0	6	449	325	768	0.0	760	2025493
c8c47920b36d20aad21ee3db8f5111d2	gi|1679775914|ref|NR_163636.1|	97.523	444	11	0	6	449	325	768	0.0	760	2025493
bfca13787c3b9a47033539d4b372cc30	gi|3248465636|ref|NR_201647.1|	99.775	445	1	0	5	449	296	740	0.0	817	3380806
bfca13787c3b9a47033539d4b372cc30	gi|343198924|ref|NR_044048.1|	99.775	445	1	0	5	449	324	768	0.0	817	470146
bfca13787c3b9a47033539d4b372cc30	gi|1116030277|ref|NR_144735.1|	99.326	445	3	0	5	449	346	790	0.0	806	1745713
bfca13787c3b9a47033539d4b372cc30	gi|2363082603|ref|NR_179548.1|	97.528	445	11	0	5	449	344	788	0.0	763	1870993
bfca13787c3b9a47033539d4b372cc30	gi|265678940|ref|NR_029248.1|	97.079	445	11	2	5	449	345	787	0.0	750	500632
bfca13787c3b9a47033539d4b372cc30	gi|2363084846|ref|NR_180671.1|	96.404	445	16	0	5	449	59	503	0.0	734	2594882
bfca13787c3b9a47033539d4b372cc30	gi|2962412221|ref|NR_199415.1|	96.404	445	16	0	5	449	334	778	0.0	734	3136600
bfca13787c3b9a47033539d4b372cc30	gi|2363086021|ref|NR_181263.1|	96.404	445	16	0	5	449	330	774	0.0	734	2726362
bfca13787c3b9a47033539d4b372cc30	gi|2363086282|ref|NR_181393.1|	96.197	447	13	4	5	449	286	730	0.0	728	2763664
bfca13787c3b9a47033539d4b372cc30	gi|343203027|ref|NR_043551.1|	96.180	445	17	0	5	449	345	789	0.0	728	341220
e67fc4f42c64beecccd5aa4da577f6ea	gi|943392602|ref|NR_117139.2|	99.775	445	1	0	5	449	342	786	0.0	817	649756
e67fc4f42c64beecccd5aa4da577f6ea	gi|943392601|ref|NR_117138.2|	99.775	445	1	0	5	449	342	786	0.0	817	649756
e67fc4f42c64beecccd5aa4da577f6ea	gi|559795210|ref|NR_104799.1|	99.775	445	1	0	5	449	334	778	0.0	817	649756
e67fc4f42c64beecccd5aa4da577f6ea	gi|2363085925|ref|NR_181215.1|	99.326	445	3	0	5	449	327	771	0.0	806	2738446
e67fc4f42c64beecccd5aa4da577f6ea	gi|631252121|ref|NR_113319.1|	97.982	446	7	2	5	449	346	790	0.0	773	645466
e67fc4f42c64beecccd5aa4da577f6ea	gi|636560803|ref|NR_116863.1|	97.763	447	7	3	5	449	333	778	0.0	767	645466
e67fc4f42c64beecccd5aa4da577f6ea	gi|2363081778|ref|NR_179135.1|	96.413	446	15	1	5	449	326	771	0.0	734	2025494
e67fc4f42c64beecccd5aa4da577f6ea	gi|2363087251|ref|NR_181881.1|	96.413	446	15	1	5	449	303	748	0.0	734	2880702
e67fc4f42c64beecccd5aa4da577f6ea	gi|265678610|ref|NR_028915.1|	96.197	447	15	2	5	449	311	757	0.0	730	105841
e67fc4f42c64beecccd5aa4da577f6ea	gi|2363080591|ref|NR_178536.1|	95.955	445	17	1	5	448	282	726	0.0	721	1229621
d90472b772b66e251964d7b4cb85fa00	gi|265678854|ref|NR_029160.1|	99.550	444	2	0	6	449	290	733	0.0	809	40519
d90472b772b66e251964d7b4cb85fa00	gi|507148077|ref|NR_102884.1|	95.291	446	17	4	6	449	328	771	0.0	704	213810
d90472b772b66e251964d7b4cb85fa00	gi|219846341|ref|NR_025931.1|	95.291	446	17	4	6	449	305	748	0.0	704	1265
d90472b772b66e251964d7b4cb85fa00	gi|636558832|ref|NR_114889.1|	94.619	446	19	5	6	449	274	716	0.0	686	213810
d90472b772b66e251964d7b4cb85fa00	gi|3248465648|ref|NR_201660.1|	94.407	447	19	5	6	449	316	759	0.0	682	3417630
d90472b772b66e251964d7b4cb85fa00	gi|3248465644|ref|NR_201656.1|	93.468	444	29	0	6	449	326	769	0.0	660	3417633
d90472b772b66e251964d7b4cb85fa00	gi|1864207164|ref|NR_169458.1|	92.377	446	30	4	6	449	342	785	0.0	632	2164149
d90472b772b66e251964d7b4cb85fa00	gi|2363082601|ref|NR_179547.1|	91.704	446	33	4	6	449	344	787	5.93e-176	616	1870991
d90472b772b66e251964d7b4cb85fa00	gi|444303976|ref|NR_074399.1|	91.441	444	38	0	6	449	330	773	2.76e-174	610	697329
d90472b772b66e251964d7b4cb85fa00	gi|631251834|ref|NR_113032.1|	91.441	444	38	0	6	449	330	773	2.76e-174	610	1264
2798398d8715ab4dfa38ea34e81f8232	gi|2363086278|ref|NR_181391.1|	99.775	445	1	0	5	449	245	689	0.0	817	2763670
2798398d8715ab4dfa38ea34e81f8232	gi|219856842|ref|NR_024661.1|	97.528	445	11	0	5	449	357	801	0.0	761	42322
2798398d8715ab4dfa38ea34e81f8232	gi|343198925|ref|NR_044049.1|	95.506	445	20	0	5	449	312	756	0.0	712	33043
2798398d8715ab4dfa38ea34e81f8232	gi|2363085925|ref|NR_181215.1|	95.281	445	21	0	5	449	327	771	0.0	706	2738446
2798398d8715ab4dfa38ea34e81f8232	gi|631252121|ref|NR_113319.1|	95.056	445	22	0	5	449	346	790	0.0	701	645466
2798398d8715ab4dfa38ea34e81f8232	gi|943392602|ref|NR_117139.2|	94.831	445	23	0	5	449	342	786	0.0	695	649756
2798398d8715ab4dfa38ea34e81f8232	gi|943392601|ref|NR_117138.2|	94.831	445	23	0	5	449	342	786	0.0	695	649756
2798398d8715ab4dfa38ea34e81f8232	gi|559795210|ref|NR_104799.1|	94.831	445	23	0	5	449	334	778	0.0	695	649756
2798398d8715ab4dfa38ea34e81f8232	gi|636560803|ref|NR_116863.1|	94.843	446	22	1	5	449	333	778	0.0	695	645466
2798398d8715ab4dfa38ea34e81f8232	gi|343202586|ref|NR_042953.1|	94.831	445	23	0	5	449	304	748	0.0	695	264463
0ad624af10de3afafb51f9ec4fac79fb	gi|343200590|ref|NR_041277.1|	99.785	465	1	0	5	469	335	799	0.0	854	484018
0ad624af10de3afafb51f9ec4fac79fb	gi|2221405488|ref|NR_175548.1|	96.574	467	12	4	5	469	342	806	0.0	771	2739389
0ad624af10de3afafb51f9ec4fac79fb	gi|1116030286|ref|NR_144744.1|	94.839	465	24	0	5	469	335	799	0.0	728	1841856
0ad624af10de3afafb51f9ec4fac79fb	gi|343200591|ref|NR_041278.1|	93.548	465	30	0	5	469	335	799	0.0	693	470145
0ad624af10de3afafb51f9ec4fac79fb	gi|2363082641|ref|NR_179567.1|	93.118	465	32	0	5	469	335	799	0.0	684	1907658
0ad624af10de3afafb51f9ec4fac79fb	gi|444304192|ref|NR_074616.1|	93.118	465	32	0	5	469	337	801	0.0	682	376805
0ad624af10de3afafb51f9ec4fac79fb	gi|343200760|ref|NR_041447.1|	93.118	465	32	0	5	469	322	786	0.0	682	376805
0ad624af10de3afafb51f9ec4fac79fb	gi|1146059112|ref|NR_145844.1|	92.505	467	31	4	5	469	335	799	0.0	665	1411144
0ad624af10de3afafb51f9ec4fac79fb	gi|631251740|ref|NR_112938.1|	92.275	466	34	2	5	469	322	786	0.0	660	204516
0ad624af10de3afafb51f9ec4fac79fb	gi|343198509|ref|NR_042745.1|	92.275	466	34	2	5	469	334	798	0.0	660	204516
187d618147cadcc34048cae177c0ae47	gi|2363081451|ref|NR_178972.1|	99.775	444	1	0	6	449	282	725	0.0	815	1851428
187d618147cadcc34048cae177c0ae47	gi|265678656|ref|NR_028961.1|	99.099	444	4	0	6	449	324	767	0.0	798	853
187d618147cadcc34048cae177c0ae47	gi|2363082282|ref|NR_179388.1|	98.874	444	5	0	6	449	332	775	0.0	793	2935520
187d618147cadcc34048cae177c0ae47	gi|2363080123|ref|NR_178280.1|	98.874	444	5	0	6	449	328	771	0.0	793	411483
187d618147cadcc34048cae177c0ae47	gi|3030611269|ref|NR_199945.1|	98.649	444	6	0	6	449	332	775	0.0	787	3435293
187d618147cadcc34048cae177c0ae47	gi|2363081449|ref|NR_178971.1|	98.423	444	6	1	6	449	282	724	0.0	780	1851427
187d618147cadcc34048cae177c0ae47	gi|2363080175|ref|NR_178311.1|	96.847	444	14	0	6	449	409	852	0.0	743	2903556
187d618147cadcc34048cae177c0ae47	gi|1397641802|ref|NR_156911.1|	93.018	444	31	0	6	449	348	791	0.0	649	1650663
187d618147cadcc34048cae177c0ae47	gi|2363084747|ref|NR_180622.1|	93.018	444	31	0	6	449	332	775	0.0	649	2779354
187d618147cadcc34048cae177c0ae47	gi|2363082356|ref|NR_179425.1|	92.809	445	30	2	6	449	348	791	0.0	643	1689304
21b5b3e21a2deb73ccf897aea0384f16	gi|343201234|ref|NR_041960.1|	99.103	446	2	2	6	450	219	663	0.0	800	89014
21b5b3e21a2deb73ccf897aea0384f16	gi|2363084170|ref|NR_180334.1|	97.758	446	7	3	6	450	250	693	0.0	765	2763028
21b5b3e21a2deb73ccf897aea0384f16	gi|2363086300|ref|NR_181402.1|	97.758	446	7	3	6	450	297	740	0.0	765	2763028
21b5b3e21a2deb73ccf897aea0384f16	gi|645321813|ref|NR_118692.1|	97.315	447	6	5	6	450	311	753	0.0	756	411459
21b5b3e21a2deb73ccf897aea0384f16	gi|1953646571|ref|NR_171444.1|	97.303	445	11	1	6	450	298	741	0.0	754	1912897
21b5b3e21a2deb73ccf897aea0384f16	gi|1953646488|ref|NR_171392.1|	97.303	445	11	1	6	450	352	795	0.0	754	1912897
21b5b3e21a2deb73ccf897aea0384f16	gi|1953646486|ref|NR_171390.1|	97.303	445	11	1	6	450	352	795	0.0	754	1912897
21b5b3e21a2deb73ccf897aea0384f16	gi|645320731|ref|NR_117867.1|	97.303	445	11	1	6	450	297	740	0.0	754	871664
21b5b3e21a2deb73ccf897aea0384f16	gi|1679775916|ref|NR_163638.1|	97.079	445	12	1	6	450	325	768	0.0	749	2025493
21b5b3e21a2deb73ccf897aea0384f16	gi|1679775915|ref|NR_163637.1|	97.079	445	12	1	6	450	325	768	0.0	749	2025493
4619f45e254f6dedd1169767319fe096	gi|343200190|ref|NR_040877.1|	98.710	465	6	0	5	469	337	801	0.0	828	537011
4619f45e254f6dedd1169767319fe096	gi|631252213|ref|NR_113411.1|	98.710	465	6	0	5	469	337	801	0.0	826	537011
4619f45e254f6dedd1169767319fe096	gi|2363084409|ref|NR_180452.1|	97.849	465	10	0	5	469	317	781	0.0	804	2518605
4619f45e254f6dedd1169767319fe096	gi|631251907|ref|NR_113105.1|	93.991	466	26	2	5	469	325	789	0.0	704	470565
4619f45e254f6dedd1169767319fe096	gi|343199048|ref|NR_044407.1|	93.991	466	26	2	5	469	317	781	0.0	704	470565
4619f45e254f6dedd1169767319fe096	gi|2221405403|ref|NR_175509.1|	93.562	466	28	2	5	469	337	801	0.0	693	2608404
4619f45e254f6dedd1169767319fe096	gi|566085557|ref|NR_109628.1|	93.562	466	28	2	5	469	318	782	0.0	693	1177574
4619f45e254f6dedd1169767319fe096	gi|631253107|ref|NR_114305.1|	93.562	466	28	2	5	469	337	801	0.0	693	1236518
4619f45e254f6dedd1169767319fe096	gi|636560666|ref|NR_116726.1|	93.562	466	28	2	5	469	317	781	0.0	693	1236518
4619f45e254f6dedd1169767319fe096	gi|631251926|ref|NR_113124.1|	93.133	466	30	2	5	469	337	801	0.0	682	28137
d0f2686f23e46ba67ec9c532314c296b	gi|1811131545|ref|NR_165727.1|	98.886	449	5	0	5	453	354	802	0.0	802	2358141
d0f2686f23e46ba67ec9c532314c296b	gi|219846061|ref|NR_025651.1|	94.878	449	22	1	5	453	346	793	0.0	701	160404
d0f2686f23e46ba67ec9c532314c296b	gi|631252210|ref|NR_113408.1|	94.655	449	23	1	5	453	347	794	0.0	695	28446
d0f2686f23e46ba67ec9c532314c296b	gi|1445136073|ref|NR_158113.1|	94.667	450	21	3	5	453	324	771	0.0	695	433287
d0f2686f23e46ba67ec9c532314c296b	gi|265678961|ref|NR_029269.1|	94.432	449	23	2	5	453	346	792	0.0	689	28446
d0f2686f23e46ba67ec9c532314c296b	gi|2621112349|ref|NR_189253.1|	93.987	449	27	0	5	453	341	789	0.0	680	2918914
d0f2686f23e46ba67ec9c532314c296b	gi|219846558|ref|NR_026150.1|	93.764	449	26	2	5	453	346	792	0.0	673	36847
d0f2686f23e46ba67ec9c532314c296b	gi|1397641803|ref|NR_156912.1|	93.750	448	27	1	6	453	304	750	0.0	671	1450156
d0f2686f23e46ba67ec9c532314c296b	gi|645320791|ref|NR_117912.1|	93.750	448	27	1	6	453	322	768	0.0	671	879970
d0f2686f23e46ba67ec9c532314c296b	gi|1230874676|ref|NR_148837.1|	93.556	450	23	4	5	453	343	787	0.0	665	1675854
f6836ec0af4a5efd771e964e3a7efd58	gi|559795255|ref|NR_104846.1|	99.775	444	1	0	6	449	285	728	0.0	815	745368
f6836ec0af4a5efd771e964e3a7efd58	gi|265678692|ref|NR_028997.1|	98.876	445	4	1	6	449	300	744	0.0	793	214851
f6836ec0af4a5efd771e964e3a7efd58	gi|2363084747|ref|NR_180622.1|	95.045	444	22	0	6	449	332	775	0.0	699	2779354
f6836ec0af4a5efd771e964e3a7efd58	gi|1277396189|ref|NR_151900.1|	94.144	444	26	0	6	449	348	791	0.0	676	1550024
f6836ec0af4a5efd771e964e3a7efd58	gi|1397641802|ref|NR_156911.1|	93.919	444	27	0	6	449	348	791	0.0	671	1650663
f6836ec0af4a5efd771e964e3a7efd58	gi|2363080123|ref|NR_178280.1|	93.243	444	30	0	6	449	328	771	0.0	654	411483
f6836ec0af4a5efd771e964e3a7efd58	gi|3030611269|ref|NR_199945.1|	93.018	444	31	0	6	449	332	775	0.0	649	3435293
f6836ec0af4a5efd771e964e3a7efd58	gi|2363082356|ref|NR_179425.1|	93.034	445	29	2	6	449	348	791	0.0	649	1689304
f6836ec0af4a5efd771e964e3a7efd58	gi|2363082282|ref|NR_179388.1|	93.018	444	31	0	6	449	332	775	0.0	649	2935520
f6836ec0af4a5efd771e964e3a7efd58	gi|265678656|ref|NR_028961.1|	93.018	444	31	0	6	449	324	767	0.0	649	853
d25db0488da5fa87c081795fbd28b49e	gi|2363080123|ref|NR_178280.1|	99.324	444	3	0	6	449	328	771	0.0	804	411483
d25db0488da5fa87c081795fbd28b49e	gi|3030611269|ref|NR_199945.1|	99.099	444	4	0	6	449	332	775	0.0	798	3435293
d25db0488da5fa87c081795fbd28b49e	gi|2363081449|ref|NR_178971.1|	98.874	444	4	1	6	449	282	724	0.0	791	1851427
d25db0488da5fa87c081795fbd28b49e	gi|265678656|ref|NR_028961.1|	98.649	444	6	0	6	449	324	767	0.0	787	853
d25db0488da5fa87c081795fbd28b49e	gi|2363081451|ref|NR_178972.1|	98.423	444	7	0	6	449	282	725	0.0	782	1851428
d25db0488da5fa87c081795fbd28b49e	gi|2363082282|ref|NR_179388.1|	97.753	445	8	2	6	449	332	775	0.0	765	2935520
d25db0488da5fa87c081795fbd28b49e	gi|2363080175|ref|NR_178311.1|	97.072	444	13	0	6	449	409	852	0.0	749	2903556
d25db0488da5fa87c081795fbd28b49e	gi|2363084747|ref|NR_180622.1|	93.933	445	25	2	6	449	332	775	0.0	671	2779354
d25db0488da5fa87c081795fbd28b49e	gi|559795255|ref|NR_104846.1|	93.694	444	28	0	6	449	285	728	0.0	665	745368
d25db0488da5fa87c081795fbd28b49e	gi|1277396189|ref|NR_151900.1|	93.243	444	30	0	6	449	348	791	0.0	654	1550024
12d8503c6f4adc065a1139f136c225a5	gi|2136551683|ref|NR_173688.1|	90.423	449	36	7	6	452	318	761	1.68e-166	584	2780922
12d8503c6f4adc065a1139f136c225a5	gi|3248465658|ref|NR_201672.1|	90.022	451	37	8	6	452	293	739	2.82e-164	577	3381350
12d8503c6f4adc065a1139f136c225a5	gi|2363082711|ref|NR_179603.1|	90.000	450	35	10	6	452	314	756	3.64e-163	573	1944642
12d8503c6f4adc065a1139f136c225a5	gi|265679047|ref|NR_029355.1|	89.755	449	39	7	6	452	329	772	1.70e-161	568	84026
12d8503c6f4adc065a1139f136c225a5	gi|2363086272|ref|NR_181388.1|	89.556	450	38	7	6	452	385	828	7.89e-160	562	2763658
12d8503c6f4adc065a1139f136c225a5	gi|2363082585|ref|NR_179539.1|	89.509	448	41	6	6	452	348	790	7.89e-160	562	1852384
12d8503c6f4adc065a1139f136c225a5	gi|343205927|ref|NR_044425.1|	89.579	451	36	10	6	452	343	786	7.89e-160	562	474960
12d8503c6f4adc065a1139f136c225a5	gi|785794309|ref|NG_041947.1|	89.262	447	48	0	6	452	466	912	2.84e-159	560	394503
12d8503c6f4adc065a1139f136c225a5	gi|785497611|ref|NR_102768.2|	89.262	447	48	0	6	452	327	773	2.84e-159	560	1521
12d8503c6f4adc065a1139f136c225a5	gi|559795314|ref|NR_104907.1|	89.286	448	44	4	6	452	312	756	1.02e-158	558	290054
c8facbebbd752a65812e10f9e6396397	gi|343200656|ref|NR_041343.1|	99.785	465	1	0	5	469	336	800	0.0	854	46503
c8facbebbd752a65812e10f9e6396397	gi|645322411|ref|NR_119166.1|	99.570	465	2	0	5	469	315	779	0.0	850	411477
c8facbebbd752a65812e10f9e6396397	gi|343200777|ref|NR_041464.1|	97.849	465	10	0	5	469	336	800	0.0	804	387661
c8facbebbd752a65812e10f9e6396397	gi|2363083816|ref|NR_180156.1|	96.989	465	14	0	5	469	287	751	0.0	782	2290935
c8facbebbd752a65812e10f9e6396397	gi|2363086049|ref|NR_181277.1|	96.559	465	16	0	5	469	305	769	0.0	771	2753162
c8facbebbd752a65812e10f9e6396397	gi|631251878|ref|NR_113076.1|	96.344	465	15	2	6	469	321	784	0.0	763	927665
c8facbebbd752a65812e10f9e6396397	gi|343202832|ref|NR_043317.1|	96.344	465	15	2	6	469	281	744	0.0	763	328812
c8facbebbd752a65812e10f9e6396397	gi|2363082715|ref|NR_179605.1|	95.923	466	17	2	5	469	312	776	0.0	754	1944636
c8facbebbd752a65812e10f9e6396397	gi|1811131517|ref|NR_165699.1|	95.905	464	19	0	6	469	333	796	0.0	752	2685834
c8facbebbd752a65812e10f9e6396397	gi|631252010|ref|NR_113208.1|	95.708	466	18	2	5	469	332	796	0.0	749	871327
1cbfede30ad7acd82503790c2008b15c	gi|343200979|ref|NR_041666.1|	99.787	469	1	0	6	474	333	801	0.0	861	742743
1cbfede30ad7acd82503790c2008b15c	gi|2363082841|ref|NR_179669.1|	96.802	469	15	0	6	474	357	825	0.0	784	2161821
1cbfede30ad7acd82503790c2008b15c	gi|2363082109|ref|NR_179301.1|	96.802	469	15	0	6	474	341	809	0.0	784	2582419
1cbfede30ad7acd82503790c2008b15c	gi|343198671|ref|NR_043231.1|	95.949	469	19	0	6	474	280	748	0.0	761	308994
1cbfede30ad7acd82503790c2008b15c	gi|631252159|ref|NR_113357.1|	95.745	470	19	1	6	474	353	822	0.0	756	308994
1cbfede30ad7acd82503790c2008b15c	gi|631252158|ref|NR_113356.1|	94.043	470	25	3	6	474	352	819	0.0	710	309120
1cbfede30ad7acd82503790c2008b15c	gi|343198462|ref|NR_041895.1|	94.043	470	25	3	6	474	293	760	0.0	710	888062
1cbfede30ad7acd82503790c2008b15c	gi|219846637|ref|NR_026229.1|	91.949	472	32	6	6	474	333	801	0.0	656	39950
1cbfede30ad7acd82503790c2008b15c	gi|343205705|ref|NR_044091.1|	91.507	471	36	4	6	474	237	705	0.0	645	423477
1cbfede30ad7acd82503790c2008b15c	gi|219857641|ref|NR_025230.1|	91.332	473	35	6	6	474	282	752	0.0	641	187326
9f435ac18f906f9b0ba2fdbab34e41a7	gi|645320731|ref|NR_117867.1|	99.775	444	1	0	6	449	297	740	0.0	815	871664
9f435ac18f906f9b0ba2fdbab34e41a7	gi|1679775916|ref|NR_163638.1|	99.550	444	2	0	6	449	325	768	0.0	809	2025493
9f435ac18f906f9b0ba2fdbab34e41a7	gi|1679775915|ref|NR_163637.1|	99.550	444	2	0	6	449	325	768	0.0	809	2025493
9f435ac18f906f9b0ba2fdbab34e41a7	gi|1679775914|ref|NR_163636.1|	99.550	444	2	0	6	449	325	768	0.0	809	2025493
9f435ac18f906f9b0ba2fdbab34e41a7	gi|1679775913|ref|NR_163635.1|	99.550	444	2	0	6	449	325	768	0.0	809	2025493
9f435ac18f906f9b0ba2fdbab34e41a7	gi|1679775912|ref|NR_163634.1|	99.550	444	2	0	6	449	325	768	0.0	809	2025493
9f435ac18f906f9b0ba2fdbab34e41a7	gi|1193829152|ref|NR_147395.1|	99.550	444	2	0	6	449	345	788	0.0	809	1917868
9f435ac18f906f9b0ba2fdbab34e41a7	gi|2363081194|ref|NR_178840.1|	99.550	444	2	0	6	449	345	788	0.0	809	1796616
9f435ac18f906f9b0ba2fdbab34e41a7	gi|559795101|ref|NR_104687.1|	99.550	444	2	0	6	449	345	788	0.0	809	537007
9f435ac18f906f9b0ba2fdbab34e41a7	gi|631252072|ref|NR_113270.1|	99.324	444	3	0	6	449	345	788	0.0	804	1121114
7614d2f5ca55b2b049c02ebc0184442b	gi|645321813|ref|NR_118692.1|	99.324	444	2	1	6	449	311	753	0.0	804	411459
7614d2f5ca55b2b049c02ebc0184442b	gi|2363084170|ref|NR_180334.1|	98.423	444	7	0	6	449	250	693	0.0	782	2763028
7614d2f5ca55b2b049c02ebc0184442b	gi|2363086300|ref|NR_181402.1|	98.423	444	7	0	6	449	297	740	0.0	782	2763028
7614d2f5ca55b2b049c02ebc0184442b	gi|219846720|ref|NR_026312.1|	97.748	444	10	0	6	449	324	767	0.0	767	180164
7614d2f5ca55b2b049c02ebc0184442b	gi|631252033|ref|NR_113231.1|	97.748	444	10	0	6	449	344	787	0.0	765	536633
7614d2f5ca55b2b049c02ebc0184442b	gi|631251591|ref|NR_112789.1|	97.748	444	10	0	6	449	330	773	0.0	765	536633
7614d2f5ca55b2b049c02ebc0184442b	gi|1109168017|ref|NR_144607.1|	97.523	444	11	0	6	449	279	722	0.0	760	1796615
7614d2f5ca55b2b049c02ebc0184442b	gi|343201234|ref|NR_041960.1|	97.528	445	10	1	6	449	219	663	0.0	760	89014
7614d2f5ca55b2b049c02ebc0184442b	gi|645320731|ref|NR_117867.1|	97.523	444	11	0	6	449	297	740	0.0	760	871664
7614d2f5ca55b2b049c02ebc0184442b	gi|343205678|ref|NR_044054.1|	97.523	444	11	0	6	449	294	737	0.0	760	1121115
7c8d729d1fa41d0722d89554a8882536	gi|631251734|ref|NR_112932.1|	99.355	465	3	0	5	469	324	788	0.0	843	47678
7c8d729d1fa41d0722d89554a8882536	gi|219846650|ref|NR_026242.1|	99.355	465	3	0	5	469	314	778	0.0	843	47678
7c8d729d1fa41d0722d89554a8882536	gi|631251869|ref|NR_113067.1|	97.634	465	11	0	5	469	321	785	0.0	798	1077285
7c8d729d1fa41d0722d89554a8882536	gi|343200626|ref|NR_041313.1|	97.634	465	11	0	5	469	336	800	0.0	798	338188
7c8d729d1fa41d0722d89554a8882536	gi|645320100|ref|NR_117387.1|	97.419	465	12	0	5	469	316	780	0.0	793	1077285
7c8d729d1fa41d0722d89554a8882536	gi|631251749|ref|NR_112947.1|	97.204	465	13	0	5	469	322	786	0.0	789	657309
7c8d729d1fa41d0722d89554a8882536	gi|2363084431|ref|NR_180463.1|	97.204	465	13	0	5	469	336	800	0.0	787	2650158
7c8d729d1fa41d0722d89554a8882536	gi|2363084421|ref|NR_180458.1|	97.204	465	13	0	5	469	336	800	0.0	787	2650157
7c8d729d1fa41d0722d89554a8882536	gi|343201773|ref|NR_042499.1|	97.204	465	13	0	5	469	290	754	0.0	787	657309
7c8d729d1fa41d0722d89554a8882536	gi|343200620|ref|NR_041307.1|	97.204	465	13	0	5	469	330	794	0.0	787	329854
2a6555ce4c40360fbbee3189bf612762	gi|343200979|ref|NR_041666.1|	99.360	469	3	0	6	474	333	801	0.0	850	742743
2a6555ce4c40360fbbee3189bf612762	gi|2363082841|ref|NR_179669.1|	96.375	469	17	0	6	474	357	825	0.0	773	2161821
2a6555ce4c40360fbbee3189bf612762	gi|2363082109|ref|NR_179301.1|	96.375	469	17	0	6	474	341	809	0.0	773	2582419
2a6555ce4c40360fbbee3189bf612762	gi|343198671|ref|NR_043231.1|	95.522	469	21	0	6	474	280	748	0.0	750	308994
2a6555ce4c40360fbbee3189bf612762	gi|631252159|ref|NR_113357.1|	95.319	470	21	1	6	474	353	822	0.0	745	308994
2a6555ce4c40360fbbee3189bf612762	gi|631252158|ref|NR_113356.1|	93.617	470	27	3	6	474	352	819	0.0	699	309120
2a6555ce4c40360fbbee3189bf612762	gi|343198462|ref|NR_041895.1|	93.617	470	27	3	6	474	293	760	0.0	699	888062
2a6555ce4c40360fbbee3189bf612762	gi|219846637|ref|NR_026229.1|	91.525	472	34	6	6	474	333	801	0.0	645	39950
2a6555ce4c40360fbbee3189bf612762	gi|343205705|ref|NR_044091.1|	91.295	471	37	4	6	474	237	705	0.0	640	423477
2a6555ce4c40360fbbee3189bf612762	gi|2363082157|ref|NR_179325.1|	91.102	472	36	6	6	474	297	765	0.0	634	2682456
c0b91dc16ea2cbfc6f569c34f0e21088	gi|2363082679|ref|NR_179587.1|	98.202	445	8	0	5	449	324	768	0.0	778	1926283
c0b91dc16ea2cbfc6f569c34f0e21088	gi|2363081854|ref|NR_179173.1|	98.202	445	8	0	5	449	329	773	0.0	778	2126740
c0b91dc16ea2cbfc6f569c34f0e21088	gi|2363086280|ref|NR_181392.1|	96.868	447	12	1	5	449	320	766	0.0	747	2763665
c0b91dc16ea2cbfc6f569c34f0e21088	gi|3030611230|ref|NR_199906.1|	96.861	446	12	2	5	449	350	794	0.0	745	3123317
c0b91dc16ea2cbfc6f569c34f0e21088	gi|3030611314|ref|NR_199990.1|	96.861	446	12	2	5	449	346	790	0.0	745	3123317
c0b91dc16ea2cbfc6f569c34f0e21088	gi|1384992331|ref|NR_156080.1|	96.861	446	12	2	5	449	332	776	0.0	745	1469948
c0b91dc16ea2cbfc6f569c34f0e21088	gi|1384992328|ref|NR_156077.1|	96.861	446	12	2	5	449	332	776	0.0	745	1469948
c0b91dc16ea2cbfc6f569c34f0e21088	gi|2363086290|ref|NR_181397.1|	96.854	445	14	0	5	449	299	743	0.0	745	2763671
c0b91dc16ea2cbfc6f569c34f0e21088	gi|1384992332|ref|NR_156081.1|	96.637	446	13	2	5	449	332	776	0.0	739	1469948
c0b91dc16ea2cbfc6f569c34f0e21088	gi|1384992329|ref|NR_156078.1|	96.637	446	13	2	5	449	332	776	0.0	739	1469948
cbec7142c8156843b674e8be50869a4a	gi|444304091|ref|NR_074515.1|	98.927	466	3	2	5	469	346	810	0.0	832	435590
cbec7142c8156843b674e8be50869a4a	gi|631251748|ref|NR_112946.1|	98.927	466	3	2	5	469	335	799	0.0	832	821
cbec7142c8156843b674e8be50869a4a	gi|343200664|ref|NR_041351.1|	98.710	465	6	0	5	469	337	801	0.0	826	357276
cbec7142c8156843b674e8be50869a4a	gi|631250946|ref|NR_112143.1|	98.712	466	4	2	5	469	303	767	0.0	826	821
cbec7142c8156843b674e8be50869a4a	gi|631251997|ref|NR_113195.1|	93.978	465	28	0	5	469	334	798	0.0	704	1236515
cbec7142c8156843b674e8be50869a4a	gi|631251866|ref|NR_113064.1|	93.763	465	29	0	5	469	334	798	0.0	699	1236538
cbec7142c8156843b674e8be50869a4a	gi|631251817|ref|NR_113015.1|	93.763	465	29	0	5	469	334	798	0.0	699	1236538
cbec7142c8156843b674e8be50869a4a	gi|645320081|ref|NR_117373.1|	93.763	465	29	0	5	469	285	749	0.0	699	1236515
cbec7142c8156843b674e8be50869a4a	gi|2363085522|ref|NR_181010.1|	93.333	465	31	0	5	469	293	757	0.0	688	2786956
cbec7142c8156843b674e8be50869a4a	gi|2363082773|ref|NR_179635.1|	93.333	465	31	0	5	469	334	798	0.0	688	2024197
9d1d8217a38917ae8cee2f43e92c16d3	gi|343200190|ref|NR_040877.1|	96.352	466	15	2	5	469	337	801	0.0	767	537011
9d1d8217a38917ae8cee2f43e92c16d3	gi|631252213|ref|NR_113411.1|	96.352	466	15	2	5	469	337	801	0.0	765	537011
9d1d8217a38917ae8cee2f43e92c16d3	gi|2363084409|ref|NR_180452.1|	95.494	466	19	2	5	469	317	781	0.0	743	2518605
9d1d8217a38917ae8cee2f43e92c16d3	gi|631253107|ref|NR_114305.1|	92.094	468	31	6	5	469	337	801	0.0	654	1236518
9d1d8217a38917ae8cee2f43e92c16d3	gi|631251907|ref|NR_113105.1|	92.094	468	31	6	5	469	325	789	0.0	654	470565
9d1d8217a38917ae8cee2f43e92c16d3	gi|636560666|ref|NR_116726.1|	92.094	468	31	6	5	469	317	781	0.0	654	1236518
9d1d8217a38917ae8cee2f43e92c16d3	gi|343199048|ref|NR_044407.1|	92.094	468	31	6	5	469	317	781	0.0	654	470565
9d1d8217a38917ae8cee2f43e92c16d3	gi|2221405403|ref|NR_175509.1|	91.667	468	33	6	5	469	337	801	0.0	643	2608404
9d1d8217a38917ae8cee2f43e92c16d3	gi|566085557|ref|NR_109628.1|	91.667	468	33	6	5	469	318	782	0.0	643	1177574
9d1d8217a38917ae8cee2f43e92c16d3	gi|631251926|ref|NR_113124.1|	91.667	468	33	6	5	469	337	801	0.0	643	28137
19f215cf394d9d0a120ae05725717eb9	gi|2363085097|ref|NR_180797.1|	96.861	446	12	2	5	449	342	786	0.0	745	2605778
19f215cf394d9d0a120ae05725717eb9	gi|2363082679|ref|NR_179587.1|	96.180	445	17	0	5	449	324	768	0.0	728	1926283
19f215cf394d9d0a120ae05725717eb9	gi|2363081854|ref|NR_179173.1|	96.180	445	17	0	5	449	329	773	0.0	728	2126740
19f215cf394d9d0a120ae05725717eb9	gi|645321072|ref|NR_118128.1|	95.973	447	14	4	5	449	170	614	0.0	723	1531
19f215cf394d9d0a120ae05725717eb9	gi|631252212|ref|NR_113410.1|	95.973	447	14	4	5	449	253	697	0.0	723	208479
19f215cf394d9d0a120ae05725717eb9	gi|219878428|ref|NR_025567.1|	95.973	447	14	4	5	449	344	788	0.0	723	208479
19f215cf394d9d0a120ae05725717eb9	gi|2363082583|ref|NR_179538.1|	95.749	447	15	4	5	449	342	786	0.0	717	1852382
19f215cf394d9d0a120ae05725717eb9	gi|545589118|ref|NR_044715.2|	95.516	446	18	2	5	449	351	795	0.0	713	1531
19f215cf394d9d0a120ae05725717eb9	gi|631251457|ref|NR_112654.1|	95.516	446	18	2	5	449	334	778	0.0	713	1286362
19f215cf394d9d0a120ae05725717eb9	gi|2363083601|ref|NR_180048.1|	95.506	445	20	0	5	449	334	778	0.0	712	253257
e0bec34b0244e901d0c97b5eed756ef1	gi|636560687|ref|NR_116747.1|	99.775	445	1	0	5	449	297	741	0.0	817	1298596
e0bec34b0244e901d0c97b5eed756ef1	gi|2363085133|ref|NR_180815.1|	97.523	444	11	0	6	449	347	790	0.0	760	2606633
e0bec34b0244e901d0c97b5eed756ef1	gi|2363083556|ref|NR_180026.1|	97.523	444	11	0	6	449	345	788	0.0	760	2696678
e0bec34b0244e901d0c97b5eed756ef1	gi|2363082374|ref|NR_179434.1|	97.303	445	12	0	5	449	345	789	0.0	756	1720300
e0bec34b0244e901d0c97b5eed756ef1	gi|1909404440|ref|NR_170495.1|	97.297	444	12	0	6	449	352	795	0.0	754	2509240
e0bec34b0244e901d0c97b5eed756ef1	gi|310974914|ref|NR_036777.1|	97.079	445	13	0	5	449	329	773	0.0	754	33039
e0bec34b0244e901d0c97b5eed756ef1	gi|631251356|ref|NR_112553.1|	97.085	446	12	1	5	449	344	789	0.0	750	342942
e0bec34b0244e901d0c97b5eed756ef1	gi|228719063|ref|NR_027579.1|	96.629	445	15	0	5	449	312	756	0.0	745	471875
e0bec34b0244e901d0c97b5eed756ef1	gi|2363084846|ref|NR_180671.1|	96.629	445	15	0	5	449	59	503	0.0	739	2594882
e0bec34b0244e901d0c97b5eed756ef1	gi|2962412221|ref|NR_199415.1|	96.629	445	15	0	5	449	334	778	0.0	739	3136600
183b0a68ad9161c96845c81a5a12350b	gi|228719063|ref|NR_027579.1|	99.101	445	4	0	5	449	312	756	0.0	806	471875
183b0a68ad9161c96845c81a5a12350b	gi|2363082059|ref|NR_179276.1|	98.202	445	8	0	5	449	330	774	0.0	778	2316025
183b0a68ad9161c96845c81a5a12350b	gi|2363087259|ref|NR_181885.1|	97.758	446	8	2	5	449	331	775	0.0	767	2885351
183b0a68ad9161c96845c81a5a12350b	gi|2363082374|ref|NR_179434.1|	97.528	445	11	0	5	449	345	789	0.0	761	1720300
183b0a68ad9161c96845c81a5a12350b	gi|636560687|ref|NR_116747.1|	97.303	445	12	0	5	449	297	741	0.0	756	1298596
183b0a68ad9161c96845c81a5a12350b	gi|2363085133|ref|NR_180815.1|	97.297	444	12	0	6	449	347	790	0.0	754	2606633
183b0a68ad9161c96845c81a5a12350b	gi|2363083556|ref|NR_180026.1|	97.297	444	12	0	6	449	345	788	0.0	754	2696678
183b0a68ad9161c96845c81a5a12350b	gi|2363082679|ref|NR_179587.1|	97.079	445	13	0	5	449	324	768	0.0	750	1926283
183b0a68ad9161c96845c81a5a12350b	gi|2363081854|ref|NR_179173.1|	97.079	445	13	0	5	449	329	773	0.0	750	2126740
183b0a68ad9161c96845c81a5a12350b	gi|974142252|ref|NR_134772.1|	97.085	446	11	2	5	449	293	737	0.0	750	1337051
8e3512c9f3112449eb77be5a752423d3	gi|2363080125|ref|NR_178281.1|	99.775	445	1	0	5	449	336	780	0.0	817	105843
8e3512c9f3112449eb77be5a752423d3	gi|645321789|ref|NR_118673.1|	98.876	445	5	0	5	449	350	794	0.0	802	39488
8e3512c9f3112449eb77be5a752423d3	gi|219856842|ref|NR_024661.1|	95.516	446	18	2	5	449	357	801	0.0	712	42322
8e3512c9f3112449eb77be5a752423d3	gi|343198925|ref|NR_044049.1|	95.056	445	22	0	5	449	312	756	0.0	701	33043
8e3512c9f3112449eb77be5a752423d3	gi|2363086278|ref|NR_181391.1|	94.843	446	21	2	5	449	245	689	0.0	695	2763670
8e3512c9f3112449eb77be5a752423d3	gi|645322302|ref|NR_119085.1|	94.855	447	17	5	5	449	343	785	0.0	693	29364
8e3512c9f3112449eb77be5a752423d3	gi|219846511|ref|NR_026103.1|	94.407	447	21	4	5	449	312	756	0.0	684	37658
8e3512c9f3112449eb77be5a752423d3	gi|559795246|ref|NR_104836.1|	94.382	445	23	2	6	449	330	773	0.0	682	706562
8e3512c9f3112449eb77be5a752423d3	gi|645321792|ref|NR_118676.1|	93.919	444	27	0	6	449	367	810	0.0	680	39497
8e3512c9f3112449eb77be5a752423d3	gi|1277396381|ref|NR_152095.1|	93.946	446	25	2	5	449	344	788	0.0	673	1679721
74fa32424785c4ae399747a7c568e790	gi|631251747|ref|NR_112945.1|	99.570	465	2	0	5	469	323	787	0.0	848	820
74fa32424785c4ae399747a7c568e790	gi|343200179|ref|NR_040866.1|	99.570	465	2	0	5	469	330	794	0.0	848	820
74fa32424785c4ae399747a7c568e790	gi|2363086550|ref|NR_181532.1|	99.140	465	4	0	5	469	318	782	0.0	837	2763025
74fa32424785c4ae399747a7c568e790	gi|631251874|ref|NR_113072.1|	97.634	465	11	0	5	469	334	798	0.0	798	1236512
74fa32424785c4ae399747a7c568e790	gi|2363082773|ref|NR_179635.1|	97.419	465	12	0	5	469	334	798	0.0	793	2024197
74fa32424785c4ae399747a7c568e790	gi|631251816|ref|NR_113014.1|	97.419	465	12	0	5	469	334	798	0.0	793	1236512
74fa32424785c4ae399747a7c568e790	gi|631251735|ref|NR_112933.1|	96.774	465	15	0	5	469	330	794	0.0	776	246787
74fa32424785c4ae399747a7c568e790	gi|343200620|ref|NR_041307.1|	96.559	465	16	0	5	469	330	794	0.0	771	329854
74fa32424785c4ae399747a7c568e790	gi|2363084421|ref|NR_180458.1|	96.344	465	17	0	5	469	336	800	0.0	765	2650157
74fa32424785c4ae399747a7c568e790	gi|2363082635|ref|NR_179564.1|	96.344	465	17	0	5	469	334	798	0.0	765	1903262
59fdd676e3ef89e4a8732af200486485	gi|2363082569|ref|NR_179531.1|	95.089	448	18	4	6	451	344	789	0.0	702	1852369
59fdd676e3ef89e4a8732af200486485	gi|2363082168|ref|NR_179330.1|	94.843	446	23	0	6	451	324	769	0.0	697	2714355
59fdd676e3ef89e4a8732af200486485	gi|2363082165|ref|NR_179329.1|	94.619	446	24	0	6	451	324	769	0.0	691	2714353
59fdd676e3ef89e4a8732af200486485	gi|2363082342|ref|NR_179418.1|	94.183	447	25	1	6	451	345	791	0.0	680	1673721
59fdd676e3ef89e4a8732af200486485	gi|645321110|ref|NR_118156.1|	92.873	449	26	5	6	451	301	746	0.0	647	1007096
59fdd676e3ef89e4a8732af200486485	gi|1269801610|ref|NR_074793.2|	92.617	447	31	2	6	451	352	797	0.0	641	351091
59fdd676e3ef89e4a8732af200486485	gi|343200653|ref|NR_041340.1|	92.617	447	31	2	6	451	325	770	0.0	641	351091
59fdd676e3ef89e4a8732af200486485	gi|2260349448|ref|NR_176530.1|	92.205	449	29	5	6	451	355	800	2.13e-180	630	2093857
59fdd676e3ef89e4a8732af200486485	gi|2363084741|ref|NR_180619.1|	92.170	447	34	1	6	451	344	790	2.13e-180	630	2779352
59fdd676e3ef89e4a8732af200486485	gi|2363082559|ref|NR_179526.1|	92.205	449	29	5	6	451	346	791	2.13e-180	630	1841866
48baab951e62c95a91a35db28f583453	gi|2363081254|ref|NR_178871.1|	90.200	449	38	6	6	452	334	778	2.18e-165	580	1792311
48baab951e62c95a91a35db28f583453	gi|2363086264|ref|NR_181384.1|	90.222	450	35	9	6	452	247	690	7.83e-165	579	2763660
48baab951e62c95a91a35db28f583453	gi|444304204|ref|NR_074629.1|	89.845	453	34	9	6	452	338	784	1.31e-162	571	1515
48baab951e62c95a91a35db28f583453	gi|631251959|ref|NR_113157.1|	89.845	453	34	9	6	452	338	784	1.31e-162	571	1515
48baab951e62c95a91a35db28f583453	gi|343200549|ref|NR_041236.1|	89.709	447	44	2	6	452	318	762	4.71e-162	569	1122184
48baab951e62c95a91a35db28f583453	gi|2363084120|ref|NR_180309.1|	89.625	453	35	9	6	452	286	732	6.10e-161	566	2487273
48baab951e62c95a91a35db28f583453	gi|785794309|ref|NG_041947.1|	89.602	452	37	10	6	452	466	912	6.10e-161	566	394503
48baab951e62c95a91a35db28f583453	gi|785497611|ref|NR_102768.2|	89.602	452	37	10	6	452	327	773	6.10e-161	566	1521
48baab951e62c95a91a35db28f583453	gi|631252162|ref|NR_113360.1|	89.625	453	35	12	6	452	336	782	6.10e-161	566	1121303
48baab951e62c95a91a35db28f583453	gi|645319736|ref|NR_117111.1|	89.625	453	35	12	6	452	333	779	6.10e-161	566	29371
066dcca397e6e1ccbf24ea963b431f87	gi|631251954|ref|NR_113152.1|	99.784	464	1	0	6	469	334	797	0.0	852	28117
066dcca397e6e1ccbf24ea963b431f87	gi|219846319|ref|NR_025909.1|	96.983	464	14	0	6	469	341	804	0.0	800	28117
066dcca397e6e1ccbf24ea963b431f87	gi|645321193|ref|NR_118219.1|	97.425	466	10	2	5	469	328	792	0.0	793	1033732
066dcca397e6e1ccbf24ea963b431f87	gi|672239000|ref|NR_125589.1|	97.210	466	11	2	5	469	265	729	0.0	787	1033731
066dcca397e6e1ccbf24ea963b431f87	gi|2363086959|ref|NR_181736.1|	96.996	466	12	2	5	469	330	794	0.0	782	2834113
066dcca397e6e1ccbf24ea963b431f87	gi|2363082099|ref|NR_179296.1|	96.996	466	12	2	5	469	320	784	0.0	782	2585119
066dcca397e6e1ccbf24ea963b431f87	gi|631251953|ref|NR_113151.1|	96.567	466	12	4	6	469	335	798	0.0	769	328813
066dcca397e6e1ccbf24ea963b431f87	gi|343202833|ref|NR_043318.1|	96.567	466	12	4	6	469	321	784	0.0	769	328813
066dcca397e6e1ccbf24ea963b431f87	gi|2363082505|ref|NR_179499.1|	96.154	468	12	6	5	469	338	802	0.0	760	2364787
066dcca397e6e1ccbf24ea963b431f87	gi|507148137|ref|NR_102944.1|	96.137	466	16	2	5	469	330	794	0.0	760	214856
4ad7228cd573b66b64c6f8875fa6bd34	gi|2363082569|ref|NR_179531.1|	99.327	446	3	0	6	451	344	789	0.0	808	1852369
4ad7228cd573b66b64c6f8875fa6bd34	gi|1269801610|ref|NR_074793.2|	94.619	446	24	0	6	451	352	797	0.0	691	351091
4ad7228cd573b66b64c6f8875fa6bd34	gi|343200653|ref|NR_041340.1|	94.619	446	24	0	6	451	325	770	0.0	691	351091
4ad7228cd573b66b64c6f8875fa6bd34	gi|2260349448|ref|NR_176530.1|	94.395	446	25	0	6	451	355	800	0.0	686	2093857
4ad7228cd573b66b64c6f8875fa6bd34	gi|2363082559|ref|NR_179526.1|	94.395	446	25	0	6	451	346	791	0.0	686	1841866
4ad7228cd573b66b64c6f8875fa6bd34	gi|645321110|ref|NR_118156.1|	94.170	446	26	0	6	451	301	746	0.0	680	1007096
4ad7228cd573b66b64c6f8875fa6bd34	gi|2962412234|ref|NR_199428.1|	93.498	446	29	0	6	451	349	794	0.0	664	3073143
4ad7228cd573b66b64c6f8875fa6bd34	gi|2363082170|ref|NR_179331.1|	93.289	447	29	1	6	451	325	771	0.0	658	2714358
4ad7228cd573b66b64c6f8875fa6bd34	gi|2363082168|ref|NR_179330.1|	93.080	448	27	4	6	451	324	769	0.0	652	2714355
4ad7228cd573b66b64c6f8875fa6bd34	gi|2363087001|ref|NR_181757.1|	92.857	448	28	4	6	451	286	731	0.0	647	2841504
1d331122ce249e265078da79cb1dd558	gi|3030611330|ref|NR_200006.1|	99.573	468	2	0	6	473	330	797	0.0	854	3035606
1d331122ce249e265078da79cb1dd558	gi|228715354|ref|NR_027526.1|	96.368	468	14	3	6	473	326	790	0.0	767	451640
1d331122ce249e265078da79cb1dd558	gi|2363085157|ref|NR_180827.1|	93.617	470	27	3	6	473	325	793	0.0	699	2652286
1d331122ce249e265078da79cb1dd558	gi|343200617|ref|NR_041304.1|	93.603	469	28	2	6	473	305	772	0.0	699	322505
1d331122ce249e265078da79cb1dd558	gi|631252045|ref|NR_113243.1|	92.949	468	33	0	6	473	325	792	0.0	682	1547
1d331122ce249e265078da79cb1dd558	gi|1811131529|ref|NR_165711.1|	92.766	470	32	2	6	473	309	778	0.0	678	2487118
1d331122ce249e265078da79cb1dd558	gi|631253195|ref|NR_114393.1|	92.751	469	32	2	6	473	323	790	0.0	676	29348
1d331122ce249e265078da79cb1dd558	gi|343203026|ref|NR_043550.1|	92.735	468	34	0	6	473	324	791	0.0	676	341225
1d331122ce249e265078da79cb1dd558	gi|1109168034|ref|NR_144615.1|	92.521	468	35	0	6	473	313	780	0.0	671	1796628
1d331122ce249e265078da79cb1dd558	gi|343200618|ref|NR_041305.1|	92.553	470	32	3	6	473	305	773	0.0	671	1410657
2790bfc66afb7f42cdd7eb32945acdc5	gi|265678578|ref|NR_028883.1|	98.202	445	7	1	6	449	223	667	0.0	776	88431
2790bfc66afb7f42cdd7eb32945acdc5	gi|1397641798|ref|NR_156907.1|	97.758	446	8	2	5	449	344	788	0.0	767	1912855
2790bfc66afb7f42cdd7eb32945acdc5	gi|631250892|ref|NR_112089.1|	97.539	447	7	4	5	449	332	776	0.0	761	553973
2790bfc66afb7f42cdd7eb32945acdc5	gi|310974936|ref|NR_036800.1|	97.534	446	9	2	5	449	322	766	0.0	761	411470
2790bfc66afb7f42cdd7eb32945acdc5	gi|645321810|ref|NR_118690.1|	97.534	446	9	2	5	449	334	778	0.0	761	411470
2790bfc66afb7f42cdd7eb32945acdc5	gi|224581401|ref|NR_024719.1|	97.539	447	6	5	5	449	337	780	0.0	760	89153
2790bfc66afb7f42cdd7eb32945acdc5	gi|2363082765|ref|NR_179631.1|	97.303	445	12	0	5	449	344	788	0.0	756	2014528
2790bfc66afb7f42cdd7eb32945acdc5	gi|2363086212|ref|NR_181358.1|	97.303	445	12	0	5	449	336	780	0.0	756	2788944
2790bfc66afb7f42cdd7eb32945acdc5	gi|265678482|ref|NR_028785.1|	97.297	444	12	0	6	449	348	791	0.0	754	29347
2790bfc66afb7f42cdd7eb32945acdc5	gi|1109168038|ref|NR_144617.1|	97.079	445	13	0	5	449	336	780	0.0	750	1796634
4b8e97e585eb1170ea29135ebee196e8	gi|1277396271|ref|NR_151982.1|	99.776	447	1	0	6	452	245	691	0.0	821	1628085
4b8e97e585eb1170ea29135ebee196e8	gi|1277396349|ref|NR_152060.1|	99.553	447	2	0	6	452	333	779	0.0	817	1712515
4b8e97e585eb1170ea29135ebee196e8	gi|545589041|ref|NR_044644.2|	96.421	447	14	1	6	452	351	795	0.0	743	39484
4b8e97e585eb1170ea29135ebee196e8	gi|1193829128|ref|NR_147371.1|	96.421	447	14	1	6	452	274	718	0.0	736	1871029
4b8e97e585eb1170ea29135ebee196e8	gi|343205971|ref|NR_044490.1|	95.089	448	21	1	6	452	345	792	0.0	704	501571
4b8e97e585eb1170ea29135ebee196e8	gi|2363082930|ref|NR_179713.1|	94.407	447	25	0	6	452	316	762	0.0	688	1945634
4b8e97e585eb1170ea29135ebee196e8	gi|2363087009|ref|NR_181761.1|	93.065	447	30	1	6	452	266	711	0.0	652	2841509
4b8e97e585eb1170ea29135ebee196e8	gi|645321636|ref|NR_118554.1|	91.051	447	40	0	6	452	326	772	1.29e-172	604	1297617
4b8e97e585eb1170ea29135ebee196e8	gi|3248465658|ref|NR_201672.1|	90.848	448	39	2	6	452	293	739	6.01e-171	599	3381350
4b8e97e585eb1170ea29135ebee196e8	gi|2363082352|ref|NR_179423.1|	90.848	448	39	2	6	452	346	792	6.01e-171	599	1689270
1ee545bdfa50e2940f68a3672962c159	gi|2363082342|ref|NR_179418.1|	93.289	447	29	1	6	451	345	791	0.0	658	1673721
1ee545bdfa50e2940f68a3672962c159	gi|3030611324|ref|NR_200000.1|	93.065	447	30	1	6	451	298	744	0.0	652	3342383
1ee545bdfa50e2940f68a3672962c159	gi|1109168025|ref|NR_144611.1|	93.065	447	30	1	6	451	279	725	0.0	652	1417852
1ee545bdfa50e2940f68a3672962c159	gi|2363082569|ref|NR_179531.1|	92.634	448	29	4	6	451	344	789	0.0	641	1852369
1ee545bdfa50e2940f68a3672962c159	gi|2363082352|ref|NR_179423.1|	92.617	447	32	1	6	451	346	792	0.0	641	1689270
1ee545bdfa50e2940f68a3672962c159	gi|2363082168|ref|NR_179330.1|	92.394	447	32	2	6	451	324	769	0.0	636	2714355
1ee545bdfa50e2940f68a3672962c159	gi|2363083800|ref|NR_180148.1|	92.170	447	34	1	6	451	346	792	2.13e-180	630	2211183
1ee545bdfa50e2940f68a3672962c159	gi|2363082165|ref|NR_179329.1|	92.170	447	33	2	6	451	324	769	2.13e-180	630	2714353
1ee545bdfa50e2940f68a3672962c159	gi|645321636|ref|NR_118554.1|	92.170	447	34	1	6	451	326	772	2.13e-180	630	1297617
1ee545bdfa50e2940f68a3672962c159	gi|219846612|ref|NR_026204.1|	91.964	448	33	3	6	451	325	771	2.75e-179	627	47246
b31cde59263c96208568aaf83acb03d0	gi|343200979|ref|NR_041666.1|	99.787	469	1	0	6	474	333	801	0.0	861	742743
b31cde59263c96208568aaf83acb03d0	gi|2363082841|ref|NR_179669.1|	96.802	469	15	0	6	474	357	825	0.0	784	2161821
b31cde59263c96208568aaf83acb03d0	gi|2363082109|ref|NR_179301.1|	96.802	469	15	0	6	474	341	809	0.0	784	2582419
b31cde59263c96208568aaf83acb03d0	gi|343198671|ref|NR_043231.1|	95.949	469	19	0	6	474	280	748	0.0	761	308994
b31cde59263c96208568aaf83acb03d0	gi|631252159|ref|NR_113357.1|	95.745	470	19	1	6	474	353	822	0.0	756	308994
b31cde59263c96208568aaf83acb03d0	gi|631252158|ref|NR_113356.1|	94.043	470	25	3	6	474	352	819	0.0	710	309120
b31cde59263c96208568aaf83acb03d0	gi|343198462|ref|NR_041895.1|	94.043	470	25	3	6	474	293	760	0.0	710	888062
b31cde59263c96208568aaf83acb03d0	gi|219846637|ref|NR_026229.1|	92.373	472	30	6	6	474	333	801	0.0	667	39950
b31cde59263c96208568aaf83acb03d0	gi|343205705|ref|NR_044091.1|	91.507	471	36	4	6	474	237	705	0.0	645	423477
b31cde59263c96208568aaf83acb03d0	gi|219857641|ref|NR_025230.1|	91.332	473	35	6	6	474	282	752	0.0	641	187326
55de21291e1b2c6a9b4e6b57dd6a067c	gi|2363082282|ref|NR_179388.1|	99.550	444	2	0	6	449	332	775	0.0	809	2935520
55de21291e1b2c6a9b4e6b57dd6a067c	gi|2363081451|ref|NR_178972.1|	98.874	444	5	0	6	449	282	725	0.0	793	1851428
55de21291e1b2c6a9b4e6b57dd6a067c	gi|265678656|ref|NR_028961.1|	98.423	444	7	0	6	449	324	767	0.0	782	853
55de21291e1b2c6a9b4e6b57dd6a067c	gi|2363080123|ref|NR_178280.1|	98.202	445	6	2	6	449	328	771	0.0	776	411483
55de21291e1b2c6a9b4e6b57dd6a067c	gi|3030611269|ref|NR_199945.1|	97.978	445	7	2	6	449	332	775	0.0	771	3435293
55de21291e1b2c6a9b4e6b57dd6a067c	gi|2363081449|ref|NR_178971.1|	97.753	445	7	3	6	449	282	724	0.0	763	1851427
55de21291e1b2c6a9b4e6b57dd6a067c	gi|2363080175|ref|NR_178311.1|	96.404	445	14	2	6	449	409	852	0.0	732	2903556
55de21291e1b2c6a9b4e6b57dd6a067c	gi|2363084747|ref|NR_180622.1|	93.694	444	28	0	6	449	332	775	0.0	665	2779354
55de21291e1b2c6a9b4e6b57dd6a067c	gi|1397641802|ref|NR_156911.1|	93.258	445	28	2	6	449	348	791	0.0	654	1650663
55de21291e1b2c6a9b4e6b57dd6a067c	gi|559795255|ref|NR_104846.1|	93.243	444	30	0	6	449	285	728	0.0	654	745368
8852c0d271dd92fd7707949d906e6ef3	gi|645321785|ref|NR_118670.1|	98.876	445	5	0	5	449	353	797	0.0	802	39496
8852c0d271dd92fd7707949d906e6ef3	gi|219857617|ref|NR_025206.1|	95.281	445	21	0	5	449	310	754	0.0	706	180286
8852c0d271dd92fd7707949d906e6ef3	gi|1040567056|ref|NR_137405.1|	95.056	445	22	0	5	449	303	747	0.0	701	1619234
8852c0d271dd92fd7707949d906e6ef3	gi|631250892|ref|NR_112089.1|	95.056	445	22	0	5	449	332	776	0.0	701	553973
8852c0d271dd92fd7707949d906e6ef3	gi|224581401|ref|NR_024719.1|	95.056	445	21	1	5	449	337	780	0.0	699	89153
8852c0d271dd92fd7707949d906e6ef3	gi|1397641798|ref|NR_156907.1|	94.843	446	21	2	5	449	344	788	0.0	695	1912855
8852c0d271dd92fd7707949d906e6ef3	gi|1109168027|ref|NR_144612.1|	94.843	446	21	2	5	449	346	790	0.0	695	1796636
8852c0d271dd92fd7707949d906e6ef3	gi|559795252|ref|NR_104842.1|	94.831	445	23	0	5	449	341	785	0.0	695	39495
8852c0d271dd92fd7707949d906e6ef3	gi|343203027|ref|NR_043551.1|	94.843	446	21	2	5	449	345	789	0.0	695	341220
8852c0d271dd92fd7707949d906e6ef3	gi|3248465643|ref|NR_201655.1|	94.382	445	25	0	5	449	309	753	0.0	684	3380807
144989ec041387b6c1286eb6f5d823a3	gi|444304111|ref|NR_074535.1|	99.784	464	1	0	5	468	330	793	0.0	852	28118
144989ec041387b6c1286eb6f5d823a3	gi|631251877|ref|NR_113075.1|	99.784	464	1	0	5	468	330	793	0.0	852	28118
144989ec041387b6c1286eb6f5d823a3	gi|343206056|ref|NR_044636.1|	98.491	464	7	0	5	468	338	801	0.0	824	28118
144989ec041387b6c1286eb6f5d823a3	gi|631251876|ref|NR_113074.1|	90.364	467	37	7	6	468	332	794	3.73e-173	606	742817
144989ec041387b6c1286eb6f5d823a3	gi|631251699|ref|NR_112897.1|	90.364	467	37	7	6	468	312	774	3.73e-173	606	742817
144989ec041387b6c1286eb6f5d823a3	gi|959494837|ref|NR_133715.1|	87.607	468	49	8	6	468	277	740	1.78e-151	534	1416875
144989ec041387b6c1286eb6f5d823a3	gi|1953646717|ref|NR_171512.1|	87.339	466	54	5	6	468	310	773	8.30e-150	529	2162893
144989ec041387b6c1286eb6f5d823a3	gi|1341394029|ref|NR_153701.1|	87.179	468	51	8	6	468	296	759	3.86e-148	523	1740245
144989ec041387b6c1286eb6f5d823a3	gi|559795096|ref|NR_104682.1|	87.152	467	53	6	6	468	312	775	3.86e-148	523	1168289
144989ec041387b6c1286eb6f5d823a3	gi|265678658|ref|NR_028963.1|	86.752	468	54	7	6	468	324	788	2.32e-145	514	886379
8d5a693e2b65879f831083174fc8eb4d	gi|444303855|ref|NR_074277.1|	99.785	465	1	0	5	469	348	812	0.0	854	818
8d5a693e2b65879f831083174fc8eb4d	gi|631251746|ref|NR_112944.1|	99.785	465	1	0	5	469	320	784	0.0	854	818
8d5a693e2b65879f831083174fc8eb4d	gi|631252008|ref|NR_113206.1|	98.927	466	3	2	5	469	332	796	0.0	832	1236513
8d5a693e2b65879f831083174fc8eb4d	gi|631250945|ref|NR_112142.1|	98.710	465	5	1	5	469	330	793	0.0	824	818
8d5a693e2b65879f831083174fc8eb4d	gi|631251869|ref|NR_113067.1|	98.283	466	6	2	5	469	321	785	0.0	815	1077285
8d5a693e2b65879f831083174fc8eb4d	gi|645320100|ref|NR_117387.1|	98.283	466	6	2	5	469	316	780	0.0	815	1077285
8d5a693e2b65879f831083174fc8eb4d	gi|2363084421|ref|NR_180458.1|	97.854	466	8	2	5	469	336	800	0.0	804	2650157
8d5a693e2b65879f831083174fc8eb4d	gi|631251749|ref|NR_112947.1|	97.425	466	10	2	5	469	322	786	0.0	795	657309
8d5a693e2b65879f831083174fc8eb4d	gi|2363084431|ref|NR_180463.1|	97.425	466	10	2	5	469	336	800	0.0	793	2650158
8d5a693e2b65879f831083174fc8eb4d	gi|631251744|ref|NR_112942.1|	97.425	466	10	2	5	469	319	783	0.0	793	291644
def28d808edfb7d3f6233eabb4fde435	gi|3030611230|ref|NR_199906.1|	97.528	445	11	0	5	449	350	794	0.0	761	3123317
def28d808edfb7d3f6233eabb4fde435	gi|3030611314|ref|NR_199990.1|	97.528	445	11	0	5	449	346	790	0.0	761	3123317
def28d808edfb7d3f6233eabb4fde435	gi|2363082679|ref|NR_179587.1|	97.528	445	11	0	5	449	324	768	0.0	761	1926283
def28d808edfb7d3f6233eabb4fde435	gi|1384992332|ref|NR_156081.1|	97.528	445	11	0	5	449	332	776	0.0	761	1469948
def28d808edfb7d3f6233eabb4fde435	gi|1384992331|ref|NR_156080.1|	97.528	445	11	0	5	449	332	776	0.0	761	1469948
def28d808edfb7d3f6233eabb4fde435	gi|1384992329|ref|NR_156078.1|	97.528	445	11	0	5	449	332	776	0.0	761	1469948
def28d808edfb7d3f6233eabb4fde435	gi|1384992328|ref|NR_156077.1|	97.528	445	11	0	5	449	332	776	0.0	761	1469948
def28d808edfb7d3f6233eabb4fde435	gi|2363085097|ref|NR_180797.1|	97.528	445	11	0	5	449	342	786	0.0	761	2605778
def28d808edfb7d3f6233eabb4fde435	gi|2363081854|ref|NR_179173.1|	97.528	445	11	0	5	449	329	773	0.0	761	2126740
def28d808edfb7d3f6233eabb4fde435	gi|2363083601|ref|NR_180048.1|	97.079	445	13	0	5	449	334	778	0.0	750	253257
5f19736813cbe4f0dc392feaa3c0f7f5	gi|343200655|ref|NR_041342.1|	99.140	465	4	0	5	469	332	796	0.0	837	823
5f19736813cbe4f0dc392feaa3c0f7f5	gi|444303953|ref|NR_074376.1|	98.280	465	8	0	5	469	347	811	0.0	815	435591
5f19736813cbe4f0dc392feaa3c0f7f5	gi|1811131517|ref|NR_165699.1|	93.750	464	29	0	6	469	333	796	0.0	697	2685834
5f19736813cbe4f0dc392feaa3c0f7f5	gi|2363082619|ref|NR_179556.1|	93.534	464	30	0	6	469	313	776	0.0	691	1871013
5f19736813cbe4f0dc392feaa3c0f7f5	gi|2363082715|ref|NR_179605.1|	92.903	465	33	0	5	469	312	776	0.0	676	1944636
5f19736813cbe4f0dc392feaa3c0f7f5	gi|631251637|ref|NR_112835.1|	92.888	464	32	1	6	469	333	795	0.0	673	574930
5f19736813cbe4f0dc392feaa3c0f7f5	gi|631252010|ref|NR_113208.1|	92.473	465	35	0	5	469	332	796	0.0	665	871327
5f19736813cbe4f0dc392feaa3c0f7f5	gi|2363086049|ref|NR_181277.1|	92.043	465	37	0	5	469	305	769	0.0	654	2753162
5f19736813cbe4f0dc392feaa3c0f7f5	gi|974142265|ref|NR_134785.1|	92.026	464	37	0	6	469	333	796	0.0	654	1217282
5f19736813cbe4f0dc392feaa3c0f7f5	gi|631251878|ref|NR_113076.1|	91.810	464	38	0	6	469	321	784	0.0	647	927665
3668f391d9879d607d03e57916d0b1e9	gi|2363084170|ref|NR_180334.1|	99.775	444	1	0	6	449	250	693	0.0	815	2763028
3668f391d9879d607d03e57916d0b1e9	gi|2363086300|ref|NR_181402.1|	99.775	444	1	0	6	449	297	740	0.0	815	2763028
3668f391d9879d607d03e57916d0b1e9	gi|645321813|ref|NR_118692.1|	97.973	444	8	1	6	449	311	753	0.0	771	411459
3668f391d9879d607d03e57916d0b1e9	gi|219846720|ref|NR_026312.1|	97.523	444	11	0	6	449	324	767	0.0	761	180164
3668f391d9879d607d03e57916d0b1e9	gi|343201234|ref|NR_041960.1|	97.528	445	10	1	6	449	219	663	0.0	760	89014
3668f391d9879d607d03e57916d0b1e9	gi|631252033|ref|NR_113231.1|	97.523	444	11	0	6	449	344	787	0.0	760	536633
3668f391d9879d607d03e57916d0b1e9	gi|566085203|ref|NR_109014.1|	97.528	445	9	2	6	449	192	635	0.0	760	871665
3668f391d9879d607d03e57916d0b1e9	gi|631251591|ref|NR_112789.1|	97.523	444	11	0	6	449	330	773	0.0	760	536633
3668f391d9879d607d03e57916d0b1e9	gi|2363082673|ref|NR_179584.1|	97.303	445	10	2	6	449	324	767	0.0	756	1917888
3668f391d9879d607d03e57916d0b1e9	gi|631253117|ref|NR_114315.1|	97.297	444	12	0	6	449	333	776	0.0	756	649762
9e1edf197dea39167d0098543dde3cc7	gi|343200980|ref|NR_041667.1|	100.000	469	0	0	6	474	317	785	0.0	867	487175
9e1edf197dea39167d0098543dde3cc7	gi|631252130|ref|NR_113328.1|	92.161	472	33	4	5	474	328	797	0.0	664	626947
9e1edf197dea39167d0098543dde3cc7	gi|631251705|ref|NR_112903.1|	92.161	472	33	4	5	474	308	777	0.0	664	626947
9e1edf197dea39167d0098543dde3cc7	gi|2363082296|ref|NR_179395.1|	90.446	471	41	4	6	474	327	795	1.35e-177	621	1506471
9e1edf197dea39167d0098543dde3cc7	gi|2136551693|ref|NR_173698.1|	90.021	471	43	4	6	474	315	783	2.26e-175	614	2259133
9e1edf197dea39167d0098543dde3cc7	gi|1811131556|ref|NR_165738.1|	90.234	471	42	4	6	474	306	774	8.12e-175	612	2490857
9e1edf197dea39167d0098543dde3cc7	gi|1246951785|ref|NR_149789.1|	89.979	469	47	0	6	474	294	762	3.78e-173	606	1783360
9e1edf197dea39167d0098543dde3cc7	gi|1246951779|ref|NR_149783.1|	90.021	471	43	4	6	474	334	802	3.78e-173	606	1769758
9e1edf197dea39167d0098543dde3cc7	gi|2363086886|ref|NR_181700.1|	90.021	471	43	4	6	474	326	794	3.78e-173	606	2825886
9e1edf197dea39167d0098543dde3cc7	gi|2363086884|ref|NR_181699.1|	90.021	471	43	4	6	474	326	794	3.78e-173	606	2825884
196304682fe5ef63cd0b243c1e00d4e5	gi|2363085169|ref|NR_180833.1|	99.775	445	1	0	5	449	333	777	0.0	817	2606635
196304682fe5ef63cd0b243c1e00d4e5	gi|310975204|ref|NR_037068.1|	97.534	446	9	2	5	449	337	781	0.0	761	29375
196304682fe5ef63cd0b243c1e00d4e5	gi|3030611230|ref|NR_199906.1|	97.303	445	12	0	5	449	350	794	0.0	756	3123317
196304682fe5ef63cd0b243c1e00d4e5	gi|3030611314|ref|NR_199990.1|	97.303	445	12	0	5	449	346	790	0.0	756	3123317
196304682fe5ef63cd0b243c1e00d4e5	gi|2836274880|ref|NR_197643.1|	97.303	445	12	0	5	449	325	769	0.0	756	2962432
196304682fe5ef63cd0b243c1e00d4e5	gi|1384992331|ref|NR_156080.1|	97.303	445	12	0	5	449	332	776	0.0	756	1469948
196304682fe5ef63cd0b243c1e00d4e5	gi|1384992328|ref|NR_156077.1|	97.303	445	12	0	5	449	332	776	0.0	756	1469948
196304682fe5ef63cd0b243c1e00d4e5	gi|559795307|ref|NR_104899.1|	97.303	445	12	0	5	449	324	768	0.0	756	384636
196304682fe5ef63cd0b243c1e00d4e5	gi|645322280|ref|NR_119068.1|	97.309	446	9	3	5	449	311	754	0.0	754	36832
196304682fe5ef63cd0b243c1e00d4e5	gi|2363082679|ref|NR_179587.1|	97.079	445	13	0	5	449	324	768	0.0	750	1926283
26697e954a92fc635c79858af14fb1e4	gi|631251735|ref|NR_112933.1|	99.570	465	2	0	5	469	330	794	0.0	848	246787
26697e954a92fc635c79858af14fb1e4	gi|1116030246|ref|NR_144704.1|	98.712	466	4	2	5	469	247	711	0.0	826	1203465
26697e954a92fc635c79858af14fb1e4	gi|343200620|ref|NR_041307.1|	98.710	465	6	0	5	469	330	794	0.0	826	329854
26697e954a92fc635c79858af14fb1e4	gi|343201477|ref|NR_042203.1|	98.710	465	6	0	5	469	291	755	0.0	826	537012
26697e954a92fc635c79858af14fb1e4	gi|631251747|ref|NR_112945.1|	96.774	465	15	0	5	469	323	787	0.0	776	820
26697e954a92fc635c79858af14fb1e4	gi|631251745|ref|NR_112943.1|	96.781	466	13	2	5	469	322	786	0.0	776	449673
26697e954a92fc635c79858af14fb1e4	gi|343200179|ref|NR_040866.1|	96.774	465	15	0	5	469	330	794	0.0	776	820
26697e954a92fc635c79858af14fb1e4	gi|631251734|ref|NR_112932.1|	96.559	465	16	0	5	469	324	788	0.0	771	47678
26697e954a92fc635c79858af14fb1e4	gi|645320100|ref|NR_117387.1|	96.559	465	16	0	5	469	316	780	0.0	771	1077285
26697e954a92fc635c79858af14fb1e4	gi|219846650|ref|NR_026242.1|	96.559	465	16	0	5	469	314	778	0.0	771	47678
87fd78ccf7f32215b7c2a35c7136fcb0	gi|559795246|ref|NR_104836.1|	100.000	444	0	0	6	449	330	773	0.0	821	706562
87fd78ccf7f32215b7c2a35c7136fcb0	gi|444304189|ref|NR_074613.1|	97.072	444	13	0	6	449	347	790	0.0	749	515620
87fd78ccf7f32215b7c2a35c7136fcb0	gi|645321781|ref|NR_118667.1|	96.171	444	17	0	6	449	352	795	0.0	739	28052
87fd78ccf7f32215b7c2a35c7136fcb0	gi|559795169|ref|NR_104758.1|	95.721	444	19	0	6	449	342	785	0.0	715	1282887
87fd78ccf7f32215b7c2a35c7136fcb0	gi|1277396183|ref|NR_151894.1|	95.056	445	22	0	5	449	331	775	0.0	701	433293
87fd78ccf7f32215b7c2a35c7136fcb0	gi|219846511|ref|NR_026103.1|	94.843	446	21	2	5	449	312	756	0.0	695	37658
87fd78ccf7f32215b7c2a35c7136fcb0	gi|343202586|ref|NR_042953.1|	94.843	446	21	2	5	449	304	748	0.0	695	264463
87fd78ccf7f32215b7c2a35c7136fcb0	gi|659364459|ref|NR_121686.1|	94.820	444	23	0	6	449	345	788	0.0	693	384638
87fd78ccf7f32215b7c2a35c7136fcb0	gi|219857405|ref|NR_024993.1|	94.820	444	23	0	6	449	346	789	0.0	693	99656
87fd78ccf7f32215b7c2a35c7136fcb0	gi|645321789|ref|NR_118673.1|	94.395	446	23	2	5	449	350	794	0.0	689	39488
ba169e122d5fb636b95bcffdaa42237f	gi|265678558|ref|NR_028862.1|	99.786	468	1	0	6	473	356	823	0.0	859	209880
ba169e122d5fb636b95bcffdaa42237f	gi|219846637|ref|NR_026229.1|	93.830	470	27	2	6	474	333	801	0.0	706	39950
ba169e122d5fb636b95bcffdaa42237f	gi|444439665|ref|NR_074980.1|	89.451	474	40	9	6	474	350	818	3.80e-168	590	479436
ba169e122d5fb636b95bcffdaa42237f	gi|631251833|ref|NR_113031.1|	89.451	474	40	9	6	474	350	818	3.80e-168	590	29466
ba169e122d5fb636b95bcffdaa42237f	gi|645322414|ref|NR_119168.1|	89.451	474	40	9	6	474	328	796	3.80e-168	590	479436
ba169e122d5fb636b95bcffdaa42237f	gi|343205749|ref|NR_044153.1|	89.218	473	43	8	6	474	323	791	4.92e-167	586	419208
ba169e122d5fb636b95bcffdaa42237f	gi|631252372|ref|NR_113570.1|	89.241	474	41	9	6	474	330	798	1.77e-166	584	1110546
ba169e122d5fb636b95bcffdaa42237f	gi|645320589|ref|NR_117759.1|	89.241	474	41	8	6	474	326	794	1.77e-166	584	479436
ba169e122d5fb636b95bcffdaa42237f	gi|343202582|ref|NR_042940.1|	89.241	474	41	9	6	474	235	703	1.77e-166	584	248315
ba169e122d5fb636b95bcffdaa42237f	gi|343202841|ref|NR_043332.1|	89.241	474	41	8	6	474	323	791	1.77e-166	584	479436
9202aa78ddc909375f72c16a23556d9c	gi|645321790|ref|NR_118674.1|	96.840	443	14	0	7	449	354	796	0.0	758	1256908
9202aa78ddc909375f72c16a23556d9c	gi|444439494|ref|NR_074809.1|	96.637	446	14	1	5	449	346	791	0.0	739	585394
9202aa78ddc909375f72c16a23556d9c	gi|645320588|ref|NR_117758.1|	96.421	447	14	1	5	449	318	764	0.0	736	166486
9202aa78ddc909375f72c16a23556d9c	gi|228716944|ref|NR_027557.1|	96.421	447	14	1	5	449	339	785	0.0	736	536231
9202aa78ddc909375f72c16a23556d9c	gi|343198540|ref|NR_042832.1|	96.413	446	15	1	5	449	326	771	0.0	734	301302
9202aa78ddc909375f72c16a23556d9c	gi|343201282|ref|NR_042008.1|	96.413	446	14	2	5	449	337	781	0.0	734	585394
9202aa78ddc909375f72c16a23556d9c	gi|2363086302|ref|NR_181403.1|	96.197	447	15	1	5	449	242	688	0.0	730	2763061
9202aa78ddc909375f72c16a23556d9c	gi|2363085153|ref|NR_180825.1|	96.188	446	16	1	5	449	343	788	0.0	728	2605790
9202aa78ddc909375f72c16a23556d9c	gi|2363085149|ref|NR_180823.1|	96.180	445	17	0	5	449	353	797	0.0	728	2606634
9202aa78ddc909375f72c16a23556d9c	gi|444304209|ref|NR_074634.1|	96.180	445	17	0	5	449	346	790	0.0	728	515619
a842dc21156c03ccea46d96d63ada764	gi|444304111|ref|NR_074535.1|	99.353	464	3	0	5	468	330	793	0.0	841	28118
a842dc21156c03ccea46d96d63ada764	gi|631251877|ref|NR_113075.1|	99.353	464	3	0	5	468	330	793	0.0	841	28118
a842dc21156c03ccea46d96d63ada764	gi|343206056|ref|NR_044636.1|	98.060	464	9	0	5	468	338	801	0.0	813	28118
a842dc21156c03ccea46d96d63ada764	gi|631251876|ref|NR_113074.1|	90.792	467	35	7	6	468	332	794	1.72e-176	617	742817
a842dc21156c03ccea46d96d63ada764	gi|631251699|ref|NR_112897.1|	90.792	467	35	7	6	468	312	774	1.72e-176	617	742817
a842dc21156c03ccea46d96d63ada764	gi|959494837|ref|NR_133715.1|	87.393	468	50	8	6	468	277	740	8.30e-150	529	1416875
a842dc21156c03ccea46d96d63ada764	gi|1953646717|ref|NR_171512.1|	87.124	466	55	5	6	468	310	773	3.86e-148	523	2162893
a842dc21156c03ccea46d96d63ada764	gi|1341394029|ref|NR_153701.1|	86.966	468	52	8	6	468	296	759	1.80e-146	518	1740245
a842dc21156c03ccea46d96d63ada764	gi|559795096|ref|NR_104682.1|	86.938	467	54	6	6	468	312	775	1.80e-146	518	1168289
a842dc21156c03ccea46d96d63ada764	gi|2363081792|ref|NR_179142.1|	86.752	468	53	8	6	468	331	794	8.36e-145	512	2006564
c16756f10a17d2023ced0966c2640bc3	gi|2363082679|ref|NR_179587.1|	96.404	445	16	0	5	449	324	768	0.0	734	1926283
c16756f10a17d2023ced0966c2640bc3	gi|1193829153|ref|NR_147396.1|	96.404	445	16	0	5	449	324	768	0.0	734	1917870
c16756f10a17d2023ced0966c2640bc3	gi|2363081854|ref|NR_179173.1|	96.404	445	16	0	5	449	329	773	0.0	734	2126740
c16756f10a17d2023ced0966c2640bc3	gi|2836274880|ref|NR_197643.1|	95.955	445	18	0	5	449	325	769	0.0	723	2962432
c16756f10a17d2023ced0966c2640bc3	gi|1384992332|ref|NR_156081.1|	95.955	445	18	0	5	449	332	776	0.0	723	1469948
c16756f10a17d2023ced0966c2640bc3	gi|1384992329|ref|NR_156078.1|	95.955	445	18	0	5	449	332	776	0.0	723	1469948
c16756f10a17d2023ced0966c2640bc3	gi|2363080261|ref|NR_178356.1|	95.955	445	18	0	5	449	309	753	0.0	723	558153
c16756f10a17d2023ced0966c2640bc3	gi|310975204|ref|NR_037068.1|	95.955	445	18	0	5	449	337	781	0.0	723	29375
c16756f10a17d2023ced0966c2640bc3	gi|219846508|ref|NR_026100.1|	95.955	445	18	0	5	449	319	763	0.0	723	1286362
c16756f10a17d2023ced0966c2640bc3	gi|343201474|ref|NR_042200.1|	95.955	445	18	0	5	449	314	758	0.0	723	333367
d952f3012882bd4dbd8e7c0cf64c33e2	gi|566085203|ref|NR_109014.1|	98.649	444	6	0	6	449	192	635	0.0	787	871665
d952f3012882bd4dbd8e7c0cf64c33e2	gi|2363082673|ref|NR_179584.1|	98.423	444	7	0	6	449	324	767	0.0	782	1917888
d952f3012882bd4dbd8e7c0cf64c33e2	gi|631252033|ref|NR_113231.1|	97.753	445	8	2	6	449	344	787	0.0	765	536633
d952f3012882bd4dbd8e7c0cf64c33e2	gi|631251591|ref|NR_112789.1|	97.753	445	8	2	6	449	330	773	0.0	765	536633
d952f3012882bd4dbd8e7c0cf64c33e2	gi|219846720|ref|NR_026312.1|	97.297	444	12	0	6	449	324	767	0.0	756	180164
d952f3012882bd4dbd8e7c0cf64c33e2	gi|2363084170|ref|NR_180334.1|	97.072	444	13	0	6	449	250	693	0.0	749	2763028
d952f3012882bd4dbd8e7c0cf64c33e2	gi|631253117|ref|NR_114315.1|	97.072	444	13	0	6	449	333	776	0.0	749	649762
d952f3012882bd4dbd8e7c0cf64c33e2	gi|2363086300|ref|NR_181402.1|	97.072	444	13	0	6	449	297	740	0.0	749	2763028
d952f3012882bd4dbd8e7c0cf64c33e2	gi|645320731|ref|NR_117867.1|	97.072	444	13	0	6	449	297	740	0.0	749	871664
d952f3012882bd4dbd8e7c0cf64c33e2	gi|343205678|ref|NR_044054.1|	97.072	444	13	0	6	449	294	737	0.0	749	1121115
01c550b1c75bc16a53ac7ae9aa1af746	gi|219857122|ref|NR_024750.1|	99.327	446	2	1	5	449	296	741	0.0	808	116085
01c550b1c75bc16a53ac7ae9aa1af746	gi|2363080283|ref|NR_178367.1|	95.955	445	18	0	5	449	324	768	0.0	723	673271
01c550b1c75bc16a53ac7ae9aa1af746	gi|219878251|ref|NR_025390.1|	95.506	445	20	0	5	449	326	770	0.0	712	115544
01c550b1c75bc16a53ac7ae9aa1af746	gi|1040567056|ref|NR_137405.1|	95.281	445	21	0	5	449	303	747	0.0	706	1619234
01c550b1c75bc16a53ac7ae9aa1af746	gi|1109168027|ref|NR_144612.1|	95.056	445	22	0	5	449	346	790	0.0	701	1796636
01c550b1c75bc16a53ac7ae9aa1af746	gi|3248465643|ref|NR_201655.1|	94.855	447	19	4	5	449	309	753	0.0	695	3380807
01c550b1c75bc16a53ac7ae9aa1af746	gi|3030611230|ref|NR_199906.1|	94.831	445	23	0	5	449	350	794	0.0	695	3123317
01c550b1c75bc16a53ac7ae9aa1af746	gi|3030611314|ref|NR_199990.1|	94.831	445	23	0	5	449	346	790	0.0	695	3123317
01c550b1c75bc16a53ac7ae9aa1af746	gi|2136551567|ref|NR_173570.1|	94.855	447	19	4	5	449	326	770	0.0	695	1912090
01c550b1c75bc16a53ac7ae9aa1af746	gi|1384992332|ref|NR_156081.1|	94.831	445	23	0	5	449	332	776	0.0	695	1469948
3c5fad0b7bac8c31d77ed41ef3e2c1e4	gi|2363085133|ref|NR_180815.1|	99.775	444	1	0	6	449	347	790	0.0	815	2606633
3c5fad0b7bac8c31d77ed41ef3e2c1e4	gi|2363083556|ref|NR_180026.1|	99.775	444	1	0	6	449	345	788	0.0	815	2696678
3c5fad0b7bac8c31d77ed41ef3e2c1e4	gi|1909404440|ref|NR_170495.1|	99.550	444	2	0	6	449	352	795	0.0	809	2509240
3c5fad0b7bac8c31d77ed41ef3e2c1e4	gi|636560687|ref|NR_116747.1|	97.528	445	11	0	5	449	297	741	0.0	761	1298596
3c5fad0b7bac8c31d77ed41ef3e2c1e4	gi|2363082059|ref|NR_179276.1|	97.079	445	13	0	5	449	330	774	0.0	750	2316025
3c5fad0b7bac8c31d77ed41ef3e2c1e4	gi|974142252|ref|NR_134772.1|	97.079	445	13	0	5	449	293	737	0.0	750	1337051
3c5fad0b7bac8c31d77ed41ef3e2c1e4	gi|1384992332|ref|NR_156081.1|	96.854	445	14	0	5	449	332	776	0.0	745	1469948
3c5fad0b7bac8c31d77ed41ef3e2c1e4	gi|1384992329|ref|NR_156078.1|	96.854	445	14	0	5	449	332	776	0.0	745	1469948
3c5fad0b7bac8c31d77ed41ef3e2c1e4	gi|228719063|ref|NR_027579.1|	96.629	445	15	0	5	449	312	756	0.0	745	471875
3c5fad0b7bac8c31d77ed41ef3e2c1e4	gi|2136551628|ref|NR_173632.1|	96.637	446	13	2	5	449	297	741	0.0	739	2068655
030c16a1b7bc433f9ad259eaa5370863	gi|343200626|ref|NR_041313.1|	99.355	465	3	0	5	469	336	800	0.0	843	338188
030c16a1b7bc433f9ad259eaa5370863	gi|2363084421|ref|NR_180458.1|	99.140	465	4	0	5	469	336	800	0.0	837	2650157
030c16a1b7bc433f9ad259eaa5370863	gi|631251869|ref|NR_113067.1|	98.710	465	6	0	5	469	321	785	0.0	826	1077285
030c16a1b7bc433f9ad259eaa5370863	gi|645320100|ref|NR_117387.1|	98.495	465	7	0	5	469	316	780	0.0	821	1077285
030c16a1b7bc433f9ad259eaa5370863	gi|631251749|ref|NR_112947.1|	98.065	465	9	0	5	469	322	786	0.0	811	657309
030c16a1b7bc433f9ad259eaa5370863	gi|2363084431|ref|NR_180463.1|	98.065	465	9	0	5	469	336	800	0.0	809	2650158
030c16a1b7bc433f9ad259eaa5370863	gi|631251733|ref|NR_112931.1|	98.065	465	9	0	5	469	336	800	0.0	809	85831
030c16a1b7bc433f9ad259eaa5370863	gi|343201773|ref|NR_042499.1|	98.065	465	9	0	5	469	290	754	0.0	809	657309
030c16a1b7bc433f9ad259eaa5370863	gi|631251734|ref|NR_112932.1|	97.849	465	10	0	5	469	324	788	0.0	804	47678
030c16a1b7bc433f9ad259eaa5370863	gi|219846650|ref|NR_026242.1|	97.849	465	10	0	5	469	314	778	0.0	804	47678
8a5d3e7ec11891bc879350c5727a11aa	gi|631252118|ref|NR_113316.1|	99.775	445	1	0	6	450	324	768	0.0	817	74426
8a5d3e7ec11891bc879350c5727a11aa	gi|265678302|ref|NR_028604.1|	98.876	445	4	1	6	450	324	767	0.0	793	74426
8a5d3e7ec11891bc879350c5727a11aa	gi|1193829136|ref|NR_147379.1|	97.085	446	10	3	6	450	325	768	0.0	749	1907654
8a5d3e7ec11891bc879350c5727a11aa	gi|1193829156|ref|NR_147399.1|	96.180	445	16	1	6	450	325	768	0.0	726	1871016
8a5d3e7ec11891bc879350c5727a11aa	gi|1109167962|ref|NR_144579.1|	95.730	445	18	1	6	450	319	762	0.0	715	1232426
8a5d3e7ec11891bc879350c5727a11aa	gi|2363082368|ref|NR_179431.1|	95.506	445	19	1	6	450	325	768	0.0	710	1720204
8a5d3e7ec11891bc879350c5727a11aa	gi|631251967|ref|NR_113165.1|	95.506	445	19	1	6	450	325	768	0.0	710	147207
8a5d3e7ec11891bc879350c5727a11aa	gi|631251966|ref|NR_113164.1|	95.506	445	19	1	6	450	325	768	0.0	710	147206
8a5d3e7ec11891bc879350c5727a11aa	gi|2363084792|ref|NR_180644.1|	95.281	445	20	1	6	450	246	689	0.0	706	2603815
8a5d3e7ec11891bc879350c5727a11aa	gi|2363082703|ref|NR_179599.1|	95.067	446	19	3	6	450	305	748	0.0	699	1937461
343b292d6be8dae9fb997d987470e8ca	gi|631251875|ref|NR_113073.1|	98.495	465	7	0	5	469	325	789	0.0	821	487174
343b292d6be8dae9fb997d987470e8ca	gi|343200981|ref|NR_041668.1|	98.495	465	7	0	5	469	317	781	0.0	821	742726
343b292d6be8dae9fb997d987470e8ca	gi|1270532346|ref|NR_121773.2|	96.137	466	16	2	5	469	344	808	0.0	760	397865
343b292d6be8dae9fb997d987470e8ca	gi|343200821|ref|NR_041508.1|	95.923	466	16	3	5	469	321	784	0.0	752	397865
343b292d6be8dae9fb997d987470e8ca	gi|2136551682|ref|NR_173687.1|	90.129	466	42	4	6	469	322	785	4.83e-172	603	2751153
343b292d6be8dae9fb997d987470e8ca	gi|1146059151|ref|NR_145883.1|	89.700	466	44	4	6	469	281	744	1.05e-168	592	1501392
343b292d6be8dae9fb997d987470e8ca	gi|1116030267|ref|NR_144725.1|	89.270	466	46	4	6	469	334	797	4.87e-167	586	1686296
343b292d6be8dae9fb997d987470e8ca	gi|1909404453|ref|NR_170508.1|	88.602	465	50	3	6	469	349	811	8.20e-160	562	2518971
343b292d6be8dae9fb997d987470e8ca	gi|2363083455|ref|NR_179976.1|	88.462	468	45	9	6	469	286	748	3.81e-158	556	2094151
343b292d6be8dae9fb997d987470e8ca	gi|2363084938|ref|NR_180717.1|	88.172	465	53	2	6	469	256	719	4.93e-157	553	2601703
1f4876a8afcfbd08276e6d84adbdff2a	gi|2363085127|ref|NR_180812.1|	99.574	470	2	0	5	474	325	794	0.0	857	2652276
1f4876a8afcfbd08276e6d84adbdff2a	gi|602269354|ref|NR_044731.2|	97.872	470	9	1	5	474	343	811	0.0	813	1735
1f4876a8afcfbd08276e6d84adbdff2a	gi|2363082631|ref|NR_179562.1|	93.263	475	21	10	5	474	339	807	0.0	689	1871030
1f4876a8afcfbd08276e6d84adbdff2a	gi|961555061|ref|NR_134029.1|	91.737	472	34	4	5	474	336	804	0.0	651	915173
1f4876a8afcfbd08276e6d84adbdff2a	gi|651357925|ref|NR_044660.3|	90.295	474	37	7	5	474	345	813	2.26e-175	614	1323
1f4876a8afcfbd08276e6d84adbdff2a	gi|2363085159|ref|NR_180828.1|	90.295	474	37	8	5	474	324	792	8.12e-175	612	2606629
1f4876a8afcfbd08276e6d84adbdff2a	gi|545589047|ref|NR_044647.2|	90.126	476	34	10	5	474	348	816	3.78e-173	606	428127
1f4876a8afcfbd08276e6d84adbdff2a	gi|631252211|ref|NR_113409.1|	90.126	476	34	10	5	474	330	798	3.78e-173	606	31971
1f4876a8afcfbd08276e6d84adbdff2a	gi|3248465743|ref|NR_201757.1|	89.451	474	41	8	5	474	343	811	3.80e-168	590	3681510
1f4876a8afcfbd08276e6d84adbdff2a	gi|631251965|ref|NR_113163.1|	89.407	472	45	3	5	474	338	806	3.80e-168	590	39483
369376e93380a864c0861b57ac640f1e	gi|2260473023|ref|NR_176800.1|	99.787	470	1	0	6	475	300	769	0.0	863	35833
369376e93380a864c0861b57ac640f1e	gi|2962412215|ref|NR_199409.1|	92.812	473	27	7	6	475	325	793	0.0	678	3136602
369376e93380a864c0861b57ac640f1e	gi|631252098|ref|NR_113296.1|	92.781	471	31	3	6	475	338	806	0.0	678	54565
369376e93380a864c0861b57ac640f1e	gi|645319734|ref|NR_117110.1|	92.781	471	31	3	6	475	334	802	0.0	678	54565
369376e93380a864c0861b57ac640f1e	gi|219846821|ref|NR_026413.1|	92.797	472	29	5	6	475	317	785	0.0	678	58621
369376e93380a864c0861b57ac640f1e	gi|219846663|ref|NR_026255.1|	91.915	470	37	1	6	475	316	784	0.0	656	644897
369376e93380a864c0861b57ac640f1e	gi|343198744|ref|NR_043567.1|	91.702	470	38	1	6	475	337	805	0.0	651	32016
369376e93380a864c0861b57ac640f1e	gi|636558706|ref|NR_114763.1|	91.702	470	38	1	6	475	197	665	0.0	651	32016
369376e93380a864c0861b57ac640f1e	gi|559795397|ref|NR_104990.1|	91.772	474	30	9	6	475	337	805	0.0	651	876
369376e93380a864c0861b57ac640f1e	gi|566084868|ref|NR_108301.1|	91.614	477	28	12	6	475	321	792	0.0	649	571438
852e29eac24ed23208578c6b9961c5f1	gi|1109168025|ref|NR_144611.1|	97.539	447	11	0	6	452	279	725	0.0	765	1417852
852e29eac24ed23208578c6b9961c5f1	gi|3030611324|ref|NR_200000.1|	95.973	447	18	0	6	452	298	744	0.0	726	3342383
852e29eac24ed23208578c6b9961c5f1	gi|2136551692|ref|NR_173697.1|	95.991	449	13	5	6	452	346	791	0.0	725	2108523
852e29eac24ed23208578c6b9961c5f1	gi|2363082358|ref|NR_179426.1|	95.323	449	17	4	6	452	346	792	0.0	710	1702285
852e29eac24ed23208578c6b9961c5f1	gi|645321636|ref|NR_118554.1|	95.078	447	22	0	6	452	326	772	0.0	704	1297617
852e29eac24ed23208578c6b9961c5f1	gi|343198636|ref|NR_043142.1|	95.100	449	18	4	6	452	320	766	0.0	704	292800
852e29eac24ed23208578c6b9961c5f1	gi|265679048|ref|NR_029356.1|	95.100	449	18	4	6	452	333	779	0.0	704	292800
852e29eac24ed23208578c6b9961c5f1	gi|2363082326|ref|NR_179410.1|	94.878	449	19	4	6	452	346	792	0.0	699	1650661
852e29eac24ed23208578c6b9961c5f1	gi|2363082342|ref|NR_179418.1|	94.432	449	21	4	6	452	345	791	0.0	688	1673721
852e29eac24ed23208578c6b9961c5f1	gi|1193829127|ref|NR_147370.1|	94.432	449	21	4	6	452	346	792	0.0	688	1870988
1d7d6918601b394a54cad8889b703d9b	gi|2363085097|ref|NR_180797.1|	97.309	446	10	2	5	449	342	786	0.0	756	2605778
1d7d6918601b394a54cad8889b703d9b	gi|2363082679|ref|NR_179587.1|	95.955	445	18	0	5	449	324	768	0.0	723	1926283
1d7d6918601b394a54cad8889b703d9b	gi|2363081854|ref|NR_179173.1|	95.955	445	18	0	5	449	329	773	0.0	723	2126740
1d7d6918601b394a54cad8889b703d9b	gi|2363086234|ref|NR_181369.1|	95.740	446	15	4	6	449	332	775	0.0	715	2784388
1d7d6918601b394a54cad8889b703d9b	gi|1193829153|ref|NR_147396.1|	95.506	445	20	0	5	449	324	768	0.0	712	1917870
1d7d6918601b394a54cad8889b703d9b	gi|631253128|ref|NR_114326.1|	95.526	447	16	4	5	449	330	774	0.0	712	1150298
1d7d6918601b394a54cad8889b703d9b	gi|645321072|ref|NR_118128.1|	95.526	447	16	4	5	449	170	614	0.0	712	1531
1d7d6918601b394a54cad8889b703d9b	gi|631252212|ref|NR_113410.1|	95.526	447	16	4	5	449	253	697	0.0	712	208479
1d7d6918601b394a54cad8889b703d9b	gi|343201474|ref|NR_042200.1|	95.536	448	14	6	5	449	314	758	0.0	712	333367
1d7d6918601b394a54cad8889b703d9b	gi|219878428|ref|NR_025567.1|	95.526	447	16	4	5	449	344	788	0.0	712	208479
4ce71fd436c1b712c4d309a0c5dfaf71	gi|2136551628|ref|NR_173632.1|	97.303	445	12	0	5	449	297	741	0.0	756	2068655
4ce71fd436c1b712c4d309a0c5dfaf71	gi|1384992332|ref|NR_156081.1|	97.079	445	13	0	5	449	332	776	0.0	750	1469948
4ce71fd436c1b712c4d309a0c5dfaf71	gi|1384992329|ref|NR_156078.1|	97.079	445	13	0	5	449	332	776	0.0	750	1469948
4ce71fd436c1b712c4d309a0c5dfaf71	gi|3030611230|ref|NR_199906.1|	96.854	445	14	0	5	449	350	794	0.0	745	3123317
4ce71fd436c1b712c4d309a0c5dfaf71	gi|3030611314|ref|NR_199990.1|	96.854	445	14	0	5	449	346	790	0.0	745	3123317
4ce71fd436c1b712c4d309a0c5dfaf71	gi|1384992331|ref|NR_156080.1|	96.854	445	14	0	5	449	332	776	0.0	745	1469948
4ce71fd436c1b712c4d309a0c5dfaf71	gi|1384992328|ref|NR_156077.1|	96.854	445	14	0	5	449	332	776	0.0	745	1469948
4ce71fd436c1b712c4d309a0c5dfaf71	gi|2363086292|ref|NR_181398.1|	96.854	445	14	0	5	449	295	739	0.0	745	2763667
4ce71fd436c1b712c4d309a0c5dfaf71	gi|2363082679|ref|NR_179587.1|	96.629	445	15	0	5	449	324	768	0.0	739	1926283
4ce71fd436c1b712c4d309a0c5dfaf71	gi|2363081854|ref|NR_179173.1|	96.629	445	15	0	5	449	329	773	0.0	739	2126740
885d6149aed37e263d317f8efd2a62f9	gi|1193829135|ref|NR_147378.1|	96.854	445	14	0	6	450	336	780	0.0	745	1871035
885d6149aed37e263d317f8efd2a62f9	gi|1277396348|ref|NR_152059.1|	95.516	446	19	1	6	450	269	714	0.0	712	1849041
885d6149aed37e263d317f8efd2a62f9	gi|2363082561|ref|NR_179527.1|	95.516	446	19	1	6	450	333	778	0.0	712	1841868
885d6149aed37e263d317f8efd2a62f9	gi|343202572|ref|NR_042930.1|	93.498	446	25	4	6	450	363	805	0.0	660	258515
885d6149aed37e263d317f8efd2a62f9	gi|2363086276|ref|NR_181390.1|	92.377	446	31	3	6	450	301	744	0.0	632	2763659
885d6149aed37e263d317f8efd2a62f9	gi|2363082625|ref|NR_179559.1|	92.170	447	31	4	6	450	330	774	7.63e-180	628	1871018
885d6149aed37e263d317f8efd2a62f9	gi|1445136071|ref|NR_158111.1|	92.152	446	31	4	6	450	346	788	2.74e-179	627	2038680
885d6149aed37e263d317f8efd2a62f9	gi|1116030290|ref|NR_144748.1|	92.152	446	31	4	6	450	332	774	2.74e-179	627	2897707
885d6149aed37e263d317f8efd2a62f9	gi|1193829155|ref|NR_147398.1|	92.135	445	33	1	6	450	348	790	2.74e-179	627	1720200
885d6149aed37e263d317f8efd2a62f9	gi|2363082601|ref|NR_179547.1|	92.152	446	32	3	6	450	344	787	2.74e-179	627	1870991
d4711c05a9cc100e5300560726562b06	gi|343201004|ref|NR_041691.1|	99.784	463	1	0	6	468	332	794	0.0	850	544645
d4711c05a9cc100e5300560726562b06	gi|1864207064|ref|NR_169358.1|	96.996	466	8	5	6	468	332	794	0.0	778	1720203
d4711c05a9cc100e5300560726562b06	gi|2363083451|ref|NR_179974.1|	96.552	464	14	2	6	468	324	786	0.0	767	2093856
d4711c05a9cc100e5300560726562b06	gi|2363082787|ref|NR_179642.1|	96.552	464	14	2	6	468	312	774	0.0	767	2042309
d4711c05a9cc100e5300560726562b06	gi|699005326|ref|NR_126195.1|	96.352	466	11	4	6	468	332	794	0.0	761	1472417
d4711c05a9cc100e5300560726562b06	gi|699005325|ref|NR_126194.1|	96.121	464	16	2	6	468	332	794	0.0	761	1472416
d4711c05a9cc100e5300560726562b06	gi|3248465683|ref|NR_201697.1|	94.612	464	23	2	6	468	282	744	0.0	717	3378067
d4711c05a9cc100e5300560726562b06	gi|343201003|ref|NR_041690.1|	93.319	464	29	2	6	468	330	792	0.0	684	544644
d4711c05a9cc100e5300560726562b06	gi|1182956112|ref|NR_146820.1|	90.558	466	38	6	6	468	332	794	2.23e-175	614	1720195
d4711c05a9cc100e5300560726562b06	gi|2363082669|ref|NR_179582.1|	89.892	465	43	4	6	468	312	774	8.07e-170	595	1917882
4f3dbf116058d9d10800cccd34c1d55e	gi|2363087259|ref|NR_181885.1|	97.978	445	9	0	5	449	331	775	0.0	774	2885351
4f3dbf116058d9d10800cccd34c1d55e	gi|566085203|ref|NR_109014.1|	96.847	444	14	0	6	449	192	635	0.0	743	871665
4f3dbf116058d9d10800cccd34c1d55e	gi|645320731|ref|NR_117867.1|	96.854	445	12	2	6	449	297	740	0.0	743	871664
4f3dbf116058d9d10800cccd34c1d55e	gi|2363082673|ref|NR_179584.1|	96.622	444	15	0	6	449	324	767	0.0	739	1917888
4f3dbf116058d9d10800cccd34c1d55e	gi|2363084170|ref|NR_180334.1|	96.622	444	15	0	6	449	250	693	0.0	737	2763028
4f3dbf116058d9d10800cccd34c1d55e	gi|1679775916|ref|NR_163638.1|	96.629	445	13	2	6	449	325	768	0.0	737	2025493
4f3dbf116058d9d10800cccd34c1d55e	gi|1679775915|ref|NR_163637.1|	96.629	445	13	2	6	449	325	768	0.0	737	2025493
4f3dbf116058d9d10800cccd34c1d55e	gi|1679775914|ref|NR_163636.1|	96.629	445	13	2	6	449	325	768	0.0	737	2025493
4f3dbf116058d9d10800cccd34c1d55e	gi|1679775913|ref|NR_163635.1|	96.629	445	13	2	6	449	325	768	0.0	737	2025493
4f3dbf116058d9d10800cccd34c1d55e	gi|1679775912|ref|NR_163634.1|	96.629	445	13	2	6	449	325	768	0.0	737	2025493
929326dd8fc42acf72f1dc6af194fcfd	gi|645321322|ref|NR_118316.1|	99.784	464	1	0	6	469	335	798	0.0	852	1349822
929326dd8fc42acf72f1dc6af194fcfd	gi|2621112336|ref|NR_189240.1|	90.129	466	42	4	6	469	339	802	4.83e-172	603	2944915
929326dd8fc42acf72f1dc6af194fcfd	gi|2136551682|ref|NR_173687.1|	89.700	466	44	4	6	469	322	785	1.05e-168	592	2751153
929326dd8fc42acf72f1dc6af194fcfd	gi|1146059151|ref|NR_145883.1|	89.056	466	47	4	6	469	281	744	1.05e-163	575	1501392
929326dd8fc42acf72f1dc6af194fcfd	gi|1116030267|ref|NR_144725.1|	88.627	466	49	4	6	469	334	797	4.90e-162	569	1686296
929326dd8fc42acf72f1dc6af194fcfd	gi|1953646717|ref|NR_171512.1|	88.147	464	55	0	6	469	310	773	4.93e-157	553	2162893
929326dd8fc42acf72f1dc6af194fcfd	gi|566085049|ref|NR_108635.1|	88.147	464	55	0	6	469	313	776	4.93e-157	553	682526
929326dd8fc42acf72f1dc6af194fcfd	gi|645320817|ref|NR_117932.1|	87.957	465	54	2	6	469	330	793	2.30e-155	547	889453
929326dd8fc42acf72f1dc6af194fcfd	gi|2363082338|ref|NR_179416.1|	87.768	466	54	3	6	469	339	803	1.07e-153	542	1673718
929326dd8fc42acf72f1dc6af194fcfd	gi|1018196564|ref|NR_136443.1|	87.821	468	50	7	6	469	297	761	1.07e-153	542	867595
3d1e7ffeb2b67e27689d99affb6e3657	gi|444304189|ref|NR_074613.1|	95.045	444	22	0	6	449	347	790	0.0	699	515620
3d1e7ffeb2b67e27689d99affb6e3657	gi|219846511|ref|NR_026103.1|	94.607	445	24	0	5	449	312	756	0.0	689	37658
3d1e7ffeb2b67e27689d99affb6e3657	gi|559795169|ref|NR_104758.1|	94.595	444	24	0	6	449	342	785	0.0	688	1282887
3d1e7ffeb2b67e27689d99affb6e3657	gi|559795246|ref|NR_104836.1|	94.607	445	22	2	6	449	330	773	0.0	688	706562
3d1e7ffeb2b67e27689d99affb6e3657	gi|1277396381|ref|NR_152095.1|	94.382	445	25	0	5	449	344	788	0.0	684	1679721
3d1e7ffeb2b67e27689d99affb6e3657	gi|645321749|ref|NR_118643.1|	94.382	445	25	0	5	449	250	694	0.0	684	1432052
3d1e7ffeb2b67e27689d99affb6e3657	gi|631252121|ref|NR_113319.1|	94.157	445	26	0	5	449	346	790	0.0	678	645466
3d1e7ffeb2b67e27689d99affb6e3657	gi|1277396183|ref|NR_151894.1|	94.157	445	26	0	5	449	331	775	0.0	678	433293
3d1e7ffeb2b67e27689d99affb6e3657	gi|343202586|ref|NR_042953.1|	94.157	445	26	0	5	449	304	748	0.0	678	264463
3d1e7ffeb2b67e27689d99affb6e3657	gi|2363085103|ref|NR_180800.1|	93.933	445	27	0	5	449	343	787	0.0	673	2652274
558aeea45de872d3c456eb1aeb2754af	gi|2363082569|ref|NR_179531.1|	95.312	448	17	4	6	451	344	789	0.0	708	1852369
558aeea45de872d3c456eb1aeb2754af	gi|2363082168|ref|NR_179330.1|	95.067	446	22	0	6	451	324	769	0.0	702	2714355
558aeea45de872d3c456eb1aeb2754af	gi|2363082165|ref|NR_179329.1|	94.843	446	23	0	6	451	324	769	0.0	697	2714353
558aeea45de872d3c456eb1aeb2754af	gi|1109168025|ref|NR_144611.1|	93.289	447	29	1	6	451	279	725	0.0	658	1417852
558aeea45de872d3c456eb1aeb2754af	gi|2136551692|ref|NR_173697.1|	93.049	446	31	0	6	451	346	791	0.0	652	2108523
558aeea45de872d3c456eb1aeb2754af	gi|3030611324|ref|NR_200000.1|	93.065	447	30	1	6	451	298	744	0.0	652	3342383
558aeea45de872d3c456eb1aeb2754af	gi|645321110|ref|NR_118156.1|	93.096	449	25	5	6	451	301	746	0.0	652	1007096
558aeea45de872d3c456eb1aeb2754af	gi|1269801610|ref|NR_074793.2|	92.841	447	30	2	6	451	352	797	0.0	647	351091
558aeea45de872d3c456eb1aeb2754af	gi|343200653|ref|NR_041340.1|	92.841	447	30	2	6	451	325	770	0.0	647	351091
558aeea45de872d3c456eb1aeb2754af	gi|2363082342|ref|NR_179418.1|	92.617	447	32	1	6	451	345	791	0.0	641	1673721
da99b6f87f7c109fb05850b25a7634cb	gi|566085203|ref|NR_109014.1|	99.775	444	1	0	6	449	192	635	0.0	815	871665
da99b6f87f7c109fb05850b25a7634cb	gi|2363082673|ref|NR_179584.1|	99.324	444	3	0	6	449	324	767	0.0	806	1917888
da99b6f87f7c109fb05850b25a7634cb	gi|631252033|ref|NR_113231.1|	98.423	444	7	0	6	449	344	787	0.0	782	536633
da99b6f87f7c109fb05850b25a7634cb	gi|631251591|ref|NR_112789.1|	98.423	444	7	0	6	449	330	773	0.0	782	536633
da99b6f87f7c109fb05850b25a7634cb	gi|2363084170|ref|NR_180334.1|	97.528	445	9	2	6	449	250	693	0.0	760	2763028
da99b6f87f7c109fb05850b25a7634cb	gi|2363086300|ref|NR_181402.1|	97.528	445	9	2	6	449	297	740	0.0	760	2763028
da99b6f87f7c109fb05850b25a7634cb	gi|631252072|ref|NR_113270.1|	97.523	444	11	0	6	449	345	788	0.0	760	1121114
da99b6f87f7c109fb05850b25a7634cb	gi|645320731|ref|NR_117867.1|	97.523	444	11	0	6	449	297	740	0.0	760	871664
da99b6f87f7c109fb05850b25a7634cb	gi|559795114|ref|NR_104700.1|	97.523	444	11	0	6	449	345	788	0.0	760	33035
da99b6f87f7c109fb05850b25a7634cb	gi|219846720|ref|NR_026312.1|	97.297	444	12	0	6	449	324	767	0.0	756	180164
1cad05ebe3eefc8efbcd4d28cb987d24	gi|1269801543|ref|NR_074802.2|	99.779	453	1	0	6	458	338	790	0.0	832	367928
1cad05ebe3eefc8efbcd4d28cb987d24	gi|961555015|ref|NR_133982.1|	99.779	453	1	0	6	458	308	760	0.0	832	1680
1cad05ebe3eefc8efbcd4d28cb987d24	gi|645321680|ref|NR_118589.1|	99.779	453	1	0	6	458	332	784	0.0	832	1437612
1cad05ebe3eefc8efbcd4d28cb987d24	gi|636560686|ref|NR_116746.1|	99.779	453	1	0	6	458	306	758	0.0	832	1437612
1cad05ebe3eefc8efbcd4d28cb987d24	gi|310974993|ref|NR_036857.1|	99.558	453	2	0	6	458	245	697	0.0	826	78346
1cad05ebe3eefc8efbcd4d28cb987d24	gi|3248465902|ref|NR_201917.1|	98.675	453	4	2	6	458	335	785	0.0	802	3692808
1cad05ebe3eefc8efbcd4d28cb987d24	gi|310975253|ref|NR_037117.1|	98.234	453	6	2	6	458	328	778	0.0	791	28026
1cad05ebe3eefc8efbcd4d28cb987d24	gi|631251581|ref|NR_112779.1|	98.234	453	6	2	6	458	328	778	0.0	791	1150460
1cad05ebe3eefc8efbcd4d28cb987d24	gi|343201160|ref|NR_041875.1|	98.234	453	6	2	6	458	307	757	0.0	791	1686
1cad05ebe3eefc8efbcd4d28cb987d24	gi|586661365|ref|NR_036854.2|	98.013	453	9	0	6	458	323	775	0.0	787	78343
c9f798d4b7f992972c8b3a035b499592	gi|631251955|ref|NR_113153.1|	99.785	465	1	0	5	469	330	794	0.0	854	328814
c9f798d4b7f992972c8b3a035b499592	gi|343202834|ref|NR_043319.1|	99.570	465	2	0	5	469	319	783	0.0	850	717959
c9f798d4b7f992972c8b3a035b499592	gi|507148054|ref|NR_102861.1|	99.570	465	2	0	5	469	330	794	0.0	848	717959
c9f798d4b7f992972c8b3a035b499592	gi|507148137|ref|NR_102944.1|	98.495	465	7	0	5	469	330	794	0.0	821	214856
c9f798d4b7f992972c8b3a035b499592	gi|343198609|ref|NR_043064.1|	98.495	465	7	0	5	469	310	774	0.0	821	214856
c9f798d4b7f992972c8b3a035b499592	gi|631251952|ref|NR_113150.1|	98.280	465	8	0	5	469	330	794	0.0	815	214856
c9f798d4b7f992972c8b3a035b499592	gi|636559243|ref|NR_115300.1|	98.065	465	9	0	5	469	310	774	0.0	809	679935
c9f798d4b7f992972c8b3a035b499592	gi|2363086959|ref|NR_181736.1|	97.849	465	10	0	5	469	330	794	0.0	804	2834113
c9f798d4b7f992972c8b3a035b499592	gi|645321193|ref|NR_118219.1|	97.419	465	12	0	5	469	328	792	0.0	793	1033732
c9f798d4b7f992972c8b3a035b499592	gi|2363082505|ref|NR_179499.1|	97.204	465	13	0	5	469	338	802	0.0	787	2364787
95624a9727f1fd4e1b736ae15f89258f	gi|2363083800|ref|NR_180148.1|	99.553	447	2	0	6	452	346	792	0.0	815	2211183
95624a9727f1fd4e1b736ae15f89258f	gi|2363082352|ref|NR_179423.1|	95.078	447	22	0	6	452	346	792	0.0	704	1689270
95624a9727f1fd4e1b736ae15f89258f	gi|2363082358|ref|NR_179426.1|	93.960	447	27	0	6	452	346	792	0.0	676	1702285
95624a9727f1fd4e1b736ae15f89258f	gi|1109168025|ref|NR_144611.1|	93.960	447	27	0	6	452	279	725	0.0	676	1417852
95624a9727f1fd4e1b736ae15f89258f	gi|2363084741|ref|NR_180619.1|	93.736	447	28	0	6	452	344	790	0.0	671	2779352
95624a9727f1fd4e1b736ae15f89258f	gi|645321636|ref|NR_118554.1|	93.736	447	28	0	6	452	326	772	0.0	671	1297617
95624a9727f1fd4e1b736ae15f89258f	gi|2136551692|ref|NR_173697.1|	93.736	447	27	1	6	452	346	791	0.0	669	2108523
95624a9727f1fd4e1b736ae15f89258f	gi|219846080|ref|NR_025670.1|	93.512	447	29	0	6	452	326	772	0.0	665	411467
95624a9727f1fd4e1b736ae15f89258f	gi|219846612|ref|NR_026204.1|	93.096	449	27	4	6	452	325	771	0.0	656	47246
95624a9727f1fd4e1b736ae15f89258f	gi|3030611324|ref|NR_200000.1|	93.065	447	31	0	6	452	298	744	0.0	654	3342383
384524add239b27aa5240fe87fad1c25	gi|1491509587|ref|NR_159118.1|	99.570	465	2	0	5	469	306	770	0.0	848	28116
384524add239b27aa5240fe87fad1c25	gi|1491509586|ref|NR_159117.1|	99.570	465	2	0	5	469	297	761	0.0	848	28116
384524add239b27aa5240fe87fad1c25	gi|631251742|ref|NR_112940.1|	99.355	465	3	0	5	469	323	787	0.0	843	28116
384524add239b27aa5240fe87fad1c25	gi|636559244|ref|NR_115301.1|	99.355	465	3	0	5	469	316	780	0.0	843	28116
384524add239b27aa5240fe87fad1c25	gi|636560121|ref|NR_116181.1|	99.355	465	2	1	5	469	329	792	0.0	841	28116
384524add239b27aa5240fe87fad1c25	gi|645322410|ref|NR_119165.1|	98.710	465	6	0	5	469	315	779	0.0	833	28116
384524add239b27aa5240fe87fad1c25	gi|343200178|ref|NR_040865.1|	98.927	466	3	2	5	469	329	793	0.0	832	28116
384524add239b27aa5240fe87fad1c25	gi|631251749|ref|NR_112947.1|	97.849	465	10	0	5	469	322	786	0.0	806	657309
384524add239b27aa5240fe87fad1c25	gi|2363084431|ref|NR_180463.1|	97.849	465	10	0	5	469	336	800	0.0	804	2650158
384524add239b27aa5240fe87fad1c25	gi|343201773|ref|NR_042499.1|	97.849	465	10	0	5	469	290	754	0.0	804	657309
f28d5ba1256de89c55935b5fe3ba83c7	gi|2363084435|ref|NR_180465.1|	99.552	446	2	0	6	451	315	760	0.0	813	2509433
f28d5ba1256de89c55935b5fe3ba83c7	gi|672239006|ref|NR_125595.1|	99.552	446	1	1	6	451	195	639	0.0	811	1034345
f28d5ba1256de89c55935b5fe3ba83c7	gi|1109168021|ref|NR_144609.1|	93.527	448	24	5	6	451	316	760	0.0	662	1796610
f28d5ba1256de89c55935b5fe3ba83c7	gi|636559808|ref|NR_115868.1|	92.857	448	27	5	6	451	328	772	0.0	645	1235794
f28d5ba1256de89c55935b5fe3ba83c7	gi|2363081735|ref|NR_179114.1|	92.411	448	29	5	6	451	262	706	0.0	634	2070686
f28d5ba1256de89c55935b5fe3ba83c7	gi|2836274973|ref|NR_197736.1|	92.428	449	25	7	6	451	332	774	0.0	632	3111451
f28d5ba1256de89c55935b5fe3ba83c7	gi|343202351|ref|NR_042637.1|	92.188	448	28	5	6	451	279	721	2.75e-179	627	580026
f28d5ba1256de89c55935b5fe3ba83c7	gi|2621112326|ref|NR_189229.1|	91.982	449	28	7	6	451	287	730	3.56e-178	623	2897351
f28d5ba1256de89c55935b5fe3ba83c7	gi|659364522|ref|NR_121696.1|	92.018	451	23	11	6	451	328	770	1.28e-177	621	446660
f28d5ba1256de89c55935b5fe3ba83c7	gi|631252209|ref|NR_113407.1|	92.018	451	23	11	6	451	328	770	1.28e-177	621	446660
977b09849fc5b9ba1fd529ada36fd0ff	gi|2363082168|ref|NR_179330.1|	99.776	446	1	0	6	451	324	769	0.0	819	2714355
977b09849fc5b9ba1fd529ada36fd0ff	gi|2363082165|ref|NR_179329.1|	99.103	446	4	0	6	451	324	769	0.0	802	2714353
977b09849fc5b9ba1fd529ada36fd0ff	gi|645321110|ref|NR_118156.1|	94.855	447	21	2	6	451	301	746	0.0	697	1007096
977b09849fc5b9ba1fd529ada36fd0ff	gi|2962412234|ref|NR_199428.1|	94.631	447	22	2	6	451	349	794	0.0	691	3073143
977b09849fc5b9ba1fd529ada36fd0ff	gi|2363087001|ref|NR_181757.1|	94.209	449	20	6	6	451	286	731	0.0	680	2841504
977b09849fc5b9ba1fd529ada36fd0ff	gi|1109168025|ref|NR_144611.1|	94.209	449	21	3	6	451	279	725	0.0	680	1417852
977b09849fc5b9ba1fd529ada36fd0ff	gi|1269801610|ref|NR_074793.2|	93.960	447	25	2	6	451	352	797	0.0	675	351091
977b09849fc5b9ba1fd529ada36fd0ff	gi|343200653|ref|NR_041340.1|	93.960	447	25	2	6	451	325	770	0.0	675	351091
977b09849fc5b9ba1fd529ada36fd0ff	gi|2260349448|ref|NR_176530.1|	93.736	447	26	2	6	451	355	800	0.0	669	2093857
977b09849fc5b9ba1fd529ada36fd0ff	gi|2136551692|ref|NR_173697.1|	93.722	446	28	0	6	451	346	791	0.0	669	2108523
ebbc1bcd1abdc171836d9852986c47bb	gi|2363086296|ref|NR_181400.1|	93.736	447	25	2	5	451	244	687	0.0	669	2764712
ebbc1bcd1abdc171836d9852986c47bb	gi|2363085330|ref|NR_180913.1|	93.096	449	27	4	5	451	323	769	0.0	654	2697030
ebbc1bcd1abdc171836d9852986c47bb	gi|1491520133|ref|NR_159296.1|	93.080	448	29	2	5	451	331	777	0.0	654	433296
ebbc1bcd1abdc171836d9852986c47bb	gi|2363086298|ref|NR_181401.1|	92.841	447	29	2	5	451	299	742	0.0	645	2763645
ebbc1bcd1abdc171836d9852986c47bb	gi|2136551617|ref|NR_173621.1|	92.617	447	33	0	5	451	350	796	0.0	643	2818044
ebbc1bcd1abdc171836d9852986c47bb	gi|265678606|ref|NR_028911.1|	92.634	448	31	2	5	451	331	777	0.0	643	109327
ebbc1bcd1abdc171836d9852986c47bb	gi|1116030291|ref|NR_144749.1|	92.650	449	28	5	5	451	343	788	0.0	641	1852367
ebbc1bcd1abdc171836d9852986c47bb	gi|2463901899|ref|NR_184630.1|	92.617	447	32	1	5	451	339	784	0.0	641	2839743
ebbc1bcd1abdc171836d9852986c47bb	gi|219846440|ref|NR_026031.1|	92.170	447	34	1	5	451	322	767	2.13e-180	630	51123
ebbc1bcd1abdc171836d9852986c47bb	gi|265678381|ref|NR_028683.1|	92.205	449	28	7	6	451	325	769	7.65e-180	628	65403
2464609a37dfc3aceaa1bd538c669b29	gi|444304111|ref|NR_074535.1|	93.576	467	24	6	5	468	330	793	0.0	691	28118
2464609a37dfc3aceaa1bd538c669b29	gi|631251877|ref|NR_113075.1|	93.576	467	24	6	5	468	330	793	0.0	691	28118
2464609a37dfc3aceaa1bd538c669b29	gi|343206056|ref|NR_044636.1|	92.505	467	29	6	5	468	338	801	0.0	669	28118
2464609a37dfc3aceaa1bd538c669b29	gi|343200620|ref|NR_041307.1|	87.366	467	54	4	5	468	330	794	2.31e-150	531	329854
2464609a37dfc3aceaa1bd538c669b29	gi|631251745|ref|NR_112943.1|	86.966	468	54	6	5	468	322	786	4.99e-147	520	449673
2464609a37dfc3aceaa1bd538c669b29	gi|631251735|ref|NR_112933.1|	86.724	467	57	4	5	468	330	794	2.32e-145	514	246787
2464609a37dfc3aceaa1bd538c669b29	gi|631251867|ref|NR_113065.1|	86.510	467	58	4	5	468	334	798	1.08e-143	508	762984
2464609a37dfc3aceaa1bd538c669b29	gi|631251695|ref|NR_112893.1|	86.510	467	58	4	5	468	314	778	1.08e-143	508	762984
2464609a37dfc3aceaa1bd538c669b29	gi|2363086949|ref|NR_181731.1|	86.296	467	59	4	5	468	286	750	5.03e-142	503	2834112
2464609a37dfc3aceaa1bd538c669b29	gi|2363086550|ref|NR_181532.1|	86.296	467	59	4	5	468	318	782	5.03e-142	503	2763025
75be7cfcf12e26247a28114e0cd6ab06	gi|636558732|ref|NR_114789.1|	95.270	444	21	0	6	449	344	787	0.0	704	1535
75be7cfcf12e26247a28114e0cd6ab06	gi|1146059197|ref|NR_145929.1|	94.196	448	22	2	6	449	316	763	0.0	680	642589
75be7cfcf12e26247a28114e0cd6ab06	gi|3248465687|ref|NR_201701.1|	93.960	447	24	2	6	449	327	773	0.0	673	3435187
75be7cfcf12e26247a28114e0cd6ab06	gi|3248465688|ref|NR_201702.1|	93.960	447	24	2	6	449	325	771	0.0	673	3435000
75be7cfcf12e26247a28114e0cd6ab06	gi|2836274966|ref|NR_197729.1|	93.919	444	27	0	6	449	301	744	0.0	671	3093657
75be7cfcf12e26247a28114e0cd6ab06	gi|1193829157|ref|NR_147400.1|	93.468	444	29	0	6	449	336	779	0.0	660	1958780
75be7cfcf12e26247a28114e0cd6ab06	gi|2836274967|ref|NR_197730.1|	93.468	444	29	0	6	449	309	752	0.0	660	3093658
75be7cfcf12e26247a28114e0cd6ab06	gi|1116030278|ref|NR_144736.1|	93.468	444	29	0	6	449	357	800	0.0	660	1776382
75be7cfcf12e26247a28114e0cd6ab06	gi|2363082799|ref|NR_179648.1|	93.243	444	30	0	6	449	336	779	0.0	654	2045012
75be7cfcf12e26247a28114e0cd6ab06	gi|2180566484|ref|NR_174324.1|	93.243	444	30	0	6	449	343	786	0.0	654	2576756
bc85b4b2598b25646bbad2d71c79b1f5	gi|631252073|ref|NR_113271.1|	96.983	464	14	0	6	469	336	799	0.0	780	742725
bc85b4b2598b25646bbad2d71c79b1f5	gi|631251698|ref|NR_112896.1|	96.983	464	14	0	6	469	316	779	0.0	780	742725
bc85b4b2598b25646bbad2d71c79b1f5	gi|1116030248|ref|NR_144706.1|	96.767	464	15	0	6	469	339	802	0.0	774	1211813
bc85b4b2598b25646bbad2d71c79b1f5	gi|2363082099|ref|NR_179296.1|	92.258	465	36	0	5	469	320	784	0.0	660	2585119
bc85b4b2598b25646bbad2d71c79b1f5	gi|631251954|ref|NR_113152.1|	92.258	465	34	2	6	469	334	797	0.0	658	28117
bc85b4b2598b25646bbad2d71c79b1f5	gi|645321193|ref|NR_118219.1|	91.845	466	36	2	5	469	328	792	0.0	649	1033732
bc85b4b2598b25646bbad2d71c79b1f5	gi|672239000|ref|NR_125589.1|	91.845	466	36	2	5	469	265	729	0.0	649	1033731
bc85b4b2598b25646bbad2d71c79b1f5	gi|2363086959|ref|NR_181736.1|	91.613	465	39	0	5	469	330	794	0.0	643	2834113
bc85b4b2598b25646bbad2d71c79b1f5	gi|631251953|ref|NR_113151.1|	91.595	464	39	0	6	469	335	798	0.0	641	328813
bc85b4b2598b25646bbad2d71c79b1f5	gi|343202833|ref|NR_043318.1|	91.595	464	39	0	6	469	321	784	0.0	641	328813
33b3a31d932dd614cb11ac90de1bc8e9	gi|2363082569|ref|NR_179531.1|	93.498	446	29	0	6	451	344	789	0.0	664	1852369
33b3a31d932dd614cb11ac90de1bc8e9	gi|631253128|ref|NR_114326.1|	92.841	447	30	2	5	451	330	774	0.0	647	1150298
33b3a31d932dd614cb11ac90de1bc8e9	gi|2363082168|ref|NR_179330.1|	90.807	446	41	0	6	451	324	769	2.16e-170	597	2714355
33b3a31d932dd614cb11ac90de1bc8e9	gi|2363082165|ref|NR_179329.1|	90.828	447	39	2	6	451	324	769	2.16e-170	597	2714353
33b3a31d932dd614cb11ac90de1bc8e9	gi|1227086118|ref|NR_148620.1|	90.828	447	39	1	5	451	191	635	2.16e-170	597	1763509
33b3a31d932dd614cb11ac90de1bc8e9	gi|343205837|ref|NR_044289.1|	90.828	447	39	2	5	451	324	768	2.16e-170	597	460384
33b3a31d932dd614cb11ac90de1bc8e9	gi|343201474|ref|NR_042200.1|	90.828	447	39	1	5	451	314	758	2.16e-170	597	333367
33b3a31d932dd614cb11ac90de1bc8e9	gi|2363082352|ref|NR_179423.1|	90.604	447	41	1	6	451	346	792	1.00e-168	592	1689270
33b3a31d932dd614cb11ac90de1bc8e9	gi|645321110|ref|NR_118156.1|	90.583	446	42	0	6	451	301	746	1.00e-168	592	1007096
33b3a31d932dd614cb11ac90de1bc8e9	gi|645321072|ref|NR_118128.1|	90.604	447	40	1	5	451	170	614	1.00e-168	592	1531
9f599d75b1204bca32663006c75b0eb0	gi|265679047|ref|NR_029355.1|	93.736	447	24	4	6	451	329	772	0.0	667	84026
9f599d75b1204bca32663006c75b0eb0	gi|2363082601|ref|NR_179547.1|	93.289	447	26	4	6	451	344	787	0.0	656	1870991
9f599d75b1204bca32663006c75b0eb0	gi|228717037|ref|NR_027558.1|	93.049	446	28	2	6	451	289	731	0.0	649	169435
9f599d75b1204bca32663006c75b0eb0	gi|2363082340|ref|NR_179417.1|	92.188	448	28	6	6	451	342	784	2.75e-179	627	1673720
9f599d75b1204bca32663006c75b0eb0	gi|343205927|ref|NR_044425.1|	91.946	447	32	4	6	451	343	786	3.56e-178	623	474960
9f599d75b1204bca32663006c75b0eb0	gi|2363082755|ref|NR_179626.1|	91.946	447	31	4	6	451	348	790	1.28e-177	621	1987501
9f599d75b1204bca32663006c75b0eb0	gi|2363082711|ref|NR_179603.1|	92.000	450	25	9	6	451	314	756	1.28e-177	621	1944642
9f599d75b1204bca32663006c75b0eb0	gi|2363086272|ref|NR_181388.1|	91.723	447	33	4	6	451	385	828	1.66e-176	617	2763658
9f599d75b1204bca32663006c75b0eb0	gi|2363082625|ref|NR_179559.1|	91.759	449	30	7	6	451	330	774	1.66e-176	617	1871018
9f599d75b1204bca32663006c75b0eb0	gi|2363082585|ref|NR_179539.1|	91.723	447	32	4	6	451	348	790	5.95e-176	616	1852384
6ba8c064b4738c4c02782914bf4c64e8	gi|1227086020|ref|NR_148574.1|	91.685	445	33	3	6	448	328	770	2.13e-175	614	1907662
6ba8c064b4738c4c02782914bf4c64e8	gi|1116030293|ref|NR_144751.1|	91.461	445	34	3	6	448	328	770	9.89e-174	608	1852371
6ba8c064b4738c4c02782914bf4c64e8	gi|645320082|ref|NR_117374.1|	89.213	445	44	2	6	448	316	758	4.70e-157	553	747645
6ba8c064b4738c4c02782914bf4c64e8	gi|343198543|ref|NR_042840.1|	88.964	444	48	1	6	448	308	751	2.19e-155	547	883107
6ba8c064b4738c4c02782914bf4c64e8	gi|1193829137|ref|NR_147380.1|	88.739	444	49	1	6	448	328	771	1.02e-153	542	1871008
6ba8c064b4738c4c02782914bf4c64e8	gi|2363082557|ref|NR_179525.1|	88.789	446	44	5	6	448	328	770	1.02e-153	542	1841863
6ba8c064b4738c4c02782914bf4c64e8	gi|2363084900|ref|NR_180698.1|	88.739	444	49	1	6	448	328	771	1.02e-153	542	2690837
6ba8c064b4738c4c02782914bf4c64e8	gi|444303954|ref|NR_074377.1|	88.739	444	49	1	6	448	328	771	1.02e-153	542	84112
6ba8c064b4738c4c02782914bf4c64e8	gi|631251960|ref|NR_113158.1|	88.739	444	49	1	6	448	328	771	1.02e-153	542	84112
6ba8c064b4738c4c02782914bf4c64e8	gi|310975225|ref|NR_037089.1|	88.739	444	49	1	6	448	328	771	1.02e-153	542	84112
533647e9cbc74467efe0d5e7481cd17f	gi|2836274968|ref|NR_197731.1|	97.523	444	11	0	6	449	303	746	0.0	760	3093659
533647e9cbc74467efe0d5e7481cd17f	gi|2836274966|ref|NR_197729.1|	97.528	445	9	2	6	449	301	744	0.0	760	3093657
533647e9cbc74467efe0d5e7481cd17f	gi|2836274967|ref|NR_197730.1|	97.297	444	12	0	6	449	309	752	0.0	754	3093658
533647e9cbc74467efe0d5e7481cd17f	gi|1116030278|ref|NR_144736.1|	97.303	445	10	2	6	449	357	800	0.0	754	1776382
533647e9cbc74467efe0d5e7481cd17f	gi|1109168013|ref|NR_144605.1|	96.854	445	12	2	6	449	364	807	0.0	743	1796620
533647e9cbc74467efe0d5e7481cd17f	gi|2363082767|ref|NR_179632.1|	96.404	445	14	2	6	449	334	777	0.0	732	2014781
533647e9cbc74467efe0d5e7481cd17f	gi|1116030269|ref|NR_144727.1|	93.018	444	31	0	6	449	332	775	0.0	649	1673717
533647e9cbc74467efe0d5e7481cd17f	gi|2363086260|ref|NR_181382.1|	93.049	446	27	4	6	449	319	762	0.0	649	2763662
533647e9cbc74467efe0d5e7481cd17f	gi|636558732|ref|NR_114789.1|	93.034	445	29	2	6	449	344	787	0.0	649	1535
533647e9cbc74467efe0d5e7481cd17f	gi|3248465687|ref|NR_201701.1|	92.411	448	29	4	6	449	327	773	0.0	634	3435187
897e329dede220214ecfcd0f6f18a2e6	gi|2363087259|ref|NR_181885.1|	97.079	445	13	0	5	449	331	775	0.0	752	2885351
897e329dede220214ecfcd0f6f18a2e6	gi|2363086290|ref|NR_181397.1|	96.854	445	14	0	5	449	299	743	0.0	745	2763671
897e329dede220214ecfcd0f6f18a2e6	gi|974142252|ref|NR_134772.1|	96.629	445	15	0	5	449	293	737	0.0	739	1337051
897e329dede220214ecfcd0f6f18a2e6	gi|631253128|ref|NR_114326.1|	96.404	445	16	0	5	449	330	774	0.0	734	1150298
897e329dede220214ecfcd0f6f18a2e6	gi|3030611230|ref|NR_199906.1|	96.180	445	17	0	5	449	350	794	0.0	728	3123317
897e329dede220214ecfcd0f6f18a2e6	gi|3030611314|ref|NR_199990.1|	96.180	445	17	0	5	449	346	790	0.0	728	3123317
897e329dede220214ecfcd0f6f18a2e6	gi|2363082679|ref|NR_179587.1|	96.180	445	17	0	5	449	324	768	0.0	728	1926283
897e329dede220214ecfcd0f6f18a2e6	gi|1384992332|ref|NR_156081.1|	96.180	445	17	0	5	449	332	776	0.0	728	1469948
897e329dede220214ecfcd0f6f18a2e6	gi|1384992331|ref|NR_156080.1|	96.180	445	17	0	5	449	332	776	0.0	728	1469948
897e329dede220214ecfcd0f6f18a2e6	gi|1384992329|ref|NR_156078.1|	96.180	445	17	0	5	449	332	776	0.0	728	1469948
3866399699e868e4506bcdda0be8a9c2	gi|343206380|ref|NR_044972.1|	93.527	448	27	2	6	452	328	774	0.0	669	44749
3866399699e868e4506bcdda0be8a9c2	gi|2363082165|ref|NR_179329.1|	93.541	449	24	5	6	452	324	769	0.0	664	2714353
3866399699e868e4506bcdda0be8a9c2	gi|2363082168|ref|NR_179330.1|	93.289	447	29	1	6	452	324	769	0.0	658	2714355
3866399699e868e4506bcdda0be8a9c2	gi|219857437|ref|NR_025025.1|	93.080	448	27	4	6	452	329	773	0.0	658	100176
3866399699e868e4506bcdda0be8a9c2	gi|3030611324|ref|NR_200000.1|	93.080	448	29	2	6	452	298	744	0.0	654	3342383
3866399699e868e4506bcdda0be8a9c2	gi|1109168025|ref|NR_144611.1|	93.065	447	31	0	6	452	279	725	0.0	654	1417852
3866399699e868e4506bcdda0be8a9c2	gi|219857201|ref|NR_024829.1|	92.394	447	34	0	6	452	318	764	0.0	638	253314
3866399699e868e4506bcdda0be8a9c2	gi|2363082342|ref|NR_179418.1|	92.188	448	33	2	6	452	345	791	0.0	632	1673721
3866399699e868e4506bcdda0be8a9c2	gi|444304204|ref|NR_074629.1|	92.170	447	35	0	6	452	338	784	0.0	632	1515
3866399699e868e4506bcdda0be8a9c2	gi|631251959|ref|NR_113157.1|	92.170	447	35	0	6	452	338	784	0.0	632	1515
1ad4bd919919c89bda95d7f98233baa2	gi|2260349448|ref|NR_176530.1|	99.552	446	2	0	6	451	355	800	0.0	813	2093857
1ad4bd919919c89bda95d7f98233baa2	gi|2363082559|ref|NR_179526.1|	99.552	446	2	0	6	451	346	791	0.0	813	1841866
1ad4bd919919c89bda95d7f98233baa2	gi|645321110|ref|NR_118156.1|	95.740	446	19	0	6	451	301	746	0.0	719	1007096
1ad4bd919919c89bda95d7f98233baa2	gi|2962412234|ref|NR_199428.1|	95.516	446	20	0	6	451	349	794	0.0	713	3073143
1ad4bd919919c89bda95d7f98233baa2	gi|2363087001|ref|NR_181757.1|	95.089	448	18	4	6	451	286	731	0.0	702	2841504
1ad4bd919919c89bda95d7f98233baa2	gi|2363082170|ref|NR_179331.1|	95.078	447	21	1	6	451	325	771	0.0	702	2714358
1ad4bd919919c89bda95d7f98233baa2	gi|1269801610|ref|NR_074793.2|	94.395	446	25	0	6	451	352	797	0.0	686	351091
1ad4bd919919c89bda95d7f98233baa2	gi|343200653|ref|NR_041340.1|	94.395	446	25	0	6	451	325	770	0.0	686	351091
1ad4bd919919c89bda95d7f98233baa2	gi|2363082569|ref|NR_179531.1|	94.170	446	26	0	6	451	344	789	0.0	680	1852369
1ad4bd919919c89bda95d7f98233baa2	gi|2363082165|ref|NR_179329.1|	93.736	447	26	2	6	451	324	769	0.0	669	2714353
