09a2f4210932ece8791827524c0b7ca7	gi|631251954|ref|NR_113152.1|	99.348	460	3	0	1	460	337	796	0.0	833	28117
09a2f4210932ece8791827524c0b7ca7	gi|219846319|ref|NR_025909.1|	96.522	460	16	0	1	460	344	803	0.0	782	28117
09a2f4210932ece8791827524c0b7ca7	gi|645321193|ref|NR_118219.1|	96.963	461	12	2	1	460	332	791	0.0	773	1033732
09a2f4210932ece8791827524c0b7ca7	gi|672239000|ref|NR_125589.1|	96.746	461	13	2	1	460	269	728	0.0	767	1033731
09a2f4210932ece8791827524c0b7ca7	gi|2363086959|ref|NR_181736.1|	96.529	461	14	2	1	460	334	793	0.0	761	2834113
09a2f4210932ece8791827524c0b7ca7	gi|2363082099|ref|NR_179296.1|	96.529	461	14	2	1	460	324	783	0.0	761	2585119
09a2f4210932ece8791827524c0b7ca7	gi|631251953|ref|NR_113151.1|	96.104	462	14	4	1	460	338	797	0.0	750	328813
09a2f4210932ece8791827524c0b7ca7	gi|343202833|ref|NR_043318.1|	96.104	462	14	4	1	460	324	783	0.0	750	328813
09a2f4210932ece8791827524c0b7ca7	gi|2363082505|ref|NR_179499.1|	95.680	463	14	6	1	460	342	801	0.0	739	2364787
09a2f4210932ece8791827524c0b7ca7	gi|507148137|ref|NR_102944.1|	95.662	461	18	2	1	460	334	793	0.0	739	214856
d33d8570a7a641c68687bb6bd84ec451	gi|444304012|ref|NR_074436.1|	99.552	446	2	0	1	446	321	766	0.0	813	239935
d33d8570a7a641c68687bb6bd84ec451	gi|343202494|ref|NR_042817.1|	99.552	446	2	0	1	446	301	746	0.0	813	349741
d33d8570a7a641c68687bb6bd84ec451	gi|1315204026|ref|NR_152695.1|	91.759	449	33	3	1	446	300	747	1.26e-177	621	1679444
d33d8570a7a641c68687bb6bd84ec451	gi|343200983|ref|NR_041670.1|	85.193	466	48	7	1	446	298	762	2.92e-129	460	490092
d33d8570a7a641c68687bb6bd84ec451	gi|343200984|ref|NR_041671.1|	84.797	467	48	11	1	446	320	784	2.27e-125	448	490093
d33d8570a7a641c68687bb6bd84ec451	gi|2260349445|ref|NR_176527.1|	84.731	465	50	7	1	446	318	780	8.17e-125	446	2576071
d33d8570a7a641c68687bb6bd84ec451	gi|219846674|ref|NR_026266.1|	84.549	466	50	8	1	446	304	767	8.17e-125	446	240016
d33d8570a7a641c68687bb6bd84ec451	gi|343200937|ref|NR_041624.1|	84.615	468	47	11	1	446	321	785	1.06e-123	442	454151
d33d8570a7a641c68687bb6bd84ec451	gi|343200987|ref|NR_041674.1|	84.368	467	50	11	1	446	319	783	4.92e-122	436	490096
d33d8570a7a641c68687bb6bd84ec451	gi|566085532|ref|NR_109603.1|	84.154	467	51	11	1	446	281	745	2.29e-120	431	1157309
3e98df6e30e8a9eec3d560415aeb08da	gi|631252213|ref|NR_113411.1|	98.696	460	6	0	1	460	341	800	0.0	817	537011
3e98df6e30e8a9eec3d560415aeb08da	gi|343200190|ref|NR_040877.1|	98.478	460	7	0	1	460	341	800	0.0	813	537011
3e98df6e30e8a9eec3d560415aeb08da	gi|2363084409|ref|NR_180452.1|	97.826	460	10	0	1	460	321	780	0.0	795	2518605
3e98df6e30e8a9eec3d560415aeb08da	gi|631251907|ref|NR_113105.1|	93.926	461	26	2	1	460	329	788	0.0	695	470565
3e98df6e30e8a9eec3d560415aeb08da	gi|343199048|ref|NR_044407.1|	93.926	461	26	2	1	460	321	780	0.0	695	470565
3e98df6e30e8a9eec3d560415aeb08da	gi|566085557|ref|NR_109628.1|	93.492	461	28	2	1	460	322	781	0.0	684	1177574
3e98df6e30e8a9eec3d560415aeb08da	gi|631251926|ref|NR_113124.1|	93.492	461	28	2	1	460	341	800	0.0	684	28137
3e98df6e30e8a9eec3d560415aeb08da	gi|265678842|ref|NR_029147.1|	93.521	463	24	6	1	460	344	803	0.0	684	28136
3e98df6e30e8a9eec3d560415aeb08da	gi|636559270|ref|NR_115327.1|	93.492	461	28	2	1	460	321	780	0.0	684	28137
3e98df6e30e8a9eec3d560415aeb08da	gi|265678843|ref|NR_029148.1|	93.275	461	29	2	1	460	349	808	0.0	682	28137
8d36f67747016f670eab677698a39d0a	gi|2363080123|ref|NR_178280.1|	98.864	440	5	0	1	440	331	770	0.0	785	411483
8d36f67747016f670eab677698a39d0a	gi|3030611269|ref|NR_199945.1|	98.636	440	6	0	1	440	335	774	0.0	780	3435293
8d36f67747016f670eab677698a39d0a	gi|2363081449|ref|NR_178971.1|	99.072	431	4	0	1	431	285	715	0.0	774	1851427
8d36f67747016f670eab677698a39d0a	gi|265678656|ref|NR_028961.1|	98.182	440	8	0	1	440	327	766	0.0	769	853
8d36f67747016f670eab677698a39d0a	gi|2363081451|ref|NR_178972.1|	97.955	440	9	0	1	440	285	724	0.0	763	1851428
8d36f67747016f670eab677698a39d0a	gi|2363082282|ref|NR_179388.1|	97.279	441	10	2	1	440	335	774	0.0	747	2935520
8d36f67747016f670eab677698a39d0a	gi|2363080175|ref|NR_178311.1|	96.591	440	15	0	1	440	412	851	0.0	730	2903556
8d36f67747016f670eab677698a39d0a	gi|2363084747|ref|NR_180622.1|	93.424	441	27	2	1	440	335	774	0.0	652	2779354
8d36f67747016f670eab677698a39d0a	gi|559795255|ref|NR_104846.1|	93.182	440	30	0	1	440	288	727	0.0	647	745368
8d36f67747016f670eab677698a39d0a	gi|1277396189|ref|NR_151900.1|	92.727	440	32	0	1	440	351	790	0.0	636	1550024
34866cb713b3af1be763d92941bd22b9	gi|265678656|ref|NR_028961.1|	99.091	440	4	0	1	440	327	766	0.0	791	853
34866cb713b3af1be763d92941bd22b9	gi|2363081451|ref|NR_178972.1|	98.864	440	5	0	1	440	285	724	0.0	785	1851428
34866cb713b3af1be763d92941bd22b9	gi|2363080123|ref|NR_178280.1|	98.864	440	5	0	1	440	331	770	0.0	785	411483
34866cb713b3af1be763d92941bd22b9	gi|3030611269|ref|NR_199945.1|	98.636	440	6	0	1	440	335	774	0.0	780	3435293
34866cb713b3af1be763d92941bd22b9	gi|2363081449|ref|NR_178971.1|	98.636	440	5	1	1	440	285	723	0.0	778	1851427
34866cb713b3af1be763d92941bd22b9	gi|2363082282|ref|NR_179388.1|	98.186	441	6	2	1	440	335	774	0.0	769	2935520
34866cb713b3af1be763d92941bd22b9	gi|2363080175|ref|NR_178311.1|	96.591	440	15	0	1	440	412	851	0.0	730	2903556
34866cb713b3af1be763d92941bd22b9	gi|1397641802|ref|NR_156911.1|	92.500	440	33	0	1	440	351	790	2.07e-180	630	1650663
34866cb713b3af1be763d92941bd22b9	gi|2363084747|ref|NR_180622.1|	92.517	441	31	2	1	440	335	774	2.07e-180	630	2779354
34866cb713b3af1be763d92941bd22b9	gi|2363082356|ref|NR_179425.1|	92.500	440	33	0	1	440	351	790	2.07e-180	630	1689304
29385c2452db000617ccaa107f48bf7c	gi|343200979|ref|NR_041666.1|	99.140	465	4	0	1	465	336	800	0.0	837	742743
29385c2452db000617ccaa107f48bf7c	gi|2363082841|ref|NR_179669.1|	96.129	465	18	0	1	465	360	824	0.0	760	2161821
29385c2452db000617ccaa107f48bf7c	gi|2363082109|ref|NR_179301.1|	96.129	465	18	0	1	465	344	808	0.0	760	2582419
29385c2452db000617ccaa107f48bf7c	gi|343198671|ref|NR_043231.1|	95.484	465	21	0	1	465	283	747	0.0	743	308994
29385c2452db000617ccaa107f48bf7c	gi|631252159|ref|NR_113357.1|	95.279	466	21	1	1	465	356	821	0.0	737	308994
29385c2452db000617ccaa107f48bf7c	gi|631252158|ref|NR_113356.1|	93.562	466	27	3	1	465	355	818	0.0	691	309120
29385c2452db000617ccaa107f48bf7c	gi|343198462|ref|NR_041895.1|	93.562	466	27	3	1	465	296	759	0.0	691	888062
29385c2452db000617ccaa107f48bf7c	gi|343205705|ref|NR_044091.1|	91.649	467	35	4	1	465	240	704	0.0	643	423477
29385c2452db000617ccaa107f48bf7c	gi|2363082157|ref|NR_179325.1|	91.453	468	34	6	1	465	300	764	0.0	638	2682456
29385c2452db000617ccaa107f48bf7c	gi|343201163|ref|NR_041879.1|	91.453	468	34	6	1	465	283	747	0.0	638	39778
c7696c5bea5c79dc71472414366052e6	gi|444304091|ref|NR_074515.1|	98.915	461	3	2	1	460	350	809	0.0	822	435590
c7696c5bea5c79dc71472414366052e6	gi|631251748|ref|NR_112946.1|	98.915	461	3	2	1	460	339	798	0.0	822	821
c7696c5bea5c79dc71472414366052e6	gi|631250946|ref|NR_112143.1|	98.698	461	4	2	1	460	307	766	0.0	817	821
c7696c5bea5c79dc71472414366052e6	gi|343200664|ref|NR_041351.1|	98.478	460	7	0	1	460	341	800	0.0	811	357276
c7696c5bea5c79dc71472414366052e6	gi|631251997|ref|NR_113195.1|	93.478	460	30	0	1	460	338	797	0.0	684	1236515
c7696c5bea5c79dc71472414366052e6	gi|631251866|ref|NR_113064.1|	93.261	460	31	0	1	460	338	797	0.0	678	1236538
c7696c5bea5c79dc71472414366052e6	gi|631251817|ref|NR_113015.1|	93.261	460	31	0	1	460	338	797	0.0	678	1236538
c7696c5bea5c79dc71472414366052e6	gi|645320081|ref|NR_117373.1|	93.261	460	31	0	1	460	289	748	0.0	678	1236515
c7696c5bea5c79dc71472414366052e6	gi|2363085522|ref|NR_181010.1|	92.826	460	33	0	1	460	297	756	0.0	667	2786956
c7696c5bea5c79dc71472414366052e6	gi|2363082773|ref|NR_179635.1|	92.826	460	33	0	1	460	338	797	0.0	667	2024197
b283fb6d8a4938befb9bd8f1ed5f6cf8	gi|631251875|ref|NR_113073.1|	98.261	460	8	0	1	460	329	788	0.0	806	487174
b283fb6d8a4938befb9bd8f1ed5f6cf8	gi|343200981|ref|NR_041668.1|	98.261	460	8	0	1	460	321	780	0.0	806	742726
b283fb6d8a4938befb9bd8f1ed5f6cf8	gi|1270532346|ref|NR_121773.2|	96.312	461	15	2	1	460	348	807	0.0	756	397865
b283fb6d8a4938befb9bd8f1ed5f6cf8	gi|343200821|ref|NR_041508.1|	96.095	461	15	3	1	460	325	783	0.0	749	397865
b283fb6d8a4938befb9bd8f1ed5f6cf8	gi|2136551682|ref|NR_173687.1|	89.849	463	41	6	1	460	325	784	3.69e-168	590	2751153
b283fb6d8a4938befb9bd8f1ed5f6cf8	gi|1146059151|ref|NR_145883.1|	89.417	463	43	6	1	460	284	743	7.98e-165	579	1501392
b283fb6d8a4938befb9bd8f1ed5f6cf8	gi|1116030267|ref|NR_144725.1|	88.985	463	45	6	1	460	337	796	3.71e-163	573	1686296
b283fb6d8a4938befb9bd8f1ed5f6cf8	gi|1909404453|ref|NR_170508.1|	88.720	461	49	3	1	460	352	810	2.89e-159	560	2518971
b283fb6d8a4938befb9bd8f1ed5f6cf8	gi|2363083455|ref|NR_179976.1|	88.578	464	44	9	1	460	289	747	1.34e-157	555	2094151
b283fb6d8a4938befb9bd8f1ed5f6cf8	gi|2363084938|ref|NR_180717.1|	88.286	461	52	2	1	460	259	718	1.74e-156	551	2601703
c2443233c42e4484226f06dd2e894252	gi|2363082165|ref|NR_179329.1|	98.643	442	6	0	1	442	327	768	0.0	784	2714353
c2443233c42e4484226f06dd2e894252	gi|2363082168|ref|NR_179330.1|	98.416	442	7	0	1	442	327	768	0.0	778	2714355
c2443233c42e4484226f06dd2e894252	gi|645321110|ref|NR_118156.1|	93.905	443	25	2	1	442	304	745	0.0	667	1007096
c2443233c42e4484226f06dd2e894252	gi|2962412234|ref|NR_199428.1|	93.679	443	26	2	1	442	352	793	0.0	662	3073143
c2443233c42e4484226f06dd2e894252	gi|1269801610|ref|NR_074793.2|	93.454	443	27	2	1	442	355	796	0.0	656	351091
c2443233c42e4484226f06dd2e894252	gi|343200653|ref|NR_041340.1|	93.454	443	27	2	1	442	328	769	0.0	656	351091
c2443233c42e4484226f06dd2e894252	gi|2363087001|ref|NR_181757.1|	93.258	445	24	6	1	442	289	730	0.0	651	2841504
c2443233c42e4484226f06dd2e894252	gi|2260349448|ref|NR_176530.1|	92.777	443	30	2	1	442	358	799	0.0	640	2093857
c2443233c42e4484226f06dd2e894252	gi|2363082559|ref|NR_179526.1|	92.777	443	30	2	1	442	349	790	0.0	640	1841866
c2443233c42e4484226f06dd2e894252	gi|2363082170|ref|NR_179331.1|	92.777	443	31	1	1	442	328	770	0.0	640	2714358
e2c4cae8f4c81dcdca99ea1e0b223721	gi|631251953|ref|NR_113151.1|	99.348	460	3	0	1	460	338	797	0.0	833	328813
e2c4cae8f4c81dcdca99ea1e0b223721	gi|343202833|ref|NR_043318.1|	99.348	460	3	0	1	460	324	783	0.0	833	328813
e2c4cae8f4c81dcdca99ea1e0b223721	gi|2363082099|ref|NR_179296.1|	97.391	460	12	0	1	460	324	783	0.0	784	2585119
e2c4cae8f4c81dcdca99ea1e0b223721	gi|507148054|ref|NR_102861.1|	96.957	460	14	0	1	460	334	793	0.0	773	717959
e2c4cae8f4c81dcdca99ea1e0b223721	gi|672239000|ref|NR_125589.1|	96.963	461	12	2	1	460	269	728	0.0	773	1033731
e2c4cae8f4c81dcdca99ea1e0b223721	gi|343202834|ref|NR_043319.1|	96.739	460	15	0	1	460	323	782	0.0	769	717959
e2c4cae8f4c81dcdca99ea1e0b223721	gi|2363082505|ref|NR_179499.1|	96.739	460	15	0	1	460	342	801	0.0	767	2364787
e2c4cae8f4c81dcdca99ea1e0b223721	gi|507148137|ref|NR_102944.1|	96.739	460	15	0	1	460	334	793	0.0	767	214856
e2c4cae8f4c81dcdca99ea1e0b223721	gi|631251955|ref|NR_113153.1|	96.739	460	15	0	1	460	334	793	0.0	767	328814
e2c4cae8f4c81dcdca99ea1e0b223721	gi|636559243|ref|NR_115300.1|	96.739	460	15	0	1	460	314	773	0.0	767	679935
915835c2d9dd2830445f4dd8e3ca6984	gi|631251734|ref|NR_112932.1|	99.130	460	4	0	1	460	328	787	0.0	828	47678
915835c2d9dd2830445f4dd8e3ca6984	gi|219846650|ref|NR_026242.1|	99.130	460	4	0	1	460	318	777	0.0	828	47678
915835c2d9dd2830445f4dd8e3ca6984	gi|631251869|ref|NR_113067.1|	97.391	460	12	0	1	460	325	784	0.0	784	1077285
915835c2d9dd2830445f4dd8e3ca6984	gi|343200626|ref|NR_041313.1|	97.391	460	12	0	1	460	340	799	0.0	784	338188
915835c2d9dd2830445f4dd8e3ca6984	gi|645320100|ref|NR_117387.1|	97.174	460	13	0	1	460	320	779	0.0	778	1077285
915835c2d9dd2830445f4dd8e3ca6984	gi|2363084421|ref|NR_180458.1|	96.957	460	14	0	1	460	340	799	0.0	773	2650157
915835c2d9dd2830445f4dd8e3ca6984	gi|343200620|ref|NR_041307.1|	96.957	460	14	0	1	460	334	793	0.0	773	329854
915835c2d9dd2830445f4dd8e3ca6984	gi|631251749|ref|NR_112947.1|	96.739	460	15	0	1	460	326	785	0.0	769	657309
915835c2d9dd2830445f4dd8e3ca6984	gi|2363084431|ref|NR_180463.1|	96.739	460	15	0	1	460	340	799	0.0	767	2650158
915835c2d9dd2830445f4dd8e3ca6984	gi|631251733|ref|NR_112931.1|	96.739	460	15	0	1	460	340	799	0.0	767	85831
87906391f35338163bb95000b6dcfe09	gi|2363086268|ref|NR_181386.1|	92.099	443	35	0	1	443	303	745	9.71e-179	625	2763655
87906391f35338163bb95000b6dcfe09	gi|2363086270|ref|NR_181387.1|	91.648	443	36	1	1	443	302	743	7.56e-175	612	2763656
87906391f35338163bb95000b6dcfe09	gi|2363086262|ref|NR_181383.1|	90.359	446	38	5	1	443	307	750	2.13e-165	580	2763654
87906391f35338163bb95000b6dcfe09	gi|1116030284|ref|NR_144742.1|	88.939	443	49	0	1	443	352	794	2.16e-155	547	1805714
87906391f35338163bb95000b6dcfe09	gi|631251702|ref|NR_112900.1|	88.514	444	49	2	1	443	341	783	4.68e-152	536	626937
87906391f35338163bb95000b6dcfe09	gi|1237079451|ref|NR_029239.3|	88.341	446	43	9	1	443	306	745	2.82e-149	527	29356
87906391f35338163bb95000b6dcfe09	gi|2363081417|ref|NR_178955.1|	87.865	445	50	4	1	443	288	730	4.71e-147	520	1851429
87906391f35338163bb95000b6dcfe09	gi|1116030285|ref|NR_144743.1|	87.892	446	48	6	1	443	352	794	4.71e-147	520	1816678
87906391f35338163bb95000b6dcfe09	gi|2363087003|ref|NR_181758.1|	87.973	449	39	14	1	443	283	722	6.10e-146	516	2841506
87906391f35338163bb95000b6dcfe09	gi|2363082294|ref|NR_179394.1|	87.973	449	39	14	1	443	332	771	6.10e-146	516	1499689
d1df75004b1c2bad632741b811d10826	gi|631251747|ref|NR_112945.1|	99.130	460	4	0	1	460	327	786	0.0	828	820
d1df75004b1c2bad632741b811d10826	gi|343200179|ref|NR_040866.1|	99.130	460	4	0	1	460	334	793	0.0	828	820
d1df75004b1c2bad632741b811d10826	gi|2363086550|ref|NR_181532.1|	98.696	460	6	0	1	460	322	781	0.0	817	2763025
d1df75004b1c2bad632741b811d10826	gi|631251874|ref|NR_113072.1|	97.174	460	13	0	1	460	338	797	0.0	778	1236512
d1df75004b1c2bad632741b811d10826	gi|2363082773|ref|NR_179635.1|	96.957	460	14	0	1	460	338	797	0.0	773	2024197
d1df75004b1c2bad632741b811d10826	gi|631251816|ref|NR_113014.1|	96.957	460	14	0	1	460	338	797	0.0	773	1236512
d1df75004b1c2bad632741b811d10826	gi|631251735|ref|NR_112933.1|	96.304	460	17	0	1	460	334	793	0.0	756	246787
d1df75004b1c2bad632741b811d10826	gi|343200620|ref|NR_041307.1|	96.087	460	18	0	1	460	334	793	0.0	750	329854
d1df75004b1c2bad632741b811d10826	gi|2363084421|ref|NR_180458.1|	95.870	460	19	0	1	460	340	799	0.0	745	2650157
d1df75004b1c2bad632741b811d10826	gi|2363082635|ref|NR_179564.1|	95.870	460	19	0	1	460	338	797	0.0	745	1903262
01f7b6fc30bb3d69e29cbd5669043152	gi|343200190|ref|NR_040877.1|	97.826	460	10	0	1	460	341	800	0.0	797	537011
01f7b6fc30bb3d69e29cbd5669043152	gi|631252213|ref|NR_113411.1|	97.826	460	10	0	1	460	341	800	0.0	795	537011
01f7b6fc30bb3d69e29cbd5669043152	gi|2363084409|ref|NR_180452.1|	97.391	460	12	0	1	460	321	780	0.0	784	2518605
01f7b6fc30bb3d69e29cbd5669043152	gi|265678842|ref|NR_029147.1|	93.723	462	25	4	1	460	344	803	0.0	689	28136
01f7b6fc30bb3d69e29cbd5669043152	gi|631251922|ref|NR_113120.1|	93.506	462	26	4	1	460	339	798	0.0	684	28136
01f7b6fc30bb3d69e29cbd5669043152	gi|2221405403|ref|NR_175509.1|	93.261	460	31	0	1	460	341	800	0.0	678	2608404
01f7b6fc30bb3d69e29cbd5669043152	gi|631251907|ref|NR_113105.1|	93.261	460	31	0	1	460	329	788	0.0	678	470565
01f7b6fc30bb3d69e29cbd5669043152	gi|631251894|ref|NR_113092.1|	93.261	460	31	0	1	460	329	788	0.0	678	77768
01f7b6fc30bb3d69e29cbd5669043152	gi|343199048|ref|NR_044407.1|	93.261	460	31	0	1	460	321	780	0.0	678	470565
01f7b6fc30bb3d69e29cbd5669043152	gi|219878161|ref|NR_025300.1|	93.261	460	31	0	1	460	341	800	0.0	678	77768
b8cdd4903e65d789ab8685c4b83ca742	gi|631251955|ref|NR_113153.1|	99.130	460	4	0	1	460	334	793	0.0	828	328814
b8cdd4903e65d789ab8685c4b83ca742	gi|343202834|ref|NR_043319.1|	98.913	460	5	0	1	460	323	782	0.0	824	717959
b8cdd4903e65d789ab8685c4b83ca742	gi|507148054|ref|NR_102861.1|	98.913	460	5	0	1	460	334	793	0.0	822	717959
b8cdd4903e65d789ab8685c4b83ca742	gi|507148137|ref|NR_102944.1|	97.826	460	10	0	1	460	334	793	0.0	795	214856
b8cdd4903e65d789ab8685c4b83ca742	gi|343198609|ref|NR_043064.1|	97.826	460	10	0	1	460	314	773	0.0	795	214856
b8cdd4903e65d789ab8685c4b83ca742	gi|631251952|ref|NR_113150.1|	97.609	460	11	0	1	460	334	793	0.0	789	214856
b8cdd4903e65d789ab8685c4b83ca742	gi|636559243|ref|NR_115300.1|	97.391	460	12	0	1	460	314	773	0.0	784	679935
b8cdd4903e65d789ab8685c4b83ca742	gi|2363086959|ref|NR_181736.1|	97.174	460	13	0	1	460	334	793	0.0	778	2834113
b8cdd4903e65d789ab8685c4b83ca742	gi|645321193|ref|NR_118219.1|	96.739	460	15	0	1	460	332	791	0.0	767	1033732
b8cdd4903e65d789ab8685c4b83ca742	gi|2363082505|ref|NR_179499.1|	96.522	460	16	0	1	460	342	801	0.0	761	2364787
d974bcea22f8f840c94dfb1b7f9888da	gi|507148137|ref|NR_102944.1|	99.348	460	3	0	1	460	334	793	0.0	833	214856
d974bcea22f8f840c94dfb1b7f9888da	gi|343198609|ref|NR_043064.1|	99.348	460	3	0	1	460	314	773	0.0	833	214856
d974bcea22f8f840c94dfb1b7f9888da	gi|631251952|ref|NR_113150.1|	99.130	460	4	0	1	460	334	793	0.0	828	214856
d974bcea22f8f840c94dfb1b7f9888da	gi|636559243|ref|NR_115300.1|	98.913	460	5	0	1	460	314	773	0.0	822	679935
d974bcea22f8f840c94dfb1b7f9888da	gi|631251955|ref|NR_113153.1|	98.043	460	9	0	1	460	334	793	0.0	800	328814
d974bcea22f8f840c94dfb1b7f9888da	gi|343202834|ref|NR_043319.1|	97.826	460	10	0	1	460	323	782	0.0	797	717959
d974bcea22f8f840c94dfb1b7f9888da	gi|507148054|ref|NR_102861.1|	97.826	460	10	0	1	460	334	793	0.0	795	717959
d974bcea22f8f840c94dfb1b7f9888da	gi|631251953|ref|NR_113151.1|	96.739	460	15	0	1	460	338	797	0.0	767	328813
d974bcea22f8f840c94dfb1b7f9888da	gi|343202833|ref|NR_043318.1|	96.739	460	15	0	1	460	324	783	0.0	767	328813
d974bcea22f8f840c94dfb1b7f9888da	gi|672239000|ref|NR_125589.1|	96.522	460	16	0	1	460	269	728	0.0	761	1033731
28a602e6357131af5da398ce2903a33f	gi|631251880|ref|NR_113078.1|	99.564	459	2	0	1	459	339	797	0.0	837	454155
28a602e6357131af5da398ce2903a33f	gi|343200940|ref|NR_041627.1|	99.564	459	2	0	1	459	319	777	0.0	837	762982
28a602e6357131af5da398ce2903a33f	gi|631251879|ref|NR_113077.1|	92.593	459	34	0	1	459	329	787	0.0	660	454154
28a602e6357131af5da398ce2903a33f	gi|343200939|ref|NR_041626.1|	92.593	459	34	0	1	459	321	779	0.0	660	762968
28a602e6357131af5da398ce2903a33f	gi|2136551654|ref|NR_173659.1|	86.207	464	55	9	1	459	334	793	2.97e-139	494	2133944
28a602e6357131af5da398ce2903a33f	gi|1193829134|ref|NR_147377.1|	84.483	464	64	7	1	459	341	801	1.81e-126	451	1870999
28a602e6357131af5da398ce2903a33f	gi|2363083455|ref|NR_179976.1|	84.449	463	64	8	1	459	289	747	6.51e-126	449	2094151
28a602e6357131af5da398ce2903a33f	gi|2363084366|ref|NR_180431.1|	84.017	463	67	7	1	459	350	809	1.41e-122	438	2530390
28a602e6357131af5da398ce2903a33f	gi|631252051|ref|NR_113249.1|	83.801	463	67	8	1	459	339	797	6.56e-121	433	1204719
28a602e6357131af5da398ce2903a33f	gi|343206007|ref|NR_044556.1|	83.801	463	67	8	1	459	341	799	6.56e-121	433	1204719
950f88bf29c36fee850a5709073a1362	gi|2621112340|ref|NR_189244.1|	95.928	442	18	0	1	442	363	804	0.0	717	3046382
950f88bf29c36fee850a5709073a1362	gi|2621112341|ref|NR_189245.1|	95.701	442	19	0	1	442	363	804	0.0	712	3046383
950f88bf29c36fee850a5709073a1362	gi|636559633|ref|NR_115693.1|	89.013	446	40	8	1	442	442	882	2.79e-154	544	694434
950f88bf29c36fee850a5709073a1362	gi|636559632|ref|NR_115692.1|	89.013	446	40	8	1	442	442	882	2.79e-154	544	694434
950f88bf29c36fee850a5709073a1362	gi|636559631|ref|NR_115691.1|	89.013	446	40	8	1	442	436	876	2.79e-154	544	694434
950f88bf29c36fee850a5709073a1362	gi|636559630|ref|NR_115690.1|	89.013	446	40	8	1	442	448	888	2.79e-154	544	694434
950f88bf29c36fee850a5709073a1362	gi|343198739|ref|NR_043559.1|	89.013	446	40	8	1	442	447	887	2.79e-154	544	694434
950f88bf29c36fee850a5709073a1362	gi|2363081417|ref|NR_178955.1|	86.966	445	53	5	1	442	288	730	7.92e-140	496	1851429
950f88bf29c36fee850a5709073a1362	gi|631251702|ref|NR_112900.1|	87.025	447	49	9	1	442	341	783	7.92e-140	496	626937
950f88bf29c36fee850a5709073a1362	gi|1116030284|ref|NR_144742.1|	86.547	446	53	7	1	442	352	794	1.72e-136	484	1805714
875117187b85a6d5839a7d4801987283	gi|444304091|ref|NR_074515.1|	98.698	461	4	2	1	460	350	809	0.0	817	435590
875117187b85a6d5839a7d4801987283	gi|631251748|ref|NR_112946.1|	98.698	461	4	2	1	460	339	798	0.0	817	821
875117187b85a6d5839a7d4801987283	gi|343200664|ref|NR_041351.1|	98.478	460	7	0	1	460	341	800	0.0	811	357276
875117187b85a6d5839a7d4801987283	gi|631250946|ref|NR_112143.1|	98.482	461	5	2	1	460	307	766	0.0	811	821
875117187b85a6d5839a7d4801987283	gi|631251997|ref|NR_113195.1|	93.696	460	29	0	1	460	338	797	0.0	689	1236515
875117187b85a6d5839a7d4801987283	gi|631251866|ref|NR_113064.1|	93.478	460	30	0	1	460	338	797	0.0	684	1236538
875117187b85a6d5839a7d4801987283	gi|631251817|ref|NR_113015.1|	93.478	460	30	0	1	460	338	797	0.0	684	1236538
875117187b85a6d5839a7d4801987283	gi|645320081|ref|NR_117373.1|	93.478	460	30	0	1	460	289	748	0.0	684	1236515
875117187b85a6d5839a7d4801987283	gi|2363085522|ref|NR_181010.1|	93.043	460	32	0	1	460	297	756	0.0	673	2786956
875117187b85a6d5839a7d4801987283	gi|2363082773|ref|NR_179635.1|	93.043	460	32	0	1	460	338	797	0.0	673	2024197
22de5fc7249379bb632020a93b998bf4	gi|631251954|ref|NR_113152.1|	99.783	460	1	0	1	460	337	796	0.0	845	28117
22de5fc7249379bb632020a93b998bf4	gi|219846319|ref|NR_025909.1|	96.957	460	14	0	1	460	344	803	0.0	793	28117
22de5fc7249379bb632020a93b998bf4	gi|645321193|ref|NR_118219.1|	97.397	461	10	2	1	460	332	791	0.0	784	1033732
22de5fc7249379bb632020a93b998bf4	gi|672239000|ref|NR_125589.1|	97.180	461	11	2	1	460	269	728	0.0	778	1033731
22de5fc7249379bb632020a93b998bf4	gi|2363086959|ref|NR_181736.1|	96.963	461	12	2	1	460	334	793	0.0	773	2834113
22de5fc7249379bb632020a93b998bf4	gi|2363082099|ref|NR_179296.1|	96.963	461	12	2	1	460	324	783	0.0	773	2585119
22de5fc7249379bb632020a93b998bf4	gi|631251953|ref|NR_113151.1|	96.537	462	12	4	1	460	338	797	0.0	761	328813
22de5fc7249379bb632020a93b998bf4	gi|343202833|ref|NR_043318.1|	96.537	462	12	4	1	460	324	783	0.0	761	328813
22de5fc7249379bb632020a93b998bf4	gi|2363082505|ref|NR_179499.1|	96.112	463	12	6	1	460	342	801	0.0	750	2364787
22de5fc7249379bb632020a93b998bf4	gi|507148137|ref|NR_102944.1|	96.095	461	16	2	1	460	334	793	0.0	750	214856
e5653cb369bec84263f9e6e4881a97c5	gi|559795255|ref|NR_104846.1|	99.318	440	3	0	1	440	288	727	0.0	797	745368
e5653cb369bec84263f9e6e4881a97c5	gi|265678692|ref|NR_028997.1|	98.413	441	6	1	1	440	303	743	0.0	774	214851
e5653cb369bec84263f9e6e4881a97c5	gi|2363084747|ref|NR_180622.1|	94.545	440	24	0	1	440	335	774	0.0	680	2779354
e5653cb369bec84263f9e6e4881a97c5	gi|1277396189|ref|NR_151900.1|	93.636	440	28	0	1	440	351	790	0.0	658	1550024
e5653cb369bec84263f9e6e4881a97c5	gi|1397641802|ref|NR_156911.1|	93.409	440	29	0	1	440	351	790	0.0	652	1650663
e5653cb369bec84263f9e6e4881a97c5	gi|2363080123|ref|NR_178280.1|	92.727	440	32	0	1	440	331	770	0.0	636	411483
e5653cb369bec84263f9e6e4881a97c5	gi|3030611269|ref|NR_199945.1|	92.500	440	33	0	1	440	335	774	2.07e-180	630	3435293
e5653cb369bec84263f9e6e4881a97c5	gi|2363082356|ref|NR_179425.1|	92.517	441	31	2	1	440	351	790	2.07e-180	630	1689304
e5653cb369bec84263f9e6e4881a97c5	gi|2363082282|ref|NR_179388.1|	92.500	440	33	0	1	440	335	774	2.07e-180	630	2935520
e5653cb369bec84263f9e6e4881a97c5	gi|265678656|ref|NR_028961.1|	92.500	440	33	0	1	440	327	766	2.07e-180	630	853
06318b16708632070981d11a12c507e8	gi|343201773|ref|NR_042499.1|	99.565	460	2	0	1	460	294	753	0.0	839	657309
06318b16708632070981d11a12c507e8	gi|631251749|ref|NR_112947.1|	99.348	460	3	0	1	460	326	785	0.0	835	657309
06318b16708632070981d11a12c507e8	gi|2363084431|ref|NR_180463.1|	99.130	460	4	0	1	460	340	799	0.0	828	2650158
06318b16708632070981d11a12c507e8	gi|631251733|ref|NR_112931.1|	98.696	460	6	0	1	460	340	799	0.0	817	85831
06318b16708632070981d11a12c507e8	gi|265678305|ref|NR_028607.1|	98.693	459	6	0	2	460	333	791	0.0	815	85831
06318b16708632070981d11a12c507e8	gi|631252008|ref|NR_113206.1|	98.043	460	9	0	1	460	336	795	0.0	800	1236513
06318b16708632070981d11a12c507e8	gi|645322410|ref|NR_119165.1|	97.609	460	11	0	1	460	319	778	0.0	797	28116
06318b16708632070981d11a12c507e8	gi|631251869|ref|NR_113067.1|	97.609	460	11	0	1	460	325	784	0.0	789	1077285
06318b16708632070981d11a12c507e8	gi|645320100|ref|NR_117387.1|	97.609	460	11	0	1	460	320	779	0.0	789	1077285
06318b16708632070981d11a12c507e8	gi|343200626|ref|NR_041313.1|	97.609	460	11	0	1	460	340	799	0.0	789	338188
bb8cbb3229d189eac08047d0a8e24b77	gi|444439494|ref|NR_074809.1|	99.320	441	3	0	1	441	350	790	0.0	798	585394
bb8cbb3229d189eac08047d0a8e24b77	gi|343201282|ref|NR_042008.1|	99.093	441	3	1	1	441	341	780	0.0	791	585394
bb8cbb3229d189eac08047d0a8e24b77	gi|645320588|ref|NR_117758.1|	98.869	442	4	1	1	441	322	763	0.0	787	166486
bb8cbb3229d189eac08047d0a8e24b77	gi|228716944|ref|NR_027557.1|	98.869	442	4	1	1	441	343	784	0.0	787	536231
bb8cbb3229d189eac08047d0a8e24b77	gi|343198540|ref|NR_042832.1|	98.413	441	7	0	1	441	330	770	0.0	776	301302
bb8cbb3229d189eac08047d0a8e24b77	gi|1227086116|ref|NR_148619.1|	97.738	442	9	1	1	441	301	742	0.0	760	1712665
bb8cbb3229d189eac08047d0a8e24b77	gi|2363085153|ref|NR_180825.1|	97.279	441	12	0	1	441	347	787	0.0	749	2605790
bb8cbb3229d189eac08047d0a8e24b77	gi|444304209|ref|NR_074634.1|	97.279	441	11	1	1	441	350	789	0.0	747	515619
bb8cbb3229d189eac08047d0a8e24b77	gi|343201281|ref|NR_042007.1|	97.072	444	8	5	1	441	343	784	0.0	743	622312
bb8cbb3229d189eac08047d0a8e24b77	gi|2363086282|ref|NR_181393.1|	97.052	441	12	1	1	441	290	729	0.0	741	2763664
13b94240668fe8a738a9734c2335afb4	gi|343200656|ref|NR_041343.1|	99.348	460	3	0	1	460	340	799	0.0	833	46503
13b94240668fe8a738a9734c2335afb4	gi|645322411|ref|NR_119166.1|	99.130	460	4	0	1	460	319	778	0.0	830	411477
13b94240668fe8a738a9734c2335afb4	gi|343200777|ref|NR_041464.1|	97.391	460	12	0	1	460	340	799	0.0	784	387661
13b94240668fe8a738a9734c2335afb4	gi|2363083816|ref|NR_180156.1|	96.522	460	16	0	1	460	291	750	0.0	761	2290935
13b94240668fe8a738a9734c2335afb4	gi|2363086049|ref|NR_181277.1|	96.087	460	18	0	1	460	309	768	0.0	750	2753162
13b94240668fe8a738a9734c2335afb4	gi|631251878|ref|NR_113076.1|	95.879	461	17	2	1	460	324	783	0.0	745	927665
13b94240668fe8a738a9734c2335afb4	gi|343202832|ref|NR_043317.1|	95.879	461	17	2	1	460	284	743	0.0	745	328812
13b94240668fe8a738a9734c2335afb4	gi|1811131517|ref|NR_165699.1|	95.435	460	21	0	1	460	336	795	0.0	734	2685834
13b94240668fe8a738a9734c2335afb4	gi|2363082715|ref|NR_179605.1|	95.445	461	19	2	1	460	316	775	0.0	734	1944636
13b94240668fe8a738a9734c2335afb4	gi|2363082619|ref|NR_179556.1|	95.217	460	22	0	1	460	316	775	0.0	728	1871013
3f02232838215bde0256bd9b1977fe12	gi|2363085169|ref|NR_180833.1|	99.318	440	3	0	1	440	337	776	0.0	797	2606635
3f02232838215bde0256bd9b1977fe12	gi|310975204|ref|NR_037068.1|	97.052	441	11	2	1	440	341	780	0.0	741	29375
3f02232838215bde0256bd9b1977fe12	gi|3030611230|ref|NR_199906.1|	96.818	440	14	0	1	440	354	793	0.0	736	3123317
3f02232838215bde0256bd9b1977fe12	gi|3030611314|ref|NR_199990.1|	96.818	440	14	0	1	440	350	789	0.0	736	3123317
3f02232838215bde0256bd9b1977fe12	gi|2836274880|ref|NR_197643.1|	96.818	440	14	0	1	440	329	768	0.0	736	2962432
3f02232838215bde0256bd9b1977fe12	gi|1384992331|ref|NR_156080.1|	96.818	440	14	0	1	440	336	775	0.0	736	1469948
3f02232838215bde0256bd9b1977fe12	gi|1384992328|ref|NR_156077.1|	96.818	440	14	0	1	440	336	775	0.0	736	1469948
3f02232838215bde0256bd9b1977fe12	gi|559795307|ref|NR_104899.1|	96.818	440	14	0	1	440	328	767	0.0	736	384636
3f02232838215bde0256bd9b1977fe12	gi|645322280|ref|NR_119068.1|	96.825	441	11	3	1	440	315	753	0.0	734	36832
3f02232838215bde0256bd9b1977fe12	gi|2363082679|ref|NR_179587.1|	96.591	440	15	0	1	440	328	767	0.0	730	1926283
e38b58961f8d1ed476ba9c6956c94f51	gi|1109168025|ref|NR_144611.1|	92.777	443	32	0	1	443	282	724	0.0	641	1417852
e38b58961f8d1ed476ba9c6956c94f51	gi|2363082168|ref|NR_179330.1|	92.793	444	29	3	1	443	327	768	0.0	640	2714355
e38b58961f8d1ed476ba9c6956c94f51	gi|2363082165|ref|NR_179329.1|	92.568	444	30	3	1	443	327	768	0.0	634	2714353
e38b58961f8d1ed476ba9c6956c94f51	gi|343206380|ref|NR_044972.1|	92.117	444	33	2	1	443	331	773	7.50e-180	628	44749
e38b58961f8d1ed476ba9c6956c94f51	gi|3030611324|ref|NR_200000.1|	91.441	444	36	2	1	443	301	743	9.78e-174	608	3342383
e38b58961f8d1ed476ba9c6956c94f51	gi|2363082342|ref|NR_179418.1|	91.441	444	36	2	1	443	348	790	9.78e-174	608	1673721
e38b58961f8d1ed476ba9c6956c94f51	gi|219857437|ref|NR_025025.1|	91.216	444	35	4	1	443	332	772	3.52e-173	606	100176
e38b58961f8d1ed476ba9c6956c94f51	gi|2363082352|ref|NR_179423.1|	91.256	446	33	6	1	443	349	791	4.55e-172	603	1689270
e38b58961f8d1ed476ba9c6956c94f51	gi|645321636|ref|NR_118554.1|	91.236	445	35	4	1	443	329	771	4.55e-172	603	1297617
e38b58961f8d1ed476ba9c6956c94f51	gi|2363083800|ref|NR_180148.1|	90.766	444	39	2	1	443	349	791	9.85e-169	592	2211183
cc418a27c0593d982d35134df0063d5a	gi|444304111|ref|NR_074535.1|	99.346	459	3	0	1	459	334	792	0.0	832	28118
cc418a27c0593d982d35134df0063d5a	gi|631251877|ref|NR_113075.1|	99.346	459	3	0	1	459	334	792	0.0	832	28118
cc418a27c0593d982d35134df0063d5a	gi|343206056|ref|NR_044636.1|	98.039	459	9	0	1	459	342	800	0.0	804	28118
cc418a27c0593d982d35134df0063d5a	gi|631251876|ref|NR_113074.1|	90.281	463	37	7	1	459	335	793	6.11e-171	599	742817
cc418a27c0593d982d35134df0063d5a	gi|631251699|ref|NR_112897.1|	89.849	463	39	7	1	459	315	773	1.32e-167	588	742817
cc418a27c0593d982d35134df0063d5a	gi|959494837|ref|NR_133715.1|	87.069	464	51	8	1	459	280	739	6.33e-146	516	1416875
cc418a27c0593d982d35134df0063d5a	gi|1953646717|ref|NR_171512.1|	86.797	462	56	5	1	459	313	772	2.94e-144	510	2162893
cc418a27c0593d982d35134df0063d5a	gi|1341394029|ref|NR_153701.1|	86.638	464	53	8	1	459	299	758	1.37e-142	505	1740245
cc418a27c0593d982d35134df0063d5a	gi|559795096|ref|NR_104682.1|	86.609	463	55	6	1	459	315	774	1.37e-142	505	1168289
cc418a27c0593d982d35134df0063d5a	gi|265678658|ref|NR_028963.1|	86.393	463	57	5	1	459	327	787	1.77e-141	501	886379
30a6aebfa6867bbb5574aecf9548ec26	gi|559795255|ref|NR_104846.1|	96.364	440	16	0	1	440	288	727	0.0	725	745368
30a6aebfa6867bbb5574aecf9548ec26	gi|265678692|ref|NR_028997.1|	95.465	441	19	1	1	440	303	743	0.0	702	214851
30a6aebfa6867bbb5574aecf9548ec26	gi|3030611269|ref|NR_199945.1|	94.545	440	24	0	1	440	335	774	0.0	680	3435293
30a6aebfa6867bbb5574aecf9548ec26	gi|265678656|ref|NR_028961.1|	94.091	440	26	0	1	440	327	766	0.0	669	853
30a6aebfa6867bbb5574aecf9548ec26	gi|2363081451|ref|NR_178972.1|	93.864	440	27	0	1	440	285	724	0.0	664	1851428
30a6aebfa6867bbb5574aecf9548ec26	gi|2363080123|ref|NR_178280.1|	93.864	440	27	0	1	440	331	770	0.0	664	411483
30a6aebfa6867bbb5574aecf9548ec26	gi|2363081449|ref|NR_178971.1|	94.200	431	25	0	1	431	285	715	0.0	658	1851427
30a6aebfa6867bbb5574aecf9548ec26	gi|2363082356|ref|NR_179425.1|	93.409	440	29	0	1	440	351	790	0.0	652	1689304
30a6aebfa6867bbb5574aecf9548ec26	gi|1397641802|ref|NR_156911.1|	93.182	440	30	0	1	440	351	790	0.0	647	1650663
30a6aebfa6867bbb5574aecf9548ec26	gi|2363082282|ref|NR_179388.1|	93.197	441	28	2	1	440	335	774	0.0	647	2935520
2e00552e98dde59f9c4748af09b57ed8	gi|2136551638|ref|NR_173642.1|	99.774	443	1	0	1	443	349	791	0.0	813	2678306
2e00552e98dde59f9c4748af09b57ed8	gi|219846340|ref|NR_025930.1|	97.748	444	7	3	1	443	296	737	0.0	761	40518
2e00552e98dde59f9c4748af09b57ed8	gi|2363084544|ref|NR_180520.1|	94.582	443	20	4	1	443	356	794	0.0	682	2564099
2e00552e98dde59f9c4748af09b57ed8	gi|2363082825|ref|NR_179661.1|	94.144	444	24	2	1	443	342	784	0.0	675	2086583
2e00552e98dde59f9c4748af09b57ed8	gi|2136551663|ref|NR_173668.1|	92.342	444	29	5	1	443	294	733	2.70e-179	627	2766537
2e00552e98dde59f9c4748af09b57ed8	gi|3248465687|ref|NR_201701.1|	90.971	443	40	0	1	443	330	772	2.12e-170	597	3435187
2e00552e98dde59f9c4748af09b57ed8	gi|3248465688|ref|NR_201702.1|	90.971	443	40	0	1	443	328	770	2.12e-170	597	3435000
2e00552e98dde59f9c4748af09b57ed8	gi|645321636|ref|NR_118554.1|	90.745	443	41	0	1	443	329	771	9.85e-169	592	1297617
2e00552e98dde59f9c4748af09b57ed8	gi|2180566484|ref|NR_174324.1|	90.745	443	38	2	1	443	346	785	1.27e-167	588	2576756
2e00552e98dde59f9c4748af09b57ed8	gi|636558732|ref|NR_114789.1|	90.745	443	38	3	1	443	347	786	1.27e-167	588	1535
a7611640cc3168df29366bec3bb863af	gi|2363082569|ref|NR_179531.1|	98.869	442	5	0	1	442	347	788	0.0	789	1852369
a7611640cc3168df29366bec3bb863af	gi|1269801610|ref|NR_074793.2|	94.118	442	26	0	1	442	355	796	0.0	673	351091
a7611640cc3168df29366bec3bb863af	gi|343200653|ref|NR_041340.1|	94.118	442	26	0	1	442	328	769	0.0	673	351091
a7611640cc3168df29366bec3bb863af	gi|2260349448|ref|NR_176530.1|	93.891	442	27	0	1	442	358	799	0.0	667	2093857
a7611640cc3168df29366bec3bb863af	gi|2363082559|ref|NR_179526.1|	93.891	442	27	0	1	442	349	790	0.0	667	1841866
a7611640cc3168df29366bec3bb863af	gi|645321110|ref|NR_118156.1|	93.665	442	28	0	1	442	304	745	0.0	662	1007096
a7611640cc3168df29366bec3bb863af	gi|2962412234|ref|NR_199428.1|	92.986	442	31	0	1	442	352	793	0.0	645	3073143
a7611640cc3168df29366bec3bb863af	gi|2363082170|ref|NR_179331.1|	92.777	443	31	1	1	442	328	770	0.0	640	2714358
a7611640cc3168df29366bec3bb863af	gi|2363082168|ref|NR_179330.1|	92.568	444	29	4	1	442	327	768	0.0	634	2714355
a7611640cc3168df29366bec3bb863af	gi|2363087001|ref|NR_181757.1|	92.342	444	30	4	1	442	289	730	7.49e-180	628	2841504
c8be169269bc2f3ab3e4b65878bd4d7f	gi|2363082569|ref|NR_179531.1|	94.595	444	20	4	1	442	347	788	0.0	684	1852369
c8be169269bc2f3ab3e4b65878bd4d7f	gi|2363082168|ref|NR_179330.1|	94.344	442	25	0	1	442	327	768	0.0	678	2714355
c8be169269bc2f3ab3e4b65878bd4d7f	gi|2363082165|ref|NR_179329.1|	94.118	442	26	0	1	442	327	768	0.0	673	2714353
c8be169269bc2f3ab3e4b65878bd4d7f	gi|2363082342|ref|NR_179418.1|	93.679	443	27	1	1	442	348	790	0.0	662	1673721
c8be169269bc2f3ab3e4b65878bd4d7f	gi|645321110|ref|NR_118156.1|	92.360	445	28	5	1	442	304	745	7.49e-180	628	1007096
c8be169269bc2f3ab3e4b65878bd4d7f	gi|1269801610|ref|NR_074793.2|	92.099	443	33	2	1	442	355	796	3.48e-178	623	351091
c8be169269bc2f3ab3e4b65878bd4d7f	gi|343200653|ref|NR_041340.1|	92.099	443	33	2	1	442	328	769	3.48e-178	623	351091
c8be169269bc2f3ab3e4b65878bd4d7f	gi|2260349448|ref|NR_176530.1|	91.685	445	31	5	1	442	358	799	7.54e-175	612	2093857
c8be169269bc2f3ab3e4b65878bd4d7f	gi|2363084741|ref|NR_180619.1|	91.648	443	36	1	1	442	347	789	7.54e-175	612	2779352
c8be169269bc2f3ab3e4b65878bd4d7f	gi|2363082559|ref|NR_179526.1|	91.685	445	31	5	1	442	349	790	7.54e-175	612	1841866
2f17077d8bb37662a69d1c90c4fc676c	gi|631251875|ref|NR_113073.1|	98.261	460	8	0	1	460	329	788	0.0	806	487174
2f17077d8bb37662a69d1c90c4fc676c	gi|343200981|ref|NR_041668.1|	98.261	460	8	0	1	460	321	780	0.0	806	742726
2f17077d8bb37662a69d1c90c4fc676c	gi|1270532346|ref|NR_121773.2|	96.312	461	15	2	1	460	348	807	0.0	756	397865
2f17077d8bb37662a69d1c90c4fc676c	gi|343200821|ref|NR_041508.1|	96.095	461	15	3	1	460	325	783	0.0	749	397865
2f17077d8bb37662a69d1c90c4fc676c	gi|2136551682|ref|NR_173687.1|	89.849	463	41	6	1	460	325	784	3.69e-168	590	2751153
2f17077d8bb37662a69d1c90c4fc676c	gi|1146059151|ref|NR_145883.1|	89.417	463	43	6	1	460	284	743	7.98e-165	579	1501392
2f17077d8bb37662a69d1c90c4fc676c	gi|1116030267|ref|NR_144725.1|	88.985	463	45	6	1	460	337	796	3.71e-163	573	1686296
2f17077d8bb37662a69d1c90c4fc676c	gi|1909404453|ref|NR_170508.1|	88.720	461	49	3	1	460	352	810	2.89e-159	560	2518971
2f17077d8bb37662a69d1c90c4fc676c	gi|2363083455|ref|NR_179976.1|	88.578	464	44	9	1	460	289	747	1.34e-157	555	2094151
2f17077d8bb37662a69d1c90c4fc676c	gi|2363084938|ref|NR_180717.1|	88.286	461	52	2	1	460	259	718	1.74e-156	551	2601703
392c5513177dcc68128d0bb901e0238b	gi|2363080123|ref|NR_178280.1|	98.864	440	5	0	1	440	331	770	0.0	785	411483
392c5513177dcc68128d0bb901e0238b	gi|3030611269|ref|NR_199945.1|	98.636	440	6	0	1	440	335	774	0.0	780	3435293
392c5513177dcc68128d0bb901e0238b	gi|2363081449|ref|NR_178971.1|	98.636	440	5	1	1	440	285	723	0.0	778	1851427
392c5513177dcc68128d0bb901e0238b	gi|265678656|ref|NR_028961.1|	98.182	440	8	0	1	440	327	766	0.0	769	853
392c5513177dcc68128d0bb901e0238b	gi|2363081451|ref|NR_178972.1|	97.955	440	9	0	1	440	285	724	0.0	763	1851428
392c5513177dcc68128d0bb901e0238b	gi|2363082282|ref|NR_179388.1|	97.279	441	10	2	1	440	335	774	0.0	747	2935520
392c5513177dcc68128d0bb901e0238b	gi|2363080175|ref|NR_178311.1|	96.591	440	15	0	1	440	412	851	0.0	730	2903556
392c5513177dcc68128d0bb901e0238b	gi|2363084747|ref|NR_180622.1|	93.424	441	27	2	1	440	335	774	0.0	652	2779354
392c5513177dcc68128d0bb901e0238b	gi|559795255|ref|NR_104846.1|	93.182	440	30	0	1	440	288	727	0.0	647	745368
392c5513177dcc68128d0bb901e0238b	gi|1277396189|ref|NR_151900.1|	92.727	440	32	0	1	440	351	790	0.0	636	1550024
9ecadda63c7fe7938184bc87f5f53212	gi|3248465644|ref|NR_201656.1|	95.238	441	19	2	1	440	329	768	0.0	697	3417633
9ecadda63c7fe7938184bc87f5f53212	gi|507148077|ref|NR_102884.1|	93.636	440	28	0	1	440	331	770	0.0	658	213810
9ecadda63c7fe7938184bc87f5f53212	gi|3248465648|ref|NR_201660.1|	93.409	440	29	0	1	440	319	758	0.0	652	3417630
9ecadda63c7fe7938184bc87f5f53212	gi|444303976|ref|NR_074399.1|	93.409	440	29	0	1	440	333	772	0.0	652	697329
9ecadda63c7fe7938184bc87f5f53212	gi|631251834|ref|NR_113032.1|	93.409	440	29	0	1	440	333	772	0.0	652	1264
9ecadda63c7fe7938184bc87f5f53212	gi|636559173|ref|NR_115230.1|	93.409	440	29	0	1	440	333	772	0.0	652	697329
9ecadda63c7fe7938184bc87f5f53212	gi|219846339|ref|NR_025929.1|	93.409	440	29	0	1	440	328	767	0.0	652	697329
9ecadda63c7fe7938184bc87f5f53212	gi|636558832|ref|NR_114889.1|	93.409	440	28	1	1	440	277	715	0.0	651	213810
9ecadda63c7fe7938184bc87f5f53212	gi|2363082601|ref|NR_179547.1|	93.182	440	30	0	1	440	347	786	0.0	647	1870991
9ecadda63c7fe7938184bc87f5f53212	gi|265679047|ref|NR_029355.1|	92.727	440	32	0	1	440	332	771	0.0	636	84026
67d14a5de9bb7da4ad4d5001511f0534	gi|3030611351|ref|NR_200027.1|	98.821	424	5	0	1	424	198	621	0.0	756	2911853
67d14a5de9bb7da4ad4d5001511f0534	gi|444303813|ref|NR_074235.1|	98.821	424	5	0	1	424	319	742	0.0	756	420247
67d14a5de9bb7da4ad4d5001511f0534	gi|636559112|ref|NR_115169.1|	98.821	424	5	0	1	424	235	658	0.0	756	420247
67d14a5de9bb7da4ad4d5001511f0534	gi|343206194|ref|NR_044786.1|	98.821	424	5	0	1	424	294	717	0.0	756	420247
67d14a5de9bb7da4ad4d5001511f0534	gi|645321389|ref|NR_118367.1|	98.585	424	6	0	1	424	235	658	0.0	750	420247
67d14a5de9bb7da4ad4d5001511f0534	gi|559795287|ref|NR_104878.1|	97.406	424	11	0	1	424	317	740	0.0	723	66851
67d14a5de9bb7da4ad4d5001511f0534	gi|343202475|ref|NR_042785.1|	97.406	424	11	0	1	424	235	658	0.0	723	230361
67d14a5de9bb7da4ad4d5001511f0534	gi|343206195|ref|NR_044787.1|	96.462	424	15	0	1	424	275	698	0.0	706	190975
67d14a5de9bb7da4ad4d5001511f0534	gi|343206197|ref|NR_044789.1|	96.462	424	15	0	1	424	299	722	0.0	701	190974
67d14a5de9bb7da4ad4d5001511f0534	gi|343206196|ref|NR_044788.1|	96.462	424	15	0	1	424	301	724	0.0	701	190976
5cd7f3c104191de17f223b6acf4a3b2c	gi|343200190|ref|NR_040877.1|	98.043	460	9	0	1	460	341	800	0.0	802	537011
5cd7f3c104191de17f223b6acf4a3b2c	gi|631252213|ref|NR_113411.1|	98.043	460	9	0	1	460	341	800	0.0	800	537011
5cd7f3c104191de17f223b6acf4a3b2c	gi|2363084409|ref|NR_180452.1|	96.739	460	15	0	1	460	321	780	0.0	767	2518605
5cd7f3c104191de17f223b6acf4a3b2c	gi|631253107|ref|NR_114305.1|	93.709	461	27	2	1	460	341	800	0.0	689	1236518
5cd7f3c104191de17f223b6acf4a3b2c	gi|636560666|ref|NR_116726.1|	93.709	461	27	2	1	460	321	780	0.0	689	1236518
5cd7f3c104191de17f223b6acf4a3b2c	gi|2221405403|ref|NR_175509.1|	93.103	464	24	7	1	460	341	800	0.0	673	2608404
5cd7f3c104191de17f223b6acf4a3b2c	gi|631251922|ref|NR_113120.1|	93.089	463	26	6	1	460	339	798	0.0	673	28136
5cd7f3c104191de17f223b6acf4a3b2c	gi|631251907|ref|NR_113105.1|	93.103	464	24	7	1	460	329	788	0.0	673	470565
5cd7f3c104191de17f223b6acf4a3b2c	gi|343199048|ref|NR_044407.1|	93.103	464	24	7	1	460	321	780	0.0	673	470565
5cd7f3c104191de17f223b6acf4a3b2c	gi|507148088|ref|NR_102895.1|	92.826	460	33	0	1	460	349	808	0.0	667	553174
f79de507efe7b8e1f0af71850ff5d948	gi|2363080123|ref|NR_178280.1|	99.318	440	3	0	1	440	331	770	0.0	797	411483
f79de507efe7b8e1f0af71850ff5d948	gi|2363081449|ref|NR_178971.1|	99.536	431	2	0	1	431	285	715	0.0	785	1851427
f79de507efe7b8e1f0af71850ff5d948	gi|265678656|ref|NR_028961.1|	98.636	440	6	0	1	440	327	766	0.0	780	853
f79de507efe7b8e1f0af71850ff5d948	gi|2363081451|ref|NR_178972.1|	98.409	440	7	0	1	440	285	724	0.0	774	1851428
f79de507efe7b8e1f0af71850ff5d948	gi|3030611269|ref|NR_199945.1|	98.182	440	8	0	1	440	335	774	0.0	769	3435293
f79de507efe7b8e1f0af71850ff5d948	gi|2363082282|ref|NR_179388.1|	97.732	441	8	2	1	440	335	774	0.0	758	2935520
f79de507efe7b8e1f0af71850ff5d948	gi|2363080175|ref|NR_178311.1|	97.045	440	13	0	1	440	412	851	0.0	741	2903556
f79de507efe7b8e1f0af71850ff5d948	gi|2363084747|ref|NR_180622.1|	92.971	441	29	2	1	440	335	774	0.0	641	2779354
f79de507efe7b8e1f0af71850ff5d948	gi|559795255|ref|NR_104846.1|	92.727	440	32	0	1	440	288	727	0.0	636	745368
f79de507efe7b8e1f0af71850ff5d948	gi|1277396189|ref|NR_151900.1|	92.273	440	34	0	1	440	351	790	9.64e-179	625	1550024
6fc1f6aff7cf1a8a078bd4cc8d1d001a	gi|444303855|ref|NR_074277.1|	99.348	460	3	0	1	460	352	811	0.0	833	818
6fc1f6aff7cf1a8a078bd4cc8d1d001a	gi|631251746|ref|NR_112944.1|	99.348	460	3	0	1	460	324	783	0.0	833	818
6fc1f6aff7cf1a8a078bd4cc8d1d001a	gi|631252008|ref|NR_113206.1|	98.482	461	5	2	1	460	336	795	0.0	811	1236513
6fc1f6aff7cf1a8a078bd4cc8d1d001a	gi|631250945|ref|NR_112142.1|	98.472	458	6	1	3	460	336	792	0.0	806	818
6fc1f6aff7cf1a8a078bd4cc8d1d001a	gi|631251869|ref|NR_113067.1|	97.831	461	8	2	1	460	325	784	0.0	795	1077285
6fc1f6aff7cf1a8a078bd4cc8d1d001a	gi|645320100|ref|NR_117387.1|	97.831	461	8	2	1	460	320	779	0.0	795	1077285
6fc1f6aff7cf1a8a078bd4cc8d1d001a	gi|2363084421|ref|NR_180458.1|	97.397	461	10	2	1	460	340	799	0.0	784	2650157
6fc1f6aff7cf1a8a078bd4cc8d1d001a	gi|631251749|ref|NR_112947.1|	96.963	461	12	2	1	460	326	785	0.0	774	657309
6fc1f6aff7cf1a8a078bd4cc8d1d001a	gi|2363084431|ref|NR_180463.1|	96.963	461	12	2	1	460	340	799	0.0	773	2650158
6fc1f6aff7cf1a8a078bd4cc8d1d001a	gi|631251744|ref|NR_112942.1|	96.963	461	12	2	1	460	323	782	0.0	773	291644
5a2562f7227c8a5a4db3cf223cd580b9	gi|2363080123|ref|NR_178280.1|	99.091	440	4	0	1	440	331	770	0.0	791	411483
5a2562f7227c8a5a4db3cf223cd580b9	gi|3030611269|ref|NR_199945.1|	98.864	440	5	0	1	440	335	774	0.0	785	3435293
5a2562f7227c8a5a4db3cf223cd580b9	gi|2363081449|ref|NR_178971.1|	98.636	440	5	1	1	440	285	723	0.0	778	1851427
5a2562f7227c8a5a4db3cf223cd580b9	gi|265678656|ref|NR_028961.1|	98.409	440	7	0	1	440	327	766	0.0	774	853
5a2562f7227c8a5a4db3cf223cd580b9	gi|2363081451|ref|NR_178972.1|	98.182	440	8	0	1	440	285	724	0.0	769	1851428
5a2562f7227c8a5a4db3cf223cd580b9	gi|2363082282|ref|NR_179388.1|	97.506	441	9	2	1	440	335	774	0.0	752	2935520
5a2562f7227c8a5a4db3cf223cd580b9	gi|2363080175|ref|NR_178311.1|	96.818	440	14	0	1	440	412	851	0.0	736	2903556
5a2562f7227c8a5a4db3cf223cd580b9	gi|2363084747|ref|NR_180622.1|	93.651	441	26	2	1	440	335	774	0.0	658	2779354
5a2562f7227c8a5a4db3cf223cd580b9	gi|559795255|ref|NR_104846.1|	93.409	440	29	0	1	440	288	727	0.0	652	745368
5a2562f7227c8a5a4db3cf223cd580b9	gi|1277396189|ref|NR_151900.1|	92.955	440	31	0	1	440	351	790	0.0	641	1550024
9b63aa90bace13ad798244147428bfd6	gi|1491509587|ref|NR_159118.1|	99.565	460	2	0	1	460	310	769	0.0	839	28116
9b63aa90bace13ad798244147428bfd6	gi|1491509586|ref|NR_159117.1|	99.565	460	2	0	1	460	301	760	0.0	839	28116
9b63aa90bace13ad798244147428bfd6	gi|631251742|ref|NR_112940.1|	99.348	460	3	0	1	460	327	786	0.0	833	28116
9b63aa90bace13ad798244147428bfd6	gi|636559244|ref|NR_115301.1|	99.348	460	3	0	1	460	320	779	0.0	833	28116
9b63aa90bace13ad798244147428bfd6	gi|636560121|ref|NR_116181.1|	99.130	460	3	1	1	460	333	791	0.0	826	28116
9b63aa90bace13ad798244147428bfd6	gi|343200178|ref|NR_040865.1|	98.915	461	3	2	1	460	333	792	0.0	822	28116
9b63aa90bace13ad798244147428bfd6	gi|645322410|ref|NR_119165.1|	98.478	460	7	0	1	460	319	778	0.0	819	28116
9b63aa90bace13ad798244147428bfd6	gi|631251749|ref|NR_112947.1|	97.391	460	12	0	1	460	326	785	0.0	785	657309
9b63aa90bace13ad798244147428bfd6	gi|2363084431|ref|NR_180463.1|	97.391	460	12	0	1	460	340	799	0.0	784	2650158
9b63aa90bace13ad798244147428bfd6	gi|343201773|ref|NR_042499.1|	97.391	460	12	0	1	460	294	753	0.0	784	657309
dc4ac8b11cf32b7237508936d80cec98	gi|3030611230|ref|NR_199906.1|	97.727	440	10	0	1	440	354	793	0.0	758	3123317
dc4ac8b11cf32b7237508936d80cec98	gi|3030611314|ref|NR_199990.1|	97.727	440	10	0	1	440	350	789	0.0	758	3123317
dc4ac8b11cf32b7237508936d80cec98	gi|1384992331|ref|NR_156080.1|	97.727	440	10	0	1	440	336	775	0.0	758	1469948
dc4ac8b11cf32b7237508936d80cec98	gi|1384992328|ref|NR_156077.1|	97.727	440	10	0	1	440	336	775	0.0	758	1469948
dc4ac8b11cf32b7237508936d80cec98	gi|1384992332|ref|NR_156081.1|	97.500	440	11	0	1	440	336	775	0.0	752	1469948
dc4ac8b11cf32b7237508936d80cec98	gi|1384992329|ref|NR_156078.1|	97.500	440	11	0	1	440	336	775	0.0	752	1469948
dc4ac8b11cf32b7237508936d80cec98	gi|343201474|ref|NR_042200.1|	96.818	440	14	0	1	440	318	757	0.0	736	333367
dc4ac8b11cf32b7237508936d80cec98	gi|1193829153|ref|NR_147396.1|	96.599	441	13	2	1	440	328	767	0.0	730	1917870
dc4ac8b11cf32b7237508936d80cec98	gi|974142252|ref|NR_134772.1|	96.591	440	15	0	1	440	297	736	0.0	730	1337051
dc4ac8b11cf32b7237508936d80cec98	gi|343205837|ref|NR_044289.1|	96.591	440	15	0	1	440	328	767	0.0	730	460384
355100a99a4bd5e1955acb8df84166b6	gi|559795314|ref|NR_104907.1|	92.063	441	35	0	1	441	315	755	1.25e-177	621	290054
355100a99a4bd5e1955acb8df84166b6	gi|1445136071|ref|NR_158111.1|	91.629	442	33	4	1	441	349	787	9.73e-174	608	2038680
355100a99a4bd5e1955acb8df84166b6	gi|2136551683|ref|NR_173688.1|	91.156	441	38	1	1	441	321	760	2.11e-170	597	2780922
355100a99a4bd5e1955acb8df84166b6	gi|2363082585|ref|NR_179539.1|	90.930	441	38	2	1	441	351	789	9.80e-169	592	1852384
355100a99a4bd5e1955acb8df84166b6	gi|2363082755|ref|NR_179626.1|	90.249	441	41	2	1	441	351	789	9.87e-164	575	1987501
355100a99a4bd5e1955acb8df84166b6	gi|2363082711|ref|NR_179603.1|	90.293	443	37	6	1	441	317	755	9.87e-164	575	1944642
355100a99a4bd5e1955acb8df84166b6	gi|2363082601|ref|NR_179547.1|	90.271	442	40	3	1	441	347	786	9.87e-164	575	1870991
355100a99a4bd5e1955acb8df84166b6	gi|265679047|ref|NR_029355.1|	90.045	442	41	3	1	441	332	771	4.59e-162	569	84026
355100a99a4bd5e1955acb8df84166b6	gi|444303910|ref|NR_074333.1|	89.842	443	42	3	1	441	323	764	5.94e-161	566	663278
355100a99a4bd5e1955acb8df84166b6	gi|343202504|ref|NR_042828.1|	89.842	443	42	3	1	441	323	764	5.94e-161	566	663278
3bacda7085fd97c474d8397094f2b442	gi|2363082282|ref|NR_179388.1|	98.864	440	5	0	1	440	335	774	0.0	785	2935520
3bacda7085fd97c474d8397094f2b442	gi|2363081451|ref|NR_178972.1|	98.182	440	8	0	1	440	285	724	0.0	769	1851428
3bacda7085fd97c474d8397094f2b442	gi|265678656|ref|NR_028961.1|	97.727	440	10	0	1	440	327	766	0.0	758	853
3bacda7085fd97c474d8397094f2b442	gi|2363080123|ref|NR_178280.1|	97.506	441	9	2	1	440	331	770	0.0	752	411483
3bacda7085fd97c474d8397094f2b442	gi|3030611269|ref|NR_199945.1|	97.279	441	10	2	1	440	335	774	0.0	747	3435293
3bacda7085fd97c474d8397094f2b442	gi|2363081449|ref|NR_178971.1|	97.685	432	8	2	1	431	285	715	0.0	741	1851427
3bacda7085fd97c474d8397094f2b442	gi|2363080175|ref|NR_178311.1|	95.692	441	17	2	1	440	412	851	0.0	708	2903556
3bacda7085fd97c474d8397094f2b442	gi|2363084747|ref|NR_180622.1|	92.955	440	31	0	1	440	335	774	0.0	641	2779354
3bacda7085fd97c474d8397094f2b442	gi|1397641802|ref|NR_156911.1|	92.517	441	31	2	1	440	351	790	2.07e-180	630	1650663
3bacda7085fd97c474d8397094f2b442	gi|559795255|ref|NR_104846.1|	92.500	440	33	0	1	440	288	727	2.07e-180	630	745368
d86ff1fea3dcb9544f3f0348d8bd8bc1	gi|343200979|ref|NR_041666.1|	99.140	465	4	0	1	465	336	800	0.0	837	742743
d86ff1fea3dcb9544f3f0348d8bd8bc1	gi|2363082841|ref|NR_179669.1|	96.129	465	18	0	1	465	360	824	0.0	760	2161821
d86ff1fea3dcb9544f3f0348d8bd8bc1	gi|2363082109|ref|NR_179301.1|	96.129	465	18	0	1	465	344	808	0.0	760	2582419
d86ff1fea3dcb9544f3f0348d8bd8bc1	gi|343198671|ref|NR_043231.1|	95.269	465	22	0	1	465	283	747	0.0	737	308994
d86ff1fea3dcb9544f3f0348d8bd8bc1	gi|631252159|ref|NR_113357.1|	95.064	466	22	1	1	465	356	821	0.0	732	308994
d86ff1fea3dcb9544f3f0348d8bd8bc1	gi|631252158|ref|NR_113356.1|	93.348	466	28	3	1	465	355	818	0.0	686	309120
d86ff1fea3dcb9544f3f0348d8bd8bc1	gi|343198462|ref|NR_041895.1|	93.348	466	28	3	1	465	296	759	0.0	686	888062
d86ff1fea3dcb9544f3f0348d8bd8bc1	gi|343205705|ref|NR_044091.1|	91.435	467	36	4	1	465	240	704	0.0	638	423477
d86ff1fea3dcb9544f3f0348d8bd8bc1	gi|2363082157|ref|NR_179325.1|	91.239	468	35	6	1	465	300	764	0.0	632	2682456
d86ff1fea3dcb9544f3f0348d8bd8bc1	gi|343201163|ref|NR_041879.1|	91.239	468	35	6	1	465	283	747	0.0	632	39778
7a6828c2f8605c7ad4ee859d77bc2f9b	gi|559795255|ref|NR_104846.1|	99.773	440	1	0	1	440	288	727	0.0	808	745368
7a6828c2f8605c7ad4ee859d77bc2f9b	gi|265678692|ref|NR_028997.1|	98.866	441	4	1	1	440	303	743	0.0	785	214851
7a6828c2f8605c7ad4ee859d77bc2f9b	gi|2363084747|ref|NR_180622.1|	95.000	440	22	0	1	440	335	774	0.0	691	2779354
7a6828c2f8605c7ad4ee859d77bc2f9b	gi|1277396189|ref|NR_151900.1|	94.091	440	26	0	1	440	351	790	0.0	669	1550024
7a6828c2f8605c7ad4ee859d77bc2f9b	gi|1397641802|ref|NR_156911.1|	93.864	440	27	0	1	440	351	790	0.0	664	1650663
7a6828c2f8605c7ad4ee859d77bc2f9b	gi|2363080123|ref|NR_178280.1|	93.182	440	30	0	1	440	331	770	0.0	647	411483
7a6828c2f8605c7ad4ee859d77bc2f9b	gi|3030611269|ref|NR_199945.1|	92.955	440	31	0	1	440	335	774	0.0	641	3435293
7a6828c2f8605c7ad4ee859d77bc2f9b	gi|2363082356|ref|NR_179425.1|	92.971	441	29	2	1	440	351	790	0.0	641	1689304
7a6828c2f8605c7ad4ee859d77bc2f9b	gi|2363082282|ref|NR_179388.1|	92.955	440	31	0	1	440	335	774	0.0	641	2935520
7a6828c2f8605c7ad4ee859d77bc2f9b	gi|265678656|ref|NR_028961.1|	92.955	440	31	0	1	440	327	766	0.0	641	853
ea7bc63cd026007ef48cec11f7e16e91	gi|2363084629|ref|NR_180563.1|	88.009	442	52	1	1	441	291	732	1.30e-147	521	2488810
ea7bc63cd026007ef48cec11f7e16e91	gi|672238876|ref|NR_125464.1|	87.783	442	53	1	1	441	325	766	6.07e-146	516	1297424
ea7bc63cd026007ef48cec11f7e16e91	gi|645319803|ref|NR_117165.1|	87.557	442	54	1	1	441	476	917	2.82e-144	510	48256
ea7bc63cd026007ef48cec11f7e16e91	gi|645319802|ref|NR_117164.1|	87.557	442	54	1	1	441	476	917	2.82e-144	510	48256
ea7bc63cd026007ef48cec11f7e16e91	gi|645319800|ref|NR_117163.1|	87.557	442	54	1	1	441	445	886	2.82e-144	510	48256
ea7bc63cd026007ef48cec11f7e16e91	gi|645319799|ref|NR_117162.1|	87.557	442	54	1	1	441	472	913	2.82e-144	510	48256
ea7bc63cd026007ef48cec11f7e16e91	gi|343200810|ref|NR_041497.1|	87.359	443	54	1	1	441	293	735	3.65e-143	507	396504
ea7bc63cd026007ef48cec11f7e16e91	gi|219846510|ref|NR_026102.1|	87.359	443	53	3	1	441	313	754	1.31e-142	505	588581
ea7bc63cd026007ef48cec11f7e16e91	gi|785794309|ref|NG_041947.1|	87.133	443	55	1	1	441	469	911	1.70e-141	501	394503
ea7bc63cd026007ef48cec11f7e16e91	gi|785497611|ref|NR_102768.2|	87.133	443	55	1	1	441	330	772	1.70e-141	501	1521
e648328ca19dd721adbd3c23acae54e7	gi|672238876|ref|NR_125464.1|	87.783	442	53	1	1	441	325	766	6.07e-146	516	1297424
e648328ca19dd721adbd3c23acae54e7	gi|2363083221|ref|NR_179859.1|	87.810	443	49	5	1	441	347	786	2.18e-145	514	2078660
e648328ca19dd721adbd3c23acae54e7	gi|3030611263|ref|NR_199939.1|	87.838	444	47	7	1	441	332	771	2.18e-145	514	3074434
e648328ca19dd721adbd3c23acae54e7	gi|672239088|ref|NR_125677.1|	87.865	445	45	9	1	441	346	785	2.18e-145	514	1348613
e648328ca19dd721adbd3c23acae54e7	gi|2363084629|ref|NR_180563.1|	87.557	442	54	1	1	441	291	732	2.82e-144	510	2488810
e648328ca19dd721adbd3c23acae54e7	gi|219846510|ref|NR_026102.1|	87.557	442	54	1	1	441	313	754	2.82e-144	510	588581
e648328ca19dd721adbd3c23acae54e7	gi|785794309|ref|NG_041947.1|	87.359	443	54	1	1	441	469	911	3.65e-143	507	394503
e648328ca19dd721adbd3c23acae54e7	gi|785497611|ref|NR_102768.2|	87.359	443	54	1	1	441	330	772	3.65e-143	507	1521
e648328ca19dd721adbd3c23acae54e7	gi|645319803|ref|NR_117165.1|	87.330	442	55	1	1	441	476	917	1.31e-142	505	48256
e648328ca19dd721adbd3c23acae54e7	gi|645319802|ref|NR_117164.1|	87.330	442	55	1	1	441	476	917	1.31e-142	505	48256
9709fc7adba705848f00be5bbf359c36	gi|265678656|ref|NR_028961.1|	99.091	440	4	0	1	440	327	766	0.0	791	853
9709fc7adba705848f00be5bbf359c36	gi|2363081451|ref|NR_178972.1|	98.864	440	5	0	1	440	285	724	0.0	785	1851428
9709fc7adba705848f00be5bbf359c36	gi|2363080123|ref|NR_178280.1|	98.864	440	5	0	1	440	331	770	0.0	785	411483
9709fc7adba705848f00be5bbf359c36	gi|3030611269|ref|NR_199945.1|	98.636	440	6	0	1	440	335	774	0.0	780	3435293
9709fc7adba705848f00be5bbf359c36	gi|2363081449|ref|NR_178971.1|	99.072	431	4	0	1	431	285	715	0.0	774	1851427
9709fc7adba705848f00be5bbf359c36	gi|2363082282|ref|NR_179388.1|	98.186	441	6	2	1	440	335	774	0.0	769	2935520
9709fc7adba705848f00be5bbf359c36	gi|2363080175|ref|NR_178311.1|	96.591	440	15	0	1	440	412	851	0.0	730	2903556
9709fc7adba705848f00be5bbf359c36	gi|1397641802|ref|NR_156911.1|	92.500	440	33	0	1	440	351	790	2.07e-180	630	1650663
9709fc7adba705848f00be5bbf359c36	gi|2363084747|ref|NR_180622.1|	92.517	441	31	2	1	440	335	774	2.07e-180	630	2779354
9709fc7adba705848f00be5bbf359c36	gi|2363082356|ref|NR_179425.1|	92.500	440	33	0	1	440	351	790	2.07e-180	630	1689304
1868e0b76b335e822e3fe321e2bd8472	gi|2363082569|ref|NR_179531.1|	95.045	444	18	4	1	442	347	788	0.0	695	1852369
1868e0b76b335e822e3fe321e2bd8472	gi|2363082168|ref|NR_179330.1|	94.796	442	23	0	1	442	327	768	0.0	689	2714355
1868e0b76b335e822e3fe321e2bd8472	gi|2363082165|ref|NR_179329.1|	94.570	442	24	0	1	442	327	768	0.0	684	2714353
1868e0b76b335e822e3fe321e2bd8472	gi|1109168025|ref|NR_144611.1|	93.002	443	30	1	1	442	282	724	0.0	645	1417852
1868e0b76b335e822e3fe321e2bd8472	gi|2136551692|ref|NR_173697.1|	92.760	442	32	0	1	442	349	790	0.0	640	2108523
1868e0b76b335e822e3fe321e2bd8472	gi|3030611324|ref|NR_200000.1|	92.777	443	31	1	1	442	301	743	0.0	640	3342383
1868e0b76b335e822e3fe321e2bd8472	gi|645321110|ref|NR_118156.1|	92.809	445	26	5	1	442	304	745	0.0	640	1007096
1868e0b76b335e822e3fe321e2bd8472	gi|1269801610|ref|NR_074793.2|	92.551	443	31	2	1	442	355	796	0.0	634	351091
1868e0b76b335e822e3fe321e2bd8472	gi|343200653|ref|NR_041340.1|	92.551	443	31	2	1	442	328	769	0.0	634	351091
1868e0b76b335e822e3fe321e2bd8472	gi|2363082342|ref|NR_179418.1|	92.325	443	33	1	1	442	348	790	7.49e-180	628	1673721
60a9a1590a9c93f66962fbc7bc74c554	gi|2621112340|ref|NR_189244.1|	95.701	442	19	0	1	442	363	804	0.0	712	3046382
60a9a1590a9c93f66962fbc7bc74c554	gi|2621112341|ref|NR_189245.1|	95.475	442	20	0	1	442	363	804	0.0	706	3046383
60a9a1590a9c93f66962fbc7bc74c554	gi|636559633|ref|NR_115693.1|	88.789	446	41	8	1	442	442	882	1.30e-152	538	694434
60a9a1590a9c93f66962fbc7bc74c554	gi|636559632|ref|NR_115692.1|	88.789	446	41	8	1	442	442	882	1.30e-152	538	694434
60a9a1590a9c93f66962fbc7bc74c554	gi|636559631|ref|NR_115691.1|	88.789	446	41	8	1	442	436	876	1.30e-152	538	694434
60a9a1590a9c93f66962fbc7bc74c554	gi|636559630|ref|NR_115690.1|	88.789	446	41	8	1	442	448	888	1.30e-152	538	694434
60a9a1590a9c93f66962fbc7bc74c554	gi|343198739|ref|NR_043559.1|	88.789	446	41	8	1	442	447	887	1.30e-152	538	694434
60a9a1590a9c93f66962fbc7bc74c554	gi|2363081417|ref|NR_178955.1|	86.742	445	54	5	1	442	288	730	3.69e-138	490	1851429
60a9a1590a9c93f66962fbc7bc74c554	gi|631251702|ref|NR_112900.1|	86.801	447	50	9	1	442	341	783	3.69e-138	490	626937
60a9a1590a9c93f66962fbc7bc74c554	gi|645320092|ref|NR_117381.1|	86.771	446	48	10	1	442	347	785	4.77e-137	486	165813
28f1eff4e19066a86d68e7d312b1f7cd	gi|631251740|ref|NR_112938.1|	99.348	460	3	0	1	460	326	785	0.0	833	204516
28f1eff4e19066a86d68e7d312b1f7cd	gi|343198509|ref|NR_042745.1|	99.348	460	3	0	1	460	338	797	0.0	833	204516
28f1eff4e19066a86d68e7d312b1f7cd	gi|343200626|ref|NR_041313.1|	95.000	460	23	0	1	460	340	799	0.0	723	338188
28f1eff4e19066a86d68e7d312b1f7cd	gi|636560121|ref|NR_116181.1|	94.565	460	24	1	1	460	333	791	0.0	710	28116
28f1eff4e19066a86d68e7d312b1f7cd	gi|631251749|ref|NR_112947.1|	94.348	460	26	0	1	460	326	785	0.0	708	657309
28f1eff4e19066a86d68e7d312b1f7cd	gi|1491509587|ref|NR_159118.1|	94.348	460	26	0	1	460	310	769	0.0	706	28116
28f1eff4e19066a86d68e7d312b1f7cd	gi|1491509586|ref|NR_159117.1|	94.348	460	26	0	1	460	301	760	0.0	706	28116
28f1eff4e19066a86d68e7d312b1f7cd	gi|2363084431|ref|NR_180463.1|	94.348	460	26	0	1	460	340	799	0.0	706	2650158
28f1eff4e19066a86d68e7d312b1f7cd	gi|2363084421|ref|NR_180458.1|	94.348	460	26	0	1	460	340	799	0.0	706	2650157
28f1eff4e19066a86d68e7d312b1f7cd	gi|631251742|ref|NR_112940.1|	94.348	460	26	0	1	460	327	786	0.0	706	28116
4a85ed561c31448b0bf709ac6cd1c756	gi|631251954|ref|NR_113152.1|	99.565	460	2	0	1	460	337	796	0.0	839	28117
4a85ed561c31448b0bf709ac6cd1c756	gi|219846319|ref|NR_025909.1|	96.739	460	15	0	1	460	344	803	0.0	787	28117
4a85ed561c31448b0bf709ac6cd1c756	gi|645321193|ref|NR_118219.1|	97.180	461	11	2	1	460	332	791	0.0	778	1033732
4a85ed561c31448b0bf709ac6cd1c756	gi|672239000|ref|NR_125589.1|	96.963	461	12	2	1	460	269	728	0.0	773	1033731
4a85ed561c31448b0bf709ac6cd1c756	gi|2363086959|ref|NR_181736.1|	96.746	461	13	2	1	460	334	793	0.0	767	2834113
4a85ed561c31448b0bf709ac6cd1c756	gi|2363082099|ref|NR_179296.1|	96.746	461	13	2	1	460	324	783	0.0	767	2585119
4a85ed561c31448b0bf709ac6cd1c756	gi|631251953|ref|NR_113151.1|	96.320	462	13	4	1	460	338	797	0.0	756	328813
4a85ed561c31448b0bf709ac6cd1c756	gi|343202833|ref|NR_043318.1|	96.320	462	13	4	1	460	324	783	0.0	756	328813
4a85ed561c31448b0bf709ac6cd1c756	gi|2363082505|ref|NR_179499.1|	95.896	463	13	6	1	460	342	801	0.0	745	2364787
4a85ed561c31448b0bf709ac6cd1c756	gi|507148137|ref|NR_102944.1|	95.879	461	17	2	1	460	334	793	0.0	745	214856
6fab1630023811f4418e216e0d047283	gi|2136551638|ref|NR_173642.1|	99.097	443	4	0	1	443	349	791	0.0	797	2678306
6fab1630023811f4418e216e0d047283	gi|219846340|ref|NR_025930.1|	97.072	444	10	3	1	443	296	737	0.0	745	40518
6fab1630023811f4418e216e0d047283	gi|2363084544|ref|NR_180520.1|	93.905	443	23	4	1	443	356	794	0.0	665	2564099
6fab1630023811f4418e216e0d047283	gi|2363082825|ref|NR_179661.1|	93.468	444	27	2	1	443	342	784	0.0	658	2086583
6fab1630023811f4418e216e0d047283	gi|2136551663|ref|NR_173668.1|	91.667	444	32	5	1	443	294	733	2.72e-174	610	2766537
6fab1630023811f4418e216e0d047283	gi|645321636|ref|NR_118554.1|	90.519	443	42	0	1	443	329	771	4.58e-167	586	1297617
6fab1630023811f4418e216e0d047283	gi|3248465687|ref|NR_201701.1|	90.293	443	43	0	1	443	330	772	2.13e-165	580	3435187
6fab1630023811f4418e216e0d047283	gi|3248465688|ref|NR_201702.1|	90.293	443	43	0	1	443	328	770	2.13e-165	580	3435000
6fab1630023811f4418e216e0d047283	gi|3248465658|ref|NR_201672.1|	90.090	444	42	2	1	443	296	738	9.92e-164	575	3381350
6fab1630023811f4418e216e0d047283	gi|2180566484|ref|NR_174324.1|	90.068	443	41	2	1	443	346	785	1.28e-162	571	2576756
5ec6c9b9af19f05ff25f52950a6c3250	gi|3030611351|ref|NR_200027.1|	98.821	424	5	0	1	424	198	621	0.0	756	2911853
5ec6c9b9af19f05ff25f52950a6c3250	gi|444303813|ref|NR_074235.1|	98.821	424	5	0	1	424	319	742	0.0	756	420247
5ec6c9b9af19f05ff25f52950a6c3250	gi|636559112|ref|NR_115169.1|	98.821	424	5	0	1	424	235	658	0.0	756	420247
5ec6c9b9af19f05ff25f52950a6c3250	gi|343206194|ref|NR_044786.1|	98.821	424	5	0	1	424	294	717	0.0	756	420247
5ec6c9b9af19f05ff25f52950a6c3250	gi|645321389|ref|NR_118367.1|	98.585	424	6	0	1	424	235	658	0.0	750	420247
5ec6c9b9af19f05ff25f52950a6c3250	gi|559795287|ref|NR_104878.1|	97.406	424	11	0	1	424	317	740	0.0	723	66851
5ec6c9b9af19f05ff25f52950a6c3250	gi|343202475|ref|NR_042785.1|	97.406	424	11	0	1	424	235	658	0.0	723	230361
5ec6c9b9af19f05ff25f52950a6c3250	gi|343206195|ref|NR_044787.1|	96.462	424	15	0	1	424	275	698	0.0	706	190975
5ec6c9b9af19f05ff25f52950a6c3250	gi|343206197|ref|NR_044789.1|	96.462	424	15	0	1	424	299	722	0.0	701	190974
5ec6c9b9af19f05ff25f52950a6c3250	gi|343206196|ref|NR_044788.1|	96.462	424	15	0	1	424	301	724	0.0	701	190976
d0e73bdd323d4741080e2b814b48d1c3	gi|343198588|ref|NR_042961.1|	87.712	472	43	13	1	465	298	761	4.93e-152	536	264639
d0e73bdd323d4741080e2b814b48d1c3	gi|2363085892|ref|NR_181198.1|	86.695	466	60	2	1	465	268	732	6.42e-146	516	2735723
d0e73bdd323d4741080e2b814b48d1c3	gi|265678513|ref|NR_028816.1|	86.695	466	60	2	1	465	310	774	6.42e-146	516	154288
d0e73bdd323d4741080e2b814b48d1c3	gi|265678525|ref|NR_028829.1|	86.653	472	48	13	1	465	298	761	1.07e-143	508	29552
d0e73bdd323d4741080e2b814b48d1c3	gi|631252153|ref|NR_113351.1|	85.653	467	63	4	1	465	321	785	1.40e-137	488	1141106
d0e73bdd323d4741080e2b814b48d1c3	gi|645320726|ref|NR_117863.1|	85.622	466	65	2	1	465	295	759	1.40e-137	488	985762
d0e73bdd323d4741080e2b814b48d1c3	gi|343201695|ref|NR_042421.1|	85.653	467	64	3	1	465	334	799	1.40e-137	488	337097
d0e73bdd323d4741080e2b814b48d1c3	gi|343201558|ref|NR_042284.1|	85.653	467	63	4	1	465	341	805	1.40e-137	488	283734
d0e73bdd323d4741080e2b814b48d1c3	gi|228715349|ref|NR_027521.1|	85.653	467	63	4	1	465	341	805	1.40e-137	488	74706
d0e73bdd323d4741080e2b814b48d1c3	gi|310975041|ref|NR_036905.1|	85.622	466	65	2	1	465	323	787	1.40e-137	488	1284
30d0e1af6471d26d90bd5a456677abca	gi|2621112340|ref|NR_189244.1|	92.986	442	31	0	1	442	363	804	0.0	645	3046382
30d0e1af6471d26d90bd5a456677abca	gi|2621112341|ref|NR_189245.1|	92.760	442	32	0	1	442	363	804	0.0	640	3046383
30d0e1af6471d26d90bd5a456677abca	gi|2363086268|ref|NR_181386.1|	87.162	444	54	3	1	442	303	745	1.70e-141	501	2763655
30d0e1af6471d26d90bd5a456677abca	gi|2180566454|ref|NR_174299.1|	86.230	443	60	1	1	442	332	774	7.98e-135	479	2655001
30d0e1af6471d26d90bd5a456677abca	gi|2363086262|ref|NR_181383.1|	86.099	446	56	6	1	442	307	750	1.03e-133	475	2763654
30d0e1af6471d26d90bd5a456677abca	gi|1491509615|ref|NR_159146.1|	86.005	443	60	2	1	442	348	789	3.71e-133	473	1715347
30d0e1af6471d26d90bd5a456677abca	gi|559795176|ref|NR_104765.1|	86.067	445	57	5	1	442	323	765	3.71e-133	473	108007
30d0e1af6471d26d90bd5a456677abca	gi|219846098|ref|NR_025688.1|	86.005	443	60	2	1	442	315	756	3.71e-133	473	218205
30d0e1af6471d26d90bd5a456677abca	gi|1109168029|ref|NR_144613.1|	85.811	444	60	3	1	442	330	772	1.73e-131	468	1796619
30d0e1af6471d26d90bd5a456677abca	gi|566085061|ref|NR_108684.1|	85.938	448	52	11	1	442	294	736	1.73e-131	468	886292
b1986f11b49a31487a9d69c9f2f5c3f0	gi|2363082569|ref|NR_179531.1|	94.595	444	20	4	1	442	347	788	0.0	684	1852369
b1986f11b49a31487a9d69c9f2f5c3f0	gi|2363082168|ref|NR_179330.1|	94.344	442	25	0	1	442	327	768	0.0	678	2714355
b1986f11b49a31487a9d69c9f2f5c3f0	gi|2363082165|ref|NR_179329.1|	94.118	442	26	0	1	442	327	768	0.0	673	2714353
b1986f11b49a31487a9d69c9f2f5c3f0	gi|1109168025|ref|NR_144611.1|	92.551	443	32	1	1	442	282	724	0.0	634	1417852
b1986f11b49a31487a9d69c9f2f5c3f0	gi|2136551692|ref|NR_173697.1|	92.308	442	34	0	1	442	349	790	7.49e-180	628	2108523
b1986f11b49a31487a9d69c9f2f5c3f0	gi|3030611324|ref|NR_200000.1|	92.325	443	33	1	1	442	301	743	7.49e-180	628	3342383
b1986f11b49a31487a9d69c9f2f5c3f0	gi|645321110|ref|NR_118156.1|	92.360	445	28	5	1	442	304	745	7.49e-180	628	1007096
b1986f11b49a31487a9d69c9f2f5c3f0	gi|1269801610|ref|NR_074793.2|	92.099	443	33	2	1	442	355	796	3.48e-178	623	351091
b1986f11b49a31487a9d69c9f2f5c3f0	gi|343200653|ref|NR_041340.1|	92.099	443	33	2	1	442	328	769	3.48e-178	623	351091
b1986f11b49a31487a9d69c9f2f5c3f0	gi|2363082342|ref|NR_179418.1|	91.874	443	35	1	1	442	348	790	1.62e-176	617	1673721
4acdf2dc12a18f638a30a8d91a852792	gi|559795255|ref|NR_104846.1|	96.591	440	15	0	1	440	288	727	0.0	730	745368
4acdf2dc12a18f638a30a8d91a852792	gi|265678692|ref|NR_028997.1|	95.692	441	18	1	1	440	303	743	0.0	708	214851
4acdf2dc12a18f638a30a8d91a852792	gi|3030611269|ref|NR_199945.1|	94.773	440	23	0	1	440	335	774	0.0	686	3435293
4acdf2dc12a18f638a30a8d91a852792	gi|265678656|ref|NR_028961.1|	94.318	440	25	0	1	440	327	766	0.0	675	853
4acdf2dc12a18f638a30a8d91a852792	gi|2363081451|ref|NR_178972.1|	94.091	440	26	0	1	440	285	724	0.0	669	1851428
4acdf2dc12a18f638a30a8d91a852792	gi|2363080123|ref|NR_178280.1|	94.091	440	26	0	1	440	331	770	0.0	669	411483
4acdf2dc12a18f638a30a8d91a852792	gi|2363081449|ref|NR_178971.1|	93.864	440	26	1	1	440	285	723	0.0	662	1851427
4acdf2dc12a18f638a30a8d91a852792	gi|2363082356|ref|NR_179425.1|	93.636	440	28	0	1	440	351	790	0.0	658	1689304
4acdf2dc12a18f638a30a8d91a852792	gi|1397641802|ref|NR_156911.1|	93.409	440	29	0	1	440	351	790	0.0	652	1650663
4acdf2dc12a18f638a30a8d91a852792	gi|2363082282|ref|NR_179388.1|	93.424	441	27	2	1	440	335	774	0.0	652	2935520
008b5bb5b61a22cb4f7dcba1a7c1bff8	gi|228718376|ref|NR_027573.1|	99.772	439	1	0	1	439	303	741	0.0	806	261299
008b5bb5b61a22cb4f7dcba1a7c1bff8	gi|645322235|ref|NR_119034.1|	98.633	439	5	1	1	439	320	757	0.0	776	1121321
008b5bb5b61a22cb4f7dcba1a7c1bff8	gi|631251934|ref|NR_113132.1|	98.405	439	7	0	1	439	321	759	0.0	773	1121308
008b5bb5b61a22cb4f7dcba1a7c1bff8	gi|2363081240|ref|NR_178864.1|	98.178	439	8	0	1	439	321	759	0.0	767	1507512
008b5bb5b61a22cb4f7dcba1a7c1bff8	gi|631251942|ref|NR_113140.1|	98.178	439	8	0	1	439	319	757	0.0	767	1505
008b5bb5b61a22cb4f7dcba1a7c1bff8	gi|631250975|ref|NR_112172.1|	98.174	438	8	0	2	439	313	750	0.0	767	1121308
008b5bb5b61a22cb4f7dcba1a7c1bff8	gi|645319814|ref|NR_117174.1|	97.950	439	9	0	1	439	316	754	0.0	761	1737
008b5bb5b61a22cb4f7dcba1a7c1bff8	gi|631250758|ref|NR_104812.1|	97.950	439	9	0	1	439	318	756	0.0	761	1737
008b5bb5b61a22cb4f7dcba1a7c1bff8	gi|559795110|ref|NR_104696.1|	97.950	439	9	0	1	439	319	757	0.0	761	29358
008b5bb5b61a22cb4f7dcba1a7c1bff8	gi|636559738|ref|NR_115798.1|	97.950	439	9	0	1	439	321	759	0.0	761	1737
35115d216ea9f82e6bd039c1d90c3954	gi|444304091|ref|NR_074515.1|	98.915	461	3	2	1	460	350	809	0.0	822	435590
35115d216ea9f82e6bd039c1d90c3954	gi|631251748|ref|NR_112946.1|	98.915	461	3	2	1	460	339	798	0.0	822	821
35115d216ea9f82e6bd039c1d90c3954	gi|343200664|ref|NR_041351.1|	98.696	460	6	0	1	460	341	800	0.0	817	357276
35115d216ea9f82e6bd039c1d90c3954	gi|631250946|ref|NR_112143.1|	98.698	461	4	2	1	460	307	766	0.0	817	821
35115d216ea9f82e6bd039c1d90c3954	gi|631251997|ref|NR_113195.1|	93.913	460	28	0	1	460	338	797	0.0	695	1236515
35115d216ea9f82e6bd039c1d90c3954	gi|631251866|ref|NR_113064.1|	93.696	460	29	0	1	460	338	797	0.0	689	1236538
35115d216ea9f82e6bd039c1d90c3954	gi|631251817|ref|NR_113015.1|	93.696	460	29	0	1	460	338	797	0.0	689	1236538
35115d216ea9f82e6bd039c1d90c3954	gi|645320081|ref|NR_117373.1|	93.696	460	29	0	1	460	289	748	0.0	689	1236515
35115d216ea9f82e6bd039c1d90c3954	gi|2363085522|ref|NR_181010.1|	93.261	460	31	0	1	460	297	756	0.0	678	2786956
35115d216ea9f82e6bd039c1d90c3954	gi|2363082773|ref|NR_179635.1|	93.261	460	31	0	1	460	338	797	0.0	678	2024197
4e3a8782e41958842536810cfa083cc5	gi|2363082288|ref|NR_179391.1|	97.727	440	10	0	1	440	332	771	0.0	758	1499684
4e3a8782e41958842536810cfa083cc5	gi|1116030238|ref|NR_144696.1|	97.727	440	10	0	1	440	333	772	0.0	758	1414720
4e3a8782e41958842536810cfa083cc5	gi|219846899|ref|NR_026491.1|	97.727	440	10	0	1	440	319	758	0.0	758	84024
4e3a8782e41958842536810cfa083cc5	gi|219846557|ref|NR_026149.1|	97.273	440	12	0	1	440	325	764	0.0	747	36850
4e3a8782e41958842536810cfa083cc5	gi|219846575|ref|NR_026167.1|	96.606	442	12	2	1	440	246	686	0.0	734	36834
4e3a8782e41958842536810cfa083cc5	gi|631252127|ref|NR_113325.1|	96.364	440	16	0	1	440	333	772	0.0	725	1559
4e3a8782e41958842536810cfa083cc5	gi|219846898|ref|NR_026490.1|	96.364	440	16	0	1	440	320	759	0.0	725	84031
4e3a8782e41958842536810cfa083cc5	gi|310975222|ref|NR_037086.1|	96.364	440	16	0	1	440	316	755	0.0	725	1559
4e3a8782e41958842536810cfa083cc5	gi|636558671|ref|NR_114728.1|	96.364	440	16	0	1	440	287	726	0.0	725	1559
4e3a8782e41958842536810cfa083cc5	gi|219846429|ref|NR_026020.1|	96.136	440	17	0	1	440	333	772	0.0	719	1504
bff804fdb19381f9ba389cd9735b4604	gi|444304012|ref|NR_074436.1|	99.103	446	4	0	1	446	321	766	0.0	802	239935
bff804fdb19381f9ba389cd9735b4604	gi|343202494|ref|NR_042817.1|	99.103	446	4	0	1	446	301	746	0.0	802	349741
bff804fdb19381f9ba389cd9735b4604	gi|1315204026|ref|NR_152695.1|	91.314	449	35	3	1	446	300	747	2.74e-174	610	1679444
bff804fdb19381f9ba389cd9735b4604	gi|343200983|ref|NR_041670.1|	84.764	466	50	7	1	446	298	762	6.32e-126	449	490092
bff804fdb19381f9ba389cd9735b4604	gi|343200984|ref|NR_041671.1|	84.368	467	50	11	1	446	320	784	4.92e-122	436	490093
bff804fdb19381f9ba389cd9735b4604	gi|2260349445|ref|NR_176527.1|	84.301	465	52	7	1	446	318	780	1.77e-121	435	2576071
bff804fdb19381f9ba389cd9735b4604	gi|219846674|ref|NR_026266.1|	84.120	466	52	8	1	446	304	767	1.77e-121	435	240016
bff804fdb19381f9ba389cd9735b4604	gi|343200937|ref|NR_041624.1|	84.188	468	49	11	1	446	321	785	2.29e-120	431	454151
bff804fdb19381f9ba389cd9735b4604	gi|343200987|ref|NR_041674.1|	83.940	467	52	11	1	446	319	783	1.06e-118	425	490096
bff804fdb19381f9ba389cd9735b4604	gi|566085532|ref|NR_109603.1|	83.726	467	53	11	1	446	281	745	4.95e-117	420	1157309
d1856ff0c861be4456d95cd5e3f9445b	gi|2363081451|ref|NR_178972.1|	99.318	440	3	0	1	440	285	724	0.0	797	1851428
d1856ff0c861be4456d95cd5e3f9445b	gi|265678656|ref|NR_028961.1|	98.636	440	6	0	1	440	327	766	0.0	780	853
d1856ff0c861be4456d95cd5e3f9445b	gi|2363082282|ref|NR_179388.1|	98.409	440	7	0	1	440	335	774	0.0	774	2935520
d1856ff0c861be4456d95cd5e3f9445b	gi|2363080123|ref|NR_178280.1|	98.409	440	7	0	1	440	331	770	0.0	774	411483
d1856ff0c861be4456d95cd5e3f9445b	gi|3030611269|ref|NR_199945.1|	98.182	440	8	0	1	440	335	774	0.0	769	3435293
d1856ff0c861be4456d95cd5e3f9445b	gi|2363081449|ref|NR_178971.1|	98.182	440	7	1	1	440	285	723	0.0	767	1851427
d1856ff0c861be4456d95cd5e3f9445b	gi|2363080175|ref|NR_178311.1|	96.364	440	16	0	1	440	412	851	0.0	725	2903556
d1856ff0c861be4456d95cd5e3f9445b	gi|1397641802|ref|NR_156911.1|	92.500	440	33	0	1	440	351	790	2.07e-180	630	1650663
d1856ff0c861be4456d95cd5e3f9445b	gi|2363084747|ref|NR_180622.1|	92.500	440	33	0	1	440	335	774	2.07e-180	630	2779354
d1856ff0c861be4456d95cd5e3f9445b	gi|2363082356|ref|NR_179425.1|	92.290	441	32	2	1	440	351	790	9.64e-179	625	1689304
38c0d440701fe2d31962dd2985dc76f4	gi|444304111|ref|NR_074535.1|	99.129	459	4	0	1	459	334	792	0.0	826	28118
38c0d440701fe2d31962dd2985dc76f4	gi|631251877|ref|NR_113075.1|	99.129	459	4	0	1	459	334	792	0.0	826	28118
38c0d440701fe2d31962dd2985dc76f4	gi|343206056|ref|NR_044636.1|	97.821	459	10	0	1	459	342	800	0.0	798	28118
38c0d440701fe2d31962dd2985dc76f4	gi|631251876|ref|NR_113074.1|	90.065	463	38	7	1	459	335	793	2.84e-169	593	742817
38c0d440701fe2d31962dd2985dc76f4	gi|631251699|ref|NR_112897.1|	89.633	463	40	7	1	459	315	773	6.15e-166	582	742817
38c0d440701fe2d31962dd2985dc76f4	gi|959494837|ref|NR_133715.1|	86.853	464	52	8	1	459	280	739	2.94e-144	510	1416875
38c0d440701fe2d31962dd2985dc76f4	gi|1953646717|ref|NR_171512.1|	86.580	462	57	5	1	459	313	772	1.37e-142	505	2162893
38c0d440701fe2d31962dd2985dc76f4	gi|1341394029|ref|NR_153701.1|	86.422	464	54	8	1	459	299	758	6.37e-141	499	1740245
38c0d440701fe2d31962dd2985dc76f4	gi|559795096|ref|NR_104682.1|	86.393	463	56	6	1	459	315	774	6.37e-141	499	1168289
38c0d440701fe2d31962dd2985dc76f4	gi|265678658|ref|NR_028963.1|	86.177	463	58	5	1	459	327	787	8.25e-140	496	886379
0f82722b1cb23a93fac0e54b0a840e37	gi|265678656|ref|NR_028961.1|	99.091	440	4	0	1	440	327	766	0.0	791	853
0f82722b1cb23a93fac0e54b0a840e37	gi|2363081451|ref|NR_178972.1|	98.864	440	5	0	1	440	285	724	0.0	785	1851428
0f82722b1cb23a93fac0e54b0a840e37	gi|2363080123|ref|NR_178280.1|	98.864	440	5	0	1	440	331	770	0.0	785	411483
0f82722b1cb23a93fac0e54b0a840e37	gi|3030611269|ref|NR_199945.1|	98.636	440	6	0	1	440	335	774	0.0	780	3435293
0f82722b1cb23a93fac0e54b0a840e37	gi|2363081449|ref|NR_178971.1|	99.072	431	4	0	1	431	285	715	0.0	774	1851427
0f82722b1cb23a93fac0e54b0a840e37	gi|2363082282|ref|NR_179388.1|	98.186	441	6	2	1	440	335	774	0.0	769	2935520
0f82722b1cb23a93fac0e54b0a840e37	gi|2363080175|ref|NR_178311.1|	96.591	440	15	0	1	440	412	851	0.0	730	2903556
0f82722b1cb23a93fac0e54b0a840e37	gi|1397641802|ref|NR_156911.1|	92.500	440	33	0	1	440	351	790	2.07e-180	630	1650663
0f82722b1cb23a93fac0e54b0a840e37	gi|2363084747|ref|NR_180622.1|	92.517	441	31	2	1	440	335	774	2.07e-180	630	2779354
0f82722b1cb23a93fac0e54b0a840e37	gi|2363082356|ref|NR_179425.1|	92.500	440	33	0	1	440	351	790	2.07e-180	630	1689304
70ac5adc065fa9662960dd8a23ddc80d	gi|1116030282|ref|NR_144740.1|	99.544	439	2	0	1	439	321	759	0.0	800	1776391
70ac5adc065fa9662960dd8a23ddc80d	gi|974142280|ref|NR_134800.1|	98.861	439	5	0	1	439	255	693	0.0	784	1368474
70ac5adc065fa9662960dd8a23ddc80d	gi|672239008|ref|NR_125597.1|	98.186	441	6	2	1	439	318	758	0.0	769	1115758
70ac5adc065fa9662960dd8a23ddc80d	gi|2363083072|ref|NR_179784.1|	98.178	439	8	0	1	439	301	739	0.0	767	2020948
70ac5adc065fa9662960dd8a23ddc80d	gi|2363082877|ref|NR_179687.1|	97.494	439	11	0	1	439	273	711	0.0	750	2662455
70ac5adc065fa9662960dd8a23ddc80d	gi|1230874654|ref|NR_148815.1|	97.494	439	11	0	1	439	319	757	0.0	750	1629550
70ac5adc065fa9662960dd8a23ddc80d	gi|631252125|ref|NR_113323.1|	97.494	439	11	0	1	439	319	757	0.0	750	1490
70ac5adc065fa9662960dd8a23ddc80d	gi|1269785414|ref|NR_118728.2|	97.267	439	12	0	1	439	330	768	0.0	749	1121325
70ac5adc065fa9662960dd8a23ddc80d	gi|631250974|ref|NR_112171.1|	97.267	439	12	0	1	439	309	747	0.0	745	1490
70ac5adc065fa9662960dd8a23ddc80d	gi|1040567059|ref|NR_137408.1|	97.039	439	13	0	1	439	290	728	0.0	739	1460447
25d9db1466bed11c68b28303c14b813c	gi|2363080123|ref|NR_178280.1|	98.636	440	6	0	1	440	331	770	0.0	780	411483
25d9db1466bed11c68b28303c14b813c	gi|3030611269|ref|NR_199945.1|	98.409	440	7	0	1	440	335	774	0.0	774	3435293
25d9db1466bed11c68b28303c14b813c	gi|2363081449|ref|NR_178971.1|	98.409	440	6	1	1	440	285	723	0.0	773	1851427
25d9db1466bed11c68b28303c14b813c	gi|265678656|ref|NR_028961.1|	97.955	440	9	0	1	440	327	766	0.0	763	853
25d9db1466bed11c68b28303c14b813c	gi|2363081451|ref|NR_178972.1|	97.727	440	10	0	1	440	285	724	0.0	758	1851428
25d9db1466bed11c68b28303c14b813c	gi|2363082282|ref|NR_179388.1|	97.052	441	11	2	1	440	335	774	0.0	741	2935520
25d9db1466bed11c68b28303c14b813c	gi|2363080175|ref|NR_178311.1|	96.364	440	16	0	1	440	412	851	0.0	725	2903556
25d9db1466bed11c68b28303c14b813c	gi|2363084747|ref|NR_180622.1|	93.197	441	28	2	1	440	335	774	0.0	647	2779354
25d9db1466bed11c68b28303c14b813c	gi|559795255|ref|NR_104846.1|	92.955	440	31	0	1	440	288	727	0.0	641	745368
25d9db1466bed11c68b28303c14b813c	gi|1277396189|ref|NR_151900.1|	92.500	440	33	0	1	440	351	790	2.07e-180	630	1550024
0d0c20c754b4d9634807e1f2c627156e	gi|939733298|ref|NR_133025.1|	99.565	460	2	0	1	460	275	734	0.0	839	2585118
0d0c20c754b4d9634807e1f2c627156e	gi|631251954|ref|NR_113152.1|	95.435	460	21	0	1	460	337	796	0.0	734	28117
0d0c20c754b4d9634807e1f2c627156e	gi|2363082099|ref|NR_179296.1|	95.000	460	23	0	1	460	324	783	0.0	723	2585119
0d0c20c754b4d9634807e1f2c627156e	gi|672239000|ref|NR_125589.1|	95.011	461	21	2	1	460	269	728	0.0	723	1033731
0d0c20c754b4d9634807e1f2c627156e	gi|2363086959|ref|NR_181736.1|	94.794	461	22	2	1	460	334	793	0.0	717	2834113
0d0c20c754b4d9634807e1f2c627156e	gi|507148054|ref|NR_102861.1|	94.794	461	22	2	1	460	334	793	0.0	717	717959
0d0c20c754b4d9634807e1f2c627156e	gi|645321193|ref|NR_118219.1|	94.794	461	22	2	1	460	332	791	0.0	717	1033732
0d0c20c754b4d9634807e1f2c627156e	gi|343202834|ref|NR_043319.1|	94.577	461	23	2	1	460	323	782	0.0	713	717959
0d0c20c754b4d9634807e1f2c627156e	gi|631251955|ref|NR_113153.1|	94.577	461	23	2	1	460	334	793	0.0	712	328814
0d0c20c754b4d9634807e1f2c627156e	gi|2363082505|ref|NR_179499.1|	94.168	463	21	6	1	460	342	801	0.0	701	2364787
bf95596194c4e11d8522a0ef00f17523	gi|559795255|ref|NR_104846.1|	96.591	440	15	0	1	440	288	727	0.0	730	745368
bf95596194c4e11d8522a0ef00f17523	gi|265678692|ref|NR_028997.1|	95.692	441	18	1	1	440	303	743	0.0	708	214851
bf95596194c4e11d8522a0ef00f17523	gi|3030611269|ref|NR_199945.1|	94.773	440	23	0	1	440	335	774	0.0	686	3435293
bf95596194c4e11d8522a0ef00f17523	gi|265678656|ref|NR_028961.1|	94.318	440	25	0	1	440	327	766	0.0	675	853
bf95596194c4e11d8522a0ef00f17523	gi|2363081451|ref|NR_178972.1|	94.091	440	26	0	1	440	285	724	0.0	669	1851428
bf95596194c4e11d8522a0ef00f17523	gi|2363080123|ref|NR_178280.1|	94.091	440	26	0	1	440	331	770	0.0	669	411483
bf95596194c4e11d8522a0ef00f17523	gi|2363081449|ref|NR_178971.1|	94.432	431	24	0	1	431	285	715	0.0	664	1851427
bf95596194c4e11d8522a0ef00f17523	gi|2363082356|ref|NR_179425.1|	93.636	440	28	0	1	440	351	790	0.0	658	1689304
bf95596194c4e11d8522a0ef00f17523	gi|1397641802|ref|NR_156911.1|	93.409	440	29	0	1	440	351	790	0.0	652	1650663
bf95596194c4e11d8522a0ef00f17523	gi|2363082282|ref|NR_179388.1|	93.424	441	27	2	1	440	335	774	0.0	652	2935520
2f172ab75078380353c0025b36d4735a	gi|2363086274|ref|NR_181389.1|	88.713	443	45	5	1	441	295	734	4.66e-152	536	2763657
2f172ab75078380353c0025b36d4735a	gi|1776910887|ref|NR_164620.1|	87.528	441	54	1	1	441	347	786	1.02e-143	508	2173034
2f172ab75078380353c0025b36d4735a	gi|2363083221|ref|NR_179859.1|	87.528	441	54	1	1	441	347	786	1.02e-143	508	2078660
2f172ab75078380353c0025b36d4735a	gi|3030611263|ref|NR_199939.1|	87.585	443	50	5	1	441	332	771	1.02e-143	508	3074434
2f172ab75078380353c0025b36d4735a	gi|672239088|ref|NR_125677.1|	87.613	444	48	7	1	441	346	785	1.02e-143	508	1348613
2f172ab75078380353c0025b36d4735a	gi|1116030284|ref|NR_144742.1|	87.387	444	52	4	1	441	352	794	3.65e-143	507	1805714
2f172ab75078380353c0025b36d4735a	gi|2363084132|ref|NR_180315.1|	87.416	445	50	6	1	441	323	765	3.65e-143	507	2496273
2f172ab75078380353c0025b36d4735a	gi|2363081254|ref|NR_178871.1|	87.330	442	54	2	1	441	337	777	1.31e-142	505	1792311
2f172ab75078380353c0025b36d4735a	gi|2363086270|ref|NR_181387.1|	87.330	442	55	1	1	441	302	743	1.31e-142	505	2763656
2f172ab75078380353c0025b36d4735a	gi|2363082625|ref|NR_179559.1|	87.104	442	55	2	1	441	333	773	6.11e-141	499	1871018
b0e6a4fab6d63e39dccf183cbce92c37	gi|631251953|ref|NR_113151.1|	99.348	460	3	0	1	460	338	797	0.0	833	328813
b0e6a4fab6d63e39dccf183cbce92c37	gi|343202833|ref|NR_043318.1|	99.348	460	3	0	1	460	324	783	0.0	833	328813
b0e6a4fab6d63e39dccf183cbce92c37	gi|2363082099|ref|NR_179296.1|	97.391	460	12	0	1	460	324	783	0.0	784	2585119
b0e6a4fab6d63e39dccf183cbce92c37	gi|507148054|ref|NR_102861.1|	96.957	460	14	0	1	460	334	793	0.0	773	717959
b0e6a4fab6d63e39dccf183cbce92c37	gi|672239000|ref|NR_125589.1|	96.963	461	12	2	1	460	269	728	0.0	773	1033731
b0e6a4fab6d63e39dccf183cbce92c37	gi|343202834|ref|NR_043319.1|	96.739	460	15	0	1	460	323	782	0.0	769	717959
b0e6a4fab6d63e39dccf183cbce92c37	gi|2363082505|ref|NR_179499.1|	96.739	460	15	0	1	460	342	801	0.0	767	2364787
b0e6a4fab6d63e39dccf183cbce92c37	gi|507148137|ref|NR_102944.1|	96.739	460	15	0	1	460	334	793	0.0	767	214856
b0e6a4fab6d63e39dccf183cbce92c37	gi|631251955|ref|NR_113153.1|	96.739	460	15	0	1	460	334	793	0.0	767	328814
b0e6a4fab6d63e39dccf183cbce92c37	gi|636559243|ref|NR_115300.1|	96.739	460	15	0	1	460	314	773	0.0	767	679935
033399029169a51a06be594c78ba5b7a	gi|631251955|ref|NR_113153.1|	98.913	460	5	0	1	460	334	793	0.0	822	328814
033399029169a51a06be594c78ba5b7a	gi|343202834|ref|NR_043319.1|	98.696	460	6	0	1	460	323	782	0.0	819	717959
033399029169a51a06be594c78ba5b7a	gi|507148054|ref|NR_102861.1|	98.696	460	6	0	1	460	334	793	0.0	817	717959
033399029169a51a06be594c78ba5b7a	gi|507148137|ref|NR_102944.1|	97.609	460	11	0	1	460	334	793	0.0	789	214856
033399029169a51a06be594c78ba5b7a	gi|343198609|ref|NR_043064.1|	97.609	460	11	0	1	460	314	773	0.0	789	214856
033399029169a51a06be594c78ba5b7a	gi|631251952|ref|NR_113150.1|	97.391	460	12	0	1	460	334	793	0.0	784	214856
033399029169a51a06be594c78ba5b7a	gi|636559243|ref|NR_115300.1|	97.174	460	13	0	1	460	314	773	0.0	778	679935
033399029169a51a06be594c78ba5b7a	gi|2363086959|ref|NR_181736.1|	96.957	460	14	0	1	460	334	793	0.0	773	2834113
033399029169a51a06be594c78ba5b7a	gi|645321193|ref|NR_118219.1|	96.522	460	16	0	1	460	332	791	0.0	761	1033732
033399029169a51a06be594c78ba5b7a	gi|2363082505|ref|NR_179499.1|	96.304	460	17	0	1	460	342	801	0.0	756	2364787
3ab6538c367e29aa63291bff8f7592d2	gi|699005326|ref|NR_126195.1|	97.603	459	11	0	1	459	335	793	0.0	787	1472417
3ab6538c367e29aa63291bff8f7592d2	gi|343201004|ref|NR_041691.1|	96.746	461	11	4	1	459	335	793	0.0	765	544645
3ab6538c367e29aa63291bff8f7592d2	gi|1864207064|ref|NR_169358.1|	96.514	459	16	0	1	459	335	793	0.0	760	1720203
3ab6538c367e29aa63291bff8f7592d2	gi|2363083451|ref|NR_179974.1|	96.514	459	16	0	1	459	327	785	0.0	760	2093856
3ab6538c367e29aa63291bff8f7592d2	gi|2363082787|ref|NR_179642.1|	96.514	459	16	0	1	459	315	773	0.0	760	2042309
3ab6538c367e29aa63291bff8f7592d2	gi|699005325|ref|NR_126194.1|	96.296	459	17	0	1	459	335	793	0.0	760	1472416
3ab6538c367e29aa63291bff8f7592d2	gi|3248465683|ref|NR_201697.1|	94.336	459	26	0	1	459	285	743	0.0	704	3378067
3ab6538c367e29aa63291bff8f7592d2	gi|343201003|ref|NR_041690.1|	93.682	459	29	0	1	459	333	791	0.0	688	544644
3ab6538c367e29aa63291bff8f7592d2	gi|1182956112|ref|NR_146820.1|	89.783	460	45	2	1	459	335	793	1.02e-168	592	1720195
3ab6538c367e29aa63291bff8f7592d2	gi|2363080968|ref|NR_178727.1|	89.348	460	47	2	1	459	315	773	2.86e-164	577	1547597
281a7782e046e657ac15529b4a104671	gi|1109168025|ref|NR_144611.1|	93.228	443	30	0	1	443	282	724	0.0	652	1417852
281a7782e046e657ac15529b4a104671	gi|2363082168|ref|NR_179330.1|	93.243	444	27	3	1	443	327	768	0.0	651	2714355
281a7782e046e657ac15529b4a104671	gi|2363082165|ref|NR_179329.1|	93.018	444	28	3	1	443	327	768	0.0	645	2714353
281a7782e046e657ac15529b4a104671	gi|343206380|ref|NR_044972.1|	92.568	444	31	2	1	443	331	773	0.0	640	44749
281a7782e046e657ac15529b4a104671	gi|3030611324|ref|NR_200000.1|	91.892	444	34	2	1	443	301	743	4.52e-177	619	3342383
281a7782e046e657ac15529b4a104671	gi|2363082342|ref|NR_179418.1|	91.892	444	34	2	1	443	348	790	4.52e-177	619	1673721
281a7782e046e657ac15529b4a104671	gi|219857437|ref|NR_025025.1|	91.667	444	33	4	1	443	332	772	1.62e-176	617	100176
281a7782e046e657ac15529b4a104671	gi|2363082352|ref|NR_179423.1|	91.704	446	31	6	1	443	349	791	2.10e-175	614	1689270
281a7782e046e657ac15529b4a104671	gi|645321636|ref|NR_118554.1|	91.685	445	33	4	1	443	329	771	2.10e-175	614	1297617
281a7782e046e657ac15529b4a104671	gi|2363083800|ref|NR_180148.1|	91.216	444	37	2	1	443	349	791	4.55e-172	603	2211183
455f33ee9a5d294f94a354f002ffef39	gi|343200656|ref|NR_041343.1|	99.348	460	3	0	1	460	340	799	0.0	833	46503
455f33ee9a5d294f94a354f002ffef39	gi|645322411|ref|NR_119166.1|	99.130	460	4	0	1	460	319	778	0.0	830	411477
455f33ee9a5d294f94a354f002ffef39	gi|343200777|ref|NR_041464.1|	97.391	460	12	0	1	460	340	799	0.0	784	387661
455f33ee9a5d294f94a354f002ffef39	gi|2363083816|ref|NR_180156.1|	96.522	460	16	0	1	460	291	750	0.0	761	2290935
455f33ee9a5d294f94a354f002ffef39	gi|2363086049|ref|NR_181277.1|	96.087	460	18	0	1	460	309	768	0.0	750	2753162
455f33ee9a5d294f94a354f002ffef39	gi|631251878|ref|NR_113076.1|	95.879	461	17	2	1	460	324	783	0.0	745	927665
455f33ee9a5d294f94a354f002ffef39	gi|343202832|ref|NR_043317.1|	95.879	461	17	2	1	460	284	743	0.0	745	328812
455f33ee9a5d294f94a354f002ffef39	gi|1811131517|ref|NR_165699.1|	95.435	460	21	0	1	460	336	795	0.0	734	2685834
455f33ee9a5d294f94a354f002ffef39	gi|2363082715|ref|NR_179605.1|	95.445	461	19	2	1	460	316	775	0.0	734	1944636
455f33ee9a5d294f94a354f002ffef39	gi|2363082619|ref|NR_179556.1|	95.217	460	22	0	1	460	316	775	0.0	728	1871013
5868e15275dc023c885bbe8b7d5ab9f7	gi|631251955|ref|NR_113153.1|	99.348	460	3	0	1	460	334	793	0.0	833	328814
5868e15275dc023c885bbe8b7d5ab9f7	gi|343202834|ref|NR_043319.1|	99.130	460	4	0	1	460	323	782	0.0	830	717959
5868e15275dc023c885bbe8b7d5ab9f7	gi|507148054|ref|NR_102861.1|	99.130	460	4	0	1	460	334	793	0.0	828	717959
5868e15275dc023c885bbe8b7d5ab9f7	gi|507148137|ref|NR_102944.1|	98.043	460	9	0	1	460	334	793	0.0	800	214856
5868e15275dc023c885bbe8b7d5ab9f7	gi|343198609|ref|NR_043064.1|	98.043	460	9	0	1	460	314	773	0.0	800	214856
5868e15275dc023c885bbe8b7d5ab9f7	gi|631251952|ref|NR_113150.1|	97.826	460	10	0	1	460	334	793	0.0	795	214856
5868e15275dc023c885bbe8b7d5ab9f7	gi|636559243|ref|NR_115300.1|	97.609	460	11	0	1	460	314	773	0.0	789	679935
5868e15275dc023c885bbe8b7d5ab9f7	gi|2363086959|ref|NR_181736.1|	97.391	460	12	0	1	460	334	793	0.0	784	2834113
5868e15275dc023c885bbe8b7d5ab9f7	gi|645321193|ref|NR_118219.1|	96.957	460	14	0	1	460	332	791	0.0	773	1033732
5868e15275dc023c885bbe8b7d5ab9f7	gi|2363082505|ref|NR_179499.1|	96.739	460	15	0	1	460	342	801	0.0	767	2364787
ab45ddbf542c30a6f5bcf5ee7e8c5433	gi|631251955|ref|NR_113153.1|	99.565	460	2	0	1	460	334	793	0.0	839	328814
ab45ddbf542c30a6f5bcf5ee7e8c5433	gi|343202834|ref|NR_043319.1|	99.348	460	3	0	1	460	323	782	0.0	835	717959
ab45ddbf542c30a6f5bcf5ee7e8c5433	gi|507148054|ref|NR_102861.1|	99.348	460	3	0	1	460	334	793	0.0	833	717959
ab45ddbf542c30a6f5bcf5ee7e8c5433	gi|507148137|ref|NR_102944.1|	98.261	460	8	0	1	460	334	793	0.0	806	214856
ab45ddbf542c30a6f5bcf5ee7e8c5433	gi|343198609|ref|NR_043064.1|	98.261	460	8	0	1	460	314	773	0.0	806	214856
ab45ddbf542c30a6f5bcf5ee7e8c5433	gi|631251952|ref|NR_113150.1|	98.043	460	9	0	1	460	334	793	0.0	800	214856
ab45ddbf542c30a6f5bcf5ee7e8c5433	gi|636559243|ref|NR_115300.1|	97.826	460	10	0	1	460	314	773	0.0	795	679935
ab45ddbf542c30a6f5bcf5ee7e8c5433	gi|2363086959|ref|NR_181736.1|	97.609	460	11	0	1	460	334	793	0.0	789	2834113
ab45ddbf542c30a6f5bcf5ee7e8c5433	gi|645321193|ref|NR_118219.1|	97.174	460	13	0	1	460	332	791	0.0	778	1033732
ab45ddbf542c30a6f5bcf5ee7e8c5433	gi|2363082505|ref|NR_179499.1|	96.957	460	14	0	1	460	342	801	0.0	773	2364787
24925e23224d12f638ece7d977943ed8	gi|2363086274|ref|NR_181389.1|	88.713	443	45	5	1	441	295	734	4.66e-152	536	2763657
24925e23224d12f638ece7d977943ed8	gi|1776910887|ref|NR_164620.1|	87.528	441	54	1	1	441	347	786	1.02e-143	508	2173034
24925e23224d12f638ece7d977943ed8	gi|2363083221|ref|NR_179859.1|	87.528	441	54	1	1	441	347	786	1.02e-143	508	2078660
24925e23224d12f638ece7d977943ed8	gi|3030611263|ref|NR_199939.1|	87.585	443	50	5	1	441	332	771	1.02e-143	508	3074434
24925e23224d12f638ece7d977943ed8	gi|672239088|ref|NR_125677.1|	87.613	444	48	7	1	441	346	785	1.02e-143	508	1348613
24925e23224d12f638ece7d977943ed8	gi|1116030284|ref|NR_144742.1|	87.387	444	52	4	1	441	352	794	3.65e-143	507	1805714
24925e23224d12f638ece7d977943ed8	gi|2363084132|ref|NR_180315.1|	87.416	445	50	6	1	441	323	765	3.65e-143	507	2496273
24925e23224d12f638ece7d977943ed8	gi|2363081254|ref|NR_178871.1|	87.330	442	54	2	1	441	337	777	1.31e-142	505	1792311
24925e23224d12f638ece7d977943ed8	gi|2363086270|ref|NR_181387.1|	87.330	442	55	1	1	441	302	743	1.31e-142	505	2763656
24925e23224d12f638ece7d977943ed8	gi|2363082625|ref|NR_179559.1|	87.104	442	55	2	1	441	333	773	6.11e-141	499	1871018
18269bab767bd251f4d215cfdced0f25	gi|2621112340|ref|NR_189244.1|	95.928	442	18	0	1	442	363	804	0.0	717	3046382
18269bab767bd251f4d215cfdced0f25	gi|2621112341|ref|NR_189245.1|	95.701	442	19	0	1	442	363	804	0.0	712	3046383
18269bab767bd251f4d215cfdced0f25	gi|636559633|ref|NR_115693.1|	89.013	446	40	8	1	442	442	882	2.79e-154	544	694434
18269bab767bd251f4d215cfdced0f25	gi|636559632|ref|NR_115692.1|	89.013	446	40	8	1	442	442	882	2.79e-154	544	694434
18269bab767bd251f4d215cfdced0f25	gi|636559631|ref|NR_115691.1|	89.013	446	40	8	1	442	436	876	2.79e-154	544	694434
18269bab767bd251f4d215cfdced0f25	gi|636559630|ref|NR_115690.1|	89.013	446	40	8	1	442	448	888	2.79e-154	544	694434
18269bab767bd251f4d215cfdced0f25	gi|343198739|ref|NR_043559.1|	89.013	446	40	8	1	442	447	887	2.79e-154	544	694434
18269bab767bd251f4d215cfdced0f25	gi|2363081417|ref|NR_178955.1|	86.966	445	53	5	1	442	288	730	7.92e-140	496	1851429
18269bab767bd251f4d215cfdced0f25	gi|631251702|ref|NR_112900.1|	87.025	447	49	9	1	442	341	783	7.92e-140	496	626937
18269bab767bd251f4d215cfdced0f25	gi|1116030284|ref|NR_144742.1|	86.547	446	53	7	1	442	352	794	1.72e-136	484	1805714
39f892c2113a20017075612480f89249	gi|3248465644|ref|NR_201656.1|	95.465	441	18	2	1	440	329	768	0.0	702	3417633
39f892c2113a20017075612480f89249	gi|507148077|ref|NR_102884.1|	93.864	440	27	0	1	440	331	770	0.0	664	213810
39f892c2113a20017075612480f89249	gi|3248465648|ref|NR_201660.1|	93.636	440	28	0	1	440	319	758	0.0	658	3417630
39f892c2113a20017075612480f89249	gi|444303976|ref|NR_074399.1|	93.636	440	28	0	1	440	333	772	0.0	658	697329
39f892c2113a20017075612480f89249	gi|631251834|ref|NR_113032.1|	93.636	440	28	0	1	440	333	772	0.0	658	1264
39f892c2113a20017075612480f89249	gi|636559173|ref|NR_115230.1|	93.636	440	28	0	1	440	333	772	0.0	658	697329
39f892c2113a20017075612480f89249	gi|219846339|ref|NR_025929.1|	93.636	440	28	0	1	440	328	767	0.0	658	697329
39f892c2113a20017075612480f89249	gi|636558832|ref|NR_114889.1|	93.636	440	27	1	1	440	277	715	0.0	656	213810
39f892c2113a20017075612480f89249	gi|2363082601|ref|NR_179547.1|	93.409	440	29	0	1	440	347	786	0.0	652	1870991
39f892c2113a20017075612480f89249	gi|265679047|ref|NR_029355.1|	92.955	440	31	0	1	440	332	771	0.0	641	84026
d75eb21186a63a80cffbd06a937d94ef	gi|2363082569|ref|NR_179531.1|	95.270	444	17	4	1	442	347	788	0.0	701	1852369
d75eb21186a63a80cffbd06a937d94ef	gi|2363082168|ref|NR_179330.1|	95.023	442	22	0	1	442	327	768	0.0	695	2714355
d75eb21186a63a80cffbd06a937d94ef	gi|2363082165|ref|NR_179329.1|	94.796	442	23	0	1	442	327	768	0.0	689	2714353
d75eb21186a63a80cffbd06a937d94ef	gi|1109168025|ref|NR_144611.1|	93.228	443	29	1	1	442	282	724	0.0	651	1417852
d75eb21186a63a80cffbd06a937d94ef	gi|2136551692|ref|NR_173697.1|	92.986	442	31	0	1	442	349	790	0.0	645	2108523
d75eb21186a63a80cffbd06a937d94ef	gi|3030611324|ref|NR_200000.1|	93.002	443	30	1	1	442	301	743	0.0	645	3342383
d75eb21186a63a80cffbd06a937d94ef	gi|645321110|ref|NR_118156.1|	93.034	445	25	5	1	442	304	745	0.0	645	1007096
d75eb21186a63a80cffbd06a937d94ef	gi|1269801610|ref|NR_074793.2|	92.777	443	30	2	1	442	355	796	0.0	640	351091
d75eb21186a63a80cffbd06a937d94ef	gi|343200653|ref|NR_041340.1|	92.777	443	30	2	1	442	328	769	0.0	640	351091
d75eb21186a63a80cffbd06a937d94ef	gi|2363082342|ref|NR_179418.1|	92.551	443	32	1	1	442	348	790	0.0	634	1673721
5e90b28cf7dbd207f5a55a365a923a9e	gi|1116030238|ref|NR_144696.1|	99.545	440	2	0	1	440	333	772	0.0	802	1414720
5e90b28cf7dbd207f5a55a365a923a9e	gi|219846899|ref|NR_026491.1|	99.545	440	2	0	1	440	319	758	0.0	802	84024
5e90b28cf7dbd207f5a55a365a923a9e	gi|219846557|ref|NR_026149.1|	98.636	440	6	0	1	440	325	764	0.0	780	36850
5e90b28cf7dbd207f5a55a365a923a9e	gi|219846575|ref|NR_026167.1|	98.416	442	4	2	1	440	246	686	0.0	778	36834
5e90b28cf7dbd207f5a55a365a923a9e	gi|219846422|ref|NR_026013.1|	97.955	440	9	0	1	440	333	772	0.0	763	46867
5e90b28cf7dbd207f5a55a365a923a9e	gi|2363082288|ref|NR_179391.1|	97.727	440	10	0	1	440	332	771	0.0	758	1499684
5e90b28cf7dbd207f5a55a365a923a9e	gi|631252127|ref|NR_113325.1|	97.727	440	10	0	1	440	333	772	0.0	758	1559
5e90b28cf7dbd207f5a55a365a923a9e	gi|219846898|ref|NR_026490.1|	97.727	440	10	0	1	440	320	759	0.0	758	84031
5e90b28cf7dbd207f5a55a365a923a9e	gi|310975222|ref|NR_037086.1|	97.727	440	10	0	1	440	316	755	0.0	758	1559
5e90b28cf7dbd207f5a55a365a923a9e	gi|636558671|ref|NR_114728.1|	97.727	440	10	0	1	440	287	726	0.0	758	1559
dd6824ad1420c2aa54c6024cce3a6c40	gi|343200655|ref|NR_041342.1|	98.478	460	7	0	1	460	336	795	0.0	811	823
dd6824ad1420c2aa54c6024cce3a6c40	gi|444303953|ref|NR_074376.1|	98.261	460	8	0	1	460	351	810	0.0	806	435591
dd6824ad1420c2aa54c6024cce3a6c40	gi|2363082619|ref|NR_179556.1|	93.913	460	28	0	1	460	316	775	0.0	695	1871013
dd6824ad1420c2aa54c6024cce3a6c40	gi|1811131517|ref|NR_165699.1|	93.696	460	29	0	1	460	336	795	0.0	689	2685834
dd6824ad1420c2aa54c6024cce3a6c40	gi|631251637|ref|NR_112835.1|	93.261	460	30	1	1	460	336	794	0.0	676	574930
dd6824ad1420c2aa54c6024cce3a6c40	gi|2363082715|ref|NR_179605.1|	93.043	460	32	0	1	460	316	775	0.0	673	1944636
dd6824ad1420c2aa54c6024cce3a6c40	gi|631252010|ref|NR_113208.1|	92.609	460	34	0	1	460	336	795	0.0	662	871327
dd6824ad1420c2aa54c6024cce3a6c40	gi|974142265|ref|NR_134785.1|	92.391	460	35	0	1	460	336	795	0.0	658	1217282
dd6824ad1420c2aa54c6024cce3a6c40	gi|645322411|ref|NR_119166.1|	91.739	460	38	0	1	460	319	778	0.0	641	411477
dd6824ad1420c2aa54c6024cce3a6c40	gi|2363086049|ref|NR_181277.1|	91.739	460	38	0	1	460	309	768	0.0	640	2753162
7a929e8513c8aa70e2e521570601b52a	gi|645321791|ref|NR_118675.1|	98.636	440	6	0	1	440	339	778	0.0	787	39492
7a929e8513c8aa70e2e521570601b52a	gi|1277396348|ref|NR_152059.1|	89.686	446	36	9	1	440	272	713	2.76e-159	560	1849041
7a929e8513c8aa70e2e521570601b52a	gi|2363082561|ref|NR_179527.1|	89.686	446	36	9	1	440	336	777	2.76e-159	560	1841868
7a929e8513c8aa70e2e521570601b52a	gi|343202572|ref|NR_042930.1|	89.569	441	43	3	1	440	366	804	3.57e-158	556	258515
7a929e8513c8aa70e2e521570601b52a	gi|1445136071|ref|NR_158111.1|	89.391	443	40	7	1	440	349	787	1.66e-156	551	2038680
7a929e8513c8aa70e2e521570601b52a	gi|2363082585|ref|NR_179539.1|	89.367	442	42	5	1	440	351	789	1.66e-156	551	1852384
7a929e8513c8aa70e2e521570601b52a	gi|3248465644|ref|NR_201656.1|	89.116	441	46	2	1	440	329	768	2.15e-155	547	3417633
7a929e8513c8aa70e2e521570601b52a	gi|2363082755|ref|NR_179626.1|	89.140	442	43	5	1	440	351	789	7.72e-155	545	1987501
7a929e8513c8aa70e2e521570601b52a	gi|265678854|ref|NR_029160.1|	88.864	440	49	0	1	440	293	732	9.99e-154	542	40519
7a929e8513c8aa70e2e521570601b52a	gi|1116030290|ref|NR_144748.1|	88.914	442	44	5	1	440	335	773	3.59e-153	540	2897707
0d166db515dc8598deebb76ef1f6aaaf	gi|343201773|ref|NR_042499.1|	99.565	460	2	0	1	460	294	753	0.0	839	657309
0d166db515dc8598deebb76ef1f6aaaf	gi|631251749|ref|NR_112947.1|	99.348	460	3	0	1	460	326	785	0.0	835	657309
0d166db515dc8598deebb76ef1f6aaaf	gi|2363084431|ref|NR_180463.1|	99.130	460	4	0	1	460	340	799	0.0	828	2650158
0d166db515dc8598deebb76ef1f6aaaf	gi|631251733|ref|NR_112931.1|	98.696	460	6	0	1	460	340	799	0.0	817	85831
0d166db515dc8598deebb76ef1f6aaaf	gi|265678305|ref|NR_028607.1|	98.693	459	6	0	2	460	333	791	0.0	815	85831
0d166db515dc8598deebb76ef1f6aaaf	gi|631252008|ref|NR_113206.1|	98.043	460	9	0	1	460	336	795	0.0	800	1236513
0d166db515dc8598deebb76ef1f6aaaf	gi|645322410|ref|NR_119165.1|	97.609	460	11	0	1	460	319	778	0.0	797	28116
0d166db515dc8598deebb76ef1f6aaaf	gi|631251869|ref|NR_113067.1|	97.609	460	11	0	1	460	325	784	0.0	789	1077285
0d166db515dc8598deebb76ef1f6aaaf	gi|645320100|ref|NR_117387.1|	97.609	460	11	0	1	460	320	779	0.0	789	1077285
0d166db515dc8598deebb76ef1f6aaaf	gi|343200626|ref|NR_041313.1|	97.609	460	11	0	1	460	340	799	0.0	789	338188
93f67c5e64f5964d8f5aa8013550a06a	gi|343200979|ref|NR_041666.1|	99.355	465	3	0	1	465	336	800	0.0	843	742743
93f67c5e64f5964d8f5aa8013550a06a	gi|2363082841|ref|NR_179669.1|	96.344	465	17	0	1	465	360	824	0.0	765	2161821
93f67c5e64f5964d8f5aa8013550a06a	gi|2363082109|ref|NR_179301.1|	96.344	465	17	0	1	465	344	808	0.0	765	2582419
93f67c5e64f5964d8f5aa8013550a06a	gi|343198671|ref|NR_043231.1|	95.484	465	21	0	1	465	283	747	0.0	743	308994
93f67c5e64f5964d8f5aa8013550a06a	gi|631252159|ref|NR_113357.1|	95.279	466	21	1	1	465	356	821	0.0	737	308994
93f67c5e64f5964d8f5aa8013550a06a	gi|631252158|ref|NR_113356.1|	93.562	466	27	3	1	465	355	818	0.0	691	309120
93f67c5e64f5964d8f5aa8013550a06a	gi|343198462|ref|NR_041895.1|	93.562	466	27	3	1	465	296	759	0.0	691	888062
93f67c5e64f5964d8f5aa8013550a06a	gi|343205705|ref|NR_044091.1|	91.649	467	35	4	1	465	240	704	0.0	643	423477
93f67c5e64f5964d8f5aa8013550a06a	gi|2363082157|ref|NR_179325.1|	91.453	468	34	6	1	465	300	764	0.0	638	2682456
93f67c5e64f5964d8f5aa8013550a06a	gi|343201163|ref|NR_041879.1|	91.453	468	34	6	1	465	283	747	0.0	638	39778
3a3fb7b0784afdad082dd1389345cbc1	gi|2363085169|ref|NR_180833.1|	99.318	440	3	0	1	440	337	776	0.0	797	2606635
3a3fb7b0784afdad082dd1389345cbc1	gi|310975204|ref|NR_037068.1|	97.052	441	11	2	1	440	341	780	0.0	741	29375
3a3fb7b0784afdad082dd1389345cbc1	gi|3030611230|ref|NR_199906.1|	96.818	440	14	0	1	440	354	793	0.0	736	3123317
3a3fb7b0784afdad082dd1389345cbc1	gi|3030611314|ref|NR_199990.1|	96.818	440	14	0	1	440	350	789	0.0	736	3123317
3a3fb7b0784afdad082dd1389345cbc1	gi|2836274880|ref|NR_197643.1|	96.818	440	14	0	1	440	329	768	0.0	736	2962432
3a3fb7b0784afdad082dd1389345cbc1	gi|1384992331|ref|NR_156080.1|	96.818	440	14	0	1	440	336	775	0.0	736	1469948
3a3fb7b0784afdad082dd1389345cbc1	gi|1384992328|ref|NR_156077.1|	96.818	440	14	0	1	440	336	775	0.0	736	1469948
3a3fb7b0784afdad082dd1389345cbc1	gi|559795307|ref|NR_104899.1|	96.818	440	14	0	1	440	328	767	0.0	736	384636
3a3fb7b0784afdad082dd1389345cbc1	gi|645322280|ref|NR_119068.1|	96.825	441	11	3	1	440	315	753	0.0	734	36832
3a3fb7b0784afdad082dd1389345cbc1	gi|2363082679|ref|NR_179587.1|	96.591	440	15	0	1	440	328	767	0.0	730	1926283
763de4f49f6a437d18a3c4730e6455e1	gi|631251740|ref|NR_112938.1|	99.130	460	4	0	1	460	326	785	0.0	828	204516
763de4f49f6a437d18a3c4730e6455e1	gi|343198509|ref|NR_042745.1|	99.130	460	4	0	1	460	338	797	0.0	828	204516
763de4f49f6a437d18a3c4730e6455e1	gi|343200626|ref|NR_041313.1|	94.783	460	24	0	1	460	340	799	0.0	717	338188
763de4f49f6a437d18a3c4730e6455e1	gi|636560121|ref|NR_116181.1|	94.348	460	25	1	1	460	333	791	0.0	704	28116
763de4f49f6a437d18a3c4730e6455e1	gi|631251749|ref|NR_112947.1|	94.130	460	27	0	1	460	326	785	0.0	702	657309
763de4f49f6a437d18a3c4730e6455e1	gi|1491509587|ref|NR_159118.1|	94.130	460	27	0	1	460	310	769	0.0	701	28116
763de4f49f6a437d18a3c4730e6455e1	gi|1491509586|ref|NR_159117.1|	94.130	460	27	0	1	460	301	760	0.0	701	28116
763de4f49f6a437d18a3c4730e6455e1	gi|2363084431|ref|NR_180463.1|	94.130	460	27	0	1	460	340	799	0.0	701	2650158
763de4f49f6a437d18a3c4730e6455e1	gi|2363084421|ref|NR_180458.1|	94.130	460	27	0	1	460	340	799	0.0	701	2650157
763de4f49f6a437d18a3c4730e6455e1	gi|631251742|ref|NR_112940.1|	94.130	460	27	0	1	460	327	786	0.0	701	28116
27abe893561c96a3c5ce9fc3e9ec2737	gi|343200656|ref|NR_041343.1|	99.565	460	2	0	1	460	340	799	0.0	839	46503
27abe893561c96a3c5ce9fc3e9ec2737	gi|645322411|ref|NR_119166.1|	99.348	460	3	0	1	460	319	778	0.0	835	411477
27abe893561c96a3c5ce9fc3e9ec2737	gi|343200777|ref|NR_041464.1|	97.609	460	11	0	1	460	340	799	0.0	789	387661
27abe893561c96a3c5ce9fc3e9ec2737	gi|2363083816|ref|NR_180156.1|	96.739	460	15	0	1	460	291	750	0.0	767	2290935
27abe893561c96a3c5ce9fc3e9ec2737	gi|2363086049|ref|NR_181277.1|	96.304	460	17	0	1	460	309	768	0.0	756	2753162
27abe893561c96a3c5ce9fc3e9ec2737	gi|631251878|ref|NR_113076.1|	96.095	461	16	2	1	460	324	783	0.0	750	927665
27abe893561c96a3c5ce9fc3e9ec2737	gi|343202832|ref|NR_043317.1|	96.095	461	16	2	1	460	284	743	0.0	750	328812
27abe893561c96a3c5ce9fc3e9ec2737	gi|1811131517|ref|NR_165699.1|	95.652	460	20	0	1	460	336	795	0.0	739	2685834
27abe893561c96a3c5ce9fc3e9ec2737	gi|2363082715|ref|NR_179605.1|	95.662	461	18	2	1	460	316	775	0.0	739	1944636
27abe893561c96a3c5ce9fc3e9ec2737	gi|2363082619|ref|NR_179556.1|	95.435	460	21	0	1	460	316	775	0.0	734	1871013
3d60eb3e92234add64997ba158583ee3	gi|444303953|ref|NR_074376.1|	99.348	460	3	0	1	460	351	810	0.0	833	435591
3d60eb3e92234add64997ba158583ee3	gi|343200655|ref|NR_041342.1|	98.478	460	7	0	1	460	336	795	0.0	811	823
3d60eb3e92234add64997ba158583ee3	gi|1811131517|ref|NR_165699.1|	93.696	460	29	0	1	460	336	795	0.0	689	2685834
3d60eb3e92234add64997ba158583ee3	gi|2363082619|ref|NR_179556.1|	93.478	460	30	0	1	460	316	775	0.0	684	1871013
3d60eb3e92234add64997ba158583ee3	gi|631251637|ref|NR_112835.1|	92.826	460	32	1	1	460	336	794	0.0	665	574930
3d60eb3e92234add64997ba158583ee3	gi|2363082715|ref|NR_179605.1|	92.609	460	34	0	1	460	316	775	0.0	662	1944636
3d60eb3e92234add64997ba158583ee3	gi|2363086049|ref|NR_181277.1|	92.391	460	35	0	1	460	309	768	0.0	656	2753162
3d60eb3e92234add64997ba158583ee3	gi|974142265|ref|NR_134785.1|	92.391	460	35	0	1	460	336	795	0.0	656	1217282
3d60eb3e92234add64997ba158583ee3	gi|631252010|ref|NR_113208.1|	92.174	460	36	0	1	460	336	795	0.0	651	871327
3d60eb3e92234add64997ba158583ee3	gi|343200777|ref|NR_041464.1|	92.174	460	36	0	1	460	340	799	0.0	651	387661
88ee8c533ce0ed94c156bb5a0eda2f08	gi|444304111|ref|NR_074535.1|	98.693	459	6	0	1	459	334	792	0.0	815	28118
88ee8c533ce0ed94c156bb5a0eda2f08	gi|631251877|ref|NR_113075.1|	98.693	459	6	0	1	459	334	792	0.0	815	28118
88ee8c533ce0ed94c156bb5a0eda2f08	gi|343206056|ref|NR_044636.1|	97.386	459	12	0	1	459	342	800	0.0	787	28118
88ee8c533ce0ed94c156bb5a0eda2f08	gi|631251876|ref|NR_113074.1|	90.260	462	39	5	1	459	335	793	6.11e-171	599	742817
88ee8c533ce0ed94c156bb5a0eda2f08	gi|631251699|ref|NR_112897.1|	90.260	462	39	5	1	459	315	773	6.11e-171	599	742817
88ee8c533ce0ed94c156bb5a0eda2f08	gi|1953646717|ref|NR_171512.1|	86.609	463	55	7	1	459	313	772	1.37e-142	505	2162893
88ee8c533ce0ed94c156bb5a0eda2f08	gi|959494837|ref|NR_133715.1|	86.638	464	53	8	1	459	280	739	1.37e-142	505	1416875
88ee8c533ce0ed94c156bb5a0eda2f08	gi|559795096|ref|NR_104682.1|	86.422	464	54	8	1	459	315	774	6.37e-141	499	1168289
88ee8c533ce0ed94c156bb5a0eda2f08	gi|1341394029|ref|NR_153701.1|	86.207	464	55	8	1	459	299	758	2.97e-139	494	1740245
88ee8c533ce0ed94c156bb5a0eda2f08	gi|265678658|ref|NR_028963.1|	86.022	465	55	9	1	459	327	787	3.84e-138	490	886379
1f2c2e26db0634e4d7dce632dd9c68fc	gi|559795255|ref|NR_104846.1|	96.136	440	17	0	1	440	288	727	0.0	719	745368
1f2c2e26db0634e4d7dce632dd9c68fc	gi|265678692|ref|NR_028997.1|	95.238	441	20	1	1	440	303	743	0.0	697	214851
1f2c2e26db0634e4d7dce632dd9c68fc	gi|3030611269|ref|NR_199945.1|	94.318	440	25	0	1	440	335	774	0.0	675	3435293
1f2c2e26db0634e4d7dce632dd9c68fc	gi|265678656|ref|NR_028961.1|	93.864	440	27	0	1	440	327	766	0.0	664	853
1f2c2e26db0634e4d7dce632dd9c68fc	gi|2363081451|ref|NR_178972.1|	93.636	440	28	0	1	440	285	724	0.0	658	1851428
1f2c2e26db0634e4d7dce632dd9c68fc	gi|2363080123|ref|NR_178280.1|	93.636	440	28	0	1	440	331	770	0.0	658	411483
1f2c2e26db0634e4d7dce632dd9c68fc	gi|2363081449|ref|NR_178971.1|	93.636	440	27	1	1	440	285	723	0.0	656	1851427
1f2c2e26db0634e4d7dce632dd9c68fc	gi|2363082356|ref|NR_179425.1|	93.182	440	30	0	1	440	351	790	0.0	647	1689304
1f2c2e26db0634e4d7dce632dd9c68fc	gi|1397641802|ref|NR_156911.1|	92.955	440	31	0	1	440	351	790	0.0	641	1650663
1f2c2e26db0634e4d7dce632dd9c68fc	gi|2363082282|ref|NR_179388.1|	92.971	441	29	2	1	440	335	774	0.0	641	2935520
984983c137a5e2fbc5741e879b182f6b	gi|3030611230|ref|NR_199906.1|	97.727	440	10	0	1	440	354	793	0.0	758	3123317
984983c137a5e2fbc5741e879b182f6b	gi|3030611314|ref|NR_199990.1|	97.727	440	10	0	1	440	350	789	0.0	758	3123317
984983c137a5e2fbc5741e879b182f6b	gi|1384992331|ref|NR_156080.1|	97.727	440	10	0	1	440	336	775	0.0	758	1469948
984983c137a5e2fbc5741e879b182f6b	gi|1384992328|ref|NR_156077.1|	97.727	440	10	0	1	440	336	775	0.0	758	1469948
984983c137a5e2fbc5741e879b182f6b	gi|1384992332|ref|NR_156081.1|	97.500	440	11	0	1	440	336	775	0.0	752	1469948
984983c137a5e2fbc5741e879b182f6b	gi|1384992329|ref|NR_156078.1|	97.500	440	11	0	1	440	336	775	0.0	752	1469948
984983c137a5e2fbc5741e879b182f6b	gi|343201474|ref|NR_042200.1|	96.818	440	14	0	1	440	318	757	0.0	736	333367
984983c137a5e2fbc5741e879b182f6b	gi|1193829153|ref|NR_147396.1|	96.599	441	13	2	1	440	328	767	0.0	730	1917870
984983c137a5e2fbc5741e879b182f6b	gi|974142252|ref|NR_134772.1|	96.591	440	15	0	1	440	297	736	0.0	730	1337051
984983c137a5e2fbc5741e879b182f6b	gi|343205837|ref|NR_044289.1|	96.591	440	15	0	1	440	328	767	0.0	730	460384
6f06f8af93fed5777ddc34f67233977d	gi|507148137|ref|NR_102944.1|	99.565	460	2	0	1	460	334	793	0.0	839	214856
6f06f8af93fed5777ddc34f67233977d	gi|343198609|ref|NR_043064.1|	99.565	460	2	0	1	460	314	773	0.0	839	214856
6f06f8af93fed5777ddc34f67233977d	gi|631251952|ref|NR_113150.1|	99.348	460	3	0	1	460	334	793	0.0	833	214856
6f06f8af93fed5777ddc34f67233977d	gi|636559243|ref|NR_115300.1|	99.130	460	4	0	1	460	314	773	0.0	828	679935
6f06f8af93fed5777ddc34f67233977d	gi|631251955|ref|NR_113153.1|	98.261	460	8	0	1	460	334	793	0.0	806	328814
6f06f8af93fed5777ddc34f67233977d	gi|343202834|ref|NR_043319.1|	98.043	460	9	0	1	460	323	782	0.0	802	717959
6f06f8af93fed5777ddc34f67233977d	gi|507148054|ref|NR_102861.1|	98.043	460	9	0	1	460	334	793	0.0	800	717959
6f06f8af93fed5777ddc34f67233977d	gi|631251953|ref|NR_113151.1|	96.957	460	14	0	1	460	338	797	0.0	773	328813
6f06f8af93fed5777ddc34f67233977d	gi|343202833|ref|NR_043318.1|	96.957	460	14	0	1	460	324	783	0.0	773	328813
6f06f8af93fed5777ddc34f67233977d	gi|672239000|ref|NR_125589.1|	96.739	460	15	0	1	460	269	728	0.0	767	1033731
e5161ecc813cd6d28b3a4036e07494a6	gi|559795314|ref|NR_104907.1|	98.639	441	6	0	1	441	315	755	0.0	782	290054
e5161ecc813cd6d28b3a4036e07494a6	gi|2136551683|ref|NR_173688.1|	91.837	441	35	1	1	441	321	760	2.09e-175	614	2780922
e5161ecc813cd6d28b3a4036e07494a6	gi|1864207164|ref|NR_169458.1|	91.383	441	37	1	1	441	345	784	4.53e-172	603	2164149
e5161ecc813cd6d28b3a4036e07494a6	gi|507148077|ref|NR_102884.1|	91.176	442	36	3	1	441	331	770	2.11e-170	597	213810
e5161ecc813cd6d28b3a4036e07494a6	gi|636558832|ref|NR_114889.1|	90.498	442	38	4	1	441	277	715	2.12e-165	580	213810
e5161ecc813cd6d28b3a4036e07494a6	gi|219846341|ref|NR_025931.1|	90.045	442	41	3	1	441	308	747	4.59e-162	569	1265
e5161ecc813cd6d28b3a4036e07494a6	gi|3248465648|ref|NR_201660.1|	89.342	441	46	1	1	441	319	758	4.62e-157	553	3417630
e5161ecc813cd6d28b3a4036e07494a6	gi|444303976|ref|NR_074399.1|	89.342	441	46	1	1	441	333	772	4.62e-157	553	697329
e5161ecc813cd6d28b3a4036e07494a6	gi|631251834|ref|NR_113032.1|	89.342	441	46	1	1	441	333	772	4.62e-157	553	1264
e5161ecc813cd6d28b3a4036e07494a6	gi|636559173|ref|NR_115230.1|	89.342	441	46	1	1	441	333	772	4.62e-157	553	697329
adc3f3469fde9b667147e788ef0ecd2d	gi|343200190|ref|NR_040877.1|	98.696	460	6	0	1	460	341	800	0.0	819	537011
adc3f3469fde9b667147e788ef0ecd2d	gi|631252213|ref|NR_113411.1|	98.696	460	6	0	1	460	341	800	0.0	817	537011
adc3f3469fde9b667147e788ef0ecd2d	gi|2363084409|ref|NR_180452.1|	96.957	460	14	0	1	460	321	780	0.0	773	2518605
adc3f3469fde9b667147e788ef0ecd2d	gi|2221405403|ref|NR_175509.1|	93.059	461	30	2	1	460	341	800	0.0	673	2608404
adc3f3469fde9b667147e788ef0ecd2d	gi|631253107|ref|NR_114305.1|	93.059	461	30	2	1	460	341	800	0.0	673	1236518
adc3f3469fde9b667147e788ef0ecd2d	gi|631251907|ref|NR_113105.1|	93.059	461	30	2	1	460	329	788	0.0	673	470565
adc3f3469fde9b667147e788ef0ecd2d	gi|631251894|ref|NR_113092.1|	93.059	461	30	2	1	460	329	788	0.0	673	77768
adc3f3469fde9b667147e788ef0ecd2d	gi|636560666|ref|NR_116726.1|	93.059	461	30	2	1	460	321	780	0.0	673	1236518
adc3f3469fde9b667147e788ef0ecd2d	gi|343199048|ref|NR_044407.1|	93.059	461	30	2	1	460	321	780	0.0	673	470565
adc3f3469fde9b667147e788ef0ecd2d	gi|219878161|ref|NR_025300.1|	93.059	461	30	2	1	460	341	800	0.0	673	77768
3386a9b5dccad6bd30d0c28ac06ca969	gi|2363082569|ref|NR_179531.1|	98.869	442	5	0	1	442	347	788	0.0	789	1852369
3386a9b5dccad6bd30d0c28ac06ca969	gi|1269801610|ref|NR_074793.2|	94.118	442	26	0	1	442	355	796	0.0	673	351091
3386a9b5dccad6bd30d0c28ac06ca969	gi|343200653|ref|NR_041340.1|	94.118	442	26	0	1	442	328	769	0.0	673	351091
3386a9b5dccad6bd30d0c28ac06ca969	gi|2260349448|ref|NR_176530.1|	93.891	442	27	0	1	442	358	799	0.0	667	2093857
3386a9b5dccad6bd30d0c28ac06ca969	gi|2363082559|ref|NR_179526.1|	93.891	442	27	0	1	442	349	790	0.0	667	1841866
3386a9b5dccad6bd30d0c28ac06ca969	gi|645321110|ref|NR_118156.1|	93.665	442	28	0	1	442	304	745	0.0	662	1007096
3386a9b5dccad6bd30d0c28ac06ca969	gi|2962412234|ref|NR_199428.1|	92.986	442	31	0	1	442	352	793	0.0	645	3073143
3386a9b5dccad6bd30d0c28ac06ca969	gi|2363082170|ref|NR_179331.1|	92.777	443	31	1	1	442	328	770	0.0	640	2714358
3386a9b5dccad6bd30d0c28ac06ca969	gi|2363082168|ref|NR_179330.1|	92.568	444	29	4	1	442	327	768	0.0	634	2714355
3386a9b5dccad6bd30d0c28ac06ca969	gi|2363087001|ref|NR_181757.1|	92.342	444	30	4	1	442	289	730	7.49e-180	628	2841504
9b3350507bbc4ee86ab3b5f5bbb4cf75	gi|672238876|ref|NR_125464.1|	88.514	444	46	5	1	441	325	766	6.02e-151	532	1297424
9b3350507bbc4ee86ab3b5f5bbb4cf75	gi|2363084629|ref|NR_180563.1|	88.288	444	47	5	1	441	291	732	2.80e-149	527	2488810
9b3350507bbc4ee86ab3b5f5bbb4cf75	gi|645319803|ref|NR_117165.1|	88.063	444	48	5	1	441	476	917	1.30e-147	521	48256
9b3350507bbc4ee86ab3b5f5bbb4cf75	gi|645319802|ref|NR_117164.1|	88.063	444	48	5	1	441	476	917	1.30e-147	521	48256
9b3350507bbc4ee86ab3b5f5bbb4cf75	gi|645319800|ref|NR_117163.1|	88.063	444	48	5	1	441	445	886	1.30e-147	521	48256
9b3350507bbc4ee86ab3b5f5bbb4cf75	gi|645319799|ref|NR_117162.1|	88.063	444	48	5	1	441	472	913	1.30e-147	521	48256
9b3350507bbc4ee86ab3b5f5bbb4cf75	gi|219846512|ref|NR_026104.1|	87.892	446	46	8	1	441	312	754	1.69e-146	518	1121303
9b3350507bbc4ee86ab3b5f5bbb4cf75	gi|343200810|ref|NR_041497.1|	87.865	445	48	6	1	441	293	735	1.69e-146	518	396504
9b3350507bbc4ee86ab3b5f5bbb4cf75	gi|219846510|ref|NR_026102.1|	87.838	444	49	5	1	441	313	754	6.07e-146	516	588581
9b3350507bbc4ee86ab3b5f5bbb4cf75	gi|3030611263|ref|NR_199939.1|	87.810	443	49	5	1	441	332	771	2.18e-145	514	3074434
9cfe9965007cd05770606890794816fb	gi|2363082165|ref|NR_179329.1|	98.869	442	5	0	1	442	327	768	0.0	789	2714353
9cfe9965007cd05770606890794816fb	gi|2363082168|ref|NR_179330.1|	98.643	442	6	0	1	442	327	768	0.0	784	2714355
9cfe9965007cd05770606890794816fb	gi|645321110|ref|NR_118156.1|	94.131	443	24	2	1	442	304	745	0.0	673	1007096
9cfe9965007cd05770606890794816fb	gi|2962412234|ref|NR_199428.1|	93.905	443	25	2	1	442	352	793	0.0	667	3073143
9cfe9965007cd05770606890794816fb	gi|1269801610|ref|NR_074793.2|	93.679	443	26	2	1	442	355	796	0.0	662	351091
9cfe9965007cd05770606890794816fb	gi|343200653|ref|NR_041340.1|	93.679	443	26	2	1	442	328	769	0.0	662	351091
9cfe9965007cd05770606890794816fb	gi|2363087001|ref|NR_181757.1|	93.483	445	23	6	1	442	289	730	0.0	656	2841504
9cfe9965007cd05770606890794816fb	gi|2260349448|ref|NR_176530.1|	93.002	443	29	2	1	442	358	799	0.0	645	2093857
9cfe9965007cd05770606890794816fb	gi|2363082559|ref|NR_179526.1|	93.002	443	29	2	1	442	349	790	0.0	645	1841866
9cfe9965007cd05770606890794816fb	gi|2363082170|ref|NR_179331.1|	93.002	443	30	1	1	442	328	770	0.0	645	2714358
d12fe7a05bb0eadc2d96365fb25029ce	gi|631251955|ref|NR_113153.1|	99.130	460	4	0	1	460	334	793	0.0	828	328814
d12fe7a05bb0eadc2d96365fb25029ce	gi|343202834|ref|NR_043319.1|	98.913	460	5	0	1	460	323	782	0.0	824	717959
d12fe7a05bb0eadc2d96365fb25029ce	gi|507148054|ref|NR_102861.1|	98.913	460	5	0	1	460	334	793	0.0	822	717959
d12fe7a05bb0eadc2d96365fb25029ce	gi|507148137|ref|NR_102944.1|	97.826	460	10	0	1	460	334	793	0.0	795	214856
d12fe7a05bb0eadc2d96365fb25029ce	gi|343198609|ref|NR_043064.1|	97.826	460	10	0	1	460	314	773	0.0	795	214856
d12fe7a05bb0eadc2d96365fb25029ce	gi|631251952|ref|NR_113150.1|	97.609	460	11	0	1	460	334	793	0.0	789	214856
d12fe7a05bb0eadc2d96365fb25029ce	gi|636559243|ref|NR_115300.1|	97.391	460	12	0	1	460	314	773	0.0	784	679935
d12fe7a05bb0eadc2d96365fb25029ce	gi|2363086959|ref|NR_181736.1|	97.174	460	13	0	1	460	334	793	0.0	778	2834113
d12fe7a05bb0eadc2d96365fb25029ce	gi|645321193|ref|NR_118219.1|	96.739	460	15	0	1	460	332	791	0.0	767	1033732
d12fe7a05bb0eadc2d96365fb25029ce	gi|2363082505|ref|NR_179499.1|	96.522	460	16	0	1	460	342	801	0.0	761	2364787
52df0254c3736a8214b1a620e50798a2	gi|631251734|ref|NR_112932.1|	99.348	460	3	0	1	460	328	787	0.0	833	47678
52df0254c3736a8214b1a620e50798a2	gi|219846650|ref|NR_026242.1|	99.348	460	3	0	1	460	318	777	0.0	833	47678
52df0254c3736a8214b1a620e50798a2	gi|631251869|ref|NR_113067.1|	97.609	460	11	0	1	460	325	784	0.0	789	1077285
52df0254c3736a8214b1a620e50798a2	gi|343200626|ref|NR_041313.1|	97.609	460	11	0	1	460	340	799	0.0	789	338188
52df0254c3736a8214b1a620e50798a2	gi|645320100|ref|NR_117387.1|	97.391	460	12	0	1	460	320	779	0.0	784	1077285
52df0254c3736a8214b1a620e50798a2	gi|2363084421|ref|NR_180458.1|	97.174	460	13	0	1	460	340	799	0.0	778	2650157
52df0254c3736a8214b1a620e50798a2	gi|343200620|ref|NR_041307.1|	97.174	460	13	0	1	460	334	793	0.0	778	329854
52df0254c3736a8214b1a620e50798a2	gi|631251749|ref|NR_112947.1|	96.957	460	14	0	1	460	326	785	0.0	774	657309
52df0254c3736a8214b1a620e50798a2	gi|2363084431|ref|NR_180463.1|	96.957	460	14	0	1	460	340	799	0.0	773	2650158
52df0254c3736a8214b1a620e50798a2	gi|631251733|ref|NR_112931.1|	96.957	460	14	0	1	460	340	799	0.0	773	85831
0f8119b2dc86f110e35d8399c4e45ffd	gi|1109168025|ref|NR_144611.1|	93.002	443	31	0	1	443	282	724	0.0	647	1417852
0f8119b2dc86f110e35d8399c4e45ffd	gi|2363082168|ref|NR_179330.1|	93.018	444	28	3	1	443	327	768	0.0	645	2714355
0f8119b2dc86f110e35d8399c4e45ffd	gi|2363082165|ref|NR_179329.1|	92.793	444	29	3	1	443	327	768	0.0	640	2714353
0f8119b2dc86f110e35d8399c4e45ffd	gi|343206380|ref|NR_044972.1|	92.342	444	32	2	1	443	331	773	0.0	634	44749
0f8119b2dc86f110e35d8399c4e45ffd	gi|3030611324|ref|NR_200000.1|	91.667	444	35	2	1	443	301	743	2.10e-175	614	3342383
0f8119b2dc86f110e35d8399c4e45ffd	gi|2363082342|ref|NR_179418.1|	91.667	444	35	2	1	443	348	790	2.10e-175	614	1673721
0f8119b2dc86f110e35d8399c4e45ffd	gi|219857437|ref|NR_025025.1|	91.441	444	34	4	1	443	332	772	7.56e-175	612	100176
0f8119b2dc86f110e35d8399c4e45ffd	gi|2363082352|ref|NR_179423.1|	91.480	446	32	6	1	443	349	791	9.78e-174	608	1689270
0f8119b2dc86f110e35d8399c4e45ffd	gi|645321636|ref|NR_118554.1|	91.461	445	34	4	1	443	329	771	9.78e-174	608	1297617
0f8119b2dc86f110e35d8399c4e45ffd	gi|2363083800|ref|NR_180148.1|	90.991	444	38	2	1	443	349	791	2.12e-170	597	2211183
8f0114782f0ac045fcb264e3f3cabec7	gi|2363082569|ref|NR_179531.1|	94.820	444	19	4	1	442	347	788	0.0	689	1852369
8f0114782f0ac045fcb264e3f3cabec7	gi|2363082168|ref|NR_179330.1|	94.570	442	24	0	1	442	327	768	0.0	684	2714355
8f0114782f0ac045fcb264e3f3cabec7	gi|2363082165|ref|NR_179329.1|	94.344	442	25	0	1	442	327	768	0.0	678	2714353
8f0114782f0ac045fcb264e3f3cabec7	gi|1109168025|ref|NR_144611.1|	92.777	443	31	1	1	442	282	724	0.0	640	1417852
8f0114782f0ac045fcb264e3f3cabec7	gi|2136551692|ref|NR_173697.1|	92.534	442	33	0	1	442	349	790	0.0	634	2108523
8f0114782f0ac045fcb264e3f3cabec7	gi|3030611324|ref|NR_200000.1|	92.551	443	32	1	1	442	301	743	0.0	634	3342383
8f0114782f0ac045fcb264e3f3cabec7	gi|645321110|ref|NR_118156.1|	92.584	445	27	5	1	442	304	745	0.0	634	1007096
8f0114782f0ac045fcb264e3f3cabec7	gi|1269801610|ref|NR_074793.2|	92.325	443	32	2	1	442	355	796	7.49e-180	628	351091
8f0114782f0ac045fcb264e3f3cabec7	gi|343200653|ref|NR_041340.1|	92.325	443	32	2	1	442	328	769	7.49e-180	628	351091
8f0114782f0ac045fcb264e3f3cabec7	gi|2363082342|ref|NR_179418.1|	92.099	443	34	1	1	442	348	790	3.48e-178	623	1673721
ed25db509883fbc941a8552e2abe063c	gi|2363084629|ref|NR_180563.1|	88.235	442	51	1	1	441	291	732	2.80e-149	527	2488810
ed25db509883fbc941a8552e2abe063c	gi|672238876|ref|NR_125464.1|	88.009	442	52	1	1	441	325	766	1.30e-147	521	1297424
ed25db509883fbc941a8552e2abe063c	gi|645319803|ref|NR_117165.1|	87.783	442	53	1	1	441	476	917	6.07e-146	516	48256
ed25db509883fbc941a8552e2abe063c	gi|645319802|ref|NR_117164.1|	87.783	442	53	1	1	441	476	917	6.07e-146	516	48256
ed25db509883fbc941a8552e2abe063c	gi|645319800|ref|NR_117163.1|	87.783	442	53	1	1	441	445	886	6.07e-146	516	48256
ed25db509883fbc941a8552e2abe063c	gi|645319799|ref|NR_117162.1|	87.783	442	53	1	1	441	472	913	6.07e-146	516	48256
ed25db509883fbc941a8552e2abe063c	gi|343200810|ref|NR_041497.1|	87.585	443	53	1	1	441	293	735	7.85e-145	512	396504
ed25db509883fbc941a8552e2abe063c	gi|219846510|ref|NR_026102.1|	87.585	443	52	3	1	441	313	754	2.82e-144	510	588581
ed25db509883fbc941a8552e2abe063c	gi|785794309|ref|NG_041947.1|	87.359	443	54	1	1	441	469	911	3.65e-143	507	394503
ed25db509883fbc941a8552e2abe063c	gi|785497611|ref|NR_102768.2|	87.359	443	54	1	1	441	330	772	3.65e-143	507	1521
890e7e2fec17b05860666b024c3b7605	gi|2363080123|ref|NR_178280.1|	99.773	440	1	0	1	440	331	770	0.0	808	411483
890e7e2fec17b05860666b024c3b7605	gi|2363081449|ref|NR_178971.1|	99.318	440	2	1	1	440	285	723	0.0	795	1851427
890e7e2fec17b05860666b024c3b7605	gi|265678656|ref|NR_028961.1|	99.091	440	4	0	1	440	327	766	0.0	791	853
890e7e2fec17b05860666b024c3b7605	gi|2363081451|ref|NR_178972.1|	98.864	440	5	0	1	440	285	724	0.0	785	1851428
890e7e2fec17b05860666b024c3b7605	gi|3030611269|ref|NR_199945.1|	98.636	440	6	0	1	440	335	774	0.0	780	3435293
890e7e2fec17b05860666b024c3b7605	gi|2363082282|ref|NR_179388.1|	98.186	441	6	2	1	440	335	774	0.0	769	2935520
890e7e2fec17b05860666b024c3b7605	gi|2363080175|ref|NR_178311.1|	97.500	440	11	0	1	440	412	851	0.0	752	2903556
890e7e2fec17b05860666b024c3b7605	gi|2363084747|ref|NR_180622.1|	93.424	441	27	2	1	440	335	774	0.0	652	2779354
890e7e2fec17b05860666b024c3b7605	gi|559795255|ref|NR_104846.1|	93.182	440	30	0	1	440	288	727	0.0	647	745368
890e7e2fec17b05860666b024c3b7605	gi|1277396189|ref|NR_151900.1|	92.727	440	32	0	1	440	351	790	0.0	636	1550024
435943a4e3486d400e2695c2b884b706	gi|2363084629|ref|NR_180563.1|	88.009	442	52	1	1	441	291	732	1.30e-147	521	2488810
435943a4e3486d400e2695c2b884b706	gi|672238876|ref|NR_125464.1|	87.783	442	53	1	1	441	325	766	6.07e-146	516	1297424
435943a4e3486d400e2695c2b884b706	gi|645319803|ref|NR_117165.1|	87.557	442	54	1	1	441	476	917	2.82e-144	510	48256
435943a4e3486d400e2695c2b884b706	gi|645319802|ref|NR_117164.1|	87.557	442	54	1	1	441	476	917	2.82e-144	510	48256
435943a4e3486d400e2695c2b884b706	gi|645319800|ref|NR_117163.1|	87.557	442	54	1	1	441	445	886	2.82e-144	510	48256
435943a4e3486d400e2695c2b884b706	gi|645319799|ref|NR_117162.1|	87.557	442	54	1	1	441	472	913	2.82e-144	510	48256
435943a4e3486d400e2695c2b884b706	gi|343200810|ref|NR_041497.1|	87.359	443	54	1	1	441	293	735	3.65e-143	507	396504
435943a4e3486d400e2695c2b884b706	gi|219846510|ref|NR_026102.1|	87.359	443	53	3	1	441	313	754	1.31e-142	505	588581
435943a4e3486d400e2695c2b884b706	gi|785794309|ref|NG_041947.1|	87.133	443	55	1	1	441	469	911	1.70e-141	501	394503
435943a4e3486d400e2695c2b884b706	gi|785497611|ref|NR_102768.2|	87.133	443	55	1	1	441	330	772	1.70e-141	501	1521
0c85e80a74baf431a29a528bebe059e7	gi|444439494|ref|NR_074809.1|	99.546	441	2	0	1	441	350	790	0.0	804	585394
0c85e80a74baf431a29a528bebe059e7	gi|343201282|ref|NR_042008.1|	99.320	441	2	1	1	441	341	780	0.0	797	585394
0c85e80a74baf431a29a528bebe059e7	gi|645320588|ref|NR_117758.1|	99.095	442	3	1	1	441	322	763	0.0	793	166486
0c85e80a74baf431a29a528bebe059e7	gi|228716944|ref|NR_027557.1|	99.095	442	3	1	1	441	343	784	0.0	793	536231
0c85e80a74baf431a29a528bebe059e7	gi|343198540|ref|NR_042832.1|	98.639	441	6	0	1	441	330	770	0.0	782	301302
0c85e80a74baf431a29a528bebe059e7	gi|1227086116|ref|NR_148619.1|	97.964	442	8	1	1	441	301	742	0.0	765	1712665
0c85e80a74baf431a29a528bebe059e7	gi|2363085153|ref|NR_180825.1|	97.506	441	11	0	1	441	347	787	0.0	754	2605790
0c85e80a74baf431a29a528bebe059e7	gi|444304209|ref|NR_074634.1|	97.506	441	10	1	1	441	350	789	0.0	752	515619
0c85e80a74baf431a29a528bebe059e7	gi|343201281|ref|NR_042007.1|	97.297	444	7	5	1	441	343	784	0.0	749	622312
0c85e80a74baf431a29a528bebe059e7	gi|2363086282|ref|NR_181393.1|	97.279	441	11	1	1	441	290	729	0.0	747	2763664
b1ea5b96f00aee6e2fad9fe8e66478d5	gi|265678882|ref|NR_029188.1|	96.559	465	16	0	1	465	324	788	0.0	771	847
b1ea5b96f00aee6e2fad9fe8e66478d5	gi|645320956|ref|NR_118039.1|	96.352	466	16	1	1	465	329	794	0.0	765	1064516
b1ea5b96f00aee6e2fad9fe8e66478d5	gi|2363084822|ref|NR_180659.1|	96.129	465	18	0	1	465	312	776	0.0	760	2590999
b1ea5b96f00aee6e2fad9fe8e66478d5	gi|848212610|ref|NR_132302.1|	96.129	465	18	0	1	465	280	744	0.0	760	631222
b1ea5b96f00aee6e2fad9fe8e66478d5	gi|645320959|ref|NR_118041.1|	95.914	465	19	0	1	465	329	793	0.0	756	1064518
b1ea5b96f00aee6e2fad9fe8e66478d5	gi|631252944|ref|NR_114142.1|	95.914	465	19	0	1	465	310	774	0.0	754	964
b1ea5b96f00aee6e2fad9fe8e66478d5	gi|559795170|ref|NR_104759.1|	95.914	465	19	0	1	465	325	789	0.0	754	933080
b1ea5b96f00aee6e2fad9fe8e66478d5	gi|636558663|ref|NR_114720.1|	95.914	465	19	0	1	465	294	758	0.0	754	964
b1ea5b96f00aee6e2fad9fe8e66478d5	gi|265679021|ref|NR_029329.1|	95.914	465	19	0	1	465	330	794	0.0	754	964
b1ea5b96f00aee6e2fad9fe8e66478d5	gi|1679775940|ref|NR_163661.1|	95.699	465	20	0	1	465	279	743	0.0	749	2014887
5f3032986c5d924d4418a67606027ebb	gi|444304012|ref|NR_074436.1|	98.879	446	5	0	1	446	321	766	0.0	797	239935
5f3032986c5d924d4418a67606027ebb	gi|343202494|ref|NR_042817.1|	98.879	446	5	0	1	446	301	746	0.0	797	349741
5f3032986c5d924d4418a67606027ebb	gi|1315204026|ref|NR_152695.1|	91.091	449	36	3	1	446	300	747	1.27e-172	604	1679444
5f3032986c5d924d4418a67606027ebb	gi|343200983|ref|NR_041670.1|	84.549	466	51	7	1	446	298	762	2.94e-124	444	490092
5f3032986c5d924d4418a67606027ebb	gi|2260349445|ref|NR_176527.1|	84.301	465	52	7	1	446	318	780	1.77e-121	435	2576071
5f3032986c5d924d4418a67606027ebb	gi|219846674|ref|NR_026266.1|	84.120	466	52	8	1	446	304	767	1.77e-121	435	240016
5f3032986c5d924d4418a67606027ebb	gi|343200984|ref|NR_041671.1|	84.154	467	51	11	1	446	320	784	2.29e-120	431	490093
5f3032986c5d924d4418a67606027ebb	gi|343200937|ref|NR_041624.1|	83.974	468	50	11	1	446	321	785	1.06e-118	425	454151
5f3032986c5d924d4418a67606027ebb	gi|343200987|ref|NR_041674.1|	83.726	467	53	11	1	446	319	783	4.95e-117	420	490096
5f3032986c5d924d4418a67606027ebb	gi|343200921|ref|NR_041608.1|	83.298	467	54	10	1	446	314	777	1.07e-113	409	445931
80865218b2ce4759ee345c381a2f612a	gi|2363082569|ref|NR_179531.1|	94.595	444	20	4	1	442	347	788	0.0	684	1852369
80865218b2ce4759ee345c381a2f612a	gi|2363082168|ref|NR_179330.1|	94.344	442	25	0	1	442	327	768	0.0	678	2714355
80865218b2ce4759ee345c381a2f612a	gi|2363082165|ref|NR_179329.1|	94.118	442	26	0	1	442	327	768	0.0	673	2714353
80865218b2ce4759ee345c381a2f612a	gi|2363082342|ref|NR_179418.1|	93.679	443	27	1	1	442	348	790	0.0	662	1673721
80865218b2ce4759ee345c381a2f612a	gi|645321110|ref|NR_118156.1|	92.360	445	28	5	1	442	304	745	7.49e-180	628	1007096
80865218b2ce4759ee345c381a2f612a	gi|1269801610|ref|NR_074793.2|	92.099	443	33	2	1	442	355	796	3.48e-178	623	351091
80865218b2ce4759ee345c381a2f612a	gi|343200653|ref|NR_041340.1|	92.099	443	33	2	1	442	328	769	3.48e-178	623	351091
80865218b2ce4759ee345c381a2f612a	gi|2260349448|ref|NR_176530.1|	91.685	445	31	5	1	442	358	799	7.54e-175	612	2093857
80865218b2ce4759ee345c381a2f612a	gi|2363084741|ref|NR_180619.1|	91.648	443	36	1	1	442	347	789	7.54e-175	612	2779352
80865218b2ce4759ee345c381a2f612a	gi|2363082559|ref|NR_179526.1|	91.685	445	31	5	1	442	349	790	7.54e-175	612	1841866
6bef56163d48935c7ebe044590069cda	gi|2363081451|ref|NR_178972.1|	99.773	440	1	0	1	440	285	724	0.0	808	1851428
6bef56163d48935c7ebe044590069cda	gi|265678656|ref|NR_028961.1|	99.091	440	4	0	1	440	327	766	0.0	791	853
6bef56163d48935c7ebe044590069cda	gi|2363082282|ref|NR_179388.1|	98.864	440	5	0	1	440	335	774	0.0	785	2935520
6bef56163d48935c7ebe044590069cda	gi|2363080123|ref|NR_178280.1|	98.864	440	5	0	1	440	331	770	0.0	785	411483
6bef56163d48935c7ebe044590069cda	gi|3030611269|ref|NR_199945.1|	98.636	440	6	0	1	440	335	774	0.0	780	3435293
6bef56163d48935c7ebe044590069cda	gi|2363081449|ref|NR_178971.1|	98.409	440	6	1	1	440	285	723	0.0	773	1851427
6bef56163d48935c7ebe044590069cda	gi|2363080175|ref|NR_178311.1|	96.818	440	14	0	1	440	412	851	0.0	736	2903556
6bef56163d48935c7ebe044590069cda	gi|1397641802|ref|NR_156911.1|	92.955	440	31	0	1	440	351	790	0.0	641	1650663
6bef56163d48935c7ebe044590069cda	gi|2363084747|ref|NR_180622.1|	92.955	440	31	0	1	440	335	774	0.0	641	2779354
6bef56163d48935c7ebe044590069cda	gi|2363082356|ref|NR_179425.1|	92.744	441	30	2	1	440	351	790	0.0	636	1689304
d6e9c2b15f98cc48722a9bbc6c768a20	gi|1179766737|ref|NR_146687.1|	86.170	470	54	9	1	465	350	813	2.32e-140	497	265178
d6e9c2b15f98cc48722a9bbc6c768a20	gi|2363083168|ref|NR_179832.1|	85.075	469	61	8	1	465	374	837	5.07e-132	470	2579976
d6e9c2b15f98cc48722a9bbc6c768a20	gi|1270532561|ref|NR_146814.2|	84.861	469	62	9	1	465	350	813	2.36e-130	464	1514105
d6e9c2b15f98cc48722a9bbc6c768a20	gi|1179766736|ref|NR_146686.1|	84.797	467	66	5	1	465	318	781	2.36e-130	464	1754012
d6e9c2b15f98cc48722a9bbc6c768a20	gi|1150406785|ref|NR_146039.1|	84.861	469	62	9	1	465	266	729	2.36e-130	464	1514105
d6e9c2b15f98cc48722a9bbc6c768a20	gi|219878455|ref|NR_025594.1|	84.582	467	67	5	1	465	329	792	1.10e-128	459	225084
d6e9c2b15f98cc48722a9bbc6c768a20	gi|2363087359|ref|NR_181936.1|	84.222	469	65	9	1	465	269	732	2.37e-125	448	2683713
d6e9c2b15f98cc48722a9bbc6c768a20	gi|2363087361|ref|NR_181937.1|	83.974	468	68	7	1	465	291	754	1.10e-123	442	2683717
d6e9c2b15f98cc48722a9bbc6c768a20	gi|265678761|ref|NR_029066.1|	83.940	467	70	5	1	465	313	776	1.10e-123	442	217731
d6e9c2b15f98cc48722a9bbc6c768a20	gi|265679027|ref|NR_029335.1|	84.043	470	64	10	1	465	250	713	1.10e-123	442	61171
7b9fd37ffd5c80eb35a87e24664feabb	gi|1116030282|ref|NR_144740.1|	99.317	439	3	0	1	439	321	759	0.0	795	1776391
7b9fd37ffd5c80eb35a87e24664feabb	gi|974142280|ref|NR_134800.1|	98.633	439	6	0	1	439	255	693	0.0	778	1368474
7b9fd37ffd5c80eb35a87e24664feabb	gi|672239008|ref|NR_125597.1|	97.959	441	7	2	1	439	318	758	0.0	763	1115758
7b9fd37ffd5c80eb35a87e24664feabb	gi|2363083072|ref|NR_179784.1|	97.950	439	9	0	1	439	301	739	0.0	761	2020948
7b9fd37ffd5c80eb35a87e24664feabb	gi|2363082877|ref|NR_179687.1|	97.267	439	12	0	1	439	273	711	0.0	745	2662455
7b9fd37ffd5c80eb35a87e24664feabb	gi|1230874654|ref|NR_148815.1|	97.267	439	12	0	1	439	319	757	0.0	745	1629550
7b9fd37ffd5c80eb35a87e24664feabb	gi|631252125|ref|NR_113323.1|	97.267	439	12	0	1	439	319	757	0.0	745	1490
7b9fd37ffd5c80eb35a87e24664feabb	gi|1269785414|ref|NR_118728.2|	97.039	439	13	0	1	439	330	768	0.0	743	1121325
7b9fd37ffd5c80eb35a87e24664feabb	gi|631250974|ref|NR_112171.1|	97.039	439	13	0	1	439	309	747	0.0	739	1490
7b9fd37ffd5c80eb35a87e24664feabb	gi|1040567059|ref|NR_137408.1|	96.811	439	14	0	1	439	290	728	0.0	734	1460447
3b2767812d224568ac25d2e60a5cbf25	gi|507148137|ref|NR_102944.1|	99.783	460	1	0	1	460	334	793	0.0	845	214856
3b2767812d224568ac25d2e60a5cbf25	gi|343198609|ref|NR_043064.1|	99.783	460	1	0	1	460	314	773	0.0	845	214856
3b2767812d224568ac25d2e60a5cbf25	gi|631251952|ref|NR_113150.1|	99.565	460	2	0	1	460	334	793	0.0	839	214856
3b2767812d224568ac25d2e60a5cbf25	gi|636559243|ref|NR_115300.1|	99.348	460	3	0	1	460	314	773	0.0	833	679935
3b2767812d224568ac25d2e60a5cbf25	gi|631251955|ref|NR_113153.1|	98.478	460	7	0	1	460	334	793	0.0	811	328814
3b2767812d224568ac25d2e60a5cbf25	gi|343202834|ref|NR_043319.1|	98.261	460	8	0	1	460	323	782	0.0	808	717959
3b2767812d224568ac25d2e60a5cbf25	gi|507148054|ref|NR_102861.1|	98.261	460	8	0	1	460	334	793	0.0	806	717959
3b2767812d224568ac25d2e60a5cbf25	gi|631251953|ref|NR_113151.1|	97.174	460	13	0	1	460	338	797	0.0	778	328813
3b2767812d224568ac25d2e60a5cbf25	gi|343202833|ref|NR_043318.1|	97.174	460	13	0	1	460	324	783	0.0	778	328813
3b2767812d224568ac25d2e60a5cbf25	gi|672239000|ref|NR_125589.1|	96.957	460	14	0	1	460	269	728	0.0	773	1033731
d30e049d4fcd9b118cd61cf8ca00ca3b	gi|645321193|ref|NR_118219.1|	99.348	460	3	0	1	460	332	791	0.0	833	1033732
d30e049d4fcd9b118cd61cf8ca00ca3b	gi|2363086959|ref|NR_181736.1|	98.913	460	5	0	1	460	334	793	0.0	822	2834113
d30e049d4fcd9b118cd61cf8ca00ca3b	gi|672239000|ref|NR_125589.1|	97.826	460	10	0	1	460	269	728	0.0	795	1033731
d30e049d4fcd9b118cd61cf8ca00ca3b	gi|631251955|ref|NR_113153.1|	96.957	460	14	0	1	460	334	793	0.0	773	328814
d30e049d4fcd9b118cd61cf8ca00ca3b	gi|631251954|ref|NR_113152.1|	96.963	461	12	2	1	460	337	796	0.0	773	28117
d30e049d4fcd9b118cd61cf8ca00ca3b	gi|343202834|ref|NR_043319.1|	96.739	460	15	0	1	460	323	782	0.0	769	717959
d30e049d4fcd9b118cd61cf8ca00ca3b	gi|2363082505|ref|NR_179499.1|	96.739	460	15	0	1	460	342	801	0.0	767	2364787
d30e049d4fcd9b118cd61cf8ca00ca3b	gi|2363082099|ref|NR_179296.1|	96.739	460	15	0	1	460	324	783	0.0	767	2585119
d30e049d4fcd9b118cd61cf8ca00ca3b	gi|507148054|ref|NR_102861.1|	96.739	460	15	0	1	460	334	793	0.0	767	717959
d30e049d4fcd9b118cd61cf8ca00ca3b	gi|631251953|ref|NR_113151.1|	96.312	461	15	2	1	460	338	797	0.0	756	328813
9d5a7a4e9d4ece474780d318fa1143b4	gi|444439494|ref|NR_074809.1|	99.773	441	1	0	1	441	350	790	0.0	809	585394
9d5a7a4e9d4ece474780d318fa1143b4	gi|343201282|ref|NR_042008.1|	99.546	441	1	1	1	441	341	780	0.0	802	585394
9d5a7a4e9d4ece474780d318fa1143b4	gi|645320588|ref|NR_117758.1|	99.321	442	2	1	1	441	322	763	0.0	798	166486
9d5a7a4e9d4ece474780d318fa1143b4	gi|228716944|ref|NR_027557.1|	99.321	442	2	1	1	441	343	784	0.0	798	536231
9d5a7a4e9d4ece474780d318fa1143b4	gi|343198540|ref|NR_042832.1|	98.866	441	5	0	1	441	330	770	0.0	787	301302
9d5a7a4e9d4ece474780d318fa1143b4	gi|1227086116|ref|NR_148619.1|	98.190	442	7	1	1	441	301	742	0.0	771	1712665
9d5a7a4e9d4ece474780d318fa1143b4	gi|2363085153|ref|NR_180825.1|	97.732	441	10	0	1	441	347	787	0.0	760	2605790
9d5a7a4e9d4ece474780d318fa1143b4	gi|444304209|ref|NR_074634.1|	97.732	441	9	1	1	441	350	789	0.0	758	515619
9d5a7a4e9d4ece474780d318fa1143b4	gi|343201281|ref|NR_042007.1|	97.523	444	6	5	1	441	343	784	0.0	754	622312
9d5a7a4e9d4ece474780d318fa1143b4	gi|2363086282|ref|NR_181393.1|	97.506	441	10	1	1	441	290	729	0.0	752	2763664
ee43ccdd49e7933e904b8efc094c55ce	gi|636558732|ref|NR_114789.1|	94.773	440	23	0	1	440	347	786	0.0	686	1535
ee43ccdd49e7933e904b8efc094c55ce	gi|1146059197|ref|NR_145929.1|	93.694	444	24	2	1	440	319	762	0.0	662	642589
ee43ccdd49e7933e904b8efc094c55ce	gi|3248465687|ref|NR_201701.1|	93.454	443	26	2	1	440	330	772	0.0	654	3435187
ee43ccdd49e7933e904b8efc094c55ce	gi|3248465688|ref|NR_201702.1|	93.454	443	26	2	1	440	328	770	0.0	654	3435000
ee43ccdd49e7933e904b8efc094c55ce	gi|2836274966|ref|NR_197729.1|	93.409	440	29	0	1	440	304	743	0.0	652	3093657
ee43ccdd49e7933e904b8efc094c55ce	gi|1193829157|ref|NR_147400.1|	92.955	440	31	0	1	440	339	778	0.0	641	1958780
ee43ccdd49e7933e904b8efc094c55ce	gi|2836274967|ref|NR_197730.1|	92.955	440	31	0	1	440	312	751	0.0	641	3093658
ee43ccdd49e7933e904b8efc094c55ce	gi|1116030278|ref|NR_144736.1|	92.955	440	31	0	1	440	360	799	0.0	641	1776382
ee43ccdd49e7933e904b8efc094c55ce	gi|2363082799|ref|NR_179648.1|	92.727	440	32	0	1	440	339	778	0.0	636	2045012
ee43ccdd49e7933e904b8efc094c55ce	gi|2180566484|ref|NR_174324.1|	92.727	440	32	0	1	440	346	785	0.0	636	2576756
46272e37c7c1d35fc488d2c97ac5a0a3	gi|2363082569|ref|NR_179531.1|	99.548	442	2	0	1	442	347	788	0.0	806	1852369
46272e37c7c1d35fc488d2c97ac5a0a3	gi|1269801610|ref|NR_074793.2|	94.796	442	23	0	1	442	355	796	0.0	689	351091
46272e37c7c1d35fc488d2c97ac5a0a3	gi|343200653|ref|NR_041340.1|	94.796	442	23	0	1	442	328	769	0.0	689	351091
46272e37c7c1d35fc488d2c97ac5a0a3	gi|2260349448|ref|NR_176530.1|	94.570	442	24	0	1	442	358	799	0.0	684	2093857
46272e37c7c1d35fc488d2c97ac5a0a3	gi|2363082559|ref|NR_179526.1|	94.570	442	24	0	1	442	349	790	0.0	684	1841866
46272e37c7c1d35fc488d2c97ac5a0a3	gi|645321110|ref|NR_118156.1|	94.344	442	25	0	1	442	304	745	0.0	678	1007096
46272e37c7c1d35fc488d2c97ac5a0a3	gi|2962412234|ref|NR_199428.1|	93.665	442	28	0	1	442	352	793	0.0	662	3073143
46272e37c7c1d35fc488d2c97ac5a0a3	gi|2363082170|ref|NR_179331.1|	93.454	443	28	1	1	442	328	770	0.0	656	2714358
46272e37c7c1d35fc488d2c97ac5a0a3	gi|2363082168|ref|NR_179330.1|	93.243	444	26	4	1	442	327	768	0.0	651	2714355
46272e37c7c1d35fc488d2c97ac5a0a3	gi|2363087001|ref|NR_181757.1|	93.018	444	27	4	1	442	289	730	0.0	645	2841504
84769136e1f9d1881ec81548b9ac3076	gi|1864207064|ref|NR_169358.1|	99.129	459	4	0	1	459	335	793	0.0	826	1720203
84769136e1f9d1881ec81548b9ac3076	gi|699005325|ref|NR_126194.1|	97.603	459	11	0	1	459	335	793	0.0	793	1472416
84769136e1f9d1881ec81548b9ac3076	gi|699005326|ref|NR_126195.1|	97.168	459	13	0	1	459	335	793	0.0	776	1472417
84769136e1f9d1881ec81548b9ac3076	gi|2363083451|ref|NR_179974.1|	96.950	459	14	0	1	459	327	785	0.0	773	2093856
84769136e1f9d1881ec81548b9ac3076	gi|2363082787|ref|NR_179642.1|	96.950	459	14	0	1	459	315	773	0.0	771	2042309
84769136e1f9d1881ec81548b9ac3076	gi|343201004|ref|NR_041691.1|	96.537	462	10	5	1	459	335	793	0.0	760	544645
84769136e1f9d1881ec81548b9ac3076	gi|3248465683|ref|NR_201697.1|	94.989	459	23	0	1	459	285	743	0.0	721	3378067
84769136e1f9d1881ec81548b9ac3076	gi|343201003|ref|NR_041690.1|	93.246	459	31	0	1	459	333	791	0.0	676	544644
84769136e1f9d1881ec81548b9ac3076	gi|1182956112|ref|NR_146820.1|	90.414	459	44	0	1	459	335	793	3.65e-173	606	1720195
84769136e1f9d1881ec81548b9ac3076	gi|2363082669|ref|NR_179582.1|	89.978	459	46	0	1	459	315	773	2.84e-169	593	1917882
0a7260296807a179ad68d782a8ae70a4	gi|559795255|ref|NR_104846.1|	96.591	440	15	0	1	440	288	727	0.0	730	745368
0a7260296807a179ad68d782a8ae70a4	gi|265678692|ref|NR_028997.1|	95.692	441	18	1	1	440	303	743	0.0	708	214851
0a7260296807a179ad68d782a8ae70a4	gi|3030611269|ref|NR_199945.1|	94.773	440	23	0	1	440	335	774	0.0	686	3435293
0a7260296807a179ad68d782a8ae70a4	gi|265678656|ref|NR_028961.1|	94.318	440	25	0	1	440	327	766	0.0	675	853
0a7260296807a179ad68d782a8ae70a4	gi|2363081451|ref|NR_178972.1|	94.091	440	26	0	1	440	285	724	0.0	669	1851428
0a7260296807a179ad68d782a8ae70a4	gi|2363080123|ref|NR_178280.1|	94.091	440	26	0	1	440	331	770	0.0	669	411483
0a7260296807a179ad68d782a8ae70a4	gi|2363081449|ref|NR_178971.1|	93.864	440	26	1	1	440	285	723	0.0	662	1851427
0a7260296807a179ad68d782a8ae70a4	gi|2363082356|ref|NR_179425.1|	93.636	440	28	0	1	440	351	790	0.0	658	1689304
0a7260296807a179ad68d782a8ae70a4	gi|1397641802|ref|NR_156911.1|	93.409	440	29	0	1	440	351	790	0.0	652	1650663
0a7260296807a179ad68d782a8ae70a4	gi|2363082282|ref|NR_179388.1|	93.424	441	27	2	1	440	335	774	0.0	652	2935520
143718be0df0cf24ab4fb5496e0989b3	gi|444304091|ref|NR_074515.1|	99.130	460	4	0	1	460	350	809	0.0	828	435590
143718be0df0cf24ab4fb5496e0989b3	gi|631251748|ref|NR_112946.1|	99.130	460	4	0	1	460	339	798	0.0	828	821
143718be0df0cf24ab4fb5496e0989b3	gi|631250946|ref|NR_112143.1|	98.913	460	5	0	1	460	307	766	0.0	822	821
143718be0df0cf24ab4fb5496e0989b3	gi|343200664|ref|NR_041351.1|	98.261	460	8	0	1	460	341	800	0.0	806	357276
143718be0df0cf24ab4fb5496e0989b3	gi|631251997|ref|NR_113195.1|	93.478	460	30	0	1	460	338	797	0.0	684	1236515
143718be0df0cf24ab4fb5496e0989b3	gi|631251866|ref|NR_113064.1|	93.261	460	31	0	1	460	338	797	0.0	678	1236538
143718be0df0cf24ab4fb5496e0989b3	gi|631251817|ref|NR_113015.1|	93.261	460	31	0	1	460	338	797	0.0	678	1236538
143718be0df0cf24ab4fb5496e0989b3	gi|645320081|ref|NR_117373.1|	93.261	460	31	0	1	460	289	748	0.0	678	1236515
143718be0df0cf24ab4fb5496e0989b3	gi|2363085522|ref|NR_181010.1|	92.826	460	33	0	1	460	297	756	0.0	667	2786956
143718be0df0cf24ab4fb5496e0989b3	gi|2363082547|ref|NR_179520.1|	92.826	460	33	0	1	460	314	773	0.0	667	1841855
61b5e5d516c9a07b8bd7ccc079f72992	gi|343201773|ref|NR_042499.1|	100.000	460	0	0	1	460	294	753	0.0	850	657309
61b5e5d516c9a07b8bd7ccc079f72992	gi|631251749|ref|NR_112947.1|	99.783	460	1	0	1	460	326	785	0.0	846	657309
61b5e5d516c9a07b8bd7ccc079f72992	gi|2363084431|ref|NR_180463.1|	99.565	460	2	0	1	460	340	799	0.0	839	2650158
61b5e5d516c9a07b8bd7ccc079f72992	gi|631251733|ref|NR_112931.1|	99.130	460	4	0	1	460	340	799	0.0	828	85831
61b5e5d516c9a07b8bd7ccc079f72992	gi|265678305|ref|NR_028607.1|	99.129	459	4	0	2	460	333	791	0.0	826	85831
61b5e5d516c9a07b8bd7ccc079f72992	gi|631252008|ref|NR_113206.1|	98.478	460	7	0	1	460	336	795	0.0	811	1236513
61b5e5d516c9a07b8bd7ccc079f72992	gi|645322410|ref|NR_119165.1|	98.043	460	9	0	1	460	319	778	0.0	808	28116
61b5e5d516c9a07b8bd7ccc079f72992	gi|631251869|ref|NR_113067.1|	98.043	460	9	0	1	460	325	784	0.0	800	1077285
61b5e5d516c9a07b8bd7ccc079f72992	gi|645320100|ref|NR_117387.1|	98.043	460	9	0	1	460	320	779	0.0	800	1077285
61b5e5d516c9a07b8bd7ccc079f72992	gi|343200626|ref|NR_041313.1|	98.043	460	9	0	1	460	340	799	0.0	800	338188
8f776f394eb1ea19443164cc72f276b5	gi|444439587|ref|NR_074902.1|	99.355	465	3	0	1	465	341	805	0.0	843	585054
8f776f394eb1ea19443164cc72f276b5	gi|631252881|ref|NR_114079.1|	99.355	465	3	0	1	465	314	778	0.0	843	564
8f776f394eb1ea19443164cc72f276b5	gi|559795236|ref|NR_104826.1|	99.355	465	3	0	1	465	321	785	0.0	843	624
8f776f394eb1ea19443164cc72f276b5	gi|631251361|ref|NR_112558.1|	99.355	465	3	0	1	465	174	638	0.0	843	562
8f776f394eb1ea19443164cc72f276b5	gi|228716249|ref|NR_027549.1|	99.355	465	3	0	1	465	307	771	0.0	843	585054
8f776f394eb1ea19443164cc72f276b5	gi|219846739|ref|NR_026331.1|	99.355	465	3	0	1	465	322	786	0.0	843	623
8f776f394eb1ea19443164cc72f276b5	gi|645322332|ref|NR_119109.1|	99.353	464	3	0	2	465	328	791	0.0	841	566
8f776f394eb1ea19443164cc72f276b5	gi|631252844|ref|NR_114042.1|	99.140	465	4	0	1	465	314	778	0.0	839	562
8f776f394eb1ea19443164cc72f276b5	gi|219722938|ref|NR_024570.1|	99.140	465	4	0	1	465	332	796	0.0	839	562
8f776f394eb1ea19443164cc72f276b5	gi|1018196593|ref|NR_136472.1|	99.140	465	4	0	1	465	334	798	0.0	837	1499973
3179773b4209e1dcf9805f4bd6e24ec3	gi|2363082157|ref|NR_179325.1|	99.355	465	3	0	1	465	300	764	0.0	843	2682456
3179773b4209e1dcf9805f4bd6e24ec3	gi|343201163|ref|NR_041879.1|	99.355	465	3	0	1	465	283	747	0.0	843	39778
3179773b4209e1dcf9805f4bd6e24ec3	gi|636559298|ref|NR_115355.1|	99.355	465	3	0	1	465	326	790	0.0	843	39778
3179773b4209e1dcf9805f4bd6e24ec3	gi|645322415|ref|NR_119169.1|	99.140	465	4	0	1	465	331	795	0.0	839	39778
3179773b4209e1dcf9805f4bd6e24ec3	gi|631252372|ref|NR_113570.1|	98.495	465	7	0	1	465	333	797	0.0	821	1110546
3179773b4209e1dcf9805f4bd6e24ec3	gi|1679775917|ref|NR_163639.1|	98.498	466	3	4	1	465	345	807	0.0	819	1911679
3179773b4209e1dcf9805f4bd6e24ec3	gi|444439665|ref|NR_074980.1|	98.280	465	8	0	1	465	353	817	0.0	815	479436
3179773b4209e1dcf9805f4bd6e24ec3	gi|631251833|ref|NR_113031.1|	98.280	465	8	0	1	465	353	817	0.0	815	29466
3179773b4209e1dcf9805f4bd6e24ec3	gi|645322414|ref|NR_119168.1|	98.280	465	8	0	1	465	331	795	0.0	815	479436
3179773b4209e1dcf9805f4bd6e24ec3	gi|645320589|ref|NR_117759.1|	98.065	465	9	0	1	465	329	793	0.0	811	479436
f2dc8ad97cb908ee9fc5d8956d16591e	gi|2363085892|ref|NR_181198.1|	99.355	465	3	0	1	465	268	732	0.0	843	2735723
f2dc8ad97cb908ee9fc5d8956d16591e	gi|265678513|ref|NR_028816.1|	98.495	465	7	0	1	465	310	774	0.0	821	154288
f2dc8ad97cb908ee9fc5d8956d16591e	gi|566085589|ref|NR_109669.1|	91.183	465	41	0	1	465	329	793	0.0	632	1202712
f2dc8ad97cb908ee9fc5d8956d16591e	gi|636560492|ref|NR_116552.1|	91.183	465	41	0	1	465	291	755	0.0	632	1384057
f2dc8ad97cb908ee9fc5d8956d16591e	gi|636559469|ref|NR_115529.1|	91.183	465	41	0	1	465	320	784	0.0	632	1421
f2dc8ad97cb908ee9fc5d8956d16591e	gi|1811131534|ref|NR_165716.1|	90.968	465	42	0	1	465	317	781	2.84e-179	627	2304605
f2dc8ad97cb908ee9fc5d8956d16591e	gi|2363086993|ref|NR_181753.1|	91.006	467	38	4	1	465	295	759	2.84e-179	627	1547283
f2dc8ad97cb908ee9fc5d8956d16591e	gi|645321097|ref|NR_118146.1|	90.968	465	42	0	1	465	311	775	2.84e-179	627	1130819
f2dc8ad97cb908ee9fc5d8956d16591e	gi|631251372|ref|NR_112569.1|	90.968	465	42	0	1	465	322	786	2.84e-179	627	28031
f2dc8ad97cb908ee9fc5d8956d16591e	gi|631251431|ref|NR_112628.1|	90.968	465	42	0	1	465	322	786	2.84e-179	627	28031
c6e7b0117151620dde0f3619910a15fa	gi|2363082342|ref|NR_179418.1|	90.541	444	40	2	1	443	348	790	4.58e-167	586	1673721
c6e7b0117151620dde0f3619910a15fa	gi|645321636|ref|NR_118554.1|	89.414	444	45	2	1	443	329	771	9.99e-159	558	1297617
c6e7b0117151620dde0f3619910a15fa	gi|1109168025|ref|NR_144611.1|	88.739	444	48	2	1	443	282	724	1.01e-153	542	1417852
c6e7b0117151620dde0f3619910a15fa	gi|2136551692|ref|NR_173697.1|	88.739	444	47	3	1	443	349	790	3.62e-153	540	2108523
c6e7b0117151620dde0f3619910a15fa	gi|2363084741|ref|NR_180619.1|	88.488	443	51	0	1	443	347	789	4.68e-152	536	2779352
c6e7b0117151620dde0f3619910a15fa	gi|2363082326|ref|NR_179410.1|	88.514	444	49	2	1	443	349	791	4.68e-152	536	1650661
c6e7b0117151620dde0f3619910a15fa	gi|1193829132|ref|NR_147375.1|	88.565	446	42	9	1	443	347	786	6.05e-151	532	1870986
c6e7b0117151620dde0f3619910a15fa	gi|3030611324|ref|NR_200000.1|	88.288	444	50	2	1	443	301	743	2.18e-150	531	3342383
c6e7b0117151620dde0f3619910a15fa	gi|2363082358|ref|NR_179426.1|	88.315	445	48	4	1	443	349	791	2.18e-150	531	1702285
c6e7b0117151620dde0f3619910a15fa	gi|2363082168|ref|NR_179330.1|	88.315	445	47	3	1	443	327	768	7.83e-150	529	2714355
c743e1bbad16549b869e2c241d0a8d5e	gi|2363082168|ref|NR_179330.1|	91.422	443	37	1	1	443	327	768	3.52e-173	606	2714355
c743e1bbad16549b869e2c241d0a8d5e	gi|2363082165|ref|NR_179329.1|	91.236	445	34	5	1	443	327	768	1.64e-171	601	2714353
c743e1bbad16549b869e2c241d0a8d5e	gi|2363082342|ref|NR_179418.1|	90.991	444	38	2	1	443	348	790	2.12e-170	597	1673721
c743e1bbad16549b869e2c241d0a8d5e	gi|343206380|ref|NR_044972.1|	90.541	444	40	2	1	443	331	773	3.54e-168	590	44749
c743e1bbad16549b869e2c241d0a8d5e	gi|1109168025|ref|NR_144611.1|	90.519	443	42	0	1	443	282	724	4.58e-167	586	1417852
c743e1bbad16549b869e2c241d0a8d5e	gi|444304204|ref|NR_074629.1|	90.541	444	40	2	1	443	341	783	4.58e-167	586	1515
c743e1bbad16549b869e2c241d0a8d5e	gi|631251959|ref|NR_113157.1|	90.541	444	40	2	1	443	341	783	4.58e-167	586	1515
c743e1bbad16549b869e2c241d0a8d5e	gi|645321636|ref|NR_118554.1|	90.337	445	39	4	1	443	329	771	2.13e-165	580	1297617
c743e1bbad16549b869e2c241d0a8d5e	gi|219857201|ref|NR_024829.1|	90.315	444	41	2	1	443	321	763	2.13e-165	580	253314
c743e1bbad16549b869e2c241d0a8d5e	gi|3030611324|ref|NR_200000.1|	90.090	444	42	2	1	443	301	743	9.92e-164	575	3342383
f953c127a869f949f709a4b328fcd9b5	gi|672238876|ref|NR_125464.1|	87.783	442	53	1	1	441	325	766	6.07e-146	516	1297424
f953c127a869f949f709a4b328fcd9b5	gi|2363083221|ref|NR_179859.1|	87.810	443	49	5	1	441	347	786	2.18e-145	514	2078660
f953c127a869f949f709a4b328fcd9b5	gi|3030611263|ref|NR_199939.1|	87.838	444	47	7	1	441	332	771	2.18e-145	514	3074434
f953c127a869f949f709a4b328fcd9b5	gi|672239088|ref|NR_125677.1|	87.865	445	45	9	1	441	346	785	2.18e-145	514	1348613
f953c127a869f949f709a4b328fcd9b5	gi|2363084629|ref|NR_180563.1|	87.557	442	54	1	1	441	291	732	2.82e-144	510	2488810
f953c127a869f949f709a4b328fcd9b5	gi|219846510|ref|NR_026102.1|	87.557	442	54	1	1	441	313	754	2.82e-144	510	588581
f953c127a869f949f709a4b328fcd9b5	gi|785794309|ref|NG_041947.1|	87.359	443	54	1	1	441	469	911	3.65e-143	507	394503
f953c127a869f949f709a4b328fcd9b5	gi|785497611|ref|NR_102768.2|	87.359	443	54	1	1	441	330	772	3.65e-143	507	1521
f953c127a869f949f709a4b328fcd9b5	gi|645319803|ref|NR_117165.1|	87.330	442	55	1	1	441	476	917	1.31e-142	505	48256
f953c127a869f949f709a4b328fcd9b5	gi|645319802|ref|NR_117164.1|	87.330	442	55	1	1	441	476	917	1.31e-142	505	48256
bfe1401383ab42c086b8d1aa5f75ddd4	gi|2363081451|ref|NR_178972.1|	99.545	440	2	0	1	440	285	724	0.0	802	1851428
bfe1401383ab42c086b8d1aa5f75ddd4	gi|265678656|ref|NR_028961.1|	98.864	440	5	0	1	440	327	766	0.0	785	853
bfe1401383ab42c086b8d1aa5f75ddd4	gi|2363082282|ref|NR_179388.1|	98.636	440	6	0	1	440	335	774	0.0	780	2935520
bfe1401383ab42c086b8d1aa5f75ddd4	gi|2363080123|ref|NR_178280.1|	98.636	440	6	0	1	440	331	770	0.0	780	411483
bfe1401383ab42c086b8d1aa5f75ddd4	gi|3030611269|ref|NR_199945.1|	98.409	440	7	0	1	440	335	774	0.0	774	3435293
bfe1401383ab42c086b8d1aa5f75ddd4	gi|2363081449|ref|NR_178971.1|	98.182	440	7	1	1	440	285	723	0.0	767	1851427
bfe1401383ab42c086b8d1aa5f75ddd4	gi|2363080175|ref|NR_178311.1|	96.591	440	15	0	1	440	412	851	0.0	730	2903556
bfe1401383ab42c086b8d1aa5f75ddd4	gi|1397641802|ref|NR_156911.1|	92.727	440	32	0	1	440	351	790	0.0	636	1650663
bfe1401383ab42c086b8d1aa5f75ddd4	gi|2363084747|ref|NR_180622.1|	92.727	440	32	0	1	440	335	774	0.0	636	2779354
bfe1401383ab42c086b8d1aa5f75ddd4	gi|2363082356|ref|NR_179425.1|	92.517	441	31	2	1	440	351	790	2.07e-180	630	1689304
a013e2e1106cb33963c71ab9c2890a6c	gi|645321792|ref|NR_118676.1|	96.818	440	14	0	1	440	370	809	0.0	745	39497
a013e2e1106cb33963c71ab9c2890a6c	gi|219846511|ref|NR_026103.1|	96.818	440	14	0	1	440	316	755	0.0	736	37658
a013e2e1106cb33963c71ab9c2890a6c	gi|1277396183|ref|NR_151894.1|	96.818	440	14	0	1	440	335	774	0.0	736	433293
a013e2e1106cb33963c71ab9c2890a6c	gi|1277396381|ref|NR_152095.1|	96.591	440	15	0	1	440	348	787	0.0	730	1679721
a013e2e1106cb33963c71ab9c2890a6c	gi|631252121|ref|NR_113319.1|	96.591	440	15	0	1	440	350	789	0.0	730	645466
a013e2e1106cb33963c71ab9c2890a6c	gi|636560803|ref|NR_116863.1|	96.372	441	15	1	1	440	337	777	0.0	725	645466
a013e2e1106cb33963c71ab9c2890a6c	gi|343202586|ref|NR_042953.1|	96.364	440	16	0	1	440	308	747	0.0	725	264463
a013e2e1106cb33963c71ab9c2890a6c	gi|2136551633|ref|NR_173637.1|	96.136	440	17	0	1	440	294	733	0.0	719	2755051
a013e2e1106cb33963c71ab9c2890a6c	gi|219878251|ref|NR_025390.1|	96.136	440	17	0	1	440	330	769	0.0	719	115544
a013e2e1106cb33963c71ab9c2890a6c	gi|2363081778|ref|NR_179135.1|	95.918	441	17	1	1	440	330	770	0.0	713	2025494
b022c628545be36ca271ed61f78c7e16	gi|631251745|ref|NR_112943.1|	99.565	460	2	0	1	460	326	785	0.0	839	449673
b022c628545be36ca271ed61f78c7e16	gi|224581415|ref|NR_027196.1|	98.696	460	6	0	1	460	317	776	0.0	819	449673
b022c628545be36ca271ed61f78c7e16	gi|343200620|ref|NR_041307.1|	97.174	460	13	0	1	460	334	793	0.0	778	329854
b022c628545be36ca271ed61f78c7e16	gi|631251867|ref|NR_113065.1|	96.957	460	14	0	1	460	338	797	0.0	773	762984
b022c628545be36ca271ed61f78c7e16	gi|631251695|ref|NR_112893.1|	96.957	460	14	0	1	460	318	777	0.0	773	762984
b022c628545be36ca271ed61f78c7e16	gi|2363086949|ref|NR_181731.1|	96.739	460	15	0	1	460	290	749	0.0	767	2834112
b022c628545be36ca271ed61f78c7e16	gi|631251735|ref|NR_112933.1|	96.746	461	13	2	1	460	334	793	0.0	767	246787
b022c628545be36ca271ed61f78c7e16	gi|2363086550|ref|NR_181532.1|	96.087	460	18	0	1	460	322	781	0.0	750	2763025
b022c628545be36ca271ed61f78c7e16	gi|631251747|ref|NR_112945.1|	96.087	460	18	0	1	460	327	786	0.0	750	820
b022c628545be36ca271ed61f78c7e16	gi|631251734|ref|NR_112932.1|	96.087	460	18	0	1	460	328	787	0.0	750	47678
f8887f43accd3eb1c09b00225d0499bc	gi|631251741|ref|NR_112939.1|	98.913	460	5	0	1	460	334	793	0.0	822	1203608
f8887f43accd3eb1c09b00225d0499bc	gi|343202633|ref|NR_043017.1|	98.913	460	5	0	1	460	314	773	0.0	822	1203608
f8887f43accd3eb1c09b00225d0499bc	gi|631251744|ref|NR_112942.1|	96.304	460	17	0	1	460	323	782	0.0	756	291644
f8887f43accd3eb1c09b00225d0499bc	gi|343202632|ref|NR_043016.1|	96.087	460	18	0	1	460	316	775	0.0	750	291644
f8887f43accd3eb1c09b00225d0499bc	gi|645320100|ref|NR_117387.1|	95.652	460	20	0	1	460	320	779	0.0	739	1077285
f8887f43accd3eb1c09b00225d0499bc	gi|2363084421|ref|NR_180458.1|	95.435	460	21	0	1	460	340	799	0.0	734	2650157
f8887f43accd3eb1c09b00225d0499bc	gi|2363084156|ref|NR_180327.1|	95.445	461	20	1	1	460	322	782	0.0	734	2447885
f8887f43accd3eb1c09b00225d0499bc	gi|444303855|ref|NR_074277.1|	95.435	460	21	0	1	460	352	811	0.0	734	818
f8887f43accd3eb1c09b00225d0499bc	gi|631252008|ref|NR_113206.1|	95.435	460	21	0	1	460	336	795	0.0	734	1236513
f8887f43accd3eb1c09b00225d0499bc	gi|631251869|ref|NR_113067.1|	95.435	460	21	0	1	460	325	784	0.0	734	1077285
f4b6975020e83dda85626f833cbb9198	gi|2363081254|ref|NR_178871.1|	89.438	445	41	6	1	443	337	777	3.59e-158	556	1792311
f4b6975020e83dda85626f833cbb9198	gi|2363086264|ref|NR_181384.1|	89.462	446	38	9	1	443	250	689	1.29e-157	555	2763660
f4b6975020e83dda85626f833cbb9198	gi|444304204|ref|NR_074629.1|	89.087	449	37	9	1	443	341	783	2.16e-155	547	1515
f4b6975020e83dda85626f833cbb9198	gi|631251959|ref|NR_113157.1|	89.087	449	37	9	1	443	341	783	2.16e-155	547	1515
f4b6975020e83dda85626f833cbb9198	gi|343200549|ref|NR_041236.1|	88.939	443	47	2	1	443	321	761	7.78e-155	545	1122184
f4b6975020e83dda85626f833cbb9198	gi|2363084120|ref|NR_180309.1|	88.864	449	38	9	1	443	289	731	1.01e-153	542	2487273
f4b6975020e83dda85626f833cbb9198	gi|785794309|ref|NG_041947.1|	88.839	448	40	10	1	443	469	911	1.01e-153	542	394503
f4b6975020e83dda85626f833cbb9198	gi|785497611|ref|NR_102768.2|	88.839	448	40	10	1	443	330	772	1.01e-153	542	1521
f4b6975020e83dda85626f833cbb9198	gi|631252162|ref|NR_113360.1|	88.864	449	38	12	1	443	339	781	1.01e-153	542	1121303
f4b6975020e83dda85626f833cbb9198	gi|645319736|ref|NR_117111.1|	88.864	449	38	12	1	443	336	778	1.01e-153	542	29371
a026b5a50a28feda84aa0cc4485ca832	gi|228719063|ref|NR_027579.1|	98.864	440	5	0	1	440	316	755	0.0	791	471875
a026b5a50a28feda84aa0cc4485ca832	gi|2363082059|ref|NR_179276.1|	97.955	440	9	0	1	440	334	773	0.0	763	2316025
a026b5a50a28feda84aa0cc4485ca832	gi|2363087259|ref|NR_181885.1|	97.506	441	9	2	1	440	335	774	0.0	752	2885351
a026b5a50a28feda84aa0cc4485ca832	gi|2363082374|ref|NR_179434.1|	97.273	440	12	0	1	440	349	788	0.0	747	1720300
a026b5a50a28feda84aa0cc4485ca832	gi|2363085133|ref|NR_180815.1|	97.045	440	13	0	1	440	350	789	0.0	741	2606633
a026b5a50a28feda84aa0cc4485ca832	gi|2363083556|ref|NR_180026.1|	97.045	440	13	0	1	440	348	787	0.0	741	2696678
a026b5a50a28feda84aa0cc4485ca832	gi|636560687|ref|NR_116747.1|	97.045	440	13	0	1	440	301	740	0.0	741	1298596
a026b5a50a28feda84aa0cc4485ca832	gi|1909404440|ref|NR_170495.1|	96.818	440	14	0	1	440	355	794	0.0	736	2509240
a026b5a50a28feda84aa0cc4485ca832	gi|2363082679|ref|NR_179587.1|	96.818	440	14	0	1	440	328	767	0.0	736	1926283
a026b5a50a28feda84aa0cc4485ca832	gi|1109168017|ref|NR_144607.1|	96.818	440	14	0	1	440	282	721	0.0	736	1796615
12e2950b74837ea47f8af8e68cbdd311	gi|631251878|ref|NR_113076.1|	99.348	460	3	0	1	460	324	783	0.0	833	927665
12e2950b74837ea47f8af8e68cbdd311	gi|343202832|ref|NR_043317.1|	99.348	460	3	0	1	460	284	743	0.0	833	328812
12e2950b74837ea47f8af8e68cbdd311	gi|2363086049|ref|NR_181277.1|	96.739	460	15	0	1	460	309	768	0.0	767	2753162
12e2950b74837ea47f8af8e68cbdd311	gi|631251637|ref|NR_112835.1|	96.746	461	12	3	1	460	336	794	0.0	765	574930
12e2950b74837ea47f8af8e68cbdd311	gi|645322411|ref|NR_119166.1|	95.879	461	17	2	1	460	319	778	0.0	747	411477
12e2950b74837ea47f8af8e68cbdd311	gi|2363082619|ref|NR_179556.1|	95.887	462	15	4	1	460	316	775	0.0	745	1871013
12e2950b74837ea47f8af8e68cbdd311	gi|343200777|ref|NR_041464.1|	95.870	460	19	0	1	460	340	799	0.0	745	387661
12e2950b74837ea47f8af8e68cbdd311	gi|343200656|ref|NR_041343.1|	95.879	461	17	2	1	460	340	799	0.0	745	46503
12e2950b74837ea47f8af8e68cbdd311	gi|1811131517|ref|NR_165699.1|	95.652	460	20	0	1	460	336	795	0.0	739	2685834
12e2950b74837ea47f8af8e68cbdd311	gi|2363083816|ref|NR_180156.1|	95.000	460	23	0	1	460	291	750	0.0	723	2290935
2c59c842a3cb9229f040877f7f61e0e1	gi|1116030292|ref|NR_144750.1|	95.000	460	23	0	1	460	341	800	0.0	723	1852370
2c59c842a3cb9229f040877f7f61e0e1	gi|343200620|ref|NR_041307.1|	87.905	463	50	6	1	460	334	793	3.76e-153	540	329854
2c59c842a3cb9229f040877f7f61e0e1	gi|631252009|ref|NR_113207.1|	87.636	461	55	2	1	460	334	793	1.75e-151	534	1236514
2c59c842a3cb9229f040877f7f61e0e1	gi|631251735|ref|NR_112933.1|	87.473	463	52	6	1	460	334	793	8.15e-150	529	246787
2c59c842a3cb9229f040877f7f61e0e1	gi|631251734|ref|NR_112932.1|	87.419	461	56	2	1	460	328	787	8.15e-150	529	47678
2c59c842a3cb9229f040877f7f61e0e1	gi|219846650|ref|NR_026242.1|	87.419	461	56	2	1	460	318	777	8.15e-150	529	47678
2c59c842a3cb9229f040877f7f61e0e1	gi|631251747|ref|NR_112945.1|	87.202	461	57	2	1	460	327	786	3.79e-148	523	820
2c59c842a3cb9229f040877f7f61e0e1	gi|343200179|ref|NR_040866.1|	87.202	461	57	2	1	460	334	793	3.79e-148	523	820
2c59c842a3cb9229f040877f7f61e0e1	gi|1116030246|ref|NR_144704.1|	87.041	463	54	6	1	460	251	710	1.76e-146	518	1203465
2c59c842a3cb9229f040877f7f61e0e1	gi|631251872|ref|NR_113070.1|	87.041	463	54	6	1	460	334	793	1.76e-146	518	742727
e571c28b352ac0c3b0b8563bee99107e	gi|2363085127|ref|NR_180812.1|	99.570	465	2	0	1	465	329	793	0.0	848	2652276
e571c28b352ac0c3b0b8563bee99107e	gi|602269354|ref|NR_044731.2|	97.849	465	9	1	1	465	347	810	0.0	804	1735
e571c28b352ac0c3b0b8563bee99107e	gi|2363082631|ref|NR_179562.1|	93.162	468	25	7	1	465	343	806	0.0	680	1871030
e571c28b352ac0c3b0b8563bee99107e	gi|961555061|ref|NR_134029.1|	91.613	465	38	1	1	465	340	803	0.0	641	915173
e571c28b352ac0c3b0b8563bee99107e	gi|2363085159|ref|NR_180828.1|	90.405	469	36	7	1	465	328	791	1.03e-173	608	2606629
e571c28b352ac0c3b0b8563bee99107e	gi|651357925|ref|NR_044660.3|	90.171	468	39	7	1	465	349	812	1.33e-172	604	1323
e571c28b352ac0c3b0b8563bee99107e	gi|545589047|ref|NR_044647.2|	90.234	471	33	10	1	465	352	815	4.79e-172	603	428127
e571c28b352ac0c3b0b8563bee99107e	gi|631252211|ref|NR_113409.1|	90.234	471	33	10	1	465	334	797	4.79e-172	603	31971
e571c28b352ac0c3b0b8563bee99107e	gi|3248465743|ref|NR_201757.1|	89.787	470	37	10	1	465	347	810	1.04e-168	592	3681510
e571c28b352ac0c3b0b8563bee99107e	gi|631251965|ref|NR_113163.1|	89.507	467	44	3	1	465	342	805	4.82e-167	586	39483
39b53a2e1b0321182d1994e4b23f9f5d	gi|2363082342|ref|NR_179418.1|	93.228	443	29	1	1	442	348	790	0.0	651	1673721
39b53a2e1b0321182d1994e4b23f9f5d	gi|3030611324|ref|NR_200000.1|	93.002	443	30	1	1	442	301	743	0.0	645	3342383
39b53a2e1b0321182d1994e4b23f9f5d	gi|1109168025|ref|NR_144611.1|	93.002	443	30	1	1	442	282	724	0.0	645	1417852
39b53a2e1b0321182d1994e4b23f9f5d	gi|2363082352|ref|NR_179423.1|	92.551	443	32	1	1	442	349	791	0.0	634	1689270
39b53a2e1b0321182d1994e4b23f9f5d	gi|2363082168|ref|NR_179330.1|	92.325	443	32	2	1	442	327	768	7.49e-180	628	2714355
39b53a2e1b0321182d1994e4b23f9f5d	gi|2363082569|ref|NR_179531.1|	92.099	443	33	2	1	442	347	788	3.48e-178	623	1852369
39b53a2e1b0321182d1994e4b23f9f5d	gi|645321636|ref|NR_118554.1|	92.099	443	34	1	1	442	329	771	3.48e-178	623	1297617
39b53a2e1b0321182d1994e4b23f9f5d	gi|219846612|ref|NR_026204.1|	91.874	443	35	1	1	442	328	770	4.51e-177	619	47246
39b53a2e1b0321182d1994e4b23f9f5d	gi|2363083800|ref|NR_180148.1|	91.874	443	35	1	1	442	349	791	1.62e-176	617	2211183
39b53a2e1b0321182d1994e4b23f9f5d	gi|2363082165|ref|NR_179329.1|	91.648	443	35	2	1	442	327	768	7.54e-175	612	2714353
aeaf20e4367408202d039807f94b796d	gi|1040567059|ref|NR_137408.1|	98.633	439	6	0	1	439	290	728	0.0	778	1460447
aeaf20e4367408202d039807f94b796d	gi|559795157|ref|NR_104744.1|	98.405	439	7	0	1	439	320	758	0.0	773	1541
aeaf20e4367408202d039807f94b796d	gi|645322288|ref|NR_119074.1|	98.405	439	7	0	1	439	297	735	0.0	773	1121315
aeaf20e4367408202d039807f94b796d	gi|1116030282|ref|NR_144740.1|	97.494	439	11	0	1	439	321	759	0.0	750	1776391
aeaf20e4367408202d039807f94b796d	gi|228718376|ref|NR_027573.1|	97.267	439	12	0	1	439	303	741	0.0	745	261299
aeaf20e4367408202d039807f94b796d	gi|2363083072|ref|NR_179784.1|	97.039	439	13	0	1	439	301	739	0.0	739	2020948
aeaf20e4367408202d039807f94b796d	gi|645322235|ref|NR_119034.1|	97.039	439	12	1	1	439	320	757	0.0	737	1121321
aeaf20e4367408202d039807f94b796d	gi|2363082877|ref|NR_179687.1|	96.811	439	14	0	1	439	273	711	0.0	734	2662455
aeaf20e4367408202d039807f94b796d	gi|1230874654|ref|NR_148815.1|	96.811	439	14	0	1	439	319	757	0.0	734	1629550
aeaf20e4367408202d039807f94b796d	gi|974142280|ref|NR_134800.1|	96.811	439	14	0	1	439	255	693	0.0	734	1368474
0edec4c920988aae23eaf6ae7303a0bf	gi|343201281|ref|NR_042007.1|	99.095	442	4	0	1	442	343	784	0.0	795	622312
0edec4c920988aae23eaf6ae7303a0bf	gi|645320588|ref|NR_117758.1|	97.297	444	8	4	1	442	322	763	0.0	750	166486
0edec4c920988aae23eaf6ae7303a0bf	gi|228716944|ref|NR_027557.1|	97.297	444	8	4	1	442	343	784	0.0	750	536231
0edec4c920988aae23eaf6ae7303a0bf	gi|343198540|ref|NR_042832.1|	97.297	444	7	5	1	442	330	770	0.0	749	301302
0edec4c920988aae23eaf6ae7303a0bf	gi|444439494|ref|NR_074809.1|	96.847	444	9	5	1	442	350	790	0.0	737	585394
0edec4c920988aae23eaf6ae7303a0bf	gi|1227086116|ref|NR_148619.1|	96.629	445	9	6	1	442	301	742	0.0	734	1712665
0edec4c920988aae23eaf6ae7303a0bf	gi|343201282|ref|NR_042008.1|	96.622	444	9	6	1	442	341	780	0.0	732	585394
0edec4c920988aae23eaf6ae7303a0bf	gi|444304209|ref|NR_074634.1|	96.171	444	11	5	1	442	350	789	0.0	721	515619
0edec4c920988aae23eaf6ae7303a0bf	gi|2363086282|ref|NR_181393.1|	96.171	444	11	5	1	442	290	729	0.0	721	2763664
0edec4c920988aae23eaf6ae7303a0bf	gi|2363085153|ref|NR_180825.1|	95.495	444	15	5	1	442	347	787	0.0	704	2605790
feec4bb39dadb3bbaada1703d861118f	gi|265678578|ref|NR_028883.1|	99.093	441	3	1	1	440	226	666	0.0	791	88431
feec4bb39dadb3bbaada1703d861118f	gi|1397641798|ref|NR_156907.1|	96.606	442	11	4	1	440	348	787	0.0	730	1912855
feec4bb39dadb3bbaada1703d861118f	gi|265678482|ref|NR_028785.1|	96.599	441	13	2	1	440	351	790	0.0	730	29347
feec4bb39dadb3bbaada1703d861118f	gi|1109168023|ref|NR_144610.1|	96.372	441	14	2	1	440	339	778	0.0	725	1796622
feec4bb39dadb3bbaada1703d861118f	gi|645322565|ref|NR_119285.1|	96.372	441	14	2	1	440	325	764	0.0	725	29347
feec4bb39dadb3bbaada1703d861118f	gi|631250892|ref|NR_112089.1|	96.380	442	12	4	1	440	336	775	0.0	725	553973
feec4bb39dadb3bbaada1703d861118f	gi|310974936|ref|NR_036800.1|	96.372	441	14	2	1	440	326	765	0.0	725	411470
feec4bb39dadb3bbaada1703d861118f	gi|645321810|ref|NR_118690.1|	96.372	441	14	2	1	440	338	777	0.0	725	411470
feec4bb39dadb3bbaada1703d861118f	gi|224581401|ref|NR_024719.1|	96.380	442	11	5	1	440	341	779	0.0	723	89153
feec4bb39dadb3bbaada1703d861118f	gi|2363082765|ref|NR_179631.1|	96.136	440	17	0	1	440	348	787	0.0	719	2014528
3106dda9dd18537f3733d543e35610e0	gi|310974989|ref|NR_036853.1|	99.105	447	4	0	1	447	330	776	0.0	804	1683
3106dda9dd18537f3733d543e35610e0	gi|2363087083|ref|NR_181797.1|	98.434	447	7	0	1	447	250	696	0.0	787	2834432
3106dda9dd18537f3733d543e35610e0	gi|636559583|ref|NR_115643.1|	98.434	447	7	0	1	447	248	694	0.0	787	78345
3106dda9dd18537f3733d543e35610e0	gi|310975253|ref|NR_037117.1|	98.210	447	8	0	1	447	331	777	0.0	782	28026
3106dda9dd18537f3733d543e35610e0	gi|631251581|ref|NR_112779.1|	98.210	447	8	0	1	447	331	777	0.0	782	1150460
3106dda9dd18537f3733d543e35610e0	gi|343201160|ref|NR_041875.1|	98.210	447	8	0	1	447	310	756	0.0	782	1686
3106dda9dd18537f3733d543e35610e0	gi|3248465902|ref|NR_201917.1|	97.763	447	10	0	1	447	338	784	0.0	771	3692808
3106dda9dd18537f3733d543e35610e0	gi|1441204199|ref|NR_157614.1|	97.105	449	11	2	1	447	297	745	0.0	756	1769423
3106dda9dd18537f3733d543e35610e0	gi|1776910897|ref|NR_164634.1|	97.092	447	11	2	1	447	326	770	0.0	752	2045439
3106dda9dd18537f3733d543e35610e0	gi|2363087095|ref|NR_181803.1|	97.092	447	11	2	1	447	332	776	0.0	752	2809028
d1ee292e9c302a1fd3f15a9afcfbe4db	gi|2363084120|ref|NR_180309.1|	88.539	445	47	4	1	443	289	731	4.68e-152	536	2487273
d1ee292e9c302a1fd3f15a9afcfbe4db	gi|2363086270|ref|NR_181387.1|	88.488	443	50	1	1	443	302	743	1.68e-151	534	2763656
d1ee292e9c302a1fd3f15a9afcfbe4db	gi|444304204|ref|NR_074629.1|	88.315	445	48	4	1	443	341	783	2.18e-150	531	1515
d1ee292e9c302a1fd3f15a9afcfbe4db	gi|631251959|ref|NR_113157.1|	88.315	445	48	4	1	443	341	783	2.18e-150	531	1515
d1ee292e9c302a1fd3f15a9afcfbe4db	gi|631251702|ref|NR_112900.1|	88.315	445	48	4	1	443	341	783	2.18e-150	531	626937
d1ee292e9c302a1fd3f15a9afcfbe4db	gi|219857201|ref|NR_024829.1|	88.090	445	49	4	1	443	321	763	1.01e-148	525	253314
d1ee292e9c302a1fd3f15a9afcfbe4db	gi|636559283|ref|NR_115340.1|	87.640	445	51	4	1	443	336	778	2.19e-145	514	319644
d1ee292e9c302a1fd3f15a9afcfbe4db	gi|507148180|ref|NR_102987.1|	87.613	444	50	4	1	443	464	903	2.84e-144	510	720554
d1ee292e9c302a1fd3f15a9afcfbe4db	gi|343200548|ref|NR_041235.1|	87.162	444	52	4	1	443	444	883	6.14e-141	499	720554
d1ee292e9c302a1fd3f15a9afcfbe4db	gi|219873437|ref|NR_026099.2|	86.966	445	51	6	1	443	309	748	7.94e-140	496	29353
fdd5aedd25fa04d65ac781ea4957d4bf	gi|219846107|ref|NR_025697.1|	85.193	466	66	3	1	465	328	791	3.03e-134	477	216931
fdd5aedd25fa04d65ac781ea4957d4bf	gi|2363087361|ref|NR_181937.1|	85.225	467	64	5	1	465	291	754	1.09e-133	475	2683717
fdd5aedd25fa04d65ac781ea4957d4bf	gi|1270532561|ref|NR_146814.2|	84.582	467	67	4	1	465	350	813	1.10e-128	459	1514105
fdd5aedd25fa04d65ac781ea4957d4bf	gi|672238927|ref|NR_125516.1|	84.549	466	69	3	1	465	316	779	1.10e-128	459	362837
fdd5aedd25fa04d65ac781ea4957d4bf	gi|1150406785|ref|NR_146039.1|	84.582	467	67	4	1	465	266	729	1.10e-128	459	1514105
fdd5aedd25fa04d65ac781ea4957d4bf	gi|659364806|ref|NR_121738.1|	84.549	466	69	3	1	465	325	788	1.10e-128	459	1276257
fdd5aedd25fa04d65ac781ea4957d4bf	gi|659364563|ref|NR_121702.1|	84.582	467	67	5	1	465	325	788	1.10e-128	459	1276221
fdd5aedd25fa04d65ac781ea4957d4bf	gi|559795164|ref|NR_104751.1|	84.516	465	71	1	1	465	320	783	1.10e-128	459	2142
fdd5aedd25fa04d65ac781ea4957d4bf	gi|343198555|ref|NR_042854.1|	84.516	465	71	1	1	465	312	775	1.10e-128	459	81459
fdd5aedd25fa04d65ac781ea4957d4bf	gi|219846120|ref|NR_025710.1|	84.549	466	69	3	1	465	328	791	1.10e-128	459	216944
49ca69c903e06151a9b2f8c35db8864b	gi|444304189|ref|NR_074613.1|	99.091	440	4	0	1	440	350	789	0.0	791	515620
49ca69c903e06151a9b2f8c35db8864b	gi|559795246|ref|NR_104836.1|	96.136	440	17	0	1	440	333	772	0.0	719	706562
49ca69c903e06151a9b2f8c35db8864b	gi|559795169|ref|NR_104758.1|	95.455	440	20	0	1	440	345	784	0.0	702	1282887
49ca69c903e06151a9b2f8c35db8864b	gi|645321781|ref|NR_118667.1|	94.558	441	22	2	1	440	355	794	0.0	693	28052
49ca69c903e06151a9b2f8c35db8864b	gi|1277396183|ref|NR_151894.1|	93.409	440	29	0	1	440	335	774	0.0	652	433293
49ca69c903e06151a9b2f8c35db8864b	gi|343198925|ref|NR_044049.1|	93.409	440	29	0	1	440	316	755	0.0	652	33043
49ca69c903e06151a9b2f8c35db8864b	gi|645321783|ref|NR_118669.1|	92.500	440	33	0	1	440	355	794	0.0	647	39479
49ca69c903e06151a9b2f8c35db8864b	gi|343202586|ref|NR_042953.1|	93.197	441	28	2	1	440	308	747	0.0	647	264463
49ca69c903e06151a9b2f8c35db8864b	gi|219846511|ref|NR_026103.1|	92.955	440	31	0	1	440	316	755	0.0	641	37658
49ca69c903e06151a9b2f8c35db8864b	gi|219857405|ref|NR_024993.1|	92.971	441	29	2	1	440	349	788	0.0	641	99656
27b1d414a41fdaeabd17fb00310c9b60	gi|3030611230|ref|NR_199906.1|	96.818	440	14	0	1	440	354	793	0.0	736	3123317
27b1d414a41fdaeabd17fb00310c9b60	gi|3030611314|ref|NR_199990.1|	96.818	440	14	0	1	440	350	789	0.0	736	3123317
27b1d414a41fdaeabd17fb00310c9b60	gi|1384992331|ref|NR_156080.1|	96.818	440	14	0	1	440	336	775	0.0	736	1469948
27b1d414a41fdaeabd17fb00310c9b60	gi|1384992328|ref|NR_156077.1|	96.818	440	14	0	1	440	336	775	0.0	736	1469948
27b1d414a41fdaeabd17fb00310c9b60	gi|2363082679|ref|NR_179587.1|	96.591	440	15	0	1	440	328	767	0.0	730	1926283
27b1d414a41fdaeabd17fb00310c9b60	gi|1384992332|ref|NR_156081.1|	96.591	440	15	0	1	440	336	775	0.0	730	1469948
27b1d414a41fdaeabd17fb00310c9b60	gi|1384992329|ref|NR_156078.1|	96.591	440	15	0	1	440	336	775	0.0	730	1469948
27b1d414a41fdaeabd17fb00310c9b60	gi|2363081854|ref|NR_179173.1|	96.591	440	15	0	1	440	333	772	0.0	730	2126740
27b1d414a41fdaeabd17fb00310c9b60	gi|631253128|ref|NR_114326.1|	96.591	440	15	0	1	440	334	773	0.0	730	1150298
27b1d414a41fdaeabd17fb00310c9b60	gi|1193829153|ref|NR_147396.1|	96.136	440	17	0	1	440	328	767	0.0	719	1917870
e3f973e0a12f489fd8339c4d863605fe	gi|2363082342|ref|NR_179418.1|	89.213	445	44	3	1	443	348	790	4.65e-157	553	1673721
e3f973e0a12f489fd8339c4d863605fe	gi|645321636|ref|NR_118554.1|	89.213	445	44	4	1	443	329	771	4.65e-157	553	1297617
e3f973e0a12f489fd8339c4d863605fe	gi|2363082352|ref|NR_179423.1|	89.062	448	39	9	1	443	349	791	2.16e-155	547	1689270
e3f973e0a12f489fd8339c4d863605fe	gi|1109168025|ref|NR_144611.1|	88.939	443	49	0	1	443	282	724	2.16e-155	547	1417852
e3f973e0a12f489fd8339c4d863605fe	gi|2136551692|ref|NR_173697.1|	88.964	444	46	3	1	443	349	790	7.78e-155	545	2108523
e3f973e0a12f489fd8339c4d863605fe	gi|2363082358|ref|NR_179426.1|	88.739	444	48	2	1	443	349	791	1.01e-153	542	1702285
e3f973e0a12f489fd8339c4d863605fe	gi|2363083800|ref|NR_180148.1|	88.196	449	41	11	1	443	349	791	1.01e-148	525	2211183
e3f973e0a12f489fd8339c4d863605fe	gi|2363082326|ref|NR_179410.1|	88.063	444	51	2	1	443	349	791	1.01e-148	525	1650661
e3f973e0a12f489fd8339c4d863605fe	gi|1193829127|ref|NR_147370.1|	87.838	444	52	2	1	443	349	791	4.71e-147	520	1870988
e3f973e0a12f489fd8339c4d863605fe	gi|3030611324|ref|NR_200000.1|	87.585	443	55	0	1	443	301	743	2.19e-145	514	3342383
b283f124f0184dc6207135297151a604	gi|2363086280|ref|NR_181392.1|	99.095	442	4	0	1	442	324	765	0.0	795	2763665
b283f124f0184dc6207135297151a604	gi|2363082679|ref|NR_179587.1|	96.154	442	15	1	1	442	328	767	0.0	721	1926283
b283f124f0184dc6207135297151a604	gi|2363081854|ref|NR_179173.1|	96.154	442	15	1	1	442	333	772	0.0	721	2126740
b283f124f0184dc6207135297151a604	gi|1384992332|ref|NR_156081.1|	95.701	442	17	1	1	442	336	775	0.0	710	1469948
b283f124f0184dc6207135297151a604	gi|1384992329|ref|NR_156078.1|	95.701	442	17	1	1	442	336	775	0.0	710	1469948
b283f124f0184dc6207135297151a604	gi|3030611230|ref|NR_199906.1|	95.475	442	18	1	1	442	354	793	0.0	704	3123317
b283f124f0184dc6207135297151a604	gi|3030611314|ref|NR_199990.1|	95.475	442	18	1	1	442	350	789	0.0	704	3123317
b283f124f0184dc6207135297151a604	gi|1193829153|ref|NR_147396.1|	95.475	442	18	1	1	442	328	767	0.0	704	1917870
b283f124f0184dc6207135297151a604	gi|1384992331|ref|NR_156080.1|	95.475	442	18	1	1	442	336	775	0.0	704	1469948
b283f124f0184dc6207135297151a604	gi|1384992328|ref|NR_156077.1|	95.475	442	18	1	1	442	336	775	0.0	704	1469948
2f43f453da6451b73e99000bc1bfa45e	gi|2363086296|ref|NR_181400.1|	99.314	437	3	0	3	439	250	686	0.0	793	2764712
2f43f453da6451b73e99000bc1bfa45e	gi|2363086298|ref|NR_181401.1|	96.811	439	14	0	1	439	303	741	0.0	734	2763645
2f43f453da6451b73e99000bc1bfa45e	gi|1116030291|ref|NR_144749.1|	92.986	442	27	3	1	439	347	787	0.0	641	1852367
2f43f453da6451b73e99000bc1bfa45e	gi|2463901899|ref|NR_184630.1|	92.971	441	29	1	1	439	343	783	0.0	641	2839743
2f43f453da6451b73e99000bc1bfa45e	gi|2136551617|ref|NR_173621.1|	92.534	442	30	1	1	439	354	795	2.07e-180	630	2818044
2f43f453da6451b73e99000bc1bfa45e	gi|1116030279|ref|NR_144737.1|	92.081	442	32	1	1	439	347	788	4.47e-177	619	1776384
2f43f453da6451b73e99000bc1bfa45e	gi|645321915|ref|NR_118779.1|	92.063	441	33	2	1	439	327	767	4.47e-177	619	35517
2f43f453da6451b73e99000bc1bfa45e	gi|310975129|ref|NR_036993.1|	92.063	441	33	2	1	439	359	799	4.47e-177	619	35517
2f43f453da6451b73e99000bc1bfa45e	gi|2363082665|ref|NR_179580.1|	91.837	441	34	2	1	439	327	767	5.79e-176	616	1917867
2f43f453da6451b73e99000bc1bfa45e	gi|2363085330|ref|NR_180913.1|	91.855	442	33	2	1	439	327	768	2.08e-175	614	2697030
b97ecd75ca58cb601277177a565db86b	gi|645320257|ref|NR_117506.1|	99.326	445	3	0	1	445	311	755	0.0	806	216816
b97ecd75ca58cb601277177a565db86b	gi|545589064|ref|NR_044691.2|	99.101	445	4	0	1	445	341	785	0.0	802	216816
b97ecd75ca58cb601277177a565db86b	gi|1137647753|ref|NR_145535.1|	99.101	445	4	0	1	445	319	763	0.0	800	1931217
b97ecd75ca58cb601277177a565db86b	gi|343202943|ref|NR_043437.1|	99.101	445	4	0	1	445	328	772	0.0	800	1682
b97ecd75ca58cb601277177a565db86b	gi|2180566473|ref|NR_174313.1|	98.427	445	7	0	1	445	331	775	0.0	784	2650773
b97ecd75ca58cb601277177a565db86b	gi|2363087087|ref|NR_181799.1|	98.202	445	8	0	1	445	330	774	0.0	778	2809026
b97ecd75ca58cb601277177a565db86b	gi|545589069|ref|NR_044693.2|	97.753	445	10	0	1	445	339	783	0.0	778	1695
b97ecd75ca58cb601277177a565db86b	gi|1040567047|ref|NR_137396.1|	97.528	445	11	0	1	445	264	708	0.0	761	1798158
b97ecd75ca58cb601277177a565db86b	gi|2363084292|ref|NR_180396.1|	97.528	445	11	0	1	445	330	774	0.0	761	2306975
b97ecd75ca58cb601277177a565db86b	gi|1491520099|ref|NR_159261.1|	97.309	446	11	1	1	445	262	707	0.0	756	2052941
c17f2f2a4a58d23cde5e26e691a25bd0	gi|444303827|ref|NR_074249.1|	88.315	445	42	10	1	440	302	741	1.01e-148	525	269796
c17f2f2a4a58d23cde5e26e691a25bd0	gi|636559489|ref|NR_115549.1|	88.315	445	42	10	1	440	282	721	1.01e-148	525	269796
c17f2f2a4a58d23cde5e26e691a25bd0	gi|2363086372|ref|NR_181438.1|	87.919	447	40	13	1	440	291	730	2.18e-145	514	2775080
c17f2f2a4a58d23cde5e26e691a25bd0	gi|470467748|ref|NR_074191.1|	87.075	441	55	2	1	440	331	770	2.19e-140	497	1150469
c17f2f2a4a58d23cde5e26e691a25bd0	gi|631252428|ref|NR_113626.1|	87.075	441	55	2	1	440	282	721	2.19e-140	497	180200
c17f2f2a4a58d23cde5e26e691a25bd0	gi|636559018|ref|NR_115075.1|	87.104	442	54	3	1	440	260	700	2.19e-140	497	478448
c17f2f2a4a58d23cde5e26e691a25bd0	gi|343202338|ref|NR_042624.1|	87.075	441	55	2	1	440	258	697	2.19e-140	497	442525
c17f2f2a4a58d23cde5e26e691a25bd0	gi|343205857|ref|NR_044315.1|	87.075	441	55	2	1	440	282	721	2.19e-140	497	180200
c17f2f2a4a58d23cde5e26e691a25bd0	gi|343205856|ref|NR_044314.1|	87.075	441	55	2	1	440	282	721	2.19e-140	497	80876
c17f2f2a4a58d23cde5e26e691a25bd0	gi|631252500|ref|NR_113698.1|	86.848	441	56	2	1	440	282	721	2.84e-139	494	80876
ec0e04f0aa7a3104cb72aa67c1017310	gi|444304164|ref|NR_074588.1|	99.132	461	4	0	1	461	335	795	0.0	830	879243
ec0e04f0aa7a3104cb72aa67c1017310	gi|631251881|ref|NR_113079.1|	99.132	461	4	0	1	461	324	784	0.0	830	879243
ec0e04f0aa7a3104cb72aa67c1017310	gi|636560751|ref|NR_116811.1|	99.132	461	4	0	1	461	300	760	0.0	830	879243
ec0e04f0aa7a3104cb72aa67c1017310	gi|343206055|ref|NR_044635.1|	98.698	461	6	0	1	461	344	804	0.0	822	879243
ec0e04f0aa7a3104cb72aa67c1017310	gi|631251893|ref|NR_113091.1|	98.265	461	8	0	1	461	335	795	0.0	808	281920
ec0e04f0aa7a3104cb72aa67c1017310	gi|343202607|ref|NR_042986.1|	97.831	461	10	0	1	461	321	781	0.0	800	281920
ec0e04f0aa7a3104cb72aa67c1017310	gi|2962412224|ref|NR_199418.1|	88.412	466	45	8	1	461	323	784	4.85e-157	553	3137470
ec0e04f0aa7a3104cb72aa67c1017310	gi|559795100|ref|NR_104686.1|	87.257	463	54	5	1	461	339	798	3.80e-148	523	36875
ec0e04f0aa7a3104cb72aa67c1017310	gi|631251887|ref|NR_113085.1|	87.041	463	56	4	1	461	328	788	4.92e-147	520	28124
ec0e04f0aa7a3104cb72aa67c1017310	gi|343198529|ref|NR_042803.1|	87.041	463	56	4	1	461	319	779	4.92e-147	520	28124
74d8f2e8ea99fd0590fd2a029d8340e3	gi|631252181|ref|NR_113379.1|	99.549	443	2	0	1	443	321	763	0.0	808	134605
74d8f2e8ea99fd0590fd2a029d8340e3	gi|265678628|ref|NR_028933.1|	99.549	443	2	0	1	443	321	763	0.0	808	134605
74d8f2e8ea99fd0590fd2a029d8340e3	gi|228720055|ref|NR_027588.1|	98.871	443	5	0	1	443	246	688	0.0	795	469615
74d8f2e8ea99fd0590fd2a029d8340e3	gi|631253202|ref|NR_114400.1|	98.646	443	6	0	1	443	321	763	0.0	785	859
74d8f2e8ea99fd0590fd2a029d8340e3	gi|559795097|ref|NR_104683.1|	98.646	443	6	0	1	443	321	763	0.0	785	143387
74d8f2e8ea99fd0590fd2a029d8340e3	gi|636559020|ref|NR_115077.1|	98.646	443	6	0	1	443	317	759	0.0	785	143387
74d8f2e8ea99fd0590fd2a029d8340e3	gi|343201639|ref|NR_042365.1|	98.423	444	6	1	1	443	317	760	0.0	780	859
74d8f2e8ea99fd0590fd2a029d8340e3	gi|1269235450|ref|NR_146837.2|	96.840	443	14	0	1	443	326	768	0.0	741	1755100
74d8f2e8ea99fd0590fd2a029d8340e3	gi|645320556|ref|NR_117734.1|	96.840	443	14	0	1	443	309	751	0.0	741	850
74d8f2e8ea99fd0590fd2a029d8340e3	gi|631252186|ref|NR_113384.1|	96.614	443	15	0	1	443	321	763	0.0	736	856
ac32351432ae91c4f0cdea35b858328c	gi|1277396271|ref|NR_151982.1|	99.323	443	3	0	1	443	248	690	0.0	802	1628085
ac32351432ae91c4f0cdea35b858328c	gi|1277396349|ref|NR_152060.1|	99.097	443	4	0	1	443	336	778	0.0	798	1712515
ac32351432ae91c4f0cdea35b858328c	gi|545589041|ref|NR_044644.2|	95.937	443	16	1	1	443	354	794	0.0	725	39484
ac32351432ae91c4f0cdea35b858328c	gi|1193829128|ref|NR_147371.1|	95.937	443	16	1	1	443	277	717	0.0	717	1871029
ac32351432ae91c4f0cdea35b858328c	gi|343205971|ref|NR_044490.1|	94.595	444	23	1	1	443	348	791	0.0	686	501571
ac32351432ae91c4f0cdea35b858328c	gi|2363082930|ref|NR_179713.1|	93.905	443	27	0	1	443	319	761	0.0	669	1945634
ac32351432ae91c4f0cdea35b858328c	gi|2363087009|ref|NR_181761.1|	92.551	443	32	1	1	443	269	710	0.0	634	2841509
ac32351432ae91c4f0cdea35b858328c	gi|645321636|ref|NR_118554.1|	90.519	443	42	0	1	443	329	771	4.58e-167	586	1297617
ac32351432ae91c4f0cdea35b858328c	gi|3248465658|ref|NR_201672.1|	90.315	444	41	2	1	443	296	738	2.13e-165	580	3381350
ac32351432ae91c4f0cdea35b858328c	gi|2363082352|ref|NR_179423.1|	90.315	444	41	2	1	443	349	791	2.13e-165	580	1689270
b171c143c08564565e2987e3852a29cf	gi|2260349424|ref|NR_176506.1|	99.353	464	3	0	1	464	315	778	0.0	841	1982626
b171c143c08564565e2987e3852a29cf	gi|2260349423|ref|NR_176505.1|	98.276	464	8	0	1	464	314	777	0.0	813	1982628
b171c143c08564565e2987e3852a29cf	gi|631253195|ref|NR_114393.1|	92.888	464	33	0	1	464	326	789	0.0	675	29348
b171c143c08564565e2987e3852a29cf	gi|228720470|ref|NR_027592.1|	92.672	464	34	0	1	464	316	779	0.0	669	29348
b171c143c08564565e2987e3852a29cf	gi|645322231|ref|NR_119030.1|	92.473	465	33	2	1	464	324	787	0.0	664	428126
b171c143c08564565e2987e3852a29cf	gi|645322566|ref|NR_119286.1|	92.473	465	33	2	1	464	313	776	0.0	664	69824
b171c143c08564565e2987e3852a29cf	gi|1109168034|ref|NR_144615.1|	92.094	468	29	7	1	464	316	779	0.0	652	1796628
b171c143c08564565e2987e3852a29cf	gi|343203026|ref|NR_043550.1|	91.810	464	38	0	1	464	327	790	0.0	647	341225
b171c143c08564565e2987e3852a29cf	gi|631252045|ref|NR_113243.1|	91.613	465	37	2	1	464	328	791	0.0	641	1547
b171c143c08564565e2987e3852a29cf	gi|2363083393|ref|NR_179945.1|	91.416	466	36	3	1	464	280	743	0.0	636	2899121
0a236e147f6ece9f84b7355225f03388	gi|631252073|ref|NR_113271.1|	96.739	460	15	0	1	460	339	798	0.0	767	742725
0a236e147f6ece9f84b7355225f03388	gi|631251698|ref|NR_112896.1|	96.739	460	15	0	1	460	319	778	0.0	767	742725
0a236e147f6ece9f84b7355225f03388	gi|1116030248|ref|NR_144706.1|	96.522	460	16	0	1	460	342	801	0.0	761	1211813
0a236e147f6ece9f84b7355225f03388	gi|2363082099|ref|NR_179296.1|	91.957	460	37	0	1	460	324	783	0.0	645	2585119
0a236e147f6ece9f84b7355225f03388	gi|631251954|ref|NR_113152.1|	91.974	461	35	2	1	460	337	796	0.0	645	28117
0a236e147f6ece9f84b7355225f03388	gi|645321193|ref|NR_118219.1|	91.540	461	37	2	1	460	332	791	0.0	634	1033732
0a236e147f6ece9f84b7355225f03388	gi|672239000|ref|NR_125589.1|	91.540	461	37	2	1	460	269	728	0.0	634	1033731
0a236e147f6ece9f84b7355225f03388	gi|2363086959|ref|NR_181736.1|	91.304	460	40	0	1	460	334	793	7.81e-180	628	2834113
0a236e147f6ece9f84b7355225f03388	gi|631251953|ref|NR_113151.1|	91.304	460	40	0	1	460	338	797	7.81e-180	628	328813
0a236e147f6ece9f84b7355225f03388	gi|343202833|ref|NR_043318.1|	91.304	460	40	0	1	460	324	783	7.81e-180	628	328813
5a994f0444e89f6a1cb98fa0da8c66d5	gi|343201281|ref|NR_042007.1|	97.059	442	13	0	1	442	343	784	0.0	745	622312
5a994f0444e89f6a1cb98fa0da8c66d5	gi|559795150|ref|NR_104737.1|	96.380	442	14	1	1	442	346	785	0.0	726	1732
5a994f0444e89f6a1cb98fa0da8c66d5	gi|1315204019|ref|NR_152688.1|	96.163	443	13	3	1	442	348	787	0.0	721	433279
5a994f0444e89f6a1cb98fa0da8c66d5	gi|2363085153|ref|NR_180825.1|	95.946	444	13	5	1	442	347	787	0.0	715	2605790
5a994f0444e89f6a1cb98fa0da8c66d5	gi|2363082059|ref|NR_179276.1|	95.711	443	15	3	1	442	334	773	0.0	710	2316025
5a994f0444e89f6a1cb98fa0da8c66d5	gi|645320588|ref|NR_117758.1|	95.495	444	16	4	1	442	322	763	0.0	706	166486
5a994f0444e89f6a1cb98fa0da8c66d5	gi|228716944|ref|NR_027557.1|	95.495	444	16	4	1	442	343	784	0.0	706	536231
5a994f0444e89f6a1cb98fa0da8c66d5	gi|2363085133|ref|NR_180815.1|	95.485	443	16	3	1	442	350	789	0.0	704	2606633
5a994f0444e89f6a1cb98fa0da8c66d5	gi|1909404440|ref|NR_170495.1|	95.485	443	16	3	1	442	355	794	0.0	704	2509240
5a994f0444e89f6a1cb98fa0da8c66d5	gi|2363083556|ref|NR_180026.1|	95.485	443	16	3	1	442	348	787	0.0	704	2696678
2b239b6bcfacaafab15edeb7aa470976	gi|2363086262|ref|NR_181383.1|	92.568	444	33	0	1	444	307	750	0.0	638	2763654
2b239b6bcfacaafab15edeb7aa470976	gi|2363086270|ref|NR_181387.1|	92.117	444	33	2	1	444	302	743	9.73e-179	625	2763656
2b239b6bcfacaafab15edeb7aa470976	gi|2363086268|ref|NR_181386.1|	91.216	444	38	1	1	444	303	745	4.56e-172	603	2763655
2b239b6bcfacaafab15edeb7aa470976	gi|1116030284|ref|NR_144742.1|	90.991	444	39	1	1	444	352	794	2.12e-170	597	1805714
2b239b6bcfacaafab15edeb7aa470976	gi|631251702|ref|NR_112900.1|	90.112	445	41	3	1	444	341	783	9.94e-164	575	626937
2b239b6bcfacaafab15edeb7aa470976	gi|2363081417|ref|NR_178955.1|	89.213	445	45	3	1	444	288	730	4.66e-157	553	1851429
2b239b6bcfacaafab15edeb7aa470976	gi|1116030285|ref|NR_144743.1|	89.213	445	45	3	1	444	352	794	4.66e-157	553	1816678
2b239b6bcfacaafab15edeb7aa470976	gi|444304270|ref|NR_074696.1|	89.262	447	41	7	1	444	344	786	4.66e-157	553	697281
2b239b6bcfacaafab15edeb7aa470976	gi|1445136073|ref|NR_158113.1|	89.038	447	42	6	1	444	328	770	2.17e-155	547	433287
2b239b6bcfacaafab15edeb7aa470976	gi|219846168|ref|NR_025758.1|	89.038	447	42	7	1	444	344	786	2.17e-155	547	697281
00dff656367cf4f524c2be5a181d140b	gi|631251869|ref|NR_113067.1|	98.913	460	5	0	1	460	325	784	0.0	822	1077285
00dff656367cf4f524c2be5a181d140b	gi|645320100|ref|NR_117387.1|	98.913	460	5	0	1	460	320	779	0.0	822	1077285
00dff656367cf4f524c2be5a181d140b	gi|444303855|ref|NR_074277.1|	98.696	460	6	0	1	460	352	811	0.0	817	818
00dff656367cf4f524c2be5a181d140b	gi|631252008|ref|NR_113206.1|	98.696	460	6	0	1	460	336	795	0.0	817	1236513
00dff656367cf4f524c2be5a181d140b	gi|631251746|ref|NR_112944.1|	98.696	460	6	0	1	460	324	783	0.0	817	818
00dff656367cf4f524c2be5a181d140b	gi|2363084421|ref|NR_180458.1|	98.478	460	7	0	1	460	340	799	0.0	811	2650157
00dff656367cf4f524c2be5a181d140b	gi|631251749|ref|NR_112947.1|	98.043	460	9	0	1	460	326	785	0.0	802	657309
00dff656367cf4f524c2be5a181d140b	gi|2363084431|ref|NR_180463.1|	98.043	460	9	0	1	460	340	799	0.0	800	2650158
00dff656367cf4f524c2be5a181d140b	gi|343201773|ref|NR_042499.1|	98.043	460	9	0	1	460	294	753	0.0	800	657309
00dff656367cf4f524c2be5a181d140b	gi|343200626|ref|NR_041313.1|	98.043	460	9	0	1	460	340	799	0.0	800	338188
7e25923f3358139d3a36d65626a17009	gi|2260349448|ref|NR_176530.1|	99.548	442	2	0	1	442	358	799	0.0	806	2093857
7e25923f3358139d3a36d65626a17009	gi|2363082559|ref|NR_179526.1|	99.548	442	2	0	1	442	349	790	0.0	806	1841866
7e25923f3358139d3a36d65626a17009	gi|645321110|ref|NR_118156.1|	95.701	442	19	0	1	442	304	745	0.0	712	1007096
7e25923f3358139d3a36d65626a17009	gi|2962412234|ref|NR_199428.1|	95.475	442	20	0	1	442	352	793	0.0	706	3073143
7e25923f3358139d3a36d65626a17009	gi|2363087001|ref|NR_181757.1|	95.045	444	18	4	1	442	289	730	0.0	695	2841504
7e25923f3358139d3a36d65626a17009	gi|2363082170|ref|NR_179331.1|	95.034	443	21	1	1	442	328	770	0.0	695	2714358
7e25923f3358139d3a36d65626a17009	gi|1269801610|ref|NR_074793.2|	94.344	442	25	0	1	442	355	796	0.0	678	351091
7e25923f3358139d3a36d65626a17009	gi|343200653|ref|NR_041340.1|	94.344	442	25	0	1	442	328	769	0.0	678	351091
7e25923f3358139d3a36d65626a17009	gi|2363082569|ref|NR_179531.1|	94.118	442	26	0	1	442	347	788	0.0	673	1852369
7e25923f3358139d3a36d65626a17009	gi|2363082165|ref|NR_179329.1|	93.679	443	26	2	1	442	327	768	0.0	662	2714353
e2f0944dc70e568cad691f1a6c17ee21	gi|219846512|ref|NR_026104.1|	87.585	443	53	2	1	441	312	754	7.85e-145	512	1121303
e2f0944dc70e568cad691f1a6c17ee21	gi|2363084629|ref|NR_180563.1|	87.557	442	54	1	1	441	291	732	2.82e-144	510	2488810
e2f0944dc70e568cad691f1a6c17ee21	gi|672238876|ref|NR_125464.1|	87.557	442	54	1	1	441	325	766	2.82e-144	510	1297424
e2f0944dc70e568cad691f1a6c17ee21	gi|631252162|ref|NR_113360.1|	87.359	443	54	2	1	441	339	781	3.65e-143	507	1121303
e2f0944dc70e568cad691f1a6c17ee21	gi|645319736|ref|NR_117111.1|	87.359	443	54	2	1	441	336	778	3.65e-143	507	29371
e2f0944dc70e568cad691f1a6c17ee21	gi|219846510|ref|NR_026102.1|	87.330	442	55	1	1	441	313	754	1.31e-142	505	588581
e2f0944dc70e568cad691f1a6c17ee21	gi|785794309|ref|NG_041947.1|	87.133	443	55	2	1	441	469	911	1.70e-141	501	394503
e2f0944dc70e568cad691f1a6c17ee21	gi|785497611|ref|NR_102768.2|	87.133	443	55	2	1	441	330	772	1.70e-141	501	1521
e2f0944dc70e568cad691f1a6c17ee21	gi|645319803|ref|NR_117165.1|	87.104	442	56	1	1	441	476	917	6.11e-141	499	48256
e2f0944dc70e568cad691f1a6c17ee21	gi|645319802|ref|NR_117164.1|	87.104	442	56	1	1	441	476	917	6.11e-141	499	48256
7c5c352c6d8c4b380cb8047e1d114413	gi|3248465636|ref|NR_201647.1|	99.318	440	3	0	1	440	300	739	0.0	797	3380806
7c5c352c6d8c4b380cb8047e1d114413	gi|343198924|ref|NR_044048.1|	99.318	440	3	0	1	440	328	767	0.0	797	470146
7c5c352c6d8c4b380cb8047e1d114413	gi|1116030277|ref|NR_144735.1|	98.864	440	5	0	1	440	350	789	0.0	785	1745713
7c5c352c6d8c4b380cb8047e1d114413	gi|2363082603|ref|NR_179548.1|	97.045	440	13	0	1	440	348	787	0.0	743	1870993
7c5c352c6d8c4b380cb8047e1d114413	gi|265678940|ref|NR_029248.1|	96.591	440	13	2	1	440	349	786	0.0	730	500632
7c5c352c6d8c4b380cb8047e1d114413	gi|2363084846|ref|NR_180671.1|	95.909	440	18	0	1	440	63	502	0.0	713	2594882
7c5c352c6d8c4b380cb8047e1d114413	gi|2962412221|ref|NR_199415.1|	95.909	440	18	0	1	440	338	777	0.0	713	3136600
7c5c352c6d8c4b380cb8047e1d114413	gi|2363086021|ref|NR_181263.1|	95.909	440	18	0	1	440	334	773	0.0	713	2726362
7c5c352c6d8c4b380cb8047e1d114413	gi|2363086282|ref|NR_181393.1|	95.701	442	15	4	1	440	290	729	0.0	708	2763664
7c5c352c6d8c4b380cb8047e1d114413	gi|343203027|ref|NR_043551.1|	95.682	440	19	0	1	440	349	788	0.0	708	341220
4423efb65c01e7bc5c29805e04b55258	gi|444304209|ref|NR_074634.1|	99.545	440	2	0	1	440	350	789	0.0	802	515619
4423efb65c01e7bc5c29805e04b55258	gi|343198540|ref|NR_042832.1|	98.413	441	6	1	1	440	330	770	0.0	774	301302
4423efb65c01e7bc5c29805e04b55258	gi|1227086116|ref|NR_148619.1|	97.964	442	7	2	1	440	301	742	0.0	765	1712665
4423efb65c01e7bc5c29805e04b55258	gi|645320588|ref|NR_117758.1|	97.511	442	9	1	1	440	322	763	0.0	754	166486
4423efb65c01e7bc5c29805e04b55258	gi|228716944|ref|NR_027557.1|	97.511	442	9	1	1	440	343	784	0.0	754	536231
4423efb65c01e7bc5c29805e04b55258	gi|444439494|ref|NR_074809.1|	97.506	441	10	1	1	440	350	790	0.0	752	585394
4423efb65c01e7bc5c29805e04b55258	gi|343201282|ref|NR_042008.1|	97.279	441	10	2	1	440	341	780	0.0	747	585394
4423efb65c01e7bc5c29805e04b55258	gi|2363085153|ref|NR_180825.1|	97.052	441	12	1	1	440	347	787	0.0	741	2605790
4423efb65c01e7bc5c29805e04b55258	gi|219846723|ref|NR_026315.1|	97.045	440	13	0	1	440	317	756	0.0	741	46206
4423efb65c01e7bc5c29805e04b55258	gi|2363086282|ref|NR_181393.1|	96.818	440	14	0	1	440	290	729	0.0	736	2763664
832ab7907565796e94341d962a66fcfe	gi|219857539|ref|NR_025127.1|	96.380	442	16	0	1	442	345	786	0.0	728	140626
832ab7907565796e94341d962a66fcfe	gi|2363085153|ref|NR_180825.1|	95.701	442	18	1	1	442	347	787	0.0	710	2605790
832ab7907565796e94341d962a66fcfe	gi|2363082059|ref|NR_179276.1|	95.721	444	13	4	1	442	334	773	0.0	710	2316025
832ab7907565796e94341d962a66fcfe	gi|2363085149|ref|NR_180823.1|	95.475	442	18	1	1	442	357	796	0.0	704	2606634
832ab7907565796e94341d962a66fcfe	gi|2363086284|ref|NR_181394.1|	95.475	442	18	1	1	442	306	745	0.0	704	2763668
832ab7907565796e94341d962a66fcfe	gi|645321072|ref|NR_118128.1|	95.485	443	16	3	1	442	174	613	0.0	704	1531
832ab7907565796e94341d962a66fcfe	gi|631252212|ref|NR_113410.1|	95.485	443	16	3	1	442	257	696	0.0	704	208479
832ab7907565796e94341d962a66fcfe	gi|1315204019|ref|NR_152688.1|	95.485	443	16	3	1	442	348	787	0.0	704	433279
832ab7907565796e94341d962a66fcfe	gi|219878428|ref|NR_025567.1|	95.485	443	16	3	1	442	348	787	0.0	704	208479
832ab7907565796e94341d962a66fcfe	gi|645320588|ref|NR_117758.1|	95.249	442	21	0	1	442	322	763	0.0	701	166486
839709c7ae332319184733177455aac2	gi|545589041|ref|NR_044644.2|	97.279	441	12	0	1	441	354	794	0.0	756	39484
839709c7ae332319184733177455aac2	gi|1193829128|ref|NR_147371.1|	96.599	441	15	0	1	441	277	717	0.0	732	1871029
839709c7ae332319184733177455aac2	gi|1277396349|ref|NR_152060.1|	95.937	443	16	2	1	441	336	778	0.0	717	1712515
839709c7ae332319184733177455aac2	gi|1277396271|ref|NR_151982.1|	95.937	443	16	2	1	441	248	690	0.0	717	1628085
839709c7ae332319184733177455aac2	gi|2363082930|ref|NR_179713.1|	93.002	443	29	1	1	441	319	761	0.0	645	1945634
839709c7ae332319184733177455aac2	gi|343205971|ref|NR_044490.1|	92.568	444	30	3	1	441	348	791	0.0	634	501571
839709c7ae332319184733177455aac2	gi|2363087009|ref|NR_181761.1|	91.855	442	35	1	1	441	269	710	5.81e-176	616	2841509
839709c7ae332319184733177455aac2	gi|2363083800|ref|NR_180148.1|	89.391	443	45	1	1	441	349	791	3.57e-158	556	2211183
839709c7ae332319184733177455aac2	gi|219846612|ref|NR_026204.1|	88.939	443	47	1	1	441	328	770	2.15e-155	547	47246
839709c7ae332319184733177455aac2	gi|265679047|ref|NR_029355.1|	88.462	442	48	3	1	441	332	771	2.17e-150	531	84026
7fc49d86961b2084861f517dddb22246	gi|2363083168|ref|NR_179832.1|	81.974	466	81	3	1	465	374	837	1.13e-108	392	2579976
7fc49d86961b2084861f517dddb22246	gi|2363084637|ref|NR_180567.1|	81.663	469	77	9	1	465	363	826	2.44e-105	381	2582848
7fc49d86961b2084861f517dddb22246	gi|1179766737|ref|NR_146687.1|	81.489	470	76	10	1	465	350	813	1.14e-103	375	265178
7fc49d86961b2084861f517dddb22246	gi|343198582|ref|NR_042955.1|	81.607	473	70	17	1	465	302	765	1.14e-103	375	1318465
7fc49d86961b2084861f517dddb22246	gi|2363086053|ref|NR_181279.1|	81.197	468	82	6	1	465	285	749	1.47e-102	372	1449801
7fc49d86961b2084861f517dddb22246	gi|2363080822|ref|NR_178653.1|	81.197	468	82	6	1	465	321	785	1.47e-102	372	1449801
7fc49d86961b2084861f517dddb22246	gi|1441204225|ref|NR_157640.1|	81.156	467	83	5	1	465	314	777	5.29e-102	370	2020716
7fc49d86961b2084861f517dddb22246	gi|2621112335|ref|NR_189239.1|	81.435	474	69	16	1	465	289	752	5.29e-102	370	2764325
7fc49d86961b2084861f517dddb22246	gi|645320405|ref|NR_117618.1|	81.156	467	83	5	1	465	302	765	5.29e-102	370	1133364
7fc49d86961b2084861f517dddb22246	gi|636560397|ref|NR_116457.1|	81.237	469	79	8	1	465	345	808	5.29e-102	370	494026
255bfaa95f1365b89b76433dcf0aa682	gi|631251901|ref|NR_113099.1|	99.130	460	4	0	1	460	328	787	0.0	828	28128
255bfaa95f1365b89b76433dcf0aa682	gi|343206047|ref|NR_044627.1|	98.696	460	6	0	1	460	349	808	0.0	821	28128
255bfaa95f1365b89b76433dcf0aa682	gi|2363084326|ref|NR_180411.1|	96.087	460	18	0	1	460	342	801	0.0	750	2508867
255bfaa95f1365b89b76433dcf0aa682	gi|1277396175|ref|NR_151886.1|	92.391	460	35	0	1	460	341	800	0.0	656	1703337
255bfaa95f1365b89b76433dcf0aa682	gi|631251924|ref|NR_113122.1|	92.391	460	35	0	1	460	339	798	0.0	656	185294
255bfaa95f1365b89b76433dcf0aa682	gi|2363080041|ref|NR_178237.1|	92.174	460	36	0	1	460	330	789	0.0	651	2801997
255bfaa95f1365b89b76433dcf0aa682	gi|631251918|ref|NR_113116.1|	92.191	461	34	2	1	460	328	787	0.0	651	28133
255bfaa95f1365b89b76433dcf0aa682	gi|631251917|ref|NR_113115.1|	92.191	461	34	2	1	460	128	587	0.0	651	997352
255bfaa95f1365b89b76433dcf0aa682	gi|636558583|ref|NR_114640.1|	91.974	461	35	2	1	460	321	780	0.0	647	997352
255bfaa95f1365b89b76433dcf0aa682	gi|631251923|ref|NR_113121.1|	91.974	461	35	2	1	460	341	800	0.0	645	997353
979b20ca1382a7b8ddd800bd1b479371	gi|631251900|ref|NR_113098.1|	99.565	460	2	0	1	460	339	798	0.0	839	28127
979b20ca1382a7b8ddd800bd1b479371	gi|343206050|ref|NR_044630.1|	98.261	460	8	0	1	460	347	806	0.0	817	679190
979b20ca1382a7b8ddd800bd1b479371	gi|631251925|ref|NR_113123.1|	93.305	463	25	5	1	460	339	798	0.0	678	1122992
979b20ca1382a7b8ddd800bd1b479371	gi|343198858|ref|NR_043894.1|	93.305	463	25	5	1	460	319	778	0.0	678	1122992
979b20ca1382a7b8ddd800bd1b479371	gi|631252122|ref|NR_113320.1|	91.957	460	37	0	1	460	339	798	0.0	645	1236516
979b20ca1382a7b8ddd800bd1b479371	gi|636560772|ref|NR_116832.1|	91.957	460	37	0	1	460	319	778	0.0	645	1236516
979b20ca1382a7b8ddd800bd1b479371	gi|2363082394|ref|NR_179444.1|	91.522	460	39	0	1	460	342	801	0.0	634	1776388
979b20ca1382a7b8ddd800bd1b479371	gi|631251919|ref|NR_113117.1|	91.522	460	39	0	1	460	344	803	0.0	634	873533
979b20ca1382a7b8ddd800bd1b479371	gi|343198544|ref|NR_042841.1|	91.522	460	39	0	1	460	324	783	0.0	634	873533
979b20ca1382a7b8ddd800bd1b479371	gi|631251901|ref|NR_113099.1|	91.323	461	38	2	1	460	328	787	7.81e-180	628	28128
59546e6eb4493882a6b567920329a90c	gi|343198636|ref|NR_043142.1|	97.517	443	11	0	1	443	323	765	0.0	758	292800
59546e6eb4493882a6b567920329a90c	gi|265679048|ref|NR_029356.1|	97.517	443	11	0	1	443	336	778	0.0	758	292800
59546e6eb4493882a6b567920329a90c	gi|2363082342|ref|NR_179418.1|	97.065	443	13	0	1	443	348	790	0.0	747	1673721
59546e6eb4493882a6b567920329a90c	gi|2363084741|ref|NR_180619.1|	96.614	443	15	0	1	443	347	789	0.0	736	2779352
59546e6eb4493882a6b567920329a90c	gi|2363082326|ref|NR_179410.1|	95.937	443	18	0	1	443	349	791	0.0	719	1650661
59546e6eb4493882a6b567920329a90c	gi|1193829127|ref|NR_147370.1|	95.485	443	20	0	1	443	349	791	0.0	708	1870988
59546e6eb4493882a6b567920329a90c	gi|2136551692|ref|NR_173697.1|	95.485	443	19	1	1	443	349	790	0.0	706	2108523
59546e6eb4493882a6b567920329a90c	gi|219846080|ref|NR_025670.1|	95.260	443	21	0	1	443	329	771	0.0	702	411467
59546e6eb4493882a6b567920329a90c	gi|3030611323|ref|NR_199999.1|	94.808	443	23	0	1	443	301	743	0.0	691	3133422
59546e6eb4493882a6b567920329a90c	gi|2363082358|ref|NR_179426.1|	94.808	443	23	0	1	443	349	791	0.0	691	1702285
6510260de2bba4f88ab6662640f70342	gi|444303910|ref|NR_074333.1|	91.461	445	33	5	1	443	323	764	3.52e-173	606	663278
6510260de2bba4f88ab6662640f70342	gi|343202504|ref|NR_042828.1|	91.461	445	33	5	1	443	323	764	3.52e-173	606	663278
6510260de2bba4f88ab6662640f70342	gi|636559250|ref|NR_115307.1|	91.461	445	33	5	1	443	323	764	3.52e-173	606	663278
6510260de2bba4f88ab6662640f70342	gi|2962412223|ref|NR_199417.1|	89.842	443	42	1	1	443	342	781	5.97e-161	566	3136601
6510260de2bba4f88ab6662640f70342	gi|3248465687|ref|NR_201701.1|	89.640	444	44	2	1	443	330	772	2.15e-160	564	3435187
6510260de2bba4f88ab6662640f70342	gi|3248465688|ref|NR_201702.1|	89.640	444	44	2	1	443	328	770	2.15e-160	564	3435000
6510260de2bba4f88ab6662640f70342	gi|265679005|ref|NR_029313.1|	89.686	446	39	7	1	443	360	801	2.15e-160	564	52787
6510260de2bba4f88ab6662640f70342	gi|265679007|ref|NR_029315.1|	89.686	446	39	7	1	443	362	803	2.15e-160	564	52786
6510260de2bba4f88ab6662640f70342	gi|2363082585|ref|NR_179539.1|	89.640	444	40	4	1	443	351	789	2.78e-159	560	1852384
6510260de2bba4f88ab6662640f70342	gi|343199130|ref|NR_044624.1|	89.414	444	45	2	1	443	327	769	9.99e-159	558	29343
434715e45edb8ddd139b74236f520d1a	gi|2260473023|ref|NR_176800.1|	99.356	466	3	0	1	466	303	768	0.0	845	35833
434715e45edb8ddd139b74236f520d1a	gi|2962412215|ref|NR_199409.1|	92.324	469	29	7	1	466	328	792	0.0	660	3136602
434715e45edb8ddd139b74236f520d1a	gi|631252098|ref|NR_113296.1|	92.291	467	33	3	1	466	341	805	0.0	660	54565
434715e45edb8ddd139b74236f520d1a	gi|645319734|ref|NR_117110.1|	92.291	467	33	3	1	466	337	801	0.0	660	54565
434715e45edb8ddd139b74236f520d1a	gi|219846821|ref|NR_026413.1|	92.308	468	31	5	1	466	320	784	0.0	660	58621
434715e45edb8ddd139b74236f520d1a	gi|219846663|ref|NR_026255.1|	91.416	466	39	1	1	466	319	783	0.0	638	644897
434715e45edb8ddd139b74236f520d1a	gi|343198744|ref|NR_043567.1|	91.202	466	40	1	1	466	340	804	0.0	632	32016
434715e45edb8ddd139b74236f520d1a	gi|636558706|ref|NR_114763.1|	91.202	466	40	1	1	466	200	664	0.0	632	32016
434715e45edb8ddd139b74236f520d1a	gi|559795397|ref|NR_104990.1|	91.277	470	32	9	1	466	340	804	0.0	632	876
434715e45edb8ddd139b74236f520d1a	gi|566084868|ref|NR_108301.1|	91.139	474	28	14	1	466	324	791	2.20e-180	630	571438
3014df05f9a1775da45f5ea1625918ba	gi|2836274968|ref|NR_197731.1|	96.818	440	14	0	1	440	306	745	0.0	736	3093659
3014df05f9a1775da45f5ea1625918ba	gi|2836274966|ref|NR_197729.1|	96.825	441	12	2	1	440	304	743	0.0	736	3093657
3014df05f9a1775da45f5ea1625918ba	gi|2836274967|ref|NR_197730.1|	96.591	440	15	0	1	440	312	751	0.0	730	3093658
3014df05f9a1775da45f5ea1625918ba	gi|1116030278|ref|NR_144736.1|	96.599	441	13	2	1	440	360	799	0.0	730	1776382
3014df05f9a1775da45f5ea1625918ba	gi|1109168013|ref|NR_144605.1|	96.145	441	15	2	1	440	367	806	0.0	719	1796620
3014df05f9a1775da45f5ea1625918ba	gi|2363082767|ref|NR_179632.1|	95.692	441	17	2	1	440	337	776	0.0	708	2014781
3014df05f9a1775da45f5ea1625918ba	gi|1116030269|ref|NR_144727.1|	92.273	440	34	0	1	440	335	774	9.64e-179	625	1673717
3014df05f9a1775da45f5ea1625918ba	gi|2363086260|ref|NR_181382.1|	92.308	442	30	4	1	440	322	761	9.64e-179	625	2763662
3014df05f9a1775da45f5ea1625918ba	gi|636558732|ref|NR_114789.1|	92.290	441	32	2	1	440	347	786	9.64e-179	625	1535
3014df05f9a1775da45f5ea1625918ba	gi|1116030239|ref|NR_144697.1|	91.818	440	36	0	1	440	249	688	2.09e-175	614	1414721
e8b27fc7757341a0b73a449c04ffec9e	gi|2363082679|ref|NR_179587.1|	97.727	440	10	0	1	440	328	767	0.0	758	1926283
e8b27fc7757341a0b73a449c04ffec9e	gi|2363081854|ref|NR_179173.1|	97.727	440	10	0	1	440	333	772	0.0	758	2126740
e8b27fc7757341a0b73a449c04ffec9e	gi|2363085097|ref|NR_180797.1|	96.818	440	14	0	1	440	346	785	0.0	736	2605778
e8b27fc7757341a0b73a449c04ffec9e	gi|3030611230|ref|NR_199906.1|	96.591	440	15	0	1	440	354	793	0.0	730	3123317
e8b27fc7757341a0b73a449c04ffec9e	gi|3030611314|ref|NR_199990.1|	96.591	440	15	0	1	440	350	789	0.0	730	3123317
e8b27fc7757341a0b73a449c04ffec9e	gi|1384992331|ref|NR_156080.1|	96.591	440	15	0	1	440	336	775	0.0	730	1469948
e8b27fc7757341a0b73a449c04ffec9e	gi|1384992328|ref|NR_156077.1|	96.591	440	15	0	1	440	336	775	0.0	730	1469948
e8b27fc7757341a0b73a449c04ffec9e	gi|2363086290|ref|NR_181397.1|	96.591	440	15	0	1	440	303	742	0.0	730	2763671
e8b27fc7757341a0b73a449c04ffec9e	gi|1193829153|ref|NR_147396.1|	96.364	440	16	0	1	440	328	767	0.0	725	1917870
e8b27fc7757341a0b73a449c04ffec9e	gi|1384992332|ref|NR_156081.1|	96.364	440	16	0	1	440	336	775	0.0	725	1469948
1739a40e2f95626d973c1bb0f3ca4448	gi|2363082625|ref|NR_179559.1|	93.439	442	27	2	1	441	333	773	0.0	654	1871018
1739a40e2f95626d973c1bb0f3ca4448	gi|1193829155|ref|NR_147398.1|	92.290	441	32	2	1	441	351	789	9.66e-179	625	1720200
1739a40e2f95626d973c1bb0f3ca4448	gi|2363082711|ref|NR_179603.1|	92.290	441	32	2	1	441	317	755	9.66e-179	625	1944642
1739a40e2f95626d973c1bb0f3ca4448	gi|2363082601|ref|NR_179547.1|	91.837	441	35	1	1	441	347	786	2.09e-175	614	1870991
1739a40e2f95626d973c1bb0f3ca4448	gi|228717037|ref|NR_027558.1|	91.837	441	34	2	1	441	292	730	2.09e-175	614	169435
1739a40e2f95626d973c1bb0f3ca4448	gi|3248465644|ref|NR_201656.1|	91.610	441	36	1	1	441	329	768	9.73e-174	608	3417633
1739a40e2f95626d973c1bb0f3ca4448	gi|1116030290|ref|NR_144748.1|	91.610	441	35	2	1	441	335	773	9.73e-174	608	2897707
1739a40e2f95626d973c1bb0f3ca4448	gi|265679047|ref|NR_029355.1|	91.610	441	36	1	1	441	332	771	9.73e-174	608	84026
1739a40e2f95626d973c1bb0f3ca4448	gi|2363086276|ref|NR_181390.1|	90.930	441	39	1	1	441	304	743	9.80e-169	592	2763659
1739a40e2f95626d973c1bb0f3ca4448	gi|444303976|ref|NR_074399.1|	90.950	442	37	3	1	441	333	772	9.80e-169	592	697329
2811318b36daad310d4d73e1eb0522bb	gi|3248465687|ref|NR_201701.1|	93.905	443	27	0	1	443	330	772	0.0	669	3435187
2811318b36daad310d4d73e1eb0522bb	gi|3248465688|ref|NR_201702.1|	93.905	443	27	0	1	443	328	770	0.0	669	3435000
2811318b36daad310d4d73e1eb0522bb	gi|1146059197|ref|NR_145929.1|	93.018	444	30	1	1	443	319	762	0.0	647	642589
2811318b36daad310d4d73e1eb0522bb	gi|2180566484|ref|NR_174324.1|	93.034	445	24	6	1	443	346	785	0.0	643	2576756
2811318b36daad310d4d73e1eb0522bb	gi|636558732|ref|NR_114789.1|	92.777	443	29	2	1	443	347	786	0.0	638	1535
2811318b36daad310d4d73e1eb0522bb	gi|1116030278|ref|NR_144736.1|	92.325	443	31	1	1	443	360	799	2.70e-179	627	1776382
2811318b36daad310d4d73e1eb0522bb	gi|1116030239|ref|NR_144697.1|	92.099	443	32	1	1	443	249	688	1.26e-177	621	1414721
2811318b36daad310d4d73e1eb0522bb	gi|2836274968|ref|NR_197731.1|	91.874	443	33	1	1	443	306	745	5.84e-176	616	3093659
2811318b36daad310d4d73e1eb0522bb	gi|602269312|ref|NR_044835.2|	91.892	444	31	3	1	443	259	698	5.84e-176	616	1549
2811318b36daad310d4d73e1eb0522bb	gi|1193829157|ref|NR_147400.1|	91.667	444	32	3	1	443	339	778	2.72e-174	610	1958780
5f682d62e119eca8a7ca8b2e6c3d6b41	gi|2621112340|ref|NR_189244.1|	92.809	445	27	5	1	443	363	804	0.0	640	3046382
5f682d62e119eca8a7ca8b2e6c3d6b41	gi|2621112341|ref|NR_189245.1|	92.584	445	28	5	1	443	363	804	0.0	634	3046383
5f682d62e119eca8a7ca8b2e6c3d6b41	gi|2363086262|ref|NR_181383.1|	88.789	446	45	5	1	443	307	750	1.01e-153	542	2763654
5f682d62e119eca8a7ca8b2e6c3d6b41	gi|2363086268|ref|NR_181386.1|	88.539	445	47	4	1	443	303	745	4.68e-152	536	2763655
5f682d62e119eca8a7ca8b2e6c3d6b41	gi|559795176|ref|NR_104765.1|	86.712	444	57	2	1	443	323	765	1.03e-138	492	108007
5f682d62e119eca8a7ca8b2e6c3d6b41	gi|343205970|ref|NR_044489.1|	86.712	444	57	2	1	443	336	778	1.03e-138	492	857293
5f682d62e119eca8a7ca8b2e6c3d6b41	gi|1491509619|ref|NR_159150.1|	86.742	445	54	4	1	443	350	791	3.70e-138	490	489973
5f682d62e119eca8a7ca8b2e6c3d6b41	gi|1491509615|ref|NR_159146.1|	86.486	444	57	3	1	443	348	789	1.72e-136	484	1715347
5f682d62e119eca8a7ca8b2e6c3d6b41	gi|645320205|ref|NR_117466.1|	86.486	444	57	3	1	443	332	773	1.72e-136	484	699281
5f682d62e119eca8a7ca8b2e6c3d6b41	gi|343199076|ref|NR_044503.1|	86.577	447	49	8	1	443	450	889	6.18e-136	483	520762
971a595cbe670e7bf204322fd089f780	gi|2621112340|ref|NR_189244.1|	94.344	442	23	2	1	440	363	804	0.0	676	3046382
971a595cbe670e7bf204322fd089f780	gi|2621112341|ref|NR_189245.1|	94.118	442	24	2	1	440	363	804	0.0	671	3046383
971a595cbe670e7bf204322fd089f780	gi|2363086262|ref|NR_181383.1|	88.367	447	42	9	1	440	307	750	7.77e-150	529	2763654
971a595cbe670e7bf204322fd089f780	gi|2836274966|ref|NR_197729.1|	87.755	441	52	2	1	440	304	743	2.18e-145	514	3093657
971a595cbe670e7bf204322fd089f780	gi|2836274967|ref|NR_197730.1|	86.621	441	57	2	1	440	312	751	4.75e-137	486	3093658
971a595cbe670e7bf204322fd089f780	gi|1116030278|ref|NR_144736.1|	86.652	442	55	4	1	440	360	799	4.75e-137	486	1776382
971a595cbe670e7bf204322fd089f780	gi|2363085282|ref|NR_180889.1|	86.591	440	59	0	1	440	293	732	4.75e-137	486	2699427
971a595cbe670e7bf204322fd089f780	gi|219846587|ref|NR_026179.1|	86.652	442	55	4	1	440	332	771	4.75e-137	486	76489
971a595cbe670e7bf204322fd089f780	gi|566085050|ref|NR_108636.1|	86.486	444	52	7	1	440	348	787	2.21e-135	481	682400
971a595cbe670e7bf204322fd089f780	gi|1491509615|ref|NR_159146.1|	86.261	444	55	6	1	440	348	789	2.86e-134	477	1715347
b18b9bd6b1f77abb25d1e299ab37fa4c	gi|3030611263|ref|NR_199939.1|	87.838	444	47	7	1	441	332	771	2.18e-145	514	3074434
b18b9bd6b1f77abb25d1e299ab37fa4c	gi|672239088|ref|NR_125677.1|	87.865	445	45	9	1	441	346	785	2.18e-145	514	1348613
b18b9bd6b1f77abb25d1e299ab37fa4c	gi|672238876|ref|NR_125464.1|	87.557	442	54	1	1	441	325	766	2.82e-144	510	1297424
b18b9bd6b1f77abb25d1e299ab37fa4c	gi|2363083221|ref|NR_179859.1|	87.585	443	50	5	1	441	347	786	1.02e-143	508	2078660
b18b9bd6b1f77abb25d1e299ab37fa4c	gi|1230874676|ref|NR_148837.1|	87.387	444	49	7	1	441	347	786	4.72e-142	503	1675854
b18b9bd6b1f77abb25d1e299ab37fa4c	gi|645320438|ref|NR_117645.1|	87.387	444	49	7	1	441	345	784	4.72e-142	503	1185412
b18b9bd6b1f77abb25d1e299ab37fa4c	gi|2363084629|ref|NR_180563.1|	87.104	442	56	1	1	441	291	732	6.11e-141	499	2488810
b18b9bd6b1f77abb25d1e299ab37fa4c	gi|785794309|ref|NG_041947.1|	86.907	443	56	2	1	441	469	911	7.90e-140	496	394503
b18b9bd6b1f77abb25d1e299ab37fa4c	gi|785497611|ref|NR_102768.2|	86.907	443	56	2	1	441	330	772	7.90e-140	496	1521
b18b9bd6b1f77abb25d1e299ab37fa4c	gi|219846512|ref|NR_026104.1|	86.907	443	56	1	1	441	312	754	7.90e-140	496	1121303
30649b4ee8ed58f8f1f5db30b5ead581	gi|636558732|ref|NR_114789.1|	99.545	440	2	0	1	440	347	786	0.0	802	1535
30649b4ee8ed58f8f1f5db30b5ead581	gi|2363082767|ref|NR_179632.1|	94.545	440	24	0	1	440	337	776	0.0	680	2014781
30649b4ee8ed58f8f1f5db30b5ead581	gi|3248465687|ref|NR_201701.1|	94.357	443	22	1	1	440	330	772	0.0	676	3435187
30649b4ee8ed58f8f1f5db30b5ead581	gi|3248465688|ref|NR_201702.1|	94.357	443	22	1	1	440	328	770	0.0	676	3435000
30649b4ee8ed58f8f1f5db30b5ead581	gi|2836274967|ref|NR_197730.1|	93.636	440	28	0	1	440	312	751	0.0	658	3093658
30649b4ee8ed58f8f1f5db30b5ead581	gi|2180566484|ref|NR_174324.1|	93.636	440	28	0	1	440	346	785	0.0	658	2576756
30649b4ee8ed58f8f1f5db30b5ead581	gi|2836274966|ref|NR_197729.1|	93.409	440	29	0	1	440	304	743	0.0	652	3093657
30649b4ee8ed58f8f1f5db30b5ead581	gi|1109168013|ref|NR_144605.1|	93.409	440	29	0	1	440	367	806	0.0	652	1796620
30649b4ee8ed58f8f1f5db30b5ead581	gi|1116030278|ref|NR_144736.1|	93.409	440	29	0	1	440	360	799	0.0	652	1776382
30649b4ee8ed58f8f1f5db30b5ead581	gi|2363085985|ref|NR_181245.1|	93.409	440	29	0	1	440	284	723	0.0	652	2666138
e88aca8d351dcc9309ed35729cdd9584	gi|566085203|ref|NR_109014.1|	99.318	440	3	0	1	440	195	634	0.0	797	871665
e88aca8d351dcc9309ed35729cdd9584	gi|2363082673|ref|NR_179584.1|	98.864	440	5	0	1	440	327	766	0.0	787	1917888
e88aca8d351dcc9309ed35729cdd9584	gi|631252033|ref|NR_113231.1|	97.955	440	9	0	1	440	347	786	0.0	763	536633
e88aca8d351dcc9309ed35729cdd9584	gi|631251591|ref|NR_112789.1|	97.955	440	9	0	1	440	333	772	0.0	763	536633
e88aca8d351dcc9309ed35729cdd9584	gi|2363084170|ref|NR_180334.1|	97.052	441	11	2	1	440	253	692	0.0	741	2763028
e88aca8d351dcc9309ed35729cdd9584	gi|2363086300|ref|NR_181402.1|	97.052	441	11	2	1	440	300	739	0.0	741	2763028
e88aca8d351dcc9309ed35729cdd9584	gi|631252072|ref|NR_113270.1|	97.045	440	13	0	1	440	348	787	0.0	741	1121114
e88aca8d351dcc9309ed35729cdd9584	gi|645320731|ref|NR_117867.1|	97.045	440	13	0	1	440	300	739	0.0	741	871664
e88aca8d351dcc9309ed35729cdd9584	gi|559795114|ref|NR_104700.1|	97.045	440	13	0	1	440	348	787	0.0	741	33035
e88aca8d351dcc9309ed35729cdd9584	gi|219846720|ref|NR_026312.1|	96.818	440	14	0	1	440	327	766	0.0	737	180164
c44579d84305ce5b1e1e4438b912bd4c	gi|631252118|ref|NR_113316.1|	99.320	441	3	0	1	441	327	767	0.0	798	74426
c44579d84305ce5b1e1e4438b912bd4c	gi|265678302|ref|NR_028604.1|	98.413	441	6	1	1	441	327	766	0.0	774	74426
c44579d84305ce5b1e1e4438b912bd4c	gi|1193829136|ref|NR_147379.1|	96.606	442	12	3	1	441	328	767	0.0	730	1907654
c44579d84305ce5b1e1e4438b912bd4c	gi|1193829156|ref|NR_147399.1|	95.692	441	18	1	1	441	328	767	0.0	708	1871016
c44579d84305ce5b1e1e4438b912bd4c	gi|1109167962|ref|NR_144579.1|	95.238	441	20	1	1	441	322	761	0.0	697	1232426
c44579d84305ce5b1e1e4438b912bd4c	gi|2363082368|ref|NR_179431.1|	95.011	441	21	1	1	441	328	767	0.0	691	1720204
c44579d84305ce5b1e1e4438b912bd4c	gi|631251967|ref|NR_113165.1|	95.011	441	21	1	1	441	328	767	0.0	691	147207
c44579d84305ce5b1e1e4438b912bd4c	gi|631251966|ref|NR_113164.1|	95.011	441	21	1	1	441	328	767	0.0	691	147206
c44579d84305ce5b1e1e4438b912bd4c	gi|2363084792|ref|NR_180644.1|	94.785	441	22	1	1	441	249	688	0.0	688	2603815
c44579d84305ce5b1e1e4438b912bd4c	gi|2363082703|ref|NR_179599.1|	94.570	442	21	3	1	441	308	747	0.0	680	1937461
85f1a7fa6fde9d55b8786e06453afcc8	gi|2363086276|ref|NR_181390.1|	95.455	440	19	1	1	439	304	743	0.0	701	2763659
85f1a7fa6fde9d55b8786e06453afcc8	gi|1445136071|ref|NR_158111.1|	95.216	439	21	0	1	439	349	787	0.0	695	2038680
85f1a7fa6fde9d55b8786e06453afcc8	gi|2363082755|ref|NR_179626.1|	94.533	439	24	0	1	439	351	789	0.0	678	1987501
85f1a7fa6fde9d55b8786e06453afcc8	gi|1277396348|ref|NR_152059.1|	94.344	442	22	2	1	439	272	713	0.0	675	1849041
85f1a7fa6fde9d55b8786e06453afcc8	gi|2363082561|ref|NR_179527.1|	94.344	442	22	2	1	439	336	777	0.0	675	1841868
85f1a7fa6fde9d55b8786e06453afcc8	gi|2363082601|ref|NR_179547.1|	94.104	441	23	3	1	439	347	786	0.0	667	1870991
85f1a7fa6fde9d55b8786e06453afcc8	gi|1193829135|ref|NR_147378.1|	93.878	441	25	1	1	439	339	779	0.0	664	1871035
85f1a7fa6fde9d55b8786e06453afcc8	gi|2363082585|ref|NR_179539.1|	93.850	439	27	0	1	439	351	789	0.0	662	1852384
85f1a7fa6fde9d55b8786e06453afcc8	gi|343202572|ref|NR_042930.1|	92.483	439	33	0	1	439	366	804	7.43e-180	628	258515
85f1a7fa6fde9d55b8786e06453afcc8	gi|265679047|ref|NR_029355.1|	92.500	440	32	1	1	439	332	771	7.43e-180	628	84026
dc25b5df29c7d9e266e7c7cca519a5fc	gi|2836274932|ref|NR_197695.1|	99.355	465	3	0	1	465	344	808	0.0	843	3053355
dc25b5df29c7d9e266e7c7cca519a5fc	gi|343198520|ref|NR_042776.1|	99.355	465	3	0	1	465	345	809	0.0	843	1304
dc25b5df29c7d9e266e7c7cca519a5fc	gi|343198522|ref|NR_042778.1|	99.140	465	4	0	1	465	345	809	0.0	837	1308
dc25b5df29c7d9e266e7c7cca519a5fc	gi|343198521|ref|NR_042777.1|	99.140	465	3	1	1	465	345	808	0.0	835	889206
dc25b5df29c7d9e266e7c7cca519a5fc	gi|645322192|ref|NR_118998.1|	98.710	465	6	0	1	465	340	804	0.0	826	1308
dc25b5df29c7d9e266e7c7cca519a5fc	gi|566084933|ref|NR_108477.1|	97.849	465	10	0	1	465	251	715	0.0	804	701526
dc25b5df29c7d9e266e7c7cca519a5fc	gi|645322122|ref|NR_118942.1|	97.210	466	11	2	1	465	243	707	0.0	804	889206
dc25b5df29c7d9e266e7c7cca519a5fc	gi|2363087357|ref|NR_181935.1|	97.419	465	12	0	1	465	355	819	0.0	793	2781599
dc25b5df29c7d9e266e7c7cca519a5fc	gi|2363086454|ref|NR_181481.1|	97.419	465	12	0	1	465	348	812	0.0	793	2781599
dc25b5df29c7d9e266e7c7cca519a5fc	gi|2363081939|ref|NR_179215.1|	97.419	465	12	0	1	465	336	800	0.0	793	1501662
ad8bf0457e8a16137860ebf24fab453c	gi|2363082170|ref|NR_179331.1|	99.097	443	3	1	1	442	328	770	0.0	795	2714358
ad8bf0457e8a16137860ebf24fab453c	gi|2260349448|ref|NR_176530.1|	95.023	442	22	0	1	442	358	799	0.0	695	2093857
ad8bf0457e8a16137860ebf24fab453c	gi|2363082559|ref|NR_179526.1|	95.023	442	22	0	1	442	349	790	0.0	695	1841866
ad8bf0457e8a16137860ebf24fab453c	gi|645321110|ref|NR_118156.1|	93.213	442	30	0	1	442	304	745	0.0	651	1007096
ad8bf0457e8a16137860ebf24fab453c	gi|2363087001|ref|NR_181757.1|	93.018	444	27	4	1	442	289	730	0.0	645	2841504
ad8bf0457e8a16137860ebf24fab453c	gi|2363082569|ref|NR_179531.1|	92.986	442	31	0	1	442	347	788	0.0	645	1852369
ad8bf0457e8a16137860ebf24fab453c	gi|2363082168|ref|NR_179330.1|	92.986	442	31	0	1	442	327	768	0.0	645	2714355
ad8bf0457e8a16137860ebf24fab453c	gi|2962412234|ref|NR_199428.1|	92.986	442	31	0	1	442	352	793	0.0	645	3073143
ad8bf0457e8a16137860ebf24fab453c	gi|2363082165|ref|NR_179329.1|	92.760	442	32	0	1	442	327	768	0.0	640	2714353
ad8bf0457e8a16137860ebf24fab453c	gi|1269801610|ref|NR_074793.2|	92.308	442	34	0	1	442	355	796	7.49e-180	628	351091
e867cc28ad2f7a5016aa82bd99503cb3	gi|343205972|ref|NR_044491.1|	98.265	461	8	0	1	461	327	787	0.0	808	501496
e867cc28ad2f7a5016aa82bd99503cb3	gi|631252030|ref|NR_113228.1|	98.048	461	9	0	1	461	339	799	0.0	802	501496
e867cc28ad2f7a5016aa82bd99503cb3	gi|631251892|ref|NR_113090.1|	88.769	463	47	5	1	461	329	788	8.05e-160	562	1122975
e867cc28ad2f7a5016aa82bd99503cb3	gi|343202829|ref|NR_043312.1|	88.769	463	47	5	1	461	326	785	8.05e-160	562	1122975
e867cc28ad2f7a5016aa82bd99503cb3	gi|631251891|ref|NR_113089.1|	87.527	465	49	6	1	461	339	798	8.17e-150	529	1122973
e867cc28ad2f7a5016aa82bd99503cb3	gi|636560750|ref|NR_116810.1|	87.527	465	49	6	1	461	304	763	8.17e-150	529	1122973
e867cc28ad2f7a5016aa82bd99503cb3	gi|219846317|ref|NR_025907.1|	87.339	466	48	8	1	461	346	805	1.06e-148	525	1122973
e867cc28ad2f7a5016aa82bd99503cb3	gi|559795100|ref|NR_104686.1|	86.580	462	59	3	1	461	339	798	3.83e-143	507	36875
e867cc28ad2f7a5016aa82bd99503cb3	gi|1018196564|ref|NR_136443.1|	84.764	466	61	10	1	461	300	760	1.09e-128	459	867595
e867cc28ad2f7a5016aa82bd99503cb3	gi|2221405216|ref|NR_175436.1|	84.416	462	69	3	1	461	316	775	1.82e-126	451	712710
dd6f2bbc573682429da77e6ace63c6de	gi|2363082342|ref|NR_179418.1|	88.989	445	45	4	1	443	348	790	2.16e-155	547	1673721
dd6f2bbc573682429da77e6ace63c6de	gi|645321636|ref|NR_118554.1|	88.539	445	47	4	1	443	329	771	4.68e-152	536	1297617
dd6f2bbc573682429da77e6ace63c6de	gi|2363082358|ref|NR_179426.1|	88.063	444	51	2	1	443	349	791	1.01e-148	525	1702285
dd6f2bbc573682429da77e6ace63c6de	gi|2136551692|ref|NR_173697.1|	88.036	443	52	1	1	443	349	790	3.64e-148	523	2108523
dd6f2bbc573682429da77e6ace63c6de	gi|2363082326|ref|NR_179410.1|	87.838	444	52	2	1	443	349	791	4.71e-147	520	1650661
dd6f2bbc573682429da77e6ace63c6de	gi|1109168025|ref|NR_144611.1|	87.838	444	52	2	1	443	282	724	4.71e-147	520	1417852
dd6f2bbc573682429da77e6ace63c6de	gi|645321110|ref|NR_118156.1|	87.810	443	53	1	1	443	304	745	1.69e-146	518	1007096
dd6f2bbc573682429da77e6ace63c6de	gi|2962412234|ref|NR_199428.1|	87.585	443	54	1	1	443	352	793	7.89e-145	512	3073143
dd6f2bbc573682429da77e6ace63c6de	gi|3030611324|ref|NR_200000.1|	87.416	445	52	4	1	443	301	743	1.02e-143	508	3342383
dd6f2bbc573682429da77e6ace63c6de	gi|3030611323|ref|NR_199999.1|	87.444	446	50	6	1	443	301	743	1.02e-143	508	3133422
5530bb0d1767da90d59d18df7fb32807	gi|2363086278|ref|NR_181391.1|	99.545	440	2	0	1	440	249	688	0.0	802	2763670
5530bb0d1767da90d59d18df7fb32807	gi|219856842|ref|NR_024661.1|	97.273	440	12	0	1	440	361	800	0.0	747	42322
5530bb0d1767da90d59d18df7fb32807	gi|343198925|ref|NR_044049.1|	95.227	440	21	0	1	440	316	755	0.0	697	33043
5530bb0d1767da90d59d18df7fb32807	gi|2363085925|ref|NR_181215.1|	95.000	440	22	0	1	440	331	770	0.0	691	2738446
5530bb0d1767da90d59d18df7fb32807	gi|631252121|ref|NR_113319.1|	94.773	440	23	0	1	440	350	789	0.0	686	645466
5530bb0d1767da90d59d18df7fb32807	gi|943392602|ref|NR_117139.2|	94.545	440	24	0	1	440	346	785	0.0	680	649756
5530bb0d1767da90d59d18df7fb32807	gi|943392601|ref|NR_117138.2|	94.545	440	24	0	1	440	346	785	0.0	680	649756
5530bb0d1767da90d59d18df7fb32807	gi|559795210|ref|NR_104799.1|	94.545	440	24	0	1	440	338	777	0.0	680	649756
5530bb0d1767da90d59d18df7fb32807	gi|636560803|ref|NR_116863.1|	94.558	441	23	1	1	440	337	777	0.0	680	645466
5530bb0d1767da90d59d18df7fb32807	gi|343202586|ref|NR_042953.1|	94.545	440	24	0	1	440	308	747	0.0	680	264463
9823e14478f6bda07dbe005a45d204fe	gi|2363082779|ref|NR_179638.1|	99.545	440	2	0	1	440	348	787	0.0	802	2040291
9823e14478f6bda07dbe005a45d204fe	gi|545589044|ref|NR_044645.2|	98.636	440	6	0	1	440	355	794	0.0	787	39486
9823e14478f6bda07dbe005a45d204fe	gi|1397641798|ref|NR_156907.1|	96.818	440	14	0	1	440	348	787	0.0	736	1912855
9823e14478f6bda07dbe005a45d204fe	gi|1109168038|ref|NR_144617.1|	96.818	440	14	0	1	440	340	779	0.0	736	1796634
9823e14478f6bda07dbe005a45d204fe	gi|2363086021|ref|NR_181263.1|	96.364	440	16	0	1	440	334	773	0.0	725	2726362
9823e14478f6bda07dbe005a45d204fe	gi|343203027|ref|NR_043551.1|	96.136	440	17	0	1	440	349	788	0.0	719	341220
9823e14478f6bda07dbe005a45d204fe	gi|3248465643|ref|NR_201655.1|	95.918	441	16	2	1	440	313	752	0.0	713	3380807
9823e14478f6bda07dbe005a45d204fe	gi|2136551567|ref|NR_173570.1|	95.918	441	16	2	1	440	330	769	0.0	713	1912090
9823e14478f6bda07dbe005a45d204fe	gi|2363082765|ref|NR_179631.1|	95.928	442	14	4	1	440	348	787	0.0	713	2014528
9823e14478f6bda07dbe005a45d204fe	gi|631253194|ref|NR_114392.1|	95.918	441	16	2	1	440	350	789	0.0	713	1544
e9e3533cd48c45f70acbb032864866fa	gi|343201474|ref|NR_042200.1|	96.364	440	16	0	1	440	318	757	0.0	725	333367
e9e3533cd48c45f70acbb032864866fa	gi|343205837|ref|NR_044289.1|	96.136	440	17	0	1	440	328	767	0.0	719	460384
e9e3533cd48c45f70acbb032864866fa	gi|2363082757|ref|NR_179627.1|	95.918	441	16	2	1	440	340	779	0.0	713	2002841
e9e3533cd48c45f70acbb032864866fa	gi|1384992332|ref|NR_156081.1|	95.909	440	18	0	1	440	336	775	0.0	713	1469948
e9e3533cd48c45f70acbb032864866fa	gi|1384992329|ref|NR_156078.1|	95.909	440	18	0	1	440	336	775	0.0	713	1469948
e9e3533cd48c45f70acbb032864866fa	gi|3030611230|ref|NR_199906.1|	95.682	440	19	0	1	440	354	793	0.0	708	3123317
e9e3533cd48c45f70acbb032864866fa	gi|3030611314|ref|NR_199990.1|	95.682	440	19	0	1	440	350	789	0.0	708	3123317
e9e3533cd48c45f70acbb032864866fa	gi|1397641798|ref|NR_156907.1|	95.682	440	19	0	1	440	348	787	0.0	708	1912855
e9e3533cd48c45f70acbb032864866fa	gi|1193829153|ref|NR_147396.1|	95.692	441	17	2	1	440	328	767	0.0	708	1917870
e9e3533cd48c45f70acbb032864866fa	gi|1384992331|ref|NR_156080.1|	95.682	440	19	0	1	440	336	775	0.0	708	1469948
ea619324c89f4a2b13db728e0481b58e	gi|636559212|ref|NR_115269.1|	99.323	443	3	0	1	443	332	774	0.0	802	270498
ea619324c89f4a2b13db728e0481b58e	gi|1116030285|ref|NR_144743.1|	97.291	443	12	0	1	443	352	794	0.0	752	1816678
ea619324c89f4a2b13db728e0481b58e	gi|2363081417|ref|NR_178955.1|	97.065	443	13	0	1	443	288	730	0.0	747	1851429
ea619324c89f4a2b13db728e0481b58e	gi|631251702|ref|NR_112900.1|	97.065	443	13	0	1	443	341	783	0.0	747	626937
ea619324c89f4a2b13db728e0481b58e	gi|1116030284|ref|NR_144742.1|	95.711	443	19	0	1	443	352	794	0.0	713	1805714
ea619324c89f4a2b13db728e0481b58e	gi|2363086268|ref|NR_181386.1|	91.196	443	39	0	1	443	303	745	4.55e-172	603	2763655
ea619324c89f4a2b13db728e0481b58e	gi|2363086270|ref|NR_181387.1|	90.971	443	39	1	1	443	302	743	7.61e-170	595	2763656
ea619324c89f4a2b13db728e0481b58e	gi|2363086264|ref|NR_181384.1|	90.745	443	38	3	1	443	250	689	1.27e-167	588	2763660
ea619324c89f4a2b13db728e0481b58e	gi|2363084132|ref|NR_180315.1|	90.068	443	44	0	1	443	323	765	9.92e-164	575	2496273
ea619324c89f4a2b13db728e0481b58e	gi|2363086262|ref|NR_181383.1|	90.112	445	41	3	1	443	307	750	9.92e-164	575	2763654
cc5995056c19eb8aafebecc6135214fd	gi|343198925|ref|NR_044049.1|	99.091	440	4	0	1	440	316	755	0.0	791	33043
cc5995056c19eb8aafebecc6135214fd	gi|2363086278|ref|NR_181391.1|	95.227	440	21	0	1	440	249	688	0.0	697	2763670
cc5995056c19eb8aafebecc6135214fd	gi|219856842|ref|NR_024661.1|	95.227	440	21	0	1	440	361	800	0.0	697	42322
cc5995056c19eb8aafebecc6135214fd	gi|559795169|ref|NR_104758.1|	95.000	440	22	0	1	440	345	784	0.0	691	1282887
cc5995056c19eb8aafebecc6135214fd	gi|631252121|ref|NR_113319.1|	94.773	440	23	0	1	440	350	789	0.0	686	645466
cc5995056c19eb8aafebecc6135214fd	gi|1384992332|ref|NR_156081.1|	94.545	440	24	0	1	440	336	775	0.0	680	1469948
cc5995056c19eb8aafebecc6135214fd	gi|1384992329|ref|NR_156078.1|	94.545	440	24	0	1	440	336	775	0.0	680	1469948
cc5995056c19eb8aafebecc6135214fd	gi|636560803|ref|NR_116863.1|	94.558	441	23	1	1	440	337	777	0.0	680	645466
cc5995056c19eb8aafebecc6135214fd	gi|3030611230|ref|NR_199906.1|	94.318	440	25	0	1	440	354	793	0.0	675	3123317
cc5995056c19eb8aafebecc6135214fd	gi|3030611314|ref|NR_199990.1|	94.318	440	25	0	1	440	350	789	0.0	675	3123317
aa96a89ea4c4ae4100c2e1ad3b258dc1	gi|343205678|ref|NR_044054.1|	99.318	440	3	0	1	440	297	736	0.0	797	1121115
aa96a89ea4c4ae4100c2e1ad3b258dc1	gi|631253117|ref|NR_114315.1|	99.091	440	4	0	1	440	336	775	0.0	793	649762
aa96a89ea4c4ae4100c2e1ad3b258dc1	gi|2363082685|ref|NR_179590.1|	98.866	441	4	1	1	440	327	767	0.0	787	1936059
aa96a89ea4c4ae4100c2e1ad3b258dc1	gi|219846722|ref|NR_026314.1|	97.273	440	12	0	1	440	330	769	0.0	747	53443
aa96a89ea4c4ae4100c2e1ad3b258dc1	gi|219846720|ref|NR_026312.1|	96.818	440	14	0	1	440	327	766	0.0	737	180164
aa96a89ea4c4ae4100c2e1ad3b258dc1	gi|2363084170|ref|NR_180334.1|	96.818	440	14	0	1	440	253	692	0.0	736	2763028
aa96a89ea4c4ae4100c2e1ad3b258dc1	gi|2363086300|ref|NR_181402.1|	96.818	440	14	0	1	440	300	739	0.0	736	2763028
aa96a89ea4c4ae4100c2e1ad3b258dc1	gi|631252033|ref|NR_113231.1|	96.825	441	12	2	1	440	347	786	0.0	736	536633
aa96a89ea4c4ae4100c2e1ad3b258dc1	gi|631251591|ref|NR_112789.1|	96.825	441	12	2	1	440	333	772	0.0	736	536633
aa96a89ea4c4ae4100c2e1ad3b258dc1	gi|2363082673|ref|NR_179584.1|	96.599	441	13	2	1	440	327	766	0.0	730	1917888
ce5658702282e60f83d30898e397e0f5	gi|2363086284|ref|NR_181394.1|	97.500	440	11	0	1	440	306	745	0.0	752	2763668
ce5658702282e60f83d30898e397e0f5	gi|2136551633|ref|NR_173637.1|	97.045	440	13	0	1	440	294	733	0.0	741	2755051
ce5658702282e60f83d30898e397e0f5	gi|1277396183|ref|NR_151894.1|	97.045	440	13	0	1	440	335	774	0.0	741	433293
ce5658702282e60f83d30898e397e0f5	gi|2363085149|ref|NR_180823.1|	96.591	440	15	0	1	440	357	796	0.0	730	2606634
ce5658702282e60f83d30898e397e0f5	gi|2363086282|ref|NR_181393.1|	96.591	440	15	0	1	440	290	729	0.0	730	2763664
ce5658702282e60f83d30898e397e0f5	gi|559795194|ref|NR_104783.1|	96.591	440	15	0	1	440	353	792	0.0	730	290052
ce5658702282e60f83d30898e397e0f5	gi|2363085153|ref|NR_180825.1|	96.372	441	15	1	1	440	347	787	0.0	725	2605790
ce5658702282e60f83d30898e397e0f5	gi|219846511|ref|NR_026103.1|	96.136	440	17	0	1	440	316	755	0.0	719	37658
ce5658702282e60f83d30898e397e0f5	gi|1277396184|ref|NR_151895.1|	96.136	440	17	0	1	440	336	775	0.0	719	433286
ce5658702282e60f83d30898e397e0f5	gi|2363082059|ref|NR_179276.1|	95.909	440	18	0	1	440	334	773	0.0	713	2316025
89b4a01ace163fc974dfaadd988f5ac8	gi|2363082342|ref|NR_179418.1|	90.971	443	39	1	1	442	348	790	7.59e-170	595	1673721
89b4a01ace163fc974dfaadd988f5ac8	gi|3030611323|ref|NR_199999.1|	90.068	443	43	1	1	442	301	743	3.56e-163	573	3133422
89b4a01ace163fc974dfaadd988f5ac8	gi|2136551692|ref|NR_173697.1|	89.819	442	45	0	1	442	349	790	1.66e-161	568	2108523
89b4a01ace163fc974dfaadd988f5ac8	gi|2363082352|ref|NR_179423.1|	89.865	444	42	3	1	442	349	791	1.66e-161	568	1689270
89b4a01ace163fc974dfaadd988f5ac8	gi|2363082326|ref|NR_179410.1|	89.842	443	44	1	1	442	349	791	1.66e-161	568	1650661
89b4a01ace163fc974dfaadd988f5ac8	gi|645321636|ref|NR_118554.1|	89.842	443	44	1	1	442	329	771	1.66e-161	568	1297617
89b4a01ace163fc974dfaadd988f5ac8	gi|1193829132|ref|NR_147375.1|	89.842	443	41	4	1	442	347	786	5.95e-161	566	1870986
89b4a01ace163fc974dfaadd988f5ac8	gi|343198636|ref|NR_043142.1|	89.640	444	43	3	1	442	323	765	7.70e-160	562	292800
89b4a01ace163fc974dfaadd988f5ac8	gi|265679048|ref|NR_029356.1|	89.640	444	43	3	1	442	336	778	7.70e-160	562	292800
89b4a01ace163fc974dfaadd988f5ac8	gi|3248465658|ref|NR_201672.1|	89.391	443	46	1	1	442	296	738	3.58e-158	556	3381350
29d9cfb51150045b6acce0a0c64dc17a	gi|2363082569|ref|NR_179531.1|	97.285	442	12	0	1	442	347	788	0.0	750	1852369
29d9cfb51150045b6acce0a0c64dc17a	gi|645321110|ref|NR_118156.1|	94.118	442	26	0	1	442	304	745	0.0	673	1007096
29d9cfb51150045b6acce0a0c64dc17a	gi|1269801610|ref|NR_074793.2|	93.891	442	27	0	1	442	355	796	0.0	667	351091
29d9cfb51150045b6acce0a0c64dc17a	gi|343200653|ref|NR_041340.1|	93.891	442	27	0	1	442	328	769	0.0	667	351091
29d9cfb51150045b6acce0a0c64dc17a	gi|2260349448|ref|NR_176530.1|	93.439	442	29	0	1	442	358	799	0.0	656	2093857
29d9cfb51150045b6acce0a0c64dc17a	gi|2363082559|ref|NR_179526.1|	93.439	442	29	0	1	442	349	790	0.0	656	1841866
29d9cfb51150045b6acce0a0c64dc17a	gi|2363082170|ref|NR_179331.1|	93.483	445	24	5	1	442	328	770	0.0	656	2714358
29d9cfb51150045b6acce0a0c64dc17a	gi|2962412234|ref|NR_199428.1|	93.213	442	30	0	1	442	352	793	0.0	651	3073143
29d9cfb51150045b6acce0a0c64dc17a	gi|2363082165|ref|NR_179329.1|	93.018	444	27	4	1	442	327	768	0.0	645	2714353
29d9cfb51150045b6acce0a0c64dc17a	gi|2363082168|ref|NR_179330.1|	92.793	444	28	4	1	442	327	768	0.0	640	2714355
ddf3268c2bbf73c414938845fdb6085a	gi|1270532561|ref|NR_146814.2|	84.582	467	67	5	1	465	350	813	1.10e-128	459	1514105
ddf3268c2bbf73c414938845fdb6085a	gi|1150406785|ref|NR_146039.1|	84.582	467	67	5	1	465	266	729	1.10e-128	459	1514105
ddf3268c2bbf73c414938845fdb6085a	gi|2363087361|ref|NR_181937.1|	84.368	467	68	5	1	465	291	754	5.10e-127	453	2683717
ddf3268c2bbf73c414938845fdb6085a	gi|2363087359|ref|NR_181936.1|	84.222	469	65	9	1	465	269	732	2.37e-125	448	2683713
ddf3268c2bbf73c414938845fdb6085a	gi|1179766737|ref|NR_146687.1|	84.188	468	67	7	1	465	350	813	2.37e-125	448	265178
ddf3268c2bbf73c414938845fdb6085a	gi|1179766736|ref|NR_146686.1|	84.043	470	64	10	1	465	318	781	1.10e-123	442	1754012
ddf3268c2bbf73c414938845fdb6085a	gi|2363082145|ref|NR_179319.1|	84.043	470	64	11	1	465	337	800	1.10e-123	442	2583452
ddf3268c2bbf73c414938845fdb6085a	gi|343198586|ref|NR_042959.1|	84.043	470	64	10	1	465	300	763	1.10e-123	442	264637
ddf3268c2bbf73c414938845fdb6085a	gi|2363081170|ref|NR_178828.1|	83.864	471	64	12	1	465	281	745	1.43e-122	438	2583452
ddf3268c2bbf73c414938845fdb6085a	gi|672239004|ref|NR_125593.1|	83.830	470	65	11	1	465	338	801	5.14e-122	436	1034346
91dd0223d2b1a2406c4ea32fd39c7e8a	gi|939733311|ref|NR_133038.1|	98.864	440	5	0	1	440	350	789	0.0	785	938288
91dd0223d2b1a2406c4ea32fd39c7e8a	gi|1811131498|ref|NR_165680.1|	90.950	442	36	3	1	440	284	723	9.78e-169	592	1766203
91dd0223d2b1a2406c4ea32fd39c7e8a	gi|2363086334|ref|NR_181419.1|	90.950	442	35	4	1	440	327	765	3.52e-168	590	2769485
91dd0223d2b1a2406c4ea32fd39c7e8a	gi|636559982|ref|NR_116042.1|	90.909	440	39	1	1	440	353	791	3.52e-168	590	1123352
91dd0223d2b1a2406c4ea32fd39c7e8a	gi|2363082771|ref|NR_179634.1|	90.682	440	40	1	1	440	346	784	1.64e-166	584	2024205
91dd0223d2b1a2406c4ea32fd39c7e8a	gi|2363082344|ref|NR_179419.1|	90.498	442	37	4	1	440	349	787	7.61e-165	579	1673724
91dd0223d2b1a2406c4ea32fd39c7e8a	gi|2363082775|ref|NR_179636.1|	90.476	441	39	3	1	440	351	789	7.61e-165	579	2040296
91dd0223d2b1a2406c4ea32fd39c7e8a	gi|2363082422|ref|NR_179458.1|	90.476	441	39	3	1	440	252	690	7.61e-165	579	2040296
91dd0223d2b1a2406c4ea32fd39c7e8a	gi|2363082376|ref|NR_179435.1|	90.455	440	41	1	1	440	349	787	7.61e-165	579	1723382
91dd0223d2b1a2406c4ea32fd39c7e8a	gi|2288518057|ref|NR_176802.2|	90.498	442	37	4	1	440	335	773	7.61e-165	579	226526
e1cbb279906be80beece74ae557a336a	gi|631251925|ref|NR_113123.1|	99.348	460	3	0	1	460	339	798	0.0	833	1122992
e1cbb279906be80beece74ae557a336a	gi|343198858|ref|NR_043894.1|	99.348	460	3	0	1	460	319	778	0.0	833	1122992
e1cbb279906be80beece74ae557a336a	gi|631251900|ref|NR_113098.1|	93.089	463	26	5	1	460	339	798	0.0	673	28127
e1cbb279906be80beece74ae557a336a	gi|343206050|ref|NR_044630.1|	91.793	463	32	5	1	460	347	806	0.0	651	679190
e1cbb279906be80beece74ae557a336a	gi|2363082394|ref|NR_179444.1|	91.739	460	38	0	1	460	342	801	0.0	640	1776388
e1cbb279906be80beece74ae557a336a	gi|631251919|ref|NR_113117.1|	91.739	460	38	0	1	460	344	803	0.0	640	873533
e1cbb279906be80beece74ae557a336a	gi|343198544|ref|NR_042841.1|	91.739	460	38	0	1	460	324	783	0.0	640	873533
e1cbb279906be80beece74ae557a336a	gi|219857188|ref|NR_024816.1|	91.522	460	39	0	1	460	339	798	0.0	634	228604
e1cbb279906be80beece74ae557a336a	gi|631252122|ref|NR_113320.1|	91.087	460	41	0	1	460	339	798	3.63e-178	623	1236516
e1cbb279906be80beece74ae557a336a	gi|631251920|ref|NR_113118.1|	91.106	461	39	2	1	460	328	787	3.63e-178	623	28135
dcad3ec80ccd6963e30e35858b5667f2	gi|3248465658|ref|NR_201672.1|	92.809	445	28	4	1	443	296	738	0.0	641	3381350
dcad3ec80ccd6963e30e35858b5667f2	gi|1864207164|ref|NR_169458.1|	91.422	443	35	1	1	443	345	784	1.26e-172	604	2164149
dcad3ec80ccd6963e30e35858b5667f2	gi|2363086264|ref|NR_181384.1|	91.422	443	35	2	1	443	250	689	1.26e-172	604	2763660
dcad3ec80ccd6963e30e35858b5667f2	gi|785794309|ref|NG_041947.1|	91.196	443	39	0	1	443	469	911	4.55e-172	603	394503
dcad3ec80ccd6963e30e35858b5667f2	gi|785497611|ref|NR_102768.2|	91.196	443	39	0	1	443	330	772	4.55e-172	603	1521
dcad3ec80ccd6963e30e35858b5667f2	gi|219846512|ref|NR_026104.1|	91.196	443	39	0	1	443	312	754	4.55e-172	603	1121303
dcad3ec80ccd6963e30e35858b5667f2	gi|631252162|ref|NR_113360.1|	90.971	443	40	0	1	443	339	781	2.12e-170	597	1121303
dcad3ec80ccd6963e30e35858b5667f2	gi|645319736|ref|NR_117111.1|	90.971	443	40	0	1	443	336	778	2.12e-170	597	29371
dcad3ec80ccd6963e30e35858b5667f2	gi|631250841|ref|NR_112037.1|	90.971	443	40	0	1	443	441	883	2.12e-170	597	1499
dcad3ec80ccd6963e30e35858b5667f2	gi|2363082326|ref|NR_179410.1|	90.766	444	39	2	1	443	349	791	9.85e-169	592	1650661
1db346c6c6763ada47b4be352a2e1eef	gi|2363082583|ref|NR_179538.1|	99.318	440	3	0	1	440	346	785	0.0	797	1852382
1db346c6c6763ada47b4be352a2e1eef	gi|645321072|ref|NR_118128.1|	99.091	440	4	0	1	440	174	613	0.0	791	1531
1db346c6c6763ada47b4be352a2e1eef	gi|631252212|ref|NR_113410.1|	99.091	440	4	0	1	440	257	696	0.0	791	208479
1db346c6c6763ada47b4be352a2e1eef	gi|219878428|ref|NR_025567.1|	99.091	440	4	0	1	440	348	787	0.0	791	208479
1db346c6c6763ada47b4be352a2e1eef	gi|545589118|ref|NR_044715.2|	98.636	440	6	0	1	440	355	794	0.0	782	1531
1db346c6c6763ada47b4be352a2e1eef	gi|343198784|ref|NR_043681.1|	98.636	440	6	0	1	440	313	752	0.0	780	358743
1db346c6c6763ada47b4be352a2e1eef	gi|343201474|ref|NR_042200.1|	96.818	440	14	0	1	440	318	757	0.0	736	333367
1db346c6c6763ada47b4be352a2e1eef	gi|343205837|ref|NR_044289.1|	96.591	440	15	0	1	440	328	767	0.0	730	460384
1db346c6c6763ada47b4be352a2e1eef	gi|1193829153|ref|NR_147396.1|	96.364	440	16	0	1	440	328	767	0.0	725	1917870
1db346c6c6763ada47b4be352a2e1eef	gi|2363085097|ref|NR_180797.1|	96.364	440	16	0	1	440	346	785	0.0	725	2605778
84f4c12c709015e3be7d01ef5fd8d2ab	gi|3248465644|ref|NR_201656.1|	97.052	441	12	1	1	441	329	768	0.0	741	3417633
84f4c12c709015e3be7d01ef5fd8d2ab	gi|507148077|ref|NR_102884.1|	95.238	441	20	1	1	441	331	770	0.0	697	213810
84f4c12c709015e3be7d01ef5fd8d2ab	gi|444303976|ref|NR_074399.1|	95.238	441	20	1	1	441	333	772	0.0	697	697329
84f4c12c709015e3be7d01ef5fd8d2ab	gi|631251834|ref|NR_113032.1|	95.238	441	20	1	1	441	333	772	0.0	697	1264
84f4c12c709015e3be7d01ef5fd8d2ab	gi|636559173|ref|NR_115230.1|	95.238	441	20	1	1	441	333	772	0.0	697	697329
84f4c12c709015e3be7d01ef5fd8d2ab	gi|219846339|ref|NR_025929.1|	95.238	441	20	1	1	441	328	767	0.0	697	697329
84f4c12c709015e3be7d01ef5fd8d2ab	gi|636558832|ref|NR_114889.1|	95.011	441	20	2	1	441	277	715	0.0	691	213810
84f4c12c709015e3be7d01ef5fd8d2ab	gi|2363082601|ref|NR_179547.1|	94.558	441	23	1	1	441	347	786	0.0	680	1870991
84f4c12c709015e3be7d01ef5fd8d2ab	gi|3248465648|ref|NR_201660.1|	94.331	441	24	1	1	441	319	758	0.0	675	3417630
84f4c12c709015e3be7d01ef5fd8d2ab	gi|219846341|ref|NR_025931.1|	93.665	442	25	3	1	441	308	747	0.0	658	1265
0e0e35a58bda951d9fa03ec916d261f8	gi|2363085151|ref|NR_180824.1|	100.000	441	0	0	1	441	322	762	0.0	815	2606640
0e0e35a58bda951d9fa03ec916d261f8	gi|228717635|ref|NR_027565.1|	95.692	441	19	0	1	441	316	756	0.0	710	172901
0e0e35a58bda951d9fa03ec916d261f8	gi|645321370|ref|NR_118352.1|	95.692	441	18	1	1	441	321	760	0.0	708	340101
0e0e35a58bda951d9fa03ec916d261f8	gi|566085134|ref|NR_108870.1|	83.973	443	67	4	1	441	328	768	1.36e-117	422	1096341
0e0e35a58bda951d9fa03ec916d261f8	gi|219846673|ref|NR_026265.1|	83.484	442	70	3	1	441	315	754	1.06e-113	409	53342
0e0e35a58bda951d9fa03ec916d261f8	gi|343205970|ref|NR_044489.1|	83.371	445	68	6	1	441	336	778	3.81e-113	407	857293
0e0e35a58bda951d9fa03ec916d261f8	gi|219846309|ref|NR_025899.1|	83.333	444	70	3	1	441	339	781	3.81e-113	407	29344
0e0e35a58bda951d9fa03ec916d261f8	gi|2180566387|ref|NR_174250.1|	83.296	443	69	5	1	441	287	726	4.93e-112	403	2769420
0e0e35a58bda951d9fa03ec916d261f8	gi|2363087125|ref|NR_181818.1|	83.371	445	65	9	1	441	300	739	4.93e-112	403	2860336
0e0e35a58bda951d9fa03ec916d261f8	gi|219857367|ref|NR_024955.1|	83.296	443	69	4	2	441	315	755	4.93e-112	403	95159
ada76b0b855c90b8a7a1dbea11a62d15	gi|645320614|ref|NR_117778.1|	99.355	465	3	0	1	465	293	757	0.0	843	40545
ada76b0b855c90b8a7a1dbea11a62d15	gi|559795260|ref|NR_104851.1|	99.355	465	3	0	1	465	282	746	0.0	843	40545
ada76b0b855c90b8a7a1dbea11a62d15	gi|1864207054|ref|NR_169348.1|	97.849	465	10	0	1	465	319	783	0.0	804	2584944
ada76b0b855c90b8a7a1dbea11a62d15	gi|2363082713|ref|NR_179604.1|	97.849	465	10	0	1	465	310	774	0.0	804	1944635
ada76b0b855c90b8a7a1dbea11a62d15	gi|219878461|ref|NR_025600.1|	94.206	466	25	2	1	465	302	766	0.0	710	234908
ada76b0b855c90b8a7a1dbea11a62d15	gi|2363082045|ref|NR_179269.1|	93.991	466	26	2	1	465	320	784	0.0	704	2494234
ada76b0b855c90b8a7a1dbea11a62d15	gi|1193829159|ref|NR_147402.1|	93.333	465	31	0	1	465	332	796	0.0	688	1907660
ada76b0b855c90b8a7a1dbea11a62d15	gi|2136551693|ref|NR_173698.1|	92.735	468	28	4	1	465	318	782	0.0	671	2259133
ada76b0b855c90b8a7a1dbea11a62d15	gi|2363082296|ref|NR_179395.1|	92.719	467	30	3	1	465	330	794	0.0	671	1506471
ada76b0b855c90b8a7a1dbea11a62d15	gi|566084840|ref|NR_108217.1|	91.064	470	32	10	1	465	285	749	2.84e-179	627	551988
0e30848ae6f2bc7d80f0d09b5116f2d3	gi|343198671|ref|NR_043231.1|	98.495	465	7	0	1	465	283	747	0.0	821	308994
0e30848ae6f2bc7d80f0d09b5116f2d3	gi|631252159|ref|NR_113357.1|	98.283	466	7	1	1	465	356	821	0.0	815	308994
0e30848ae6f2bc7d80f0d09b5116f2d3	gi|343200979|ref|NR_041666.1|	95.484	465	21	0	1	465	336	800	0.0	743	742743
0e30848ae6f2bc7d80f0d09b5116f2d3	gi|631252158|ref|NR_113356.1|	95.064	466	20	3	1	465	355	818	0.0	730	309120
0e30848ae6f2bc7d80f0d09b5116f2d3	gi|343198462|ref|NR_041895.1|	95.064	466	20	3	1	465	296	759	0.0	730	888062
0e30848ae6f2bc7d80f0d09b5116f2d3	gi|219846637|ref|NR_026229.1|	93.376	468	25	6	1	465	336	800	0.0	688	39950
0e30848ae6f2bc7d80f0d09b5116f2d3	gi|343199044|ref|NR_044400.1|	92.704	466	32	2	1	465	314	778	0.0	671	464322
0e30848ae6f2bc7d80f0d09b5116f2d3	gi|219857641|ref|NR_025230.1|	92.111	469	31	6	1	465	285	751	0.0	656	187326
0e30848ae6f2bc7d80f0d09b5116f2d3	gi|2363082157|ref|NR_179325.1|	91.863	467	34	4	1	465	300	764	0.0	649	2682456
0e30848ae6f2bc7d80f0d09b5116f2d3	gi|2363081072|ref|NR_178779.1|	91.880	468	32	6	1	465	296	760	0.0	649	1588748
18c07c3dfaa811167844ec4dee2f37c7	gi|1270532561|ref|NR_146814.2|	83.761	468	69	7	1	465	350	813	5.14e-122	436	1514105
18c07c3dfaa811167844ec4dee2f37c7	gi|1150406785|ref|NR_146039.1|	83.761	468	69	7	1	465	266	729	5.14e-122	436	1514105
18c07c3dfaa811167844ec4dee2f37c7	gi|2363087361|ref|NR_181937.1|	83.652	471	64	11	1	465	291	754	2.39e-120	431	2683717
18c07c3dfaa811167844ec4dee2f37c7	gi|1179766737|ref|NR_146687.1|	83.617	470	66	8	1	465	350	813	2.39e-120	431	265178
18c07c3dfaa811167844ec4dee2f37c7	gi|659364801|ref|NR_121737.1|	83.047	466	76	3	1	465	325	788	5.18e-117	420	1276246
18c07c3dfaa811167844ec4dee2f37c7	gi|219846111|ref|NR_025701.1|	83.047	466	76	3	1	465	328	791	5.18e-117	420	216935
18c07c3dfaa811167844ec4dee2f37c7	gi|265679027|ref|NR_029335.1|	83.011	465	78	1	1	465	250	713	5.18e-117	420	61171
18c07c3dfaa811167844ec4dee2f37c7	gi|631251841|ref|NR_113039.1|	83.084	467	69	10	1	465	335	793	6.69e-116	416	102148
18c07c3dfaa811167844ec4dee2f37c7	gi|636559073|ref|NR_115130.1|	83.084	467	69	10	1	465	315	773	6.69e-116	416	102148
18c07c3dfaa811167844ec4dee2f37c7	gi|219846123|ref|NR_025713.1|	82.833	466	77	3	1	465	328	791	2.41e-115	414	216947
c14af2ba8a2069a2b4caed8a67a442fd	gi|1116030269|ref|NR_144727.1|	91.892	444	28	8	1	440	335	774	2.09e-175	614	1673717
c14af2ba8a2069a2b4caed8a67a442fd	gi|2180566484|ref|NR_174324.1|	91.837	441	34	2	1	440	346	785	2.09e-175	614	2576756
c14af2ba8a2069a2b4caed8a67a442fd	gi|444303976|ref|NR_074399.1|	91.403	442	34	3	1	440	333	772	4.52e-172	603	697329
c14af2ba8a2069a2b4caed8a67a442fd	gi|631251834|ref|NR_113032.1|	91.403	442	34	3	1	440	333	772	4.52e-172	603	1264
c14af2ba8a2069a2b4caed8a67a442fd	gi|636559173|ref|NR_115230.1|	91.403	442	34	3	1	440	333	772	4.52e-172	603	697329
c14af2ba8a2069a2b4caed8a67a442fd	gi|219846339|ref|NR_025929.1|	91.403	442	34	3	1	440	328	767	4.52e-172	603	697329
c14af2ba8a2069a2b4caed8a67a442fd	gi|1864207164|ref|NR_169458.1|	91.136	440	39	0	1	440	345	784	2.10e-170	597	2164149
c14af2ba8a2069a2b4caed8a67a442fd	gi|2363086264|ref|NR_181384.1|	91.176	442	35	3	1	440	250	689	2.10e-170	597	2763660
c14af2ba8a2069a2b4caed8a67a442fd	gi|265679047|ref|NR_029355.1|	91.136	440	39	0	1	440	332	771	2.10e-170	597	84026
c14af2ba8a2069a2b4caed8a67a442fd	gi|228717037|ref|NR_027558.1|	91.156	441	36	3	1	440	292	730	7.56e-170	595	169435
6d41c08767ed11dc4e56c84d88bbb805	gi|2363084846|ref|NR_180671.1|	98.864	440	5	0	1	440	63	502	0.0	785	2594882
6d41c08767ed11dc4e56c84d88bbb805	gi|2962412221|ref|NR_199415.1|	98.409	440	7	0	1	440	338	777	0.0	774	3136600
6d41c08767ed11dc4e56c84d88bbb805	gi|310974914|ref|NR_036777.1|	97.260	438	12	0	1	438	333	770	0.0	745	33039
6d41c08767ed11dc4e56c84d88bbb805	gi|2363082374|ref|NR_179434.1|	96.818	440	14	0	1	440	349	788	0.0	736	1720300
6d41c08767ed11dc4e56c84d88bbb805	gi|2363082679|ref|NR_179587.1|	96.591	440	15	0	1	440	328	767	0.0	730	1926283
6d41c08767ed11dc4e56c84d88bbb805	gi|2363082819|ref|NR_179658.1|	96.599	441	13	2	1	440	353	792	0.0	730	2086584
6d41c08767ed11dc4e56c84d88bbb805	gi|2363081854|ref|NR_179173.1|	96.591	440	15	0	1	440	333	772	0.0	730	2126740
6d41c08767ed11dc4e56c84d88bbb805	gi|636560687|ref|NR_116747.1|	96.136	440	17	0	1	440	301	740	0.0	719	1298596
6d41c08767ed11dc4e56c84d88bbb805	gi|2363085097|ref|NR_180797.1|	95.909	440	18	0	1	440	346	785	0.0	713	2605778
6d41c08767ed11dc4e56c84d88bbb805	gi|1384992332|ref|NR_156081.1|	95.682	440	19	0	1	440	336	775	0.0	708	1469948
aeeaf81cd8634d8df49e70c244e60db8	gi|1109168025|ref|NR_144611.1|	90.541	444	40	2	1	443	282	724	4.58e-167	586	1417852
aeeaf81cd8634d8df49e70c244e60db8	gi|3030611324|ref|NR_200000.1|	89.189	444	46	2	1	443	301	743	4.65e-157	553	3342383
aeeaf81cd8634d8df49e70c244e60db8	gi|2363082342|ref|NR_179418.1|	88.488	443	51	0	1	443	348	790	4.68e-152	536	1673721
aeeaf81cd8634d8df49e70c244e60db8	gi|2363083800|ref|NR_180148.1|	88.315	445	48	4	1	443	349	791	2.18e-150	531	2211183
aeeaf81cd8634d8df49e70c244e60db8	gi|631252162|ref|NR_113360.1|	88.315	445	48	4	1	443	339	781	2.18e-150	531	1121303
aeeaf81cd8634d8df49e70c244e60db8	gi|645319736|ref|NR_117111.1|	88.315	445	48	4	1	443	336	778	2.18e-150	531	29371
aeeaf81cd8634d8df49e70c244e60db8	gi|219846512|ref|NR_026104.1|	88.090	445	49	4	1	443	312	754	1.01e-148	525	1121303
aeeaf81cd8634d8df49e70c244e60db8	gi|2136551692|ref|NR_173697.1|	88.036	443	52	1	1	443	349	790	3.64e-148	523	2108523
aeeaf81cd8634d8df49e70c244e60db8	gi|2363084741|ref|NR_180619.1|	87.810	443	54	0	1	443	347	789	4.71e-147	520	2779352
aeeaf81cd8634d8df49e70c244e60db8	gi|2363082358|ref|NR_179426.1|	87.810	443	54	0	1	443	349	791	4.71e-147	520	1702285
418576a13c723dbd0b40f3bbee8741a2	gi|2363082342|ref|NR_179418.1|	96.388	443	16	0	1	443	348	790	0.0	730	1673721
418576a13c723dbd0b40f3bbee8741a2	gi|3030611323|ref|NR_199999.1|	96.163	443	17	0	1	443	301	743	0.0	725	3133422
418576a13c723dbd0b40f3bbee8741a2	gi|2363084741|ref|NR_180619.1|	95.721	444	17	2	1	443	347	789	0.0	713	2779352
418576a13c723dbd0b40f3bbee8741a2	gi|2363082358|ref|NR_179426.1|	95.711	443	19	0	1	443	349	791	0.0	713	1702285
418576a13c723dbd0b40f3bbee8741a2	gi|2363082326|ref|NR_179410.1|	95.711	443	19	0	1	443	349	791	0.0	713	1650661
418576a13c723dbd0b40f3bbee8741a2	gi|219846080|ref|NR_025670.1|	95.711	443	19	0	1	443	329	771	0.0	713	411467
418576a13c723dbd0b40f3bbee8741a2	gi|2136551692|ref|NR_173697.1|	95.711	443	18	1	1	443	349	790	0.0	712	2108523
418576a13c723dbd0b40f3bbee8741a2	gi|1193829127|ref|NR_147370.1|	95.485	443	20	0	1	443	349	791	0.0	708	1870988
418576a13c723dbd0b40f3bbee8741a2	gi|2363082352|ref|NR_179423.1|	95.260	443	21	0	1	443	349	791	0.0	702	1689270
418576a13c723dbd0b40f3bbee8741a2	gi|343198636|ref|NR_043142.1|	95.270	444	19	2	1	443	323	765	0.0	702	292800
f18d9804f074982c2c98084021ec01fc	gi|1193829132|ref|NR_147375.1|	97.045	440	13	0	1	440	347	786	0.0	741	1870986
f18d9804f074982c2c98084021ec01fc	gi|3030611323|ref|NR_199999.1|	93.454	443	26	1	1	440	301	743	0.0	654	3133422
f18d9804f074982c2c98084021ec01fc	gi|2363082326|ref|NR_179410.1|	93.228	443	27	2	1	440	349	791	0.0	649	1650661
f18d9804f074982c2c98084021ec01fc	gi|3030611324|ref|NR_200000.1|	93.002	443	28	2	1	440	301	743	0.0	643	3342383
f18d9804f074982c2c98084021ec01fc	gi|2363082342|ref|NR_179418.1|	93.002	443	28	2	1	440	348	790	0.0	643	1673721
f18d9804f074982c2c98084021ec01fc	gi|2136551692|ref|NR_173697.1|	92.760	442	30	2	1	440	349	790	0.0	638	2108523
f18d9804f074982c2c98084021ec01fc	gi|219846080|ref|NR_025670.1|	92.551	443	30	2	1	440	329	771	0.0	632	411467
f18d9804f074982c2c98084021ec01fc	gi|1193829127|ref|NR_147370.1|	92.325	443	31	2	1	440	349	791	2.68e-179	627	1870988
f18d9804f074982c2c98084021ec01fc	gi|2363084741|ref|NR_180619.1|	92.342	444	29	4	1	440	347	789	2.68e-179	627	2779352
f18d9804f074982c2c98084021ec01fc	gi|2363082358|ref|NR_179426.1|	92.099	443	32	2	1	440	349	791	1.25e-177	621	1702285
43084333b1d32370644d78959c169d1a	gi|631251749|ref|NR_112947.1|	98.261	460	8	0	1	460	326	785	0.0	808	657309
43084333b1d32370644d78959c169d1a	gi|2363084431|ref|NR_180463.1|	98.261	460	8	0	1	460	340	799	0.0	806	2650158
43084333b1d32370644d78959c169d1a	gi|343201773|ref|NR_042499.1|	98.261	460	8	0	1	460	294	753	0.0	806	657309
43084333b1d32370644d78959c169d1a	gi|631251869|ref|NR_113067.1|	98.043	460	9	0	1	460	325	784	0.0	800	1077285
43084333b1d32370644d78959c169d1a	gi|631251734|ref|NR_112932.1|	98.043	460	9	0	1	460	328	787	0.0	800	47678
43084333b1d32370644d78959c169d1a	gi|343200626|ref|NR_041313.1|	98.043	460	9	0	1	460	340	799	0.0	800	338188
43084333b1d32370644d78959c169d1a	gi|219846650|ref|NR_026242.1|	98.043	460	9	0	1	460	318	777	0.0	800	47678
43084333b1d32370644d78959c169d1a	gi|631251733|ref|NR_112931.1|	97.826	460	10	0	1	460	340	799	0.0	795	85831
43084333b1d32370644d78959c169d1a	gi|645320100|ref|NR_117387.1|	97.826	460	10	0	1	460	320	779	0.0	795	1077285
43084333b1d32370644d78959c169d1a	gi|265678305|ref|NR_028607.1|	97.821	459	10	0	2	460	333	791	0.0	793	85831
68c0ece60d9738460282729c06119889	gi|2836274974|ref|NR_197737.1|	96.372	441	15	1	1	441	331	770	0.0	725	3111773
68c0ece60d9738460282729c06119889	gi|2363082244|ref|NR_179369.1|	96.372	441	14	2	1	441	334	772	0.0	725	2707299
68c0ece60d9738460282729c06119889	gi|659364522|ref|NR_121696.1|	96.372	441	14	2	1	441	331	769	0.0	725	446660
68c0ece60d9738460282729c06119889	gi|631253204|ref|NR_114402.1|	96.372	441	14	2	1	441	331	769	0.0	725	394340
68c0ece60d9738460282729c06119889	gi|631252209|ref|NR_113407.1|	96.372	441	14	2	1	441	331	769	0.0	725	446660
68c0ece60d9738460282729c06119889	gi|343200922|ref|NR_041609.1|	96.372	441	14	2	1	441	331	769	0.0	725	446660
68c0ece60d9738460282729c06119889	gi|343200807|ref|NR_041494.1|	96.372	441	14	2	1	441	331	769	0.0	725	1121021
68c0ece60d9738460282729c06119889	gi|2836274973|ref|NR_197736.1|	95.270	444	13	7	1	441	335	773	0.0	697	3111451
68c0ece60d9738460282729c06119889	gi|2463901826|ref|NR_184618.1|	94.796	442	19	4	1	441	331	769	0.0	686	2734634
68c0ece60d9738460282729c06119889	gi|343202351|ref|NR_042637.1|	94.820	444	15	7	1	441	282	720	0.0	686	580026
88b335e7d987838a56c1ecb174dd57e8	gi|2363086266|ref|NR_181385.1|	96.491	456	16	0	1	456	296	751	0.0	754	2763661
88b335e7d987838a56c1ecb174dd57e8	gi|1230874676|ref|NR_148837.1|	88.840	457	33	8	1	456	347	786	8.02e-155	545	1675854
88b335e7d987838a56c1ecb174dd57e8	gi|645320438|ref|NR_117645.1|	88.840	457	33	8	1	456	345	784	8.02e-155	545	1185412
88b335e7d987838a56c1ecb174dd57e8	gi|1397641803|ref|NR_156912.1|	88.646	458	35	8	1	456	307	749	1.04e-153	542	1450156
88b335e7d987838a56c1ecb174dd57e8	gi|2136551594|ref|NR_173597.1|	88.596	456	36	5	1	456	348	787	3.73e-153	540	2662126
88b335e7d987838a56c1ecb174dd57e8	gi|645320791|ref|NR_117912.1|	88.428	458	36	10	1	456	325	767	4.82e-152	536	879970
88b335e7d987838a56c1ecb174dd57e8	gi|3030611263|ref|NR_199939.1|	88.403	457	35	8	1	456	332	771	1.74e-151	534	3074434
88b335e7d987838a56c1ecb174dd57e8	gi|3030611264|ref|NR_199940.1|	88.403	457	35	8	1	456	338	777	1.74e-151	534	3074433
88b335e7d987838a56c1ecb174dd57e8	gi|2363083221|ref|NR_179859.1|	88.184	457	36	9	1	456	347	786	8.07e-150	529	2078660
88b335e7d987838a56c1ecb174dd57e8	gi|672239088|ref|NR_125677.1|	88.158	456	38	6	1	456	346	785	8.07e-150	529	1348613
0749b175770d910849c74a6c2dfede65	gi|631250761|ref|NR_104900.1|	99.318	440	3	0	1	440	329	768	0.0	797	46507
0749b175770d910849c74a6c2dfede65	gi|631251868|ref|NR_113066.1|	99.318	440	3	0	1	440	336	775	0.0	797	46507
0749b175770d910849c74a6c2dfede65	gi|1491505229|ref|NR_159077.1|	95.928	442	14	4	1	440	351	790	0.0	713	1852374
0749b175770d910849c74a6c2dfede65	gi|974142203|ref|NR_134723.1|	95.928	442	14	4	1	440	326	765	0.0	713	1464038
0749b175770d910849c74a6c2dfede65	gi|2363082344|ref|NR_179419.1|	88.636	440	49	1	1	440	349	787	1.67e-151	534	1673724
0749b175770d910849c74a6c2dfede65	gi|939733311|ref|NR_133038.1|	88.488	443	45	5	1	440	350	789	2.16e-150	531	938288
0749b175770d910849c74a6c2dfede65	gi|2136551690|ref|NR_173695.1|	88.036	443	46	6	1	440	349	787	1.68e-146	518	1689303
0749b175770d910849c74a6c2dfede65	gi|2463901663|ref|NR_184596.1|	88.009	442	48	5	1	440	353	791	1.68e-146	518	2899727
0749b175770d910849c74a6c2dfede65	gi|2288518057|ref|NR_176802.2|	87.528	441	52	2	1	440	335	773	3.64e-143	507	226526
0749b175770d910849c74a6c2dfede65	gi|631252185|ref|NR_113383.1|	87.500	440	54	1	1	440	347	785	3.64e-143	507	1260
96da23b12b3806c696f40ef5723fc4c2	gi|2363082342|ref|NR_179418.1|	94.582	443	24	0	1	443	348	790	0.0	686	1673721
96da23b12b3806c696f40ef5723fc4c2	gi|2363082168|ref|NR_179330.1|	93.454	443	28	1	1	443	327	768	0.0	656	2714355
96da23b12b3806c696f40ef5723fc4c2	gi|645321636|ref|NR_118554.1|	93.228	443	30	0	1	443	329	771	0.0	652	1297617
96da23b12b3806c696f40ef5723fc4c2	gi|2136551692|ref|NR_173697.1|	93.228	443	29	1	1	443	349	790	0.0	651	2108523
96da23b12b3806c696f40ef5723fc4c2	gi|2363082326|ref|NR_179410.1|	93.002	443	31	0	1	443	349	791	0.0	647	1650661
96da23b12b3806c696f40ef5723fc4c2	gi|2363082165|ref|NR_179329.1|	93.018	444	28	3	1	443	327	768	0.0	645	2714353
96da23b12b3806c696f40ef5723fc4c2	gi|2363082358|ref|NR_179426.1|	92.793	444	30	2	1	443	349	791	0.0	641	1702285
96da23b12b3806c696f40ef5723fc4c2	gi|343206380|ref|NR_044972.1|	92.551	443	33	0	1	443	331	773	0.0	640	44749
96da23b12b3806c696f40ef5723fc4c2	gi|3030611323|ref|NR_199999.1|	92.568	444	31	2	1	443	301	743	0.0	636	3133422
96da23b12b3806c696f40ef5723fc4c2	gi|1193829127|ref|NR_147370.1|	92.551	443	33	0	1	443	349	791	0.0	636	1870988
5cbfbb330c676263cf1e6ff36a288c57	gi|559795255|ref|NR_104846.1|	96.818	440	14	0	1	440	288	727	0.0	736	745368
5cbfbb330c676263cf1e6ff36a288c57	gi|265678692|ref|NR_028997.1|	95.918	441	17	1	1	440	303	743	0.0	713	214851
5cbfbb330c676263cf1e6ff36a288c57	gi|2363080123|ref|NR_178280.1|	95.682	440	19	0	1	440	331	770	0.0	708	411483
5cbfbb330c676263cf1e6ff36a288c57	gi|2363082282|ref|NR_179388.1|	95.455	440	20	0	1	440	335	774	0.0	702	2935520
5cbfbb330c676263cf1e6ff36a288c57	gi|265678656|ref|NR_028961.1|	95.455	440	20	0	1	440	327	766	0.0	702	853
5cbfbb330c676263cf1e6ff36a288c57	gi|2363081449|ref|NR_178971.1|	95.227	440	20	1	1	440	285	723	0.0	695	1851427
5cbfbb330c676263cf1e6ff36a288c57	gi|2363081451|ref|NR_178972.1|	95.000	440	22	0	1	440	285	724	0.0	691	1851428
5cbfbb330c676263cf1e6ff36a288c57	gi|3030611269|ref|NR_199945.1|	94.545	440	24	0	1	440	335	774	0.0	680	3435293
5cbfbb330c676263cf1e6ff36a288c57	gi|2363080175|ref|NR_178311.1|	93.864	440	27	0	1	440	412	851	0.0	664	2903556
5cbfbb330c676263cf1e6ff36a288c57	gi|2363084747|ref|NR_180622.1|	93.636	440	28	0	1	440	335	774	0.0	658	2779354
7fac955462d76aa08def0cfbbcefd338	gi|343200980|ref|NR_041667.1|	99.355	465	3	0	1	465	320	784	0.0	843	487175
7fac955462d76aa08def0cfbbcefd338	gi|631252130|ref|NR_113328.1|	91.631	466	37	2	1	465	332	796	0.0	643	626947
7fac955462d76aa08def0cfbbcefd338	gi|631251705|ref|NR_112903.1|	91.631	466	37	2	1	465	312	776	0.0	643	626947
7fac955462d76aa08def0cfbbcefd338	gi|1811131556|ref|NR_165738.1|	89.936	467	43	4	1	465	309	773	6.19e-171	599	2490857
7fac955462d76aa08def0cfbbcefd338	gi|2363082296|ref|NR_179395.1|	89.722	467	44	4	1	465	330	794	2.23e-170	597	1506471
7fac955462d76aa08def0cfbbcefd338	gi|1246951785|ref|NR_149789.1|	89.677	465	48	0	1	465	297	761	2.88e-169	593	1783360
7fac955462d76aa08def0cfbbcefd338	gi|1246951779|ref|NR_149783.1|	89.722	467	44	4	1	465	337	801	2.88e-169	593	1769758
7fac955462d76aa08def0cfbbcefd338	gi|2363086886|ref|NR_181700.1|	89.722	467	44	4	1	465	329	793	2.88e-169	593	2825886
7fac955462d76aa08def0cfbbcefd338	gi|2363086884|ref|NR_181699.1|	89.722	467	44	4	1	465	329	793	2.88e-169	593	2825884
7fac955462d76aa08def0cfbbcefd338	gi|636560680|ref|NR_116740.1|	89.700	466	46	2	1	465	310	774	2.88e-169	593	592050
0c3a81244e6b46a325fa3b2afad3985a	gi|219857122|ref|NR_024750.1|	99.093	441	3	1	1	440	300	740	0.0	793	116085
0c3a81244e6b46a325fa3b2afad3985a	gi|2363080283|ref|NR_178367.1|	95.682	440	19	0	1	440	328	767	0.0	708	673271
0c3a81244e6b46a325fa3b2afad3985a	gi|219878251|ref|NR_025390.1|	95.227	440	21	0	1	440	330	769	0.0	697	115544
0c3a81244e6b46a325fa3b2afad3985a	gi|1040567056|ref|NR_137405.1|	95.000	440	22	0	1	440	307	746	0.0	691	1619234
0c3a81244e6b46a325fa3b2afad3985a	gi|1109168027|ref|NR_144612.1|	94.773	440	23	0	1	440	350	789	0.0	686	1796636
0c3a81244e6b46a325fa3b2afad3985a	gi|3248465643|ref|NR_201655.1|	94.570	442	20	4	1	440	313	752	0.0	680	3380807
0c3a81244e6b46a325fa3b2afad3985a	gi|3030611230|ref|NR_199906.1|	94.545	440	24	0	1	440	354	793	0.0	680	3123317
0c3a81244e6b46a325fa3b2afad3985a	gi|3030611314|ref|NR_199990.1|	94.545	440	24	0	1	440	350	789	0.0	680	3123317
0c3a81244e6b46a325fa3b2afad3985a	gi|2136551567|ref|NR_173570.1|	94.570	442	20	4	1	440	330	769	0.0	680	1912090
0c3a81244e6b46a325fa3b2afad3985a	gi|1384992332|ref|NR_156081.1|	94.545	440	24	0	1	440	336	775	0.0	680	1469948
f8f4925e5306a6727173940e12b91376	gi|645321110|ref|NR_118156.1|	95.475	442	20	0	1	442	304	745	0.0	706	1007096
f8f4925e5306a6727173940e12b91376	gi|2962412234|ref|NR_199428.1|	95.249	442	21	0	1	442	352	793	0.0	701	3073143
f8f4925e5306a6727173940e12b91376	gi|2260349448|ref|NR_176530.1|	95.023	442	22	0	1	442	358	799	0.0	695	2093857
f8f4925e5306a6727173940e12b91376	gi|2363082559|ref|NR_179526.1|	95.023	442	22	0	1	442	349	790	0.0	695	1841866
f8f4925e5306a6727173940e12b91376	gi|1269801610|ref|NR_074793.2|	94.570	442	24	0	1	442	355	796	0.0	684	351091
f8f4925e5306a6727173940e12b91376	gi|343200653|ref|NR_041340.1|	94.570	442	24	0	1	442	328	769	0.0	684	351091
f8f4925e5306a6727173940e12b91376	gi|2363087001|ref|NR_181757.1|	94.369	444	21	4	1	442	289	730	0.0	678	2841504
f8f4925e5306a6727173940e12b91376	gi|2363082165|ref|NR_179329.1|	93.905	443	25	2	1	442	327	768	0.0	667	2714353
f8f4925e5306a6727173940e12b91376	gi|2363082168|ref|NR_179330.1|	93.679	443	26	2	1	442	327	768	0.0	662	2714355
f8f4925e5306a6727173940e12b91376	gi|2363082170|ref|NR_179331.1|	93.468	444	26	3	1	442	328	770	0.0	656	2714358
640fa43bbbd1744be9bd48cb0319d5d6	gi|343206380|ref|NR_044972.1|	93.243	444	28	2	1	443	331	773	0.0	656	44749
640fa43bbbd1744be9bd48cb0319d5d6	gi|2363082165|ref|NR_179329.1|	93.018	444	28	3	1	443	327	768	0.0	645	2714353
640fa43bbbd1744be9bd48cb0319d5d6	gi|2363082342|ref|NR_179418.1|	92.777	443	32	0	1	443	348	790	0.0	641	1673721
640fa43bbbd1744be9bd48cb0319d5d6	gi|219857437|ref|NR_025025.1|	92.568	444	29	4	1	443	332	772	0.0	640	100176
640fa43bbbd1744be9bd48cb0319d5d6	gi|2363082168|ref|NR_179330.1|	92.551	443	32	1	1	443	327	768	0.0	634	2714355
640fa43bbbd1744be9bd48cb0319d5d6	gi|444304204|ref|NR_074629.1|	92.342	444	32	2	1	443	341	783	2.09e-180	630	1515
640fa43bbbd1744be9bd48cb0319d5d6	gi|631251959|ref|NR_113157.1|	92.342	444	32	2	1	443	341	783	2.09e-180	630	1515
640fa43bbbd1744be9bd48cb0319d5d6	gi|219857201|ref|NR_024829.1|	92.117	444	33	2	1	443	321	763	9.71e-179	625	253314
640fa43bbbd1744be9bd48cb0319d5d6	gi|636559283|ref|NR_115340.1|	92.099	443	35	0	1	443	336	778	9.71e-179	625	319644
640fa43bbbd1744be9bd48cb0319d5d6	gi|645321636|ref|NR_118554.1|	91.910	445	32	4	1	443	329	771	4.52e-177	619	1297617
43aed7d3d56c2ac3face54e2ba3674ef	gi|631253194|ref|NR_114392.1|	97.955	440	9	0	1	440	350	789	0.0	763	1544
43aed7d3d56c2ac3face54e2ba3674ef	gi|645319759|ref|NR_117128.1|	97.955	440	9	0	1	440	347	786	0.0	763	1544
43aed7d3d56c2ac3face54e2ba3674ef	gi|645319756|ref|NR_117127.1|	97.955	440	9	0	1	440	347	786	0.0	763	1544
43aed7d3d56c2ac3face54e2ba3674ef	gi|645319755|ref|NR_117126.1|	97.955	440	9	0	1	440	347	786	0.0	763	1544
43aed7d3d56c2ac3face54e2ba3674ef	gi|645319762|ref|NR_117131.1|	97.727	440	10	0	1	440	348	787	0.0	758	1544
43aed7d3d56c2ac3face54e2ba3674ef	gi|645319761|ref|NR_117130.1|	97.727	440	10	0	1	440	347	786	0.0	758	1544
43aed7d3d56c2ac3face54e2ba3674ef	gi|645319760|ref|NR_117129.1|	97.727	440	10	0	1	440	347	786	0.0	758	1544
43aed7d3d56c2ac3face54e2ba3674ef	gi|3248465643|ref|NR_201655.1|	97.279	441	10	2	1	440	313	752	0.0	747	3380807
43aed7d3d56c2ac3face54e2ba3674ef	gi|2363082059|ref|NR_179276.1|	97.273	440	12	0	1	440	334	773	0.0	747	2316025
43aed7d3d56c2ac3face54e2ba3674ef	gi|2136551567|ref|NR_173570.1|	97.279	441	10	2	1	440	330	769	0.0	747	1912090
284e4cf4562b5309861f163cc0e47319	gi|636559941|ref|NR_116001.1|	98.871	443	3	2	1	442	372	813	0.0	789	1294025
284e4cf4562b5309861f163cc0e47319	gi|444304112|ref|NR_074536.1|	97.285	442	12	0	1	442	334	775	0.0	750	642492
284e4cf4562b5309861f163cc0e47319	gi|645322279|ref|NR_119067.1|	97.065	443	12	1	1	442	297	739	0.0	745	642492
284e4cf4562b5309861f163cc0e47319	gi|672239121|ref|NR_125710.1|	96.614	443	14	1	1	442	302	744	0.0	734	642492
284e4cf4562b5309861f163cc0e47319	gi|2621112283|ref|NR_189186.1|	93.919	444	23	4	1	442	334	775	0.0	667	3072179
284e4cf4562b5309861f163cc0e47319	gi|2363086288|ref|NR_181396.1|	93.243	444	26	4	1	442	291	732	0.0	651	2763666
284e4cf4562b5309861f163cc0e47319	gi|2621112362|ref|NR_189266.1|	92.360	445	29	5	1	442	316	758	7.49e-180	628	3018743
284e4cf4562b5309861f163cc0e47319	gi|2363082336|ref|NR_179415.1|	92.360	445	29	5	1	442	333	775	7.49e-180	628	1658108
284e4cf4562b5309861f163cc0e47319	gi|2363083221|ref|NR_179859.1|	91.629	442	35	1	1	442	347	786	2.71e-174	610	2078660
284e4cf4562b5309861f163cc0e47319	gi|3030611263|ref|NR_199939.1|	90.724	442	39	1	1	442	332	771	1.27e-167	588	3074434
b38236ddfc6f7a40ad35772606d0ec1f	gi|2136551683|ref|NR_173688.1|	92.325	443	31	1	1	443	321	760	2.70e-179	627	2780922
b38236ddfc6f7a40ad35772606d0ec1f	gi|559795314|ref|NR_104907.1|	91.422	443	36	1	1	443	315	755	3.52e-173	606	290054
b38236ddfc6f7a40ad35772606d0ec1f	gi|2363086276|ref|NR_181390.1|	91.422	443	35	3	1	443	304	743	1.26e-172	604	2763659
b38236ddfc6f7a40ad35772606d0ec1f	gi|1445136071|ref|NR_158111.1|	90.315	444	37	4	1	443	349	787	2.76e-164	577	2038680
b38236ddfc6f7a40ad35772606d0ec1f	gi|636558732|ref|NR_114789.1|	90.293	443	40	1	1	443	347	786	2.76e-164	577	1535
b38236ddfc6f7a40ad35772606d0ec1f	gi|3248465687|ref|NR_201701.1|	89.865	444	43	2	1	443	330	772	4.61e-162	569	3435187
b38236ddfc6f7a40ad35772606d0ec1f	gi|3248465688|ref|NR_201702.1|	89.865	444	43	2	1	443	328	770	4.61e-162	569	3435000
b38236ddfc6f7a40ad35772606d0ec1f	gi|1193829135|ref|NR_147378.1|	89.865	444	41	3	1	443	339	779	1.66e-161	568	1871035
b38236ddfc6f7a40ad35772606d0ec1f	gi|645321791|ref|NR_118675.1|	89.616	443	43	3	1	443	339	778	1.66e-161	568	39492
b38236ddfc6f7a40ad35772606d0ec1f	gi|444303910|ref|NR_074333.1|	89.842	443	44	1	1	443	323	764	1.66e-161	568	663278
195b40547bcb0d7c4b11f1e56e3ca40a	gi|645321636|ref|NR_118554.1|	99.774	443	1	0	1	443	329	771	0.0	813	1297617
195b40547bcb0d7c4b11f1e56e3ca40a	gi|2363082326|ref|NR_179410.1|	96.388	443	16	0	1	443	349	791	0.0	730	1650661
195b40547bcb0d7c4b11f1e56e3ca40a	gi|2363082352|ref|NR_179423.1|	95.946	444	16	2	1	443	349	791	0.0	719	1689270
195b40547bcb0d7c4b11f1e56e3ca40a	gi|2363082342|ref|NR_179418.1|	95.485	443	20	0	1	443	348	790	0.0	708	1673721
195b40547bcb0d7c4b11f1e56e3ca40a	gi|2136551692|ref|NR_173697.1|	95.485	443	19	1	1	443	349	790	0.0	706	2108523
195b40547bcb0d7c4b11f1e56e3ca40a	gi|1193829127|ref|NR_147370.1|	95.034	443	22	0	1	443	349	791	0.0	697	1870988
195b40547bcb0d7c4b11f1e56e3ca40a	gi|2363084741|ref|NR_180619.1|	95.034	443	22	0	1	443	347	789	0.0	697	2779352
195b40547bcb0d7c4b11f1e56e3ca40a	gi|2363082358|ref|NR_179426.1|	94.808	443	23	0	1	443	349	791	0.0	691	1702285
195b40547bcb0d7c4b11f1e56e3ca40a	gi|343198636|ref|NR_043142.1|	94.808	443	23	0	1	443	323	765	0.0	691	292800
195b40547bcb0d7c4b11f1e56e3ca40a	gi|265679048|ref|NR_029356.1|	94.808	443	23	0	1	443	336	778	0.0	691	292800
8521385ec49ecb3f57d04648b5d54c77	gi|444304204|ref|NR_074629.1|	91.441	444	36	2	1	443	341	783	9.78e-174	608	1515
8521385ec49ecb3f57d04648b5d54c77	gi|631251959|ref|NR_113157.1|	91.441	444	36	2	1	443	341	783	9.78e-174	608	1515
8521385ec49ecb3f57d04648b5d54c77	gi|219857201|ref|NR_024829.1|	90.766	444	39	2	1	443	321	763	9.85e-169	592	253314
8521385ec49ecb3f57d04648b5d54c77	gi|2363084120|ref|NR_180309.1|	90.068	443	44	0	1	443	289	731	9.92e-164	575	2487273
8521385ec49ecb3f57d04648b5d54c77	gi|507148180|ref|NR_102987.1|	89.165	443	45	2	1	443	464	903	6.01e-156	549	720554
8521385ec49ecb3f57d04648b5d54c77	gi|1315204015|ref|NR_152684.1|	88.964	444	45	3	1	443	289	729	7.78e-155	545	1677857
8521385ec49ecb3f57d04648b5d54c77	gi|672238876|ref|NR_125464.1|	89.013	446	42	6	1	443	325	766	7.78e-155	545	1297424
8521385ec49ecb3f57d04648b5d54c77	gi|636559288|ref|NR_115345.1|	88.964	444	46	3	1	443	338	779	7.78e-155	545	320502
8521385ec49ecb3f57d04648b5d54c77	gi|1491516029|ref|NR_159227.1|	88.989	445	42	6	1	443	351	790	2.80e-154	544	1981510
8521385ec49ecb3f57d04648b5d54c77	gi|343200548|ref|NR_041235.1|	88.939	443	46	2	1	443	444	883	2.80e-154	544	720554
ccf232c737db5c1c809338a661366cd9	gi|310975042|ref|NR_036906.1|	99.355	465	3	0	1	465	323	787	0.0	843	1286
ccf232c737db5c1c809338a661366cd9	gi|2180566417|ref|NR_174273.1|	97.849	465	10	0	1	465	341	805	0.0	804	2044912
ccf232c737db5c1c809338a661366cd9	gi|2363087175|ref|NR_181843.1|	97.854	466	8	2	1	465	348	812	0.0	804	2750012
ccf232c737db5c1c809338a661366cd9	gi|2363086019|ref|NR_181262.1|	97.854	466	8	2	1	465	341	805	0.0	804	2741333
ccf232c737db5c1c809338a661366cd9	gi|631252759|ref|NR_113957.1|	97.849	465	10	0	1	465	321	785	0.0	804	1282
ccf232c737db5c1c809338a661366cd9	gi|631252147|ref|NR_113345.1|	97.854	466	8	2	1	465	321	785	0.0	804	1283
ccf232c737db5c1c809338a661366cd9	gi|636560376|ref|NR_116436.1|	97.849	465	10	0	1	465	341	805	0.0	804	70258
ccf232c737db5c1c809338a661366cd9	gi|636560375|ref|NR_116435.1|	97.849	465	10	0	1	465	341	805	0.0	804	70255
ccf232c737db5c1c809338a661366cd9	gi|636560374|ref|NR_116434.1|	97.849	465	10	0	1	465	341	805	0.0	804	1281
ccf232c737db5c1c809338a661366cd9	gi|636560373|ref|NR_116433.1|	97.849	465	10	0	1	465	341	805	0.0	804	1281
e8252750ac18c10b47fcd16bf301c053	gi|2363086274|ref|NR_181389.1|	92.777	443	26	6	1	440	295	734	0.0	636	2763657
e8252750ac18c10b47fcd16bf301c053	gi|2363081254|ref|NR_178871.1|	92.290	441	33	1	1	440	337	777	9.64e-179	625	1792311
e8252750ac18c10b47fcd16bf301c053	gi|219873437|ref|NR_026099.2|	91.818	440	36	0	1	440	309	748	5.80e-176	616	29353
e8252750ac18c10b47fcd16bf301c053	gi|1491516029|ref|NR_159227.1|	91.837	441	34	2	1	440	351	790	2.09e-175	614	1981510
e8252750ac18c10b47fcd16bf301c053	gi|507148180|ref|NR_102987.1|	91.591	440	37	0	1	440	464	903	9.71e-174	608	720554
e8252750ac18c10b47fcd16bf301c053	gi|219846327|ref|NR_025917.1|	91.591	440	36	1	1	440	309	747	3.49e-173	606	35830
e8252750ac18c10b47fcd16bf301c053	gi|636559288|ref|NR_115345.1|	91.176	442	37	2	1	440	338	779	5.84e-171	599	320502
e8252750ac18c10b47fcd16bf301c053	gi|343200548|ref|NR_041235.1|	91.136	440	39	0	1	440	444	883	2.10e-170	597	720554
e8252750ac18c10b47fcd16bf301c053	gi|2363084120|ref|NR_180309.1|	90.971	443	37	3	1	440	289	731	2.72e-169	593	2487273
e8252750ac18c10b47fcd16bf301c053	gi|2363084737|ref|NR_180617.1|	90.930	441	38	2	1	440	337	776	9.78e-169	592	2779355
ce9931b876d41c0fb52592a9e75d5900	gi|559795314|ref|NR_104907.1|	92.534	442	32	1	1	442	315	755	0.0	632	290054
ce9931b876d41c0fb52592a9e75d5900	gi|2136551683|ref|NR_173688.1|	91.176	442	37	2	1	442	321	760	5.87e-171	599	2780922
ce9931b876d41c0fb52592a9e75d5900	gi|444303976|ref|NR_074399.1|	90.724	442	39	1	1	442	333	772	1.27e-167	588	697329
ce9931b876d41c0fb52592a9e75d5900	gi|631251834|ref|NR_113032.1|	90.724	442	39	1	1	442	333	772	1.27e-167	588	1264
ce9931b876d41c0fb52592a9e75d5900	gi|636559173|ref|NR_115230.1|	90.724	442	39	1	1	442	333	772	1.27e-167	588	697329
ce9931b876d41c0fb52592a9e75d5900	gi|219846339|ref|NR_025929.1|	90.724	442	39	1	1	442	328	767	1.27e-167	588	697329
ce9931b876d41c0fb52592a9e75d5900	gi|1277396348|ref|NR_152059.1|	90.541	444	38	4	1	442	272	713	1.64e-166	584	1849041
ce9931b876d41c0fb52592a9e75d5900	gi|2363082561|ref|NR_179527.1|	90.541	444	38	4	1	442	336	777	1.64e-166	584	1841868
ce9931b876d41c0fb52592a9e75d5900	gi|2363082601|ref|NR_179547.1|	90.293	443	39	4	1	442	347	786	2.75e-164	577	1870991
ce9931b876d41c0fb52592a9e75d5900	gi|2136551692|ref|NR_173697.1|	90.045	442	44	0	1	442	349	790	3.56e-163	573	2108523
623cfc602e8178fdd28cd6fcf032e089	gi|2363082569|ref|NR_179531.1|	98.190	442	8	0	1	442	347	788	0.0	773	1852369
623cfc602e8178fdd28cd6fcf032e089	gi|2363082168|ref|NR_179330.1|	94.144	444	22	4	1	442	327	768	0.0	673	2714355
623cfc602e8178fdd28cd6fcf032e089	gi|1269801610|ref|NR_074793.2|	93.891	442	27	0	1	442	355	796	0.0	667	351091
623cfc602e8178fdd28cd6fcf032e089	gi|2363082165|ref|NR_179329.1|	93.919	444	23	4	1	442	327	768	0.0	667	2714353
623cfc602e8178fdd28cd6fcf032e089	gi|343200653|ref|NR_041340.1|	93.891	442	27	0	1	442	328	769	0.0	667	351091
623cfc602e8178fdd28cd6fcf032e089	gi|645321110|ref|NR_118156.1|	93.439	442	29	0	1	442	304	745	0.0	656	1007096
623cfc602e8178fdd28cd6fcf032e089	gi|2260349448|ref|NR_176530.1|	93.213	442	30	0	1	442	358	799	0.0	651	2093857
623cfc602e8178fdd28cd6fcf032e089	gi|2363082559|ref|NR_179526.1|	93.213	442	30	0	1	442	349	790	0.0	651	1841866
623cfc602e8178fdd28cd6fcf032e089	gi|2962412234|ref|NR_199428.1|	92.760	442	32	0	1	442	352	793	0.0	640	3073143
623cfc602e8178fdd28cd6fcf032e089	gi|2363087001|ref|NR_181757.1|	92.568	444	29	4	1	442	289	730	0.0	634	2841504
148fe87ea879fca891324974cd5137b5	gi|2363086290|ref|NR_181397.1|	96.364	440	16	0	1	440	303	742	0.0	725	2763671
148fe87ea879fca891324974cd5137b5	gi|2363087259|ref|NR_181885.1|	96.136	440	17	0	1	440	335	774	0.0	721	2885351
148fe87ea879fca891324974cd5137b5	gi|3030611230|ref|NR_199906.1|	95.909	440	18	0	1	440	354	793	0.0	713	3123317
148fe87ea879fca891324974cd5137b5	gi|3030611314|ref|NR_199990.1|	95.909	440	18	0	1	440	350	789	0.0	713	3123317
148fe87ea879fca891324974cd5137b5	gi|1384992331|ref|NR_156080.1|	95.909	440	18	0	1	440	336	775	0.0	713	1469948
148fe87ea879fca891324974cd5137b5	gi|1384992328|ref|NR_156077.1|	95.909	440	18	0	1	440	336	775	0.0	713	1469948
148fe87ea879fca891324974cd5137b5	gi|974142252|ref|NR_134772.1|	95.909	440	18	0	1	440	297	736	0.0	713	1337051
148fe87ea879fca891324974cd5137b5	gi|2363086292|ref|NR_181398.1|	95.909	440	18	0	1	440	299	738	0.0	713	2763667
148fe87ea879fca891324974cd5137b5	gi|2363085169|ref|NR_180833.1|	95.682	440	19	0	1	440	337	776	0.0	708	2606635
148fe87ea879fca891324974cd5137b5	gi|1384992332|ref|NR_156081.1|	95.682	440	19	0	1	440	336	775	0.0	708	1469948
422710301ac031f36fcb559d23669ef1	gi|631251955|ref|NR_113153.1|	99.314	437	3	0	24	460	357	793	0.0	791	328814
422710301ac031f36fcb559d23669ef1	gi|343202834|ref|NR_043319.1|	99.085	437	4	0	24	460	346	782	0.0	787	717959
422710301ac031f36fcb559d23669ef1	gi|507148054|ref|NR_102861.1|	99.085	437	4	0	24	460	357	793	0.0	785	717959
422710301ac031f36fcb559d23669ef1	gi|507148137|ref|NR_102944.1|	97.941	437	9	0	24	460	357	793	0.0	758	214856
422710301ac031f36fcb559d23669ef1	gi|343198609|ref|NR_043064.1|	97.941	437	9	0	24	460	337	773	0.0	758	214856
422710301ac031f36fcb559d23669ef1	gi|631251952|ref|NR_113150.1|	97.712	437	10	0	24	460	357	793	0.0	752	214856
422710301ac031f36fcb559d23669ef1	gi|636559243|ref|NR_115300.1|	97.483	437	11	0	24	460	337	773	0.0	747	679935
422710301ac031f36fcb559d23669ef1	gi|2363086959|ref|NR_181736.1|	97.254	437	12	0	24	460	357	793	0.0	741	2834113
422710301ac031f36fcb559d23669ef1	gi|645321193|ref|NR_118219.1|	96.796	437	14	0	24	460	355	791	0.0	730	1033732
422710301ac031f36fcb559d23669ef1	gi|2363082505|ref|NR_179499.1|	96.568	437	15	0	24	460	365	801	0.0	725	2364787
08828c799b76fa25b2614aa72f37b62a	gi|2363082165|ref|NR_179329.1|	96.833	442	14	0	1	442	327	768	0.0	739	2714353
08828c799b76fa25b2614aa72f37b62a	gi|2363082168|ref|NR_179330.1|	96.606	442	15	0	1	442	327	768	0.0	734	2714355
08828c799b76fa25b2614aa72f37b62a	gi|1109168025|ref|NR_144611.1|	93.708	445	23	3	1	442	282	724	0.0	662	1417852
08828c799b76fa25b2614aa72f37b62a	gi|3030611324|ref|NR_200000.1|	92.584	445	28	3	1	442	301	743	0.0	634	3342383
08828c799b76fa25b2614aa72f37b62a	gi|645321636|ref|NR_118554.1|	92.568	444	30	3	1	442	329	771	0.0	634	1297617
08828c799b76fa25b2614aa72f37b62a	gi|2136551692|ref|NR_173697.1|	92.308	442	34	0	1	442	349	790	7.49e-180	628	2108523
08828c799b76fa25b2614aa72f37b62a	gi|2363082352|ref|NR_179423.1|	92.342	444	31	3	1	442	349	791	7.49e-180	628	1689270
08828c799b76fa25b2614aa72f37b62a	gi|645321110|ref|NR_118156.1|	92.360	445	28	5	1	442	304	745	7.49e-180	628	1007096
08828c799b76fa25b2614aa72f37b62a	gi|2260349448|ref|NR_176530.1|	92.135	445	29	5	1	442	358	799	3.48e-178	623	2093857
08828c799b76fa25b2614aa72f37b62a	gi|2363087001|ref|NR_181757.1|	92.205	449	21	13	1	442	289	730	3.48e-178	623	2841504
