0cab728f9dbaec0c883d55bb81d06e4d	gi|343198540|ref|NR_042832.1|	99.093	441	4	0	4	444	330	770	0.0	793	301302
0cab728f9dbaec0c883d55bb81d06e4d	gi|444439494|ref|NR_074809.1|	98.186	441	8	0	4	444	350	790	0.0	771	585394
0cab728f9dbaec0c883d55bb81d06e4d	gi|645320588|ref|NR_117758.1|	98.190	442	7	1	4	444	322	763	0.0	771	166486
0cab728f9dbaec0c883d55bb81d06e4d	gi|228716944|ref|NR_027557.1|	98.190	442	7	1	4	444	343	784	0.0	771	536231
0cab728f9dbaec0c883d55bb81d06e4d	gi|444304209|ref|NR_074634.1|	97.959	441	8	1	4	444	350	789	0.0	763	515619
0cab728f9dbaec0c883d55bb81d06e4d	gi|343201282|ref|NR_042008.1|	97.959	441	8	1	4	444	341	780	0.0	763	585394
0cab728f9dbaec0c883d55bb81d06e4d	gi|1227086116|ref|NR_148619.1|	97.511	442	10	1	4	444	301	742	0.0	754	1712665
0cab728f9dbaec0c883d55bb81d06e4d	gi|343201281|ref|NR_042007.1|	97.297	444	7	5	4	444	343	784	0.0	749	622312
0cab728f9dbaec0c883d55bb81d06e4d	gi|2363086282|ref|NR_181393.1|	97.052	441	12	1	4	444	290	729	0.0	741	2763664
0cab728f9dbaec0c883d55bb81d06e4d	gi|2363085153|ref|NR_180825.1|	96.825	441	14	0	4	444	347	787	0.0	737	2605790
5af5ce02df343016135d6b5744d8b7ba	gi|265678656|ref|NR_028961.1|	98.864	440	5	0	4	443	327	766	0.0	785	853
5af5ce02df343016135d6b5744d8b7ba	gi|2363081451|ref|NR_178972.1|	98.636	440	6	0	4	443	285	724	0.0	780	1851428
5af5ce02df343016135d6b5744d8b7ba	gi|2363080123|ref|NR_178280.1|	98.636	440	6	0	4	443	331	770	0.0	780	411483
5af5ce02df343016135d6b5744d8b7ba	gi|3030611269|ref|NR_199945.1|	98.409	440	7	0	4	443	335	774	0.0	774	3435293
5af5ce02df343016135d6b5744d8b7ba	gi|2363081449|ref|NR_178971.1|	98.409	440	6	1	4	443	285	723	0.0	773	1851427
5af5ce02df343016135d6b5744d8b7ba	gi|2363082282|ref|NR_179388.1|	97.959	441	7	2	4	443	335	774	0.0	763	2935520
5af5ce02df343016135d6b5744d8b7ba	gi|2363080175|ref|NR_178311.1|	96.364	440	16	0	4	443	412	851	0.0	725	2903556
5af5ce02df343016135d6b5744d8b7ba	gi|1397641802|ref|NR_156911.1|	92.273	440	34	0	4	443	351	790	9.71e-179	625	1650663
5af5ce02df343016135d6b5744d8b7ba	gi|2363084747|ref|NR_180622.1|	92.290	441	32	2	4	443	335	774	9.71e-179	625	2779354
5af5ce02df343016135d6b5744d8b7ba	gi|2363082356|ref|NR_179425.1|	92.273	440	34	0	4	443	351	790	9.71e-179	625	1689304
c0f18d58c531374f369cd717874f5f08	gi|631251747|ref|NR_112945.1|	99.130	460	4	0	4	463	327	786	0.0	828	820
c0f18d58c531374f369cd717874f5f08	gi|343200179|ref|NR_040866.1|	99.130	460	4	0	4	463	334	793	0.0	828	820
c0f18d58c531374f369cd717874f5f08	gi|2363086550|ref|NR_181532.1|	98.696	460	6	0	4	463	322	781	0.0	817	2763025
c0f18d58c531374f369cd717874f5f08	gi|631251874|ref|NR_113072.1|	97.174	460	13	0	4	463	338	797	0.0	778	1236512
c0f18d58c531374f369cd717874f5f08	gi|2363082773|ref|NR_179635.1|	96.957	460	14	0	4	463	338	797	0.0	773	2024197
c0f18d58c531374f369cd717874f5f08	gi|631251816|ref|NR_113014.1|	96.957	460	14	0	4	463	338	797	0.0	773	1236512
c0f18d58c531374f369cd717874f5f08	gi|631251735|ref|NR_112933.1|	96.304	460	17	0	4	463	334	793	0.0	756	246787
c0f18d58c531374f369cd717874f5f08	gi|343200620|ref|NR_041307.1|	96.087	460	18	0	4	463	334	793	0.0	750	329854
c0f18d58c531374f369cd717874f5f08	gi|2363084421|ref|NR_180458.1|	95.870	460	19	0	4	463	340	799	0.0	745	2650157
c0f18d58c531374f369cd717874f5f08	gi|2363082635|ref|NR_179564.1|	95.870	460	19	0	4	463	338	797	0.0	745	1903262
2bfc7913f5ebb65ba0d875d4b789f3c1	gi|3030611263|ref|NR_199939.1|	87.302	441	55	1	4	444	332	771	4.76e-142	503	3074434
2bfc7913f5ebb65ba0d875d4b789f3c1	gi|672239088|ref|NR_125677.1|	87.330	442	53	3	4	444	346	785	4.76e-142	503	1348613
2bfc7913f5ebb65ba0d875d4b789f3c1	gi|2363083221|ref|NR_179859.1|	86.848	441	57	1	4	444	347	786	1.03e-138	492	2078660
2bfc7913f5ebb65ba0d875d4b789f3c1	gi|1230874676|ref|NR_148837.1|	86.848	441	57	1	4	444	347	786	1.03e-138	492	1675854
2bfc7913f5ebb65ba0d875d4b789f3c1	gi|645320438|ref|NR_117645.1|	86.848	441	57	1	4	444	345	784	1.03e-138	492	1185412
2bfc7913f5ebb65ba0d875d4b789f3c1	gi|219846512|ref|NR_026104.1|	86.456	443	58	1	4	444	312	754	1.72e-136	484	1121303
2bfc7913f5ebb65ba0d875d4b789f3c1	gi|672238876|ref|NR_125464.1|	86.425	442	59	1	4	444	325	766	6.20e-136	483	1297424
2bfc7913f5ebb65ba0d875d4b789f3c1	gi|3030611264|ref|NR_199940.1|	86.395	441	59	1	4	444	338	777	2.23e-135	481	3074433
2bfc7913f5ebb65ba0d875d4b789f3c1	gi|2363086274|ref|NR_181389.1|	86.456	443	55	5	4	444	295	734	2.23e-135	481	2763657
2bfc7913f5ebb65ba0d875d4b789f3c1	gi|507148180|ref|NR_102987.1|	86.395	441	59	1	4	444	464	903	2.23e-135	481	720554
0677ee50565b3b40b3fcd7e56d07683d	gi|265678656|ref|NR_028961.1|	99.091	440	4	0	4	443	327	766	0.0	791	853
0677ee50565b3b40b3fcd7e56d07683d	gi|2363081451|ref|NR_178972.1|	98.864	440	5	0	4	443	285	724	0.0	785	1851428
0677ee50565b3b40b3fcd7e56d07683d	gi|2363080123|ref|NR_178280.1|	98.864	440	5	0	4	443	331	770	0.0	785	411483
0677ee50565b3b40b3fcd7e56d07683d	gi|3030611269|ref|NR_199945.1|	98.636	440	6	0	4	443	335	774	0.0	780	3435293
0677ee50565b3b40b3fcd7e56d07683d	gi|2363081449|ref|NR_178971.1|	98.409	440	6	1	4	443	285	723	0.0	773	1851427
0677ee50565b3b40b3fcd7e56d07683d	gi|2363082282|ref|NR_179388.1|	98.186	441	6	2	4	443	335	774	0.0	769	2935520
0677ee50565b3b40b3fcd7e56d07683d	gi|2363080175|ref|NR_178311.1|	96.591	440	15	0	4	443	412	851	0.0	730	2903556
0677ee50565b3b40b3fcd7e56d07683d	gi|1397641802|ref|NR_156911.1|	92.500	440	33	0	4	443	351	790	2.09e-180	630	1650663
0677ee50565b3b40b3fcd7e56d07683d	gi|2363084747|ref|NR_180622.1|	92.517	441	31	2	4	443	335	774	2.09e-180	630	2779354
0677ee50565b3b40b3fcd7e56d07683d	gi|2363082356|ref|NR_179425.1|	92.500	440	33	0	4	443	351	790	2.09e-180	630	1689304
4d6c9ee13c979a00a5a0ab5ff05aefc3	gi|2363085153|ref|NR_180825.1|	96.614	443	13	1	4	446	347	787	0.0	734	2605790
4d6c9ee13c979a00a5a0ab5ff05aefc3	gi|343198540|ref|NR_042832.1|	96.614	443	13	1	4	446	330	770	0.0	734	301302
4d6c9ee13c979a00a5a0ab5ff05aefc3	gi|645320588|ref|NR_117758.1|	96.163	443	16	1	4	446	322	763	0.0	723	166486
4d6c9ee13c979a00a5a0ab5ff05aefc3	gi|228716944|ref|NR_027557.1|	96.163	443	16	1	4	446	343	784	0.0	723	536231
4d6c9ee13c979a00a5a0ab5ff05aefc3	gi|2363085149|ref|NR_180823.1|	96.163	443	14	1	4	446	357	796	0.0	721	2606634
4d6c9ee13c979a00a5a0ab5ff05aefc3	gi|444439494|ref|NR_074809.1|	95.711	443	17	1	4	446	350	790	0.0	712	585394
4d6c9ee13c979a00a5a0ab5ff05aefc3	gi|444304209|ref|NR_074634.1|	95.711	443	16	1	4	446	350	789	0.0	710	515619
4d6c9ee13c979a00a5a0ab5ff05aefc3	gi|2363086282|ref|NR_181393.1|	95.711	443	16	1	4	446	290	729	0.0	710	2763664
4d6c9ee13c979a00a5a0ab5ff05aefc3	gi|559795194|ref|NR_104783.1|	95.711	443	16	1	4	446	353	792	0.0	710	290052
4d6c9ee13c979a00a5a0ab5ff05aefc3	gi|1227086116|ref|NR_148619.1|	95.495	444	17	2	4	446	301	742	0.0	706	1712665
fcb85714a09819512c3638244cab1745	gi|631251875|ref|NR_113073.1|	98.913	460	5	0	4	463	329	788	0.0	822	487174
fcb85714a09819512c3638244cab1745	gi|343200981|ref|NR_041668.1|	98.913	460	5	0	4	463	321	780	0.0	822	742726
fcb85714a09819512c3638244cab1745	gi|1270532346|ref|NR_121773.2|	96.095	461	16	2	4	463	348	807	0.0	750	397865
fcb85714a09819512c3638244cab1745	gi|343200821|ref|NR_041508.1|	95.879	461	16	3	4	463	325	783	0.0	743	397865
fcb85714a09819512c3638244cab1745	gi|2136551682|ref|NR_173687.1|	90.043	462	42	4	4	463	325	784	7.98e-170	595	2751153
fcb85714a09819512c3638244cab1745	gi|1146059151|ref|NR_145883.1|	89.610	462	44	4	4	463	284	743	1.73e-166	584	1501392
fcb85714a09819512c3638244cab1745	gi|1116030267|ref|NR_144725.1|	89.177	462	46	4	4	463	337	796	8.03e-165	579	1686296
fcb85714a09819512c3638244cab1745	gi|1909404453|ref|NR_170508.1|	88.069	461	52	3	4	463	352	810	2.93e-154	544	2518971
fcb85714a09819512c3638244cab1745	gi|2621112336|ref|NR_189240.1|	87.931	464	48	8	4	463	342	801	3.79e-153	540	2944915
fcb85714a09819512c3638244cab1745	gi|2363083455|ref|NR_179976.1|	87.957	465	45	10	4	463	289	747	1.36e-152	538	2094151
7acdf0b9c02a9c28c34e749732eb36c5	gi|2363086264|ref|NR_181384.1|	87.528	441	54	1	4	444	250	689	1.02e-143	508	2763660
7acdf0b9c02a9c28c34e749732eb36c5	gi|3030611263|ref|NR_199939.1|	86.652	442	56	3	4	444	332	771	4.79e-137	486	3074434
7acdf0b9c02a9c28c34e749732eb36c5	gi|672239088|ref|NR_125677.1|	86.652	442	56	3	4	444	346	785	4.79e-137	486	1348613
7acdf0b9c02a9c28c34e749732eb36c5	gi|2363086274|ref|NR_181389.1|	86.456	443	55	5	4	444	295	734	2.23e-135	481	2763657
7acdf0b9c02a9c28c34e749732eb36c5	gi|1230874676|ref|NR_148837.1|	86.199	442	58	3	4	444	347	786	1.04e-133	475	1675854
7acdf0b9c02a9c28c34e749732eb36c5	gi|645320438|ref|NR_117645.1|	86.199	442	58	3	4	444	345	784	1.04e-133	475	1185412
7acdf0b9c02a9c28c34e749732eb36c5	gi|219846512|ref|NR_026104.1|	86.005	443	60	1	4	444	312	754	3.73e-133	473	1121303
7acdf0b9c02a9c28c34e749732eb36c5	gi|672238876|ref|NR_125464.1|	85.973	442	61	1	4	444	325	766	1.34e-132	472	1297424
7acdf0b9c02a9c28c34e749732eb36c5	gi|2363083221|ref|NR_179859.1|	85.941	441	61	1	4	444	347	786	4.83e-132	470	2078660
7acdf0b9c02a9c28c34e749732eb36c5	gi|3030611264|ref|NR_199940.1|	85.941	441	61	1	4	444	338	777	4.83e-132	470	3074433
73ba266cda16aa2e3e852e2363e10257	gi|343198925|ref|NR_044049.1|	99.091	440	4	0	4	443	316	755	0.0	791	33043
73ba266cda16aa2e3e852e2363e10257	gi|559795169|ref|NR_104758.1|	95.227	440	21	0	4	443	345	784	0.0	697	1282887
73ba266cda16aa2e3e852e2363e10257	gi|2363086278|ref|NR_181391.1|	95.000	440	22	0	4	443	249	688	0.0	691	2763670
73ba266cda16aa2e3e852e2363e10257	gi|219856842|ref|NR_024661.1|	95.000	440	22	0	4	443	361	800	0.0	691	42322
73ba266cda16aa2e3e852e2363e10257	gi|631252121|ref|NR_113319.1|	94.545	440	24	0	4	443	350	789	0.0	680	645466
73ba266cda16aa2e3e852e2363e10257	gi|2363080125|ref|NR_178281.1|	94.545	440	24	0	4	443	340	779	0.0	680	105843
73ba266cda16aa2e3e852e2363e10257	gi|645321792|ref|NR_118676.1|	94.091	440	26	0	4	443	370	809	0.0	678	39497
73ba266cda16aa2e3e852e2363e10257	gi|1384992332|ref|NR_156081.1|	94.318	440	25	0	4	443	336	775	0.0	675	1469948
73ba266cda16aa2e3e852e2363e10257	gi|1384992329|ref|NR_156078.1|	94.318	440	25	0	4	443	336	775	0.0	675	1469948
73ba266cda16aa2e3e852e2363e10257	gi|636560803|ref|NR_116863.1|	94.331	441	24	1	4	443	337	777	0.0	675	645466
ce1701a608e070e8a5c3c93f31d9e4e1	gi|265678656|ref|NR_028961.1|	98.864	440	5	0	4	443	327	766	0.0	785	853
ce1701a608e070e8a5c3c93f31d9e4e1	gi|2363081451|ref|NR_178972.1|	98.636	440	6	0	4	443	285	724	0.0	780	1851428
ce1701a608e070e8a5c3c93f31d9e4e1	gi|2363080123|ref|NR_178280.1|	98.636	440	6	0	4	443	331	770	0.0	780	411483
ce1701a608e070e8a5c3c93f31d9e4e1	gi|3030611269|ref|NR_199945.1|	98.409	440	7	0	4	443	335	774	0.0	774	3435293
ce1701a608e070e8a5c3c93f31d9e4e1	gi|2363081449|ref|NR_178971.1|	98.840	431	5	0	4	434	285	715	0.0	769	1851427
ce1701a608e070e8a5c3c93f31d9e4e1	gi|2363082282|ref|NR_179388.1|	97.959	441	7	2	4	443	335	774	0.0	763	2935520
ce1701a608e070e8a5c3c93f31d9e4e1	gi|2363080175|ref|NR_178311.1|	96.364	440	16	0	4	443	412	851	0.0	725	2903556
ce1701a608e070e8a5c3c93f31d9e4e1	gi|1397641802|ref|NR_156911.1|	92.273	440	34	0	4	443	351	790	9.71e-179	625	1650663
ce1701a608e070e8a5c3c93f31d9e4e1	gi|2363084747|ref|NR_180622.1|	92.290	441	32	2	4	443	335	774	9.71e-179	625	2779354
ce1701a608e070e8a5c3c93f31d9e4e1	gi|2363082356|ref|NR_179425.1|	92.273	440	34	0	4	443	351	790	9.71e-179	625	1689304
ab619d34a780dbc8eef43b67e74075ac	gi|631252213|ref|NR_113411.1|	96.739	460	15	0	4	463	341	800	0.0	767	537011
ab619d34a780dbc8eef43b67e74075ac	gi|343200190|ref|NR_040877.1|	96.522	460	16	0	4	463	341	800	0.0	763	537011
ab619d34a780dbc8eef43b67e74075ac	gi|2363084409|ref|NR_180452.1|	95.435	460	21	0	4	463	321	780	0.0	734	2518605
ab619d34a780dbc8eef43b67e74075ac	gi|631251894|ref|NR_113092.1|	94.348	460	26	0	4	463	329	788	0.0	706	77768
ab619d34a780dbc8eef43b67e74075ac	gi|219878161|ref|NR_025300.1|	94.348	460	26	0	4	463	341	800	0.0	706	77768
ab619d34a780dbc8eef43b67e74075ac	gi|265678842|ref|NR_029147.1|	94.130	460	27	0	4	463	344	803	0.0	701	28136
ab619d34a780dbc8eef43b67e74075ac	gi|631251922|ref|NR_113120.1|	93.696	460	29	0	4	463	339	798	0.0	689	28136
ab619d34a780dbc8eef43b67e74075ac	gi|631251907|ref|NR_113105.1|	93.043	460	32	0	4	463	329	788	0.0	673	470565
ab619d34a780dbc8eef43b67e74075ac	gi|343199048|ref|NR_044407.1|	93.043	460	32	0	4	463	321	780	0.0	673	470565
ab619d34a780dbc8eef43b67e74075ac	gi|566085557|ref|NR_109628.1|	92.826	460	33	0	4	463	322	781	0.0	667	1177574
7b0aaeead5a7912ffd1862e446a33079	gi|444304091|ref|NR_074515.1|	99.130	460	4	0	4	463	350	809	0.0	828	435590
7b0aaeead5a7912ffd1862e446a33079	gi|631251748|ref|NR_112946.1|	99.130	460	4	0	4	463	339	798	0.0	828	821
7b0aaeead5a7912ffd1862e446a33079	gi|631250946|ref|NR_112143.1|	98.913	460	5	0	4	463	307	766	0.0	822	821
7b0aaeead5a7912ffd1862e446a33079	gi|343200664|ref|NR_041351.1|	98.261	460	8	0	4	463	341	800	0.0	806	357276
7b0aaeead5a7912ffd1862e446a33079	gi|631251997|ref|NR_113195.1|	93.478	460	30	0	4	463	338	797	0.0	684	1236515
7b0aaeead5a7912ffd1862e446a33079	gi|631251866|ref|NR_113064.1|	93.261	460	31	0	4	463	338	797	0.0	678	1236538
7b0aaeead5a7912ffd1862e446a33079	gi|631251817|ref|NR_113015.1|	93.261	460	31	0	4	463	338	797	0.0	678	1236538
7b0aaeead5a7912ffd1862e446a33079	gi|645320081|ref|NR_117373.1|	93.261	460	31	0	4	463	289	748	0.0	678	1236515
7b0aaeead5a7912ffd1862e446a33079	gi|2363085522|ref|NR_181010.1|	92.826	460	33	0	4	463	297	756	0.0	667	2786956
7b0aaeead5a7912ffd1862e446a33079	gi|2363082547|ref|NR_179520.1|	92.826	460	33	0	4	463	314	773	0.0	667	1841855
e74efcc5d321e4fca381a0e3411ebb86	gi|631251704|ref|NR_112902.1|	99.140	465	4	0	4	468	427	891	0.0	837	626940
e74efcc5d321e4fca381a0e3411ebb86	gi|219846519|ref|NR_026111.1|	93.133	466	30	2	4	468	339	803	0.0	682	33025
e74efcc5d321e4fca381a0e3411ebb86	gi|2363082047|ref|NR_179270.1|	92.521	468	30	5	4	468	326	791	0.0	669	2654621
e74efcc5d321e4fca381a0e3411ebb86	gi|2363082805|ref|NR_179651.1|	90.129	466	44	2	4	468	350	814	1.34e-172	604	2058289
e74efcc5d321e4fca381a0e3411ebb86	gi|2621112327|ref|NR_189230.1|	90.129	466	44	2	4	468	298	762	1.34e-172	604	2897706
e74efcc5d321e4fca381a0e3411ebb86	gi|2363082609|ref|NR_179551.1|	89.914	466	45	2	4	468	345	809	1.73e-171	601	1871002
e74efcc5d321e4fca381a0e3411ebb86	gi|2363082575|ref|NR_179534.1|	89.722	467	44	4	4	468	345	809	2.90e-169	593	1852375
e74efcc5d321e4fca381a0e3411ebb86	gi|3248465909|ref|NR_201924.1|	89.485	466	47	2	4	468	333	797	3.75e-168	590	3456956
e74efcc5d321e4fca381a0e3411ebb86	gi|265678564|ref|NR_028868.1|	89.056	466	49	2	4	468	328	792	2.92e-164	577	78120
e74efcc5d321e4fca381a0e3411ebb86	gi|343201194|ref|NR_041951.1|	88.478	460	48	4	4	460	321	778	1.77e-156	551	1009370
3df16a1ea309c28daa08bae0d2554c32	gi|343201091|ref|NR_041778.1|	98.925	465	5	0	4	468	340	804	0.0	832	901
3df16a1ea309c28daa08bae0d2554c32	gi|559795397|ref|NR_104990.1|	96.344	465	17	0	4	468	340	804	0.0	765	876
3df16a1ea309c28daa08bae0d2554c32	gi|2363085125|ref|NR_180811.1|	96.146	467	14	4	4	468	329	793	0.0	760	2605782
3df16a1ea309c28daa08bae0d2554c32	gi|566084868|ref|NR_108301.1|	95.940	468	16	3	4	468	324	791	0.0	756	571438
3df16a1ea309c28daa08bae0d2554c32	gi|2962412215|ref|NR_199409.1|	94.647	467	21	3	4	468	328	792	0.0	721	3136602
3df16a1ea309c28daa08bae0d2554c32	gi|631252098|ref|NR_113296.1|	94.456	469	18	5	4	468	341	805	0.0	715	54565
3df16a1ea309c28daa08bae0d2554c32	gi|645319734|ref|NR_117110.1|	94.456	469	18	5	4	468	337	801	0.0	715	54565
3df16a1ea309c28daa08bae0d2554c32	gi|219846821|ref|NR_026413.1|	94.444	468	20	4	4	468	320	784	0.0	715	58621
3df16a1ea309c28daa08bae0d2554c32	gi|343198744|ref|NR_043567.1|	93.376	468	25	4	4	468	340	804	0.0	688	32016
3df16a1ea309c28daa08bae0d2554c32	gi|636558706|ref|NR_114763.1|	93.376	468	25	4	4	468	200	664	0.0	688	32016
c050c08ad102564b8b6ac5204f387e68	gi|2363084409|ref|NR_180452.1|	98.478	460	7	0	4	463	321	780	0.0	811	2518605
c050c08ad102564b8b6ac5204f387e68	gi|631252213|ref|NR_113411.1|	96.739	460	15	0	4	463	341	800	0.0	767	537011
c050c08ad102564b8b6ac5204f387e68	gi|343200190|ref|NR_040877.1|	96.522	460	16	0	4	463	341	800	0.0	763	537011
c050c08ad102564b8b6ac5204f387e68	gi|631251907|ref|NR_113105.1|	93.709	461	27	2	4	463	329	788	0.0	689	470565
c050c08ad102564b8b6ac5204f387e68	gi|631251894|ref|NR_113092.1|	93.709	461	27	2	4	463	329	788	0.0	689	77768
c050c08ad102564b8b6ac5204f387e68	gi|343199048|ref|NR_044407.1|	93.709	461	27	2	4	463	321	780	0.0	689	470565
c050c08ad102564b8b6ac5204f387e68	gi|219878161|ref|NR_025300.1|	93.709	461	27	2	4	463	341	800	0.0	689	77768
c050c08ad102564b8b6ac5204f387e68	gi|631251922|ref|NR_113120.1|	93.506	462	26	4	4	463	339	798	0.0	684	28136
c050c08ad102564b8b6ac5204f387e68	gi|265678842|ref|NR_029147.1|	93.521	463	24	6	4	463	344	803	0.0	684	28136
c050c08ad102564b8b6ac5204f387e68	gi|566085557|ref|NR_109628.1|	93.275	461	29	2	4	463	322	781	0.0	678	1177574
2ad35b4fb756592c23e5966300c4a5d8	gi|645321781|ref|NR_118667.1|	95.909	440	18	0	4	443	355	794	0.0	726	28052
2ad35b4fb756592c23e5966300c4a5d8	gi|559795246|ref|NR_104836.1|	95.455	440	20	0	4	443	333	772	0.0	702	706562
2ad35b4fb756592c23e5966300c4a5d8	gi|444304189|ref|NR_074613.1|	95.238	441	19	2	4	443	350	789	0.0	697	515620
2ad35b4fb756592c23e5966300c4a5d8	gi|559795169|ref|NR_104758.1|	95.227	440	21	0	4	443	345	784	0.0	697	1282887
2ad35b4fb756592c23e5966300c4a5d8	gi|1277396183|ref|NR_151894.1|	95.238	441	19	2	4	443	335	774	0.0	697	433293
2ad35b4fb756592c23e5966300c4a5d8	gi|1109168019|ref|NR_144608.1|	94.344	442	23	2	4	443	348	789	0.0	676	1796618
2ad35b4fb756592c23e5966300c4a5d8	gi|2136551633|ref|NR_173637.1|	94.318	440	25	0	4	443	294	733	0.0	675	2755051
2ad35b4fb756592c23e5966300c4a5d8	gi|559795194|ref|NR_104783.1|	94.331	441	23	2	4	443	353	792	0.0	675	290052
2ad35b4fb756592c23e5966300c4a5d8	gi|343202586|ref|NR_042953.1|	94.318	440	25	0	4	443	308	747	0.0	675	264463
2ad35b4fb756592c23e5966300c4a5d8	gi|1384992332|ref|NR_156081.1|	94.091	440	26	0	4	443	336	775	0.0	669	1469948
92c38117275cd729a7cc132e8dfe458e	gi|559795255|ref|NR_104846.1|	96.364	440	16	0	4	443	288	727	0.0	725	745368
92c38117275cd729a7cc132e8dfe458e	gi|265678692|ref|NR_028997.1|	95.465	441	19	1	4	443	303	743	0.0	702	214851
92c38117275cd729a7cc132e8dfe458e	gi|3030611269|ref|NR_199945.1|	94.545	440	24	0	4	443	335	774	0.0	680	3435293
92c38117275cd729a7cc132e8dfe458e	gi|265678656|ref|NR_028961.1|	94.091	440	26	0	4	443	327	766	0.0	669	853
92c38117275cd729a7cc132e8dfe458e	gi|2363081451|ref|NR_178972.1|	93.864	440	27	0	4	443	285	724	0.0	664	1851428
92c38117275cd729a7cc132e8dfe458e	gi|2363080123|ref|NR_178280.1|	93.864	440	27	0	4	443	331	770	0.0	664	411483
92c38117275cd729a7cc132e8dfe458e	gi|2363081449|ref|NR_178971.1|	93.636	440	27	1	4	443	285	723	0.0	656	1851427
92c38117275cd729a7cc132e8dfe458e	gi|2363082356|ref|NR_179425.1|	93.409	440	29	0	4	443	351	790	0.0	652	1689304
92c38117275cd729a7cc132e8dfe458e	gi|1397641802|ref|NR_156911.1|	93.182	440	30	0	4	443	351	790	0.0	647	1650663
92c38117275cd729a7cc132e8dfe458e	gi|2363082282|ref|NR_179388.1|	93.197	441	28	2	4	443	335	774	0.0	647	2935520
381b50ccdc6b3ef75a28956c801691b8	gi|631252213|ref|NR_113411.1|	96.957	460	14	0	4	463	341	800	0.0	773	537011
381b50ccdc6b3ef75a28956c801691b8	gi|343200190|ref|NR_040877.1|	96.739	460	15	0	4	463	341	800	0.0	769	537011
381b50ccdc6b3ef75a28956c801691b8	gi|2363084409|ref|NR_180452.1|	95.652	460	20	0	4	463	321	780	0.0	739	2518605
381b50ccdc6b3ef75a28956c801691b8	gi|631251894|ref|NR_113092.1|	94.565	460	25	0	4	463	329	788	0.0	712	77768
381b50ccdc6b3ef75a28956c801691b8	gi|219878161|ref|NR_025300.1|	94.565	460	25	0	4	463	341	800	0.0	712	77768
381b50ccdc6b3ef75a28956c801691b8	gi|265678842|ref|NR_029147.1|	94.348	460	26	0	4	463	344	803	0.0	706	28136
381b50ccdc6b3ef75a28956c801691b8	gi|631251922|ref|NR_113120.1|	93.913	460	28	0	4	463	339	798	0.0	695	28136
381b50ccdc6b3ef75a28956c801691b8	gi|631251907|ref|NR_113105.1|	93.261	460	31	0	4	463	329	788	0.0	678	470565
381b50ccdc6b3ef75a28956c801691b8	gi|343199048|ref|NR_044407.1|	93.261	460	31	0	4	463	321	780	0.0	678	470565
381b50ccdc6b3ef75a28956c801691b8	gi|566085557|ref|NR_109628.1|	93.043	460	32	0	4	463	322	781	0.0	673	1177574
559906dc94e52f80c27a7b55fd0e88c0	gi|343201281|ref|NR_042007.1|	99.095	442	4	0	4	445	343	784	0.0	795	622312
559906dc94e52f80c27a7b55fd0e88c0	gi|645320588|ref|NR_117758.1|	97.297	444	8	4	4	445	322	763	0.0	750	166486
559906dc94e52f80c27a7b55fd0e88c0	gi|228716944|ref|NR_027557.1|	97.297	444	8	4	4	445	343	784	0.0	750	536231
559906dc94e52f80c27a7b55fd0e88c0	gi|343198540|ref|NR_042832.1|	97.297	444	7	5	4	445	330	770	0.0	749	301302
559906dc94e52f80c27a7b55fd0e88c0	gi|444439494|ref|NR_074809.1|	96.847	444	9	5	4	445	350	790	0.0	737	585394
559906dc94e52f80c27a7b55fd0e88c0	gi|1227086116|ref|NR_148619.1|	96.629	445	9	6	4	445	301	742	0.0	734	1712665
559906dc94e52f80c27a7b55fd0e88c0	gi|343201282|ref|NR_042008.1|	96.622	444	9	6	4	445	341	780	0.0	732	585394
559906dc94e52f80c27a7b55fd0e88c0	gi|444304209|ref|NR_074634.1|	96.171	444	11	5	4	445	350	789	0.0	721	515619
559906dc94e52f80c27a7b55fd0e88c0	gi|2363086282|ref|NR_181393.1|	96.171	444	11	5	4	445	290	729	0.0	721	2763664
559906dc94e52f80c27a7b55fd0e88c0	gi|2363085153|ref|NR_180825.1|	95.495	444	15	5	4	445	347	787	0.0	704	2605790
4576a943a48b02de86105d4c90f99b50	gi|2363082569|ref|NR_179531.1|	99.095	442	4	0	4	445	347	788	0.0	795	1852369
4576a943a48b02de86105d4c90f99b50	gi|1269801610|ref|NR_074793.2|	93.891	442	27	0	4	445	355	796	0.0	667	351091
4576a943a48b02de86105d4c90f99b50	gi|343200653|ref|NR_041340.1|	93.891	442	27	0	4	445	328	769	0.0	667	351091
4576a943a48b02de86105d4c90f99b50	gi|2260349448|ref|NR_176530.1|	93.665	442	28	0	4	445	358	799	0.0	662	2093857
4576a943a48b02de86105d4c90f99b50	gi|2363082559|ref|NR_179526.1|	93.665	442	28	0	4	445	349	790	0.0	662	1841866
4576a943a48b02de86105d4c90f99b50	gi|645321110|ref|NR_118156.1|	93.665	442	28	0	4	445	304	745	0.0	662	1007096
4576a943a48b02de86105d4c90f99b50	gi|2962412234|ref|NR_199428.1|	92.760	442	32	0	4	445	352	793	0.0	640	3073143
4576a943a48b02de86105d4c90f99b50	gi|2363082170|ref|NR_179331.1|	92.551	443	32	1	4	445	328	770	0.0	634	2714358
4576a943a48b02de86105d4c90f99b50	gi|2363082168|ref|NR_179330.1|	92.342	444	30	4	4	445	327	768	7.54e-180	628	2714355
4576a943a48b02de86105d4c90f99b50	gi|2363087001|ref|NR_181757.1|	92.117	444	31	4	4	445	289	730	3.51e-178	623	2841504
3ced51bf6c1d3c8779e8eb46c008b961	gi|631252118|ref|NR_113316.1|	99.093	441	4	0	4	444	327	767	0.0	793	74426
3ced51bf6c1d3c8779e8eb46c008b961	gi|265678302|ref|NR_028604.1|	98.186	441	7	1	4	444	327	766	0.0	769	74426
3ced51bf6c1d3c8779e8eb46c008b961	gi|1193829136|ref|NR_147379.1|	96.380	442	13	3	4	444	328	767	0.0	725	1907654
3ced51bf6c1d3c8779e8eb46c008b961	gi|1193829156|ref|NR_147399.1|	95.465	441	19	1	4	444	328	767	0.0	702	1871016
3ced51bf6c1d3c8779e8eb46c008b961	gi|1109167962|ref|NR_144579.1|	95.011	441	21	1	4	444	322	761	0.0	691	1232426
3ced51bf6c1d3c8779e8eb46c008b961	gi|2363082368|ref|NR_179431.1|	94.785	441	22	1	4	444	328	767	0.0	686	1720204
3ced51bf6c1d3c8779e8eb46c008b961	gi|631251967|ref|NR_113165.1|	94.785	441	22	1	4	444	328	767	0.0	686	147207
3ced51bf6c1d3c8779e8eb46c008b961	gi|631251966|ref|NR_113164.1|	94.785	441	22	1	4	444	328	767	0.0	686	147206
3ced51bf6c1d3c8779e8eb46c008b961	gi|2363084792|ref|NR_180644.1|	94.558	441	23	1	4	444	249	688	0.0	682	2603815
3ced51bf6c1d3c8779e8eb46c008b961	gi|2363082703|ref|NR_179599.1|	94.344	442	22	3	4	444	308	747	0.0	675	1937461
af8419cded16597f2484249623e9d8a3	gi|2363082282|ref|NR_179388.1|	98.636	440	6	0	4	443	335	774	0.0	780	2935520
af8419cded16597f2484249623e9d8a3	gi|2363081451|ref|NR_178972.1|	97.955	440	9	0	4	443	285	724	0.0	763	1851428
af8419cded16597f2484249623e9d8a3	gi|265678656|ref|NR_028961.1|	97.500	440	11	0	4	443	327	766	0.0	752	853
af8419cded16597f2484249623e9d8a3	gi|2363080123|ref|NR_178280.1|	97.279	441	10	2	4	443	331	770	0.0	747	411483
af8419cded16597f2484249623e9d8a3	gi|3030611269|ref|NR_199945.1|	97.052	441	11	2	4	443	335	774	0.0	741	3435293
af8419cded16597f2484249623e9d8a3	gi|2363081449|ref|NR_178971.1|	97.052	441	10	3	4	443	285	723	0.0	739	1851427
af8419cded16597f2484249623e9d8a3	gi|2363080175|ref|NR_178311.1|	95.465	441	18	2	4	443	412	851	0.0	702	2903556
af8419cded16597f2484249623e9d8a3	gi|2363084747|ref|NR_180622.1|	92.727	440	32	0	4	443	335	774	0.0	636	2779354
af8419cded16597f2484249623e9d8a3	gi|1397641802|ref|NR_156911.1|	92.290	441	32	2	4	443	351	790	9.71e-179	625	1650663
af8419cded16597f2484249623e9d8a3	gi|559795255|ref|NR_104846.1|	92.273	440	34	0	4	443	288	727	9.71e-179	625	745368
2d8ad24e3687bb3f0e445814bcfaf883	gi|265678656|ref|NR_028961.1|	99.091	440	4	0	4	443	327	766	0.0	791	853
2d8ad24e3687bb3f0e445814bcfaf883	gi|2363081451|ref|NR_178972.1|	98.864	440	5	0	4	443	285	724	0.0	785	1851428
2d8ad24e3687bb3f0e445814bcfaf883	gi|2363080123|ref|NR_178280.1|	98.864	440	5	0	4	443	331	770	0.0	785	411483
2d8ad24e3687bb3f0e445814bcfaf883	gi|3030611269|ref|NR_199945.1|	98.636	440	6	0	4	443	335	774	0.0	780	3435293
2d8ad24e3687bb3f0e445814bcfaf883	gi|2363081449|ref|NR_178971.1|	98.636	440	5	1	4	443	285	723	0.0	778	1851427
2d8ad24e3687bb3f0e445814bcfaf883	gi|2363082282|ref|NR_179388.1|	98.186	441	6	2	4	443	335	774	0.0	769	2935520
2d8ad24e3687bb3f0e445814bcfaf883	gi|2363080175|ref|NR_178311.1|	96.591	440	15	0	4	443	412	851	0.0	730	2903556
2d8ad24e3687bb3f0e445814bcfaf883	gi|1397641802|ref|NR_156911.1|	92.500	440	33	0	4	443	351	790	2.09e-180	630	1650663
2d8ad24e3687bb3f0e445814bcfaf883	gi|2363084747|ref|NR_180622.1|	92.517	441	31	2	4	443	335	774	2.09e-180	630	2779354
2d8ad24e3687bb3f0e445814bcfaf883	gi|2363082356|ref|NR_179425.1|	92.500	440	33	0	4	443	351	790	2.09e-180	630	1689304
c2b78611a6d9940593915ade9d71a5af	gi|559795314|ref|NR_104907.1|	92.308	442	33	1	4	445	315	755	2.71e-179	627	290054
c2b78611a6d9940593915ade9d71a5af	gi|2136551683|ref|NR_173688.1|	90.950	442	38	2	4	445	321	760	2.75e-169	593	2780922
c2b78611a6d9940593915ade9d71a5af	gi|444303976|ref|NR_074399.1|	90.498	442	40	1	4	445	333	772	5.95e-166	582	697329
c2b78611a6d9940593915ade9d71a5af	gi|631251834|ref|NR_113032.1|	90.498	442	40	1	4	445	333	772	5.95e-166	582	1264
c2b78611a6d9940593915ade9d71a5af	gi|636559173|ref|NR_115230.1|	90.498	442	40	1	4	445	333	772	5.95e-166	582	697329
c2b78611a6d9940593915ade9d71a5af	gi|219846339|ref|NR_025929.1|	90.498	442	40	1	4	445	328	767	5.95e-166	582	697329
c2b78611a6d9940593915ade9d71a5af	gi|1277396348|ref|NR_152059.1|	90.315	444	39	4	4	445	272	713	7.70e-165	579	1849041
c2b78611a6d9940593915ade9d71a5af	gi|2363082561|ref|NR_179527.1|	90.315	444	39	4	4	445	336	777	7.70e-165	579	1841868
c2b78611a6d9940593915ade9d71a5af	gi|2363082601|ref|NR_179547.1|	90.068	443	40	4	4	445	347	786	1.29e-162	571	1870991
c2b78611a6d9940593915ade9d71a5af	gi|2136551692|ref|NR_173697.1|	89.819	442	45	0	4	445	349	790	1.67e-161	568	2108523
0d6691c4a496ce19ba6e4114cf88bcd0	gi|444304209|ref|NR_074634.1|	99.091	440	4	0	4	443	350	789	0.0	791	515619
0d6691c4a496ce19ba6e4114cf88bcd0	gi|343198540|ref|NR_042832.1|	97.959	441	8	1	4	443	330	770	0.0	763	301302
0d6691c4a496ce19ba6e4114cf88bcd0	gi|1227086116|ref|NR_148619.1|	97.511	442	9	2	4	443	301	742	0.0	754	1712665
0d6691c4a496ce19ba6e4114cf88bcd0	gi|645320588|ref|NR_117758.1|	97.059	442	11	1	4	443	322	763	0.0	743	166486
0d6691c4a496ce19ba6e4114cf88bcd0	gi|228716944|ref|NR_027557.1|	97.059	442	11	1	4	443	343	784	0.0	743	536231
0d6691c4a496ce19ba6e4114cf88bcd0	gi|444439494|ref|NR_074809.1|	97.052	441	12	1	4	443	350	790	0.0	741	585394
0d6691c4a496ce19ba6e4114cf88bcd0	gi|343201282|ref|NR_042008.1|	96.825	441	12	2	4	443	341	780	0.0	736	585394
0d6691c4a496ce19ba6e4114cf88bcd0	gi|2363085153|ref|NR_180825.1|	96.599	441	14	1	4	443	347	787	0.0	730	2605790
0d6691c4a496ce19ba6e4114cf88bcd0	gi|219846723|ref|NR_026315.1|	96.591	440	15	0	4	443	317	756	0.0	730	46206
0d6691c4a496ce19ba6e4114cf88bcd0	gi|2363086282|ref|NR_181393.1|	96.364	440	16	0	4	443	290	729	0.0	725	2763664
6340dc468af06c25c276516e53a01dfb	gi|228720667|ref|NR_027596.1|	98.925	465	5	0	4	468	329	793	0.0	833	52226
6340dc468af06c25c276516e53a01dfb	gi|265678536|ref|NR_028840.1|	97.859	467	6	4	4	468	345	809	0.0	804	187979
6340dc468af06c25c276516e53a01dfb	gi|343206145|ref|NR_044734.1|	94.017	468	22	6	4	468	358	822	0.0	706	971
6340dc468af06c25c276516e53a01dfb	gi|310975048|ref|NR_036912.1|	93.790	467	23	6	4	468	302	764	0.0	697	114197
6340dc468af06c25c276516e53a01dfb	gi|343201106|ref|NR_041805.1|	92.094	468	31	6	4	468	361	825	0.0	658	135079
6340dc468af06c25c276516e53a01dfb	gi|559795272|ref|NR_104863.1|	92.094	468	31	6	4	468	347	811	0.0	654	86957
6340dc468af06c25c276516e53a01dfb	gi|636558560|ref|NR_114617.1|	92.094	468	31	6	4	468	351	815	0.0	654	86957
6340dc468af06c25c276516e53a01dfb	gi|2363085139|ref|NR_180818.1|	91.828	465	38	0	4	468	330	794	0.0	649	2652285
6340dc468af06c25c276516e53a01dfb	gi|645320378|ref|NR_117597.1|	91.880	468	32	6	4	468	347	811	0.0	649	86957
6340dc468af06c25c276516e53a01dfb	gi|645320377|ref|NR_117596.1|	91.880	468	32	6	4	468	346	810	0.0	649	86957
46cae7eb26d0ecc0d071b552004647d9	gi|631251954|ref|NR_113152.1|	99.130	460	4	0	4	463	337	796	0.0	828	28117
46cae7eb26d0ecc0d071b552004647d9	gi|219846319|ref|NR_025909.1|	96.304	460	17	0	4	463	344	803	0.0	776	28117
46cae7eb26d0ecc0d071b552004647d9	gi|645321193|ref|NR_118219.1|	96.746	461	13	2	4	463	332	791	0.0	767	1033732
46cae7eb26d0ecc0d071b552004647d9	gi|672239000|ref|NR_125589.1|	96.529	461	14	2	4	463	269	728	0.0	761	1033731
46cae7eb26d0ecc0d071b552004647d9	gi|2363086959|ref|NR_181736.1|	96.312	461	15	2	4	463	334	793	0.0	756	2834113
46cae7eb26d0ecc0d071b552004647d9	gi|2363082099|ref|NR_179296.1|	96.312	461	15	2	4	463	324	783	0.0	756	2585119
46cae7eb26d0ecc0d071b552004647d9	gi|631251953|ref|NR_113151.1|	95.887	462	15	4	4	463	338	797	0.0	745	328813
46cae7eb26d0ecc0d071b552004647d9	gi|343202833|ref|NR_043318.1|	95.887	462	15	4	4	463	324	783	0.0	745	328813
46cae7eb26d0ecc0d071b552004647d9	gi|2363082505|ref|NR_179499.1|	95.464	463	15	6	4	463	342	801	0.0	734	2364787
46cae7eb26d0ecc0d071b552004647d9	gi|507148137|ref|NR_102944.1|	95.445	461	19	2	4	463	334	793	0.0	734	214856
be32b5c105034f4dd0e57cce653188d5	gi|343201091|ref|NR_041778.1|	98.710	465	6	0	4	468	340	804	0.0	826	901
be32b5c105034f4dd0e57cce653188d5	gi|559795397|ref|NR_104990.1|	96.559	465	16	0	4	468	340	804	0.0	771	876
be32b5c105034f4dd0e57cce653188d5	gi|2363085125|ref|NR_180811.1|	96.360	467	13	4	4	468	329	793	0.0	765	2605782
be32b5c105034f4dd0e57cce653188d5	gi|566084868|ref|NR_108301.1|	96.154	468	15	3	4	468	324	791	0.0	761	571438
be32b5c105034f4dd0e57cce653188d5	gi|2962412215|ref|NR_199409.1|	94.861	467	20	3	4	468	328	792	0.0	726	3136602
be32b5c105034f4dd0e57cce653188d5	gi|631252098|ref|NR_113296.1|	94.670	469	17	5	4	468	341	805	0.0	721	54565
be32b5c105034f4dd0e57cce653188d5	gi|645319734|ref|NR_117110.1|	94.670	469	17	5	4	468	337	801	0.0	721	54565
be32b5c105034f4dd0e57cce653188d5	gi|219846821|ref|NR_026413.1|	94.658	468	19	4	4	468	320	784	0.0	721	58621
be32b5c105034f4dd0e57cce653188d5	gi|343198744|ref|NR_043567.1|	93.590	468	24	4	4	468	340	804	0.0	693	32016
be32b5c105034f4dd0e57cce653188d5	gi|636558706|ref|NR_114763.1|	93.590	468	24	4	4	468	200	664	0.0	693	32016
8b70b1b5aed0e84737eff983d66f391f	gi|559795255|ref|NR_104846.1|	99.091	440	4	0	4	443	288	727	0.0	791	745368
8b70b1b5aed0e84737eff983d66f391f	gi|265678692|ref|NR_028997.1|	98.186	441	7	1	4	443	303	743	0.0	769	214851
8b70b1b5aed0e84737eff983d66f391f	gi|2363084747|ref|NR_180622.1|	94.318	440	25	0	4	443	335	774	0.0	675	2779354
8b70b1b5aed0e84737eff983d66f391f	gi|1277396189|ref|NR_151900.1|	93.409	440	29	0	4	443	351	790	0.0	652	1550024
8b70b1b5aed0e84737eff983d66f391f	gi|1397641802|ref|NR_156911.1|	93.182	440	30	0	4	443	351	790	0.0	647	1650663
8b70b1b5aed0e84737eff983d66f391f	gi|2363080123|ref|NR_178280.1|	92.500	440	33	0	4	443	331	770	2.09e-180	630	411483
8b70b1b5aed0e84737eff983d66f391f	gi|3030611269|ref|NR_199945.1|	92.273	440	34	0	4	443	335	774	9.71e-179	625	3435293
8b70b1b5aed0e84737eff983d66f391f	gi|2363082356|ref|NR_179425.1|	92.290	441	32	2	4	443	351	790	9.71e-179	625	1689304
8b70b1b5aed0e84737eff983d66f391f	gi|2363082282|ref|NR_179388.1|	92.273	440	34	0	4	443	335	774	9.71e-179	625	2935520
8b70b1b5aed0e84737eff983d66f391f	gi|265678656|ref|NR_028961.1|	92.273	440	34	0	4	443	327	766	9.71e-179	625	853
f315ec843e1397412f30397f3163fd94	gi|343206380|ref|NR_044972.1|	92.793	444	30	2	4	446	331	773	0.0	645	44749
f315ec843e1397412f30397f3163fd94	gi|2363082165|ref|NR_179329.1|	92.809	445	27	5	4	446	327	768	0.0	640	2714353
f315ec843e1397412f30397f3163fd94	gi|2363082168|ref|NR_179330.1|	92.551	443	32	1	4	446	327	768	0.0	634	2714355
f315ec843e1397412f30397f3163fd94	gi|219857437|ref|NR_025025.1|	92.342	444	30	4	4	446	332	772	0.0	634	100176
f315ec843e1397412f30397f3163fd94	gi|3030611324|ref|NR_200000.1|	92.342	444	32	2	4	446	301	743	2.10e-180	630	3342383
f315ec843e1397412f30397f3163fd94	gi|1109168025|ref|NR_144611.1|	92.325	443	34	0	4	446	282	724	2.10e-180	630	1417852
f315ec843e1397412f30397f3163fd94	gi|219857201|ref|NR_024829.1|	91.648	443	37	0	4	446	321	763	2.12e-175	614	253314
f315ec843e1397412f30397f3163fd94	gi|2363082342|ref|NR_179418.1|	91.441	444	36	2	4	446	348	790	9.85e-174	608	1673721
f315ec843e1397412f30397f3163fd94	gi|444304204|ref|NR_074629.1|	91.422	443	38	0	4	446	341	783	9.85e-174	608	1515
f315ec843e1397412f30397f3163fd94	gi|631251959|ref|NR_113157.1|	91.422	443	38	0	4	446	341	783	9.85e-174	608	1515
5efdce2604e9ee30cb4c29ffb414fac1	gi|631251875|ref|NR_113073.1|	98.696	460	6	0	4	463	329	788	0.0	817	487174
5efdce2604e9ee30cb4c29ffb414fac1	gi|343200981|ref|NR_041668.1|	98.696	460	6	0	4	463	321	780	0.0	817	742726
5efdce2604e9ee30cb4c29ffb414fac1	gi|1270532346|ref|NR_121773.2|	96.746	461	13	2	4	463	348	807	0.0	767	397865
5efdce2604e9ee30cb4c29ffb414fac1	gi|343200821|ref|NR_041508.1|	96.529	461	13	3	4	463	325	783	0.0	760	397865
5efdce2604e9ee30cb4c29ffb414fac1	gi|1146059151|ref|NR_145883.1|	90.065	463	40	6	4	463	284	743	7.98e-170	595	1501392
5efdce2604e9ee30cb4c29ffb414fac1	gi|2136551682|ref|NR_173687.1|	90.065	463	40	6	4	463	325	784	7.98e-170	595	2751153
5efdce2604e9ee30cb4c29ffb414fac1	gi|1116030267|ref|NR_144725.1|	89.633	463	42	6	4	463	337	796	3.71e-168	590	1686296
5efdce2604e9ee30cb4c29ffb414fac1	gi|1909404453|ref|NR_170508.1|	88.286	461	51	3	4	463	352	810	6.30e-156	549	2518971
5efdce2604e9ee30cb4c29ffb414fac1	gi|2363083455|ref|NR_179976.1|	88.172	465	44	10	4	463	289	747	2.93e-154	544	2094151
5efdce2604e9ee30cb4c29ffb414fac1	gi|2363084938|ref|NR_180717.1|	87.852	461	54	2	4	463	259	718	3.79e-153	540	2601703
168d43aa4aeed364a381d445c5693904	gi|2363080123|ref|NR_178280.1|	99.091	440	4	0	4	443	331	770	0.0	791	411483
168d43aa4aeed364a381d445c5693904	gi|3030611269|ref|NR_199945.1|	98.864	440	5	0	4	443	335	774	0.0	785	3435293
168d43aa4aeed364a381d445c5693904	gi|2363081449|ref|NR_178971.1|	98.636	440	5	1	4	443	285	723	0.0	778	1851427
168d43aa4aeed364a381d445c5693904	gi|265678656|ref|NR_028961.1|	98.409	440	7	0	4	443	327	766	0.0	774	853
168d43aa4aeed364a381d445c5693904	gi|2363081451|ref|NR_178972.1|	98.182	440	8	0	4	443	285	724	0.0	769	1851428
168d43aa4aeed364a381d445c5693904	gi|2363082282|ref|NR_179388.1|	97.506	441	9	2	4	443	335	774	0.0	752	2935520
168d43aa4aeed364a381d445c5693904	gi|2363080175|ref|NR_178311.1|	96.818	440	14	0	4	443	412	851	0.0	736	2903556
168d43aa4aeed364a381d445c5693904	gi|2363084747|ref|NR_180622.1|	93.651	441	26	2	4	443	335	774	0.0	658	2779354
168d43aa4aeed364a381d445c5693904	gi|559795255|ref|NR_104846.1|	93.409	440	29	0	4	443	288	727	0.0	652	745368
168d43aa4aeed364a381d445c5693904	gi|1277396189|ref|NR_151900.1|	92.955	440	31	0	4	443	351	790	0.0	641	1550024
af43755682ccaf77c8f853bb38f61288	gi|2260349424|ref|NR_176506.1|	99.138	464	4	0	4	467	315	778	0.0	835	1982626
af43755682ccaf77c8f853bb38f61288	gi|2260349423|ref|NR_176505.1|	98.060	464	9	0	4	467	314	777	0.0	808	1982628
af43755682ccaf77c8f853bb38f61288	gi|631253195|ref|NR_114393.1|	92.672	464	34	0	4	467	326	789	0.0	669	29348
af43755682ccaf77c8f853bb38f61288	gi|228720470|ref|NR_027592.1|	92.457	464	35	0	4	467	316	779	0.0	664	29348
af43755682ccaf77c8f853bb38f61288	gi|645322231|ref|NR_119030.1|	92.258	465	34	2	4	467	324	787	0.0	658	428126
af43755682ccaf77c8f853bb38f61288	gi|645322566|ref|NR_119286.1|	92.258	465	34	2	4	467	313	776	0.0	658	69824
af43755682ccaf77c8f853bb38f61288	gi|1109168034|ref|NR_144615.1|	91.880	468	30	7	4	467	316	779	0.0	647	1796628
af43755682ccaf77c8f853bb38f61288	gi|343203026|ref|NR_043550.1|	91.595	464	39	0	4	467	327	790	0.0	641	341225
af43755682ccaf77c8f853bb38f61288	gi|631252045|ref|NR_113243.1|	91.398	465	38	2	4	467	328	791	0.0	636	1547
af43755682ccaf77c8f853bb38f61288	gi|2363083393|ref|NR_179945.1|	91.202	466	37	3	4	467	280	743	2.21e-180	630	2899121
7741c5605436ee9cacc8ffc7b4c0fa2e	gi|2363082165|ref|NR_179329.1|	98.416	442	7	0	4	445	327	768	0.0	778	2714353
7741c5605436ee9cacc8ffc7b4c0fa2e	gi|2363082168|ref|NR_179330.1|	98.190	442	8	0	4	445	327	768	0.0	773	2714355
7741c5605436ee9cacc8ffc7b4c0fa2e	gi|645321110|ref|NR_118156.1|	93.679	443	26	2	4	445	304	745	0.0	662	1007096
7741c5605436ee9cacc8ffc7b4c0fa2e	gi|2962412234|ref|NR_199428.1|	93.454	443	27	2	4	445	352	793	0.0	656	3073143
7741c5605436ee9cacc8ffc7b4c0fa2e	gi|1269801610|ref|NR_074793.2|	93.228	443	28	2	4	445	355	796	0.0	651	351091
7741c5605436ee9cacc8ffc7b4c0fa2e	gi|343200653|ref|NR_041340.1|	93.228	443	28	2	4	445	328	769	0.0	651	351091
7741c5605436ee9cacc8ffc7b4c0fa2e	gi|2363087001|ref|NR_181757.1|	93.034	445	25	6	4	445	289	730	0.0	645	2841504
7741c5605436ee9cacc8ffc7b4c0fa2e	gi|2260349448|ref|NR_176530.1|	92.551	443	31	2	4	445	358	799	0.0	634	2093857
7741c5605436ee9cacc8ffc7b4c0fa2e	gi|2363082559|ref|NR_179526.1|	92.551	443	31	2	4	445	349	790	0.0	634	1841866
7741c5605436ee9cacc8ffc7b4c0fa2e	gi|2363082170|ref|NR_179331.1|	92.551	443	32	1	4	445	328	770	0.0	634	2714358
1c4475f6df0af15b3d9acb164ad707cb	gi|343200590|ref|NR_041277.1|	98.913	460	5	0	4	463	339	798	0.0	822	484018
1c4475f6df0af15b3d9acb164ad707cb	gi|2221405488|ref|NR_175548.1|	95.887	462	15	4	4	463	346	805	0.0	745	2739389
1c4475f6df0af15b3d9acb164ad707cb	gi|1116030286|ref|NR_144744.1|	94.130	460	27	0	4	463	339	798	0.0	702	1841856
1c4475f6df0af15b3d9acb164ad707cb	gi|343200591|ref|NR_041278.1|	93.043	460	32	0	4	463	339	798	0.0	673	470145
1c4475f6df0af15b3d9acb164ad707cb	gi|2363082641|ref|NR_179567.1|	92.609	460	34	0	4	463	339	798	0.0	664	1907658
1c4475f6df0af15b3d9acb164ad707cb	gi|444304192|ref|NR_074616.1|	92.174	460	36	0	4	463	341	800	0.0	651	376805
1c4475f6df0af15b3d9acb164ad707cb	gi|343200760|ref|NR_041447.1|	92.174	460	36	0	4	463	326	785	0.0	651	376805
1c4475f6df0af15b3d9acb164ad707cb	gi|631251740|ref|NR_112938.1|	91.974	461	35	2	4	463	326	785	0.0	645	204516
1c4475f6df0af15b3d9acb164ad707cb	gi|343198509|ref|NR_042745.1|	91.974	461	35	2	4	463	338	797	0.0	645	204516
1c4475f6df0af15b3d9acb164ad707cb	gi|1146059112|ref|NR_145844.1|	91.757	461	36	2	4	463	339	798	0.0	640	1411144
7c8d12c48f7259980b658379d6602489	gi|631251747|ref|NR_112945.1|	99.130	460	4	0	4	463	327	786	0.0	828	820
7c8d12c48f7259980b658379d6602489	gi|343200179|ref|NR_040866.1|	99.130	460	4	0	4	463	334	793	0.0	828	820
7c8d12c48f7259980b658379d6602489	gi|2363086550|ref|NR_181532.1|	98.696	460	6	0	4	463	322	781	0.0	817	2763025
7c8d12c48f7259980b658379d6602489	gi|631251874|ref|NR_113072.1|	97.174	460	13	0	4	463	338	797	0.0	778	1236512
7c8d12c48f7259980b658379d6602489	gi|2363082773|ref|NR_179635.1|	96.957	460	14	0	4	463	338	797	0.0	773	2024197
7c8d12c48f7259980b658379d6602489	gi|631251816|ref|NR_113014.1|	96.957	460	14	0	4	463	338	797	0.0	773	1236512
7c8d12c48f7259980b658379d6602489	gi|631251735|ref|NR_112933.1|	96.304	460	17	0	4	463	334	793	0.0	756	246787
7c8d12c48f7259980b658379d6602489	gi|343200620|ref|NR_041307.1|	96.087	460	18	0	4	463	334	793	0.0	750	329854
7c8d12c48f7259980b658379d6602489	gi|2363084421|ref|NR_180458.1|	95.870	460	19	0	4	463	340	799	0.0	745	2650157
7c8d12c48f7259980b658379d6602489	gi|2363082635|ref|NR_179564.1|	95.870	460	19	0	4	463	338	797	0.0	745	1903262
fabfe800518b18340f799ef24c68b3aa	gi|2363081451|ref|NR_178972.1|	99.091	440	4	0	4	443	285	724	0.0	791	1851428
fabfe800518b18340f799ef24c68b3aa	gi|265678656|ref|NR_028961.1|	98.409	440	7	0	4	443	327	766	0.0	774	853
fabfe800518b18340f799ef24c68b3aa	gi|2363082282|ref|NR_179388.1|	98.182	440	8	0	4	443	335	774	0.0	769	2935520
fabfe800518b18340f799ef24c68b3aa	gi|2363080123|ref|NR_178280.1|	98.182	440	8	0	4	443	331	770	0.0	769	411483
fabfe800518b18340f799ef24c68b3aa	gi|3030611269|ref|NR_199945.1|	97.955	440	9	0	4	443	335	774	0.0	763	3435293
fabfe800518b18340f799ef24c68b3aa	gi|2363081449|ref|NR_178971.1|	97.955	440	8	1	4	443	285	723	0.0	761	1851427
fabfe800518b18340f799ef24c68b3aa	gi|2363080175|ref|NR_178311.1|	96.136	440	17	0	4	443	412	851	0.0	719	2903556
fabfe800518b18340f799ef24c68b3aa	gi|1397641802|ref|NR_156911.1|	92.273	440	34	0	4	443	351	790	9.71e-179	625	1650663
fabfe800518b18340f799ef24c68b3aa	gi|2363084747|ref|NR_180622.1|	92.273	440	34	0	4	443	335	774	9.71e-179	625	2779354
fabfe800518b18340f799ef24c68b3aa	gi|2363082356|ref|NR_179425.1|	92.063	441	33	2	4	443	351	790	4.52e-177	619	1689304
489308a1136953ffb7c86ed3e8370f3a	gi|631252118|ref|NR_113316.1|	99.093	441	4	0	4	444	327	767	0.0	793	74426
489308a1136953ffb7c86ed3e8370f3a	gi|265678302|ref|NR_028604.1|	98.186	441	7	1	4	444	327	766	0.0	769	74426
489308a1136953ffb7c86ed3e8370f3a	gi|1193829136|ref|NR_147379.1|	96.380	442	13	3	4	444	328	767	0.0	725	1907654
489308a1136953ffb7c86ed3e8370f3a	gi|1193829156|ref|NR_147399.1|	95.465	441	19	1	4	444	328	767	0.0	702	1871016
489308a1136953ffb7c86ed3e8370f3a	gi|1109167962|ref|NR_144579.1|	95.011	441	21	1	4	444	322	761	0.0	691	1232426
489308a1136953ffb7c86ed3e8370f3a	gi|2363082368|ref|NR_179431.1|	94.785	441	22	1	4	444	328	767	0.0	686	1720204
489308a1136953ffb7c86ed3e8370f3a	gi|631251967|ref|NR_113165.1|	94.785	441	22	1	4	444	328	767	0.0	686	147207
489308a1136953ffb7c86ed3e8370f3a	gi|631251966|ref|NR_113164.1|	94.785	441	22	1	4	444	328	767	0.0	686	147206
489308a1136953ffb7c86ed3e8370f3a	gi|2363084792|ref|NR_180644.1|	94.558	441	23	1	4	444	249	688	0.0	682	2603815
489308a1136953ffb7c86ed3e8370f3a	gi|2363082703|ref|NR_179599.1|	94.344	442	22	3	4	444	308	747	0.0	675	1937461
2508cd4f52219a6797ef19839aed4417	gi|228720667|ref|NR_027596.1|	97.849	465	10	0	4	468	329	793	0.0	806	52226
2508cd4f52219a6797ef19839aed4417	gi|265678536|ref|NR_028840.1|	96.788	467	11	4	4	468	345	809	0.0	776	187979
2508cd4f52219a6797ef19839aed4417	gi|343205718|ref|NR_044111.1|	93.790	467	25	4	4	468	353	817	0.0	699	416586
2508cd4f52219a6797ef19839aed4417	gi|343206145|ref|NR_044734.1|	93.590	468	24	6	4	468	358	822	0.0	695	971
2508cd4f52219a6797ef19839aed4417	gi|310975048|ref|NR_036912.1|	93.362	467	25	6	4	468	302	764	0.0	686	114197
2508cd4f52219a6797ef19839aed4417	gi|559795272|ref|NR_104863.1|	92.735	468	28	6	4	468	347	811	0.0	671	86957
2508cd4f52219a6797ef19839aed4417	gi|636558560|ref|NR_114617.1|	92.735	468	28	6	4	468	351	815	0.0	671	86957
2508cd4f52219a6797ef19839aed4417	gi|645320378|ref|NR_117597.1|	92.521	468	29	6	4	468	347	811	0.0	665	86957
2508cd4f52219a6797ef19839aed4417	gi|645320377|ref|NR_117596.1|	92.521	468	29	6	4	468	346	810	0.0	665	86957
2508cd4f52219a6797ef19839aed4417	gi|2363085139|ref|NR_180818.1|	92.060	466	35	2	4	468	330	794	0.0	654	2652285
777ef8acaf6d0a83a8c73094badcc0a5	gi|343200655|ref|NR_041342.1|	98.478	460	7	0	4	463	336	795	0.0	811	823
777ef8acaf6d0a83a8c73094badcc0a5	gi|444303953|ref|NR_074376.1|	97.609	460	11	0	4	463	351	810	0.0	789	435591
777ef8acaf6d0a83a8c73094badcc0a5	gi|1811131517|ref|NR_165699.1|	93.275	461	29	2	4	463	336	795	0.0	678	2685834
777ef8acaf6d0a83a8c73094badcc0a5	gi|2363082619|ref|NR_179556.1|	92.826	460	33	0	4	463	316	775	0.0	667	1871013
777ef8acaf6d0a83a8c73094badcc0a5	gi|631251637|ref|NR_112835.1|	92.391	460	34	1	4	463	336	794	0.0	654	574930
777ef8acaf6d0a83a8c73094badcc0a5	gi|2363082715|ref|NR_179605.1|	92.174	460	36	0	4	463	316	775	0.0	651	1944636
777ef8acaf6d0a83a8c73094badcc0a5	gi|974142265|ref|NR_134785.1|	91.739	460	38	0	4	463	336	795	0.0	641	1217282
777ef8acaf6d0a83a8c73094badcc0a5	gi|631252010|ref|NR_113208.1|	91.739	460	38	0	4	463	336	795	0.0	640	871327
777ef8acaf6d0a83a8c73094badcc0a5	gi|2363086049|ref|NR_181277.1|	91.304	460	40	0	4	463	309	768	7.86e-180	628	2753162
777ef8acaf6d0a83a8c73094badcc0a5	gi|631251878|ref|NR_113076.1|	91.087	460	41	0	4	463	324	783	3.66e-178	623	927665
cef470580c640abbfcb16e39a748d30e	gi|2363082569|ref|NR_179531.1|	94.820	444	19	4	4	445	347	788	0.0	689	1852369
cef470580c640abbfcb16e39a748d30e	gi|2363082168|ref|NR_179330.1|	94.570	442	24	0	4	445	327	768	0.0	684	2714355
cef470580c640abbfcb16e39a748d30e	gi|2363082165|ref|NR_179329.1|	94.344	442	25	0	4	445	327	768	0.0	678	2714353
cef470580c640abbfcb16e39a748d30e	gi|1109168025|ref|NR_144611.1|	92.777	443	31	1	4	445	282	724	0.0	640	1417852
cef470580c640abbfcb16e39a748d30e	gi|2136551692|ref|NR_173697.1|	92.534	442	33	0	4	445	349	790	0.0	634	2108523
cef470580c640abbfcb16e39a748d30e	gi|3030611324|ref|NR_200000.1|	92.551	443	32	1	4	445	301	743	0.0	634	3342383
cef470580c640abbfcb16e39a748d30e	gi|645321110|ref|NR_118156.1|	92.584	445	27	5	4	445	304	745	0.0	634	1007096
cef470580c640abbfcb16e39a748d30e	gi|1269801610|ref|NR_074793.2|	92.325	443	32	2	4	445	355	796	7.54e-180	628	351091
cef470580c640abbfcb16e39a748d30e	gi|343200653|ref|NR_041340.1|	92.325	443	32	2	4	445	328	769	7.54e-180	628	351091
cef470580c640abbfcb16e39a748d30e	gi|2363082342|ref|NR_179418.1|	92.099	443	34	1	4	445	348	790	3.51e-178	623	1673721
30192ebe5616ed2d7945394fc6ccad52	gi|631251704|ref|NR_112902.1|	98.710	465	6	0	4	468	427	891	0.0	826	626940
30192ebe5616ed2d7945394fc6ccad52	gi|219846519|ref|NR_026111.1|	93.348	466	29	2	4	468	339	803	0.0	688	33025
30192ebe5616ed2d7945394fc6ccad52	gi|2363082047|ref|NR_179270.1|	92.735	468	29	5	4	468	326	791	0.0	675	2654621
30192ebe5616ed2d7945394fc6ccad52	gi|2363082805|ref|NR_179651.1|	90.129	466	44	2	4	468	350	814	1.34e-172	604	2058289
30192ebe5616ed2d7945394fc6ccad52	gi|2621112327|ref|NR_189230.1|	90.129	466	44	2	4	468	298	762	1.34e-172	604	2897706
30192ebe5616ed2d7945394fc6ccad52	gi|2363082609|ref|NR_179551.1|	89.462	465	49	0	4	468	345	809	3.75e-168	590	1871002
30192ebe5616ed2d7945394fc6ccad52	gi|2363082575|ref|NR_179534.1|	89.270	466	48	2	4	468	345	809	6.28e-166	582	1852375
30192ebe5616ed2d7945394fc6ccad52	gi|3248465909|ref|NR_201924.1|	89.032	465	51	0	4	468	333	797	8.12e-165	579	3456956
30192ebe5616ed2d7945394fc6ccad52	gi|265678564|ref|NR_028868.1|	88.841	466	50	2	4	468	328	792	1.36e-162	571	78120
30192ebe5616ed2d7945394fc6ccad52	gi|636558634|ref|NR_114691.1|	88.110	471	50	6	2	468	328	796	1.37e-157	555	78126
3ce4998a3cb5b7c92d243451018ea610	gi|1269801543|ref|NR_074802.2|	99.109	449	4	0	4	452	341	789	0.0	808	367928
3ce4998a3cb5b7c92d243451018ea610	gi|961555015|ref|NR_133982.1|	99.109	449	4	0	4	452	311	759	0.0	808	1680
3ce4998a3cb5b7c92d243451018ea610	gi|645321680|ref|NR_118589.1|	99.109	449	4	0	4	452	335	783	0.0	808	1437612
3ce4998a3cb5b7c92d243451018ea610	gi|636560686|ref|NR_116746.1|	99.109	449	4	0	4	452	309	757	0.0	808	1437612
3ce4998a3cb5b7c92d243451018ea610	gi|310974993|ref|NR_036857.1|	98.886	449	5	0	4	452	248	696	0.0	802	78346
3ce4998a3cb5b7c92d243451018ea610	gi|3248465902|ref|NR_201917.1|	97.996	449	7	2	4	452	338	784	0.0	778	3692808
3ce4998a3cb5b7c92d243451018ea610	gi|310975253|ref|NR_037117.1|	97.550	449	9	2	4	452	331	777	0.0	767	28026
3ce4998a3cb5b7c92d243451018ea610	gi|631251581|ref|NR_112779.1|	97.550	449	9	2	4	452	331	777	0.0	767	1150460
3ce4998a3cb5b7c92d243451018ea610	gi|343201160|ref|NR_041875.1|	97.550	449	9	2	4	452	310	756	0.0	767	1686
3ce4998a3cb5b7c92d243451018ea610	gi|586661365|ref|NR_036854.2|	97.327	449	12	0	4	452	326	774	0.0	763	78343
afa4fe6c5d00acad9dea04af29023b28	gi|2363082282|ref|NR_179388.1|	98.186	441	6	2	4	443	335	774	0.0	769	2935520
afa4fe6c5d00acad9dea04af29023b28	gi|2363081451|ref|NR_178972.1|	98.186	441	6	2	4	443	285	724	0.0	769	1851428
afa4fe6c5d00acad9dea04af29023b28	gi|265678656|ref|NR_028961.1|	98.182	440	8	0	4	443	327	766	0.0	769	853
afa4fe6c5d00acad9dea04af29023b28	gi|2363080123|ref|NR_178280.1|	97.955	440	9	0	4	443	331	770	0.0	763	411483
afa4fe6c5d00acad9dea04af29023b28	gi|3030611269|ref|NR_199945.1|	97.727	440	10	0	4	443	335	774	0.0	758	3435293
afa4fe6c5d00acad9dea04af29023b28	gi|2363081449|ref|NR_178971.1|	98.144	431	8	0	4	434	285	715	0.0	752	1851427
afa4fe6c5d00acad9dea04af29023b28	gi|2363080175|ref|NR_178311.1|	96.136	440	17	0	4	443	412	851	0.0	719	2903556
afa4fe6c5d00acad9dea04af29023b28	gi|2363084747|ref|NR_180622.1|	92.744	441	30	2	4	443	335	774	0.0	636	2779354
afa4fe6c5d00acad9dea04af29023b28	gi|1397641802|ref|NR_156911.1|	92.517	441	31	2	4	443	351	790	2.09e-180	630	1650663
afa4fe6c5d00acad9dea04af29023b28	gi|2363082356|ref|NR_179425.1|	92.273	440	34	0	4	443	351	790	9.71e-179	625	1689304
8a078e2163ae05e74f1d96e6a908f2a3	gi|444304189|ref|NR_074613.1|	99.091	440	4	0	4	443	350	789	0.0	791	515620
8a078e2163ae05e74f1d96e6a908f2a3	gi|559795246|ref|NR_104836.1|	96.591	440	15	0	4	443	333	772	0.0	730	706562
8a078e2163ae05e74f1d96e6a908f2a3	gi|559795169|ref|NR_104758.1|	96.136	440	17	0	4	443	345	784	0.0	719	1282887
8a078e2163ae05e74f1d96e6a908f2a3	gi|645321781|ref|NR_118667.1|	95.238	441	19	2	4	443	355	794	0.0	710	28052
8a078e2163ae05e74f1d96e6a908f2a3	gi|343198925|ref|NR_044049.1|	94.091	440	26	0	4	443	316	755	0.0	669	33043
8a078e2163ae05e74f1d96e6a908f2a3	gi|343202586|ref|NR_042953.1|	93.878	441	25	2	4	443	308	747	0.0	664	264463
8a078e2163ae05e74f1d96e6a908f2a3	gi|219846511|ref|NR_026103.1|	93.636	440	28	0	4	443	316	755	0.0	658	37658
8a078e2163ae05e74f1d96e6a908f2a3	gi|1277396183|ref|NR_151894.1|	93.636	440	28	0	4	443	335	774	0.0	658	433293
8a078e2163ae05e74f1d96e6a908f2a3	gi|219857405|ref|NR_024993.1|	93.651	441	26	2	4	443	349	788	0.0	658	99656
8a078e2163ae05e74f1d96e6a908f2a3	gi|645321792|ref|NR_118676.1|	93.182	440	30	0	4	443	370	809	0.0	656	39497
b95727c9f5af32f9bd82b7fde14e8cbe	gi|2363082165|ref|NR_179329.1|	93.454	443	28	1	4	446	327	768	0.0	656	2714353
b95727c9f5af32f9bd82b7fde14e8cbe	gi|343206380|ref|NR_044972.1|	93.228	443	30	0	4	446	331	773	0.0	656	44749
b95727c9f5af32f9bd82b7fde14e8cbe	gi|1109168025|ref|NR_144611.1|	93.002	443	31	0	4	446	282	724	0.0	647	1417852
b95727c9f5af32f9bd82b7fde14e8cbe	gi|645321636|ref|NR_118554.1|	93.018	444	29	2	4	446	329	771	0.0	647	1297617
b95727c9f5af32f9bd82b7fde14e8cbe	gi|2363082342|ref|NR_179418.1|	92.777	443	32	0	4	446	348	790	0.0	641	1673721
b95727c9f5af32f9bd82b7fde14e8cbe	gi|2363082168|ref|NR_179330.1|	92.777	443	31	1	4	446	327	768	0.0	640	2714355
b95727c9f5af32f9bd82b7fde14e8cbe	gi|2363082352|ref|NR_179423.1|	92.135	445	31	4	4	446	349	791	9.78e-179	625	1689270
b95727c9f5af32f9bd82b7fde14e8cbe	gi|3030611324|ref|NR_200000.1|	91.874	443	36	0	4	446	301	743	4.55e-177	619	3342383
b95727c9f5af32f9bd82b7fde14e8cbe	gi|1193829127|ref|NR_147370.1|	91.422	443	38	0	4	446	349	791	9.85e-174	608	1870988
b95727c9f5af32f9bd82b7fde14e8cbe	gi|2136551692|ref|NR_173697.1|	91.422	443	37	1	4	446	349	790	3.54e-173	606	2108523
b450218794f9f23e5f87a933e5beece0	gi|2621112340|ref|NR_189244.1|	95.249	442	21	0	4	445	363	804	0.0	701	3046382
b450218794f9f23e5f87a933e5beece0	gi|2621112341|ref|NR_189245.1|	95.023	442	22	0	4	445	363	804	0.0	695	3046383
b450218794f9f23e5f87a933e5beece0	gi|636559633|ref|NR_115693.1|	88.341	446	43	8	4	445	442	882	2.83e-149	527	694434
b450218794f9f23e5f87a933e5beece0	gi|636559632|ref|NR_115692.1|	88.341	446	43	8	4	445	442	882	2.83e-149	527	694434
b450218794f9f23e5f87a933e5beece0	gi|636559631|ref|NR_115691.1|	88.341	446	43	8	4	445	436	876	2.83e-149	527	694434
b450218794f9f23e5f87a933e5beece0	gi|636559630|ref|NR_115690.1|	88.341	446	43	8	4	445	448	888	2.83e-149	527	694434
b450218794f9f23e5f87a933e5beece0	gi|343198739|ref|NR_043559.1|	88.341	446	43	8	4	445	447	887	2.83e-149	527	694434
b450218794f9f23e5f87a933e5beece0	gi|2363081417|ref|NR_178955.1|	86.292	445	56	5	4	445	288	730	8.04e-135	479	1851429
b450218794f9f23e5f87a933e5beece0	gi|631251702|ref|NR_112900.1|	86.353	447	52	9	4	445	341	783	8.04e-135	479	626937
b450218794f9f23e5f87a933e5beece0	gi|645320092|ref|NR_117381.1|	86.323	446	50	10	4	445	347	785	1.04e-133	475	165813
69330b9a58306c8c06c7544dc9e3ab67	gi|631251955|ref|NR_113153.1|	99.130	460	4	0	4	463	334	793	0.0	828	328814
69330b9a58306c8c06c7544dc9e3ab67	gi|343202834|ref|NR_043319.1|	98.913	460	5	0	4	463	323	782	0.0	824	717959
69330b9a58306c8c06c7544dc9e3ab67	gi|507148054|ref|NR_102861.1|	98.913	460	5	0	4	463	334	793	0.0	822	717959
69330b9a58306c8c06c7544dc9e3ab67	gi|507148137|ref|NR_102944.1|	97.826	460	10	0	4	463	334	793	0.0	795	214856
69330b9a58306c8c06c7544dc9e3ab67	gi|343198609|ref|NR_043064.1|	97.826	460	10	0	4	463	314	773	0.0	795	214856
69330b9a58306c8c06c7544dc9e3ab67	gi|631251952|ref|NR_113150.1|	97.609	460	11	0	4	463	334	793	0.0	789	214856
69330b9a58306c8c06c7544dc9e3ab67	gi|636559243|ref|NR_115300.1|	97.391	460	12	0	4	463	314	773	0.0	784	679935
69330b9a58306c8c06c7544dc9e3ab67	gi|2363086959|ref|NR_181736.1|	97.174	460	13	0	4	463	334	793	0.0	778	2834113
69330b9a58306c8c06c7544dc9e3ab67	gi|645321193|ref|NR_118219.1|	96.739	460	15	0	4	463	332	791	0.0	767	1033732
69330b9a58306c8c06c7544dc9e3ab67	gi|2363082505|ref|NR_179499.1|	96.522	460	16	0	4	463	342	801	0.0	761	2364787
8bb20a1d91fa13b935a2d92a25cdb083	gi|343201281|ref|NR_042007.1|	99.095	442	4	0	4	445	343	784	0.0	795	622312
8bb20a1d91fa13b935a2d92a25cdb083	gi|645320588|ref|NR_117758.1|	97.297	444	8	4	4	445	322	763	0.0	750	166486
8bb20a1d91fa13b935a2d92a25cdb083	gi|228716944|ref|NR_027557.1|	97.297	444	8	4	4	445	343	784	0.0	750	536231
8bb20a1d91fa13b935a2d92a25cdb083	gi|343198540|ref|NR_042832.1|	97.297	444	7	5	4	445	330	770	0.0	749	301302
8bb20a1d91fa13b935a2d92a25cdb083	gi|444439494|ref|NR_074809.1|	96.847	444	9	5	4	445	350	790	0.0	737	585394
8bb20a1d91fa13b935a2d92a25cdb083	gi|1227086116|ref|NR_148619.1|	96.629	445	9	6	4	445	301	742	0.0	734	1712665
8bb20a1d91fa13b935a2d92a25cdb083	gi|343201282|ref|NR_042008.1|	96.622	444	9	6	4	445	341	780	0.0	732	585394
8bb20a1d91fa13b935a2d92a25cdb083	gi|444304209|ref|NR_074634.1|	96.171	444	11	5	4	445	350	789	0.0	721	515619
8bb20a1d91fa13b935a2d92a25cdb083	gi|2363086282|ref|NR_181393.1|	96.171	444	11	5	4	445	290	729	0.0	721	2763664
8bb20a1d91fa13b935a2d92a25cdb083	gi|2363085153|ref|NR_180825.1|	95.495	444	15	5	4	445	347	787	0.0	704	2605790
4ee177984de9d522112a09a1fa8e6d88	gi|559795314|ref|NR_104907.1|	95.249	442	19	2	4	444	315	755	0.0	699	290054
4ee177984de9d522112a09a1fa8e6d88	gi|2136551683|ref|NR_173688.1|	92.971	441	30	1	4	444	321	760	0.0	641	2780922
4ee177984de9d522112a09a1fa8e6d88	gi|507148077|ref|NR_102884.1|	90.745	443	36	5	4	444	331	770	4.59e-167	586	213810
4ee177984de9d522112a09a1fa8e6d88	gi|1445136071|ref|NR_158111.1|	90.519	443	36	6	4	444	349	787	2.14e-165	580	2038680
4ee177984de9d522112a09a1fa8e6d88	gi|1864207164|ref|NR_169458.1|	90.249	441	42	1	4	444	345	784	9.94e-164	575	2164149
4ee177984de9d522112a09a1fa8e6d88	gi|3248465648|ref|NR_201660.1|	90.023	441	43	1	4	444	319	758	4.62e-162	569	3417630
4ee177984de9d522112a09a1fa8e6d88	gi|3248465644|ref|NR_201656.1|	90.045	442	41	3	4	444	329	768	4.62e-162	569	3417633
4ee177984de9d522112a09a1fa8e6d88	gi|2363082585|ref|NR_179539.1|	90.045	442	40	4	4	444	351	789	4.62e-162	569	1852384
4ee177984de9d522112a09a1fa8e6d88	gi|636558832|ref|NR_114889.1|	90.068	443	38	6	4	444	277	715	4.62e-162	569	213810
4ee177984de9d522112a09a1fa8e6d88	gi|636558732|ref|NR_114789.1|	90.068	443	39	5	4	444	347	786	4.62e-162	569	1535
0b269cff96d2873d9873367d51fcadd2	gi|631251879|ref|NR_113077.1|	98.039	459	9	0	4	462	329	787	0.0	798	454154
0b269cff96d2873d9873367d51fcadd2	gi|343200939|ref|NR_041626.1|	98.039	459	9	0	4	462	321	779	0.0	798	762968
0b269cff96d2873d9873367d51fcadd2	gi|631251880|ref|NR_113078.1|	92.157	459	36	0	4	462	339	797	0.0	649	454155
0b269cff96d2873d9873367d51fcadd2	gi|343200940|ref|NR_041627.1|	92.157	459	36	0	4	462	319	777	0.0	649	762982
0b269cff96d2873d9873367d51fcadd2	gi|343200759|ref|NR_041446.1|	89.201	463	43	6	4	462	323	782	1.34e-162	571	376804
0b269cff96d2873d9873367d51fcadd2	gi|2363082635|ref|NR_179564.1|	87.905	463	49	7	4	462	338	797	1.36e-152	538	1903262
0b269cff96d2873d9873367d51fcadd2	gi|343200761|ref|NR_041448.1|	87.229	462	54	5	4	462	322	781	1.37e-147	521	376806
0b269cff96d2873d9873367d51fcadd2	gi|631251867|ref|NR_113065.1|	86.825	463	54	6	4	462	338	797	2.96e-144	510	762984
0b269cff96d2873d9873367d51fcadd2	gi|631251695|ref|NR_112893.1|	86.825	463	54	6	4	462	318	777	2.96e-144	510	762984
0b269cff96d2873d9873367d51fcadd2	gi|2363086250|ref|NR_181377.1|	86.580	462	57	5	4	462	343	802	1.38e-142	505	2763138
faadce61d2a3547701a71d11ec80fea0	gi|631253128|ref|NR_114326.1|	99.318	440	3	0	4	443	334	773	0.0	797	1150298
faadce61d2a3547701a71d11ec80fea0	gi|2363087259|ref|NR_181885.1|	96.591	440	15	0	4	443	335	774	0.0	732	2885351
faadce61d2a3547701a71d11ec80fea0	gi|974142252|ref|NR_134772.1|	96.364	440	16	0	4	443	297	736	0.0	725	1337051
faadce61d2a3547701a71d11ec80fea0	gi|343205837|ref|NR_044289.1|	96.136	440	17	0	4	443	328	767	0.0	719	460384
faadce61d2a3547701a71d11ec80fea0	gi|3030611230|ref|NR_199906.1|	95.909	440	18	0	4	443	354	793	0.0	713	3123317
faadce61d2a3547701a71d11ec80fea0	gi|2363085103|ref|NR_180800.1|	95.909	440	18	0	4	443	347	786	0.0	713	2652274
faadce61d2a3547701a71d11ec80fea0	gi|3030611314|ref|NR_199990.1|	95.909	440	18	0	4	443	350	789	0.0	713	3123317
faadce61d2a3547701a71d11ec80fea0	gi|1384992331|ref|NR_156080.1|	95.909	440	18	0	4	443	336	775	0.0	713	1469948
faadce61d2a3547701a71d11ec80fea0	gi|1384992328|ref|NR_156077.1|	95.909	440	18	0	4	443	336	775	0.0	713	1469948
faadce61d2a3547701a71d11ec80fea0	gi|1116030273|ref|NR_144731.1|	95.909	440	18	0	4	443	347	786	0.0	713	1720294
60713476d62eebbffc51ed862ec91afe	gi|2363086264|ref|NR_181384.1|	87.528	441	54	1	4	444	250	689	1.02e-143	508	2763660
60713476d62eebbffc51ed862ec91afe	gi|3030611263|ref|NR_199939.1|	87.302	441	55	1	4	444	332	771	4.76e-142	503	3074434
60713476d62eebbffc51ed862ec91afe	gi|672239088|ref|NR_125677.1|	87.330	442	53	3	4	444	346	785	4.76e-142	503	1348613
60713476d62eebbffc51ed862ec91afe	gi|1230874676|ref|NR_148837.1|	86.848	441	57	1	4	444	347	786	1.03e-138	492	1675854
60713476d62eebbffc51ed862ec91afe	gi|2363086274|ref|NR_181389.1|	86.907	443	53	5	4	444	295	734	1.03e-138	492	2763657
60713476d62eebbffc51ed862ec91afe	gi|507148180|ref|NR_102987.1|	86.848	441	57	1	4	444	464	903	1.03e-138	492	720554
60713476d62eebbffc51ed862ec91afe	gi|645320438|ref|NR_117645.1|	86.848	441	57	1	4	444	345	784	1.03e-138	492	1185412
60713476d62eebbffc51ed862ec91afe	gi|343200548|ref|NR_041235.1|	86.848	441	57	1	4	444	444	883	1.03e-138	492	720554
60713476d62eebbffc51ed862ec91afe	gi|219846512|ref|NR_026104.1|	86.456	443	58	1	4	444	312	754	1.72e-136	484	1121303
60713476d62eebbffc51ed862ec91afe	gi|2363082625|ref|NR_179559.1|	86.425	442	58	2	4	444	333	773	6.20e-136	483	1871018
f5fc1d578de0005d9f22be8feb862f0b	gi|636560687|ref|NR_116747.1|	99.318	440	3	0	4	443	301	740	0.0	797	1298596
f5fc1d578de0005d9f22be8feb862f0b	gi|2363085133|ref|NR_180815.1|	97.045	440	13	0	4	443	350	789	0.0	741	2606633
f5fc1d578de0005d9f22be8feb862f0b	gi|2363083556|ref|NR_180026.1|	97.045	440	13	0	4	443	348	787	0.0	741	2696678
f5fc1d578de0005d9f22be8feb862f0b	gi|1909404440|ref|NR_170495.1|	96.818	440	14	0	4	443	355	794	0.0	736	2509240
f5fc1d578de0005d9f22be8feb862f0b	gi|2363082374|ref|NR_179434.1|	96.818	440	14	0	4	443	349	788	0.0	736	1720300
f5fc1d578de0005d9f22be8feb862f0b	gi|310974914|ref|NR_036777.1|	96.804	438	14	0	4	441	333	770	0.0	734	33039
f5fc1d578de0005d9f22be8feb862f0b	gi|631251356|ref|NR_112553.1|	96.599	441	14	1	4	443	348	788	0.0	730	342942
f5fc1d578de0005d9f22be8feb862f0b	gi|228719063|ref|NR_027579.1|	96.136	440	17	0	4	443	316	755	0.0	725	471875
f5fc1d578de0005d9f22be8feb862f0b	gi|2363084846|ref|NR_180671.1|	96.136	440	17	0	4	443	63	502	0.0	719	2594882
f5fc1d578de0005d9f22be8feb862f0b	gi|2962412221|ref|NR_199415.1|	96.136	440	17	0	4	443	338	777	0.0	719	3136600
590d993709dfbb69bf716d9676fea4dc	gi|3030611230|ref|NR_199906.1|	97.500	440	11	0	4	443	354	793	0.0	752	3123317
590d993709dfbb69bf716d9676fea4dc	gi|3030611314|ref|NR_199990.1|	97.500	440	11	0	4	443	350	789	0.0	752	3123317
590d993709dfbb69bf716d9676fea4dc	gi|1384992331|ref|NR_156080.1|	97.500	440	11	0	4	443	336	775	0.0	752	1469948
590d993709dfbb69bf716d9676fea4dc	gi|1384992328|ref|NR_156077.1|	97.500	440	11	0	4	443	336	775	0.0	752	1469948
590d993709dfbb69bf716d9676fea4dc	gi|1384992332|ref|NR_156081.1|	97.273	440	12	0	4	443	336	775	0.0	747	1469948
590d993709dfbb69bf716d9676fea4dc	gi|1384992329|ref|NR_156078.1|	97.273	440	12	0	4	443	336	775	0.0	747	1469948
590d993709dfbb69bf716d9676fea4dc	gi|343201474|ref|NR_042200.1|	96.591	440	15	0	4	443	318	757	0.0	730	333367
590d993709dfbb69bf716d9676fea4dc	gi|1193829153|ref|NR_147396.1|	96.372	441	14	2	4	443	328	767	0.0	725	1917870
590d993709dfbb69bf716d9676fea4dc	gi|974142252|ref|NR_134772.1|	96.364	440	16	0	4	443	297	736	0.0	725	1337051
590d993709dfbb69bf716d9676fea4dc	gi|343205837|ref|NR_044289.1|	96.364	440	16	0	4	443	328	767	0.0	725	460384
3aac8c497d6bf04cee22275215a9253b	gi|2363082569|ref|NR_179531.1|	94.369	444	21	4	4	445	347	788	0.0	678	1852369
3aac8c497d6bf04cee22275215a9253b	gi|2363082168|ref|NR_179330.1|	94.118	442	26	0	4	445	327	768	0.0	673	2714355
3aac8c497d6bf04cee22275215a9253b	gi|2363082165|ref|NR_179329.1|	93.891	442	27	0	4	445	327	768	0.0	667	2714353
3aac8c497d6bf04cee22275215a9253b	gi|2363082342|ref|NR_179418.1|	93.454	443	28	1	4	445	348	790	0.0	656	1673721
3aac8c497d6bf04cee22275215a9253b	gi|645321110|ref|NR_118156.1|	92.135	445	29	5	4	445	304	745	3.51e-178	623	1007096
3aac8c497d6bf04cee22275215a9253b	gi|1269801610|ref|NR_074793.2|	91.874	443	34	2	4	445	355	796	1.63e-176	617	351091
3aac8c497d6bf04cee22275215a9253b	gi|343200653|ref|NR_041340.1|	91.874	443	34	2	4	445	328	769	1.63e-176	617	351091
3aac8c497d6bf04cee22275215a9253b	gi|2260349448|ref|NR_176530.1|	91.461	445	32	5	4	445	358	799	3.53e-173	606	2093857
3aac8c497d6bf04cee22275215a9253b	gi|2363084741|ref|NR_180619.1|	91.422	443	37	1	4	445	347	789	3.53e-173	606	2779352
3aac8c497d6bf04cee22275215a9253b	gi|2363082559|ref|NR_179526.1|	91.461	445	32	5	4	445	349	790	3.53e-173	606	1841866
d902b995723ba2b7a667f8a5629fc4a2	gi|559795314|ref|NR_104907.1|	95.023	442	20	2	4	444	315	755	0.0	693	290054
d902b995723ba2b7a667f8a5629fc4a2	gi|2136551683|ref|NR_173688.1|	92.744	441	31	1	4	444	321	760	0.0	636	2780922
d902b995723ba2b7a667f8a5629fc4a2	gi|507148077|ref|NR_102884.1|	90.519	443	37	5	4	444	331	770	2.14e-165	580	213810
d902b995723ba2b7a667f8a5629fc4a2	gi|1445136071|ref|NR_158111.1|	90.293	443	37	6	4	444	349	787	9.94e-164	575	2038680
d902b995723ba2b7a667f8a5629fc4a2	gi|1864207164|ref|NR_169458.1|	90.023	441	43	1	4	444	345	784	4.62e-162	569	2164149
d902b995723ba2b7a667f8a5629fc4a2	gi|3248465648|ref|NR_201660.1|	89.796	441	44	1	4	444	319	758	2.15e-160	564	3417630
d902b995723ba2b7a667f8a5629fc4a2	gi|3248465644|ref|NR_201656.1|	89.819	442	42	3	4	444	329	768	2.15e-160	564	3417633
d902b995723ba2b7a667f8a5629fc4a2	gi|2363082585|ref|NR_179539.1|	89.819	442	41	4	4	444	351	789	2.15e-160	564	1852384
d902b995723ba2b7a667f8a5629fc4a2	gi|636558832|ref|NR_114889.1|	89.842	443	39	6	4	444	277	715	2.15e-160	564	213810
d902b995723ba2b7a667f8a5629fc4a2	gi|636558732|ref|NR_114789.1|	89.842	443	40	5	4	444	347	786	2.15e-160	564	1535
32dffbf1df50fd4091543f2a23ea294e	gi|310975253|ref|NR_037117.1|	99.105	447	4	0	4	450	331	777	0.0	804	28026
32dffbf1df50fd4091543f2a23ea294e	gi|631251581|ref|NR_112779.1|	99.105	447	4	0	4	450	331	777	0.0	804	1150460
32dffbf1df50fd4091543f2a23ea294e	gi|343201160|ref|NR_041875.1|	99.105	447	4	0	4	450	310	756	0.0	804	1686
32dffbf1df50fd4091543f2a23ea294e	gi|3248465902|ref|NR_201917.1|	98.658	447	6	0	4	450	338	784	0.0	793	3692808
32dffbf1df50fd4091543f2a23ea294e	gi|310974989|ref|NR_036853.1|	98.210	447	8	0	4	450	330	776	0.0	782	1683
32dffbf1df50fd4091543f2a23ea294e	gi|2363087083|ref|NR_181797.1|	97.768	448	8	2	4	450	250	696	0.0	771	2834432
32dffbf1df50fd4091543f2a23ea294e	gi|636559583|ref|NR_115643.1|	97.768	448	8	2	4	450	248	694	0.0	771	78345
32dffbf1df50fd4091543f2a23ea294e	gi|1269801543|ref|NR_074802.2|	97.550	449	9	2	4	450	341	789	0.0	767	367928
32dffbf1df50fd4091543f2a23ea294e	gi|961555015|ref|NR_133982.1|	97.550	449	9	2	4	450	311	759	0.0	767	1680
32dffbf1df50fd4091543f2a23ea294e	gi|645321680|ref|NR_118589.1|	97.550	449	9	2	4	450	335	783	0.0	767	1437612
309c4310b6bed7f9e4438ca9edbf49c1	gi|444304209|ref|NR_074634.1|	99.545	440	2	0	4	443	350	789	0.0	802	515619
309c4310b6bed7f9e4438ca9edbf49c1	gi|343198540|ref|NR_042832.1|	98.413	441	6	1	4	443	330	770	0.0	774	301302
309c4310b6bed7f9e4438ca9edbf49c1	gi|1227086116|ref|NR_148619.1|	97.964	442	7	2	4	443	301	742	0.0	765	1712665
309c4310b6bed7f9e4438ca9edbf49c1	gi|645320588|ref|NR_117758.1|	97.511	442	9	1	4	443	322	763	0.0	754	166486
309c4310b6bed7f9e4438ca9edbf49c1	gi|228716944|ref|NR_027557.1|	97.511	442	9	1	4	443	343	784	0.0	754	536231
309c4310b6bed7f9e4438ca9edbf49c1	gi|444439494|ref|NR_074809.1|	97.506	441	10	1	4	443	350	790	0.0	752	585394
309c4310b6bed7f9e4438ca9edbf49c1	gi|343201282|ref|NR_042008.1|	97.279	441	10	2	4	443	341	780	0.0	747	585394
309c4310b6bed7f9e4438ca9edbf49c1	gi|2363085153|ref|NR_180825.1|	97.052	441	12	1	4	443	347	787	0.0	741	2605790
309c4310b6bed7f9e4438ca9edbf49c1	gi|219846723|ref|NR_026315.1|	97.045	440	13	0	4	443	317	756	0.0	741	46206
309c4310b6bed7f9e4438ca9edbf49c1	gi|2363086282|ref|NR_181393.1|	96.818	440	14	0	4	443	290	729	0.0	736	2763664
e87ddb36e6d2ad5a77c57e47de456f6d	gi|566085203|ref|NR_109014.1|	98.409	440	7	0	4	443	195	634	0.0	774	871665
e87ddb36e6d2ad5a77c57e47de456f6d	gi|2363082673|ref|NR_179584.1|	98.182	440	8	0	4	443	327	766	0.0	769	1917888
e87ddb36e6d2ad5a77c57e47de456f6d	gi|631252033|ref|NR_113231.1|	97.506	441	9	2	4	443	347	786	0.0	752	536633
e87ddb36e6d2ad5a77c57e47de456f6d	gi|631251591|ref|NR_112789.1|	97.506	441	9	2	4	443	333	772	0.0	752	536633
e87ddb36e6d2ad5a77c57e47de456f6d	gi|219846720|ref|NR_026312.1|	97.045	440	13	0	4	443	327	766	0.0	743	180164
e87ddb36e6d2ad5a77c57e47de456f6d	gi|2363084170|ref|NR_180334.1|	96.818	440	14	0	4	443	253	692	0.0	736	2763028
e87ddb36e6d2ad5a77c57e47de456f6d	gi|631253117|ref|NR_114315.1|	96.818	440	14	0	4	443	336	775	0.0	736	649762
e87ddb36e6d2ad5a77c57e47de456f6d	gi|2363086300|ref|NR_181402.1|	96.818	440	14	0	4	443	300	739	0.0	736	2763028
e87ddb36e6d2ad5a77c57e47de456f6d	gi|645320731|ref|NR_117867.1|	96.818	440	14	0	4	443	300	739	0.0	736	871664
e87ddb36e6d2ad5a77c57e47de456f6d	gi|343205678|ref|NR_044054.1|	96.818	440	14	0	4	443	297	736	0.0	736	1121115
30f400b46dbf3ad9cf464191f624884f	gi|631251875|ref|NR_113073.1|	98.913	460	5	0	4	463	329	788	0.0	822	487174
30f400b46dbf3ad9cf464191f624884f	gi|343200981|ref|NR_041668.1|	98.913	460	5	0	4	463	321	780	0.0	822	742726
30f400b46dbf3ad9cf464191f624884f	gi|1270532346|ref|NR_121773.2|	96.095	461	16	2	4	463	348	807	0.0	750	397865
30f400b46dbf3ad9cf464191f624884f	gi|343200821|ref|NR_041508.1|	95.879	461	16	3	4	463	325	783	0.0	743	397865
30f400b46dbf3ad9cf464191f624884f	gi|2136551682|ref|NR_173687.1|	90.043	462	42	4	4	463	325	784	7.98e-170	595	2751153
30f400b46dbf3ad9cf464191f624884f	gi|1146059151|ref|NR_145883.1|	89.610	462	44	4	4	463	284	743	1.73e-166	584	1501392
30f400b46dbf3ad9cf464191f624884f	gi|1116030267|ref|NR_144725.1|	89.177	462	46	4	4	463	337	796	8.03e-165	579	1686296
30f400b46dbf3ad9cf464191f624884f	gi|1909404453|ref|NR_170508.1|	88.069	461	52	3	4	463	352	810	2.93e-154	544	2518971
30f400b46dbf3ad9cf464191f624884f	gi|2621112336|ref|NR_189240.1|	87.931	464	48	8	4	463	342	801	3.79e-153	540	2944915
30f400b46dbf3ad9cf464191f624884f	gi|2363083455|ref|NR_179976.1|	87.957	465	45	10	4	463	289	747	1.36e-152	538	2094151
7ff5f8f2c9c5b92c375183f0571d049d	gi|3030611230|ref|NR_199906.1|	97.955	440	9	0	4	443	354	793	0.0	763	3123317
7ff5f8f2c9c5b92c375183f0571d049d	gi|3030611314|ref|NR_199990.1|	97.955	440	9	0	4	443	350	789	0.0	763	3123317
7ff5f8f2c9c5b92c375183f0571d049d	gi|1384992331|ref|NR_156080.1|	97.955	440	9	0	4	443	336	775	0.0	763	1469948
7ff5f8f2c9c5b92c375183f0571d049d	gi|1384992328|ref|NR_156077.1|	97.955	440	9	0	4	443	336	775	0.0	763	1469948
7ff5f8f2c9c5b92c375183f0571d049d	gi|1384992332|ref|NR_156081.1|	97.727	440	10	0	4	443	336	775	0.0	758	1469948
7ff5f8f2c9c5b92c375183f0571d049d	gi|1384992329|ref|NR_156078.1|	97.727	440	10	0	4	443	336	775	0.0	758	1469948
7ff5f8f2c9c5b92c375183f0571d049d	gi|343201474|ref|NR_042200.1|	97.045	440	13	0	4	443	318	757	0.0	741	333367
7ff5f8f2c9c5b92c375183f0571d049d	gi|1193829153|ref|NR_147396.1|	96.825	441	12	2	4	443	328	767	0.0	736	1917870
7ff5f8f2c9c5b92c375183f0571d049d	gi|974142252|ref|NR_134772.1|	96.818	440	14	0	4	443	297	736	0.0	736	1337051
7ff5f8f2c9c5b92c375183f0571d049d	gi|343205837|ref|NR_044289.1|	96.818	440	14	0	4	443	328	767	0.0	736	460384
22b76fd9a8d6696b8fbaae58d83bda05	gi|1909404385|ref|NR_170438.1|	99.140	465	4	0	6	470	317	781	0.0	837	1674920
22b76fd9a8d6696b8fbaae58d83bda05	gi|265678404|ref|NR_028706.1|	99.140	465	4	0	6	470	329	793	0.0	837	76761
22b76fd9a8d6696b8fbaae58d83bda05	gi|2363082274|ref|NR_179384.1|	98.925	465	5	0	6	470	321	785	0.0	832	2899822
22b76fd9a8d6696b8fbaae58d83bda05	gi|645320670|ref|NR_117821.1|	98.925	465	5	0	6	470	280	744	0.0	832	298
22b76fd9a8d6696b8fbaae58d83bda05	gi|636558854|ref|NR_114911.1|	98.925	465	5	0	6	470	331	795	0.0	832	1117955
22b76fd9a8d6696b8fbaae58d83bda05	gi|631250879|ref|NR_112075.1|	98.925	465	5	0	6	470	308	772	0.0	832	76761
22b76fd9a8d6696b8fbaae58d83bda05	gi|2363082180|ref|NR_179337.1|	98.710	465	6	0	6	470	312	776	0.0	826	2740531
22b76fd9a8d6696b8fbaae58d83bda05	gi|2363082137|ref|NR_179315.1|	98.710	465	6	0	6	470	281	745	0.0	826	2607908
22b76fd9a8d6696b8fbaae58d83bda05	gi|2363082406|ref|NR_179450.1|	98.710	465	6	0	6	470	279	743	0.0	826	2293832
22b76fd9a8d6696b8fbaae58d83bda05	gi|2363082408|ref|NR_179451.1|	98.710	465	6	0	6	470	278	742	0.0	826	2293833
42e3ae1c498ac9c837fb0fc88e478718	gi|444304012|ref|NR_074436.1|	98.658	447	6	0	3	449	320	766	0.0	793	239935
42e3ae1c498ac9c837fb0fc88e478718	gi|343202494|ref|NR_042817.1|	98.658	447	6	0	3	449	300	746	0.0	793	349741
42e3ae1c498ac9c837fb0fc88e478718	gi|1315204026|ref|NR_152695.1|	92.222	450	31	3	3	449	299	747	0.0	634	1679444
42e3ae1c498ac9c837fb0fc88e478718	gi|343200983|ref|NR_041670.1|	85.653	467	46	7	3	449	297	762	3.77e-133	473	490092
42e3ae1c498ac9c837fb0fc88e478718	gi|343200984|ref|NR_041671.1|	85.439	467	47	9	3	449	319	784	6.32e-131	466	490093
42e3ae1c498ac9c837fb0fc88e478718	gi|219846674|ref|NR_026266.1|	85.225	467	47	8	3	449	303	767	2.27e-130	464	240016
42e3ae1c498ac9c837fb0fc88e478718	gi|343200937|ref|NR_041624.1|	85.256	468	46	9	3	449	320	785	2.94e-129	460	454151
42e3ae1c498ac9c837fb0fc88e478718	gi|2260349445|ref|NR_176527.1|	85.193	466	48	7	3	449	317	780	1.06e-128	459	2576071
42e3ae1c498ac9c837fb0fc88e478718	gi|343200987|ref|NR_041674.1|	85.011	467	49	9	3	449	318	783	1.37e-127	455	490096
42e3ae1c498ac9c837fb0fc88e478718	gi|566085532|ref|NR_109603.1|	84.797	467	50	9	3	449	280	745	6.36e-126	449	1157309
73de5f12ef205606ed036b9d5388bb84	gi|2363086278|ref|NR_181391.1|	99.091	440	4	0	4	443	249	688	0.0	791	2763670
73de5f12ef205606ed036b9d5388bb84	gi|219856842|ref|NR_024661.1|	96.818	440	14	0	4	443	361	800	0.0	736	42322
73de5f12ef205606ed036b9d5388bb84	gi|343198925|ref|NR_044049.1|	94.773	440	23	0	4	443	316	755	0.0	686	33043
73de5f12ef205606ed036b9d5388bb84	gi|2363085925|ref|NR_181215.1|	94.545	440	24	0	4	443	331	770	0.0	680	2738446
73de5f12ef205606ed036b9d5388bb84	gi|631252121|ref|NR_113319.1|	94.318	440	25	0	4	443	350	789	0.0	675	645466
73de5f12ef205606ed036b9d5388bb84	gi|943392602|ref|NR_117139.2|	94.091	440	26	0	4	443	346	785	0.0	669	649756
73de5f12ef205606ed036b9d5388bb84	gi|943392601|ref|NR_117138.2|	94.091	440	26	0	4	443	346	785	0.0	669	649756
73de5f12ef205606ed036b9d5388bb84	gi|559795210|ref|NR_104799.1|	94.091	440	26	0	4	443	338	777	0.0	669	649756
73de5f12ef205606ed036b9d5388bb84	gi|636560803|ref|NR_116863.1|	94.104	441	25	1	4	443	337	777	0.0	669	645466
73de5f12ef205606ed036b9d5388bb84	gi|343202586|ref|NR_042953.1|	94.091	440	26	0	4	443	308	747	0.0	669	264463
d28e296e65c80e1b3769efd70a930ca5	gi|2621112340|ref|NR_189244.1|	95.475	442	20	0	4	445	363	804	0.0	706	3046382
d28e296e65c80e1b3769efd70a930ca5	gi|2621112341|ref|NR_189245.1|	95.249	442	21	0	4	445	363	804	0.0	701	3046383
d28e296e65c80e1b3769efd70a930ca5	gi|636559633|ref|NR_115693.1|	88.565	446	42	8	4	445	442	882	6.08e-151	532	694434
d28e296e65c80e1b3769efd70a930ca5	gi|636559632|ref|NR_115692.1|	88.565	446	42	8	4	445	442	882	6.08e-151	532	694434
d28e296e65c80e1b3769efd70a930ca5	gi|636559631|ref|NR_115691.1|	88.565	446	42	8	4	445	436	876	6.08e-151	532	694434
d28e296e65c80e1b3769efd70a930ca5	gi|636559630|ref|NR_115690.1|	88.565	446	42	8	4	445	448	888	6.08e-151	532	694434
d28e296e65c80e1b3769efd70a930ca5	gi|343198739|ref|NR_043559.1|	88.565	446	42	8	4	445	447	887	6.08e-151	532	694434
d28e296e65c80e1b3769efd70a930ca5	gi|2363081417|ref|NR_178955.1|	86.517	445	55	5	4	445	288	730	1.73e-136	484	1851429
d28e296e65c80e1b3769efd70a930ca5	gi|631251702|ref|NR_112900.1|	86.577	447	51	9	4	445	341	783	1.73e-136	484	626937
d28e296e65c80e1b3769efd70a930ca5	gi|645320092|ref|NR_117381.1|	86.547	446	49	10	4	445	347	785	2.23e-135	481	165813
43e6472efa98e3cc471f802c1afcb4a5	gi|2363086270|ref|NR_181387.1|	94.582	443	23	1	4	446	302	743	0.0	684	2763656
43e6472efa98e3cc471f802c1afcb4a5	gi|2363086268|ref|NR_181386.1|	93.679	443	28	0	4	446	303	745	0.0	664	2763655
43e6472efa98e3cc471f802c1afcb4a5	gi|2363086262|ref|NR_181383.1|	91.480	446	33	5	4	446	307	750	9.85e-174	608	2763654
43e6472efa98e3cc471f802c1afcb4a5	gi|1116030284|ref|NR_144742.1|	90.745	443	41	0	4	446	352	794	9.92e-169	592	1805714
43e6472efa98e3cc471f802c1afcb4a5	gi|631251702|ref|NR_112900.1|	90.745	443	41	0	4	446	341	783	9.92e-169	592	626937
43e6472efa98e3cc471f802c1afcb4a5	gi|2363081417|ref|NR_178955.1|	90.068	443	44	0	4	446	288	730	9.99e-164	575	1851429
43e6472efa98e3cc471f802c1afcb4a5	gi|1116030285|ref|NR_144743.1|	90.090	444	42	2	4	446	352	794	9.99e-164	575	1816678
43e6472efa98e3cc471f802c1afcb4a5	gi|2363082320|ref|NR_179407.1|	89.663	445	39	6	4	446	331	770	2.80e-159	560	1622073
43e6472efa98e3cc471f802c1afcb4a5	gi|943392597|ref|NR_117133.2|	89.485	447	36	10	4	446	330	769	1.30e-157	555	1543
43e6472efa98e3cc471f802c1afcb4a5	gi|943392596|ref|NR_117132.2|	89.286	448	36	11	4	446	330	770	1.68e-156	551	1543
ca6a2597f4ec3d8b4c7ed0bdacee08e4	gi|310975253|ref|NR_037117.1|	99.553	447	2	0	4	450	331	777	0.0	815	28026
ca6a2597f4ec3d8b4c7ed0bdacee08e4	gi|631251581|ref|NR_112779.1|	99.553	447	2	0	4	450	331	777	0.0	815	1150460
ca6a2597f4ec3d8b4c7ed0bdacee08e4	gi|343201160|ref|NR_041875.1|	99.553	447	2	0	4	450	310	756	0.0	815	1686
ca6a2597f4ec3d8b4c7ed0bdacee08e4	gi|3248465902|ref|NR_201917.1|	99.105	447	4	0	4	450	338	784	0.0	804	3692808
ca6a2597f4ec3d8b4c7ed0bdacee08e4	gi|310974989|ref|NR_036853.1|	98.658	447	6	0	4	450	330	776	0.0	793	1683
ca6a2597f4ec3d8b4c7ed0bdacee08e4	gi|2363087083|ref|NR_181797.1|	98.214	448	6	2	4	450	250	696	0.0	782	2834432
ca6a2597f4ec3d8b4c7ed0bdacee08e4	gi|636559583|ref|NR_115643.1|	98.214	448	6	2	4	450	248	694	0.0	782	78345
ca6a2597f4ec3d8b4c7ed0bdacee08e4	gi|1269801543|ref|NR_074802.2|	97.996	449	7	2	4	450	341	789	0.0	778	367928
ca6a2597f4ec3d8b4c7ed0bdacee08e4	gi|961555015|ref|NR_133982.1|	97.996	449	7	2	4	450	311	759	0.0	778	1680
ca6a2597f4ec3d8b4c7ed0bdacee08e4	gi|645321680|ref|NR_118589.1|	97.996	449	7	2	4	450	335	783	0.0	778	1437612
fd8b7ded8339a4da150fc3d954a5074f	gi|343198925|ref|NR_044049.1|	98.864	440	5	0	4	443	316	755	0.0	785	33043
fd8b7ded8339a4da150fc3d954a5074f	gi|559795169|ref|NR_104758.1|	95.000	440	22	0	4	443	345	784	0.0	691	1282887
fd8b7ded8339a4da150fc3d954a5074f	gi|2363086278|ref|NR_181391.1|	94.773	440	23	0	4	443	249	688	0.0	686	2763670
fd8b7ded8339a4da150fc3d954a5074f	gi|219856842|ref|NR_024661.1|	94.773	440	23	0	4	443	361	800	0.0	686	42322
fd8b7ded8339a4da150fc3d954a5074f	gi|631252121|ref|NR_113319.1|	94.318	440	25	0	4	443	350	789	0.0	675	645466
fd8b7ded8339a4da150fc3d954a5074f	gi|2363080125|ref|NR_178281.1|	94.318	440	25	0	4	443	340	779	0.0	675	105843
fd8b7ded8339a4da150fc3d954a5074f	gi|645321792|ref|NR_118676.1|	93.864	440	27	0	4	443	370	809	0.0	673	39497
fd8b7ded8339a4da150fc3d954a5074f	gi|1384992332|ref|NR_156081.1|	94.091	440	26	0	4	443	336	775	0.0	669	1469948
fd8b7ded8339a4da150fc3d954a5074f	gi|1384992329|ref|NR_156078.1|	94.091	440	26	0	4	443	336	775	0.0	669	1469948
fd8b7ded8339a4da150fc3d954a5074f	gi|636560803|ref|NR_116863.1|	94.104	441	25	1	4	443	337	777	0.0	669	645466
00bd3459eb58f6ad23446c39285667f8	gi|2363082282|ref|NR_179388.1|	98.864	440	5	0	4	443	335	774	0.0	785	2935520
00bd3459eb58f6ad23446c39285667f8	gi|2363081451|ref|NR_178972.1|	98.182	440	8	0	4	443	285	724	0.0	769	1851428
00bd3459eb58f6ad23446c39285667f8	gi|265678656|ref|NR_028961.1|	97.727	440	10	0	4	443	327	766	0.0	758	853
00bd3459eb58f6ad23446c39285667f8	gi|2363080123|ref|NR_178280.1|	97.506	441	9	2	4	443	331	770	0.0	752	411483
00bd3459eb58f6ad23446c39285667f8	gi|3030611269|ref|NR_199945.1|	97.279	441	10	2	4	443	335	774	0.0	747	3435293
00bd3459eb58f6ad23446c39285667f8	gi|2363081449|ref|NR_178971.1|	97.052	441	10	3	4	443	285	723	0.0	739	1851427
00bd3459eb58f6ad23446c39285667f8	gi|2363080175|ref|NR_178311.1|	95.692	441	17	2	4	443	412	851	0.0	708	2903556
00bd3459eb58f6ad23446c39285667f8	gi|2363084747|ref|NR_180622.1|	92.955	440	31	0	4	443	335	774	0.0	641	2779354
00bd3459eb58f6ad23446c39285667f8	gi|1397641802|ref|NR_156911.1|	92.517	441	31	2	4	443	351	790	2.09e-180	630	1650663
00bd3459eb58f6ad23446c39285667f8	gi|559795255|ref|NR_104846.1|	92.500	440	33	0	4	443	288	727	2.09e-180	630	745368
feb8d4beae106cf04c3e28a295df802b	gi|310975253|ref|NR_037117.1|	99.553	447	2	0	4	450	331	777	0.0	815	28026
feb8d4beae106cf04c3e28a295df802b	gi|631251581|ref|NR_112779.1|	99.553	447	2	0	4	450	331	777	0.0	815	1150460
feb8d4beae106cf04c3e28a295df802b	gi|343201160|ref|NR_041875.1|	99.553	447	2	0	4	450	310	756	0.0	815	1686
feb8d4beae106cf04c3e28a295df802b	gi|3248465902|ref|NR_201917.1|	99.105	447	4	0	4	450	338	784	0.0	804	3692808
feb8d4beae106cf04c3e28a295df802b	gi|310974989|ref|NR_036853.1|	98.658	447	6	0	4	450	330	776	0.0	793	1683
feb8d4beae106cf04c3e28a295df802b	gi|2363087083|ref|NR_181797.1|	98.214	448	6	2	4	450	250	696	0.0	782	2834432
feb8d4beae106cf04c3e28a295df802b	gi|636559583|ref|NR_115643.1|	98.214	448	6	2	4	450	248	694	0.0	782	78345
feb8d4beae106cf04c3e28a295df802b	gi|1269801543|ref|NR_074802.2|	97.996	449	7	2	4	450	341	789	0.0	778	367928
feb8d4beae106cf04c3e28a295df802b	gi|961555015|ref|NR_133982.1|	97.996	449	7	2	4	450	311	759	0.0	778	1680
feb8d4beae106cf04c3e28a295df802b	gi|645321680|ref|NR_118589.1|	97.996	449	7	2	4	450	335	783	0.0	778	1437612
af8afb168d5fed4651955564d48667e5	gi|2363082168|ref|NR_179330.1|	90.541	444	39	3	4	446	327	768	1.66e-166	584	2714355
af8afb168d5fed4651955564d48667e5	gi|2363082165|ref|NR_179329.1|	90.359	446	36	7	4	446	327	768	7.72e-165	579	2714353
af8afb168d5fed4651955564d48667e5	gi|343206380|ref|NR_044972.1|	90.090	444	42	2	4	446	331	773	7.72e-165	579	44749
af8afb168d5fed4651955564d48667e5	gi|219846512|ref|NR_026104.1|	90.068	443	44	0	4	446	312	754	9.99e-164	575	1121303
af8afb168d5fed4651955564d48667e5	gi|631252162|ref|NR_113360.1|	89.842	443	45	0	4	446	339	781	4.65e-162	569	1121303
af8afb168d5fed4651955564d48667e5	gi|645319736|ref|NR_117111.1|	89.842	443	45	0	4	446	336	778	4.65e-162	569	29371
af8afb168d5fed4651955564d48667e5	gi|2363082342|ref|NR_179418.1|	89.640	444	44	2	4	446	348	790	2.16e-160	564	1673721
af8afb168d5fed4651955564d48667e5	gi|444304204|ref|NR_074629.1|	89.616	443	46	0	4	446	341	783	2.16e-160	564	1515
af8afb168d5fed4651955564d48667e5	gi|631251959|ref|NR_113157.1|	89.616	443	46	0	4	446	341	783	2.16e-160	564	1515
af8afb168d5fed4651955564d48667e5	gi|1109168025|ref|NR_144611.1|	89.165	443	48	0	4	446	282	724	4.68e-157	553	1417852
89838856e47ee45ff9624b111128ae71	gi|1315204023|ref|NR_152692.1|	99.142	466	4	0	4	469	342	807	0.0	839	1890302
89838856e47ee45ff9624b111128ae71	gi|1441204318|ref|NR_157733.1|	99.142	466	4	0	4	469	342	807	0.0	839	2026187
89838856e47ee45ff9624b111128ae71	gi|1441204316|ref|NR_157731.1|	99.142	466	4	0	4	469	342	807	0.0	839	2026190
89838856e47ee45ff9624b111128ae71	gi|1441204319|ref|NR_157734.1|	99.142	466	4	0	4	469	342	807	0.0	839	2026194
89838856e47ee45ff9624b111128ae71	gi|1441204313|ref|NR_157728.1|	99.142	466	4	0	4	469	342	807	0.0	839	2026186
89838856e47ee45ff9624b111128ae71	gi|1441204320|ref|NR_157735.1|	99.142	466	4	0	4	469	342	807	0.0	839	2026192
89838856e47ee45ff9624b111128ae71	gi|1441204314|ref|NR_157729.1|	99.142	466	4	0	4	469	342	807	0.0	839	2026188;2026189;2026191;2026193
89838856e47ee45ff9624b111128ae71	gi|2363083929|ref|NR_180213.1|	99.142	466	4	0	4	469	349	814	0.0	839	2338372
89838856e47ee45ff9624b111128ae71	gi|2221405510|ref|NR_175557.1|	99.142	466	4	0	4	469	301	766	0.0	839	2817478
89838856e47ee45ff9624b111128ae71	gi|2221405508|ref|NR_175556.1|	99.142	466	4	0	4	469	300	765	0.0	839	2817477
dbfa7276a5524cad0808dcfd371fcf38	gi|228720667|ref|NR_027596.1|	98.710	465	6	0	4	468	329	793	0.0	828	52226
dbfa7276a5524cad0808dcfd371fcf38	gi|265678536|ref|NR_028840.1|	97.645	467	7	4	4	468	345	809	0.0	798	187979
dbfa7276a5524cad0808dcfd371fcf38	gi|343206145|ref|NR_044734.1|	93.790	467	25	4	4	468	358	822	0.0	701	971
dbfa7276a5524cad0808dcfd371fcf38	gi|310975048|ref|NR_036912.1|	93.376	468	23	8	4	468	302	764	0.0	686	114197
dbfa7276a5524cad0808dcfd371fcf38	gi|559795272|ref|NR_104863.1|	92.308	468	30	6	4	468	347	811	0.0	660	86957
dbfa7276a5524cad0808dcfd371fcf38	gi|636558560|ref|NR_114617.1|	92.308	468	30	6	4	468	351	815	0.0	660	86957
dbfa7276a5524cad0808dcfd371fcf38	gi|645320378|ref|NR_117597.1|	92.094	468	31	6	4	468	347	811	0.0	654	86957
dbfa7276a5524cad0808dcfd371fcf38	gi|645320377|ref|NR_117596.1|	92.094	468	31	6	4	468	346	810	0.0	654	86957
dbfa7276a5524cad0808dcfd371fcf38	gi|343201106|ref|NR_041805.1|	91.880	468	32	6	4	468	361	825	0.0	652	135079
dbfa7276a5524cad0808dcfd371fcf38	gi|265678494|ref|NR_028797.1|	91.221	467	37	4	4	468	356	820	0.0	632	135082
d5eaa92c7cf45582f0986b87ee0d8032	gi|2363082569|ref|NR_179531.1|	98.643	442	6	0	4	445	347	788	0.0	784	1852369
d5eaa92c7cf45582f0986b87ee0d8032	gi|1269801610|ref|NR_074793.2|	93.891	442	27	0	4	445	355	796	0.0	667	351091
d5eaa92c7cf45582f0986b87ee0d8032	gi|343200653|ref|NR_041340.1|	93.891	442	27	0	4	445	328	769	0.0	667	351091
d5eaa92c7cf45582f0986b87ee0d8032	gi|2260349448|ref|NR_176530.1|	93.665	442	28	0	4	445	358	799	0.0	662	2093857
d5eaa92c7cf45582f0986b87ee0d8032	gi|2363082559|ref|NR_179526.1|	93.665	442	28	0	4	445	349	790	0.0	662	1841866
d5eaa92c7cf45582f0986b87ee0d8032	gi|645321110|ref|NR_118156.1|	93.439	442	29	0	4	445	304	745	0.0	656	1007096
d5eaa92c7cf45582f0986b87ee0d8032	gi|2962412234|ref|NR_199428.1|	92.760	442	32	0	4	445	352	793	0.0	640	3073143
d5eaa92c7cf45582f0986b87ee0d8032	gi|2363082170|ref|NR_179331.1|	92.551	443	32	1	4	445	328	770	0.0	634	2714358
d5eaa92c7cf45582f0986b87ee0d8032	gi|2363082168|ref|NR_179330.1|	92.342	444	30	4	4	445	327	768	7.54e-180	628	2714355
d5eaa92c7cf45582f0986b87ee0d8032	gi|2363087001|ref|NR_181757.1|	92.117	444	31	4	4	445	289	730	3.51e-178	623	2841504
9bbdbee6871a0e4b01a6a8e88f131416	gi|2363085097|ref|NR_180797.1|	97.727	440	10	0	4	443	346	785	0.0	758	2605778
9bbdbee6871a0e4b01a6a8e88f131416	gi|2363082679|ref|NR_179587.1|	97.500	440	11	0	4	443	328	767	0.0	752	1926283
9bbdbee6871a0e4b01a6a8e88f131416	gi|2363081854|ref|NR_179173.1|	97.500	440	11	0	4	443	333	772	0.0	752	2126740
9bbdbee6871a0e4b01a6a8e88f131416	gi|3030611230|ref|NR_199906.1|	97.273	440	12	0	4	443	354	793	0.0	747	3123317
9bbdbee6871a0e4b01a6a8e88f131416	gi|2363083601|ref|NR_180048.1|	97.273	440	12	0	4	443	338	777	0.0	747	253257
9bbdbee6871a0e4b01a6a8e88f131416	gi|2962412268|ref|NR_199462.1|	97.273	440	12	0	4	443	303	742	0.0	747	3111456
9bbdbee6871a0e4b01a6a8e88f131416	gi|3030611314|ref|NR_199990.1|	97.273	440	12	0	4	443	350	789	0.0	747	3123317
9bbdbee6871a0e4b01a6a8e88f131416	gi|1193829153|ref|NR_147396.1|	97.273	440	12	0	4	443	328	767	0.0	747	1917870
9bbdbee6871a0e4b01a6a8e88f131416	gi|1384992332|ref|NR_156081.1|	97.273	440	12	0	4	443	336	775	0.0	747	1469948
9bbdbee6871a0e4b01a6a8e88f131416	gi|1384992331|ref|NR_156080.1|	97.273	440	12	0	4	443	336	775	0.0	747	1469948
d173a4bb7476a5a3dc7c7c49fbd4e8e0	gi|343200590|ref|NR_041277.1|	98.696	460	6	0	4	463	339	798	0.0	817	484018
d173a4bb7476a5a3dc7c7c49fbd4e8e0	gi|2221405488|ref|NR_175548.1|	95.671	462	16	4	4	463	346	805	0.0	739	2739389
d173a4bb7476a5a3dc7c7c49fbd4e8e0	gi|1116030286|ref|NR_144744.1|	93.913	460	28	0	4	463	339	798	0.0	697	1841856
d173a4bb7476a5a3dc7c7c49fbd4e8e0	gi|343200591|ref|NR_041278.1|	92.826	460	33	0	4	463	339	798	0.0	667	470145
d173a4bb7476a5a3dc7c7c49fbd4e8e0	gi|2363082641|ref|NR_179567.1|	92.391	460	35	0	4	463	339	798	0.0	658	1907658
d173a4bb7476a5a3dc7c7c49fbd4e8e0	gi|444304192|ref|NR_074616.1|	91.957	460	37	0	4	463	341	800	0.0	645	376805
d173a4bb7476a5a3dc7c7c49fbd4e8e0	gi|343200760|ref|NR_041447.1|	91.957	460	37	0	4	463	326	785	0.0	645	376805
d173a4bb7476a5a3dc7c7c49fbd4e8e0	gi|631251740|ref|NR_112938.1|	91.757	461	36	2	4	463	326	785	0.0	640	204516
d173a4bb7476a5a3dc7c7c49fbd4e8e0	gi|343198509|ref|NR_042745.1|	91.757	461	36	2	4	463	338	797	0.0	640	204516
d173a4bb7476a5a3dc7c7c49fbd4e8e0	gi|1146059112|ref|NR_145844.1|	91.540	461	37	2	4	463	339	798	0.0	634	1411144
3603e8a9c50aa922c08bb421dde7d18d	gi|2136551683|ref|NR_173688.1|	89.888	445	38	7	4	446	321	760	6.01e-161	566	2780922
3603e8a9c50aa922c08bb421dde7d18d	gi|3248465658|ref|NR_201672.1|	89.485	447	39	8	4	446	296	738	1.01e-158	558	3381350
3603e8a9c50aa922c08bb421dde7d18d	gi|2363082711|ref|NR_179603.1|	89.462	446	37	10	4	446	317	755	1.30e-157	555	1944642
3603e8a9c50aa922c08bb421dde7d18d	gi|265679047|ref|NR_029355.1|	89.213	445	41	7	4	446	332	771	6.05e-156	549	84026
3603e8a9c50aa922c08bb421dde7d18d	gi|2363086272|ref|NR_181388.1|	89.013	446	40	7	4	446	388	827	2.82e-154	544	2763658
3603e8a9c50aa922c08bb421dde7d18d	gi|2363082585|ref|NR_179539.1|	88.964	444	43	6	4	446	351	789	2.82e-154	544	1852384
3603e8a9c50aa922c08bb421dde7d18d	gi|343205927|ref|NR_044425.1|	89.038	447	38	10	4	446	346	785	2.82e-154	544	474960
3603e8a9c50aa922c08bb421dde7d18d	gi|785794309|ref|NG_041947.1|	88.713	443	50	0	4	446	469	911	1.01e-153	542	394503
3603e8a9c50aa922c08bb421dde7d18d	gi|785497611|ref|NR_102768.2|	88.713	443	50	0	4	446	330	772	1.01e-153	542	1521
3603e8a9c50aa922c08bb421dde7d18d	gi|559795314|ref|NR_104907.1|	88.739	444	46	4	4	446	315	755	3.64e-153	540	290054
d07f2ef0e84c43105c8e8cc66f81d978	gi|559795314|ref|NR_104907.1|	92.308	442	33	1	4	445	315	755	2.71e-179	627	290054
d07f2ef0e84c43105c8e8cc66f81d978	gi|2136551683|ref|NR_173688.1|	90.950	442	38	2	4	445	321	760	2.75e-169	593	2780922
d07f2ef0e84c43105c8e8cc66f81d978	gi|444303976|ref|NR_074399.1|	90.498	442	40	1	4	445	333	772	5.95e-166	582	697329
d07f2ef0e84c43105c8e8cc66f81d978	gi|631251834|ref|NR_113032.1|	90.498	442	40	1	4	445	333	772	5.95e-166	582	1264
d07f2ef0e84c43105c8e8cc66f81d978	gi|636559173|ref|NR_115230.1|	90.498	442	40	1	4	445	333	772	5.95e-166	582	697329
d07f2ef0e84c43105c8e8cc66f81d978	gi|219846339|ref|NR_025929.1|	90.498	442	40	1	4	445	328	767	5.95e-166	582	697329
d07f2ef0e84c43105c8e8cc66f81d978	gi|1277396348|ref|NR_152059.1|	90.315	444	39	4	4	445	272	713	7.70e-165	579	1849041
d07f2ef0e84c43105c8e8cc66f81d978	gi|2363082561|ref|NR_179527.1|	90.315	444	39	4	4	445	336	777	7.70e-165	579	1841868
d07f2ef0e84c43105c8e8cc66f81d978	gi|2363082601|ref|NR_179547.1|	90.068	443	40	4	4	445	347	786	1.29e-162	571	1870991
d07f2ef0e84c43105c8e8cc66f81d978	gi|2136551692|ref|NR_173697.1|	89.819	442	45	0	4	445	349	790	1.67e-161	568	2108523
4b3082f550959cf6c825e923ce565d64	gi|1116030288|ref|NR_144746.1|	98.696	460	6	0	4	463	339	798	0.0	819	1841864
4b3082f550959cf6c825e923ce565d64	gi|485099085|ref|NR_102481.1|	90.260	462	41	4	4	463	337	796	1.71e-171	601	908937
4b3082f550959cf6c825e923ce565d64	gi|631251902|ref|NR_113100.1|	90.260	462	41	4	4	463	328	787	1.71e-171	601	908937
4b3082f550959cf6c825e923ce565d64	gi|265678976|ref|NR_029284.1|	90.260	462	41	4	4	463	308	767	1.71e-171	601	52227
4b3082f550959cf6c825e923ce565d64	gi|343206272|ref|NR_044864.1|	90.260	462	41	4	4	463	318	777	1.71e-171	601	1336250
4b3082f550959cf6c825e923ce565d64	gi|2363082404|ref|NR_179449.1|	88.387	465	44	9	4	463	342	801	1.75e-156	551	2479840
4b3082f550959cf6c825e923ce565d64	gi|2363081463|ref|NR_178978.1|	88.387	465	44	9	4	463	346	805	1.75e-156	551	1676614
4b3082f550959cf6c825e923ce565d64	gi|631251904|ref|NR_113102.1|	88.337	463	48	6	4	463	343	802	1.75e-156	551	1236509
4b3082f550959cf6c825e923ce565d64	gi|631251900|ref|NR_113098.1|	88.362	464	46	7	4	463	339	798	1.75e-156	551	28127
4b3082f550959cf6c825e923ce565d64	gi|631251899|ref|NR_113097.1|	88.387	465	44	10	4	463	326	785	1.75e-156	551	873513
63eaa38680c06a620b43ed3cbb790a51	gi|559795314|ref|NR_104907.1|	92.081	442	34	1	4	445	315	755	1.26e-177	621	290054
63eaa38680c06a620b43ed3cbb790a51	gi|2136551683|ref|NR_173688.1|	90.724	442	39	2	4	445	321	760	1.28e-167	588	2780922
63eaa38680c06a620b43ed3cbb790a51	gi|444303976|ref|NR_074399.1|	90.271	442	41	1	4	445	333	772	2.77e-164	577	697329
63eaa38680c06a620b43ed3cbb790a51	gi|631251834|ref|NR_113032.1|	90.271	442	41	1	4	445	333	772	2.77e-164	577	1264
63eaa38680c06a620b43ed3cbb790a51	gi|636559173|ref|NR_115230.1|	90.271	442	41	1	4	445	333	772	2.77e-164	577	697329
63eaa38680c06a620b43ed3cbb790a51	gi|219846339|ref|NR_025929.1|	90.271	442	41	1	4	445	328	767	2.77e-164	577	697329
63eaa38680c06a620b43ed3cbb790a51	gi|1277396348|ref|NR_152059.1|	90.090	444	40	4	4	445	272	713	3.58e-163	573	1849041
63eaa38680c06a620b43ed3cbb790a51	gi|2363082561|ref|NR_179527.1|	90.090	444	40	4	4	445	336	777	3.58e-163	573	1841868
63eaa38680c06a620b43ed3cbb790a51	gi|2363082601|ref|NR_179547.1|	89.842	443	41	4	4	445	347	786	6.00e-161	566	1870991
63eaa38680c06a620b43ed3cbb790a51	gi|2136551692|ref|NR_173697.1|	89.593	442	46	0	4	445	349	790	7.76e-160	562	2108523
88924038672d772f8482bea4a40c5f32	gi|265678656|ref|NR_028961.1|	99.091	440	4	0	4	443	327	766	0.0	791	853
88924038672d772f8482bea4a40c5f32	gi|2363081451|ref|NR_178972.1|	98.864	440	5	0	4	443	285	724	0.0	785	1851428
88924038672d772f8482bea4a40c5f32	gi|2363080123|ref|NR_178280.1|	98.864	440	5	0	4	443	331	770	0.0	785	411483
88924038672d772f8482bea4a40c5f32	gi|3030611269|ref|NR_199945.1|	98.636	440	6	0	4	443	335	774	0.0	780	3435293
88924038672d772f8482bea4a40c5f32	gi|2363081449|ref|NR_178971.1|	99.072	431	4	0	4	434	285	715	0.0	774	1851427
88924038672d772f8482bea4a40c5f32	gi|2363082282|ref|NR_179388.1|	98.186	441	6	2	4	443	335	774	0.0	769	2935520
88924038672d772f8482bea4a40c5f32	gi|2363080175|ref|NR_178311.1|	96.591	440	15	0	4	443	412	851	0.0	730	2903556
88924038672d772f8482bea4a40c5f32	gi|1397641802|ref|NR_156911.1|	92.500	440	33	0	4	443	351	790	2.09e-180	630	1650663
88924038672d772f8482bea4a40c5f32	gi|2363084747|ref|NR_180622.1|	92.517	441	31	2	4	443	335	774	2.09e-180	630	2779354
88924038672d772f8482bea4a40c5f32	gi|2363082356|ref|NR_179425.1|	92.500	440	33	0	4	443	351	790	2.09e-180	630	1689304
c4897fd19b1bde8b90ec043677b4f581	gi|2363080123|ref|NR_178280.1|	98.636	440	6	0	4	443	331	770	0.0	780	411483
c4897fd19b1bde8b90ec043677b4f581	gi|3030611269|ref|NR_199945.1|	98.409	440	7	0	4	443	335	774	0.0	774	3435293
c4897fd19b1bde8b90ec043677b4f581	gi|2363081449|ref|NR_178971.1|	98.840	431	5	0	4	434	285	715	0.0	769	1851427
c4897fd19b1bde8b90ec043677b4f581	gi|265678656|ref|NR_028961.1|	97.955	440	9	0	4	443	327	766	0.0	763	853
c4897fd19b1bde8b90ec043677b4f581	gi|2363081451|ref|NR_178972.1|	97.727	440	10	0	4	443	285	724	0.0	758	1851428
c4897fd19b1bde8b90ec043677b4f581	gi|2363082282|ref|NR_179388.1|	97.052	441	11	2	4	443	335	774	0.0	741	2935520
c4897fd19b1bde8b90ec043677b4f581	gi|2363080175|ref|NR_178311.1|	96.364	440	16	0	4	443	412	851	0.0	725	2903556
c4897fd19b1bde8b90ec043677b4f581	gi|2363084747|ref|NR_180622.1|	93.197	441	28	2	4	443	335	774	0.0	647	2779354
c4897fd19b1bde8b90ec043677b4f581	gi|559795255|ref|NR_104846.1|	92.955	440	31	0	4	443	288	727	0.0	641	745368
c4897fd19b1bde8b90ec043677b4f581	gi|1277396189|ref|NR_151900.1|	92.500	440	33	0	4	443	351	790	2.09e-180	630	1550024
20a65bde1fedfe3e8169759a5e70a16e	gi|2621112340|ref|NR_189244.1|	95.475	442	20	0	4	445	363	804	0.0	706	3046382
20a65bde1fedfe3e8169759a5e70a16e	gi|2621112341|ref|NR_189245.1|	95.249	442	21	0	4	445	363	804	0.0	701	3046383
20a65bde1fedfe3e8169759a5e70a16e	gi|636559633|ref|NR_115693.1|	88.565	446	42	8	4	445	442	882	6.08e-151	532	694434
20a65bde1fedfe3e8169759a5e70a16e	gi|636559632|ref|NR_115692.1|	88.565	446	42	8	4	445	442	882	6.08e-151	532	694434
20a65bde1fedfe3e8169759a5e70a16e	gi|636559631|ref|NR_115691.1|	88.565	446	42	8	4	445	436	876	6.08e-151	532	694434
20a65bde1fedfe3e8169759a5e70a16e	gi|636559630|ref|NR_115690.1|	88.565	446	42	8	4	445	448	888	6.08e-151	532	694434
20a65bde1fedfe3e8169759a5e70a16e	gi|343198739|ref|NR_043559.1|	88.565	446	42	8	4	445	447	887	6.08e-151	532	694434
20a65bde1fedfe3e8169759a5e70a16e	gi|2363081417|ref|NR_178955.1|	86.517	445	55	5	4	445	288	730	1.73e-136	484	1851429
20a65bde1fedfe3e8169759a5e70a16e	gi|631251702|ref|NR_112900.1|	86.577	447	51	9	4	445	341	783	1.73e-136	484	626937
20a65bde1fedfe3e8169759a5e70a16e	gi|645320092|ref|NR_117381.1|	86.547	446	49	10	4	445	347	785	2.23e-135	481	165813
413010556f8765fc9c2bf70e0dc2606a	gi|1109168025|ref|NR_144611.1|	93.002	443	31	0	4	446	282	724	0.0	647	1417852
413010556f8765fc9c2bf70e0dc2606a	gi|2363082168|ref|NR_179330.1|	93.018	444	28	3	4	446	327	768	0.0	645	2714355
413010556f8765fc9c2bf70e0dc2606a	gi|2363082165|ref|NR_179329.1|	92.793	444	29	3	4	446	327	768	0.0	640	2714353
413010556f8765fc9c2bf70e0dc2606a	gi|343206380|ref|NR_044972.1|	92.342	444	32	2	4	446	331	773	0.0	634	44749
413010556f8765fc9c2bf70e0dc2606a	gi|3030611324|ref|NR_200000.1|	91.667	444	35	2	4	446	301	743	2.12e-175	614	3342383
413010556f8765fc9c2bf70e0dc2606a	gi|2363082342|ref|NR_179418.1|	91.667	444	35	2	4	446	348	790	2.12e-175	614	1673721
413010556f8765fc9c2bf70e0dc2606a	gi|219857437|ref|NR_025025.1|	91.441	444	34	4	4	446	332	772	7.61e-175	612	100176
413010556f8765fc9c2bf70e0dc2606a	gi|2363082352|ref|NR_179423.1|	91.480	446	32	6	4	446	349	791	9.85e-174	608	1689270
413010556f8765fc9c2bf70e0dc2606a	gi|645321636|ref|NR_118554.1|	91.461	445	34	4	4	446	329	771	9.85e-174	608	1297617
413010556f8765fc9c2bf70e0dc2606a	gi|2363083800|ref|NR_180148.1|	90.991	444	38	2	4	446	349	791	2.13e-170	597	2211183
2e6d6d82e21b2a685471a598e868accc	gi|228720667|ref|NR_027596.1|	98.710	465	6	0	4	468	329	793	0.0	828	52226
2e6d6d82e21b2a685471a598e868accc	gi|265678536|ref|NR_028840.1|	97.859	467	6	4	4	468	345	809	0.0	804	187979
2e6d6d82e21b2a685471a598e868accc	gi|343206145|ref|NR_044734.1|	94.017	468	22	6	4	468	358	822	0.0	706	971
2e6d6d82e21b2a685471a598e868accc	gi|310975048|ref|NR_036912.1|	93.362	467	25	6	4	468	302	764	0.0	686	114197
2e6d6d82e21b2a685471a598e868accc	gi|559795272|ref|NR_104863.1|	92.521	468	29	6	4	468	347	811	0.0	665	86957
2e6d6d82e21b2a685471a598e868accc	gi|636558560|ref|NR_114617.1|	92.521	468	29	6	4	468	351	815	0.0	665	86957
2e6d6d82e21b2a685471a598e868accc	gi|645320378|ref|NR_117597.1|	92.308	468	30	6	4	468	347	811	0.0	660	86957
2e6d6d82e21b2a685471a598e868accc	gi|645320377|ref|NR_117596.1|	92.308	468	30	6	4	468	346	810	0.0	660	86957
2e6d6d82e21b2a685471a598e868accc	gi|2363085139|ref|NR_180818.1|	92.060	466	35	2	4	468	330	794	0.0	654	2652285
2e6d6d82e21b2a685471a598e868accc	gi|343201106|ref|NR_041805.1|	91.667	468	33	6	4	468	361	825	0.0	647	135079
73a65c395eba64c55d6ab69937962dc1	gi|265678656|ref|NR_028961.1|	99.773	440	1	0	4	443	327	766	0.0	808	853
73a65c395eba64c55d6ab69937962dc1	gi|2363081451|ref|NR_178972.1|	99.545	440	2	0	4	443	285	724	0.0	802	1851428
73a65c395eba64c55d6ab69937962dc1	gi|2363080123|ref|NR_178280.1|	99.545	440	2	0	4	443	331	770	0.0	802	411483
73a65c395eba64c55d6ab69937962dc1	gi|3030611269|ref|NR_199945.1|	99.318	440	3	0	4	443	335	774	0.0	797	3435293
73a65c395eba64c55d6ab69937962dc1	gi|2363081449|ref|NR_178971.1|	99.091	440	3	1	4	443	285	723	0.0	789	1851427
73a65c395eba64c55d6ab69937962dc1	gi|2363082282|ref|NR_179388.1|	98.866	441	3	2	4	443	335	774	0.0	785	2935520
73a65c395eba64c55d6ab69937962dc1	gi|2363080175|ref|NR_178311.1|	97.273	440	12	0	4	443	412	851	0.0	747	2903556
73a65c395eba64c55d6ab69937962dc1	gi|1397641802|ref|NR_156911.1|	93.182	440	30	0	4	443	351	790	0.0	647	1650663
73a65c395eba64c55d6ab69937962dc1	gi|2363084747|ref|NR_180622.1|	93.197	441	28	2	4	443	335	774	0.0	647	2779354
73a65c395eba64c55d6ab69937962dc1	gi|2363082356|ref|NR_179425.1|	93.182	440	30	0	4	443	351	790	0.0	647	1689304
a62572a43768dc764f4f90741774cbc6	gi|2363082165|ref|NR_179329.1|	99.095	442	4	0	4	445	327	768	0.0	795	2714353
a62572a43768dc764f4f90741774cbc6	gi|2363082168|ref|NR_179330.1|	98.869	442	5	0	4	445	327	768	0.0	789	2714355
a62572a43768dc764f4f90741774cbc6	gi|645321110|ref|NR_118156.1|	94.357	443	23	2	4	445	304	745	0.0	678	1007096
a62572a43768dc764f4f90741774cbc6	gi|2962412234|ref|NR_199428.1|	94.131	443	24	2	4	445	352	793	0.0	673	3073143
a62572a43768dc764f4f90741774cbc6	gi|1269801610|ref|NR_074793.2|	93.905	443	25	2	4	445	355	796	0.0	667	351091
a62572a43768dc764f4f90741774cbc6	gi|343200653|ref|NR_041340.1|	93.905	443	25	2	4	445	328	769	0.0	667	351091
a62572a43768dc764f4f90741774cbc6	gi|2363087001|ref|NR_181757.1|	93.708	445	22	6	4	445	289	730	0.0	662	2841504
a62572a43768dc764f4f90741774cbc6	gi|2260349448|ref|NR_176530.1|	93.228	443	28	2	4	445	358	799	0.0	651	2093857
a62572a43768dc764f4f90741774cbc6	gi|2363082559|ref|NR_179526.1|	93.228	443	28	2	4	445	349	790	0.0	651	1841866
a62572a43768dc764f4f90741774cbc6	gi|2363082170|ref|NR_179331.1|	93.228	443	29	1	4	445	328	770	0.0	651	2714358
747cefa059d2efc962976f7a076cc1f9	gi|507148077|ref|NR_102884.1|	95.701	442	17	2	4	445	331	770	0.0	710	213810
747cefa059d2efc962976f7a076cc1f9	gi|265678854|ref|NR_029160.1|	95.270	444	15	6	4	445	293	732	0.0	699	40519
747cefa059d2efc962976f7a076cc1f9	gi|636558832|ref|NR_114889.1|	95.023	442	19	3	4	445	277	715	0.0	691	213810
747cefa059d2efc962976f7a076cc1f9	gi|3248465648|ref|NR_201660.1|	94.570	442	22	2	4	445	319	758	0.0	682	3417630
747cefa059d2efc962976f7a076cc1f9	gi|219846341|ref|NR_025931.1|	94.369	444	19	6	4	445	308	747	0.0	676	1265
747cefa059d2efc962976f7a076cc1f9	gi|3248465644|ref|NR_201656.1|	93.665	442	26	2	4	445	329	768	0.0	660	3417633
747cefa059d2efc962976f7a076cc1f9	gi|1864207164|ref|NR_169458.1|	92.760	442	30	2	4	445	345	784	0.0	638	2164149
747cefa059d2efc962976f7a076cc1f9	gi|2136551683|ref|NR_173688.1|	92.099	443	31	4	4	445	321	760	1.26e-177	621	2780922
747cefa059d2efc962976f7a076cc1f9	gi|2363082601|ref|NR_179547.1|	91.855	442	34	1	4	445	347	786	5.87e-176	616	1870991
747cefa059d2efc962976f7a076cc1f9	gi|444303976|ref|NR_074399.1|	91.629	442	35	2	4	445	333	772	2.73e-174	610	697329
2c8261f9baaf24ca96646cbc222c5626	gi|343198925|ref|NR_044049.1|	99.091	440	4	0	4	443	316	755	0.0	791	33043
2c8261f9baaf24ca96646cbc222c5626	gi|559795169|ref|NR_104758.1|	95.227	440	21	0	4	443	345	784	0.0	697	1282887
2c8261f9baaf24ca96646cbc222c5626	gi|2363086278|ref|NR_181391.1|	95.000	440	22	0	4	443	249	688	0.0	691	2763670
2c8261f9baaf24ca96646cbc222c5626	gi|219856842|ref|NR_024661.1|	95.000	440	22	0	4	443	361	800	0.0	691	42322
2c8261f9baaf24ca96646cbc222c5626	gi|631252121|ref|NR_113319.1|	94.545	440	24	0	4	443	350	789	0.0	680	645466
2c8261f9baaf24ca96646cbc222c5626	gi|2363080125|ref|NR_178281.1|	94.545	440	24	0	4	443	340	779	0.0	680	105843
2c8261f9baaf24ca96646cbc222c5626	gi|645321792|ref|NR_118676.1|	94.091	440	26	0	4	443	370	809	0.0	678	39497
2c8261f9baaf24ca96646cbc222c5626	gi|1384992332|ref|NR_156081.1|	94.318	440	25	0	4	443	336	775	0.0	675	1469948
2c8261f9baaf24ca96646cbc222c5626	gi|1384992329|ref|NR_156078.1|	94.318	440	25	0	4	443	336	775	0.0	675	1469948
2c8261f9baaf24ca96646cbc222c5626	gi|636560803|ref|NR_116863.1|	94.331	441	24	1	4	443	337	777	0.0	675	645466
8e6b61e77e82f708c06254a786e8c71d	gi|2363082168|ref|NR_179330.1|	93.679	443	27	1	4	446	327	768	0.0	662	2714355
8e6b61e77e82f708c06254a786e8c71d	gi|2363082165|ref|NR_179329.1|	93.454	443	28	1	4	446	327	768	0.0	656	2714353
8e6b61e77e82f708c06254a786e8c71d	gi|3030611324|ref|NR_200000.1|	93.002	443	31	0	4	446	301	743	0.0	647	3342383
8e6b61e77e82f708c06254a786e8c71d	gi|2363082342|ref|NR_179418.1|	93.002	443	31	0	4	446	348	790	0.0	647	1673721
8e6b61e77e82f708c06254a786e8c71d	gi|1109168025|ref|NR_144611.1|	92.777	443	32	0	4	446	282	724	0.0	641	1417852
8e6b61e77e82f708c06254a786e8c71d	gi|2363082326|ref|NR_179410.1|	92.325	443	34	0	4	446	349	791	2.10e-180	630	1650661
8e6b61e77e82f708c06254a786e8c71d	gi|645321636|ref|NR_118554.1|	92.342	444	32	2	4	446	329	771	2.10e-180	630	1297617
8e6b61e77e82f708c06254a786e8c71d	gi|2363082352|ref|NR_179423.1|	92.135	445	31	4	4	446	349	791	9.78e-179	625	1689270
8e6b61e77e82f708c06254a786e8c71d	gi|219846612|ref|NR_026204.1|	91.685	445	33	4	4	446	328	770	5.88e-176	616	47246
8e6b61e77e82f708c06254a786e8c71d	gi|2136551692|ref|NR_173697.1|	91.648	443	36	1	4	446	349	790	7.61e-175	612	2108523
bd760b46b1a0e87cccdc969b5afd9e7f	gi|228719063|ref|NR_027579.1|	98.636	440	6	0	4	443	316	755	0.0	785	471875
bd760b46b1a0e87cccdc969b5afd9e7f	gi|2363082059|ref|NR_179276.1|	97.727	440	10	0	4	443	334	773	0.0	758	2316025
bd760b46b1a0e87cccdc969b5afd9e7f	gi|2363087259|ref|NR_181885.1|	97.279	441	10	2	4	443	335	774	0.0	747	2885351
bd760b46b1a0e87cccdc969b5afd9e7f	gi|2363082374|ref|NR_179434.1|	97.045	440	13	0	4	443	349	788	0.0	741	1720300
bd760b46b1a0e87cccdc969b5afd9e7f	gi|2363085133|ref|NR_180815.1|	96.818	440	14	0	4	443	350	789	0.0	736	2606633
bd760b46b1a0e87cccdc969b5afd9e7f	gi|2363083556|ref|NR_180026.1|	96.818	440	14	0	4	443	348	787	0.0	736	2696678
bd760b46b1a0e87cccdc969b5afd9e7f	gi|636560687|ref|NR_116747.1|	96.818	440	14	0	4	443	301	740	0.0	736	1298596
bd760b46b1a0e87cccdc969b5afd9e7f	gi|1909404440|ref|NR_170495.1|	96.591	440	15	0	4	443	355	794	0.0	730	2509240
bd760b46b1a0e87cccdc969b5afd9e7f	gi|2363082679|ref|NR_179587.1|	96.591	440	15	0	4	443	328	767	0.0	730	1926283
bd760b46b1a0e87cccdc969b5afd9e7f	gi|1109168017|ref|NR_144607.1|	96.591	440	15	0	4	443	282	721	0.0	730	1796615
fa561dfd95272402902c6e471dfffa4c	gi|343200656|ref|NR_041343.1|	99.348	460	3	0	4	463	340	799	0.0	833	46503
fa561dfd95272402902c6e471dfffa4c	gi|645322411|ref|NR_119166.1|	99.130	460	4	0	4	463	319	778	0.0	830	411477
fa561dfd95272402902c6e471dfffa4c	gi|343200777|ref|NR_041464.1|	97.391	460	12	0	4	463	340	799	0.0	784	387661
fa561dfd95272402902c6e471dfffa4c	gi|2363083816|ref|NR_180156.1|	96.522	460	16	0	4	463	291	750	0.0	761	2290935
fa561dfd95272402902c6e471dfffa4c	gi|2363086049|ref|NR_181277.1|	96.087	460	18	0	4	463	309	768	0.0	750	2753162
fa561dfd95272402902c6e471dfffa4c	gi|631251878|ref|NR_113076.1|	95.879	461	17	2	4	463	324	783	0.0	745	927665
fa561dfd95272402902c6e471dfffa4c	gi|343202832|ref|NR_043317.1|	95.879	461	17	2	4	463	284	743	0.0	745	328812
fa561dfd95272402902c6e471dfffa4c	gi|1811131517|ref|NR_165699.1|	95.435	460	21	0	4	463	336	795	0.0	734	2685834
fa561dfd95272402902c6e471dfffa4c	gi|2363082715|ref|NR_179605.1|	95.445	461	19	2	4	463	316	775	0.0	734	1944636
fa561dfd95272402902c6e471dfffa4c	gi|2363082619|ref|NR_179556.1|	95.217	460	22	0	4	463	316	775	0.0	728	1871013
9e0a6b4b26d4ab4d74237a0b1272b0f4	gi|2621112340|ref|NR_189244.1|	93.258	445	25	5	4	446	363	804	0.0	651	3046382
9e0a6b4b26d4ab4d74237a0b1272b0f4	gi|2621112341|ref|NR_189245.1|	93.034	445	26	5	4	446	363	804	0.0	645	3046383
9e0a6b4b26d4ab4d74237a0b1272b0f4	gi|2363086262|ref|NR_181383.1|	89.462	446	42	5	4	446	307	750	1.01e-158	558	2763654
9e0a6b4b26d4ab4d74237a0b1272b0f4	gi|2363086268|ref|NR_181386.1|	89.213	445	44	4	4	446	303	745	4.68e-157	553	2763655
9e0a6b4b26d4ab4d74237a0b1272b0f4	gi|559795176|ref|NR_104765.1|	87.387	444	54	2	4	446	323	765	1.03e-143	508	108007
9e0a6b4b26d4ab4d74237a0b1272b0f4	gi|343205970|ref|NR_044489.1|	87.387	444	54	2	4	446	336	778	1.03e-143	508	857293
9e0a6b4b26d4ab4d74237a0b1272b0f4	gi|1491509619|ref|NR_159150.1|	87.416	445	51	4	4	446	350	791	3.70e-143	507	489973
9e0a6b4b26d4ab4d74237a0b1272b0f4	gi|1491509615|ref|NR_159146.1|	87.162	444	54	3	4	446	348	789	1.72e-141	501	1715347
9e0a6b4b26d4ab4d74237a0b1272b0f4	gi|645320205|ref|NR_117466.1|	87.162	444	54	3	4	446	332	773	1.72e-141	501	699281
9e0a6b4b26d4ab4d74237a0b1272b0f4	gi|343199076|ref|NR_044503.1|	87.248	447	46	8	4	446	450	889	6.18e-141	499	520762
063a9af53d4fc028c9f133f2a3e0b0ba	gi|343200590|ref|NR_041277.1|	98.913	460	5	0	4	463	339	798	0.0	822	484018
063a9af53d4fc028c9f133f2a3e0b0ba	gi|2221405488|ref|NR_175548.1|	95.887	462	15	4	4	463	346	805	0.0	745	2739389
063a9af53d4fc028c9f133f2a3e0b0ba	gi|1116030286|ref|NR_144744.1|	94.130	460	27	0	4	463	339	798	0.0	702	1841856
063a9af53d4fc028c9f133f2a3e0b0ba	gi|343200591|ref|NR_041278.1|	93.043	460	32	0	4	463	339	798	0.0	673	470145
063a9af53d4fc028c9f133f2a3e0b0ba	gi|2363082641|ref|NR_179567.1|	92.609	460	34	0	4	463	339	798	0.0	664	1907658
063a9af53d4fc028c9f133f2a3e0b0ba	gi|444304192|ref|NR_074616.1|	92.174	460	36	0	4	463	341	800	0.0	651	376805
063a9af53d4fc028c9f133f2a3e0b0ba	gi|343200760|ref|NR_041447.1|	92.174	460	36	0	4	463	326	785	0.0	651	376805
063a9af53d4fc028c9f133f2a3e0b0ba	gi|631251740|ref|NR_112938.1|	91.974	461	35	2	4	463	326	785	0.0	645	204516
063a9af53d4fc028c9f133f2a3e0b0ba	gi|343198509|ref|NR_042745.1|	91.974	461	35	2	4	463	338	797	0.0	645	204516
063a9af53d4fc028c9f133f2a3e0b0ba	gi|1146059112|ref|NR_145844.1|	91.757	461	36	2	4	463	339	798	0.0	640	1411144
7834e8b1cf5a347e90d1d64361433a30	gi|343202572|ref|NR_042930.1|	91.610	441	35	2	4	444	366	804	9.80e-174	608	258515
7834e8b1cf5a347e90d1d64361433a30	gi|1277396348|ref|NR_152059.1|	90.766	444	36	5	4	444	272	713	1.28e-167	588	1849041
7834e8b1cf5a347e90d1d64361433a30	gi|2363082561|ref|NR_179527.1|	90.766	444	36	5	4	444	336	777	1.28e-167	588	1841868
7834e8b1cf5a347e90d1d64361433a30	gi|2363082625|ref|NR_179559.1|	90.498	442	40	2	4	444	333	773	5.94e-166	582	1871018
7834e8b1cf5a347e90d1d64361433a30	gi|228717037|ref|NR_027558.1|	90.498	442	38	4	4	444	292	730	2.14e-165	580	169435
7834e8b1cf5a347e90d1d64361433a30	gi|1116030290|ref|NR_144748.1|	90.249	441	41	2	4	444	335	773	9.94e-164	575	2897707
7834e8b1cf5a347e90d1d64361433a30	gi|2363086276|ref|NR_181390.1|	90.249	441	42	1	4	444	304	743	9.94e-164	575	2763659
7834e8b1cf5a347e90d1d64361433a30	gi|2363086272|ref|NR_181388.1|	90.293	443	38	5	4	444	388	827	9.94e-164	575	2763658
7834e8b1cf5a347e90d1d64361433a30	gi|2363082601|ref|NR_179547.1|	90.293	443	38	5	4	444	347	786	9.94e-164	575	1870991
7834e8b1cf5a347e90d1d64361433a30	gi|1864207164|ref|NR_169458.1|	90.045	442	41	3	4	444	345	784	4.62e-162	569	2164149
564d8fb400e497fea3cf8229d5997e1f	gi|444304209|ref|NR_074634.1|	99.091	440	4	0	4	443	350	789	0.0	791	515619
564d8fb400e497fea3cf8229d5997e1f	gi|343198540|ref|NR_042832.1|	97.959	441	8	1	4	443	330	770	0.0	763	301302
564d8fb400e497fea3cf8229d5997e1f	gi|1227086116|ref|NR_148619.1|	97.511	442	9	2	4	443	301	742	0.0	754	1712665
564d8fb400e497fea3cf8229d5997e1f	gi|645320588|ref|NR_117758.1|	97.059	442	11	1	4	443	322	763	0.0	743	166486
564d8fb400e497fea3cf8229d5997e1f	gi|228716944|ref|NR_027557.1|	97.059	442	11	1	4	443	343	784	0.0	743	536231
564d8fb400e497fea3cf8229d5997e1f	gi|444439494|ref|NR_074809.1|	97.052	441	12	1	4	443	350	790	0.0	741	585394
564d8fb400e497fea3cf8229d5997e1f	gi|343201282|ref|NR_042008.1|	96.825	441	12	2	4	443	341	780	0.0	736	585394
564d8fb400e497fea3cf8229d5997e1f	gi|2363085153|ref|NR_180825.1|	96.599	441	14	1	4	443	347	787	0.0	730	2605790
564d8fb400e497fea3cf8229d5997e1f	gi|219846723|ref|NR_026315.1|	96.591	440	15	0	4	443	317	756	0.0	730	46206
564d8fb400e497fea3cf8229d5997e1f	gi|2363086282|ref|NR_181393.1|	96.364	440	16	0	4	443	290	729	0.0	725	2763664
247baa8af506cfbd86e1d9432875caba	gi|219857539|ref|NR_025127.1|	95.249	442	21	0	4	445	345	786	0.0	701	140626
247baa8af506cfbd86e1d9432875caba	gi|2363085153|ref|NR_180825.1|	94.570	442	23	1	4	445	347	787	0.0	682	2605790
247baa8af506cfbd86e1d9432875caba	gi|2363082059|ref|NR_179276.1|	94.595	444	18	4	4	445	334	773	0.0	682	2316025
247baa8af506cfbd86e1d9432875caba	gi|2363085149|ref|NR_180823.1|	94.344	442	23	1	4	445	357	796	0.0	676	2606634
247baa8af506cfbd86e1d9432875caba	gi|2363085103|ref|NR_180800.1|	94.344	442	23	1	4	445	347	786	0.0	676	2652274
247baa8af506cfbd86e1d9432875caba	gi|1116030273|ref|NR_144731.1|	94.344	442	23	1	4	445	347	786	0.0	676	1720294
247baa8af506cfbd86e1d9432875caba	gi|602270486|ref|NR_036869.2|	94.357	443	21	3	4	445	342	781	0.0	676	84037
247baa8af506cfbd86e1d9432875caba	gi|631253128|ref|NR_114326.1|	94.344	442	23	1	4	445	334	773	0.0	676	1150298
247baa8af506cfbd86e1d9432875caba	gi|645321373|ref|NR_118354.1|	94.357	443	21	3	4	445	342	781	0.0	676	84037
247baa8af506cfbd86e1d9432875caba	gi|2363086284|ref|NR_181394.1|	94.344	442	23	1	4	445	306	745	0.0	676	2763668
b8277565281aa1edf9fdf4e61fe3599d	gi|2363082569|ref|NR_179531.1|	94.369	444	21	4	4	445	347	788	0.0	678	1852369
b8277565281aa1edf9fdf4e61fe3599d	gi|2363082168|ref|NR_179330.1|	94.118	442	26	0	4	445	327	768	0.0	673	2714355
b8277565281aa1edf9fdf4e61fe3599d	gi|2363082165|ref|NR_179329.1|	93.891	442	27	0	4	445	327	768	0.0	667	2714353
b8277565281aa1edf9fdf4e61fe3599d	gi|2363082342|ref|NR_179418.1|	93.454	443	28	1	4	445	348	790	0.0	656	1673721
b8277565281aa1edf9fdf4e61fe3599d	gi|645321110|ref|NR_118156.1|	92.135	445	29	5	4	445	304	745	3.51e-178	623	1007096
b8277565281aa1edf9fdf4e61fe3599d	gi|1269801610|ref|NR_074793.2|	91.874	443	34	2	4	445	355	796	1.63e-176	617	351091
b8277565281aa1edf9fdf4e61fe3599d	gi|343200653|ref|NR_041340.1|	91.874	443	34	2	4	445	328	769	1.63e-176	617	351091
b8277565281aa1edf9fdf4e61fe3599d	gi|2260349448|ref|NR_176530.1|	91.461	445	32	5	4	445	358	799	3.53e-173	606	2093857
b8277565281aa1edf9fdf4e61fe3599d	gi|2363084741|ref|NR_180619.1|	91.422	443	37	1	4	445	347	789	3.53e-173	606	2779352
b8277565281aa1edf9fdf4e61fe3599d	gi|2363082559|ref|NR_179526.1|	91.461	445	32	5	4	445	349	790	3.53e-173	606	1841866
1f2aaf0aba21e67f01b14a04b19fdb78	gi|2363080123|ref|NR_178280.1|	99.318	440	3	0	4	443	331	770	0.0	797	411483
1f2aaf0aba21e67f01b14a04b19fdb78	gi|2363081449|ref|NR_178971.1|	98.864	440	4	1	4	443	285	723	0.0	784	1851427
1f2aaf0aba21e67f01b14a04b19fdb78	gi|265678656|ref|NR_028961.1|	98.636	440	6	0	4	443	327	766	0.0	780	853
1f2aaf0aba21e67f01b14a04b19fdb78	gi|2363081451|ref|NR_178972.1|	98.409	440	7	0	4	443	285	724	0.0	774	1851428
1f2aaf0aba21e67f01b14a04b19fdb78	gi|3030611269|ref|NR_199945.1|	98.182	440	8	0	4	443	335	774	0.0	769	3435293
1f2aaf0aba21e67f01b14a04b19fdb78	gi|2363082282|ref|NR_179388.1|	97.732	441	8	2	4	443	335	774	0.0	758	2935520
1f2aaf0aba21e67f01b14a04b19fdb78	gi|2363080175|ref|NR_178311.1|	97.045	440	13	0	4	443	412	851	0.0	741	2903556
1f2aaf0aba21e67f01b14a04b19fdb78	gi|2363084747|ref|NR_180622.1|	92.971	441	29	2	4	443	335	774	0.0	641	2779354
1f2aaf0aba21e67f01b14a04b19fdb78	gi|559795255|ref|NR_104846.1|	92.727	440	32	0	4	443	288	727	0.0	636	745368
1f2aaf0aba21e67f01b14a04b19fdb78	gi|1277396189|ref|NR_151900.1|	92.273	440	34	0	4	443	351	790	9.71e-179	625	1550024
a41c4ed30fa1f5f132a3f7193f27073e	gi|444304189|ref|NR_074613.1|	94.773	440	23	0	4	443	350	789	0.0	686	515620
a41c4ed30fa1f5f132a3f7193f27073e	gi|559795169|ref|NR_104758.1|	94.318	440	25	0	4	443	345	784	0.0	675	1282887
a41c4ed30fa1f5f132a3f7193f27073e	gi|559795246|ref|NR_104836.1|	94.331	441	23	2	4	443	333	772	0.0	675	706562
a41c4ed30fa1f5f132a3f7193f27073e	gi|219846511|ref|NR_026103.1|	94.318	440	25	0	4	443	316	755	0.0	675	37658
a41c4ed30fa1f5f132a3f7193f27073e	gi|1277396381|ref|NR_152095.1|	94.091	440	26	0	4	443	348	787	0.0	669	1679721
a41c4ed30fa1f5f132a3f7193f27073e	gi|645321749|ref|NR_118643.1|	94.091	440	26	0	4	443	254	693	0.0	669	1432052
a41c4ed30fa1f5f132a3f7193f27073e	gi|631252121|ref|NR_113319.1|	93.864	440	27	0	4	443	350	789	0.0	664	645466
a41c4ed30fa1f5f132a3f7193f27073e	gi|1277396183|ref|NR_151894.1|	93.864	440	27	0	4	443	335	774	0.0	664	433293
a41c4ed30fa1f5f132a3f7193f27073e	gi|343202586|ref|NR_042953.1|	93.864	440	27	0	4	443	308	747	0.0	664	264463
a41c4ed30fa1f5f132a3f7193f27073e	gi|2363085103|ref|NR_180800.1|	93.636	440	28	0	4	443	347	786	0.0	658	2652274
a95f26bacfe926381fbaa64944603009	gi|444304091|ref|NR_074515.1|	99.130	460	4	0	4	463	350	809	0.0	828	435590
a95f26bacfe926381fbaa64944603009	gi|631251748|ref|NR_112946.1|	99.130	460	4	0	4	463	339	798	0.0	828	821
a95f26bacfe926381fbaa64944603009	gi|631250946|ref|NR_112143.1|	98.913	460	5	0	4	463	307	766	0.0	822	821
a95f26bacfe926381fbaa64944603009	gi|343200664|ref|NR_041351.1|	98.478	460	7	0	4	463	341	800	0.0	811	357276
a95f26bacfe926381fbaa64944603009	gi|631251997|ref|NR_113195.1|	93.913	460	28	0	4	463	338	797	0.0	695	1236515
a95f26bacfe926381fbaa64944603009	gi|631251866|ref|NR_113064.1|	93.696	460	29	0	4	463	338	797	0.0	689	1236538
a95f26bacfe926381fbaa64944603009	gi|631251817|ref|NR_113015.1|	93.696	460	29	0	4	463	338	797	0.0	689	1236538
a95f26bacfe926381fbaa64944603009	gi|645320081|ref|NR_117373.1|	93.696	460	29	0	4	463	289	748	0.0	689	1236515
a95f26bacfe926381fbaa64944603009	gi|2363085522|ref|NR_181010.1|	93.261	460	31	0	4	463	297	756	0.0	678	2786956
a95f26bacfe926381fbaa64944603009	gi|631251874|ref|NR_113072.1|	93.261	460	31	0	4	463	338	797	0.0	678	1236512
38380d03fc64c34d3f07bf589472b804	gi|1269801543|ref|NR_074802.2|	99.332	449	3	0	4	452	341	789	0.0	813	367928
38380d03fc64c34d3f07bf589472b804	gi|961555015|ref|NR_133982.1|	99.332	449	3	0	4	452	311	759	0.0	813	1680
38380d03fc64c34d3f07bf589472b804	gi|645321680|ref|NR_118589.1|	99.332	449	3	0	4	452	335	783	0.0	813	1437612
38380d03fc64c34d3f07bf589472b804	gi|636560686|ref|NR_116746.1|	99.332	449	3	0	4	452	309	757	0.0	813	1437612
38380d03fc64c34d3f07bf589472b804	gi|310974993|ref|NR_036857.1|	99.109	449	4	0	4	452	248	696	0.0	808	78346
38380d03fc64c34d3f07bf589472b804	gi|3248465902|ref|NR_201917.1|	98.218	449	6	2	4	452	338	784	0.0	784	3692808
38380d03fc64c34d3f07bf589472b804	gi|310975253|ref|NR_037117.1|	97.773	449	8	2	4	452	331	777	0.0	773	28026
38380d03fc64c34d3f07bf589472b804	gi|631251581|ref|NR_112779.1|	97.773	449	8	2	4	452	331	777	0.0	773	1150460
38380d03fc64c34d3f07bf589472b804	gi|343201160|ref|NR_041875.1|	97.773	449	8	2	4	452	310	756	0.0	773	1686
38380d03fc64c34d3f07bf589472b804	gi|586661365|ref|NR_036854.2|	97.550	449	11	0	4	452	326	774	0.0	769	78343
d573adfd466d5d3e778a1c9a237bb26c	gi|631253128|ref|NR_114326.1|	99.545	440	2	0	4	443	334	773	0.0	802	1150298
d573adfd466d5d3e778a1c9a237bb26c	gi|2363087259|ref|NR_181885.1|	96.818	440	14	0	4	443	335	774	0.0	737	2885351
d573adfd466d5d3e778a1c9a237bb26c	gi|974142252|ref|NR_134772.1|	96.591	440	15	0	4	443	297	736	0.0	730	1337051
d573adfd466d5d3e778a1c9a237bb26c	gi|343205837|ref|NR_044289.1|	96.364	440	16	0	4	443	328	767	0.0	725	460384
d573adfd466d5d3e778a1c9a237bb26c	gi|3030611230|ref|NR_199906.1|	96.136	440	17	0	4	443	354	793	0.0	719	3123317
d573adfd466d5d3e778a1c9a237bb26c	gi|2363085103|ref|NR_180800.1|	96.136	440	17	0	4	443	347	786	0.0	719	2652274
d573adfd466d5d3e778a1c9a237bb26c	gi|3030611314|ref|NR_199990.1|	96.136	440	17	0	4	443	350	789	0.0	719	3123317
d573adfd466d5d3e778a1c9a237bb26c	gi|1384992331|ref|NR_156080.1|	96.136	440	17	0	4	443	336	775	0.0	719	1469948
d573adfd466d5d3e778a1c9a237bb26c	gi|1384992328|ref|NR_156077.1|	96.136	440	17	0	4	443	336	775	0.0	719	1469948
d573adfd466d5d3e778a1c9a237bb26c	gi|1116030273|ref|NR_144731.1|	96.136	440	17	0	4	443	347	786	0.0	719	1720294
d1b64b7f8b41112f7e36f5f13df32bad	gi|2363082679|ref|NR_179587.1|	95.909	440	18	0	4	443	328	767	0.0	713	1926283
d1b64b7f8b41112f7e36f5f13df32bad	gi|1193829153|ref|NR_147396.1|	95.909	440	18	0	4	443	328	767	0.0	713	1917870
d1b64b7f8b41112f7e36f5f13df32bad	gi|2363081854|ref|NR_179173.1|	95.909	440	18	0	4	443	333	772	0.0	713	2126740
d1b64b7f8b41112f7e36f5f13df32bad	gi|2836274880|ref|NR_197643.1|	95.455	440	20	0	4	443	329	768	0.0	702	2962432
d1b64b7f8b41112f7e36f5f13df32bad	gi|1384992332|ref|NR_156081.1|	95.455	440	20	0	4	443	336	775	0.0	702	1469948
d1b64b7f8b41112f7e36f5f13df32bad	gi|1384992329|ref|NR_156078.1|	95.455	440	20	0	4	443	336	775	0.0	702	1469948
d1b64b7f8b41112f7e36f5f13df32bad	gi|2363080261|ref|NR_178356.1|	95.455	440	20	0	4	443	313	752	0.0	702	558153
d1b64b7f8b41112f7e36f5f13df32bad	gi|310975204|ref|NR_037068.1|	95.455	440	20	0	4	443	341	780	0.0	702	29375
d1b64b7f8b41112f7e36f5f13df32bad	gi|219846508|ref|NR_026100.1|	95.455	440	20	0	4	443	323	762	0.0	702	1286362
d1b64b7f8b41112f7e36f5f13df32bad	gi|343201474|ref|NR_042200.1|	95.455	440	20	0	4	443	318	757	0.0	702	333367
36b84addc140bdd814e1a5ccf47ba605	gi|2363082569|ref|NR_179531.1|	94.595	444	20	4	4	445	347	788	0.0	684	1852369
36b84addc140bdd814e1a5ccf47ba605	gi|2363082168|ref|NR_179330.1|	94.344	442	25	0	4	445	327	768	0.0	678	2714355
36b84addc140bdd814e1a5ccf47ba605	gi|2363082165|ref|NR_179329.1|	94.118	442	26	0	4	445	327	768	0.0	673	2714353
36b84addc140bdd814e1a5ccf47ba605	gi|2363082342|ref|NR_179418.1|	93.679	443	27	1	4	445	348	790	0.0	662	1673721
36b84addc140bdd814e1a5ccf47ba605	gi|645321110|ref|NR_118156.1|	92.360	445	28	5	4	445	304	745	7.54e-180	628	1007096
36b84addc140bdd814e1a5ccf47ba605	gi|1269801610|ref|NR_074793.2|	92.099	443	33	2	4	445	355	796	3.51e-178	623	351091
36b84addc140bdd814e1a5ccf47ba605	gi|343200653|ref|NR_041340.1|	92.099	443	33	2	4	445	328	769	3.51e-178	623	351091
36b84addc140bdd814e1a5ccf47ba605	gi|2260349448|ref|NR_176530.1|	91.685	445	31	5	4	445	358	799	7.59e-175	612	2093857
36b84addc140bdd814e1a5ccf47ba605	gi|2363084741|ref|NR_180619.1|	91.648	443	36	1	4	445	347	789	7.59e-175	612	2779352
36b84addc140bdd814e1a5ccf47ba605	gi|2363082559|ref|NR_179526.1|	91.685	445	31	5	4	445	349	790	7.59e-175	612	1841866
4a8dbc727717a5d0bf535264e2465131	gi|2363085133|ref|NR_180815.1|	99.091	440	4	0	4	443	350	789	0.0	791	2606633
4a8dbc727717a5d0bf535264e2465131	gi|2363083556|ref|NR_180026.1|	99.091	440	4	0	4	443	348	787	0.0	791	2696678
4a8dbc727717a5d0bf535264e2465131	gi|1909404440|ref|NR_170495.1|	98.864	440	5	0	4	443	355	794	0.0	785	2509240
4a8dbc727717a5d0bf535264e2465131	gi|636560687|ref|NR_116747.1|	96.818	440	14	0	4	443	301	740	0.0	736	1298596
4a8dbc727717a5d0bf535264e2465131	gi|2363082059|ref|NR_179276.1|	96.364	440	16	0	4	443	334	773	0.0	725	2316025
4a8dbc727717a5d0bf535264e2465131	gi|974142252|ref|NR_134772.1|	96.364	440	16	0	4	443	297	736	0.0	725	1337051
4a8dbc727717a5d0bf535264e2465131	gi|1384992332|ref|NR_156081.1|	96.136	440	17	0	4	443	336	775	0.0	719	1469948
4a8dbc727717a5d0bf535264e2465131	gi|1384992329|ref|NR_156078.1|	96.136	440	17	0	4	443	336	775	0.0	719	1469948
4a8dbc727717a5d0bf535264e2465131	gi|228719063|ref|NR_027579.1|	95.909	440	18	0	4	443	316	755	0.0	719	471875
4a8dbc727717a5d0bf535264e2465131	gi|2136551628|ref|NR_173632.1|	95.918	441	16	2	4	443	301	740	0.0	713	2068655
690273933fe2af88012507b0a3965fc7	gi|2260349424|ref|NR_176506.1|	100.000	464	0	0	4	467	315	778	0.0	857	1982626
690273933fe2af88012507b0a3965fc7	gi|2260349423|ref|NR_176505.1|	98.922	464	5	0	4	467	314	777	0.0	830	1982628
690273933fe2af88012507b0a3965fc7	gi|631253195|ref|NR_114393.1|	93.534	464	30	0	4	467	326	789	0.0	691	29348
690273933fe2af88012507b0a3965fc7	gi|228720470|ref|NR_027592.1|	93.319	464	31	0	4	467	316	779	0.0	686	29348
690273933fe2af88012507b0a3965fc7	gi|645322231|ref|NR_119030.1|	93.118	465	30	2	4	467	324	787	0.0	680	428126
690273933fe2af88012507b0a3965fc7	gi|645322566|ref|NR_119286.1|	93.118	465	30	2	4	467	313	776	0.0	680	69824
690273933fe2af88012507b0a3965fc7	gi|1109168034|ref|NR_144615.1|	92.735	468	26	7	4	467	316	779	0.0	669	1796628
690273933fe2af88012507b0a3965fc7	gi|343203026|ref|NR_043550.1|	92.457	464	35	0	4	467	327	790	0.0	664	341225
690273933fe2af88012507b0a3965fc7	gi|631252045|ref|NR_113243.1|	92.258	465	34	2	4	467	328	791	0.0	658	1547
690273933fe2af88012507b0a3965fc7	gi|2363083393|ref|NR_179945.1|	92.060	466	33	3	4	467	280	743	0.0	652	2899121
cfe1529ddd26f7e32af521335a5b5e94	gi|631251704|ref|NR_112902.1|	99.140	465	4	0	4	468	427	891	0.0	837	626940
cfe1529ddd26f7e32af521335a5b5e94	gi|219846519|ref|NR_026111.1|	93.133	466	30	2	4	468	339	803	0.0	682	33025
cfe1529ddd26f7e32af521335a5b5e94	gi|2363082047|ref|NR_179270.1|	92.521	468	30	5	4	468	326	791	0.0	669	2654621
cfe1529ddd26f7e32af521335a5b5e94	gi|2363082805|ref|NR_179651.1|	90.129	466	44	2	4	468	350	814	1.34e-172	604	2058289
cfe1529ddd26f7e32af521335a5b5e94	gi|2621112327|ref|NR_189230.1|	90.129	466	44	2	4	468	298	762	1.34e-172	604	2897706
cfe1529ddd26f7e32af521335a5b5e94	gi|2363082609|ref|NR_179551.1|	89.914	466	45	2	4	468	345	809	1.73e-171	601	1871002
cfe1529ddd26f7e32af521335a5b5e94	gi|2363082575|ref|NR_179534.1|	89.722	467	44	4	4	468	345	809	2.90e-169	593	1852375
cfe1529ddd26f7e32af521335a5b5e94	gi|3248465909|ref|NR_201924.1|	89.485	466	47	2	4	468	333	797	3.75e-168	590	3456956
cfe1529ddd26f7e32af521335a5b5e94	gi|265678564|ref|NR_028868.1|	89.056	466	49	2	4	468	328	792	2.92e-164	577	78120
cfe1529ddd26f7e32af521335a5b5e94	gi|343201194|ref|NR_041951.1|	88.478	460	48	4	4	460	321	778	1.77e-156	551	1009370
7f0b9e404aa02860635d2487f41ec3db	gi|444304209|ref|NR_074634.1|	99.545	440	2	0	4	443	350	789	0.0	802	515619
7f0b9e404aa02860635d2487f41ec3db	gi|343198540|ref|NR_042832.1|	98.413	441	6	1	4	443	330	770	0.0	774	301302
7f0b9e404aa02860635d2487f41ec3db	gi|1227086116|ref|NR_148619.1|	97.964	442	7	2	4	443	301	742	0.0	765	1712665
7f0b9e404aa02860635d2487f41ec3db	gi|645320588|ref|NR_117758.1|	97.511	442	9	1	4	443	322	763	0.0	754	166486
7f0b9e404aa02860635d2487f41ec3db	gi|228716944|ref|NR_027557.1|	97.511	442	9	1	4	443	343	784	0.0	754	536231
7f0b9e404aa02860635d2487f41ec3db	gi|444439494|ref|NR_074809.1|	97.506	441	10	1	4	443	350	790	0.0	752	585394
7f0b9e404aa02860635d2487f41ec3db	gi|343201282|ref|NR_042008.1|	97.279	441	10	2	4	443	341	780	0.0	747	585394
7f0b9e404aa02860635d2487f41ec3db	gi|2363085153|ref|NR_180825.1|	97.052	441	12	1	4	443	347	787	0.0	741	2605790
7f0b9e404aa02860635d2487f41ec3db	gi|219846723|ref|NR_026315.1|	97.045	440	13	0	4	443	317	756	0.0	741	46206
7f0b9e404aa02860635d2487f41ec3db	gi|2363086282|ref|NR_181393.1|	96.818	440	14	0	4	443	290	729	0.0	736	2763664
8f8638dfc45ceb45baf5311624750052	gi|645321636|ref|NR_118554.1|	93.454	443	29	0	4	446	329	771	0.0	658	1297617
8f8638dfc45ceb45baf5311624750052	gi|2363082352|ref|NR_179423.1|	93.258	445	26	4	4	446	349	791	0.0	652	1689270
8f8638dfc45ceb45baf5311624750052	gi|2363082326|ref|NR_179410.1|	93.228	443	30	0	4	446	349	791	0.0	652	1650661
8f8638dfc45ceb45baf5311624750052	gi|1109168025|ref|NR_144611.1|	92.777	443	32	0	4	446	282	724	0.0	641	1417852
8f8638dfc45ceb45baf5311624750052	gi|2136551692|ref|NR_173697.1|	92.777	443	31	1	4	446	349	790	0.0	640	2108523
8f8638dfc45ceb45baf5311624750052	gi|3030611324|ref|NR_200000.1|	92.551	443	33	0	4	446	301	743	0.0	636	3342383
8f8638dfc45ceb45baf5311624750052	gi|3030611323|ref|NR_199999.1|	92.551	443	33	0	4	446	301	743	0.0	636	3133422
8f8638dfc45ceb45baf5311624750052	gi|1193829127|ref|NR_147370.1|	92.551	443	33	0	4	446	349	791	0.0	636	1870988
8f8638dfc45ceb45baf5311624750052	gi|2363082358|ref|NR_179426.1|	92.551	443	33	0	4	446	349	791	0.0	636	1702285
8f8638dfc45ceb45baf5311624750052	gi|2363082569|ref|NR_179531.1|	92.551	443	32	1	4	446	347	788	0.0	634	1852369
8262d75b176166ba84c29ec8767348b1	gi|444304209|ref|NR_074634.1|	99.318	440	3	0	4	443	350	789	0.0	797	515619
8262d75b176166ba84c29ec8767348b1	gi|343198540|ref|NR_042832.1|	98.186	441	7	1	4	443	330	770	0.0	769	301302
8262d75b176166ba84c29ec8767348b1	gi|1227086116|ref|NR_148619.1|	97.738	442	8	2	4	443	301	742	0.0	760	1712665
8262d75b176166ba84c29ec8767348b1	gi|645320588|ref|NR_117758.1|	97.285	442	10	1	4	443	322	763	0.0	749	166486
8262d75b176166ba84c29ec8767348b1	gi|228716944|ref|NR_027557.1|	97.285	442	10	1	4	443	343	784	0.0	749	536231
8262d75b176166ba84c29ec8767348b1	gi|444439494|ref|NR_074809.1|	97.279	441	11	1	4	443	350	790	0.0	747	585394
8262d75b176166ba84c29ec8767348b1	gi|343201282|ref|NR_042008.1|	97.052	441	11	2	4	443	341	780	0.0	741	585394
8262d75b176166ba84c29ec8767348b1	gi|2363085153|ref|NR_180825.1|	96.825	441	13	1	4	443	347	787	0.0	736	2605790
8262d75b176166ba84c29ec8767348b1	gi|219846723|ref|NR_026315.1|	96.818	440	14	0	4	443	317	756	0.0	736	46206
8262d75b176166ba84c29ec8767348b1	gi|2363086282|ref|NR_181393.1|	96.591	440	15	0	4	443	290	729	0.0	730	2763664
83b0313c68790fa0b880806d1cb2819a	gi|631251704|ref|NR_112902.1|	99.570	465	2	0	4	468	427	891	0.0	848	626940
83b0313c68790fa0b880806d1cb2819a	gi|219846519|ref|NR_026111.1|	93.562	466	28	2	4	468	339	803	0.0	693	33025
83b0313c68790fa0b880806d1cb2819a	gi|2363082047|ref|NR_179270.1|	92.949	468	28	5	4	468	326	791	0.0	680	2654621
83b0313c68790fa0b880806d1cb2819a	gi|2363082805|ref|NR_179651.1|	90.558	466	42	2	4	468	350	814	6.19e-176	616	2058289
83b0313c68790fa0b880806d1cb2819a	gi|2621112327|ref|NR_189230.1|	90.558	466	42	2	4	468	298	762	6.19e-176	616	2897706
83b0313c68790fa0b880806d1cb2819a	gi|2363082609|ref|NR_179551.1|	90.343	466	43	2	4	468	345	809	8.01e-175	612	1871002
83b0313c68790fa0b880806d1cb2819a	gi|2363082575|ref|NR_179534.1|	90.150	467	42	4	4	468	345	809	1.34e-172	604	1852375
83b0313c68790fa0b880806d1cb2819a	gi|3248465909|ref|NR_201924.1|	89.914	466	45	2	4	468	333	797	1.73e-171	601	3456956
83b0313c68790fa0b880806d1cb2819a	gi|265678564|ref|NR_028868.1|	89.485	466	47	2	4	468	328	792	1.35e-167	588	78120
83b0313c68790fa0b880806d1cb2819a	gi|343201194|ref|NR_041951.1|	88.602	465	48	4	4	465	321	783	2.94e-159	560	1009370
67ae2b19d9c37e2ca71522665e0f654e	gi|2363082569|ref|NR_179531.1|	99.095	442	4	0	4	445	347	788	0.0	795	1852369
67ae2b19d9c37e2ca71522665e0f654e	gi|1269801610|ref|NR_074793.2|	94.344	442	25	0	4	445	355	796	0.0	678	351091
67ae2b19d9c37e2ca71522665e0f654e	gi|343200653|ref|NR_041340.1|	94.344	442	25	0	4	445	328	769	0.0	678	351091
67ae2b19d9c37e2ca71522665e0f654e	gi|2260349448|ref|NR_176530.1|	94.118	442	26	0	4	445	358	799	0.0	673	2093857
67ae2b19d9c37e2ca71522665e0f654e	gi|2363082559|ref|NR_179526.1|	94.118	442	26	0	4	445	349	790	0.0	673	1841866
67ae2b19d9c37e2ca71522665e0f654e	gi|645321110|ref|NR_118156.1|	93.891	442	27	0	4	445	304	745	0.0	667	1007096
67ae2b19d9c37e2ca71522665e0f654e	gi|2962412234|ref|NR_199428.1|	93.213	442	30	0	4	445	352	793	0.0	651	3073143
67ae2b19d9c37e2ca71522665e0f654e	gi|2363082170|ref|NR_179331.1|	93.002	443	30	1	4	445	328	770	0.0	645	2714358
67ae2b19d9c37e2ca71522665e0f654e	gi|2363082168|ref|NR_179330.1|	92.793	444	28	4	4	445	327	768	0.0	640	2714355
67ae2b19d9c37e2ca71522665e0f654e	gi|2363087001|ref|NR_181757.1|	92.568	444	29	4	4	445	289	730	0.0	634	2841504
710d0d16124529acf44dbde8116b16ff	gi|343202572|ref|NR_042930.1|	91.837	441	34	2	4	444	366	804	2.11e-175	614	258515
710d0d16124529acf44dbde8116b16ff	gi|1277396348|ref|NR_152059.1|	90.991	444	35	5	4	444	272	713	2.74e-169	593	1849041
710d0d16124529acf44dbde8116b16ff	gi|2363082561|ref|NR_179527.1|	90.991	444	35	5	4	444	336	777	2.74e-169	593	1841868
710d0d16124529acf44dbde8116b16ff	gi|2363082625|ref|NR_179559.1|	90.724	442	39	2	4	444	333	773	1.28e-167	588	1871018
710d0d16124529acf44dbde8116b16ff	gi|228717037|ref|NR_027558.1|	90.724	442	37	4	4	444	292	730	4.59e-167	586	169435
710d0d16124529acf44dbde8116b16ff	gi|1116030290|ref|NR_144748.1|	90.476	441	40	2	4	444	335	773	2.14e-165	580	2897707
710d0d16124529acf44dbde8116b16ff	gi|2363086276|ref|NR_181390.1|	90.476	441	41	1	4	444	304	743	2.14e-165	580	2763659
710d0d16124529acf44dbde8116b16ff	gi|2363086272|ref|NR_181388.1|	90.519	443	37	5	4	444	388	827	2.14e-165	580	2763658
710d0d16124529acf44dbde8116b16ff	gi|2363082601|ref|NR_179547.1|	90.519	443	37	5	4	444	347	786	2.14e-165	580	1870991
710d0d16124529acf44dbde8116b16ff	gi|1864207164|ref|NR_169458.1|	90.271	442	40	3	4	444	345	784	9.94e-164	575	2164149
e11c1f9249529e0f71499c3dba4d1c16	gi|444304012|ref|NR_074436.1|	98.210	447	8	0	3	449	320	766	0.0	782	239935
e11c1f9249529e0f71499c3dba4d1c16	gi|343202494|ref|NR_042817.1|	98.210	447	8	0	3	449	300	746	0.0	782	349741
e11c1f9249529e0f71499c3dba4d1c16	gi|1315204026|ref|NR_152695.1|	91.778	450	33	3	3	449	299	747	3.54e-178	623	1679444
e11c1f9249529e0f71499c3dba4d1c16	gi|343200983|ref|NR_041670.1|	85.225	467	48	7	3	449	297	762	8.17e-130	462	490092
e11c1f9249529e0f71499c3dba4d1c16	gi|219846674|ref|NR_026266.1|	85.011	467	48	8	3	449	303	767	1.06e-128	459	240016
e11c1f9249529e0f71499c3dba4d1c16	gi|343200984|ref|NR_041671.1|	85.011	467	49	9	3	449	319	784	1.37e-127	455	490093
e11c1f9249529e0f71499c3dba4d1c16	gi|2260349445|ref|NR_176527.1|	84.979	466	49	7	3	449	317	780	4.92e-127	453	2576071
e11c1f9249529e0f71499c3dba4d1c16	gi|343200937|ref|NR_041624.1|	84.829	468	48	9	3	449	320	785	6.36e-126	449	454151
e11c1f9249529e0f71499c3dba4d1c16	gi|343200987|ref|NR_041674.1|	84.582	467	51	9	3	449	318	783	2.96e-124	444	490096
e11c1f9249529e0f71499c3dba4d1c16	gi|566085532|ref|NR_109603.1|	84.368	467	52	9	3	449	280	745	1.38e-122	438	1157309
077c99ba4b969cdd2efb82c1a0384895	gi|444304091|ref|NR_074515.1|	99.130	460	4	0	4	463	350	809	0.0	828	435590
077c99ba4b969cdd2efb82c1a0384895	gi|631251748|ref|NR_112946.1|	99.130	460	4	0	4	463	339	798	0.0	828	821
077c99ba4b969cdd2efb82c1a0384895	gi|631250946|ref|NR_112143.1|	98.913	460	5	0	4	463	307	766	0.0	822	821
077c99ba4b969cdd2efb82c1a0384895	gi|343200664|ref|NR_041351.1|	98.478	460	7	0	4	463	341	800	0.0	811	357276
077c99ba4b969cdd2efb82c1a0384895	gi|631251997|ref|NR_113195.1|	93.913	460	28	0	4	463	338	797	0.0	695	1236515
077c99ba4b969cdd2efb82c1a0384895	gi|631251866|ref|NR_113064.1|	93.696	460	29	0	4	463	338	797	0.0	689	1236538
077c99ba4b969cdd2efb82c1a0384895	gi|631251817|ref|NR_113015.1|	93.696	460	29	0	4	463	338	797	0.0	689	1236538
077c99ba4b969cdd2efb82c1a0384895	gi|645320081|ref|NR_117373.1|	93.696	460	29	0	4	463	289	748	0.0	689	1236515
077c99ba4b969cdd2efb82c1a0384895	gi|2363085522|ref|NR_181010.1|	93.261	460	31	0	4	463	297	756	0.0	678	2786956
077c99ba4b969cdd2efb82c1a0384895	gi|631251874|ref|NR_113072.1|	93.261	460	31	0	4	463	338	797	0.0	678	1236512
a539f2db56a60153d76238ec8bf54156	gi|2363082168|ref|NR_179330.1|	90.745	443	40	1	4	446	327	768	3.57e-168	590	2714355
a539f2db56a60153d76238ec8bf54156	gi|2363082165|ref|NR_179329.1|	90.562	445	37	5	4	446	327	768	1.66e-166	584	2714353
a539f2db56a60153d76238ec8bf54156	gi|343206380|ref|NR_044972.1|	90.315	444	41	2	4	446	331	773	1.66e-166	584	44749
a539f2db56a60153d76238ec8bf54156	gi|2363082342|ref|NR_179418.1|	90.315	444	41	2	4	446	348	790	2.15e-165	580	1673721
a539f2db56a60153d76238ec8bf54156	gi|1109168025|ref|NR_144611.1|	89.842	443	45	0	4	446	282	724	4.65e-162	569	1417852
a539f2db56a60153d76238ec8bf54156	gi|219846512|ref|NR_026104.1|	89.865	444	43	2	4	446	312	754	4.65e-162	569	1121303
a539f2db56a60153d76238ec8bf54156	gi|219857201|ref|NR_024829.1|	89.865	444	43	2	4	446	321	763	4.65e-162	569	253314
a539f2db56a60153d76238ec8bf54156	gi|645321636|ref|NR_118554.1|	89.663	445	42	4	4	446	329	771	2.16e-160	564	1297617
a539f2db56a60153d76238ec8bf54156	gi|444304204|ref|NR_074629.1|	89.640	444	44	2	4	446	341	783	2.16e-160	564	1515
a539f2db56a60153d76238ec8bf54156	gi|631252162|ref|NR_113360.1|	89.640	444	44	2	4	446	339	781	2.16e-160	564	1121303
08dea3c0e024564ca09c3002d707b57b	gi|1269801543|ref|NR_074802.2|	99.555	449	2	0	4	452	341	789	0.0	819	367928
08dea3c0e024564ca09c3002d707b57b	gi|961555015|ref|NR_133982.1|	99.555	449	2	0	4	452	311	759	0.0	819	1680
08dea3c0e024564ca09c3002d707b57b	gi|645321680|ref|NR_118589.1|	99.555	449	2	0	4	452	335	783	0.0	819	1437612
08dea3c0e024564ca09c3002d707b57b	gi|636560686|ref|NR_116746.1|	99.555	449	2	0	4	452	309	757	0.0	819	1437612
08dea3c0e024564ca09c3002d707b57b	gi|310974993|ref|NR_036857.1|	99.332	449	3	0	4	452	248	696	0.0	813	78346
08dea3c0e024564ca09c3002d707b57b	gi|3248465902|ref|NR_201917.1|	98.441	449	5	2	4	452	338	784	0.0	789	3692808
08dea3c0e024564ca09c3002d707b57b	gi|310975253|ref|NR_037117.1|	97.996	449	7	2	4	452	331	777	0.0	778	28026
08dea3c0e024564ca09c3002d707b57b	gi|631251581|ref|NR_112779.1|	97.996	449	7	2	4	452	331	777	0.0	778	1150460
08dea3c0e024564ca09c3002d707b57b	gi|343201160|ref|NR_041875.1|	97.996	449	7	2	4	452	310	756	0.0	778	1686
08dea3c0e024564ca09c3002d707b57b	gi|586661365|ref|NR_036854.2|	97.773	449	10	0	4	452	326	774	0.0	774	78343
1b2faca25640670cecd9c61e89f0f181	gi|2363082282|ref|NR_179388.1|	98.186	441	6	2	4	443	335	774	0.0	769	2935520
1b2faca25640670cecd9c61e89f0f181	gi|2363081451|ref|NR_178972.1|	98.186	441	6	2	4	443	285	724	0.0	769	1851428
1b2faca25640670cecd9c61e89f0f181	gi|265678656|ref|NR_028961.1|	98.182	440	8	0	4	443	327	766	0.0	769	853
1b2faca25640670cecd9c61e89f0f181	gi|2363080123|ref|NR_178280.1|	97.955	440	9	0	4	443	331	770	0.0	763	411483
1b2faca25640670cecd9c61e89f0f181	gi|3030611269|ref|NR_199945.1|	97.727	440	10	0	4	443	335	774	0.0	758	3435293
1b2faca25640670cecd9c61e89f0f181	gi|2363081449|ref|NR_178971.1|	97.727	440	9	1	4	443	285	723	0.0	756	1851427
1b2faca25640670cecd9c61e89f0f181	gi|2363080175|ref|NR_178311.1|	96.136	440	17	0	4	443	412	851	0.0	719	2903556
1b2faca25640670cecd9c61e89f0f181	gi|2363084747|ref|NR_180622.1|	92.744	441	30	2	4	443	335	774	0.0	636	2779354
1b2faca25640670cecd9c61e89f0f181	gi|1397641802|ref|NR_156911.1|	92.517	441	31	2	4	443	351	790	2.09e-180	630	1650663
1b2faca25640670cecd9c61e89f0f181	gi|2363082356|ref|NR_179425.1|	92.273	440	34	0	4	443	351	790	9.71e-179	625	1689304
b30178f6d05a271732f3fa9a707d2a05	gi|2363082165|ref|NR_179329.1|	98.416	442	7	0	4	445	327	768	0.0	778	2714353
b30178f6d05a271732f3fa9a707d2a05	gi|2363082168|ref|NR_179330.1|	98.190	442	8	0	4	445	327	768	0.0	773	2714355
b30178f6d05a271732f3fa9a707d2a05	gi|645321110|ref|NR_118156.1|	93.679	443	26	2	4	445	304	745	0.0	662	1007096
b30178f6d05a271732f3fa9a707d2a05	gi|2962412234|ref|NR_199428.1|	93.454	443	27	2	4	445	352	793	0.0	656	3073143
b30178f6d05a271732f3fa9a707d2a05	gi|1269801610|ref|NR_074793.2|	93.228	443	28	2	4	445	355	796	0.0	651	351091
b30178f6d05a271732f3fa9a707d2a05	gi|343200653|ref|NR_041340.1|	93.228	443	28	2	4	445	328	769	0.0	651	351091
b30178f6d05a271732f3fa9a707d2a05	gi|2363087001|ref|NR_181757.1|	93.034	445	25	6	4	445	289	730	0.0	645	2841504
b30178f6d05a271732f3fa9a707d2a05	gi|2260349448|ref|NR_176530.1|	92.551	443	31	2	4	445	358	799	0.0	634	2093857
b30178f6d05a271732f3fa9a707d2a05	gi|2363082559|ref|NR_179526.1|	92.551	443	31	2	4	445	349	790	0.0	634	1841866
b30178f6d05a271732f3fa9a707d2a05	gi|2363082170|ref|NR_179331.1|	92.551	443	32	1	4	445	328	770	0.0	634	2714358
22006abebb64a1f28f42841a6e784eb4	gi|2363082569|ref|NR_179531.1|	94.820	444	19	4	4	445	347	788	0.0	689	1852369
22006abebb64a1f28f42841a6e784eb4	gi|2363082168|ref|NR_179330.1|	94.570	442	24	0	4	445	327	768	0.0	684	2714355
22006abebb64a1f28f42841a6e784eb4	gi|2363082165|ref|NR_179329.1|	94.344	442	25	0	4	445	327	768	0.0	678	2714353
22006abebb64a1f28f42841a6e784eb4	gi|1109168025|ref|NR_144611.1|	92.777	443	31	1	4	445	282	724	0.0	640	1417852
22006abebb64a1f28f42841a6e784eb4	gi|2136551692|ref|NR_173697.1|	92.534	442	33	0	4	445	349	790	0.0	634	2108523
22006abebb64a1f28f42841a6e784eb4	gi|3030611324|ref|NR_200000.1|	92.551	443	32	1	4	445	301	743	0.0	634	3342383
22006abebb64a1f28f42841a6e784eb4	gi|645321110|ref|NR_118156.1|	92.584	445	27	5	4	445	304	745	0.0	634	1007096
22006abebb64a1f28f42841a6e784eb4	gi|1269801610|ref|NR_074793.2|	92.325	443	32	2	4	445	355	796	7.54e-180	628	351091
22006abebb64a1f28f42841a6e784eb4	gi|343200653|ref|NR_041340.1|	92.325	443	32	2	4	445	328	769	7.54e-180	628	351091
22006abebb64a1f28f42841a6e784eb4	gi|2363082342|ref|NR_179418.1|	92.099	443	34	1	4	445	348	790	3.51e-178	623	1673721
6b418b441d8b039b521486d206d9af42	gi|631251704|ref|NR_112902.1|	99.570	465	2	0	4	468	427	891	0.0	848	626940
6b418b441d8b039b521486d206d9af42	gi|219846519|ref|NR_026111.1|	93.562	466	28	2	4	468	339	803	0.0	693	33025
6b418b441d8b039b521486d206d9af42	gi|2363082047|ref|NR_179270.1|	92.949	468	28	5	4	468	326	791	0.0	680	2654621
6b418b441d8b039b521486d206d9af42	gi|2363082805|ref|NR_179651.1|	90.558	466	42	2	4	468	350	814	6.19e-176	616	2058289
6b418b441d8b039b521486d206d9af42	gi|2621112327|ref|NR_189230.1|	90.558	466	42	2	4	468	298	762	6.19e-176	616	2897706
6b418b441d8b039b521486d206d9af42	gi|2363082609|ref|NR_179551.1|	90.343	466	43	2	4	468	345	809	8.01e-175	612	1871002
6b418b441d8b039b521486d206d9af42	gi|2363082575|ref|NR_179534.1|	90.150	467	42	4	4	468	345	809	1.34e-172	604	1852375
6b418b441d8b039b521486d206d9af42	gi|3248465909|ref|NR_201924.1|	89.914	466	45	2	4	468	333	797	1.73e-171	601	3456956
6b418b441d8b039b521486d206d9af42	gi|265678564|ref|NR_028868.1|	89.485	466	47	2	4	468	328	792	1.35e-167	588	78120
6b418b441d8b039b521486d206d9af42	gi|343201194|ref|NR_041951.1|	88.913	460	46	4	4	460	321	778	8.18e-160	562	1009370
b3e68c66b4c8f00b8568a39de7838e5a	gi|2363082168|ref|NR_179330.1|	90.745	443	40	1	4	446	327	768	3.57e-168	590	2714355
b3e68c66b4c8f00b8568a39de7838e5a	gi|2363082165|ref|NR_179329.1|	90.562	445	37	5	4	446	327	768	1.66e-166	584	2714353
b3e68c66b4c8f00b8568a39de7838e5a	gi|2363082342|ref|NR_179418.1|	90.315	444	41	2	4	446	348	790	2.15e-165	580	1673721
b3e68c66b4c8f00b8568a39de7838e5a	gi|343206380|ref|NR_044972.1|	89.865	444	43	2	4	446	331	773	3.59e-163	573	44749
b3e68c66b4c8f00b8568a39de7838e5a	gi|1109168025|ref|NR_144611.1|	89.842	443	45	0	4	446	282	724	4.65e-162	569	1417852
b3e68c66b4c8f00b8568a39de7838e5a	gi|444304204|ref|NR_074629.1|	89.865	444	43	2	4	446	341	783	4.65e-162	569	1515
b3e68c66b4c8f00b8568a39de7838e5a	gi|631251959|ref|NR_113157.1|	89.865	444	43	2	4	446	341	783	4.65e-162	569	1515
b3e68c66b4c8f00b8568a39de7838e5a	gi|645321636|ref|NR_118554.1|	89.663	445	42	4	4	446	329	771	2.16e-160	564	1297617
b3e68c66b4c8f00b8568a39de7838e5a	gi|219857201|ref|NR_024829.1|	89.640	444	44	2	4	446	321	763	2.16e-160	564	253314
b3e68c66b4c8f00b8568a39de7838e5a	gi|3030611324|ref|NR_200000.1|	89.414	444	45	2	4	446	301	743	1.01e-158	558	3342383
bc04d1893ae7e8b2af177054c4cc824d	gi|2363082569|ref|NR_179531.1|	94.820	444	19	4	4	445	347	788	0.0	689	1852369
bc04d1893ae7e8b2af177054c4cc824d	gi|2363082168|ref|NR_179330.1|	94.570	442	24	0	4	445	327	768	0.0	684	2714355
bc04d1893ae7e8b2af177054c4cc824d	gi|2363082165|ref|NR_179329.1|	94.344	442	25	0	4	445	327	768	0.0	678	2714353
bc04d1893ae7e8b2af177054c4cc824d	gi|2363082342|ref|NR_179418.1|	93.905	443	26	1	4	445	348	790	0.0	667	1673721
bc04d1893ae7e8b2af177054c4cc824d	gi|645321110|ref|NR_118156.1|	92.584	445	27	5	4	445	304	745	0.0	634	1007096
bc04d1893ae7e8b2af177054c4cc824d	gi|1269801610|ref|NR_074793.2|	92.325	443	32	2	4	445	355	796	7.54e-180	628	351091
bc04d1893ae7e8b2af177054c4cc824d	gi|343200653|ref|NR_041340.1|	92.325	443	32	2	4	445	328	769	7.54e-180	628	351091
bc04d1893ae7e8b2af177054c4cc824d	gi|2260349448|ref|NR_176530.1|	91.910	445	30	5	4	445	358	799	1.63e-176	617	2093857
bc04d1893ae7e8b2af177054c4cc824d	gi|2363084741|ref|NR_180619.1|	91.874	443	35	1	4	445	347	789	1.63e-176	617	2779352
bc04d1893ae7e8b2af177054c4cc824d	gi|2363082559|ref|NR_179526.1|	91.910	445	30	5	4	445	349	790	1.63e-176	617	1841866
a240f2420b621854c7b7d345d3ee6139	gi|444303910|ref|NR_074333.1|	91.461	445	33	5	4	446	323	764	3.54e-173	606	663278
a240f2420b621854c7b7d345d3ee6139	gi|343202504|ref|NR_042828.1|	91.461	445	33	5	4	446	323	764	3.54e-173	606	663278
a240f2420b621854c7b7d345d3ee6139	gi|636559250|ref|NR_115307.1|	91.461	445	33	5	4	446	323	764	3.54e-173	606	663278
a240f2420b621854c7b7d345d3ee6139	gi|2962412223|ref|NR_199417.1|	89.842	443	42	1	4	446	342	781	6.01e-161	566	3136601
a240f2420b621854c7b7d345d3ee6139	gi|3248465687|ref|NR_201701.1|	89.640	444	44	2	4	446	330	772	2.16e-160	564	3435187
a240f2420b621854c7b7d345d3ee6139	gi|3248465688|ref|NR_201702.1|	89.640	444	44	2	4	446	328	770	2.16e-160	564	3435000
a240f2420b621854c7b7d345d3ee6139	gi|265679005|ref|NR_029313.1|	89.686	446	39	7	4	446	360	801	2.16e-160	564	52787
a240f2420b621854c7b7d345d3ee6139	gi|265679007|ref|NR_029315.1|	89.686	446	39	7	4	446	362	803	2.16e-160	564	52786
a240f2420b621854c7b7d345d3ee6139	gi|2363082585|ref|NR_179539.1|	89.640	444	40	4	4	446	351	789	2.80e-159	560	1852384
a240f2420b621854c7b7d345d3ee6139	gi|343199130|ref|NR_044624.1|	89.414	444	45	2	4	446	327	769	1.01e-158	558	29343
8bc6760bb32b369a6c7d56fabec4e908	gi|631251869|ref|NR_113067.1|	98.696	460	6	0	4	463	325	784	0.0	817	1077285
8bc6760bb32b369a6c7d56fabec4e908	gi|645320100|ref|NR_117387.1|	98.696	460	6	0	4	463	320	779	0.0	817	1077285
8bc6760bb32b369a6c7d56fabec4e908	gi|444303855|ref|NR_074277.1|	98.482	461	5	2	4	463	352	811	0.0	811	818
8bc6760bb32b369a6c7d56fabec4e908	gi|631252008|ref|NR_113206.1|	98.478	460	7	0	4	463	336	795	0.0	811	1236513
8bc6760bb32b369a6c7d56fabec4e908	gi|631251746|ref|NR_112944.1|	98.482	461	5	2	4	463	324	783	0.0	811	818
8bc6760bb32b369a6c7d56fabec4e908	gi|2363084421|ref|NR_180458.1|	98.261	460	8	0	4	463	340	799	0.0	806	2650157
8bc6760bb32b369a6c7d56fabec4e908	gi|631251749|ref|NR_112947.1|	97.826	460	10	0	4	463	326	785	0.0	797	657309
8bc6760bb32b369a6c7d56fabec4e908	gi|2363084431|ref|NR_180463.1|	97.826	460	10	0	4	463	340	799	0.0	795	2650158
8bc6760bb32b369a6c7d56fabec4e908	gi|343201773|ref|NR_042499.1|	97.826	460	10	0	4	463	294	753	0.0	795	657309
8bc6760bb32b369a6c7d56fabec4e908	gi|631251733|ref|NR_112931.1|	97.609	460	11	0	4	463	340	799	0.0	789	85831
a137e95e20912ee963673f2c83b6d062	gi|2363082282|ref|NR_179388.1|	98.864	440	5	0	4	443	335	774	0.0	785	2935520
a137e95e20912ee963673f2c83b6d062	gi|2363081451|ref|NR_178972.1|	98.182	440	8	0	4	443	285	724	0.0	769	1851428
a137e95e20912ee963673f2c83b6d062	gi|265678656|ref|NR_028961.1|	97.727	440	10	0	4	443	327	766	0.0	758	853
a137e95e20912ee963673f2c83b6d062	gi|2363080123|ref|NR_178280.1|	97.506	441	9	2	4	443	331	770	0.0	752	411483
a137e95e20912ee963673f2c83b6d062	gi|3030611269|ref|NR_199945.1|	97.279	441	10	2	4	443	335	774	0.0	747	3435293
a137e95e20912ee963673f2c83b6d062	gi|2363081449|ref|NR_178971.1|	97.052	441	10	3	4	443	285	723	0.0	739	1851427
a137e95e20912ee963673f2c83b6d062	gi|2363080175|ref|NR_178311.1|	95.692	441	17	2	4	443	412	851	0.0	708	2903556
a137e95e20912ee963673f2c83b6d062	gi|2363084747|ref|NR_180622.1|	92.955	440	31	0	4	443	335	774	0.0	641	2779354
a137e95e20912ee963673f2c83b6d062	gi|1397641802|ref|NR_156911.1|	92.517	441	31	2	4	443	351	790	2.09e-180	630	1650663
a137e95e20912ee963673f2c83b6d062	gi|559795255|ref|NR_104846.1|	92.500	440	33	0	4	443	288	727	2.09e-180	630	745368
11e79c1954b7d89b9600811f25688311	gi|559795314|ref|NR_104907.1|	92.534	442	32	1	4	445	315	755	0.0	632	290054
11e79c1954b7d89b9600811f25688311	gi|2136551683|ref|NR_173688.1|	91.176	442	37	2	4	445	321	760	5.91e-171	599	2780922
11e79c1954b7d89b9600811f25688311	gi|444303976|ref|NR_074399.1|	90.724	442	39	1	4	445	333	772	1.28e-167	588	697329
11e79c1954b7d89b9600811f25688311	gi|631251834|ref|NR_113032.1|	90.724	442	39	1	4	445	333	772	1.28e-167	588	1264
11e79c1954b7d89b9600811f25688311	gi|636559173|ref|NR_115230.1|	90.724	442	39	1	4	445	333	772	1.28e-167	588	697329
11e79c1954b7d89b9600811f25688311	gi|219846339|ref|NR_025929.1|	90.724	442	39	1	4	445	328	767	1.28e-167	588	697329
11e79c1954b7d89b9600811f25688311	gi|1277396348|ref|NR_152059.1|	90.541	444	38	4	4	445	272	713	1.66e-166	584	1849041
11e79c1954b7d89b9600811f25688311	gi|2363082561|ref|NR_179527.1|	90.541	444	38	4	4	445	336	777	1.66e-166	584	1841868
11e79c1954b7d89b9600811f25688311	gi|2363082601|ref|NR_179547.1|	90.293	443	39	4	4	445	347	786	2.77e-164	577	1870991
11e79c1954b7d89b9600811f25688311	gi|2136551692|ref|NR_173697.1|	90.045	442	44	0	4	445	349	790	3.58e-163	573	2108523
e5e80e568f62b4e80ed937af0ab873e2	gi|645320614|ref|NR_117778.1|	99.140	465	4	0	4	468	293	757	0.0	837	40545
e5e80e568f62b4e80ed937af0ab873e2	gi|559795260|ref|NR_104851.1|	99.140	465	4	0	4	468	282	746	0.0	837	40545
e5e80e568f62b4e80ed937af0ab873e2	gi|1864207054|ref|NR_169348.1|	97.634	465	11	0	4	468	319	783	0.0	798	2584944
e5e80e568f62b4e80ed937af0ab873e2	gi|2363082713|ref|NR_179604.1|	97.634	465	11	0	4	468	310	774	0.0	798	1944635
e5e80e568f62b4e80ed937af0ab873e2	gi|219878461|ref|NR_025600.1|	93.991	466	26	2	4	468	302	766	0.0	704	234908
e5e80e568f62b4e80ed937af0ab873e2	gi|2363082045|ref|NR_179269.1|	93.777	466	27	2	4	468	320	784	0.0	699	2494234
e5e80e568f62b4e80ed937af0ab873e2	gi|1193829159|ref|NR_147402.1|	93.118	465	32	0	4	468	332	796	0.0	682	1907660
e5e80e568f62b4e80ed937af0ab873e2	gi|2136551693|ref|NR_173698.1|	92.521	468	29	4	4	468	318	782	0.0	665	2259133
e5e80e568f62b4e80ed937af0ab873e2	gi|2363082296|ref|NR_179395.1|	92.505	467	31	3	4	468	330	794	0.0	665	1506471
e5e80e568f62b4e80ed937af0ab873e2	gi|566084840|ref|NR_108217.1|	90.851	470	33	10	4	468	285	749	1.33e-177	621	551988
832008d79ffea00c06fd7576cfafa8c4	gi|1237079451|ref|NR_029239.3|	98.182	440	8	0	4	443	306	745	0.0	769	29356
832008d79ffea00c06fd7576cfafa8c4	gi|631251823|ref|NR_113021.1|	97.500	440	11	0	4	443	331	770	0.0	752	29363
832008d79ffea00c06fd7576cfafa8c4	gi|219846543|ref|NR_026135.1|	97.500	440	10	1	4	443	324	762	0.0	750	29363
832008d79ffea00c06fd7576cfafa8c4	gi|1269847389|ref|NR_041006.2|	97.273	440	12	0	4	443	340	779	0.0	747	29369
832008d79ffea00c06fd7576cfafa8c4	gi|1269801278|ref|NR_112226.2|	97.273	440	12	0	4	443	340	779	0.0	747	29369
832008d79ffea00c06fd7576cfafa8c4	gi|265678659|ref|NR_028964.1|	97.273	440	12	0	4	443	313	752	0.0	747	29373
832008d79ffea00c06fd7576cfafa8c4	gi|645322234|ref|NR_119032.1|	97.273	440	11	1	4	443	332	770	0.0	745	29363
832008d79ffea00c06fd7576cfafa8c4	gi|265678921|ref|NR_029229.1|	96.818	440	14	0	4	443	334	773	0.0	736	1561
832008d79ffea00c06fd7576cfafa8c4	gi|631252046|ref|NR_113244.1|	96.591	440	15	0	4	443	331	770	0.0	730	1492
832008d79ffea00c06fd7576cfafa8c4	gi|343201418|ref|NR_042144.1|	96.591	440	15	0	4	443	321	760	0.0	730	1492
8a75d809765f0b1c639fd021c61d2aa6	gi|2363082168|ref|NR_179330.1|	98.416	442	7	0	4	445	327	768	0.0	778	2714355
8a75d809765f0b1c639fd021c61d2aa6	gi|2363082165|ref|NR_179329.1|	98.190	442	8	0	4	445	327	768	0.0	773	2714353
8a75d809765f0b1c639fd021c61d2aa6	gi|2260349448|ref|NR_176530.1|	93.679	443	26	2	4	445	358	799	0.0	662	2093857
8a75d809765f0b1c639fd021c61d2aa6	gi|2363082559|ref|NR_179526.1|	93.679	443	26	2	4	445	349	790	0.0	662	1841866
8a75d809765f0b1c639fd021c61d2aa6	gi|645321110|ref|NR_118156.1|	93.454	443	27	2	4	445	304	745	0.0	656	1007096
8a75d809765f0b1c639fd021c61d2aa6	gi|2962412234|ref|NR_199428.1|	93.228	443	28	2	4	445	352	793	0.0	651	3073143
8a75d809765f0b1c639fd021c61d2aa6	gi|2363082170|ref|NR_179331.1|	93.002	443	30	1	4	445	328	770	0.0	645	2714358
8a75d809765f0b1c639fd021c61d2aa6	gi|2363087001|ref|NR_181757.1|	92.809	445	26	6	4	445	289	730	0.0	640	2841504
8a75d809765f0b1c639fd021c61d2aa6	gi|2363084741|ref|NR_180619.1|	92.793	444	29	3	4	445	347	789	0.0	640	2779352
8a75d809765f0b1c639fd021c61d2aa6	gi|1109168025|ref|NR_144611.1|	92.809	445	27	3	4	445	282	724	0.0	640	1417852
f3b7f533a9e28bdabcf06fe1b76898cd	gi|219846341|ref|NR_025931.1|	98.413	441	5	2	4	443	308	747	0.0	774	1265
f3b7f533a9e28bdabcf06fe1b76898cd	gi|507148077|ref|NR_102884.1|	95.465	441	18	2	4	443	331	770	0.0	702	213810
f3b7f533a9e28bdabcf06fe1b76898cd	gi|265678854|ref|NR_029160.1|	95.249	442	17	4	4	443	293	732	0.0	697	40519
f3b7f533a9e28bdabcf06fe1b76898cd	gi|636558832|ref|NR_114889.1|	94.785	441	20	3	4	443	277	715	0.0	684	213810
f3b7f533a9e28bdabcf06fe1b76898cd	gi|3248465644|ref|NR_201656.1|	93.878	441	25	2	4	443	329	768	0.0	664	3417633
f3b7f533a9e28bdabcf06fe1b76898cd	gi|1864207164|ref|NR_169458.1|	93.636	440	28	0	4	443	345	784	0.0	658	2164149
f3b7f533a9e28bdabcf06fe1b76898cd	gi|3248465648|ref|NR_201660.1|	93.454	443	23	5	4	443	319	758	0.0	652	3417630
f3b7f533a9e28bdabcf06fe1b76898cd	gi|2363082601|ref|NR_179547.1|	92.500	440	33	0	4	443	347	786	2.09e-180	630	1870991
f3b7f533a9e28bdabcf06fe1b76898cd	gi|444303976|ref|NR_074399.1|	92.273	440	34	0	4	443	333	772	9.71e-179	625	697329
f3b7f533a9e28bdabcf06fe1b76898cd	gi|631251834|ref|NR_113032.1|	92.273	440	34	0	4	443	333	772	9.71e-179	625	1264
931fb5bf8eb6b704e85602ac64305059	gi|2363080123|ref|NR_178280.1|	99.091	440	4	0	4	443	331	770	0.0	791	411483
931fb5bf8eb6b704e85602ac64305059	gi|3030611269|ref|NR_199945.1|	98.864	440	5	0	4	443	335	774	0.0	785	3435293
931fb5bf8eb6b704e85602ac64305059	gi|2363081449|ref|NR_178971.1|	98.864	440	4	1	4	443	285	723	0.0	784	1851427
931fb5bf8eb6b704e85602ac64305059	gi|265678656|ref|NR_028961.1|	98.409	440	7	0	4	443	327	766	0.0	774	853
931fb5bf8eb6b704e85602ac64305059	gi|2363081451|ref|NR_178972.1|	98.182	440	8	0	4	443	285	724	0.0	769	1851428
931fb5bf8eb6b704e85602ac64305059	gi|2363082282|ref|NR_179388.1|	97.506	441	9	2	4	443	335	774	0.0	752	2935520
931fb5bf8eb6b704e85602ac64305059	gi|2363080175|ref|NR_178311.1|	96.818	440	14	0	4	443	412	851	0.0	736	2903556
931fb5bf8eb6b704e85602ac64305059	gi|2363084747|ref|NR_180622.1|	93.651	441	26	2	4	443	335	774	0.0	658	2779354
931fb5bf8eb6b704e85602ac64305059	gi|559795255|ref|NR_104846.1|	93.409	440	29	0	4	443	288	727	0.0	652	745368
931fb5bf8eb6b704e85602ac64305059	gi|1277396189|ref|NR_151900.1|	92.955	440	31	0	4	443	351	790	0.0	641	1550024
d68a77f6e7a4399999b27109603827be	gi|1109168025|ref|NR_144611.1|	92.551	443	33	0	4	446	282	724	0.0	636	1417852
d68a77f6e7a4399999b27109603827be	gi|2363082168|ref|NR_179330.1|	92.568	444	30	3	4	446	327	768	0.0	634	2714355
d68a77f6e7a4399999b27109603827be	gi|2363082165|ref|NR_179329.1|	92.342	444	31	3	4	446	327	768	7.56e-180	628	2714353
d68a77f6e7a4399999b27109603827be	gi|343206380|ref|NR_044972.1|	91.892	444	34	2	4	446	331	773	3.52e-178	623	44749
d68a77f6e7a4399999b27109603827be	gi|3030611324|ref|NR_200000.1|	91.216	444	37	2	4	446	301	743	4.58e-172	603	3342383
d68a77f6e7a4399999b27109603827be	gi|2363082342|ref|NR_179418.1|	91.216	444	37	2	4	446	348	790	4.58e-172	603	1673721
d68a77f6e7a4399999b27109603827be	gi|219857437|ref|NR_025025.1|	90.991	444	36	4	4	446	332	772	1.65e-171	601	100176
d68a77f6e7a4399999b27109603827be	gi|2363082352|ref|NR_179423.1|	91.031	446	34	6	4	446	349	791	2.13e-170	597	1689270
d68a77f6e7a4399999b27109603827be	gi|645321636|ref|NR_118554.1|	91.011	445	36	4	4	446	329	771	2.13e-170	597	1297617
d68a77f6e7a4399999b27109603827be	gi|2363083800|ref|NR_180148.1|	90.541	444	40	2	4	446	349	791	4.61e-167	586	2211183
a02ca87de386657836140581d6b86bf3	gi|2363082165|ref|NR_179329.1|	98.869	442	5	0	4	445	327	768	0.0	789	2714353
a02ca87de386657836140581d6b86bf3	gi|2363082168|ref|NR_179330.1|	98.643	442	6	0	4	445	327	768	0.0	784	2714355
a02ca87de386657836140581d6b86bf3	gi|645321110|ref|NR_118156.1|	94.131	443	24	2	4	445	304	745	0.0	673	1007096
a02ca87de386657836140581d6b86bf3	gi|2962412234|ref|NR_199428.1|	93.905	443	25	2	4	445	352	793	0.0	667	3073143
a02ca87de386657836140581d6b86bf3	gi|1269801610|ref|NR_074793.2|	93.679	443	26	2	4	445	355	796	0.0	662	351091
a02ca87de386657836140581d6b86bf3	gi|343200653|ref|NR_041340.1|	93.679	443	26	2	4	445	328	769	0.0	662	351091
a02ca87de386657836140581d6b86bf3	gi|2363087001|ref|NR_181757.1|	93.483	445	23	6	4	445	289	730	0.0	656	2841504
a02ca87de386657836140581d6b86bf3	gi|2260349448|ref|NR_176530.1|	93.002	443	29	2	4	445	358	799	0.0	645	2093857
a02ca87de386657836140581d6b86bf3	gi|2363082559|ref|NR_179526.1|	93.002	443	29	2	4	445	349	790	0.0	645	1841866
a02ca87de386657836140581d6b86bf3	gi|2363082170|ref|NR_179331.1|	93.002	443	30	1	4	445	328	770	0.0	645	2714358
a0543589ec586699785a9ca760d02865	gi|672238876|ref|NR_125464.1|	88.914	442	48	1	4	444	325	766	2.80e-154	544	1297424
a0543589ec586699785a9ca760d02865	gi|2363084629|ref|NR_180563.1|	88.688	442	49	1	4	444	291	732	1.30e-152	538	2488810
a0543589ec586699785a9ca760d02865	gi|219846510|ref|NR_026102.1|	88.688	442	49	1	4	444	313	754	1.30e-152	538	588581
a0543589ec586699785a9ca760d02865	gi|785794309|ref|NG_041947.1|	88.488	443	49	2	4	444	469	911	1.69e-151	534	394503
a0543589ec586699785a9ca760d02865	gi|785497611|ref|NR_102768.2|	88.488	443	49	2	4	444	330	772	1.69e-151	534	1521
a0543589ec586699785a9ca760d02865	gi|645319803|ref|NR_117165.1|	88.462	442	50	1	4	444	476	917	6.07e-151	532	48256
a0543589ec586699785a9ca760d02865	gi|645319802|ref|NR_117164.1|	88.462	442	50	1	4	444	476	917	6.07e-151	532	48256
a0543589ec586699785a9ca760d02865	gi|645319800|ref|NR_117163.1|	88.462	442	50	1	4	444	445	886	6.07e-151	532	48256
a0543589ec586699785a9ca760d02865	gi|645319799|ref|NR_117162.1|	88.462	442	50	1	4	444	472	913	6.07e-151	532	48256
a0543589ec586699785a9ca760d02865	gi|3030611263|ref|NR_199939.1|	88.462	442	48	3	4	444	332	771	2.18e-150	531	3074434
1e970a5b9c1b9df13f092836b0cd477e	gi|2260349424|ref|NR_176506.1|	99.353	464	3	0	4	467	315	778	0.0	841	1982626
1e970a5b9c1b9df13f092836b0cd477e	gi|2260349423|ref|NR_176505.1|	98.276	464	8	0	4	467	314	777	0.0	813	1982628
1e970a5b9c1b9df13f092836b0cd477e	gi|631253195|ref|NR_114393.1|	92.888	464	33	0	4	467	326	789	0.0	675	29348
1e970a5b9c1b9df13f092836b0cd477e	gi|228720470|ref|NR_027592.1|	92.672	464	34	0	4	467	316	779	0.0	669	29348
1e970a5b9c1b9df13f092836b0cd477e	gi|645322231|ref|NR_119030.1|	92.473	465	33	2	4	467	324	787	0.0	664	428126
1e970a5b9c1b9df13f092836b0cd477e	gi|645322566|ref|NR_119286.1|	92.473	465	33	2	4	467	313	776	0.0	664	69824
1e970a5b9c1b9df13f092836b0cd477e	gi|1109168034|ref|NR_144615.1|	92.094	468	29	7	4	467	316	779	0.0	652	1796628
1e970a5b9c1b9df13f092836b0cd477e	gi|343203026|ref|NR_043550.1|	91.810	464	38	0	4	467	327	790	0.0	647	341225
1e970a5b9c1b9df13f092836b0cd477e	gi|631252045|ref|NR_113243.1|	91.613	465	37	2	4	467	328	791	0.0	641	1547
1e970a5b9c1b9df13f092836b0cd477e	gi|2363083393|ref|NR_179945.1|	91.416	466	36	3	4	467	280	743	0.0	636	2899121
7402c1081cc0d927a98dfdb6f31dfeb4	gi|631251875|ref|NR_113073.1|	98.696	460	6	0	4	463	329	788	0.0	817	487174
7402c1081cc0d927a98dfdb6f31dfeb4	gi|343200981|ref|NR_041668.1|	98.696	460	6	0	4	463	321	780	0.0	817	742726
7402c1081cc0d927a98dfdb6f31dfeb4	gi|1270532346|ref|NR_121773.2|	96.746	461	13	2	4	463	348	807	0.0	767	397865
7402c1081cc0d927a98dfdb6f31dfeb4	gi|343200821|ref|NR_041508.1|	96.529	461	13	3	4	463	325	783	0.0	760	397865
7402c1081cc0d927a98dfdb6f31dfeb4	gi|1146059151|ref|NR_145883.1|	90.065	463	40	6	4	463	284	743	7.98e-170	595	1501392
7402c1081cc0d927a98dfdb6f31dfeb4	gi|2136551682|ref|NR_173687.1|	90.065	463	40	6	4	463	325	784	7.98e-170	595	2751153
7402c1081cc0d927a98dfdb6f31dfeb4	gi|1116030267|ref|NR_144725.1|	89.633	463	42	6	4	463	337	796	3.71e-168	590	1686296
7402c1081cc0d927a98dfdb6f31dfeb4	gi|1909404453|ref|NR_170508.1|	88.286	461	51	3	4	463	352	810	6.30e-156	549	2518971
7402c1081cc0d927a98dfdb6f31dfeb4	gi|2363083455|ref|NR_179976.1|	88.172	465	44	10	4	463	289	747	2.93e-154	544	2094151
7402c1081cc0d927a98dfdb6f31dfeb4	gi|2363084938|ref|NR_180717.1|	87.852	461	54	2	4	463	259	718	3.79e-153	540	2601703
9599ad883e9f0dd5fa32b78cd8f8007c	gi|2363082569|ref|NR_179531.1|	94.369	444	21	4	4	445	347	788	0.0	678	1852369
9599ad883e9f0dd5fa32b78cd8f8007c	gi|2363082168|ref|NR_179330.1|	94.344	442	25	0	4	445	327	768	0.0	678	2714355
9599ad883e9f0dd5fa32b78cd8f8007c	gi|2363082165|ref|NR_179329.1|	94.118	442	26	0	4	445	327	768	0.0	673	2714353
9599ad883e9f0dd5fa32b78cd8f8007c	gi|2363082342|ref|NR_179418.1|	93.454	443	28	1	4	445	348	790	0.0	656	1673721
9599ad883e9f0dd5fa32b78cd8f8007c	gi|645321110|ref|NR_118156.1|	92.360	445	28	5	4	445	304	745	7.54e-180	628	1007096
9599ad883e9f0dd5fa32b78cd8f8007c	gi|1269801610|ref|NR_074793.2|	92.099	443	33	2	4	445	355	796	3.51e-178	623	351091
9599ad883e9f0dd5fa32b78cd8f8007c	gi|343200653|ref|NR_041340.1|	92.099	443	33	2	4	445	328	769	3.51e-178	623	351091
9599ad883e9f0dd5fa32b78cd8f8007c	gi|2260349448|ref|NR_176530.1|	91.461	445	32	5	4	445	358	799	3.53e-173	606	2093857
9599ad883e9f0dd5fa32b78cd8f8007c	gi|2136551692|ref|NR_173697.1|	91.403	442	38	0	4	445	349	790	3.53e-173	606	2108523
9599ad883e9f0dd5fa32b78cd8f8007c	gi|2363084741|ref|NR_180619.1|	91.422	443	37	1	4	445	347	789	3.53e-173	606	2779352
09d90f93990801268b2470ab365d2390	gi|2363082569|ref|NR_179531.1|	94.144	444	22	4	4	445	347	788	0.0	673	1852369
09d90f93990801268b2470ab365d2390	gi|2363082168|ref|NR_179330.1|	94.118	442	26	0	4	445	327	768	0.0	673	2714355
09d90f93990801268b2470ab365d2390	gi|2363082165|ref|NR_179329.1|	93.891	442	27	0	4	445	327	768	0.0	667	2714353
09d90f93990801268b2470ab365d2390	gi|2363082342|ref|NR_179418.1|	93.228	443	29	1	4	445	348	790	0.0	651	1673721
09d90f93990801268b2470ab365d2390	gi|645321110|ref|NR_118156.1|	92.135	445	29	5	4	445	304	745	3.51e-178	623	1007096
09d90f93990801268b2470ab365d2390	gi|1269801610|ref|NR_074793.2|	91.874	443	34	2	4	445	355	796	1.63e-176	617	351091
09d90f93990801268b2470ab365d2390	gi|343200653|ref|NR_041340.1|	91.874	443	34	2	4	445	328	769	1.63e-176	617	351091
09d90f93990801268b2470ab365d2390	gi|2260349448|ref|NR_176530.1|	91.236	445	33	5	4	445	358	799	1.64e-171	601	2093857
09d90f93990801268b2470ab365d2390	gi|2136551692|ref|NR_173697.1|	91.176	442	39	0	4	445	349	790	1.64e-171	601	2108523
09d90f93990801268b2470ab365d2390	gi|2363084741|ref|NR_180619.1|	91.196	443	38	1	4	445	347	789	1.64e-171	601	2779352
b968a40a9b1ff870d2c58932bce7f8cf	gi|3030611230|ref|NR_199906.1|	97.955	440	9	0	4	443	354	793	0.0	763	3123317
b968a40a9b1ff870d2c58932bce7f8cf	gi|3030611314|ref|NR_199990.1|	97.955	440	9	0	4	443	350	789	0.0	763	3123317
b968a40a9b1ff870d2c58932bce7f8cf	gi|1384992331|ref|NR_156080.1|	97.955	440	9	0	4	443	336	775	0.0	763	1469948
b968a40a9b1ff870d2c58932bce7f8cf	gi|1384992328|ref|NR_156077.1|	97.955	440	9	0	4	443	336	775	0.0	763	1469948
b968a40a9b1ff870d2c58932bce7f8cf	gi|1384992332|ref|NR_156081.1|	97.727	440	10	0	4	443	336	775	0.0	758	1469948
b968a40a9b1ff870d2c58932bce7f8cf	gi|1384992329|ref|NR_156078.1|	97.727	440	10	0	4	443	336	775	0.0	758	1469948
b968a40a9b1ff870d2c58932bce7f8cf	gi|343201474|ref|NR_042200.1|	97.045	440	13	0	4	443	318	757	0.0	741	333367
b968a40a9b1ff870d2c58932bce7f8cf	gi|1193829153|ref|NR_147396.1|	96.825	441	12	2	4	443	328	767	0.0	736	1917870
b968a40a9b1ff870d2c58932bce7f8cf	gi|974142252|ref|NR_134772.1|	96.818	440	14	0	4	443	297	736	0.0	736	1337051
b968a40a9b1ff870d2c58932bce7f8cf	gi|343205837|ref|NR_044289.1|	96.818	440	14	0	4	443	328	767	0.0	736	460384
b3cdbc821298d38770fbda3331d04338	gi|310975253|ref|NR_037117.1|	99.329	447	3	0	4	450	331	777	0.0	809	28026
b3cdbc821298d38770fbda3331d04338	gi|631251581|ref|NR_112779.1|	99.329	447	3	0	4	450	331	777	0.0	809	1150460
b3cdbc821298d38770fbda3331d04338	gi|343201160|ref|NR_041875.1|	99.329	447	3	0	4	450	310	756	0.0	809	1686
b3cdbc821298d38770fbda3331d04338	gi|3248465902|ref|NR_201917.1|	98.881	447	5	0	4	450	338	784	0.0	798	3692808
b3cdbc821298d38770fbda3331d04338	gi|310974989|ref|NR_036853.1|	98.434	447	7	0	4	450	330	776	0.0	787	1683
b3cdbc821298d38770fbda3331d04338	gi|2363087083|ref|NR_181797.1|	97.991	448	7	2	4	450	250	696	0.0	776	2834432
b3cdbc821298d38770fbda3331d04338	gi|636559583|ref|NR_115643.1|	97.991	448	7	2	4	450	248	694	0.0	776	78345
b3cdbc821298d38770fbda3331d04338	gi|1269801543|ref|NR_074802.2|	97.773	449	8	2	4	450	341	789	0.0	773	367928
b3cdbc821298d38770fbda3331d04338	gi|961555015|ref|NR_133982.1|	97.773	449	8	2	4	450	311	759	0.0	773	1680
b3cdbc821298d38770fbda3331d04338	gi|645321680|ref|NR_118589.1|	97.773	449	8	2	4	450	335	783	0.0	773	1437612
8aa40b699c3db8264644169ce2c72eea	gi|343201281|ref|NR_042007.1|	99.548	442	2	0	4	445	343	784	0.0	806	622312
8aa40b699c3db8264644169ce2c72eea	gi|645320588|ref|NR_117758.1|	97.748	444	6	4	4	445	322	763	0.0	761	166486
8aa40b699c3db8264644169ce2c72eea	gi|228716944|ref|NR_027557.1|	97.748	444	6	4	4	445	343	784	0.0	761	536231
8aa40b699c3db8264644169ce2c72eea	gi|343198540|ref|NR_042832.1|	97.748	444	5	5	4	445	330	770	0.0	760	301302
8aa40b699c3db8264644169ce2c72eea	gi|444439494|ref|NR_074809.1|	97.297	444	7	5	4	445	350	790	0.0	749	585394
8aa40b699c3db8264644169ce2c72eea	gi|1227086116|ref|NR_148619.1|	97.079	445	7	6	4	445	301	742	0.0	745	1712665
8aa40b699c3db8264644169ce2c72eea	gi|343201282|ref|NR_042008.1|	97.072	444	7	6	4	445	341	780	0.0	743	585394
8aa40b699c3db8264644169ce2c72eea	gi|444304209|ref|NR_074634.1|	96.622	444	9	5	4	445	350	789	0.0	732	515619
8aa40b699c3db8264644169ce2c72eea	gi|2363086282|ref|NR_181393.1|	96.622	444	9	5	4	445	290	729	0.0	732	2763664
8aa40b699c3db8264644169ce2c72eea	gi|2363085153|ref|NR_180825.1|	95.946	444	13	5	4	445	347	787	0.0	715	2605790
0afcb6f768ecbec890b5a54accfee498	gi|2363082168|ref|NR_179330.1|	97.964	442	9	0	4	445	327	768	0.0	767	2714355
0afcb6f768ecbec890b5a54accfee498	gi|2363082165|ref|NR_179329.1|	97.738	442	10	0	4	445	327	768	0.0	761	2714353
0afcb6f768ecbec890b5a54accfee498	gi|1269801610|ref|NR_074793.2|	93.679	443	26	2	4	445	355	796	0.0	662	351091
0afcb6f768ecbec890b5a54accfee498	gi|645321110|ref|NR_118156.1|	93.679	443	26	2	4	445	304	745	0.0	662	1007096
0afcb6f768ecbec890b5a54accfee498	gi|343200653|ref|NR_041340.1|	93.679	443	26	2	4	445	328	769	0.0	662	351091
0afcb6f768ecbec890b5a54accfee498	gi|2962412234|ref|NR_199428.1|	93.228	443	28	2	4	445	352	793	0.0	651	3073143
0afcb6f768ecbec890b5a54accfee498	gi|2363087001|ref|NR_181757.1|	93.018	444	27	4	4	445	289	730	0.0	645	2841504
0afcb6f768ecbec890b5a54accfee498	gi|2260349448|ref|NR_176530.1|	92.325	443	32	2	4	445	358	799	7.54e-180	628	2093857
0afcb6f768ecbec890b5a54accfee498	gi|2363082559|ref|NR_179526.1|	92.325	443	32	2	4	445	349	790	7.54e-180	628	1841866
0afcb6f768ecbec890b5a54accfee498	gi|1109168025|ref|NR_144611.1|	92.360	445	29	3	4	445	282	724	7.54e-180	628	1417852
0031f35b8c97e81dd8e2234c2dd6bd1e	gi|631251704|ref|NR_112902.1|	99.570	465	2	0	4	468	427	891	0.0	848	626940
0031f35b8c97e81dd8e2234c2dd6bd1e	gi|219846519|ref|NR_026111.1|	93.562	466	28	2	4	468	339	803	0.0	693	33025
0031f35b8c97e81dd8e2234c2dd6bd1e	gi|2363082047|ref|NR_179270.1|	92.949	468	28	5	4	468	326	791	0.0	680	2654621
0031f35b8c97e81dd8e2234c2dd6bd1e	gi|2363082805|ref|NR_179651.1|	90.558	466	42	2	4	468	350	814	6.19e-176	616	2058289
0031f35b8c97e81dd8e2234c2dd6bd1e	gi|2621112327|ref|NR_189230.1|	90.558	466	42	2	4	468	298	762	6.19e-176	616	2897706
0031f35b8c97e81dd8e2234c2dd6bd1e	gi|2363082609|ref|NR_179551.1|	90.343	466	43	2	4	468	345	809	8.01e-175	612	1871002
0031f35b8c97e81dd8e2234c2dd6bd1e	gi|2363082575|ref|NR_179534.1|	90.150	467	42	4	4	468	345	809	1.34e-172	604	1852375
0031f35b8c97e81dd8e2234c2dd6bd1e	gi|3248465909|ref|NR_201924.1|	89.914	466	45	2	4	468	333	797	1.73e-171	601	3456956
0031f35b8c97e81dd8e2234c2dd6bd1e	gi|265678564|ref|NR_028868.1|	89.485	466	47	2	4	468	328	792	1.35e-167	588	78120
0031f35b8c97e81dd8e2234c2dd6bd1e	gi|343201194|ref|NR_041951.1|	88.602	465	48	4	4	465	321	783	2.94e-159	560	1009370
dd940a76c918ed22b6cdae4b76889b6f	gi|1109168025|ref|NR_144611.1|	92.551	443	33	0	4	446	282	724	0.0	636	1417852
dd940a76c918ed22b6cdae4b76889b6f	gi|2363082168|ref|NR_179330.1|	92.568	444	30	3	4	446	327	768	0.0	634	2714355
dd940a76c918ed22b6cdae4b76889b6f	gi|2363082165|ref|NR_179329.1|	92.342	444	31	3	4	446	327	768	7.56e-180	628	2714353
dd940a76c918ed22b6cdae4b76889b6f	gi|343206380|ref|NR_044972.1|	91.892	444	34	2	4	446	331	773	3.52e-178	623	44749
dd940a76c918ed22b6cdae4b76889b6f	gi|3030611324|ref|NR_200000.1|	91.216	444	37	2	4	446	301	743	4.58e-172	603	3342383
dd940a76c918ed22b6cdae4b76889b6f	gi|2363082342|ref|NR_179418.1|	91.216	444	37	2	4	446	348	790	4.58e-172	603	1673721
dd940a76c918ed22b6cdae4b76889b6f	gi|219857437|ref|NR_025025.1|	90.991	444	36	4	4	446	332	772	1.65e-171	601	100176
dd940a76c918ed22b6cdae4b76889b6f	gi|2363082352|ref|NR_179423.1|	91.031	446	34	6	4	446	349	791	2.13e-170	597	1689270
dd940a76c918ed22b6cdae4b76889b6f	gi|645321636|ref|NR_118554.1|	91.011	445	36	4	4	446	329	771	2.13e-170	597	1297617
dd940a76c918ed22b6cdae4b76889b6f	gi|2363083800|ref|NR_180148.1|	90.541	444	40	2	4	446	349	791	4.61e-167	586	2211183
ed7cc3d344f23535d16f82e5f47d3264	gi|2260349424|ref|NR_176506.1|	99.353	464	3	0	4	467	315	778	0.0	841	1982626
ed7cc3d344f23535d16f82e5f47d3264	gi|2260349423|ref|NR_176505.1|	98.276	464	8	0	4	467	314	777	0.0	813	1982628
ed7cc3d344f23535d16f82e5f47d3264	gi|631253195|ref|NR_114393.1|	92.888	464	33	0	4	467	326	789	0.0	675	29348
ed7cc3d344f23535d16f82e5f47d3264	gi|228720470|ref|NR_027592.1|	92.672	464	34	0	4	467	316	779	0.0	669	29348
ed7cc3d344f23535d16f82e5f47d3264	gi|645322231|ref|NR_119030.1|	92.473	465	33	2	4	467	324	787	0.0	664	428126
ed7cc3d344f23535d16f82e5f47d3264	gi|645322566|ref|NR_119286.1|	92.473	465	33	2	4	467	313	776	0.0	664	69824
ed7cc3d344f23535d16f82e5f47d3264	gi|1109168034|ref|NR_144615.1|	92.094	468	29	7	4	467	316	779	0.0	652	1796628
ed7cc3d344f23535d16f82e5f47d3264	gi|343203026|ref|NR_043550.1|	91.810	464	38	0	4	467	327	790	0.0	647	341225
ed7cc3d344f23535d16f82e5f47d3264	gi|631252045|ref|NR_113243.1|	91.613	465	37	2	4	467	328	791	0.0	641	1547
ed7cc3d344f23535d16f82e5f47d3264	gi|2363083393|ref|NR_179945.1|	91.416	466	36	3	4	467	280	743	0.0	636	2899121
bec238ee59beb311d6d15248af14732f	gi|2363082679|ref|NR_179587.1|	98.182	440	8	0	4	443	328	767	0.0	769	1926283
bec238ee59beb311d6d15248af14732f	gi|2363081854|ref|NR_179173.1|	98.182	440	8	0	4	443	333	772	0.0	769	2126740
bec238ee59beb311d6d15248af14732f	gi|2363086280|ref|NR_181392.1|	96.380	442	14	1	4	443	324	765	0.0	726	2763665
bec238ee59beb311d6d15248af14732f	gi|2363085169|ref|NR_180833.1|	95.909	440	18	0	4	443	337	776	0.0	713	2606635
bec238ee59beb311d6d15248af14732f	gi|1384992332|ref|NR_156081.1|	95.909	440	18	0	4	443	336	775	0.0	713	1469948
bec238ee59beb311d6d15248af14732f	gi|1384992329|ref|NR_156078.1|	95.909	440	18	0	4	443	336	775	0.0	713	1469948
bec238ee59beb311d6d15248af14732f	gi|2962412221|ref|NR_199415.1|	95.909	440	18	0	4	443	338	777	0.0	713	3136600
bec238ee59beb311d6d15248af14732f	gi|2363085097|ref|NR_180797.1|	95.909	440	18	0	4	443	346	785	0.0	713	2605778
bec238ee59beb311d6d15248af14732f	gi|3030611230|ref|NR_199906.1|	95.682	440	19	0	4	443	354	793	0.0	708	3123317
bec238ee59beb311d6d15248af14732f	gi|2363085332|ref|NR_180914.1|	95.682	440	19	0	4	443	328	767	0.0	708	2696063
fb6e7fea931fc29eab1801251959a21c	gi|645321791|ref|NR_118675.1|	98.409	440	7	0	4	443	339	778	0.0	782	39492
fb6e7fea931fc29eab1801251959a21c	gi|1277396348|ref|NR_152059.1|	89.462	446	37	9	4	443	272	713	1.29e-157	555	1849041
fb6e7fea931fc29eab1801251959a21c	gi|2363082561|ref|NR_179527.1|	89.462	446	37	9	4	443	336	777	1.29e-157	555	1841868
fb6e7fea931fc29eab1801251959a21c	gi|343202572|ref|NR_042930.1|	89.342	441	44	3	4	443	366	804	1.67e-156	551	258515
fb6e7fea931fc29eab1801251959a21c	gi|1445136071|ref|NR_158111.1|	89.165	443	41	7	4	443	349	787	7.78e-155	545	2038680
fb6e7fea931fc29eab1801251959a21c	gi|2363082585|ref|NR_179539.1|	89.140	442	43	5	4	443	351	789	7.78e-155	545	1852384
fb6e7fea931fc29eab1801251959a21c	gi|3248465644|ref|NR_201656.1|	88.889	441	47	2	4	443	329	768	1.01e-153	542	3417633
fb6e7fea931fc29eab1801251959a21c	gi|2363082755|ref|NR_179626.1|	88.914	442	44	5	4	443	351	789	3.62e-153	540	1987501
fb6e7fea931fc29eab1801251959a21c	gi|265678854|ref|NR_029160.1|	88.636	440	50	0	4	443	293	732	4.68e-152	536	40519
fb6e7fea931fc29eab1801251959a21c	gi|1116030290|ref|NR_144748.1|	88.688	442	45	5	4	443	335	773	1.68e-151	534	2897707
bcb12e3b0a6ac043206abbc00aff4885	gi|2363082168|ref|NR_179330.1|	99.321	442	3	0	4	445	327	768	0.0	800	2714355
bcb12e3b0a6ac043206abbc00aff4885	gi|2363082165|ref|NR_179329.1|	98.643	442	6	0	4	445	327	768	0.0	784	2714353
bcb12e3b0a6ac043206abbc00aff4885	gi|645321110|ref|NR_118156.1|	94.357	443	23	2	4	445	304	745	0.0	678	1007096
bcb12e3b0a6ac043206abbc00aff4885	gi|2962412234|ref|NR_199428.1|	94.131	443	24	2	4	445	352	793	0.0	673	3073143
bcb12e3b0a6ac043206abbc00aff4885	gi|2363087001|ref|NR_181757.1|	93.708	445	22	6	4	445	289	730	0.0	662	2841504
bcb12e3b0a6ac043206abbc00aff4885	gi|1109168025|ref|NR_144611.1|	93.708	445	23	3	4	445	282	724	0.0	662	1417852
bcb12e3b0a6ac043206abbc00aff4885	gi|1269801610|ref|NR_074793.2|	93.454	443	27	2	4	445	355	796	0.0	656	351091
bcb12e3b0a6ac043206abbc00aff4885	gi|343200653|ref|NR_041340.1|	93.454	443	27	2	4	445	328	769	0.0	656	351091
bcb12e3b0a6ac043206abbc00aff4885	gi|2260349448|ref|NR_176530.1|	93.228	443	28	2	4	445	358	799	0.0	651	2093857
bcb12e3b0a6ac043206abbc00aff4885	gi|2136551692|ref|NR_173697.1|	93.213	442	30	0	4	445	349	790	0.0	651	2108523
6147d662b9d3ffe6f2ce2e2e8ca12acb	gi|2363082342|ref|NR_179418.1|	90.315	444	41	2	4	446	348	790	2.15e-165	580	1673721
6147d662b9d3ffe6f2ce2e2e8ca12acb	gi|645321636|ref|NR_118554.1|	89.189	444	46	2	4	446	329	771	4.68e-157	553	1297617
6147d662b9d3ffe6f2ce2e2e8ca12acb	gi|1109168025|ref|NR_144611.1|	88.514	444	49	2	4	446	282	724	4.71e-152	536	1417852
6147d662b9d3ffe6f2ce2e2e8ca12acb	gi|2136551692|ref|NR_173697.1|	88.514	444	48	3	4	446	349	790	1.70e-151	534	2108523
6147d662b9d3ffe6f2ce2e2e8ca12acb	gi|2363084741|ref|NR_180619.1|	88.262	443	52	0	4	446	347	789	2.19e-150	531	2779352
6147d662b9d3ffe6f2ce2e2e8ca12acb	gi|2363082326|ref|NR_179410.1|	88.288	444	50	2	4	446	349	791	2.19e-150	531	1650661
6147d662b9d3ffe6f2ce2e2e8ca12acb	gi|1193829132|ref|NR_147375.1|	88.341	446	43	9	4	446	347	786	2.84e-149	527	1870986
6147d662b9d3ffe6f2ce2e2e8ca12acb	gi|3030611324|ref|NR_200000.1|	88.063	444	51	2	4	446	301	743	1.02e-148	525	3342383
6147d662b9d3ffe6f2ce2e2e8ca12acb	gi|2363082358|ref|NR_179426.1|	88.090	445	49	4	4	446	349	791	1.02e-148	525	1702285
6147d662b9d3ffe6f2ce2e2e8ca12acb	gi|2363082168|ref|NR_179330.1|	88.090	445	48	3	4	446	327	768	3.67e-148	523	2714355
02d7c85c346e159c9ae9b816c24da4ef	gi|1277396183|ref|NR_151894.1|	94.545	440	24	0	4	443	335	774	0.0	680	433293
02d7c85c346e159c9ae9b816c24da4ef	gi|1277396381|ref|NR_152095.1|	94.318	440	25	0	4	443	348	787	0.0	675	1679721
02d7c85c346e159c9ae9b816c24da4ef	gi|631252121|ref|NR_113319.1|	94.318	440	25	0	4	443	350	789	0.0	675	645466
02d7c85c346e159c9ae9b816c24da4ef	gi|219846511|ref|NR_026103.1|	94.318	440	25	0	4	443	316	755	0.0	675	37658
02d7c85c346e159c9ae9b816c24da4ef	gi|636560803|ref|NR_116863.1|	94.104	441	25	1	4	443	337	777	0.0	669	645466
02d7c85c346e159c9ae9b816c24da4ef	gi|645322302|ref|NR_119085.1|	94.091	440	24	2	4	443	347	784	0.0	667	29364
02d7c85c346e159c9ae9b816c24da4ef	gi|3030611230|ref|NR_199906.1|	93.864	440	27	0	4	443	354	793	0.0	664	3123317
02d7c85c346e159c9ae9b816c24da4ef	gi|3030611314|ref|NR_199990.1|	93.864	440	27	0	4	443	350	789	0.0	664	3123317
02d7c85c346e159c9ae9b816c24da4ef	gi|2363081778|ref|NR_179135.1|	93.878	441	26	1	4	443	330	770	0.0	664	2025494
02d7c85c346e159c9ae9b816c24da4ef	gi|1384992332|ref|NR_156081.1|	93.864	440	27	0	4	443	336	775	0.0	664	1469948
8d705aafa522ebd040c2ecc952b12f14	gi|444439587|ref|NR_074902.1|	99.140	465	4	0	5	469	341	805	0.0	837	585054
8d705aafa522ebd040c2ecc952b12f14	gi|631252881|ref|NR_114079.1|	99.140	465	4	0	5	469	314	778	0.0	837	564
8d705aafa522ebd040c2ecc952b12f14	gi|559795236|ref|NR_104826.1|	99.140	465	4	0	5	469	321	785	0.0	837	624
8d705aafa522ebd040c2ecc952b12f14	gi|631251361|ref|NR_112558.1|	99.140	465	4	0	5	469	174	638	0.0	837	562
8d705aafa522ebd040c2ecc952b12f14	gi|228716249|ref|NR_027549.1|	99.140	465	4	0	5	469	307	771	0.0	837	585054
8d705aafa522ebd040c2ecc952b12f14	gi|219846739|ref|NR_026331.1|	99.140	465	4	0	5	469	322	786	0.0	837	623
8d705aafa522ebd040c2ecc952b12f14	gi|645322332|ref|NR_119109.1|	98.932	468	4	1	3	469	324	791	0.0	835	566
8d705aafa522ebd040c2ecc952b12f14	gi|631252844|ref|NR_114042.1|	98.925	465	5	0	5	469	314	778	0.0	833	562
8d705aafa522ebd040c2ecc952b12f14	gi|219722938|ref|NR_024570.1|	98.925	465	5	0	5	469	332	796	0.0	833	562
8d705aafa522ebd040c2ecc952b12f14	gi|1018196593|ref|NR_136472.1|	98.925	465	5	0	5	469	334	798	0.0	832	1499973
5778c136629a2cd5d48d2d710fb8500a	gi|2363082342|ref|NR_179418.1|	92.551	443	32	1	4	445	348	790	0.0	634	1673721
5778c136629a2cd5d48d2d710fb8500a	gi|3030611324|ref|NR_200000.1|	92.325	443	33	1	4	445	301	743	7.54e-180	628	3342383
5778c136629a2cd5d48d2d710fb8500a	gi|1109168025|ref|NR_144611.1|	92.325	443	33	1	4	445	282	724	7.54e-180	628	1417852
5778c136629a2cd5d48d2d710fb8500a	gi|2363082569|ref|NR_179531.1|	91.892	444	32	4	4	445	347	788	1.63e-176	617	1852369
5778c136629a2cd5d48d2d710fb8500a	gi|2363082352|ref|NR_179423.1|	91.874	443	35	1	4	445	349	791	1.63e-176	617	1689270
5778c136629a2cd5d48d2d710fb8500a	gi|2363082168|ref|NR_179330.1|	91.648	443	35	2	4	445	327	768	7.59e-175	612	2714355
5778c136629a2cd5d48d2d710fb8500a	gi|2363083800|ref|NR_180148.1|	91.422	443	37	1	4	445	349	791	3.53e-173	606	2211183
5778c136629a2cd5d48d2d710fb8500a	gi|2363082165|ref|NR_179329.1|	91.422	443	36	2	4	445	327	768	3.53e-173	606	2714353
5778c136629a2cd5d48d2d710fb8500a	gi|645321636|ref|NR_118554.1|	91.422	443	37	1	4	445	329	771	3.53e-173	606	1297617
5778c136629a2cd5d48d2d710fb8500a	gi|219846612|ref|NR_026204.1|	91.216	444	36	3	4	445	328	770	4.57e-172	603	47246
a9d2abc8aaec2eba60977724662ebecc	gi|219857122|ref|NR_024750.1|	98.866	441	4	1	4	443	300	740	0.0	787	116085
a9d2abc8aaec2eba60977724662ebecc	gi|2363080283|ref|NR_178367.1|	95.455	440	20	0	4	443	328	767	0.0	702	673271
a9d2abc8aaec2eba60977724662ebecc	gi|219878251|ref|NR_025390.1|	95.000	440	22	0	4	443	330	769	0.0	691	115544
a9d2abc8aaec2eba60977724662ebecc	gi|1040567056|ref|NR_137405.1|	94.773	440	23	0	4	443	307	746	0.0	686	1619234
a9d2abc8aaec2eba60977724662ebecc	gi|1109168027|ref|NR_144612.1|	94.545	440	24	0	4	443	350	789	0.0	680	1796636
a9d2abc8aaec2eba60977724662ebecc	gi|3248465643|ref|NR_201655.1|	94.344	442	21	4	4	443	313	752	0.0	675	3380807
a9d2abc8aaec2eba60977724662ebecc	gi|3030611230|ref|NR_199906.1|	94.318	440	25	0	4	443	354	793	0.0	675	3123317
a9d2abc8aaec2eba60977724662ebecc	gi|3030611314|ref|NR_199990.1|	94.318	440	25	0	4	443	350	789	0.0	675	3123317
a9d2abc8aaec2eba60977724662ebecc	gi|2136551567|ref|NR_173570.1|	94.344	442	21	4	4	443	330	769	0.0	675	1912090
a9d2abc8aaec2eba60977724662ebecc	gi|1384992332|ref|NR_156081.1|	94.318	440	25	0	4	443	336	775	0.0	675	1469948
e7da9fd6aabbbcf1d68452b16a3182c2	gi|672239006|ref|NR_125595.1|	98.866	441	5	0	4	444	198	638	0.0	787	1034345
e7da9fd6aabbbcf1d68452b16a3182c2	gi|2363084435|ref|NR_180465.1|	98.420	443	4	2	4	444	318	759	0.0	776	2509433
e7da9fd6aabbbcf1d68452b16a3182c2	gi|1109168021|ref|NR_144609.1|	92.325	443	30	4	4	444	319	759	2.71e-179	627	1796610
e7da9fd6aabbbcf1d68452b16a3182c2	gi|2363081735|ref|NR_179114.1|	92.152	446	25	9	4	444	265	705	1.26e-177	621	2070686
e7da9fd6aabbbcf1d68452b16a3182c2	gi|636559808|ref|NR_115868.1|	92.099	443	31	4	4	444	331	771	1.26e-177	621	1235794
e7da9fd6aabbbcf1d68452b16a3182c2	gi|2836274973|ref|NR_197736.1|	92.117	444	27	7	4	444	335	773	4.53e-177	619	3111451
e7da9fd6aabbbcf1d68452b16a3182c2	gi|343202351|ref|NR_042637.1|	91.874	443	30	5	4	444	282	720	2.11e-175	614	580026
e7da9fd6aabbbcf1d68452b16a3182c2	gi|2621112326|ref|NR_189229.1|	91.667	444	30	7	4	444	290	729	9.80e-174	608	2897351
e7da9fd6aabbbcf1d68452b16a3182c2	gi|2463901826|ref|NR_184618.1|	91.441	444	30	7	4	444	331	769	4.56e-172	603	2734634
e7da9fd6aabbbcf1d68452b16a3182c2	gi|659364522|ref|NR_121696.1|	91.480	446	26	11	4	444	331	769	4.56e-172	603	446660
bb3839193c56851608fc3175bbcc0644	gi|343200677|ref|NR_041364.1|	97.391	460	12	0	4	463	337	796	0.0	784	1002367
bb3839193c56851608fc3175bbcc0644	gi|2363080041|ref|NR_178237.1|	93.506	462	26	4	4	463	330	789	0.0	684	2801997
bb3839193c56851608fc3175bbcc0644	gi|631251924|ref|NR_113122.1|	93.275	461	29	2	4	463	339	798	0.0	678	185294
bb3839193c56851608fc3175bbcc0644	gi|219857187|ref|NR_024815.1|	93.074	462	28	4	4	463	339	798	0.0	673	228603
bb3839193c56851608fc3175bbcc0644	gi|343200237|ref|NR_040924.1|	92.842	461	30	3	4	463	319	777	0.0	665	185294
bb3839193c56851608fc3175bbcc0644	gi|631251920|ref|NR_113118.1|	92.641	462	30	4	4	463	328	787	0.0	662	28135
bb3839193c56851608fc3175bbcc0644	gi|2363082394|ref|NR_179444.1|	92.191	461	34	2	4	463	342	801	0.0	651	1776388
bb3839193c56851608fc3175bbcc0644	gi|631251919|ref|NR_113117.1|	92.191	461	34	2	4	463	344	803	0.0	651	873533
bb3839193c56851608fc3175bbcc0644	gi|631251911|ref|NR_113109.1|	92.225	463	30	6	4	463	325	784	0.0	651	840
bb3839193c56851608fc3175bbcc0644	gi|631251910|ref|NR_113108.1|	92.225	463	30	6	4	463	339	798	0.0	651	840
57b5bc98bfb7c1817e60dae8024ebd28	gi|265678656|ref|NR_028961.1|	98.864	440	5	0	4	443	327	766	0.0	785	853
57b5bc98bfb7c1817e60dae8024ebd28	gi|2363081451|ref|NR_178972.1|	98.636	440	6	0	4	443	285	724	0.0	780	1851428
57b5bc98bfb7c1817e60dae8024ebd28	gi|2363080123|ref|NR_178280.1|	98.636	440	6	0	4	443	331	770	0.0	780	411483
57b5bc98bfb7c1817e60dae8024ebd28	gi|3030611269|ref|NR_199945.1|	98.409	440	7	0	4	443	335	774	0.0	774	3435293
57b5bc98bfb7c1817e60dae8024ebd28	gi|2363081449|ref|NR_178971.1|	98.182	440	7	1	4	443	285	723	0.0	767	1851427
57b5bc98bfb7c1817e60dae8024ebd28	gi|2363082282|ref|NR_179388.1|	97.959	441	7	2	4	443	335	774	0.0	763	2935520
57b5bc98bfb7c1817e60dae8024ebd28	gi|2363080175|ref|NR_178311.1|	96.364	440	16	0	4	443	412	851	0.0	725	2903556
57b5bc98bfb7c1817e60dae8024ebd28	gi|1397641802|ref|NR_156911.1|	92.273	440	34	0	4	443	351	790	9.71e-179	625	1650663
57b5bc98bfb7c1817e60dae8024ebd28	gi|2363084747|ref|NR_180622.1|	92.290	441	32	2	4	443	335	774	9.71e-179	625	2779354
57b5bc98bfb7c1817e60dae8024ebd28	gi|2363082356|ref|NR_179425.1|	92.273	440	34	0	4	443	351	790	9.71e-179	625	1689304
00d8feb872b28f22dc15e5efe610fef4	gi|631251734|ref|NR_112932.1|	99.130	460	4	0	4	463	328	787	0.0	828	47678
00d8feb872b28f22dc15e5efe610fef4	gi|219846650|ref|NR_026242.1|	99.130	460	4	0	4	463	318	777	0.0	828	47678
00d8feb872b28f22dc15e5efe610fef4	gi|631251869|ref|NR_113067.1|	97.391	460	12	0	4	463	325	784	0.0	784	1077285
00d8feb872b28f22dc15e5efe610fef4	gi|343200626|ref|NR_041313.1|	97.391	460	12	0	4	463	340	799	0.0	784	338188
00d8feb872b28f22dc15e5efe610fef4	gi|645320100|ref|NR_117387.1|	97.174	460	13	0	4	463	320	779	0.0	778	1077285
00d8feb872b28f22dc15e5efe610fef4	gi|631251749|ref|NR_112947.1|	96.957	460	14	0	4	463	326	785	0.0	774	657309
00d8feb872b28f22dc15e5efe610fef4	gi|2363084431|ref|NR_180463.1|	96.957	460	14	0	4	463	340	799	0.0	773	2650158
00d8feb872b28f22dc15e5efe610fef4	gi|2363084421|ref|NR_180458.1|	96.957	460	14	0	4	463	340	799	0.0	773	2650157
00d8feb872b28f22dc15e5efe610fef4	gi|343201773|ref|NR_042499.1|	96.957	460	14	0	4	463	294	753	0.0	773	657309
00d8feb872b28f22dc15e5efe610fef4	gi|343200620|ref|NR_041307.1|	96.957	460	14	0	4	463	334	793	0.0	773	329854
46bdf38700ef4296fcdb911f58cf6162	gi|265678578|ref|NR_028883.1|	99.546	441	1	1	4	443	226	666	0.0	802	88431
46bdf38700ef4296fcdb911f58cf6162	gi|1397641798|ref|NR_156907.1|	97.059	442	9	4	4	443	348	787	0.0	741	1912855
46bdf38700ef4296fcdb911f58cf6162	gi|265678482|ref|NR_028785.1|	97.052	441	11	2	4	443	351	790	0.0	741	29347
46bdf38700ef4296fcdb911f58cf6162	gi|1109168023|ref|NR_144610.1|	96.825	441	12	2	4	443	339	778	0.0	736	1796622
46bdf38700ef4296fcdb911f58cf6162	gi|645322565|ref|NR_119285.1|	96.825	441	12	2	4	443	325	764	0.0	736	29347
46bdf38700ef4296fcdb911f58cf6162	gi|631250892|ref|NR_112089.1|	96.833	442	10	4	4	443	336	775	0.0	736	553973
46bdf38700ef4296fcdb911f58cf6162	gi|310974936|ref|NR_036800.1|	96.825	441	12	2	4	443	326	765	0.0	736	411470
46bdf38700ef4296fcdb911f58cf6162	gi|645321810|ref|NR_118690.1|	96.825	441	12	2	4	443	338	777	0.0	736	411470
46bdf38700ef4296fcdb911f58cf6162	gi|224581401|ref|NR_024719.1|	96.833	442	9	5	4	443	341	779	0.0	734	89153
46bdf38700ef4296fcdb911f58cf6162	gi|2363082765|ref|NR_179631.1|	96.591	440	15	0	4	443	348	787	0.0	730	2014528
8c1e27839a600e741b7aed694f919a21	gi|939733298|ref|NR_133025.1|	98.913	460	5	0	4	463	275	734	0.0	822	2585118
8c1e27839a600e741b7aed694f919a21	gi|631251954|ref|NR_113152.1|	94.783	460	24	0	4	463	337	796	0.0	717	28117
8c1e27839a600e741b7aed694f919a21	gi|2363082099|ref|NR_179296.1|	94.348	460	26	0	4	463	324	783	0.0	706	2585119
8c1e27839a600e741b7aed694f919a21	gi|672239000|ref|NR_125589.1|	94.360	461	24	2	4	463	269	728	0.0	706	1033731
8c1e27839a600e741b7aed694f919a21	gi|2363086959|ref|NR_181736.1|	94.143	461	25	2	4	463	334	793	0.0	701	2834113
8c1e27839a600e741b7aed694f919a21	gi|507148054|ref|NR_102861.1|	94.143	461	25	2	4	463	334	793	0.0	701	717959
8c1e27839a600e741b7aed694f919a21	gi|645321193|ref|NR_118219.1|	94.143	461	25	2	4	463	332	791	0.0	701	1033732
8c1e27839a600e741b7aed694f919a21	gi|343202834|ref|NR_043319.1|	93.926	461	26	2	4	463	323	782	0.0	697	717959
8c1e27839a600e741b7aed694f919a21	gi|631251955|ref|NR_113153.1|	93.926	461	26	2	4	463	334	793	0.0	695	328814
8c1e27839a600e741b7aed694f919a21	gi|2363082505|ref|NR_179499.1|	93.521	463	24	6	4	463	342	801	0.0	684	2364787
4424edb58c2c491e45be0dd49fea6192	gi|3030611269|ref|NR_199945.1|	96.591	440	15	0	4	443	335	774	0.0	730	3435293
4424edb58c2c491e45be0dd49fea6192	gi|265678656|ref|NR_028961.1|	96.136	440	17	0	4	443	327	766	0.0	719	853
4424edb58c2c491e45be0dd49fea6192	gi|2363081451|ref|NR_178972.1|	95.909	440	18	0	4	443	285	724	0.0	713	1851428
4424edb58c2c491e45be0dd49fea6192	gi|2363080123|ref|NR_178280.1|	95.909	440	18	0	4	443	331	770	0.0	713	411483
4424edb58c2c491e45be0dd49fea6192	gi|2363081449|ref|NR_178971.1|	95.455	440	19	1	4	443	285	723	0.0	701	1851427
4424edb58c2c491e45be0dd49fea6192	gi|2363082282|ref|NR_179388.1|	95.238	441	19	2	4	443	335	774	0.0	697	2935520
4424edb58c2c491e45be0dd49fea6192	gi|559795255|ref|NR_104846.1|	94.773	440	23	0	4	443	288	727	0.0	686	745368
4424edb58c2c491e45be0dd49fea6192	gi|265678692|ref|NR_028997.1|	94.331	441	24	1	4	443	303	743	0.0	675	214851
4424edb58c2c491e45be0dd49fea6192	gi|2363080175|ref|NR_178311.1|	94.091	440	26	0	4	443	412	851	0.0	669	2903556
4424edb58c2c491e45be0dd49fea6192	gi|1397641802|ref|NR_156911.1|	93.409	440	29	0	4	443	351	790	0.0	652	1650663
3f462516bcb6495daaef4c870397c843	gi|2363082168|ref|NR_179330.1|	99.095	442	4	0	4	445	327	768	0.0	795	2714355
3f462516bcb6495daaef4c870397c843	gi|2363082165|ref|NR_179329.1|	98.416	442	7	0	4	445	327	768	0.0	778	2714353
3f462516bcb6495daaef4c870397c843	gi|645321110|ref|NR_118156.1|	94.131	443	24	2	4	445	304	745	0.0	673	1007096
3f462516bcb6495daaef4c870397c843	gi|2962412234|ref|NR_199428.1|	93.905	443	25	2	4	445	352	793	0.0	667	3073143
3f462516bcb6495daaef4c870397c843	gi|2363087001|ref|NR_181757.1|	93.483	445	23	6	4	445	289	730	0.0	656	2841504
3f462516bcb6495daaef4c870397c843	gi|1109168025|ref|NR_144611.1|	93.483	445	24	3	4	445	282	724	0.0	656	1417852
3f462516bcb6495daaef4c870397c843	gi|1269801610|ref|NR_074793.2|	93.228	443	28	2	4	445	355	796	0.0	651	351091
3f462516bcb6495daaef4c870397c843	gi|343200653|ref|NR_041340.1|	93.228	443	28	2	4	445	328	769	0.0	651	351091
3f462516bcb6495daaef4c870397c843	gi|2260349448|ref|NR_176530.1|	93.002	443	29	2	4	445	358	799	0.0	645	2093857
3f462516bcb6495daaef4c870397c843	gi|2136551692|ref|NR_173697.1|	92.986	442	31	0	4	445	349	790	0.0	645	2108523
b141306287468c6a1370ed5e1d771a12	gi|2363082779|ref|NR_179638.1|	99.091	440	4	0	4	443	348	787	0.0	791	2040291
b141306287468c6a1370ed5e1d771a12	gi|545589044|ref|NR_044645.2|	98.182	440	8	0	4	443	355	794	0.0	776	39486
b141306287468c6a1370ed5e1d771a12	gi|1397641798|ref|NR_156907.1|	96.364	440	16	0	4	443	348	787	0.0	725	1912855
b141306287468c6a1370ed5e1d771a12	gi|1109168038|ref|NR_144617.1|	96.364	440	16	0	4	443	340	779	0.0	725	1796634
b141306287468c6a1370ed5e1d771a12	gi|2363086021|ref|NR_181263.1|	95.909	440	18	0	4	443	334	773	0.0	713	2726362
b141306287468c6a1370ed5e1d771a12	gi|343203027|ref|NR_043551.1|	95.682	440	19	0	4	443	349	788	0.0	708	341220
b141306287468c6a1370ed5e1d771a12	gi|3248465643|ref|NR_201655.1|	95.465	441	18	2	4	443	313	752	0.0	702	3380807
b141306287468c6a1370ed5e1d771a12	gi|2136551567|ref|NR_173570.1|	95.465	441	18	2	4	443	330	769	0.0	702	1912090
b141306287468c6a1370ed5e1d771a12	gi|2363082765|ref|NR_179631.1|	95.475	442	16	4	4	443	348	787	0.0	702	2014528
b141306287468c6a1370ed5e1d771a12	gi|631253194|ref|NR_114392.1|	95.465	441	18	2	4	443	350	789	0.0	702	1544
2dc77960d823ed5c51e666ec7c255b89	gi|645321193|ref|NR_118219.1|	99.348	460	3	0	4	463	332	791	0.0	833	1033732
2dc77960d823ed5c51e666ec7c255b89	gi|2363086959|ref|NR_181736.1|	98.913	460	5	0	4	463	334	793	0.0	822	2834113
2dc77960d823ed5c51e666ec7c255b89	gi|672239000|ref|NR_125589.1|	97.826	460	10	0	4	463	269	728	0.0	795	1033731
2dc77960d823ed5c51e666ec7c255b89	gi|631251955|ref|NR_113153.1|	96.957	460	14	0	4	463	334	793	0.0	773	328814
2dc77960d823ed5c51e666ec7c255b89	gi|631251954|ref|NR_113152.1|	96.963	461	12	2	4	463	337	796	0.0	773	28117
2dc77960d823ed5c51e666ec7c255b89	gi|343202834|ref|NR_043319.1|	96.739	460	15	0	4	463	323	782	0.0	769	717959
2dc77960d823ed5c51e666ec7c255b89	gi|2363082099|ref|NR_179296.1|	96.739	460	15	0	4	463	324	783	0.0	767	2585119
2dc77960d823ed5c51e666ec7c255b89	gi|507148054|ref|NR_102861.1|	96.739	460	15	0	4	463	334	793	0.0	767	717959
2dc77960d823ed5c51e666ec7c255b89	gi|2363082505|ref|NR_179499.1|	96.522	460	16	0	4	463	342	801	0.0	761	2364787
2dc77960d823ed5c51e666ec7c255b89	gi|631251953|ref|NR_113151.1|	96.312	461	15	2	4	463	338	797	0.0	756	328813
cd69261b9b691b58d74697ce22a536c8	gi|444304111|ref|NR_074535.1|	99.346	459	3	0	4	462	334	792	0.0	832	28118
cd69261b9b691b58d74697ce22a536c8	gi|631251877|ref|NR_113075.1|	99.346	459	3	0	4	462	334	792	0.0	832	28118
cd69261b9b691b58d74697ce22a536c8	gi|343206056|ref|NR_044636.1|	98.039	459	9	0	4	462	342	800	0.0	804	28118
cd69261b9b691b58d74697ce22a536c8	gi|631251876|ref|NR_113074.1|	89.849	463	39	7	4	462	335	793	1.33e-167	588	742817
cd69261b9b691b58d74697ce22a536c8	gi|631251699|ref|NR_112897.1|	89.849	463	39	7	4	462	315	773	1.33e-167	588	742817
cd69261b9b691b58d74697ce22a536c8	gi|959494837|ref|NR_133715.1|	87.069	464	51	8	4	462	280	739	6.37e-146	516	1416875
cd69261b9b691b58d74697ce22a536c8	gi|1953646717|ref|NR_171512.1|	86.797	462	56	5	4	462	313	772	2.96e-144	510	2162893
cd69261b9b691b58d74697ce22a536c8	gi|1341394029|ref|NR_153701.1|	86.638	464	53	8	4	462	299	758	1.38e-142	505	1740245
cd69261b9b691b58d74697ce22a536c8	gi|559795096|ref|NR_104682.1|	86.609	463	55	6	4	462	315	774	1.38e-142	505	1168289
cd69261b9b691b58d74697ce22a536c8	gi|265678658|ref|NR_028963.1|	86.207	464	56	7	4	462	327	787	8.30e-140	496	886379
4414d98a7565a4ac80d95d8a0ca4556f	gi|3248465636|ref|NR_201647.1|	98.864	440	5	0	4	443	300	739	0.0	785	3380806
4414d98a7565a4ac80d95d8a0ca4556f	gi|343198924|ref|NR_044048.1|	98.864	440	5	0	4	443	328	767	0.0	785	470146
4414d98a7565a4ac80d95d8a0ca4556f	gi|1116030277|ref|NR_144735.1|	98.409	440	7	0	4	443	350	789	0.0	774	1745713
4414d98a7565a4ac80d95d8a0ca4556f	gi|2363082603|ref|NR_179548.1|	96.591	440	15	0	4	443	348	787	0.0	732	1870993
4414d98a7565a4ac80d95d8a0ca4556f	gi|265678940|ref|NR_029248.1|	96.136	440	15	2	4	443	349	786	0.0	719	500632
4414d98a7565a4ac80d95d8a0ca4556f	gi|2363086021|ref|NR_181263.1|	95.909	440	18	0	4	443	334	773	0.0	713	2726362
4414d98a7565a4ac80d95d8a0ca4556f	gi|2363084846|ref|NR_180671.1|	95.455	440	20	0	4	443	63	502	0.0	702	2594882
4414d98a7565a4ac80d95d8a0ca4556f	gi|2962412221|ref|NR_199415.1|	95.455	440	20	0	4	443	338	777	0.0	702	3136600
4414d98a7565a4ac80d95d8a0ca4556f	gi|1109168038|ref|NR_144617.1|	95.455	440	20	0	4	443	340	779	0.0	702	1796634
4414d98a7565a4ac80d95d8a0ca4556f	gi|2363086282|ref|NR_181393.1|	95.238	441	19	2	4	443	290	729	0.0	697	2763664
7d918f6e8203152af2bf4817efa7ff46	gi|2363083451|ref|NR_179974.1|	99.129	459	4	0	4	462	327	785	0.0	828	2093856
7d918f6e8203152af2bf4817efa7ff46	gi|2363082787|ref|NR_179642.1|	99.129	459	4	0	4	462	315	773	0.0	828	2042309
7d918f6e8203152af2bf4817efa7ff46	gi|699005326|ref|NR_126195.1|	96.950	459	14	0	4	462	335	793	0.0	771	1472417
7d918f6e8203152af2bf4817efa7ff46	gi|1864207064|ref|NR_169358.1|	96.732	459	15	0	4	462	335	793	0.0	765	1720203
7d918f6e8203152af2bf4817efa7ff46	gi|699005325|ref|NR_126194.1|	96.514	459	16	0	4	462	335	793	0.0	765	1472416
7d918f6e8203152af2bf4817efa7ff46	gi|343201004|ref|NR_041691.1|	96.078	459	18	0	4	462	335	793	0.0	749	544645
7d918f6e8203152af2bf4817efa7ff46	gi|3248465683|ref|NR_201697.1|	94.771	459	24	0	4	462	285	743	0.0	715	3378067
7d918f6e8203152af2bf4817efa7ff46	gi|343201003|ref|NR_041690.1|	93.682	459	29	0	4	462	333	791	0.0	688	544644
7d918f6e8203152af2bf4817efa7ff46	gi|1182956112|ref|NR_146820.1|	90.239	461	41	4	4	462	335	793	1.71e-171	601	1720195
7d918f6e8203152af2bf4817efa7ff46	gi|2363082669|ref|NR_179582.1|	89.805	461	43	4	4	462	315	773	1.33e-167	588	1917882
180fbfc4c81f567ea981dc9cf9904348	gi|2363084170|ref|NR_180334.1|	99.545	440	2	0	4	443	253	692	0.0	802	2763028
180fbfc4c81f567ea981dc9cf9904348	gi|2363086300|ref|NR_181402.1|	99.545	440	2	0	4	443	300	739	0.0	802	2763028
180fbfc4c81f567ea981dc9cf9904348	gi|645321813|ref|NR_118692.1|	97.727	440	9	1	4	443	314	752	0.0	758	411459
180fbfc4c81f567ea981dc9cf9904348	gi|219846720|ref|NR_026312.1|	97.273	440	12	0	4	443	327	766	0.0	749	180164
180fbfc4c81f567ea981dc9cf9904348	gi|343201234|ref|NR_041960.1|	97.279	441	11	1	4	443	222	662	0.0	747	89014
180fbfc4c81f567ea981dc9cf9904348	gi|631252033|ref|NR_113231.1|	97.273	440	12	0	4	443	347	786	0.0	747	536633
180fbfc4c81f567ea981dc9cf9904348	gi|566085203|ref|NR_109014.1|	97.279	441	10	2	4	443	195	634	0.0	747	871665
180fbfc4c81f567ea981dc9cf9904348	gi|631251591|ref|NR_112789.1|	97.273	440	12	0	4	443	333	772	0.0	747	536633
180fbfc4c81f567ea981dc9cf9904348	gi|2363082673|ref|NR_179584.1|	97.052	441	11	2	4	443	327	766	0.0	743	1917888
180fbfc4c81f567ea981dc9cf9904348	gi|631253117|ref|NR_114315.1|	97.045	440	13	0	4	443	336	775	0.0	743	649762
8b3c654bde5729d29836367f883f914a	gi|631252073|ref|NR_113271.1|	99.130	460	4	0	4	463	339	798	0.0	828	742725
8b3c654bde5729d29836367f883f914a	gi|631251698|ref|NR_112896.1|	99.130	460	4	0	4	463	319	778	0.0	828	742725
8b3c654bde5729d29836367f883f914a	gi|1116030248|ref|NR_144706.1|	94.565	460	25	0	4	463	342	801	0.0	712	1211813
8b3c654bde5729d29836367f883f914a	gi|631251954|ref|NR_113152.1|	90.239	461	43	2	4	463	337	796	1.71e-171	601	28117
8b3c654bde5729d29836367f883f914a	gi|2363082099|ref|NR_179296.1|	89.783	460	47	0	4	463	324	783	3.71e-168	590	2585119
8b3c654bde5729d29836367f883f914a	gi|2363082531|ref|NR_179512.1|	89.610	462	44	4	4	463	338	797	4.80e-167	586	1816676
8b3c654bde5729d29836367f883f914a	gi|645321193|ref|NR_118219.1|	89.588	461	46	2	4	463	332	791	1.73e-166	584	1033732
8b3c654bde5729d29836367f883f914a	gi|219846319|ref|NR_025909.1|	88.720	461	50	2	4	463	344	803	6.21e-166	582	28117
8b3c654bde5729d29836367f883f914a	gi|507148054|ref|NR_102861.1|	89.348	460	49	0	4	463	334	793	8.03e-165	579	717959
8b3c654bde5729d29836367f883f914a	gi|939733298|ref|NR_133025.1|	89.348	460	49	0	4	463	275	734	8.03e-165	579	2585118
6443f4eb96f8e68fcb149786c9079161	gi|631252532|ref|NR_113730.1|	99.545	440	2	0	6	445	282	721	0.0	802	13690
6443f4eb96f8e68fcb149786c9079161	gi|636559464|ref|NR_115524.1|	99.545	440	2	0	6	445	283	722	0.0	802	13690
6443f4eb96f8e68fcb149786c9079161	gi|636560063|ref|NR_116123.1|	99.318	440	2	1	6	445	266	704	0.0	795	1404341
6443f4eb96f8e68fcb149786c9079161	gi|636559556|ref|NR_115616.1|	99.091	440	4	0	6	445	290	729	0.0	795	13690
6443f4eb96f8e68fcb149786c9079161	gi|310974905|ref|NR_036767.1|	99.091	440	4	0	6	445	300	739	0.0	791	13690
6443f4eb96f8e68fcb149786c9079161	gi|566085445|ref|NR_109486.1|	98.409	440	7	0	6	445	301	740	0.0	774	1082345
6443f4eb96f8e68fcb149786c9079161	gi|1315204036|ref|NR_152706.1|	97.500	440	11	0	6	445	273	712	0.0	752	1837929
6443f4eb96f8e68fcb149786c9079161	gi|1199303404|ref|NR_147755.1|	97.500	440	11	0	6	445	304	743	0.0	752	1522744
6443f4eb96f8e68fcb149786c9079161	gi|631252539|ref|NR_113737.1|	97.500	440	11	0	6	445	282	721	0.0	752	1219056
6443f4eb96f8e68fcb149786c9079161	gi|636559432|ref|NR_115491.1|	97.500	440	11	0	6	445	300	739	0.0	752	1219056
0d5c19a31274d26f7cfa69cfae3918d5	gi|1811131545|ref|NR_165727.1|	98.649	444	6	0	4	447	358	801	0.0	787	2358141
0d5c19a31274d26f7cfa69cfae3918d5	gi|219846061|ref|NR_025651.1|	94.595	444	23	1	4	447	350	792	0.0	686	160404
0d5c19a31274d26f7cfa69cfae3918d5	gi|631252210|ref|NR_113408.1|	94.369	444	24	1	4	447	351	793	0.0	680	28446
0d5c19a31274d26f7cfa69cfae3918d5	gi|1445136073|ref|NR_158113.1|	94.382	445	22	3	4	447	328	770	0.0	680	433287
0d5c19a31274d26f7cfa69cfae3918d5	gi|265678961|ref|NR_029269.1|	94.144	444	24	2	4	447	350	791	0.0	675	28446
0d5c19a31274d26f7cfa69cfae3918d5	gi|2621112349|ref|NR_189253.1|	93.694	444	28	0	4	447	345	788	0.0	665	2918914
0d5c19a31274d26f7cfa69cfae3918d5	gi|1397641803|ref|NR_156912.1|	93.468	444	28	1	4	447	307	749	0.0	658	1450156
0d5c19a31274d26f7cfa69cfae3918d5	gi|645320791|ref|NR_117912.1|	93.468	444	28	1	4	447	325	767	0.0	658	879970
0d5c19a31274d26f7cfa69cfae3918d5	gi|219846558|ref|NR_026150.1|	93.468	444	27	2	4	447	350	791	0.0	658	36847
0d5c19a31274d26f7cfa69cfae3918d5	gi|1230874676|ref|NR_148837.1|	93.258	445	24	4	4	447	347	786	0.0	651	1675854
c19ba007c7cd418e52b5bd17d09a730b	gi|444304204|ref|NR_074629.1|	92.099	443	35	0	4	446	341	783	9.78e-179	625	1515
c19ba007c7cd418e52b5bd17d09a730b	gi|631251959|ref|NR_113157.1|	92.099	443	35	0	4	446	341	783	9.78e-179	625	1515
c19ba007c7cd418e52b5bd17d09a730b	gi|219857201|ref|NR_024829.1|	91.892	444	34	2	4	446	321	763	4.55e-177	619	253314
c19ba007c7cd418e52b5bd17d09a730b	gi|219857437|ref|NR_025025.1|	91.667	444	33	4	4	446	332	772	1.64e-176	617	100176
c19ba007c7cd418e52b5bd17d09a730b	gi|2363082168|ref|NR_179330.1|	91.648	443	36	1	4	446	327	768	7.61e-175	612	2714355
c19ba007c7cd418e52b5bd17d09a730b	gi|2363082165|ref|NR_179329.1|	91.667	444	34	3	4	446	327	768	7.61e-175	612	2714353
c19ba007c7cd418e52b5bd17d09a730b	gi|2363082342|ref|NR_179418.1|	91.422	443	38	0	4	446	348	790	9.85e-174	608	1673721
c19ba007c7cd418e52b5bd17d09a730b	gi|343206380|ref|NR_044972.1|	91.216	444	37	2	4	446	331	773	3.54e-173	606	44749
c19ba007c7cd418e52b5bd17d09a730b	gi|1491516029|ref|NR_159227.1|	91.441	444	33	4	4	446	351	790	1.27e-172	604	1981510
c19ba007c7cd418e52b5bd17d09a730b	gi|631252162|ref|NR_113360.1|	91.216	444	37	2	4	446	339	781	4.58e-172	603	1121303
638588b29017e82b8a68d4b172f655cf	gi|1277396381|ref|NR_152095.1|	97.045	440	13	0	4	443	348	787	0.0	741	1679721
638588b29017e82b8a68d4b172f655cf	gi|645321792|ref|NR_118676.1|	96.364	440	16	0	4	443	370	809	0.0	734	39497
638588b29017e82b8a68d4b172f655cf	gi|219846511|ref|NR_026103.1|	96.364	440	16	0	4	443	316	755	0.0	725	37658
638588b29017e82b8a68d4b172f655cf	gi|1277396183|ref|NR_151894.1|	96.364	440	16	0	4	443	335	774	0.0	725	433293
638588b29017e82b8a68d4b172f655cf	gi|961555123|ref|NR_134091.1|	95.909	440	18	0	4	443	335	774	0.0	713	1462919
638588b29017e82b8a68d4b172f655cf	gi|343202586|ref|NR_042953.1|	95.909	440	18	0	4	443	308	747	0.0	713	264463
638588b29017e82b8a68d4b172f655cf	gi|1024974678|ref|NR_136763.1|	95.682	440	19	0	4	443	358	797	0.0	712	1564487
638588b29017e82b8a68d4b172f655cf	gi|444304227|ref|NR_074652.1|	95.692	441	17	2	4	443	347	786	0.0	708	66219
638588b29017e82b8a68d4b172f655cf	gi|2136551633|ref|NR_173637.1|	95.682	440	19	0	4	443	294	733	0.0	708	2755051
638588b29017e82b8a68d4b172f655cf	gi|631252121|ref|NR_113319.1|	95.682	440	19	0	4	443	350	789	0.0	708	645466
635e26474a4ca84d6e65f9965e7b80e9	gi|2260473023|ref|NR_176800.1|	99.142	466	4	0	4	469	303	768	0.0	839	35833
635e26474a4ca84d6e65f9965e7b80e9	gi|2962412215|ref|NR_199409.1|	92.111	469	30	7	4	469	328	792	0.0	654	3136602
635e26474a4ca84d6e65f9965e7b80e9	gi|631252098|ref|NR_113296.1|	92.077	467	34	3	4	469	341	805	0.0	654	54565
635e26474a4ca84d6e65f9965e7b80e9	gi|645319734|ref|NR_117110.1|	92.077	467	34	3	4	469	337	801	0.0	654	54565
635e26474a4ca84d6e65f9965e7b80e9	gi|219846821|ref|NR_026413.1|	92.094	468	32	5	4	469	320	784	0.0	654	58621
635e26474a4ca84d6e65f9965e7b80e9	gi|219846663|ref|NR_026255.1|	91.202	466	40	1	4	469	319	783	0.0	632	644897
635e26474a4ca84d6e65f9965e7b80e9	gi|343198744|ref|NR_043567.1|	90.987	466	41	1	4	469	340	804	2.87e-179	627	32016
635e26474a4ca84d6e65f9965e7b80e9	gi|636558706|ref|NR_114763.1|	90.987	466	41	1	4	469	200	664	2.87e-179	627	32016
635e26474a4ca84d6e65f9965e7b80e9	gi|559795397|ref|NR_104990.1|	91.045	469	35	7	4	469	340	804	2.87e-179	627	876
635e26474a4ca84d6e65f9965e7b80e9	gi|566084868|ref|NR_108301.1|	90.928	474	29	14	4	469	324	791	1.03e-178	625	571438
5c4458d68073820b2f3a2e26c61c34ac	gi|2136551628|ref|NR_173632.1|	96.364	440	16	0	4	443	301	740	0.0	725	2068655
5c4458d68073820b2f3a2e26c61c34ac	gi|3030611230|ref|NR_199906.1|	96.364	440	16	0	4	443	354	793	0.0	725	3123317
5c4458d68073820b2f3a2e26c61c34ac	gi|3030611314|ref|NR_199990.1|	96.364	440	16	0	4	443	350	789	0.0	725	3123317
5c4458d68073820b2f3a2e26c61c34ac	gi|1384992331|ref|NR_156080.1|	96.364	440	16	0	4	443	336	775	0.0	725	1469948
5c4458d68073820b2f3a2e26c61c34ac	gi|1384992328|ref|NR_156077.1|	96.364	440	16	0	4	443	336	775	0.0	725	1469948
5c4458d68073820b2f3a2e26c61c34ac	gi|1384992332|ref|NR_156081.1|	96.136	440	17	0	4	443	336	775	0.0	719	1469948
5c4458d68073820b2f3a2e26c61c34ac	gi|1384992329|ref|NR_156078.1|	96.136	440	17	0	4	443	336	775	0.0	719	1469948
5c4458d68073820b2f3a2e26c61c34ac	gi|2363086292|ref|NR_181398.1|	95.909	440	18	0	4	443	299	738	0.0	713	2763667
5c4458d68073820b2f3a2e26c61c34ac	gi|2836274880|ref|NR_197643.1|	95.682	440	19	0	4	443	329	768	0.0	708	2962432
5c4458d68073820b2f3a2e26c61c34ac	gi|2363082679|ref|NR_179587.1|	95.682	440	19	0	4	443	328	767	0.0	708	1926283
47bab4f2c16654ba18597615265136d3	gi|444304091|ref|NR_074515.1|	98.915	461	3	2	4	463	350	809	0.0	822	435590
47bab4f2c16654ba18597615265136d3	gi|631251748|ref|NR_112946.1|	98.915	461	3	2	4	463	339	798	0.0	822	821
47bab4f2c16654ba18597615265136d3	gi|343200664|ref|NR_041351.1|	98.696	460	6	0	4	463	341	800	0.0	817	357276
47bab4f2c16654ba18597615265136d3	gi|631250946|ref|NR_112143.1|	98.698	461	4	2	4	463	307	766	0.0	817	821
47bab4f2c16654ba18597615265136d3	gi|631251997|ref|NR_113195.1|	93.913	460	28	0	4	463	338	797	0.0	695	1236515
47bab4f2c16654ba18597615265136d3	gi|631251866|ref|NR_113064.1|	93.696	460	29	0	4	463	338	797	0.0	689	1236538
47bab4f2c16654ba18597615265136d3	gi|631251817|ref|NR_113015.1|	93.696	460	29	0	4	463	338	797	0.0	689	1236538
47bab4f2c16654ba18597615265136d3	gi|645320081|ref|NR_117373.1|	93.696	460	29	0	4	463	289	748	0.0	689	1236515
47bab4f2c16654ba18597615265136d3	gi|2363085522|ref|NR_181010.1|	93.261	460	31	0	4	463	297	756	0.0	678	2786956
47bab4f2c16654ba18597615265136d3	gi|2363082773|ref|NR_179635.1|	93.261	460	31	0	4	463	338	797	0.0	678	2024197
a15a46394688c3092ceccea49461aab0	gi|2136551654|ref|NR_173659.1|	86.825	463	55	6	4	463	334	793	8.26e-145	512	2133944
a15a46394688c3092ceccea49461aab0	gi|310975224|ref|NR_037088.1|	86.910	466	49	12	4	463	321	780	8.26e-145	512	76122
a15a46394688c3092ceccea49461aab0	gi|2363085161|ref|NR_180829.1|	86.609	463	56	6	4	463	341	800	3.84e-143	507	2606637
a15a46394688c3092ceccea49461aab0	gi|631251907|ref|NR_113105.1|	86.177	463	58	6	4	463	329	788	8.32e-140	496	470565
a15a46394688c3092ceccea49461aab0	gi|343199048|ref|NR_044407.1|	86.177	463	58	6	4	463	321	780	8.32e-140	496	470565
a15a46394688c3092ceccea49461aab0	gi|566085557|ref|NR_109628.1|	85.745	463	60	6	4	463	322	781	1.80e-136	484	1177574
a15a46394688c3092ceccea49461aab0	gi|631253106|ref|NR_114304.1|	85.745	463	60	6	4	463	341	800	1.80e-136	484	1236517
a15a46394688c3092ceccea49461aab0	gi|631251926|ref|NR_113124.1|	85.745	463	60	6	4	463	341	800	1.80e-136	484	28137
a15a46394688c3092ceccea49461aab0	gi|631251741|ref|NR_112939.1|	85.776	464	58	7	4	463	334	793	1.80e-136	484	1203608
a15a46394688c3092ceccea49461aab0	gi|636560665|ref|NR_116725.1|	85.745	463	60	6	4	463	321	780	1.80e-136	484	1236517
2acd89c33b185f67ee350dc7afd163fd	gi|2260349448|ref|NR_176530.1|	99.095	442	4	0	4	445	358	799	0.0	795	2093857
2acd89c33b185f67ee350dc7afd163fd	gi|2363082559|ref|NR_179526.1|	99.095	442	4	0	4	445	349	790	0.0	795	1841866
2acd89c33b185f67ee350dc7afd163fd	gi|645321110|ref|NR_118156.1|	95.249	442	21	0	4	445	304	745	0.0	701	1007096
2acd89c33b185f67ee350dc7afd163fd	gi|2962412234|ref|NR_199428.1|	95.023	442	22	0	4	445	352	793	0.0	695	3073143
2acd89c33b185f67ee350dc7afd163fd	gi|2363087001|ref|NR_181757.1|	94.595	444	20	4	4	445	289	730	0.0	684	2841504
2acd89c33b185f67ee350dc7afd163fd	gi|2363082170|ref|NR_179331.1|	94.582	443	23	1	4	445	328	770	0.0	684	2714358
2acd89c33b185f67ee350dc7afd163fd	gi|1269801610|ref|NR_074793.2|	93.891	442	27	0	4	445	355	796	0.0	667	351091
2acd89c33b185f67ee350dc7afd163fd	gi|343200653|ref|NR_041340.1|	93.891	442	27	0	4	445	328	769	0.0	667	351091
2acd89c33b185f67ee350dc7afd163fd	gi|2363082569|ref|NR_179531.1|	93.665	442	28	0	4	445	347	788	0.0	662	1852369
2acd89c33b185f67ee350dc7afd163fd	gi|2363082165|ref|NR_179329.1|	93.228	443	28	2	4	445	327	768	0.0	651	2714353
c727d1826be02bbca443003f79aa300a	gi|2363087001|ref|NR_181757.1|	95.701	442	19	0	4	445	289	730	0.0	712	2841504
c727d1826be02bbca443003f79aa300a	gi|2260349448|ref|NR_176530.1|	94.820	444	19	4	4	445	358	799	0.0	689	2093857
c727d1826be02bbca443003f79aa300a	gi|2363082559|ref|NR_179526.1|	94.820	444	19	4	4	445	349	790	0.0	689	1841866
c727d1826be02bbca443003f79aa300a	gi|645321110|ref|NR_118156.1|	93.694	444	24	4	4	445	304	745	0.0	662	1007096
c727d1826be02bbca443003f79aa300a	gi|2363082170|ref|NR_179331.1|	93.483	445	24	5	4	445	328	770	0.0	656	2714358
c727d1826be02bbca443003f79aa300a	gi|1269801610|ref|NR_074793.2|	93.002	443	29	2	4	445	355	796	0.0	645	351091
c727d1826be02bbca443003f79aa300a	gi|2962412234|ref|NR_199428.1|	93.018	444	27	4	4	445	352	793	0.0	645	3073143
c727d1826be02bbca443003f79aa300a	gi|343200653|ref|NR_041340.1|	93.002	443	29	2	4	445	328	769	0.0	645	351091
c727d1826be02bbca443003f79aa300a	gi|2363082569|ref|NR_179531.1|	92.793	444	28	4	4	445	347	788	0.0	640	1852369
c727d1826be02bbca443003f79aa300a	gi|2363082165|ref|NR_179329.1|	92.601	446	25	8	4	445	327	768	0.0	634	2714353
3fbd5871d1e1974fc6fd7a7b125e5982	gi|2836274932|ref|NR_197695.1|	99.570	465	2	0	4	468	344	808	0.0	848	3053355
3fbd5871d1e1974fc6fd7a7b125e5982	gi|343198520|ref|NR_042776.1|	99.570	465	2	0	4	468	345	809	0.0	848	1304
3fbd5871d1e1974fc6fd7a7b125e5982	gi|343198522|ref|NR_042778.1|	99.355	465	3	0	4	468	345	809	0.0	843	1308
3fbd5871d1e1974fc6fd7a7b125e5982	gi|343198521|ref|NR_042777.1|	99.355	465	2	1	4	468	345	808	0.0	841	889206
3fbd5871d1e1974fc6fd7a7b125e5982	gi|645322192|ref|NR_118998.1|	98.925	465	5	0	4	468	340	804	0.0	832	1308
3fbd5871d1e1974fc6fd7a7b125e5982	gi|566084933|ref|NR_108477.1|	98.065	465	9	0	4	468	251	715	0.0	809	701526
3fbd5871d1e1974fc6fd7a7b125e5982	gi|645322122|ref|NR_118942.1|	97.210	466	11	2	4	468	243	707	0.0	804	889206
3fbd5871d1e1974fc6fd7a7b125e5982	gi|2363087357|ref|NR_181935.1|	97.634	465	11	0	4	468	355	819	0.0	798	2781599
3fbd5871d1e1974fc6fd7a7b125e5982	gi|2363086454|ref|NR_181481.1|	97.634	465	11	0	4	468	348	812	0.0	798	2781599
3fbd5871d1e1974fc6fd7a7b125e5982	gi|2363081939|ref|NR_179215.1|	97.634	465	11	0	4	468	336	800	0.0	798	1501662
4596a487f283249bea3837eb38d20024	gi|343201234|ref|NR_041960.1|	99.093	441	3	1	4	443	222	662	0.0	791	89014
4596a487f283249bea3837eb38d20024	gi|2363084170|ref|NR_180334.1|	97.273	440	12	0	4	443	253	692	0.0	747	2763028
4596a487f283249bea3837eb38d20024	gi|1953646571|ref|NR_171444.1|	97.273	440	12	0	4	443	301	740	0.0	747	1912897
4596a487f283249bea3837eb38d20024	gi|1953646488|ref|NR_171392.1|	97.273	440	12	0	4	443	355	794	0.0	747	1912897
4596a487f283249bea3837eb38d20024	gi|1953646486|ref|NR_171390.1|	97.273	440	12	0	4	443	355	794	0.0	747	1912897
4596a487f283249bea3837eb38d20024	gi|2363086300|ref|NR_181402.1|	97.273	440	12	0	4	443	300	739	0.0	747	2763028
4596a487f283249bea3837eb38d20024	gi|645320731|ref|NR_117867.1|	97.273	440	12	0	4	443	300	739	0.0	747	871664
4596a487f283249bea3837eb38d20024	gi|1679775916|ref|NR_163638.1|	97.045	440	13	0	4	443	328	767	0.0	741	2025493
4596a487f283249bea3837eb38d20024	gi|1679775915|ref|NR_163637.1|	97.045	440	13	0	4	443	328	767	0.0	741	2025493
4596a487f283249bea3837eb38d20024	gi|1679775914|ref|NR_163636.1|	97.045	440	13	0	4	443	328	767	0.0	741	2025493
3f66971f8cdbf76331bd494d19080c74	gi|631251953|ref|NR_113151.1|	99.130	460	4	0	4	463	338	797	0.0	828	328813
3f66971f8cdbf76331bd494d19080c74	gi|343202833|ref|NR_043318.1|	99.130	460	4	0	4	463	324	783	0.0	828	328813
3f66971f8cdbf76331bd494d19080c74	gi|2363082099|ref|NR_179296.1|	97.174	460	13	0	4	463	324	783	0.0	778	2585119
3f66971f8cdbf76331bd494d19080c74	gi|507148054|ref|NR_102861.1|	96.739	460	15	0	4	463	334	793	0.0	767	717959
3f66971f8cdbf76331bd494d19080c74	gi|672239000|ref|NR_125589.1|	96.746	461	13	2	4	463	269	728	0.0	767	1033731
3f66971f8cdbf76331bd494d19080c74	gi|343202834|ref|NR_043319.1|	96.522	460	16	0	4	463	323	782	0.0	763	717959
3f66971f8cdbf76331bd494d19080c74	gi|2363082505|ref|NR_179499.1|	96.522	460	16	0	4	463	342	801	0.0	761	2364787
3f66971f8cdbf76331bd494d19080c74	gi|507148137|ref|NR_102944.1|	96.522	460	16	0	4	463	334	793	0.0	761	214856
3f66971f8cdbf76331bd494d19080c74	gi|631251955|ref|NR_113153.1|	96.522	460	16	0	4	463	334	793	0.0	761	328814
3f66971f8cdbf76331bd494d19080c74	gi|636559243|ref|NR_115300.1|	96.522	460	16	0	4	463	314	773	0.0	761	679935
675d6d7605b3c89975ef01ee3fb08115	gi|1277396271|ref|NR_151982.1|	99.323	443	3	0	4	446	248	690	0.0	802	1628085
675d6d7605b3c89975ef01ee3fb08115	gi|1277396349|ref|NR_152060.1|	99.097	443	4	0	4	446	336	778	0.0	798	1712515
675d6d7605b3c89975ef01ee3fb08115	gi|545589041|ref|NR_044644.2|	95.937	443	16	1	4	446	354	794	0.0	725	39484
675d6d7605b3c89975ef01ee3fb08115	gi|1193829128|ref|NR_147371.1|	95.937	443	16	1	4	446	277	717	0.0	717	1871029
675d6d7605b3c89975ef01ee3fb08115	gi|343205971|ref|NR_044490.1|	95.045	444	21	1	4	446	348	791	0.0	697	501571
675d6d7605b3c89975ef01ee3fb08115	gi|2363082930|ref|NR_179713.1|	94.357	443	25	0	4	446	319	761	0.0	680	1945634
675d6d7605b3c89975ef01ee3fb08115	gi|2363087009|ref|NR_181761.1|	92.551	443	32	1	4	446	269	710	0.0	634	2841509
675d6d7605b3c89975ef01ee3fb08115	gi|645321636|ref|NR_118554.1|	90.519	443	42	0	4	446	329	771	4.61e-167	586	1297617
675d6d7605b3c89975ef01ee3fb08115	gi|3248465658|ref|NR_201672.1|	90.315	444	41	2	4	446	296	738	2.15e-165	580	3381350
675d6d7605b3c89975ef01ee3fb08115	gi|2363082352|ref|NR_179423.1|	90.315	444	41	2	4	446	349	791	2.15e-165	580	1689270
5e20bcf3d6b446601c97453751fdfaf9	gi|3030611230|ref|NR_199906.1|	97.045	440	13	0	4	443	354	793	0.0	741	3123317
5e20bcf3d6b446601c97453751fdfaf9	gi|3030611314|ref|NR_199990.1|	97.045	440	13	0	4	443	350	789	0.0	741	3123317
5e20bcf3d6b446601c97453751fdfaf9	gi|1384992331|ref|NR_156080.1|	97.045	440	13	0	4	443	336	775	0.0	741	1469948
5e20bcf3d6b446601c97453751fdfaf9	gi|1384992328|ref|NR_156077.1|	97.045	440	13	0	4	443	336	775	0.0	741	1469948
5e20bcf3d6b446601c97453751fdfaf9	gi|2363082679|ref|NR_179587.1|	96.818	440	14	0	4	443	328	767	0.0	736	1926283
5e20bcf3d6b446601c97453751fdfaf9	gi|1384992332|ref|NR_156081.1|	96.818	440	14	0	4	443	336	775	0.0	736	1469948
5e20bcf3d6b446601c97453751fdfaf9	gi|1384992329|ref|NR_156078.1|	96.818	440	14	0	4	443	336	775	0.0	736	1469948
5e20bcf3d6b446601c97453751fdfaf9	gi|2363081854|ref|NR_179173.1|	96.818	440	14	0	4	443	333	772	0.0	736	2126740
5e20bcf3d6b446601c97453751fdfaf9	gi|631253128|ref|NR_114326.1|	96.818	440	14	0	4	443	334	773	0.0	736	1150298
5e20bcf3d6b446601c97453751fdfaf9	gi|1193829153|ref|NR_147396.1|	96.364	440	16	0	4	443	328	767	0.0	725	1917870
354bc173cbb25a351595347e64f46d96	gi|631251745|ref|NR_112943.1|	99.348	460	3	0	4	463	326	785	0.0	833	449673
354bc173cbb25a351595347e64f46d96	gi|224581415|ref|NR_027196.1|	98.478	460	7	0	4	463	317	776	0.0	813	449673
354bc173cbb25a351595347e64f46d96	gi|343200620|ref|NR_041307.1|	96.957	460	14	0	4	463	334	793	0.0	773	329854
354bc173cbb25a351595347e64f46d96	gi|631251867|ref|NR_113065.1|	96.739	460	15	0	4	463	338	797	0.0	767	762984
354bc173cbb25a351595347e64f46d96	gi|631251695|ref|NR_112893.1|	96.739	460	15	0	4	463	318	777	0.0	767	762984
354bc173cbb25a351595347e64f46d96	gi|2363086949|ref|NR_181731.1|	96.522	460	16	0	4	463	290	749	0.0	761	2834112
354bc173cbb25a351595347e64f46d96	gi|631251735|ref|NR_112933.1|	96.529	461	14	2	4	463	334	793	0.0	761	246787
354bc173cbb25a351595347e64f46d96	gi|2363086550|ref|NR_181532.1|	95.870	460	19	0	4	463	322	781	0.0	745	2763025
354bc173cbb25a351595347e64f46d96	gi|631251747|ref|NR_112945.1|	95.870	460	19	0	4	463	327	786	0.0	745	820
354bc173cbb25a351595347e64f46d96	gi|631251734|ref|NR_112932.1|	95.870	460	19	0	4	463	328	787	0.0	745	47678
028d153980db0899c9c1a8a9c6ecdc52	gi|444304209|ref|NR_074634.1|	99.318	440	3	0	4	443	350	789	0.0	797	515619
028d153980db0899c9c1a8a9c6ecdc52	gi|343198540|ref|NR_042832.1|	98.186	441	7	1	4	443	330	770	0.0	769	301302
028d153980db0899c9c1a8a9c6ecdc52	gi|1227086116|ref|NR_148619.1|	97.738	442	8	2	4	443	301	742	0.0	760	1712665
028d153980db0899c9c1a8a9c6ecdc52	gi|645320588|ref|NR_117758.1|	97.285	442	10	1	4	443	322	763	0.0	749	166486
028d153980db0899c9c1a8a9c6ecdc52	gi|228716944|ref|NR_027557.1|	97.285	442	10	1	4	443	343	784	0.0	749	536231
028d153980db0899c9c1a8a9c6ecdc52	gi|444439494|ref|NR_074809.1|	97.279	441	11	1	4	443	350	790	0.0	747	585394
028d153980db0899c9c1a8a9c6ecdc52	gi|343201282|ref|NR_042008.1|	97.052	441	11	2	4	443	341	780	0.0	741	585394
028d153980db0899c9c1a8a9c6ecdc52	gi|2363085153|ref|NR_180825.1|	96.825	441	13	1	4	443	347	787	0.0	736	2605790
028d153980db0899c9c1a8a9c6ecdc52	gi|219846723|ref|NR_026315.1|	96.818	440	14	0	4	443	317	756	0.0	736	46206
028d153980db0899c9c1a8a9c6ecdc52	gi|2363086282|ref|NR_181393.1|	96.591	440	15	0	4	443	290	729	0.0	730	2763664
2f6b4496e85299b317f4a0e9dd69e47a	gi|2363085127|ref|NR_180812.1|	99.570	465	2	0	4	468	329	793	0.0	848	2652276
2f6b4496e85299b317f4a0e9dd69e47a	gi|602269354|ref|NR_044731.2|	97.849	465	9	1	4	468	347	810	0.0	804	1735
2f6b4496e85299b317f4a0e9dd69e47a	gi|2363082631|ref|NR_179562.1|	93.162	468	25	7	4	468	343	806	0.0	680	1871030
2f6b4496e85299b317f4a0e9dd69e47a	gi|961555061|ref|NR_134029.1|	91.613	465	38	1	4	468	340	803	0.0	641	915173
2f6b4496e85299b317f4a0e9dd69e47a	gi|2363085159|ref|NR_180828.1|	90.405	469	36	7	4	468	328	791	1.04e-173	608	2606629
2f6b4496e85299b317f4a0e9dd69e47a	gi|651357925|ref|NR_044660.3|	90.171	468	39	7	4	468	349	812	1.34e-172	604	1323
2f6b4496e85299b317f4a0e9dd69e47a	gi|545589047|ref|NR_044647.2|	90.234	471	33	10	4	468	352	815	4.82e-172	603	428127
2f6b4496e85299b317f4a0e9dd69e47a	gi|631252211|ref|NR_113409.1|	90.234	471	33	10	4	468	334	797	4.82e-172	603	31971
2f6b4496e85299b317f4a0e9dd69e47a	gi|3248465743|ref|NR_201757.1|	89.787	470	37	10	4	468	347	810	1.04e-168	592	3681510
2f6b4496e85299b317f4a0e9dd69e47a	gi|631251965|ref|NR_113163.1|	89.507	467	44	3	4	468	342	805	4.85e-167	586	39483
0e95893142531c39075dcd42ea2e47d6	gi|444303910|ref|NR_074333.1|	91.892	444	32	4	4	445	323	764	1.63e-176	617	663278
0e95893142531c39075dcd42ea2e47d6	gi|343202504|ref|NR_042828.1|	91.892	444	32	4	4	445	323	764	1.63e-176	617	663278
0e95893142531c39075dcd42ea2e47d6	gi|636559250|ref|NR_115307.1|	91.892	444	32	4	4	445	323	764	1.63e-176	617	663278
0e95893142531c39075dcd42ea2e47d6	gi|2363082711|ref|NR_179603.1|	90.991	444	33	5	4	445	317	755	9.89e-169	592	1944642
0e95893142531c39075dcd42ea2e47d6	gi|1193829155|ref|NR_147398.1|	90.315	444	36	5	4	445	351	789	9.96e-164	575	1720200
0e95893142531c39075dcd42ea2e47d6	gi|265679005|ref|NR_029313.1|	89.865	444	41	4	4	445	360	801	4.64e-162	569	52787
0e95893142531c39075dcd42ea2e47d6	gi|265679007|ref|NR_029315.1|	89.865	444	41	4	4	445	362	803	4.64e-162	569	52786
0e95893142531c39075dcd42ea2e47d6	gi|343199130|ref|NR_044624.1|	89.616	443	45	1	4	445	327	769	7.76e-160	562	29343
0e95893142531c39075dcd42ea2e47d6	gi|2363082585|ref|NR_179539.1|	89.616	443	41	4	4	445	351	789	1.00e-158	558	1852384
0e95893142531c39075dcd42ea2e47d6	gi|1146059197|ref|NR_145929.1|	89.462	446	41	5	4	445	319	762	1.00e-158	558	642589
80dcb2dac4ac410985c5f35526704811	gi|2363086276|ref|NR_181390.1|	95.928	442	13	4	4	442	304	743	0.0	712	2763659
80dcb2dac4ac410985c5f35526704811	gi|1445136071|ref|NR_158111.1|	95.444	439	20	0	4	442	349	787	0.0	701	2038680
80dcb2dac4ac410985c5f35526704811	gi|1277396348|ref|NR_152059.1|	94.570	442	21	2	4	442	272	713	0.0	680	1849041
80dcb2dac4ac410985c5f35526704811	gi|2363082561|ref|NR_179527.1|	94.570	442	21	2	4	442	336	777	0.0	680	1841868
80dcb2dac4ac410985c5f35526704811	gi|2363082755|ref|NR_179626.1|	94.533	439	24	0	4	442	351	789	0.0	678	1987501
80dcb2dac4ac410985c5f35526704811	gi|2363082601|ref|NR_179547.1|	94.091	440	25	1	4	442	347	786	0.0	667	1870991
80dcb2dac4ac410985c5f35526704811	gi|1193829135|ref|NR_147378.1|	93.878	441	25	1	4	442	339	779	0.0	664	1871035
80dcb2dac4ac410985c5f35526704811	gi|2363082585|ref|NR_179539.1|	93.850	439	27	0	4	442	351	789	0.0	662	1852384
80dcb2dac4ac410985c5f35526704811	gi|343202572|ref|NR_042930.1|	92.711	439	32	0	4	442	366	804	0.0	634	258515
80dcb2dac4ac410985c5f35526704811	gi|265679047|ref|NR_029355.1|	91.818	440	35	1	4	442	332	771	7.54e-175	612	84026
af54b2cfb6c72b77c8c3656dec12aeb0	gi|2363080123|ref|NR_178280.1|	97.500	440	11	0	4	443	331	770	0.0	752	411483
af54b2cfb6c72b77c8c3656dec12aeb0	gi|3030611269|ref|NR_199945.1|	97.273	440	12	0	4	443	335	774	0.0	747	3435293
af54b2cfb6c72b77c8c3656dec12aeb0	gi|2363081449|ref|NR_178971.1|	97.045	440	12	1	4	443	285	723	0.0	739	1851427
af54b2cfb6c72b77c8c3656dec12aeb0	gi|265678656|ref|NR_028961.1|	96.818	440	14	0	4	443	327	766	0.0	736	853
af54b2cfb6c72b77c8c3656dec12aeb0	gi|2363081451|ref|NR_178972.1|	96.591	440	15	0	4	443	285	724	0.0	730	1851428
af54b2cfb6c72b77c8c3656dec12aeb0	gi|2363082282|ref|NR_179388.1|	95.918	441	16	2	4	443	335	774	0.0	713	2935520
af54b2cfb6c72b77c8c3656dec12aeb0	gi|2363080175|ref|NR_178311.1|	95.227	440	21	0	4	443	412	851	0.0	697	2903556
af54b2cfb6c72b77c8c3656dec12aeb0	gi|1277396189|ref|NR_151900.1|	92.273	440	34	0	4	443	351	790	9.71e-179	625	1550024
af54b2cfb6c72b77c8c3656dec12aeb0	gi|559795255|ref|NR_104846.1|	92.273	440	34	0	4	443	288	727	9.71e-179	625	745368
af54b2cfb6c72b77c8c3656dec12aeb0	gi|1397641802|ref|NR_156911.1|	92.045	440	35	0	4	443	351	790	4.52e-177	619	1650663
bf21c4b116f0bd7c10199c14459ac8f8	gi|2363085097|ref|NR_180797.1|	96.825	441	12	2	4	443	346	785	0.0	736	2605778
bf21c4b116f0bd7c10199c14459ac8f8	gi|2363082679|ref|NR_179587.1|	95.455	440	20	0	4	443	328	767	0.0	702	1926283
bf21c4b116f0bd7c10199c14459ac8f8	gi|2363081854|ref|NR_179173.1|	95.455	440	20	0	4	443	333	772	0.0	702	2126740
bf21c4b116f0bd7c10199c14459ac8f8	gi|2363086234|ref|NR_181369.1|	95.249	442	17	4	4	443	335	774	0.0	697	2784388
bf21c4b116f0bd7c10199c14459ac8f8	gi|1193829153|ref|NR_147396.1|	95.000	440	22	0	4	443	328	767	0.0	691	1917870
bf21c4b116f0bd7c10199c14459ac8f8	gi|631253128|ref|NR_114326.1|	95.023	442	18	4	4	443	334	773	0.0	691	1150298
bf21c4b116f0bd7c10199c14459ac8f8	gi|645321072|ref|NR_118128.1|	95.023	442	18	4	4	443	174	613	0.0	691	1531
bf21c4b116f0bd7c10199c14459ac8f8	gi|631252212|ref|NR_113410.1|	95.023	442	18	4	4	443	257	696	0.0	691	208479
bf21c4b116f0bd7c10199c14459ac8f8	gi|343201474|ref|NR_042200.1|	95.034	443	16	6	4	443	318	757	0.0	691	333367
bf21c4b116f0bd7c10199c14459ac8f8	gi|219878428|ref|NR_025567.1|	95.023	442	18	4	4	443	348	787	0.0	691	208479
185735aadc4b734314d8bddba673ca03	gi|1491520133|ref|NR_159296.1|	93.002	443	26	3	4	442	335	776	0.0	641	433296
185735aadc4b734314d8bddba673ca03	gi|1116030291|ref|NR_144749.1|	92.760	442	28	4	4	442	347	787	0.0	636	1852367
185735aadc4b734314d8bddba673ca03	gi|1116030279|ref|NR_144737.1|	92.777	443	27	3	4	442	347	788	0.0	636	1776384
185735aadc4b734314d8bddba673ca03	gi|2363085330|ref|NR_180913.1|	92.551	443	28	3	4	442	327	768	2.08e-180	630	2697030
185735aadc4b734314d8bddba673ca03	gi|1116030282|ref|NR_144740.1|	92.534	442	27	6	4	442	321	759	7.49e-180	628	1776391
185735aadc4b734314d8bddba673ca03	gi|2463901899|ref|NR_184630.1|	92.081	442	31	3	4	442	343	783	4.51e-177	619	2839743
185735aadc4b734314d8bddba673ca03	gi|2136551617|ref|NR_173621.1|	91.874	443	31	3	4	442	354	795	2.10e-175	614	2818044
185735aadc4b734314d8bddba673ca03	gi|265678606|ref|NR_028911.1|	91.855	442	33	1	4	442	335	776	2.10e-175	614	109327
185735aadc4b734314d8bddba673ca03	gi|1040567059|ref|NR_137408.1|	91.855	442	30	6	4	442	290	728	7.54e-175	612	1460447
185735aadc4b734314d8bddba673ca03	gi|974142280|ref|NR_134800.1|	91.855	442	30	6	4	442	255	693	7.54e-175	612	1368474
2fb070ce71b53718125bea7a9443715e	gi|2363082342|ref|NR_179418.1|	89.616	443	45	1	4	445	348	790	7.76e-160	562	1673721
2fb070ce71b53718125bea7a9443715e	gi|1109168025|ref|NR_144611.1|	88.964	444	46	3	4	445	282	724	7.81e-155	545	1417852
2fb070ce71b53718125bea7a9443715e	gi|3030611324|ref|NR_200000.1|	88.739	444	47	3	4	445	301	743	3.63e-153	540	3342383
2fb070ce71b53718125bea7a9443715e	gi|1193829127|ref|NR_147370.1|	88.488	443	50	1	4	445	349	791	1.69e-151	534	1870988
2fb070ce71b53718125bea7a9443715e	gi|2363082326|ref|NR_179410.1|	88.262	443	51	1	4	445	349	791	7.87e-150	529	1650661
2fb070ce71b53718125bea7a9443715e	gi|645321636|ref|NR_118554.1|	88.262	443	51	1	4	445	329	771	7.87e-150	529	1297617
2fb070ce71b53718125bea7a9443715e	gi|2136551692|ref|NR_173697.1|	88.009	442	53	0	4	445	349	790	3.66e-148	523	2108523
2fb070ce71b53718125bea7a9443715e	gi|2363084741|ref|NR_180619.1|	88.036	443	52	1	4	445	347	789	3.66e-148	523	2779352
2fb070ce71b53718125bea7a9443715e	gi|219846080|ref|NR_025670.1|	88.036	443	52	1	4	445	329	771	3.66e-148	523	411467
2fb070ce71b53718125bea7a9443715e	gi|1193829132|ref|NR_147375.1|	88.036	443	49	4	4	445	347	786	1.32e-147	521	1870986
530619ba2257e8a785b770efd2be0450	gi|2621112340|ref|NR_189244.1|	92.325	443	33	1	4	446	363	804	7.56e-180	628	3046382
530619ba2257e8a785b770efd2be0450	gi|2621112341|ref|NR_189245.1|	92.099	443	34	1	4	446	363	804	3.52e-178	623	3046383
530619ba2257e8a785b770efd2be0450	gi|2363086262|ref|NR_181383.1|	88.789	446	45	5	4	446	307	750	1.01e-153	542	2763654
530619ba2257e8a785b770efd2be0450	gi|2621112296|ref|NR_189199.1|	87.387	444	54	2	4	446	342	784	1.03e-143	508	2086585
530619ba2257e8a785b770efd2be0450	gi|2363086593|ref|NR_181553.1|	87.133	443	54	2	4	446	226	665	6.18e-141	499	2794346
530619ba2257e8a785b770efd2be0450	gi|699005310|ref|NR_126179.1|	87.162	444	52	5	4	446	324	763	6.18e-141	499	1367462
530619ba2257e8a785b770efd2be0450	gi|1116030284|ref|NR_144742.1|	86.937	444	56	2	4	446	352	794	2.22e-140	497	1805714
530619ba2257e8a785b770efd2be0450	gi|1491509619|ref|NR_159150.1|	86.966	445	53	4	4	446	350	791	8.00e-140	496	489973
530619ba2257e8a785b770efd2be0450	gi|219857359|ref|NR_024947.1|	86.486	444	57	3	4	446	335	776	2.88e-139	494	105483
530619ba2257e8a785b770efd2be0450	gi|1491509615|ref|NR_159146.1|	86.742	445	54	5	4	446	348	789	3.72e-138	490	1715347
740a405e447d6744f35b084f63679b2a	gi|645321636|ref|NR_118554.1|	96.388	443	16	0	4	446	329	771	0.0	730	1297617
740a405e447d6744f35b084f63679b2a	gi|2136551692|ref|NR_173697.1|	95.937	443	17	1	4	446	349	790	0.0	717	2108523
740a405e447d6744f35b084f63679b2a	gi|2363084741|ref|NR_180619.1|	95.711	443	19	0	4	446	347	789	0.0	713	2779352
740a405e447d6744f35b084f63679b2a	gi|2363082358|ref|NR_179426.1|	95.485	443	20	0	4	446	349	791	0.0	708	1702285
740a405e447d6744f35b084f63679b2a	gi|343198636|ref|NR_043142.1|	95.485	443	20	0	4	446	323	765	0.0	708	292800
740a405e447d6744f35b084f63679b2a	gi|265679048|ref|NR_029356.1|	95.485	443	20	0	4	446	336	778	0.0	708	292800
740a405e447d6744f35b084f63679b2a	gi|1193829127|ref|NR_147370.1|	95.260	443	21	0	4	446	349	791	0.0	702	1870988
740a405e447d6744f35b084f63679b2a	gi|2363082326|ref|NR_179410.1|	95.260	443	21	0	4	446	349	791	0.0	702	1650661
740a405e447d6744f35b084f63679b2a	gi|2363082352|ref|NR_179423.1|	95.045	444	20	2	4	446	349	791	0.0	697	1689270
740a405e447d6744f35b084f63679b2a	gi|3030611323|ref|NR_199999.1|	94.808	443	23	0	4	446	301	743	0.0	691	3133422
4ea08c910345121075801c1de62e319c	gi|265678656|ref|NR_028961.1|	90.476	441	40	2	4	443	327	766	2.13e-165	580	853
4ea08c910345121075801c1de62e319c	gi|2363082168|ref|NR_179330.1|	90.045	442	42	2	4	443	327	768	1.28e-162	571	2714355
4ea08c910345121075801c1de62e319c	gi|2363082282|ref|NR_179388.1|	90.068	443	38	6	4	443	335	774	4.61e-162	569	2935520
4ea08c910345121075801c1de62e319c	gi|2363081451|ref|NR_178972.1|	90.023	441	42	2	4	443	285	724	4.61e-162	569	1851428
4ea08c910345121075801c1de62e319c	gi|219846512|ref|NR_026104.1|	89.865	444	40	4	4	443	312	754	5.97e-161	566	1121303
4ea08c910345121075801c1de62e319c	gi|1491516029|ref|NR_159227.1|	89.796	441	43	2	4	443	351	790	2.15e-160	564	1981510
4ea08c910345121075801c1de62e319c	gi|2363080123|ref|NR_178280.1|	89.796	441	43	2	4	443	331	770	2.15e-160	564	411483
4ea08c910345121075801c1de62e319c	gi|2363082165|ref|NR_179329.1|	89.593	442	44	2	4	443	327	768	2.78e-159	560	2714353
4ea08c910345121075801c1de62e319c	gi|631252162|ref|NR_113360.1|	89.640	444	41	4	4	443	339	781	2.78e-159	560	1121303
4ea08c910345121075801c1de62e319c	gi|645319736|ref|NR_117111.1|	89.640	444	41	4	4	443	336	778	2.78e-159	560	29371
8fe968607f40d1bc09272429e754464e	gi|1116030248|ref|NR_144706.1|	99.348	460	3	0	4	463	342	801	0.0	833	1211813
8fe968607f40d1bc09272429e754464e	gi|631252073|ref|NR_113271.1|	94.783	460	24	0	4	463	339	798	0.0	717	742725
8fe968607f40d1bc09272429e754464e	gi|631251698|ref|NR_112896.1|	94.783	460	24	0	4	463	319	778	0.0	717	742725
8fe968607f40d1bc09272429e754464e	gi|631251954|ref|NR_113152.1|	90.672	461	41	2	4	463	337	796	7.92e-175	612	28117
8fe968607f40d1bc09272429e754464e	gi|2363082099|ref|NR_179296.1|	90.435	460	44	0	4	463	324	783	3.68e-173	606	2585119
8fe968607f40d1bc09272429e754464e	gi|645321193|ref|NR_118219.1|	90.239	461	43	2	4	463	332	791	1.71e-171	601	1033732
8fe968607f40d1bc09272429e754464e	gi|2363086959|ref|NR_181736.1|	90.022	461	44	2	4	463	334	793	7.98e-170	595	2834113
8fe968607f40d1bc09272429e754464e	gi|939733298|ref|NR_133025.1|	89.783	460	47	0	4	463	275	734	3.71e-168	590	2585118
8fe968607f40d1bc09272429e754464e	gi|672239000|ref|NR_125589.1|	89.805	461	45	2	4	463	269	728	3.71e-168	590	1033731
8fe968607f40d1bc09272429e754464e	gi|631251953|ref|NR_113151.1|	89.783	460	47	0	4	463	338	797	3.71e-168	590	328813
349c25176b6a673ad5360695ae86ca68	gi|645321790|ref|NR_118674.1|	97.273	440	12	0	4	443	356	795	0.0	763	1256908
349c25176b6a673ad5360695ae86ca68	gi|645320588|ref|NR_117758.1|	96.380	442	14	1	4	443	322	763	0.0	726	166486
349c25176b6a673ad5360695ae86ca68	gi|228716944|ref|NR_027557.1|	96.380	442	14	1	4	443	343	784	0.0	726	536231
349c25176b6a673ad5360695ae86ca68	gi|444439494|ref|NR_074809.1|	96.372	441	15	1	4	443	350	790	0.0	725	585394
349c25176b6a673ad5360695ae86ca68	gi|2363086302|ref|NR_181403.1|	96.154	442	15	1	4	443	246	687	0.0	721	2763061
349c25176b6a673ad5360695ae86ca68	gi|343198540|ref|NR_042832.1|	96.145	441	16	1	4	443	330	770	0.0	719	301302
349c25176b6a673ad5360695ae86ca68	gi|343201282|ref|NR_042008.1|	96.145	441	15	2	4	443	341	780	0.0	719	585394
349c25176b6a673ad5360695ae86ca68	gi|219846723|ref|NR_026315.1|	96.136	440	17	0	4	443	317	756	0.0	719	46206
349c25176b6a673ad5360695ae86ca68	gi|2363085149|ref|NR_180823.1|	95.909	440	18	0	4	443	357	796	0.0	713	2606634
349c25176b6a673ad5360695ae86ca68	gi|444304209|ref|NR_074634.1|	95.909	440	18	0	4	443	350	789	0.0	713	515619
61aac5d8d292d98c67b8d27a6cef6eba	gi|343200980|ref|NR_041667.1|	98.495	465	7	0	4	468	320	784	0.0	821	487175
61aac5d8d292d98c67b8d27a6cef6eba	gi|631252130|ref|NR_113328.1|	91.221	467	37	4	4	468	332	796	0.0	632	626947
61aac5d8d292d98c67b8d27a6cef6eba	gi|631251705|ref|NR_112903.1|	91.221	467	37	4	4	468	312	776	0.0	632	626947
61aac5d8d292d98c67b8d27a6cef6eba	gi|1246951785|ref|NR_149789.1|	88.817	465	52	0	4	468	297	761	1.36e-162	571	1783360
61aac5d8d292d98c67b8d27a6cef6eba	gi|1246951779|ref|NR_149783.1|	88.865	467	48	4	4	468	337	801	1.36e-162	571	1769758
61aac5d8d292d98c67b8d27a6cef6eba	gi|2363086886|ref|NR_181700.1|	88.865	467	48	4	4	468	329	793	1.36e-162	571	2825886
61aac5d8d292d98c67b8d27a6cef6eba	gi|2363086884|ref|NR_181699.1|	88.865	467	48	4	4	468	329	793	1.36e-162	571	2825884
61aac5d8d292d98c67b8d27a6cef6eba	gi|636560752|ref|NR_116812.1|	88.889	468	46	6	4	468	328	792	1.36e-162	571	627131
61aac5d8d292d98c67b8d27a6cef6eba	gi|636560680|ref|NR_116740.1|	88.841	466	50	2	4	468	310	774	1.36e-162	571	592050
61aac5d8d292d98c67b8d27a6cef6eba	gi|2180566337|ref|NR_174215.1|	88.699	469	45	8	4	468	314	778	6.32e-161	566	2565932
3bb4ddee2f248f17e2fdddbb0a8048e3	gi|2363080123|ref|NR_178280.1|	91.667	444	31	5	4	445	331	770	2.73e-174	610	411483
3bb4ddee2f248f17e2fdddbb0a8048e3	gi|265679005|ref|NR_029313.1|	91.196	443	37	2	4	445	360	801	4.57e-172	603	52787
3bb4ddee2f248f17e2fdddbb0a8048e3	gi|265679007|ref|NR_029315.1|	91.196	443	37	2	4	445	362	803	4.57e-172	603	52786
3bb4ddee2f248f17e2fdddbb0a8048e3	gi|3030611269|ref|NR_199945.1|	91.216	444	33	5	4	445	335	774	5.91e-171	599	3435293
3bb4ddee2f248f17e2fdddbb0a8048e3	gi|2363081451|ref|NR_178972.1|	91.196	443	35	3	4	445	285	724	5.91e-171	599	1851428
3bb4ddee2f248f17e2fdddbb0a8048e3	gi|2363081449|ref|NR_178971.1|	91.724	435	30	5	4	436	285	715	5.91e-171	599	1851427
3bb4ddee2f248f17e2fdddbb0a8048e3	gi|265678656|ref|NR_028961.1|	91.196	443	35	3	4	445	327	766	5.91e-171	599	853
3bb4ddee2f248f17e2fdddbb0a8048e3	gi|2363084747|ref|NR_180622.1|	90.991	444	34	6	4	445	335	774	2.75e-169	593	2779354
3bb4ddee2f248f17e2fdddbb0a8048e3	gi|2962412223|ref|NR_199417.1|	90.745	443	37	4	4	445	342	781	1.28e-167	588	3136601
3bb4ddee2f248f17e2fdddbb0a8048e3	gi|2363082282|ref|NR_179388.1|	90.519	443	38	3	4	445	335	774	5.95e-166	582	2935520
e2c037b9b302f3ee14a2b51a645f04f2	gi|1116030238|ref|NR_144696.1|	99.318	440	3	0	4	443	333	772	0.0	797	1414720
e2c037b9b302f3ee14a2b51a645f04f2	gi|219846899|ref|NR_026491.1|	99.318	440	3	0	4	443	319	758	0.0	797	84024
e2c037b9b302f3ee14a2b51a645f04f2	gi|219846557|ref|NR_026149.1|	98.409	440	7	0	4	443	325	764	0.0	774	36850
e2c037b9b302f3ee14a2b51a645f04f2	gi|219846575|ref|NR_026167.1|	98.190	442	5	2	4	443	246	686	0.0	773	36834
e2c037b9b302f3ee14a2b51a645f04f2	gi|219846422|ref|NR_026013.1|	97.727	440	10	0	4	443	333	772	0.0	758	46867
e2c037b9b302f3ee14a2b51a645f04f2	gi|2363082288|ref|NR_179391.1|	97.500	440	11	0	4	443	332	771	0.0	752	1499684
e2c037b9b302f3ee14a2b51a645f04f2	gi|631252127|ref|NR_113325.1|	97.500	440	11	0	4	443	333	772	0.0	752	1559
e2c037b9b302f3ee14a2b51a645f04f2	gi|219846898|ref|NR_026490.1|	97.500	440	11	0	4	443	320	759	0.0	752	84031
e2c037b9b302f3ee14a2b51a645f04f2	gi|310975222|ref|NR_037086.1|	97.500	440	11	0	4	443	316	755	0.0	752	1559
e2c037b9b302f3ee14a2b51a645f04f2	gi|636558671|ref|NR_114728.1|	97.500	440	11	0	4	443	287	726	0.0	752	1559
54be2c16a6f93b962fbab3ba1eb190f1	gi|2363086280|ref|NR_181392.1|	99.548	442	2	0	4	445	324	765	0.0	806	2763665
54be2c16a6f93b962fbab3ba1eb190f1	gi|2363082679|ref|NR_179587.1|	96.606	442	13	1	4	445	328	767	0.0	732	1926283
54be2c16a6f93b962fbab3ba1eb190f1	gi|2363081854|ref|NR_179173.1|	96.606	442	13	1	4	445	333	772	0.0	732	2126740
54be2c16a6f93b962fbab3ba1eb190f1	gi|1384992332|ref|NR_156081.1|	96.154	442	15	1	4	445	336	775	0.0	721	1469948
54be2c16a6f93b962fbab3ba1eb190f1	gi|1384992329|ref|NR_156078.1|	96.154	442	15	1	4	445	336	775	0.0	721	1469948
54be2c16a6f93b962fbab3ba1eb190f1	gi|3030611230|ref|NR_199906.1|	95.928	442	16	1	4	445	354	793	0.0	715	3123317
54be2c16a6f93b962fbab3ba1eb190f1	gi|3030611314|ref|NR_199990.1|	95.928	442	16	1	4	445	350	789	0.0	715	3123317
54be2c16a6f93b962fbab3ba1eb190f1	gi|1193829153|ref|NR_147396.1|	95.928	442	16	1	4	445	328	767	0.0	715	1917870
54be2c16a6f93b962fbab3ba1eb190f1	gi|1384992331|ref|NR_156080.1|	95.928	442	16	1	4	445	336	775	0.0	715	1469948
54be2c16a6f93b962fbab3ba1eb190f1	gi|1384992328|ref|NR_156077.1|	95.928	442	16	1	4	445	336	775	0.0	715	1469948
0a9ed44ccd1caee298a225b9ec6f80ff	gi|2621112340|ref|NR_189244.1|	94.796	442	23	0	4	445	363	804	0.0	689	3046382
0a9ed44ccd1caee298a225b9ec6f80ff	gi|2621112341|ref|NR_189245.1|	94.570	442	24	0	4	445	363	804	0.0	684	3046383
0a9ed44ccd1caee298a225b9ec6f80ff	gi|636559633|ref|NR_115693.1|	88.063	444	48	4	4	445	442	882	1.32e-147	521	694434
0a9ed44ccd1caee298a225b9ec6f80ff	gi|636559632|ref|NR_115692.1|	88.063	444	48	4	4	445	442	882	1.32e-147	521	694434
0a9ed44ccd1caee298a225b9ec6f80ff	gi|636559631|ref|NR_115691.1|	88.063	444	48	4	4	445	436	876	1.32e-147	521	694434
0a9ed44ccd1caee298a225b9ec6f80ff	gi|636559630|ref|NR_115690.1|	88.063	444	48	4	4	445	448	888	1.32e-147	521	694434
0a9ed44ccd1caee298a225b9ec6f80ff	gi|343198739|ref|NR_043559.1|	88.063	444	48	4	4	445	447	887	1.32e-147	521	694434
0a9ed44ccd1caee298a225b9ec6f80ff	gi|566085050|ref|NR_108636.1|	87.585	443	51	4	4	445	348	787	2.85e-144	510	682400
0a9ed44ccd1caee298a225b9ec6f80ff	gi|343198541|ref|NR_042834.1|	87.133	443	55	2	4	445	321	762	1.72e-141	501	235931
0a9ed44ccd1caee298a225b9ec6f80ff	gi|2836274966|ref|NR_197729.1|	86.907	443	54	4	4	445	304	743	2.87e-139	494	3093657
1fa8325a683629e67e6114723f39496c	gi|2363085169|ref|NR_180833.1|	96.818	440	14	0	4	443	337	776	0.0	736	2606635
1fa8325a683629e67e6114723f39496c	gi|343201474|ref|NR_042200.1|	96.818	440	14	0	4	443	318	757	0.0	736	333367
1fa8325a683629e67e6114723f39496c	gi|343205837|ref|NR_044289.1|	96.591	440	15	0	4	443	328	767	0.0	730	460384
1fa8325a683629e67e6114723f39496c	gi|2363082679|ref|NR_179587.1|	96.364	440	16	0	4	443	328	767	0.0	725	1926283
1fa8325a683629e67e6114723f39496c	gi|1384992332|ref|NR_156081.1|	96.364	440	16	0	4	443	336	775	0.0	725	1469948
1fa8325a683629e67e6114723f39496c	gi|1384992329|ref|NR_156078.1|	96.364	440	16	0	4	443	336	775	0.0	725	1469948
1fa8325a683629e67e6114723f39496c	gi|2363081854|ref|NR_179173.1|	96.364	440	16	0	4	443	333	772	0.0	725	2126740
1fa8325a683629e67e6114723f39496c	gi|3030611230|ref|NR_199906.1|	96.136	440	17	0	4	443	354	793	0.0	719	3123317
1fa8325a683629e67e6114723f39496c	gi|3030611314|ref|NR_199990.1|	96.136	440	17	0	4	443	350	789	0.0	719	3123317
1fa8325a683629e67e6114723f39496c	gi|1384992331|ref|NR_156080.1|	96.136	440	17	0	4	443	336	775	0.0	719	1469948
b77e26618706ee3c3ce4e3529c475ce1	gi|2363085149|ref|NR_180823.1|	95.682	440	19	0	4	443	357	796	0.0	708	2606634
b77e26618706ee3c3ce4e3529c475ce1	gi|2363086282|ref|NR_181393.1|	95.455	440	20	0	4	443	290	729	0.0	702	2763664
b77e26618706ee3c3ce4e3529c475ce1	gi|219857617|ref|NR_025206.1|	95.455	440	20	0	4	443	314	753	0.0	702	180286
b77e26618706ee3c3ce4e3529c475ce1	gi|2363086284|ref|NR_181394.1|	95.227	440	21	0	4	443	306	745	0.0	697	2763668
b77e26618706ee3c3ce4e3529c475ce1	gi|310974936|ref|NR_036800.1|	95.227	440	21	0	4	443	326	765	0.0	697	411470
b77e26618706ee3c3ce4e3529c475ce1	gi|645321810|ref|NR_118690.1|	95.227	440	21	0	4	443	338	777	0.0	697	411470
b77e26618706ee3c3ce4e3529c475ce1	gi|2363085169|ref|NR_180833.1|	95.000	440	22	0	4	443	337	776	0.0	691	2606635
b77e26618706ee3c3ce4e3529c475ce1	gi|2363082059|ref|NR_179276.1|	94.785	441	21	2	4	443	334	773	0.0	686	2316025
b77e26618706ee3c3ce4e3529c475ce1	gi|2363082679|ref|NR_179587.1|	94.773	440	23	0	4	443	328	767	0.0	686	1926283
b77e26618706ee3c3ce4e3529c475ce1	gi|2363081854|ref|NR_179173.1|	94.773	440	23	0	4	443	333	772	0.0	686	2126740
3f347d5274a4f8d7d91fd8b33b4bb012	gi|3030611269|ref|NR_199945.1|	95.682	440	19	0	4	443	335	774	0.0	708	3435293
3f347d5274a4f8d7d91fd8b33b4bb012	gi|1397641802|ref|NR_156911.1|	95.682	440	19	0	4	443	351	790	0.0	708	1650663
3f347d5274a4f8d7d91fd8b33b4bb012	gi|2363081451|ref|NR_178972.1|	95.455	440	20	0	4	443	285	724	0.0	702	1851428
3f347d5274a4f8d7d91fd8b33b4bb012	gi|265678656|ref|NR_028961.1|	95.465	441	18	2	4	443	327	766	0.0	702	853
3f347d5274a4f8d7d91fd8b33b4bb012	gi|2363080123|ref|NR_178280.1|	95.000	440	22	0	4	443	331	770	0.0	691	411483
3f347d5274a4f8d7d91fd8b33b4bb012	gi|2363082282|ref|NR_179388.1|	94.545	440	24	0	4	443	335	774	0.0	680	2935520
3f347d5274a4f8d7d91fd8b33b4bb012	gi|2363081449|ref|NR_178971.1|	94.545	440	23	1	4	443	285	723	0.0	678	1851427
3f347d5274a4f8d7d91fd8b33b4bb012	gi|2962412223|ref|NR_199417.1|	94.318	440	25	0	4	443	342	781	0.0	675	3136601
3f347d5274a4f8d7d91fd8b33b4bb012	gi|2363080175|ref|NR_178311.1|	94.331	441	23	2	4	443	412	851	0.0	675	2903556
3f347d5274a4f8d7d91fd8b33b4bb012	gi|1277396189|ref|NR_151900.1|	94.091	440	26	0	4	443	351	790	0.0	669	1550024
b23670a82a6ddfb6eeffc07449872ee8	gi|672239088|ref|NR_125677.1|	88.009	442	50	3	4	444	346	785	4.72e-147	520	1348613
b23670a82a6ddfb6eeffc07449872ee8	gi|1776910887|ref|NR_164620.1|	87.755	441	53	1	4	444	347	786	2.20e-145	514	2173034
b23670a82a6ddfb6eeffc07449872ee8	gi|3030611263|ref|NR_199939.1|	87.783	442	51	3	4	444	332	771	2.20e-145	514	3074434
b23670a82a6ddfb6eeffc07449872ee8	gi|1230874676|ref|NR_148837.1|	87.330	442	53	3	4	444	347	786	4.76e-142	503	1675854
b23670a82a6ddfb6eeffc07449872ee8	gi|645320438|ref|NR_117645.1|	87.330	442	53	3	4	444	345	784	4.76e-142	503	1185412
b23670a82a6ddfb6eeffc07449872ee8	gi|636559633|ref|NR_115693.1|	86.848	441	58	0	4	444	442	882	2.86e-139	494	694434
b23670a82a6ddfb6eeffc07449872ee8	gi|636559632|ref|NR_115692.1|	86.848	441	58	0	4	444	442	882	2.86e-139	494	694434
b23670a82a6ddfb6eeffc07449872ee8	gi|636559631|ref|NR_115691.1|	86.848	441	58	0	4	444	436	876	2.86e-139	494	694434
b23670a82a6ddfb6eeffc07449872ee8	gi|636559630|ref|NR_115690.1|	86.848	441	58	0	4	444	448	888	2.86e-139	494	694434
b23670a82a6ddfb6eeffc07449872ee8	gi|343198739|ref|NR_043559.1|	86.848	441	58	0	4	444	447	887	2.86e-139	494	694434
b17d0ddae4a786a0d6c67b209c44b2f2	gi|228718376|ref|NR_027573.1|	99.544	439	2	0	4	442	303	741	0.0	800	261299
b17d0ddae4a786a0d6c67b209c44b2f2	gi|645322235|ref|NR_119034.1|	98.405	439	6	1	4	442	320	757	0.0	771	1121321
b17d0ddae4a786a0d6c67b209c44b2f2	gi|631251934|ref|NR_113132.1|	98.178	439	8	0	4	442	321	759	0.0	767	1121308
b17d0ddae4a786a0d6c67b209c44b2f2	gi|2363081240|ref|NR_178864.1|	97.950	439	9	0	4	442	321	759	0.0	761	1507512
b17d0ddae4a786a0d6c67b209c44b2f2	gi|631251942|ref|NR_113140.1|	97.950	439	9	0	4	442	319	757	0.0	761	1505
b17d0ddae4a786a0d6c67b209c44b2f2	gi|631250975|ref|NR_112172.1|	97.945	438	9	0	5	442	313	750	0.0	761	1121308
b17d0ddae4a786a0d6c67b209c44b2f2	gi|645319814|ref|NR_117174.1|	97.722	439	10	0	4	442	316	754	0.0	756	1737
b17d0ddae4a786a0d6c67b209c44b2f2	gi|631250758|ref|NR_104812.1|	97.722	439	10	0	4	442	318	756	0.0	756	1737
b17d0ddae4a786a0d6c67b209c44b2f2	gi|559795110|ref|NR_104696.1|	97.722	439	10	0	4	442	319	757	0.0	756	29358
b17d0ddae4a786a0d6c67b209c44b2f2	gi|636559738|ref|NR_115798.1|	97.722	439	10	0	4	442	321	759	0.0	756	1737
b09f35b65dc9f8c25c0c46582f1afdb5	gi|1040567056|ref|NR_137405.1|	95.692	441	17	2	4	443	307	746	0.0	708	1619234
b09f35b65dc9f8c25c0c46582f1afdb5	gi|219857122|ref|NR_024750.1|	95.475	442	17	3	4	443	300	740	0.0	704	116085
b09f35b65dc9f8c25c0c46582f1afdb5	gi|3030611230|ref|NR_199906.1|	95.475	442	16	4	4	443	354	793	0.0	702	3123317
b09f35b65dc9f8c25c0c46582f1afdb5	gi|3030611314|ref|NR_199990.1|	95.475	442	16	4	4	443	350	789	0.0	702	3123317
b09f35b65dc9f8c25c0c46582f1afdb5	gi|1384992331|ref|NR_156080.1|	95.475	442	16	4	4	443	336	775	0.0	702	1469948
b09f35b65dc9f8c25c0c46582f1afdb5	gi|1384992328|ref|NR_156077.1|	95.475	442	16	4	4	443	336	775	0.0	702	1469948
b09f35b65dc9f8c25c0c46582f1afdb5	gi|1109168027|ref|NR_144612.1|	95.455	440	20	0	4	443	350	789	0.0	702	1796636
b09f35b65dc9f8c25c0c46582f1afdb5	gi|2363080283|ref|NR_178367.1|	95.455	440	20	0	4	443	328	767	0.0	702	673271
b09f35b65dc9f8c25c0c46582f1afdb5	gi|1277396183|ref|NR_151894.1|	95.455	440	20	0	4	443	335	774	0.0	702	433293
b09f35b65dc9f8c25c0c46582f1afdb5	gi|219878251|ref|NR_025390.1|	95.465	441	18	2	4	443	330	769	0.0	702	115544
feaaafc4876c591d0801043e24e31985	gi|2363087009|ref|NR_181761.1|	99.095	442	4	0	4	445	269	710	0.0	795	2841509
feaaafc4876c591d0801043e24e31985	gi|2363082930|ref|NR_179713.1|	95.711	443	18	1	4	445	319	761	0.0	712	1945634
feaaafc4876c591d0801043e24e31985	gi|343205971|ref|NR_044490.1|	93.933	445	23	4	4	445	348	791	0.0	669	501571
feaaafc4876c591d0801043e24e31985	gi|1193829128|ref|NR_147371.1|	93.213	442	29	1	4	445	277	717	0.0	649	1871029
feaaafc4876c591d0801043e24e31985	gi|545589041|ref|NR_044644.2|	92.308	442	33	1	4	445	354	794	0.0	634	39484
feaaafc4876c591d0801043e24e31985	gi|1277396349|ref|NR_152060.1|	92.325	443	33	1	4	445	336	778	7.54e-180	628	1712515
feaaafc4876c591d0801043e24e31985	gi|1277396271|ref|NR_151982.1|	92.325	443	33	1	4	445	248	690	7.54e-180	628	1628085
feaaafc4876c591d0801043e24e31985	gi|2136551638|ref|NR_173642.1|	89.165	443	47	1	4	445	349	791	1.68e-156	551	2678306
feaaafc4876c591d0801043e24e31985	gi|219846340|ref|NR_025930.1|	88.713	443	48	2	4	445	296	737	3.63e-153	540	40518
feaaafc4876c591d0801043e24e31985	gi|219857437|ref|NR_025025.1|	88.488	443	48	3	4	445	332	772	1.31e-152	538	100176
30bec427b613de16bcbb179de1542228	gi|265678854|ref|NR_029160.1|	93.905	443	22	5	4	444	293	732	0.0	664	40519
30bec427b613de16bcbb179de1542228	gi|507148077|ref|NR_102884.1|	92.971	441	30	1	4	444	331	770	0.0	641	213810
30bec427b613de16bcbb179de1542228	gi|3248465648|ref|NR_201660.1|	92.517	441	32	1	4	444	319	758	2.09e-180	630	3417630
30bec427b613de16bcbb179de1542228	gi|219846341|ref|NR_025931.1|	92.534	442	30	3	4	444	308	747	2.09e-180	630	1265
30bec427b613de16bcbb179de1542228	gi|636558832|ref|NR_114889.1|	92.290	441	32	2	4	444	277	715	9.73e-179	625	213810
30bec427b613de16bcbb179de1542228	gi|3248465644|ref|NR_201656.1|	90.930	441	39	1	4	444	329	768	9.87e-169	592	3417633
30bec427b613de16bcbb179de1542228	gi|1864207164|ref|NR_169458.1|	90.249	441	42	1	4	444	345	784	9.94e-164	575	2164149
30bec427b613de16bcbb179de1542228	gi|444303976|ref|NR_074399.1|	89.819	442	42	3	4	444	333	772	2.15e-160	564	697329
30bec427b613de16bcbb179de1542228	gi|631251834|ref|NR_113032.1|	89.819	442	42	3	4	444	333	772	2.15e-160	564	1264
30bec427b613de16bcbb179de1542228	gi|636559173|ref|NR_115230.1|	89.819	442	42	3	4	444	333	772	2.15e-160	564	697329
11db7206dfb44809296696ee1a44bc4a	gi|2363080123|ref|NR_178280.1|	92.777	443	26	6	4	443	331	770	0.0	636	411483
11db7206dfb44809296696ee1a44bc4a	gi|3030611269|ref|NR_199945.1|	92.308	442	30	4	4	443	335	774	9.71e-179	625	3435293
11db7206dfb44809296696ee1a44bc4a	gi|2363081449|ref|NR_178971.1|	92.325	443	27	7	4	443	285	723	3.49e-178	623	1851427
11db7206dfb44809296696ee1a44bc4a	gi|265678656|ref|NR_028961.1|	92.099	443	29	6	4	443	327	766	4.52e-177	619	853
11db7206dfb44809296696ee1a44bc4a	gi|2363081451|ref|NR_178972.1|	91.874	443	30	6	4	443	285	724	2.10e-175	614	1851428
11db7206dfb44809296696ee1a44bc4a	gi|2363082667|ref|NR_179581.1|	91.591	440	36	1	4	443	331	769	3.52e-173	606	1917873
11db7206dfb44809296696ee1a44bc4a	gi|559795255|ref|NR_104846.1|	91.422	443	32	6	4	443	288	727	4.55e-172	603	745368
11db7206dfb44809296696ee1a44bc4a	gi|2363084747|ref|NR_180622.1|	91.196	443	33	6	4	443	335	774	2.12e-170	597	2779354
11db7206dfb44809296696ee1a44bc4a	gi|2363082282|ref|NR_179388.1|	91.216	444	31	8	4	443	335	774	2.12e-170	597	2935520
11db7206dfb44809296696ee1a44bc4a	gi|1277396189|ref|NR_151900.1|	90.991	444	32	8	4	443	351	790	9.85e-169	592	1550024
d552011b20a7439208e90b8f0ac783ab	gi|2363086286|ref|NR_181395.1|	96.825	441	14	0	4	444	297	737	0.0	737	2763669
d552011b20a7439208e90b8f0ac783ab	gi|2621112325|ref|NR_189228.1|	96.372	441	16	0	4	444	303	743	0.0	726	2897778
d552011b20a7439208e90b8f0ac783ab	gi|645322302|ref|NR_119085.1|	94.785	441	20	2	4	444	347	784	0.0	684	29364
d552011b20a7439208e90b8f0ac783ab	gi|1277396381|ref|NR_152095.1|	93.424	441	28	1	4	444	348	787	0.0	652	1679721
d552011b20a7439208e90b8f0ac783ab	gi|1227086118|ref|NR_148620.1|	93.424	441	28	1	4	444	195	634	0.0	652	1763509
d552011b20a7439208e90b8f0ac783ab	gi|1277396183|ref|NR_151894.1|	93.424	441	28	1	4	444	335	774	0.0	652	433293
d552011b20a7439208e90b8f0ac783ab	gi|343202586|ref|NR_042953.1|	93.424	441	28	1	4	444	308	747	0.0	652	264463
d552011b20a7439208e90b8f0ac783ab	gi|645321749|ref|NR_118643.1|	93.197	441	29	1	4	444	254	693	0.0	647	1432052
d552011b20a7439208e90b8f0ac783ab	gi|631252121|ref|NR_113319.1|	93.197	441	29	1	4	444	350	789	0.0	647	645466
d552011b20a7439208e90b8f0ac783ab	gi|219846511|ref|NR_026103.1|	93.197	441	29	1	4	444	316	755	0.0	647	37658
2121b3e438ffa1158cf6d2209b826f22	gi|2363082165|ref|NR_179329.1|	94.570	442	24	0	4	445	327	768	0.0	684	2714353
2121b3e438ffa1158cf6d2209b826f22	gi|2363082168|ref|NR_179330.1|	93.891	442	27	0	4	445	327	768	0.0	667	2714355
2121b3e438ffa1158cf6d2209b826f22	gi|2363082569|ref|NR_179531.1|	93.468	444	25	4	4	445	347	788	0.0	656	1852369
2121b3e438ffa1158cf6d2209b826f22	gi|1109168025|ref|NR_144611.1|	92.325	443	33	1	4	445	282	724	7.54e-180	628	1417852
2121b3e438ffa1158cf6d2209b826f22	gi|3030611324|ref|NR_200000.1|	92.099	443	34	1	4	445	301	743	3.51e-178	623	3342383
2121b3e438ffa1158cf6d2209b826f22	gi|1269801610|ref|NR_074793.2|	92.099	443	33	2	4	445	355	796	3.51e-178	623	351091
2121b3e438ffa1158cf6d2209b826f22	gi|343200653|ref|NR_041340.1|	92.099	443	33	2	4	445	328	769	3.51e-178	623	351091
2121b3e438ffa1158cf6d2209b826f22	gi|2136551692|ref|NR_173697.1|	91.855	442	36	0	4	445	349	790	1.63e-176	617	2108523
2121b3e438ffa1158cf6d2209b826f22	gi|645321110|ref|NR_118156.1|	91.910	445	30	5	4	445	304	745	1.63e-176	617	1007096
2121b3e438ffa1158cf6d2209b826f22	gi|3030611323|ref|NR_199999.1|	91.648	443	36	1	4	445	301	743	7.59e-175	612	3133422
7fe0e9987ff4efbd28ac523d478cc368	gi|3030611269|ref|NR_199945.1|	93.878	441	25	2	4	443	335	774	0.0	664	3435293
7fe0e9987ff4efbd28ac523d478cc368	gi|265678656|ref|NR_028961.1|	93.665	442	24	4	4	443	327	766	0.0	658	853
7fe0e9987ff4efbd28ac523d478cc368	gi|2363081451|ref|NR_178972.1|	93.439	442	25	4	4	443	285	724	0.0	652	1851428
7fe0e9987ff4efbd28ac523d478cc368	gi|2363080123|ref|NR_178280.1|	93.439	442	25	4	4	443	331	770	0.0	652	411483
7fe0e9987ff4efbd28ac523d478cc368	gi|2363081449|ref|NR_178971.1|	93.533	433	24	4	4	434	285	715	0.0	641	1851427
7fe0e9987ff4efbd28ac523d478cc368	gi|2363082282|ref|NR_179388.1|	92.777	443	26	6	4	443	335	774	0.0	636	2935520
7fe0e9987ff4efbd28ac523d478cc368	gi|2363082356|ref|NR_179425.1|	91.837	441	34	2	4	443	351	790	2.10e-175	614	1689304
7fe0e9987ff4efbd28ac523d478cc368	gi|2363084747|ref|NR_180622.1|	91.648	443	31	6	4	443	335	774	9.78e-174	608	2779354
7fe0e9987ff4efbd28ac523d478cc368	gi|1397641802|ref|NR_156911.1|	91.383	441	36	2	4	443	351	790	4.55e-172	603	1650663
7fe0e9987ff4efbd28ac523d478cc368	gi|2363080175|ref|NR_178311.1|	91.176	442	35	4	4	443	412	851	2.12e-170	597	2903556
130a5d9a3c8902ccee9923cb325def5b	gi|2363081254|ref|NR_178871.1|	89.438	445	41	6	4	446	337	777	3.62e-158	556	1792311
130a5d9a3c8902ccee9923cb325def5b	gi|2363086264|ref|NR_181384.1|	89.462	446	38	9	4	446	250	689	1.30e-157	555	2763660
130a5d9a3c8902ccee9923cb325def5b	gi|444304204|ref|NR_074629.1|	89.087	449	37	9	4	446	341	783	2.18e-155	547	1515
130a5d9a3c8902ccee9923cb325def5b	gi|631251959|ref|NR_113157.1|	89.087	449	37	9	4	446	341	783	2.18e-155	547	1515
130a5d9a3c8902ccee9923cb325def5b	gi|343200549|ref|NR_041236.1|	88.939	443	47	2	4	446	321	761	7.83e-155	545	1122184
130a5d9a3c8902ccee9923cb325def5b	gi|2363084120|ref|NR_180309.1|	88.864	449	38	9	4	446	289	731	1.01e-153	542	2487273
130a5d9a3c8902ccee9923cb325def5b	gi|785794309|ref|NG_041947.1|	88.839	448	40	10	4	446	469	911	1.01e-153	542	394503
130a5d9a3c8902ccee9923cb325def5b	gi|785497611|ref|NR_102768.2|	88.839	448	40	10	4	446	330	772	1.01e-153	542	1521
130a5d9a3c8902ccee9923cb325def5b	gi|631252162|ref|NR_113360.1|	88.864	449	38	12	4	446	339	781	1.01e-153	542	1121303
130a5d9a3c8902ccee9923cb325def5b	gi|645319736|ref|NR_117111.1|	88.864	449	38	12	4	446	336	778	1.01e-153	542	29371
343fb8cc69426d63675025f9e6dc1be6	gi|265678882|ref|NR_029188.1|	96.989	465	14	0	4	468	324	788	0.0	782	847
343fb8cc69426d63675025f9e6dc1be6	gi|645320939|ref|NR_118029.1|	96.559	465	16	0	4	468	310	774	0.0	771	1051899
343fb8cc69426d63675025f9e6dc1be6	gi|645320272|ref|NR_117517.1|	96.559	465	16	0	4	468	330	794	0.0	771	728004
343fb8cc69426d63675025f9e6dc1be6	gi|631252944|ref|NR_114142.1|	96.344	465	17	0	4	468	310	774	0.0	765	964
343fb8cc69426d63675025f9e6dc1be6	gi|645320956|ref|NR_118039.1|	96.352	466	16	1	4	468	329	794	0.0	765	1064516
343fb8cc69426d63675025f9e6dc1be6	gi|559795170|ref|NR_104759.1|	96.344	465	17	0	4	468	325	789	0.0	765	933080
343fb8cc69426d63675025f9e6dc1be6	gi|636558663|ref|NR_114720.1|	96.344	465	17	0	4	468	294	758	0.0	765	964
343fb8cc69426d63675025f9e6dc1be6	gi|265679021|ref|NR_029329.1|	96.344	465	17	0	4	468	330	794	0.0	765	964
343fb8cc69426d63675025f9e6dc1be6	gi|645320959|ref|NR_118041.1|	96.137	466	16	2	4	468	329	793	0.0	761	1064518
343fb8cc69426d63675025f9e6dc1be6	gi|1679775940|ref|NR_163661.1|	96.137	466	16	2	4	468	279	743	0.0	760	2014887
d4cd956184691570f55d76a907e98047	gi|636558732|ref|NR_114789.1|	99.545	440	2	0	4	443	347	786	0.0	802	1535
d4cd956184691570f55d76a907e98047	gi|2363082767|ref|NR_179632.1|	94.545	440	24	0	4	443	337	776	0.0	680	2014781
d4cd956184691570f55d76a907e98047	gi|3248465687|ref|NR_201701.1|	94.357	443	22	1	4	443	330	772	0.0	676	3435187
d4cd956184691570f55d76a907e98047	gi|3248465688|ref|NR_201702.1|	94.357	443	22	1	4	443	328	770	0.0	676	3435000
d4cd956184691570f55d76a907e98047	gi|2836274967|ref|NR_197730.1|	93.636	440	28	0	4	443	312	751	0.0	658	3093658
d4cd956184691570f55d76a907e98047	gi|2180566484|ref|NR_174324.1|	93.636	440	28	0	4	443	346	785	0.0	658	2576756
d4cd956184691570f55d76a907e98047	gi|2836274966|ref|NR_197729.1|	93.409	440	29	0	4	443	304	743	0.0	652	3093657
d4cd956184691570f55d76a907e98047	gi|1109168013|ref|NR_144605.1|	93.409	440	29	0	4	443	367	806	0.0	652	1796620
d4cd956184691570f55d76a907e98047	gi|1116030278|ref|NR_144736.1|	93.409	440	29	0	4	443	360	799	0.0	652	1776382
d4cd956184691570f55d76a907e98047	gi|2363085985|ref|NR_181245.1|	93.409	440	29	0	4	443	284	723	0.0	652	2666138
8f35b55890c2234b9002eac29ef8ee77	gi|1384992332|ref|NR_156081.1|	94.091	440	26	0	4	443	336	775	0.0	669	1469948
8f35b55890c2234b9002eac29ef8ee77	gi|1384992329|ref|NR_156078.1|	94.091	440	26	0	4	443	336	775	0.0	669	1469948
8f35b55890c2234b9002eac29ef8ee77	gi|3030611230|ref|NR_199906.1|	93.864	440	27	0	4	443	354	793	0.0	664	3123317
8f35b55890c2234b9002eac29ef8ee77	gi|3030611314|ref|NR_199990.1|	93.864	440	27	0	4	443	350	789	0.0	664	3123317
8f35b55890c2234b9002eac29ef8ee77	gi|1384992331|ref|NR_156080.1|	93.864	440	27	0	4	443	336	775	0.0	664	1469948
8f35b55890c2234b9002eac29ef8ee77	gi|1384992328|ref|NR_156077.1|	93.864	440	27	0	4	443	336	775	0.0	664	1469948
8f35b55890c2234b9002eac29ef8ee77	gi|343201474|ref|NR_042200.1|	93.636	440	28	0	4	443	318	757	0.0	658	333367
8f35b55890c2234b9002eac29ef8ee77	gi|2363086280|ref|NR_181392.1|	93.439	442	27	1	4	443	324	765	0.0	654	2763665
8f35b55890c2234b9002eac29ef8ee77	gi|2363082679|ref|NR_179587.1|	93.409	440	29	0	4	443	328	767	0.0	652	1926283
8f35b55890c2234b9002eac29ef8ee77	gi|2363081854|ref|NR_179173.1|	93.409	440	29	0	4	443	333	772	0.0	652	2126740
cae7826633f25fc601cc7088e27279c9	gi|2363085169|ref|NR_180833.1|	95.227	440	21	0	4	443	337	776	0.0	697	2606635
cae7826633f25fc601cc7088e27279c9	gi|343201474|ref|NR_042200.1|	95.000	440	22	0	4	443	318	757	0.0	691	333367
cae7826633f25fc601cc7088e27279c9	gi|3030611230|ref|NR_199906.1|	94.773	440	23	0	4	443	354	793	0.0	686	3123317
cae7826633f25fc601cc7088e27279c9	gi|3030611314|ref|NR_199990.1|	94.773	440	23	0	4	443	350	789	0.0	686	3123317
cae7826633f25fc601cc7088e27279c9	gi|1384992332|ref|NR_156081.1|	94.785	441	21	2	4	443	336	775	0.0	686	1469948
cae7826633f25fc601cc7088e27279c9	gi|1384992331|ref|NR_156080.1|	94.773	440	23	0	4	443	336	775	0.0	686	1469948
cae7826633f25fc601cc7088e27279c9	gi|1384992329|ref|NR_156078.1|	94.785	441	21	2	4	443	336	775	0.0	686	1469948
cae7826633f25fc601cc7088e27279c9	gi|1384992328|ref|NR_156077.1|	94.773	440	23	0	4	443	336	775	0.0	686	1469948
cae7826633f25fc601cc7088e27279c9	gi|2363086284|ref|NR_181394.1|	94.773	440	23	0	4	443	306	745	0.0	686	2763668
cae7826633f25fc601cc7088e27279c9	gi|343205837|ref|NR_044289.1|	94.773	440	23	0	4	443	328	767	0.0	686	460384
3d8880713adeb4d9fff94f1590b1ce9f	gi|343198784|ref|NR_043681.1|	99.318	440	3	0	4	443	313	752	0.0	797	358743
3d8880713adeb4d9fff94f1590b1ce9f	gi|645321072|ref|NR_118128.1|	98.864	440	5	0	4	443	174	613	0.0	785	1531
3d8880713adeb4d9fff94f1590b1ce9f	gi|631252212|ref|NR_113410.1|	98.864	440	5	0	4	443	257	696	0.0	785	208479
3d8880713adeb4d9fff94f1590b1ce9f	gi|219878428|ref|NR_025567.1|	98.864	440	5	0	4	443	348	787	0.0	785	208479
3d8880713adeb4d9fff94f1590b1ce9f	gi|2363082583|ref|NR_179538.1|	98.636	440	6	0	4	443	346	785	0.0	780	1852382
3d8880713adeb4d9fff94f1590b1ce9f	gi|545589118|ref|NR_044715.2|	98.409	440	7	0	4	443	355	794	0.0	776	1531
3d8880713adeb4d9fff94f1590b1ce9f	gi|2363085097|ref|NR_180797.1|	96.591	440	15	0	4	443	346	785	0.0	730	2605778
3d8880713adeb4d9fff94f1590b1ce9f	gi|343201474|ref|NR_042200.1|	96.591	440	15	0	4	443	318	757	0.0	730	333367
3d8880713adeb4d9fff94f1590b1ce9f	gi|343205837|ref|NR_044289.1|	96.364	440	16	0	4	443	328	767	0.0	725	460384
3d8880713adeb4d9fff94f1590b1ce9f	gi|1193829153|ref|NR_147396.1|	96.136	440	17	0	4	443	328	767	0.0	719	1917870
db9ba6db16b437a8e0ec06ef680ceb8f	gi|343206380|ref|NR_044972.1|	93.018	444	29	2	4	446	331	773	0.0	651	44749
db9ba6db16b437a8e0ec06ef680ceb8f	gi|2363082342|ref|NR_179418.1|	92.551	443	33	0	4	446	348	790	0.0	636	1673721
db9ba6db16b437a8e0ec06ef680ceb8f	gi|645321110|ref|NR_118156.1|	92.099	443	34	1	4	446	304	745	3.52e-178	623	1007096
db9ba6db16b437a8e0ec06ef680ceb8f	gi|219857437|ref|NR_025025.1|	91.892	444	32	4	4	446	332	772	3.52e-178	623	100176
db9ba6db16b437a8e0ec06ef680ceb8f	gi|3030611324|ref|NR_200000.1|	91.874	443	36	0	4	446	301	743	4.55e-177	619	3342383
db9ba6db16b437a8e0ec06ef680ceb8f	gi|2363082168|ref|NR_179330.1|	91.874	443	35	1	4	446	327	768	1.64e-176	617	2714355
db9ba6db16b437a8e0ec06ef680ceb8f	gi|2363082165|ref|NR_179329.1|	91.892	444	33	3	4	446	327	768	1.64e-176	617	2714353
db9ba6db16b437a8e0ec06ef680ceb8f	gi|1109168025|ref|NR_144611.1|	91.648	443	37	0	4	446	282	724	2.12e-175	614	1417852
db9ba6db16b437a8e0ec06ef680ceb8f	gi|645321636|ref|NR_118554.1|	91.685	445	33	4	4	446	329	771	2.12e-175	614	1297617
db9ba6db16b437a8e0ec06ef680ceb8f	gi|219846612|ref|NR_026204.1|	91.011	445	36	4	4	446	328	770	5.93e-171	599	47246
558855205a388c969b99eee6e296229a	gi|2363085169|ref|NR_180833.1|	96.364	440	16	0	4	443	337	776	0.0	725	2606635
558855205a388c969b99eee6e296229a	gi|2363082679|ref|NR_179587.1|	95.000	440	22	0	4	443	328	767	0.0	691	1926283
558855205a388c969b99eee6e296229a	gi|2363081854|ref|NR_179173.1|	95.000	440	22	0	4	443	333	772	0.0	691	2126740
558855205a388c969b99eee6e296229a	gi|559795307|ref|NR_104899.1|	94.773	440	23	0	4	443	328	767	0.0	686	384636
558855205a388c969b99eee6e296229a	gi|310975204|ref|NR_037068.1|	94.773	440	23	0	4	443	341	780	0.0	686	29375
558855205a388c969b99eee6e296229a	gi|1384992332|ref|NR_156081.1|	94.545	440	24	0	4	443	336	775	0.0	680	1469948
558855205a388c969b99eee6e296229a	gi|1384992329|ref|NR_156078.1|	94.545	440	24	0	4	443	336	775	0.0	680	1469948
558855205a388c969b99eee6e296229a	gi|265678424|ref|NR_028726.1|	94.545	440	24	0	4	443	348	787	0.0	680	94868
558855205a388c969b99eee6e296229a	gi|645322280|ref|NR_119068.1|	94.545	440	23	1	4	443	315	753	0.0	678	36832
558855205a388c969b99eee6e296229a	gi|3030611230|ref|NR_199906.1|	94.318	440	25	0	4	443	354	793	0.0	675	3123317
af3d12c03d6b965fa494fc8b2fd37049	gi|959494895|ref|NR_133762.1|	97.045	440	13	0	4	443	301	740	0.0	741	1096246
af3d12c03d6b965fa494fc8b2fd37049	gi|310975064|ref|NR_036928.1|	97.045	440	13	0	4	443	333	772	0.0	741	154046
af3d12c03d6b965fa494fc8b2fd37049	gi|2363082679|ref|NR_179587.1|	96.818	440	14	0	4	443	328	767	0.0	736	1926283
af3d12c03d6b965fa494fc8b2fd37049	gi|2363081854|ref|NR_179173.1|	96.818	440	14	0	4	443	333	772	0.0	736	2126740
af3d12c03d6b965fa494fc8b2fd37049	gi|3030611230|ref|NR_199906.1|	96.364	440	16	0	4	443	354	793	0.0	725	3123317
af3d12c03d6b965fa494fc8b2fd37049	gi|2363085169|ref|NR_180833.1|	96.364	440	16	0	4	443	337	776	0.0	725	2606635
af3d12c03d6b965fa494fc8b2fd37049	gi|3030611314|ref|NR_199990.1|	96.364	440	16	0	4	443	350	789	0.0	725	3123317
af3d12c03d6b965fa494fc8b2fd37049	gi|1384992331|ref|NR_156080.1|	96.364	440	16	0	4	443	336	775	0.0	725	1469948
af3d12c03d6b965fa494fc8b2fd37049	gi|1384992328|ref|NR_156077.1|	96.364	440	16	0	4	443	336	775	0.0	725	1469948
af3d12c03d6b965fa494fc8b2fd37049	gi|1193829153|ref|NR_147396.1|	96.136	440	17	0	4	443	328	767	0.0	719	1917870
7bc48790415084f5e055c31caf179196	gi|265678558|ref|NR_028862.1|	98.925	465	5	0	4	468	359	823	0.0	832	209880
7bc48790415084f5e055c31caf179196	gi|219846637|ref|NR_026229.1|	93.348	466	29	2	4	468	336	800	0.0	688	39950
7bc48790415084f5e055c31caf179196	gi|631252158|ref|NR_113356.1|	90.385	468	38	7	4	468	355	818	1.04e-173	608	309120
7bc48790415084f5e055c31caf179196	gi|343198462|ref|NR_041895.1|	90.385	468	38	7	4	468	296	759	1.04e-173	608	888062
7bc48790415084f5e055c31caf179196	gi|343205749|ref|NR_044153.1|	89.126	469	43	8	4	468	326	790	8.12e-165	579	419208
7bc48790415084f5e055c31caf179196	gi|631252372|ref|NR_113570.1|	89.149	470	41	9	4	468	333	797	2.92e-164	577	1110546
7bc48790415084f5e055c31caf179196	gi|343202582|ref|NR_042940.1|	89.149	470	41	9	4	468	238	702	2.92e-164	577	248315
7bc48790415084f5e055c31caf179196	gi|444439665|ref|NR_074980.1|	88.936	470	42	9	4	468	353	817	1.36e-162	571	479436
7bc48790415084f5e055c31caf179196	gi|631252179|ref|NR_113377.1|	88.913	469	44	7	4	468	353	817	1.36e-162	571	103892
7bc48790415084f5e055c31caf179196	gi|631251833|ref|NR_113031.1|	88.936	470	42	9	4	468	353	817	1.36e-162	571	29466
277654278decaa4d720887d949c917e2	gi|265678656|ref|NR_028961.1|	96.657	329	11	0	141	469	438	766	2.30e-155	547	853
277654278decaa4d720887d949c917e2	gi|3030611269|ref|NR_199945.1|	96.353	329	12	0	141	469	446	774	1.07e-153	542	3435293
277654278decaa4d720887d949c917e2	gi|2363081451|ref|NR_178972.1|	96.353	329	12	0	141	469	396	724	1.07e-153	542	1851428
277654278decaa4d720887d949c917e2	gi|2363080123|ref|NR_178280.1|	96.353	329	12	0	141	469	442	770	1.07e-153	542	411483
277654278decaa4d720887d949c917e2	gi|2363081449|ref|NR_178971.1|	96.049	329	12	1	141	469	396	723	1.79e-151	534	1851427
277654278decaa4d720887d949c917e2	gi|2363082282|ref|NR_179388.1|	95.455	330	13	2	141	469	446	774	1.08e-148	525	2935520
277654278decaa4d720887d949c917e2	gi|2363080175|ref|NR_178311.1|	94.225	329	19	0	141	469	523	851	5.04e-142	503	2903556
277654278decaa4d720887d949c917e2	gi|2363084747|ref|NR_180622.1|	93.072	332	17	5	141	469	446	774	2.36e-135	481	2779354
277654278decaa4d720887d949c917e2	gi|2363082356|ref|NR_179425.1|	92.447	331	21	3	141	469	462	790	5.11e-132	470	1689304
277654278decaa4d720887d949c917e2	gi|1397641802|ref|NR_156911.1|	93.831	308	19	0	162	469	483	790	2.38e-130	464	1650663
f7f05631d6766db78c03c90db34c2a23	gi|3248465644|ref|NR_201656.1|	95.692	441	18	1	4	444	329	768	0.0	708	3417633
f7f05631d6766db78c03c90db34c2a23	gi|507148077|ref|NR_102884.1|	93.878	441	26	1	4	444	331	770	0.0	664	213810
f7f05631d6766db78c03c90db34c2a23	gi|444303976|ref|NR_074399.1|	93.878	441	26	1	4	444	333	772	0.0	664	697329
f7f05631d6766db78c03c90db34c2a23	gi|631251834|ref|NR_113032.1|	93.878	441	26	1	4	444	333	772	0.0	664	1264
f7f05631d6766db78c03c90db34c2a23	gi|636559173|ref|NR_115230.1|	93.878	441	26	1	4	444	333	772	0.0	664	697329
f7f05631d6766db78c03c90db34c2a23	gi|219846339|ref|NR_025929.1|	93.878	441	26	1	4	444	328	767	0.0	664	697329
f7f05631d6766db78c03c90db34c2a23	gi|2363082601|ref|NR_179547.1|	93.651	441	27	1	4	444	347	786	0.0	658	1870991
f7f05631d6766db78c03c90db34c2a23	gi|636558832|ref|NR_114889.1|	93.651	441	26	2	4	444	277	715	0.0	658	213810
f7f05631d6766db78c03c90db34c2a23	gi|3248465648|ref|NR_201660.1|	93.424	441	28	1	4	444	319	758	0.0	652	3417630
f7f05631d6766db78c03c90db34c2a23	gi|219846341|ref|NR_025931.1|	92.760	442	29	3	4	444	308	747	0.0	636	1265
9a98b92527f29c9cb02673d0b960009b	gi|2363082342|ref|NR_179418.1|	93.243	444	28	2	4	446	348	790	0.0	652	1673721
9a98b92527f29c9cb02673d0b960009b	gi|2363082168|ref|NR_179330.1|	93.243	444	27	3	4	446	327	768	0.0	651	2714355
9a98b92527f29c9cb02673d0b960009b	gi|2363082165|ref|NR_179329.1|	93.243	444	27	3	4	446	327	768	0.0	651	2714353
9a98b92527f29c9cb02673d0b960009b	gi|1109168025|ref|NR_144611.1|	92.099	443	35	0	4	446	282	724	9.78e-179	625	1417852
9a98b92527f29c9cb02673d0b960009b	gi|343206380|ref|NR_044972.1|	91.667	444	35	2	4	446	331	773	1.64e-176	617	44749
9a98b92527f29c9cb02673d0b960009b	gi|3030611324|ref|NR_200000.1|	91.667	444	35	2	4	446	301	743	2.12e-175	614	3342383
9a98b92527f29c9cb02673d0b960009b	gi|1193829127|ref|NR_147370.1|	91.667	444	35	2	4	446	349	791	2.12e-175	614	1870988
9a98b92527f29c9cb02673d0b960009b	gi|219857437|ref|NR_025025.1|	91.422	443	36	2	4	446	332	772	7.61e-175	612	100176
9a98b92527f29c9cb02673d0b960009b	gi|2136551692|ref|NR_173697.1|	91.441	444	35	3	4	446	349	790	3.54e-173	606	2108523
9a98b92527f29c9cb02673d0b960009b	gi|2363084741|ref|NR_180619.1|	91.216	444	37	2	4	446	347	789	4.58e-172	603	2779352
074fd320b4be5faf6a99913e3423e28e	gi|2363086276|ref|NR_181390.1|	94.331	441	22	3	4	442	304	743	0.0	673	2763659
074fd320b4be5faf6a99913e3423e28e	gi|1445136071|ref|NR_158111.1|	93.409	440	27	2	4	442	349	787	0.0	651	2038680
074fd320b4be5faf6a99913e3423e28e	gi|1277396348|ref|NR_152059.1|	93.213	442	27	2	4	442	272	713	0.0	647	1849041
074fd320b4be5faf6a99913e3423e28e	gi|2363082561|ref|NR_179527.1|	93.213	442	27	2	4	442	336	777	0.0	647	1841868
074fd320b4be5faf6a99913e3423e28e	gi|1193829135|ref|NR_147378.1|	92.971	441	29	1	4	442	339	779	0.0	641	1871035
074fd320b4be5faf6a99913e3423e28e	gi|343202572|ref|NR_042930.1|	92.727	440	30	2	4	442	366	804	0.0	634	258515
074fd320b4be5faf6a99913e3423e28e	gi|2363082755|ref|NR_179626.1|	92.273	440	32	2	4	442	351	789	3.48e-178	623	1987501
074fd320b4be5faf6a99913e3423e28e	gi|1193829155|ref|NR_147398.1|	92.045	440	33	2	4	442	351	789	1.62e-176	617	1720200
074fd320b4be5faf6a99913e3423e28e	gi|2363082585|ref|NR_179539.1|	91.800	439	36	0	4	442	351	789	7.54e-175	612	1852384
074fd320b4be5faf6a99913e3423e28e	gi|2363082601|ref|NR_179547.1|	91.591	440	36	1	4	442	347	786	3.51e-173	606	1870991
b4e147ae32bb9948c322981eb5b038de	gi|1116030269|ref|NR_144727.1|	88.636	440	50	0	4	443	335	774	4.68e-152	536	1673717
b4e147ae32bb9948c322981eb5b038de	gi|2363081254|ref|NR_178871.1|	88.662	441	49	1	4	443	337	777	4.68e-152	536	1792311
b4e147ae32bb9948c322981eb5b038de	gi|2363082366|ref|NR_179430.1|	88.435	441	49	2	4	443	351	790	2.18e-150	531	1720313
b4e147ae32bb9948c322981eb5b038de	gi|2363086264|ref|NR_181384.1|	88.435	441	49	2	4	443	250	689	2.18e-150	531	2763660
b4e147ae32bb9948c322981eb5b038de	gi|444303910|ref|NR_074333.1|	88.288	444	46	6	4	443	323	764	2.82e-149	527	663278
b4e147ae32bb9948c322981eb5b038de	gi|343202504|ref|NR_042828.1|	88.288	444	46	6	4	443	323	764	2.82e-149	527	663278
b4e147ae32bb9948c322981eb5b038de	gi|636559250|ref|NR_115307.1|	88.288	444	46	6	4	443	323	764	2.82e-149	527	663278
b4e147ae32bb9948c322981eb5b038de	gi|343199130|ref|NR_044624.1|	88.090	445	46	7	4	443	327	769	1.31e-147	521	29343
b4e147ae32bb9948c322981eb5b038de	gi|507148077|ref|NR_102884.1|	88.090	445	43	9	4	443	331	770	4.71e-147	520	213810
b4e147ae32bb9948c322981eb5b038de	gi|444303976|ref|NR_074399.1|	88.009	442	49	4	4	443	333	772	4.71e-147	520	697329
7fa382c5e8e5e83d081e81accd8ff9fb	gi|559795314|ref|NR_104907.1|	91.422	443	36	2	4	446	315	755	3.54e-173	606	290054
7fa382c5e8e5e83d081e81accd8ff9fb	gi|2136551683|ref|NR_173688.1|	91.216	444	34	5	4	446	321	760	5.93e-171	599	2780922
7fa382c5e8e5e83d081e81accd8ff9fb	gi|1445136071|ref|NR_158111.1|	90.766	444	35	4	4	446	349	787	1.28e-167	588	2038680
7fa382c5e8e5e83d081e81accd8ff9fb	gi|2363086276|ref|NR_181390.1|	90.112	445	37	7	4	446	304	743	1.29e-162	571	2763659
7fa382c5e8e5e83d081e81accd8ff9fb	gi|2363082755|ref|NR_179626.1|	90.090	444	38	6	4	446	351	789	1.29e-162	571	1987501
7fa382c5e8e5e83d081e81accd8ff9fb	gi|2363082601|ref|NR_179547.1|	90.135	446	35	8	4	446	347	786	1.29e-162	571	1870991
7fa382c5e8e5e83d081e81accd8ff9fb	gi|2363086260|ref|NR_181382.1|	89.686	446	37	9	4	446	322	761	2.80e-159	560	2763662
7fa382c5e8e5e83d081e81accd8ff9fb	gi|2363082585|ref|NR_179539.1|	89.640	444	40	6	4	446	351	789	2.80e-159	560	1852384
7fa382c5e8e5e83d081e81accd8ff9fb	gi|444303976|ref|NR_074399.1|	89.616	443	43	3	4	446	333	772	2.80e-159	560	697329
7fa382c5e8e5e83d081e81accd8ff9fb	gi|631251834|ref|NR_113032.1|	89.616	443	43	3	4	446	333	772	2.80e-159	560	1264
3c93a67f712574ce4626eb8cda1b1dfa	gi|631252213|ref|NR_113411.1|	94.783	460	24	0	4	463	341	800	0.0	717	537011
3c93a67f712574ce4626eb8cda1b1dfa	gi|343200190|ref|NR_040877.1|	94.565	460	25	0	4	463	341	800	0.0	713	537011
3c93a67f712574ce4626eb8cda1b1dfa	gi|2363084409|ref|NR_180452.1|	94.348	460	26	0	4	463	321	780	0.0	706	2518605
3c93a67f712574ce4626eb8cda1b1dfa	gi|631251922|ref|NR_113120.1|	91.558	462	35	4	4	463	339	798	0.0	634	28136
3c93a67f712574ce4626eb8cda1b1dfa	gi|265678842|ref|NR_029147.1|	91.577	463	33	6	4	463	344	803	0.0	634	28136
3c93a67f712574ce4626eb8cda1b1dfa	gi|631251894|ref|NR_113092.1|	91.304	460	40	0	4	463	329	788	7.86e-180	628	77768
3c93a67f712574ce4626eb8cda1b1dfa	gi|219878161|ref|NR_025300.1|	91.304	460	40	0	4	463	341	800	7.86e-180	628	77768
3c93a67f712574ce4626eb8cda1b1dfa	gi|631251907|ref|NR_113105.1|	91.087	460	41	0	4	463	329	788	3.66e-178	623	470565
3c93a67f712574ce4626eb8cda1b1dfa	gi|343199048|ref|NR_044407.1|	91.087	460	41	0	4	463	321	780	3.66e-178	623	470565
3c93a67f712574ce4626eb8cda1b1dfa	gi|566085557|ref|NR_109628.1|	90.870	460	42	0	4	463	322	781	1.70e-176	617	1177574
04e25cc5fe42c214da7b6659612666ec	gi|1811131545|ref|NR_165727.1|	95.270	444	20	1	4	446	358	801	0.0	702	2358141
04e25cc5fe42c214da7b6659612666ec	gi|1445136073|ref|NR_158113.1|	94.369	444	23	2	4	446	328	770	0.0	680	433287
04e25cc5fe42c214da7b6659612666ec	gi|631252210|ref|NR_113408.1|	93.228	443	30	0	4	446	351	793	0.0	652	28446
04e25cc5fe42c214da7b6659612666ec	gi|265678961|ref|NR_029269.1|	93.002	443	30	1	4	446	350	791	0.0	645	28446
04e25cc5fe42c214da7b6659612666ec	gi|1397641803|ref|NR_156912.1|	92.793	444	30	2	4	446	307	749	0.0	641	1450156
04e25cc5fe42c214da7b6659612666ec	gi|645320791|ref|NR_117912.1|	92.793	444	30	2	4	446	325	767	0.0	641	879970
04e25cc5fe42c214da7b6659612666ec	gi|219846061|ref|NR_025651.1|	92.793	444	30	2	4	446	350	792	0.0	641	160404
04e25cc5fe42c214da7b6659612666ec	gi|2363080848|ref|NR_178667.1|	92.517	441	31	2	4	443	340	779	2.10e-180	630	1473580
04e25cc5fe42c214da7b6659612666ec	gi|219846558|ref|NR_026150.1|	92.325	443	33	1	4	446	350	791	7.56e-180	628	36847
04e25cc5fe42c214da7b6659612666ec	gi|1230874676|ref|NR_148837.1|	92.117	444	30	3	4	446	347	786	1.26e-177	621	1675854
ef13570fe3049a99aa1dfaed4cb0cf0b	gi|343198925|ref|NR_044049.1|	96.136	440	17	0	4	443	316	755	0.0	719	33043
ef13570fe3049a99aa1dfaed4cb0cf0b	gi|636560687|ref|NR_116747.1|	95.909	440	18	0	4	443	301	740	0.0	713	1298596
ef13570fe3049a99aa1dfaed4cb0cf0b	gi|2363086278|ref|NR_181391.1|	95.227	440	21	0	4	443	249	688	0.0	697	2763670
ef13570fe3049a99aa1dfaed4cb0cf0b	gi|2363086282|ref|NR_181393.1|	95.000	440	22	0	4	443	290	729	0.0	691	2763664
ef13570fe3049a99aa1dfaed4cb0cf0b	gi|2363085133|ref|NR_180815.1|	94.773	440	23	0	4	443	350	789	0.0	686	2606633
ef13570fe3049a99aa1dfaed4cb0cf0b	gi|2363083556|ref|NR_180026.1|	94.773	440	23	0	4	443	348	787	0.0	686	2696678
ef13570fe3049a99aa1dfaed4cb0cf0b	gi|2136551593|ref|NR_173596.1|	94.785	441	22	1	4	443	301	741	0.0	686	1703332
ef13570fe3049a99aa1dfaed4cb0cf0b	gi|219856842|ref|NR_024661.1|	94.773	440	23	0	4	443	361	800	0.0	686	42322
ef13570fe3049a99aa1dfaed4cb0cf0b	gi|1909404440|ref|NR_170495.1|	94.545	440	24	0	4	443	355	794	0.0	680	2509240
ef13570fe3049a99aa1dfaed4cb0cf0b	gi|1384992332|ref|NR_156081.1|	94.545	440	24	0	4	443	336	775	0.0	680	1469948
b198a88498ff53e6a60fcd970cbd22d9	gi|444304209|ref|NR_074634.1|	97.500	440	11	0	4	443	350	789	0.0	752	515619
b198a88498ff53e6a60fcd970cbd22d9	gi|343198540|ref|NR_042832.1|	97.279	441	11	1	4	443	330	770	0.0	747	301302
b198a88498ff53e6a60fcd970cbd22d9	gi|645320588|ref|NR_117758.1|	96.380	442	14	1	4	443	322	763	0.0	726	166486
b198a88498ff53e6a60fcd970cbd22d9	gi|228716944|ref|NR_027557.1|	96.380	442	14	1	4	443	343	784	0.0	726	536231
b198a88498ff53e6a60fcd970cbd22d9	gi|444439494|ref|NR_074809.1|	96.372	441	15	1	4	443	350	790	0.0	725	585394
b198a88498ff53e6a60fcd970cbd22d9	gi|2363086282|ref|NR_181393.1|	96.136	440	17	0	4	443	290	729	0.0	719	2763664
b198a88498ff53e6a60fcd970cbd22d9	gi|343201282|ref|NR_042008.1|	96.145	441	15	2	4	443	341	780	0.0	719	585394
b198a88498ff53e6a60fcd970cbd22d9	gi|1227086116|ref|NR_148619.1|	95.928	442	16	2	4	443	301	742	0.0	715	1712665
b198a88498ff53e6a60fcd970cbd22d9	gi|636560687|ref|NR_116747.1|	95.682	440	19	0	4	443	301	740	0.0	708	1298596
b198a88498ff53e6a60fcd970cbd22d9	gi|343201281|ref|NR_042007.1|	95.495	444	14	5	4	443	343	784	0.0	704	622312
f9b0608eaac812f2305559821bbf382b	gi|1116030269|ref|NR_144727.1|	91.216	444	31	8	4	443	335	774	2.12e-170	597	1673717
f9b0608eaac812f2305559821bbf382b	gi|2180566484|ref|NR_174324.1|	91.156	441	37	2	4	443	346	785	2.12e-170	597	2576756
f9b0608eaac812f2305559821bbf382b	gi|444303976|ref|NR_074399.1|	90.724	442	37	3	4	443	333	772	4.58e-167	586	697329
f9b0608eaac812f2305559821bbf382b	gi|631251834|ref|NR_113032.1|	90.724	442	37	3	4	443	333	772	4.58e-167	586	1264
f9b0608eaac812f2305559821bbf382b	gi|636559173|ref|NR_115230.1|	90.724	442	37	3	4	443	333	772	4.58e-167	586	697329
f9b0608eaac812f2305559821bbf382b	gi|219846339|ref|NR_025929.1|	90.724	442	37	3	4	443	328	767	4.58e-167	586	697329
f9b0608eaac812f2305559821bbf382b	gi|1864207164|ref|NR_169458.1|	90.455	440	42	0	4	443	345	784	2.13e-165	580	2164149
f9b0608eaac812f2305559821bbf382b	gi|2363086264|ref|NR_181384.1|	90.498	442	38	3	4	443	250	689	2.13e-165	580	2763660
f9b0608eaac812f2305559821bbf382b	gi|265679047|ref|NR_029355.1|	90.455	440	42	0	4	443	332	771	2.13e-165	580	84026
f9b0608eaac812f2305559821bbf382b	gi|228717037|ref|NR_027558.1|	90.476	441	39	3	4	443	292	730	7.67e-165	579	169435
852d828e5cadae5b89827c2776b8ad1d	gi|1193829155|ref|NR_147398.1|	99.317	439	3	0	4	442	351	789	0.0	795	1720200
852d828e5cadae5b89827c2776b8ad1d	gi|2363082711|ref|NR_179603.1|	97.039	439	13	0	4	442	317	755	0.0	739	1944642
852d828e5cadae5b89827c2776b8ad1d	gi|228717037|ref|NR_027558.1|	94.533	439	24	0	4	442	292	730	0.0	678	169435
852d828e5cadae5b89827c2776b8ad1d	gi|1116030290|ref|NR_144748.1|	94.305	439	25	0	4	442	335	773	0.0	673	2897707
852d828e5cadae5b89827c2776b8ad1d	gi|2363082340|ref|NR_179417.1|	94.305	439	25	0	4	442	345	783	0.0	673	1673720
852d828e5cadae5b89827c2776b8ad1d	gi|2363082625|ref|NR_179559.1|	92.744	441	30	2	4	442	333	773	0.0	636	1871018
852d828e5cadae5b89827c2776b8ad1d	gi|2363082755|ref|NR_179626.1|	92.255	439	34	0	4	442	351	789	3.48e-178	623	1987501
852d828e5cadae5b89827c2776b8ad1d	gi|343205927|ref|NR_044425.1|	92.273	440	33	1	4	442	346	785	3.48e-178	623	474960
852d828e5cadae5b89827c2776b8ad1d	gi|343202572|ref|NR_042930.1|	92.255	439	34	0	4	442	366	804	3.48e-178	623	258515
852d828e5cadae5b89827c2776b8ad1d	gi|1277396348|ref|NR_152059.1|	92.081	442	32	2	4	442	272	713	4.51e-177	619	1849041
27982aa40391230b671b05c4b70576a6	gi|2363086266|ref|NR_181385.1|	96.711	456	15	0	4	459	296	751	0.0	760	2763661
27982aa40391230b671b05c4b70576a6	gi|1230874676|ref|NR_148837.1|	89.059	457	32	8	4	459	347	786	1.73e-156	551	1675854
27982aa40391230b671b05c4b70576a6	gi|645320438|ref|NR_117645.1|	89.059	457	32	8	4	459	345	784	1.73e-156	551	1185412
27982aa40391230b671b05c4b70576a6	gi|1397641803|ref|NR_156912.1|	88.865	458	34	8	4	459	307	749	2.24e-155	547	1450156
27982aa40391230b671b05c4b70576a6	gi|2136551594|ref|NR_173597.1|	88.816	456	35	5	4	459	348	787	8.07e-155	545	2662126
27982aa40391230b671b05c4b70576a6	gi|645320791|ref|NR_117912.1|	88.646	458	35	10	4	459	325	767	1.04e-153	542	879970
27982aa40391230b671b05c4b70576a6	gi|3030611263|ref|NR_199939.1|	88.621	457	34	8	4	459	332	771	3.76e-153	540	3074434
27982aa40391230b671b05c4b70576a6	gi|3030611264|ref|NR_199940.1|	88.621	457	34	8	4	459	338	777	3.76e-153	540	3074433
27982aa40391230b671b05c4b70576a6	gi|2363083221|ref|NR_179859.1|	88.403	457	35	9	4	459	347	786	1.75e-151	534	2078660
27982aa40391230b671b05c4b70576a6	gi|672239088|ref|NR_125677.1|	88.377	456	37	6	4	459	346	785	1.75e-151	534	1348613
98ec0a498195324142ee7f07e1dc0e26	gi|631251734|ref|NR_112932.1|	94.577	461	23	2	4	463	328	787	0.0	712	47678
98ec0a498195324142ee7f07e1dc0e26	gi|219846650|ref|NR_026242.1|	94.577	461	23	2	4	463	318	777	0.0	712	47678
98ec0a498195324142ee7f07e1dc0e26	gi|2363084431|ref|NR_180463.1|	94.143	461	25	2	4	463	340	799	0.0	701	2650158
98ec0a498195324142ee7f07e1dc0e26	gi|631251749|ref|NR_112947.1|	93.926	461	26	2	4	463	326	785	0.0	697	657309
98ec0a498195324142ee7f07e1dc0e26	gi|631251869|ref|NR_113067.1|	93.926	461	26	2	4	463	325	784	0.0	695	1077285
98ec0a498195324142ee7f07e1dc0e26	gi|631251733|ref|NR_112931.1|	93.926	461	26	2	4	463	340	799	0.0	695	85831
98ec0a498195324142ee7f07e1dc0e26	gi|645320100|ref|NR_117387.1|	93.926	461	26	2	4	463	320	779	0.0	695	1077285
98ec0a498195324142ee7f07e1dc0e26	gi|343201773|ref|NR_042499.1|	93.926	461	26	2	4	463	294	753	0.0	695	657309
98ec0a498195324142ee7f07e1dc0e26	gi|265678305|ref|NR_028607.1|	93.913	460	26	2	5	463	333	791	0.0	693	85831
98ec0a498195324142ee7f07e1dc0e26	gi|444303855|ref|NR_074277.1|	93.723	462	25	4	4	463	352	811	0.0	689	818
9bb81ce36c4a59c67832fcaeb08990bb	gi|2363082168|ref|NR_179330.1|	93.891	442	27	0	4	445	327	768	0.0	667	2714355
9bb81ce36c4a59c67832fcaeb08990bb	gi|2363082165|ref|NR_179329.1|	93.439	442	29	0	4	445	327	768	0.0	656	2714353
9bb81ce36c4a59c67832fcaeb08990bb	gi|219846512|ref|NR_026104.1|	91.874	443	35	1	4	445	312	754	1.63e-176	617	1121303
9bb81ce36c4a59c67832fcaeb08990bb	gi|631252162|ref|NR_113360.1|	91.648	443	36	1	4	445	339	781	7.59e-175	612	1121303
9bb81ce36c4a59c67832fcaeb08990bb	gi|645319736|ref|NR_117111.1|	91.648	443	36	1	4	445	336	778	7.59e-175	612	29371
9bb81ce36c4a59c67832fcaeb08990bb	gi|2363082569|ref|NR_179531.1|	91.441	444	34	4	4	445	347	788	3.53e-173	606	1852369
9bb81ce36c4a59c67832fcaeb08990bb	gi|785794309|ref|NG_041947.1|	91.422	443	37	1	4	445	469	911	3.53e-173	606	394503
9bb81ce36c4a59c67832fcaeb08990bb	gi|785497611|ref|NR_102768.2|	91.422	443	37	1	4	445	330	772	3.53e-173	606	1521
9bb81ce36c4a59c67832fcaeb08990bb	gi|645319803|ref|NR_117165.1|	91.403	442	38	0	4	445	476	917	3.53e-173	606	48256
9bb81ce36c4a59c67832fcaeb08990bb	gi|645319802|ref|NR_117164.1|	91.403	442	38	0	4	445	476	917	3.53e-173	606	48256
d00bc23ef3b1974d7e04ff6d6e60ecfa	gi|1811131545|ref|NR_165727.1|	96.396	444	16	0	4	447	358	801	0.0	732	2358141
d00bc23ef3b1974d7e04ff6d6e60ecfa	gi|219846061|ref|NR_025651.1|	96.396	444	15	1	4	447	350	792	0.0	730	160404
d00bc23ef3b1974d7e04ff6d6e60ecfa	gi|2621112349|ref|NR_189253.1|	95.721	444	19	0	4	447	345	788	0.0	715	2918914
d00bc23ef3b1974d7e04ff6d6e60ecfa	gi|1445136073|ref|NR_158113.1|	95.721	444	18	1	4	447	328	770	0.0	713	433287
d00bc23ef3b1974d7e04ff6d6e60ecfa	gi|631252210|ref|NR_113408.1|	94.820	444	22	1	4	447	351	793	0.0	691	28446
d00bc23ef3b1974d7e04ff6d6e60ecfa	gi|265678961|ref|NR_029269.1|	94.595	444	22	2	4	447	350	791	0.0	686	28446
d00bc23ef3b1974d7e04ff6d6e60ecfa	gi|219846558|ref|NR_026150.1|	94.369	444	23	2	4	447	350	791	0.0	680	36847
d00bc23ef3b1974d7e04ff6d6e60ecfa	gi|3030611264|ref|NR_199940.1|	92.809	445	26	5	4	447	338	777	0.0	640	3074433
d00bc23ef3b1974d7e04ff6d6e60ecfa	gi|2363083221|ref|NR_179859.1|	92.568	444	29	3	4	447	347	786	0.0	634	2078660
d00bc23ef3b1974d7e04ff6d6e60ecfa	gi|645320791|ref|NR_117912.1|	92.342	444	33	1	4	447	325	767	2.11e-180	630	879970
d13d523b514674c676621d4d49778356	gi|559795314|ref|NR_104907.1|	93.891	442	25	2	4	444	315	755	0.0	665	290054
d13d523b514674c676621d4d49778356	gi|2136551683|ref|NR_173688.1|	92.063	441	34	1	4	444	321	760	4.53e-177	619	2780922
d13d523b514674c676621d4d49778356	gi|507148077|ref|NR_102884.1|	90.293	443	38	5	4	444	331	770	9.94e-164	575	213810
d13d523b514674c676621d4d49778356	gi|3248465648|ref|NR_201660.1|	89.569	441	45	1	4	444	319	758	1.00e-158	558	3417630
d13d523b514674c676621d4d49778356	gi|3248465644|ref|NR_201656.1|	89.593	442	43	3	4	444	329	768	1.00e-158	558	3417633
d13d523b514674c676621d4d49778356	gi|1445136071|ref|NR_158111.1|	89.616	443	40	6	4	444	349	787	1.00e-158	558	2038680
d13d523b514674c676621d4d49778356	gi|636558832|ref|NR_114889.1|	89.616	443	40	6	4	444	277	715	1.00e-158	558	213810
d13d523b514674c676621d4d49778356	gi|3248465658|ref|NR_201672.1|	89.213	445	42	6	4	444	296	738	1.68e-156	551	3381350
d13d523b514674c676621d4d49778356	gi|1193829135|ref|NR_147378.1|	89.189	444	42	6	4	444	339	779	6.02e-156	549	1871035
d13d523b514674c676621d4d49778356	gi|1864207164|ref|NR_169458.1|	89.116	441	47	1	4	444	345	784	2.17e-155	547	2164149
3dd470cae8d0db89a2455f19e7871690	gi|2363082679|ref|NR_179587.1|	95.909	440	18	0	4	443	328	767	0.0	713	1926283
3dd470cae8d0db89a2455f19e7871690	gi|2363081854|ref|NR_179173.1|	95.909	440	18	0	4	443	333	772	0.0	713	2126740
3dd470cae8d0db89a2455f19e7871690	gi|3030611230|ref|NR_199906.1|	95.682	440	19	0	4	443	354	793	0.0	708	3123317
3dd470cae8d0db89a2455f19e7871690	gi|3030611314|ref|NR_199990.1|	95.682	440	19	0	4	443	350	789	0.0	708	3123317
3dd470cae8d0db89a2455f19e7871690	gi|1384992331|ref|NR_156080.1|	95.682	440	19	0	4	443	336	775	0.0	708	1469948
3dd470cae8d0db89a2455f19e7871690	gi|1384992328|ref|NR_156077.1|	95.682	440	19	0	4	443	336	775	0.0	708	1469948
3dd470cae8d0db89a2455f19e7871690	gi|1384992332|ref|NR_156081.1|	95.455	440	20	0	4	443	336	775	0.0	702	1469948
3dd470cae8d0db89a2455f19e7871690	gi|1384992329|ref|NR_156078.1|	95.455	440	20	0	4	443	336	775	0.0	702	1469948
3dd470cae8d0db89a2455f19e7871690	gi|1441204227|ref|NR_157642.1|	95.455	440	20	0	4	443	301	740	0.0	702	1653435
3dd470cae8d0db89a2455f19e7871690	gi|507148045|ref|NR_102852.1|	95.465	441	18	2	4	443	348	787	0.0	702	84030
5e1278f66adfe738fc9caacf4a273e8e	gi|444304091|ref|NR_074515.1|	95.000	460	23	0	4	463	350	809	0.0	723	435590
5e1278f66adfe738fc9caacf4a273e8e	gi|631251748|ref|NR_112946.1|	95.000	460	23	0	4	463	339	798	0.0	723	821
5e1278f66adfe738fc9caacf4a273e8e	gi|631251874|ref|NR_113072.1|	94.783	460	24	0	4	463	338	797	0.0	717	1236512
5e1278f66adfe738fc9caacf4a273e8e	gi|343200664|ref|NR_041351.1|	94.783	460	24	0	4	463	341	800	0.0	717	357276
5e1278f66adfe738fc9caacf4a273e8e	gi|631250946|ref|NR_112143.1|	94.783	460	24	0	4	463	307	766	0.0	717	821
5e1278f66adfe738fc9caacf4a273e8e	gi|2363082547|ref|NR_179520.1|	94.565	460	25	0	4	463	314	773	0.0	712	1841855
5e1278f66adfe738fc9caacf4a273e8e	gi|631251816|ref|NR_113014.1|	94.565	460	25	0	4	463	338	797	0.0	712	1236512
5e1278f66adfe738fc9caacf4a273e8e	gi|631251747|ref|NR_112945.1|	94.565	460	25	0	4	463	327	786	0.0	712	820
5e1278f66adfe738fc9caacf4a273e8e	gi|343200179|ref|NR_040866.1|	94.565	460	25	0	4	463	334	793	0.0	712	820
5e1278f66adfe738fc9caacf4a273e8e	gi|2363086550|ref|NR_181532.1|	94.348	460	26	0	4	463	322	781	0.0	706	2763025
669b00bead37b4306496a025a8ebd230	gi|2363086296|ref|NR_181400.1|	98.627	437	6	0	6	442	250	686	0.0	776	2764712
669b00bead37b4306496a025a8ebd230	gi|2363086298|ref|NR_181401.1|	96.128	439	17	0	4	442	303	741	0.0	717	2763645
669b00bead37b4306496a025a8ebd230	gi|1116030291|ref|NR_144749.1|	92.308	442	30	3	4	442	347	787	9.69e-179	625	1852367
669b00bead37b4306496a025a8ebd230	gi|2463901899|ref|NR_184630.1|	92.290	441	32	1	4	442	343	783	9.69e-179	625	2839743
669b00bead37b4306496a025a8ebd230	gi|2136551617|ref|NR_173621.1|	91.855	442	33	1	4	442	354	795	2.10e-175	614	2818044
669b00bead37b4306496a025a8ebd230	gi|1116030279|ref|NR_144737.1|	91.403	442	35	1	4	442	347	788	4.54e-172	603	1776384
669b00bead37b4306496a025a8ebd230	gi|645321915|ref|NR_118779.1|	91.383	441	36	2	4	442	327	767	4.54e-172	603	35517
669b00bead37b4306496a025a8ebd230	gi|310975129|ref|NR_036993.1|	91.383	441	36	2	4	442	359	799	4.54e-172	603	35517
669b00bead37b4306496a025a8ebd230	gi|2363082665|ref|NR_179580.1|	91.156	441	37	2	4	442	327	767	5.87e-171	599	1917867
669b00bead37b4306496a025a8ebd230	gi|2363085330|ref|NR_180913.1|	91.176	442	36	2	4	442	327	768	2.11e-170	597	2697030
03adbd13653f5bd715c85034f2fdab2f	gi|2363082168|ref|NR_179330.1|	92.777	443	31	1	4	446	327	768	0.0	640	2714355
03adbd13653f5bd715c85034f2fdab2f	gi|2363082165|ref|NR_179329.1|	92.793	444	29	3	4	446	327	768	0.0	640	2714353
03adbd13653f5bd715c85034f2fdab2f	gi|2363082342|ref|NR_179418.1|	92.568	444	31	2	4	446	348	790	0.0	636	1673721
03adbd13653f5bd715c85034f2fdab2f	gi|2363082569|ref|NR_179531.1|	92.601	446	26	6	4	446	347	788	0.0	634	1852369
03adbd13653f5bd715c85034f2fdab2f	gi|219846080|ref|NR_025670.1|	91.892	444	34	2	4	446	329	771	4.55e-177	619	411467
03adbd13653f5bd715c85034f2fdab2f	gi|219857201|ref|NR_024829.1|	91.874	443	36	0	4	446	321	763	4.55e-177	619	253314
03adbd13653f5bd715c85034f2fdab2f	gi|2363084741|ref|NR_180619.1|	91.685	445	33	4	4	446	347	789	2.12e-175	614	2779352
03adbd13653f5bd715c85034f2fdab2f	gi|785794309|ref|NG_041947.1|	91.648	443	37	0	4	446	469	911	2.12e-175	614	394503
03adbd13653f5bd715c85034f2fdab2f	gi|785497611|ref|NR_102768.2|	91.648	443	37	0	4	446	330	772	2.12e-175	614	1521
03adbd13653f5bd715c85034f2fdab2f	gi|444304204|ref|NR_074629.1|	91.648	443	37	0	4	446	341	783	2.12e-175	614	1515
2c108fe6b8935ce7be818a0b9e7eb156	gi|2363086290|ref|NR_181397.1|	99.318	440	3	0	4	443	303	742	0.0	797	2763671
2c108fe6b8935ce7be818a0b9e7eb156	gi|974142252|ref|NR_134772.1|	97.045	440	13	0	4	443	297	736	0.0	741	1337051
2c108fe6b8935ce7be818a0b9e7eb156	gi|343201426|ref|NR_042152.1|	96.591	440	15	0	4	443	319	758	0.0	730	168384
2c108fe6b8935ce7be818a0b9e7eb156	gi|3030611230|ref|NR_199906.1|	96.364	440	16	0	4	443	354	793	0.0	725	3123317
2c108fe6b8935ce7be818a0b9e7eb156	gi|3030611314|ref|NR_199990.1|	96.364	440	16	0	4	443	350	789	0.0	725	3123317
2c108fe6b8935ce7be818a0b9e7eb156	gi|1384992331|ref|NR_156080.1|	96.364	440	16	0	4	443	336	775	0.0	725	1469948
2c108fe6b8935ce7be818a0b9e7eb156	gi|1384992328|ref|NR_156077.1|	96.364	440	16	0	4	443	336	775	0.0	725	1469948
2c108fe6b8935ce7be818a0b9e7eb156	gi|1384992332|ref|NR_156081.1|	96.136	440	17	0	4	443	336	775	0.0	719	1469948
2c108fe6b8935ce7be818a0b9e7eb156	gi|1384992329|ref|NR_156078.1|	96.136	440	17	0	4	443	336	775	0.0	719	1469948
2c108fe6b8935ce7be818a0b9e7eb156	gi|2363087259|ref|NR_181885.1|	96.145	441	15	2	4	443	335	774	0.0	719	2885351
82d346a31eb76dfb3b9b3a0052092ae4	gi|2962412223|ref|NR_199417.1|	95.692	441	17	2	4	443	342	781	0.0	708	3136601
82d346a31eb76dfb3b9b3a0052092ae4	gi|2363082667|ref|NR_179581.1|	93.439	442	24	5	4	443	331	769	0.0	651	1917873
82d346a31eb76dfb3b9b3a0052092ae4	gi|2363082356|ref|NR_179425.1|	92.971	441	29	2	4	443	351	790	0.0	641	1689304
82d346a31eb76dfb3b9b3a0052092ae4	gi|1277396189|ref|NR_151900.1|	92.760	442	28	4	4	443	351	790	0.0	636	1550024
82d346a31eb76dfb3b9b3a0052092ae4	gi|1397641802|ref|NR_156911.1|	92.727	440	32	0	4	443	351	790	0.0	636	1650663
82d346a31eb76dfb3b9b3a0052092ae4	gi|2363084747|ref|NR_180622.1|	92.727	440	32	0	4	443	335	774	0.0	636	2779354
82d346a31eb76dfb3b9b3a0052092ae4	gi|2363080123|ref|NR_178280.1|	92.517	441	31	2	4	443	331	770	2.09e-180	630	411483
82d346a31eb76dfb3b9b3a0052092ae4	gi|3030611269|ref|NR_199945.1|	92.290	441	32	2	4	443	335	774	9.71e-179	625	3435293
82d346a31eb76dfb3b9b3a0052092ae4	gi|2363081451|ref|NR_178972.1|	92.273	440	34	0	4	443	285	724	9.71e-179	625	1851428
82d346a31eb76dfb3b9b3a0052092ae4	gi|2363081449|ref|NR_178971.1|	92.593	432	30	2	4	434	285	715	4.52e-177	619	1851427
cdbcf8046c344057b43de8d4d142628e	gi|636560754|ref|NR_116814.1|	92.273	440	34	0	4	443	328	767	9.71e-179	625	617123
cdbcf8046c344057b43de8d4d142628e	gi|1811131557|ref|NR_165739.1|	92.045	440	35	0	4	443	328	767	4.52e-177	619	2490855
cdbcf8046c344057b43de8d4d142628e	gi|645321018|ref|NR_118086.1|	92.045	440	35	0	4	443	345	784	4.52e-177	619	979627
cdbcf8046c344057b43de8d4d142628e	gi|559795098|ref|NR_104684.1|	91.818	440	36	0	4	443	348	787	2.10e-175	614	887325
cdbcf8046c344057b43de8d4d142628e	gi|2363085097|ref|NR_180797.1|	91.591	440	37	0	4	443	346	785	9.78e-174	608	2605778
cdbcf8046c344057b43de8d4d142628e	gi|2363086292|ref|NR_181398.1|	91.591	440	37	0	4	443	299	738	9.78e-174	608	2763667
cdbcf8046c344057b43de8d4d142628e	gi|645321072|ref|NR_118128.1|	91.591	440	37	0	4	443	174	613	9.78e-174	608	1531
cdbcf8046c344057b43de8d4d142628e	gi|631252212|ref|NR_113410.1|	91.591	440	37	0	4	443	257	696	9.78e-174	608	208479
cdbcf8046c344057b43de8d4d142628e	gi|343198784|ref|NR_043681.1|	91.591	440	37	0	4	443	313	752	9.78e-174	608	358743
cdbcf8046c344057b43de8d4d142628e	gi|219878428|ref|NR_025567.1|	91.591	440	37	0	4	443	348	787	9.78e-174	608	208479
c4adc36bfede8d306e266515a4f3ec44	gi|2363082342|ref|NR_179418.1|	89.213	445	44	4	4	446	348	790	4.68e-157	553	1673721
c4adc36bfede8d306e266515a4f3ec44	gi|645321636|ref|NR_118554.1|	88.764	445	46	4	4	446	329	771	1.01e-153	542	1297617
c4adc36bfede8d306e266515a4f3ec44	gi|2363082358|ref|NR_179426.1|	88.288	444	50	2	4	446	349	791	2.19e-150	531	1702285
c4adc36bfede8d306e266515a4f3ec44	gi|2136551692|ref|NR_173697.1|	88.262	443	51	1	4	446	349	790	7.89e-150	529	2108523
c4adc36bfede8d306e266515a4f3ec44	gi|2363082326|ref|NR_179410.1|	88.063	444	51	2	4	446	349	791	1.02e-148	525	1650661
c4adc36bfede8d306e266515a4f3ec44	gi|1109168025|ref|NR_144611.1|	88.063	444	51	2	4	446	282	724	1.02e-148	525	1417852
c4adc36bfede8d306e266515a4f3ec44	gi|645321110|ref|NR_118156.1|	88.036	443	52	1	4	446	304	745	3.67e-148	523	1007096
c4adc36bfede8d306e266515a4f3ec44	gi|2962412234|ref|NR_199428.1|	87.810	443	53	1	4	446	352	793	1.71e-146	518	3073143
c4adc36bfede8d306e266515a4f3ec44	gi|3030611324|ref|NR_200000.1|	87.640	445	51	4	4	446	301	743	2.21e-145	514	3342383
c4adc36bfede8d306e266515a4f3ec44	gi|3030611323|ref|NR_199999.1|	87.668	446	49	6	4	446	301	743	2.21e-145	514	3133422
573b650ed84b8bf5b51fe2486f049d5e	gi|1445136071|ref|NR_158111.1|	95.682	440	18	1	4	443	349	787	0.0	706	2038680
573b650ed84b8bf5b51fe2486f049d5e	gi|2363086276|ref|NR_181390.1|	94.570	442	20	3	4	443	304	743	0.0	680	2763659
573b650ed84b8bf5b51fe2486f049d5e	gi|2363082755|ref|NR_179626.1|	94.091	440	25	1	4	443	351	789	0.0	667	1987501
573b650ed84b8bf5b51fe2486f049d5e	gi|2363082585|ref|NR_179539.1|	94.091	440	25	1	4	443	351	789	0.0	667	1852384
573b650ed84b8bf5b51fe2486f049d5e	gi|2363082601|ref|NR_179547.1|	93.424	441	27	2	4	443	347	786	0.0	652	1870991
573b650ed84b8bf5b51fe2486f049d5e	gi|265679047|ref|NR_029355.1|	92.500	440	33	0	4	443	332	771	2.09e-180	630	84026
573b650ed84b8bf5b51fe2486f049d5e	gi|2363082366|ref|NR_179430.1|	91.855	442	32	4	4	443	351	790	2.10e-175	614	1720313
573b650ed84b8bf5b51fe2486f049d5e	gi|1277396348|ref|NR_152059.1|	91.648	443	33	3	4	443	272	713	2.72e-174	610	1849041
573b650ed84b8bf5b51fe2486f049d5e	gi|2363082561|ref|NR_179527.1|	91.648	443	33	3	4	443	336	777	2.72e-174	610	1841868
573b650ed84b8bf5b51fe2486f049d5e	gi|1193829135|ref|NR_147378.1|	91.403	442	35	2	4	443	339	779	4.55e-172	603	1871035
dbe0f09ccf29aeec42b2b578c63d06a4	gi|1193829153|ref|NR_147396.1|	95.682	440	19	0	4	443	328	767	0.0	708	1917870
dbe0f09ccf29aeec42b2b578c63d06a4	gi|343205837|ref|NR_044289.1|	95.682	440	19	0	4	443	328	767	0.0	708	460384
dbe0f09ccf29aeec42b2b578c63d06a4	gi|2136551628|ref|NR_173632.1|	95.465	441	18	2	4	443	301	740	0.0	702	2068655
dbe0f09ccf29aeec42b2b578c63d06a4	gi|1384992332|ref|NR_156081.1|	95.455	440	20	0	4	443	336	775	0.0	702	1469948
dbe0f09ccf29aeec42b2b578c63d06a4	gi|1384992329|ref|NR_156078.1|	95.455	440	20	0	4	443	336	775	0.0	702	1469948
dbe0f09ccf29aeec42b2b578c63d06a4	gi|1315204019|ref|NR_152688.1|	95.465	441	18	2	4	443	348	787	0.0	702	433279
dbe0f09ccf29aeec42b2b578c63d06a4	gi|343198925|ref|NR_044049.1|	95.455	440	20	0	4	443	316	755	0.0	702	33043
dbe0f09ccf29aeec42b2b578c63d06a4	gi|343201474|ref|NR_042200.1|	95.455	440	20	0	4	443	318	757	0.0	702	333367
dbe0f09ccf29aeec42b2b578c63d06a4	gi|219857405|ref|NR_024993.1|	95.455	440	20	0	4	443	349	788	0.0	702	99656
dbe0f09ccf29aeec42b2b578c63d06a4	gi|3030611230|ref|NR_199906.1|	95.227	440	21	0	4	443	354	793	0.0	697	3123317
e2dc7b26c7ec7b0ea72d26aa88943453	gi|2363087009|ref|NR_181761.1|	85.169	445	61	5	4	446	269	710	1.76e-126	451	2841509
e2dc7b26c7ec7b0ea72d26aa88943453	gi|2363082930|ref|NR_179713.1|	84.978	446	61	6	4	446	319	761	2.27e-125	448	1945634
e2dc7b26c7ec7b0ea72d26aa88943453	gi|343205971|ref|NR_044490.1|	84.375	448	61	9	4	446	348	791	2.29e-120	431	501571
e2dc7b26c7ec7b0ea72d26aa88943453	gi|2363082679|ref|NR_179587.1|	84.270	445	63	5	4	446	328	767	2.96e-119	427	1926283
e2dc7b26c7ec7b0ea72d26aa88943453	gi|2363081854|ref|NR_179173.1|	84.270	445	63	5	4	446	333	772	2.96e-119	427	2126740
e2dc7b26c7ec7b0ea72d26aa88943453	gi|2136551593|ref|NR_173596.1|	84.045	445	65	4	4	446	301	741	3.83e-118	424	1703332
e2dc7b26c7ec7b0ea72d26aa88943453	gi|672238876|ref|NR_125464.1|	84.081	446	64	7	4	446	325	766	3.83e-118	424	1297424
e2dc7b26c7ec7b0ea72d26aa88943453	gi|343201281|ref|NR_042007.1|	84.009	444	68	3	4	446	343	784	3.83e-118	424	622312
e2dc7b26c7ec7b0ea72d26aa88943453	gi|559795307|ref|NR_104899.1|	84.009	444	66	3	4	446	328	767	1.38e-117	422	384636
e2dc7b26c7ec7b0ea72d26aa88943453	gi|343198925|ref|NR_044049.1|	83.973	443	68	1	4	446	316	755	1.38e-117	422	33043
ec603d10fefb7774b73b914940f1700b	gi|1116030292|ref|NR_144750.1|	93.709	461	29	0	2	462	340	800	0.0	691	1852370
ec603d10fefb7774b73b914940f1700b	gi|2363082635|ref|NR_179564.1|	87.554	466	48	9	2	462	337	797	2.28e-150	531	1903262
ec603d10fefb7774b73b914940f1700b	gi|224581415|ref|NR_027196.1|	87.284	464	53	6	2	462	316	776	2.94e-149	527	449673
ec603d10fefb7774b73b914940f1700b	gi|2260473026|ref|NR_176803.1|	87.124	466	50	10	2	462	320	780	4.93e-147	520	1917878
ec603d10fefb7774b73b914940f1700b	gi|631251745|ref|NR_112943.1|	87.069	464	54	6	2	462	325	785	4.93e-147	520	449673
ec603d10fefb7774b73b914940f1700b	gi|631251735|ref|NR_112933.1|	87.041	463	56	4	2	462	333	793	4.93e-147	520	246787
ec603d10fefb7774b73b914940f1700b	gi|645320100|ref|NR_117387.1|	87.152	467	48	11	2	462	319	779	4.93e-147	520	1077285
ec603d10fefb7774b73b914940f1700b	gi|343200620|ref|NR_041307.1|	87.041	463	56	4	2	462	333	793	4.93e-147	520	329854
ec603d10fefb7774b73b914940f1700b	gi|631251869|ref|NR_113067.1|	86.910	466	51	9	2	462	324	784	2.29e-145	514	1077285
ec603d10fefb7774b73b914940f1700b	gi|631251867|ref|NR_113065.1|	86.882	465	53	8	2	462	337	797	2.29e-145	514	762984
8cd02f1be4f68706f7e7e545c6613aa1	gi|2621112296|ref|NR_189199.1|	90.293	443	43	0	4	446	342	784	2.15e-165	580	2086585
8cd02f1be4f68706f7e7e545c6613aa1	gi|1116030284|ref|NR_144742.1|	89.842	443	45	0	4	446	352	794	4.65e-162	569	1805714
8cd02f1be4f68706f7e7e545c6613aa1	gi|631251702|ref|NR_112900.1|	88.939	443	49	0	4	446	341	783	2.18e-155	547	626937
8cd02f1be4f68706f7e7e545c6613aa1	gi|2363084132|ref|NR_180315.1|	88.514	444	49	2	4	446	323	765	4.71e-152	536	2496273
8cd02f1be4f68706f7e7e545c6613aa1	gi|2363086268|ref|NR_181386.1|	88.488	443	51	0	4	446	303	745	4.71e-152	536	2763655
8cd02f1be4f68706f7e7e545c6613aa1	gi|2363086270|ref|NR_181387.1|	88.488	443	50	1	4	446	302	743	1.70e-151	534	2763656
8cd02f1be4f68706f7e7e545c6613aa1	gi|2363081417|ref|NR_178955.1|	88.315	445	48	3	4	446	288	730	2.19e-150	531	1851429
8cd02f1be4f68706f7e7e545c6613aa1	gi|2363086262|ref|NR_181383.1|	87.838	444	53	1	4	446	307	750	4.75e-147	520	2763654
8cd02f1be4f68706f7e7e545c6613aa1	gi|636559633|ref|NR_115693.1|	87.810	443	52	2	4	446	442	882	1.71e-146	518	694434
8cd02f1be4f68706f7e7e545c6613aa1	gi|636559632|ref|NR_115692.1|	87.810	443	52	2	4	446	442	882	1.71e-146	518	694434
c89d8a24430441af04283fe28f2c0eac	gi|2363082569|ref|NR_179531.1|	93.679	443	26	2	4	445	347	788	0.0	662	1852369
c89d8a24430441af04283fe28f2c0eac	gi|645321110|ref|NR_118156.1|	92.081	442	35	0	4	445	304	745	3.51e-178	623	1007096
c89d8a24430441af04283fe28f2c0eac	gi|1269801610|ref|NR_074793.2|	91.855	442	36	0	4	445	355	796	1.63e-176	617	351091
c89d8a24430441af04283fe28f2c0eac	gi|2363082168|ref|NR_179330.1|	91.855	442	36	0	4	445	327	768	1.63e-176	617	2714355
c89d8a24430441af04283fe28f2c0eac	gi|2363082165|ref|NR_179329.1|	91.874	443	34	2	4	445	327	768	1.63e-176	617	2714353
c89d8a24430441af04283fe28f2c0eac	gi|343200653|ref|NR_041340.1|	91.855	442	36	0	4	445	328	769	1.63e-176	617	351091
c89d8a24430441af04283fe28f2c0eac	gi|2260349448|ref|NR_176530.1|	91.403	442	38	0	4	445	358	799	3.53e-173	606	2093857
c89d8a24430441af04283fe28f2c0eac	gi|2363082559|ref|NR_179526.1|	91.403	442	38	0	4	445	349	790	3.53e-173	606	1841866
c89d8a24430441af04283fe28f2c0eac	gi|2363082342|ref|NR_179418.1|	91.196	443	38	1	4	445	348	790	1.64e-171	601	1673721
c89d8a24430441af04283fe28f2c0eac	gi|2363082170|ref|NR_179331.1|	90.991	444	37	3	4	445	328	770	7.65e-170	595	2714358
443cc9da9b89de02eaa28549444da96f	gi|2363084741|ref|NR_180619.1|	93.228	443	27	2	4	443	347	789	0.0	649	2779352
443cc9da9b89de02eaa28549444da96f	gi|219846080|ref|NR_025670.1|	92.551	443	30	2	4	443	329	771	0.0	632	411467
443cc9da9b89de02eaa28549444da96f	gi|1193829127|ref|NR_147370.1|	92.099	443	32	2	4	443	349	791	1.26e-177	621	1870988
443cc9da9b89de02eaa28549444da96f	gi|1193829163|ref|NR_147406.1|	91.818	440	36	0	4	443	350	789	2.10e-175	614	1871024
443cc9da9b89de02eaa28549444da96f	gi|219846720|ref|NR_026312.1|	91.591	440	37	0	4	443	327	766	2.72e-174	610	180164
443cc9da9b89de02eaa28549444da96f	gi|2621112294|ref|NR_189197.1|	91.591	440	37	0	4	443	340	779	9.78e-174	608	3028070
443cc9da9b89de02eaa28549444da96f	gi|1441204227|ref|NR_157642.1|	91.591	440	37	0	4	443	301	740	9.78e-174	608	1653435
443cc9da9b89de02eaa28549444da96f	gi|1227086118|ref|NR_148620.1|	91.648	443	31	6	4	443	195	634	9.78e-174	608	1763509
443cc9da9b89de02eaa28549444da96f	gi|631252072|ref|NR_113270.1|	91.591	440	37	0	4	443	348	787	9.78e-174	608	1121114
443cc9da9b89de02eaa28549444da96f	gi|631252033|ref|NR_113231.1|	91.591	440	37	0	4	443	347	786	9.78e-174	608	536633
2f8499204a196a3d795e8f8fbc007ad5	gi|343205678|ref|NR_044054.1|	93.197	441	28	2	4	443	297	736	0.0	647	1121115
2f8499204a196a3d795e8f8fbc007ad5	gi|2363082685|ref|NR_179590.1|	92.986	442	28	3	4	443	327	767	0.0	643	1936059
2f8499204a196a3d795e8f8fbc007ad5	gi|631253117|ref|NR_114315.1|	92.971	441	29	2	4	443	336	775	0.0	643	649762
2f8499204a196a3d795e8f8fbc007ad5	gi|2363086290|ref|NR_181397.1|	92.971	441	29	2	4	443	303	742	0.0	641	2763671
2f8499204a196a3d795e8f8fbc007ad5	gi|219846722|ref|NR_026314.1|	92.971	441	29	2	4	443	330	769	0.0	641	53443
2f8499204a196a3d795e8f8fbc007ad5	gi|974142252|ref|NR_134772.1|	92.517	441	31	2	4	443	297	736	2.09e-180	630	1337051
2f8499204a196a3d795e8f8fbc007ad5	gi|2363082679|ref|NR_179587.1|	92.273	440	34	0	4	443	328	767	9.71e-179	625	1926283
2f8499204a196a3d795e8f8fbc007ad5	gi|2363081854|ref|NR_179173.1|	92.273	440	34	0	4	443	333	772	9.71e-179	625	2126740
2f8499204a196a3d795e8f8fbc007ad5	gi|310975204|ref|NR_037068.1|	92.290	441	32	2	4	443	341	780	9.71e-179	625	29375
2f8499204a196a3d795e8f8fbc007ad5	gi|645322280|ref|NR_119068.1|	92.290	441	31	3	4	443	315	753	3.49e-178	623	36832
a996f3a78953316caebdef0cf746e4e4	gi|343205678|ref|NR_044054.1|	94.545	440	24	0	4	443	297	736	0.0	680	1121115
a996f3a78953316caebdef0cf746e4e4	gi|2363082685|ref|NR_179590.1|	94.331	441	24	1	4	443	327	767	0.0	676	1936059
a996f3a78953316caebdef0cf746e4e4	gi|631253117|ref|NR_114315.1|	94.318	440	25	0	4	443	336	775	0.0	676	649762
a996f3a78953316caebdef0cf746e4e4	gi|219846722|ref|NR_026314.1|	93.182	440	30	0	4	443	330	769	0.0	647	53443
a996f3a78953316caebdef0cf746e4e4	gi|974142252|ref|NR_134772.1|	92.727	440	32	0	4	443	297	736	0.0	636	1337051
a996f3a78953316caebdef0cf746e4e4	gi|2363086282|ref|NR_181393.1|	92.727	440	32	0	4	443	290	729	0.0	636	2763664
a996f3a78953316caebdef0cf746e4e4	gi|2363085133|ref|NR_180815.1|	92.500	440	33	0	4	443	350	789	2.09e-180	630	2606633
a996f3a78953316caebdef0cf746e4e4	gi|2363084170|ref|NR_180334.1|	92.500	440	33	0	4	443	253	692	2.09e-180	630	2763028
a996f3a78953316caebdef0cf746e4e4	gi|2363083556|ref|NR_180026.1|	92.500	440	33	0	4	443	348	787	2.09e-180	630	2696678
a996f3a78953316caebdef0cf746e4e4	gi|444304209|ref|NR_074634.1|	92.500	440	33	0	4	443	350	789	2.09e-180	630	515619
2eb868de85604fef94f7b34f46e3731d	gi|444304209|ref|NR_074634.1|	93.197	441	28	2	4	443	350	789	0.0	647	515619
2eb868de85604fef94f7b34f46e3731d	gi|2363086282|ref|NR_181393.1|	93.213	442	26	4	4	443	290	729	0.0	647	2763664
2eb868de85604fef94f7b34f46e3731d	gi|2136551593|ref|NR_173596.1|	93.018	444	24	7	4	443	301	741	0.0	641	1703332
2eb868de85604fef94f7b34f46e3731d	gi|2363086284|ref|NR_181394.1|	92.971	441	29	2	4	443	306	745	0.0	641	2763668
2eb868de85604fef94f7b34f46e3731d	gi|636560687|ref|NR_116747.1|	92.986	442	27	4	4	443	301	740	0.0	641	1298596
2eb868de85604fef94f7b34f46e3731d	gi|343198540|ref|NR_042832.1|	92.986	442	28	3	4	443	330	770	0.0	641	301302
2eb868de85604fef94f7b34f46e3731d	gi|2363085149|ref|NR_180823.1|	92.727	440	32	0	4	443	357	796	0.0	636	2606634
2eb868de85604fef94f7b34f46e3731d	gi|444439494|ref|NR_074809.1|	92.760	442	29	3	4	443	350	790	0.0	636	585394
2eb868de85604fef94f7b34f46e3731d	gi|2363085474|ref|NR_180986.1|	92.500	440	33	0	4	443	347	786	2.09e-180	630	2681861
2eb868de85604fef94f7b34f46e3731d	gi|2363082059|ref|NR_179276.1|	92.500	440	33	0	4	443	334	773	2.09e-180	630	2316025
de4e161d6a1b3e933617630cbb986e6c	gi|1116030291|ref|NR_144749.1|	94.785	441	21	2	4	442	347	787	0.0	686	1852367
de4e161d6a1b3e933617630cbb986e6c	gi|1116030279|ref|NR_144737.1|	94.796	442	20	1	4	442	347	788	0.0	686	1776384
de4e161d6a1b3e933617630cbb986e6c	gi|2363086296|ref|NR_181400.1|	94.737	437	23	0	6	442	250	686	0.0	682	2764712
de4e161d6a1b3e933617630cbb986e6c	gi|2363086298|ref|NR_181401.1|	94.077	439	26	0	4	442	303	741	0.0	667	2763645
de4e161d6a1b3e933617630cbb986e6c	gi|2136551617|ref|NR_173621.1|	93.891	442	24	1	4	442	354	795	0.0	664	2818044
de4e161d6a1b3e933617630cbb986e6c	gi|2463901899|ref|NR_184630.1|	93.878	441	25	1	4	442	343	783	0.0	664	2839743
de4e161d6a1b3e933617630cbb986e6c	gi|265678606|ref|NR_028911.1|	93.679	443	23	3	4	442	335	776	0.0	658	109327
de4e161d6a1b3e933617630cbb986e6c	gi|1491520133|ref|NR_159296.1|	92.986	442	28	1	4	442	335	776	0.0	641	433296
de4e161d6a1b3e933617630cbb986e6c	gi|645321917|ref|NR_118780.1|	92.777	443	28	2	4	442	326	768	0.0	638	56774
de4e161d6a1b3e933617630cbb986e6c	gi|2363082665|ref|NR_179580.1|	92.744	441	30	2	4	442	327	767	0.0	636	1917867
a6ab94da8d973d2b02f2c2b79c089b4f	gi|2363082165|ref|NR_179329.1|	92.793	444	29	3	4	446	327	768	0.0	640	2714353
a6ab94da8d973d2b02f2c2b79c089b4f	gi|2363082168|ref|NR_179330.1|	92.551	443	32	1	4	446	327	768	0.0	634	2714355
a6ab94da8d973d2b02f2c2b79c089b4f	gi|645321110|ref|NR_118156.1|	92.325	443	33	1	4	446	304	745	7.56e-180	628	1007096
a6ab94da8d973d2b02f2c2b79c089b4f	gi|2363082342|ref|NR_179418.1|	92.099	443	35	0	4	446	348	790	9.78e-179	625	1673721
a6ab94da8d973d2b02f2c2b79c089b4f	gi|343206380|ref|NR_044972.1|	91.667	444	35	2	4	446	331	773	1.64e-176	617	44749
a6ab94da8d973d2b02f2c2b79c089b4f	gi|1269801610|ref|NR_074793.2|	91.499	447	29	7	4	446	355	796	3.54e-173	606	351091
a6ab94da8d973d2b02f2c2b79c089b4f	gi|343200653|ref|NR_041340.1|	91.499	447	29	7	4	446	328	769	3.54e-173	606	351091
a6ab94da8d973d2b02f2c2b79c089b4f	gi|2363087001|ref|NR_181757.1|	91.196	443	38	1	4	446	289	730	1.65e-171	601	2841504
a6ab94da8d973d2b02f2c2b79c089b4f	gi|2962412234|ref|NR_199428.1|	91.196	443	38	1	4	446	352	793	1.65e-171	601	3073143
a6ab94da8d973d2b02f2c2b79c089b4f	gi|1109168025|ref|NR_144611.1|	90.519	443	42	0	4	446	282	724	4.61e-167	586	1417852
07f1507642d569c89b31731bfad8b0e1	gi|343198925|ref|NR_044049.1|	94.785	441	20	3	4	442	316	755	0.0	684	33043
07f1507642d569c89b31731bfad8b0e1	gi|1277396381|ref|NR_152095.1|	93.636	440	27	1	4	442	348	787	0.0	656	1679721
07f1507642d569c89b31731bfad8b0e1	gi|2363086278|ref|NR_181391.1|	93.651	441	25	3	4	442	249	688	0.0	656	2763670
07f1507642d569c89b31731bfad8b0e1	gi|559795194|ref|NR_104783.1|	93.651	441	25	3	4	442	353	792	0.0	656	290052
07f1507642d569c89b31731bfad8b0e1	gi|645321792|ref|NR_118676.1|	93.197	441	27	3	4	442	370	809	0.0	654	39497
07f1507642d569c89b31731bfad8b0e1	gi|559795169|ref|NR_104758.1|	93.424	441	26	3	4	442	345	784	0.0	651	1282887
07f1507642d569c89b31731bfad8b0e1	gi|2363087259|ref|NR_181885.1|	93.182	440	29	1	4	442	335	774	0.0	647	2885351
07f1507642d569c89b31731bfad8b0e1	gi|3030611230|ref|NR_199906.1|	93.182	440	29	1	4	442	354	793	0.0	645	3123317
07f1507642d569c89b31731bfad8b0e1	gi|3030611314|ref|NR_199990.1|	93.182	440	29	1	4	442	350	789	0.0	645	3123317
07f1507642d569c89b31731bfad8b0e1	gi|1384992332|ref|NR_156081.1|	93.182	440	29	1	4	442	336	775	0.0	645	1469948
864ea6a47cdd7d7e24e4cc9987971187	gi|2363087361|ref|NR_181937.1|	83.227	471	66	11	4	468	291	754	5.21e-117	420	2683717
864ea6a47cdd7d7e24e4cc9987971187	gi|1179766737|ref|NR_146687.1|	83.191	470	68	8	4	468	350	813	5.21e-117	420	265178
864ea6a47cdd7d7e24e4cc9987971187	gi|1270532561|ref|NR_146814.2|	82.906	468	73	7	4	468	350	813	2.42e-115	414	1514105
864ea6a47cdd7d7e24e4cc9987971187	gi|1150406785|ref|NR_146039.1|	82.906	468	73	7	4	468	266	729	2.42e-115	414	1514105
864ea6a47cdd7d7e24e4cc9987971187	gi|659364801|ref|NR_121737.1|	82.655	467	76	5	4	468	325	788	1.13e-113	409	1276246
864ea6a47cdd7d7e24e4cc9987971187	gi|219846111|ref|NR_025701.1|	82.655	467	76	5	4	468	328	791	1.13e-113	409	216935
864ea6a47cdd7d7e24e4cc9987971187	gi|219846123|ref|NR_025713.1|	82.441	467	77	5	4	468	328	791	5.25e-112	403	216947
864ea6a47cdd7d7e24e4cc9987971187	gi|219846108|ref|NR_025698.1|	82.441	467	77	5	4	468	329	792	5.25e-112	403	216932
864ea6a47cdd7d7e24e4cc9987971187	gi|343200150|ref|NR_040837.1|	82.627	472	67	13	4	468	339	802	5.25e-112	403	1648
864ea6a47cdd7d7e24e4cc9987971187	gi|265679027|ref|NR_029335.1|	82.366	465	81	1	4	468	250	713	5.25e-112	403	61171
f4c11c8b2b9c0c20c18ec7319c067a05	gi|636558732|ref|NR_114789.1|	92.551	443	30	1	4	446	347	786	0.0	632	1535
f4c11c8b2b9c0c20c18ec7319c067a05	gi|3248465687|ref|NR_201701.1|	92.099	443	35	0	4	446	330	772	9.78e-179	625	3435187
f4c11c8b2b9c0c20c18ec7319c067a05	gi|3248465688|ref|NR_201702.1|	92.099	443	35	0	4	446	328	770	9.78e-179	625	3435000
f4c11c8b2b9c0c20c18ec7319c067a05	gi|1146059197|ref|NR_145929.1|	92.117	444	34	1	4	446	319	762	9.78e-179	625	642589
f4c11c8b2b9c0c20c18ec7319c067a05	gi|2363086260|ref|NR_181382.1|	91.461	445	31	5	4	446	322	761	1.27e-172	604	2763662
f4c11c8b2b9c0c20c18ec7319c067a05	gi|2180566484|ref|NR_174324.1|	91.422	443	35	1	4	446	346	785	1.27e-172	604	2576756
f4c11c8b2b9c0c20c18ec7319c067a05	gi|2836274968|ref|NR_197731.1|	91.196	443	36	2	4	446	306	745	5.93e-171	599	3093659
f4c11c8b2b9c0c20c18ec7319c067a05	gi|2836274967|ref|NR_197730.1|	91.196	443	36	2	4	446	312	751	5.93e-171	599	3093658
f4c11c8b2b9c0c20c18ec7319c067a05	gi|1116030278|ref|NR_144736.1|	90.971	443	37	2	4	446	360	799	2.76e-169	593	1776382
f4c11c8b2b9c0c20c18ec7319c067a05	gi|2363083495|ref|NR_179996.1|	90.745	443	38	1	4	446	363	802	1.28e-167	588	2764322
7632c5a93feb987a66e379dc0f1cac7e	gi|3248465643|ref|NR_201655.1|	90.724	442	38	3	4	444	313	752	4.59e-167	586	3380807
7632c5a93feb987a66e379dc0f1cac7e	gi|2136551567|ref|NR_173570.1|	90.724	442	38	3	4	444	330	769	4.59e-167	586	1912090
7632c5a93feb987a66e379dc0f1cac7e	gi|2363085133|ref|NR_180815.1|	90.476	441	41	1	4	444	350	789	2.14e-165	580	2606633
7632c5a93feb987a66e379dc0f1cac7e	gi|2363083556|ref|NR_180026.1|	90.476	441	41	1	4	444	348	787	2.14e-165	580	2696678
7632c5a93feb987a66e379dc0f1cac7e	gi|1397641798|ref|NR_156907.1|	90.498	442	39	3	4	444	348	787	2.14e-165	580	1912855
7632c5a93feb987a66e379dc0f1cac7e	gi|645319762|ref|NR_117131.1|	90.519	443	37	5	4	444	348	787	2.14e-165	580	1544
7632c5a93feb987a66e379dc0f1cac7e	gi|224581401|ref|NR_024719.1|	90.476	441	40	2	4	444	341	779	2.14e-165	580	89153
7632c5a93feb987a66e379dc0f1cac7e	gi|631250892|ref|NR_112089.1|	90.476	441	41	1	4	444	336	775	2.14e-165	580	553973
7632c5a93feb987a66e379dc0f1cac7e	gi|2363085153|ref|NR_180825.1|	90.249	441	43	0	4	444	347	787	2.76e-164	577	2605790
7632c5a93feb987a66e379dc0f1cac7e	gi|343201234|ref|NR_041960.1|	90.293	443	39	4	4	444	222	662	2.76e-164	577	89014
3c6211c2ace7ac18d20cf95f214b67a3	gi|343198449|ref|NR_041882.1|	90.045	442	42	2	4	445	349	788	1.29e-162	571	180332
3c6211c2ace7ac18d20cf95f214b67a3	gi|3030611230|ref|NR_199906.1|	89.367	442	45	2	4	445	354	793	1.30e-157	555	3123317
3c6211c2ace7ac18d20cf95f214b67a3	gi|3030611314|ref|NR_199990.1|	89.367	442	45	2	4	445	350	789	1.30e-157	555	3123317
3c6211c2ace7ac18d20cf95f214b67a3	gi|1384992331|ref|NR_156080.1|	89.367	442	45	2	4	445	336	775	1.30e-157	555	1469948
3c6211c2ace7ac18d20cf95f214b67a3	gi|1384992328|ref|NR_156077.1|	89.367	442	45	2	4	445	336	775	1.30e-157	555	1469948
3c6211c2ace7ac18d20cf95f214b67a3	gi|1384992332|ref|NR_156081.1|	89.140	442	46	2	4	445	336	775	6.04e-156	549	1469948
3c6211c2ace7ac18d20cf95f214b67a3	gi|1384992329|ref|NR_156078.1|	89.140	442	46	2	4	445	336	775	6.04e-156	549	1469948
3c6211c2ace7ac18d20cf95f214b67a3	gi|219846901|ref|NR_026493.1|	89.189	444	42	6	4	445	338	777	6.04e-156	549	69825
3c6211c2ace7ac18d20cf95f214b67a3	gi|2836274880|ref|NR_197643.1|	88.914	442	47	2	4	445	329	768	2.81e-154	544	2962432
3c6211c2ace7ac18d20cf95f214b67a3	gi|507148045|ref|NR_102852.1|	88.914	442	47	2	4	445	348	787	2.81e-154	544	84030
e578f69ee5f635a2c942502be4a75f6d	gi|2363082352|ref|NR_179423.1|	92.551	443	32	1	4	445	349	791	0.0	634	1689270
e578f69ee5f635a2c942502be4a75f6d	gi|2363082342|ref|NR_179418.1|	91.874	443	35	1	4	445	348	790	1.63e-176	617	1673721
e578f69ee5f635a2c942502be4a75f6d	gi|2363082569|ref|NR_179531.1|	91.667	444	33	4	4	445	347	788	7.59e-175	612	1852369
e578f69ee5f635a2c942502be4a75f6d	gi|2136551692|ref|NR_173697.1|	90.950	442	40	0	4	445	349	790	7.65e-170	595	2108523
e578f69ee5f635a2c942502be4a75f6d	gi|2363082168|ref|NR_179330.1|	90.724	442	41	0	4	445	327	768	3.56e-168	590	2714355
e578f69ee5f635a2c942502be4a75f6d	gi|3030611323|ref|NR_199999.1|	90.519	443	41	1	4	445	301	743	1.66e-166	584	3133422
e578f69ee5f635a2c942502be4a75f6d	gi|2363082165|ref|NR_179329.1|	90.498	442	42	0	4	445	327	768	1.66e-166	584	2714353
e578f69ee5f635a2c942502be4a75f6d	gi|1109168025|ref|NR_144611.1|	90.519	443	41	1	4	445	282	724	1.66e-166	584	1417852
e578f69ee5f635a2c942502be4a75f6d	gi|2363082358|ref|NR_179426.1|	90.315	444	40	3	4	445	349	791	7.70e-165	579	1702285
e578f69ee5f635a2c942502be4a75f6d	gi|2363082326|ref|NR_179410.1|	90.293	443	42	1	4	445	349	791	7.70e-165	579	1650661
ad1e8ff7cebeb04e4a819aed7679091c	gi|2621112285|ref|NR_189188.1|	91.874	443	34	1	4	444	320	762	1.63e-176	617	2785025
ad1e8ff7cebeb04e4a819aed7679091c	gi|444439494|ref|NR_074809.1|	91.837	441	36	0	4	444	350	790	5.86e-176	616	585394
ad1e8ff7cebeb04e4a819aed7679091c	gi|645320588|ref|NR_117758.1|	91.629	442	36	1	4	444	322	763	2.72e-174	610	166486
ad1e8ff7cebeb04e4a819aed7679091c	gi|228716944|ref|NR_027557.1|	91.629	442	36	1	4	444	343	784	2.72e-174	610	536231
ad1e8ff7cebeb04e4a819aed7679091c	gi|943392602|ref|NR_117139.2|	91.610	441	36	1	4	444	346	785	9.80e-174	608	649756
ad1e8ff7cebeb04e4a819aed7679091c	gi|943392601|ref|NR_117138.2|	91.610	441	36	1	4	444	346	785	9.80e-174	608	649756
ad1e8ff7cebeb04e4a819aed7679091c	gi|1227086118|ref|NR_148620.1|	91.610	441	36	1	4	444	195	634	9.80e-174	608	1763509
ad1e8ff7cebeb04e4a819aed7679091c	gi|645321749|ref|NR_118643.1|	91.610	441	36	1	4	444	254	693	9.80e-174	608	1432052
ad1e8ff7cebeb04e4a819aed7679091c	gi|559795210|ref|NR_104799.1|	91.610	441	36	1	4	444	338	777	9.80e-174	608	649756
ad1e8ff7cebeb04e4a819aed7679091c	gi|343201282|ref|NR_042008.1|	91.610	441	36	1	4	444	341	780	9.80e-174	608	585394
24b7ae4e3260c480c5e678e5d0527496	gi|444304209|ref|NR_074634.1|	92.273	440	34	0	4	443	350	789	9.71e-179	625	515619
24b7ae4e3260c480c5e678e5d0527496	gi|343198540|ref|NR_042832.1|	92.063	441	34	1	4	443	330	770	4.52e-177	619	301302
24b7ae4e3260c480c5e678e5d0527496	gi|645320588|ref|NR_117758.1|	91.176	442	37	1	4	443	322	763	5.88e-171	599	166486
24b7ae4e3260c480c5e678e5d0527496	gi|228716944|ref|NR_027557.1|	91.176	442	37	1	4	443	343	784	5.88e-171	599	536231
24b7ae4e3260c480c5e678e5d0527496	gi|2363085153|ref|NR_180825.1|	91.156	441	38	1	4	443	347	787	2.12e-170	597	2605790
24b7ae4e3260c480c5e678e5d0527496	gi|2363085149|ref|NR_180823.1|	91.136	440	39	0	4	443	357	796	2.12e-170	597	2606634
24b7ae4e3260c480c5e678e5d0527496	gi|444439494|ref|NR_074809.1|	91.156	441	38	1	4	443	350	790	2.12e-170	597	585394
24b7ae4e3260c480c5e678e5d0527496	gi|2363086282|ref|NR_181393.1|	91.136	440	39	0	4	443	290	729	2.12e-170	597	2763664
24b7ae4e3260c480c5e678e5d0527496	gi|343201282|ref|NR_042008.1|	90.930	441	38	2	4	443	341	780	9.85e-169	592	585394
24b7ae4e3260c480c5e678e5d0527496	gi|1227086116|ref|NR_148619.1|	90.724	442	39	2	4	443	301	742	1.27e-167	588	1712665
a961949266e8146685d7d1fa9a0d3d25	gi|343202586|ref|NR_042953.1|	94.773	440	23	0	4	443	308	747	0.0	686	264463
a961949266e8146685d7d1fa9a0d3d25	gi|645321749|ref|NR_118643.1|	94.545	440	24	0	4	443	254	693	0.0	680	1432052
a961949266e8146685d7d1fa9a0d3d25	gi|2621112285|ref|NR_189188.1|	94.357	443	22	2	4	443	320	762	0.0	676	2785025
a961949266e8146685d7d1fa9a0d3d25	gi|943392602|ref|NR_117139.2|	94.318	440	25	0	4	443	346	785	0.0	675	649756
a961949266e8146685d7d1fa9a0d3d25	gi|943392601|ref|NR_117138.2|	94.318	440	25	0	4	443	346	785	0.0	675	649756
a961949266e8146685d7d1fa9a0d3d25	gi|961555123|ref|NR_134091.1|	94.318	440	25	0	4	443	335	774	0.0	675	1462919
a961949266e8146685d7d1fa9a0d3d25	gi|631253128|ref|NR_114326.1|	94.318	440	25	0	4	443	334	773	0.0	675	1150298
a961949266e8146685d7d1fa9a0d3d25	gi|2363086278|ref|NR_181391.1|	94.318	440	25	0	4	443	249	688	0.0	675	2763670
a961949266e8146685d7d1fa9a0d3d25	gi|559795210|ref|NR_104799.1|	94.318	440	25	0	4	443	338	777	0.0	675	649756
a961949266e8146685d7d1fa9a0d3d25	gi|219846511|ref|NR_026103.1|	94.318	440	25	0	4	443	316	755	0.0	675	37658
79a3569cb9292cd73cd3cda1eb4fe996	gi|1116030288|ref|NR_144746.1|	93.709	461	27	2	4	463	339	798	0.0	691	1841864
79a3569cb9292cd73cd3cda1eb4fe996	gi|485099085|ref|NR_102481.1|	90.476	462	40	4	4	463	337	796	3.68e-173	606	908937
79a3569cb9292cd73cd3cda1eb4fe996	gi|631251902|ref|NR_113100.1|	90.476	462	40	4	4	463	328	787	3.68e-173	606	908937
79a3569cb9292cd73cd3cda1eb4fe996	gi|265678976|ref|NR_029284.1|	90.476	462	40	4	4	463	308	767	3.68e-173	606	52227
79a3569cb9292cd73cd3cda1eb4fe996	gi|343200677|ref|NR_041364.1|	90.456	461	42	2	4	463	337	796	3.68e-173	606	1002367
79a3569cb9292cd73cd3cda1eb4fe996	gi|343206272|ref|NR_044864.1|	90.476	462	40	4	4	463	318	777	3.68e-173	606	1336250
79a3569cb9292cd73cd3cda1eb4fe996	gi|631251911|ref|NR_113109.1|	90.043	462	42	4	4	463	325	784	7.98e-170	595	840
79a3569cb9292cd73cd3cda1eb4fe996	gi|631251910|ref|NR_113108.1|	90.043	462	42	4	4	463	339	798	7.98e-170	595	840
79a3569cb9292cd73cd3cda1eb4fe996	gi|631251900|ref|NR_113098.1|	90.086	464	38	7	4	463	339	798	7.98e-170	595	28127
79a3569cb9292cd73cd3cda1eb4fe996	gi|343198659|ref|NR_043216.1|	89.827	462	43	4	4	463	319	778	2.87e-169	593	840
71d3edc978a9b4e70b11613dd6c3e61c	gi|1811131545|ref|NR_165727.1|	93.258	445	25	4	4	444	358	801	0.0	651	2358141
71d3edc978a9b4e70b11613dd6c3e61c	gi|645321749|ref|NR_118643.1|	92.971	441	30	1	4	444	254	693	0.0	641	1432052
71d3edc978a9b4e70b11613dd6c3e61c	gi|2363085103|ref|NR_180800.1|	92.517	441	32	1	4	444	347	786	2.09e-180	630	2652274
71d3edc978a9b4e70b11613dd6c3e61c	gi|1277396381|ref|NR_152095.1|	92.517	441	32	1	4	444	348	787	2.09e-180	630	1679721
71d3edc978a9b4e70b11613dd6c3e61c	gi|1116030273|ref|NR_144731.1|	92.517	441	32	1	4	444	347	786	2.09e-180	630	1720294
71d3edc978a9b4e70b11613dd6c3e61c	gi|1277396183|ref|NR_151894.1|	92.517	441	32	1	4	444	335	774	2.09e-180	630	433293
71d3edc978a9b4e70b11613dd6c3e61c	gi|310974936|ref|NR_036800.1|	92.290	441	33	1	4	444	326	765	9.73e-179	625	411470
71d3edc978a9b4e70b11613dd6c3e61c	gi|645321810|ref|NR_118690.1|	92.290	441	33	1	4	444	338	777	9.73e-179	625	411470
71d3edc978a9b4e70b11613dd6c3e61c	gi|1384992332|ref|NR_156081.1|	92.081	442	32	3	4	444	336	775	4.53e-177	619	1469948
71d3edc978a9b4e70b11613dd6c3e61c	gi|1384992329|ref|NR_156078.1|	92.081	442	32	3	4	444	336	775	4.53e-177	619	1469948
5627052546e016132f67408df274a4fe	gi|343206380|ref|NR_044972.1|	93.228	443	30	0	4	446	331	773	0.0	656	44749
5627052546e016132f67408df274a4fe	gi|645321636|ref|NR_118554.1|	92.135	445	31	4	4	446	329	771	9.78e-179	625	1297617
5627052546e016132f67408df274a4fe	gi|2363082342|ref|NR_179418.1|	91.892	444	34	2	4	446	348	790	4.55e-177	619	1673721
5627052546e016132f67408df274a4fe	gi|219857437|ref|NR_025025.1|	91.685	445	31	6	4	446	332	772	1.64e-176	617	100176
5627052546e016132f67408df274a4fe	gi|3030611324|ref|NR_200000.1|	91.422	443	38	0	4	446	301	743	9.85e-174	608	3342383
5627052546e016132f67408df274a4fe	gi|645321110|ref|NR_118156.1|	91.441	444	35	2	4	446	304	745	3.54e-173	606	1007096
5627052546e016132f67408df274a4fe	gi|219846612|ref|NR_026204.1|	91.256	446	33	6	4	446	328	770	1.27e-172	604	47246
5627052546e016132f67408df274a4fe	gi|1109168025|ref|NR_144611.1|	91.196	443	39	0	4	446	282	724	4.58e-172	603	1417852
5627052546e016132f67408df274a4fe	gi|2363082168|ref|NR_179330.1|	90.971	443	39	1	4	446	327	768	7.67e-170	595	2714355
5627052546e016132f67408df274a4fe	gi|2363082165|ref|NR_179329.1|	90.745	443	40	1	4	446	327	768	3.57e-168	590	2714353
2b2726c4b652b29e8983e8d74705d97f	gi|343205678|ref|NR_044054.1|	95.682	440	19	0	4	443	297	736	0.0	708	1121115
2b2726c4b652b29e8983e8d74705d97f	gi|2363082685|ref|NR_179590.1|	95.465	441	19	1	4	443	327	767	0.0	704	1936059
2b2726c4b652b29e8983e8d74705d97f	gi|631253117|ref|NR_114315.1|	95.455	440	20	0	4	443	336	775	0.0	704	649762
2b2726c4b652b29e8983e8d74705d97f	gi|219846722|ref|NR_026314.1|	94.318	440	25	0	4	443	330	769	0.0	675	53443
2b2726c4b652b29e8983e8d74705d97f	gi|974142252|ref|NR_134772.1|	94.091	440	26	0	4	443	297	736	0.0	669	1337051
2b2726c4b652b29e8983e8d74705d97f	gi|2363085133|ref|NR_180815.1|	93.864	440	27	0	4	443	350	789	0.0	664	2606633
2b2726c4b652b29e8983e8d74705d97f	gi|2363083556|ref|NR_180026.1|	93.864	440	27	0	4	443	348	787	0.0	664	2696678
2b2726c4b652b29e8983e8d74705d97f	gi|1277396184|ref|NR_151895.1|	93.864	440	27	0	4	443	336	775	0.0	664	433286
2b2726c4b652b29e8983e8d74705d97f	gi|219846720|ref|NR_026312.1|	93.636	440	28	0	4	443	327	766	0.0	660	180164
2b2726c4b652b29e8983e8d74705d97f	gi|1909404440|ref|NR_170495.1|	93.636	440	28	0	4	443	355	794	0.0	658	2509240
4e54ccc502eaebb5214135dcf4ef10b1	gi|2136551593|ref|NR_173596.1|	95.011	441	21	1	4	443	301	741	0.0	691	1703332
4e54ccc502eaebb5214135dcf4ef10b1	gi|2363086282|ref|NR_181393.1|	94.773	440	23	0	4	443	290	729	0.0	686	2763664
4e54ccc502eaebb5214135dcf4ef10b1	gi|343198540|ref|NR_042832.1|	94.785	441	22	1	4	443	330	770	0.0	686	301302
4e54ccc502eaebb5214135dcf4ef10b1	gi|444439494|ref|NR_074809.1|	94.558	441	23	1	4	443	350	790	0.0	680	585394
4e54ccc502eaebb5214135dcf4ef10b1	gi|444304209|ref|NR_074634.1|	94.545	440	24	0	4	443	350	789	0.0	680	515619
4e54ccc502eaebb5214135dcf4ef10b1	gi|343198925|ref|NR_044049.1|	94.570	442	20	4	4	443	316	755	0.0	680	33043
4e54ccc502eaebb5214135dcf4ef10b1	gi|645320588|ref|NR_117758.1|	94.344	442	23	1	4	443	322	763	0.0	676	166486
4e54ccc502eaebb5214135dcf4ef10b1	gi|228716944|ref|NR_027557.1|	94.344	442	23	1	4	443	343	784	0.0	676	536231
4e54ccc502eaebb5214135dcf4ef10b1	gi|343201282|ref|NR_042008.1|	94.331	441	23	2	4	443	341	780	0.0	675	585394
4e54ccc502eaebb5214135dcf4ef10b1	gi|343201281|ref|NR_042007.1|	94.144	444	20	5	4	443	343	784	0.0	671	622312
7f63f18178046e5af2b72e7802020fc0	gi|2363080123|ref|NR_178280.1|	95.023	442	19	3	3	443	331	770	0.0	691	411483
7f63f18178046e5af2b72e7802020fc0	gi|265678656|ref|NR_028961.1|	94.796	442	20	3	3	443	327	766	0.0	686	853
7f63f18178046e5af2b72e7802020fc0	gi|2363081451|ref|NR_178972.1|	94.570	442	21	3	3	443	285	724	0.0	680	1851428
7f63f18178046e5af2b72e7802020fc0	gi|2363081449|ref|NR_178971.1|	94.570	442	20	4	3	443	285	723	0.0	680	1851427
7f63f18178046e5af2b72e7802020fc0	gi|3030611269|ref|NR_199945.1|	94.344	442	22	3	3	443	335	774	0.0	675	3435293
7f63f18178046e5af2b72e7802020fc0	gi|2363082282|ref|NR_179388.1|	93.905	443	22	5	3	443	335	774	0.0	664	2935520
7f63f18178046e5af2b72e7802020fc0	gi|2363080175|ref|NR_178311.1|	92.760	442	29	3	3	443	412	851	0.0	636	2903556
7f63f18178046e5af2b72e7802020fc0	gi|2363084747|ref|NR_180622.1|	88.939	443	44	5	3	443	335	774	1.01e-153	542	2779354
7f63f18178046e5af2b72e7802020fc0	gi|1397641802|ref|NR_156911.1|	88.688	442	47	3	3	443	351	790	4.68e-152	536	1650663
7f63f18178046e5af2b72e7802020fc0	gi|2363082601|ref|NR_179547.1|	88.739	444	43	7	3	443	347	786	4.68e-152	536	1870991
