8d36f67747016f670eab677698a39d0a	gi|2363080123|ref|NR_178280.1|	98.864	440	5	0	1	440	331	770	0.0	785	411483
8d36f67747016f670eab677698a39d0a	gi|3030611269|ref|NR_199945.1|	98.636	440	6	0	1	440	335	774	0.0	780	3435293
8d36f67747016f670eab677698a39d0a	gi|2363081449|ref|NR_178971.1|	99.072	431	4	0	1	431	285	715	0.0	774	1851427
8d36f67747016f670eab677698a39d0a	gi|265678656|ref|NR_028961.1|	98.182	440	8	0	1	440	327	766	0.0	769	853
8d36f67747016f670eab677698a39d0a	gi|2363081451|ref|NR_178972.1|	97.955	440	9	0	1	440	285	724	0.0	763	1851428
8d36f67747016f670eab677698a39d0a	gi|2363082282|ref|NR_179388.1|	97.279	441	10	2	1	440	335	774	0.0	747	2935520
8d36f67747016f670eab677698a39d0a	gi|2363080175|ref|NR_178311.1|	96.591	440	15	0	1	440	412	851	0.0	730	2903556
8d36f67747016f670eab677698a39d0a	gi|2363084747|ref|NR_180622.1|	93.424	441	27	2	1	440	335	774	0.0	652	2779354
8d36f67747016f670eab677698a39d0a	gi|559795255|ref|NR_104846.1|	93.182	440	30	0	1	440	288	727	0.0	647	745368
8d36f67747016f670eab677698a39d0a	gi|1277396189|ref|NR_151900.1|	92.727	440	32	0	1	440	351	790	0.0	636	1550024
a5ded599a2e0af8ac0f75159da12d5e3	gi|631251747|ref|NR_112945.1|	99.130	460	4	0	1	460	327	786	0.0	828	820
a5ded599a2e0af8ac0f75159da12d5e3	gi|343200179|ref|NR_040866.1|	99.130	460	4	0	1	460	334	793	0.0	828	820
a5ded599a2e0af8ac0f75159da12d5e3	gi|2363086550|ref|NR_181532.1|	98.696	460	6	0	1	460	322	781	0.0	817	2763025
a5ded599a2e0af8ac0f75159da12d5e3	gi|2363082773|ref|NR_179635.1|	96.957	460	14	0	1	460	338	797	0.0	773	2024197
a5ded599a2e0af8ac0f75159da12d5e3	gi|631251874|ref|NR_113072.1|	96.739	460	15	0	1	460	338	797	0.0	767	1236512
a5ded599a2e0af8ac0f75159da12d5e3	gi|631251816|ref|NR_113014.1|	96.522	460	16	0	1	460	338	797	0.0	761	1236512
a5ded599a2e0af8ac0f75159da12d5e3	gi|631251735|ref|NR_112933.1|	96.304	460	17	0	1	460	334	793	0.0	756	246787
a5ded599a2e0af8ac0f75159da12d5e3	gi|343200620|ref|NR_041307.1|	96.087	460	18	0	1	460	334	793	0.0	750	329854
a5ded599a2e0af8ac0f75159da12d5e3	gi|2363084421|ref|NR_180458.1|	95.870	460	19	0	1	460	340	799	0.0	745	2650157
a5ded599a2e0af8ac0f75159da12d5e3	gi|2363082635|ref|NR_179564.1|	95.870	460	19	0	1	460	338	797	0.0	745	1903262
33ff98f87e988c6633f3094899fcded5	gi|2363080123|ref|NR_178280.1|	98.864	440	5	0	1	440	331	770	0.0	785	411483
33ff98f87e988c6633f3094899fcded5	gi|3030611269|ref|NR_199945.1|	98.636	440	6	0	1	440	335	774	0.0	780	3435293
33ff98f87e988c6633f3094899fcded5	gi|2363081449|ref|NR_178971.1|	99.072	431	4	0	1	431	285	715	0.0	774	1851427
33ff98f87e988c6633f3094899fcded5	gi|265678656|ref|NR_028961.1|	98.182	440	8	0	1	440	327	766	0.0	769	853
33ff98f87e988c6633f3094899fcded5	gi|2363081451|ref|NR_178972.1|	97.955	440	9	0	1	440	285	724	0.0	763	1851428
33ff98f87e988c6633f3094899fcded5	gi|2363082282|ref|NR_179388.1|	97.279	441	10	2	1	440	335	774	0.0	747	2935520
33ff98f87e988c6633f3094899fcded5	gi|2363080175|ref|NR_178311.1|	96.591	440	15	0	1	440	412	851	0.0	730	2903556
33ff98f87e988c6633f3094899fcded5	gi|2363084747|ref|NR_180622.1|	93.424	441	27	2	1	440	335	774	0.0	652	2779354
33ff98f87e988c6633f3094899fcded5	gi|559795255|ref|NR_104846.1|	93.182	440	30	0	1	440	288	727	0.0	647	745368
33ff98f87e988c6633f3094899fcded5	gi|1277396189|ref|NR_151900.1|	92.727	440	32	0	1	440	351	790	0.0	636	1550024
7c42a84e086d4811d11b6955918bca51	gi|2363080123|ref|NR_178280.1|	99.091	440	4	0	1	440	331	770	0.0	791	411483
7c42a84e086d4811d11b6955918bca51	gi|3030611269|ref|NR_199945.1|	98.864	440	5	0	1	440	335	774	0.0	785	3435293
7c42a84e086d4811d11b6955918bca51	gi|2363081449|ref|NR_178971.1|	98.864	440	4	1	1	440	285	723	0.0	784	1851427
7c42a84e086d4811d11b6955918bca51	gi|265678656|ref|NR_028961.1|	98.409	440	7	0	1	440	327	766	0.0	774	853
7c42a84e086d4811d11b6955918bca51	gi|2363081451|ref|NR_178972.1|	98.182	440	8	0	1	440	285	724	0.0	769	1851428
7c42a84e086d4811d11b6955918bca51	gi|2363082282|ref|NR_179388.1|	97.506	441	9	2	1	440	335	774	0.0	752	2935520
7c42a84e086d4811d11b6955918bca51	gi|2363080175|ref|NR_178311.1|	96.818	440	14	0	1	440	412	851	0.0	736	2903556
7c42a84e086d4811d11b6955918bca51	gi|2363084747|ref|NR_180622.1|	93.651	441	26	2	1	440	335	774	0.0	658	2779354
7c42a84e086d4811d11b6955918bca51	gi|559795255|ref|NR_104846.1|	93.409	440	29	0	1	440	288	727	0.0	652	745368
7c42a84e086d4811d11b6955918bca51	gi|1277396189|ref|NR_151900.1|	92.955	440	31	0	1	440	351	790	0.0	641	1550024
9fe09dd176d8036dd20f91f0cf15731c	gi|3248465644|ref|NR_201656.1|	95.238	441	19	2	1	440	329	768	0.0	697	3417633
9fe09dd176d8036dd20f91f0cf15731c	gi|507148077|ref|NR_102884.1|	93.864	440	27	0	1	440	331	770	0.0	664	213810
9fe09dd176d8036dd20f91f0cf15731c	gi|2363082601|ref|NR_179547.1|	93.636	440	28	0	1	440	347	786	0.0	658	1870991
9fe09dd176d8036dd20f91f0cf15731c	gi|636558832|ref|NR_114889.1|	93.636	440	27	1	1	440	277	715	0.0	656	213810
9fe09dd176d8036dd20f91f0cf15731c	gi|3248465648|ref|NR_201660.1|	93.409	440	29	0	1	440	319	758	0.0	652	3417630
9fe09dd176d8036dd20f91f0cf15731c	gi|444303976|ref|NR_074399.1|	93.409	440	29	0	1	440	333	772	0.0	652	697329
9fe09dd176d8036dd20f91f0cf15731c	gi|631251834|ref|NR_113032.1|	93.409	440	29	0	1	440	333	772	0.0	652	1264
9fe09dd176d8036dd20f91f0cf15731c	gi|636559173|ref|NR_115230.1|	93.409	440	29	0	1	440	333	772	0.0	652	697329
9fe09dd176d8036dd20f91f0cf15731c	gi|219846339|ref|NR_025929.1|	93.409	440	29	0	1	440	328	767	0.0	652	697329
9fe09dd176d8036dd20f91f0cf15731c	gi|265679047|ref|NR_029355.1|	93.182	440	30	0	1	440	332	771	0.0	647	84026
037683bcb962d0f68a0eae9bf8579002	gi|2363080123|ref|NR_178280.1|	99.091	440	4	0	1	440	331	770	0.0	791	411483
037683bcb962d0f68a0eae9bf8579002	gi|3030611269|ref|NR_199945.1|	98.864	440	5	0	1	440	335	774	0.0	785	3435293
037683bcb962d0f68a0eae9bf8579002	gi|2363081449|ref|NR_178971.1|	98.636	440	5	1	1	440	285	723	0.0	778	1851427
037683bcb962d0f68a0eae9bf8579002	gi|265678656|ref|NR_028961.1|	98.409	440	7	0	1	440	327	766	0.0	774	853
037683bcb962d0f68a0eae9bf8579002	gi|2363081451|ref|NR_178972.1|	98.182	440	8	0	1	440	285	724	0.0	769	1851428
037683bcb962d0f68a0eae9bf8579002	gi|2363082282|ref|NR_179388.1|	97.506	441	9	2	1	440	335	774	0.0	752	2935520
037683bcb962d0f68a0eae9bf8579002	gi|2363080175|ref|NR_178311.1|	96.818	440	14	0	1	440	412	851	0.0	736	2903556
037683bcb962d0f68a0eae9bf8579002	gi|2363084747|ref|NR_180622.1|	93.651	441	26	2	1	440	335	774	0.0	658	2779354
037683bcb962d0f68a0eae9bf8579002	gi|559795255|ref|NR_104846.1|	93.409	440	29	0	1	440	288	727	0.0	652	745368
037683bcb962d0f68a0eae9bf8579002	gi|1277396189|ref|NR_151900.1|	92.955	440	31	0	1	440	351	790	0.0	641	1550024
98a20f3e635b4b21d191308246b2a247	gi|2363081451|ref|NR_178972.1|	99.318	440	3	0	1	440	285	724	0.0	797	1851428
98a20f3e635b4b21d191308246b2a247	gi|265678656|ref|NR_028961.1|	98.636	440	6	0	1	440	327	766	0.0	780	853
98a20f3e635b4b21d191308246b2a247	gi|2363082282|ref|NR_179388.1|	98.409	440	7	0	1	440	335	774	0.0	774	2935520
98a20f3e635b4b21d191308246b2a247	gi|2363080123|ref|NR_178280.1|	98.409	440	7	0	1	440	331	770	0.0	774	411483
98a20f3e635b4b21d191308246b2a247	gi|3030611269|ref|NR_199945.1|	98.182	440	8	0	1	440	335	774	0.0	769	3435293
98a20f3e635b4b21d191308246b2a247	gi|2363081449|ref|NR_178971.1|	98.608	431	6	0	1	431	285	715	0.0	763	1851427
98a20f3e635b4b21d191308246b2a247	gi|2363080175|ref|NR_178311.1|	96.364	440	16	0	1	440	412	851	0.0	725	2903556
98a20f3e635b4b21d191308246b2a247	gi|1397641802|ref|NR_156911.1|	92.500	440	33	0	1	440	351	790	2.07e-180	630	1650663
98a20f3e635b4b21d191308246b2a247	gi|2363084747|ref|NR_180622.1|	92.500	440	33	0	1	440	335	774	2.07e-180	630	2779354
98a20f3e635b4b21d191308246b2a247	gi|2363082356|ref|NR_179425.1|	92.290	441	32	2	1	440	351	790	9.64e-179	625	1689304
d9bc53b1f87d068e10b1e9d5d8a4ac8c	gi|631251740|ref|NR_112938.1|	98.913	460	5	0	1	460	326	785	0.0	822	204516
d9bc53b1f87d068e10b1e9d5d8a4ac8c	gi|343198509|ref|NR_042745.1|	98.913	460	5	0	1	460	338	797	0.0	822	204516
d9bc53b1f87d068e10b1e9d5d8a4ac8c	gi|343200626|ref|NR_041313.1|	94.565	460	25	0	1	460	340	799	0.0	712	338188
d9bc53b1f87d068e10b1e9d5d8a4ac8c	gi|636560121|ref|NR_116181.1|	94.130	460	26	1	1	460	333	791	0.0	699	28116
d9bc53b1f87d068e10b1e9d5d8a4ac8c	gi|631251749|ref|NR_112947.1|	93.913	460	28	0	1	460	326	785	0.0	697	657309
d9bc53b1f87d068e10b1e9d5d8a4ac8c	gi|1491509587|ref|NR_159118.1|	93.913	460	28	0	1	460	310	769	0.0	695	28116
d9bc53b1f87d068e10b1e9d5d8a4ac8c	gi|1491509586|ref|NR_159117.1|	93.913	460	28	0	1	460	301	760	0.0	695	28116
d9bc53b1f87d068e10b1e9d5d8a4ac8c	gi|2363084431|ref|NR_180463.1|	93.913	460	28	0	1	460	340	799	0.0	695	2650158
d9bc53b1f87d068e10b1e9d5d8a4ac8c	gi|2363084421|ref|NR_180458.1|	93.913	460	28	0	1	460	340	799	0.0	695	2650157
d9bc53b1f87d068e10b1e9d5d8a4ac8c	gi|631251742|ref|NR_112940.1|	93.913	460	28	0	1	460	327	786	0.0	695	28116
5a2562f7227c8a5a4db3cf223cd580b9	gi|2363080123|ref|NR_178280.1|	99.091	440	4	0	1	440	331	770	0.0	791	411483
5a2562f7227c8a5a4db3cf223cd580b9	gi|3030611269|ref|NR_199945.1|	98.864	440	5	0	1	440	335	774	0.0	785	3435293
5a2562f7227c8a5a4db3cf223cd580b9	gi|2363081449|ref|NR_178971.1|	98.636	440	5	1	1	440	285	723	0.0	778	1851427
5a2562f7227c8a5a4db3cf223cd580b9	gi|265678656|ref|NR_028961.1|	98.409	440	7	0	1	440	327	766	0.0	774	853
5a2562f7227c8a5a4db3cf223cd580b9	gi|2363081451|ref|NR_178972.1|	98.182	440	8	0	1	440	285	724	0.0	769	1851428
5a2562f7227c8a5a4db3cf223cd580b9	gi|2363082282|ref|NR_179388.1|	97.506	441	9	2	1	440	335	774	0.0	752	2935520
5a2562f7227c8a5a4db3cf223cd580b9	gi|2363080175|ref|NR_178311.1|	96.818	440	14	0	1	440	412	851	0.0	736	2903556
5a2562f7227c8a5a4db3cf223cd580b9	gi|2363084747|ref|NR_180622.1|	93.651	441	26	2	1	440	335	774	0.0	658	2779354
5a2562f7227c8a5a4db3cf223cd580b9	gi|559795255|ref|NR_104846.1|	93.409	440	29	0	1	440	288	727	0.0	652	745368
5a2562f7227c8a5a4db3cf223cd580b9	gi|1277396189|ref|NR_151900.1|	92.955	440	31	0	1	440	351	790	0.0	641	1550024
e163cddd1cf3579f23db74aa2fe825fd	gi|1270532346|ref|NR_121773.2|	91.304	460	40	0	1	460	348	807	7.81e-180	628	397865
e163cddd1cf3579f23db74aa2fe825fd	gi|631251875|ref|NR_113073.1|	91.304	460	40	0	1	460	329	788	7.81e-180	628	487174
e163cddd1cf3579f23db74aa2fe825fd	gi|343200981|ref|NR_041668.1|	91.304	460	40	0	1	460	321	780	7.81e-180	628	742726
e163cddd1cf3579f23db74aa2fe825fd	gi|343200821|ref|NR_041508.1|	91.087	460	40	1	1	460	325	783	1.31e-177	621	397865
e163cddd1cf3579f23db74aa2fe825fd	gi|2621112336|ref|NR_189240.1|	89.440	464	41	8	1	460	342	801	7.98e-165	579	2944915
e163cddd1cf3579f23db74aa2fe825fd	gi|1779814875|ref|NR_164950.1|	88.913	460	51	0	1	460	340	799	1.73e-161	568	2040292
e163cddd1cf3579f23db74aa2fe825fd	gi|645321322|ref|NR_118316.1|	88.745	462	48	4	1	460	338	797	8.03e-160	562	1349822
e163cddd1cf3579f23db74aa2fe825fd	gi|2363084938|ref|NR_180717.1|	88.095	462	51	4	1	460	259	718	8.09e-155	545	2601703
e163cddd1cf3579f23db74aa2fe825fd	gi|2136551682|ref|NR_173687.1|	88.147	464	47	7	1	460	325	784	8.09e-155	545	2751153
e163cddd1cf3579f23db74aa2fe825fd	gi|1018196564|ref|NR_136443.1|	87.905	463	51	4	1	460	300	760	3.76e-153	540	867595
6fc1f6aff7cf1a8a078bd4cc8d1d001a	gi|444303855|ref|NR_074277.1|	99.348	460	3	0	1	460	352	811	0.0	833	818
6fc1f6aff7cf1a8a078bd4cc8d1d001a	gi|631251746|ref|NR_112944.1|	99.348	460	3	0	1	460	324	783	0.0	833	818
6fc1f6aff7cf1a8a078bd4cc8d1d001a	gi|631252008|ref|NR_113206.1|	98.482	461	5	2	1	460	336	795	0.0	811	1236513
6fc1f6aff7cf1a8a078bd4cc8d1d001a	gi|631250945|ref|NR_112142.1|	98.472	458	6	1	3	460	336	792	0.0	806	818
6fc1f6aff7cf1a8a078bd4cc8d1d001a	gi|631251869|ref|NR_113067.1|	97.831	461	8	2	1	460	325	784	0.0	795	1077285
6fc1f6aff7cf1a8a078bd4cc8d1d001a	gi|645320100|ref|NR_117387.1|	97.831	461	8	2	1	460	320	779	0.0	795	1077285
6fc1f6aff7cf1a8a078bd4cc8d1d001a	gi|2363084421|ref|NR_180458.1|	97.397	461	10	2	1	460	340	799	0.0	784	2650157
6fc1f6aff7cf1a8a078bd4cc8d1d001a	gi|631251749|ref|NR_112947.1|	96.963	461	12	2	1	460	326	785	0.0	774	657309
6fc1f6aff7cf1a8a078bd4cc8d1d001a	gi|2363084431|ref|NR_180463.1|	96.963	461	12	2	1	460	340	799	0.0	773	2650158
6fc1f6aff7cf1a8a078bd4cc8d1d001a	gi|631251744|ref|NR_112942.1|	96.963	461	12	2	1	460	323	782	0.0	773	291644
3a4083968abc05811fdfbd32f6f32c48	gi|631251747|ref|NR_112945.1|	99.348	460	3	0	1	460	327	786	0.0	833	820
3a4083968abc05811fdfbd32f6f32c48	gi|343200179|ref|NR_040866.1|	99.348	460	3	0	1	460	334	793	0.0	833	820
3a4083968abc05811fdfbd32f6f32c48	gi|2363086550|ref|NR_181532.1|	98.913	460	5	0	1	460	322	781	0.0	822	2763025
3a4083968abc05811fdfbd32f6f32c48	gi|2363082773|ref|NR_179635.1|	97.174	460	13	0	1	460	338	797	0.0	778	2024197
3a4083968abc05811fdfbd32f6f32c48	gi|631251874|ref|NR_113072.1|	96.957	460	14	0	1	460	338	797	0.0	773	1236512
3a4083968abc05811fdfbd32f6f32c48	gi|631251816|ref|NR_113014.1|	96.739	460	15	0	1	460	338	797	0.0	767	1236512
3a4083968abc05811fdfbd32f6f32c48	gi|631251735|ref|NR_112933.1|	96.522	460	16	0	1	460	334	793	0.0	761	246787
3a4083968abc05811fdfbd32f6f32c48	gi|343200620|ref|NR_041307.1|	96.304	460	17	0	1	460	334	793	0.0	756	329854
3a4083968abc05811fdfbd32f6f32c48	gi|2363084421|ref|NR_180458.1|	96.087	460	18	0	1	460	340	799	0.0	750	2650157
3a4083968abc05811fdfbd32f6f32c48	gi|2363082635|ref|NR_179564.1|	96.087	460	18	0	1	460	338	797	0.0	750	1903262
b6d9746a231d1902f1a8586f87acf183	gi|444304091|ref|NR_074515.1|	99.348	460	3	0	1	460	350	809	0.0	833	435590
b6d9746a231d1902f1a8586f87acf183	gi|631251748|ref|NR_112946.1|	99.348	460	3	0	1	460	339	798	0.0	833	821
b6d9746a231d1902f1a8586f87acf183	gi|631250946|ref|NR_112143.1|	99.130	460	4	0	1	460	307	766	0.0	828	821
b6d9746a231d1902f1a8586f87acf183	gi|343200664|ref|NR_041351.1|	98.913	460	5	0	1	460	341	800	0.0	822	357276
b6d9746a231d1902f1a8586f87acf183	gi|631251997|ref|NR_113195.1|	93.913	460	28	0	1	460	338	797	0.0	695	1236515
b6d9746a231d1902f1a8586f87acf183	gi|631251866|ref|NR_113064.1|	93.696	460	29	0	1	460	338	797	0.0	689	1236538
b6d9746a231d1902f1a8586f87acf183	gi|631251817|ref|NR_113015.1|	93.696	460	29	0	1	460	338	797	0.0	689	1236538
b6d9746a231d1902f1a8586f87acf183	gi|645320081|ref|NR_117373.1|	93.696	460	29	0	1	460	289	748	0.0	689	1236515
b6d9746a231d1902f1a8586f87acf183	gi|2363082547|ref|NR_179520.1|	93.478	460	30	0	1	460	314	773	0.0	684	1841855
b6d9746a231d1902f1a8586f87acf183	gi|2363085522|ref|NR_181010.1|	93.261	460	31	0	1	460	297	756	0.0	678	2786956
b0df7e9edfca656feebae31396524e79	gi|559795255|ref|NR_104846.1|	98.864	440	5	0	1	440	288	727	0.0	785	745368
b0df7e9edfca656feebae31396524e79	gi|265678692|ref|NR_028997.1|	98.413	441	6	1	1	440	303	743	0.0	774	214851
b0df7e9edfca656feebae31396524e79	gi|2363084747|ref|NR_180622.1|	94.545	440	24	0	1	440	335	774	0.0	680	2779354
b0df7e9edfca656feebae31396524e79	gi|1397641802|ref|NR_156911.1|	94.091	440	26	0	1	440	351	790	0.0	669	1650663
b0df7e9edfca656feebae31396524e79	gi|1277396189|ref|NR_151900.1|	93.636	440	28	0	1	440	351	790	0.0	658	1550024
b0df7e9edfca656feebae31396524e79	gi|3030611269|ref|NR_199945.1|	93.409	440	29	0	1	440	335	774	0.0	652	3435293
b0df7e9edfca656feebae31396524e79	gi|2363082282|ref|NR_179388.1|	93.409	440	29	0	1	440	335	774	0.0	652	2935520
b0df7e9edfca656feebae31396524e79	gi|265678656|ref|NR_028961.1|	93.409	440	29	0	1	440	327	766	0.0	652	853
b0df7e9edfca656feebae31396524e79	gi|2363082356|ref|NR_179425.1|	92.971	441	29	2	1	440	351	790	0.0	641	1689304
b0df7e9edfca656feebae31396524e79	gi|2363081451|ref|NR_178972.1|	92.955	440	31	0	1	440	285	724	0.0	641	1851428
f965307441ee188bc97a37880531e792	gi|444304012|ref|NR_074436.1|	99.776	446	1	0	1	446	321	766	0.0	819	239935
f965307441ee188bc97a37880531e792	gi|343202494|ref|NR_042817.1|	99.776	446	1	0	1	446	301	746	0.0	819	349741
f965307441ee188bc97a37880531e792	gi|1315204026|ref|NR_152695.1|	91.982	449	32	3	1	446	300	747	2.72e-179	627	1679444
f965307441ee188bc97a37880531e792	gi|343200983|ref|NR_041670.1|	85.408	466	47	7	1	446	298	762	6.27e-131	466	490092
f965307441ee188bc97a37880531e792	gi|343200984|ref|NR_041671.1|	85.011	467	47	11	1	446	320	784	4.88e-127	453	490093
f965307441ee188bc97a37880531e792	gi|2260349445|ref|NR_176527.1|	84.946	465	49	7	1	446	318	780	1.76e-126	451	2576071
f965307441ee188bc97a37880531e792	gi|219846674|ref|NR_026266.1|	84.764	466	49	8	1	446	304	767	1.76e-126	451	240016
f965307441ee188bc97a37880531e792	gi|343200937|ref|NR_041624.1|	84.829	468	46	11	1	446	321	785	2.27e-125	448	454151
f965307441ee188bc97a37880531e792	gi|343200987|ref|NR_041674.1|	84.582	467	49	11	1	446	319	783	1.06e-123	442	490096
f965307441ee188bc97a37880531e792	gi|566085532|ref|NR_109603.1|	84.368	467	50	11	1	446	281	745	4.92e-122	436	1157309
11b9562dc50cd74b0a9475a37a3e877c	gi|631251953|ref|NR_113151.1|	99.348	460	3	0	1	460	338	797	0.0	833	328813
11b9562dc50cd74b0a9475a37a3e877c	gi|343202833|ref|NR_043318.1|	99.348	460	3	0	1	460	324	783	0.0	833	328813
11b9562dc50cd74b0a9475a37a3e877c	gi|2363082099|ref|NR_179296.1|	97.391	460	12	0	1	460	324	783	0.0	784	2585119
11b9562dc50cd74b0a9475a37a3e877c	gi|507148054|ref|NR_102861.1|	96.957	460	14	0	1	460	334	793	0.0	773	717959
11b9562dc50cd74b0a9475a37a3e877c	gi|672239000|ref|NR_125589.1|	96.963	461	12	2	1	460	269	728	0.0	773	1033731
11b9562dc50cd74b0a9475a37a3e877c	gi|343202834|ref|NR_043319.1|	96.739	460	15	0	1	460	323	782	0.0	769	717959
11b9562dc50cd74b0a9475a37a3e877c	gi|2363082505|ref|NR_179499.1|	96.739	460	15	0	1	460	342	801	0.0	767	2364787
11b9562dc50cd74b0a9475a37a3e877c	gi|507148137|ref|NR_102944.1|	96.739	460	15	0	1	460	334	793	0.0	767	214856
11b9562dc50cd74b0a9475a37a3e877c	gi|631251955|ref|NR_113153.1|	96.739	460	15	0	1	460	334	793	0.0	767	328814
11b9562dc50cd74b0a9475a37a3e877c	gi|636559243|ref|NR_115300.1|	96.739	460	15	0	1	460	314	773	0.0	767	679935
09a2f4210932ece8791827524c0b7ca7	gi|631251954|ref|NR_113152.1|	99.348	460	3	0	1	460	337	796	0.0	833	28117
09a2f4210932ece8791827524c0b7ca7	gi|219846319|ref|NR_025909.1|	96.522	460	16	0	1	460	344	803	0.0	782	28117
09a2f4210932ece8791827524c0b7ca7	gi|645321193|ref|NR_118219.1|	96.963	461	12	2	1	460	332	791	0.0	773	1033732
09a2f4210932ece8791827524c0b7ca7	gi|672239000|ref|NR_125589.1|	96.746	461	13	2	1	460	269	728	0.0	767	1033731
09a2f4210932ece8791827524c0b7ca7	gi|2363086959|ref|NR_181736.1|	96.529	461	14	2	1	460	334	793	0.0	761	2834113
09a2f4210932ece8791827524c0b7ca7	gi|2363082099|ref|NR_179296.1|	96.529	461	14	2	1	460	324	783	0.0	761	2585119
09a2f4210932ece8791827524c0b7ca7	gi|631251953|ref|NR_113151.1|	96.104	462	14	4	1	460	338	797	0.0	750	328813
09a2f4210932ece8791827524c0b7ca7	gi|343202833|ref|NR_043318.1|	96.104	462	14	4	1	460	324	783	0.0	750	328813
09a2f4210932ece8791827524c0b7ca7	gi|2363082505|ref|NR_179499.1|	95.680	463	14	6	1	460	342	801	0.0	739	2364787
09a2f4210932ece8791827524c0b7ca7	gi|507148137|ref|NR_102944.1|	95.662	461	18	2	1	460	334	793	0.0	739	214856
0d0c20c754b4d9634807e1f2c627156e	gi|939733298|ref|NR_133025.1|	99.565	460	2	0	1	460	275	734	0.0	839	2585118
0d0c20c754b4d9634807e1f2c627156e	gi|631251954|ref|NR_113152.1|	95.435	460	21	0	1	460	337	796	0.0	734	28117
0d0c20c754b4d9634807e1f2c627156e	gi|2363082099|ref|NR_179296.1|	95.000	460	23	0	1	460	324	783	0.0	723	2585119
0d0c20c754b4d9634807e1f2c627156e	gi|672239000|ref|NR_125589.1|	95.011	461	21	2	1	460	269	728	0.0	723	1033731
0d0c20c754b4d9634807e1f2c627156e	gi|2363086959|ref|NR_181736.1|	94.794	461	22	2	1	460	334	793	0.0	717	2834113
0d0c20c754b4d9634807e1f2c627156e	gi|507148054|ref|NR_102861.1|	94.794	461	22	2	1	460	334	793	0.0	717	717959
0d0c20c754b4d9634807e1f2c627156e	gi|645321193|ref|NR_118219.1|	94.794	461	22	2	1	460	332	791	0.0	717	1033732
0d0c20c754b4d9634807e1f2c627156e	gi|343202834|ref|NR_043319.1|	94.577	461	23	2	1	460	323	782	0.0	713	717959
0d0c20c754b4d9634807e1f2c627156e	gi|631251955|ref|NR_113153.1|	94.577	461	23	2	1	460	334	793	0.0	712	328814
0d0c20c754b4d9634807e1f2c627156e	gi|2363082505|ref|NR_179499.1|	94.168	463	21	6	1	460	342	801	0.0	701	2364787
eb9e90db87bb971e5312e89391e72c68	gi|2363080123|ref|NR_178280.1|	99.091	440	4	0	1	440	331	770	0.0	791	411483
eb9e90db87bb971e5312e89391e72c68	gi|3030611269|ref|NR_199945.1|	98.864	440	5	0	1	440	335	774	0.0	785	3435293
eb9e90db87bb971e5312e89391e72c68	gi|2363081449|ref|NR_178971.1|	98.636	440	5	1	1	440	285	723	0.0	778	1851427
eb9e90db87bb971e5312e89391e72c68	gi|265678656|ref|NR_028961.1|	98.409	440	7	0	1	440	327	766	0.0	774	853
eb9e90db87bb971e5312e89391e72c68	gi|2363081451|ref|NR_178972.1|	98.182	440	8	0	1	440	285	724	0.0	769	1851428
eb9e90db87bb971e5312e89391e72c68	gi|2363082282|ref|NR_179388.1|	97.506	441	9	2	1	440	335	774	0.0	752	2935520
eb9e90db87bb971e5312e89391e72c68	gi|2363080175|ref|NR_178311.1|	96.818	440	14	0	1	440	412	851	0.0	736	2903556
eb9e90db87bb971e5312e89391e72c68	gi|2363084747|ref|NR_180622.1|	93.651	441	26	2	1	440	335	774	0.0	658	2779354
eb9e90db87bb971e5312e89391e72c68	gi|559795255|ref|NR_104846.1|	93.409	440	29	0	1	440	288	727	0.0	652	745368
eb9e90db87bb971e5312e89391e72c68	gi|1277396189|ref|NR_151900.1|	92.955	440	31	0	1	440	351	790	0.0	641	1550024
c2443233c42e4484226f06dd2e894252	gi|2363082165|ref|NR_179329.1|	98.643	442	6	0	1	442	327	768	0.0	784	2714353
c2443233c42e4484226f06dd2e894252	gi|2363082168|ref|NR_179330.1|	98.416	442	7	0	1	442	327	768	0.0	778	2714355
c2443233c42e4484226f06dd2e894252	gi|645321110|ref|NR_118156.1|	93.905	443	25	2	1	442	304	745	0.0	667	1007096
c2443233c42e4484226f06dd2e894252	gi|2962412234|ref|NR_199428.1|	93.679	443	26	2	1	442	352	793	0.0	662	3073143
c2443233c42e4484226f06dd2e894252	gi|1269801610|ref|NR_074793.2|	93.454	443	27	2	1	442	355	796	0.0	656	351091
c2443233c42e4484226f06dd2e894252	gi|343200653|ref|NR_041340.1|	93.454	443	27	2	1	442	328	769	0.0	656	351091
c2443233c42e4484226f06dd2e894252	gi|2363087001|ref|NR_181757.1|	93.258	445	24	6	1	442	289	730	0.0	651	2841504
c2443233c42e4484226f06dd2e894252	gi|2260349448|ref|NR_176530.1|	92.777	443	30	2	1	442	358	799	0.0	640	2093857
c2443233c42e4484226f06dd2e894252	gi|2363082559|ref|NR_179526.1|	92.777	443	30	2	1	442	349	790	0.0	640	1841866
c2443233c42e4484226f06dd2e894252	gi|2363082170|ref|NR_179331.1|	92.777	443	31	1	1	442	328	770	0.0	640	2714358
d7406c195f138c0462d25ad85a0aeca1	gi|444304111|ref|NR_074535.1|	99.346	459	3	0	1	459	334	792	0.0	832	28118
d7406c195f138c0462d25ad85a0aeca1	gi|631251877|ref|NR_113075.1|	99.346	459	3	0	1	459	334	792	0.0	832	28118
d7406c195f138c0462d25ad85a0aeca1	gi|343206056|ref|NR_044636.1|	98.039	459	9	0	1	459	342	800	0.0	804	28118
d7406c195f138c0462d25ad85a0aeca1	gi|631251876|ref|NR_113074.1|	89.849	463	39	7	1	459	335	793	1.32e-167	588	742817
d7406c195f138c0462d25ad85a0aeca1	gi|631251699|ref|NR_112897.1|	89.849	463	39	7	1	459	315	773	1.32e-167	588	742817
d7406c195f138c0462d25ad85a0aeca1	gi|959494837|ref|NR_133715.1|	87.069	464	51	8	1	459	280	739	6.33e-146	516	1416875
d7406c195f138c0462d25ad85a0aeca1	gi|559795096|ref|NR_104682.1|	87.041	463	53	6	1	459	315	774	6.33e-146	516	1168289
d7406c195f138c0462d25ad85a0aeca1	gi|1953646717|ref|NR_171512.1|	86.797	462	56	5	1	459	313	772	2.94e-144	510	2162893
d7406c195f138c0462d25ad85a0aeca1	gi|265678658|ref|NR_028963.1|	86.638	464	54	7	1	459	327	787	3.81e-143	507	886379
d7406c195f138c0462d25ad85a0aeca1	gi|1341394029|ref|NR_153701.1|	86.638	464	53	8	1	459	299	758	1.37e-142	505	1740245
875117187b85a6d5839a7d4801987283	gi|444304091|ref|NR_074515.1|	98.698	461	4	2	1	460	350	809	0.0	817	435590
875117187b85a6d5839a7d4801987283	gi|631251748|ref|NR_112946.1|	98.698	461	4	2	1	460	339	798	0.0	817	821
875117187b85a6d5839a7d4801987283	gi|343200664|ref|NR_041351.1|	98.478	460	7	0	1	460	341	800	0.0	811	357276
875117187b85a6d5839a7d4801987283	gi|631250946|ref|NR_112143.1|	98.482	461	5	2	1	460	307	766	0.0	811	821
875117187b85a6d5839a7d4801987283	gi|631251997|ref|NR_113195.1|	93.696	460	29	0	1	460	338	797	0.0	689	1236515
875117187b85a6d5839a7d4801987283	gi|631251866|ref|NR_113064.1|	93.478	460	30	0	1	460	338	797	0.0	684	1236538
875117187b85a6d5839a7d4801987283	gi|631251817|ref|NR_113015.1|	93.478	460	30	0	1	460	338	797	0.0	684	1236538
875117187b85a6d5839a7d4801987283	gi|645320081|ref|NR_117373.1|	93.478	460	30	0	1	460	289	748	0.0	684	1236515
875117187b85a6d5839a7d4801987283	gi|2363085522|ref|NR_181010.1|	93.043	460	32	0	1	460	297	756	0.0	673	2786956
875117187b85a6d5839a7d4801987283	gi|2363082773|ref|NR_179635.1|	93.043	460	32	0	1	460	338	797	0.0	673	2024197
9b816a12ea2c5cf31b65373a93d0fd72	gi|631251747|ref|NR_112945.1|	99.348	460	3	0	1	460	327	786	0.0	833	820
9b816a12ea2c5cf31b65373a93d0fd72	gi|343200179|ref|NR_040866.1|	99.348	460	3	0	1	460	334	793	0.0	833	820
9b816a12ea2c5cf31b65373a93d0fd72	gi|2363086550|ref|NR_181532.1|	98.913	460	5	0	1	460	322	781	0.0	822	2763025
9b816a12ea2c5cf31b65373a93d0fd72	gi|2363082773|ref|NR_179635.1|	97.174	460	13	0	1	460	338	797	0.0	778	2024197
9b816a12ea2c5cf31b65373a93d0fd72	gi|631251874|ref|NR_113072.1|	96.957	460	14	0	1	460	338	797	0.0	773	1236512
9b816a12ea2c5cf31b65373a93d0fd72	gi|631251816|ref|NR_113014.1|	96.739	460	15	0	1	460	338	797	0.0	767	1236512
9b816a12ea2c5cf31b65373a93d0fd72	gi|631251735|ref|NR_112933.1|	96.522	460	16	0	1	460	334	793	0.0	761	246787
9b816a12ea2c5cf31b65373a93d0fd72	gi|343200620|ref|NR_041307.1|	96.304	460	17	0	1	460	334	793	0.0	756	329854
9b816a12ea2c5cf31b65373a93d0fd72	gi|2363084421|ref|NR_180458.1|	96.087	460	18	0	1	460	340	799	0.0	750	2650157
9b816a12ea2c5cf31b65373a93d0fd72	gi|2363082635|ref|NR_179564.1|	96.087	460	18	0	1	460	338	797	0.0	750	1903262
a440b960e15957840746b76862daea11	gi|631251740|ref|NR_112938.1|	98.696	460	6	0	1	460	326	785	0.0	817	204516
a440b960e15957840746b76862daea11	gi|343198509|ref|NR_042745.1|	98.696	460	6	0	1	460	338	797	0.0	817	204516
a440b960e15957840746b76862daea11	gi|343200626|ref|NR_041313.1|	94.348	460	26	0	1	460	340	799	0.0	706	338188
a440b960e15957840746b76862daea11	gi|631251749|ref|NR_112947.1|	93.926	461	26	2	1	460	326	785	0.0	695	657309
a440b960e15957840746b76862daea11	gi|343201773|ref|NR_042499.1|	93.926	461	26	2	1	460	294	753	0.0	695	657309
a440b960e15957840746b76862daea11	gi|636560121|ref|NR_116181.1|	93.913	460	27	1	1	460	333	791	0.0	693	28116
a440b960e15957840746b76862daea11	gi|1491509587|ref|NR_159118.1|	93.696	460	29	0	1	460	310	769	0.0	689	28116
a440b960e15957840746b76862daea11	gi|1491509586|ref|NR_159117.1|	93.696	460	29	0	1	460	301	760	0.0	689	28116
a440b960e15957840746b76862daea11	gi|2363084431|ref|NR_180463.1|	93.696	460	29	0	1	460	340	799	0.0	689	2650158
a440b960e15957840746b76862daea11	gi|2363084421|ref|NR_180458.1|	93.696	460	29	0	1	460	340	799	0.0	689	2650157
5000535869edee1e031ed4cd913b4759	gi|444304111|ref|NR_074535.1|	99.129	459	4	0	1	459	334	792	0.0	826	28118
5000535869edee1e031ed4cd913b4759	gi|631251877|ref|NR_113075.1|	99.129	459	4	0	1	459	334	792	0.0	826	28118
5000535869edee1e031ed4cd913b4759	gi|343206056|ref|NR_044636.1|	97.821	459	10	0	1	459	342	800	0.0	798	28118
5000535869edee1e031ed4cd913b4759	gi|631251876|ref|NR_113074.1|	90.693	462	37	5	1	459	335	793	2.82e-174	610	742817
5000535869edee1e031ed4cd913b4759	gi|631251699|ref|NR_112897.1|	90.693	462	37	5	1	459	315	773	2.82e-174	610	742817
5000535869edee1e031ed4cd913b4759	gi|1953646717|ref|NR_171512.1|	87.041	463	53	7	1	459	313	772	6.33e-146	516	2162893
5000535869edee1e031ed4cd913b4759	gi|959494837|ref|NR_133715.1|	87.069	464	51	8	1	459	280	739	6.33e-146	516	1416875
5000535869edee1e031ed4cd913b4759	gi|559795096|ref|NR_104682.1|	86.853	464	52	8	1	459	315	774	2.94e-144	510	1168289
5000535869edee1e031ed4cd913b4759	gi|1341394029|ref|NR_153701.1|	86.638	464	53	8	1	459	299	758	1.37e-142	505	1740245
5000535869edee1e031ed4cd913b4759	gi|265678658|ref|NR_028963.1|	86.452	465	53	9	1	459	327	787	1.77e-141	501	886379
2b015032d3adbc4a98ebad7b1e0588f0	gi|2363080123|ref|NR_178280.1|	98.864	440	5	0	1	440	331	770	0.0	785	411483
2b015032d3adbc4a98ebad7b1e0588f0	gi|3030611269|ref|NR_199945.1|	98.636	440	6	0	1	440	335	774	0.0	780	3435293
2b015032d3adbc4a98ebad7b1e0588f0	gi|2363081449|ref|NR_178971.1|	99.072	431	4	0	1	431	285	715	0.0	774	1851427
2b015032d3adbc4a98ebad7b1e0588f0	gi|265678656|ref|NR_028961.1|	98.182	440	8	0	1	440	327	766	0.0	769	853
2b015032d3adbc4a98ebad7b1e0588f0	gi|2363081451|ref|NR_178972.1|	97.955	440	9	0	1	440	285	724	0.0	763	1851428
2b015032d3adbc4a98ebad7b1e0588f0	gi|2363082282|ref|NR_179388.1|	97.279	441	10	2	1	440	335	774	0.0	747	2935520
2b015032d3adbc4a98ebad7b1e0588f0	gi|2363080175|ref|NR_178311.1|	96.591	440	15	0	1	440	412	851	0.0	730	2903556
2b015032d3adbc4a98ebad7b1e0588f0	gi|2363084747|ref|NR_180622.1|	93.424	441	27	2	1	440	335	774	0.0	652	2779354
2b015032d3adbc4a98ebad7b1e0588f0	gi|559795255|ref|NR_104846.1|	93.182	440	30	0	1	440	288	727	0.0	647	745368
2b015032d3adbc4a98ebad7b1e0588f0	gi|1277396189|ref|NR_151900.1|	92.727	440	32	0	1	440	351	790	0.0	636	1550024
f6f2268a8a08d71c4e445285f2d0d41f	gi|444303953|ref|NR_074376.1|	99.565	460	2	0	1	460	351	810	0.0	839	435591
f6f2268a8a08d71c4e445285f2d0d41f	gi|343200655|ref|NR_041342.1|	98.696	460	6	0	1	460	336	795	0.0	817	823
f6f2268a8a08d71c4e445285f2d0d41f	gi|1811131517|ref|NR_165699.1|	93.913	460	28	0	1	460	336	795	0.0	695	2685834
f6f2268a8a08d71c4e445285f2d0d41f	gi|2363082619|ref|NR_179556.1|	93.696	460	29	0	1	460	316	775	0.0	689	1871013
f6f2268a8a08d71c4e445285f2d0d41f	gi|631251637|ref|NR_112835.1|	93.043	460	31	1	1	460	336	794	0.0	671	574930
f6f2268a8a08d71c4e445285f2d0d41f	gi|2363082715|ref|NR_179605.1|	92.826	460	33	0	1	460	316	775	0.0	667	1944636
f6f2268a8a08d71c4e445285f2d0d41f	gi|2363086049|ref|NR_181277.1|	92.609	460	34	0	1	460	309	768	0.0	662	2753162
f6f2268a8a08d71c4e445285f2d0d41f	gi|974142265|ref|NR_134785.1|	92.609	460	34	0	1	460	336	795	0.0	662	1217282
f6f2268a8a08d71c4e445285f2d0d41f	gi|631252010|ref|NR_113208.1|	92.391	460	35	0	1	460	336	795	0.0	656	871327
f6f2268a8a08d71c4e445285f2d0d41f	gi|343200777|ref|NR_041464.1|	92.391	460	35	0	1	460	340	799	0.0	656	387661
9e9302ba619e52c5397f176b7c19c3dc	gi|1109168025|ref|NR_144611.1|	93.002	443	31	0	1	443	282	724	0.0	647	1417852
9e9302ba619e52c5397f176b7c19c3dc	gi|2363082168|ref|NR_179330.1|	93.018	444	28	3	1	443	327	768	0.0	645	2714355
9e9302ba619e52c5397f176b7c19c3dc	gi|2363082165|ref|NR_179329.1|	92.793	444	29	3	1	443	327	768	0.0	640	2714353
9e9302ba619e52c5397f176b7c19c3dc	gi|343206380|ref|NR_044972.1|	92.342	444	32	2	1	443	331	773	0.0	634	44749
9e9302ba619e52c5397f176b7c19c3dc	gi|3030611324|ref|NR_200000.1|	91.667	444	35	2	1	443	301	743	2.10e-175	614	3342383
9e9302ba619e52c5397f176b7c19c3dc	gi|2363082342|ref|NR_179418.1|	91.667	444	35	2	1	443	348	790	2.10e-175	614	1673721
9e9302ba619e52c5397f176b7c19c3dc	gi|219857437|ref|NR_025025.1|	91.441	444	34	4	1	443	332	772	7.56e-175	612	100176
9e9302ba619e52c5397f176b7c19c3dc	gi|2363082352|ref|NR_179423.1|	91.480	446	32	6	1	443	349	791	9.78e-174	608	1689270
9e9302ba619e52c5397f176b7c19c3dc	gi|645321636|ref|NR_118554.1|	91.461	445	34	4	1	443	329	771	9.78e-174	608	1297617
9e9302ba619e52c5397f176b7c19c3dc	gi|2363083800|ref|NR_180148.1|	90.991	444	38	2	1	443	349	791	2.12e-170	597	2211183
30a6aebfa6867bbb5574aecf9548ec26	gi|559795255|ref|NR_104846.1|	96.364	440	16	0	1	440	288	727	0.0	725	745368
30a6aebfa6867bbb5574aecf9548ec26	gi|265678692|ref|NR_028997.1|	95.465	441	19	1	1	440	303	743	0.0	702	214851
30a6aebfa6867bbb5574aecf9548ec26	gi|3030611269|ref|NR_199945.1|	94.545	440	24	0	1	440	335	774	0.0	680	3435293
30a6aebfa6867bbb5574aecf9548ec26	gi|265678656|ref|NR_028961.1|	94.091	440	26	0	1	440	327	766	0.0	669	853
30a6aebfa6867bbb5574aecf9548ec26	gi|2363081451|ref|NR_178972.1|	93.864	440	27	0	1	440	285	724	0.0	664	1851428
30a6aebfa6867bbb5574aecf9548ec26	gi|2363080123|ref|NR_178280.1|	93.864	440	27	0	1	440	331	770	0.0	664	411483
30a6aebfa6867bbb5574aecf9548ec26	gi|2363081449|ref|NR_178971.1|	94.200	431	25	0	1	431	285	715	0.0	658	1851427
30a6aebfa6867bbb5574aecf9548ec26	gi|2363082356|ref|NR_179425.1|	93.409	440	29	0	1	440	351	790	0.0	652	1689304
30a6aebfa6867bbb5574aecf9548ec26	gi|1397641802|ref|NR_156911.1|	93.182	440	30	0	1	440	351	790	0.0	647	1650663
30a6aebfa6867bbb5574aecf9548ec26	gi|2363082282|ref|NR_179388.1|	93.197	441	28	2	1	440	335	774	0.0	647	2935520
92808be2143453f459e9f39dd0b1ff27	gi|310975253|ref|NR_037117.1|	99.329	447	3	0	1	447	331	777	0.0	809	28026
92808be2143453f459e9f39dd0b1ff27	gi|631251581|ref|NR_112779.1|	99.329	447	3	0	1	447	331	777	0.0	809	1150460
92808be2143453f459e9f39dd0b1ff27	gi|343201160|ref|NR_041875.1|	99.329	447	3	0	1	447	310	756	0.0	809	1686
92808be2143453f459e9f39dd0b1ff27	gi|3248465902|ref|NR_201917.1|	98.881	447	5	0	1	447	338	784	0.0	798	3692808
92808be2143453f459e9f39dd0b1ff27	gi|310974989|ref|NR_036853.1|	98.434	447	7	0	1	447	330	776	0.0	787	1683
92808be2143453f459e9f39dd0b1ff27	gi|2363087083|ref|NR_181797.1|	97.991	448	7	2	1	447	250	696	0.0	776	2834432
92808be2143453f459e9f39dd0b1ff27	gi|636559583|ref|NR_115643.1|	97.991	448	7	2	1	447	248	694	0.0	776	78345
92808be2143453f459e9f39dd0b1ff27	gi|1269801543|ref|NR_074802.2|	97.773	449	8	2	1	447	341	789	0.0	773	367928
92808be2143453f459e9f39dd0b1ff27	gi|961555015|ref|NR_133982.1|	97.773	449	8	2	1	447	311	759	0.0	773	1680
92808be2143453f459e9f39dd0b1ff27	gi|645321680|ref|NR_118589.1|	97.773	449	8	2	1	447	335	783	0.0	773	1437612
77941aac7075e3e5cc89dede958c6d74	gi|2363080123|ref|NR_178280.1|	98.636	440	6	0	1	440	331	770	0.0	780	411483
77941aac7075e3e5cc89dede958c6d74	gi|3030611269|ref|NR_199945.1|	98.409	440	7	0	1	440	335	774	0.0	774	3435293
77941aac7075e3e5cc89dede958c6d74	gi|2363081449|ref|NR_178971.1|	98.409	440	6	1	1	440	285	723	0.0	773	1851427
77941aac7075e3e5cc89dede958c6d74	gi|265678656|ref|NR_028961.1|	97.955	440	9	0	1	440	327	766	0.0	763	853
77941aac7075e3e5cc89dede958c6d74	gi|2363081451|ref|NR_178972.1|	97.727	440	10	0	1	440	285	724	0.0	758	1851428
77941aac7075e3e5cc89dede958c6d74	gi|2363082282|ref|NR_179388.1|	97.052	441	11	2	1	440	335	774	0.0	741	2935520
77941aac7075e3e5cc89dede958c6d74	gi|2363080175|ref|NR_178311.1|	96.364	440	16	0	1	440	412	851	0.0	725	2903556
77941aac7075e3e5cc89dede958c6d74	gi|2363084747|ref|NR_180622.1|	93.197	441	28	2	1	440	335	774	0.0	647	2779354
77941aac7075e3e5cc89dede958c6d74	gi|559795255|ref|NR_104846.1|	92.955	440	31	0	1	440	288	727	0.0	641	745368
77941aac7075e3e5cc89dede958c6d74	gi|1277396189|ref|NR_151900.1|	92.500	440	33	0	1	440	351	790	2.07e-180	630	1550024
6385427b372b4307d1c852a2cc9f9ec1	gi|631251953|ref|NR_113151.1|	99.783	460	1	0	1	460	338	797	0.0	845	328813
6385427b372b4307d1c852a2cc9f9ec1	gi|343202833|ref|NR_043318.1|	99.783	460	1	0	1	460	324	783	0.0	845	328813
6385427b372b4307d1c852a2cc9f9ec1	gi|2363082099|ref|NR_179296.1|	97.826	460	10	0	1	460	324	783	0.0	795	2585119
6385427b372b4307d1c852a2cc9f9ec1	gi|507148054|ref|NR_102861.1|	97.391	460	12	0	1	460	334	793	0.0	784	717959
6385427b372b4307d1c852a2cc9f9ec1	gi|672239000|ref|NR_125589.1|	97.397	461	10	2	1	460	269	728	0.0	784	1033731
6385427b372b4307d1c852a2cc9f9ec1	gi|343202834|ref|NR_043319.1|	97.174	460	13	0	1	460	323	782	0.0	780	717959
6385427b372b4307d1c852a2cc9f9ec1	gi|2363082505|ref|NR_179499.1|	97.174	460	13	0	1	460	342	801	0.0	778	2364787
6385427b372b4307d1c852a2cc9f9ec1	gi|507148137|ref|NR_102944.1|	97.174	460	13	0	1	460	334	793	0.0	778	214856
6385427b372b4307d1c852a2cc9f9ec1	gi|631251955|ref|NR_113153.1|	97.174	460	13	0	1	460	334	793	0.0	778	328814
6385427b372b4307d1c852a2cc9f9ec1	gi|636559243|ref|NR_115300.1|	97.174	460	13	0	1	460	314	773	0.0	778	679935
f241c64cb46859d4f9bb386bb1f0d93a	gi|265678656|ref|NR_028961.1|	99.091	440	4	0	1	440	327	766	0.0	791	853
f241c64cb46859d4f9bb386bb1f0d93a	gi|2363081451|ref|NR_178972.1|	98.864	440	5	0	1	440	285	724	0.0	785	1851428
f241c64cb46859d4f9bb386bb1f0d93a	gi|2363080123|ref|NR_178280.1|	98.864	440	5	0	1	440	331	770	0.0	785	411483
f241c64cb46859d4f9bb386bb1f0d93a	gi|3030611269|ref|NR_199945.1|	98.636	440	6	0	1	440	335	774	0.0	780	3435293
f241c64cb46859d4f9bb386bb1f0d93a	gi|2363081449|ref|NR_178971.1|	99.072	431	4	0	1	431	285	715	0.0	774	1851427
f241c64cb46859d4f9bb386bb1f0d93a	gi|2363082282|ref|NR_179388.1|	98.186	441	6	2	1	440	335	774	0.0	769	2935520
f241c64cb46859d4f9bb386bb1f0d93a	gi|2363080175|ref|NR_178311.1|	96.591	440	15	0	1	440	412	851	0.0	730	2903556
f241c64cb46859d4f9bb386bb1f0d93a	gi|1397641802|ref|NR_156911.1|	92.500	440	33	0	1	440	351	790	2.07e-180	630	1650663
f241c64cb46859d4f9bb386bb1f0d93a	gi|2363084747|ref|NR_180622.1|	92.517	441	31	2	1	440	335	774	2.07e-180	630	2779354
f241c64cb46859d4f9bb386bb1f0d93a	gi|2363082356|ref|NR_179425.1|	92.500	440	33	0	1	440	351	790	2.07e-180	630	1689304
07f70a04de446b03499b4652535ee49e	gi|444304091|ref|NR_074515.1|	98.913	460	5	0	1	460	350	809	0.0	822	435590
07f70a04de446b03499b4652535ee49e	gi|631251748|ref|NR_112946.1|	98.913	460	5	0	1	460	339	798	0.0	822	821
07f70a04de446b03499b4652535ee49e	gi|631250946|ref|NR_112143.1|	98.696	460	6	0	1	460	307	766	0.0	817	821
07f70a04de446b03499b4652535ee49e	gi|343200664|ref|NR_041351.1|	98.478	460	7	0	1	460	341	800	0.0	811	357276
07f70a04de446b03499b4652535ee49e	gi|631251997|ref|NR_113195.1|	93.478	460	30	0	1	460	338	797	0.0	684	1236515
07f70a04de446b03499b4652535ee49e	gi|631251866|ref|NR_113064.1|	93.261	460	31	0	1	460	338	797	0.0	678	1236538
07f70a04de446b03499b4652535ee49e	gi|631251817|ref|NR_113015.1|	93.261	460	31	0	1	460	338	797	0.0	678	1236538
07f70a04de446b03499b4652535ee49e	gi|645320081|ref|NR_117373.1|	93.261	460	31	0	1	460	289	748	0.0	678	1236515
07f70a04de446b03499b4652535ee49e	gi|2363082547|ref|NR_179520.1|	93.043	460	32	0	1	460	314	773	0.0	673	1841855
07f70a04de446b03499b4652535ee49e	gi|2363085522|ref|NR_181010.1|	92.826	460	33	0	1	460	297	756	0.0	667	2786956
63025de930992757dfcff8c32d7b52d3	gi|2363082569|ref|NR_179531.1|	99.095	442	4	0	1	442	347	788	0.0	795	1852369
63025de930992757dfcff8c32d7b52d3	gi|1269801610|ref|NR_074793.2|	94.344	442	25	0	1	442	355	796	0.0	678	351091
63025de930992757dfcff8c32d7b52d3	gi|343200653|ref|NR_041340.1|	94.344	442	25	0	1	442	328	769	0.0	678	351091
63025de930992757dfcff8c32d7b52d3	gi|2260349448|ref|NR_176530.1|	94.118	442	26	0	1	442	358	799	0.0	673	2093857
63025de930992757dfcff8c32d7b52d3	gi|2363082559|ref|NR_179526.1|	94.118	442	26	0	1	442	349	790	0.0	673	1841866
63025de930992757dfcff8c32d7b52d3	gi|645321110|ref|NR_118156.1|	93.891	442	27	0	1	442	304	745	0.0	667	1007096
63025de930992757dfcff8c32d7b52d3	gi|2962412234|ref|NR_199428.1|	93.213	442	30	0	1	442	352	793	0.0	651	3073143
63025de930992757dfcff8c32d7b52d3	gi|2363082170|ref|NR_179331.1|	93.002	443	30	1	1	442	328	770	0.0	645	2714358
63025de930992757dfcff8c32d7b52d3	gi|2363082168|ref|NR_179330.1|	92.793	444	28	4	1	442	327	768	0.0	640	2714355
63025de930992757dfcff8c32d7b52d3	gi|2363087001|ref|NR_181757.1|	92.568	444	29	4	1	442	289	730	0.0	634	2841504
87ee384400092e9e39cec413a220a82c	gi|2363081451|ref|NR_178972.1|	99.318	440	3	0	1	440	285	724	0.0	797	1851428
87ee384400092e9e39cec413a220a82c	gi|265678656|ref|NR_028961.1|	98.636	440	6	0	1	440	327	766	0.0	780	853
87ee384400092e9e39cec413a220a82c	gi|2363082282|ref|NR_179388.1|	98.409	440	7	0	1	440	335	774	0.0	774	2935520
87ee384400092e9e39cec413a220a82c	gi|2363080123|ref|NR_178280.1|	98.409	440	7	0	1	440	331	770	0.0	774	411483
87ee384400092e9e39cec413a220a82c	gi|3030611269|ref|NR_199945.1|	98.182	440	8	0	1	440	335	774	0.0	769	3435293
87ee384400092e9e39cec413a220a82c	gi|2363081449|ref|NR_178971.1|	97.955	440	8	1	1	440	285	723	0.0	761	1851427
87ee384400092e9e39cec413a220a82c	gi|2363080175|ref|NR_178311.1|	96.364	440	16	0	1	440	412	851	0.0	725	2903556
87ee384400092e9e39cec413a220a82c	gi|2363084747|ref|NR_180622.1|	92.971	441	29	2	1	440	335	774	0.0	641	2779354
87ee384400092e9e39cec413a220a82c	gi|1397641802|ref|NR_156911.1|	92.727	440	32	0	1	440	351	790	0.0	636	1650663
87ee384400092e9e39cec413a220a82c	gi|2363082356|ref|NR_179425.1|	92.517	441	31	2	1	440	351	790	2.07e-180	630	1689304
f07e2ee45d22fafcf3bf83a26fdaa610	gi|631251740|ref|NR_112938.1|	98.913	460	5	0	1	460	326	785	0.0	822	204516
f07e2ee45d22fafcf3bf83a26fdaa610	gi|343198509|ref|NR_042745.1|	98.913	460	5	0	1	460	338	797	0.0	822	204516
f07e2ee45d22fafcf3bf83a26fdaa610	gi|343200626|ref|NR_041313.1|	94.565	460	25	0	1	460	340	799	0.0	712	338188
f07e2ee45d22fafcf3bf83a26fdaa610	gi|636560121|ref|NR_116181.1|	94.130	460	26	1	1	460	333	791	0.0	699	28116
f07e2ee45d22fafcf3bf83a26fdaa610	gi|631251749|ref|NR_112947.1|	93.913	460	28	0	1	460	326	785	0.0	697	657309
f07e2ee45d22fafcf3bf83a26fdaa610	gi|1491509587|ref|NR_159118.1|	93.913	460	28	0	1	460	310	769	0.0	695	28116
f07e2ee45d22fafcf3bf83a26fdaa610	gi|1491509586|ref|NR_159117.1|	93.913	460	28	0	1	460	301	760	0.0	695	28116
f07e2ee45d22fafcf3bf83a26fdaa610	gi|2363084431|ref|NR_180463.1|	93.913	460	28	0	1	460	340	799	0.0	695	2650158
f07e2ee45d22fafcf3bf83a26fdaa610	gi|2363084421|ref|NR_180458.1|	93.913	460	28	0	1	460	340	799	0.0	695	2650157
f07e2ee45d22fafcf3bf83a26fdaa610	gi|631251742|ref|NR_112940.1|	93.913	460	28	0	1	460	327	786	0.0	695	28116
3621d0e3e7af607c6292875216401316	gi|631251742|ref|NR_112940.1|	99.348	460	3	0	1	460	327	786	0.0	833	28116
3621d0e3e7af607c6292875216401316	gi|636559244|ref|NR_115301.1|	99.348	460	3	0	1	460	320	779	0.0	833	28116
3621d0e3e7af607c6292875216401316	gi|1491509587|ref|NR_159118.1|	99.130	460	4	0	1	460	310	769	0.0	828	28116
3621d0e3e7af607c6292875216401316	gi|1491509586|ref|NR_159117.1|	99.130	460	4	0	1	460	301	760	0.0	828	28116
3621d0e3e7af607c6292875216401316	gi|636560121|ref|NR_116181.1|	99.130	460	3	1	1	460	333	791	0.0	826	28116
3621d0e3e7af607c6292875216401316	gi|343200178|ref|NR_040865.1|	98.915	461	3	2	1	460	333	792	0.0	822	28116
3621d0e3e7af607c6292875216401316	gi|645322410|ref|NR_119165.1|	98.261	460	8	0	1	460	319	778	0.0	813	28116
3621d0e3e7af607c6292875216401316	gi|631251749|ref|NR_112947.1|	97.174	460	13	0	1	460	326	785	0.0	780	657309
3621d0e3e7af607c6292875216401316	gi|2363084431|ref|NR_180463.1|	97.174	460	13	0	1	460	340	799	0.0	778	2650158
3621d0e3e7af607c6292875216401316	gi|343201773|ref|NR_042499.1|	97.174	460	13	0	1	460	294	753	0.0	778	657309
fc2d87877f858f3b4f92244b22124746	gi|343200655|ref|NR_041342.1|	98.696	460	6	0	1	460	336	795	0.0	817	823
fc2d87877f858f3b4f92244b22124746	gi|444303953|ref|NR_074376.1|	97.826	460	10	0	1	460	351	810	0.0	795	435591
fc2d87877f858f3b4f92244b22124746	gi|2363082619|ref|NR_179556.1|	93.261	460	31	0	1	460	316	775	0.0	678	1871013
fc2d87877f858f3b4f92244b22124746	gi|1811131517|ref|NR_165699.1|	93.043	460	32	0	1	460	336	795	0.0	673	2685834
fc2d87877f858f3b4f92244b22124746	gi|631251637|ref|NR_112835.1|	92.609	460	33	1	1	460	336	794	0.0	660	574930
fc2d87877f858f3b4f92244b22124746	gi|2363082715|ref|NR_179605.1|	92.391	460	35	0	1	460	316	775	0.0	656	1944636
fc2d87877f858f3b4f92244b22124746	gi|974142265|ref|NR_134785.1|	91.957	460	37	0	1	460	336	795	0.0	647	1217282
fc2d87877f858f3b4f92244b22124746	gi|2363086049|ref|NR_181277.1|	91.957	460	37	0	1	460	309	768	0.0	645	2753162
fc2d87877f858f3b4f92244b22124746	gi|631252010|ref|NR_113208.1|	91.957	460	37	0	1	460	336	795	0.0	645	871327
fc2d87877f858f3b4f92244b22124746	gi|645322411|ref|NR_119166.1|	91.522	460	39	0	1	460	319	778	0.0	636	411477
7f9076c85cd2b6b97e4626ba7b8d821c	gi|631252157|ref|NR_113355.1|	99.355	465	3	0	1	465	356	820	0.0	843	218538
7f9076c85cd2b6b97e4626ba7b8d821c	gi|219846090|ref|NR_025680.1|	99.355	465	3	0	1	465	336	800	0.0	843	592028
7f9076c85cd2b6b97e4626ba7b8d821c	gi|343198671|ref|NR_043231.1|	94.850	466	22	2	1	465	283	747	0.0	726	308994
7f9076c85cd2b6b97e4626ba7b8d821c	gi|631252159|ref|NR_113357.1|	94.647	467	22	3	1	465	356	821	0.0	721	308994
7f9076c85cd2b6b97e4626ba7b8d821c	gi|343200979|ref|NR_041666.1|	93.978	465	28	0	1	465	336	800	0.0	704	742743
7f9076c85cd2b6b97e4626ba7b8d821c	gi|2363082841|ref|NR_179669.1|	93.790	467	25	4	1	465	360	824	0.0	699	2161821
7f9076c85cd2b6b97e4626ba7b8d821c	gi|2363082109|ref|NR_179301.1|	93.790	467	25	4	1	465	344	808	0.0	699	2582419
7f9076c85cd2b6b97e4626ba7b8d821c	gi|631252158|ref|NR_113356.1|	93.133	466	29	3	1	465	355	818	0.0	680	309120
7f9076c85cd2b6b97e4626ba7b8d821c	gi|343198462|ref|NR_041895.1|	93.133	466	29	3	1	465	296	759	0.0	680	888062
7f9076c85cd2b6b97e4626ba7b8d821c	gi|219846637|ref|NR_026229.1|	91.667	468	33	4	1	465	336	800	0.0	643	39950
a90681fcd948013deadddabd8a9b1a35	gi|3030611263|ref|NR_199939.1|	87.838	444	47	7	1	441	332	771	2.18e-145	514	3074434
a90681fcd948013deadddabd8a9b1a35	gi|672239088|ref|NR_125677.1|	87.865	445	45	9	1	441	346	785	2.18e-145	514	1348613
a90681fcd948013deadddabd8a9b1a35	gi|672238876|ref|NR_125464.1|	87.557	442	54	1	1	441	325	766	2.82e-144	510	1297424
a90681fcd948013deadddabd8a9b1a35	gi|2363083221|ref|NR_179859.1|	87.585	443	50	5	1	441	347	786	1.02e-143	508	2078660
a90681fcd948013deadddabd8a9b1a35	gi|1230874676|ref|NR_148837.1|	87.387	444	49	7	1	441	347	786	4.72e-142	503	1675854
a90681fcd948013deadddabd8a9b1a35	gi|645320438|ref|NR_117645.1|	87.387	444	49	7	1	441	345	784	4.72e-142	503	1185412
a90681fcd948013deadddabd8a9b1a35	gi|2363084629|ref|NR_180563.1|	87.104	442	56	1	1	441	291	732	6.11e-141	499	2488810
a90681fcd948013deadddabd8a9b1a35	gi|785794309|ref|NG_041947.1|	86.907	443	56	2	1	441	469	911	7.90e-140	496	394503
a90681fcd948013deadddabd8a9b1a35	gi|785497611|ref|NR_102768.2|	86.907	443	56	2	1	441	330	772	7.90e-140	496	1521
a90681fcd948013deadddabd8a9b1a35	gi|219846512|ref|NR_026104.1|	86.907	443	56	1	1	441	312	754	7.90e-140	496	1121303
9f8dd26f4b926c2422d87ce4bbd58f6c	gi|2363082569|ref|NR_179531.1|	94.369	444	21	4	1	442	347	788	0.0	678	1852369
9f8dd26f4b926c2422d87ce4bbd58f6c	gi|2363082168|ref|NR_179330.1|	94.118	442	26	0	1	442	327	768	0.0	673	2714355
9f8dd26f4b926c2422d87ce4bbd58f6c	gi|2363082165|ref|NR_179329.1|	93.891	442	27	0	1	442	327	768	0.0	667	2714353
9f8dd26f4b926c2422d87ce4bbd58f6c	gi|3030611324|ref|NR_200000.1|	92.551	443	32	1	1	442	301	743	0.0	634	3342383
9f8dd26f4b926c2422d87ce4bbd58f6c	gi|1269801610|ref|NR_074793.2|	92.325	443	32	2	1	442	355	796	7.49e-180	628	351091
9f8dd26f4b926c2422d87ce4bbd58f6c	gi|1109168025|ref|NR_144611.1|	92.325	443	33	1	1	442	282	724	7.49e-180	628	1417852
9f8dd26f4b926c2422d87ce4bbd58f6c	gi|343200653|ref|NR_041340.1|	92.325	443	32	2	1	442	328	769	7.49e-180	628	351091
9f8dd26f4b926c2422d87ce4bbd58f6c	gi|2136551692|ref|NR_173697.1|	92.081	442	35	0	1	442	349	790	3.48e-178	623	2108523
9f8dd26f4b926c2422d87ce4bbd58f6c	gi|3030611323|ref|NR_199999.1|	92.099	443	34	1	1	442	301	743	3.48e-178	623	3133422
9f8dd26f4b926c2422d87ce4bbd58f6c	gi|645321110|ref|NR_118156.1|	92.135	445	29	5	1	442	304	745	3.48e-178	623	1007096
beba1c431f2d4a2a0feabbbb03e23f76	gi|2363082825|ref|NR_179661.1|	99.549	443	2	0	1	443	342	784	0.0	808	2086583
beba1c431f2d4a2a0feabbbb03e23f76	gi|2136551638|ref|NR_173642.1|	93.919	444	25	2	1	443	349	791	0.0	669	2678306
beba1c431f2d4a2a0feabbbb03e23f76	gi|2363085985|ref|NR_181245.1|	93.258	445	23	7	1	443	284	723	0.0	649	2666138
beba1c431f2d4a2a0feabbbb03e23f76	gi|636558732|ref|NR_114789.1|	92.793	444	27	4	1	443	347	786	0.0	638	1535
beba1c431f2d4a2a0feabbbb03e23f76	gi|219846340|ref|NR_025930.1|	92.568	444	30	3	1	443	296	737	0.0	636	40518
beba1c431f2d4a2a0feabbbb03e23f76	gi|2136551663|ref|NR_173668.1|	92.099	443	32	2	1	443	294	733	1.26e-177	621	2766537
beba1c431f2d4a2a0feabbbb03e23f76	gi|2180566484|ref|NR_174324.1|	91.648	443	34	2	1	443	346	785	2.72e-174	610	2576756
beba1c431f2d4a2a0feabbbb03e23f76	gi|2363084544|ref|NR_180520.1|	91.441	444	32	6	1	443	356	794	1.26e-172	604	2564099
beba1c431f2d4a2a0feabbbb03e23f76	gi|1109168013|ref|NR_144605.1|	91.216	444	34	3	1	443	367	806	5.88e-171	599	1796620
beba1c431f2d4a2a0feabbbb03e23f76	gi|1116030269|ref|NR_144727.1|	90.991	444	35	4	1	443	335	774	2.74e-169	593	1673717
b23cf8e9be3c67cd86e8e2b802a88ed5	gi|2363081451|ref|NR_178972.1|	99.318	440	3	0	1	440	285	724	0.0	797	1851428
b23cf8e9be3c67cd86e8e2b802a88ed5	gi|265678656|ref|NR_028961.1|	98.636	440	6	0	1	440	327	766	0.0	780	853
b23cf8e9be3c67cd86e8e2b802a88ed5	gi|2363082282|ref|NR_179388.1|	98.409	440	7	0	1	440	335	774	0.0	774	2935520
b23cf8e9be3c67cd86e8e2b802a88ed5	gi|2363080123|ref|NR_178280.1|	98.409	440	7	0	1	440	331	770	0.0	774	411483
b23cf8e9be3c67cd86e8e2b802a88ed5	gi|3030611269|ref|NR_199945.1|	98.182	440	8	0	1	440	335	774	0.0	769	3435293
b23cf8e9be3c67cd86e8e2b802a88ed5	gi|2363081449|ref|NR_178971.1|	98.608	431	6	0	1	431	285	715	0.0	763	1851427
b23cf8e9be3c67cd86e8e2b802a88ed5	gi|2363080175|ref|NR_178311.1|	96.364	440	16	0	1	440	412	851	0.0	725	2903556
b23cf8e9be3c67cd86e8e2b802a88ed5	gi|1397641802|ref|NR_156911.1|	92.500	440	33	0	1	440	351	790	2.07e-180	630	1650663
b23cf8e9be3c67cd86e8e2b802a88ed5	gi|2363084747|ref|NR_180622.1|	92.500	440	33	0	1	440	335	774	2.07e-180	630	2779354
b23cf8e9be3c67cd86e8e2b802a88ed5	gi|2363082356|ref|NR_179425.1|	92.290	441	32	2	1	440	351	790	9.64e-179	625	1689304
8ecf3922acc35710ce1b44bd25d23b22	gi|3030611263|ref|NR_199939.1|	87.613	444	48	7	1	441	332	771	1.02e-143	508	3074434
8ecf3922acc35710ce1b44bd25d23b22	gi|672239088|ref|NR_125677.1|	87.640	445	46	9	1	441	346	785	1.02e-143	508	1348613
8ecf3922acc35710ce1b44bd25d23b22	gi|672238876|ref|NR_125464.1|	87.330	442	55	1	1	441	325	766	1.31e-142	505	1297424
8ecf3922acc35710ce1b44bd25d23b22	gi|2363083221|ref|NR_179859.1|	87.359	443	51	5	1	441	347	786	4.72e-142	503	2078660
8ecf3922acc35710ce1b44bd25d23b22	gi|1230874676|ref|NR_148837.1|	87.162	444	50	7	1	441	347	786	2.20e-140	497	1675854
8ecf3922acc35710ce1b44bd25d23b22	gi|645320438|ref|NR_117645.1|	87.162	444	50	7	1	441	345	784	2.20e-140	497	1185412
8ecf3922acc35710ce1b44bd25d23b22	gi|2363084629|ref|NR_180563.1|	86.878	442	57	1	1	441	291	732	2.84e-139	494	2488810
8ecf3922acc35710ce1b44bd25d23b22	gi|785794309|ref|NG_041947.1|	86.682	443	57	2	1	441	469	911	3.68e-138	490	394503
8ecf3922acc35710ce1b44bd25d23b22	gi|785497611|ref|NR_102768.2|	86.682	443	57	2	1	441	330	772	3.68e-138	490	1521
8ecf3922acc35710ce1b44bd25d23b22	gi|219846512|ref|NR_026104.1|	86.682	443	57	1	1	441	312	754	3.68e-138	490	1121303
08026d02a20c206e6de22a46b6f03e3d	gi|1193829158|ref|NR_147401.1|	99.355	465	3	0	1	465	332	796	0.0	845	1816689
08026d02a20c206e6de22a46b6f03e3d	gi|219878461|ref|NR_025600.1|	98.280	465	8	0	1	465	302	766	0.0	815	234908
08026d02a20c206e6de22a46b6f03e3d	gi|2363082045|ref|NR_179269.1|	95.279	466	20	2	1	465	320	784	0.0	739	2494234
08026d02a20c206e6de22a46b6f03e3d	gi|1864207054|ref|NR_169348.1|	94.409	465	26	0	1	465	319	783	0.0	715	2584944
08026d02a20c206e6de22a46b6f03e3d	gi|1193829159|ref|NR_147402.1|	94.433	467	22	3	1	465	332	796	0.0	715	1907660
08026d02a20c206e6de22a46b6f03e3d	gi|2363082713|ref|NR_179604.1|	94.409	465	26	0	1	465	310	774	0.0	715	1944635
08026d02a20c206e6de22a46b6f03e3d	gi|343200904|ref|NR_041591.1|	93.763	465	29	0	1	465	312	776	0.0	701	762967
08026d02a20c206e6de22a46b6f03e3d	gi|645320614|ref|NR_117778.1|	93.790	467	25	3	1	465	293	757	0.0	699	40545
08026d02a20c206e6de22a46b6f03e3d	gi|559795260|ref|NR_104851.1|	93.790	467	25	3	1	465	282	746	0.0	699	40545
08026d02a20c206e6de22a46b6f03e3d	gi|1193829138|ref|NR_147381.1|	93.333	465	31	0	1	465	332	796	0.0	688	1852381
edb4d359431cd8169f0d011acc3bfcb2	gi|631251954|ref|NR_113152.1|	99.565	460	2	0	1	460	337	796	0.0	839	28117
edb4d359431cd8169f0d011acc3bfcb2	gi|219846319|ref|NR_025909.1|	96.739	460	15	0	1	460	344	803	0.0	787	28117
edb4d359431cd8169f0d011acc3bfcb2	gi|645321193|ref|NR_118219.1|	97.180	461	11	2	1	460	332	791	0.0	778	1033732
edb4d359431cd8169f0d011acc3bfcb2	gi|672239000|ref|NR_125589.1|	96.963	461	12	2	1	460	269	728	0.0	773	1033731
edb4d359431cd8169f0d011acc3bfcb2	gi|2363086959|ref|NR_181736.1|	96.746	461	13	2	1	460	334	793	0.0	767	2834113
edb4d359431cd8169f0d011acc3bfcb2	gi|2363082099|ref|NR_179296.1|	96.746	461	13	2	1	460	324	783	0.0	767	2585119
edb4d359431cd8169f0d011acc3bfcb2	gi|631251953|ref|NR_113151.1|	96.320	462	13	4	1	460	338	797	0.0	756	328813
edb4d359431cd8169f0d011acc3bfcb2	gi|343202833|ref|NR_043318.1|	96.320	462	13	4	1	460	324	783	0.0	756	328813
edb4d359431cd8169f0d011acc3bfcb2	gi|2363082505|ref|NR_179499.1|	95.896	463	13	6	1	460	342	801	0.0	745	2364787
edb4d359431cd8169f0d011acc3bfcb2	gi|507148137|ref|NR_102944.1|	95.879	461	17	2	1	460	334	793	0.0	745	214856
f794feef937d9905ac36dce86e5b2315	gi|559795314|ref|NR_104907.1|	95.701	442	17	2	1	441	315	755	0.0	710	290054
f794feef937d9905ac36dce86e5b2315	gi|2136551683|ref|NR_173688.1|	93.424	441	28	1	1	441	321	760	0.0	652	2780922
f794feef937d9905ac36dce86e5b2315	gi|507148077|ref|NR_102884.1|	91.196	443	34	5	1	441	331	770	2.11e-170	597	213810
f794feef937d9905ac36dce86e5b2315	gi|1445136071|ref|NR_158111.1|	90.971	443	34	6	1	441	349	787	9.80e-169	592	2038680
f794feef937d9905ac36dce86e5b2315	gi|1864207164|ref|NR_169458.1|	90.703	441	40	1	1	441	345	784	4.56e-167	586	2164149
f794feef937d9905ac36dce86e5b2315	gi|3248465644|ref|NR_201656.1|	90.498	442	39	3	1	441	329	768	2.12e-165	580	3417633
f794feef937d9905ac36dce86e5b2315	gi|2363082585|ref|NR_179539.1|	90.498	442	38	4	1	441	351	789	2.12e-165	580	1852384
f794feef937d9905ac36dce86e5b2315	gi|636558832|ref|NR_114889.1|	90.519	443	36	6	1	441	277	715	2.12e-165	580	213810
f794feef937d9905ac36dce86e5b2315	gi|636558732|ref|NR_114789.1|	90.519	443	37	5	1	441	347	786	2.12e-165	580	1535
f794feef937d9905ac36dce86e5b2315	gi|2363082601|ref|NR_179547.1|	90.293	443	38	5	1	441	347	786	9.87e-164	575	1870991
8022f54471fce5bc7bb0e71f9c9074fc	gi|631252157|ref|NR_113355.1|	99.785	465	1	0	1	465	356	820	0.0	854	218538
8022f54471fce5bc7bb0e71f9c9074fc	gi|219846090|ref|NR_025680.1|	99.785	465	1	0	1	465	336	800	0.0	854	592028
8022f54471fce5bc7bb0e71f9c9074fc	gi|343198671|ref|NR_043231.1|	95.279	466	20	2	1	465	283	747	0.0	737	308994
8022f54471fce5bc7bb0e71f9c9074fc	gi|631252159|ref|NR_113357.1|	95.075	467	20	3	1	465	356	821	0.0	732	308994
8022f54471fce5bc7bb0e71f9c9074fc	gi|343200979|ref|NR_041666.1|	94.409	465	26	0	1	465	336	800	0.0	715	742743
8022f54471fce5bc7bb0e71f9c9074fc	gi|2363082841|ref|NR_179669.1|	94.218	467	23	4	1	465	360	824	0.0	710	2161821
8022f54471fce5bc7bb0e71f9c9074fc	gi|2363082109|ref|NR_179301.1|	94.218	467	23	4	1	465	344	808	0.0	710	2582419
8022f54471fce5bc7bb0e71f9c9074fc	gi|631252158|ref|NR_113356.1|	93.562	466	27	3	1	465	355	818	0.0	691	309120
8022f54471fce5bc7bb0e71f9c9074fc	gi|343198462|ref|NR_041895.1|	93.562	466	27	3	1	465	296	759	0.0	691	888062
8022f54471fce5bc7bb0e71f9c9074fc	gi|219846637|ref|NR_026229.1|	92.094	468	31	4	1	465	336	800	0.0	654	39950
3d6f9d8c5b75ec330f8d7299ff85ab75	gi|444304091|ref|NR_074515.1|	99.565	460	2	0	1	460	350	809	0.0	839	435590
3d6f9d8c5b75ec330f8d7299ff85ab75	gi|631251748|ref|NR_112946.1|	99.565	460	2	0	1	460	339	798	0.0	839	821
3d6f9d8c5b75ec330f8d7299ff85ab75	gi|631250946|ref|NR_112143.1|	99.348	460	3	0	1	460	307	766	0.0	833	821
3d6f9d8c5b75ec330f8d7299ff85ab75	gi|343200664|ref|NR_041351.1|	99.130	460	4	0	1	460	341	800	0.0	828	357276
3d6f9d8c5b75ec330f8d7299ff85ab75	gi|631251997|ref|NR_113195.1|	94.130	460	27	0	1	460	338	797	0.0	701	1236515
3d6f9d8c5b75ec330f8d7299ff85ab75	gi|631251866|ref|NR_113064.1|	93.913	460	28	0	1	460	338	797	0.0	695	1236538
3d6f9d8c5b75ec330f8d7299ff85ab75	gi|631251817|ref|NR_113015.1|	93.913	460	28	0	1	460	338	797	0.0	695	1236538
3d6f9d8c5b75ec330f8d7299ff85ab75	gi|645320081|ref|NR_117373.1|	93.913	460	28	0	1	460	289	748	0.0	695	1236515
3d6f9d8c5b75ec330f8d7299ff85ab75	gi|2363082547|ref|NR_179520.1|	93.696	460	29	0	1	460	314	773	0.0	689	1841855
3d6f9d8c5b75ec330f8d7299ff85ab75	gi|2363085522|ref|NR_181010.1|	93.478	460	30	0	1	460	297	756	0.0	684	2786956
e44cddaf13f0328de7f16c11d523943e	gi|444304091|ref|NR_074515.1|	99.348	460	3	0	1	460	350	809	0.0	833	435590
e44cddaf13f0328de7f16c11d523943e	gi|631251748|ref|NR_112946.1|	99.348	460	3	0	1	460	339	798	0.0	833	821
e44cddaf13f0328de7f16c11d523943e	gi|631250946|ref|NR_112143.1|	99.130	460	4	0	1	460	307	766	0.0	828	821
e44cddaf13f0328de7f16c11d523943e	gi|343200664|ref|NR_041351.1|	98.913	460	5	0	1	460	341	800	0.0	822	357276
e44cddaf13f0328de7f16c11d523943e	gi|631251997|ref|NR_113195.1|	93.913	460	28	0	1	460	338	797	0.0	695	1236515
e44cddaf13f0328de7f16c11d523943e	gi|631251866|ref|NR_113064.1|	93.696	460	29	0	1	460	338	797	0.0	689	1236538
e44cddaf13f0328de7f16c11d523943e	gi|631251817|ref|NR_113015.1|	93.696	460	29	0	1	460	338	797	0.0	689	1236538
e44cddaf13f0328de7f16c11d523943e	gi|645320081|ref|NR_117373.1|	93.696	460	29	0	1	460	289	748	0.0	689	1236515
e44cddaf13f0328de7f16c11d523943e	gi|2363082547|ref|NR_179520.1|	93.478	460	30	0	1	460	314	773	0.0	684	1841855
e44cddaf13f0328de7f16c11d523943e	gi|2363085522|ref|NR_181010.1|	93.261	460	31	0	1	460	297	756	0.0	678	2786956
af3de83e135f79842e9122388a8e5dc0	gi|631251953|ref|NR_113151.1|	99.348	460	3	0	1	460	338	797	0.0	833	328813
af3de83e135f79842e9122388a8e5dc0	gi|343202833|ref|NR_043318.1|	99.348	460	3	0	1	460	324	783	0.0	833	328813
af3de83e135f79842e9122388a8e5dc0	gi|2363082099|ref|NR_179296.1|	97.391	460	12	0	1	460	324	783	0.0	784	2585119
af3de83e135f79842e9122388a8e5dc0	gi|507148054|ref|NR_102861.1|	96.957	460	14	0	1	460	334	793	0.0	773	717959
af3de83e135f79842e9122388a8e5dc0	gi|672239000|ref|NR_125589.1|	96.963	461	12	2	1	460	269	728	0.0	773	1033731
af3de83e135f79842e9122388a8e5dc0	gi|343202834|ref|NR_043319.1|	96.739	460	15	0	1	460	323	782	0.0	769	717959
af3de83e135f79842e9122388a8e5dc0	gi|2363082505|ref|NR_179499.1|	96.739	460	15	0	1	460	342	801	0.0	767	2364787
af3de83e135f79842e9122388a8e5dc0	gi|507148137|ref|NR_102944.1|	96.739	460	15	0	1	460	334	793	0.0	767	214856
af3de83e135f79842e9122388a8e5dc0	gi|631251955|ref|NR_113153.1|	96.739	460	15	0	1	460	334	793	0.0	767	328814
af3de83e135f79842e9122388a8e5dc0	gi|636559243|ref|NR_115300.1|	96.739	460	15	0	1	460	314	773	0.0	767	679935
428c5c2edf093a8c492d8b51331bcbab	gi|2260349424|ref|NR_176506.1|	99.569	464	2	0	1	464	315	778	0.0	846	1982626
428c5c2edf093a8c492d8b51331bcbab	gi|2260349423|ref|NR_176505.1|	98.491	464	7	0	1	464	314	777	0.0	819	1982628
428c5c2edf093a8c492d8b51331bcbab	gi|631253195|ref|NR_114393.1|	93.103	464	32	0	1	464	326	789	0.0	680	29348
428c5c2edf093a8c492d8b51331bcbab	gi|228720470|ref|NR_027592.1|	92.888	464	33	0	1	464	316	779	0.0	675	29348
428c5c2edf093a8c492d8b51331bcbab	gi|645322231|ref|NR_119030.1|	92.688	465	32	2	1	464	324	787	0.0	669	428126
428c5c2edf093a8c492d8b51331bcbab	gi|645322566|ref|NR_119286.1|	92.688	465	32	2	1	464	313	776	0.0	669	69824
428c5c2edf093a8c492d8b51331bcbab	gi|1109168034|ref|NR_144615.1|	92.308	468	28	7	1	464	316	779	0.0	658	1796628
428c5c2edf093a8c492d8b51331bcbab	gi|343203026|ref|NR_043550.1|	92.026	464	37	0	1	464	327	790	0.0	652	341225
428c5c2edf093a8c492d8b51331bcbab	gi|631252045|ref|NR_113243.1|	91.828	465	36	2	1	464	328	791	0.0	647	1547
428c5c2edf093a8c492d8b51331bcbab	gi|2363083393|ref|NR_179945.1|	91.631	466	35	3	1	464	280	743	0.0	641	2899121
382cb70f6adfc992010195b16a632a1d	gi|1270532346|ref|NR_121773.2|	91.304	460	40	0	1	460	348	807	7.81e-180	628	397865
382cb70f6adfc992010195b16a632a1d	gi|631251875|ref|NR_113073.1|	91.304	460	40	0	1	460	329	788	7.81e-180	628	487174
382cb70f6adfc992010195b16a632a1d	gi|343200981|ref|NR_041668.1|	91.304	460	40	0	1	460	321	780	7.81e-180	628	742726
382cb70f6adfc992010195b16a632a1d	gi|343200821|ref|NR_041508.1|	91.087	460	40	1	1	460	325	783	1.31e-177	621	397865
382cb70f6adfc992010195b16a632a1d	gi|2621112336|ref|NR_189240.1|	89.440	464	41	8	1	460	342	801	7.98e-165	579	2944915
382cb70f6adfc992010195b16a632a1d	gi|1779814875|ref|NR_164950.1|	88.913	460	51	0	1	460	340	799	1.73e-161	568	2040292
382cb70f6adfc992010195b16a632a1d	gi|645321322|ref|NR_118316.1|	88.745	462	48	4	1	460	338	797	8.03e-160	562	1349822
382cb70f6adfc992010195b16a632a1d	gi|2363084938|ref|NR_180717.1|	88.095	462	51	4	1	460	259	718	8.09e-155	545	2601703
382cb70f6adfc992010195b16a632a1d	gi|2136551682|ref|NR_173687.1|	88.147	464	47	7	1	460	325	784	8.09e-155	545	2751153
382cb70f6adfc992010195b16a632a1d	gi|1018196564|ref|NR_136443.1|	87.905	463	51	4	1	460	300	760	3.76e-153	540	867595
e980815408dc13e8444f1622ba5d30e0	gi|2363082168|ref|NR_179330.1|	91.196	443	38	1	1	443	327	768	1.64e-171	601	2714355
e980815408dc13e8444f1622ba5d30e0	gi|2363082165|ref|NR_179329.1|	91.011	445	35	5	1	443	327	768	7.61e-170	595	2714353
e980815408dc13e8444f1622ba5d30e0	gi|2363082342|ref|NR_179418.1|	90.766	444	39	2	1	443	348	790	9.85e-169	592	1673721
e980815408dc13e8444f1622ba5d30e0	gi|343206380|ref|NR_044972.1|	90.315	444	41	2	1	443	331	773	1.65e-166	584	44749
e980815408dc13e8444f1622ba5d30e0	gi|1109168025|ref|NR_144611.1|	90.293	443	43	0	1	443	282	724	2.13e-165	580	1417852
e980815408dc13e8444f1622ba5d30e0	gi|444304204|ref|NR_074629.1|	90.315	444	41	2	1	443	341	783	2.13e-165	580	1515
e980815408dc13e8444f1622ba5d30e0	gi|631251959|ref|NR_113157.1|	90.315	444	41	2	1	443	341	783	2.13e-165	580	1515
e980815408dc13e8444f1622ba5d30e0	gi|645321636|ref|NR_118554.1|	90.112	445	40	4	1	443	329	771	9.92e-164	575	1297617
e980815408dc13e8444f1622ba5d30e0	gi|219857201|ref|NR_024829.1|	90.090	444	42	2	1	443	321	763	9.92e-164	575	253314
e980815408dc13e8444f1622ba5d30e0	gi|3030611324|ref|NR_200000.1|	89.865	444	43	2	1	443	301	743	4.61e-162	569	3342383
5a0cb00de3ff23b5fb686968d0457f83	gi|631251869|ref|NR_113067.1|	98.696	460	6	0	1	460	325	784	0.0	817	1077285
5a0cb00de3ff23b5fb686968d0457f83	gi|645320100|ref|NR_117387.1|	98.696	460	6	0	1	460	320	779	0.0	817	1077285
5a0cb00de3ff23b5fb686968d0457f83	gi|444303855|ref|NR_074277.1|	98.482	461	5	2	1	460	352	811	0.0	811	818
5a0cb00de3ff23b5fb686968d0457f83	gi|631252008|ref|NR_113206.1|	98.478	460	7	0	1	460	336	795	0.0	811	1236513
5a0cb00de3ff23b5fb686968d0457f83	gi|631251746|ref|NR_112944.1|	98.482	461	5	2	1	460	324	783	0.0	811	818
5a0cb00de3ff23b5fb686968d0457f83	gi|2363084421|ref|NR_180458.1|	98.261	460	8	0	1	460	340	799	0.0	806	2650157
5a0cb00de3ff23b5fb686968d0457f83	gi|631251749|ref|NR_112947.1|	97.826	460	10	0	1	460	326	785	0.0	797	657309
5a0cb00de3ff23b5fb686968d0457f83	gi|2363084431|ref|NR_180463.1|	97.826	460	10	0	1	460	340	799	0.0	795	2650158
5a0cb00de3ff23b5fb686968d0457f83	gi|343201773|ref|NR_042499.1|	97.826	460	10	0	1	460	294	753	0.0	795	657309
5a0cb00de3ff23b5fb686968d0457f83	gi|631251733|ref|NR_112931.1|	97.609	460	11	0	1	460	340	799	0.0	789	85831
68a29b0c9a0dd2196dbccdf06754a7cf	gi|631251742|ref|NR_112940.1|	99.348	460	3	0	1	460	327	786	0.0	833	28116
68a29b0c9a0dd2196dbccdf06754a7cf	gi|636559244|ref|NR_115301.1|	99.348	460	3	0	1	460	320	779	0.0	833	28116
68a29b0c9a0dd2196dbccdf06754a7cf	gi|1491509587|ref|NR_159118.1|	99.130	460	4	0	1	460	310	769	0.0	828	28116
68a29b0c9a0dd2196dbccdf06754a7cf	gi|1491509586|ref|NR_159117.1|	99.130	460	4	0	1	460	301	760	0.0	828	28116
68a29b0c9a0dd2196dbccdf06754a7cf	gi|636560121|ref|NR_116181.1|	99.130	460	3	1	1	460	333	791	0.0	826	28116
68a29b0c9a0dd2196dbccdf06754a7cf	gi|343200178|ref|NR_040865.1|	98.915	461	3	2	1	460	333	792	0.0	822	28116
68a29b0c9a0dd2196dbccdf06754a7cf	gi|645322410|ref|NR_119165.1|	98.261	460	8	0	1	460	319	778	0.0	813	28116
68a29b0c9a0dd2196dbccdf06754a7cf	gi|631251749|ref|NR_112947.1|	97.174	460	13	0	1	460	326	785	0.0	780	657309
68a29b0c9a0dd2196dbccdf06754a7cf	gi|2363084431|ref|NR_180463.1|	97.174	460	13	0	1	460	340	799	0.0	778	2650158
68a29b0c9a0dd2196dbccdf06754a7cf	gi|343201773|ref|NR_042499.1|	97.174	460	13	0	1	460	294	753	0.0	778	657309
b92cdbe8a1136341ec578327abe4fb08	gi|343201773|ref|NR_042499.1|	99.783	460	1	0	1	460	294	753	0.0	845	657309
b92cdbe8a1136341ec578327abe4fb08	gi|631251749|ref|NR_112947.1|	99.565	460	2	0	1	460	326	785	0.0	841	657309
b92cdbe8a1136341ec578327abe4fb08	gi|2363084431|ref|NR_180463.1|	99.348	460	3	0	1	460	340	799	0.0	833	2650158
b92cdbe8a1136341ec578327abe4fb08	gi|631251733|ref|NR_112931.1|	98.913	460	5	0	1	460	340	799	0.0	822	85831
b92cdbe8a1136341ec578327abe4fb08	gi|265678305|ref|NR_028607.1|	98.911	459	5	0	2	460	333	791	0.0	821	85831
b92cdbe8a1136341ec578327abe4fb08	gi|631252008|ref|NR_113206.1|	98.261	460	8	0	1	460	336	795	0.0	806	1236513
b92cdbe8a1136341ec578327abe4fb08	gi|645322410|ref|NR_119165.1|	97.826	460	10	0	1	460	319	778	0.0	802	28116
b92cdbe8a1136341ec578327abe4fb08	gi|631251869|ref|NR_113067.1|	97.826	460	10	0	1	460	325	784	0.0	795	1077285
b92cdbe8a1136341ec578327abe4fb08	gi|645320100|ref|NR_117387.1|	97.826	460	10	0	1	460	320	779	0.0	795	1077285
b92cdbe8a1136341ec578327abe4fb08	gi|343200626|ref|NR_041313.1|	97.826	460	10	0	1	460	340	799	0.0	795	338188
987885e2b3555697225507886fed6643	gi|444304091|ref|NR_074515.1|	95.435	460	21	0	1	460	350	809	0.0	734	435590
987885e2b3555697225507886fed6643	gi|2363086550|ref|NR_181532.1|	95.435	460	21	0	1	460	322	781	0.0	734	2763025
987885e2b3555697225507886fed6643	gi|631251748|ref|NR_112946.1|	95.435	460	21	0	1	460	339	798	0.0	734	821
987885e2b3555697225507886fed6643	gi|631251747|ref|NR_112945.1|	95.435	460	21	0	1	460	327	786	0.0	734	820
987885e2b3555697225507886fed6643	gi|343200179|ref|NR_040866.1|	95.435	460	21	0	1	460	334	793	0.0	734	820
987885e2b3555697225507886fed6643	gi|631250946|ref|NR_112143.1|	95.217	460	22	0	1	460	307	766	0.0	728	821
987885e2b3555697225507886fed6643	gi|343200664|ref|NR_041351.1|	94.783	460	24	0	1	460	341	800	0.0	717	357276
987885e2b3555697225507886fed6643	gi|2363082773|ref|NR_179635.1|	94.130	460	27	0	1	460	338	797	0.0	701	2024197
987885e2b3555697225507886fed6643	gi|631251997|ref|NR_113195.1|	94.130	460	27	0	1	460	338	797	0.0	701	1236515
987885e2b3555697225507886fed6643	gi|2363084421|ref|NR_180458.1|	93.913	460	28	0	1	460	340	799	0.0	695	2650157
6a98c852860b2a673049e411dd60dc22	gi|228718376|ref|NR_027573.1|	99.544	439	2	0	1	439	303	741	0.0	800	261299
6a98c852860b2a673049e411dd60dc22	gi|645322235|ref|NR_119034.1|	98.405	439	6	1	1	439	320	757	0.0	771	1121321
6a98c852860b2a673049e411dd60dc22	gi|631251934|ref|NR_113132.1|	98.178	439	8	0	1	439	321	759	0.0	767	1121308
6a98c852860b2a673049e411dd60dc22	gi|2363081240|ref|NR_178864.1|	97.950	439	9	0	1	439	321	759	0.0	761	1507512
6a98c852860b2a673049e411dd60dc22	gi|631251942|ref|NR_113140.1|	97.950	439	9	0	1	439	319	757	0.0	761	1505
6a98c852860b2a673049e411dd60dc22	gi|631250975|ref|NR_112172.1|	97.945	438	9	0	2	439	313	750	0.0	761	1121308
6a98c852860b2a673049e411dd60dc22	gi|645319814|ref|NR_117174.1|	97.722	439	10	0	1	439	316	754	0.0	756	1737
6a98c852860b2a673049e411dd60dc22	gi|631250758|ref|NR_104812.1|	97.722	439	10	0	1	439	318	756	0.0	756	1737
6a98c852860b2a673049e411dd60dc22	gi|559795110|ref|NR_104696.1|	97.722	439	10	0	1	439	319	757	0.0	756	29358
6a98c852860b2a673049e411dd60dc22	gi|636559738|ref|NR_115798.1|	97.722	439	10	0	1	439	321	759	0.0	756	1737
9e73714674d275dad82c49db3dceff3b	gi|265678656|ref|NR_028961.1|	99.318	440	3	0	1	440	327	766	0.0	797	853
9e73714674d275dad82c49db3dceff3b	gi|2363081451|ref|NR_178972.1|	99.091	440	4	0	1	440	285	724	0.0	791	1851428
9e73714674d275dad82c49db3dceff3b	gi|2363080123|ref|NR_178280.1|	99.091	440	4	0	1	440	331	770	0.0	791	411483
9e73714674d275dad82c49db3dceff3b	gi|3030611269|ref|NR_199945.1|	98.864	440	5	0	1	440	335	774	0.0	785	3435293
9e73714674d275dad82c49db3dceff3b	gi|2363081449|ref|NR_178971.1|	98.864	440	4	1	1	440	285	723	0.0	784	1851427
9e73714674d275dad82c49db3dceff3b	gi|2363082282|ref|NR_179388.1|	98.413	441	5	2	1	440	335	774	0.0	774	2935520
9e73714674d275dad82c49db3dceff3b	gi|2363080175|ref|NR_178311.1|	96.818	440	14	0	1	440	412	851	0.0	736	2903556
9e73714674d275dad82c49db3dceff3b	gi|1397641802|ref|NR_156911.1|	92.727	440	32	0	1	440	351	790	0.0	636	1650663
9e73714674d275dad82c49db3dceff3b	gi|2363084747|ref|NR_180622.1|	92.744	441	30	2	1	440	335	774	0.0	636	2779354
9e73714674d275dad82c49db3dceff3b	gi|2363082356|ref|NR_179425.1|	92.727	440	32	0	1	440	351	790	0.0	636	1689304
5a789711cccbdf77566b1dca1bb80a06	gi|444304091|ref|NR_074515.1|	99.349	461	1	2	1	460	350	809	0.0	833	435590
5a789711cccbdf77566b1dca1bb80a06	gi|631251748|ref|NR_112946.1|	99.349	461	1	2	1	460	339	798	0.0	833	821
5a789711cccbdf77566b1dca1bb80a06	gi|343200664|ref|NR_041351.1|	99.130	460	4	0	1	460	341	800	0.0	828	357276
5a789711cccbdf77566b1dca1bb80a06	gi|631250946|ref|NR_112143.1|	99.132	461	2	2	1	460	307	766	0.0	828	821
5a789711cccbdf77566b1dca1bb80a06	gi|631251997|ref|NR_113195.1|	94.348	460	26	0	1	460	338	797	0.0	706	1236515
5a789711cccbdf77566b1dca1bb80a06	gi|631251866|ref|NR_113064.1|	94.130	460	27	0	1	460	338	797	0.0	701	1236538
5a789711cccbdf77566b1dca1bb80a06	gi|631251817|ref|NR_113015.1|	94.130	460	27	0	1	460	338	797	0.0	701	1236538
5a789711cccbdf77566b1dca1bb80a06	gi|645320081|ref|NR_117373.1|	94.130	460	27	0	1	460	289	748	0.0	701	1236515
5a789711cccbdf77566b1dca1bb80a06	gi|2363085522|ref|NR_181010.1|	93.696	460	29	0	1	460	297	756	0.0	689	2786956
5a789711cccbdf77566b1dca1bb80a06	gi|2363082773|ref|NR_179635.1|	93.696	460	29	0	1	460	338	797	0.0	689	2024197
fe5867c5da1f2274227cdfe33c8d070f	gi|444304111|ref|NR_074535.1|	99.346	459	3	0	1	459	334	792	0.0	832	28118
fe5867c5da1f2274227cdfe33c8d070f	gi|631251877|ref|NR_113075.1|	99.346	459	3	0	1	459	334	792	0.0	832	28118
fe5867c5da1f2274227cdfe33c8d070f	gi|343206056|ref|NR_044636.1|	98.039	459	9	0	1	459	342	800	0.0	804	28118
fe5867c5da1f2274227cdfe33c8d070f	gi|631251876|ref|NR_113074.1|	89.849	463	39	7	1	459	335	793	1.32e-167	588	742817
fe5867c5da1f2274227cdfe33c8d070f	gi|631251699|ref|NR_112897.1|	89.849	463	39	7	1	459	315	773	1.32e-167	588	742817
fe5867c5da1f2274227cdfe33c8d070f	gi|959494837|ref|NR_133715.1|	87.069	464	51	8	1	459	280	739	6.33e-146	516	1416875
fe5867c5da1f2274227cdfe33c8d070f	gi|559795096|ref|NR_104682.1|	87.041	463	53	6	1	459	315	774	6.33e-146	516	1168289
fe5867c5da1f2274227cdfe33c8d070f	gi|1953646717|ref|NR_171512.1|	86.797	462	56	5	1	459	313	772	2.94e-144	510	2162893
fe5867c5da1f2274227cdfe33c8d070f	gi|265678658|ref|NR_028963.1|	86.638	464	54	7	1	459	327	787	3.81e-143	507	886379
fe5867c5da1f2274227cdfe33c8d070f	gi|1341394029|ref|NR_153701.1|	86.638	464	53	8	1	459	299	758	1.37e-142	505	1740245
666fb5423363ec9bf7984f93799fa412	gi|631251740|ref|NR_112938.1|	98.913	460	5	0	1	460	326	785	0.0	822	204516
666fb5423363ec9bf7984f93799fa412	gi|343198509|ref|NR_042745.1|	98.913	460	5	0	1	460	338	797	0.0	822	204516
666fb5423363ec9bf7984f93799fa412	gi|343200626|ref|NR_041313.1|	94.565	460	25	0	1	460	340	799	0.0	712	338188
666fb5423363ec9bf7984f93799fa412	gi|631251749|ref|NR_112947.1|	94.143	461	25	2	1	460	326	785	0.0	701	657309
666fb5423363ec9bf7984f93799fa412	gi|343201773|ref|NR_042499.1|	94.143	461	25	2	1	460	294	753	0.0	701	657309
666fb5423363ec9bf7984f93799fa412	gi|636560121|ref|NR_116181.1|	94.130	460	26	1	1	460	333	791	0.0	699	28116
666fb5423363ec9bf7984f93799fa412	gi|1491509587|ref|NR_159118.1|	93.913	460	28	0	1	460	310	769	0.0	695	28116
666fb5423363ec9bf7984f93799fa412	gi|1491509586|ref|NR_159117.1|	93.913	460	28	0	1	460	301	760	0.0	695	28116
666fb5423363ec9bf7984f93799fa412	gi|2363084431|ref|NR_180463.1|	93.913	460	28	0	1	460	340	799	0.0	695	2650158
666fb5423363ec9bf7984f93799fa412	gi|2363084421|ref|NR_180458.1|	93.913	460	28	0	1	460	340	799	0.0	695	2650157
c38a8404bc0899061f99c0ee0aeaa406	gi|2363082569|ref|NR_179531.1|	94.820	444	19	4	1	442	347	788	0.0	689	1852369
c38a8404bc0899061f99c0ee0aeaa406	gi|2363082168|ref|NR_179330.1|	94.570	442	24	0	1	442	327	768	0.0	684	2714355
c38a8404bc0899061f99c0ee0aeaa406	gi|2363082165|ref|NR_179329.1|	94.344	442	25	0	1	442	327	768	0.0	678	2714353
c38a8404bc0899061f99c0ee0aeaa406	gi|3030611324|ref|NR_200000.1|	93.002	443	30	1	1	442	301	743	0.0	645	3342383
c38a8404bc0899061f99c0ee0aeaa406	gi|1269801610|ref|NR_074793.2|	92.777	443	30	2	1	442	355	796	0.0	640	351091
c38a8404bc0899061f99c0ee0aeaa406	gi|1109168025|ref|NR_144611.1|	92.777	443	31	1	1	442	282	724	0.0	640	1417852
c38a8404bc0899061f99c0ee0aeaa406	gi|343200653|ref|NR_041340.1|	92.777	443	30	2	1	442	328	769	0.0	640	351091
c38a8404bc0899061f99c0ee0aeaa406	gi|2136551692|ref|NR_173697.1|	92.534	442	33	0	1	442	349	790	0.0	634	2108523
c38a8404bc0899061f99c0ee0aeaa406	gi|3030611323|ref|NR_199999.1|	92.551	443	32	1	1	442	301	743	0.0	634	3133422
c38a8404bc0899061f99c0ee0aeaa406	gi|645321110|ref|NR_118156.1|	92.584	445	27	5	1	442	304	745	0.0	634	1007096
c373d2a263e2ca7a74d44e026742d366	gi|444304091|ref|NR_074515.1|	99.565	460	2	0	1	460	350	809	0.0	839	435590
c373d2a263e2ca7a74d44e026742d366	gi|631251748|ref|NR_112946.1|	99.565	460	2	0	1	460	339	798	0.0	839	821
c373d2a263e2ca7a74d44e026742d366	gi|631250946|ref|NR_112143.1|	99.348	460	3	0	1	460	307	766	0.0	833	821
c373d2a263e2ca7a74d44e026742d366	gi|343200664|ref|NR_041351.1|	99.130	460	4	0	1	460	341	800	0.0	828	357276
c373d2a263e2ca7a74d44e026742d366	gi|631251997|ref|NR_113195.1|	94.130	460	27	0	1	460	338	797	0.0	701	1236515
c373d2a263e2ca7a74d44e026742d366	gi|631251866|ref|NR_113064.1|	93.913	460	28	0	1	460	338	797	0.0	695	1236538
c373d2a263e2ca7a74d44e026742d366	gi|631251817|ref|NR_113015.1|	93.913	460	28	0	1	460	338	797	0.0	695	1236538
c373d2a263e2ca7a74d44e026742d366	gi|645320081|ref|NR_117373.1|	93.913	460	28	0	1	460	289	748	0.0	695	1236515
c373d2a263e2ca7a74d44e026742d366	gi|2363082547|ref|NR_179520.1|	93.696	460	29	0	1	460	314	773	0.0	689	1841855
c373d2a263e2ca7a74d44e026742d366	gi|2363085522|ref|NR_181010.1|	93.478	460	30	0	1	460	297	756	0.0	684	2786956
c5ad92c5881911611b4bd778c013508c	gi|444303953|ref|NR_074376.1|	99.348	460	3	0	1	460	351	810	0.0	833	435591
c5ad92c5881911611b4bd778c013508c	gi|343200655|ref|NR_041342.1|	98.478	460	7	0	1	460	336	795	0.0	811	823
c5ad92c5881911611b4bd778c013508c	gi|1811131517|ref|NR_165699.1|	93.696	460	29	0	1	460	336	795	0.0	689	2685834
c5ad92c5881911611b4bd778c013508c	gi|2363082619|ref|NR_179556.1|	93.478	460	30	0	1	460	316	775	0.0	684	1871013
c5ad92c5881911611b4bd778c013508c	gi|631251637|ref|NR_112835.1|	92.826	460	32	1	1	460	336	794	0.0	665	574930
c5ad92c5881911611b4bd778c013508c	gi|2363082715|ref|NR_179605.1|	92.609	460	34	0	1	460	316	775	0.0	662	1944636
c5ad92c5881911611b4bd778c013508c	gi|2363086049|ref|NR_181277.1|	92.391	460	35	0	1	460	309	768	0.0	656	2753162
c5ad92c5881911611b4bd778c013508c	gi|974142265|ref|NR_134785.1|	92.391	460	35	0	1	460	336	795	0.0	656	1217282
c5ad92c5881911611b4bd778c013508c	gi|631252010|ref|NR_113208.1|	92.174	460	36	0	1	460	336	795	0.0	651	871327
c5ad92c5881911611b4bd778c013508c	gi|343200777|ref|NR_041464.1|	92.174	460	36	0	1	460	340	799	0.0	651	387661
8da95377648997790770ad9cdc589e94	gi|444303855|ref|NR_074277.1|	99.565	460	2	0	1	460	352	811	0.0	839	818
8da95377648997790770ad9cdc589e94	gi|631251746|ref|NR_112944.1|	99.565	460	2	0	1	460	324	783	0.0	839	818
8da95377648997790770ad9cdc589e94	gi|631252008|ref|NR_113206.1|	98.698	461	4	2	1	460	336	795	0.0	817	1236513
8da95377648997790770ad9cdc589e94	gi|631250945|ref|NR_112142.1|	98.690	458	5	1	3	460	336	792	0.0	811	818
8da95377648997790770ad9cdc589e94	gi|631251869|ref|NR_113067.1|	98.048	461	7	2	1	460	325	784	0.0	800	1077285
8da95377648997790770ad9cdc589e94	gi|645320100|ref|NR_117387.1|	98.048	461	7	2	1	460	320	779	0.0	800	1077285
8da95377648997790770ad9cdc589e94	gi|2363084421|ref|NR_180458.1|	97.614	461	9	2	1	460	340	799	0.0	789	2650157
8da95377648997790770ad9cdc589e94	gi|631251749|ref|NR_112947.1|	97.180	461	11	2	1	460	326	785	0.0	780	657309
8da95377648997790770ad9cdc589e94	gi|2363084431|ref|NR_180463.1|	97.180	461	11	2	1	460	340	799	0.0	778	2650158
8da95377648997790770ad9cdc589e94	gi|631251744|ref|NR_112942.1|	97.180	461	11	2	1	460	323	782	0.0	778	291644
3ea52c46335390dd462f7e1d96483fc9	gi|631251747|ref|NR_112945.1|	99.565	460	2	0	1	460	327	786	0.0	839	820
3ea52c46335390dd462f7e1d96483fc9	gi|343200179|ref|NR_040866.1|	99.565	460	2	0	1	460	334	793	0.0	839	820
3ea52c46335390dd462f7e1d96483fc9	gi|2363086550|ref|NR_181532.1|	99.130	460	4	0	1	460	322	781	0.0	828	2763025
3ea52c46335390dd462f7e1d96483fc9	gi|2363082773|ref|NR_179635.1|	97.391	460	12	0	1	460	338	797	0.0	784	2024197
3ea52c46335390dd462f7e1d96483fc9	gi|631251874|ref|NR_113072.1|	97.174	460	13	0	1	460	338	797	0.0	778	1236512
3ea52c46335390dd462f7e1d96483fc9	gi|631251816|ref|NR_113014.1|	96.957	460	14	0	1	460	338	797	0.0	773	1236512
3ea52c46335390dd462f7e1d96483fc9	gi|631251735|ref|NR_112933.1|	96.739	460	15	0	1	460	334	793	0.0	767	246787
3ea52c46335390dd462f7e1d96483fc9	gi|343200620|ref|NR_041307.1|	96.522	460	16	0	1	460	334	793	0.0	761	329854
3ea52c46335390dd462f7e1d96483fc9	gi|2363084421|ref|NR_180458.1|	96.304	460	17	0	1	460	340	799	0.0	756	2650157
3ea52c46335390dd462f7e1d96483fc9	gi|2363082635|ref|NR_179564.1|	96.304	460	17	0	1	460	338	797	0.0	756	1903262
db36ccae32595f8587e455086b46d0c4	gi|2363081451|ref|NR_178972.1|	99.545	440	2	0	1	440	285	724	0.0	802	1851428
db36ccae32595f8587e455086b46d0c4	gi|265678656|ref|NR_028961.1|	98.864	440	5	0	1	440	327	766	0.0	785	853
db36ccae32595f8587e455086b46d0c4	gi|2363082282|ref|NR_179388.1|	98.636	440	6	0	1	440	335	774	0.0	780	2935520
db36ccae32595f8587e455086b46d0c4	gi|2363080123|ref|NR_178280.1|	98.636	440	6	0	1	440	331	770	0.0	780	411483
db36ccae32595f8587e455086b46d0c4	gi|3030611269|ref|NR_199945.1|	98.409	440	7	0	1	440	335	774	0.0	774	3435293
db36ccae32595f8587e455086b46d0c4	gi|2363081449|ref|NR_178971.1|	98.182	440	7	1	1	440	285	723	0.0	767	1851427
db36ccae32595f8587e455086b46d0c4	gi|2363080175|ref|NR_178311.1|	96.591	440	15	0	1	440	412	851	0.0	730	2903556
db36ccae32595f8587e455086b46d0c4	gi|1397641802|ref|NR_156911.1|	92.727	440	32	0	1	440	351	790	0.0	636	1650663
db36ccae32595f8587e455086b46d0c4	gi|2363084747|ref|NR_180622.1|	92.727	440	32	0	1	440	335	774	0.0	636	2779354
db36ccae32595f8587e455086b46d0c4	gi|2363082356|ref|NR_179425.1|	92.517	441	31	2	1	440	351	790	2.07e-180	630	1689304
33a74d45f502fb4e38ec89782b33e832	gi|631251740|ref|NR_112938.1|	98.913	460	5	0	1	460	326	785	0.0	822	204516
33a74d45f502fb4e38ec89782b33e832	gi|343198509|ref|NR_042745.1|	98.913	460	5	0	1	460	338	797	0.0	822	204516
33a74d45f502fb4e38ec89782b33e832	gi|343200626|ref|NR_041313.1|	94.565	460	25	0	1	460	340	799	0.0	712	338188
33a74d45f502fb4e38ec89782b33e832	gi|636560121|ref|NR_116181.1|	94.130	460	26	1	1	460	333	791	0.0	699	28116
33a74d45f502fb4e38ec89782b33e832	gi|631251749|ref|NR_112947.1|	93.913	460	28	0	1	460	326	785	0.0	697	657309
33a74d45f502fb4e38ec89782b33e832	gi|1491509587|ref|NR_159118.1|	93.913	460	28	0	1	460	310	769	0.0	695	28116
33a74d45f502fb4e38ec89782b33e832	gi|1491509586|ref|NR_159117.1|	93.913	460	28	0	1	460	301	760	0.0	695	28116
33a74d45f502fb4e38ec89782b33e832	gi|2363084431|ref|NR_180463.1|	93.913	460	28	0	1	460	340	799	0.0	695	2650158
33a74d45f502fb4e38ec89782b33e832	gi|2363084421|ref|NR_180458.1|	93.913	460	28	0	1	460	340	799	0.0	695	2650157
33a74d45f502fb4e38ec89782b33e832	gi|631251742|ref|NR_112940.1|	93.913	460	28	0	1	460	327	786	0.0	695	28116
3ba4a1fb82b0660a7fc903fbe7fa5236	gi|343201773|ref|NR_042499.1|	99.565	460	2	0	1	460	294	753	0.0	839	657309
3ba4a1fb82b0660a7fc903fbe7fa5236	gi|631251749|ref|NR_112947.1|	99.348	460	3	0	1	460	326	785	0.0	835	657309
3ba4a1fb82b0660a7fc903fbe7fa5236	gi|2363084431|ref|NR_180463.1|	99.130	460	4	0	1	460	340	799	0.0	828	2650158
3ba4a1fb82b0660a7fc903fbe7fa5236	gi|631251733|ref|NR_112931.1|	98.696	460	6	0	1	460	340	799	0.0	817	85831
3ba4a1fb82b0660a7fc903fbe7fa5236	gi|265678305|ref|NR_028607.1|	98.693	459	6	0	2	460	333	791	0.0	815	85831
3ba4a1fb82b0660a7fc903fbe7fa5236	gi|631252008|ref|NR_113206.1|	98.043	460	9	0	1	460	336	795	0.0	800	1236513
3ba4a1fb82b0660a7fc903fbe7fa5236	gi|645322410|ref|NR_119165.1|	97.609	460	11	0	1	460	319	778	0.0	797	28116
3ba4a1fb82b0660a7fc903fbe7fa5236	gi|631251869|ref|NR_113067.1|	97.609	460	11	0	1	460	325	784	0.0	789	1077285
3ba4a1fb82b0660a7fc903fbe7fa5236	gi|645320100|ref|NR_117387.1|	97.609	460	11	0	1	460	320	779	0.0	789	1077285
3ba4a1fb82b0660a7fc903fbe7fa5236	gi|343200626|ref|NR_041313.1|	97.609	460	11	0	1	460	340	799	0.0	789	338188
034c040776be88d17b9bed3f4deaa284	gi|1270532346|ref|NR_121773.2|	91.522	460	39	0	1	460	348	807	0.0	634	397865
034c040776be88d17b9bed3f4deaa284	gi|631251875|ref|NR_113073.1|	91.522	460	39	0	1	460	329	788	0.0	634	487174
034c040776be88d17b9bed3f4deaa284	gi|343200981|ref|NR_041668.1|	91.522	460	39	0	1	460	321	780	0.0	634	742726
034c040776be88d17b9bed3f4deaa284	gi|343200821|ref|NR_041508.1|	91.304	460	39	1	1	460	325	783	2.81e-179	627	397865
034c040776be88d17b9bed3f4deaa284	gi|2621112336|ref|NR_189240.1|	89.655	464	40	8	1	460	342	801	1.71e-166	584	2944915
034c040776be88d17b9bed3f4deaa284	gi|1779814875|ref|NR_164950.1|	89.130	460	50	0	1	460	340	799	3.71e-163	573	2040292
034c040776be88d17b9bed3f4deaa284	gi|645321322|ref|NR_118316.1|	88.961	462	47	4	1	460	338	797	1.73e-161	568	1349822
034c040776be88d17b9bed3f4deaa284	gi|2363084938|ref|NR_180717.1|	88.312	462	50	4	1	460	259	718	1.74e-156	551	2601703
034c040776be88d17b9bed3f4deaa284	gi|2136551682|ref|NR_173687.1|	88.362	464	46	7	1	460	325	784	1.74e-156	551	2751153
034c040776be88d17b9bed3f4deaa284	gi|1018196564|ref|NR_136443.1|	88.121	463	50	4	1	460	300	760	8.09e-155	545	867595
322bed357f35e296c5a53bf0c7e43227	gi|2363082165|ref|NR_179329.1|	99.095	442	4	0	1	442	327	768	0.0	795	2714353
322bed357f35e296c5a53bf0c7e43227	gi|2363082168|ref|NR_179330.1|	98.869	442	5	0	1	442	327	768	0.0	789	2714355
322bed357f35e296c5a53bf0c7e43227	gi|645321110|ref|NR_118156.1|	94.357	443	23	2	1	442	304	745	0.0	678	1007096
322bed357f35e296c5a53bf0c7e43227	gi|2962412234|ref|NR_199428.1|	94.131	443	24	2	1	442	352	793	0.0	673	3073143
322bed357f35e296c5a53bf0c7e43227	gi|1269801610|ref|NR_074793.2|	93.905	443	25	2	1	442	355	796	0.0	667	351091
322bed357f35e296c5a53bf0c7e43227	gi|343200653|ref|NR_041340.1|	93.905	443	25	2	1	442	328	769	0.0	667	351091
322bed357f35e296c5a53bf0c7e43227	gi|2363087001|ref|NR_181757.1|	93.708	445	22	6	1	442	289	730	0.0	662	2841504
322bed357f35e296c5a53bf0c7e43227	gi|2260349448|ref|NR_176530.1|	93.228	443	28	2	1	442	358	799	0.0	651	2093857
322bed357f35e296c5a53bf0c7e43227	gi|2363082559|ref|NR_179526.1|	93.228	443	28	2	1	442	349	790	0.0	651	1841866
322bed357f35e296c5a53bf0c7e43227	gi|2363082170|ref|NR_179331.1|	93.228	443	29	1	1	442	328	770	0.0	651	2714358
17e2e026fac2a7d4402414c1a7ef092e	gi|1109168025|ref|NR_144611.1|	93.228	443	30	0	1	443	282	724	0.0	652	1417852
17e2e026fac2a7d4402414c1a7ef092e	gi|2363082168|ref|NR_179330.1|	93.243	444	27	3	1	443	327	768	0.0	651	2714355
17e2e026fac2a7d4402414c1a7ef092e	gi|2363082165|ref|NR_179329.1|	93.018	444	28	3	1	443	327	768	0.0	645	2714353
17e2e026fac2a7d4402414c1a7ef092e	gi|343206380|ref|NR_044972.1|	92.568	444	31	2	1	443	331	773	0.0	640	44749
17e2e026fac2a7d4402414c1a7ef092e	gi|3030611324|ref|NR_200000.1|	91.892	444	34	2	1	443	301	743	4.52e-177	619	3342383
17e2e026fac2a7d4402414c1a7ef092e	gi|2363082342|ref|NR_179418.1|	91.892	444	34	2	1	443	348	790	4.52e-177	619	1673721
17e2e026fac2a7d4402414c1a7ef092e	gi|219857437|ref|NR_025025.1|	91.667	444	33	4	1	443	332	772	1.62e-176	617	100176
17e2e026fac2a7d4402414c1a7ef092e	gi|2363082352|ref|NR_179423.1|	91.704	446	31	6	1	443	349	791	2.10e-175	614	1689270
17e2e026fac2a7d4402414c1a7ef092e	gi|645321636|ref|NR_118554.1|	91.685	445	33	4	1	443	329	771	2.10e-175	614	1297617
17e2e026fac2a7d4402414c1a7ef092e	gi|2363083800|ref|NR_180148.1|	91.216	444	37	2	1	443	349	791	4.55e-172	603	2211183
27bb5f0d0f2828ab2be8662b39fce99e	gi|2363080123|ref|NR_178280.1|	98.864	440	5	0	1	440	331	770	0.0	785	411483
27bb5f0d0f2828ab2be8662b39fce99e	gi|3030611269|ref|NR_199945.1|	98.636	440	6	0	1	440	335	774	0.0	780	3435293
27bb5f0d0f2828ab2be8662b39fce99e	gi|2363081449|ref|NR_178971.1|	98.409	440	6	1	1	440	285	723	0.0	773	1851427
27bb5f0d0f2828ab2be8662b39fce99e	gi|265678656|ref|NR_028961.1|	98.182	440	8	0	1	440	327	766	0.0	769	853
27bb5f0d0f2828ab2be8662b39fce99e	gi|2363081451|ref|NR_178972.1|	97.955	440	9	0	1	440	285	724	0.0	763	1851428
27bb5f0d0f2828ab2be8662b39fce99e	gi|2363082282|ref|NR_179388.1|	97.279	441	10	2	1	440	335	774	0.0	747	2935520
27bb5f0d0f2828ab2be8662b39fce99e	gi|2363080175|ref|NR_178311.1|	96.591	440	15	0	1	440	412	851	0.0	730	2903556
27bb5f0d0f2828ab2be8662b39fce99e	gi|2363084747|ref|NR_180622.1|	93.424	441	27	2	1	440	335	774	0.0	652	2779354
27bb5f0d0f2828ab2be8662b39fce99e	gi|559795255|ref|NR_104846.1|	93.182	440	30	0	1	440	288	727	0.0	647	745368
27bb5f0d0f2828ab2be8662b39fce99e	gi|1277396189|ref|NR_151900.1|	92.727	440	32	0	1	440	351	790	0.0	636	1550024
562b90f347c61fd53889f04da2a7c532	gi|559795255|ref|NR_104846.1|	96.364	440	16	0	1	440	288	727	0.0	725	745368
562b90f347c61fd53889f04da2a7c532	gi|265678692|ref|NR_028997.1|	95.465	441	19	1	1	440	303	743	0.0	702	214851
562b90f347c61fd53889f04da2a7c532	gi|3030611269|ref|NR_199945.1|	94.545	440	24	0	1	440	335	774	0.0	680	3435293
562b90f347c61fd53889f04da2a7c532	gi|265678656|ref|NR_028961.1|	94.091	440	26	0	1	440	327	766	0.0	669	853
562b90f347c61fd53889f04da2a7c532	gi|2363081451|ref|NR_178972.1|	93.864	440	27	0	1	440	285	724	0.0	664	1851428
562b90f347c61fd53889f04da2a7c532	gi|2363080123|ref|NR_178280.1|	93.864	440	27	0	1	440	331	770	0.0	664	411483
562b90f347c61fd53889f04da2a7c532	gi|2363081449|ref|NR_178971.1|	93.864	440	26	1	1	440	285	723	0.0	662	1851427
562b90f347c61fd53889f04da2a7c532	gi|2363082356|ref|NR_179425.1|	93.409	440	29	0	1	440	351	790	0.0	652	1689304
562b90f347c61fd53889f04da2a7c532	gi|1397641802|ref|NR_156911.1|	93.182	440	30	0	1	440	351	790	0.0	647	1650663
562b90f347c61fd53889f04da2a7c532	gi|2363082282|ref|NR_179388.1|	93.197	441	28	2	1	440	335	774	0.0	647	2935520
d38c7c4c29497e238eb783569f423f73	gi|631251866|ref|NR_113064.1|	96.957	460	14	0	1	460	338	797	0.0	773	1236538
d38c7c4c29497e238eb783569f423f73	gi|631251817|ref|NR_113015.1|	96.957	460	14	0	1	460	338	797	0.0	773	1236538
d38c7c4c29497e238eb783569f423f73	gi|645320081|ref|NR_117373.1|	96.957	460	14	0	1	460	289	748	0.0	773	1236515
d38c7c4c29497e238eb783569f423f73	gi|631251740|ref|NR_112938.1|	96.957	460	14	0	1	460	326	785	0.0	773	204516
d38c7c4c29497e238eb783569f423f73	gi|343198509|ref|NR_042745.1|	96.957	460	14	0	1	460	338	797	0.0	773	204516
d38c7c4c29497e238eb783569f423f73	gi|631251997|ref|NR_113195.1|	96.739	460	15	0	1	460	338	797	0.0	767	1236515
d38c7c4c29497e238eb783569f423f73	gi|343200626|ref|NR_041313.1|	96.087	460	18	0	1	460	340	799	0.0	750	338188
d38c7c4c29497e238eb783569f423f73	gi|2363086550|ref|NR_181532.1|	95.870	460	19	0	1	460	322	781	0.0	745	2763025
d38c7c4c29497e238eb783569f423f73	gi|631251747|ref|NR_112945.1|	95.870	460	19	0	1	460	327	786	0.0	745	820
d38c7c4c29497e238eb783569f423f73	gi|343200179|ref|NR_040866.1|	95.870	460	19	0	1	460	334	793	0.0	745	820
03317063a75ddcc12377cf557cba6771	gi|631251740|ref|NR_112938.1|	98.913	460	5	0	1	460	326	785	0.0	822	204516
03317063a75ddcc12377cf557cba6771	gi|343198509|ref|NR_042745.1|	98.913	460	5	0	1	460	338	797	0.0	822	204516
03317063a75ddcc12377cf557cba6771	gi|343200626|ref|NR_041313.1|	94.565	460	25	0	1	460	340	799	0.0	712	338188
03317063a75ddcc12377cf557cba6771	gi|636560121|ref|NR_116181.1|	94.130	460	26	1	1	460	333	791	0.0	699	28116
03317063a75ddcc12377cf557cba6771	gi|631251749|ref|NR_112947.1|	93.913	460	28	0	1	460	326	785	0.0	697	657309
03317063a75ddcc12377cf557cba6771	gi|1491509587|ref|NR_159118.1|	93.913	460	28	0	1	460	310	769	0.0	695	28116
03317063a75ddcc12377cf557cba6771	gi|1491509586|ref|NR_159117.1|	93.913	460	28	0	1	460	301	760	0.0	695	28116
03317063a75ddcc12377cf557cba6771	gi|2363084431|ref|NR_180463.1|	93.913	460	28	0	1	460	340	799	0.0	695	2650158
03317063a75ddcc12377cf557cba6771	gi|2363084421|ref|NR_180458.1|	93.913	460	28	0	1	460	340	799	0.0	695	2650157
03317063a75ddcc12377cf557cba6771	gi|631251742|ref|NR_112940.1|	93.913	460	28	0	1	460	327	786	0.0	695	28116
edcd7560c1e1db9db026832e8282dc95	gi|631252157|ref|NR_113355.1|	99.355	465	3	0	1	465	356	820	0.0	843	218538
edcd7560c1e1db9db026832e8282dc95	gi|219846090|ref|NR_025680.1|	99.355	465	3	0	1	465	336	800	0.0	843	592028
edcd7560c1e1db9db026832e8282dc95	gi|343198671|ref|NR_043231.1|	94.850	466	22	2	1	465	283	747	0.0	726	308994
edcd7560c1e1db9db026832e8282dc95	gi|631252159|ref|NR_113357.1|	94.647	467	22	3	1	465	356	821	0.0	721	308994
edcd7560c1e1db9db026832e8282dc95	gi|343200979|ref|NR_041666.1|	93.978	465	28	0	1	465	336	800	0.0	704	742743
edcd7560c1e1db9db026832e8282dc95	gi|2363082841|ref|NR_179669.1|	93.790	467	25	4	1	465	360	824	0.0	699	2161821
edcd7560c1e1db9db026832e8282dc95	gi|2363082109|ref|NR_179301.1|	93.790	467	25	4	1	465	344	808	0.0	699	2582419
edcd7560c1e1db9db026832e8282dc95	gi|631252158|ref|NR_113356.1|	93.133	466	29	3	1	465	355	818	0.0	680	309120
edcd7560c1e1db9db026832e8282dc95	gi|343198462|ref|NR_041895.1|	93.133	466	29	3	1	465	296	759	0.0	680	888062
edcd7560c1e1db9db026832e8282dc95	gi|219846637|ref|NR_026229.1|	91.667	468	33	4	1	465	336	800	0.0	643	39950
73d8279df5baf45eb2cb616584a72a5a	gi|1270532346|ref|NR_121773.2|	91.304	460	40	0	1	460	348	807	7.81e-180	628	397865
73d8279df5baf45eb2cb616584a72a5a	gi|631251875|ref|NR_113073.1|	91.304	460	40	0	1	460	329	788	7.81e-180	628	487174
73d8279df5baf45eb2cb616584a72a5a	gi|343200981|ref|NR_041668.1|	91.304	460	40	0	1	460	321	780	7.81e-180	628	742726
73d8279df5baf45eb2cb616584a72a5a	gi|343200821|ref|NR_041508.1|	91.323	461	37	2	1	460	325	783	2.81e-179	627	397865
73d8279df5baf45eb2cb616584a72a5a	gi|2621112336|ref|NR_189240.1|	89.655	464	40	8	1	460	342	801	1.71e-166	584	2944915
73d8279df5baf45eb2cb616584a72a5a	gi|1779814875|ref|NR_164950.1|	89.130	460	50	0	1	460	340	799	3.71e-163	573	2040292
73d8279df5baf45eb2cb616584a72a5a	gi|645321322|ref|NR_118316.1|	88.961	462	47	4	1	460	338	797	1.73e-161	568	1349822
73d8279df5baf45eb2cb616584a72a5a	gi|2136551682|ref|NR_173687.1|	88.362	464	46	7	1	460	325	784	1.74e-156	551	2751153
73d8279df5baf45eb2cb616584a72a5a	gi|2363084938|ref|NR_180717.1|	88.095	462	51	4	1	460	259	718	8.09e-155	545	2601703
73d8279df5baf45eb2cb616584a72a5a	gi|1146059151|ref|NR_145883.1|	87.931	464	48	7	1	460	284	743	3.76e-153	540	1501392
57239a1f99147b1c073e388bcdde2eff	gi|631251740|ref|NR_112938.1|	98.913	460	5	0	1	460	326	785	0.0	822	204516
57239a1f99147b1c073e388bcdde2eff	gi|343198509|ref|NR_042745.1|	98.913	460	5	0	1	460	338	797	0.0	822	204516
57239a1f99147b1c073e388bcdde2eff	gi|343200626|ref|NR_041313.1|	94.565	460	25	0	1	460	340	799	0.0	712	338188
57239a1f99147b1c073e388bcdde2eff	gi|631251749|ref|NR_112947.1|	94.143	461	25	2	1	460	326	785	0.0	701	657309
57239a1f99147b1c073e388bcdde2eff	gi|343201773|ref|NR_042499.1|	94.143	461	25	2	1	460	294	753	0.0	701	657309
57239a1f99147b1c073e388bcdde2eff	gi|636560121|ref|NR_116181.1|	94.130	460	26	1	1	460	333	791	0.0	699	28116
57239a1f99147b1c073e388bcdde2eff	gi|1491509587|ref|NR_159118.1|	93.913	460	28	0	1	460	310	769	0.0	695	28116
57239a1f99147b1c073e388bcdde2eff	gi|1491509586|ref|NR_159117.1|	93.913	460	28	0	1	460	301	760	0.0	695	28116
57239a1f99147b1c073e388bcdde2eff	gi|2363085522|ref|NR_181010.1|	93.939	462	24	4	1	460	297	756	0.0	695	2786956
57239a1f99147b1c073e388bcdde2eff	gi|2363084431|ref|NR_180463.1|	93.913	460	28	0	1	460	340	799	0.0	695	2650158
c44579d84305ce5b1e1e4438b912bd4c	gi|631252118|ref|NR_113316.1|	99.320	441	3	0	1	441	327	767	0.0	798	74426
c44579d84305ce5b1e1e4438b912bd4c	gi|265678302|ref|NR_028604.1|	98.413	441	6	1	1	441	327	766	0.0	774	74426
c44579d84305ce5b1e1e4438b912bd4c	gi|1193829136|ref|NR_147379.1|	96.606	442	12	3	1	441	328	767	0.0	730	1907654
c44579d84305ce5b1e1e4438b912bd4c	gi|1193829156|ref|NR_147399.1|	95.692	441	18	1	1	441	328	767	0.0	708	1871016
c44579d84305ce5b1e1e4438b912bd4c	gi|1109167962|ref|NR_144579.1|	95.238	441	20	1	1	441	322	761	0.0	697	1232426
c44579d84305ce5b1e1e4438b912bd4c	gi|2363082368|ref|NR_179431.1|	95.011	441	21	1	1	441	328	767	0.0	691	1720204
c44579d84305ce5b1e1e4438b912bd4c	gi|631251967|ref|NR_113165.1|	95.011	441	21	1	1	441	328	767	0.0	691	147207
c44579d84305ce5b1e1e4438b912bd4c	gi|631251966|ref|NR_113164.1|	95.011	441	21	1	1	441	328	767	0.0	691	147206
c44579d84305ce5b1e1e4438b912bd4c	gi|2363084792|ref|NR_180644.1|	94.785	441	22	1	1	441	249	688	0.0	688	2603815
c44579d84305ce5b1e1e4438b912bd4c	gi|2363082703|ref|NR_179599.1|	94.570	442	21	3	1	441	308	747	0.0	680	1937461
3340be87b355820a694ca36baa816576	gi|645320257|ref|NR_117506.1|	99.775	445	1	0	1	445	311	755	0.0	817	216816
3340be87b355820a694ca36baa816576	gi|545589064|ref|NR_044691.2|	99.551	445	2	0	1	445	341	785	0.0	813	216816
3340be87b355820a694ca36baa816576	gi|1137647753|ref|NR_145535.1|	99.551	445	2	0	1	445	319	763	0.0	811	1931217
3340be87b355820a694ca36baa816576	gi|343202943|ref|NR_043437.1|	99.551	445	2	0	1	445	328	772	0.0	811	1682
3340be87b355820a694ca36baa816576	gi|2180566473|ref|NR_174313.1|	98.876	445	5	0	1	445	331	775	0.0	795	2650773
3340be87b355820a694ca36baa816576	gi|2363087087|ref|NR_181799.1|	98.652	445	6	0	1	445	330	774	0.0	789	2809026
3340be87b355820a694ca36baa816576	gi|545589069|ref|NR_044693.2|	98.202	445	8	0	1	445	339	783	0.0	789	1695
3340be87b355820a694ca36baa816576	gi|1040567047|ref|NR_137396.1|	97.978	445	9	0	1	445	264	708	0.0	773	1798158
3340be87b355820a694ca36baa816576	gi|2363084292|ref|NR_180396.1|	97.978	445	9	0	1	445	330	774	0.0	773	2306975
3340be87b355820a694ca36baa816576	gi|1491520099|ref|NR_159261.1|	97.758	446	9	1	1	445	262	707	0.0	767	2052941
5b4290818c69ea6609e8210ecd4d9703	gi|1193829158|ref|NR_147401.1|	98.280	465	8	0	1	465	332	796	0.0	817	1816689
5b4290818c69ea6609e8210ecd4d9703	gi|219878461|ref|NR_025600.1|	97.849	465	10	0	1	465	302	766	0.0	804	234908
5b4290818c69ea6609e8210ecd4d9703	gi|2363082045|ref|NR_179269.1|	94.635	466	23	2	1	465	320	784	0.0	723	2494234
5b4290818c69ea6609e8210ecd4d9703	gi|1864207054|ref|NR_169348.1|	94.206	466	25	2	1	465	319	783	0.0	710	2584944
5b4290818c69ea6609e8210ecd4d9703	gi|1193829159|ref|NR_147402.1|	93.991	466	26	2	1	465	332	796	0.0	704	1907660
5b4290818c69ea6609e8210ecd4d9703	gi|2363082713|ref|NR_179604.1|	93.978	465	28	0	1	465	310	774	0.0	704	1944635
5b4290818c69ea6609e8210ecd4d9703	gi|645320614|ref|NR_117778.1|	93.590	468	24	5	1	465	293	757	0.0	693	40545
5b4290818c69ea6609e8210ecd4d9703	gi|559795260|ref|NR_104851.1|	93.590	468	24	5	1	465	282	746	0.0	693	40545
5b4290818c69ea6609e8210ecd4d9703	gi|343200904|ref|NR_041591.1|	93.333	465	31	0	1	465	312	776	0.0	689	762967
5b4290818c69ea6609e8210ecd4d9703	gi|1193829138|ref|NR_147381.1|	92.704	466	32	2	1	465	332	796	0.0	671	1852381
6eb9724b48a655f06fd5547529c94cd0	gi|444303953|ref|NR_074376.1|	99.565	460	2	0	1	460	351	810	0.0	839	435591
6eb9724b48a655f06fd5547529c94cd0	gi|343200655|ref|NR_041342.1|	98.696	460	6	0	1	460	336	795	0.0	817	823
6eb9724b48a655f06fd5547529c94cd0	gi|1811131517|ref|NR_165699.1|	93.913	460	28	0	1	460	336	795	0.0	695	2685834
6eb9724b48a655f06fd5547529c94cd0	gi|2363082619|ref|NR_179556.1|	93.696	460	29	0	1	460	316	775	0.0	689	1871013
6eb9724b48a655f06fd5547529c94cd0	gi|631251637|ref|NR_112835.1|	93.043	460	31	1	1	460	336	794	0.0	671	574930
6eb9724b48a655f06fd5547529c94cd0	gi|2363082715|ref|NR_179605.1|	92.826	460	33	0	1	460	316	775	0.0	667	1944636
6eb9724b48a655f06fd5547529c94cd0	gi|2363086049|ref|NR_181277.1|	92.609	460	34	0	1	460	309	768	0.0	662	2753162
6eb9724b48a655f06fd5547529c94cd0	gi|974142265|ref|NR_134785.1|	92.609	460	34	0	1	460	336	795	0.0	662	1217282
6eb9724b48a655f06fd5547529c94cd0	gi|631252010|ref|NR_113208.1|	92.391	460	35	0	1	460	336	795	0.0	656	871327
6eb9724b48a655f06fd5547529c94cd0	gi|343200777|ref|NR_041464.1|	92.391	460	35	0	1	460	340	799	0.0	656	387661
0db886659da81a1dabc771308549bc3c	gi|444303953|ref|NR_074376.1|	99.348	460	3	0	1	460	351	810	0.0	833	435591
0db886659da81a1dabc771308549bc3c	gi|343200655|ref|NR_041342.1|	98.478	460	7	0	1	460	336	795	0.0	811	823
0db886659da81a1dabc771308549bc3c	gi|1811131517|ref|NR_165699.1|	93.696	460	29	0	1	460	336	795	0.0	689	2685834
0db886659da81a1dabc771308549bc3c	gi|2363082619|ref|NR_179556.1|	93.478	460	30	0	1	460	316	775	0.0	684	1871013
0db886659da81a1dabc771308549bc3c	gi|631251637|ref|NR_112835.1|	92.826	460	32	1	1	460	336	794	0.0	665	574930
0db886659da81a1dabc771308549bc3c	gi|2363082715|ref|NR_179605.1|	92.609	460	34	0	1	460	316	775	0.0	662	1944636
0db886659da81a1dabc771308549bc3c	gi|2363086049|ref|NR_181277.1|	92.391	460	35	0	1	460	309	768	0.0	656	2753162
0db886659da81a1dabc771308549bc3c	gi|974142265|ref|NR_134785.1|	92.391	460	35	0	1	460	336	795	0.0	656	1217282
0db886659da81a1dabc771308549bc3c	gi|631252010|ref|NR_113208.1|	92.174	460	36	0	1	460	336	795	0.0	651	871327
0db886659da81a1dabc771308549bc3c	gi|343200777|ref|NR_041464.1|	92.174	460	36	0	1	460	340	799	0.0	651	387661
ea1aab1f8bd5d043348589f398f6b1c9	gi|1270532346|ref|NR_121773.2|	91.304	460	40	0	1	460	348	807	7.81e-180	628	397865
ea1aab1f8bd5d043348589f398f6b1c9	gi|631251875|ref|NR_113073.1|	91.304	460	40	0	1	460	329	788	7.81e-180	628	487174
ea1aab1f8bd5d043348589f398f6b1c9	gi|343200981|ref|NR_041668.1|	91.304	460	40	0	1	460	321	780	7.81e-180	628	742726
ea1aab1f8bd5d043348589f398f6b1c9	gi|343200821|ref|NR_041508.1|	91.323	461	37	2	1	460	325	783	2.81e-179	627	397865
ea1aab1f8bd5d043348589f398f6b1c9	gi|2621112336|ref|NR_189240.1|	89.655	464	40	8	1	460	342	801	1.71e-166	584	2944915
ea1aab1f8bd5d043348589f398f6b1c9	gi|1779814875|ref|NR_164950.1|	89.130	460	50	0	1	460	340	799	3.71e-163	573	2040292
ea1aab1f8bd5d043348589f398f6b1c9	gi|645321322|ref|NR_118316.1|	88.961	462	47	4	1	460	338	797	1.73e-161	568	1349822
ea1aab1f8bd5d043348589f398f6b1c9	gi|2136551682|ref|NR_173687.1|	88.362	464	46	7	1	460	325	784	1.74e-156	551	2751153
ea1aab1f8bd5d043348589f398f6b1c9	gi|2363084938|ref|NR_180717.1|	88.095	462	51	4	1	460	259	718	8.09e-155	545	2601703
ea1aab1f8bd5d043348589f398f6b1c9	gi|1146059151|ref|NR_145883.1|	87.931	464	48	7	1	460	284	743	3.76e-153	540	1501392
7de9490efaf9a3109eeaa39b33c924e7	gi|645321072|ref|NR_118128.1|	99.773	440	1	0	1	440	174	613	0.0	808	1531
7de9490efaf9a3109eeaa39b33c924e7	gi|631252212|ref|NR_113410.1|	99.773	440	1	0	1	440	257	696	0.0	808	208479
7de9490efaf9a3109eeaa39b33c924e7	gi|219878428|ref|NR_025567.1|	99.773	440	1	0	1	440	348	787	0.0	808	208479
7de9490efaf9a3109eeaa39b33c924e7	gi|2363082583|ref|NR_179538.1|	99.545	440	2	0	1	440	346	785	0.0	802	1852382
7de9490efaf9a3109eeaa39b33c924e7	gi|545589118|ref|NR_044715.2|	99.318	440	3	0	1	440	355	794	0.0	798	1531
7de9490efaf9a3109eeaa39b33c924e7	gi|343198784|ref|NR_043681.1|	99.318	440	3	0	1	440	313	752	0.0	797	358743
7de9490efaf9a3109eeaa39b33c924e7	gi|343201474|ref|NR_042200.1|	97.500	440	11	0	1	440	318	757	0.0	752	333367
7de9490efaf9a3109eeaa39b33c924e7	gi|343205837|ref|NR_044289.1|	97.273	440	12	0	1	440	328	767	0.0	747	460384
7de9490efaf9a3109eeaa39b33c924e7	gi|1193829153|ref|NR_147396.1|	97.045	440	13	0	1	440	328	767	0.0	741	1917870
7de9490efaf9a3109eeaa39b33c924e7	gi|2363085097|ref|NR_180797.1|	97.045	440	13	0	1	440	346	785	0.0	741	2605778
6ea2f345716e625497040ff8446b8164	gi|444304091|ref|NR_074515.1|	98.698	461	4	2	1	460	350	809	0.0	817	435590
6ea2f345716e625497040ff8446b8164	gi|631251748|ref|NR_112946.1|	98.698	461	4	2	1	460	339	798	0.0	817	821
6ea2f345716e625497040ff8446b8164	gi|343200664|ref|NR_041351.1|	98.478	460	7	0	1	460	341	800	0.0	811	357276
6ea2f345716e625497040ff8446b8164	gi|631250946|ref|NR_112143.1|	98.482	461	5	2	1	460	307	766	0.0	811	821
6ea2f345716e625497040ff8446b8164	gi|631251997|ref|NR_113195.1|	93.696	460	29	0	1	460	338	797	0.0	689	1236515
6ea2f345716e625497040ff8446b8164	gi|631251866|ref|NR_113064.1|	93.478	460	30	0	1	460	338	797	0.0	684	1236538
6ea2f345716e625497040ff8446b8164	gi|631251817|ref|NR_113015.1|	93.478	460	30	0	1	460	338	797	0.0	684	1236538
6ea2f345716e625497040ff8446b8164	gi|645320081|ref|NR_117373.1|	93.478	460	30	0	1	460	289	748	0.0	684	1236515
6ea2f345716e625497040ff8446b8164	gi|2363085522|ref|NR_181010.1|	93.043	460	32	0	1	460	297	756	0.0	673	2786956
6ea2f345716e625497040ff8446b8164	gi|2363082773|ref|NR_179635.1|	93.043	460	32	0	1	460	338	797	0.0	673	2024197
97fd1609d7ab5f4ecc6a870f67bd272b	gi|631251954|ref|NR_113152.1|	99.348	460	3	0	1	460	337	796	0.0	833	28117
97fd1609d7ab5f4ecc6a870f67bd272b	gi|219846319|ref|NR_025909.1|	96.522	460	16	0	1	460	344	803	0.0	782	28117
97fd1609d7ab5f4ecc6a870f67bd272b	gi|645321193|ref|NR_118219.1|	96.963	461	12	2	1	460	332	791	0.0	773	1033732
97fd1609d7ab5f4ecc6a870f67bd272b	gi|672239000|ref|NR_125589.1|	96.746	461	13	2	1	460	269	728	0.0	767	1033731
97fd1609d7ab5f4ecc6a870f67bd272b	gi|2363086959|ref|NR_181736.1|	96.529	461	14	2	1	460	334	793	0.0	761	2834113
97fd1609d7ab5f4ecc6a870f67bd272b	gi|2363082099|ref|NR_179296.1|	96.529	461	14	2	1	460	324	783	0.0	761	2585119
97fd1609d7ab5f4ecc6a870f67bd272b	gi|631251953|ref|NR_113151.1|	96.104	462	14	4	1	460	338	797	0.0	750	328813
97fd1609d7ab5f4ecc6a870f67bd272b	gi|343202833|ref|NR_043318.1|	96.104	462	14	4	1	460	324	783	0.0	750	328813
97fd1609d7ab5f4ecc6a870f67bd272b	gi|2363082505|ref|NR_179499.1|	95.680	463	14	6	1	460	342	801	0.0	739	2364787
97fd1609d7ab5f4ecc6a870f67bd272b	gi|507148137|ref|NR_102944.1|	95.662	461	18	2	1	460	334	793	0.0	739	214856
9c43cdcd22683a982a6fb239b13c1ac9	gi|631252157|ref|NR_113355.1|	99.140	465	4	0	1	465	356	820	0.0	837	218538
9c43cdcd22683a982a6fb239b13c1ac9	gi|219846090|ref|NR_025680.1|	99.140	465	4	0	1	465	336	800	0.0	837	592028
9c43cdcd22683a982a6fb239b13c1ac9	gi|343198671|ref|NR_043231.1|	94.635	466	23	2	1	465	283	747	0.0	721	308994
9c43cdcd22683a982a6fb239b13c1ac9	gi|631252159|ref|NR_113357.1|	94.433	467	23	3	1	465	356	821	0.0	715	308994
9c43cdcd22683a982a6fb239b13c1ac9	gi|343200979|ref|NR_041666.1|	93.763	465	29	0	1	465	336	800	0.0	699	742743
9c43cdcd22683a982a6fb239b13c1ac9	gi|2363082841|ref|NR_179669.1|	93.576	467	26	4	1	465	360	824	0.0	693	2161821
9c43cdcd22683a982a6fb239b13c1ac9	gi|2363082109|ref|NR_179301.1|	93.576	467	26	4	1	465	344	808	0.0	693	2582419
9c43cdcd22683a982a6fb239b13c1ac9	gi|631252158|ref|NR_113356.1|	92.918	466	30	3	1	465	355	818	0.0	675	309120
9c43cdcd22683a982a6fb239b13c1ac9	gi|343198462|ref|NR_041895.1|	92.918	466	30	3	1	465	296	759	0.0	675	888062
9c43cdcd22683a982a6fb239b13c1ac9	gi|219846637|ref|NR_026229.1|	91.453	468	34	4	1	465	336	800	0.0	638	39950
53bc14a96c95fe7a57bb7800098c4e03	gi|559795255|ref|NR_104846.1|	96.818	440	14	0	1	440	288	727	0.0	736	745368
53bc14a96c95fe7a57bb7800098c4e03	gi|265678692|ref|NR_028997.1|	95.918	441	17	1	1	440	303	743	0.0	713	214851
53bc14a96c95fe7a57bb7800098c4e03	gi|3030611269|ref|NR_199945.1|	95.000	440	22	0	1	440	335	774	0.0	691	3435293
53bc14a96c95fe7a57bb7800098c4e03	gi|265678656|ref|NR_028961.1|	94.545	440	24	0	1	440	327	766	0.0	680	853
53bc14a96c95fe7a57bb7800098c4e03	gi|2363081451|ref|NR_178972.1|	94.318	440	25	0	1	440	285	724	0.0	675	1851428
53bc14a96c95fe7a57bb7800098c4e03	gi|2363080123|ref|NR_178280.1|	94.318	440	25	0	1	440	331	770	0.0	675	411483
53bc14a96c95fe7a57bb7800098c4e03	gi|2363081449|ref|NR_178971.1|	94.091	440	25	1	1	440	285	723	0.0	667	1851427
53bc14a96c95fe7a57bb7800098c4e03	gi|2363082356|ref|NR_179425.1|	93.864	440	27	0	1	440	351	790	0.0	664	1689304
53bc14a96c95fe7a57bb7800098c4e03	gi|1397641802|ref|NR_156911.1|	93.636	440	28	0	1	440	351	790	0.0	658	1650663
53bc14a96c95fe7a57bb7800098c4e03	gi|2363082282|ref|NR_179388.1|	93.651	441	26	2	1	440	335	774	0.0	658	2935520
5657e4604317e2ac3fd66dd07cb7f24c	gi|444439494|ref|NR_074809.1|	99.320	441	3	0	1	441	350	790	0.0	798	585394
5657e4604317e2ac3fd66dd07cb7f24c	gi|343201282|ref|NR_042008.1|	99.093	441	3	1	1	441	341	780	0.0	791	585394
5657e4604317e2ac3fd66dd07cb7f24c	gi|645320588|ref|NR_117758.1|	98.869	442	4	1	1	441	322	763	0.0	787	166486
5657e4604317e2ac3fd66dd07cb7f24c	gi|228716944|ref|NR_027557.1|	98.869	442	4	1	1	441	343	784	0.0	787	536231
5657e4604317e2ac3fd66dd07cb7f24c	gi|343198540|ref|NR_042832.1|	98.413	441	7	0	1	441	330	770	0.0	776	301302
5657e4604317e2ac3fd66dd07cb7f24c	gi|1227086116|ref|NR_148619.1|	97.738	442	9	1	1	441	301	742	0.0	760	1712665
5657e4604317e2ac3fd66dd07cb7f24c	gi|2363085153|ref|NR_180825.1|	97.279	441	12	0	1	441	347	787	0.0	749	2605790
5657e4604317e2ac3fd66dd07cb7f24c	gi|444304209|ref|NR_074634.1|	97.279	441	11	1	1	441	350	789	0.0	747	515619
5657e4604317e2ac3fd66dd07cb7f24c	gi|343201281|ref|NR_042007.1|	97.072	444	8	5	1	441	343	784	0.0	743	622312
5657e4604317e2ac3fd66dd07cb7f24c	gi|2363086282|ref|NR_181393.1|	97.052	441	12	1	1	441	290	729	0.0	741	2763664
7a4d96a2a674469897c8adf34bc88115	gi|2363081451|ref|NR_178972.1|	99.545	440	2	0	1	440	285	724	0.0	802	1851428
7a4d96a2a674469897c8adf34bc88115	gi|265678656|ref|NR_028961.1|	98.864	440	5	0	1	440	327	766	0.0	785	853
7a4d96a2a674469897c8adf34bc88115	gi|2363082282|ref|NR_179388.1|	98.636	440	6	0	1	440	335	774	0.0	780	2935520
7a4d96a2a674469897c8adf34bc88115	gi|2363080123|ref|NR_178280.1|	98.636	440	6	0	1	440	331	770	0.0	780	411483
7a4d96a2a674469897c8adf34bc88115	gi|3030611269|ref|NR_199945.1|	98.409	440	7	0	1	440	335	774	0.0	774	3435293
7a4d96a2a674469897c8adf34bc88115	gi|2363081449|ref|NR_178971.1|	98.182	440	7	1	1	440	285	723	0.0	767	1851427
7a4d96a2a674469897c8adf34bc88115	gi|2363080175|ref|NR_178311.1|	96.591	440	15	0	1	440	412	851	0.0	730	2903556
7a4d96a2a674469897c8adf34bc88115	gi|1397641802|ref|NR_156911.1|	92.727	440	32	0	1	440	351	790	0.0	636	1650663
7a4d96a2a674469897c8adf34bc88115	gi|2363084747|ref|NR_180622.1|	92.727	440	32	0	1	440	335	774	0.0	636	2779354
7a4d96a2a674469897c8adf34bc88115	gi|2363082356|ref|NR_179425.1|	92.517	441	31	2	1	440	351	790	2.07e-180	630	1689304
43d60cde2b010bd515bb9728dcfbc995	gi|1811131545|ref|NR_165727.1|	94.820	444	22	1	1	443	358	801	0.0	691	2358141
43d60cde2b010bd515bb9728dcfbc995	gi|1445136073|ref|NR_158113.1|	93.919	444	25	2	1	443	328	770	0.0	669	433287
43d60cde2b010bd515bb9728dcfbc995	gi|631252210|ref|NR_113408.1|	92.777	443	32	0	1	443	351	793	0.0	641	28446
43d60cde2b010bd515bb9728dcfbc995	gi|265678961|ref|NR_029269.1|	92.551	443	32	1	1	443	350	791	0.0	634	28446
43d60cde2b010bd515bb9728dcfbc995	gi|1397641803|ref|NR_156912.1|	92.342	444	32	2	1	443	307	749	2.09e-180	630	1450156
43d60cde2b010bd515bb9728dcfbc995	gi|645320791|ref|NR_117912.1|	92.342	444	32	2	1	443	325	767	2.09e-180	630	879970
43d60cde2b010bd515bb9728dcfbc995	gi|219846061|ref|NR_025651.1|	92.342	444	32	2	1	443	350	792	2.09e-180	630	160404
43d60cde2b010bd515bb9728dcfbc995	gi|2363080848|ref|NR_178667.1|	92.431	436	31	2	1	435	340	774	1.26e-177	621	1473580
43d60cde2b010bd515bb9728dcfbc995	gi|219846558|ref|NR_026150.1|	91.874	443	35	1	1	443	350	791	1.62e-176	617	36847
43d60cde2b010bd515bb9728dcfbc995	gi|1230874676|ref|NR_148837.1|	91.667	444	32	3	1	443	347	786	2.72e-174	610	1675854
07b6324753330a358806492f49ca0789	gi|343200655|ref|NR_041342.1|	98.913	460	5	0	1	460	336	795	0.0	822	823
07b6324753330a358806492f49ca0789	gi|444303953|ref|NR_074376.1|	98.043	460	9	0	1	460	351	810	0.0	800	435591
07b6324753330a358806492f49ca0789	gi|2363082619|ref|NR_179556.1|	93.478	460	30	0	1	460	316	775	0.0	684	1871013
07b6324753330a358806492f49ca0789	gi|1811131517|ref|NR_165699.1|	93.261	460	31	0	1	460	336	795	0.0	678	2685834
07b6324753330a358806492f49ca0789	gi|631251637|ref|NR_112835.1|	92.826	460	32	1	1	460	336	794	0.0	665	574930
07b6324753330a358806492f49ca0789	gi|2363082715|ref|NR_179605.1|	92.609	460	34	0	1	460	316	775	0.0	662	1944636
07b6324753330a358806492f49ca0789	gi|974142265|ref|NR_134785.1|	92.174	460	36	0	1	460	336	795	0.0	652	1217282
07b6324753330a358806492f49ca0789	gi|2363086049|ref|NR_181277.1|	92.174	460	36	0	1	460	309	768	0.0	651	2753162
07b6324753330a358806492f49ca0789	gi|631252010|ref|NR_113208.1|	92.174	460	36	0	1	460	336	795	0.0	651	871327
07b6324753330a358806492f49ca0789	gi|645322411|ref|NR_119166.1|	91.739	460	38	0	1	460	319	778	0.0	641	411477
cc3c72a2e5271a579cdab3ed5f79dd0f	gi|566085203|ref|NR_109014.1|	99.318	440	3	0	1	440	195	634	0.0	797	871665
cc3c72a2e5271a579cdab3ed5f79dd0f	gi|2363082673|ref|NR_179584.1|	98.864	440	5	0	1	440	327	766	0.0	787	1917888
cc3c72a2e5271a579cdab3ed5f79dd0f	gi|631252033|ref|NR_113231.1|	97.955	440	9	0	1	440	347	786	0.0	763	536633
cc3c72a2e5271a579cdab3ed5f79dd0f	gi|631251591|ref|NR_112789.1|	97.955	440	9	0	1	440	333	772	0.0	763	536633
cc3c72a2e5271a579cdab3ed5f79dd0f	gi|2363084170|ref|NR_180334.1|	97.052	441	11	2	1	440	253	692	0.0	741	2763028
cc3c72a2e5271a579cdab3ed5f79dd0f	gi|2363086300|ref|NR_181402.1|	97.052	441	11	2	1	440	300	739	0.0	741	2763028
cc3c72a2e5271a579cdab3ed5f79dd0f	gi|631252072|ref|NR_113270.1|	97.045	440	13	0	1	440	348	787	0.0	741	1121114
cc3c72a2e5271a579cdab3ed5f79dd0f	gi|645320731|ref|NR_117867.1|	97.045	440	13	0	1	440	300	739	0.0	741	871664
cc3c72a2e5271a579cdab3ed5f79dd0f	gi|559795114|ref|NR_104700.1|	97.045	440	13	0	1	440	348	787	0.0	741	33035
cc3c72a2e5271a579cdab3ed5f79dd0f	gi|219846720|ref|NR_026312.1|	96.818	440	14	0	1	440	327	766	0.0	737	180164
c2f55687716ed8c4a38409ff62840333	gi|631251740|ref|NR_112938.1|	98.478	460	7	0	1	460	326	785	0.0	811	204516
c2f55687716ed8c4a38409ff62840333	gi|343198509|ref|NR_042745.1|	98.478	460	7	0	1	460	338	797	0.0	811	204516
c2f55687716ed8c4a38409ff62840333	gi|343200626|ref|NR_041313.1|	94.130	460	27	0	1	460	340	799	0.0	701	338188
c2f55687716ed8c4a38409ff62840333	gi|631251749|ref|NR_112947.1|	93.709	461	27	2	1	460	326	785	0.0	689	657309
c2f55687716ed8c4a38409ff62840333	gi|343201773|ref|NR_042499.1|	93.709	461	27	2	1	460	294	753	0.0	689	657309
c2f55687716ed8c4a38409ff62840333	gi|636560121|ref|NR_116181.1|	93.696	460	28	1	1	460	333	791	0.0	688	28116
c2f55687716ed8c4a38409ff62840333	gi|1491509587|ref|NR_159118.1|	93.478	460	30	0	1	460	310	769	0.0	684	28116
c2f55687716ed8c4a38409ff62840333	gi|1491509586|ref|NR_159117.1|	93.478	460	30	0	1	460	301	760	0.0	684	28116
c2f55687716ed8c4a38409ff62840333	gi|2363085522|ref|NR_181010.1|	93.506	462	26	4	1	460	297	756	0.0	684	2786956
c2f55687716ed8c4a38409ff62840333	gi|2363084431|ref|NR_180463.1|	93.478	460	30	0	1	460	340	799	0.0	684	2650158
8cee16acb7c1329c601ab2ffabb724ab	gi|2363081451|ref|NR_178972.1|	99.318	440	3	0	1	440	285	724	0.0	797	1851428
8cee16acb7c1329c601ab2ffabb724ab	gi|265678656|ref|NR_028961.1|	98.636	440	6	0	1	440	327	766	0.0	780	853
8cee16acb7c1329c601ab2ffabb724ab	gi|2363082282|ref|NR_179388.1|	98.409	440	7	0	1	440	335	774	0.0	774	2935520
8cee16acb7c1329c601ab2ffabb724ab	gi|2363080123|ref|NR_178280.1|	98.409	440	7	0	1	440	331	770	0.0	774	411483
8cee16acb7c1329c601ab2ffabb724ab	gi|3030611269|ref|NR_199945.1|	98.182	440	8	0	1	440	335	774	0.0	769	3435293
8cee16acb7c1329c601ab2ffabb724ab	gi|2363081449|ref|NR_178971.1|	98.182	440	7	1	1	440	285	723	0.0	767	1851427
8cee16acb7c1329c601ab2ffabb724ab	gi|2363080175|ref|NR_178311.1|	96.364	440	16	0	1	440	412	851	0.0	725	2903556
8cee16acb7c1329c601ab2ffabb724ab	gi|2363084747|ref|NR_180622.1|	92.971	441	29	2	1	440	335	774	0.0	641	2779354
8cee16acb7c1329c601ab2ffabb724ab	gi|1397641802|ref|NR_156911.1|	92.727	440	32	0	1	440	351	790	0.0	636	1650663
8cee16acb7c1329c601ab2ffabb724ab	gi|2363082356|ref|NR_179425.1|	92.517	441	31	2	1	440	351	790	2.07e-180	630	1689304
6d92a8233b748c04cdc270ffec80d717	gi|219846613|ref|NR_026205.1|	92.903	465	33	0	1	465	337	801	0.0	676	40841
6d92a8233b748c04cdc270ffec80d717	gi|219846519|ref|NR_026111.1|	90.108	465	46	0	1	465	339	803	1.33e-172	604	33025
6d92a8233b748c04cdc270ffec80d717	gi|645320459|ref|NR_117660.1|	87.366	467	56	3	1	465	445	910	6.37e-151	532	2378
6d92a8233b748c04cdc270ffec80d717	gi|343201731|ref|NR_042457.1|	87.393	468	54	5	1	465	259	724	6.37e-151	532	357999
6d92a8233b748c04cdc270ffec80d717	gi|645320455|ref|NR_117657.1|	87.152	467	57	3	1	465	443	908	2.96e-149	527	2378
6d92a8233b748c04cdc270ffec80d717	gi|645320454|ref|NR_117656.1|	87.152	467	57	3	1	465	437	902	2.96e-149	527	2378
6d92a8233b748c04cdc270ffec80d717	gi|645320469|ref|NR_117668.1|	86.994	469	54	7	1	465	341	806	1.38e-147	521	1337886
6d92a8233b748c04cdc270ffec80d717	gi|645320468|ref|NR_117667.1|	86.994	469	54	7	1	465	339	804	1.38e-147	521	1337886
6d92a8233b748c04cdc270ffec80d717	gi|645320466|ref|NR_117666.1|	86.966	468	56	5	1	465	342	807	1.38e-147	521	1337886
6d92a8233b748c04cdc270ffec80d717	gi|645320465|ref|NR_117665.1|	86.994	469	54	7	1	465	336	801	1.38e-147	521	1337886
c88b3cd2c435ef702a266b93d29716dd	gi|1109168025|ref|NR_144611.1|	93.228	443	30	0	1	443	282	724	0.0	652	1417852
c88b3cd2c435ef702a266b93d29716dd	gi|2363082168|ref|NR_179330.1|	93.243	444	27	3	1	443	327	768	0.0	651	2714355
c88b3cd2c435ef702a266b93d29716dd	gi|2363082165|ref|NR_179329.1|	93.018	444	28	3	1	443	327	768	0.0	645	2714353
c88b3cd2c435ef702a266b93d29716dd	gi|343206380|ref|NR_044972.1|	92.568	444	31	2	1	443	331	773	0.0	640	44749
c88b3cd2c435ef702a266b93d29716dd	gi|3030611324|ref|NR_200000.1|	91.892	444	34	2	1	443	301	743	4.52e-177	619	3342383
c88b3cd2c435ef702a266b93d29716dd	gi|2363082342|ref|NR_179418.1|	91.892	444	34	2	1	443	348	790	4.52e-177	619	1673721
c88b3cd2c435ef702a266b93d29716dd	gi|219857437|ref|NR_025025.1|	91.667	444	33	4	1	443	332	772	1.62e-176	617	100176
c88b3cd2c435ef702a266b93d29716dd	gi|2363082352|ref|NR_179423.1|	91.704	446	31	6	1	443	349	791	2.10e-175	614	1689270
c88b3cd2c435ef702a266b93d29716dd	gi|645321636|ref|NR_118554.1|	91.685	445	33	4	1	443	329	771	2.10e-175	614	1297617
c88b3cd2c435ef702a266b93d29716dd	gi|2363083800|ref|NR_180148.1|	91.216	444	37	2	1	443	349	791	4.55e-172	603	2211183
c97cbb7069ba57c2040322d9c8905a56	gi|444304091|ref|NR_074515.1|	98.915	461	3	2	1	460	350	809	0.0	822	435590
c97cbb7069ba57c2040322d9c8905a56	gi|631251748|ref|NR_112946.1|	98.915	461	3	2	1	460	339	798	0.0	822	821
c97cbb7069ba57c2040322d9c8905a56	gi|343200664|ref|NR_041351.1|	98.696	460	6	0	1	460	341	800	0.0	817	357276
c97cbb7069ba57c2040322d9c8905a56	gi|631250946|ref|NR_112143.1|	98.698	461	4	2	1	460	307	766	0.0	817	821
c97cbb7069ba57c2040322d9c8905a56	gi|631251997|ref|NR_113195.1|	93.913	460	28	0	1	460	338	797	0.0	695	1236515
c97cbb7069ba57c2040322d9c8905a56	gi|631251866|ref|NR_113064.1|	93.696	460	29	0	1	460	338	797	0.0	689	1236538
c97cbb7069ba57c2040322d9c8905a56	gi|631251817|ref|NR_113015.1|	93.696	460	29	0	1	460	338	797	0.0	689	1236538
c97cbb7069ba57c2040322d9c8905a56	gi|645320081|ref|NR_117373.1|	93.696	460	29	0	1	460	289	748	0.0	689	1236515
c97cbb7069ba57c2040322d9c8905a56	gi|2363085522|ref|NR_181010.1|	93.261	460	31	0	1	460	297	756	0.0	678	2786956
c97cbb7069ba57c2040322d9c8905a56	gi|2363082773|ref|NR_179635.1|	93.261	460	31	0	1	460	338	797	0.0	678	2024197
601f6646fb49d70d28d7b272602db24d	gi|631251740|ref|NR_112938.1|	99.130	460	4	0	1	460	326	785	0.0	828	204516
601f6646fb49d70d28d7b272602db24d	gi|343198509|ref|NR_042745.1|	99.130	460	4	0	1	460	338	797	0.0	828	204516
601f6646fb49d70d28d7b272602db24d	gi|343200626|ref|NR_041313.1|	94.783	460	24	0	1	460	340	799	0.0	717	338188
601f6646fb49d70d28d7b272602db24d	gi|636560121|ref|NR_116181.1|	94.348	460	25	1	1	460	333	791	0.0	704	28116
601f6646fb49d70d28d7b272602db24d	gi|631251749|ref|NR_112947.1|	94.130	460	27	0	1	460	326	785	0.0	702	657309
601f6646fb49d70d28d7b272602db24d	gi|1491509587|ref|NR_159118.1|	94.130	460	27	0	1	460	310	769	0.0	701	28116
601f6646fb49d70d28d7b272602db24d	gi|1491509586|ref|NR_159117.1|	94.130	460	27	0	1	460	301	760	0.0	701	28116
601f6646fb49d70d28d7b272602db24d	gi|2363084431|ref|NR_180463.1|	94.130	460	27	0	1	460	340	799	0.0	701	2650158
601f6646fb49d70d28d7b272602db24d	gi|2363084421|ref|NR_180458.1|	94.130	460	27	0	1	460	340	799	0.0	701	2650157
601f6646fb49d70d28d7b272602db24d	gi|631251742|ref|NR_112940.1|	94.130	460	27	0	1	460	327	786	0.0	701	28116
d60f3cbf0156bc19fb8277d13ea3389c	gi|939733298|ref|NR_133025.1|	99.565	460	2	0	1	460	275	734	0.0	839	2585118
d60f3cbf0156bc19fb8277d13ea3389c	gi|631251954|ref|NR_113152.1|	95.435	460	21	0	1	460	337	796	0.0	734	28117
d60f3cbf0156bc19fb8277d13ea3389c	gi|2363082099|ref|NR_179296.1|	95.000	460	23	0	1	460	324	783	0.0	723	2585119
d60f3cbf0156bc19fb8277d13ea3389c	gi|672239000|ref|NR_125589.1|	95.011	461	21	2	1	460	269	728	0.0	723	1033731
d60f3cbf0156bc19fb8277d13ea3389c	gi|2363086959|ref|NR_181736.1|	94.794	461	22	2	1	460	334	793	0.0	717	2834113
d60f3cbf0156bc19fb8277d13ea3389c	gi|507148054|ref|NR_102861.1|	94.794	461	22	2	1	460	334	793	0.0	717	717959
d60f3cbf0156bc19fb8277d13ea3389c	gi|645321193|ref|NR_118219.1|	94.794	461	22	2	1	460	332	791	0.0	717	1033732
d60f3cbf0156bc19fb8277d13ea3389c	gi|343202834|ref|NR_043319.1|	94.577	461	23	2	1	460	323	782	0.0	713	717959
d60f3cbf0156bc19fb8277d13ea3389c	gi|631251955|ref|NR_113153.1|	94.577	461	23	2	1	460	334	793	0.0	712	328814
d60f3cbf0156bc19fb8277d13ea3389c	gi|2363082505|ref|NR_179499.1|	94.168	463	21	6	1	460	342	801	0.0	701	2364787
d732beb3c420d5f3c7c4a4b3a429f11c	gi|631252157|ref|NR_113355.1|	99.355	465	3	0	1	465	356	820	0.0	843	218538
d732beb3c420d5f3c7c4a4b3a429f11c	gi|219846090|ref|NR_025680.1|	99.355	465	3	0	1	465	336	800	0.0	843	592028
d732beb3c420d5f3c7c4a4b3a429f11c	gi|343198671|ref|NR_043231.1|	94.850	466	22	2	1	465	283	747	0.0	726	308994
d732beb3c420d5f3c7c4a4b3a429f11c	gi|631252159|ref|NR_113357.1|	94.647	467	22	3	1	465	356	821	0.0	721	308994
d732beb3c420d5f3c7c4a4b3a429f11c	gi|343200979|ref|NR_041666.1|	93.978	465	28	0	1	465	336	800	0.0	704	742743
d732beb3c420d5f3c7c4a4b3a429f11c	gi|2363082841|ref|NR_179669.1|	93.790	467	25	4	1	465	360	824	0.0	699	2161821
d732beb3c420d5f3c7c4a4b3a429f11c	gi|2363082109|ref|NR_179301.1|	93.790	467	25	4	1	465	344	808	0.0	699	2582419
d732beb3c420d5f3c7c4a4b3a429f11c	gi|631252158|ref|NR_113356.1|	93.133	466	29	3	1	465	355	818	0.0	680	309120
d732beb3c420d5f3c7c4a4b3a429f11c	gi|343198462|ref|NR_041895.1|	93.133	466	29	3	1	465	296	759	0.0	680	888062
d732beb3c420d5f3c7c4a4b3a429f11c	gi|219846637|ref|NR_026229.1|	91.667	468	33	4	1	465	336	800	0.0	643	39950
fa448f35c39324f03585cf9ba68018e7	gi|3030611263|ref|NR_199939.1|	87.838	444	47	7	1	441	332	771	2.18e-145	514	3074434
fa448f35c39324f03585cf9ba68018e7	gi|672239088|ref|NR_125677.1|	87.865	445	45	9	1	441	346	785	2.18e-145	514	1348613
fa448f35c39324f03585cf9ba68018e7	gi|672238876|ref|NR_125464.1|	87.557	442	54	1	1	441	325	766	2.82e-144	510	1297424
fa448f35c39324f03585cf9ba68018e7	gi|2363083221|ref|NR_179859.1|	87.585	443	50	5	1	441	347	786	1.02e-143	508	2078660
fa448f35c39324f03585cf9ba68018e7	gi|1230874676|ref|NR_148837.1|	87.387	444	49	7	1	441	347	786	4.72e-142	503	1675854
fa448f35c39324f03585cf9ba68018e7	gi|645320438|ref|NR_117645.1|	87.387	444	49	7	1	441	345	784	4.72e-142	503	1185412
fa448f35c39324f03585cf9ba68018e7	gi|2363084629|ref|NR_180563.1|	87.104	442	56	1	1	441	291	732	6.11e-141	499	2488810
fa448f35c39324f03585cf9ba68018e7	gi|785794309|ref|NG_041947.1|	86.907	443	56	2	1	441	469	911	7.90e-140	496	394503
fa448f35c39324f03585cf9ba68018e7	gi|785497611|ref|NR_102768.2|	86.907	443	56	2	1	441	330	772	7.90e-140	496	1521
fa448f35c39324f03585cf9ba68018e7	gi|219846512|ref|NR_026104.1|	86.907	443	56	1	1	441	312	754	7.90e-140	496	1121303
2562522e5b7c6bd0351f519af822f431	gi|2363080123|ref|NR_178280.1|	98.636	440	6	0	1	440	331	770	0.0	780	411483
2562522e5b7c6bd0351f519af822f431	gi|3030611269|ref|NR_199945.1|	98.409	440	7	0	1	440	335	774	0.0	774	3435293
2562522e5b7c6bd0351f519af822f431	gi|2363081449|ref|NR_178971.1|	98.840	431	5	0	1	431	285	715	0.0	769	1851427
2562522e5b7c6bd0351f519af822f431	gi|265678656|ref|NR_028961.1|	97.955	440	9	0	1	440	327	766	0.0	763	853
2562522e5b7c6bd0351f519af822f431	gi|2363081451|ref|NR_178972.1|	97.727	440	10	0	1	440	285	724	0.0	758	1851428
2562522e5b7c6bd0351f519af822f431	gi|2363082282|ref|NR_179388.1|	97.052	441	11	2	1	440	335	774	0.0	741	2935520
2562522e5b7c6bd0351f519af822f431	gi|2363080175|ref|NR_178311.1|	96.364	440	16	0	1	440	412	851	0.0	725	2903556
2562522e5b7c6bd0351f519af822f431	gi|2363084747|ref|NR_180622.1|	93.197	441	28	2	1	440	335	774	0.0	647	2779354
2562522e5b7c6bd0351f519af822f431	gi|559795255|ref|NR_104846.1|	92.955	440	31	0	1	440	288	727	0.0	641	745368
2562522e5b7c6bd0351f519af822f431	gi|1277396189|ref|NR_151900.1|	92.500	440	33	0	1	440	351	790	2.07e-180	630	1550024
db108ec0b57abefb278823e17797761e	gi|444304189|ref|NR_074613.1|	99.091	440	4	0	1	440	350	789	0.0	791	515620
db108ec0b57abefb278823e17797761e	gi|559795246|ref|NR_104836.1|	96.591	440	15	0	1	440	333	772	0.0	730	706562
db108ec0b57abefb278823e17797761e	gi|559795169|ref|NR_104758.1|	95.909	440	18	0	1	440	345	784	0.0	713	1282887
db108ec0b57abefb278823e17797761e	gi|645321781|ref|NR_118667.1|	94.785	441	21	2	1	440	355	794	0.0	699	28052
db108ec0b57abefb278823e17797761e	gi|343198925|ref|NR_044049.1|	93.864	440	27	0	1	440	316	755	0.0	664	33043
db108ec0b57abefb278823e17797761e	gi|343202586|ref|NR_042953.1|	93.651	441	26	2	1	440	308	747	0.0	658	264463
db108ec0b57abefb278823e17797761e	gi|219846511|ref|NR_026103.1|	93.409	440	29	0	1	440	316	755	0.0	652	37658
db108ec0b57abefb278823e17797761e	gi|1277396183|ref|NR_151894.1|	93.409	440	29	0	1	440	335	774	0.0	652	433293
db108ec0b57abefb278823e17797761e	gi|219857405|ref|NR_024993.1|	93.424	441	27	2	1	440	349	788	0.0	652	99656
db108ec0b57abefb278823e17797761e	gi|645321792|ref|NR_118676.1|	92.955	440	31	0	1	440	370	809	0.0	651	39497
731f918c588971794239c140272b8ef6	gi|2363082679|ref|NR_179587.1|	97.045	440	13	0	1	440	328	767	0.0	741	1926283
731f918c588971794239c140272b8ef6	gi|1384992332|ref|NR_156081.1|	97.045	440	13	0	1	440	336	775	0.0	741	1469948
731f918c588971794239c140272b8ef6	gi|1384992329|ref|NR_156078.1|	97.045	440	13	0	1	440	336	775	0.0	741	1469948
731f918c588971794239c140272b8ef6	gi|2363081854|ref|NR_179173.1|	97.045	440	13	0	1	440	333	772	0.0	741	2126740
731f918c588971794239c140272b8ef6	gi|3030611230|ref|NR_199906.1|	96.818	440	14	0	1	440	354	793	0.0	736	3123317
731f918c588971794239c140272b8ef6	gi|3030611314|ref|NR_199990.1|	96.818	440	14	0	1	440	350	789	0.0	736	3123317
731f918c588971794239c140272b8ef6	gi|1384992331|ref|NR_156080.1|	96.818	440	14	0	1	440	336	775	0.0	736	1469948
731f918c588971794239c140272b8ef6	gi|1384992328|ref|NR_156077.1|	96.818	440	14	0	1	440	336	775	0.0	736	1469948
731f918c588971794239c140272b8ef6	gi|631253128|ref|NR_114326.1|	96.591	440	15	0	1	440	334	773	0.0	730	1150298
731f918c588971794239c140272b8ef6	gi|2363087259|ref|NR_181885.1|	96.136	440	17	0	1	440	335	774	0.0	721	2885351
dd7f8dc8f274debcca9f787936a9022e	gi|2363081451|ref|NR_178972.1|	99.091	440	4	0	1	440	285	724	0.0	791	1851428
dd7f8dc8f274debcca9f787936a9022e	gi|265678656|ref|NR_028961.1|	98.409	440	7	0	1	440	327	766	0.0	774	853
dd7f8dc8f274debcca9f787936a9022e	gi|2363082282|ref|NR_179388.1|	98.182	440	8	0	1	440	335	774	0.0	769	2935520
dd7f8dc8f274debcca9f787936a9022e	gi|2363080123|ref|NR_178280.1|	98.182	440	8	0	1	440	331	770	0.0	769	411483
dd7f8dc8f274debcca9f787936a9022e	gi|3030611269|ref|NR_199945.1|	97.955	440	9	0	1	440	335	774	0.0	763	3435293
dd7f8dc8f274debcca9f787936a9022e	gi|2363081449|ref|NR_178971.1|	97.955	440	8	1	1	440	285	723	0.0	761	1851427
dd7f8dc8f274debcca9f787936a9022e	gi|2363080175|ref|NR_178311.1|	96.136	440	17	0	1	440	412	851	0.0	719	2903556
dd7f8dc8f274debcca9f787936a9022e	gi|1397641802|ref|NR_156911.1|	92.273	440	34	0	1	440	351	790	9.64e-179	625	1650663
dd7f8dc8f274debcca9f787936a9022e	gi|2363084747|ref|NR_180622.1|	92.273	440	34	0	1	440	335	774	9.64e-179	625	2779354
dd7f8dc8f274debcca9f787936a9022e	gi|2363082356|ref|NR_179425.1|	92.063	441	33	2	1	440	351	790	4.48e-177	619	1689304
e0b15a9b2b240173bdfca93f903832e2	gi|265678578|ref|NR_028883.1|	99.546	441	1	1	1	440	226	666	0.0	802	88431
e0b15a9b2b240173bdfca93f903832e2	gi|1397641798|ref|NR_156907.1|	97.059	442	9	4	1	440	348	787	0.0	741	1912855
e0b15a9b2b240173bdfca93f903832e2	gi|265678482|ref|NR_028785.1|	97.052	441	11	2	1	440	351	790	0.0	741	29347
e0b15a9b2b240173bdfca93f903832e2	gi|1109168023|ref|NR_144610.1|	96.825	441	12	2	1	440	339	778	0.0	736	1796622
e0b15a9b2b240173bdfca93f903832e2	gi|645322565|ref|NR_119285.1|	96.825	441	12	2	1	440	325	764	0.0	736	29347
e0b15a9b2b240173bdfca93f903832e2	gi|631250892|ref|NR_112089.1|	96.833	442	10	4	1	440	336	775	0.0	736	553973
e0b15a9b2b240173bdfca93f903832e2	gi|310974936|ref|NR_036800.1|	96.825	441	12	2	1	440	326	765	0.0	736	411470
e0b15a9b2b240173bdfca93f903832e2	gi|645321810|ref|NR_118690.1|	96.825	441	12	2	1	440	338	777	0.0	736	411470
e0b15a9b2b240173bdfca93f903832e2	gi|224581401|ref|NR_024719.1|	96.833	442	9	5	1	440	341	779	0.0	734	89153
e0b15a9b2b240173bdfca93f903832e2	gi|2363082765|ref|NR_179631.1|	96.591	440	15	0	1	440	348	787	0.0	730	2014528
66f643b313e7c149fd5f0840c2cbe844	gi|631251740|ref|NR_112938.1|	98.913	460	5	0	1	460	326	785	0.0	822	204516
66f643b313e7c149fd5f0840c2cbe844	gi|343198509|ref|NR_042745.1|	98.913	460	5	0	1	460	338	797	0.0	822	204516
66f643b313e7c149fd5f0840c2cbe844	gi|343200626|ref|NR_041313.1|	94.565	460	25	0	1	460	340	799	0.0	712	338188
66f643b313e7c149fd5f0840c2cbe844	gi|636560121|ref|NR_116181.1|	94.130	460	26	1	1	460	333	791	0.0	699	28116
66f643b313e7c149fd5f0840c2cbe844	gi|631251749|ref|NR_112947.1|	93.913	460	28	0	1	460	326	785	0.0	697	657309
66f643b313e7c149fd5f0840c2cbe844	gi|1491509587|ref|NR_159118.1|	93.913	460	28	0	1	460	310	769	0.0	695	28116
66f643b313e7c149fd5f0840c2cbe844	gi|1491509586|ref|NR_159117.1|	93.913	460	28	0	1	460	301	760	0.0	695	28116
66f643b313e7c149fd5f0840c2cbe844	gi|2363084431|ref|NR_180463.1|	93.913	460	28	0	1	460	340	799	0.0	695	2650158
66f643b313e7c149fd5f0840c2cbe844	gi|2363084421|ref|NR_180458.1|	93.913	460	28	0	1	460	340	799	0.0	695	2650157
66f643b313e7c149fd5f0840c2cbe844	gi|631251742|ref|NR_112940.1|	93.913	460	28	0	1	460	327	786	0.0	695	28116
986aab0385c1d274539ccbf6fc63230e	gi|1270532346|ref|NR_121773.2|	91.522	460	39	0	1	460	348	807	0.0	634	397865
986aab0385c1d274539ccbf6fc63230e	gi|631251875|ref|NR_113073.1|	91.522	460	39	0	1	460	329	788	0.0	634	487174
986aab0385c1d274539ccbf6fc63230e	gi|343200981|ref|NR_041668.1|	91.522	460	39	0	1	460	321	780	0.0	634	742726
986aab0385c1d274539ccbf6fc63230e	gi|343200821|ref|NR_041508.1|	91.304	460	39	1	1	460	325	783	2.81e-179	627	397865
986aab0385c1d274539ccbf6fc63230e	gi|2621112336|ref|NR_189240.1|	89.655	464	40	8	1	460	342	801	1.71e-166	584	2944915
986aab0385c1d274539ccbf6fc63230e	gi|1779814875|ref|NR_164950.1|	89.130	460	50	0	1	460	340	799	3.71e-163	573	2040292
986aab0385c1d274539ccbf6fc63230e	gi|645321322|ref|NR_118316.1|	88.961	462	47	4	1	460	338	797	1.73e-161	568	1349822
986aab0385c1d274539ccbf6fc63230e	gi|2363084938|ref|NR_180717.1|	88.312	462	50	4	1	460	259	718	1.74e-156	551	2601703
986aab0385c1d274539ccbf6fc63230e	gi|2136551682|ref|NR_173687.1|	88.362	464	46	7	1	460	325	784	1.74e-156	551	2751153
986aab0385c1d274539ccbf6fc63230e	gi|1018196564|ref|NR_136443.1|	88.121	463	50	4	1	460	300	760	8.09e-155	545	867595
729fd496b659a47d2d1eb7b091c91f17	gi|631251742|ref|NR_112940.1|	99.130	460	4	0	1	460	327	786	0.0	828	28116
729fd496b659a47d2d1eb7b091c91f17	gi|636559244|ref|NR_115301.1|	99.130	460	4	0	1	460	320	779	0.0	828	28116
729fd496b659a47d2d1eb7b091c91f17	gi|1491509587|ref|NR_159118.1|	98.913	460	5	0	1	460	310	769	0.0	822	28116
729fd496b659a47d2d1eb7b091c91f17	gi|1491509586|ref|NR_159117.1|	98.913	460	5	0	1	460	301	760	0.0	822	28116
729fd496b659a47d2d1eb7b091c91f17	gi|636560121|ref|NR_116181.1|	98.913	460	4	1	1	460	333	791	0.0	821	28116
729fd496b659a47d2d1eb7b091c91f17	gi|343200178|ref|NR_040865.1|	98.698	461	4	2	1	460	333	792	0.0	817	28116
729fd496b659a47d2d1eb7b091c91f17	gi|645322410|ref|NR_119165.1|	98.043	460	9	0	1	460	319	778	0.0	808	28116
729fd496b659a47d2d1eb7b091c91f17	gi|631251749|ref|NR_112947.1|	96.957	460	14	0	1	460	326	785	0.0	774	657309
729fd496b659a47d2d1eb7b091c91f17	gi|2363084431|ref|NR_180463.1|	96.957	460	14	0	1	460	340	799	0.0	773	2650158
729fd496b659a47d2d1eb7b091c91f17	gi|343201773|ref|NR_042499.1|	96.957	460	14	0	1	460	294	753	0.0	773	657309
a4049dcb95a61ab45b48f9e64a90589e	gi|2363082168|ref|NR_179330.1|	99.321	442	3	0	1	442	327	768	0.0	800	2714355
a4049dcb95a61ab45b48f9e64a90589e	gi|2363082165|ref|NR_179329.1|	98.643	442	6	0	1	442	327	768	0.0	784	2714353
a4049dcb95a61ab45b48f9e64a90589e	gi|645321110|ref|NR_118156.1|	94.357	443	23	2	1	442	304	745	0.0	678	1007096
a4049dcb95a61ab45b48f9e64a90589e	gi|2962412234|ref|NR_199428.1|	94.131	443	24	2	1	442	352	793	0.0	673	3073143
a4049dcb95a61ab45b48f9e64a90589e	gi|2363087001|ref|NR_181757.1|	93.708	445	22	6	1	442	289	730	0.0	662	2841504
a4049dcb95a61ab45b48f9e64a90589e	gi|1109168025|ref|NR_144611.1|	93.708	445	23	3	1	442	282	724	0.0	662	1417852
a4049dcb95a61ab45b48f9e64a90589e	gi|1269801610|ref|NR_074793.2|	93.454	443	27	2	1	442	355	796	0.0	656	351091
a4049dcb95a61ab45b48f9e64a90589e	gi|343200653|ref|NR_041340.1|	93.454	443	27	2	1	442	328	769	0.0	656	351091
a4049dcb95a61ab45b48f9e64a90589e	gi|2260349448|ref|NR_176530.1|	93.228	443	28	2	1	442	358	799	0.0	651	2093857
a4049dcb95a61ab45b48f9e64a90589e	gi|2136551692|ref|NR_173697.1|	93.213	442	30	0	1	442	349	790	0.0	651	2108523
f65cdfd210c85924f728458aa81a57c5	gi|1491509587|ref|NR_159118.1|	95.870	460	19	0	1	460	310	769	0.0	745	28116
f65cdfd210c85924f728458aa81a57c5	gi|1491509586|ref|NR_159117.1|	95.870	460	19	0	1	460	301	760	0.0	745	28116
f65cdfd210c85924f728458aa81a57c5	gi|631251742|ref|NR_112940.1|	95.870	460	19	0	1	460	327	786	0.0	745	28116
f65cdfd210c85924f728458aa81a57c5	gi|636559244|ref|NR_115301.1|	95.870	460	19	0	1	460	320	779	0.0	745	28116
f65cdfd210c85924f728458aa81a57c5	gi|2363082773|ref|NR_179635.1|	95.652	460	20	0	1	460	338	797	0.0	739	2024197
f65cdfd210c85924f728458aa81a57c5	gi|444303855|ref|NR_074277.1|	95.652	460	20	0	1	460	352	811	0.0	739	818
f65cdfd210c85924f728458aa81a57c5	gi|2363086550|ref|NR_181532.1|	95.652	460	20	0	1	460	322	781	0.0	739	2763025
f65cdfd210c85924f728458aa81a57c5	gi|631251747|ref|NR_112945.1|	95.652	460	20	0	1	460	327	786	0.0	739	820
f65cdfd210c85924f728458aa81a57c5	gi|631251746|ref|NR_112944.1|	95.652	460	20	0	1	460	324	783	0.0	739	818
f65cdfd210c85924f728458aa81a57c5	gi|343200179|ref|NR_040866.1|	95.652	460	20	0	1	460	334	793	0.0	739	820
f509325b58243e0e588137ed2ccb366f	gi|3248465644|ref|NR_201656.1|	96.825	441	13	1	1	441	329	768	0.0	736	3417633
f509325b58243e0e588137ed2ccb366f	gi|507148077|ref|NR_102884.1|	95.011	441	21	1	1	441	331	770	0.0	691	213810
f509325b58243e0e588137ed2ccb366f	gi|444303976|ref|NR_074399.1|	95.011	441	21	1	1	441	333	772	0.0	691	697329
f509325b58243e0e588137ed2ccb366f	gi|631251834|ref|NR_113032.1|	95.011	441	21	1	1	441	333	772	0.0	691	1264
f509325b58243e0e588137ed2ccb366f	gi|636559173|ref|NR_115230.1|	95.011	441	21	1	1	441	333	772	0.0	691	697329
f509325b58243e0e588137ed2ccb366f	gi|219846339|ref|NR_025929.1|	95.011	441	21	1	1	441	328	767	0.0	691	697329
f509325b58243e0e588137ed2ccb366f	gi|636558832|ref|NR_114889.1|	94.785	441	21	2	1	441	277	715	0.0	686	213810
f509325b58243e0e588137ed2ccb366f	gi|2363082601|ref|NR_179547.1|	94.331	441	24	1	1	441	347	786	0.0	675	1870991
f509325b58243e0e588137ed2ccb366f	gi|3248465648|ref|NR_201660.1|	94.104	441	25	1	1	441	319	758	0.0	669	3417630
f509325b58243e0e588137ed2ccb366f	gi|219846341|ref|NR_025931.1|	93.439	442	26	3	1	441	308	747	0.0	652	1265
5648ed035a87d6db7b635b921a981419	gi|2363081451|ref|NR_178972.1|	99.318	440	3	0	1	440	285	724	0.0	797	1851428
5648ed035a87d6db7b635b921a981419	gi|265678656|ref|NR_028961.1|	98.636	440	6	0	1	440	327	766	0.0	780	853
5648ed035a87d6db7b635b921a981419	gi|2363082282|ref|NR_179388.1|	98.409	440	7	0	1	440	335	774	0.0	774	2935520
5648ed035a87d6db7b635b921a981419	gi|2363080123|ref|NR_178280.1|	98.409	440	7	0	1	440	331	770	0.0	774	411483
5648ed035a87d6db7b635b921a981419	gi|3030611269|ref|NR_199945.1|	98.182	440	8	0	1	440	335	774	0.0	769	3435293
5648ed035a87d6db7b635b921a981419	gi|2363081449|ref|NR_178971.1|	97.955	440	8	1	1	440	285	723	0.0	761	1851427
5648ed035a87d6db7b635b921a981419	gi|2363080175|ref|NR_178311.1|	96.364	440	16	0	1	440	412	851	0.0	725	2903556
5648ed035a87d6db7b635b921a981419	gi|2363084747|ref|NR_180622.1|	92.971	441	29	2	1	440	335	774	0.0	641	2779354
5648ed035a87d6db7b635b921a981419	gi|1397641802|ref|NR_156911.1|	92.727	440	32	0	1	440	351	790	0.0	636	1650663
5648ed035a87d6db7b635b921a981419	gi|2363082356|ref|NR_179425.1|	92.517	441	31	2	1	440	351	790	2.07e-180	630	1689304
eda128fc039eb46844526c2a0ecc8465	gi|2621112340|ref|NR_189244.1|	93.034	445	26	5	1	443	363	804	0.0	645	3046382
eda128fc039eb46844526c2a0ecc8465	gi|2621112341|ref|NR_189245.1|	92.809	445	27	5	1	443	363	804	0.0	640	3046383
eda128fc039eb46844526c2a0ecc8465	gi|2363086262|ref|NR_181383.1|	89.238	446	43	5	1	443	307	750	4.65e-157	553	2763654
eda128fc039eb46844526c2a0ecc8465	gi|2363086268|ref|NR_181386.1|	88.989	445	45	4	1	443	303	745	2.16e-155	547	2763655
eda128fc039eb46844526c2a0ecc8465	gi|559795176|ref|NR_104765.1|	87.162	444	55	2	1	443	323	765	4.75e-142	503	108007
eda128fc039eb46844526c2a0ecc8465	gi|343205970|ref|NR_044489.1|	87.162	444	55	2	1	443	336	778	4.75e-142	503	857293
eda128fc039eb46844526c2a0ecc8465	gi|1491509619|ref|NR_159150.1|	87.191	445	52	4	1	443	350	791	1.71e-141	501	489973
eda128fc039eb46844526c2a0ecc8465	gi|1491509615|ref|NR_159146.1|	86.937	444	55	3	1	443	348	789	7.94e-140	496	1715347
eda128fc039eb46844526c2a0ecc8465	gi|645320205|ref|NR_117466.1|	86.937	444	55	3	1	443	332	773	7.94e-140	496	699281
eda128fc039eb46844526c2a0ecc8465	gi|343199076|ref|NR_044503.1|	87.025	447	47	8	1	443	450	889	2.86e-139	494	520762
c9586a72a40b22a7229a41bec9c29604	gi|2363081254|ref|NR_178871.1|	89.663	445	40	6	1	443	337	777	7.72e-160	562	1792311
c9586a72a40b22a7229a41bec9c29604	gi|2363086264|ref|NR_181384.1|	89.686	446	37	9	1	443	250	689	2.78e-159	560	2763660
c9586a72a40b22a7229a41bec9c29604	gi|444304204|ref|NR_074629.1|	89.310	449	36	9	1	443	341	783	4.65e-157	553	1515
c9586a72a40b22a7229a41bec9c29604	gi|631251959|ref|NR_113157.1|	89.310	449	36	9	1	443	341	783	4.65e-157	553	1515
c9586a72a40b22a7229a41bec9c29604	gi|343200549|ref|NR_041236.1|	89.165	443	46	2	1	443	321	761	1.67e-156	551	1122184
c9586a72a40b22a7229a41bec9c29604	gi|2363084120|ref|NR_180309.1|	89.087	449	37	9	1	443	289	731	2.16e-155	547	2487273
c9586a72a40b22a7229a41bec9c29604	gi|785794309|ref|NG_041947.1|	89.062	448	39	10	1	443	469	911	2.16e-155	547	394503
c9586a72a40b22a7229a41bec9c29604	gi|785497611|ref|NR_102768.2|	89.062	448	39	10	1	443	330	772	2.16e-155	547	1521
c9586a72a40b22a7229a41bec9c29604	gi|631252162|ref|NR_113360.1|	89.087	449	37	12	1	443	339	781	2.16e-155	547	1121303
c9586a72a40b22a7229a41bec9c29604	gi|645319736|ref|NR_117111.1|	89.087	449	37	12	1	443	336	778	2.16e-155	547	29371
6fed24309aa05c55a0c515909e795726	gi|943392602|ref|NR_117139.2|	99.545	440	2	0	1	440	346	785	0.0	802	649756
6fed24309aa05c55a0c515909e795726	gi|943392601|ref|NR_117138.2|	99.545	440	2	0	1	440	346	785	0.0	802	649756
6fed24309aa05c55a0c515909e795726	gi|559795210|ref|NR_104799.1|	99.545	440	2	0	1	440	338	777	0.0	802	649756
6fed24309aa05c55a0c515909e795726	gi|2363085925|ref|NR_181215.1|	99.091	440	4	0	1	440	331	770	0.0	791	2738446
6fed24309aa05c55a0c515909e795726	gi|631252121|ref|NR_113319.1|	97.732	441	8	2	1	440	350	789	0.0	758	645466
6fed24309aa05c55a0c515909e795726	gi|636560803|ref|NR_116863.1|	97.511	442	8	3	1	440	337	777	0.0	752	645466
6fed24309aa05c55a0c515909e795726	gi|2363081778|ref|NR_179135.1|	96.145	441	16	1	1	440	330	770	0.0	719	2025494
6fed24309aa05c55a0c515909e795726	gi|2363087251|ref|NR_181881.1|	96.145	441	16	1	1	440	307	747	0.0	719	2880702
6fed24309aa05c55a0c515909e795726	gi|265678610|ref|NR_028915.1|	95.928	442	16	2	1	440	315	756	0.0	715	105841
6fed24309aa05c55a0c515909e795726	gi|2363080591|ref|NR_178536.1|	95.692	441	18	1	1	440	286	726	0.0	708	1229621
aba8db9c486f5fe400ecbd137428abde	gi|444304091|ref|NR_074515.1|	98.913	460	5	0	1	460	350	809	0.0	822	435590
aba8db9c486f5fe400ecbd137428abde	gi|631251748|ref|NR_112946.1|	98.913	460	5	0	1	460	339	798	0.0	822	821
aba8db9c486f5fe400ecbd137428abde	gi|631250946|ref|NR_112143.1|	98.696	460	6	0	1	460	307	766	0.0	817	821
aba8db9c486f5fe400ecbd137428abde	gi|343200664|ref|NR_041351.1|	98.478	460	7	0	1	460	341	800	0.0	811	357276
aba8db9c486f5fe400ecbd137428abde	gi|631251997|ref|NR_113195.1|	93.478	460	30	0	1	460	338	797	0.0	684	1236515
aba8db9c486f5fe400ecbd137428abde	gi|631251866|ref|NR_113064.1|	93.261	460	31	0	1	460	338	797	0.0	678	1236538
aba8db9c486f5fe400ecbd137428abde	gi|631251817|ref|NR_113015.1|	93.261	460	31	0	1	460	338	797	0.0	678	1236538
aba8db9c486f5fe400ecbd137428abde	gi|645320081|ref|NR_117373.1|	93.261	460	31	0	1	460	289	748	0.0	678	1236515
aba8db9c486f5fe400ecbd137428abde	gi|2363082547|ref|NR_179520.1|	93.043	460	32	0	1	460	314	773	0.0	673	1841855
aba8db9c486f5fe400ecbd137428abde	gi|2363085522|ref|NR_181010.1|	92.826	460	33	0	1	460	297	756	0.0	667	2786956
b3f183908c9c5b1e4e8959f70314b9cd	gi|343201773|ref|NR_042499.1|	99.130	460	4	0	1	460	294	753	0.0	828	657309
b3f183908c9c5b1e4e8959f70314b9cd	gi|631251749|ref|NR_112947.1|	98.913	460	5	0	1	460	326	785	0.0	824	657309
b3f183908c9c5b1e4e8959f70314b9cd	gi|2363084431|ref|NR_180463.1|	98.696	460	6	0	1	460	340	799	0.0	817	2650158
b3f183908c9c5b1e4e8959f70314b9cd	gi|631251733|ref|NR_112931.1|	98.261	460	8	0	1	460	340	799	0.0	806	85831
b3f183908c9c5b1e4e8959f70314b9cd	gi|265678305|ref|NR_028607.1|	98.257	459	8	0	2	460	333	791	0.0	804	85831
b3f183908c9c5b1e4e8959f70314b9cd	gi|631252008|ref|NR_113206.1|	97.609	460	11	0	1	460	336	795	0.0	789	1236513
b3f183908c9c5b1e4e8959f70314b9cd	gi|645322410|ref|NR_119165.1|	97.174	460	13	0	1	460	319	778	0.0	785	28116
b3f183908c9c5b1e4e8959f70314b9cd	gi|631251869|ref|NR_113067.1|	97.174	460	13	0	1	460	325	784	0.0	778	1077285
b3f183908c9c5b1e4e8959f70314b9cd	gi|645320100|ref|NR_117387.1|	97.174	460	13	0	1	460	320	779	0.0	778	1077285
b3f183908c9c5b1e4e8959f70314b9cd	gi|343200626|ref|NR_041313.1|	97.174	460	13	0	1	460	340	799	0.0	778	338188
6417b5d7d074d03ca37006b2bfa7a4fb	gi|1277396189|ref|NR_151900.1|	99.318	440	3	0	1	440	351	790	0.0	797	1550024
6417b5d7d074d03ca37006b2bfa7a4fb	gi|2962412223|ref|NR_199417.1|	93.694	444	20	8	1	440	342	781	0.0	658	3136601
6417b5d7d074d03ca37006b2bfa7a4fb	gi|559795255|ref|NR_104846.1|	93.636	440	28	0	1	440	288	727	0.0	658	745368
6417b5d7d074d03ca37006b2bfa7a4fb	gi|1397641802|ref|NR_156911.1|	93.424	441	27	2	1	440	351	790	0.0	652	1650663
6417b5d7d074d03ca37006b2bfa7a4fb	gi|2363084747|ref|NR_180622.1|	93.409	440	29	0	1	440	335	774	0.0	652	2779354
6417b5d7d074d03ca37006b2bfa7a4fb	gi|265678692|ref|NR_028997.1|	93.197	441	29	1	1	440	303	743	0.0	647	214851
6417b5d7d074d03ca37006b2bfa7a4fb	gi|2363080123|ref|NR_178280.1|	92.273	440	34	0	1	440	331	770	9.64e-179	625	411483
6417b5d7d074d03ca37006b2bfa7a4fb	gi|3030611269|ref|NR_199945.1|	92.045	440	35	0	1	440	335	774	4.48e-177	619	3435293
6417b5d7d074d03ca37006b2bfa7a4fb	gi|265678656|ref|NR_028961.1|	92.045	440	35	0	1	440	327	766	4.48e-177	619	853
6417b5d7d074d03ca37006b2bfa7a4fb	gi|2363081449|ref|NR_178971.1|	92.343	431	33	0	1	431	285	715	2.09e-175	614	1851427
2b964c49c79b2708c201067b67c0fa6f	gi|343206380|ref|NR_044972.1|	93.018	444	29	2	1	443	331	773	0.0	651	44749
2b964c49c79b2708c201067b67c0fa6f	gi|2363082165|ref|NR_179329.1|	93.034	445	26	5	1	443	327	768	0.0	645	2714353
2b964c49c79b2708c201067b67c0fa6f	gi|219857437|ref|NR_025025.1|	92.793	444	28	4	1	443	332	772	0.0	645	100176
2b964c49c79b2708c201067b67c0fa6f	gi|2363082168|ref|NR_179330.1|	92.777	443	31	1	1	443	327	768	0.0	640	2714355
2b964c49c79b2708c201067b67c0fa6f	gi|3030611324|ref|NR_200000.1|	92.568	444	31	2	1	443	301	743	0.0	636	3342383
2b964c49c79b2708c201067b67c0fa6f	gi|1109168025|ref|NR_144611.1|	92.551	443	33	0	1	443	282	724	0.0	636	1417852
2b964c49c79b2708c201067b67c0fa6f	gi|219857201|ref|NR_024829.1|	92.099	443	35	0	1	443	321	763	9.71e-179	625	253314
2b964c49c79b2708c201067b67c0fa6f	gi|444304204|ref|NR_074629.1|	91.874	443	36	0	1	443	341	783	4.52e-177	619	1515
2b964c49c79b2708c201067b67c0fa6f	gi|631251959|ref|NR_113157.1|	91.874	443	36	0	1	443	341	783	4.52e-177	619	1515
2b964c49c79b2708c201067b67c0fa6f	gi|2363082342|ref|NR_179418.1|	91.667	444	35	2	1	443	348	790	2.10e-175	614	1673721
8484776c9ad17e2d749761772889acae	gi|631251747|ref|NR_112945.1|	95.870	460	19	0	1	460	327	786	0.0	745	820
8484776c9ad17e2d749761772889acae	gi|343200179|ref|NR_040866.1|	95.870	460	19	0	1	460	334	793	0.0	745	820
8484776c9ad17e2d749761772889acae	gi|2363086550|ref|NR_181532.1|	95.435	460	21	0	1	460	322	781	0.0	734	2763025
8484776c9ad17e2d749761772889acae	gi|631251870|ref|NR_113068.1|	95.217	460	22	0	1	460	336	795	0.0	728	763034
8484776c9ad17e2d749761772889acae	gi|631251696|ref|NR_112894.1|	95.217	460	22	0	1	460	316	775	0.0	728	763034
8484776c9ad17e2d749761772889acae	gi|631251874|ref|NR_113072.1|	94.783	460	24	0	1	460	338	797	0.0	717	1236512
8484776c9ad17e2d749761772889acae	gi|631251816|ref|NR_113014.1|	94.565	460	25	0	1	460	338	797	0.0	712	1236512
8484776c9ad17e2d749761772889acae	gi|2363082773|ref|NR_179635.1|	94.348	460	26	0	1	460	338	797	0.0	706	2024197
8484776c9ad17e2d749761772889acae	gi|631251872|ref|NR_113070.1|	94.348	460	26	0	1	460	334	793	0.0	706	742727
8484776c9ad17e2d749761772889acae	gi|631251697|ref|NR_112895.1|	94.348	460	26	0	1	460	314	773	0.0	706	742727
62f4fcb339db8c713df0e8e7d7558182	gi|444304091|ref|NR_074515.1|	98.913	460	5	0	1	460	350	809	0.0	822	435590
62f4fcb339db8c713df0e8e7d7558182	gi|631251748|ref|NR_112946.1|	98.913	460	5	0	1	460	339	798	0.0	822	821
62f4fcb339db8c713df0e8e7d7558182	gi|631250946|ref|NR_112143.1|	98.696	460	6	0	1	460	307	766	0.0	817	821
62f4fcb339db8c713df0e8e7d7558182	gi|343200664|ref|NR_041351.1|	98.478	460	7	0	1	460	341	800	0.0	811	357276
62f4fcb339db8c713df0e8e7d7558182	gi|631251997|ref|NR_113195.1|	93.913	460	28	0	1	460	338	797	0.0	695	1236515
62f4fcb339db8c713df0e8e7d7558182	gi|631251866|ref|NR_113064.1|	93.696	460	29	0	1	460	338	797	0.0	689	1236538
62f4fcb339db8c713df0e8e7d7558182	gi|631251817|ref|NR_113015.1|	93.696	460	29	0	1	460	338	797	0.0	689	1236538
62f4fcb339db8c713df0e8e7d7558182	gi|645320081|ref|NR_117373.1|	93.696	460	29	0	1	460	289	748	0.0	689	1236515
62f4fcb339db8c713df0e8e7d7558182	gi|2363082547|ref|NR_179520.1|	93.478	460	30	0	1	460	314	773	0.0	684	1841855
62f4fcb339db8c713df0e8e7d7558182	gi|2363085522|ref|NR_181010.1|	93.261	460	31	0	1	460	297	756	0.0	678	2786956
83744346c3b0154d4d1f3955c5e13f86	gi|219846107|ref|NR_025697.1|	85.193	466	66	3	1	465	328	791	3.03e-134	477	216931
83744346c3b0154d4d1f3955c5e13f86	gi|2363087361|ref|NR_181937.1|	85.225	467	64	5	1	465	291	754	1.09e-133	475	2683717
83744346c3b0154d4d1f3955c5e13f86	gi|1270532561|ref|NR_146814.2|	84.582	467	67	4	1	465	350	813	1.10e-128	459	1514105
83744346c3b0154d4d1f3955c5e13f86	gi|672238927|ref|NR_125516.1|	84.549	466	69	3	1	465	316	779	1.10e-128	459	362837
83744346c3b0154d4d1f3955c5e13f86	gi|1150406785|ref|NR_146039.1|	84.582	467	67	4	1	465	266	729	1.10e-128	459	1514105
83744346c3b0154d4d1f3955c5e13f86	gi|659364806|ref|NR_121738.1|	84.549	466	69	3	1	465	325	788	1.10e-128	459	1276257
83744346c3b0154d4d1f3955c5e13f86	gi|659364563|ref|NR_121702.1|	84.582	467	67	5	1	465	325	788	1.10e-128	459	1276221
83744346c3b0154d4d1f3955c5e13f86	gi|559795164|ref|NR_104751.1|	84.516	465	71	1	1	465	320	783	1.10e-128	459	2142
83744346c3b0154d4d1f3955c5e13f86	gi|343198555|ref|NR_042854.1|	84.516	465	71	1	1	465	312	775	1.10e-128	459	81459
83744346c3b0154d4d1f3955c5e13f86	gi|219846120|ref|NR_025710.1|	84.549	466	69	3	1	465	328	791	1.10e-128	459	216944
997fe5a3cacf1e47c594fdb34aa3c8d9	gi|939733298|ref|NR_133025.1|	99.348	460	3	0	1	460	275	734	0.0	833	2585118
997fe5a3cacf1e47c594fdb34aa3c8d9	gi|631251954|ref|NR_113152.1|	95.217	460	22	0	1	460	337	796	0.0	728	28117
997fe5a3cacf1e47c594fdb34aa3c8d9	gi|2363082099|ref|NR_179296.1|	94.783	460	24	0	1	460	324	783	0.0	717	2585119
997fe5a3cacf1e47c594fdb34aa3c8d9	gi|672239000|ref|NR_125589.1|	94.794	461	22	2	1	460	269	728	0.0	717	1033731
997fe5a3cacf1e47c594fdb34aa3c8d9	gi|2363086959|ref|NR_181736.1|	94.577	461	23	2	1	460	334	793	0.0	712	2834113
997fe5a3cacf1e47c594fdb34aa3c8d9	gi|507148054|ref|NR_102861.1|	94.577	461	23	2	1	460	334	793	0.0	712	717959
997fe5a3cacf1e47c594fdb34aa3c8d9	gi|645321193|ref|NR_118219.1|	94.577	461	23	2	1	460	332	791	0.0	712	1033732
997fe5a3cacf1e47c594fdb34aa3c8d9	gi|343202834|ref|NR_043319.1|	94.360	461	24	2	1	460	323	782	0.0	708	717959
997fe5a3cacf1e47c594fdb34aa3c8d9	gi|631251955|ref|NR_113153.1|	94.360	461	24	2	1	460	334	793	0.0	706	328814
997fe5a3cacf1e47c594fdb34aa3c8d9	gi|2363082505|ref|NR_179499.1|	93.952	463	22	6	1	460	342	801	0.0	695	2364787
4a3337054b22bb141721956849e53859	gi|265679027|ref|NR_029335.1|	99.569	464	2	0	1	464	250	713	0.0	846	61171
4a3337054b22bb141721956849e53859	gi|672239039|ref|NR_125628.1|	98.276	464	8	0	1	464	336	799	0.0	813	1211819
4a3337054b22bb141721956849e53859	gi|645320615|ref|NR_117779.1|	94.181	464	22	4	1	464	333	791	0.0	702	118967
4a3337054b22bb141721956849e53859	gi|559795259|ref|NR_104850.1|	94.181	464	22	4	1	464	323	781	0.0	702	118967
4a3337054b22bb141721956849e53859	gi|219878455|ref|NR_025594.1|	91.006	467	36	6	1	464	329	792	1.02e-178	625	225084
4a3337054b22bb141721956849e53859	gi|2363087359|ref|NR_181936.1|	90.792	467	37	6	1	464	269	732	4.74e-177	619	2683713
4a3337054b22bb141721956849e53859	gi|672239004|ref|NR_125593.1|	90.538	465	42	2	1	464	338	801	2.21e-175	614	1034346
4a3337054b22bb141721956849e53859	gi|1270532561|ref|NR_146814.2|	90.302	464	45	0	1	464	350	813	1.03e-173	608	1514105
4a3337054b22bb141721956849e53859	gi|1150406785|ref|NR_146039.1|	90.302	464	45	0	1	464	266	729	1.03e-173	608	1514105
4a3337054b22bb141721956849e53859	gi|2363087361|ref|NR_181937.1|	90.150	467	40	6	1	464	291	754	4.78e-172	603	2683717
59607014e078ef868ec6ec240ec07046	gi|2363081451|ref|NR_178972.1|	99.318	440	3	0	1	440	285	724	0.0	797	1851428
59607014e078ef868ec6ec240ec07046	gi|265678656|ref|NR_028961.1|	98.636	440	6	0	1	440	327	766	0.0	780	853
59607014e078ef868ec6ec240ec07046	gi|2363082282|ref|NR_179388.1|	98.409	440	7	0	1	440	335	774	0.0	774	2935520
59607014e078ef868ec6ec240ec07046	gi|2363080123|ref|NR_178280.1|	98.409	440	7	0	1	440	331	770	0.0	774	411483
59607014e078ef868ec6ec240ec07046	gi|3030611269|ref|NR_199945.1|	98.182	440	8	0	1	440	335	774	0.0	769	3435293
59607014e078ef868ec6ec240ec07046	gi|2363081449|ref|NR_178971.1|	97.955	440	8	1	1	440	285	723	0.0	761	1851427
59607014e078ef868ec6ec240ec07046	gi|2363080175|ref|NR_178311.1|	96.364	440	16	0	1	440	412	851	0.0	725	2903556
59607014e078ef868ec6ec240ec07046	gi|1397641802|ref|NR_156911.1|	92.500	440	33	0	1	440	351	790	2.07e-180	630	1650663
59607014e078ef868ec6ec240ec07046	gi|2363084747|ref|NR_180622.1|	92.500	440	33	0	1	440	335	774	2.07e-180	630	2779354
59607014e078ef868ec6ec240ec07046	gi|2363082356|ref|NR_179425.1|	92.290	441	32	2	1	440	351	790	9.64e-179	625	1689304
93fb779d8f083d62d6222ba9fe7c113e	gi|2363080123|ref|NR_178280.1|	98.636	440	6	0	1	440	331	770	0.0	780	411483
93fb779d8f083d62d6222ba9fe7c113e	gi|3030611269|ref|NR_199945.1|	98.409	440	7	0	1	440	335	774	0.0	774	3435293
93fb779d8f083d62d6222ba9fe7c113e	gi|2363081449|ref|NR_178971.1|	98.840	431	5	0	1	431	285	715	0.0	769	1851427
93fb779d8f083d62d6222ba9fe7c113e	gi|265678656|ref|NR_028961.1|	97.955	440	9	0	1	440	327	766	0.0	763	853
93fb779d8f083d62d6222ba9fe7c113e	gi|2363081451|ref|NR_178972.1|	97.727	440	10	0	1	440	285	724	0.0	758	1851428
93fb779d8f083d62d6222ba9fe7c113e	gi|2363082282|ref|NR_179388.1|	97.052	441	11	2	1	440	335	774	0.0	741	2935520
93fb779d8f083d62d6222ba9fe7c113e	gi|2363080175|ref|NR_178311.1|	96.818	440	14	0	1	440	412	851	0.0	736	2903556
93fb779d8f083d62d6222ba9fe7c113e	gi|2363084747|ref|NR_180622.1|	93.197	441	28	2	1	440	335	774	0.0	647	2779354
93fb779d8f083d62d6222ba9fe7c113e	gi|1277396189|ref|NR_151900.1|	92.955	440	31	0	1	440	351	790	0.0	641	1550024
93fb779d8f083d62d6222ba9fe7c113e	gi|559795255|ref|NR_104846.1|	92.955	440	31	0	1	440	288	727	0.0	641	745368
37d986e103f289e94874909a56b582cb	gi|2621112341|ref|NR_189245.1|	94.570	442	22	2	1	440	363	804	0.0	682	3046383
37d986e103f289e94874909a56b582cb	gi|2621112340|ref|NR_189244.1|	94.344	442	23	2	1	440	363	804	0.0	676	3046382
37d986e103f289e94874909a56b582cb	gi|2363086260|ref|NR_181382.1|	85.393	445	55	10	1	440	322	761	4.81e-127	453	2763662
37d986e103f289e94874909a56b582cb	gi|2621112345|ref|NR_189249.1|	85.360	444	57	8	1	440	344	783	4.81e-127	453	2966552
37d986e103f289e94874909a56b582cb	gi|566085134|ref|NR_108870.1|	84.650	443	63	4	1	440	328	768	4.85e-122	436	1096341
37d986e103f289e94874909a56b582cb	gi|1116030281|ref|NR_144739.1|	84.389	442	65	4	1	440	333	772	2.26e-120	431	1776385
37d986e103f289e94874909a56b582cb	gi|1033657126|ref|NR_137216.1|	84.163	442	65	4	1	440	304	742	3.77e-118	424	1548890
37d986e103f289e94874909a56b582cb	gi|219846556|ref|NR_026148.1|	83.937	442	67	4	1	440	296	735	4.88e-117	420	36844
37d986e103f289e94874909a56b582cb	gi|631251824|ref|NR_113022.1|	83.710	442	68	4	1	440	333	772	2.27e-115	414	1542
37d986e103f289e94874909a56b582cb	gi|343200168|ref|NR_040855.1|	83.710	442	68	4	1	440	313	752	2.27e-115	414	1542
95804c646926b564db2a369f5a6ffaf9	gi|631252045|ref|NR_113243.1|	99.353	464	3	0	1	464	328	791	0.0	841	1547
95804c646926b564db2a369f5a6ffaf9	gi|265678939|ref|NR_029247.1|	98.712	466	3	2	1	464	330	794	0.0	824	1547
95804c646926b564db2a369f5a6ffaf9	gi|343203026|ref|NR_043550.1|	96.767	464	15	0	1	464	327	790	0.0	774	341225
95804c646926b564db2a369f5a6ffaf9	gi|645322566|ref|NR_119286.1|	95.690	464	20	0	1	464	313	776	0.0	747	69824
95804c646926b564db2a369f5a6ffaf9	gi|631253195|ref|NR_114393.1|	94.612	464	25	0	1	464	326	789	0.0	719	29348
95804c646926b564db2a369f5a6ffaf9	gi|228720470|ref|NR_027592.1|	94.397	464	26	0	1	464	316	779	0.0	713	29348
95804c646926b564db2a369f5a6ffaf9	gi|645322231|ref|NR_119030.1|	94.194	465	25	2	1	464	324	787	0.0	708	428126
95804c646926b564db2a369f5a6ffaf9	gi|1116030260|ref|NR_144718.1|	93.333	465	29	2	1	464	326	789	0.0	686	1585974
95804c646926b564db2a369f5a6ffaf9	gi|3030611330|ref|NR_200006.1|	92.672	464	34	0	1	464	333	796	0.0	669	3035606
95804c646926b564db2a369f5a6ffaf9	gi|1109168034|ref|NR_144615.1|	91.828	465	36	2	1	464	316	779	0.0	647	1796628
137b483890bb52b4099fab306d914c09	gi|631251747|ref|NR_112945.1|	92.826	460	33	0	1	460	327	786	0.0	667	820
137b483890bb52b4099fab306d914c09	gi|343200179|ref|NR_040866.1|	92.826	460	33	0	1	460	334	793	0.0	667	820
137b483890bb52b4099fab306d914c09	gi|2363086550|ref|NR_181532.1|	92.609	460	34	0	1	460	322	781	0.0	662	2763025
137b483890bb52b4099fab306d914c09	gi|631251874|ref|NR_113072.1|	92.441	463	29	5	1	460	338	797	0.0	656	1236512
137b483890bb52b4099fab306d914c09	gi|631251816|ref|NR_113014.1|	92.225	463	30	5	1	460	338	797	0.0	651	1236512
137b483890bb52b4099fab306d914c09	gi|2363082773|ref|NR_179635.1|	91.739	460	38	0	1	460	338	797	0.0	640	2024197
137b483890bb52b4099fab306d914c09	gi|631252009|ref|NR_113207.1|	91.793	463	32	5	1	460	334	793	0.0	640	1236514
137b483890bb52b4099fab306d914c09	gi|631251870|ref|NR_113068.1|	91.577	463	33	5	1	460	336	795	0.0	634	763034
137b483890bb52b4099fab306d914c09	gi|631251696|ref|NR_112894.1|	91.577	463	33	5	1	460	316	775	0.0	634	763034
137b483890bb52b4099fab306d914c09	gi|631251872|ref|NR_113070.1|	91.145	463	35	5	1	460	334	793	3.63e-178	623	742727
cd5d4a8d097fad2d26cee871597459b4	gi|2363086268|ref|NR_181386.1|	91.441	444	36	2	1	443	303	745	9.78e-174	608	2763655
cd5d4a8d097fad2d26cee871597459b4	gi|2363086270|ref|NR_181387.1|	90.766	444	38	3	1	443	302	743	3.54e-168	590	2763656
cd5d4a8d097fad2d26cee871597459b4	gi|444304204|ref|NR_074629.1|	90.541	444	40	2	1	443	341	783	4.58e-167	586	1515
cd5d4a8d097fad2d26cee871597459b4	gi|631251959|ref|NR_113157.1|	90.541	444	40	2	1	443	341	783	4.58e-167	586	1515
cd5d4a8d097fad2d26cee871597459b4	gi|2363084120|ref|NR_180309.1|	89.640	444	44	2	1	443	289	731	2.15e-160	564	2487273
cd5d4a8d097fad2d26cee871597459b4	gi|2363086262|ref|NR_181383.1|	89.640	444	45	1	1	443	307	750	2.15e-160	564	2763654
cd5d4a8d097fad2d26cee871597459b4	gi|974142194|ref|NR_134714.1|	89.640	444	41	4	1	443	303	742	2.78e-159	560	1450648
cd5d4a8d097fad2d26cee871597459b4	gi|2621112296|ref|NR_189199.1|	89.414	444	45	2	1	443	342	784	9.99e-159	558	2086585
cd5d4a8d097fad2d26cee871597459b4	gi|1116030284|ref|NR_144742.1|	89.414	444	45	2	1	443	352	794	9.99e-159	558	1805714
cd5d4a8d097fad2d26cee871597459b4	gi|631251702|ref|NR_112900.1|	89.414	444	45	2	1	443	341	783	9.99e-159	558	626937
1fe07ae49d2ca325edc996b482d73436	gi|2363081451|ref|NR_178972.1|	94.545	440	24	0	1	440	285	724	0.0	680	1851428
1fe07ae49d2ca325edc996b482d73436	gi|265678656|ref|NR_028961.1|	93.864	440	27	0	1	440	327	766	0.0	664	853
1fe07ae49d2ca325edc996b482d73436	gi|2363082282|ref|NR_179388.1|	93.636	440	28	0	1	440	335	774	0.0	658	2935520
1fe07ae49d2ca325edc996b482d73436	gi|2363080123|ref|NR_178280.1|	93.636	440	28	0	1	440	331	770	0.0	658	411483
1fe07ae49d2ca325edc996b482d73436	gi|3030611269|ref|NR_199945.1|	93.409	440	29	0	1	440	335	774	0.0	652	3435293
1fe07ae49d2ca325edc996b482d73436	gi|2363081449|ref|NR_178971.1|	93.409	440	28	1	1	440	285	723	0.0	651	1851427
1fe07ae49d2ca325edc996b482d73436	gi|2363080175|ref|NR_178311.1|	91.591	440	37	0	1	440	412	851	9.71e-174	608	2903556
1fe07ae49d2ca325edc996b482d73436	gi|1397641802|ref|NR_156911.1|	88.182	440	52	0	1	440	351	790	1.01e-148	525	1650663
1fe07ae49d2ca325edc996b482d73436	gi|2363082356|ref|NR_179425.1|	87.982	441	51	2	1	440	351	790	4.68e-147	520	1689304
1fe07ae49d2ca325edc996b482d73436	gi|2363084747|ref|NR_180622.1|	87.727	440	54	0	1	440	335	774	2.18e-145	514	2779354
b1883e0e3c6327ca8901fa9bdaa06b41	gi|631251740|ref|NR_112938.1|	98.913	460	5	0	1	460	326	785	0.0	822	204516
b1883e0e3c6327ca8901fa9bdaa06b41	gi|343198509|ref|NR_042745.1|	98.913	460	5	0	1	460	338	797	0.0	822	204516
b1883e0e3c6327ca8901fa9bdaa06b41	gi|343200626|ref|NR_041313.1|	94.565	460	25	0	1	460	340	799	0.0	712	338188
b1883e0e3c6327ca8901fa9bdaa06b41	gi|631251749|ref|NR_112947.1|	94.143	461	25	2	1	460	326	785	0.0	701	657309
b1883e0e3c6327ca8901fa9bdaa06b41	gi|343201773|ref|NR_042499.1|	94.143	461	25	2	1	460	294	753	0.0	701	657309
b1883e0e3c6327ca8901fa9bdaa06b41	gi|636560121|ref|NR_116181.1|	94.130	460	26	1	1	460	333	791	0.0	699	28116
b1883e0e3c6327ca8901fa9bdaa06b41	gi|1491509587|ref|NR_159118.1|	93.913	460	28	0	1	460	310	769	0.0	695	28116
b1883e0e3c6327ca8901fa9bdaa06b41	gi|1491509586|ref|NR_159117.1|	93.913	460	28	0	1	460	301	760	0.0	695	28116
b1883e0e3c6327ca8901fa9bdaa06b41	gi|2363085522|ref|NR_181010.1|	93.939	462	24	4	1	460	297	756	0.0	695	2786956
b1883e0e3c6327ca8901fa9bdaa06b41	gi|2363084431|ref|NR_180463.1|	93.913	460	28	0	1	460	340	799	0.0	695	2650158
9774902731d9b4672c26940b679623f0	gi|631253128|ref|NR_114326.1|	99.318	440	3	0	1	440	334	773	0.0	797	1150298
9774902731d9b4672c26940b679623f0	gi|2363087259|ref|NR_181885.1|	96.591	440	15	0	1	440	335	774	0.0	732	2885351
9774902731d9b4672c26940b679623f0	gi|974142252|ref|NR_134772.1|	96.364	440	16	0	1	440	297	736	0.0	725	1337051
9774902731d9b4672c26940b679623f0	gi|343205837|ref|NR_044289.1|	96.136	440	17	0	1	440	328	767	0.0	719	460384
9774902731d9b4672c26940b679623f0	gi|3030611230|ref|NR_199906.1|	95.909	440	18	0	1	440	354	793	0.0	713	3123317
9774902731d9b4672c26940b679623f0	gi|2363085103|ref|NR_180800.1|	95.909	440	18	0	1	440	347	786	0.0	713	2652274
9774902731d9b4672c26940b679623f0	gi|3030611314|ref|NR_199990.1|	95.909	440	18	0	1	440	350	789	0.0	713	3123317
9774902731d9b4672c26940b679623f0	gi|1384992331|ref|NR_156080.1|	95.909	440	18	0	1	440	336	775	0.0	713	1469948
9774902731d9b4672c26940b679623f0	gi|1384992328|ref|NR_156077.1|	95.909	440	18	0	1	440	336	775	0.0	713	1469948
9774902731d9b4672c26940b679623f0	gi|1116030273|ref|NR_144731.1|	95.909	440	18	0	1	440	347	786	0.0	713	1720294
dfea593abdf7fe852812041e6c65e2d1	gi|2260349448|ref|NR_176530.1|	99.095	442	4	0	1	442	358	799	0.0	795	2093857
dfea593abdf7fe852812041e6c65e2d1	gi|2363082559|ref|NR_179526.1|	99.095	442	4	0	1	442	349	790	0.0	795	1841866
dfea593abdf7fe852812041e6c65e2d1	gi|645321110|ref|NR_118156.1|	95.249	442	21	0	1	442	304	745	0.0	701	1007096
dfea593abdf7fe852812041e6c65e2d1	gi|2962412234|ref|NR_199428.1|	95.023	442	22	0	1	442	352	793	0.0	695	3073143
dfea593abdf7fe852812041e6c65e2d1	gi|2363087001|ref|NR_181757.1|	94.595	444	20	4	1	442	289	730	0.0	684	2841504
dfea593abdf7fe852812041e6c65e2d1	gi|2363082170|ref|NR_179331.1|	94.582	443	23	1	1	442	328	770	0.0	684	2714358
dfea593abdf7fe852812041e6c65e2d1	gi|1269801610|ref|NR_074793.2|	93.891	442	27	0	1	442	355	796	0.0	667	351091
dfea593abdf7fe852812041e6c65e2d1	gi|343200653|ref|NR_041340.1|	93.891	442	27	0	1	442	328	769	0.0	667	351091
dfea593abdf7fe852812041e6c65e2d1	gi|2363082569|ref|NR_179531.1|	93.665	442	28	0	1	442	347	788	0.0	662	1852369
dfea593abdf7fe852812041e6c65e2d1	gi|2363082165|ref|NR_179329.1|	93.228	443	28	2	1	442	327	768	0.0	651	2714353
79a49440d6f86a929b2aff7da7d6f107	gi|444304012|ref|NR_074436.1|	91.741	448	27	8	1	440	321	766	2.09e-175	614	239935
79a49440d6f86a929b2aff7da7d6f107	gi|343202494|ref|NR_042817.1|	91.741	448	27	8	1	440	301	746	2.09e-175	614	349741
79a49440d6f86a929b2aff7da7d6f107	gi|566085050|ref|NR_108636.1|	84.127	441	68	2	1	440	348	787	1.05e-118	425	682400
79a49440d6f86a929b2aff7da7d6f107	gi|343200549|ref|NR_041236.1|	83.973	443	66	4	1	440	321	761	4.88e-117	420	1122184
79a49440d6f86a929b2aff7da7d6f107	gi|343200622|ref|NR_041309.1|	83.521	443	66	7	1	440	337	775	3.80e-113	407	332095
79a49440d6f86a929b2aff7da7d6f107	gi|2363086270|ref|NR_181387.1|	83.258	442	72	2	1	440	302	743	1.37e-112	405	2763656
79a49440d6f86a929b2aff7da7d6f107	gi|1230874676|ref|NR_148837.1|	83.258	442	70	4	1	440	347	786	4.92e-112	403	1675854
79a49440d6f86a929b2aff7da7d6f107	gi|2363086264|ref|NR_181384.1|	83.371	445	64	6	1	440	250	689	4.92e-112	403	2763660
79a49440d6f86a929b2aff7da7d6f107	gi|2363081254|ref|NR_178871.1|	83.258	442	71	3	1	440	337	777	4.92e-112	403	1792311
79a49440d6f86a929b2aff7da7d6f107	gi|645320438|ref|NR_117645.1|	83.258	442	70	4	1	440	345	784	4.92e-112	403	1185412
b1175897bd551b5e15e2cd7fc0a9f233	gi|2363085169|ref|NR_180833.1|	99.318	440	3	0	1	440	337	776	0.0	797	2606635
b1175897bd551b5e15e2cd7fc0a9f233	gi|310975204|ref|NR_037068.1|	97.052	441	11	2	1	440	341	780	0.0	741	29375
b1175897bd551b5e15e2cd7fc0a9f233	gi|3030611230|ref|NR_199906.1|	96.818	440	14	0	1	440	354	793	0.0	736	3123317
b1175897bd551b5e15e2cd7fc0a9f233	gi|3030611314|ref|NR_199990.1|	96.818	440	14	0	1	440	350	789	0.0	736	3123317
b1175897bd551b5e15e2cd7fc0a9f233	gi|2836274880|ref|NR_197643.1|	96.818	440	14	0	1	440	329	768	0.0	736	2962432
b1175897bd551b5e15e2cd7fc0a9f233	gi|1384992331|ref|NR_156080.1|	96.818	440	14	0	1	440	336	775	0.0	736	1469948
b1175897bd551b5e15e2cd7fc0a9f233	gi|1384992328|ref|NR_156077.1|	96.818	440	14	0	1	440	336	775	0.0	736	1469948
b1175897bd551b5e15e2cd7fc0a9f233	gi|559795307|ref|NR_104899.1|	96.818	440	14	0	1	440	328	767	0.0	736	384636
b1175897bd551b5e15e2cd7fc0a9f233	gi|645322280|ref|NR_119068.1|	96.825	441	11	3	1	440	315	753	0.0	734	36832
b1175897bd551b5e15e2cd7fc0a9f233	gi|2363082679|ref|NR_179587.1|	96.591	440	15	0	1	440	328	767	0.0	730	1926283
b2bfb6c87d777495e11e15b446624c74	gi|631251747|ref|NR_112945.1|	95.435	460	21	0	1	460	327	786	0.0	734	820
b2bfb6c87d777495e11e15b446624c74	gi|343200179|ref|NR_040866.1|	95.435	460	21	0	1	460	334	793	0.0	734	820
b2bfb6c87d777495e11e15b446624c74	gi|2363086550|ref|NR_181532.1|	95.000	460	23	0	1	460	322	781	0.0	723	2763025
b2bfb6c87d777495e11e15b446624c74	gi|631251874|ref|NR_113072.1|	93.478	460	30	0	1	460	338	797	0.0	684	1236512
b2bfb6c87d777495e11e15b446624c74	gi|2363082773|ref|NR_179635.1|	93.261	460	31	0	1	460	338	797	0.0	678	2024197
b2bfb6c87d777495e11e15b446624c74	gi|631251816|ref|NR_113014.1|	93.261	460	31	0	1	460	338	797	0.0	678	1236512
b2bfb6c87d777495e11e15b446624c74	gi|2363084421|ref|NR_180458.1|	93.043	460	32	0	1	460	340	799	0.0	673	2650157
b2bfb6c87d777495e11e15b446624c74	gi|631251735|ref|NR_112933.1|	93.043	460	32	0	1	460	334	793	0.0	673	246787
b2bfb6c87d777495e11e15b446624c74	gi|645320100|ref|NR_117387.1|	92.826	460	33	0	1	460	320	779	0.0	667	1077285
b2bfb6c87d777495e11e15b446624c74	gi|343200620|ref|NR_041307.1|	92.826	460	33	0	1	460	334	793	0.0	667	329854
eb953e7a92a0e202ca0610db90dc965d	gi|2363085103|ref|NR_180800.1|	99.545	440	2	0	1	440	347	786	0.0	802	2652274
eb953e7a92a0e202ca0610db90dc965d	gi|1116030273|ref|NR_144731.1|	99.545	440	2	0	1	440	347	786	0.0	802	1720294
eb953e7a92a0e202ca0610db90dc965d	gi|645321749|ref|NR_118643.1|	98.864	440	5	0	1	440	254	693	0.0	785	1432052
eb953e7a92a0e202ca0610db90dc965d	gi|343201474|ref|NR_042200.1|	96.825	441	12	2	1	440	318	757	0.0	736	333367
eb953e7a92a0e202ca0610db90dc965d	gi|3030611230|ref|NR_199906.1|	96.599	441	13	2	1	440	354	793	0.0	730	3123317
eb953e7a92a0e202ca0610db90dc965d	gi|3030611314|ref|NR_199990.1|	96.599	441	13	2	1	440	350	789	0.0	730	3123317
eb953e7a92a0e202ca0610db90dc965d	gi|1384992332|ref|NR_156081.1|	96.606	442	11	4	1	440	336	775	0.0	730	1469948
eb953e7a92a0e202ca0610db90dc965d	gi|1384992331|ref|NR_156080.1|	96.599	441	13	2	1	440	336	775	0.0	730	1469948
eb953e7a92a0e202ca0610db90dc965d	gi|1384992329|ref|NR_156078.1|	96.606	442	11	4	1	440	336	775	0.0	730	1469948
eb953e7a92a0e202ca0610db90dc965d	gi|1384992328|ref|NR_156077.1|	96.599	441	13	2	1	440	336	775	0.0	730	1469948
cb077ce7384908d7c91b5ca9eb2d396a	gi|631251740|ref|NR_112938.1|	96.957	460	13	1	1	459	326	785	0.0	771	204516
cb077ce7384908d7c91b5ca9eb2d396a	gi|343198509|ref|NR_042745.1|	96.957	460	13	1	1	459	338	797	0.0	771	204516
cb077ce7384908d7c91b5ca9eb2d396a	gi|631251866|ref|NR_113064.1|	94.783	460	23	1	1	459	338	797	0.0	715	1236538
cb077ce7384908d7c91b5ca9eb2d396a	gi|631251817|ref|NR_113015.1|	94.783	460	23	1	1	459	338	797	0.0	715	1236538
cb077ce7384908d7c91b5ca9eb2d396a	gi|645320081|ref|NR_117373.1|	94.783	460	23	1	1	459	289	748	0.0	715	1236515
cb077ce7384908d7c91b5ca9eb2d396a	gi|343200626|ref|NR_041313.1|	94.783	460	23	1	1	459	340	799	0.0	715	338188
cb077ce7384908d7c91b5ca9eb2d396a	gi|631251997|ref|NR_113195.1|	94.565	460	24	1	1	459	338	797	0.0	710	1236515
cb077ce7384908d7c91b5ca9eb2d396a	gi|631251749|ref|NR_112947.1|	94.130	460	26	1	1	459	326	785	0.0	701	657309
cb077ce7384908d7c91b5ca9eb2d396a	gi|2363084431|ref|NR_180463.1|	94.130	460	26	1	1	459	340	799	0.0	699	2650158
cb077ce7384908d7c91b5ca9eb2d396a	gi|2363084421|ref|NR_180458.1|	94.130	460	26	1	1	459	340	799	0.0	699	2650157
111fa9a403389d0c88ff7dc09370c7e5	gi|343198636|ref|NR_043142.1|	97.291	443	12	0	1	443	323	765	0.0	752	292800
111fa9a403389d0c88ff7dc09370c7e5	gi|265679048|ref|NR_029356.1|	97.291	443	12	0	1	443	336	778	0.0	752	292800
111fa9a403389d0c88ff7dc09370c7e5	gi|2363082342|ref|NR_179418.1|	96.840	443	14	0	1	443	348	790	0.0	741	1673721
111fa9a403389d0c88ff7dc09370c7e5	gi|2363084741|ref|NR_180619.1|	96.388	443	16	0	1	443	347	789	0.0	730	2779352
111fa9a403389d0c88ff7dc09370c7e5	gi|2363082326|ref|NR_179410.1|	95.711	443	19	0	1	443	349	791	0.0	713	1650661
111fa9a403389d0c88ff7dc09370c7e5	gi|1193829127|ref|NR_147370.1|	95.260	443	21	0	1	443	349	791	0.0	702	1870988
111fa9a403389d0c88ff7dc09370c7e5	gi|2136551692|ref|NR_173697.1|	95.260	443	20	1	1	443	349	790	0.0	701	2108523
111fa9a403389d0c88ff7dc09370c7e5	gi|219846080|ref|NR_025670.1|	95.034	443	22	0	1	443	329	771	0.0	697	411467
111fa9a403389d0c88ff7dc09370c7e5	gi|3030611323|ref|NR_199999.1|	94.582	443	24	0	1	443	301	743	0.0	686	3133422
111fa9a403389d0c88ff7dc09370c7e5	gi|2363082358|ref|NR_179426.1|	94.582	443	24	0	1	443	349	791	0.0	686	1702285
1a8bb225cd9b40a89717e694eadad9f9	gi|1109168015|ref|NR_144606.1|	97.174	460	13	0	1	460	340	799	0.0	778	1796613
1a8bb225cd9b40a89717e694eadad9f9	gi|2363082547|ref|NR_179520.1|	96.739	460	15	0	1	460	314	773	0.0	767	1841855
1a8bb225cd9b40a89717e694eadad9f9	gi|2363082611|ref|NR_179552.1|	96.312	461	16	1	1	460	340	800	0.0	756	1871006
1a8bb225cd9b40a89717e694eadad9f9	gi|1269806089|ref|NR_074784.2|	94.565	460	25	0	1	460	345	804	0.0	712	272559
1a8bb225cd9b40a89717e694eadad9f9	gi|444304091|ref|NR_074515.1|	94.565	460	25	0	1	460	350	809	0.0	712	435590
1a8bb225cd9b40a89717e694eadad9f9	gi|631251748|ref|NR_112946.1|	94.565	460	25	0	1	460	339	798	0.0	712	821
1a8bb225cd9b40a89717e694eadad9f9	gi|631251738|ref|NR_112936.1|	94.565	460	25	0	1	460	338	797	0.0	712	817
1a8bb225cd9b40a89717e694eadad9f9	gi|343200664|ref|NR_041351.1|	94.565	460	25	0	1	460	341	800	0.0	712	357276
1a8bb225cd9b40a89717e694eadad9f9	gi|645322408|ref|NR_119164.1|	94.565	460	25	0	1	460	317	776	0.0	712	817
1a8bb225cd9b40a89717e694eadad9f9	gi|631251872|ref|NR_113070.1|	94.348	460	26	0	1	460	334	793	0.0	706	742727
5e174109d63a76d786b849ef990ad73d	gi|2136551692|ref|NR_173697.1|	90.090	444	40	4	1	442	349	790	3.56e-163	573	2108523
5e174109d63a76d786b849ef990ad73d	gi|1109168025|ref|NR_144611.1|	89.888	445	40	5	1	442	282	724	1.66e-161	568	1417852
5e174109d63a76d786b849ef990ad73d	gi|2363082358|ref|NR_179426.1|	89.663	445	41	5	1	442	349	791	7.70e-160	562	1702285
5e174109d63a76d786b849ef990ad73d	gi|2363082342|ref|NR_179418.1|	89.391	443	46	1	1	442	348	790	3.58e-158	556	1673721
5e174109d63a76d786b849ef990ad73d	gi|2363082352|ref|NR_179423.1|	89.438	445	42	5	1	442	349	791	3.58e-158	556	1689270
5e174109d63a76d786b849ef990ad73d	gi|2363082168|ref|NR_179330.1|	89.165	443	46	2	1	442	327	768	1.67e-156	551	2714355
5e174109d63a76d786b849ef990ad73d	gi|645321636|ref|NR_118554.1|	88.989	445	44	5	1	442	329	771	7.76e-155	545	1297617
5e174109d63a76d786b849ef990ad73d	gi|3030611324|ref|NR_200000.1|	88.789	446	43	6	1	442	301	743	3.61e-153	540	3342383
5e174109d63a76d786b849ef990ad73d	gi|219846080|ref|NR_025670.1|	88.764	445	45	5	1	442	329	771	3.61e-153	540	411467
5e174109d63a76d786b849ef990ad73d	gi|3248465658|ref|NR_201672.1|	88.591	447	42	9	1	442	296	738	1.68e-151	534	3381350
44be0ff5ff49bef6123f50fe96893aa2	gi|343198925|ref|NR_044049.1|	98.864	440	5	0	1	440	316	755	0.0	785	33043
44be0ff5ff49bef6123f50fe96893aa2	gi|2363086278|ref|NR_181391.1|	95.000	440	22	0	1	440	249	688	0.0	691	2763670
44be0ff5ff49bef6123f50fe96893aa2	gi|219856842|ref|NR_024661.1|	95.000	440	22	0	1	440	361	800	0.0	691	42322
44be0ff5ff49bef6123f50fe96893aa2	gi|559795169|ref|NR_104758.1|	94.773	440	23	0	1	440	345	784	0.0	686	1282887
44be0ff5ff49bef6123f50fe96893aa2	gi|631252121|ref|NR_113319.1|	94.545	440	24	0	1	440	350	789	0.0	680	645466
44be0ff5ff49bef6123f50fe96893aa2	gi|1384992332|ref|NR_156081.1|	94.318	440	25	0	1	440	336	775	0.0	675	1469948
44be0ff5ff49bef6123f50fe96893aa2	gi|1384992329|ref|NR_156078.1|	94.318	440	25	0	1	440	336	775	0.0	675	1469948
44be0ff5ff49bef6123f50fe96893aa2	gi|636560803|ref|NR_116863.1|	94.331	441	24	1	1	440	337	777	0.0	675	645466
44be0ff5ff49bef6123f50fe96893aa2	gi|3030611230|ref|NR_199906.1|	94.091	440	26	0	1	440	354	793	0.0	669	3123317
44be0ff5ff49bef6123f50fe96893aa2	gi|3030611314|ref|NR_199990.1|	94.091	440	26	0	1	440	350	789	0.0	669	3123317
a690c115235463bae2a2d87360f62248	gi|343199033|ref|NR_044362.1|	83.686	472	63	12	1	465	305	769	6.65e-121	433	1033810
a690c115235463bae2a2d87360f62248	gi|631252752|ref|NR_113950.1|	83.156	469	71	7	1	465	318	782	1.44e-117	422	1111479
a690c115235463bae2a2d87360f62248	gi|219857173|ref|NR_024801.1|	83.156	469	71	7	1	465	338	802	1.44e-117	422	204470
a690c115235463bae2a2d87360f62248	gi|1179766737|ref|NR_146687.1|	83.047	466	76	3	1	465	350	813	5.18e-117	420	265178
a690c115235463bae2a2d87360f62248	gi|2363087361|ref|NR_181937.1|	82.441	467	77	5	1	465	291	754	5.21e-112	403	2683717
a690c115235463bae2a2d87360f62248	gi|2363084352|ref|NR_180424.1|	82.189	466	80	3	1	465	351	814	2.42e-110	398	2509456
a690c115235463bae2a2d87360f62248	gi|219846116|ref|NR_025706.1|	82.265	468	76	6	1	465	328	791	2.42e-110	398	216940
a690c115235463bae2a2d87360f62248	gi|219878455|ref|NR_025594.1|	82.340	470	72	11	1	465	329	792	2.42e-110	398	225084
a690c115235463bae2a2d87360f62248	gi|2621112318|ref|NR_189221.1|	82.051	468	77	7	1	465	316	779	1.13e-108	392	2749268
a690c115235463bae2a2d87360f62248	gi|1227086101|ref|NR_148613.1|	81.974	466	81	3	1	465	304	767	1.13e-108	392	1660197
c36d6b5d6905d7620bd7ba639f305143	gi|2136551628|ref|NR_173632.1|	97.500	440	11	0	1	440	301	740	0.0	752	2068655
c36d6b5d6905d7620bd7ba639f305143	gi|2363086292|ref|NR_181398.1|	96.364	440	16	0	1	440	299	738	0.0	725	2763667
c36d6b5d6905d7620bd7ba639f305143	gi|3030611230|ref|NR_199906.1|	95.682	440	19	0	1	440	354	793	0.0	708	3123317
c36d6b5d6905d7620bd7ba639f305143	gi|2363085133|ref|NR_180815.1|	95.682	440	19	0	1	440	350	789	0.0	708	2606633
c36d6b5d6905d7620bd7ba639f305143	gi|2363083556|ref|NR_180026.1|	95.682	440	19	0	1	440	348	787	0.0	708	2696678
c36d6b5d6905d7620bd7ba639f305143	gi|3030611314|ref|NR_199990.1|	95.682	440	19	0	1	440	350	789	0.0	708	3123317
c36d6b5d6905d7620bd7ba639f305143	gi|1193829153|ref|NR_147396.1|	95.682	440	19	0	1	440	328	767	0.0	708	1917870
c36d6b5d6905d7620bd7ba639f305143	gi|1384992332|ref|NR_156081.1|	95.682	440	19	0	1	440	336	775	0.0	708	1469948
c36d6b5d6905d7620bd7ba639f305143	gi|1384992331|ref|NR_156080.1|	95.682	440	19	0	1	440	336	775	0.0	708	1469948
c36d6b5d6905d7620bd7ba639f305143	gi|1384992329|ref|NR_156078.1|	95.682	440	19	0	1	440	336	775	0.0	708	1469948
19ff7c20b416e6d95c800b925cd04192	gi|2363082779|ref|NR_179638.1|	99.318	440	3	0	1	440	348	787	0.0	797	2040291
19ff7c20b416e6d95c800b925cd04192	gi|545589044|ref|NR_044645.2|	98.409	440	7	0	1	440	355	794	0.0	782	39486
19ff7c20b416e6d95c800b925cd04192	gi|1397641798|ref|NR_156907.1|	96.591	440	15	0	1	440	348	787	0.0	730	1912855
19ff7c20b416e6d95c800b925cd04192	gi|1109168038|ref|NR_144617.1|	96.591	440	15	0	1	440	340	779	0.0	730	1796634
19ff7c20b416e6d95c800b925cd04192	gi|2363086021|ref|NR_181263.1|	96.136	440	17	0	1	440	334	773	0.0	719	2726362
19ff7c20b416e6d95c800b925cd04192	gi|343203027|ref|NR_043551.1|	95.909	440	18	0	1	440	349	788	0.0	713	341220
19ff7c20b416e6d95c800b925cd04192	gi|3248465643|ref|NR_201655.1|	95.692	441	17	2	1	440	313	752	0.0	708	3380807
19ff7c20b416e6d95c800b925cd04192	gi|2136551567|ref|NR_173570.1|	95.692	441	17	2	1	440	330	769	0.0	708	1912090
19ff7c20b416e6d95c800b925cd04192	gi|2363082765|ref|NR_179631.1|	95.701	442	15	4	1	440	348	787	0.0	708	2014528
19ff7c20b416e6d95c800b925cd04192	gi|631253194|ref|NR_114392.1|	95.692	441	17	2	1	440	350	789	0.0	708	1544
5220b7977b03285db4fdc48e3b68f0a0	gi|444304012|ref|NR_074436.1|	96.637	446	15	0	1	446	321	766	0.0	741	239935
5220b7977b03285db4fdc48e3b68f0a0	gi|343202494|ref|NR_042817.1|	96.637	446	15	0	1	446	301	746	0.0	741	349741
5220b7977b03285db4fdc48e3b68f0a0	gi|1315204026|ref|NR_152695.1|	89.333	450	42	5	1	446	300	747	2.80e-159	560	1679444
5220b7977b03285db4fdc48e3b68f0a0	gi|343200983|ref|NR_041670.1|	83.691	466	55	7	1	446	298	762	1.38e-117	422	490092
5220b7977b03285db4fdc48e3b68f0a0	gi|219846674|ref|NR_026266.1|	83.262	466	56	8	1	446	304	767	8.29e-115	412	240016
5220b7977b03285db4fdc48e3b68f0a0	gi|959495030|ref|NR_133878.1|	83.259	448	68	6	1	446	316	758	1.39e-112	405	690879
5220b7977b03285db4fdc48e3b68f0a0	gi|343200984|ref|NR_041671.1|	82.869	467	57	11	1	446	320	784	2.32e-110	398	490093
5220b7977b03285db4fdc48e3b68f0a0	gi|343200937|ref|NR_041624.1|	82.942	469	53	13	1	446	321	785	2.32e-110	398	454151
5220b7977b03285db4fdc48e3b68f0a0	gi|343200921|ref|NR_041608.1|	82.655	467	57	10	1	446	314	777	1.08e-108	392	445931
5220b7977b03285db4fdc48e3b68f0a0	gi|566085532|ref|NR_109603.1|	82.441	467	59	11	1	446	281	745	5.02e-107	387	1157309
50bcd4eabc6109cf0e4c004f373a4152	gi|2962412221|ref|NR_199415.1|	99.773	440	1	0	1	440	338	777	0.0	808	3136600
50bcd4eabc6109cf0e4c004f373a4152	gi|2363084846|ref|NR_180671.1|	98.636	440	6	0	1	440	63	502	0.0	780	2594882
50bcd4eabc6109cf0e4c004f373a4152	gi|2363082374|ref|NR_179434.1|	97.955	440	9	0	1	440	349	788	0.0	763	1720300
50bcd4eabc6109cf0e4c004f373a4152	gi|310974914|ref|NR_036777.1|	97.489	438	11	0	1	438	333	770	0.0	750	33039
50bcd4eabc6109cf0e4c004f373a4152	gi|2363082679|ref|NR_179587.1|	97.045	440	13	0	1	440	328	767	0.0	741	1926283
50bcd4eabc6109cf0e4c004f373a4152	gi|2363081854|ref|NR_179173.1|	97.045	440	13	0	1	440	333	772	0.0	741	2126740
50bcd4eabc6109cf0e4c004f373a4152	gi|2363082819|ref|NR_179658.1|	96.818	440	14	0	1	440	353	792	0.0	736	2086584
50bcd4eabc6109cf0e4c004f373a4152	gi|636560687|ref|NR_116747.1|	96.591	440	15	0	1	440	301	740	0.0	730	1298596
50bcd4eabc6109cf0e4c004f373a4152	gi|3248465636|ref|NR_201647.1|	96.364	440	16	0	1	440	300	739	0.0	725	3380806
50bcd4eabc6109cf0e4c004f373a4152	gi|1116030277|ref|NR_144735.1|	96.364	440	16	0	1	440	350	789	0.0	725	1745713
f8a70dca978b7bfdc4411ed2af034c22	gi|1227086020|ref|NR_148574.1|	91.383	441	34	3	1	439	331	769	1.62e-171	601	1907662
f8a70dca978b7bfdc4411ed2af034c22	gi|1116030293|ref|NR_144751.1|	91.156	441	35	3	1	439	331	769	7.54e-170	595	1852371
f8a70dca978b7bfdc4411ed2af034c22	gi|645320082|ref|NR_117374.1|	88.889	441	45	2	1	439	319	757	3.58e-153	540	747645
f8a70dca978b7bfdc4411ed2af034c22	gi|343198543|ref|NR_042840.1|	88.636	440	49	1	1	439	311	750	1.67e-151	534	883107
f8a70dca978b7bfdc4411ed2af034c22	gi|1193829137|ref|NR_147380.1|	88.409	440	50	1	1	439	331	770	7.76e-150	529	1871008
f8a70dca978b7bfdc4411ed2af034c22	gi|2363082557|ref|NR_179525.1|	88.462	442	45	5	1	439	331	769	7.76e-150	529	1841863
f8a70dca978b7bfdc4411ed2af034c22	gi|2363084900|ref|NR_180698.1|	88.409	440	50	1	1	439	331	770	7.76e-150	529	2690837
f8a70dca978b7bfdc4411ed2af034c22	gi|444303954|ref|NR_074377.1|	88.409	440	50	1	1	439	331	770	7.76e-150	529	84112
f8a70dca978b7bfdc4411ed2af034c22	gi|631251960|ref|NR_113158.1|	88.409	440	50	1	1	439	331	770	7.76e-150	529	84112
f8a70dca978b7bfdc4411ed2af034c22	gi|310975225|ref|NR_037089.1|	88.409	440	50	1	1	439	331	770	7.76e-150	529	84112
cb02e0c0dbaf23139c281dca33ddb226	gi|559795314|ref|NR_104907.1|	97.506	441	11	0	1	441	315	755	0.0	754	290054
cb02e0c0dbaf23139c281dca33ddb226	gi|2136551683|ref|NR_173688.1|	92.290	441	33	1	1	441	321	760	9.66e-179	625	2780922
cb02e0c0dbaf23139c281dca33ddb226	gi|1864207164|ref|NR_169458.1|	91.156	441	38	1	1	441	345	784	2.11e-170	597	2164149
cb02e0c0dbaf23139c281dca33ddb226	gi|507148077|ref|NR_102884.1|	90.950	442	37	3	1	441	331	770	9.80e-169	592	213810
cb02e0c0dbaf23139c281dca33ddb226	gi|636558832|ref|NR_114889.1|	90.271	442	39	4	1	441	277	715	9.87e-164	575	213810
cb02e0c0dbaf23139c281dca33ddb226	gi|1445136071|ref|NR_158111.1|	89.819	442	41	4	1	441	349	787	2.14e-160	564	2038680
cb02e0c0dbaf23139c281dca33ddb226	gi|2363082601|ref|NR_179547.1|	89.842	443	40	5	1	441	347	786	2.14e-160	564	1870991
cb02e0c0dbaf23139c281dca33ddb226	gi|444303976|ref|NR_074399.1|	89.796	441	44	1	1	441	333	772	2.14e-160	564	697329
cb02e0c0dbaf23139c281dca33ddb226	gi|631251834|ref|NR_113032.1|	89.796	441	44	1	1	441	333	772	2.14e-160	564	1264
cb02e0c0dbaf23139c281dca33ddb226	gi|636559173|ref|NR_115230.1|	89.796	441	44	1	1	441	333	772	2.14e-160	564	697329
acfcfd386c71b6eda5cdcc570e896441	gi|645320100|ref|NR_117387.1|	97.391	460	12	0	1	460	320	779	0.0	784	1077285
acfcfd386c71b6eda5cdcc570e896441	gi|2363084421|ref|NR_180458.1|	97.174	460	13	0	1	460	340	799	0.0	778	2650157
acfcfd386c71b6eda5cdcc570e896441	gi|631251869|ref|NR_113067.1|	97.174	460	13	0	1	460	325	784	0.0	778	1077285
acfcfd386c71b6eda5cdcc570e896441	gi|631252008|ref|NR_113206.1|	96.522	460	16	0	1	460	336	795	0.0	761	1236513
acfcfd386c71b6eda5cdcc570e896441	gi|343200626|ref|NR_041313.1|	96.522	460	16	0	1	460	340	799	0.0	761	338188
acfcfd386c71b6eda5cdcc570e896441	gi|444303855|ref|NR_074277.1|	96.095	461	16	2	1	460	352	811	0.0	750	818
acfcfd386c71b6eda5cdcc570e896441	gi|631251746|ref|NR_112944.1|	96.095	461	16	2	1	460	324	783	0.0	750	818
acfcfd386c71b6eda5cdcc570e896441	gi|631251749|ref|NR_112947.1|	95.870	460	19	0	1	460	326	785	0.0	747	657309
acfcfd386c71b6eda5cdcc570e896441	gi|2363084431|ref|NR_180463.1|	95.870	460	19	0	1	460	340	799	0.0	745	2650158
acfcfd386c71b6eda5cdcc570e896441	gi|343201773|ref|NR_042499.1|	95.870	460	19	0	1	460	294	753	0.0	745	657309
8a44b52f1b9b56ac2e63fad670b59d82	gi|2363085892|ref|NR_181198.1|	99.570	465	2	0	1	465	268	732	0.0	848	2735723
8a44b52f1b9b56ac2e63fad670b59d82	gi|265678513|ref|NR_028816.1|	98.710	465	6	0	1	465	310	774	0.0	826	154288
8a44b52f1b9b56ac2e63fad670b59d82	gi|566085589|ref|NR_109669.1|	91.398	465	40	0	1	465	329	793	0.0	638	1202712
8a44b52f1b9b56ac2e63fad670b59d82	gi|636560492|ref|NR_116552.1|	91.398	465	40	0	1	465	291	755	0.0	638	1384057
8a44b52f1b9b56ac2e63fad670b59d82	gi|636559469|ref|NR_115529.1|	91.398	465	40	0	1	465	320	784	0.0	638	1421
8a44b52f1b9b56ac2e63fad670b59d82	gi|1811131534|ref|NR_165716.1|	91.183	465	41	0	1	465	317	781	0.0	632	2304605
8a44b52f1b9b56ac2e63fad670b59d82	gi|2363086993|ref|NR_181753.1|	91.221	467	37	4	1	465	295	759	0.0	632	1547283
8a44b52f1b9b56ac2e63fad670b59d82	gi|645321097|ref|NR_118146.1|	91.183	465	41	0	1	465	311	775	0.0	632	1130819
8a44b52f1b9b56ac2e63fad670b59d82	gi|631251372|ref|NR_112569.1|	91.183	465	41	0	1	465	322	786	0.0	632	28031
8a44b52f1b9b56ac2e63fad670b59d82	gi|631251431|ref|NR_112628.1|	91.183	465	41	0	1	465	322	786	0.0	632	28031
bfe64e2435db82273dd428a48eab5eca	gi|636558732|ref|NR_114789.1|	94.773	440	22	1	1	439	347	786	0.0	684	1535
bfe64e2435db82273dd428a48eab5eca	gi|1146059197|ref|NR_145929.1|	93.694	444	23	3	1	439	319	762	0.0	660	642589
bfe64e2435db82273dd428a48eab5eca	gi|3248465687|ref|NR_201701.1|	93.454	443	25	3	1	439	330	772	0.0	654	3435187
bfe64e2435db82273dd428a48eab5eca	gi|3248465688|ref|NR_201702.1|	93.454	443	25	3	1	439	328	770	0.0	654	3435000
bfe64e2435db82273dd428a48eab5eca	gi|2836274966|ref|NR_197729.1|	93.409	440	28	1	1	439	304	743	0.0	651	3093657
bfe64e2435db82273dd428a48eab5eca	gi|1193829157|ref|NR_147400.1|	92.955	440	30	1	1	439	339	778	0.0	640	1958780
bfe64e2435db82273dd428a48eab5eca	gi|2836274967|ref|NR_197730.1|	92.955	440	30	1	1	439	312	751	0.0	640	3093658
bfe64e2435db82273dd428a48eab5eca	gi|1116030278|ref|NR_144736.1|	92.955	440	30	1	1	439	360	799	0.0	640	1776382
bfe64e2435db82273dd428a48eab5eca	gi|2363082799|ref|NR_179648.1|	92.727	440	31	1	1	439	339	778	0.0	634	2045012
bfe64e2435db82273dd428a48eab5eca	gi|2180566484|ref|NR_174324.1|	92.727	440	31	1	1	439	346	785	0.0	634	2576756
0057a45a39bd6c1fc32203df4a542205	gi|1193829153|ref|NR_147396.1|	96.818	440	14	0	1	440	328	767	0.0	736	1917870
0057a45a39bd6c1fc32203df4a542205	gi|2363085097|ref|NR_180797.1|	96.591	440	15	0	1	440	346	785	0.0	730	2605778
0057a45a39bd6c1fc32203df4a542205	gi|343198783|ref|NR_043680.1|	96.136	440	17	0	1	440	257	696	0.0	719	358742
0057a45a39bd6c1fc32203df4a542205	gi|2363082679|ref|NR_179587.1|	95.909	440	18	0	1	440	328	767	0.0	713	1926283
0057a45a39bd6c1fc32203df4a542205	gi|2363081854|ref|NR_179173.1|	95.909	440	18	0	1	440	333	772	0.0	713	2126740
0057a45a39bd6c1fc32203df4a542205	gi|2363083601|ref|NR_180048.1|	95.455	440	20	0	1	440	338	777	0.0	702	253257
0057a45a39bd6c1fc32203df4a542205	gi|2962412268|ref|NR_199462.1|	95.455	440	20	0	1	440	303	742	0.0	702	3111456
0057a45a39bd6c1fc32203df4a542205	gi|2836274880|ref|NR_197643.1|	95.455	440	20	0	1	440	329	768	0.0	702	2962432
0057a45a39bd6c1fc32203df4a542205	gi|636559154|ref|NR_115211.1|	95.455	440	20	0	1	440	333	772	0.0	702	253257
0057a45a39bd6c1fc32203df4a542205	gi|3030611230|ref|NR_199906.1|	95.227	440	21	0	1	440	354	793	0.0	697	3123317
90ae2ed35beaab68efae7be27b95fb2f	gi|1109168025|ref|NR_144611.1|	93.002	443	31	0	1	443	282	724	0.0	647	1417852
90ae2ed35beaab68efae7be27b95fb2f	gi|2363082168|ref|NR_179330.1|	93.018	444	28	3	1	443	327	768	0.0	645	2714355
90ae2ed35beaab68efae7be27b95fb2f	gi|2363082165|ref|NR_179329.1|	92.793	444	29	3	1	443	327	768	0.0	640	2714353
90ae2ed35beaab68efae7be27b95fb2f	gi|343206380|ref|NR_044972.1|	92.342	444	32	2	1	443	331	773	0.0	634	44749
90ae2ed35beaab68efae7be27b95fb2f	gi|3030611324|ref|NR_200000.1|	91.667	444	35	2	1	443	301	743	2.10e-175	614	3342383
90ae2ed35beaab68efae7be27b95fb2f	gi|2363082342|ref|NR_179418.1|	91.667	444	35	2	1	443	348	790	2.10e-175	614	1673721
90ae2ed35beaab68efae7be27b95fb2f	gi|219857437|ref|NR_025025.1|	91.441	444	34	4	1	443	332	772	7.56e-175	612	100176
90ae2ed35beaab68efae7be27b95fb2f	gi|2363082352|ref|NR_179423.1|	91.480	446	32	6	1	443	349	791	9.78e-174	608	1689270
90ae2ed35beaab68efae7be27b95fb2f	gi|645321636|ref|NR_118554.1|	91.461	445	34	4	1	443	329	771	9.78e-174	608	1297617
90ae2ed35beaab68efae7be27b95fb2f	gi|2363083800|ref|NR_180148.1|	90.991	444	38	2	1	443	349	791	2.12e-170	597	2211183
33ba270c7304824daaae30c295f9e2e2	gi|2363082569|ref|NR_179531.1|	91.667	444	33	4	1	442	347	788	7.54e-175	612	1852369
33ba270c7304824daaae30c295f9e2e2	gi|2363082168|ref|NR_179330.1|	91.422	443	36	2	1	442	327	768	3.51e-173	606	2714355
33ba270c7304824daaae30c295f9e2e2	gi|2363082165|ref|NR_179329.1|	91.196	443	37	2	1	442	327	768	1.63e-171	601	2714353
33ba270c7304824daaae30c295f9e2e2	gi|219857201|ref|NR_024829.1|	90.745	443	40	1	1	442	321	763	3.53e-168	590	253314
33ba270c7304824daaae30c295f9e2e2	gi|785794309|ref|NG_041947.1|	90.541	444	39	3	1	442	469	911	1.64e-166	584	394503
33ba270c7304824daaae30c295f9e2e2	gi|785497611|ref|NR_102768.2|	90.541	444	39	3	1	442	330	772	1.64e-166	584	1521
33ba270c7304824daaae30c295f9e2e2	gi|219846327|ref|NR_025917.1|	90.498	442	39	3	1	442	309	747	2.13e-165	580	35830
33ba270c7304824daaae30c295f9e2e2	gi|2363084629|ref|NR_180563.1|	90.293	443	41	2	1	442	291	732	7.65e-165	579	2488810
33ba270c7304824daaae30c295f9e2e2	gi|672238876|ref|NR_125464.1|	90.293	443	41	2	1	442	325	766	7.65e-165	579	1297424
33ba270c7304824daaae30c295f9e2e2	gi|444304204|ref|NR_074629.1|	90.293	443	42	1	1	442	341	783	7.65e-165	579	1515
bc67e529ec767a585654943cfed7f440	gi|631251954|ref|NR_113152.1|	93.290	462	27	3	1	460	337	796	0.0	678	28117
bc67e529ec767a585654943cfed7f440	gi|219846319|ref|NR_025909.1|	90.693	462	39	3	1	460	344	803	0.0	632	28117
bc67e529ec767a585654943cfed7f440	gi|2363082505|ref|NR_179499.1|	91.379	464	32	7	1	460	342	801	7.81e-180	628	2364787
bc67e529ec767a585654943cfed7f440	gi|631251953|ref|NR_113151.1|	91.342	462	36	4	1	460	338	797	7.81e-180	628	328813
bc67e529ec767a585654943cfed7f440	gi|343202833|ref|NR_043318.1|	91.342	462	36	4	1	460	324	783	7.81e-180	628	328813
bc67e529ec767a585654943cfed7f440	gi|636559243|ref|NR_115300.1|	91.342	462	36	4	1	460	314	773	7.81e-180	628	679935
bc67e529ec767a585654943cfed7f440	gi|507148137|ref|NR_102944.1|	91.145	463	35	6	1	460	334	793	3.63e-178	623	214856
bc67e529ec767a585654943cfed7f440	gi|631251952|ref|NR_113150.1|	91.126	462	37	4	1	460	334	793	3.63e-178	623	214856
bc67e529ec767a585654943cfed7f440	gi|343198609|ref|NR_043064.1|	91.145	463	35	6	1	460	314	773	3.63e-178	623	214856
bc67e529ec767a585654943cfed7f440	gi|645321193|ref|NR_118219.1|	90.889	461	40	2	1	460	332	791	1.69e-176	617	1033732
074154c244826cb37537917861ff3b87	gi|444304111|ref|NR_074535.1|	93.709	461	25	4	1	459	334	792	0.0	688	28118
074154c244826cb37537917861ff3b87	gi|631251877|ref|NR_113075.1|	93.709	461	25	4	1	459	334	792	0.0	688	28118
074154c244826cb37537917861ff3b87	gi|343206056|ref|NR_044636.1|	92.408	461	31	4	1	459	342	800	0.0	660	28118
074154c244826cb37537917861ff3b87	gi|631251745|ref|NR_112943.1|	89.417	463	42	6	1	459	326	785	2.86e-164	577	449673
074154c244826cb37537917861ff3b87	gi|2363086550|ref|NR_181532.1|	89.201	463	43	6	1	459	322	781	1.33e-162	571	2763025
074154c244826cb37537917861ff3b87	gi|631251747|ref|NR_112945.1|	89.201	463	43	6	1	459	327	786	1.33e-162	571	820
074154c244826cb37537917861ff3b87	gi|343200179|ref|NR_040866.1|	89.201	463	43	6	1	459	334	793	1.33e-162	571	820
074154c244826cb37537917861ff3b87	gi|224581415|ref|NR_027196.1|	89.009	464	42	8	1	459	317	776	1.72e-161	568	449673
074154c244826cb37537917861ff3b87	gi|343200620|ref|NR_041307.1|	88.961	462	46	4	1	459	334	793	6.20e-161	566	329854
074154c244826cb37537917861ff3b87	gi|631251735|ref|NR_112933.1|	88.528	462	48	4	1	459	334	793	1.34e-157	555	246787
d087bf8d09005e48867d6bfa5079c5a7	gi|2363081451|ref|NR_178972.1|	98.382	309	3	2	153	460	417	724	1.05e-153	542	1851428
d087bf8d09005e48867d6bfa5079c5a7	gi|3030611269|ref|NR_199945.1|	97.411	309	6	2	153	460	467	774	1.05e-148	525	3435293
d087bf8d09005e48867d6bfa5079c5a7	gi|265678656|ref|NR_028961.1|	97.411	309	6	2	153	460	459	766	1.05e-148	525	853
d087bf8d09005e48867d6bfa5079c5a7	gi|2363082282|ref|NR_179388.1|	97.087	309	7	2	153	460	467	774	4.90e-147	520	2935520
d087bf8d09005e48867d6bfa5079c5a7	gi|2363080123|ref|NR_178280.1|	97.087	309	7	2	153	460	463	770	4.90e-147	520	411483
d087bf8d09005e48867d6bfa5079c5a7	gi|2363081449|ref|NR_178971.1|	96.764	309	7	3	153	460	417	723	8.21e-145	512	1851427
d087bf8d09005e48867d6bfa5079c5a7	gi|2363080175|ref|NR_178311.1|	95.146	309	13	2	153	460	544	851	4.97e-137	486	2903556
d087bf8d09005e48867d6bfa5079c5a7	gi|2363084747|ref|NR_180622.1|	94.371	302	17	0	159	460	473	774	2.33e-130	464	2779354
d087bf8d09005e48867d6bfa5079c5a7	gi|1397641802|ref|NR_156911.1|	93.709	302	19	0	159	460	489	790	5.04e-127	453	1650663
d087bf8d09005e48867d6bfa5079c5a7	gi|2363082356|ref|NR_179425.1|	93.729	303	17	2	159	460	489	790	5.04e-127	453	1689304
9d36f8d5437034b9b2938e22483a8114	gi|265678656|ref|NR_028961.1|	95.000	440	22	0	1	440	327	766	0.0	691	853
9d36f8d5437034b9b2938e22483a8114	gi|2363081451|ref|NR_178972.1|	94.773	440	23	0	1	440	285	724	0.0	686	1851428
9d36f8d5437034b9b2938e22483a8114	gi|2363080123|ref|NR_178280.1|	94.773	440	23	0	1	440	331	770	0.0	686	411483
9d36f8d5437034b9b2938e22483a8114	gi|3030611269|ref|NR_199945.1|	94.545	440	24	0	1	440	335	774	0.0	680	3435293
9d36f8d5437034b9b2938e22483a8114	gi|2363081449|ref|NR_178971.1|	94.545	440	23	1	1	440	285	723	0.0	678	1851427
9d36f8d5437034b9b2938e22483a8114	gi|2363082282|ref|NR_179388.1|	94.104	441	24	2	1	440	335	774	0.0	669	2935520
9d36f8d5437034b9b2938e22483a8114	gi|2363080175|ref|NR_178311.1|	92.500	440	33	0	1	440	412	851	2.07e-180	630	2903556
9d36f8d5437034b9b2938e22483a8114	gi|2363082356|ref|NR_179425.1|	89.318	440	47	0	1	440	351	790	4.61e-157	553	1689304
9d36f8d5437034b9b2938e22483a8114	gi|1397641802|ref|NR_156911.1|	88.636	440	50	0	1	440	351	790	4.65e-152	536	1650663
9d36f8d5437034b9b2938e22483a8114	gi|2363084747|ref|NR_180622.1|	88.435	441	49	2	1	440	335	774	2.16e-150	531	2779354
141e27b7b470b6df5d5483a459fff084	gi|645321858|ref|NR_118730.1|	97.955	440	9	0	1	440	355	794	0.0	774	1512
141e27b7b470b6df5d5483a459fff084	gi|2363082400|ref|NR_179447.1|	97.727	440	10	0	1	440	351	790	0.0	758	2479838
141e27b7b470b6df5d5483a459fff084	gi|2363082679|ref|NR_179587.1|	96.591	440	15	0	1	440	328	767	0.0	730	1926283
141e27b7b470b6df5d5483a459fff084	gi|2363081854|ref|NR_179173.1|	96.591	440	15	0	1	440	333	772	0.0	730	2126740
141e27b7b470b6df5d5483a459fff084	gi|645321072|ref|NR_118128.1|	96.591	440	15	0	1	440	174	613	0.0	730	1531
141e27b7b470b6df5d5483a459fff084	gi|631252212|ref|NR_113410.1|	96.591	440	15	0	1	440	257	696	0.0	730	208479
141e27b7b470b6df5d5483a459fff084	gi|219878428|ref|NR_025567.1|	96.591	440	15	0	1	440	348	787	0.0	730	208479
141e27b7b470b6df5d5483a459fff084	gi|2363082583|ref|NR_179538.1|	96.364	440	16	0	1	440	346	785	0.0	725	1852382
141e27b7b470b6df5d5483a459fff084	gi|545589118|ref|NR_044715.2|	96.136	440	17	0	1	440	355	794	0.0	721	1531
141e27b7b470b6df5d5483a459fff084	gi|1315204019|ref|NR_152688.1|	96.136	440	17	0	1	440	348	787	0.0	719	433279
06736b67220d67b45b45d730ab37c93f	gi|2363080125|ref|NR_178281.1|	99.545	440	2	0	1	440	340	779	0.0	802	105843
06736b67220d67b45b45d730ab37c93f	gi|645321789|ref|NR_118673.1|	98.636	440	6	0	1	440	354	793	0.0	787	39488
06736b67220d67b45b45d730ab37c93f	gi|219856842|ref|NR_024661.1|	95.238	441	19	2	1	440	361	800	0.0	697	42322
06736b67220d67b45b45d730ab37c93f	gi|343198925|ref|NR_044049.1|	94.773	440	23	0	1	440	316	755	0.0	686	33043
06736b67220d67b45b45d730ab37c93f	gi|2363086278|ref|NR_181391.1|	94.558	441	22	2	1	440	249	688	0.0	680	2763670
06736b67220d67b45b45d730ab37c93f	gi|645322302|ref|NR_119085.1|	94.570	442	18	5	1	440	347	784	0.0	678	29364
06736b67220d67b45b45d730ab37c93f	gi|559795246|ref|NR_104836.1|	94.104	441	24	2	1	440	333	772	0.0	669	706562
06736b67220d67b45b45d730ab37c93f	gi|219846511|ref|NR_026103.1|	94.118	442	22	4	1	440	316	755	0.0	669	37658
06736b67220d67b45b45d730ab37c93f	gi|645321792|ref|NR_118676.1|	93.636	440	28	0	1	440	370	809	0.0	667	39497
06736b67220d67b45b45d730ab37c93f	gi|1277396381|ref|NR_152095.1|	93.651	441	26	2	1	440	348	787	0.0	658	1679721
a17ad242fe26e9878663870dfa9d7a19	gi|2363084431|ref|NR_180463.1|	95.217	460	22	0	1	460	340	799	0.0	728	2650158
a17ad242fe26e9878663870dfa9d7a19	gi|631251749|ref|NR_112947.1|	94.783	460	24	0	1	460	326	785	0.0	719	657309
a17ad242fe26e9878663870dfa9d7a19	gi|343201773|ref|NR_042499.1|	94.783	460	24	0	1	460	294	753	0.0	717	657309
a17ad242fe26e9878663870dfa9d7a19	gi|631251869|ref|NR_113067.1|	94.565	460	25	0	1	460	325	784	0.0	712	1077285
a17ad242fe26e9878663870dfa9d7a19	gi|631251733|ref|NR_112931.1|	94.565	460	25	0	1	460	340	799	0.0	712	85831
a17ad242fe26e9878663870dfa9d7a19	gi|645320100|ref|NR_117387.1|	94.565	460	25	0	1	460	320	779	0.0	712	1077285
a17ad242fe26e9878663870dfa9d7a19	gi|265678305|ref|NR_028607.1|	94.553	459	25	0	2	460	333	791	0.0	710	85831
a17ad242fe26e9878663870dfa9d7a19	gi|444303855|ref|NR_074277.1|	94.360	461	24	2	1	460	352	811	0.0	706	818
a17ad242fe26e9878663870dfa9d7a19	gi|631252008|ref|NR_113206.1|	94.348	460	26	0	1	460	336	795	0.0	706	1236513
a17ad242fe26e9878663870dfa9d7a19	gi|631251873|ref|NR_113071.1|	94.348	460	26	0	1	460	341	800	0.0	706	1236498
113896c2e0a24ef529f91b87d7dea825	gi|631251954|ref|NR_113152.1|	94.783	460	24	0	1	460	337	796	0.0	717	28117
113896c2e0a24ef529f91b87d7dea825	gi|219846319|ref|NR_025909.1|	93.261	460	31	0	1	460	344	803	0.0	699	28117
113896c2e0a24ef529f91b87d7dea825	gi|645321193|ref|NR_118219.1|	92.408	461	33	2	1	460	332	791	0.0	656	1033732
113896c2e0a24ef529f91b87d7dea825	gi|672239000|ref|NR_125589.1|	92.191	461	34	2	1	460	269	728	0.0	651	1033731
113896c2e0a24ef529f91b87d7dea825	gi|2363086959|ref|NR_181736.1|	91.974	461	35	2	1	460	334	793	0.0	645	2834113
113896c2e0a24ef529f91b87d7dea825	gi|2363082099|ref|NR_179296.1|	91.974	461	35	2	1	460	324	783	0.0	645	2585119
113896c2e0a24ef529f91b87d7dea825	gi|631251953|ref|NR_113151.1|	91.558	462	35	4	1	460	338	797	0.0	634	328813
113896c2e0a24ef529f91b87d7dea825	gi|343202833|ref|NR_043318.1|	91.558	462	35	4	1	460	324	783	0.0	634	328813
113896c2e0a24ef529f91b87d7dea825	gi|2363082505|ref|NR_179499.1|	91.145	463	35	6	1	460	342	801	3.63e-178	623	2364787
113896c2e0a24ef529f91b87d7dea825	gi|507148137|ref|NR_102944.1|	91.106	461	39	2	1	460	334	793	3.63e-178	623	214856
91fa12e7adaaa983eac56f456a7bba9f	gi|2363082679|ref|NR_179587.1|	98.864	440	5	0	1	440	328	767	0.0	785	1926283
91fa12e7adaaa983eac56f456a7bba9f	gi|2363081854|ref|NR_179173.1|	98.864	440	5	0	1	440	333	772	0.0	785	2126740
91fa12e7adaaa983eac56f456a7bba9f	gi|1384992332|ref|NR_156081.1|	96.591	440	15	0	1	440	336	775	0.0	730	1469948
91fa12e7adaaa983eac56f456a7bba9f	gi|1384992329|ref|NR_156078.1|	96.591	440	15	0	1	440	336	775	0.0	730	1469948
91fa12e7adaaa983eac56f456a7bba9f	gi|3030611230|ref|NR_199906.1|	96.364	440	16	0	1	440	354	793	0.0	725	3123317
91fa12e7adaaa983eac56f456a7bba9f	gi|2363082059|ref|NR_179276.1|	96.364	440	16	0	1	440	334	773	0.0	725	2316025
91fa12e7adaaa983eac56f456a7bba9f	gi|3030611314|ref|NR_199990.1|	96.364	440	16	0	1	440	350	789	0.0	725	3123317
91fa12e7adaaa983eac56f456a7bba9f	gi|1384992331|ref|NR_156080.1|	96.364	440	16	0	1	440	336	775	0.0	725	1469948
91fa12e7adaaa983eac56f456a7bba9f	gi|1384992328|ref|NR_156077.1|	96.364	440	16	0	1	440	336	775	0.0	725	1469948
91fa12e7adaaa983eac56f456a7bba9f	gi|2363085097|ref|NR_180797.1|	96.364	440	16	0	1	440	346	785	0.0	725	2605778
d93499789af9f07f3111ff72dff7f183	gi|631251747|ref|NR_112945.1|	96.117	309	10	2	133	440	479	786	4.71e-142	503	820
d93499789af9f07f3111ff72dff7f183	gi|343200179|ref|NR_040866.1|	96.117	309	10	2	133	440	486	793	4.71e-142	503	820
d93499789af9f07f3111ff72dff7f183	gi|2363086550|ref|NR_181532.1|	95.793	309	11	2	133	440	474	781	2.19e-140	497	2763025
d93499789af9f07f3111ff72dff7f183	gi|2363082773|ref|NR_179635.1|	95.146	309	13	2	133	440	490	797	4.75e-137	486	2024197
d93499789af9f07f3111ff72dff7f183	gi|631252009|ref|NR_113207.1|	95.146	309	13	2	133	440	486	793	4.75e-137	486	1236514
d93499789af9f07f3111ff72dff7f183	gi|631251874|ref|NR_113072.1|	95.146	309	13	2	133	440	490	797	4.75e-137	486	1236512
d93499789af9f07f3111ff72dff7f183	gi|631251872|ref|NR_113070.1|	95.146	309	13	2	133	440	486	793	4.75e-137	486	742727
d93499789af9f07f3111ff72dff7f183	gi|631251870|ref|NR_113068.1|	95.146	309	13	2	133	440	488	795	4.75e-137	486	763034
d93499789af9f07f3111ff72dff7f183	gi|631251697|ref|NR_112895.1|	95.146	309	13	2	133	440	466	773	4.75e-137	486	742727
d93499789af9f07f3111ff72dff7f183	gi|631251696|ref|NR_112894.1|	95.146	309	13	2	133	440	468	775	4.75e-137	486	763034
9a89eef2f898719793c88ade61e427c4	gi|2136551628|ref|NR_173632.1|	96.591	440	15	0	1	440	301	740	0.0	730	2068655
9a89eef2f898719793c88ade61e427c4	gi|1384992332|ref|NR_156081.1|	96.364	440	16	0	1	440	336	775	0.0	725	1469948
9a89eef2f898719793c88ade61e427c4	gi|1384992329|ref|NR_156078.1|	96.364	440	16	0	1	440	336	775	0.0	725	1469948
9a89eef2f898719793c88ade61e427c4	gi|3030611230|ref|NR_199906.1|	96.136	440	17	0	1	440	354	793	0.0	719	3123317
9a89eef2f898719793c88ade61e427c4	gi|3030611314|ref|NR_199990.1|	96.136	440	17	0	1	440	350	789	0.0	719	3123317
9a89eef2f898719793c88ade61e427c4	gi|1384992331|ref|NR_156080.1|	96.136	440	17	0	1	440	336	775	0.0	719	1469948
9a89eef2f898719793c88ade61e427c4	gi|1384992328|ref|NR_156077.1|	96.136	440	17	0	1	440	336	775	0.0	719	1469948
9a89eef2f898719793c88ade61e427c4	gi|2363086292|ref|NR_181398.1|	96.136	440	17	0	1	440	299	738	0.0	719	2763667
9a89eef2f898719793c88ade61e427c4	gi|2363082679|ref|NR_179587.1|	95.909	440	18	0	1	440	328	767	0.0	713	1926283
9a89eef2f898719793c88ade61e427c4	gi|2363081854|ref|NR_179173.1|	95.909	440	18	0	1	440	333	772	0.0	713	2126740
c5951754194e064bdf94c0791da24273	gi|2136551692|ref|NR_173697.1|	99.774	442	1	0	1	442	349	790	0.0	811	2108523
c5951754194e064bdf94c0791da24273	gi|2363082358|ref|NR_179426.1|	98.871	443	4	1	1	442	349	791	0.0	789	1702285
c5951754194e064bdf94c0791da24273	gi|1193829127|ref|NR_147370.1|	97.517	443	10	1	1	442	349	791	0.0	756	1870988
c5951754194e064bdf94c0791da24273	gi|2363082326|ref|NR_179410.1|	97.517	443	10	1	1	442	349	791	0.0	756	1650661
c5951754194e064bdf94c0791da24273	gi|2363084741|ref|NR_180619.1|	96.840	443	13	1	1	442	347	789	0.0	739	2779352
c5951754194e064bdf94c0791da24273	gi|3030611323|ref|NR_199999.1|	96.614	443	14	1	1	442	301	743	0.0	734	3133422
c5951754194e064bdf94c0791da24273	gi|2363082342|ref|NR_179418.1|	96.614	443	14	1	1	442	348	790	0.0	734	1673721
c5951754194e064bdf94c0791da24273	gi|2363082352|ref|NR_179423.1|	96.614	443	14	1	1	442	349	791	0.0	734	1689270
c5951754194e064bdf94c0791da24273	gi|343198636|ref|NR_043142.1|	96.614	443	14	1	1	442	323	765	0.0	734	292800
c5951754194e064bdf94c0791da24273	gi|265679048|ref|NR_029356.1|	96.614	443	14	1	1	442	336	778	0.0	734	292800
8299134ceb1089d06e50ee06e092bc4a	gi|645321636|ref|NR_118554.1|	99.323	443	3	0	1	443	329	771	0.0	802	1297617
8299134ceb1089d06e50ee06e092bc4a	gi|2363082326|ref|NR_179410.1|	95.937	443	18	0	1	443	349	791	0.0	719	1650661
8299134ceb1089d06e50ee06e092bc4a	gi|2363082352|ref|NR_179423.1|	95.495	444	18	2	1	443	349	791	0.0	708	1689270
8299134ceb1089d06e50ee06e092bc4a	gi|2363082342|ref|NR_179418.1|	95.034	443	22	0	1	443	348	790	0.0	697	1673721
8299134ceb1089d06e50ee06e092bc4a	gi|2136551692|ref|NR_173697.1|	95.034	443	21	1	1	443	349	790	0.0	695	2108523
8299134ceb1089d06e50ee06e092bc4a	gi|1193829127|ref|NR_147370.1|	94.582	443	24	0	1	443	349	791	0.0	686	1870988
8299134ceb1089d06e50ee06e092bc4a	gi|2363084741|ref|NR_180619.1|	94.582	443	24	0	1	443	347	789	0.0	686	2779352
8299134ceb1089d06e50ee06e092bc4a	gi|2363082358|ref|NR_179426.1|	94.357	443	25	0	1	443	349	791	0.0	680	1702285
8299134ceb1089d06e50ee06e092bc4a	gi|343198636|ref|NR_043142.1|	94.357	443	25	0	1	443	323	765	0.0	680	292800
8299134ceb1089d06e50ee06e092bc4a	gi|265679048|ref|NR_029356.1|	94.357	443	25	0	1	443	336	778	0.0	680	292800
da5c18630d5605b1f339061e347fb468	gi|265678656|ref|NR_028961.1|	92.273	440	34	0	1	440	327	766	9.64e-179	625	853
da5c18630d5605b1f339061e347fb468	gi|3030611269|ref|NR_199945.1|	91.818	440	36	0	1	440	335	774	2.09e-175	614	3435293
da5c18630d5605b1f339061e347fb468	gi|2363081451|ref|NR_178972.1|	91.818	440	36	0	1	440	285	724	2.09e-175	614	1851428
da5c18630d5605b1f339061e347fb468	gi|2363082282|ref|NR_179388.1|	91.629	442	33	4	1	440	335	774	9.71e-174	608	2935520
da5c18630d5605b1f339061e347fb468	gi|2363080123|ref|NR_178280.1|	91.591	440	37	0	1	440	331	770	9.71e-174	608	411483
da5c18630d5605b1f339061e347fb468	gi|2363081449|ref|NR_178971.1|	91.364	440	37	1	1	440	285	723	1.62e-171	601	1851427
da5c18630d5605b1f339061e347fb468	gi|2363080175|ref|NR_178311.1|	90.682	440	41	0	1	440	412	851	4.55e-167	586	2903556
da5c18630d5605b1f339061e347fb468	gi|219846327|ref|NR_025917.1|	89.796	441	42	3	1	440	309	747	7.67e-160	562	35830
da5c18630d5605b1f339061e347fb468	gi|507148180|ref|NR_102987.1|	89.545	440	46	0	1	440	464	903	9.92e-159	558	720554
da5c18630d5605b1f339061e347fb468	gi|2363082168|ref|NR_179330.1|	89.367	442	45	2	1	440	327	768	1.28e-157	555	2714355
8ca12622933a431008146ee7d03e163b	gi|2363085151|ref|NR_180824.1|	97.732	441	10	0	1	441	322	762	0.0	760	2606640
8ca12622933a431008146ee7d03e163b	gi|228717635|ref|NR_027565.1|	93.424	441	29	0	1	441	316	756	0.0	654	172901
8ca12622933a431008146ee7d03e163b	gi|645321370|ref|NR_118352.1|	93.424	441	28	1	1	441	321	760	0.0	652	340101
8ca12622933a431008146ee7d03e163b	gi|566085134|ref|NR_108870.1|	81.941	443	76	4	1	441	328	768	1.39e-102	372	1096341
8ca12622933a431008146ee7d03e163b	gi|219846673|ref|NR_026265.1|	81.448	442	79	3	1	441	315	754	1.08e-98	359	53342
8ca12622933a431008146ee7d03e163b	gi|343205970|ref|NR_044489.1|	81.348	445	77	6	1	441	336	778	3.89e-98	357	857293
8ca12622933a431008146ee7d03e163b	gi|219846309|ref|NR_025899.1|	81.306	444	79	3	1	441	339	781	3.89e-98	357	29344
8ca12622933a431008146ee7d03e163b	gi|2180566387|ref|NR_174250.1|	81.264	443	78	5	1	441	287	726	5.03e-97	353	2769420
8ca12622933a431008146ee7d03e163b	gi|219857367|ref|NR_024955.1|	81.264	443	78	4	2	441	315	755	5.03e-97	353	95159
8ca12622933a431008146ee7d03e163b	gi|2363082332|ref|NR_179413.1|	81.038	443	79	5	1	441	333	772	2.34e-95	348	1658110
9b8f08a9ec4565bede703cec7fd74b3b	gi|2363086550|ref|NR_181532.1|	89.849	463	41	6	1	460	322	781	3.69e-168	590	2763025
9b8f08a9ec4565bede703cec7fd74b3b	gi|631251747|ref|NR_112945.1|	89.827	462	43	4	1	460	327	786	3.69e-168	590	820
9b8f08a9ec4565bede703cec7fd74b3b	gi|631251745|ref|NR_112943.1|	89.805	461	45	2	1	460	326	785	3.69e-168	590	449673
9b8f08a9ec4565bede703cec7fd74b3b	gi|343200179|ref|NR_040866.1|	89.827	462	43	4	1	460	334	793	3.69e-168	590	820
9b8f08a9ec4565bede703cec7fd74b3b	gi|224581415|ref|NR_027196.1|	89.394	462	45	4	1	460	317	776	2.22e-165	580	449673
9b8f08a9ec4565bede703cec7fd74b3b	gi|631251735|ref|NR_112933.1|	89.394	462	45	4	1	460	334	793	7.98e-165	579	246787
9b8f08a9ec4565bede703cec7fd74b3b	gi|631251871|ref|NR_113069.1|	89.177	462	46	4	1	460	336	795	3.71e-163	573	477666
9b8f08a9ec4565bede703cec7fd74b3b	gi|343200955|ref|NR_041642.1|	89.177	462	46	4	1	460	302	761	3.71e-163	573	477666
9b8f08a9ec4565bede703cec7fd74b3b	gi|343200620|ref|NR_041307.1|	88.937	461	49	2	1	460	334	793	1.73e-161	568	329854
9b8f08a9ec4565bede703cec7fd74b3b	gi|2363082773|ref|NR_179635.1|	88.793	464	44	8	1	460	338	797	8.03e-160	562	2024197
434e3eba6db5cd19b9d6404c8c895de8	gi|265678858|ref|NR_029164.1|	99.138	464	4	0	1	464	349	812	0.0	837	1522
434e3eba6db5cd19b9d6404c8c895de8	gi|1109168031|ref|NR_144614.1|	94.409	465	24	2	1	464	288	751	0.0	713	1796635
434e3eba6db5cd19b9d6404c8c895de8	gi|2363082145|ref|NR_179319.1|	92.903	465	31	2	1	464	337	800	0.0	675	2583452
434e3eba6db5cd19b9d6404c8c895de8	gi|545589049|ref|NR_044648.2|	92.888	464	33	0	1	464	351	814	0.0	675	39494
434e3eba6db5cd19b9d6404c8c895de8	gi|3248465743|ref|NR_201757.1|	92.704	466	30	3	1	464	347	810	0.0	669	3681510
434e3eba6db5cd19b9d6404c8c895de8	gi|2363081170|ref|NR_178828.1|	92.704	466	31	3	1	464	281	745	0.0	669	2583452
434e3eba6db5cd19b9d6404c8c895de8	gi|545589047|ref|NR_044647.2|	92.457	464	35	0	1	464	352	815	0.0	664	428127
434e3eba6db5cd19b9d6404c8c895de8	gi|631252211|ref|NR_113409.1|	92.457	464	35	0	1	464	334	797	0.0	664	31971
434e3eba6db5cd19b9d6404c8c895de8	gi|2621112335|ref|NR_189239.1|	92.241	464	36	0	1	464	289	752	0.0	658	2764325
434e3eba6db5cd19b9d6404c8c895de8	gi|2363082631|ref|NR_179562.1|	91.453	468	32	8	1	464	343	806	0.0	636	1871030
a728ba54cb0828e0b1ef81edf62bd166	gi|631251874|ref|NR_113072.1|	93.074	462	28	4	1	460	338	797	0.0	673	1236512
a728ba54cb0828e0b1ef81edf62bd166	gi|2363082635|ref|NR_179564.1|	92.888	464	25	8	1	460	338	797	0.0	667	1903262
a728ba54cb0828e0b1ef81edf62bd166	gi|631251816|ref|NR_113014.1|	92.857	462	29	4	1	460	338	797	0.0	667	1236512
a728ba54cb0828e0b1ef81edf62bd166	gi|631251747|ref|NR_112945.1|	92.857	462	29	4	1	460	327	786	0.0	667	820
a728ba54cb0828e0b1ef81edf62bd166	gi|343200179|ref|NR_040866.1|	92.857	462	29	4	1	460	334	793	0.0	667	820
a728ba54cb0828e0b1ef81edf62bd166	gi|2363082773|ref|NR_179635.1|	92.657	463	28	6	1	460	338	797	0.0	662	2024197
a728ba54cb0828e0b1ef81edf62bd166	gi|631251872|ref|NR_113070.1|	92.625	461	32	2	1	460	334	793	0.0	662	742727
a728ba54cb0828e0b1ef81edf62bd166	gi|631251697|ref|NR_112895.1|	92.625	461	32	2	1	460	314	773	0.0	662	742727
a728ba54cb0828e0b1ef81edf62bd166	gi|2363086550|ref|NR_181532.1|	92.441	463	29	6	1	460	322	781	0.0	656	2763025
a728ba54cb0828e0b1ef81edf62bd166	gi|631251870|ref|NR_113068.1|	92.208	462	32	4	1	460	336	795	0.0	651	763034
fda26b4be760697367c414fbdcfd3242	gi|1116030269|ref|NR_144727.1|	97.727	440	10	0	1	440	335	774	0.0	758	1673717
fda26b4be760697367c414fbdcfd3242	gi|2363083495|ref|NR_179996.1|	94.545	440	24	0	1	440	363	802	0.0	680	2764322
fda26b4be760697367c414fbdcfd3242	gi|2180566484|ref|NR_174324.1|	93.651	441	26	2	1	440	346	785	0.0	658	2576756
fda26b4be760697367c414fbdcfd3242	gi|2363086260|ref|NR_181382.1|	93.197	441	28	2	1	440	322	761	0.0	647	2763662
fda26b4be760697367c414fbdcfd3242	gi|1116030278|ref|NR_144736.1|	92.955	440	31	0	1	440	360	799	0.0	641	1776382
fda26b4be760697367c414fbdcfd3242	gi|1109168013|ref|NR_144605.1|	92.500	440	33	0	1	440	367	806	2.07e-180	630	1796620
fda26b4be760697367c414fbdcfd3242	gi|2836274967|ref|NR_197730.1|	92.273	440	34	0	1	440	312	751	9.64e-179	625	3093658
fda26b4be760697367c414fbdcfd3242	gi|2836274968|ref|NR_197731.1|	92.045	440	35	0	1	440	306	745	4.48e-177	619	3093659
fda26b4be760697367c414fbdcfd3242	gi|2836274966|ref|NR_197729.1|	91.837	441	34	2	1	440	304	743	2.09e-175	614	3093657
fda26b4be760697367c414fbdcfd3242	gi|636558732|ref|NR_114789.1|	91.818	440	36	0	1	440	347	786	2.09e-175	614	1535
3317341e348a562d647dd8437d9cebcb	gi|2363081451|ref|NR_178972.1|	92.099	443	31	4	1	442	285	724	1.25e-177	621	1851428
3317341e348a562d647dd8437d9cebcb	gi|3030611269|ref|NR_199945.1|	91.874	443	32	4	1	442	335	774	5.83e-176	616	3435293
3317341e348a562d647dd8437d9cebcb	gi|265678656|ref|NR_028961.1|	91.422	443	34	4	1	442	327	766	1.26e-172	604	853
3317341e348a562d647dd8437d9cebcb	gi|2363082282|ref|NR_179388.1|	91.196	443	35	4	1	442	335	774	5.87e-171	599	2935520
3317341e348a562d647dd8437d9cebcb	gi|2363080123|ref|NR_178280.1|	91.196	443	35	4	1	442	331	770	5.87e-171	599	411483
3317341e348a562d647dd8437d9cebcb	gi|2363081449|ref|NR_178971.1|	90.745	443	36	5	1	442	285	723	4.57e-167	586	1851427
3317341e348a562d647dd8437d9cebcb	gi|2363082356|ref|NR_179425.1|	90.359	446	33	9	1	442	351	790	2.75e-164	577	1689304
3317341e348a562d647dd8437d9cebcb	gi|1397641802|ref|NR_156911.1|	89.888	445	37	7	1	442	351	790	5.95e-161	566	1650663
3317341e348a562d647dd8437d9cebcb	gi|2363080175|ref|NR_178311.1|	89.165	443	44	4	1	442	412	851	6.00e-156	549	2903556
3317341e348a562d647dd8437d9cebcb	gi|2363082352|ref|NR_179423.1|	88.939	443	48	1	1	442	349	791	7.76e-155	545	1689270
2df1ed152141cf87cfca562a76320ea7	gi|1116030269|ref|NR_144727.1|	91.011	445	33	6	1	443	335	774	2.74e-169	593	1673717
2df1ed152141cf87cfca562a76320ea7	gi|2363082601|ref|NR_179547.1|	90.971	443	37	1	1	443	347	786	2.74e-169	593	1870991
2df1ed152141cf87cfca562a76320ea7	gi|228717037|ref|NR_027558.1|	90.991	444	34	5	1	443	292	730	2.74e-169	593	169435
2df1ed152141cf87cfca562a76320ea7	gi|2180566484|ref|NR_174324.1|	90.766	444	36	3	1	443	346	785	1.27e-167	588	2576756
2df1ed152141cf87cfca562a76320ea7	gi|631252162|ref|NR_113360.1|	90.519	443	42	0	1	443	339	781	4.58e-167	586	1121303
2df1ed152141cf87cfca562a76320ea7	gi|645319736|ref|NR_117111.1|	90.519	443	42	0	1	443	336	778	4.58e-167	586	29371
2df1ed152141cf87cfca562a76320ea7	gi|219846512|ref|NR_026104.1|	90.519	443	42	0	1	443	312	754	4.58e-167	586	1121303
2df1ed152141cf87cfca562a76320ea7	gi|2363083495|ref|NR_179996.1|	90.541	444	37	3	1	443	363	802	5.93e-166	582	2764322
2df1ed152141cf87cfca562a76320ea7	gi|2136551683|ref|NR_173688.1|	90.519	443	39	1	1	443	321	760	5.93e-166	582	2780922
2df1ed152141cf87cfca562a76320ea7	gi|265679047|ref|NR_029355.1|	90.519	443	39	1	1	443	332	771	5.93e-166	582	84026
ca1c3b2d1cf8d02835b1546f1b4d0f32	gi|645320100|ref|NR_117387.1|	92.672	464	26	6	1	460	320	779	0.0	662	1077285
ca1c3b2d1cf8d02835b1546f1b4d0f32	gi|343200626|ref|NR_041313.1|	92.457	464	27	6	1	460	340	799	0.0	656	338188
ca1c3b2d1cf8d02835b1546f1b4d0f32	gi|1269806089|ref|NR_074784.2|	92.009	463	31	5	1	460	345	804	0.0	645	272559
ca1c3b2d1cf8d02835b1546f1b4d0f32	gi|631251738|ref|NR_112936.1|	92.009	463	31	5	1	460	338	797	0.0	645	817
ca1c3b2d1cf8d02835b1546f1b4d0f32	gi|645322408|ref|NR_119164.1|	92.009	463	31	5	1	460	317	776	0.0	645	817
ca1c3b2d1cf8d02835b1546f1b4d0f32	gi|631251744|ref|NR_112942.1|	91.304	460	40	0	1	460	323	782	7.81e-180	628	291644
ca1c3b2d1cf8d02835b1546f1b4d0f32	gi|631253118|ref|NR_114316.1|	91.106	461	39	2	1	460	269	728	3.63e-178	623	1445607
ca1c3b2d1cf8d02835b1546f1b4d0f32	gi|631252009|ref|NR_113207.1|	91.164	464	33	7	1	460	334	793	3.63e-178	623	1236514
ca1c3b2d1cf8d02835b1546f1b4d0f32	gi|631251874|ref|NR_113072.1|	91.145	463	35	5	1	460	338	797	3.63e-178	623	1236512
ca1c3b2d1cf8d02835b1546f1b4d0f32	gi|631251747|ref|NR_112945.1|	91.087	460	41	0	1	460	327	786	3.63e-178	623	820
aa39717b53647da8728d6e5dd5d81907	gi|939733298|ref|NR_133025.1|	92.826	460	33	0	1	460	275	734	0.0	667	2585118
aa39717b53647da8728d6e5dd5d81907	gi|631251954|ref|NR_113152.1|	89.783	460	47	0	1	460	337	796	3.69e-168	590	28117
aa39717b53647da8728d6e5dd5d81907	gi|2363082099|ref|NR_179296.1|	89.130	460	50	0	1	460	324	783	3.71e-163	573	2585119
aa39717b53647da8728d6e5dd5d81907	gi|672239000|ref|NR_125589.1|	89.154	461	48	2	1	460	269	728	3.71e-163	573	1033731
aa39717b53647da8728d6e5dd5d81907	gi|631251735|ref|NR_112933.1|	88.696	460	52	0	1	460	334	793	8.03e-160	562	246787
aa39717b53647da8728d6e5dd5d81907	gi|631251878|ref|NR_113076.1|	88.478	460	53	0	1	460	324	783	3.74e-158	556	927665
aa39717b53647da8728d6e5dd5d81907	gi|343202832|ref|NR_043317.1|	88.478	460	53	0	1	460	284	743	3.74e-158	556	328812
aa39717b53647da8728d6e5dd5d81907	gi|343200620|ref|NR_041307.1|	88.478	460	53	0	1	460	334	793	3.74e-158	556	329854
aa39717b53647da8728d6e5dd5d81907	gi|2363086550|ref|NR_181532.1|	88.261	460	54	0	1	460	322	781	1.74e-156	551	2763025
aa39717b53647da8728d6e5dd5d81907	gi|631251747|ref|NR_112945.1|	88.261	460	54	0	1	460	327	786	1.74e-156	551	820
5fc530775f2df31c97baf737dda26522	gi|3030611269|ref|NR_199945.1|	97.735	309	5	2	153	460	467	774	2.27e-150	531	3435293
5fc530775f2df31c97baf737dda26522	gi|265678656|ref|NR_028961.1|	97.735	309	5	2	153	460	459	766	2.27e-150	531	853
5fc530775f2df31c97baf737dda26522	gi|2363081451|ref|NR_178972.1|	97.411	309	6	2	153	460	417	724	1.05e-148	525	1851428
5fc530775f2df31c97baf737dda26522	gi|2363080123|ref|NR_178280.1|	97.411	309	6	2	153	460	463	770	1.05e-148	525	411483
5fc530775f2df31c97baf737dda26522	gi|2363081449|ref|NR_178971.1|	97.087	309	6	3	153	460	417	723	1.76e-146	518	1851427
5fc530775f2df31c97baf737dda26522	gi|2363082282|ref|NR_179388.1|	96.452	310	7	4	153	460	467	774	1.06e-143	508	2935520
5fc530775f2df31c97baf737dda26522	gi|2363080175|ref|NR_178311.1|	95.146	309	13	2	153	460	544	851	4.97e-137	486	2903556
5fc530775f2df31c97baf737dda26522	gi|2363084747|ref|NR_180622.1|	94.059	303	16	2	159	460	473	774	1.08e-128	459	2779354
5fc530775f2df31c97baf737dda26522	gi|2363082356|ref|NR_179425.1|	93.709	302	19	0	159	460	489	790	5.04e-127	453	1689304
5fc530775f2df31c97baf737dda26522	gi|1397641802|ref|NR_156911.1|	93.377	302	20	0	159	460	489	790	2.35e-125	448	1650663
4808fd8f246044aaf71b87a21df5bc72	gi|1040567059|ref|NR_137408.1|	97.267	439	12	0	1	439	290	728	0.0	745	1460447
4808fd8f246044aaf71b87a21df5bc72	gi|559795157|ref|NR_104744.1|	97.039	439	13	0	1	439	320	758	0.0	739	1541
4808fd8f246044aaf71b87a21df5bc72	gi|645322288|ref|NR_119074.1|	97.039	439	13	0	1	439	297	735	0.0	739	1121315
4808fd8f246044aaf71b87a21df5bc72	gi|1116030282|ref|NR_144740.1|	96.128	439	17	0	1	439	321	759	0.0	717	1776391
4808fd8f246044aaf71b87a21df5bc72	gi|228718376|ref|NR_027573.1|	95.900	439	18	0	1	439	303	741	0.0	712	261299
4808fd8f246044aaf71b87a21df5bc72	gi|2363083072|ref|NR_179784.1|	95.672	439	19	0	1	439	301	739	0.0	706	2020948
4808fd8f246044aaf71b87a21df5bc72	gi|645322235|ref|NR_119034.1|	95.672	439	18	1	1	439	320	757	0.0	704	1121321
4808fd8f246044aaf71b87a21df5bc72	gi|2363082877|ref|NR_179687.1|	95.444	439	20	0	1	439	273	711	0.0	701	2662455
4808fd8f246044aaf71b87a21df5bc72	gi|1230874654|ref|NR_148815.1|	95.444	439	20	0	1	439	319	757	0.0	701	1629550
4808fd8f246044aaf71b87a21df5bc72	gi|974142280|ref|NR_134800.1|	95.444	439	20	0	1	439	255	693	0.0	701	1368474
b366b03af7857f73ed9b5794497ec516	gi|3030611324|ref|NR_200000.1|	97.065	443	13	0	1	443	301	743	0.0	747	3342383
b366b03af7857f73ed9b5794497ec516	gi|1109168025|ref|NR_144611.1|	97.065	443	13	0	1	443	282	724	0.0	747	1417852
b366b03af7857f73ed9b5794497ec516	gi|343198636|ref|NR_043142.1|	95.260	443	21	0	1	443	323	765	0.0	702	292800
b366b03af7857f73ed9b5794497ec516	gi|265679048|ref|NR_029356.1|	95.260	443	21	0	1	443	336	778	0.0	702	292800
b366b03af7857f73ed9b5794497ec516	gi|2363082326|ref|NR_179410.1|	94.582	443	24	0	1	443	349	791	0.0	686	1650661
b366b03af7857f73ed9b5794497ec516	gi|2136551692|ref|NR_173697.1|	94.582	443	23	1	1	443	349	790	0.0	684	2108523
b366b03af7857f73ed9b5794497ec516	gi|2363084741|ref|NR_180619.1|	94.357	443	25	0	1	443	347	789	0.0	680	2779352
b366b03af7857f73ed9b5794497ec516	gi|1193829127|ref|NR_147370.1|	94.131	443	26	0	1	443	349	791	0.0	675	1870988
b366b03af7857f73ed9b5794497ec516	gi|2363082358|ref|NR_179426.1|	93.905	443	27	0	1	443	349	791	0.0	669	1702285
b366b03af7857f73ed9b5794497ec516	gi|645321636|ref|NR_118554.1|	93.905	443	27	0	1	443	329	771	0.0	669	1297617
b4fb3831ad8cc2dcfbdc4d43923beb0b	gi|3030611269|ref|NR_199945.1|	85.618	445	54	8	1	440	335	774	1.03e-128	459	3435293
b4fb3831ad8cc2dcfbdc4d43923beb0b	gi|2363081451|ref|NR_178972.1|	85.393	445	55	8	1	440	285	724	4.81e-127	453	1851428
b4fb3831ad8cc2dcfbdc4d43923beb0b	gi|2363080175|ref|NR_178311.1|	85.294	442	61	4	1	440	412	851	4.81e-127	453	2903556
b4fb3831ad8cc2dcfbdc4d43923beb0b	gi|265678656|ref|NR_028961.1|	85.393	445	55	8	1	440	327	766	4.81e-127	453	853
b4fb3831ad8cc2dcfbdc4d43923beb0b	gi|2363082282|ref|NR_179388.1|	85.202	446	54	10	1	440	335	774	2.24e-125	448	2935520
b4fb3831ad8cc2dcfbdc4d43923beb0b	gi|2363080123|ref|NR_178280.1|	85.102	443	60	5	1	440	331	770	2.24e-125	448	411483
b4fb3831ad8cc2dcfbdc4d43923beb0b	gi|2363081449|ref|NR_178971.1|	84.650	443	61	6	1	440	285	723	1.74e-121	435	1851427
b4fb3831ad8cc2dcfbdc4d43923beb0b	gi|1116030269|ref|NR_144727.1|	84.424	443	63	6	1	440	335	774	2.26e-120	431	1673717
b4fb3831ad8cc2dcfbdc4d43923beb0b	gi|2363083495|ref|NR_179996.1|	84.009	444	63	6	1	440	363	802	4.88e-117	420	2764322
b4fb3831ad8cc2dcfbdc4d43923beb0b	gi|566085050|ref|NR_108636.1|	84.045	445	61	9	1	440	348	787	4.88e-117	420	682400
f6845c57553d2d2aa19a9cb8b80ccfbd	gi|2363082679|ref|NR_179587.1|	96.591	440	15	0	1	440	328	767	0.0	730	1926283
f6845c57553d2d2aa19a9cb8b80ccfbd	gi|2363081854|ref|NR_179173.1|	96.591	440	15	0	1	440	333	772	0.0	730	2126740
f6845c57553d2d2aa19a9cb8b80ccfbd	gi|3030611230|ref|NR_199906.1|	95.909	440	18	0	1	440	354	793	0.0	713	3123317
f6845c57553d2d2aa19a9cb8b80ccfbd	gi|3030611314|ref|NR_199990.1|	95.909	440	18	0	1	440	350	789	0.0	713	3123317
f6845c57553d2d2aa19a9cb8b80ccfbd	gi|2836274880|ref|NR_197643.1|	95.909	440	18	0	1	440	329	768	0.0	713	2962432
f6845c57553d2d2aa19a9cb8b80ccfbd	gi|1384992331|ref|NR_156080.1|	95.909	440	18	0	1	440	336	775	0.0	713	1469948
f6845c57553d2d2aa19a9cb8b80ccfbd	gi|1384992328|ref|NR_156077.1|	95.909	440	18	0	1	440	336	775	0.0	713	1469948
f6845c57553d2d2aa19a9cb8b80ccfbd	gi|2363085097|ref|NR_180797.1|	95.909	440	18	0	1	440	346	785	0.0	713	2605778
f6845c57553d2d2aa19a9cb8b80ccfbd	gi|1384992332|ref|NR_156081.1|	95.682	440	19	0	1	440	336	775	0.0	708	1469948
f6845c57553d2d2aa19a9cb8b80ccfbd	gi|1384992329|ref|NR_156078.1|	95.682	440	19	0	1	440	336	775	0.0	708	1469948
2e71220e07eb111341188ccf1bac1b6f	gi|672239004|ref|NR_125593.1|	99.138	464	4	0	1	464	338	801	0.0	835	1034346
2e71220e07eb111341188ccf1bac1b6f	gi|1193829126|ref|NR_147369.1|	92.308	468	28	8	1	464	341	804	0.0	658	1903263
2e71220e07eb111341188ccf1bac1b6f	gi|645320615|ref|NR_117779.1|	91.221	467	30	8	1	464	333	791	1.02e-178	625	118967
2e71220e07eb111341188ccf1bac1b6f	gi|559795259|ref|NR_104850.1|	91.221	467	30	8	1	464	323	781	1.02e-178	625	118967
2e71220e07eb111341188ccf1bac1b6f	gi|672239039|ref|NR_125628.1|	90.753	465	41	2	1	464	336	799	4.74e-177	619	1211819
2e71220e07eb111341188ccf1bac1b6f	gi|1179766737|ref|NR_146687.1|	90.638	470	32	11	1	464	350	813	2.21e-175	614	265178
2e71220e07eb111341188ccf1bac1b6f	gi|265678858|ref|NR_029164.1|	90.323	465	43	2	1	464	349	812	2.85e-174	610	1522
2e71220e07eb111341188ccf1bac1b6f	gi|265679027|ref|NR_029335.1|	90.108	465	44	2	1	464	250	713	4.78e-172	603	61171
2e71220e07eb111341188ccf1bac1b6f	gi|343200150|ref|NR_040837.1|	89.979	469	37	9	1	464	339	802	2.22e-170	597	1648
2e71220e07eb111341188ccf1bac1b6f	gi|2363087361|ref|NR_181937.1|	89.744	468	40	7	1	464	291	754	1.03e-168	592	2683717
5c32988531f479dee4112482e1a6ea7a	gi|444304012|ref|NR_074436.1|	92.841	447	30	2	1	446	321	766	0.0	647	239935
5c32988531f479dee4112482e1a6ea7a	gi|343202494|ref|NR_042817.1|	92.841	447	30	2	1	446	301	746	0.0	647	349741
5c32988531f479dee4112482e1a6ea7a	gi|1315204026|ref|NR_152695.1|	86.283	452	52	9	1	446	300	747	6.23e-136	483	1679444
5c32988531f479dee4112482e1a6ea7a	gi|959495030|ref|NR_133878.1|	81.473	448	76	6	1	446	316	758	3.04e-99	361	690879
5c32988531f479dee4112482e1a6ea7a	gi|219846674|ref|NR_026266.1|	81.156	467	64	10	1	446	304	767	3.94e-98	357	240016
5c32988531f479dee4112482e1a6ea7a	gi|343200921|ref|NR_041608.1|	80.942	467	65	10	1	446	314	777	2.37e-95	348	445931
5c32988531f479dee4112482e1a6ea7a	gi|343200933|ref|NR_041620.1|	80.300	467	69	12	1	446	320	784	2.39e-90	331	454144
5c32988531f479dee4112482e1a6ea7a	gi|631251744|ref|NR_112942.1|	83.486	327	42	11	126	446	462	782	3.13e-79	294	291644
5c32988531f479dee4112482e1a6ea7a	gi|1269806089|ref|NR_074784.2|	84.076	314	38	11	139	446	497	804	1.13e-78	292	272559
5c32988531f479dee4112482e1a6ea7a	gi|631251738|ref|NR_112936.1|	84.076	314	38	11	139	446	490	797	1.13e-78	292	817
70ea820496eae169453f3648acb5f62e	gi|2363083495|ref|NR_179996.1|	99.545	440	2	0	1	440	363	802	0.0	802	2764322
70ea820496eae169453f3648acb5f62e	gi|1116030269|ref|NR_144727.1|	93.636	440	28	0	1	440	335	774	0.0	658	1673717
70ea820496eae169453f3648acb5f62e	gi|1146059197|ref|NR_145929.1|	92.793	444	28	3	1	440	319	762	0.0	640	642589
70ea820496eae169453f3648acb5f62e	gi|2363082799|ref|NR_179648.1|	92.727	440	32	0	1	440	339	778	0.0	636	2045012
70ea820496eae169453f3648acb5f62e	gi|602269312|ref|NR_044835.2|	92.727	440	32	0	1	440	259	698	0.0	636	1549
70ea820496eae169453f3648acb5f62e	gi|2136551663|ref|NR_173668.1|	92.500	440	33	0	1	440	294	733	2.07e-180	630	2766537
70ea820496eae169453f3648acb5f62e	gi|636558732|ref|NR_114789.1|	92.500	440	33	0	1	440	347	786	2.07e-180	630	1535
70ea820496eae169453f3648acb5f62e	gi|3248465687|ref|NR_201701.1|	92.325	443	31	2	1	440	330	772	2.68e-179	627	3435187
70ea820496eae169453f3648acb5f62e	gi|3248465688|ref|NR_201702.1|	92.325	443	31	2	1	440	328	770	2.68e-179	627	3435000
70ea820496eae169453f3648acb5f62e	gi|2836274968|ref|NR_197731.1|	92.273	440	34	0	1	440	306	745	9.64e-179	625	3093659
1c66470c0df2b7e0f2e9142c12613f91	gi|444304091|ref|NR_074515.1|	96.764	309	8	2	133	440	502	809	2.18e-145	514	435590
1c66470c0df2b7e0f2e9142c12613f91	gi|631251748|ref|NR_112946.1|	96.764	309	8	2	133	440	491	798	2.18e-145	514	821
1c66470c0df2b7e0f2e9142c12613f91	gi|631250946|ref|NR_112143.1|	97.351	302	8	0	139	440	465	766	2.18e-145	514	821
1c66470c0df2b7e0f2e9142c12613f91	gi|343200664|ref|NR_041351.1|	96.440	309	9	2	133	440	493	800	1.01e-143	508	357276
1c66470c0df2b7e0f2e9142c12613f91	gi|631251747|ref|NR_112945.1|	94.175	309	16	2	133	440	479	786	4.78e-132	470	820
1c66470c0df2b7e0f2e9142c12613f91	gi|343200179|ref|NR_040866.1|	94.175	309	16	2	133	440	486	793	4.78e-132	470	820
1c66470c0df2b7e0f2e9142c12613f91	gi|2363082773|ref|NR_179635.1|	93.851	309	17	2	133	440	490	797	2.22e-130	464	2024197
1c66470c0df2b7e0f2e9142c12613f91	gi|2363086550|ref|NR_181532.1|	93.851	309	17	2	133	440	474	781	2.22e-130	464	2763025
1c66470c0df2b7e0f2e9142c12613f91	gi|631251874|ref|NR_113072.1|	93.851	309	17	2	133	440	490	797	2.22e-130	464	1236512
1c66470c0df2b7e0f2e9142c12613f91	gi|631252009|ref|NR_113207.1|	93.528	309	18	2	133	440	486	793	1.03e-128	459	1236514
1e9ec747057053c11933f3f96122f9fb	gi|631251953|ref|NR_113151.1|	87.905	463	50	5	1	460	338	797	3.76e-153	540	328813
1e9ec747057053c11933f3f96122f9fb	gi|343202833|ref|NR_043318.1|	87.905	463	50	5	1	460	324	783	3.76e-153	540	328813
1e9ec747057053c11933f3f96122f9fb	gi|631251954|ref|NR_113152.1|	86.853	464	53	7	1	460	337	796	8.21e-145	512	28117
1e9ec747057053c11933f3f96122f9fb	gi|2363082099|ref|NR_179296.1|	86.393	463	57	5	1	460	324	783	1.78e-141	501	2585119
1e9ec747057053c11933f3f96122f9fb	gi|507148137|ref|NR_102944.1|	86.177	463	58	5	1	460	334	793	8.26e-140	496	214856
1e9ec747057053c11933f3f96122f9fb	gi|672239000|ref|NR_125589.1|	86.177	463	58	5	1	460	269	728	8.26e-140	496	1033731
1e9ec747057053c11933f3f96122f9fb	gi|636559243|ref|NR_115300.1|	86.177	463	58	5	1	460	314	773	8.26e-140	496	679935
1e9ec747057053c11933f3f96122f9fb	gi|343198609|ref|NR_043064.1|	86.177	463	58	5	1	460	314	773	8.26e-140	496	214856
1e9ec747057053c11933f3f96122f9fb	gi|343202834|ref|NR_043319.1|	85.961	463	59	5	1	460	323	782	1.07e-138	492	717959
1e9ec747057053c11933f3f96122f9fb	gi|507148054|ref|NR_102861.1|	85.961	463	59	5	1	460	334	793	3.84e-138	490	717959
a01c6615ba2529392de5d380a33c7247	gi|1277396271|ref|NR_151982.1|	98.871	443	5	0	1	443	248	690	0.0	791	1628085
a01c6615ba2529392de5d380a33c7247	gi|1277396349|ref|NR_152060.1|	98.646	443	6	0	1	443	336	778	0.0	787	1712515
a01c6615ba2529392de5d380a33c7247	gi|545589041|ref|NR_044644.2|	95.485	443	18	1	1	443	354	794	0.0	713	39484
a01c6615ba2529392de5d380a33c7247	gi|1193829128|ref|NR_147371.1|	95.485	443	18	1	1	443	277	717	0.0	706	1871029
a01c6615ba2529392de5d380a33c7247	gi|343205971|ref|NR_044490.1|	94.595	444	23	1	1	443	348	791	0.0	686	501571
a01c6615ba2529392de5d380a33c7247	gi|2363082930|ref|NR_179713.1|	93.905	443	27	0	1	443	319	761	0.0	669	1945634
a01c6615ba2529392de5d380a33c7247	gi|2363087009|ref|NR_181761.1|	92.099	443	34	1	1	443	269	710	3.49e-178	623	2841509
a01c6615ba2529392de5d380a33c7247	gi|645321636|ref|NR_118554.1|	90.068	443	44	0	1	443	329	771	9.92e-164	575	1297617
a01c6615ba2529392de5d380a33c7247	gi|3248465658|ref|NR_201672.1|	89.865	444	43	2	1	443	296	738	4.61e-162	569	3381350
a01c6615ba2529392de5d380a33c7247	gi|2363082352|ref|NR_179423.1|	89.865	444	43	2	1	443	349	791	4.61e-162	569	1689270
23c7fd147470986703d149f8ba3a4e5c	gi|343200655|ref|NR_041342.1|	95.842	457	19	0	3	459	339	795	0.0	739	823
23c7fd147470986703d149f8ba3a4e5c	gi|444303953|ref|NR_074376.1|	94.967	457	23	0	3	459	354	810	0.0	717	435591
23c7fd147470986703d149f8ba3a4e5c	gi|2363082619|ref|NR_179556.1|	92.779	457	33	0	3	459	319	775	0.0	662	1871013
23c7fd147470986703d149f8ba3a4e5c	gi|1811131517|ref|NR_165699.1|	92.123	457	36	0	3	459	339	795	0.0	645	2685834
23c7fd147470986703d149f8ba3a4e5c	gi|631251637|ref|NR_112835.1|	92.123	457	35	1	3	459	339	794	0.0	643	574930
23c7fd147470986703d149f8ba3a4e5c	gi|2363082715|ref|NR_179605.1|	91.904	457	37	0	3	459	319	775	0.0	640	1944636
23c7fd147470986703d149f8ba3a4e5c	gi|2363086049|ref|NR_181277.1|	91.466	457	39	0	3	459	312	768	7.79e-180	628	2753162
23c7fd147470986703d149f8ba3a4e5c	gi|631252010|ref|NR_113208.1|	91.466	457	39	0	3	459	339	795	7.79e-180	628	871327
23c7fd147470986703d149f8ba3a4e5c	gi|974142265|ref|NR_134785.1|	91.028	457	41	0	3	459	339	795	4.69e-177	619	1217282
23c7fd147470986703d149f8ba3a4e5c	gi|631251878|ref|NR_113076.1|	91.048	458	39	2	3	459	327	783	1.69e-176	617	927665
994d27b56c8314b1cd117a2686001077	gi|444304111|ref|NR_074535.1|	93.913	460	26	2	1	459	334	792	0.0	693	28118
994d27b56c8314b1cd117a2686001077	gi|631251877|ref|NR_113075.1|	93.913	460	26	2	1	459	334	792	0.0	693	28118
994d27b56c8314b1cd117a2686001077	gi|343206056|ref|NR_044636.1|	92.609	460	32	2	1	459	342	800	0.0	665	28118
994d27b56c8314b1cd117a2686001077	gi|631251740|ref|NR_112938.1|	88.312	462	49	4	1	459	326	785	6.24e-156	549	204516
994d27b56c8314b1cd117a2686001077	gi|343198509|ref|NR_042745.1|	88.312	462	49	4	1	459	338	797	6.24e-156	549	204516
994d27b56c8314b1cd117a2686001077	gi|1864207193|ref|NR_169488.1|	86.739	460	60	1	1	459	333	792	2.94e-144	510	2570926
994d27b56c8314b1cd117a2686001077	gi|631251867|ref|NR_113065.1|	86.580	462	57	4	1	459	338	797	1.37e-142	505	762984
994d27b56c8314b1cd117a2686001077	gi|631251745|ref|NR_112943.1|	86.609	463	55	6	1	459	326	785	1.37e-142	505	449673
994d27b56c8314b1cd117a2686001077	gi|631251695|ref|NR_112893.1|	86.580	462	57	4	1	459	318	777	1.37e-142	505	762984
994d27b56c8314b1cd117a2686001077	gi|343200620|ref|NR_041307.1|	86.580	462	57	4	1	459	334	793	1.37e-142	505	329854
5665777d625174381e844b2d0a3ba634	gi|2363086298|ref|NR_181401.1|	96.583	439	15	0	1	439	303	741	0.0	728	2763645
5665777d625174381e844b2d0a3ba634	gi|2363086296|ref|NR_181400.1|	96.339	437	16	0	3	439	250	686	0.0	721	2764712
5665777d625174381e844b2d0a3ba634	gi|1116030291|ref|NR_144749.1|	94.582	443	18	6	1	439	347	787	0.0	680	1852367
5665777d625174381e844b2d0a3ba634	gi|1116030279|ref|NR_144737.1|	93.228	443	25	4	1	439	347	788	0.0	647	1776384
5665777d625174381e844b2d0a3ba634	gi|2463901899|ref|NR_184630.1|	92.744	441	30	1	1	439	343	783	0.0	636	2839743
5665777d625174381e844b2d0a3ba634	gi|265678606|ref|NR_028911.1|	92.099	443	30	3	1	439	335	776	4.47e-177	619	109327
5665777d625174381e844b2d0a3ba634	gi|224581422|ref|NR_027203.1|	91.610	441	34	1	2	439	346	786	3.48e-173	606	114528
5665777d625174381e844b2d0a3ba634	gi|645321917|ref|NR_118780.1|	91.422	443	34	2	1	439	326	768	1.25e-172	604	56774
5665777d625174381e844b2d0a3ba634	gi|219856893|ref|NR_024712.1|	91.383	441	34	2	2	439	347	786	1.62e-171	601	86333
5665777d625174381e844b2d0a3ba634	gi|2136551617|ref|NR_173621.1|	91.176	442	36	1	1	439	354	795	2.10e-170	597	2818044
43ca43afea6265bf345dc4dada5afdda	gi|1811131565|ref|NR_165747.1|	99.570	465	2	0	1	465	318	782	0.0	848	2490633
43ca43afea6265bf345dc4dada5afdda	gi|2962412350|ref|NR_199545.1|	99.570	465	2	0	1	465	338	802	0.0	848	3409758
43ca43afea6265bf345dc4dada5afdda	gi|2962412346|ref|NR_199541.1|	99.570	465	2	0	1	465	296	760	0.0	848	3095082
43ca43afea6265bf345dc4dada5afdda	gi|2962412352|ref|NR_199547.1|	99.570	465	2	0	1	465	298	762	0.0	848	3095078
43ca43afea6265bf345dc4dada5afdda	gi|2962412349|ref|NR_199544.1|	99.570	465	2	0	1	465	296	760	0.0	848	3095079
43ca43afea6265bf345dc4dada5afdda	gi|2363084762|ref|NR_180629.1|	99.570	465	2	0	1	465	300	764	0.0	848	2588991
43ca43afea6265bf345dc4dada5afdda	gi|2363084754|ref|NR_180625.1|	99.570	465	2	0	1	465	300	764	0.0	848	2589786
43ca43afea6265bf345dc4dada5afdda	gi|2363082587|ref|NR_179540.1|	99.570	465	2	0	1	465	338	802	0.0	848	1852387
43ca43afea6265bf345dc4dada5afdda	gi|2363082272|ref|NR_179383.1|	99.570	465	2	0	1	465	345	809	0.0	848	2853160
43ca43afea6265bf345dc4dada5afdda	gi|2221405274|ref|NR_175455.1|	99.570	465	2	0	1	465	326	790	0.0	848	1968889
dcec809abf310064e8522bdf1dac6d0b	gi|631251953|ref|NR_113151.1|	92.688	465	26	7	1	462	338	797	0.0	664	328813
dcec809abf310064e8522bdf1dac6d0b	gi|343202833|ref|NR_043318.1|	92.688	465	26	7	1	462	324	783	0.0	664	328813
dcec809abf310064e8522bdf1dac6d0b	gi|2363082099|ref|NR_179296.1|	90.753	465	35	7	1	462	324	783	2.20e-175	614	2585119
dcec809abf310064e8522bdf1dac6d0b	gi|507148054|ref|NR_102861.1|	90.323	465	37	7	1	462	334	793	4.76e-172	603	717959
dcec809abf310064e8522bdf1dac6d0b	gi|672239000|ref|NR_125589.1|	90.343	466	35	9	1	462	269	728	4.76e-172	603	1033731
dcec809abf310064e8522bdf1dac6d0b	gi|343202834|ref|NR_043319.1|	90.108	465	38	7	1	462	323	782	6.15e-171	599	717959
dcec809abf310064e8522bdf1dac6d0b	gi|2363082505|ref|NR_179499.1|	90.108	465	38	7	1	462	342	801	2.21e-170	597	2364787
dcec809abf310064e8522bdf1dac6d0b	gi|507148137|ref|NR_102944.1|	90.108	465	38	7	1	462	334	793	2.21e-170	597	214856
dcec809abf310064e8522bdf1dac6d0b	gi|631251955|ref|NR_113153.1|	90.108	465	38	7	1	462	334	793	2.21e-170	597	328814
dcec809abf310064e8522bdf1dac6d0b	gi|636559243|ref|NR_115300.1|	90.108	465	38	7	1	462	314	773	2.21e-170	597	679935
e5a19720537368e69cfa0965b3a1251e	gi|672238876|ref|NR_125464.1|	88.462	442	50	1	1	441	325	766	6.02e-151	532	1297424
e5a19720537368e69cfa0965b3a1251e	gi|2363084629|ref|NR_180563.1|	88.235	442	51	1	1	441	291	732	2.80e-149	527	2488810
e5a19720537368e69cfa0965b3a1251e	gi|219846510|ref|NR_026102.1|	88.235	442	51	1	1	441	313	754	2.80e-149	527	588581
e5a19720537368e69cfa0965b3a1251e	gi|785794309|ref|NG_041947.1|	88.036	443	51	2	1	441	469	911	3.63e-148	523	394503
e5a19720537368e69cfa0965b3a1251e	gi|785497611|ref|NR_102768.2|	88.036	443	51	2	1	441	330	772	3.63e-148	523	1521
e5a19720537368e69cfa0965b3a1251e	gi|645319803|ref|NR_117165.1|	88.009	442	52	1	1	441	476	917	1.30e-147	521	48256
e5a19720537368e69cfa0965b3a1251e	gi|645319802|ref|NR_117164.1|	88.009	442	52	1	1	441	476	917	1.30e-147	521	48256
e5a19720537368e69cfa0965b3a1251e	gi|645319800|ref|NR_117163.1|	88.009	442	52	1	1	441	445	886	1.30e-147	521	48256
e5a19720537368e69cfa0965b3a1251e	gi|645319799|ref|NR_117162.1|	88.009	442	52	1	1	441	472	913	1.30e-147	521	48256
e5a19720537368e69cfa0965b3a1251e	gi|3030611263|ref|NR_199939.1|	88.009	442	50	3	1	441	332	771	4.69e-147	520	3074434
1840c5c511b6fdfe4af719a664defc08	gi|631251747|ref|NR_112945.1|	96.203	316	11	1	127	441	471	786	6.07e-146	516	820
1840c5c511b6fdfe4af719a664defc08	gi|343200179|ref|NR_040866.1|	96.203	316	11	1	127	441	478	793	6.07e-146	516	820
1840c5c511b6fdfe4af719a664defc08	gi|2363086550|ref|NR_181532.1|	95.886	316	12	1	127	441	466	781	2.82e-144	510	2763025
1840c5c511b6fdfe4af719a664defc08	gi|2363082773|ref|NR_179635.1|	95.253	316	14	1	127	441	482	797	6.11e-141	499	2024197
1840c5c511b6fdfe4af719a664defc08	gi|631251874|ref|NR_113072.1|	95.253	316	14	1	127	441	482	797	6.11e-141	499	1236512
1840c5c511b6fdfe4af719a664defc08	gi|631251870|ref|NR_113068.1|	94.937	316	15	1	127	441	480	795	2.84e-139	494	763034
1840c5c511b6fdfe4af719a664defc08	gi|631251816|ref|NR_113014.1|	94.937	316	15	1	127	441	482	797	2.84e-139	494	1236512
1840c5c511b6fdfe4af719a664defc08	gi|631251696|ref|NR_112894.1|	94.937	316	15	1	127	441	460	775	2.84e-139	494	763034
1840c5c511b6fdfe4af719a664defc08	gi|631252009|ref|NR_113207.1|	94.872	312	16	0	130	441	482	793	1.32e-137	488	1236514
1840c5c511b6fdfe4af719a664defc08	gi|631251872|ref|NR_113070.1|	94.872	312	16	0	130	441	482	793	1.32e-137	488	742727
2439bec70a599c38366d9917202b00b8	gi|343203026|ref|NR_043550.1|	99.353	464	3	0	1	464	327	790	0.0	841	341225
2439bec70a599c38366d9917202b00b8	gi|631252045|ref|NR_113243.1|	96.767	464	15	0	1	464	328	791	0.0	774	1547
2439bec70a599c38366d9917202b00b8	gi|645322566|ref|NR_119286.1|	96.336	464	17	0	1	464	313	776	0.0	763	69824
2439bec70a599c38366d9917202b00b8	gi|265678939|ref|NR_029247.1|	96.137	466	15	2	1	464	330	794	0.0	758	1547
2439bec70a599c38366d9917202b00b8	gi|631253195|ref|NR_114393.1|	95.690	464	20	0	1	464	326	789	0.0	747	29348
2439bec70a599c38366d9917202b00b8	gi|228720470|ref|NR_027592.1|	95.474	464	21	0	1	464	316	779	0.0	741	29348
2439bec70a599c38366d9917202b00b8	gi|645322231|ref|NR_119030.1|	95.269	465	20	2	1	464	324	787	0.0	736	428126
2439bec70a599c38366d9917202b00b8	gi|1116030260|ref|NR_144718.1|	93.966	464	28	0	1	464	326	789	0.0	702	1585974
2439bec70a599c38366d9917202b00b8	gi|2363083393|ref|NR_179945.1|	92.888	464	33	0	1	464	280	743	0.0	675	2899121
2439bec70a599c38366d9917202b00b8	gi|3030611330|ref|NR_200006.1|	92.457	464	35	0	1	464	333	796	0.0	664	3035606
887b79b2be10cbf228061a9f5660e4f2	gi|3030611263|ref|NR_199939.1|	89.569	441	44	2	1	440	332	771	9.92e-159	558	3074434
887b79b2be10cbf228061a9f5660e4f2	gi|672239088|ref|NR_125677.1|	89.593	442	42	4	1	440	346	785	9.92e-159	558	1348613
887b79b2be10cbf228061a9f5660e4f2	gi|2363083221|ref|NR_179859.1|	89.318	440	47	0	1	440	347	786	4.61e-157	553	2078660
887b79b2be10cbf228061a9f5660e4f2	gi|1230874676|ref|NR_148837.1|	89.116	441	46	2	1	440	347	786	2.15e-155	547	1675854
887b79b2be10cbf228061a9f5660e4f2	gi|645320438|ref|NR_117645.1|	89.116	441	46	2	1	440	345	784	2.15e-155	547	1185412
887b79b2be10cbf228061a9f5660e4f2	gi|507148180|ref|NR_102987.1|	88.864	440	49	0	1	440	464	903	9.99e-154	542	720554
887b79b2be10cbf228061a9f5660e4f2	gi|3030611269|ref|NR_199945.1|	88.636	440	50	0	1	440	335	774	4.65e-152	536	3435293
887b79b2be10cbf228061a9f5660e4f2	gi|265678656|ref|NR_028961.1|	88.636	440	50	0	1	440	327	766	4.65e-152	536	853
887b79b2be10cbf228061a9f5660e4f2	gi|672238876|ref|NR_125464.1|	88.488	443	47	4	1	440	325	766	6.01e-151	532	1297424
887b79b2be10cbf228061a9f5660e4f2	gi|636559288|ref|NR_115345.1|	88.488	443	47	4	1	440	338	779	6.01e-151	532	320502
7177e70a19a513108f26e21aedf80a70	gi|444304111|ref|NR_074535.1|	92.903	465	21	9	1	459	334	792	0.0	665	28118
7177e70a19a513108f26e21aedf80a70	gi|631251877|ref|NR_113075.1|	92.903	465	21	9	1	459	334	792	0.0	665	28118
7177e70a19a513108f26e21aedf80a70	gi|343206056|ref|NR_044636.1|	91.613	465	27	9	1	459	342	800	0.0	638	28118
7177e70a19a513108f26e21aedf80a70	gi|444304091|ref|NR_074515.1|	87.446	462	53	4	1	459	350	809	2.92e-149	527	435590
7177e70a19a513108f26e21aedf80a70	gi|631251748|ref|NR_112946.1|	87.446	462	53	4	1	459	339	798	2.92e-149	527	821
7177e70a19a513108f26e21aedf80a70	gi|631250946|ref|NR_112143.1|	87.229	462	54	4	1	459	307	766	1.36e-147	521	821
7177e70a19a513108f26e21aedf80a70	gi|343200664|ref|NR_041351.1|	87.013	462	55	4	1	459	341	800	6.33e-146	516	357276
7177e70a19a513108f26e21aedf80a70	gi|631251737|ref|NR_112935.1|	86.797	462	56	4	1	459	338	797	2.94e-144	510	28111
7177e70a19a513108f26e21aedf80a70	gi|343200177|ref|NR_040864.1|	86.797	462	56	4	1	459	336	795	2.94e-144	510	28111
7177e70a19a513108f26e21aedf80a70	gi|631251872|ref|NR_113070.1|	86.580	462	57	4	1	459	334	793	1.37e-142	505	742727
d036fe89558cdd7576a5865a2640cbf2	gi|3030611269|ref|NR_199945.1|	92.063	441	33	2	1	440	335	774	4.48e-177	619	3435293
d036fe89558cdd7576a5865a2640cbf2	gi|2363081451|ref|NR_178972.1|	91.837	441	34	2	1	440	285	724	2.09e-175	614	1851428
d036fe89558cdd7576a5865a2640cbf2	gi|265678656|ref|NR_028961.1|	91.818	440	36	0	1	440	327	766	2.09e-175	614	853
d036fe89558cdd7576a5865a2640cbf2	gi|2363082282|ref|NR_179388.1|	91.610	441	35	2	1	440	335	774	9.71e-174	608	2935520
d036fe89558cdd7576a5865a2640cbf2	gi|2363080123|ref|NR_178280.1|	91.383	441	36	2	1	440	331	770	4.52e-172	603	411483
d036fe89558cdd7576a5865a2640cbf2	gi|2363080175|ref|NR_178311.1|	91.136	440	39	0	1	440	412	851	2.10e-170	597	2903556
d036fe89558cdd7576a5865a2640cbf2	gi|2363081449|ref|NR_178971.1|	90.930	441	37	3	1	440	285	723	3.52e-168	590	1851427
d036fe89558cdd7576a5865a2640cbf2	gi|219846327|ref|NR_025917.1|	90.498	442	37	5	1	440	309	747	7.61e-165	579	35830
d036fe89558cdd7576a5865a2640cbf2	gi|636559288|ref|NR_115345.1|	89.865	444	39	6	1	440	338	779	5.93e-161	566	320502
d036fe89558cdd7576a5865a2640cbf2	gi|507148180|ref|NR_102987.1|	89.796	441	43	2	1	440	464	903	2.13e-160	564	720554
3e8f910f4f6f6326de356d961dc21c93	gi|1116030269|ref|NR_144727.1|	94.091	440	26	0	1	440	335	774	0.0	669	1673717
3e8f910f4f6f6326de356d961dc21c93	gi|2363083495|ref|NR_179996.1|	93.864	440	27	0	1	440	363	802	0.0	664	2764322
3e8f910f4f6f6326de356d961dc21c93	gi|2363086260|ref|NR_181382.1|	93.665	442	24	4	1	440	322	761	0.0	658	2763662
3e8f910f4f6f6326de356d961dc21c93	gi|636558732|ref|NR_114789.1|	93.636	440	28	0	1	440	347	786	0.0	658	1535
3e8f910f4f6f6326de356d961dc21c93	gi|2836274967|ref|NR_197730.1|	93.409	440	29	0	1	440	312	751	0.0	652	3093658
3e8f910f4f6f6326de356d961dc21c93	gi|1109168013|ref|NR_144605.1|	92.955	440	31	0	1	440	367	806	0.0	641	1796620
3e8f910f4f6f6326de356d961dc21c93	gi|2363082767|ref|NR_179632.1|	92.955	440	31	0	1	440	337	776	0.0	641	2014781
3e8f910f4f6f6326de356d961dc21c93	gi|2836274968|ref|NR_197731.1|	92.727	440	32	0	1	440	306	745	0.0	636	3093659
3e8f910f4f6f6326de356d961dc21c93	gi|2836274966|ref|NR_197729.1|	92.727	440	32	0	1	440	304	743	0.0	636	3093657
3e8f910f4f6f6326de356d961dc21c93	gi|2363085985|ref|NR_181245.1|	92.760	442	28	4	1	440	284	723	0.0	636	2666138
f09eaddbbc9d73a97a1f71e95b86ff8a	gi|631251740|ref|NR_112938.1|	95.000	460	23	0	1	460	326	785	0.0	723	204516
f09eaddbbc9d73a97a1f71e95b86ff8a	gi|343198509|ref|NR_042745.1|	95.000	460	23	0	1	460	338	797	0.0	723	204516
f09eaddbbc9d73a97a1f71e95b86ff8a	gi|343200626|ref|NR_041313.1|	92.391	460	35	0	1	460	340	799	0.0	656	338188
f09eaddbbc9d73a97a1f71e95b86ff8a	gi|2363084431|ref|NR_180463.1|	91.739	460	38	0	1	460	340	799	0.0	640	2650158
f09eaddbbc9d73a97a1f71e95b86ff8a	gi|2363084421|ref|NR_180458.1|	91.739	460	38	0	1	460	340	799	0.0	640	2650157
f09eaddbbc9d73a97a1f71e95b86ff8a	gi|631251733|ref|NR_112931.1|	91.522	460	39	0	1	460	340	799	0.0	634	85831
f09eaddbbc9d73a97a1f71e95b86ff8a	gi|645320100|ref|NR_117387.1|	91.522	460	39	0	1	460	320	779	0.0	634	1077285
f09eaddbbc9d73a97a1f71e95b86ff8a	gi|265678305|ref|NR_028607.1|	91.503	459	39	0	2	460	333	791	0.0	632	85831
f09eaddbbc9d73a97a1f71e95b86ff8a	gi|636560121|ref|NR_116181.1|	91.522	460	38	1	1	460	333	791	0.0	632	28116
f09eaddbbc9d73a97a1f71e95b86ff8a	gi|631251749|ref|NR_112947.1|	91.304	460	40	0	1	460	326	785	2.17e-180	630	657309
34e74623f50c3274e3d448e62771d12d	gi|2363082625|ref|NR_179559.1|	93.439	442	27	2	1	441	333	773	0.0	654	1871018
34e74623f50c3274e3d448e62771d12d	gi|1193829155|ref|NR_147398.1|	92.290	441	32	2	1	441	351	789	9.66e-179	625	1720200
34e74623f50c3274e3d448e62771d12d	gi|2363082711|ref|NR_179603.1|	92.290	441	32	2	1	441	317	755	9.66e-179	625	1944642
34e74623f50c3274e3d448e62771d12d	gi|2363082601|ref|NR_179547.1|	91.837	441	35	1	1	441	347	786	2.09e-175	614	1870991
34e74623f50c3274e3d448e62771d12d	gi|228717037|ref|NR_027558.1|	91.837	441	34	2	1	441	292	730	2.09e-175	614	169435
34e74623f50c3274e3d448e62771d12d	gi|3248465644|ref|NR_201656.1|	91.610	441	36	1	1	441	329	768	9.73e-174	608	3417633
34e74623f50c3274e3d448e62771d12d	gi|1116030290|ref|NR_144748.1|	91.610	441	35	2	1	441	335	773	9.73e-174	608	2897707
34e74623f50c3274e3d448e62771d12d	gi|265679047|ref|NR_029355.1|	91.610	441	36	1	1	441	332	771	9.73e-174	608	84026
34e74623f50c3274e3d448e62771d12d	gi|2363086276|ref|NR_181390.1|	90.930	441	39	1	1	441	304	743	9.80e-169	592	2763659
34e74623f50c3274e3d448e62771d12d	gi|444303976|ref|NR_074399.1|	90.950	442	37	3	1	441	333	772	9.80e-169	592	697329
b09307a0d4175f729cb8a41d1a540e3f	gi|1227086118|ref|NR_148620.1|	95.928	442	15	3	1	441	195	634	0.0	713	1763509
b09307a0d4175f729cb8a41d1a540e3f	gi|2363082757|ref|NR_179627.1|	95.465	441	19	1	1	441	340	779	0.0	702	2002841
b09307a0d4175f729cb8a41d1a540e3f	gi|1040567056|ref|NR_137405.1|	95.475	442	17	3	1	441	307	746	0.0	702	1619234
b09307a0d4175f729cb8a41d1a540e3f	gi|219878251|ref|NR_025390.1|	95.238	441	20	1	1	441	330	769	0.0	697	115544
b09307a0d4175f729cb8a41d1a540e3f	gi|219846511|ref|NR_026103.1|	95.011	441	21	1	1	441	316	755	0.0	691	37658
b09307a0d4175f729cb8a41d1a540e3f	gi|1277396183|ref|NR_151894.1|	95.011	441	21	1	1	441	335	774	0.0	691	433293
b09307a0d4175f729cb8a41d1a540e3f	gi|2363083601|ref|NR_180048.1|	94.785	441	22	1	1	441	338	777	0.0	686	253257
b09307a0d4175f729cb8a41d1a540e3f	gi|2962412268|ref|NR_199462.1|	94.785	441	22	1	1	441	303	742	0.0	686	3111456
b09307a0d4175f729cb8a41d1a540e3f	gi|1193829153|ref|NR_147396.1|	94.785	441	22	1	1	441	328	767	0.0	686	1917870
b09307a0d4175f729cb8a41d1a540e3f	gi|343202586|ref|NR_042953.1|	94.796	442	20	3	1	441	308	747	0.0	686	264463
fb21225f74a73bd6843f265bb4d04049	gi|343206380|ref|NR_044972.1|	92.342	444	32	2	1	443	331	773	0.0	634	44749
fb21225f74a73bd6843f265bb4d04049	gi|645321110|ref|NR_118156.1|	92.099	443	34	1	1	443	304	745	3.49e-178	623	1007096
fb21225f74a73bd6843f265bb4d04049	gi|2363082342|ref|NR_179418.1|	91.667	444	35	2	1	443	348	790	2.10e-175	614	1673721
fb21225f74a73bd6843f265bb4d04049	gi|2363083800|ref|NR_180148.1|	91.667	444	35	2	1	443	349	791	2.10e-175	614	2211183
fb21225f74a73bd6843f265bb4d04049	gi|2363082168|ref|NR_179330.1|	91.648	443	36	1	1	443	327	768	7.56e-175	612	2714355
fb21225f74a73bd6843f265bb4d04049	gi|1109168025|ref|NR_144611.1|	91.422	443	38	0	1	443	282	724	9.78e-174	608	1417852
fb21225f74a73bd6843f265bb4d04049	gi|2363087001|ref|NR_181757.1|	91.499	447	29	7	1	443	289	730	3.52e-173	606	2841504
fb21225f74a73bd6843f265bb4d04049	gi|2363082165|ref|NR_179329.1|	91.461	445	33	5	1	443	327	768	3.52e-173	606	2714353
fb21225f74a73bd6843f265bb4d04049	gi|219857437|ref|NR_025025.1|	91.216	444	35	4	1	443	332	772	3.52e-173	606	100176
fb21225f74a73bd6843f265bb4d04049	gi|1193829132|ref|NR_147375.1|	91.461	445	31	6	1	443	347	786	1.26e-172	604	1870986
b83f84d31bdbc0971015a673f073fcb3	gi|2363082168|ref|NR_179330.1|	93.002	443	30	1	1	443	327	768	0.0	645	2714355
b83f84d31bdbc0971015a673f073fcb3	gi|2363082165|ref|NR_179329.1|	92.777	443	31	1	1	443	327	768	0.0	640	2714353
b83f84d31bdbc0971015a673f073fcb3	gi|1109168025|ref|NR_144611.1|	92.551	443	33	0	1	443	282	724	0.0	636	1417852
b83f84d31bdbc0971015a673f073fcb3	gi|3030611324|ref|NR_200000.1|	91.874	443	36	0	1	443	301	743	4.52e-177	619	3342383
b83f84d31bdbc0971015a673f073fcb3	gi|2363082326|ref|NR_179410.1|	91.648	443	37	0	1	443	349	791	2.10e-175	614	1650661
b83f84d31bdbc0971015a673f073fcb3	gi|2136551692|ref|NR_173697.1|	91.648	443	36	1	1	443	349	790	7.56e-175	612	2108523
b83f84d31bdbc0971015a673f073fcb3	gi|2363082342|ref|NR_179418.1|	91.422	443	38	0	1	443	348	790	9.78e-174	608	1673721
b83f84d31bdbc0971015a673f073fcb3	gi|1193829127|ref|NR_147370.1|	91.422	443	38	0	1	443	349	791	9.78e-174	608	1870988
b83f84d31bdbc0971015a673f073fcb3	gi|2363082358|ref|NR_179426.1|	91.422	443	38	0	1	443	349	791	9.78e-174	608	1702285
b83f84d31bdbc0971015a673f073fcb3	gi|2363084741|ref|NR_180619.1|	91.196	443	39	0	1	443	347	789	4.55e-172	603	2779352
65057c7f1311c5d4245003ea42ffd763	gi|631252157|ref|NR_113355.1|	95.484	465	21	0	1	465	356	820	0.0	743	218538
65057c7f1311c5d4245003ea42ffd763	gi|219846090|ref|NR_025680.1|	95.484	465	21	0	1	465	336	800	0.0	743	592028
65057c7f1311c5d4245003ea42ffd763	gi|343198671|ref|NR_043231.1|	90.987	466	40	2	1	465	283	747	2.84e-179	627	308994
65057c7f1311c5d4245003ea42ffd763	gi|631252159|ref|NR_113357.1|	90.792	467	40	3	1	465	356	821	1.32e-177	621	308994
65057c7f1311c5d4245003ea42ffd763	gi|343200979|ref|NR_041666.1|	90.538	465	44	0	1	465	336	800	6.15e-176	616	742743
65057c7f1311c5d4245003ea42ffd763	gi|2363082841|ref|NR_179669.1|	90.364	467	41	4	1	465	360	824	2.86e-174	610	2161821
65057c7f1311c5d4245003ea42ffd763	gi|2363082109|ref|NR_179301.1|	90.364	467	41	4	1	465	344	808	2.86e-174	610	2582419
65057c7f1311c5d4245003ea42ffd763	gi|631252158|ref|NR_113356.1|	89.270	466	47	3	1	465	355	818	2.24e-165	580	309120
65057c7f1311c5d4245003ea42ffd763	gi|343198462|ref|NR_041895.1|	89.270	466	47	3	1	465	296	759	2.24e-165	580	888062
65057c7f1311c5d4245003ea42ffd763	gi|631252179|ref|NR_113377.1|	87.821	468	51	4	1	465	353	817	2.94e-154	544	103892
7c43a49941157e0336f7600a4ad1dbf3	gi|2363086270|ref|NR_181387.1|	90.498	442	42	0	1	442	302	743	1.64e-166	584	2763656
7c43a49941157e0336f7600a4ad1dbf3	gi|631251702|ref|NR_112900.1|	90.562	445	37	5	1	442	341	783	1.64e-166	584	626937
7c43a49941157e0336f7600a4ad1dbf3	gi|2180566484|ref|NR_174324.1|	90.562	445	34	7	1	442	346	785	5.91e-166	582	2576756
7c43a49941157e0336f7600a4ad1dbf3	gi|2363082825|ref|NR_179661.1|	90.337	445	38	5	1	442	342	784	7.65e-165	579	2086583
7c43a49941157e0336f7600a4ad1dbf3	gi|2363082930|ref|NR_179713.1|	90.337	445	38	4	1	442	319	761	7.65e-165	579	1945634
7c43a49941157e0336f7600a4ad1dbf3	gi|1116030284|ref|NR_144742.1|	90.090	444	41	3	1	442	352	794	3.56e-163	573	1805714
7c43a49941157e0336f7600a4ad1dbf3	gi|2363081417|ref|NR_178955.1|	89.888	445	40	5	1	442	288	730	1.66e-161	568	1851429
7c43a49941157e0336f7600a4ad1dbf3	gi|1116030278|ref|NR_144736.1|	89.865	444	39	5	1	442	360	799	5.95e-161	566	1776382
7c43a49941157e0336f7600a4ad1dbf3	gi|1116030269|ref|NR_144727.1|	89.865	444	39	5	1	442	335	774	5.95e-161	566	1673717
7c43a49941157e0336f7600a4ad1dbf3	gi|2136551638|ref|NR_173642.1|	89.686	446	39	6	1	442	349	791	7.70e-160	562	2678306
4f60af0f92d3395940ebee738a5db882	gi|631251747|ref|NR_112945.1|	99.007	302	3	0	165	466	485	786	1.06e-153	542	820
4f60af0f92d3395940ebee738a5db882	gi|343200179|ref|NR_040866.1|	99.007	302	3	0	165	466	492	793	1.06e-153	542	820
4f60af0f92d3395940ebee738a5db882	gi|2363086550|ref|NR_181532.1|	98.675	302	4	0	165	466	480	781	4.94e-152	536	2763025
4f60af0f92d3395940ebee738a5db882	gi|2363082773|ref|NR_179635.1|	98.013	302	6	0	165	466	496	797	1.07e-148	525	2024197
4f60af0f92d3395940ebee738a5db882	gi|631251874|ref|NR_113072.1|	98.013	302	6	0	165	466	496	797	1.07e-148	525	1236512
4f60af0f92d3395940ebee738a5db882	gi|631251870|ref|NR_113068.1|	97.682	302	7	0	165	466	494	795	4.97e-147	520	763034
4f60af0f92d3395940ebee738a5db882	gi|631251816|ref|NR_113014.1|	97.682	302	7	0	165	466	496	797	4.97e-147	520	1236512
4f60af0f92d3395940ebee738a5db882	gi|631251696|ref|NR_112894.1|	97.682	302	7	0	165	466	474	775	4.97e-147	520	763034
4f60af0f92d3395940ebee738a5db882	gi|631252009|ref|NR_113207.1|	97.351	302	8	0	165	466	492	793	2.31e-145	514	1236514
4f60af0f92d3395940ebee738a5db882	gi|631251872|ref|NR_113070.1|	97.351	302	8	0	165	466	492	793	2.31e-145	514	742727
6d681b1e9180223699b73d3f04edebd7	gi|2363083800|ref|NR_180148.1|	89.189	444	46	2	1	443	349	791	4.65e-157	553	2211183
6d681b1e9180223699b73d3f04edebd7	gi|2180566484|ref|NR_174324.1|	89.189	444	43	4	1	443	346	785	6.01e-156	549	2576756
6d681b1e9180223699b73d3f04edebd7	gi|2836274967|ref|NR_197730.1|	88.939	443	46	2	1	443	312	751	2.80e-154	544	3093658
6d681b1e9180223699b73d3f04edebd7	gi|2136551683|ref|NR_173688.1|	88.739	444	45	4	1	443	321	760	1.30e-152	538	2780922
6d681b1e9180223699b73d3f04edebd7	gi|444304204|ref|NR_074629.1|	88.488	443	51	0	1	443	341	783	4.68e-152	536	1515
6d681b1e9180223699b73d3f04edebd7	gi|631251959|ref|NR_113157.1|	88.488	443	51	0	1	443	341	783	4.68e-152	536	1515
6d681b1e9180223699b73d3f04edebd7	gi|2363082601|ref|NR_179547.1|	88.488	443	48	1	1	443	347	786	6.05e-151	532	1870991
6d681b1e9180223699b73d3f04edebd7	gi|228717037|ref|NR_027558.1|	88.514	444	45	5	1	443	292	730	6.05e-151	532	169435
6d681b1e9180223699b73d3f04edebd7	gi|2363082825|ref|NR_179661.1|	88.367	447	44	7	1	443	342	784	2.18e-150	531	2086583
6d681b1e9180223699b73d3f04edebd7	gi|1116030284|ref|NR_144742.1|	88.262	443	52	0	1	443	352	794	2.18e-150	531	1805714
8ddb7749e67ce77699385ed7f25804b7	gi|631252210|ref|NR_113408.1|	89.865	444	41	3	1	441	351	793	1.65e-161	568	28446
8ddb7749e67ce77699385ed7f25804b7	gi|2363086262|ref|NR_181383.1|	89.732	448	35	11	1	441	307	750	7.68e-160	562	2763654
8ddb7749e67ce77699385ed7f25804b7	gi|265678961|ref|NR_029269.1|	89.640	444	41	4	1	441	350	791	2.76e-159	560	28446
8ddb7749e67ce77699385ed7f25804b7	gi|219846558|ref|NR_026150.1|	89.391	443	44	2	1	441	350	791	1.29e-157	555	36847
8ddb7749e67ce77699385ed7f25804b7	gi|636559633|ref|NR_115693.1|	89.140	442	46	2	1	441	442	882	5.98e-156	549	694434
8ddb7749e67ce77699385ed7f25804b7	gi|636559632|ref|NR_115692.1|	89.140	442	46	2	1	441	442	882	5.98e-156	549	694434
8ddb7749e67ce77699385ed7f25804b7	gi|636559631|ref|NR_115691.1|	89.140	442	46	2	1	441	436	876	5.98e-156	549	694434
8ddb7749e67ce77699385ed7f25804b7	gi|636559630|ref|NR_115690.1|	89.140	442	46	2	1	441	448	888	5.98e-156	549	694434
8ddb7749e67ce77699385ed7f25804b7	gi|343198739|ref|NR_043559.1|	89.140	442	46	2	1	441	447	887	5.98e-156	549	694434
8ddb7749e67ce77699385ed7f25804b7	gi|1227086118|ref|NR_148620.1|	89.213	445	39	8	1	441	195	634	2.15e-155	547	1763509
fbe2394d450db64ec36322c8d4f24970	gi|444304091|ref|NR_074515.1|	95.435	460	21	0	1	460	350	809	0.0	734	435590
fbe2394d450db64ec36322c8d4f24970	gi|631251748|ref|NR_112946.1|	95.435	460	21	0	1	460	339	798	0.0	734	821
fbe2394d450db64ec36322c8d4f24970	gi|631250946|ref|NR_112143.1|	95.217	460	22	0	1	460	307	766	0.0	728	821
fbe2394d450db64ec36322c8d4f24970	gi|343200664|ref|NR_041351.1|	95.000	460	23	0	1	460	341	800	0.0	723	357276
fbe2394d450db64ec36322c8d4f24970	gi|631251872|ref|NR_113070.1|	91.957	460	37	0	1	460	334	793	0.0	645	742727
fbe2394d450db64ec36322c8d4f24970	gi|631251697|ref|NR_112895.1|	91.957	460	37	0	1	460	314	773	0.0	645	742727
fbe2394d450db64ec36322c8d4f24970	gi|631251874|ref|NR_113072.1|	91.522	460	39	0	1	460	338	797	0.0	634	1236512
fbe2394d450db64ec36322c8d4f24970	gi|2363082773|ref|NR_179635.1|	91.304	460	40	0	1	460	338	797	7.81e-180	628	2024197
fbe2394d450db64ec36322c8d4f24970	gi|2363082547|ref|NR_179520.1|	91.304	460	40	0	1	460	314	773	7.81e-180	628	1841855
fbe2394d450db64ec36322c8d4f24970	gi|631252009|ref|NR_113207.1|	91.304	460	40	0	1	460	334	793	7.81e-180	628	1236514
291766397f5df12dc02ce9edbc33cdd8	gi|444303953|ref|NR_074376.1|	96.129	310	8	4	133	440	503	810	4.71e-142	503	435591
291766397f5df12dc02ce9edbc33cdd8	gi|343200655|ref|NR_041342.1|	96.129	310	8	4	133	440	488	795	4.71e-142	503	823
291766397f5df12dc02ce9edbc33cdd8	gi|2363082282|ref|NR_179388.1|	87.133	443	51	6	1	440	335	774	2.19e-140	497	2935520
291766397f5df12dc02ce9edbc33cdd8	gi|265678854|ref|NR_029160.1|	85.068	442	62	4	1	440	293	732	2.24e-125	448	40519
291766397f5df12dc02ce9edbc33cdd8	gi|1116030269|ref|NR_144727.1|	84.842	442	63	4	1	440	335	774	1.04e-123	442	1673717
291766397f5df12dc02ce9edbc33cdd8	gi|2363086264|ref|NR_181384.1|	84.494	445	59	9	1	440	250	689	2.26e-120	431	2763660
291766397f5df12dc02ce9edbc33cdd8	gi|343200549|ref|NR_041236.1|	84.424	443	64	5	1	440	321	761	2.26e-120	431	1122184
291766397f5df12dc02ce9edbc33cdd8	gi|219846341|ref|NR_025931.1|	84.424	443	63	6	1	440	308	747	2.26e-120	431	1265
291766397f5df12dc02ce9edbc33cdd8	gi|602269312|ref|NR_044835.2|	84.234	444	62	8	1	440	259	698	1.05e-118	425	1549
291766397f5df12dc02ce9edbc33cdd8	gi|1116030239|ref|NR_144697.1|	84.234	444	62	8	1	440	249	688	1.05e-118	425	1414721
26e2d10deb0f75487d5cf340461e0e33	gi|444303855|ref|NR_074277.1|	86.768	461	58	3	1	459	352	811	2.94e-144	510	818
26e2d10deb0f75487d5cf340461e0e33	gi|631251746|ref|NR_112944.1|	86.768	461	58	3	1	459	324	783	2.94e-144	510	818
26e2d10deb0f75487d5cf340461e0e33	gi|631252008|ref|NR_113206.1|	86.551	461	59	3	1	459	336	795	1.37e-142	505	1236513
26e2d10deb0f75487d5cf340461e0e33	gi|2363080123|ref|NR_178280.1|	95.806	310	9	4	152	459	463	770	2.29e-140	497	411483
26e2d10deb0f75487d5cf340461e0e33	gi|343202632|ref|NR_043016.1|	86.117	461	61	3	1	459	316	775	2.97e-139	494	291644
26e2d10deb0f75487d5cf340461e0e33	gi|2363081449|ref|NR_178971.1|	95.484	310	9	5	152	459	417	723	3.84e-138	490	1851427
26e2d10deb0f75487d5cf340461e0e33	gi|631251869|ref|NR_113067.1|	85.900	461	62	3	1	459	325	784	1.38e-137	488	1077285
26e2d10deb0f75487d5cf340461e0e33	gi|645320100|ref|NR_117387.1|	85.900	461	62	3	1	459	320	779	1.38e-137	488	1077285
26e2d10deb0f75487d5cf340461e0e33	gi|2363082023|ref|NR_179258.1|	85.745	463	60	6	1	459	311	771	1.78e-136	484	2136147
26e2d10deb0f75487d5cf340461e0e33	gi|631250945|ref|NR_112142.1|	85.839	459	61	4	3	459	336	792	1.78e-136	484	818
f4ebe0ff5f8aef39f9f003596c3350c3	gi|2363082569|ref|NR_179531.1|	91.892	444	32	4	1	442	347	788	1.62e-176	617	1852369
f4ebe0ff5f8aef39f9f003596c3350c3	gi|2363082168|ref|NR_179330.1|	90.519	443	40	2	1	442	327	768	1.64e-166	584	2714355
f4ebe0ff5f8aef39f9f003596c3350c3	gi|2363082165|ref|NR_179329.1|	90.293	443	41	2	1	442	327	768	7.65e-165	579	2714353
f4ebe0ff5f8aef39f9f003596c3350c3	gi|3030611323|ref|NR_199999.1|	89.865	444	42	3	1	442	301	743	1.66e-161	568	3133422
f4ebe0ff5f8aef39f9f003596c3350c3	gi|2136551692|ref|NR_173697.1|	89.640	444	42	4	1	442	349	790	7.70e-160	562	2108523
f4ebe0ff5f8aef39f9f003596c3350c3	gi|3030611324|ref|NR_200000.1|	89.391	443	46	1	1	442	301	743	3.58e-158	556	3342383
f4ebe0ff5f8aef39f9f003596c3350c3	gi|1269801610|ref|NR_074793.2|	89.391	443	45	2	1	442	355	796	3.58e-158	556	351091
f4ebe0ff5f8aef39f9f003596c3350c3	gi|2363082342|ref|NR_179418.1|	89.414	444	44	3	1	442	348	790	3.58e-158	556	1673721
f4ebe0ff5f8aef39f9f003596c3350c3	gi|2363082326|ref|NR_179410.1|	89.414	444	44	3	1	442	349	791	3.58e-158	556	1650661
f4ebe0ff5f8aef39f9f003596c3350c3	gi|343200653|ref|NR_041340.1|	89.391	443	45	2	1	442	328	769	3.58e-158	556	351091
0cda6115eacf70b542c2a0c39258c8e6	gi|2363086550|ref|NR_181532.1|	90.302	464	37	8	1	460	322	781	1.70e-171	601	2763025
0cda6115eacf70b542c2a0c39258c8e6	gi|631251747|ref|NR_112945.1|	90.281	463	39	6	1	460	327	786	1.70e-171	601	820
0cda6115eacf70b542c2a0c39258c8e6	gi|343200179|ref|NR_040866.1|	90.281	463	39	6	1	460	334	793	1.70e-171	601	820
0cda6115eacf70b542c2a0c39258c8e6	gi|2363082773|ref|NR_179635.1|	89.009	464	43	8	1	460	338	797	1.73e-161	568	2024197
0cda6115eacf70b542c2a0c39258c8e6	gi|631251874|ref|NR_113072.1|	88.793	464	44	8	1	460	338	797	8.03e-160	562	1236512
0cda6115eacf70b542c2a0c39258c8e6	gi|631251745|ref|NR_112943.1|	88.745	462	48	4	1	460	326	785	8.03e-160	562	449673
0cda6115eacf70b542c2a0c39258c8e6	gi|631251816|ref|NR_113014.1|	88.578	464	45	8	1	460	338	797	3.74e-158	556	1236512
0cda6115eacf70b542c2a0c39258c8e6	gi|631251735|ref|NR_112933.1|	88.528	462	49	4	1	460	334	793	3.74e-158	556	246787
0cda6115eacf70b542c2a0c39258c8e6	gi|224581415|ref|NR_027196.1|	88.337	463	48	6	1	460	317	776	4.83e-157	553	449673
0cda6115eacf70b542c2a0c39258c8e6	gi|343200761|ref|NR_041448.1|	88.337	463	48	6	1	460	322	781	1.74e-156	551	376806
a4db1a9ce9a7bf23d1f6e5a79545920b	gi|444304012|ref|NR_074436.1|	98.382	309	3	2	153	460	459	766	1.05e-153	542	239935
a4db1a9ce9a7bf23d1f6e5a79545920b	gi|343202494|ref|NR_042817.1|	98.382	309	3	2	153	460	439	746	1.05e-153	542	349741
a4db1a9ce9a7bf23d1f6e5a79545920b	gi|1315204026|ref|NR_152695.1|	90.291	309	28	2	153	460	440	747	5.15e-112	403	1679444
a4db1a9ce9a7bf23d1f6e5a79545920b	gi|566085392|ref|NR_109435.1|	88.889	306	33	1	155	460	492	796	1.12e-103	375	1048331
a4db1a9ce9a7bf23d1f6e5a79545920b	gi|343200984|ref|NR_041671.1|	88.925	307	31	3	155	460	480	784	1.12e-103	375	490093
a4db1a9ce9a7bf23d1f6e5a79545920b	gi|343200664|ref|NR_041351.1|	81.702	470	66	17	1	460	341	800	4.04e-103	374	357276
a4db1a9ce9a7bf23d1f6e5a79545920b	gi|444304091|ref|NR_074515.1|	81.529	471	65	19	1	460	350	809	1.88e-101	368	435590
a4db1a9ce9a7bf23d1f6e5a79545920b	gi|631251748|ref|NR_112946.1|	81.529	471	65	19	1	460	339	798	1.88e-101	368	821
a4db1a9ce9a7bf23d1f6e5a79545920b	gi|343200983|ref|NR_041670.1|	88.235	306	35	1	155	460	458	762	6.76e-101	366	490092
a4db1a9ce9a7bf23d1f6e5a79545920b	gi|631250946|ref|NR_112143.1|	81.316	471	66	19	1	460	307	766	8.75e-100	363	821
372ac60ecda12671f003d695bfdff72f	gi|3030611324|ref|NR_200000.1|	95.260	443	20	1	1	442	301	743	0.0	701	3342383
372ac60ecda12671f003d695bfdff72f	gi|1109168025|ref|NR_144611.1|	94.808	443	22	1	1	442	282	724	0.0	689	1417852
372ac60ecda12671f003d695bfdff72f	gi|2363084741|ref|NR_180619.1|	94.131	443	25	1	1	442	347	789	0.0	673	2779352
372ac60ecda12671f003d695bfdff72f	gi|1193829127|ref|NR_147370.1|	93.454	443	28	1	1	442	349	791	0.0	656	1870988
372ac60ecda12671f003d695bfdff72f	gi|219846080|ref|NR_025670.1|	93.018	444	28	2	1	442	329	771	0.0	645	411467
372ac60ecda12671f003d695bfdff72f	gi|343198636|ref|NR_043142.1|	92.777	443	31	1	1	442	323	765	0.0	640	292800
372ac60ecda12671f003d695bfdff72f	gi|265679048|ref|NR_029356.1|	92.777	443	31	1	1	442	336	778	0.0	640	292800
372ac60ecda12671f003d695bfdff72f	gi|2363082168|ref|NR_179330.1|	92.325	443	32	2	1	442	327	768	7.49e-180	628	2714355
372ac60ecda12671f003d695bfdff72f	gi|2363082165|ref|NR_179329.1|	92.099	443	33	2	1	442	327	768	3.48e-178	623	2714353
372ac60ecda12671f003d695bfdff72f	gi|645321636|ref|NR_118554.1|	92.099	443	34	1	1	442	329	771	3.48e-178	623	1297617
9454d067654fd45866931c723d163330	gi|631251954|ref|NR_113152.1|	91.577	463	33	4	1	460	337	796	0.0	634	28117
9454d067654fd45866931c723d163330	gi|636559243|ref|NR_115300.1|	91.026	468	26	11	1	460	314	773	1.69e-176	617	679935
9454d067654fd45866931c723d163330	gi|2363082505|ref|NR_179499.1|	90.753	465	33	8	1	460	342	801	7.86e-175	612	2364787
9454d067654fd45866931c723d163330	gi|507148137|ref|NR_102944.1|	90.812	468	27	11	1	460	334	793	7.86e-175	612	214856
9454d067654fd45866931c723d163330	gi|631251953|ref|NR_113151.1|	90.753	465	33	8	1	460	338	797	7.86e-175	612	328813
9454d067654fd45866931c723d163330	gi|631251952|ref|NR_113150.1|	90.812	468	27	11	1	460	334	793	7.86e-175	612	214856
9454d067654fd45866931c723d163330	gi|343202833|ref|NR_043318.1|	90.753	465	33	8	1	460	324	783	7.86e-175	612	328813
9454d067654fd45866931c723d163330	gi|343198609|ref|NR_043064.1|	90.812	468	27	11	1	460	314	773	7.86e-175	612	214856
9454d067654fd45866931c723d163330	gi|672239000|ref|NR_125589.1|	90.517	464	36	6	1	460	269	728	3.66e-173	606	1033731
9454d067654fd45866931c723d163330	gi|2363082099|ref|NR_179296.1|	90.086	464	38	6	1	460	324	783	7.92e-170	595	2585119
0319baad0656045d38333dba6898ce86	gi|3030611269|ref|NR_199945.1|	95.465	441	19	1	1	441	335	774	0.0	702	3435293
0319baad0656045d38333dba6898ce86	gi|265678656|ref|NR_028961.1|	95.485	443	15	5	1	441	327	766	0.0	702	853
0319baad0656045d38333dba6898ce86	gi|2363081451|ref|NR_178972.1|	95.260	443	16	5	1	441	285	724	0.0	697	1851428
0319baad0656045d38333dba6898ce86	gi|2363080123|ref|NR_178280.1|	95.260	443	16	5	1	441	331	770	0.0	697	411483
0319baad0656045d38333dba6898ce86	gi|2363081449|ref|NR_178971.1|	95.034	443	16	6	1	441	285	723	0.0	691	1851427
0319baad0656045d38333dba6898ce86	gi|2363082282|ref|NR_179388.1|	94.595	444	17	7	1	441	335	774	0.0	680	2935520
0319baad0656045d38333dba6898ce86	gi|2363080175|ref|NR_178311.1|	93.002	443	26	5	1	441	412	851	0.0	641	2903556
0319baad0656045d38333dba6898ce86	gi|2363082356|ref|NR_179425.1|	92.290	441	33	1	1	441	351	790	9.66e-179	625	1689304
0319baad0656045d38333dba6898ce86	gi|2363084747|ref|NR_180622.1|	92.099	443	30	5	1	441	335	774	4.50e-177	619	2779354
0319baad0656045d38333dba6898ce86	gi|2962412223|ref|NR_199417.1|	91.610	441	36	1	1	441	342	781	9.73e-174	608	3136601
4fe977d917a2e144235b811549c2845c	gi|645321792|ref|NR_118676.1|	97.273	440	12	0	1	440	370	809	0.0	756	39497
4fe977d917a2e144235b811549c2845c	gi|219846511|ref|NR_026103.1|	97.273	440	12	0	1	440	316	755	0.0	747	37658
4fe977d917a2e144235b811549c2845c	gi|1277396183|ref|NR_151894.1|	97.273	440	12	0	1	440	335	774	0.0	747	433293
4fe977d917a2e144235b811549c2845c	gi|1277396381|ref|NR_152095.1|	97.045	440	13	0	1	440	348	787	0.0	741	1679721
4fe977d917a2e144235b811549c2845c	gi|343202586|ref|NR_042953.1|	96.818	440	14	0	1	440	308	747	0.0	736	264463
4fe977d917a2e144235b811549c2845c	gi|2136551633|ref|NR_173637.1|	96.591	440	15	0	1	440	294	733	0.0	730	2755051
4fe977d917a2e144235b811549c2845c	gi|631252121|ref|NR_113319.1|	96.591	440	15	0	1	440	350	789	0.0	730	645466
4fe977d917a2e144235b811549c2845c	gi|219878251|ref|NR_025390.1|	96.591	440	15	0	1	440	330	769	0.0	730	115544
4fe977d917a2e144235b811549c2845c	gi|1040567056|ref|NR_137405.1|	96.364	440	16	0	1	440	307	746	0.0	725	1619234
4fe977d917a2e144235b811549c2845c	gi|961555123|ref|NR_134091.1|	96.364	440	16	0	1	440	335	774	0.0	725	1462919
c863018273551920b81cb92958919f4b	gi|2363084747|ref|NR_180622.1|	90.135	446	35	9	1	443	335	774	1.28e-162	571	2779354
c863018273551920b81cb92958919f4b	gi|2363082356|ref|NR_179425.1|	90.135	446	35	8	1	443	351	790	1.28e-162	571	1689304
c863018273551920b81cb92958919f4b	gi|1397641802|ref|NR_156911.1|	89.686	446	37	8	1	443	351	790	2.78e-159	560	1650663
c863018273551920b81cb92958919f4b	gi|645321636|ref|NR_118554.1|	89.189	444	46	2	1	443	329	771	4.65e-157	553	1297617
c863018273551920b81cb92958919f4b	gi|2962412223|ref|NR_199417.1|	89.165	443	45	2	1	443	342	781	6.01e-156	549	3136601
c863018273551920b81cb92958919f4b	gi|1277396189|ref|NR_151900.1|	89.213	445	41	7	1	443	351	790	6.01e-156	549	1550024
c863018273551920b81cb92958919f4b	gi|265678692|ref|NR_028997.1|	88.739	444	46	3	1	443	303	743	3.62e-153	540	214851
c863018273551920b81cb92958919f4b	gi|1109168025|ref|NR_144611.1|	88.262	443	52	0	1	443	282	724	2.18e-150	531	1417852
c863018273551920b81cb92958919f4b	gi|559795255|ref|NR_104846.1|	88.288	444	47	4	1	443	288	727	2.82e-149	527	745368
c863018273551920b81cb92958919f4b	gi|2363082825|ref|NR_179661.1|	87.919	447	46	7	1	443	342	784	4.71e-147	520	2086583
3a1955c1d5ee15910500b43199dc12fb	gi|2363082168|ref|NR_179330.1|	86.117	461	44	7	1	460	327	768	8.32e-135	479	2714355
3a1955c1d5ee15910500b43199dc12fb	gi|2363082165|ref|NR_179329.1|	85.900	461	45	7	1	460	327	768	3.87e-133	473	2714353
3a1955c1d5ee15910500b43199dc12fb	gi|3030611323|ref|NR_199999.1|	85.683	461	47	9	1	460	301	743	1.80e-131	468	3133422
3a1955c1d5ee15910500b43199dc12fb	gi|2363082569|ref|NR_179531.1|	85.529	463	43	14	1	460	347	788	8.38e-130	462	1852369
3a1955c1d5ee15910500b43199dc12fb	gi|1109168025|ref|NR_144611.1|	85.466	461	48	8	1	460	282	724	8.38e-130	462	1417852
3a1955c1d5ee15910500b43199dc12fb	gi|631251740|ref|NR_112938.1|	84.848	462	66	4	1	460	326	785	8.38e-130	462	204516
3a1955c1d5ee15910500b43199dc12fb	gi|343198509|ref|NR_042745.1|	84.848	462	66	4	1	460	338	797	8.38e-130	462	204516
3a1955c1d5ee15910500b43199dc12fb	gi|3030611324|ref|NR_200000.1|	85.249	461	49	8	1	460	301	743	3.90e-128	457	3342383
3a1955c1d5ee15910500b43199dc12fb	gi|2136551692|ref|NR_173697.1|	85.033	461	49	10	1	460	349	790	1.81e-126	451	2108523
3a1955c1d5ee15910500b43199dc12fb	gi|2363082358|ref|NR_179426.1|	85.033	461	50	9	1	460	349	791	1.81e-126	451	1702285
af91ddee7eefe6b2465421631212c304	gi|631251872|ref|NR_113070.1|	88.696	460	34	8	1	442	334	793	7.76e-155	545	742727
af91ddee7eefe6b2465421631212c304	gi|631251747|ref|NR_112945.1|	88.696	460	34	10	1	442	327	786	7.76e-155	545	820
af91ddee7eefe6b2465421631212c304	gi|631251697|ref|NR_112895.1|	88.696	460	34	8	1	442	314	773	7.76e-155	545	742727
af91ddee7eefe6b2465421631212c304	gi|343200179|ref|NR_040866.1|	88.696	460	34	10	1	442	334	793	7.76e-155	545	820
af91ddee7eefe6b2465421631212c304	gi|2363086550|ref|NR_181532.1|	88.478	460	35	10	1	442	322	781	3.61e-153	540	2763025
af91ddee7eefe6b2465421631212c304	gi|631252009|ref|NR_113207.1|	88.478	460	35	8	1	442	334	793	3.61e-153	540	1236514
af91ddee7eefe6b2465421631212c304	gi|2363082773|ref|NR_179635.1|	88.286	461	34	10	1	442	338	797	1.68e-151	534	2024197
af91ddee7eefe6b2465421631212c304	gi|631251874|ref|NR_113072.1|	88.261	460	36	8	1	442	338	797	1.68e-151	534	1236512
af91ddee7eefe6b2465421631212c304	gi|631251870|ref|NR_113068.1|	88.261	460	36	8	1	442	336	795	1.68e-151	534	763034
af91ddee7eefe6b2465421631212c304	gi|631251696|ref|NR_112894.1|	88.261	460	36	8	1	442	316	775	1.68e-151	534	763034
cf245a82a481067b43f69447f819f8d3	gi|566085050|ref|NR_108636.1|	92.045	440	35	0	1	440	348	787	4.48e-177	619	682400
cf245a82a481067b43f69447f819f8d3	gi|2363080283|ref|NR_178367.1|	92.045	440	35	0	1	440	328	767	4.48e-177	619	673271
cf245a82a481067b43f69447f819f8d3	gi|1109168027|ref|NR_144612.1|	90.909	440	40	0	1	440	350	789	9.78e-169	592	1796636
cf245a82a481067b43f69447f819f8d3	gi|219846901|ref|NR_026493.1|	90.745	443	35	6	1	440	338	777	4.55e-167	586	69825
cf245a82a481067b43f69447f819f8d3	gi|219857122|ref|NR_024750.1|	90.498	442	39	3	1	440	300	740	5.88e-166	582	116085
cf245a82a481067b43f69447f819f8d3	gi|1193829153|ref|NR_147396.1|	90.519	443	36	6	1	440	328	767	2.12e-165	580	1917870
cf245a82a481067b43f69447f819f8d3	gi|2363085097|ref|NR_180797.1|	90.498	442	38	4	1	440	346	785	2.12e-165	580	2605778
cf245a82a481067b43f69447f819f8d3	gi|1227086118|ref|NR_148620.1|	90.476	441	40	2	1	440	195	634	2.12e-165	580	1763509
cf245a82a481067b43f69447f819f8d3	gi|1491509616|ref|NR_159147.1|	90.519	443	36	6	1	440	335	774	2.12e-165	580	915180
cf245a82a481067b43f69447f819f8d3	gi|2363085332|ref|NR_180914.1|	90.271	442	39	4	1	440	328	767	9.85e-164	575	2696063
af4a1a5ad0c44e96dc4dfa4d43698d67	gi|444304091|ref|NR_074515.1|	88.503	461	33	12	1	442	350	809	3.61e-153	540	435590
af4a1a5ad0c44e96dc4dfa4d43698d67	gi|631251748|ref|NR_112946.1|	88.503	461	33	12	1	442	339	798	3.61e-153	540	821
af4a1a5ad0c44e96dc4dfa4d43698d67	gi|631250946|ref|NR_112143.1|	88.286	461	34	12	1	442	307	766	1.68e-151	534	821
af4a1a5ad0c44e96dc4dfa4d43698d67	gi|343200664|ref|NR_041351.1|	88.069	461	35	13	1	442	341	800	7.81e-150	529	357276
af4a1a5ad0c44e96dc4dfa4d43698d67	gi|343200591|ref|NR_041278.1|	86.522	460	44	10	1	442	339	798	3.69e-138	490	470145
af4a1a5ad0c44e96dc4dfa4d43698d67	gi|631251873|ref|NR_113071.1|	86.304	460	45	9	1	442	341	800	1.72e-136	484	1236498
af4a1a5ad0c44e96dc4dfa4d43698d67	gi|631251471|ref|NR_112668.1|	86.304	460	45	9	1	442	330	789	1.72e-136	484	732242
af4a1a5ad0c44e96dc4dfa4d43698d67	gi|343200759|ref|NR_041446.1|	86.087	460	46	11	1	442	323	782	7.98e-135	479	376804
af4a1a5ad0c44e96dc4dfa4d43698d67	gi|631251997|ref|NR_113195.1|	85.870	460	47	10	1	442	338	797	3.71e-133	473	1236515
af4a1a5ad0c44e96dc4dfa4d43698d67	gi|1116030286|ref|NR_144744.1|	85.652	460	48	8	1	442	339	798	4.80e-132	470	1841856
4dcd52340db5d0304a71812fb562a5ab	gi|2363086276|ref|NR_181390.1|	97.052	441	10	3	1	439	304	743	0.0	739	2763659
4dcd52340db5d0304a71812fb562a5ab	gi|1445136071|ref|NR_158111.1|	93.622	439	28	0	1	439	349	787	0.0	656	2038680
4dcd52340db5d0304a71812fb562a5ab	gi|1193829135|ref|NR_147378.1|	92.971	441	29	1	1	439	339	779	0.0	641	1871035
4dcd52340db5d0304a71812fb562a5ab	gi|1277396348|ref|NR_152059.1|	92.551	443	28	4	1	439	272	713	2.07e-180	630	1849041
4dcd52340db5d0304a71812fb562a5ab	gi|2363082561|ref|NR_179527.1|	92.551	443	28	4	1	439	336	777	2.07e-180	630	1841868
4dcd52340db5d0304a71812fb562a5ab	gi|2363082755|ref|NR_179626.1|	92.483	439	33	0	1	439	351	789	7.43e-180	628	1987501
4dcd52340db5d0304a71812fb562a5ab	gi|2363082585|ref|NR_179539.1|	92.255	439	34	0	1	439	351	789	3.46e-178	623	1852384
4dcd52340db5d0304a71812fb562a5ab	gi|2363082601|ref|NR_179547.1|	91.648	443	30	7	1	439	347	786	3.48e-173	606	1870991
4dcd52340db5d0304a71812fb562a5ab	gi|1193829155|ref|NR_147398.1|	90.909	440	38	2	1	439	351	789	3.51e-168	590	1720200
4dcd52340db5d0304a71812fb562a5ab	gi|343202572|ref|NR_042930.1|	90.909	440	38	2	1	439	366	804	3.51e-168	590	258515
37f74982dbb43fb95ffe9f0d69b3ec40	gi|1397641803|ref|NR_156912.1|	91.441	444	34	4	1	441	307	749	3.50e-173	606	1450156
37f74982dbb43fb95ffe9f0d69b3ec40	gi|645320791|ref|NR_117912.1|	91.441	444	34	4	1	441	325	767	3.50e-173	606	879970
37f74982dbb43fb95ffe9f0d69b3ec40	gi|2363083221|ref|NR_179859.1|	91.403	442	35	3	1	441	347	786	4.53e-172	603	2078660
37f74982dbb43fb95ffe9f0d69b3ec40	gi|2136551594|ref|NR_173597.1|	90.930	441	39	1	1	441	348	787	9.80e-169	592	2662126
37f74982dbb43fb95ffe9f0d69b3ec40	gi|3030611264|ref|NR_199940.1|	90.991	444	33	7	1	441	338	777	9.80e-169	592	3074433
37f74982dbb43fb95ffe9f0d69b3ec40	gi|2363080848|ref|NR_178667.1|	90.930	441	36	4	1	438	340	779	3.52e-168	590	1473580
37f74982dbb43fb95ffe9f0d69b3ec40	gi|1230874676|ref|NR_148837.1|	90.745	443	36	5	1	441	347	786	4.56e-167	586	1675854
37f74982dbb43fb95ffe9f0d69b3ec40	gi|645320438|ref|NR_117645.1|	90.745	443	36	5	1	441	345	784	4.56e-167	586	1185412
37f74982dbb43fb95ffe9f0d69b3ec40	gi|566085050|ref|NR_108636.1|	90.498	442	39	3	1	441	348	787	2.12e-165	580	682400
37f74982dbb43fb95ffe9f0d69b3ec40	gi|3030611263|ref|NR_199939.1|	90.293	443	38	5	1	441	332	771	9.87e-164	575	3074434
251a304ab17a282a6eec5bff37dbbf6b	gi|631251740|ref|NR_112938.1|	88.503	461	49	3	1	458	326	785	1.34e-157	555	204516
251a304ab17a282a6eec5bff37dbbf6b	gi|343198509|ref|NR_042745.1|	88.503	461	49	3	1	458	338	797	1.34e-157	555	204516
251a304ab17a282a6eec5bff37dbbf6b	gi|1146059112|ref|NR_145844.1|	86.739	460	59	1	1	458	339	798	2.94e-144	510	1411144
251a304ab17a282a6eec5bff37dbbf6b	gi|343200626|ref|NR_041313.1|	86.768	461	57	4	1	458	340	799	2.94e-144	510	338188
251a304ab17a282a6eec5bff37dbbf6b	gi|2363084431|ref|NR_180463.1|	86.551	461	58	3	1	458	340	799	1.37e-142	505	2650158
251a304ab17a282a6eec5bff37dbbf6b	gi|2363084421|ref|NR_180458.1|	86.551	461	58	3	1	458	340	799	1.37e-142	505	2650157
251a304ab17a282a6eec5bff37dbbf6b	gi|2363082635|ref|NR_179564.1|	86.551	461	58	4	1	458	338	797	1.37e-142	505	1903262
251a304ab17a282a6eec5bff37dbbf6b	gi|2363086550|ref|NR_181532.1|	86.551	461	58	3	1	458	322	781	1.37e-142	505	2763025
251a304ab17a282a6eec5bff37dbbf6b	gi|631251747|ref|NR_112945.1|	86.334	461	59	3	1	458	327	786	6.36e-141	499	820
251a304ab17a282a6eec5bff37dbbf6b	gi|631251733|ref|NR_112931.1|	86.334	461	59	3	1	458	340	799	6.36e-141	499	85831
4626aabb69ba56fa9cb86f5d5598b375	gi|631252157|ref|NR_113355.1|	94.624	465	25	0	1	465	356	820	0.0	721	218538
4626aabb69ba56fa9cb86f5d5598b375	gi|219846090|ref|NR_025680.1|	94.624	465	25	0	1	465	336	800	0.0	721	592028
4626aabb69ba56fa9cb86f5d5598b375	gi|2363082841|ref|NR_179669.1|	89.293	467	46	4	1	465	360	824	6.24e-166	582	2161821
4626aabb69ba56fa9cb86f5d5598b375	gi|2363082109|ref|NR_179301.1|	89.293	467	46	4	1	465	344	808	6.24e-166	582	2582419
4626aabb69ba56fa9cb86f5d5598b375	gi|2363083367|ref|NR_179932.1|	88.841	466	50	2	1	465	283	747	1.35e-162	571	2144175
4626aabb69ba56fa9cb86f5d5598b375	gi|631252179|ref|NR_113377.1|	88.889	468	46	4	1	465	353	817	1.35e-162	571	103892
4626aabb69ba56fa9cb86f5d5598b375	gi|265678796|ref|NR_029101.1|	88.889	468	46	4	1	465	288	752	1.35e-162	571	103892
4626aabb69ba56fa9cb86f5d5598b375	gi|961555257|ref|NR_134226.1|	88.889	468	46	4	1	465	264	728	1.35e-162	571	1502943
4626aabb69ba56fa9cb86f5d5598b375	gi|636558482|ref|NR_114538.1|	88.889	468	46	4	1	465	330	794	1.35e-162	571	103892
4626aabb69ba56fa9cb86f5d5598b375	gi|631252158|ref|NR_113356.1|	88.841	466	49	3	1	465	355	818	4.86e-162	569	309120
de45f7b98bd8553a565a7a069868f5eb	gi|939733298|ref|NR_133025.1|	93.506	462	26	3	1	460	275	734	0.0	684	2585118
de45f7b98bd8553a565a7a069868f5eb	gi|631251954|ref|NR_113152.1|	90.693	462	39	3	1	460	337	796	7.86e-175	612	28117
de45f7b98bd8553a565a7a069868f5eb	gi|2363082505|ref|NR_179499.1|	90.517	464	36	7	1	460	342	801	3.66e-173	606	2364787
de45f7b98bd8553a565a7a069868f5eb	gi|507148054|ref|NR_102861.1|	90.497	463	38	6	1	460	334	793	3.66e-173	606	717959
de45f7b98bd8553a565a7a069868f5eb	gi|343202834|ref|NR_043319.1|	90.281	463	39	6	1	460	323	782	4.73e-172	603	717959
de45f7b98bd8553a565a7a069868f5eb	gi|631251955|ref|NR_113153.1|	90.281	463	39	6	1	460	334	793	1.70e-171	601	328814
de45f7b98bd8553a565a7a069868f5eb	gi|631251953|ref|NR_113151.1|	89.805	461	45	2	1	460	338	797	3.69e-168	590	328813
de45f7b98bd8553a565a7a069868f5eb	gi|343202833|ref|NR_043318.1|	89.805	461	45	2	1	460	324	783	3.69e-168	590	328813
de45f7b98bd8553a565a7a069868f5eb	gi|2363082099|ref|NR_179296.1|	89.610	462	44	3	1	460	324	783	1.71e-166	584	2585119
de45f7b98bd8553a565a7a069868f5eb	gi|636559243|ref|NR_115300.1|	89.610	462	44	4	1	460	314	773	1.71e-166	584	679935
18789515e555f5bb5861998e7ce1a1e4	gi|2363082569|ref|NR_179531.1|	91.667	444	31	6	1	440	347	788	2.70e-174	610	1852369
18789515e555f5bb5861998e7ce1a1e4	gi|219846327|ref|NR_025917.1|	90.249	441	40	3	1	440	309	747	3.54e-163	573	35830
18789515e555f5bb5861998e7ce1a1e4	gi|3030611269|ref|NR_199945.1|	89.819	442	41	4	1	440	335	774	2.13e-160	564	3435293
18789515e555f5bb5861998e7ce1a1e4	gi|785794309|ref|NG_041947.1|	89.414	444	42	4	1	440	469	911	1.28e-157	555	394503
18789515e555f5bb5861998e7ce1a1e4	gi|785497611|ref|NR_102768.2|	89.414	444	42	4	1	440	330	772	1.28e-157	555	1521
18789515e555f5bb5861998e7ce1a1e4	gi|645319803|ref|NR_117165.1|	89.391	443	43	4	1	440	476	917	1.28e-157	555	48256
18789515e555f5bb5861998e7ce1a1e4	gi|645319802|ref|NR_117164.1|	89.391	443	43	4	1	440	476	917	1.28e-157	555	48256
18789515e555f5bb5861998e7ce1a1e4	gi|645319800|ref|NR_117163.1|	89.391	443	43	4	1	440	445	886	1.28e-157	555	48256
18789515e555f5bb5861998e7ce1a1e4	gi|645319799|ref|NR_117162.1|	89.391	443	43	4	1	440	472	913	1.28e-157	555	48256
18789515e555f5bb5861998e7ce1a1e4	gi|2363082282|ref|NR_179388.1|	89.391	443	41	6	1	440	335	774	4.61e-157	553	2935520
97ccc24dd1bb0ffd652c530dd45f4780	gi|444304091|ref|NR_074515.1|	86.768	461	59	2	1	460	350	809	8.21e-145	512	435590
97ccc24dd1bb0ffd652c530dd45f4780	gi|631251748|ref|NR_112946.1|	86.768	461	59	2	1	460	339	798	8.21e-145	512	821
97ccc24dd1bb0ffd652c530dd45f4780	gi|2363082547|ref|NR_179520.1|	85.683	461	64	2	1	460	314	773	1.79e-136	484	1841855
97ccc24dd1bb0ffd652c530dd45f4780	gi|631251872|ref|NR_113070.1|	85.313	463	62	5	1	460	334	793	3.87e-133	473	742727
97ccc24dd1bb0ffd652c530dd45f4780	gi|631251697|ref|NR_112895.1|	85.313	463	62	5	1	460	314	773	3.87e-133	473	742727
97ccc24dd1bb0ffd652c530dd45f4780	gi|343206053|ref|NR_044633.1|	84.665	463	65	5	1	460	347	806	5.01e-132	470	28113
97ccc24dd1bb0ffd652c530dd45f4780	gi|631252009|ref|NR_113207.1|	84.665	463	65	5	1	460	334	793	3.90e-128	457	1236514
97ccc24dd1bb0ffd652c530dd45f4780	gi|2363086250|ref|NR_181377.1|	84.449	463	66	6	1	460	343	802	1.81e-126	451	2763138
97ccc24dd1bb0ffd652c530dd45f4780	gi|631251871|ref|NR_113069.1|	84.416	462	68	4	1	460	336	795	1.81e-126	451	477666
97ccc24dd1bb0ffd652c530dd45f4780	gi|343200955|ref|NR_041642.1|	84.416	462	68	4	1	460	302	761	1.81e-126	451	477666
37ff4807f9e697ad68b954bbb18d076d	gi|2363084431|ref|NR_180463.1|	97.609	460	11	0	1	460	340	799	0.0	789	2650158
37ff4807f9e697ad68b954bbb18d076d	gi|343201773|ref|NR_042499.1|	97.609	460	11	0	1	460	294	753	0.0	789	657309
37ff4807f9e697ad68b954bbb18d076d	gi|631251749|ref|NR_112947.1|	97.391	460	12	0	1	460	326	785	0.0	785	657309
37ff4807f9e697ad68b954bbb18d076d	gi|631251733|ref|NR_112931.1|	97.174	460	13	0	1	460	340	799	0.0	778	85831
37ff4807f9e697ad68b954bbb18d076d	gi|265678305|ref|NR_028607.1|	97.168	459	13	0	2	460	333	791	0.0	776	85831
37ff4807f9e697ad68b954bbb18d076d	gi|1491509587|ref|NR_159118.1|	96.739	460	15	0	1	460	310	769	0.0	767	28116
37ff4807f9e697ad68b954bbb18d076d	gi|1491509586|ref|NR_159117.1|	96.739	460	15	0	1	460	301	760	0.0	767	28116
37ff4807f9e697ad68b954bbb18d076d	gi|631251742|ref|NR_112940.1|	96.739	460	15	0	1	460	327	786	0.0	767	28116
37ff4807f9e697ad68b954bbb18d076d	gi|636559244|ref|NR_115301.1|	96.739	460	15	0	1	460	320	779	0.0	767	28116
37ff4807f9e697ad68b954bbb18d076d	gi|636560121|ref|NR_116181.1|	96.739	460	14	1	1	460	333	791	0.0	765	28116
8e51a4c2e349be7e63d6f02b13221fa3	gi|444303855|ref|NR_074277.1|	95.217	460	22	0	1	460	352	811	0.0	728	818
8e51a4c2e349be7e63d6f02b13221fa3	gi|631252008|ref|NR_113206.1|	95.217	460	22	0	1	460	336	795	0.0	728	1236513
8e51a4c2e349be7e63d6f02b13221fa3	gi|631251746|ref|NR_112944.1|	95.217	460	22	0	1	460	324	783	0.0	728	818
8e51a4c2e349be7e63d6f02b13221fa3	gi|1491509587|ref|NR_159118.1|	94.565	460	25	0	1	460	310	769	0.0	712	28116
8e51a4c2e349be7e63d6f02b13221fa3	gi|1491509586|ref|NR_159117.1|	94.565	460	25	0	1	460	301	760	0.0	712	28116
8e51a4c2e349be7e63d6f02b13221fa3	gi|631251869|ref|NR_113067.1|	94.565	460	25	0	1	460	325	784	0.0	712	1077285
8e51a4c2e349be7e63d6f02b13221fa3	gi|631251744|ref|NR_112942.1|	94.565	460	25	0	1	460	323	782	0.0	712	291644
8e51a4c2e349be7e63d6f02b13221fa3	gi|631251742|ref|NR_112940.1|	94.565	460	25	0	1	460	327	786	0.0	712	28116
8e51a4c2e349be7e63d6f02b13221fa3	gi|645320100|ref|NR_117387.1|	94.565	460	25	0	1	460	320	779	0.0	712	1077285
8e51a4c2e349be7e63d6f02b13221fa3	gi|636559244|ref|NR_115301.1|	94.565	460	25	0	1	460	320	779	0.0	712	28116
aa4a57e726e7b0c2389ca2f8549a38c8	gi|631251742|ref|NR_112940.1|	95.000	460	23	0	1	460	327	786	0.0	723	28116
aa4a57e726e7b0c2389ca2f8549a38c8	gi|636559244|ref|NR_115301.1|	95.000	460	23	0	1	460	320	779	0.0	723	28116
aa4a57e726e7b0c2389ca2f8549a38c8	gi|636560121|ref|NR_116181.1|	95.000	460	22	1	1	460	333	791	0.0	721	28116
aa4a57e726e7b0c2389ca2f8549a38c8	gi|1491509587|ref|NR_159118.1|	94.783	460	24	0	1	460	310	769	0.0	717	28116
aa4a57e726e7b0c2389ca2f8549a38c8	gi|1491509586|ref|NR_159117.1|	94.783	460	24	0	1	460	301	760	0.0	717	28116
aa4a57e726e7b0c2389ca2f8549a38c8	gi|343200178|ref|NR_040865.1|	94.577	461	23	2	1	460	333	792	0.0	712	28116
aa4a57e726e7b0c2389ca2f8549a38c8	gi|645322410|ref|NR_119165.1|	94.130	460	27	0	1	460	319	778	0.0	708	28116
aa4a57e726e7b0c2389ca2f8549a38c8	gi|2363082611|ref|NR_179552.1|	93.926	461	27	1	1	460	340	800	0.0	695	1871006
aa4a57e726e7b0c2389ca2f8549a38c8	gi|631251749|ref|NR_112947.1|	93.696	460	29	0	1	460	326	785	0.0	689	657309
aa4a57e726e7b0c2389ca2f8549a38c8	gi|343201773|ref|NR_042499.1|	93.696	460	29	0	1	460	294	753	0.0	689	657309
d4431a0716b76f01cb74a0efdd4d1a2d	gi|631251953|ref|NR_113151.1|	95.870	460	19	0	1	460	338	797	0.0	745	328813
d4431a0716b76f01cb74a0efdd4d1a2d	gi|343202833|ref|NR_043318.1|	95.870	460	19	0	1	460	324	783	0.0	745	328813
d4431a0716b76f01cb74a0efdd4d1a2d	gi|2363082099|ref|NR_179296.1|	93.913	460	28	0	1	460	324	783	0.0	695	2585119
d4431a0716b76f01cb74a0efdd4d1a2d	gi|507148054|ref|NR_102861.1|	93.478	460	30	0	1	460	334	793	0.0	684	717959
d4431a0716b76f01cb74a0efdd4d1a2d	gi|672239000|ref|NR_125589.1|	93.492	461	28	2	1	460	269	728	0.0	684	1033731
d4431a0716b76f01cb74a0efdd4d1a2d	gi|343202834|ref|NR_043319.1|	93.261	460	31	0	1	460	323	782	0.0	680	717959
d4431a0716b76f01cb74a0efdd4d1a2d	gi|2363082505|ref|NR_179499.1|	93.261	460	31	0	1	460	342	801	0.0	678	2364787
d4431a0716b76f01cb74a0efdd4d1a2d	gi|507148137|ref|NR_102944.1|	93.261	460	31	0	1	460	334	793	0.0	678	214856
d4431a0716b76f01cb74a0efdd4d1a2d	gi|631251955|ref|NR_113153.1|	93.261	460	31	0	1	460	334	793	0.0	678	328814
d4431a0716b76f01cb74a0efdd4d1a2d	gi|636559243|ref|NR_115300.1|	93.261	460	31	0	1	460	314	773	0.0	678	679935
e2800e03c4c5b154b7fc418eecb1321f	gi|444304111|ref|NR_074535.1|	95.861	459	19	0	1	459	334	792	0.0	743	28118
e2800e03c4c5b154b7fc418eecb1321f	gi|631251877|ref|NR_113075.1|	95.861	459	19	0	1	459	334	792	0.0	743	28118
e2800e03c4c5b154b7fc418eecb1321f	gi|343206056|ref|NR_044636.1|	94.989	459	23	0	1	459	342	800	0.0	726	28118
e2800e03c4c5b154b7fc418eecb1321f	gi|631251749|ref|NR_112947.1|	87.931	464	47	8	1	459	326	785	3.76e-153	540	657309
e2800e03c4c5b154b7fc418eecb1321f	gi|2363084431|ref|NR_180463.1|	87.931	464	47	8	1	459	340	799	1.35e-152	538	2650158
e2800e03c4c5b154b7fc418eecb1321f	gi|631251733|ref|NR_112931.1|	87.879	462	51	5	1	459	340	799	1.35e-152	538	85831
e2800e03c4c5b154b7fc418eecb1321f	gi|343201773|ref|NR_042499.1|	87.931	464	47	8	1	459	294	753	1.35e-152	538	657309
e2800e03c4c5b154b7fc418eecb1321f	gi|265678305|ref|NR_028607.1|	87.852	461	51	5	2	459	333	791	4.86e-152	536	85831
e2800e03c4c5b154b7fc418eecb1321f	gi|343200626|ref|NR_041313.1|	87.716	464	48	8	1	459	340	799	6.28e-151	532	338188
e2800e03c4c5b154b7fc418eecb1321f	gi|631251867|ref|NR_113065.1|	87.500	464	49	7	1	459	338	797	2.92e-149	527	762984
de1f29ac26e4a958524a6f3410b35dcd	gi|2363084431|ref|NR_180463.1|	88.312	462	50	4	1	460	340	799	1.74e-156	551	2650158
de1f29ac26e4a958524a6f3410b35dcd	gi|631251733|ref|NR_112931.1|	88.312	462	50	4	1	460	340	799	1.74e-156	551	85831
de1f29ac26e4a958524a6f3410b35dcd	gi|343201773|ref|NR_042499.1|	88.312	462	50	4	1	460	294	753	1.74e-156	551	657309
de1f29ac26e4a958524a6f3410b35dcd	gi|265678305|ref|NR_028607.1|	88.286	461	50	4	2	460	333	791	6.25e-156	549	85831
de1f29ac26e4a958524a6f3410b35dcd	gi|631251749|ref|NR_112947.1|	88.095	462	51	4	1	460	326	785	2.25e-155	547	657309
de1f29ac26e4a958524a6f3410b35dcd	gi|631251735|ref|NR_112933.1|	88.121	463	49	6	1	460	334	793	8.09e-155	545	246787
de1f29ac26e4a958524a6f3410b35dcd	gi|631251734|ref|NR_112932.1|	87.879	462	52	4	1	460	328	787	3.76e-153	540	47678
de1f29ac26e4a958524a6f3410b35dcd	gi|343200620|ref|NR_041307.1|	87.879	462	52	4	1	460	334	793	3.76e-153	540	329854
de1f29ac26e4a958524a6f3410b35dcd	gi|219846650|ref|NR_026242.1|	87.879	462	52	4	1	460	318	777	3.76e-153	540	47678
de1f29ac26e4a958524a6f3410b35dcd	gi|631252008|ref|NR_113206.1|	87.446	462	54	4	1	460	336	795	8.15e-150	529	1236513
05c10342bc0a62dc2934414c97b1b907	gi|444303954|ref|NR_074377.1|	99.318	440	3	0	1	440	331	770	0.0	797	84112
05c10342bc0a62dc2934414c97b1b907	gi|631251960|ref|NR_113158.1|	99.318	440	3	0	1	440	331	770	0.0	797	84112
05c10342bc0a62dc2934414c97b1b907	gi|310975225|ref|NR_037089.1|	99.318	440	3	0	1	440	331	770	0.0	797	84112
05c10342bc0a62dc2934414c97b1b907	gi|631250842|ref|NR_112038.1|	99.318	440	3	0	1	440	334	773	0.0	797	84112
05c10342bc0a62dc2934414c97b1b907	gi|343198543|ref|NR_042840.1|	98.636	440	6	0	1	440	311	750	0.0	780	883107
05c10342bc0a62dc2934414c97b1b907	gi|1193829137|ref|NR_147380.1|	98.182	440	8	0	1	440	331	770	0.0	769	1871008
05c10342bc0a62dc2934414c97b1b907	gi|2363084900|ref|NR_180698.1|	98.182	440	8	0	1	440	331	770	0.0	769	2690837
05c10342bc0a62dc2934414c97b1b907	gi|2363081735|ref|NR_179114.1|	94.808	443	18	5	1	440	265	705	0.0	686	2070686
05c10342bc0a62dc2934414c97b1b907	gi|2363081733|ref|NR_179113.1|	94.796	442	18	5	1	440	282	720	0.0	684	2070688
05c10342bc0a62dc2934414c97b1b907	gi|2363082557|ref|NR_179525.1|	94.318	440	24	1	1	440	331	769	0.0	673	1841863
ada1a168caa23c482339858df1a6d201	gi|1109168025|ref|NR_144611.1|	90.315	444	41	2	1	443	282	724	2.13e-165	580	1417852
ada1a168caa23c482339858df1a6d201	gi|645321636|ref|NR_118554.1|	90.090	444	42	2	1	443	329	771	9.92e-164	575	1297617
ada1a168caa23c482339858df1a6d201	gi|2363084747|ref|NR_180622.1|	90.135	446	35	9	1	443	335	774	1.28e-162	571	2779354
ada1a168caa23c482339858df1a6d201	gi|2363082356|ref|NR_179425.1|	90.157	447	33	10	1	443	351	790	1.28e-162	571	1689304
ada1a168caa23c482339858df1a6d201	gi|2363082352|ref|NR_179423.1|	89.663	445	42	4	1	443	349	791	2.15e-160	564	1689270
ada1a168caa23c482339858df1a6d201	gi|3248465658|ref|NR_201672.1|	89.213	445	44	4	1	443	296	738	4.65e-157	553	3381350
ada1a168caa23c482339858df1a6d201	gi|2136551692|ref|NR_173697.1|	89.189	444	45	3	1	443	349	790	1.67e-156	551	2108523
ada1a168caa23c482339858df1a6d201	gi|1397641802|ref|NR_156911.1|	89.238	446	39	8	1	443	351	790	6.01e-156	549	1650663
ada1a168caa23c482339858df1a6d201	gi|3030611324|ref|NR_200000.1|	88.964	444	47	2	1	443	301	743	2.16e-155	547	3342383
ada1a168caa23c482339858df1a6d201	gi|2363082342|ref|NR_179418.1|	88.989	445	45	4	1	443	348	790	2.16e-155	547	1673721
b0cdb696ba85411ba63a12e948a0bab9	gi|3030611269|ref|NR_199945.1|	95.146	309	13	2	153	460	467	774	4.97e-137	486	3435293
b0cdb696ba85411ba63a12e948a0bab9	gi|265678656|ref|NR_028961.1|	95.146	309	13	2	153	460	459	766	4.97e-137	486	853
b0cdb696ba85411ba63a12e948a0bab9	gi|2363081451|ref|NR_178972.1|	94.822	309	14	2	153	460	417	724	2.31e-135	481	1851428
b0cdb696ba85411ba63a12e948a0bab9	gi|2363080123|ref|NR_178280.1|	94.822	309	14	2	153	460	463	770	2.31e-135	481	411483
b0cdb696ba85411ba63a12e948a0bab9	gi|559795255|ref|NR_104846.1|	94.481	308	17	0	153	460	420	727	1.08e-133	475	745368
b0cdb696ba85411ba63a12e948a0bab9	gi|2363081449|ref|NR_178971.1|	94.498	309	14	3	153	460	417	723	3.87e-133	473	1851427
b0cdb696ba85411ba63a12e948a0bab9	gi|265678692|ref|NR_028997.1|	94.156	308	18	0	153	460	436	743	5.01e-132	470	214851
b0cdb696ba85411ba63a12e948a0bab9	gi|2363082282|ref|NR_179388.1|	93.871	310	15	4	153	460	467	774	2.33e-130	464	2935520
b0cdb696ba85411ba63a12e948a0bab9	gi|2363082356|ref|NR_179425.1|	94.040	302	18	0	159	460	489	790	1.08e-128	459	1689304
b0cdb696ba85411ba63a12e948a0bab9	gi|1277396189|ref|NR_151900.1|	93.182	308	21	0	153	460	483	790	5.04e-127	453	1550024
351016cf87b633c584dc0f8c9f761317	gi|265679047|ref|NR_029355.1|	99.318	440	3	0	1	440	332	771	0.0	797	84026
351016cf87b633c584dc0f8c9f761317	gi|2363082601|ref|NR_179547.1|	96.364	440	16	0	1	440	347	786	0.0	725	1870991
351016cf87b633c584dc0f8c9f761317	gi|2363082755|ref|NR_179626.1|	94.318	440	24	1	1	440	351	789	0.0	673	1987501
351016cf87b633c584dc0f8c9f761317	gi|2363082585|ref|NR_179539.1|	94.091	440	25	1	1	440	351	789	0.0	667	1852384
351016cf87b633c584dc0f8c9f761317	gi|2363082625|ref|NR_179559.1|	93.424	441	28	1	1	440	333	773	0.0	652	1871018
351016cf87b633c584dc0f8c9f761317	gi|343205927|ref|NR_044425.1|	93.409	440	29	0	1	440	346	785	0.0	652	474960
351016cf87b633c584dc0f8c9f761317	gi|1445136071|ref|NR_158111.1|	93.409	440	28	1	1	440	349	787	0.0	651	2038680
351016cf87b633c584dc0f8c9f761317	gi|2363086272|ref|NR_181388.1|	93.182	440	30	0	1	440	388	827	0.0	647	2763658
351016cf87b633c584dc0f8c9f761317	gi|1277396348|ref|NR_152059.1|	93.002	443	27	3	1	440	272	713	0.0	643	1849041
351016cf87b633c584dc0f8c9f761317	gi|2363082561|ref|NR_179527.1|	93.002	443	27	3	1	440	336	777	0.0	643	1841868
ecd3ec1de341ecd65614c8b6233d5b8e	gi|343200655|ref|NR_041342.1|	94.156	462	23	3	1	460	336	795	0.0	701	823
ecd3ec1de341ecd65614c8b6233d5b8e	gi|444303953|ref|NR_074376.1|	93.723	462	25	3	1	460	351	810	0.0	689	435591
ecd3ec1de341ecd65614c8b6233d5b8e	gi|2363086049|ref|NR_181277.1|	88.961	462	47	4	1	460	309	768	1.73e-161	568	2753162
ecd3ec1de341ecd65614c8b6233d5b8e	gi|343200777|ref|NR_041464.1|	88.769	463	46	5	1	460	340	799	8.03e-160	562	387661
ecd3ec1de341ecd65614c8b6233d5b8e	gi|631251637|ref|NR_112835.1|	88.720	461	49	3	1	460	336	794	2.89e-159	560	574930
ecd3ec1de341ecd65614c8b6233d5b8e	gi|470466782|ref|NR_074140.1|	88.478	460	53	0	1	460	304	763	3.74e-158	556	28112
ecd3ec1de341ecd65614c8b6233d5b8e	gi|631251927|ref|NR_113125.1|	88.478	460	53	0	1	460	334	793	3.74e-158	556	28112
ecd3ec1de341ecd65614c8b6233d5b8e	gi|343200152|ref|NR_040839.1|	88.478	460	53	0	1	460	339	798	3.74e-158	556	28112
ecd3ec1de341ecd65614c8b6233d5b8e	gi|2363083816|ref|NR_180156.1|	88.337	463	48	4	1	460	291	750	1.74e-156	551	2290935
ecd3ec1de341ecd65614c8b6233d5b8e	gi|2363081792|ref|NR_179142.1|	88.261	460	54	0	1	460	334	793	1.74e-156	551	2006564
a6711dec0bb49cd1d5f572ac5b8fc8ac	gi|631251740|ref|NR_112938.1|	96.519	316	10	1	127	441	470	785	1.30e-147	521	204516
a6711dec0bb49cd1d5f572ac5b8fc8ac	gi|343198509|ref|NR_042745.1|	96.519	316	10	1	127	441	482	797	1.30e-147	521	204516
a6711dec0bb49cd1d5f572ac5b8fc8ac	gi|631251866|ref|NR_113064.1|	95.031	322	14	2	121	441	477	797	1.31e-142	505	1236538
a6711dec0bb49cd1d5f572ac5b8fc8ac	gi|631251817|ref|NR_113015.1|	95.031	322	14	2	121	441	477	797	1.31e-142	505	1236538
a6711dec0bb49cd1d5f572ac5b8fc8ac	gi|645320081|ref|NR_117373.1|	95.031	322	14	2	121	441	428	748	1.31e-142	505	1236515
a6711dec0bb49cd1d5f572ac5b8fc8ac	gi|631251997|ref|NR_113195.1|	94.720	322	15	2	121	441	477	797	6.11e-141	499	1236515
a6711dec0bb49cd1d5f572ac5b8fc8ac	gi|2363085522|ref|NR_181010.1|	93.498	323	17	4	121	441	436	756	2.86e-134	477	2786956
a6711dec0bb49cd1d5f572ac5b8fc8ac	gi|1491509587|ref|NR_159118.1|	93.269	312	21	0	130	441	458	769	2.88e-129	460	28116
a6711dec0bb49cd1d5f572ac5b8fc8ac	gi|1491509586|ref|NR_159117.1|	93.269	312	21	0	130	441	449	760	2.88e-129	460	28116
a6711dec0bb49cd1d5f572ac5b8fc8ac	gi|631251749|ref|NR_112947.1|	93.269	312	21	0	130	441	474	785	2.88e-129	460	657309
05f4d1289bf57fc7d5ed3f5f0c75109a	gi|2363080123|ref|NR_178280.1|	94.582	443	21	1	1	443	331	770	0.0	682	411483
05f4d1289bf57fc7d5ed3f5f0c75109a	gi|3030611269|ref|NR_199945.1|	94.357	443	22	2	1	443	335	774	0.0	676	3435293
05f4d1289bf57fc7d5ed3f5f0c75109a	gi|2363081449|ref|NR_178971.1|	94.131	443	22	2	1	443	285	723	0.0	671	1851427
05f4d1289bf57fc7d5ed3f5f0c75109a	gi|265678656|ref|NR_028961.1|	93.905	443	24	1	1	443	327	766	0.0	665	853
05f4d1289bf57fc7d5ed3f5f0c75109a	gi|2363081451|ref|NR_178972.1|	93.679	443	25	1	1	443	285	724	0.0	660	1851428
05f4d1289bf57fc7d5ed3f5f0c75109a	gi|2363082282|ref|NR_179388.1|	93.018	444	26	3	1	443	335	774	0.0	643	2935520
05f4d1289bf57fc7d5ed3f5f0c75109a	gi|2363080175|ref|NR_178311.1|	93.002	443	28	3	1	443	412	851	0.0	643	2903556
05f4d1289bf57fc7d5ed3f5f0c75109a	gi|2363084747|ref|NR_180622.1|	92.568	444	28	5	1	443	335	774	0.0	632	2779354
05f4d1289bf57fc7d5ed3f5f0c75109a	gi|265678692|ref|NR_028997.1|	91.874	443	34	1	1	443	303	743	1.62e-176	617	214851
05f4d1289bf57fc7d5ed3f5f0c75109a	gi|559795255|ref|NR_104846.1|	91.874	443	33	2	1	443	288	727	5.84e-176	616	745368
c99750c361911efcfb19350f768802f7	gi|1270532346|ref|NR_121773.2|	88.261	460	53	1	1	459	348	807	6.24e-156	549	397865
c99750c361911efcfb19350f768802f7	gi|631251875|ref|NR_113073.1|	88.261	460	53	1	1	459	329	788	6.24e-156	549	487174
c99750c361911efcfb19350f768802f7	gi|343200981|ref|NR_041668.1|	88.261	460	53	1	1	459	321	780	6.24e-156	549	742726
c99750c361911efcfb19350f768802f7	gi|343200821|ref|NR_041508.1|	88.043	460	53	2	1	459	325	783	2.90e-154	544	397865
c99750c361911efcfb19350f768802f7	gi|2621112336|ref|NR_189240.1|	86.638	464	53	9	1	459	342	801	1.37e-142	505	2944915
c99750c361911efcfb19350f768802f7	gi|645321322|ref|NR_118316.1|	86.364	462	58	5	1	459	338	797	6.37e-141	499	1349822
c99750c361911efcfb19350f768802f7	gi|1018196564|ref|NR_136443.1|	86.177	463	58	5	1	459	300	760	8.25e-140	496	867595
c99750c361911efcfb19350f768802f7	gi|1779814875|ref|NR_164950.1|	85.870	460	64	1	1	459	340	799	1.38e-137	488	2040292
c99750c361911efcfb19350f768802f7	gi|2136551682|ref|NR_173687.1|	85.345	464	59	8	1	459	325	784	1.39e-132	472	2751153
c99750c361911efcfb19350f768802f7	gi|645320792|ref|NR_117913.1|	85.281	462	63	5	1	459	328	787	1.39e-132	472	879969
9376b4a8ed487bfed8958a67ec3f9ee4	gi|1277396348|ref|NR_152059.1|	92.308	442	34	0	1	442	272	713	7.49e-180	628	1849041
9376b4a8ed487bfed8958a67ec3f9ee4	gi|2363082561|ref|NR_179527.1|	92.308	442	34	0	1	442	336	777	7.49e-180	628	1841868
9376b4a8ed487bfed8958a67ec3f9ee4	gi|228717037|ref|NR_027558.1|	91.629	442	34	2	1	442	292	730	9.75e-174	608	169435
9376b4a8ed487bfed8958a67ec3f9ee4	gi|2363082601|ref|NR_179547.1|	91.441	444	32	5	1	442	347	786	1.26e-172	604	1870991
9376b4a8ed487bfed8958a67ec3f9ee4	gi|1193829155|ref|NR_147398.1|	91.403	442	35	2	1	442	351	789	4.54e-172	603	1720200
9376b4a8ed487bfed8958a67ec3f9ee4	gi|1193829135|ref|NR_147378.1|	91.176	442	38	1	1	442	339	779	5.87e-171	599	1871035
9376b4a8ed487bfed8958a67ec3f9ee4	gi|343202572|ref|NR_042930.1|	91.176	442	36	2	1	442	366	804	2.11e-170	597	258515
9376b4a8ed487bfed8958a67ec3f9ee4	gi|2363082625|ref|NR_179559.1|	90.991	444	35	4	1	442	333	773	2.73e-169	593	1871018
9376b4a8ed487bfed8958a67ec3f9ee4	gi|343205927|ref|NR_044425.1|	90.971	443	36	3	1	442	346	785	2.73e-169	593	474960
9376b4a8ed487bfed8958a67ec3f9ee4	gi|265679047|ref|NR_029355.1|	90.971	443	36	3	1	442	332	771	2.73e-169	593	84026
898f8dfc47f73f9358eb30d261bea6aa	gi|631252157|ref|NR_113355.1|	89.936	467	43	4	1	465	356	820	6.19e-171	599	218538
898f8dfc47f73f9358eb30d261bea6aa	gi|219846090|ref|NR_025680.1|	89.936	467	43	4	1	465	336	800	6.19e-171	599	592028
898f8dfc47f73f9358eb30d261bea6aa	gi|219846519|ref|NR_026111.1|	88.009	467	52	2	1	465	339	803	6.33e-156	549	33025
898f8dfc47f73f9358eb30d261bea6aa	gi|631252179|ref|NR_113377.1|	86.724	467	58	2	1	465	353	817	6.42e-146	516	103892
898f8dfc47f73f9358eb30d261bea6aa	gi|961555257|ref|NR_134226.1|	86.724	467	58	2	1	465	264	728	6.42e-146	516	1502943
898f8dfc47f73f9358eb30d261bea6aa	gi|636558482|ref|NR_114538.1|	86.724	467	58	2	1	465	330	794	6.42e-146	516	103892
898f8dfc47f73f9358eb30d261bea6aa	gi|343201194|ref|NR_041951.1|	86.985	461	53	6	1	457	321	778	8.30e-145	512	1009370
898f8dfc47f73f9358eb30d261bea6aa	gi|645320469|ref|NR_117668.1|	86.596	470	54	7	1	465	341	806	2.99e-144	510	1337886
898f8dfc47f73f9358eb30d261bea6aa	gi|645320468|ref|NR_117667.1|	86.596	470	54	7	1	465	339	804	2.99e-144	510	1337886
898f8dfc47f73f9358eb30d261bea6aa	gi|645320465|ref|NR_117665.1|	86.596	470	54	7	1	465	336	801	2.99e-144	510	1337886
dadf57c8265071ac23bff25c56a94562	gi|444304012|ref|NR_074436.1|	89.310	449	42	6	1	446	321	766	1.01e-158	558	239935
dadf57c8265071ac23bff25c56a94562	gi|343202494|ref|NR_042817.1|	89.310	449	42	6	1	446	301	746	1.01e-158	558	349741
dadf57c8265071ac23bff25c56a94562	gi|343198540|ref|NR_042832.1|	86.889	450	46	10	1	446	330	770	1.03e-138	492	301302
dadf57c8265071ac23bff25c56a94562	gi|645320588|ref|NR_117758.1|	86.222	450	50	10	1	446	322	763	2.90e-134	477	166486
dadf57c8265071ac23bff25c56a94562	gi|228716944|ref|NR_027557.1|	86.222	450	50	10	1	446	343	784	2.90e-134	477	536231
dadf57c8265071ac23bff25c56a94562	gi|444304209|ref|NR_074634.1|	86.222	450	48	11	1	446	350	789	1.04e-133	475	515619
dadf57c8265071ac23bff25c56a94562	gi|444439494|ref|NR_074809.1|	86.000	450	50	10	1	446	350	790	4.85e-132	470	585394
dadf57c8265071ac23bff25c56a94562	gi|1227086116|ref|NR_148619.1|	85.809	451	50	11	1	446	301	742	6.27e-131	466	1712665
dadf57c8265071ac23bff25c56a94562	gi|2363085153|ref|NR_180825.1|	85.746	449	53	8	1	446	347	787	2.26e-130	464	2605790
dadf57c8265071ac23bff25c56a94562	gi|2363085149|ref|NR_180823.1|	85.746	449	52	9	1	446	357	796	2.26e-130	464	2606634
8e7b8d35577725300079c7e7e4fc660b	gi|939733298|ref|NR_133025.1|	95.706	326	12	2	117	441	410	734	3.63e-148	523	2585118
8e7b8d35577725300079c7e7e4fc660b	gi|507148054|ref|NR_102861.1|	91.131	327	25	4	117	441	469	793	3.76e-123	440	717959
8e7b8d35577725300079c7e7e4fc660b	gi|645321193|ref|NR_118219.1|	91.131	327	25	4	117	441	467	791	3.76e-123	440	1033732
8e7b8d35577725300079c7e7e4fc660b	gi|672239000|ref|NR_125589.1|	91.131	327	25	4	117	441	404	728	3.76e-123	440	1033731
8e7b8d35577725300079c7e7e4fc660b	gi|631251954|ref|NR_113152.1|	91.104	326	27	2	117	441	472	796	3.76e-123	440	28117
8e7b8d35577725300079c7e7e4fc660b	gi|343202834|ref|NR_043319.1|	90.826	327	26	4	117	441	458	782	4.86e-122	436	717959
8e7b8d35577725300079c7e7e4fc660b	gi|2363086959|ref|NR_181736.1|	90.826	327	26	4	117	441	469	793	1.75e-121	435	2834113
8e7b8d35577725300079c7e7e4fc660b	gi|2363082505|ref|NR_179499.1|	90.826	327	26	4	117	441	477	801	1.75e-121	435	2364787
8e7b8d35577725300079c7e7e4fc660b	gi|631251955|ref|NR_113153.1|	90.826	327	26	4	117	441	469	793	1.75e-121	435	328814
8e7b8d35577725300079c7e7e4fc660b	gi|2363082099|ref|NR_179296.1|	90.491	326	29	2	117	441	459	783	8.13e-120	429	2585119
c3ce3d7a6c893311e86a9d851d0db8c0	gi|2363082168|ref|NR_179330.1|	91.403	442	36	2	1	440	327	768	1.26e-172	604	2714355
c3ce3d7a6c893311e86a9d851d0db8c0	gi|2363082165|ref|NR_179329.1|	91.176	442	37	2	1	440	327	768	5.84e-171	599	2714353
c3ce3d7a6c893311e86a9d851d0db8c0	gi|645319803|ref|NR_117165.1|	90.971	443	36	4	1	440	476	917	2.72e-169	593	48256
c3ce3d7a6c893311e86a9d851d0db8c0	gi|645319802|ref|NR_117164.1|	90.971	443	36	4	1	440	476	917	2.72e-169	593	48256
c3ce3d7a6c893311e86a9d851d0db8c0	gi|645319800|ref|NR_117163.1|	90.971	443	36	4	1	440	445	886	2.72e-169	593	48256
c3ce3d7a6c893311e86a9d851d0db8c0	gi|645319799|ref|NR_117162.1|	90.971	443	36	4	1	440	472	913	2.72e-169	593	48256
c3ce3d7a6c893311e86a9d851d0db8c0	gi|219846327|ref|NR_025917.1|	90.909	440	39	1	1	440	309	747	3.52e-168	590	35830
c3ce3d7a6c893311e86a9d851d0db8c0	gi|2363084629|ref|NR_180563.1|	90.745	443	37	3	1	440	291	732	1.26e-167	588	2488810
c3ce3d7a6c893311e86a9d851d0db8c0	gi|785794309|ref|NG_041947.1|	90.766	444	36	3	1	440	469	911	1.26e-167	588	394503
c3ce3d7a6c893311e86a9d851d0db8c0	gi|785497611|ref|NR_102768.2|	90.766	444	36	3	1	440	330	772	1.26e-167	588	1521
1e8222b12e6aeb6de5fc29e303c10564	gi|3030611269|ref|NR_199945.1|	94.131	443	20	5	1	440	335	774	0.0	669	3435293
1e8222b12e6aeb6de5fc29e303c10564	gi|2363080123|ref|NR_178280.1|	93.665	442	24	3	1	440	331	770	0.0	658	411483
1e8222b12e6aeb6de5fc29e303c10564	gi|265678656|ref|NR_028961.1|	93.228	443	24	5	1	440	327	766	0.0	647	853
1e8222b12e6aeb6de5fc29e303c10564	gi|2363081449|ref|NR_178971.1|	93.213	442	25	4	1	440	285	723	0.0	645	1851427
1e8222b12e6aeb6de5fc29e303c10564	gi|2363081451|ref|NR_178972.1|	93.002	443	25	5	1	440	285	724	0.0	641	1851428
1e8222b12e6aeb6de5fc29e303c10564	gi|2363082282|ref|NR_179388.1|	92.793	444	24	7	1	440	335	774	0.0	636	2935520
1e8222b12e6aeb6de5fc29e303c10564	gi|2363080175|ref|NR_178311.1|	91.855	442	32	3	1	440	412	851	2.09e-175	614	2903556
1e8222b12e6aeb6de5fc29e303c10564	gi|2363082825|ref|NR_179661.1|	91.216	444	34	4	1	440	342	784	5.84e-171	599	2086583
1e8222b12e6aeb6de5fc29e303c10564	gi|1277396189|ref|NR_151900.1|	91.136	440	39	0	1	440	351	790	2.10e-170	597	1550024
1e8222b12e6aeb6de5fc29e303c10564	gi|1397641802|ref|NR_156911.1|	90.950	442	36	4	1	440	351	790	9.78e-169	592	1650663
1e79b6dcd557e83c9adebc46bc972d0d	gi|2363083221|ref|NR_179859.1|	84.424	443	64	5	1	441	347	786	2.26e-120	431	2078660
1e79b6dcd557e83c9adebc46bc972d0d	gi|3030611263|ref|NR_199939.1|	84.270	445	61	9	1	441	332	771	1.05e-118	425	3074434
1e79b6dcd557e83c9adebc46bc972d0d	gi|1230874676|ref|NR_148837.1|	84.270	445	61	9	1	441	347	786	1.05e-118	425	1675854
1e79b6dcd557e83c9adebc46bc972d0d	gi|672239088|ref|NR_125677.1|	84.270	445	61	9	1	441	346	785	1.05e-118	425	1348613
1e79b6dcd557e83c9adebc46bc972d0d	gi|645320438|ref|NR_117645.1|	84.270	445	61	9	1	441	345	784	1.05e-118	425	1185412
1e79b6dcd557e83c9adebc46bc972d0d	gi|672238876|ref|NR_125464.1|	83.747	443	69	3	1	441	325	766	6.33e-116	416	1297424
1e79b6dcd557e83c9adebc46bc972d0d	gi|1277396271|ref|NR_151982.1|	83.669	447	63	9	1	441	248	690	8.19e-115	412	1628085
1e79b6dcd557e83c9adebc46bc972d0d	gi|219846512|ref|NR_026104.1|	83.521	443	71	1	1	441	312	754	8.19e-115	412	1121303
1e79b6dcd557e83c9adebc46bc972d0d	gi|1776910887|ref|NR_164620.1|	83.596	445	64	9	1	441	347	786	1.06e-113	409	2173034
1e79b6dcd557e83c9adebc46bc972d0d	gi|1277396349|ref|NR_152060.1|	83.445	447	64	10	1	441	336	778	3.81e-113	407	1712515
e4f6af676c871cd41eefdad272b154fd	gi|2363084431|ref|NR_180463.1|	94.565	460	25	0	1	460	340	799	0.0	712	2650158
e4f6af676c871cd41eefdad272b154fd	gi|631251869|ref|NR_113067.1|	94.565	460	25	0	1	460	325	784	0.0	712	1077285
e4f6af676c871cd41eefdad272b154fd	gi|645320100|ref|NR_117387.1|	94.565	460	25	0	1	460	320	779	0.0	712	1077285
e4f6af676c871cd41eefdad272b154fd	gi|444303855|ref|NR_074277.1|	94.360	461	24	2	1	460	352	811	0.0	706	818
e4f6af676c871cd41eefdad272b154fd	gi|631252008|ref|NR_113206.1|	94.348	460	26	0	1	460	336	795	0.0	706	1236513
e4f6af676c871cd41eefdad272b154fd	gi|631251746|ref|NR_112944.1|	94.360	461	24	2	1	460	324	783	0.0	706	818
e4f6af676c871cd41eefdad272b154fd	gi|631251749|ref|NR_112947.1|	94.130	460	27	0	1	460	326	785	0.0	702	657309
e4f6af676c871cd41eefdad272b154fd	gi|2363084421|ref|NR_180458.1|	94.130	460	27	0	1	460	340	799	0.0	701	2650157
e4f6af676c871cd41eefdad272b154fd	gi|343201773|ref|NR_042499.1|	94.130	460	27	0	1	460	294	753	0.0	701	657309
e4f6af676c871cd41eefdad272b154fd	gi|631251733|ref|NR_112931.1|	93.913	460	28	0	1	460	340	799	0.0	695	85831
3ba9a3bbaf07fa2045285f12171ff50d	gi|631251747|ref|NR_112945.1|	95.870	460	19	0	1	460	327	786	0.0	745	820
3ba9a3bbaf07fa2045285f12171ff50d	gi|343200179|ref|NR_040866.1|	95.870	460	19	0	1	460	334	793	0.0	745	820
3ba9a3bbaf07fa2045285f12171ff50d	gi|2363086550|ref|NR_181532.1|	95.435	460	21	0	1	460	322	781	0.0	734	2763025
3ba9a3bbaf07fa2045285f12171ff50d	gi|2363082773|ref|NR_179635.1|	94.348	460	26	0	1	460	338	797	0.0	706	2024197
3ba9a3bbaf07fa2045285f12171ff50d	gi|2363084421|ref|NR_180458.1|	93.478	460	30	0	1	460	340	799	0.0	684	2650157
3ba9a3bbaf07fa2045285f12171ff50d	gi|631251874|ref|NR_113072.1|	93.478	460	30	0	1	460	338	797	0.0	684	1236512
3ba9a3bbaf07fa2045285f12171ff50d	gi|631251735|ref|NR_112933.1|	93.478	460	30	0	1	460	334	793	0.0	684	246787
3ba9a3bbaf07fa2045285f12171ff50d	gi|631252009|ref|NR_113207.1|	93.261	460	31	0	1	460	334	793	0.0	678	1236514
3ba9a3bbaf07fa2045285f12171ff50d	gi|631251816|ref|NR_113014.1|	93.261	460	31	0	1	460	338	797	0.0	678	1236512
3ba9a3bbaf07fa2045285f12171ff50d	gi|645320100|ref|NR_117387.1|	93.261	460	31	0	1	460	320	779	0.0	678	1077285
99cb61a6e2750e270dc74e416f38277e	gi|444304164|ref|NR_074588.1|	99.132	461	4	0	1	461	335	795	0.0	830	879243
99cb61a6e2750e270dc74e416f38277e	gi|631251881|ref|NR_113079.1|	99.132	461	4	0	1	461	324	784	0.0	830	879243
99cb61a6e2750e270dc74e416f38277e	gi|636560751|ref|NR_116811.1|	99.132	461	4	0	1	461	300	760	0.0	830	879243
99cb61a6e2750e270dc74e416f38277e	gi|343206055|ref|NR_044635.1|	98.698	461	6	0	1	461	344	804	0.0	822	879243
99cb61a6e2750e270dc74e416f38277e	gi|631251893|ref|NR_113091.1|	98.265	461	8	0	1	461	335	795	0.0	808	281920
99cb61a6e2750e270dc74e416f38277e	gi|343202607|ref|NR_042986.1|	97.831	461	10	0	1	461	321	781	0.0	800	281920
99cb61a6e2750e270dc74e416f38277e	gi|2962412224|ref|NR_199418.1|	88.412	466	45	8	1	461	323	784	4.85e-157	553	3137470
99cb61a6e2750e270dc74e416f38277e	gi|559795100|ref|NR_104686.1|	87.257	463	54	5	1	461	339	798	3.80e-148	523	36875
99cb61a6e2750e270dc74e416f38277e	gi|631251887|ref|NR_113085.1|	87.041	463	56	4	1	461	328	788	4.92e-147	520	28124
99cb61a6e2750e270dc74e416f38277e	gi|343198529|ref|NR_042803.1|	87.041	463	56	4	1	461	319	779	4.92e-147	520	28124
4e2159bc6c4d960e25da395820431a86	gi|219846272|ref|NR_025862.1|	99.140	465	4	0	1	465	341	805	0.0	841	46124
4e2159bc6c4d960e25da395820431a86	gi|2363084808|ref|NR_180652.1|	97.634	465	11	0	1	465	331	795	0.0	798	2714946
4e2159bc6c4d960e25da395820431a86	gi|219846862|ref|NR_026454.1|	97.436	468	8	4	1	465	316	782	0.0	795	137733
4e2159bc6c4d960e25da395820431a86	gi|219846875|ref|NR_026467.1|	97.419	465	12	0	1	465	323	787	0.0	793	81947
4e2159bc6c4d960e25da395820431a86	gi|2363086603|ref|NR_181558.1|	97.204	465	13	0	1	465	340	804	0.0	787	2794353
4e2159bc6c4d960e25da395820431a86	gi|219878221|ref|NR_025360.1|	97.204	465	13	0	1	465	329	793	0.0	787	120370
4e2159bc6c4d960e25da395820431a86	gi|1384992327|ref|NR_156076.1|	97.002	467	10	4	1	465	338	802	0.0	782	1889241
4e2159bc6c4d960e25da395820431a86	gi|2363086605|ref|NR_181559.1|	96.989	465	14	0	1	465	339	803	0.0	782	2794352
4e2159bc6c4d960e25da395820431a86	gi|343201680|ref|NR_042406.1|	96.989	465	14	0	1	465	332	796	0.0	782	332950
4e2159bc6c4d960e25da395820431a86	gi|343206347|ref|NR_044939.1|	96.989	465	14	0	1	465	325	789	0.0	782	2739
649f8b233a8faae907121b0cef981a56	gi|1116030285|ref|NR_144743.1|	86.099	446	56	6	1	443	352	794	1.03e-133	475	1816678
649f8b233a8faae907121b0cef981a56	gi|636559212|ref|NR_115269.1|	85.874	446	57	6	1	443	332	774	4.81e-132	470	270498
649f8b233a8faae907121b0cef981a56	gi|2363085925|ref|NR_181215.1|	85.811	444	58	4	1	443	331	770	6.23e-131	466	2738446
649f8b233a8faae907121b0cef981a56	gi|631252121|ref|NR_113319.1|	85.779	443	60	2	1	443	350	789	6.23e-131	466	645466
649f8b233a8faae907121b0cef981a56	gi|219857288|ref|NR_024919.1|	85.811	444	58	4	1	443	329	768	6.23e-131	466	84698
649f8b233a8faae907121b0cef981a56	gi|219846744|ref|NR_026336.1|	85.874	446	54	9	1	443	311	750	6.23e-131	466	52704
649f8b233a8faae907121b0cef981a56	gi|636560803|ref|NR_116863.1|	85.586	444	60	3	1	443	337	777	8.06e-130	462	645466
649f8b233a8faae907121b0cef981a56	gi|1269847389|ref|NR_041006.2|	85.618	445	57	7	1	443	340	779	2.90e-129	460	29369
649f8b233a8faae907121b0cef981a56	gi|1269801278|ref|NR_112226.2|	85.618	445	57	7	1	443	340	779	2.90e-129	460	29369
649f8b233a8faae907121b0cef981a56	gi|631251823|ref|NR_113021.1|	85.618	445	57	7	1	443	331	770	2.90e-129	460	29363
bd86e0fa49b64baa41d07c3edcbb5839	gi|1277396271|ref|NR_151982.1|	93.243	444	28	2	1	443	248	690	0.0	652	1628085
bd86e0fa49b64baa41d07c3edcbb5839	gi|1277396349|ref|NR_152060.1|	93.018	444	29	2	1	443	336	778	0.0	649	1712515
bd86e0fa49b64baa41d07c3edcbb5839	gi|1193829128|ref|NR_147371.1|	92.117	444	31	3	1	443	277	717	3.49e-178	623	1871029
bd86e0fa49b64baa41d07c3edcbb5839	gi|1109168025|ref|NR_144611.1|	91.422	443	38	0	1	443	282	724	9.78e-174	608	1417852
bd86e0fa49b64baa41d07c3edcbb5839	gi|219846512|ref|NR_026104.1|	91.441	444	36	2	1	443	312	754	9.78e-174	608	1121303
bd86e0fa49b64baa41d07c3edcbb5839	gi|343205971|ref|NR_044490.1|	91.461	445	35	3	1	443	348	791	9.78e-174	608	501571
bd86e0fa49b64baa41d07c3edcbb5839	gi|2363082168|ref|NR_179330.1|	91.441	444	35	3	1	443	327	768	3.52e-173	606	2714355
bd86e0fa49b64baa41d07c3edcbb5839	gi|343206380|ref|NR_044972.1|	91.216	444	37	2	1	443	331	773	3.52e-173	606	44749
bd86e0fa49b64baa41d07c3edcbb5839	gi|631252162|ref|NR_113360.1|	91.216	444	37	2	1	443	339	781	4.55e-172	603	1121303
bd86e0fa49b64baa41d07c3edcbb5839	gi|645319736|ref|NR_117111.1|	91.216	444	37	2	1	443	336	778	4.55e-172	603	29371
488e8aa75eceab5803a1483ca54bf5d5	gi|2363086268|ref|NR_181386.1|	98.871	443	5	0	1	443	303	745	0.0	791	2763655
488e8aa75eceab5803a1483ca54bf5d5	gi|2363086270|ref|NR_181387.1|	93.228	443	29	1	1	443	302	743	0.0	651	2763656
488e8aa75eceab5803a1483ca54bf5d5	gi|631251702|ref|NR_112900.1|	92.777	443	32	0	1	443	341	783	0.0	641	626937
488e8aa75eceab5803a1483ca54bf5d5	gi|1116030284|ref|NR_144742.1|	92.551	443	33	0	1	443	352	794	0.0	636	1805714
488e8aa75eceab5803a1483ca54bf5d5	gi|2363081417|ref|NR_178955.1|	91.648	443	37	0	1	443	288	730	2.10e-175	614	1851429
488e8aa75eceab5803a1483ca54bf5d5	gi|2363086262|ref|NR_181383.1|	91.480	446	33	5	1	443	307	750	9.78e-174	608	2763654
488e8aa75eceab5803a1483ca54bf5d5	gi|1116030285|ref|NR_144743.1|	91.236	445	35	3	1	443	352	794	4.55e-172	603	1816678
488e8aa75eceab5803a1483ca54bf5d5	gi|636559212|ref|NR_115269.1|	90.971	443	40	0	1	443	332	774	2.12e-170	597	270498
488e8aa75eceab5803a1483ca54bf5d5	gi|2363082320|ref|NR_179407.1|	90.112	445	37	6	1	443	331	770	1.28e-162	571	1622073
488e8aa75eceab5803a1483ca54bf5d5	gi|343200549|ref|NR_041236.1|	89.910	446	37	8	1	443	321	761	1.66e-161	568	1122184
69185ba10cfc8c9f857949c505bafeb5	gi|444304091|ref|NR_074515.1|	99.007	302	3	0	139	440	508	809	9.99e-154	542	435590
69185ba10cfc8c9f857949c505bafeb5	gi|631251748|ref|NR_112946.1|	99.007	302	3	0	139	440	497	798	9.99e-154	542	821
69185ba10cfc8c9f857949c505bafeb5	gi|631250946|ref|NR_112143.1|	99.007	302	3	0	139	440	465	766	9.99e-154	542	821
69185ba10cfc8c9f857949c505bafeb5	gi|343200664|ref|NR_041351.1|	98.675	302	4	0	139	440	499	800	4.65e-152	536	357276
69185ba10cfc8c9f857949c505bafeb5	gi|1779814939|ref|NR_165013.1|	86.199	442	57	3	1	440	299	738	1.03e-133	475	2044587
69185ba10cfc8c9f857949c505bafeb5	gi|631251873|ref|NR_113071.1|	95.033	302	15	0	139	440	499	800	1.03e-133	475	1236498
69185ba10cfc8c9f857949c505bafeb5	gi|631251471|ref|NR_112668.1|	95.033	302	15	0	139	440	488	789	1.03e-133	475	732242
69185ba10cfc8c9f857949c505bafeb5	gi|645322302|ref|NR_119085.1|	86.199	442	55	6	1	440	347	784	3.69e-133	473	29364
69185ba10cfc8c9f857949c505bafeb5	gi|1277396381|ref|NR_152095.1|	85.973	442	58	4	1	440	348	787	4.78e-132	470	1679721
69185ba10cfc8c9f857949c505bafeb5	gi|961555123|ref|NR_134091.1|	86.005	443	56	5	1	440	335	774	4.78e-132	470	1462919
2729791f246f81c7e7cb3d5f56e52686	gi|631251740|ref|NR_112938.1|	98.675	302	4	0	139	440	484	785	4.65e-152	536	204516
2729791f246f81c7e7cb3d5f56e52686	gi|343198509|ref|NR_042745.1|	98.675	302	4	0	139	440	496	797	4.65e-152	536	204516
2729791f246f81c7e7cb3d5f56e52686	gi|631251866|ref|NR_113064.1|	97.351	302	8	0	139	440	496	797	2.18e-145	514	1236538
2729791f246f81c7e7cb3d5f56e52686	gi|631251817|ref|NR_113015.1|	97.351	302	8	0	139	440	496	797	2.18e-145	514	1236538
2729791f246f81c7e7cb3d5f56e52686	gi|645320081|ref|NR_117373.1|	97.351	302	8	0	139	440	447	748	2.18e-145	514	1236515
2729791f246f81c7e7cb3d5f56e52686	gi|631251997|ref|NR_113195.1|	97.020	302	9	0	139	440	496	797	1.01e-143	508	1236515
2729791f246f81c7e7cb3d5f56e52686	gi|2363085522|ref|NR_181010.1|	95.710	303	11	2	139	440	455	756	4.75e-137	486	2786956
2729791f246f81c7e7cb3d5f56e52686	gi|1491509587|ref|NR_159118.1|	95.033	302	15	0	139	440	468	769	1.03e-133	475	28116
2729791f246f81c7e7cb3d5f56e52686	gi|1491509586|ref|NR_159117.1|	95.033	302	15	0	139	440	459	760	1.03e-133	475	28116
2729791f246f81c7e7cb3d5f56e52686	gi|631251749|ref|NR_112947.1|	95.033	302	15	0	139	440	484	785	1.03e-133	475	657309
c9f554f94505d23df0083edc8927be5e	gi|2363082569|ref|NR_179531.1|	88.913	460	33	9	1	460	347	788	1.74e-156	551	1852369
c9f554f94505d23df0083edc8927be5e	gi|2363086550|ref|NR_181532.1|	87.257	463	53	4	1	460	322	781	3.79e-148	523	2763025
c9f554f94505d23df0083edc8927be5e	gi|631251747|ref|NR_112945.1|	87.202	461	57	2	1	460	327	786	3.79e-148	523	820
c9f554f94505d23df0083edc8927be5e	gi|343200179|ref|NR_040866.1|	87.202	461	57	2	1	460	334	793	3.79e-148	523	820
c9f554f94505d23df0083edc8927be5e	gi|631251871|ref|NR_113069.1|	86.797	462	57	2	1	460	336	795	8.21e-145	512	477666
c9f554f94505d23df0083edc8927be5e	gi|631251735|ref|NR_112933.1|	86.797	462	57	4	1	460	334	793	8.21e-145	512	246787
c9f554f94505d23df0083edc8927be5e	gi|343200955|ref|NR_041642.1|	86.797	462	57	2	1	460	302	761	8.21e-145	512	477666
c9f554f94505d23df0083edc8927be5e	gi|343200620|ref|NR_041307.1|	86.825	463	55	6	1	460	334	793	8.21e-145	512	329854
c9f554f94505d23df0083edc8927be5e	gi|631251745|ref|NR_112943.1|	86.580	462	58	4	1	460	326	785	3.82e-143	507	449673
c9f554f94505d23df0083edc8927be5e	gi|224581415|ref|NR_027196.1|	86.177	463	58	6	1	460	317	776	2.30e-140	497	449673
313236a708e9c593cc1df1326fdb0353	gi|2363084300|ref|NR_180399.1|	90.456	461	39	5	1	460	335	791	4.73e-172	603	2306972
313236a708e9c593cc1df1326fdb0353	gi|310975253|ref|NR_037117.1|	90.435	460	31	10	1	460	331	777	2.85e-169	593	28026
313236a708e9c593cc1df1326fdb0353	gi|310974989|ref|NR_036853.1|	90.435	460	31	10	1	460	330	776	2.85e-169	593	1683
313236a708e9c593cc1df1326fdb0353	gi|631251581|ref|NR_112779.1|	90.435	460	31	10	1	460	331	777	2.85e-169	593	1150460
313236a708e9c593cc1df1326fdb0353	gi|343201160|ref|NR_041875.1|	90.435	460	31	10	1	460	310	756	2.85e-169	593	1686
313236a708e9c593cc1df1326fdb0353	gi|2363087083|ref|NR_181797.1|	90.217	460	32	10	1	460	250	696	1.33e-167	588	2834432
313236a708e9c593cc1df1326fdb0353	gi|2363085436|ref|NR_180966.1|	90.239	461	30	11	1	460	338	784	1.33e-167	588	2661628
313236a708e9c593cc1df1326fdb0353	gi|636559583|ref|NR_115643.1|	90.217	460	32	10	1	460	248	694	1.33e-167	588	78345
313236a708e9c593cc1df1326fdb0353	gi|310975254|ref|NR_037118.1|	89.805	461	42	4	1	460	329	785	4.77e-167	586	78342
313236a708e9c593cc1df1326fdb0353	gi|3248465902|ref|NR_201917.1|	90.000	460	33	10	1	460	338	784	6.17e-166	582	3692808
dc451340f1c021cf60ecf7e884c16ec6	gi|645321636|ref|NR_118554.1|	87.723	448	45	9	1	443	329	771	2.19e-145	514	1297617
dc451340f1c021cf60ecf7e884c16ec6	gi|3030611324|ref|NR_200000.1|	86.547	446	54	6	1	443	301	743	4.78e-137	486	3342383
dc451340f1c021cf60ecf7e884c16ec6	gi|2363082326|ref|NR_179410.1|	86.637	449	48	11	1	443	349	791	4.78e-137	486	1650661
dc451340f1c021cf60ecf7e884c16ec6	gi|219846612|ref|NR_026204.1|	86.384	448	51	10	1	443	328	770	6.18e-136	483	47246
dc451340f1c021cf60ecf7e884c16ec6	gi|1109168025|ref|NR_144611.1|	86.384	448	51	9	1	443	282	724	2.22e-135	481	1417852
dc451340f1c021cf60ecf7e884c16ec6	gi|2363084741|ref|NR_180619.1|	86.192	449	50	12	1	443	347	789	1.03e-133	475	2779352
dc451340f1c021cf60ecf7e884c16ec6	gi|343198636|ref|NR_043142.1|	86.130	447	54	8	1	443	323	765	1.03e-133	475	292800
dc451340f1c021cf60ecf7e884c16ec6	gi|265679048|ref|NR_029356.1|	86.130	447	54	8	1	443	336	778	1.03e-133	475	292800
dc451340f1c021cf60ecf7e884c16ec6	gi|2363082342|ref|NR_179418.1|	85.906	447	55	7	1	443	348	790	4.81e-132	470	1673721
dc451340f1c021cf60ecf7e884c16ec6	gi|1193829127|ref|NR_147370.1|	85.969	449	51	11	1	443	349	791	4.81e-132	470	1870988
853b663c7d04c58d5b16e914f989be8a	gi|2363082168|ref|NR_179330.1|	89.130	460	32	6	1	460	327	768	3.74e-158	556	2714355
853b663c7d04c58d5b16e914f989be8a	gi|2363082165|ref|NR_179329.1|	88.478	460	35	6	1	460	327	768	3.76e-153	540	2714353
853b663c7d04c58d5b16e914f989be8a	gi|631251953|ref|NR_113151.1|	86.797	462	57	3	1	460	338	797	8.21e-145	512	328813
853b663c7d04c58d5b16e914f989be8a	gi|343202833|ref|NR_043318.1|	86.797	462	57	3	1	460	324	783	8.21e-145	512	328813
853b663c7d04c58d5b16e914f989be8a	gi|2363082099|ref|NR_179296.1|	85.931	462	61	3	1	460	324	783	3.84e-138	490	2585119
853b663c7d04c58d5b16e914f989be8a	gi|2962412234|ref|NR_199428.1|	85.931	462	43	12	1	460	352	793	3.87e-133	473	3073143
853b663c7d04c58d5b16e914f989be8a	gi|645321110|ref|NR_118156.1|	85.931	462	43	12	1	460	304	745	3.87e-133	473	1007096
853b663c7d04c58d5b16e914f989be8a	gi|1269801610|ref|NR_074793.2|	85.466	461	47	10	1	460	355	796	8.38e-130	462	351091
853b663c7d04c58d5b16e914f989be8a	gi|2363087001|ref|NR_181757.1|	85.466	461	47	11	1	460	289	730	8.38e-130	462	2841504
853b663c7d04c58d5b16e914f989be8a	gi|1109168025|ref|NR_144611.1|	85.435	460	50	9	1	460	282	724	8.38e-130	462	1417852
d7ea94f0492e700bf1808c63f5d4a687	gi|2363086290|ref|NR_181397.1|	95.909	440	18	0	1	440	303	742	0.0	713	2763671
d7ea94f0492e700bf1808c63f5d4a687	gi|2363087259|ref|NR_181885.1|	95.682	440	19	0	1	440	335	774	0.0	710	2885351
d7ea94f0492e700bf1808c63f5d4a687	gi|3030611230|ref|NR_199906.1|	95.455	440	20	0	1	440	354	793	0.0	702	3123317
d7ea94f0492e700bf1808c63f5d4a687	gi|3030611314|ref|NR_199990.1|	95.455	440	20	0	1	440	350	789	0.0	702	3123317
d7ea94f0492e700bf1808c63f5d4a687	gi|1384992331|ref|NR_156080.1|	95.455	440	20	0	1	440	336	775	0.0	702	1469948
d7ea94f0492e700bf1808c63f5d4a687	gi|1384992328|ref|NR_156077.1|	95.455	440	20	0	1	440	336	775	0.0	702	1469948
d7ea94f0492e700bf1808c63f5d4a687	gi|974142252|ref|NR_134772.1|	95.465	441	18	2	1	440	297	736	0.0	702	1337051
d7ea94f0492e700bf1808c63f5d4a687	gi|2363086292|ref|NR_181398.1|	95.455	440	20	0	1	440	299	738	0.0	702	2763667
d7ea94f0492e700bf1808c63f5d4a687	gi|2363085169|ref|NR_180833.1|	95.227	440	21	0	1	440	337	776	0.0	697	2606635
d7ea94f0492e700bf1808c63f5d4a687	gi|1384992332|ref|NR_156081.1|	95.227	440	21	0	1	440	336	775	0.0	697	1469948
0393467de60ced950d79890d05edab8d	gi|2260349448|ref|NR_176530.1|	95.701	442	19	0	1	442	358	799	0.0	712	2093857
0393467de60ced950d79890d05edab8d	gi|2363082559|ref|NR_179526.1|	95.701	442	19	0	1	442	349	790	0.0	712	1841866
0393467de60ced950d79890d05edab8d	gi|645321110|ref|NR_118156.1|	92.534	442	33	0	1	442	304	745	0.0	634	1007096
0393467de60ced950d79890d05edab8d	gi|2962412234|ref|NR_199428.1|	92.308	442	34	0	1	442	352	793	7.49e-180	628	3073143
0393467de60ced950d79890d05edab8d	gi|2363087001|ref|NR_181757.1|	92.117	444	31	4	1	442	289	730	3.48e-178	623	2841504
0393467de60ced950d79890d05edab8d	gi|2363082170|ref|NR_179331.1|	91.422	443	37	1	1	442	328	770	3.51e-173	606	2714358
0393467de60ced950d79890d05edab8d	gi|2363082165|ref|NR_179329.1|	91.422	443	36	2	1	442	327	768	3.51e-173	606	2714353
0393467de60ced950d79890d05edab8d	gi|1269801610|ref|NR_074793.2|	91.176	442	39	0	1	442	355	796	1.63e-171	601	351091
0393467de60ced950d79890d05edab8d	gi|2363082168|ref|NR_179330.1|	91.196	443	37	2	1	442	327	768	1.63e-171	601	2714355
0393467de60ced950d79890d05edab8d	gi|343200653|ref|NR_041340.1|	91.176	442	39	0	1	442	328	769	1.63e-171	601	351091
4f5782b43625ffcd362329694c347d92	gi|2363081451|ref|NR_178972.1|	94.118	442	22	4	1	440	285	724	0.0	669	1851428
4f5782b43625ffcd362329694c347d92	gi|265678656|ref|NR_028961.1|	93.439	442	25	4	1	440	327	766	0.0	652	853
4f5782b43625ffcd362329694c347d92	gi|2363082282|ref|NR_179388.1|	93.213	442	26	4	1	440	335	774	0.0	647	2935520
4f5782b43625ffcd362329694c347d92	gi|2363080123|ref|NR_178280.1|	93.213	442	26	4	1	440	331	770	0.0	647	411483
4f5782b43625ffcd362329694c347d92	gi|3030611269|ref|NR_199945.1|	92.986	442	27	4	1	440	335	774	0.0	641	3435293
4f5782b43625ffcd362329694c347d92	gi|2363081449|ref|NR_178971.1|	93.303	433	25	4	1	431	285	715	0.0	636	1851427
4f5782b43625ffcd362329694c347d92	gi|2363082356|ref|NR_179425.1|	91.156	441	37	2	1	440	351	790	2.10e-170	597	1689304
4f5782b43625ffcd362329694c347d92	gi|2363080175|ref|NR_178311.1|	91.176	442	35	4	1	440	412	851	2.10e-170	597	2903556
4f5782b43625ffcd362329694c347d92	gi|2962412223|ref|NR_199417.1|	90.909	440	40	0	1	440	342	781	9.78e-169	592	3136601
4f5782b43625ffcd362329694c347d92	gi|1397641802|ref|NR_156911.1|	90.950	442	36	4	1	440	351	790	9.78e-169	592	1650663
a910a8f0854591352aeeaeb90e74f641	gi|1270532346|ref|NR_121773.2|	89.565	460	48	0	1	460	348	807	1.71e-166	584	397865
a910a8f0854591352aeeaeb90e74f641	gi|343200821|ref|NR_041508.1|	89.588	461	45	2	1	460	325	783	6.17e-166	582	397865
a910a8f0854591352aeeaeb90e74f641	gi|631251875|ref|NR_113073.1|	89.348	460	49	0	1	460	329	788	7.98e-165	579	487174
a910a8f0854591352aeeaeb90e74f641	gi|343200981|ref|NR_041668.1|	89.348	460	49	0	1	460	321	780	7.98e-165	579	742726
a910a8f0854591352aeeaeb90e74f641	gi|1779814875|ref|NR_164950.1|	89.130	460	50	0	1	460	340	799	3.71e-163	573	2040292
a910a8f0854591352aeeaeb90e74f641	gi|2621112336|ref|NR_189240.1|	88.147	464	47	8	1	460	342	801	8.09e-155	545	2944915
a910a8f0854591352aeeaeb90e74f641	gi|219846913|ref|NR_026505.1|	87.905	463	49	7	1	460	320	778	1.35e-152	538	742766
a910a8f0854591352aeeaeb90e74f641	gi|645321322|ref|NR_118316.1|	87.662	462	53	4	1	460	338	797	1.75e-151	534	1349822
a910a8f0854591352aeeaeb90e74f641	gi|631252032|ref|NR_113230.1|	87.689	463	51	6	1	460	338	797	1.75e-151	534	1298597
a910a8f0854591352aeeaeb90e74f641	gi|1018196564|ref|NR_136443.1|	87.636	461	56	1	1	460	300	760	1.75e-151	534	867595
e6410a2202b9fa452f5670b23396475b	gi|444303855|ref|NR_074277.1|	96.087	460	18	0	1	460	352	811	0.0	750	818
e6410a2202b9fa452f5670b23396475b	gi|631251746|ref|NR_112944.1|	96.087	460	18	0	1	460	324	783	0.0	750	818
e6410a2202b9fa452f5670b23396475b	gi|631252008|ref|NR_113206.1|	95.228	461	20	2	1	460	336	795	0.0	728	1236513
e6410a2202b9fa452f5670b23396475b	gi|631250945|ref|NR_112142.1|	95.197	458	21	1	3	460	336	792	0.0	723	818
e6410a2202b9fa452f5670b23396475b	gi|631251869|ref|NR_113067.1|	94.577	461	23	2	1	460	325	784	0.0	712	1077285
e6410a2202b9fa452f5670b23396475b	gi|645320100|ref|NR_117387.1|	94.577	461	23	2	1	460	320	779	0.0	712	1077285
e6410a2202b9fa452f5670b23396475b	gi|2363084431|ref|NR_180463.1|	94.143	461	25	2	1	460	340	799	0.0	701	2650158
e6410a2202b9fa452f5670b23396475b	gi|2363084421|ref|NR_180458.1|	94.143	461	25	2	1	460	340	799	0.0	701	2650157
e6410a2202b9fa452f5670b23396475b	gi|2363084156|ref|NR_180327.1|	94.143	461	26	1	1	460	322	782	0.0	701	2447885
e6410a2202b9fa452f5670b23396475b	gi|631251733|ref|NR_112931.1|	93.926	461	26	2	1	460	340	799	0.0	695	85831
b00d390611e2447e41cd70b273f15639	gi|2836274932|ref|NR_197695.1|	95.054	465	23	0	1	465	344	808	0.0	732	3053355
b00d390611e2447e41cd70b273f15639	gi|343198520|ref|NR_042776.1|	95.054	465	23	0	1	465	345	809	0.0	732	1304
b00d390611e2447e41cd70b273f15639	gi|343198522|ref|NR_042778.1|	94.839	465	24	0	1	465	345	809	0.0	726	1308
b00d390611e2447e41cd70b273f15639	gi|343198521|ref|NR_042777.1|	94.839	465	23	1	1	465	345	808	0.0	725	889206
b00d390611e2447e41cd70b273f15639	gi|645322192|ref|NR_118998.1|	94.409	465	26	0	1	465	340	804	0.0	715	1308
b00d390611e2447e41cd70b273f15639	gi|566084933|ref|NR_108477.1|	93.978	465	28	0	1	465	251	715	0.0	704	701526
b00d390611e2447e41cd70b273f15639	gi|2363087357|ref|NR_181935.1|	93.763	465	29	0	1	465	355	819	0.0	699	2781599
b00d390611e2447e41cd70b273f15639	gi|2363086454|ref|NR_181481.1|	93.763	465	29	0	1	465	348	812	0.0	699	2781599
b00d390611e2447e41cd70b273f15639	gi|526641946|ref|NR_103943.1|	93.548	465	30	0	1	465	346	810	0.0	693	1302863
b00d390611e2447e41cd70b273f15639	gi|636560144|ref|NR_116204.1|	93.548	465	30	0	1	465	243	707	0.0	693	889201
12262de72befa3ac6973bf17b7a3057d	gi|559795314|ref|NR_104907.1|	97.351	302	8	0	159	460	454	755	2.28e-145	514	290054
12262de72befa3ac6973bf17b7a3057d	gi|2363082547|ref|NR_179520.1|	86.580	462	58	4	1	460	314	773	3.82e-143	507	1841855
12262de72befa3ac6973bf17b7a3057d	gi|631251872|ref|NR_113070.1|	86.609	463	56	5	1	460	334	793	3.82e-143	507	742727
12262de72befa3ac6973bf17b7a3057d	gi|631251697|ref|NR_112895.1|	86.609	463	56	5	1	460	314	773	3.82e-143	507	742727
12262de72befa3ac6973bf17b7a3057d	gi|2363082611|ref|NR_179552.1|	85.961	463	60	5	1	460	340	800	3.84e-138	490	1871006
12262de72befa3ac6973bf17b7a3057d	gi|631252009|ref|NR_113207.1|	85.961	463	59	5	1	460	334	793	3.84e-138	490	1236514
12262de72befa3ac6973bf17b7a3057d	gi|2363086250|ref|NR_181377.1|	85.683	461	64	2	1	460	343	802	1.79e-136	484	2763138
12262de72befa3ac6973bf17b7a3057d	gi|1193829148|ref|NR_147391.1|	85.498	462	63	4	1	460	330	789	8.32e-135	479	1852362
12262de72befa3ac6973bf17b7a3057d	gi|1109168015|ref|NR_144606.1|	85.498	462	63	4	1	460	340	799	8.32e-135	479	1796613
12262de72befa3ac6973bf17b7a3057d	gi|631251874|ref|NR_113072.1|	85.529	463	61	5	1	460	338	797	8.32e-135	479	1236512
725739503f52553861704ee0fc8a7ac1	gi|265678656|ref|NR_028961.1|	87.045	440	57	0	1	440	327	766	2.19e-140	497	853
725739503f52553861704ee0fc8a7ac1	gi|2363081451|ref|NR_178972.1|	86.364	440	60	0	1	440	285	724	2.21e-135	481	1851428
725739503f52553861704ee0fc8a7ac1	gi|2363080123|ref|NR_178280.1|	86.364	440	60	0	1	440	331	770	2.21e-135	481	411483
725739503f52553861704ee0fc8a7ac1	gi|3030611269|ref|NR_199945.1|	86.136	440	61	0	1	440	335	774	1.03e-133	475	3435293
725739503f52553861704ee0fc8a7ac1	gi|2363082282|ref|NR_179388.1|	86.168	441	59	2	1	440	335	774	1.03e-133	475	2935520
725739503f52553861704ee0fc8a7ac1	gi|2363081449|ref|NR_178971.1|	85.909	440	61	1	1	440	285	723	1.72e-131	468	1851427
725739503f52553861704ee0fc8a7ac1	gi|2363083221|ref|NR_179859.1|	85.520	442	60	4	1	440	347	786	1.03e-128	459	2078660
725739503f52553861704ee0fc8a7ac1	gi|3030611263|ref|NR_199939.1|	85.586	444	56	8	1	440	332	771	1.03e-128	459	3074434
725739503f52553861704ee0fc8a7ac1	gi|672239088|ref|NR_125677.1|	85.586	444	56	8	1	440	346	785	1.03e-128	459	1348613
725739503f52553861704ee0fc8a7ac1	gi|1230874676|ref|NR_148837.1|	85.360	444	57	8	1	440	347	786	4.81e-127	453	1675854
dbe9e667d8b426a95e97060b882492d1	gi|2363082168|ref|NR_179330.1|	84.816	461	50	13	1	460	327	768	8.44e-125	446	2714355
dbe9e667d8b426a95e97060b882492d1	gi|631251954|ref|NR_113152.1|	84.301	465	63	8	1	460	337	796	8.44e-125	446	28117
dbe9e667d8b426a95e97060b882492d1	gi|3030611269|ref|NR_199945.1|	92.581	310	19	4	153	460	467	774	1.09e-123	442	3435293
dbe9e667d8b426a95e97060b882492d1	gi|2363082165|ref|NR_179329.1|	84.599	461	51	13	1	460	327	768	3.93e-123	440	2714353
dbe9e667d8b426a95e97060b882492d1	gi|2363082099|ref|NR_179296.1|	84.052	464	66	6	1	460	324	783	3.93e-123	440	2585119
dbe9e667d8b426a95e97060b882492d1	gi|939733298|ref|NR_133025.1|	84.188	468	58	13	1	460	275	734	3.93e-123	440	2585118
dbe9e667d8b426a95e97060b882492d1	gi|2363081451|ref|NR_178972.1|	92.258	310	20	4	153	460	417	724	5.08e-122	436	1851428
dbe9e667d8b426a95e97060b882492d1	gi|265678656|ref|NR_028961.1|	92.258	310	20	4	153	460	459	766	5.08e-122	436	853
dbe9e667d8b426a95e97060b882492d1	gi|1109168025|ref|NR_144611.1|	84.348	460	55	9	1	460	282	724	1.83e-121	435	1417852
dbe9e667d8b426a95e97060b882492d1	gi|2363080123|ref|NR_178280.1|	91.613	310	22	4	153	460	463	770	1.10e-118	425	411483
8bd8f8e60448abb019b3ff86e9327b6d	gi|631251954|ref|NR_113152.1|	97.020	302	9	0	139	440	495	796	1.01e-143	508	28117
8bd8f8e60448abb019b3ff86e9327b6d	gi|2136551633|ref|NR_173637.1|	87.302	441	54	2	1	440	294	733	4.71e-142	503	2755051
8bd8f8e60448abb019b3ff86e9327b6d	gi|1277396183|ref|NR_151894.1|	87.302	441	54	2	1	440	335	774	4.71e-142	503	433293
8bd8f8e60448abb019b3ff86e9327b6d	gi|265678792|ref|NR_029097.1|	87.302	441	54	2	1	440	291	730	4.71e-142	503	237576
8bd8f8e60448abb019b3ff86e9327b6d	gi|2363085332|ref|NR_180914.1|	87.104	442	53	4	1	440	328	767	2.19e-140	497	2696063
8bd8f8e60448abb019b3ff86e9327b6d	gi|2363080591|ref|NR_178536.1|	87.104	442	54	3	1	440	286	726	2.19e-140	497	1229621
8bd8f8e60448abb019b3ff86e9327b6d	gi|2363086284|ref|NR_181394.1|	87.104	442	53	4	1	440	306	745	2.19e-140	497	2763668
8bd8f8e60448abb019b3ff86e9327b6d	gi|310975204|ref|NR_037068.1|	87.133	443	51	6	1	440	341	780	2.19e-140	497	29375
8bd8f8e60448abb019b3ff86e9327b6d	gi|219846511|ref|NR_026103.1|	87.075	441	55	2	1	440	316	755	2.19e-140	497	37658
8bd8f8e60448abb019b3ff86e9327b6d	gi|1277396184|ref|NR_151895.1|	87.104	442	53	4	1	440	336	775	2.19e-140	497	433286
507fbef0a9a2fac4e9d79129aa342c56	gi|2363084421|ref|NR_180458.1|	89.130	460	50	0	1	460	340	799	3.71e-163	573	2650157
507fbef0a9a2fac4e9d79129aa342c56	gi|631251867|ref|NR_113065.1|	88.937	461	49	2	1	460	338	797	1.73e-161	568	762984
507fbef0a9a2fac4e9d79129aa342c56	gi|645320100|ref|NR_117387.1|	88.913	460	51	0	1	460	320	779	1.73e-161	568	1077285
507fbef0a9a2fac4e9d79129aa342c56	gi|631251695|ref|NR_112893.1|	88.937	461	49	2	1	460	318	777	1.73e-161	568	762984
507fbef0a9a2fac4e9d79129aa342c56	gi|343200761|ref|NR_041448.1|	88.913	460	51	0	1	460	322	781	1.73e-161	568	376806
507fbef0a9a2fac4e9d79129aa342c56	gi|2363086949|ref|NR_181731.1|	88.720	461	50	2	1	460	290	749	8.03e-160	562	2834112
507fbef0a9a2fac4e9d79129aa342c56	gi|631251873|ref|NR_113071.1|	88.720	461	50	2	1	460	341	800	8.03e-160	562	1236498
507fbef0a9a2fac4e9d79129aa342c56	gi|631251869|ref|NR_113067.1|	88.696	460	52	0	1	460	325	784	8.03e-160	562	1077285
507fbef0a9a2fac4e9d79129aa342c56	gi|631251471|ref|NR_112668.1|	88.720	461	50	2	1	460	330	789	8.03e-160	562	732242
507fbef0a9a2fac4e9d79129aa342c56	gi|2363084431|ref|NR_180463.1|	88.478	460	53	0	1	460	340	799	3.74e-158	556	2650158
f24bc464aa0a33f9407426b7ad87cef2	gi|2363082569|ref|NR_179531.1|	88.312	462	32	13	1	460	347	788	1.75e-151	534	1852369
f24bc464aa0a33f9407426b7ad87cef2	gi|2363082170|ref|NR_179331.1|	87.905	463	33	15	1	460	328	770	3.79e-148	523	2714358
f24bc464aa0a33f9407426b7ad87cef2	gi|2260349448|ref|NR_176530.1|	87.391	460	40	8	1	460	358	799	8.21e-145	512	2093857
f24bc464aa0a33f9407426b7ad87cef2	gi|2363082559|ref|NR_179526.1|	87.391	460	40	8	1	460	349	790	8.21e-145	512	1841866
f24bc464aa0a33f9407426b7ad87cef2	gi|2962412234|ref|NR_199428.1|	86.551	461	42	10	1	460	352	793	3.84e-138	490	3073143
f24bc464aa0a33f9407426b7ad87cef2	gi|645321110|ref|NR_118156.1|	86.551	461	42	10	1	460	304	745	3.84e-138	490	1007096
f24bc464aa0a33f9407426b7ad87cef2	gi|2363082165|ref|NR_179329.1|	86.364	462	41	10	1	460	327	768	1.79e-136	484	2714353
f24bc464aa0a33f9407426b7ad87cef2	gi|1269801610|ref|NR_074793.2|	86.087	460	46	8	1	460	355	796	8.32e-135	479	351091
f24bc464aa0a33f9407426b7ad87cef2	gi|2363082168|ref|NR_179330.1|	86.147	462	42	10	1	460	327	768	8.32e-135	479	2714355
f24bc464aa0a33f9407426b7ad87cef2	gi|343200653|ref|NR_041340.1|	86.087	460	46	8	1	460	328	769	8.32e-135	479	351091
bb705067f79735622d3f8c25cf71bc2c	gi|645321636|ref|NR_118554.1|	89.783	460	30	8	1	460	329	771	3.71e-163	573	1297617
bb705067f79735622d3f8c25cf71bc2c	gi|2363082352|ref|NR_179423.1|	88.478	460	36	9	1	460	349	791	3.76e-153	540	1689270
bb705067f79735622d3f8c25cf71bc2c	gi|2363082326|ref|NR_179410.1|	87.826	460	39	8	1	460	349	791	3.79e-148	523	1650661
bb705067f79735622d3f8c25cf71bc2c	gi|3030611323|ref|NR_199999.1|	87.174	460	42	7	1	460	301	743	3.82e-143	507	3133422
bb705067f79735622d3f8c25cf71bc2c	gi|2363082342|ref|NR_179418.1|	87.174	460	42	8	1	460	348	790	3.82e-143	507	1673721
bb705067f79735622d3f8c25cf71bc2c	gi|2363082358|ref|NR_179426.1|	86.957	460	43	6	1	460	349	791	1.78e-141	501	1702285
bb705067f79735622d3f8c25cf71bc2c	gi|2136551692|ref|NR_173697.1|	86.739	460	43	8	1	460	349	790	8.26e-140	496	2108523
bb705067f79735622d3f8c25cf71bc2c	gi|444304091|ref|NR_074515.1|	86.147	462	60	4	1	460	350	809	8.26e-140	496	435590
bb705067f79735622d3f8c25cf71bc2c	gi|631251748|ref|NR_112946.1|	86.147	462	60	4	1	460	339	798	8.26e-140	496	821
bb705067f79735622d3f8c25cf71bc2c	gi|343200664|ref|NR_041351.1|	86.117	461	62	2	1	460	341	800	8.26e-140	496	357276
12dafa0d7033f60b509814217fbc9fb8	gi|2363083495|ref|NR_179996.1|	85.941	441	60	2	1	440	363	802	4.78e-132	470	2764322
12dafa0d7033f60b509814217fbc9fb8	gi|2363086260|ref|NR_181382.1|	85.586	444	56	7	1	440	322	761	1.03e-128	459	2763662
12dafa0d7033f60b509814217fbc9fb8	gi|2363085625|ref|NR_181065.1|	85.618	445	53	11	1	440	351	789	3.72e-128	457	2565777
12dafa0d7033f60b509814217fbc9fb8	gi|2180566387|ref|NR_174250.1|	85.102	443	60	6	1	440	287	726	2.24e-125	448	2769420
12dafa0d7033f60b509814217fbc9fb8	gi|672238981|ref|NR_125570.1|	85.000	440	66	0	1	440	273	712	2.24e-125	448	796943
12dafa0d7033f60b509814217fbc9fb8	gi|343205899|ref|NR_044386.1|	85.068	442	62	4	1	440	331	770	2.24e-125	448	1121298
12dafa0d7033f60b509814217fbc9fb8	gi|265678792|ref|NR_029097.1|	85.000	440	66	0	1	440	291	730	2.24e-125	448	237576
12dafa0d7033f60b509814217fbc9fb8	gi|2180566484|ref|NR_174324.1|	84.944	445	57	7	1	440	346	785	1.04e-123	442	2576756
12dafa0d7033f60b509814217fbc9fb8	gi|1116030232|ref|NR_144690.1|	84.876	443	62	5	1	440	332	772	1.04e-123	442	1325933
12dafa0d7033f60b509814217fbc9fb8	gi|559795109|ref|NR_104695.1|	84.773	440	67	0	1	440	331	770	1.04e-123	442	1529
1214700783dee8889bcd44d49b705faa	gi|631253140|ref|NR_114338.1|	89.773	440	44	1	1	440	347	785	7.67e-160	562	33033
1214700783dee8889bcd44d49b705faa	gi|310975070|ref|NR_036934.1|	89.773	440	44	1	1	440	327	765	7.67e-160	562	33033
1214700783dee8889bcd44d49b705faa	gi|636558618|ref|NR_114675.1|	89.773	440	44	1	1	440	307	745	7.67e-160	562	411465
1214700783dee8889bcd44d49b705faa	gi|2288518057|ref|NR_176802.2|	89.318	440	46	1	1	440	335	773	1.66e-156	551	226526
1214700783dee8889bcd44d49b705faa	gi|2363086334|ref|NR_181419.1|	88.864	440	48	1	1	440	327	765	3.59e-153	540	2769485
1214700783dee8889bcd44d49b705faa	gi|645319749|ref|NR_117121.1|	87.302	441	53	2	1	440	344	782	1.69e-141	501	1503
1214700783dee8889bcd44d49b705faa	gi|343200622|ref|NR_041309.1|	87.045	440	56	1	1	440	337	775	7.89e-140	496	332095
1214700783dee8889bcd44d49b705faa	gi|645320092|ref|NR_117381.1|	86.848	441	55	3	1	440	347	785	3.67e-138	490	165813
1214700783dee8889bcd44d49b705faa	gi|219857563|ref|NR_025151.1|	86.848	441	55	3	1	440	350	788	3.67e-138	490	165813
1214700783dee8889bcd44d49b705faa	gi|343198615|ref|NR_043077.1|	86.818	440	57	1	1	440	349	787	3.67e-138	490	285106
4943be7e1cd8156d06984630a606c226	gi|2836274968|ref|NR_197731.1|	93.864	440	27	0	1	440	306	745	0.0	664	3093659
4943be7e1cd8156d06984630a606c226	gi|636558732|ref|NR_114789.1|	93.864	440	27	0	1	440	347	786	0.0	664	1535
4943be7e1cd8156d06984630a606c226	gi|3248465687|ref|NR_201701.1|	93.708	445	21	5	1	440	330	772	0.0	660	3435187
4943be7e1cd8156d06984630a606c226	gi|3248465688|ref|NR_201702.1|	93.708	445	21	5	1	440	328	770	0.0	660	3435000
4943be7e1cd8156d06984630a606c226	gi|2836274967|ref|NR_197730.1|	93.182	440	30	0	1	440	312	751	0.0	647	3093658
4943be7e1cd8156d06984630a606c226	gi|2836274966|ref|NR_197729.1|	92.955	440	31	0	1	440	304	743	0.0	641	3093657
4943be7e1cd8156d06984630a606c226	gi|1116030278|ref|NR_144736.1|	92.986	442	27	4	1	440	360	799	0.0	641	1776382
4943be7e1cd8156d06984630a606c226	gi|2363082799|ref|NR_179648.1|	92.517	441	31	2	1	440	339	778	2.07e-180	630	2045012
4943be7e1cd8156d06984630a606c226	gi|2363082767|ref|NR_179632.1|	92.500	440	33	0	1	440	337	776	2.07e-180	630	2014781
4943be7e1cd8156d06984630a606c226	gi|602269312|ref|NR_044835.2|	92.500	440	33	0	1	440	259	698	2.07e-180	630	1549
5bfd4389186a834bd5dd1fc455c8569f	gi|631251874|ref|NR_113072.1|	88.553	463	47	5	1	460	338	797	3.74e-158	556	1236512
5bfd4389186a834bd5dd1fc455c8569f	gi|631251816|ref|NR_113014.1|	88.337	463	48	5	1	460	338	797	1.74e-156	551	1236512
5bfd4389186a834bd5dd1fc455c8569f	gi|631251747|ref|NR_112945.1|	88.043	460	55	0	1	460	327	786	8.09e-155	545	820
5bfd4389186a834bd5dd1fc455c8569f	gi|343200179|ref|NR_040866.1|	88.043	460	55	0	1	460	334	793	8.09e-155	545	820
5bfd4389186a834bd5dd1fc455c8569f	gi|2363086550|ref|NR_181532.1|	87.826	460	56	0	1	460	322	781	3.76e-153	540	2763025
5bfd4389186a834bd5dd1fc455c8569f	gi|631252009|ref|NR_113207.1|	87.905	463	50	5	1	460	334	793	3.76e-153	540	1236514
5bfd4389186a834bd5dd1fc455c8569f	gi|631253118|ref|NR_114316.1|	87.202	461	57	2	1	460	269	728	3.79e-148	523	1445607
5bfd4389186a834bd5dd1fc455c8569f	gi|631251872|ref|NR_113070.1|	87.257	463	53	5	1	460	334	793	3.79e-148	523	742727
5bfd4389186a834bd5dd1fc455c8569f	gi|631251870|ref|NR_113068.1|	87.257	463	53	5	1	460	336	795	3.79e-148	523	763034
5bfd4389186a834bd5dd1fc455c8569f	gi|631251697|ref|NR_112895.1|	87.257	463	53	5	1	460	314	773	3.79e-148	523	742727
6eb7937cd5bf62f5d6a5d7be32519faa	gi|2363082569|ref|NR_179531.1|	89.842	443	43	2	1	442	347	788	1.66e-161	568	1852369
6eb7937cd5bf62f5d6a5d7be32519faa	gi|2363082168|ref|NR_179330.1|	87.838	444	50	4	1	442	327	768	1.69e-146	518	2714355
6eb7937cd5bf62f5d6a5d7be32519faa	gi|1269801610|ref|NR_074793.2|	87.557	442	55	0	1	442	355	796	7.87e-145	512	351091
6eb7937cd5bf62f5d6a5d7be32519faa	gi|2363082165|ref|NR_179329.1|	87.613	444	51	4	1	442	327	768	7.87e-145	512	2714353
6eb7937cd5bf62f5d6a5d7be32519faa	gi|343200653|ref|NR_041340.1|	87.557	442	55	0	1	442	328	769	7.87e-145	512	351091
6eb7937cd5bf62f5d6a5d7be32519faa	gi|2363082352|ref|NR_179423.1|	87.416	445	51	5	1	442	349	791	3.66e-143	507	1689270
6eb7937cd5bf62f5d6a5d7be32519faa	gi|645321110|ref|NR_118156.1|	87.387	444	52	3	1	442	304	745	3.66e-143	507	1007096
6eb7937cd5bf62f5d6a5d7be32519faa	gi|3030611324|ref|NR_200000.1|	87.191	445	52	5	1	442	301	743	1.70e-141	501	3342383
6eb7937cd5bf62f5d6a5d7be32519faa	gi|3030611323|ref|NR_199999.1|	87.220	446	50	7	1	442	301	743	1.70e-141	501	3133422
6eb7937cd5bf62f5d6a5d7be32519faa	gi|2136551692|ref|NR_173697.1|	86.937	444	54	4	1	442	349	790	7.92e-140	496	2108523
215e511cb986325ad81768b66388675f	gi|3030611269|ref|NR_199945.1|	92.727	440	32	0	1	440	335	774	0.0	636	3435293
215e511cb986325ad81768b66388675f	gi|2363080123|ref|NR_178280.1|	92.500	440	33	0	1	440	331	770	2.07e-180	630	411483
215e511cb986325ad81768b66388675f	gi|265678656|ref|NR_028961.1|	92.273	440	34	0	1	440	327	766	9.64e-179	625	853
215e511cb986325ad81768b66388675f	gi|2363081451|ref|NR_178972.1|	92.045	440	35	0	1	440	285	724	4.48e-177	619	1851428
215e511cb986325ad81768b66388675f	gi|2363081449|ref|NR_178971.1|	92.575	431	32	0	1	431	285	715	4.48e-177	619	1851427
215e511cb986325ad81768b66388675f	gi|2363082282|ref|NR_179388.1|	91.855	442	32	4	1	440	335	774	2.09e-175	614	2935520
215e511cb986325ad81768b66388675f	gi|2363080175|ref|NR_178311.1|	90.455	440	42	0	1	440	412	851	2.12e-165	580	2903556
215e511cb986325ad81768b66388675f	gi|566085203|ref|NR_109014.1|	90.498	442	38	4	1	440	195	634	2.12e-165	580	871665
215e511cb986325ad81768b66388675f	gi|2363082673|ref|NR_179584.1|	90.045	442	40	4	1	440	327	766	1.27e-162	571	1917888
215e511cb986325ad81768b66388675f	gi|631252033|ref|NR_113231.1|	89.819	442	41	4	1	440	347	786	2.13e-160	564	536633
44895e277e9a9eab42d22f8ef11ce280	gi|631251740|ref|NR_112938.1|	93.043	460	32	0	1	460	326	785	0.0	673	204516
44895e277e9a9eab42d22f8ef11ce280	gi|343198509|ref|NR_042745.1|	93.043	460	32	0	1	460	338	797	0.0	673	204516
44895e277e9a9eab42d22f8ef11ce280	gi|2363086550|ref|NR_181532.1|	91.087	460	41	0	1	460	322	781	3.63e-178	623	2763025
44895e277e9a9eab42d22f8ef11ce280	gi|343200626|ref|NR_041313.1|	91.087	460	41	0	1	460	340	799	3.63e-178	623	338188
44895e277e9a9eab42d22f8ef11ce280	gi|2363084421|ref|NR_180458.1|	90.870	460	42	0	1	460	340	799	1.69e-176	617	2650157
44895e277e9a9eab42d22f8ef11ce280	gi|631251747|ref|NR_112945.1|	90.870	460	42	0	1	460	327	786	1.69e-176	617	820
44895e277e9a9eab42d22f8ef11ce280	gi|343200179|ref|NR_040866.1|	90.870	460	42	0	1	460	334	793	1.69e-176	617	820
44895e277e9a9eab42d22f8ef11ce280	gi|2363082635|ref|NR_179564.1|	90.652	460	43	0	1	460	338	797	7.86e-175	612	1903262
44895e277e9a9eab42d22f8ef11ce280	gi|645320100|ref|NR_117387.1|	90.652	460	43	0	1	460	320	779	7.86e-175	612	1077285
44895e277e9a9eab42d22f8ef11ce280	gi|2363084431|ref|NR_180463.1|	90.435	460	44	0	1	460	340	799	3.66e-173	606	2650158
3f3002c1a608abe1e28845df3daccf5c	gi|631251747|ref|NR_112945.1|	93.043	460	31	1	1	459	327	786	0.0	671	820
3f3002c1a608abe1e28845df3daccf5c	gi|343200179|ref|NR_040866.1|	93.043	460	31	1	1	459	334	793	0.0	671	820
3f3002c1a608abe1e28845df3daccf5c	gi|2363086550|ref|NR_181532.1|	92.609	460	33	1	1	459	322	781	0.0	660	2763025
3f3002c1a608abe1e28845df3daccf5c	gi|2363082773|ref|NR_179635.1|	91.957	460	36	1	1	459	338	797	0.0	643	2024197
3f3002c1a608abe1e28845df3daccf5c	gi|631251740|ref|NR_112938.1|	91.323	461	37	3	1	459	326	785	2.80e-179	627	204516
3f3002c1a608abe1e28845df3daccf5c	gi|343198509|ref|NR_042745.1|	91.323	461	37	3	1	459	338	797	2.80e-179	627	204516
3f3002c1a608abe1e28845df3daccf5c	gi|2363082635|ref|NR_179564.1|	91.087	460	40	1	1	459	338	797	1.30e-177	621	1903262
3f3002c1a608abe1e28845df3daccf5c	gi|631251870|ref|NR_113068.1|	91.164	464	32	5	1	459	336	795	1.30e-177	621	763034
3f3002c1a608abe1e28845df3daccf5c	gi|631251696|ref|NR_112894.1|	91.164	464	32	5	1	459	316	775	1.30e-177	621	763034
3f3002c1a608abe1e28845df3daccf5c	gi|1116030246|ref|NR_144704.1|	90.870	460	41	1	1	459	251	710	6.07e-176	616	1203465
57382cfcfb16c1ebf6f236b2341a35c1	gi|444304091|ref|NR_074515.1|	87.931	464	48	8	1	460	350	809	3.76e-153	540	435590
57382cfcfb16c1ebf6f236b2341a35c1	gi|631251748|ref|NR_112946.1|	87.931	464	48	8	1	460	339	798	3.76e-153	540	821
57382cfcfb16c1ebf6f236b2341a35c1	gi|343200664|ref|NR_041351.1|	87.716	464	49	8	1	460	341	800	1.75e-151	534	357276
57382cfcfb16c1ebf6f236b2341a35c1	gi|631250946|ref|NR_112143.1|	87.716	464	49	8	1	460	307	766	1.75e-151	534	821
57382cfcfb16c1ebf6f236b2341a35c1	gi|631251872|ref|NR_113070.1|	86.580	462	58	4	1	460	334	793	3.82e-143	507	742727
57382cfcfb16c1ebf6f236b2341a35c1	gi|631251697|ref|NR_112895.1|	86.580	462	58	4	1	460	314	773	3.82e-143	507	742727
57382cfcfb16c1ebf6f236b2341a35c1	gi|631251874|ref|NR_113072.1|	86.422	464	55	8	1	460	338	797	1.78e-141	501	1236512
57382cfcfb16c1ebf6f236b2341a35c1	gi|2363082773|ref|NR_179635.1|	86.207	464	56	8	1	460	338	797	8.26e-140	496	2024197
57382cfcfb16c1ebf6f236b2341a35c1	gi|444304122|ref|NR_074546.1|	86.177	463	58	6	1	460	336	795	8.26e-140	496	290053
57382cfcfb16c1ebf6f236b2341a35c1	gi|631251816|ref|NR_113014.1|	86.207	464	56	8	1	460	338	797	8.26e-140	496	1236512
8010104e4cf5fb477dbbe240ae1170b4	gi|2363082495|ref|NR_179494.1|	99.091	440	4	0	1	440	352	791	0.0	791	2219695
8010104e4cf5fb477dbbe240ae1170b4	gi|1109168038|ref|NR_144617.1|	95.455	440	20	0	1	440	340	779	0.0	702	1796634
8010104e4cf5fb477dbbe240ae1170b4	gi|631253194|ref|NR_114392.1|	95.455	440	20	0	1	440	350	789	0.0	702	1544
8010104e4cf5fb477dbbe240ae1170b4	gi|645319761|ref|NR_117130.1|	95.455	440	20	0	1	440	347	786	0.0	702	1544
8010104e4cf5fb477dbbe240ae1170b4	gi|645319760|ref|NR_117129.1|	95.455	440	20	0	1	440	347	786	0.0	702	1544
8010104e4cf5fb477dbbe240ae1170b4	gi|645319759|ref|NR_117128.1|	95.455	440	20	0	1	440	347	786	0.0	702	1544
8010104e4cf5fb477dbbe240ae1170b4	gi|645319756|ref|NR_117127.1|	95.455	440	20	0	1	440	347	786	0.0	702	1544
8010104e4cf5fb477dbbe240ae1170b4	gi|645319755|ref|NR_117126.1|	95.455	440	20	0	1	440	347	786	0.0	702	1544
8010104e4cf5fb477dbbe240ae1170b4	gi|645319762|ref|NR_117131.1|	95.227	440	21	0	1	440	348	787	0.0	697	1544
8010104e4cf5fb477dbbe240ae1170b4	gi|228719063|ref|NR_027579.1|	95.000	440	22	0	1	440	316	755	0.0	697	471875
0404cd57e907e53d7996973ef871a33e	gi|343200626|ref|NR_041313.1|	95.870	460	19	0	1	460	340	799	0.0	745	338188
0404cd57e907e53d7996973ef871a33e	gi|2363084421|ref|NR_180458.1|	95.652	460	20	0	1	460	340	799	0.0	739	2650157
0404cd57e907e53d7996973ef871a33e	gi|645320100|ref|NR_117387.1|	95.435	460	21	0	1	460	320	779	0.0	734	1077285
0404cd57e907e53d7996973ef871a33e	gi|2363086550|ref|NR_181532.1|	95.217	460	22	0	1	460	322	781	0.0	728	2763025
0404cd57e907e53d7996973ef871a33e	gi|631251869|ref|NR_113067.1|	95.217	460	22	0	1	460	325	784	0.0	728	1077285
0404cd57e907e53d7996973ef871a33e	gi|631251747|ref|NR_112945.1|	95.217	460	22	0	1	460	327	786	0.0	728	820
0404cd57e907e53d7996973ef871a33e	gi|343200179|ref|NR_040866.1|	95.217	460	22	0	1	460	334	793	0.0	728	820
0404cd57e907e53d7996973ef871a33e	gi|631251749|ref|NR_112947.1|	94.565	460	25	0	1	460	326	785	0.0	712	657309
0404cd57e907e53d7996973ef871a33e	gi|631251745|ref|NR_112943.1|	94.565	460	25	0	1	460	326	785	0.0	712	449673
0404cd57e907e53d7996973ef871a33e	gi|631251733|ref|NR_112931.1|	94.565	460	25	0	1	460	340	799	0.0	712	85831
69118ced39194fd4a84b44b03996af8e	gi|559795255|ref|NR_104846.1|	92.955	440	31	0	1	440	288	727	0.0	641	745368
69118ced39194fd4a84b44b03996af8e	gi|2363082356|ref|NR_179425.1|	92.500	440	33	0	1	440	351	790	2.07e-180	630	1689304
69118ced39194fd4a84b44b03996af8e	gi|3030611269|ref|NR_199945.1|	92.045	440	35	0	1	440	335	774	4.48e-177	619	3435293
69118ced39194fd4a84b44b03996af8e	gi|265678692|ref|NR_028997.1|	92.063	441	34	1	1	440	303	743	4.48e-177	619	214851
69118ced39194fd4a84b44b03996af8e	gi|2363084747|ref|NR_180622.1|	91.610	441	35	2	1	440	335	774	9.71e-174	608	2779354
69118ced39194fd4a84b44b03996af8e	gi|265678656|ref|NR_028961.1|	91.591	440	37	0	1	440	327	766	9.71e-174	608	853
69118ced39194fd4a84b44b03996af8e	gi|1397641802|ref|NR_156911.1|	91.364	440	38	0	1	440	351	790	4.52e-172	603	1650663
69118ced39194fd4a84b44b03996af8e	gi|2363081451|ref|NR_178972.1|	91.364	440	38	0	1	440	285	724	4.52e-172	603	1851428
69118ced39194fd4a84b44b03996af8e	gi|2363080123|ref|NR_178280.1|	91.364	440	38	0	1	440	331	770	4.52e-172	603	411483
69118ced39194fd4a84b44b03996af8e	gi|2363081449|ref|NR_178971.1|	91.136	440	38	1	1	440	285	723	7.56e-170	595	1851427
335c8e8de5632b171ac5810cdfebaa8e	gi|2363082569|ref|NR_179531.1|	92.360	445	29	5	1	443	347	788	7.50e-180	628	1852369
335c8e8de5632b171ac5810cdfebaa8e	gi|2363082342|ref|NR_179418.1|	91.892	444	34	2	1	443	348	790	4.52e-177	619	1673721
335c8e8de5632b171ac5810cdfebaa8e	gi|2136551692|ref|NR_173697.1|	91.892	444	33	3	1	443	349	790	1.62e-176	617	2108523
335c8e8de5632b171ac5810cdfebaa8e	gi|2363082168|ref|NR_179330.1|	91.892	444	33	3	1	443	327	768	1.62e-176	617	2714355
335c8e8de5632b171ac5810cdfebaa8e	gi|2363082358|ref|NR_179426.1|	91.667	444	35	2	1	443	349	791	2.10e-175	614	1702285
335c8e8de5632b171ac5810cdfebaa8e	gi|2363082165|ref|NR_179329.1|	91.667	444	34	3	1	443	327	768	7.56e-175	612	2714353
335c8e8de5632b171ac5810cdfebaa8e	gi|1193829127|ref|NR_147370.1|	91.441	444	36	2	1	443	349	791	9.78e-174	608	1870988
335c8e8de5632b171ac5810cdfebaa8e	gi|645321110|ref|NR_118156.1|	91.275	447	30	8	1	443	304	745	1.64e-171	601	1007096
335c8e8de5632b171ac5810cdfebaa8e	gi|1109168025|ref|NR_144611.1|	90.971	443	40	0	1	443	282	724	2.12e-170	597	1417852
335c8e8de5632b171ac5810cdfebaa8e	gi|2363084741|ref|NR_180619.1|	90.766	444	39	2	1	443	347	789	9.85e-169	592	2779352
