954977cf756bb20ca962cbba95032d7a	gi|2363080123|ref|NR_178280.1|	99.318	440	3	0	1	440	331	770	0.0	797	411483
954977cf756bb20ca962cbba95032d7a	gi|2363081449|ref|NR_178971.1|	99.536	431	2	0	1	431	285	715	0.0	785	1851427
954977cf756bb20ca962cbba95032d7a	gi|265678656|ref|NR_028961.1|	98.636	440	6	0	1	440	327	766	0.0	780	853
954977cf756bb20ca962cbba95032d7a	gi|2363081451|ref|NR_178972.1|	98.409	440	7	0	1	440	285	724	0.0	774	1851428
954977cf756bb20ca962cbba95032d7a	gi|3030611269|ref|NR_199945.1|	98.182	440	8	0	1	440	335	774	0.0	769	3435293
954977cf756bb20ca962cbba95032d7a	gi|2363082282|ref|NR_179388.1|	97.732	441	8	2	1	440	335	774	0.0	758	2935520
954977cf756bb20ca962cbba95032d7a	gi|2363080175|ref|NR_178311.1|	97.045	440	13	0	1	440	412	851	0.0	741	2903556
954977cf756bb20ca962cbba95032d7a	gi|2363084747|ref|NR_180622.1|	92.971	441	29	2	1	440	335	774	0.0	641	2779354
954977cf756bb20ca962cbba95032d7a	gi|559795255|ref|NR_104846.1|	92.727	440	32	0	1	440	288	727	0.0	636	745368
954977cf756bb20ca962cbba95032d7a	gi|1277396189|ref|NR_151900.1|	92.273	440	34	0	1	440	351	790	9.64e-179	625	1550024
b67d244d08ed9f072b3b6c2848a35026	gi|2363080123|ref|NR_178280.1|	99.318	440	3	0	1	440	331	770	0.0	797	411483
b67d244d08ed9f072b3b6c2848a35026	gi|2363081449|ref|NR_178971.1|	99.091	440	3	1	1	440	285	723	0.0	789	1851427
b67d244d08ed9f072b3b6c2848a35026	gi|265678656|ref|NR_028961.1|	98.636	440	6	0	1	440	327	766	0.0	780	853
b67d244d08ed9f072b3b6c2848a35026	gi|2363081451|ref|NR_178972.1|	98.409	440	7	0	1	440	285	724	0.0	774	1851428
b67d244d08ed9f072b3b6c2848a35026	gi|3030611269|ref|NR_199945.1|	98.182	440	8	0	1	440	335	774	0.0	769	3435293
b67d244d08ed9f072b3b6c2848a35026	gi|2363082282|ref|NR_179388.1|	97.732	441	8	2	1	440	335	774	0.0	758	2935520
b67d244d08ed9f072b3b6c2848a35026	gi|2363080175|ref|NR_178311.1|	97.045	440	13	0	1	440	412	851	0.0	741	2903556
b67d244d08ed9f072b3b6c2848a35026	gi|2363084747|ref|NR_180622.1|	92.971	441	29	2	1	440	335	774	0.0	641	2779354
b67d244d08ed9f072b3b6c2848a35026	gi|559795255|ref|NR_104846.1|	92.727	440	32	0	1	440	288	727	0.0	636	745368
b67d244d08ed9f072b3b6c2848a35026	gi|1277396189|ref|NR_151900.1|	92.273	440	34	0	1	440	351	790	9.64e-179	625	1550024
7f9076c85cd2b6b97e4626ba7b8d821c	gi|631252157|ref|NR_113355.1|	99.355	465	3	0	1	465	356	820	0.0	843	218538
7f9076c85cd2b6b97e4626ba7b8d821c	gi|219846090|ref|NR_025680.1|	99.355	465	3	0	1	465	336	800	0.0	843	592028
7f9076c85cd2b6b97e4626ba7b8d821c	gi|343198671|ref|NR_043231.1|	94.850	466	22	2	1	465	283	747	0.0	726	308994
7f9076c85cd2b6b97e4626ba7b8d821c	gi|631252159|ref|NR_113357.1|	94.647	467	22	3	1	465	356	821	0.0	721	308994
7f9076c85cd2b6b97e4626ba7b8d821c	gi|343200979|ref|NR_041666.1|	93.978	465	28	0	1	465	336	800	0.0	704	742743
7f9076c85cd2b6b97e4626ba7b8d821c	gi|2363082841|ref|NR_179669.1|	93.790	467	25	4	1	465	360	824	0.0	699	2161821
7f9076c85cd2b6b97e4626ba7b8d821c	gi|2363082109|ref|NR_179301.1|	93.790	467	25	4	1	465	344	808	0.0	699	2582419
7f9076c85cd2b6b97e4626ba7b8d821c	gi|631252158|ref|NR_113356.1|	93.133	466	29	3	1	465	355	818	0.0	680	309120
7f9076c85cd2b6b97e4626ba7b8d821c	gi|343198462|ref|NR_041895.1|	93.133	466	29	3	1	465	296	759	0.0	680	888062
7f9076c85cd2b6b97e4626ba7b8d821c	gi|219846637|ref|NR_026229.1|	91.667	468	33	4	1	465	336	800	0.0	643	39950
1fb81cb49b4c59ae0a1c9a69ad3017ce	gi|2363080123|ref|NR_178280.1|	99.545	440	2	0	1	440	331	770	0.0	802	411483
1fb81cb49b4c59ae0a1c9a69ad3017ce	gi|2363081449|ref|NR_178971.1|	99.768	431	1	0	1	431	285	715	0.0	791	1851427
1fb81cb49b4c59ae0a1c9a69ad3017ce	gi|265678656|ref|NR_028961.1|	98.864	440	5	0	1	440	327	766	0.0	785	853
1fb81cb49b4c59ae0a1c9a69ad3017ce	gi|2363081451|ref|NR_178972.1|	98.636	440	6	0	1	440	285	724	0.0	780	1851428
1fb81cb49b4c59ae0a1c9a69ad3017ce	gi|3030611269|ref|NR_199945.1|	98.409	440	7	0	1	440	335	774	0.0	774	3435293
1fb81cb49b4c59ae0a1c9a69ad3017ce	gi|2363082282|ref|NR_179388.1|	97.959	441	7	2	1	440	335	774	0.0	763	2935520
1fb81cb49b4c59ae0a1c9a69ad3017ce	gi|2363080175|ref|NR_178311.1|	97.273	440	12	0	1	440	412	851	0.0	747	2903556
1fb81cb49b4c59ae0a1c9a69ad3017ce	gi|2363084747|ref|NR_180622.1|	93.197	441	28	2	1	440	335	774	0.0	647	2779354
1fb81cb49b4c59ae0a1c9a69ad3017ce	gi|559795255|ref|NR_104846.1|	92.955	440	31	0	1	440	288	727	0.0	641	745368
1fb81cb49b4c59ae0a1c9a69ad3017ce	gi|1277396189|ref|NR_151900.1|	92.500	440	33	0	1	440	351	790	2.07e-180	630	1550024
1bf9f4618e91d76e540ed39aad4ab03c	gi|2363080123|ref|NR_178280.1|	99.545	440	2	0	1	440	331	770	0.0	802	411483
1bf9f4618e91d76e540ed39aad4ab03c	gi|2363081449|ref|NR_178971.1|	99.091	440	3	1	1	440	285	723	0.0	789	1851427
1bf9f4618e91d76e540ed39aad4ab03c	gi|265678656|ref|NR_028961.1|	98.864	440	5	0	1	440	327	766	0.0	785	853
1bf9f4618e91d76e540ed39aad4ab03c	gi|2363081451|ref|NR_178972.1|	98.636	440	6	0	1	440	285	724	0.0	780	1851428
1bf9f4618e91d76e540ed39aad4ab03c	gi|3030611269|ref|NR_199945.1|	98.409	440	7	0	1	440	335	774	0.0	774	3435293
1bf9f4618e91d76e540ed39aad4ab03c	gi|2363082282|ref|NR_179388.1|	97.959	441	7	2	1	440	335	774	0.0	763	2935520
1bf9f4618e91d76e540ed39aad4ab03c	gi|2363080175|ref|NR_178311.1|	97.273	440	12	0	1	440	412	851	0.0	747	2903556
1bf9f4618e91d76e540ed39aad4ab03c	gi|2363084747|ref|NR_180622.1|	93.197	441	28	2	1	440	335	774	0.0	647	2779354
1bf9f4618e91d76e540ed39aad4ab03c	gi|559795255|ref|NR_104846.1|	92.955	440	31	0	1	440	288	727	0.0	641	745368
1bf9f4618e91d76e540ed39aad4ab03c	gi|1277396189|ref|NR_151900.1|	92.500	440	33	0	1	440	351	790	2.07e-180	630	1550024
78e8c580dccba89c320f4e2a86bc942e	gi|2363080123|ref|NR_178280.1|	99.545	440	2	0	1	440	331	770	0.0	802	411483
78e8c580dccba89c320f4e2a86bc942e	gi|2363081449|ref|NR_178971.1|	99.091	440	3	1	1	440	285	723	0.0	789	1851427
78e8c580dccba89c320f4e2a86bc942e	gi|265678656|ref|NR_028961.1|	98.864	440	5	0	1	440	327	766	0.0	785	853
78e8c580dccba89c320f4e2a86bc942e	gi|2363081451|ref|NR_178972.1|	98.636	440	6	0	1	440	285	724	0.0	780	1851428
78e8c580dccba89c320f4e2a86bc942e	gi|3030611269|ref|NR_199945.1|	98.409	440	7	0	1	440	335	774	0.0	774	3435293
78e8c580dccba89c320f4e2a86bc942e	gi|2363082282|ref|NR_179388.1|	97.959	441	7	2	1	440	335	774	0.0	763	2935520
78e8c580dccba89c320f4e2a86bc942e	gi|2363080175|ref|NR_178311.1|	97.273	440	12	0	1	440	412	851	0.0	747	2903556
78e8c580dccba89c320f4e2a86bc942e	gi|2363084747|ref|NR_180622.1|	93.197	441	28	2	1	440	335	774	0.0	647	2779354
78e8c580dccba89c320f4e2a86bc942e	gi|559795255|ref|NR_104846.1|	92.955	440	31	0	1	440	288	727	0.0	641	745368
78e8c580dccba89c320f4e2a86bc942e	gi|1277396189|ref|NR_151900.1|	92.500	440	33	0	1	440	351	790	2.07e-180	630	1550024
5c6ebb1350e1f65a8d0e880e8d350264	gi|2363080123|ref|NR_178280.1|	99.545	440	2	0	1	440	331	770	0.0	802	411483
5c6ebb1350e1f65a8d0e880e8d350264	gi|2363081449|ref|NR_178971.1|	99.091	440	3	1	1	440	285	723	0.0	789	1851427
5c6ebb1350e1f65a8d0e880e8d350264	gi|265678656|ref|NR_028961.1|	98.864	440	5	0	1	440	327	766	0.0	785	853
5c6ebb1350e1f65a8d0e880e8d350264	gi|2363081451|ref|NR_178972.1|	98.636	440	6	0	1	440	285	724	0.0	780	1851428
5c6ebb1350e1f65a8d0e880e8d350264	gi|3030611269|ref|NR_199945.1|	98.409	440	7	0	1	440	335	774	0.0	774	3435293
5c6ebb1350e1f65a8d0e880e8d350264	gi|2363082282|ref|NR_179388.1|	97.959	441	7	2	1	440	335	774	0.0	763	2935520
5c6ebb1350e1f65a8d0e880e8d350264	gi|2363080175|ref|NR_178311.1|	97.273	440	12	0	1	440	412	851	0.0	747	2903556
5c6ebb1350e1f65a8d0e880e8d350264	gi|2363084747|ref|NR_180622.1|	93.197	441	28	2	1	440	335	774	0.0	647	2779354
5c6ebb1350e1f65a8d0e880e8d350264	gi|559795255|ref|NR_104846.1|	92.955	440	31	0	1	440	288	727	0.0	641	745368
5c6ebb1350e1f65a8d0e880e8d350264	gi|1277396189|ref|NR_151900.1|	92.500	440	33	0	1	440	351	790	2.07e-180	630	1550024
2467361a3e647f942e8464e3036176ea	gi|631252157|ref|NR_113355.1|	99.785	465	1	0	1	465	356	820	0.0	854	218538
2467361a3e647f942e8464e3036176ea	gi|219846090|ref|NR_025680.1|	99.785	465	1	0	1	465	336	800	0.0	854	592028
2467361a3e647f942e8464e3036176ea	gi|343198671|ref|NR_043231.1|	95.279	466	20	2	1	465	283	747	0.0	737	308994
2467361a3e647f942e8464e3036176ea	gi|631252159|ref|NR_113357.1|	95.075	467	20	3	1	465	356	821	0.0	732	308994
2467361a3e647f942e8464e3036176ea	gi|343200979|ref|NR_041666.1|	94.409	465	26	0	1	465	336	800	0.0	715	742743
2467361a3e647f942e8464e3036176ea	gi|2363082841|ref|NR_179669.1|	94.218	467	23	4	1	465	360	824	0.0	710	2161821
2467361a3e647f942e8464e3036176ea	gi|2363082109|ref|NR_179301.1|	94.218	467	23	4	1	465	344	808	0.0	710	2582419
2467361a3e647f942e8464e3036176ea	gi|631252158|ref|NR_113356.1|	93.562	466	27	3	1	465	355	818	0.0	691	309120
2467361a3e647f942e8464e3036176ea	gi|343198462|ref|NR_041895.1|	93.562	466	27	3	1	465	296	759	0.0	691	888062
2467361a3e647f942e8464e3036176ea	gi|219846637|ref|NR_026229.1|	92.094	468	31	4	1	465	336	800	0.0	654	39950
95c344644e0f9d35d602cb26ee8da9b2	gi|2363080123|ref|NR_178280.1|	99.545	440	2	0	1	440	331	770	0.0	802	411483
95c344644e0f9d35d602cb26ee8da9b2	gi|2363081449|ref|NR_178971.1|	99.091	440	3	1	1	440	285	723	0.0	789	1851427
95c344644e0f9d35d602cb26ee8da9b2	gi|265678656|ref|NR_028961.1|	98.864	440	5	0	1	440	327	766	0.0	785	853
95c344644e0f9d35d602cb26ee8da9b2	gi|2363081451|ref|NR_178972.1|	98.636	440	6	0	1	440	285	724	0.0	780	1851428
95c344644e0f9d35d602cb26ee8da9b2	gi|3030611269|ref|NR_199945.1|	98.409	440	7	0	1	440	335	774	0.0	774	3435293
95c344644e0f9d35d602cb26ee8da9b2	gi|2363082282|ref|NR_179388.1|	97.959	441	7	2	1	440	335	774	0.0	763	2935520
95c344644e0f9d35d602cb26ee8da9b2	gi|2363080175|ref|NR_178311.1|	97.273	440	12	0	1	440	412	851	0.0	747	2903556
95c344644e0f9d35d602cb26ee8da9b2	gi|2363084747|ref|NR_180622.1|	93.197	441	28	2	1	440	335	774	0.0	647	2779354
95c344644e0f9d35d602cb26ee8da9b2	gi|559795255|ref|NR_104846.1|	92.955	440	31	0	1	440	288	727	0.0	641	745368
95c344644e0f9d35d602cb26ee8da9b2	gi|1277396189|ref|NR_151900.1|	92.500	440	33	0	1	440	351	790	2.07e-180	630	1550024
64527a8bf94c935b88d6e658225b6771	gi|1116030282|ref|NR_144740.1|	99.317	439	3	0	1	439	321	759	0.0	795	1776391
64527a8bf94c935b88d6e658225b6771	gi|974142280|ref|NR_134800.1|	98.633	439	6	0	1	439	255	693	0.0	778	1368474
64527a8bf94c935b88d6e658225b6771	gi|672239008|ref|NR_125597.1|	97.959	441	7	2	1	439	318	758	0.0	763	1115758
64527a8bf94c935b88d6e658225b6771	gi|2363083072|ref|NR_179784.1|	97.950	439	9	0	1	439	301	739	0.0	761	2020948
64527a8bf94c935b88d6e658225b6771	gi|2363082877|ref|NR_179687.1|	97.267	439	12	0	1	439	273	711	0.0	745	2662455
64527a8bf94c935b88d6e658225b6771	gi|1230874654|ref|NR_148815.1|	97.267	439	12	0	1	439	319	757	0.0	745	1629550
64527a8bf94c935b88d6e658225b6771	gi|631252125|ref|NR_113323.1|	97.267	439	12	0	1	439	319	757	0.0	745	1490
64527a8bf94c935b88d6e658225b6771	gi|1269785414|ref|NR_118728.2|	97.039	439	13	0	1	439	330	768	0.0	743	1121325
64527a8bf94c935b88d6e658225b6771	gi|631250974|ref|NR_112171.1|	97.039	439	13	0	1	439	309	747	0.0	739	1490
64527a8bf94c935b88d6e658225b6771	gi|1040567059|ref|NR_137408.1|	96.811	439	14	0	1	439	290	728	0.0	734	1460447
9e9c8db7f80f343e4a6eac885adb55e7	gi|631252157|ref|NR_113355.1|	99.570	465	2	0	1	465	356	820	0.0	848	218538
9e9c8db7f80f343e4a6eac885adb55e7	gi|219846090|ref|NR_025680.1|	99.570	465	2	0	1	465	336	800	0.0	848	592028
9e9c8db7f80f343e4a6eac885adb55e7	gi|343198671|ref|NR_043231.1|	95.064	466	21	2	1	465	283	747	0.0	732	308994
9e9c8db7f80f343e4a6eac885adb55e7	gi|631252159|ref|NR_113357.1|	94.861	467	21	3	1	465	356	821	0.0	726	308994
9e9c8db7f80f343e4a6eac885adb55e7	gi|343200979|ref|NR_041666.1|	94.194	465	27	0	1	465	336	800	0.0	710	742743
9e9c8db7f80f343e4a6eac885adb55e7	gi|2363082841|ref|NR_179669.1|	94.004	467	24	4	1	465	360	824	0.0	704	2161821
9e9c8db7f80f343e4a6eac885adb55e7	gi|2363082109|ref|NR_179301.1|	94.004	467	24	4	1	465	344	808	0.0	704	2582419
9e9c8db7f80f343e4a6eac885adb55e7	gi|631252158|ref|NR_113356.1|	93.348	466	28	3	1	465	355	818	0.0	686	309120
9e9c8db7f80f343e4a6eac885adb55e7	gi|343198462|ref|NR_041895.1|	93.348	466	28	3	1	465	296	759	0.0	686	888062
9e9c8db7f80f343e4a6eac885adb55e7	gi|219846637|ref|NR_026229.1|	91.880	468	32	4	1	465	336	800	0.0	649	39950
5fd6ed33ea0ec49cb9189900f89adead	gi|2363080123|ref|NR_178280.1|	99.318	440	3	0	1	440	331	770	0.0	797	411483
5fd6ed33ea0ec49cb9189900f89adead	gi|2363081449|ref|NR_178971.1|	99.536	431	2	0	1	431	285	715	0.0	785	1851427
5fd6ed33ea0ec49cb9189900f89adead	gi|265678656|ref|NR_028961.1|	98.636	440	6	0	1	440	327	766	0.0	780	853
5fd6ed33ea0ec49cb9189900f89adead	gi|2363081451|ref|NR_178972.1|	98.409	440	7	0	1	440	285	724	0.0	774	1851428
5fd6ed33ea0ec49cb9189900f89adead	gi|3030611269|ref|NR_199945.1|	98.182	440	8	0	1	440	335	774	0.0	769	3435293
5fd6ed33ea0ec49cb9189900f89adead	gi|2363082282|ref|NR_179388.1|	97.732	441	8	2	1	440	335	774	0.0	758	2935520
5fd6ed33ea0ec49cb9189900f89adead	gi|2363080175|ref|NR_178311.1|	97.045	440	13	0	1	440	412	851	0.0	741	2903556
5fd6ed33ea0ec49cb9189900f89adead	gi|2363084747|ref|NR_180622.1|	92.971	441	29	2	1	440	335	774	0.0	641	2779354
5fd6ed33ea0ec49cb9189900f89adead	gi|559795255|ref|NR_104846.1|	92.727	440	32	0	1	440	288	727	0.0	636	745368
5fd6ed33ea0ec49cb9189900f89adead	gi|1277396189|ref|NR_151900.1|	92.273	440	34	0	1	440	351	790	9.64e-179	625	1550024
ccfddb775790a2de7d2a7707e2a7b986	gi|1116030238|ref|NR_144696.1|	99.091	440	4	0	1	440	333	772	0.0	791	1414720
ccfddb775790a2de7d2a7707e2a7b986	gi|219846899|ref|NR_026491.1|	99.091	440	4	0	1	440	319	758	0.0	791	84024
ccfddb775790a2de7d2a7707e2a7b986	gi|219846557|ref|NR_026149.1|	98.636	440	6	0	1	440	325	764	0.0	780	36850
ccfddb775790a2de7d2a7707e2a7b986	gi|219846575|ref|NR_026167.1|	97.964	442	6	2	1	440	246	686	0.0	767	36834
ccfddb775790a2de7d2a7707e2a7b986	gi|2363082288|ref|NR_179391.1|	97.727	440	10	0	1	440	332	771	0.0	758	1499684
ccfddb775790a2de7d2a7707e2a7b986	gi|219846422|ref|NR_026013.1|	97.500	440	11	0	1	440	333	772	0.0	752	46867
ccfddb775790a2de7d2a7707e2a7b986	gi|631252127|ref|NR_113325.1|	97.273	440	12	0	1	440	333	772	0.0	747	1559
ccfddb775790a2de7d2a7707e2a7b986	gi|219846898|ref|NR_026490.1|	97.273	440	12	0	1	440	320	759	0.0	747	84031
ccfddb775790a2de7d2a7707e2a7b986	gi|310975222|ref|NR_037086.1|	97.273	440	12	0	1	440	316	755	0.0	747	1559
ccfddb775790a2de7d2a7707e2a7b986	gi|636558671|ref|NR_114728.1|	97.273	440	12	0	1	440	287	726	0.0	747	1559
5252b10939d09d52e673481863017ab9	gi|1193829161|ref|NR_147404.1|	99.349	461	3	0	1	461	340	800	0.0	835	1816687
5252b10939d09d52e673481863017ab9	gi|2363085161|ref|NR_180829.1|	91.991	462	34	3	1	461	341	800	0.0	645	2606637
5252b10939d09d52e673481863017ab9	gi|1277396175|ref|NR_151886.1|	90.672	461	42	1	1	461	341	800	7.88e-175	612	1703337
5252b10939d09d52e673481863017ab9	gi|631251897|ref|NR_113095.1|	90.281	463	40	5	1	461	341	800	1.71e-171	601	242750
5252b10939d09d52e673481863017ab9	gi|343200677|ref|NR_041364.1|	90.302	464	38	7	1	461	337	796	1.71e-171	601	1002367
5252b10939d09d52e673481863017ab9	gi|343198557|ref|NR_042857.1|	90.281	463	40	5	1	461	321	780	1.71e-171	601	242750
5252b10939d09d52e673481863017ab9	gi|485099085|ref|NR_102481.1|	90.043	462	43	3	1	461	337	796	7.94e-170	595	908937
5252b10939d09d52e673481863017ab9	gi|631251902|ref|NR_113100.1|	90.043	462	43	3	1	461	328	787	7.94e-170	595	908937
5252b10939d09d52e673481863017ab9	gi|265678976|ref|NR_029284.1|	90.043	462	43	3	1	461	308	767	7.94e-170	595	52227
5252b10939d09d52e673481863017ab9	gi|343206272|ref|NR_044864.1|	90.043	462	43	3	1	461	318	777	7.94e-170	595	1336250
5800356eb5cbea32f4d31965bc0d4de5	gi|265678578|ref|NR_028883.1|	99.093	441	3	1	1	440	226	666	0.0	791	88431
5800356eb5cbea32f4d31965bc0d4de5	gi|1397641798|ref|NR_156907.1|	96.606	442	11	4	1	440	348	787	0.0	730	1912855
5800356eb5cbea32f4d31965bc0d4de5	gi|265678482|ref|NR_028785.1|	96.599	441	13	2	1	440	351	790	0.0	730	29347
5800356eb5cbea32f4d31965bc0d4de5	gi|1109168023|ref|NR_144610.1|	96.372	441	14	2	1	440	339	778	0.0	725	1796622
5800356eb5cbea32f4d31965bc0d4de5	gi|645322565|ref|NR_119285.1|	96.372	441	14	2	1	440	325	764	0.0	725	29347
5800356eb5cbea32f4d31965bc0d4de5	gi|631250892|ref|NR_112089.1|	96.380	442	12	4	1	440	336	775	0.0	725	553973
5800356eb5cbea32f4d31965bc0d4de5	gi|310974936|ref|NR_036800.1|	96.372	441	14	2	1	440	326	765	0.0	725	411470
5800356eb5cbea32f4d31965bc0d4de5	gi|645321810|ref|NR_118690.1|	96.372	441	14	2	1	440	338	777	0.0	725	411470
5800356eb5cbea32f4d31965bc0d4de5	gi|224581401|ref|NR_024719.1|	96.380	442	11	5	1	440	341	779	0.0	723	89153
5800356eb5cbea32f4d31965bc0d4de5	gi|2363082765|ref|NR_179631.1|	96.136	440	17	0	1	440	348	787	0.0	719	2014528
29c6916533f9868158aa2e5a46556ce3	gi|219846613|ref|NR_026205.1|	93.118	465	32	0	1	465	337	801	0.0	682	40841
29c6916533f9868158aa2e5a46556ce3	gi|219846519|ref|NR_026111.1|	90.323	465	45	0	1	465	339	803	2.86e-174	610	33025
29c6916533f9868158aa2e5a46556ce3	gi|645320459|ref|NR_117660.1|	87.580	467	55	3	1	465	445	910	1.37e-152	538	2378
29c6916533f9868158aa2e5a46556ce3	gi|343201731|ref|NR_042457.1|	87.607	468	53	5	1	465	259	724	1.37e-152	538	357999
29c6916533f9868158aa2e5a46556ce3	gi|645320455|ref|NR_117657.1|	87.366	467	56	3	1	465	443	908	6.37e-151	532	2378
29c6916533f9868158aa2e5a46556ce3	gi|645320454|ref|NR_117656.1|	87.366	467	56	3	1	465	437	902	6.37e-151	532	2378
29c6916533f9868158aa2e5a46556ce3	gi|645320469|ref|NR_117668.1|	87.207	469	53	7	1	465	341	806	2.96e-149	527	1337886
29c6916533f9868158aa2e5a46556ce3	gi|645320468|ref|NR_117667.1|	87.207	469	53	7	1	465	339	804	2.96e-149	527	1337886
29c6916533f9868158aa2e5a46556ce3	gi|645320466|ref|NR_117666.1|	87.179	468	55	5	1	465	342	807	2.96e-149	527	1337886
29c6916533f9868158aa2e5a46556ce3	gi|645320465|ref|NR_117665.1|	87.207	469	53	7	1	465	336	801	2.96e-149	527	1337886
8d36f67747016f670eab677698a39d0a	gi|2363080123|ref|NR_178280.1|	98.864	440	5	0	1	440	331	770	0.0	785	411483
8d36f67747016f670eab677698a39d0a	gi|3030611269|ref|NR_199945.1|	98.636	440	6	0	1	440	335	774	0.0	780	3435293
8d36f67747016f670eab677698a39d0a	gi|2363081449|ref|NR_178971.1|	99.072	431	4	0	1	431	285	715	0.0	774	1851427
8d36f67747016f670eab677698a39d0a	gi|265678656|ref|NR_028961.1|	98.182	440	8	0	1	440	327	766	0.0	769	853
8d36f67747016f670eab677698a39d0a	gi|2363081451|ref|NR_178972.1|	97.955	440	9	0	1	440	285	724	0.0	763	1851428
8d36f67747016f670eab677698a39d0a	gi|2363082282|ref|NR_179388.1|	97.279	441	10	2	1	440	335	774	0.0	747	2935520
8d36f67747016f670eab677698a39d0a	gi|2363080175|ref|NR_178311.1|	96.591	440	15	0	1	440	412	851	0.0	730	2903556
8d36f67747016f670eab677698a39d0a	gi|2363084747|ref|NR_180622.1|	93.424	441	27	2	1	440	335	774	0.0	652	2779354
8d36f67747016f670eab677698a39d0a	gi|559795255|ref|NR_104846.1|	93.182	440	30	0	1	440	288	727	0.0	647	745368
8d36f67747016f670eab677698a39d0a	gi|1277396189|ref|NR_151900.1|	92.727	440	32	0	1	440	351	790	0.0	636	1550024
9b816a12ea2c5cf31b65373a93d0fd72	gi|631251747|ref|NR_112945.1|	99.348	460	3	0	1	460	327	786	0.0	833	820
9b816a12ea2c5cf31b65373a93d0fd72	gi|343200179|ref|NR_040866.1|	99.348	460	3	0	1	460	334	793	0.0	833	820
9b816a12ea2c5cf31b65373a93d0fd72	gi|2363086550|ref|NR_181532.1|	98.913	460	5	0	1	460	322	781	0.0	822	2763025
9b816a12ea2c5cf31b65373a93d0fd72	gi|2363082773|ref|NR_179635.1|	97.174	460	13	0	1	460	338	797	0.0	778	2024197
9b816a12ea2c5cf31b65373a93d0fd72	gi|631251874|ref|NR_113072.1|	96.957	460	14	0	1	460	338	797	0.0	773	1236512
9b816a12ea2c5cf31b65373a93d0fd72	gi|631251816|ref|NR_113014.1|	96.739	460	15	0	1	460	338	797	0.0	767	1236512
9b816a12ea2c5cf31b65373a93d0fd72	gi|631251735|ref|NR_112933.1|	96.522	460	16	0	1	460	334	793	0.0	761	246787
9b816a12ea2c5cf31b65373a93d0fd72	gi|343200620|ref|NR_041307.1|	96.304	460	17	0	1	460	334	793	0.0	756	329854
9b816a12ea2c5cf31b65373a93d0fd72	gi|2363084421|ref|NR_180458.1|	96.087	460	18	0	1	460	340	799	0.0	750	2650157
9b816a12ea2c5cf31b65373a93d0fd72	gi|2363082635|ref|NR_179564.1|	96.087	460	18	0	1	460	338	797	0.0	750	1903262
6d347d5ff9616b4bebec3329078f98cc	gi|2363080123|ref|NR_178280.1|	99.091	440	4	0	1	440	331	770	0.0	791	411483
6d347d5ff9616b4bebec3329078f98cc	gi|2363081449|ref|NR_178971.1|	98.864	440	4	1	1	440	285	723	0.0	784	1851427
6d347d5ff9616b4bebec3329078f98cc	gi|265678656|ref|NR_028961.1|	98.409	440	7	0	1	440	327	766	0.0	774	853
6d347d5ff9616b4bebec3329078f98cc	gi|2363081451|ref|NR_178972.1|	98.182	440	8	0	1	440	285	724	0.0	769	1851428
6d347d5ff9616b4bebec3329078f98cc	gi|3030611269|ref|NR_199945.1|	97.955	440	9	0	1	440	335	774	0.0	763	3435293
6d347d5ff9616b4bebec3329078f98cc	gi|2363082282|ref|NR_179388.1|	97.506	441	9	2	1	440	335	774	0.0	752	2935520
6d347d5ff9616b4bebec3329078f98cc	gi|2363080175|ref|NR_178311.1|	96.818	440	14	0	1	440	412	851	0.0	736	2903556
6d347d5ff9616b4bebec3329078f98cc	gi|2363084747|ref|NR_180622.1|	92.744	441	30	2	1	440	335	774	0.0	636	2779354
6d347d5ff9616b4bebec3329078f98cc	gi|559795255|ref|NR_104846.1|	92.500	440	33	0	1	440	288	727	2.07e-180	630	745368
6d347d5ff9616b4bebec3329078f98cc	gi|1277396189|ref|NR_151900.1|	92.045	440	35	0	1	440	351	790	4.48e-177	619	1550024
fde7b0e4db8697a785240690ab8e7173	gi|2363082288|ref|NR_179391.1|	97.727	440	10	0	1	440	332	771	0.0	758	1499684
fde7b0e4db8697a785240690ab8e7173	gi|1116030238|ref|NR_144696.1|	97.727	440	10	0	1	440	333	772	0.0	758	1414720
fde7b0e4db8697a785240690ab8e7173	gi|219846899|ref|NR_026491.1|	97.727	440	10	0	1	440	319	758	0.0	758	84024
fde7b0e4db8697a785240690ab8e7173	gi|219846557|ref|NR_026149.1|	97.273	440	12	0	1	440	325	764	0.0	747	36850
fde7b0e4db8697a785240690ab8e7173	gi|219846575|ref|NR_026167.1|	96.606	442	12	2	1	440	246	686	0.0	734	36834
fde7b0e4db8697a785240690ab8e7173	gi|631252127|ref|NR_113325.1|	96.364	440	16	0	1	440	333	772	0.0	725	1559
fde7b0e4db8697a785240690ab8e7173	gi|219846898|ref|NR_026490.1|	96.364	440	16	0	1	440	320	759	0.0	725	84031
fde7b0e4db8697a785240690ab8e7173	gi|310975222|ref|NR_037086.1|	96.364	440	16	0	1	440	316	755	0.0	725	1559
fde7b0e4db8697a785240690ab8e7173	gi|636558671|ref|NR_114728.1|	96.364	440	16	0	1	440	287	726	0.0	725	1559
fde7b0e4db8697a785240690ab8e7173	gi|219846429|ref|NR_026020.1|	96.136	440	17	0	1	440	333	772	0.0	719	1504
45b86c5d9b09d5133011198d3b96a1f6	gi|444304189|ref|NR_074613.1|	99.091	440	4	0	1	440	350	789	0.0	791	515620
45b86c5d9b09d5133011198d3b96a1f6	gi|559795246|ref|NR_104836.1|	96.591	440	15	0	1	440	333	772	0.0	730	706562
45b86c5d9b09d5133011198d3b96a1f6	gi|559795169|ref|NR_104758.1|	95.909	440	18	0	1	440	345	784	0.0	713	1282887
45b86c5d9b09d5133011198d3b96a1f6	gi|645321781|ref|NR_118667.1|	94.785	441	21	2	1	440	355	794	0.0	699	28052
45b86c5d9b09d5133011198d3b96a1f6	gi|343198925|ref|NR_044049.1|	93.864	440	27	0	1	440	316	755	0.0	664	33043
45b86c5d9b09d5133011198d3b96a1f6	gi|343202586|ref|NR_042953.1|	93.651	441	26	2	1	440	308	747	0.0	658	264463
45b86c5d9b09d5133011198d3b96a1f6	gi|219846511|ref|NR_026103.1|	93.409	440	29	0	1	440	316	755	0.0	652	37658
45b86c5d9b09d5133011198d3b96a1f6	gi|1277396183|ref|NR_151894.1|	93.409	440	29	0	1	440	335	774	0.0	652	433293
45b86c5d9b09d5133011198d3b96a1f6	gi|219857405|ref|NR_024993.1|	93.424	441	27	2	1	440	349	788	0.0	652	99656
45b86c5d9b09d5133011198d3b96a1f6	gi|645321792|ref|NR_118676.1|	92.955	440	31	0	1	440	370	809	0.0	651	39497
30a6aebfa6867bbb5574aecf9548ec26	gi|559795255|ref|NR_104846.1|	96.364	440	16	0	1	440	288	727	0.0	725	745368
30a6aebfa6867bbb5574aecf9548ec26	gi|265678692|ref|NR_028997.1|	95.465	441	19	1	1	440	303	743	0.0	702	214851
30a6aebfa6867bbb5574aecf9548ec26	gi|3030611269|ref|NR_199945.1|	94.545	440	24	0	1	440	335	774	0.0	680	3435293
30a6aebfa6867bbb5574aecf9548ec26	gi|265678656|ref|NR_028961.1|	94.091	440	26	0	1	440	327	766	0.0	669	853
30a6aebfa6867bbb5574aecf9548ec26	gi|2363081451|ref|NR_178972.1|	93.864	440	27	0	1	440	285	724	0.0	664	1851428
30a6aebfa6867bbb5574aecf9548ec26	gi|2363080123|ref|NR_178280.1|	93.864	440	27	0	1	440	331	770	0.0	664	411483
30a6aebfa6867bbb5574aecf9548ec26	gi|2363081449|ref|NR_178971.1|	94.200	431	25	0	1	431	285	715	0.0	658	1851427
30a6aebfa6867bbb5574aecf9548ec26	gi|2363082356|ref|NR_179425.1|	93.409	440	29	0	1	440	351	790	0.0	652	1689304
30a6aebfa6867bbb5574aecf9548ec26	gi|1397641802|ref|NR_156911.1|	93.182	440	30	0	1	440	351	790	0.0	647	1650663
30a6aebfa6867bbb5574aecf9548ec26	gi|2363082282|ref|NR_179388.1|	93.197	441	28	2	1	440	335	774	0.0	647	2935520
6f6b0e4360aa298e5a52c5b0802f4928	gi|1116030282|ref|NR_144740.1|	99.772	439	1	0	1	439	321	759	0.0	806	1776391
6f6b0e4360aa298e5a52c5b0802f4928	gi|974142280|ref|NR_134800.1|	99.089	439	4	0	1	439	255	693	0.0	789	1368474
6f6b0e4360aa298e5a52c5b0802f4928	gi|672239008|ref|NR_125597.1|	98.413	441	5	2	1	439	318	758	0.0	774	1115758
6f6b0e4360aa298e5a52c5b0802f4928	gi|2363083072|ref|NR_179784.1|	98.405	439	7	0	1	439	301	739	0.0	773	2020948
6f6b0e4360aa298e5a52c5b0802f4928	gi|2363082877|ref|NR_179687.1|	97.722	439	10	0	1	439	273	711	0.0	756	2662455
6f6b0e4360aa298e5a52c5b0802f4928	gi|1230874654|ref|NR_148815.1|	97.722	439	10	0	1	439	319	757	0.0	756	1629550
6f6b0e4360aa298e5a52c5b0802f4928	gi|631252125|ref|NR_113323.1|	97.722	439	10	0	1	439	319	757	0.0	756	1490
6f6b0e4360aa298e5a52c5b0802f4928	gi|1269785414|ref|NR_118728.2|	97.494	439	11	0	1	439	330	768	0.0	754	1121325
6f6b0e4360aa298e5a52c5b0802f4928	gi|631250974|ref|NR_112171.1|	97.494	439	11	0	1	439	309	747	0.0	750	1490
6f6b0e4360aa298e5a52c5b0802f4928	gi|1040567059|ref|NR_137408.1|	97.267	439	12	0	1	439	290	728	0.0	745	1460447
6e6eb2182f820c0a0b7c78cdcbfdd019	gi|1491509587|ref|NR_159118.1|	99.130	460	4	0	1	460	310	769	0.0	828	28116
6e6eb2182f820c0a0b7c78cdcbfdd019	gi|1491509586|ref|NR_159117.1|	99.130	460	4	0	1	460	301	760	0.0	828	28116
6e6eb2182f820c0a0b7c78cdcbfdd019	gi|631251742|ref|NR_112940.1|	98.913	460	5	0	1	460	327	786	0.0	822	28116
6e6eb2182f820c0a0b7c78cdcbfdd019	gi|636559244|ref|NR_115301.1|	98.913	460	5	0	1	460	320	779	0.0	822	28116
6e6eb2182f820c0a0b7c78cdcbfdd019	gi|636560121|ref|NR_116181.1|	98.913	460	4	1	1	460	333	791	0.0	821	28116
6e6eb2182f820c0a0b7c78cdcbfdd019	gi|645322410|ref|NR_119165.1|	98.261	460	8	0	1	460	319	778	0.0	813	28116
6e6eb2182f820c0a0b7c78cdcbfdd019	gi|343200178|ref|NR_040865.1|	98.482	461	5	2	1	460	333	792	0.0	811	28116
6e6eb2182f820c0a0b7c78cdcbfdd019	gi|631251749|ref|NR_112947.1|	97.391	460	12	0	1	460	326	785	0.0	785	657309
6e6eb2182f820c0a0b7c78cdcbfdd019	gi|2363084431|ref|NR_180463.1|	97.391	460	12	0	1	460	340	799	0.0	784	2650158
6e6eb2182f820c0a0b7c78cdcbfdd019	gi|343201773|ref|NR_042499.1|	97.391	460	12	0	1	460	294	753	0.0	784	657309
8811f98d3dc3b8ff5cbe474d71ef60b9	gi|1193829161|ref|NR_147404.1|	98.915	461	5	0	1	461	340	800	0.0	824	1816687
8811f98d3dc3b8ff5cbe474d71ef60b9	gi|2363085161|ref|NR_180829.1|	91.558	462	36	3	1	461	341	800	0.0	634	2606637
8811f98d3dc3b8ff5cbe474d71ef60b9	gi|1277396175|ref|NR_151886.1|	90.456	461	43	1	1	461	341	800	3.67e-173	606	1703337
8811f98d3dc3b8ff5cbe474d71ef60b9	gi|485099085|ref|NR_102481.1|	90.043	462	43	3	1	461	337	796	7.94e-170	595	908937
8811f98d3dc3b8ff5cbe474d71ef60b9	gi|631251902|ref|NR_113100.1|	90.043	462	43	3	1	461	328	787	7.94e-170	595	908937
8811f98d3dc3b8ff5cbe474d71ef60b9	gi|631251897|ref|NR_113095.1|	90.043	462	43	3	1	461	341	800	7.94e-170	595	242750
8811f98d3dc3b8ff5cbe474d71ef60b9	gi|265678976|ref|NR_029284.1|	90.043	462	43	3	1	461	308	767	7.94e-170	595	52227
8811f98d3dc3b8ff5cbe474d71ef60b9	gi|343198557|ref|NR_042857.1|	90.043	462	43	3	1	461	321	780	7.94e-170	595	242750
8811f98d3dc3b8ff5cbe474d71ef60b9	gi|343206272|ref|NR_044864.1|	90.043	462	43	3	1	461	318	777	7.94e-170	595	1336250
8811f98d3dc3b8ff5cbe474d71ef60b9	gi|343200677|ref|NR_041364.1|	89.849	463	42	5	1	461	337	796	3.69e-168	590	1002367
dc3d6e5906739bbb939b64408b8fa9b2	gi|1193829161|ref|NR_147404.1|	98.915	461	5	0	1	461	340	800	0.0	824	1816687
dc3d6e5906739bbb939b64408b8fa9b2	gi|2363085161|ref|NR_180829.1|	91.558	462	36	3	1	461	341	800	0.0	634	2606637
dc3d6e5906739bbb939b64408b8fa9b2	gi|1277396175|ref|NR_151886.1|	90.889	461	41	1	1	461	341	800	1.69e-176	617	1703337
dc3d6e5906739bbb939b64408b8fa9b2	gi|485099085|ref|NR_102481.1|	90.476	462	41	3	1	461	337	796	3.67e-173	606	908937
dc3d6e5906739bbb939b64408b8fa9b2	gi|631251902|ref|NR_113100.1|	90.476	462	41	3	1	461	328	787	3.67e-173	606	908937
dc3d6e5906739bbb939b64408b8fa9b2	gi|631251897|ref|NR_113095.1|	90.476	462	41	3	1	461	341	800	3.67e-173	606	242750
dc3d6e5906739bbb939b64408b8fa9b2	gi|265678976|ref|NR_029284.1|	90.476	462	41	3	1	461	308	767	3.67e-173	606	52227
dc3d6e5906739bbb939b64408b8fa9b2	gi|343198557|ref|NR_042857.1|	90.476	462	41	3	1	461	321	780	3.67e-173	606	242750
dc3d6e5906739bbb939b64408b8fa9b2	gi|343206272|ref|NR_044864.1|	90.476	462	41	3	1	461	318	777	3.67e-173	606	1336250
dc3d6e5906739bbb939b64408b8fa9b2	gi|343200677|ref|NR_041364.1|	90.281	463	40	5	1	461	337	796	1.71e-171	601	1002367
d11f84c107d90d157eb40e4322950e6b	gi|343198925|ref|NR_044049.1|	99.091	440	4	0	1	440	316	755	0.0	791	33043
d11f84c107d90d157eb40e4322950e6b	gi|2363086278|ref|NR_181391.1|	95.227	440	21	0	1	440	249	688	0.0	697	2763670
d11f84c107d90d157eb40e4322950e6b	gi|219856842|ref|NR_024661.1|	95.227	440	21	0	1	440	361	800	0.0	697	42322
d11f84c107d90d157eb40e4322950e6b	gi|559795169|ref|NR_104758.1|	95.000	440	22	0	1	440	345	784	0.0	691	1282887
d11f84c107d90d157eb40e4322950e6b	gi|631252121|ref|NR_113319.1|	94.773	440	23	0	1	440	350	789	0.0	686	645466
d11f84c107d90d157eb40e4322950e6b	gi|1384992332|ref|NR_156081.1|	94.545	440	24	0	1	440	336	775	0.0	680	1469948
d11f84c107d90d157eb40e4322950e6b	gi|1384992329|ref|NR_156078.1|	94.545	440	24	0	1	440	336	775	0.0	680	1469948
d11f84c107d90d157eb40e4322950e6b	gi|636560803|ref|NR_116863.1|	94.558	441	23	1	1	440	337	777	0.0	680	645466
d11f84c107d90d157eb40e4322950e6b	gi|3030611230|ref|NR_199906.1|	94.318	440	25	0	1	440	354	793	0.0	675	3123317
d11f84c107d90d157eb40e4322950e6b	gi|3030611314|ref|NR_199990.1|	94.318	440	25	0	1	440	350	789	0.0	675	3123317
44e45de929a8f0109630c23e481bf8d6	gi|219846613|ref|NR_026205.1|	93.118	465	32	0	1	465	337	801	0.0	682	40841
44e45de929a8f0109630c23e481bf8d6	gi|219846519|ref|NR_026111.1|	90.323	465	45	0	1	465	339	803	2.86e-174	610	33025
44e45de929a8f0109630c23e481bf8d6	gi|645320459|ref|NR_117660.1|	87.580	467	55	3	1	465	445	910	1.37e-152	538	2378
44e45de929a8f0109630c23e481bf8d6	gi|343201731|ref|NR_042457.1|	87.607	468	53	5	1	465	259	724	1.37e-152	538	357999
44e45de929a8f0109630c23e481bf8d6	gi|645320455|ref|NR_117657.1|	87.366	467	56	3	1	465	443	908	6.37e-151	532	2378
44e45de929a8f0109630c23e481bf8d6	gi|645320454|ref|NR_117656.1|	87.366	467	56	3	1	465	437	902	6.37e-151	532	2378
44e45de929a8f0109630c23e481bf8d6	gi|645320469|ref|NR_117668.1|	87.207	469	53	7	1	465	341	806	2.96e-149	527	1337886
44e45de929a8f0109630c23e481bf8d6	gi|645320468|ref|NR_117667.1|	87.207	469	53	7	1	465	339	804	2.96e-149	527	1337886
44e45de929a8f0109630c23e481bf8d6	gi|645320466|ref|NR_117666.1|	87.179	468	55	5	1	465	342	807	2.96e-149	527	1337886
44e45de929a8f0109630c23e481bf8d6	gi|645320465|ref|NR_117665.1|	87.207	469	53	7	1	465	336	801	2.96e-149	527	1337886
c55dc26124bd3d4c33cd323ad815bd76	gi|444304209|ref|NR_074634.1|	99.318	440	3	0	1	440	350	789	0.0	797	515619
c55dc26124bd3d4c33cd323ad815bd76	gi|343198540|ref|NR_042832.1|	98.186	441	7	1	1	440	330	770	0.0	769	301302
c55dc26124bd3d4c33cd323ad815bd76	gi|1227086116|ref|NR_148619.1|	97.738	442	8	2	1	440	301	742	0.0	760	1712665
c55dc26124bd3d4c33cd323ad815bd76	gi|645320588|ref|NR_117758.1|	97.285	442	10	1	1	440	322	763	0.0	749	166486
c55dc26124bd3d4c33cd323ad815bd76	gi|228716944|ref|NR_027557.1|	97.285	442	10	1	1	440	343	784	0.0	749	536231
c55dc26124bd3d4c33cd323ad815bd76	gi|444439494|ref|NR_074809.1|	97.279	441	11	1	1	440	350	790	0.0	747	585394
c55dc26124bd3d4c33cd323ad815bd76	gi|343201282|ref|NR_042008.1|	97.052	441	11	2	1	440	341	780	0.0	741	585394
c55dc26124bd3d4c33cd323ad815bd76	gi|2363085153|ref|NR_180825.1|	96.825	441	13	1	1	440	347	787	0.0	736	2605790
c55dc26124bd3d4c33cd323ad815bd76	gi|219846723|ref|NR_026315.1|	96.818	440	14	0	1	440	317	756	0.0	736	46206
c55dc26124bd3d4c33cd323ad815bd76	gi|2363086282|ref|NR_181393.1|	96.591	440	15	0	1	440	290	729	0.0	730	2763664
f61e7f53dab91016059e4bc7328da924	gi|2363082157|ref|NR_179325.1|	99.140	465	4	0	1	465	300	764	0.0	837	2682456
f61e7f53dab91016059e4bc7328da924	gi|343201163|ref|NR_041879.1|	99.140	465	4	0	1	465	283	747	0.0	837	39778
f61e7f53dab91016059e4bc7328da924	gi|636559298|ref|NR_115355.1|	99.140	465	4	0	1	465	326	790	0.0	837	39778
f61e7f53dab91016059e4bc7328da924	gi|645322415|ref|NR_119169.1|	98.925	465	5	0	1	465	331	795	0.0	833	39778
f61e7f53dab91016059e4bc7328da924	gi|631252372|ref|NR_113570.1|	98.495	465	7	0	1	465	333	797	0.0	821	1110546
f61e7f53dab91016059e4bc7328da924	gi|444439665|ref|NR_074980.1|	98.280	465	8	0	1	465	353	817	0.0	815	479436
f61e7f53dab91016059e4bc7328da924	gi|631251833|ref|NR_113031.1|	98.280	465	8	0	1	465	353	817	0.0	815	29466
f61e7f53dab91016059e4bc7328da924	gi|645322414|ref|NR_119168.1|	98.280	465	8	0	1	465	331	795	0.0	815	479436
f61e7f53dab91016059e4bc7328da924	gi|1679775917|ref|NR_163639.1|	98.283	466	4	4	1	465	345	807	0.0	813	1911679
f61e7f53dab91016059e4bc7328da924	gi|645320589|ref|NR_117759.1|	98.065	465	9	0	1	465	329	793	0.0	811	479436
9b3067a3c815ad394c86b860c0357881	gi|636560108|ref|NR_116168.1|	99.570	465	2	0	1	465	335	799	0.0	848	888828
9b3067a3c815ad394c86b860c0357881	gi|343202529|ref|NR_042878.1|	99.570	465	2	0	1	465	314	778	0.0	848	888828
9b3067a3c815ad394c86b860c0357881	gi|645321895|ref|NR_118762.1|	98.272	463	8	0	3	465	340	802	0.0	822	888828
9b3067a3c815ad394c86b860c0357881	gi|645321093|ref|NR_118143.1|	98.280	465	8	0	1	465	316	780	0.0	817	1035839
9b3067a3c815ad394c86b860c0357881	gi|219878284|ref|NR_025423.1|	97.634	465	11	0	1	465	319	783	0.0	798	249188
9b3067a3c815ad394c86b860c0357881	gi|3248465850|ref|NR_201865.1|	96.360	467	13	4	1	465	261	725	0.0	765	3414265
9b3067a3c815ad394c86b860c0357881	gi|343202522|ref|NR_042871.1|	96.129	465	18	0	1	465	316	780	0.0	763	123820
9b3067a3c815ad394c86b860c0357881	gi|1491522540|ref|NR_159347.1|	96.129	465	18	0	1	465	340	804	0.0	763	28161
9b3067a3c815ad394c86b860c0357881	gi|694281134|ref|NR_115546.2|	96.146	467	14	4	1	465	344	808	0.0	760	715
9b3067a3c815ad394c86b860c0357881	gi|636559161|ref|NR_115218.1|	96.146	467	14	4	1	465	314	778	0.0	760	157339
18057e4c158b79f6cecd3e2576fd95c6	gi|1116030282|ref|NR_144740.1|	99.317	439	3	0	1	439	321	759	0.0	795	1776391
18057e4c158b79f6cecd3e2576fd95c6	gi|974142280|ref|NR_134800.1|	98.633	439	6	0	1	439	255	693	0.0	778	1368474
18057e4c158b79f6cecd3e2576fd95c6	gi|672239008|ref|NR_125597.1|	97.959	441	7	2	1	439	318	758	0.0	763	1115758
18057e4c158b79f6cecd3e2576fd95c6	gi|2363083072|ref|NR_179784.1|	97.950	439	9	0	1	439	301	739	0.0	761	2020948
18057e4c158b79f6cecd3e2576fd95c6	gi|2363082877|ref|NR_179687.1|	97.267	439	12	0	1	439	273	711	0.0	745	2662455
18057e4c158b79f6cecd3e2576fd95c6	gi|1230874654|ref|NR_148815.1|	97.267	439	12	0	1	439	319	757	0.0	745	1629550
18057e4c158b79f6cecd3e2576fd95c6	gi|631252125|ref|NR_113323.1|	97.267	439	12	0	1	439	319	757	0.0	745	1490
18057e4c158b79f6cecd3e2576fd95c6	gi|1269785414|ref|NR_118728.2|	97.039	439	13	0	1	439	330	768	0.0	743	1121325
18057e4c158b79f6cecd3e2576fd95c6	gi|631250974|ref|NR_112171.1|	97.039	439	13	0	1	439	309	747	0.0	739	1490
18057e4c158b79f6cecd3e2576fd95c6	gi|1040567059|ref|NR_137408.1|	96.811	439	14	0	1	439	290	728	0.0	734	1460447
7fb48182e7fddde60f49b6250116fcc5	gi|2363081451|ref|NR_178972.1|	99.545	440	2	0	1	440	285	724	0.0	802	1851428
7fb48182e7fddde60f49b6250116fcc5	gi|265678656|ref|NR_028961.1|	98.864	440	5	0	1	440	327	766	0.0	785	853
7fb48182e7fddde60f49b6250116fcc5	gi|2363082282|ref|NR_179388.1|	98.636	440	6	0	1	440	335	774	0.0	780	2935520
7fb48182e7fddde60f49b6250116fcc5	gi|2363080123|ref|NR_178280.1|	98.636	440	6	0	1	440	331	770	0.0	780	411483
7fb48182e7fddde60f49b6250116fcc5	gi|3030611269|ref|NR_199945.1|	98.409	440	7	0	1	440	335	774	0.0	774	3435293
7fb48182e7fddde60f49b6250116fcc5	gi|2363081449|ref|NR_178971.1|	98.182	440	7	1	1	440	285	723	0.0	767	1851427
7fb48182e7fddde60f49b6250116fcc5	gi|2363080175|ref|NR_178311.1|	96.591	440	15	0	1	440	412	851	0.0	730	2903556
7fb48182e7fddde60f49b6250116fcc5	gi|1397641802|ref|NR_156911.1|	92.727	440	32	0	1	440	351	790	0.0	636	1650663
7fb48182e7fddde60f49b6250116fcc5	gi|2363084747|ref|NR_180622.1|	92.727	440	32	0	1	440	335	774	0.0	636	2779354
7fb48182e7fddde60f49b6250116fcc5	gi|2363082356|ref|NR_179425.1|	92.517	441	31	2	1	440	351	790	2.07e-180	630	1689304
581eaab8dbb8c14b6970538278a68d91	gi|631251734|ref|NR_112932.1|	98.913	460	5	0	1	460	328	787	0.0	822	47678
581eaab8dbb8c14b6970538278a68d91	gi|219846650|ref|NR_026242.1|	98.913	460	5	0	1	460	318	777	0.0	822	47678
581eaab8dbb8c14b6970538278a68d91	gi|631251869|ref|NR_113067.1|	97.174	460	13	0	1	460	325	784	0.0	778	1077285
581eaab8dbb8c14b6970538278a68d91	gi|343200626|ref|NR_041313.1|	97.174	460	13	0	1	460	340	799	0.0	778	338188
581eaab8dbb8c14b6970538278a68d91	gi|645320100|ref|NR_117387.1|	96.957	460	14	0	1	460	320	779	0.0	773	1077285
581eaab8dbb8c14b6970538278a68d91	gi|631251749|ref|NR_112947.1|	96.739	460	15	0	1	460	326	785	0.0	769	657309
581eaab8dbb8c14b6970538278a68d91	gi|2363084431|ref|NR_180463.1|	96.739	460	15	0	1	460	340	799	0.0	767	2650158
581eaab8dbb8c14b6970538278a68d91	gi|2363084421|ref|NR_180458.1|	96.739	460	15	0	1	460	340	799	0.0	767	2650157
581eaab8dbb8c14b6970538278a68d91	gi|343201773|ref|NR_042499.1|	96.739	460	15	0	1	460	294	753	0.0	767	657309
581eaab8dbb8c14b6970538278a68d91	gi|343200620|ref|NR_041307.1|	96.739	460	15	0	1	460	334	793	0.0	767	329854
d1792ca96c3188f7d6a1ded922481b4c	gi|343198540|ref|NR_042832.1|	99.320	441	3	0	1	441	330	770	0.0	798	301302
d1792ca96c3188f7d6a1ded922481b4c	gi|444439494|ref|NR_074809.1|	98.413	441	7	0	1	441	350	790	0.0	776	585394
d1792ca96c3188f7d6a1ded922481b4c	gi|645320588|ref|NR_117758.1|	98.416	442	6	1	1	441	322	763	0.0	776	166486
d1792ca96c3188f7d6a1ded922481b4c	gi|228716944|ref|NR_027557.1|	98.416	442	6	1	1	441	343	784	0.0	776	536231
d1792ca96c3188f7d6a1ded922481b4c	gi|444304209|ref|NR_074634.1|	98.186	441	7	1	1	441	350	789	0.0	769	515619
d1792ca96c3188f7d6a1ded922481b4c	gi|343201282|ref|NR_042008.1|	98.186	441	7	1	1	441	341	780	0.0	769	585394
d1792ca96c3188f7d6a1ded922481b4c	gi|1227086116|ref|NR_148619.1|	97.738	442	9	1	1	441	301	742	0.0	760	1712665
d1792ca96c3188f7d6a1ded922481b4c	gi|343201281|ref|NR_042007.1|	97.523	444	6	5	1	441	343	784	0.0	754	622312
d1792ca96c3188f7d6a1ded922481b4c	gi|2363086282|ref|NR_181393.1|	97.279	441	11	1	1	441	290	729	0.0	747	2763664
d1792ca96c3188f7d6a1ded922481b4c	gi|2363085153|ref|NR_180825.1|	97.052	441	13	0	1	441	347	787	0.0	743	2605790
72983ad06b55b0674c425b41bddd2770	gi|2363085163|ref|NR_180830.1|	83.547	468	61	13	1	461	336	794	3.96e-118	424	2606626
72983ad06b55b0674c425b41bddd2770	gi|1491509600|ref|NR_159131.1|	83.333	468	63	13	1	461	331	790	1.84e-116	418	2045106
72983ad06b55b0674c425b41bddd2770	gi|1909404454|ref|NR_170509.1|	82.937	463	73	6	1	461	347	805	8.58e-115	412	2530391
72983ad06b55b0674c425b41bddd2770	gi|2363087247|ref|NR_181879.1|	82.869	467	66	13	1	461	285	743	3.99e-113	407	2880704
72983ad06b55b0674c425b41bddd2770	gi|959494898|ref|NR_133765.1|	82.684	462	77	3	1	461	225	684	3.99e-113	407	1348471
72983ad06b55b0674c425b41bddd2770	gi|1018196564|ref|NR_136443.1|	82.227	467	71	11	1	461	300	760	1.12e-108	392	867595
72983ad06b55b0674c425b41bddd2770	gi|2363086136|ref|NR_181320.1|	81.996	461	82	1	1	461	310	769	4.02e-108	390	2771358
72983ad06b55b0674c425b41bddd2770	gi|1953646721|ref|NR_171516.1|	81.857	463	78	5	1	461	321	779	1.87e-106	385	2493666
72983ad06b55b0674c425b41bddd2770	gi|1397641864|ref|NR_156974.1|	81.857	463	79	5	1	461	323	782	1.87e-106	385	1908237
72983ad06b55b0674c425b41bddd2770	gi|1441204207|ref|NR_157622.1|	81.779	461	82	2	1	461	306	764	1.87e-106	385	2232097
03dd74ff52dab205f61c9e1070434f4e	gi|636560687|ref|NR_116747.1|	99.545	440	2	0	1	440	301	740	0.0	802	1298596
03dd74ff52dab205f61c9e1070434f4e	gi|2363085133|ref|NR_180815.1|	97.273	440	12	0	1	440	350	789	0.0	747	2606633
03dd74ff52dab205f61c9e1070434f4e	gi|2363083556|ref|NR_180026.1|	97.273	440	12	0	1	440	348	787	0.0	747	2696678
03dd74ff52dab205f61c9e1070434f4e	gi|1909404440|ref|NR_170495.1|	97.045	440	13	0	1	440	355	794	0.0	741	2509240
03dd74ff52dab205f61c9e1070434f4e	gi|2363082374|ref|NR_179434.1|	97.045	440	13	0	1	440	349	788	0.0	741	1720300
03dd74ff52dab205f61c9e1070434f4e	gi|310974914|ref|NR_036777.1|	97.032	438	13	0	1	438	333	770	0.0	739	33039
03dd74ff52dab205f61c9e1070434f4e	gi|631251356|ref|NR_112553.1|	96.825	441	13	1	1	440	348	788	0.0	736	342942
03dd74ff52dab205f61c9e1070434f4e	gi|228719063|ref|NR_027579.1|	96.364	440	16	0	1	440	316	755	0.0	730	471875
03dd74ff52dab205f61c9e1070434f4e	gi|2363084846|ref|NR_180671.1|	96.364	440	16	0	1	440	63	502	0.0	725	2594882
03dd74ff52dab205f61c9e1070434f4e	gi|2962412221|ref|NR_199415.1|	96.364	440	16	0	1	440	338	777	0.0	725	3136600
3664225e84bc419c0a627c00dfbc2346	gi|2363086284|ref|NR_181394.1|	97.500	440	11	0	1	440	306	745	0.0	752	2763668
3664225e84bc419c0a627c00dfbc2346	gi|2136551633|ref|NR_173637.1|	97.045	440	13	0	1	440	294	733	0.0	741	2755051
3664225e84bc419c0a627c00dfbc2346	gi|1277396183|ref|NR_151894.1|	97.045	440	13	0	1	440	335	774	0.0	741	433293
3664225e84bc419c0a627c00dfbc2346	gi|2363085149|ref|NR_180823.1|	96.591	440	15	0	1	440	357	796	0.0	730	2606634
3664225e84bc419c0a627c00dfbc2346	gi|2363086282|ref|NR_181393.1|	96.591	440	15	0	1	440	290	729	0.0	730	2763664
3664225e84bc419c0a627c00dfbc2346	gi|559795194|ref|NR_104783.1|	96.591	440	15	0	1	440	353	792	0.0	730	290052
3664225e84bc419c0a627c00dfbc2346	gi|2363085153|ref|NR_180825.1|	96.372	441	15	1	1	440	347	787	0.0	725	2605790
3664225e84bc419c0a627c00dfbc2346	gi|219846511|ref|NR_026103.1|	96.136	440	17	0	1	440	316	755	0.0	719	37658
3664225e84bc419c0a627c00dfbc2346	gi|1277396184|ref|NR_151895.1|	96.136	440	17	0	1	440	336	775	0.0	719	433286
3664225e84bc419c0a627c00dfbc2346	gi|2363082059|ref|NR_179276.1|	95.909	440	18	0	1	440	334	773	0.0	713	2316025
c44579d84305ce5b1e1e4438b912bd4c	gi|631252118|ref|NR_113316.1|	99.320	441	3	0	1	441	327	767	0.0	798	74426
c44579d84305ce5b1e1e4438b912bd4c	gi|265678302|ref|NR_028604.1|	98.413	441	6	1	1	441	327	766	0.0	774	74426
c44579d84305ce5b1e1e4438b912bd4c	gi|1193829136|ref|NR_147379.1|	96.606	442	12	3	1	441	328	767	0.0	730	1907654
c44579d84305ce5b1e1e4438b912bd4c	gi|1193829156|ref|NR_147399.1|	95.692	441	18	1	1	441	328	767	0.0	708	1871016
c44579d84305ce5b1e1e4438b912bd4c	gi|1109167962|ref|NR_144579.1|	95.238	441	20	1	1	441	322	761	0.0	697	1232426
c44579d84305ce5b1e1e4438b912bd4c	gi|2363082368|ref|NR_179431.1|	95.011	441	21	1	1	441	328	767	0.0	691	1720204
c44579d84305ce5b1e1e4438b912bd4c	gi|631251967|ref|NR_113165.1|	95.011	441	21	1	1	441	328	767	0.0	691	147207
c44579d84305ce5b1e1e4438b912bd4c	gi|631251966|ref|NR_113164.1|	95.011	441	21	1	1	441	328	767	0.0	691	147206
c44579d84305ce5b1e1e4438b912bd4c	gi|2363084792|ref|NR_180644.1|	94.785	441	22	1	1	441	249	688	0.0	688	2603815
c44579d84305ce5b1e1e4438b912bd4c	gi|2363082703|ref|NR_179599.1|	94.570	442	21	3	1	441	308	747	0.0	680	1937461
b5b55e8990e71ef2a101c13297a67045	gi|343198540|ref|NR_042832.1|	99.546	441	2	0	1	441	330	770	0.0	804	301302
b5b55e8990e71ef2a101c13297a67045	gi|444439494|ref|NR_074809.1|	98.639	441	6	0	1	441	350	790	0.0	782	585394
b5b55e8990e71ef2a101c13297a67045	gi|645320588|ref|NR_117758.1|	98.643	442	5	1	1	441	322	763	0.0	782	166486
b5b55e8990e71ef2a101c13297a67045	gi|228716944|ref|NR_027557.1|	98.643	442	5	1	1	441	343	784	0.0	782	536231
b5b55e8990e71ef2a101c13297a67045	gi|444304209|ref|NR_074634.1|	98.413	441	6	1	1	441	350	789	0.0	774	515619
b5b55e8990e71ef2a101c13297a67045	gi|343201282|ref|NR_042008.1|	98.413	441	6	1	1	441	341	780	0.0	774	585394
b5b55e8990e71ef2a101c13297a67045	gi|1227086116|ref|NR_148619.1|	97.964	442	8	1	1	441	301	742	0.0	765	1712665
b5b55e8990e71ef2a101c13297a67045	gi|343201281|ref|NR_042007.1|	97.748	444	5	5	1	441	343	784	0.0	760	622312
b5b55e8990e71ef2a101c13297a67045	gi|2363086282|ref|NR_181393.1|	97.506	441	10	1	1	441	290	729	0.0	752	2763664
b5b55e8990e71ef2a101c13297a67045	gi|2363085153|ref|NR_180825.1|	97.279	441	12	0	1	441	347	787	0.0	749	2605790
5d2962d0e3a1a4e14583b1fba44f8b18	gi|444304189|ref|NR_074613.1|	98.636	440	6	0	1	440	350	789	0.0	780	515620
5d2962d0e3a1a4e14583b1fba44f8b18	gi|559795246|ref|NR_104836.1|	96.136	440	17	0	1	440	333	772	0.0	719	706562
5d2962d0e3a1a4e14583b1fba44f8b18	gi|559795169|ref|NR_104758.1|	95.682	440	19	0	1	440	345	784	0.0	708	1282887
5d2962d0e3a1a4e14583b1fba44f8b18	gi|645321781|ref|NR_118667.1|	94.785	441	21	2	1	440	355	794	0.0	699	28052
5d2962d0e3a1a4e14583b1fba44f8b18	gi|343198925|ref|NR_044049.1|	93.636	440	28	0	1	440	316	755	0.0	658	33043
5d2962d0e3a1a4e14583b1fba44f8b18	gi|343202586|ref|NR_042953.1|	93.424	441	27	2	1	440	308	747	0.0	652	264463
5d2962d0e3a1a4e14583b1fba44f8b18	gi|219857405|ref|NR_024993.1|	93.439	442	25	4	1	440	349	788	0.0	652	99656
5d2962d0e3a1a4e14583b1fba44f8b18	gi|219846511|ref|NR_026103.1|	93.182	440	30	0	1	440	316	755	0.0	647	37658
5d2962d0e3a1a4e14583b1fba44f8b18	gi|1277396183|ref|NR_151894.1|	93.182	440	30	0	1	440	335	774	0.0	647	433293
5d2962d0e3a1a4e14583b1fba44f8b18	gi|645321792|ref|NR_118676.1|	92.727	440	32	0	1	440	370	809	0.0	645	39497
21a8281fbc387ab893a362be2abc674a	gi|1116030238|ref|NR_144696.1|	99.545	440	2	0	1	440	333	772	0.0	802	1414720
21a8281fbc387ab893a362be2abc674a	gi|219846899|ref|NR_026491.1|	99.545	440	2	0	1	440	319	758	0.0	802	84024
21a8281fbc387ab893a362be2abc674a	gi|219846557|ref|NR_026149.1|	98.636	440	6	0	1	440	325	764	0.0	780	36850
21a8281fbc387ab893a362be2abc674a	gi|219846575|ref|NR_026167.1|	98.416	442	4	2	1	440	246	686	0.0	778	36834
21a8281fbc387ab893a362be2abc674a	gi|219846422|ref|NR_026013.1|	97.955	440	9	0	1	440	333	772	0.0	763	46867
21a8281fbc387ab893a362be2abc674a	gi|2363082288|ref|NR_179391.1|	97.727	440	10	0	1	440	332	771	0.0	758	1499684
21a8281fbc387ab893a362be2abc674a	gi|631252127|ref|NR_113325.1|	97.727	440	10	0	1	440	333	772	0.0	758	1559
21a8281fbc387ab893a362be2abc674a	gi|219846898|ref|NR_026490.1|	97.727	440	10	0	1	440	320	759	0.0	758	84031
21a8281fbc387ab893a362be2abc674a	gi|310975222|ref|NR_037086.1|	97.727	440	10	0	1	440	316	755	0.0	758	1559
21a8281fbc387ab893a362be2abc674a	gi|636558671|ref|NR_114728.1|	97.727	440	10	0	1	440	287	726	0.0	758	1559
d753f46f20bfdd93cdbca438f01a07bd	gi|219846340|ref|NR_025930.1|	98.869	442	4	1	1	441	296	737	0.0	787	40518
d753f46f20bfdd93cdbca438f01a07bd	gi|2136551638|ref|NR_173642.1|	97.743	443	8	2	1	441	349	791	0.0	761	2678306
d753f46f20bfdd93cdbca438f01a07bd	gi|2363084544|ref|NR_180520.1|	95.692	441	17	2	1	441	356	794	0.0	708	2564099
d753f46f20bfdd93cdbca438f01a07bd	gi|2363082825|ref|NR_179661.1|	92.777	443	30	2	1	441	342	784	0.0	640	2086583
d753f46f20bfdd93cdbca438f01a07bd	gi|636558732|ref|NR_114789.1|	91.383	441	37	1	1	441	347	786	4.53e-172	603	1535
d753f46f20bfdd93cdbca438f01a07bd	gi|2136551663|ref|NR_173668.1|	91.176	442	36	3	1	441	294	733	2.11e-170	597	2766537
d753f46f20bfdd93cdbca438f01a07bd	gi|3248465687|ref|NR_201701.1|	90.971	443	38	2	1	441	330	772	7.58e-170	595	3435187
d753f46f20bfdd93cdbca438f01a07bd	gi|3248465688|ref|NR_201702.1|	90.971	443	38	2	1	441	328	770	7.58e-170	595	3435000
d753f46f20bfdd93cdbca438f01a07bd	gi|2180566484|ref|NR_174324.1|	90.930	441	39	1	1	441	346	785	9.80e-169	592	2576756
d753f46f20bfdd93cdbca438f01a07bd	gi|3248465658|ref|NR_201672.1|	90.315	444	39	4	1	441	296	738	7.63e-165	579	3381350
c8be169269bc2f3ab3e4b65878bd4d7f	gi|2363082569|ref|NR_179531.1|	94.595	444	20	4	1	442	347	788	0.0	684	1852369
c8be169269bc2f3ab3e4b65878bd4d7f	gi|2363082168|ref|NR_179330.1|	94.344	442	25	0	1	442	327	768	0.0	678	2714355
c8be169269bc2f3ab3e4b65878bd4d7f	gi|2363082165|ref|NR_179329.1|	94.118	442	26	0	1	442	327	768	0.0	673	2714353
c8be169269bc2f3ab3e4b65878bd4d7f	gi|2363082342|ref|NR_179418.1|	93.679	443	27	1	1	442	348	790	0.0	662	1673721
c8be169269bc2f3ab3e4b65878bd4d7f	gi|645321110|ref|NR_118156.1|	92.360	445	28	5	1	442	304	745	7.49e-180	628	1007096
c8be169269bc2f3ab3e4b65878bd4d7f	gi|1269801610|ref|NR_074793.2|	92.099	443	33	2	1	442	355	796	3.48e-178	623	351091
c8be169269bc2f3ab3e4b65878bd4d7f	gi|343200653|ref|NR_041340.1|	92.099	443	33	2	1	442	328	769	3.48e-178	623	351091
c8be169269bc2f3ab3e4b65878bd4d7f	gi|2260349448|ref|NR_176530.1|	91.685	445	31	5	1	442	358	799	7.54e-175	612	2093857
c8be169269bc2f3ab3e4b65878bd4d7f	gi|2363084741|ref|NR_180619.1|	91.648	443	36	1	1	442	347	789	7.54e-175	612	2779352
c8be169269bc2f3ab3e4b65878bd4d7f	gi|2363082559|ref|NR_179526.1|	91.685	445	31	5	1	442	349	790	7.54e-175	612	1841866
50faf384d7145cc392fade7791d50db7	gi|1277396271|ref|NR_151982.1|	99.097	443	4	0	1	443	248	690	0.0	797	1628085
50faf384d7145cc392fade7791d50db7	gi|1277396349|ref|NR_152060.1|	98.871	443	5	0	1	443	336	778	0.0	793	1712515
50faf384d7145cc392fade7791d50db7	gi|545589041|ref|NR_044644.2|	95.711	443	17	1	1	443	354	794	0.0	719	39484
50faf384d7145cc392fade7791d50db7	gi|1193829128|ref|NR_147371.1|	95.711	443	17	1	1	443	277	717	0.0	712	1871029
50faf384d7145cc392fade7791d50db7	gi|343205971|ref|NR_044490.1|	94.369	444	24	1	1	443	348	791	0.0	680	501571
50faf384d7145cc392fade7791d50db7	gi|2363082930|ref|NR_179713.1|	93.679	443	28	0	1	443	319	761	0.0	664	1945634
50faf384d7145cc392fade7791d50db7	gi|2363087009|ref|NR_181761.1|	92.777	443	31	1	1	443	269	710	0.0	640	2841509
50faf384d7145cc392fade7791d50db7	gi|645321636|ref|NR_118554.1|	90.745	443	41	0	1	443	329	771	9.85e-169	592	1297617
50faf384d7145cc392fade7791d50db7	gi|2363082352|ref|NR_179423.1|	90.541	444	40	2	1	443	349	791	4.58e-167	586	1689270
50faf384d7145cc392fade7791d50db7	gi|3248465658|ref|NR_201672.1|	90.293	443	43	0	1	443	296	738	2.13e-165	580	3381350
3748da917012a8c14ba1d60f3fdda4f1	gi|636560108|ref|NR_116168.1|	99.355	465	3	0	1	465	335	799	0.0	843	888828
3748da917012a8c14ba1d60f3fdda4f1	gi|343202529|ref|NR_042878.1|	99.355	465	3	0	1	465	314	778	0.0	843	888828
3748da917012a8c14ba1d60f3fdda4f1	gi|645321895|ref|NR_118762.1|	98.272	463	8	0	3	465	340	802	0.0	822	888828
3748da917012a8c14ba1d60f3fdda4f1	gi|645321093|ref|NR_118143.1|	98.065	465	9	0	1	465	316	780	0.0	811	1035839
3748da917012a8c14ba1d60f3fdda4f1	gi|219878284|ref|NR_025423.1|	97.419	465	12	0	1	465	319	783	0.0	793	249188
3748da917012a8c14ba1d60f3fdda4f1	gi|3248465850|ref|NR_201865.1|	96.146	467	14	4	1	465	261	725	0.0	760	3414265
3748da917012a8c14ba1d60f3fdda4f1	gi|343202522|ref|NR_042871.1|	95.914	465	19	0	1	465	316	780	0.0	758	123820
3748da917012a8c14ba1d60f3fdda4f1	gi|1491522540|ref|NR_159347.1|	95.914	465	19	0	1	465	340	804	0.0	758	28161
3748da917012a8c14ba1d60f3fdda4f1	gi|694281134|ref|NR_115546.2|	95.931	467	15	4	1	465	344	808	0.0	754	715
3748da917012a8c14ba1d60f3fdda4f1	gi|636559161|ref|NR_115218.1|	95.931	467	15	4	1	465	314	778	0.0	754	157339
fb93020cd9ad241bd58c3e9e5b5b52c4	gi|343200664|ref|NR_041351.1|	99.565	460	2	0	1	460	341	800	0.0	839	357276
fb93020cd9ad241bd58c3e9e5b5b52c4	gi|444304091|ref|NR_074515.1|	98.696	460	6	0	1	460	350	809	0.0	817	435590
fb93020cd9ad241bd58c3e9e5b5b52c4	gi|631251748|ref|NR_112946.1|	98.696	460	6	0	1	460	339	798	0.0	817	821
fb93020cd9ad241bd58c3e9e5b5b52c4	gi|631250946|ref|NR_112143.1|	98.478	460	7	0	1	460	307	766	0.0	811	821
fb93020cd9ad241bd58c3e9e5b5b52c4	gi|631251997|ref|NR_113195.1|	93.696	460	29	0	1	460	338	797	0.0	689	1236515
fb93020cd9ad241bd58c3e9e5b5b52c4	gi|631251866|ref|NR_113064.1|	93.478	460	30	0	1	460	338	797	0.0	684	1236538
fb93020cd9ad241bd58c3e9e5b5b52c4	gi|631251817|ref|NR_113015.1|	93.478	460	30	0	1	460	338	797	0.0	684	1236538
fb93020cd9ad241bd58c3e9e5b5b52c4	gi|645320081|ref|NR_117373.1|	93.478	460	30	0	1	460	289	748	0.0	684	1236515
fb93020cd9ad241bd58c3e9e5b5b52c4	gi|2363085522|ref|NR_181010.1|	93.275	461	29	2	1	460	297	756	0.0	678	2786956
fb93020cd9ad241bd58c3e9e5b5b52c4	gi|2363082773|ref|NR_179635.1|	93.261	460	31	0	1	460	338	797	0.0	678	2024197
79ee41b5f607f18247ec09b65148e55a	gi|444304091|ref|NR_074515.1|	98.698	461	4	2	1	460	350	809	0.0	817	435590
79ee41b5f607f18247ec09b65148e55a	gi|631251748|ref|NR_112946.1|	98.698	461	4	2	1	460	339	798	0.0	817	821
79ee41b5f607f18247ec09b65148e55a	gi|343200664|ref|NR_041351.1|	98.478	460	7	0	1	460	341	800	0.0	811	357276
79ee41b5f607f18247ec09b65148e55a	gi|631250946|ref|NR_112143.1|	98.482	461	5	2	1	460	307	766	0.0	811	821
79ee41b5f607f18247ec09b65148e55a	gi|631251997|ref|NR_113195.1|	93.696	460	29	0	1	460	338	797	0.0	689	1236515
79ee41b5f607f18247ec09b65148e55a	gi|631251866|ref|NR_113064.1|	93.478	460	30	0	1	460	338	797	0.0	684	1236538
79ee41b5f607f18247ec09b65148e55a	gi|631251817|ref|NR_113015.1|	93.478	460	30	0	1	460	338	797	0.0	684	1236538
79ee41b5f607f18247ec09b65148e55a	gi|645320081|ref|NR_117373.1|	93.478	460	30	0	1	460	289	748	0.0	684	1236515
79ee41b5f607f18247ec09b65148e55a	gi|2363085522|ref|NR_181010.1|	93.043	460	32	0	1	460	297	756	0.0	673	2786956
79ee41b5f607f18247ec09b65148e55a	gi|2363082773|ref|NR_179635.1|	93.043	460	32	0	1	460	338	797	0.0	673	2024197
f7467de83ad6a3ef0f217a85fafcbdb2	gi|310974914|ref|NR_036777.1|	99.306	432	3	0	1	432	333	764	0.0	784	33039
f7467de83ad6a3ef0f217a85fafcbdb2	gi|2363084846|ref|NR_180671.1|	98.182	440	8	0	1	440	63	502	0.0	769	2594882
f7467de83ad6a3ef0f217a85fafcbdb2	gi|2363082374|ref|NR_179434.1|	97.955	440	9	0	1	440	349	788	0.0	763	1720300
f7467de83ad6a3ef0f217a85fafcbdb2	gi|2962412221|ref|NR_199415.1|	97.500	440	11	0	1	440	338	777	0.0	752	3136600
f7467de83ad6a3ef0f217a85fafcbdb2	gi|636560687|ref|NR_116747.1|	97.273	440	12	0	1	440	301	740	0.0	747	1298596
f7467de83ad6a3ef0f217a85fafcbdb2	gi|636559443|ref|NR_115502.1|	96.154	442	14	3	1	440	349	789	0.0	732	33039
f7467de83ad6a3ef0f217a85fafcbdb2	gi|631251356|ref|NR_112553.1|	96.372	441	15	1	1	440	348	788	0.0	725	342942
f7467de83ad6a3ef0f217a85fafcbdb2	gi|2363085133|ref|NR_180815.1|	96.136	440	17	0	1	440	350	789	0.0	719	2606633
f7467de83ad6a3ef0f217a85fafcbdb2	gi|2363082059|ref|NR_179276.1|	96.136	440	17	0	1	440	334	773	0.0	719	2316025
f7467de83ad6a3ef0f217a85fafcbdb2	gi|2363083556|ref|NR_180026.1|	96.136	440	17	0	1	440	348	787	0.0	719	2696678
f21240ccd44e64b4ecfea52946782d19	gi|343198925|ref|NR_044049.1|	99.318	440	3	0	1	440	316	755	0.0	797	33043
f21240ccd44e64b4ecfea52946782d19	gi|2363086278|ref|NR_181391.1|	95.455	440	20	0	1	440	249	688	0.0	702	2763670
f21240ccd44e64b4ecfea52946782d19	gi|219856842|ref|NR_024661.1|	95.455	440	20	0	1	440	361	800	0.0	702	42322
f21240ccd44e64b4ecfea52946782d19	gi|559795169|ref|NR_104758.1|	95.227	440	21	0	1	440	345	784	0.0	697	1282887
f21240ccd44e64b4ecfea52946782d19	gi|631252121|ref|NR_113319.1|	95.000	440	22	0	1	440	350	789	0.0	691	645466
f21240ccd44e64b4ecfea52946782d19	gi|1384992332|ref|NR_156081.1|	94.773	440	23	0	1	440	336	775	0.0	686	1469948
f21240ccd44e64b4ecfea52946782d19	gi|1384992329|ref|NR_156078.1|	94.773	440	23	0	1	440	336	775	0.0	686	1469948
f21240ccd44e64b4ecfea52946782d19	gi|636560803|ref|NR_116863.1|	94.785	441	22	1	1	440	337	777	0.0	686	645466
f21240ccd44e64b4ecfea52946782d19	gi|3030611230|ref|NR_199906.1|	94.545	440	24	0	1	440	354	793	0.0	680	3123317
f21240ccd44e64b4ecfea52946782d19	gi|3030611314|ref|NR_199990.1|	94.545	440	24	0	1	440	350	789	0.0	680	3123317
090c3b42337d06c20b9433dbdb614dfa	gi|1269801543|ref|NR_074802.2|	99.555	449	2	0	1	449	341	789	0.0	819	367928
090c3b42337d06c20b9433dbdb614dfa	gi|961555015|ref|NR_133982.1|	99.555	449	2	0	1	449	311	759	0.0	819	1680
090c3b42337d06c20b9433dbdb614dfa	gi|645321680|ref|NR_118589.1|	99.555	449	2	0	1	449	335	783	0.0	819	1437612
090c3b42337d06c20b9433dbdb614dfa	gi|636560686|ref|NR_116746.1|	99.555	449	2	0	1	449	309	757	0.0	819	1437612
090c3b42337d06c20b9433dbdb614dfa	gi|310974993|ref|NR_036857.1|	99.332	449	3	0	1	449	248	696	0.0	813	78346
090c3b42337d06c20b9433dbdb614dfa	gi|3248465902|ref|NR_201917.1|	98.441	449	5	2	1	449	338	784	0.0	789	3692808
090c3b42337d06c20b9433dbdb614dfa	gi|310975253|ref|NR_037117.1|	97.996	449	7	2	1	449	331	777	0.0	778	28026
090c3b42337d06c20b9433dbdb614dfa	gi|631251581|ref|NR_112779.1|	97.996	449	7	2	1	449	331	777	0.0	778	1150460
090c3b42337d06c20b9433dbdb614dfa	gi|343201160|ref|NR_041875.1|	97.996	449	7	2	1	449	310	756	0.0	778	1686
090c3b42337d06c20b9433dbdb614dfa	gi|586661365|ref|NR_036854.2|	97.773	449	10	0	1	449	326	774	0.0	774	78343
155718fc5e9035c3e1b0cdd22e99dd42	gi|444304189|ref|NR_074613.1|	99.545	440	2	0	1	440	350	789	0.0	802	515620
155718fc5e9035c3e1b0cdd22e99dd42	gi|559795246|ref|NR_104836.1|	97.045	440	13	0	1	440	333	772	0.0	741	706562
155718fc5e9035c3e1b0cdd22e99dd42	gi|559795169|ref|NR_104758.1|	96.364	440	16	0	1	440	345	784	0.0	725	1282887
155718fc5e9035c3e1b0cdd22e99dd42	gi|645321781|ref|NR_118667.1|	95.238	441	19	2	1	440	355	794	0.0	710	28052
155718fc5e9035c3e1b0cdd22e99dd42	gi|343198925|ref|NR_044049.1|	94.318	440	25	0	1	440	316	755	0.0	675	33043
155718fc5e9035c3e1b0cdd22e99dd42	gi|343202586|ref|NR_042953.1|	94.104	441	24	2	1	440	308	747	0.0	669	264463
155718fc5e9035c3e1b0cdd22e99dd42	gi|219846511|ref|NR_026103.1|	93.864	440	27	0	1	440	316	755	0.0	664	37658
155718fc5e9035c3e1b0cdd22e99dd42	gi|1277396183|ref|NR_151894.1|	93.864	440	27	0	1	440	335	774	0.0	664	433293
155718fc5e9035c3e1b0cdd22e99dd42	gi|219857405|ref|NR_024993.1|	93.878	441	25	2	1	440	349	788	0.0	664	99656
155718fc5e9035c3e1b0cdd22e99dd42	gi|645321792|ref|NR_118676.1|	93.409	440	29	0	1	440	370	809	0.0	662	39497
e4b95c60c68939df22fb12d7ba9b08bd	gi|559795314|ref|NR_104907.1|	97.052	441	13	0	1	441	315	755	0.0	743	290054
e4b95c60c68939df22fb12d7ba9b08bd	gi|2136551683|ref|NR_173688.1|	92.290	441	33	1	1	441	321	760	9.66e-179	625	2780922
e4b95c60c68939df22fb12d7ba9b08bd	gi|507148077|ref|NR_102884.1|	90.745	443	36	5	1	441	331	770	4.56e-167	586	213810
e4b95c60c68939df22fb12d7ba9b08bd	gi|1864207164|ref|NR_169458.1|	90.023	441	43	1	1	441	345	784	4.59e-162	569	2164149
e4b95c60c68939df22fb12d7ba9b08bd	gi|636558832|ref|NR_114889.1|	90.068	443	38	6	1	441	277	715	4.59e-162	569	213810
e4b95c60c68939df22fb12d7ba9b08bd	gi|1445136071|ref|NR_158111.1|	89.414	444	39	7	1	441	349	787	4.62e-157	553	2038680
e4b95c60c68939df22fb12d7ba9b08bd	gi|2363082601|ref|NR_179547.1|	89.165	443	43	5	1	441	347	786	2.15e-155	547	1870991
e4b95c60c68939df22fb12d7ba9b08bd	gi|2363082585|ref|NR_179539.1|	89.165	443	42	6	1	441	351	789	2.15e-155	547	1852384
e4b95c60c68939df22fb12d7ba9b08bd	gi|444303976|ref|NR_074399.1|	89.140	442	45	3	1	441	333	772	2.15e-155	547	697329
e4b95c60c68939df22fb12d7ba9b08bd	gi|631251834|ref|NR_113032.1|	89.140	442	45	3	1	441	333	772	2.15e-155	547	1264
cf227ed0dca2ea62cb02e3b0671d7f50	gi|636560108|ref|NR_116168.1|	99.355	465	3	0	1	465	335	799	0.0	843	888828
cf227ed0dca2ea62cb02e3b0671d7f50	gi|343202529|ref|NR_042878.1|	99.355	465	3	0	1	465	314	778	0.0	843	888828
cf227ed0dca2ea62cb02e3b0671d7f50	gi|645321895|ref|NR_118762.1|	98.056	463	9	0	3	465	340	802	0.0	817	888828
cf227ed0dca2ea62cb02e3b0671d7f50	gi|645321093|ref|NR_118143.1|	98.065	465	9	0	1	465	316	780	0.0	811	1035839
cf227ed0dca2ea62cb02e3b0671d7f50	gi|219878284|ref|NR_025423.1|	97.419	465	12	0	1	465	319	783	0.0	793	249188
cf227ed0dca2ea62cb02e3b0671d7f50	gi|3248465850|ref|NR_201865.1|	96.146	467	14	4	1	465	261	725	0.0	760	3414265
cf227ed0dca2ea62cb02e3b0671d7f50	gi|343202522|ref|NR_042871.1|	95.914	465	19	0	1	465	316	780	0.0	758	123820
cf227ed0dca2ea62cb02e3b0671d7f50	gi|1491522540|ref|NR_159347.1|	95.914	465	19	0	1	465	340	804	0.0	758	28161
cf227ed0dca2ea62cb02e3b0671d7f50	gi|694281134|ref|NR_115546.2|	95.931	467	15	4	1	465	344	808	0.0	754	715
cf227ed0dca2ea62cb02e3b0671d7f50	gi|636559161|ref|NR_115218.1|	95.931	467	15	4	1	465	314	778	0.0	754	157339
12c84a7e32d91fa7f9315e4b0fe776eb	gi|444439587|ref|NR_074902.1|	99.570	465	2	0	1	465	341	805	0.0	848	585054
12c84a7e32d91fa7f9315e4b0fe776eb	gi|631252881|ref|NR_114079.1|	99.570	465	2	0	1	465	314	778	0.0	848	564
12c84a7e32d91fa7f9315e4b0fe776eb	gi|559795236|ref|NR_104826.1|	99.570	465	2	0	1	465	321	785	0.0	848	624
12c84a7e32d91fa7f9315e4b0fe776eb	gi|631251361|ref|NR_112558.1|	99.570	465	2	0	1	465	174	638	0.0	848	562
12c84a7e32d91fa7f9315e4b0fe776eb	gi|228716249|ref|NR_027549.1|	99.570	465	2	0	1	465	307	771	0.0	848	585054
12c84a7e32d91fa7f9315e4b0fe776eb	gi|219846739|ref|NR_026331.1|	99.570	465	2	0	1	465	322	786	0.0	848	623
12c84a7e32d91fa7f9315e4b0fe776eb	gi|645322332|ref|NR_119109.1|	99.569	464	2	0	2	465	328	791	0.0	846	566
12c84a7e32d91fa7f9315e4b0fe776eb	gi|631252844|ref|NR_114042.1|	99.355	465	3	0	1	465	314	778	0.0	845	562
12c84a7e32d91fa7f9315e4b0fe776eb	gi|219722938|ref|NR_024570.1|	99.355	465	3	0	1	465	332	796	0.0	845	562
12c84a7e32d91fa7f9315e4b0fe776eb	gi|1018196593|ref|NR_136472.1|	99.355	465	3	0	1	465	334	798	0.0	843	1499973
d24db6121d25b28c26c222719295f1a3	gi|559795314|ref|NR_104907.1|	97.279	441	12	0	1	441	315	755	0.0	749	290054
d24db6121d25b28c26c222719295f1a3	gi|2136551683|ref|NR_173688.1|	92.517	441	32	1	1	441	321	760	2.08e-180	630	2780922
d24db6121d25b28c26c222719295f1a3	gi|507148077|ref|NR_102884.1|	90.971	443	35	5	1	441	331	770	9.80e-169	592	213810
d24db6121d25b28c26c222719295f1a3	gi|1864207164|ref|NR_169458.1|	90.249	441	42	1	1	441	345	784	9.87e-164	575	2164149
d24db6121d25b28c26c222719295f1a3	gi|636558832|ref|NR_114889.1|	90.293	443	37	6	1	441	277	715	9.87e-164	575	213810
d24db6121d25b28c26c222719295f1a3	gi|1445136071|ref|NR_158111.1|	89.640	444	38	7	1	441	349	787	9.94e-159	558	2038680
d24db6121d25b28c26c222719295f1a3	gi|2363082601|ref|NR_179547.1|	89.391	443	42	5	1	441	347	786	4.62e-157	553	1870991
d24db6121d25b28c26c222719295f1a3	gi|2363082585|ref|NR_179539.1|	89.391	443	41	6	1	441	351	789	4.62e-157	553	1852384
d24db6121d25b28c26c222719295f1a3	gi|444303976|ref|NR_074399.1|	89.367	442	44	3	1	441	333	772	4.62e-157	553	697329
d24db6121d25b28c26c222719295f1a3	gi|631251834|ref|NR_113032.1|	89.367	442	44	3	1	441	333	772	4.62e-157	553	1264
bba8214b492d68d19c68c1d9de74adca	gi|444304091|ref|NR_074515.1|	99.132	461	2	2	1	460	350	809	0.0	828	435590
bba8214b492d68d19c68c1d9de74adca	gi|631251748|ref|NR_112946.1|	99.132	461	2	2	1	460	339	798	0.0	828	821
bba8214b492d68d19c68c1d9de74adca	gi|343200664|ref|NR_041351.1|	98.913	460	5	0	1	460	341	800	0.0	822	357276
bba8214b492d68d19c68c1d9de74adca	gi|631250946|ref|NR_112143.1|	98.915	461	3	2	1	460	307	766	0.0	822	821
bba8214b492d68d19c68c1d9de74adca	gi|631251997|ref|NR_113195.1|	94.130	460	27	0	1	460	338	797	0.0	701	1236515
bba8214b492d68d19c68c1d9de74adca	gi|631251866|ref|NR_113064.1|	93.913	460	28	0	1	460	338	797	0.0	695	1236538
bba8214b492d68d19c68c1d9de74adca	gi|631251817|ref|NR_113015.1|	93.913	460	28	0	1	460	338	797	0.0	695	1236538
bba8214b492d68d19c68c1d9de74adca	gi|645320081|ref|NR_117373.1|	93.913	460	28	0	1	460	289	748	0.0	695	1236515
bba8214b492d68d19c68c1d9de74adca	gi|2363085522|ref|NR_181010.1|	93.478	460	30	0	1	460	297	756	0.0	684	2786956
bba8214b492d68d19c68c1d9de74adca	gi|2363082773|ref|NR_179635.1|	93.478	460	30	0	1	460	338	797	0.0	684	2024197
50e539082e8f2a6d5183ea9f7afdd435	gi|444304091|ref|NR_074515.1|	99.348	460	3	0	1	460	350	809	0.0	833	435590
50e539082e8f2a6d5183ea9f7afdd435	gi|631251748|ref|NR_112946.1|	99.348	460	3	0	1	460	339	798	0.0	833	821
50e539082e8f2a6d5183ea9f7afdd435	gi|631250946|ref|NR_112143.1|	99.130	460	4	0	1	460	307	766	0.0	828	821
50e539082e8f2a6d5183ea9f7afdd435	gi|343200664|ref|NR_041351.1|	98.478	460	7	0	1	460	341	800	0.0	811	357276
50e539082e8f2a6d5183ea9f7afdd435	gi|631251997|ref|NR_113195.1|	93.696	460	29	0	1	460	338	797	0.0	689	1236515
50e539082e8f2a6d5183ea9f7afdd435	gi|631251866|ref|NR_113064.1|	93.478	460	30	0	1	460	338	797	0.0	684	1236538
50e539082e8f2a6d5183ea9f7afdd435	gi|631251817|ref|NR_113015.1|	93.478	460	30	0	1	460	338	797	0.0	684	1236538
50e539082e8f2a6d5183ea9f7afdd435	gi|645320081|ref|NR_117373.1|	93.478	460	30	0	1	460	289	748	0.0	684	1236515
50e539082e8f2a6d5183ea9f7afdd435	gi|2363085522|ref|NR_181010.1|	93.043	460	32	0	1	460	297	756	0.0	673	2786956
50e539082e8f2a6d5183ea9f7afdd435	gi|2363082547|ref|NR_179520.1|	93.043	460	32	0	1	460	314	773	0.0	673	1841855
b2909c65ff6715ab9caf716b7b60b72e	gi|444304209|ref|NR_074634.1|	99.545	440	2	0	1	440	350	789	0.0	802	515619
b2909c65ff6715ab9caf716b7b60b72e	gi|343198540|ref|NR_042832.1|	98.413	441	6	1	1	440	330	770	0.0	774	301302
b2909c65ff6715ab9caf716b7b60b72e	gi|1227086116|ref|NR_148619.1|	97.964	442	7	2	1	440	301	742	0.0	765	1712665
b2909c65ff6715ab9caf716b7b60b72e	gi|645320588|ref|NR_117758.1|	97.511	442	9	1	1	440	322	763	0.0	754	166486
b2909c65ff6715ab9caf716b7b60b72e	gi|228716944|ref|NR_027557.1|	97.511	442	9	1	1	440	343	784	0.0	754	536231
b2909c65ff6715ab9caf716b7b60b72e	gi|444439494|ref|NR_074809.1|	97.506	441	10	1	1	440	350	790	0.0	752	585394
b2909c65ff6715ab9caf716b7b60b72e	gi|343201282|ref|NR_042008.1|	97.279	441	10	2	1	440	341	780	0.0	747	585394
b2909c65ff6715ab9caf716b7b60b72e	gi|2363085153|ref|NR_180825.1|	97.052	441	12	1	1	440	347	787	0.0	741	2605790
b2909c65ff6715ab9caf716b7b60b72e	gi|219846723|ref|NR_026315.1|	97.045	440	13	0	1	440	317	756	0.0	741	46206
b2909c65ff6715ab9caf716b7b60b72e	gi|2363086282|ref|NR_181393.1|	96.818	440	14	0	1	440	290	729	0.0	736	2763664
5e2bb437fcc4af9fdeb35f2b30089b80	gi|219846613|ref|NR_026205.1|	93.118	465	32	0	1	465	337	801	0.0	682	40841
5e2bb437fcc4af9fdeb35f2b30089b80	gi|219846519|ref|NR_026111.1|	90.323	465	45	0	1	465	339	803	2.86e-174	610	33025
5e2bb437fcc4af9fdeb35f2b30089b80	gi|645320459|ref|NR_117660.1|	87.580	467	55	3	1	465	445	910	1.37e-152	538	2378
5e2bb437fcc4af9fdeb35f2b30089b80	gi|343201731|ref|NR_042457.1|	87.607	468	53	5	1	465	259	724	1.37e-152	538	357999
5e2bb437fcc4af9fdeb35f2b30089b80	gi|645320455|ref|NR_117657.1|	87.366	467	56	3	1	465	443	908	6.37e-151	532	2378
5e2bb437fcc4af9fdeb35f2b30089b80	gi|645320454|ref|NR_117656.1|	87.366	467	56	3	1	465	437	902	6.37e-151	532	2378
5e2bb437fcc4af9fdeb35f2b30089b80	gi|645320469|ref|NR_117668.1|	87.207	469	53	7	1	465	341	806	2.96e-149	527	1337886
5e2bb437fcc4af9fdeb35f2b30089b80	gi|645320468|ref|NR_117667.1|	87.207	469	53	7	1	465	339	804	2.96e-149	527	1337886
5e2bb437fcc4af9fdeb35f2b30089b80	gi|645320466|ref|NR_117666.1|	87.179	468	55	5	1	465	342	807	2.96e-149	527	1337886
5e2bb437fcc4af9fdeb35f2b30089b80	gi|645320465|ref|NR_117665.1|	87.207	469	53	7	1	465	336	801	2.96e-149	527	1337886
7b63769a5327ac7772039f76b05b74ed	gi|2363082342|ref|NR_179418.1|	93.002	443	30	1	1	442	348	790	0.0	645	1673721
7b63769a5327ac7772039f76b05b74ed	gi|3030611324|ref|NR_200000.1|	92.777	443	31	1	1	442	301	743	0.0	640	3342383
7b63769a5327ac7772039f76b05b74ed	gi|1109168025|ref|NR_144611.1|	92.777	443	31	1	1	442	282	724	0.0	640	1417852
7b63769a5327ac7772039f76b05b74ed	gi|2363082352|ref|NR_179423.1|	92.325	443	33	1	1	442	349	791	7.49e-180	628	1689270
7b63769a5327ac7772039f76b05b74ed	gi|2363082168|ref|NR_179330.1|	92.099	443	33	2	1	442	327	768	3.48e-178	623	2714355
7b63769a5327ac7772039f76b05b74ed	gi|2363082569|ref|NR_179531.1|	91.874	443	34	2	1	442	347	788	1.62e-176	617	1852369
7b63769a5327ac7772039f76b05b74ed	gi|645321636|ref|NR_118554.1|	91.874	443	35	1	1	442	329	771	1.62e-176	617	1297617
7b63769a5327ac7772039f76b05b74ed	gi|219846612|ref|NR_026204.1|	91.648	443	36	1	1	442	328	770	2.10e-175	614	47246
7b63769a5327ac7772039f76b05b74ed	gi|2363083800|ref|NR_180148.1|	91.648	443	36	1	1	442	349	791	7.54e-175	612	2211183
7b63769a5327ac7772039f76b05b74ed	gi|2363082165|ref|NR_179329.1|	91.422	443	36	2	1	442	327	768	3.51e-173	606	2714353
09a2f4210932ece8791827524c0b7ca7	gi|631251954|ref|NR_113152.1|	99.348	460	3	0	1	460	337	796	0.0	833	28117
09a2f4210932ece8791827524c0b7ca7	gi|219846319|ref|NR_025909.1|	96.522	460	16	0	1	460	344	803	0.0	782	28117
09a2f4210932ece8791827524c0b7ca7	gi|645321193|ref|NR_118219.1|	96.963	461	12	2	1	460	332	791	0.0	773	1033732
09a2f4210932ece8791827524c0b7ca7	gi|672239000|ref|NR_125589.1|	96.746	461	13	2	1	460	269	728	0.0	767	1033731
09a2f4210932ece8791827524c0b7ca7	gi|2363086959|ref|NR_181736.1|	96.529	461	14	2	1	460	334	793	0.0	761	2834113
09a2f4210932ece8791827524c0b7ca7	gi|2363082099|ref|NR_179296.1|	96.529	461	14	2	1	460	324	783	0.0	761	2585119
09a2f4210932ece8791827524c0b7ca7	gi|631251953|ref|NR_113151.1|	96.104	462	14	4	1	460	338	797	0.0	750	328813
09a2f4210932ece8791827524c0b7ca7	gi|343202833|ref|NR_043318.1|	96.104	462	14	4	1	460	324	783	0.0	750	328813
09a2f4210932ece8791827524c0b7ca7	gi|2363082505|ref|NR_179499.1|	95.680	463	14	6	1	460	342	801	0.0	739	2364787
09a2f4210932ece8791827524c0b7ca7	gi|507148137|ref|NR_102944.1|	95.662	461	18	2	1	460	334	793	0.0	739	214856
6204c47ab11a709e2b26f4458b6a491a	gi|636560108|ref|NR_116168.1|	99.785	465	1	0	1	465	335	799	0.0	854	888828
6204c47ab11a709e2b26f4458b6a491a	gi|343202529|ref|NR_042878.1|	99.785	465	1	0	1	465	314	778	0.0	854	888828
6204c47ab11a709e2b26f4458b6a491a	gi|645321895|ref|NR_118762.1|	98.488	463	7	0	3	465	340	802	0.0	828	888828
6204c47ab11a709e2b26f4458b6a491a	gi|645321093|ref|NR_118143.1|	98.495	465	7	0	1	465	316	780	0.0	822	1035839
6204c47ab11a709e2b26f4458b6a491a	gi|219878284|ref|NR_025423.1|	97.849	465	10	0	1	465	319	783	0.0	804	249188
6204c47ab11a709e2b26f4458b6a491a	gi|3248465850|ref|NR_201865.1|	96.574	467	12	4	1	465	261	725	0.0	771	3414265
6204c47ab11a709e2b26f4458b6a491a	gi|343202522|ref|NR_042871.1|	96.344	465	17	0	1	465	316	780	0.0	769	123820
6204c47ab11a709e2b26f4458b6a491a	gi|1491522540|ref|NR_159347.1|	96.344	465	17	0	1	465	340	804	0.0	769	28161
6204c47ab11a709e2b26f4458b6a491a	gi|694281134|ref|NR_115546.2|	96.360	467	13	4	1	465	344	808	0.0	765	715
6204c47ab11a709e2b26f4458b6a491a	gi|636559161|ref|NR_115218.1|	96.360	467	13	4	1	465	314	778	0.0	765	157339
af3254d715cc2f0cd65f87146f84cd07	gi|631251875|ref|NR_113073.1|	99.348	460	3	0	1	460	329	788	0.0	833	487174
af3254d715cc2f0cd65f87146f84cd07	gi|343200981|ref|NR_041668.1|	99.348	460	3	0	1	460	321	780	0.0	833	742726
af3254d715cc2f0cd65f87146f84cd07	gi|1270532346|ref|NR_121773.2|	96.095	461	16	2	1	460	348	807	0.0	750	397865
af3254d715cc2f0cd65f87146f84cd07	gi|343200821|ref|NR_041508.1|	95.879	461	16	3	1	460	325	783	0.0	743	397865
af3254d715cc2f0cd65f87146f84cd07	gi|2136551682|ref|NR_173687.1|	90.260	462	41	4	1	460	325	784	1.70e-171	601	2751153
af3254d715cc2f0cd65f87146f84cd07	gi|1146059151|ref|NR_145883.1|	89.827	462	43	4	1	460	284	743	3.69e-168	590	1501392
af3254d715cc2f0cd65f87146f84cd07	gi|1116030267|ref|NR_144725.1|	89.394	462	45	4	1	460	337	796	1.71e-166	584	1686296
af3254d715cc2f0cd65f87146f84cd07	gi|1909404453|ref|NR_170508.1|	88.069	461	52	3	1	460	352	810	2.91e-154	544	2518971
af3254d715cc2f0cd65f87146f84cd07	gi|2621112336|ref|NR_189240.1|	87.931	464	48	8	1	460	342	801	3.76e-153	540	2944915
af3254d715cc2f0cd65f87146f84cd07	gi|2363083455|ref|NR_179976.1|	87.957	465	45	10	1	460	289	747	1.35e-152	538	2094151
489d4f53f568e2a56e3c8a876490a854	gi|2363080123|ref|NR_178280.1|	98.864	440	5	0	1	440	331	770	0.0	785	411483
489d4f53f568e2a56e3c8a876490a854	gi|3030611269|ref|NR_199945.1|	98.636	440	6	0	1	440	335	774	0.0	780	3435293
489d4f53f568e2a56e3c8a876490a854	gi|2363081449|ref|NR_178971.1|	98.636	440	5	1	1	440	285	723	0.0	778	1851427
489d4f53f568e2a56e3c8a876490a854	gi|265678656|ref|NR_028961.1|	98.182	440	8	0	1	440	327	766	0.0	769	853
489d4f53f568e2a56e3c8a876490a854	gi|2363081451|ref|NR_178972.1|	97.955	440	9	0	1	440	285	724	0.0	763	1851428
489d4f53f568e2a56e3c8a876490a854	gi|2363082282|ref|NR_179388.1|	97.279	441	10	2	1	440	335	774	0.0	747	2935520
489d4f53f568e2a56e3c8a876490a854	gi|2363080175|ref|NR_178311.1|	96.591	440	15	0	1	440	412	851	0.0	730	2903556
489d4f53f568e2a56e3c8a876490a854	gi|2363084747|ref|NR_180622.1|	93.424	441	27	2	1	440	335	774	0.0	652	2779354
489d4f53f568e2a56e3c8a876490a854	gi|559795255|ref|NR_104846.1|	93.182	440	30	0	1	440	288	727	0.0	647	745368
489d4f53f568e2a56e3c8a876490a854	gi|1277396189|ref|NR_151900.1|	92.727	440	32	0	1	440	351	790	0.0	636	1550024
d3d1be33d40479d9e777d8c23045587e	gi|1193829161|ref|NR_147404.1|	99.566	461	2	0	1	461	340	800	0.0	841	1816687
d3d1be33d40479d9e777d8c23045587e	gi|2363085161|ref|NR_180829.1|	92.208	462	33	3	1	461	341	800	0.0	651	2606637
d3d1be33d40479d9e777d8c23045587e	gi|1277396175|ref|NR_151886.1|	90.889	461	41	1	1	461	341	800	1.69e-176	617	1703337
d3d1be33d40479d9e777d8c23045587e	gi|631251897|ref|NR_113095.1|	90.497	463	39	5	1	461	341	800	3.67e-173	606	242750
d3d1be33d40479d9e777d8c23045587e	gi|343200677|ref|NR_041364.1|	90.517	464	37	7	1	461	337	796	3.67e-173	606	1002367
d3d1be33d40479d9e777d8c23045587e	gi|343198557|ref|NR_042857.1|	90.497	463	39	5	1	461	321	780	3.67e-173	606	242750
d3d1be33d40479d9e777d8c23045587e	gi|485099085|ref|NR_102481.1|	90.260	462	42	3	1	461	337	796	1.71e-171	601	908937
d3d1be33d40479d9e777d8c23045587e	gi|631251902|ref|NR_113100.1|	90.260	462	42	3	1	461	328	787	1.71e-171	601	908937
d3d1be33d40479d9e777d8c23045587e	gi|265678976|ref|NR_029284.1|	90.260	462	42	3	1	461	308	767	1.71e-171	601	52227
d3d1be33d40479d9e777d8c23045587e	gi|343206272|ref|NR_044864.1|	90.260	462	42	3	1	461	318	777	1.71e-171	601	1336250
25b719b0ac27753f74c768e3bd8f71f1	gi|636560687|ref|NR_116747.1|	99.545	440	2	0	1	440	301	740	0.0	802	1298596
25b719b0ac27753f74c768e3bd8f71f1	gi|2363085133|ref|NR_180815.1|	97.273	440	12	0	1	440	350	789	0.0	747	2606633
25b719b0ac27753f74c768e3bd8f71f1	gi|2363083556|ref|NR_180026.1|	97.273	440	12	0	1	440	348	787	0.0	747	2696678
25b719b0ac27753f74c768e3bd8f71f1	gi|1909404440|ref|NR_170495.1|	97.045	440	13	0	1	440	355	794	0.0	741	2509240
25b719b0ac27753f74c768e3bd8f71f1	gi|2363082374|ref|NR_179434.1|	97.045	440	13	0	1	440	349	788	0.0	741	1720300
25b719b0ac27753f74c768e3bd8f71f1	gi|310974914|ref|NR_036777.1|	97.454	432	11	0	1	432	333	764	0.0	739	33039
25b719b0ac27753f74c768e3bd8f71f1	gi|631251356|ref|NR_112553.1|	96.825	441	13	1	1	440	348	788	0.0	736	342942
25b719b0ac27753f74c768e3bd8f71f1	gi|228719063|ref|NR_027579.1|	96.364	440	16	0	1	440	316	755	0.0	730	471875
25b719b0ac27753f74c768e3bd8f71f1	gi|2363084846|ref|NR_180671.1|	96.364	440	16	0	1	440	63	502	0.0	725	2594882
25b719b0ac27753f74c768e3bd8f71f1	gi|2962412221|ref|NR_199415.1|	96.364	440	16	0	1	440	338	777	0.0	725	3136600
ca578a8f18cf403669b4180c2e118799	gi|636560687|ref|NR_116747.1|	99.318	440	3	0	1	440	301	740	0.0	797	1298596
ca578a8f18cf403669b4180c2e118799	gi|2363085133|ref|NR_180815.1|	97.045	440	13	0	1	440	350	789	0.0	741	2606633
ca578a8f18cf403669b4180c2e118799	gi|2363083556|ref|NR_180026.1|	97.045	440	13	0	1	440	348	787	0.0	741	2696678
ca578a8f18cf403669b4180c2e118799	gi|1909404440|ref|NR_170495.1|	96.818	440	14	0	1	440	355	794	0.0	736	2509240
ca578a8f18cf403669b4180c2e118799	gi|2363082374|ref|NR_179434.1|	96.818	440	14	0	1	440	349	788	0.0	736	1720300
ca578a8f18cf403669b4180c2e118799	gi|310974914|ref|NR_036777.1|	97.222	432	12	0	1	432	333	764	0.0	734	33039
ca578a8f18cf403669b4180c2e118799	gi|631251356|ref|NR_112553.1|	96.599	441	14	1	1	440	348	788	0.0	730	342942
ca578a8f18cf403669b4180c2e118799	gi|228719063|ref|NR_027579.1|	96.136	440	17	0	1	440	316	755	0.0	725	471875
ca578a8f18cf403669b4180c2e118799	gi|2363084846|ref|NR_180671.1|	96.136	440	17	0	1	440	63	502	0.0	719	2594882
ca578a8f18cf403669b4180c2e118799	gi|2962412221|ref|NR_199415.1|	96.136	440	17	0	1	440	338	777	0.0	719	3136600
dd32807de77315c856b7db9b214da13d	gi|2363085163|ref|NR_180830.1|	83.547	468	61	13	1	461	336	794	3.96e-118	424	2606626
dd32807de77315c856b7db9b214da13d	gi|1491509600|ref|NR_159131.1|	83.333	468	63	13	1	461	331	790	1.84e-116	418	2045106
dd32807de77315c856b7db9b214da13d	gi|1909404454|ref|NR_170509.1|	82.937	463	73	6	1	461	347	805	8.58e-115	412	2530391
dd32807de77315c856b7db9b214da13d	gi|2363087247|ref|NR_181879.1|	82.869	467	66	13	1	461	285	743	3.99e-113	407	2880704
dd32807de77315c856b7db9b214da13d	gi|959494898|ref|NR_133765.1|	82.684	462	77	3	1	461	225	684	3.99e-113	407	1348471
dd32807de77315c856b7db9b214da13d	gi|1018196564|ref|NR_136443.1|	82.227	467	71	11	1	461	300	760	1.12e-108	392	867595
dd32807de77315c856b7db9b214da13d	gi|2363086136|ref|NR_181320.1|	81.996	461	82	1	1	461	310	769	4.02e-108	390	2771358
dd32807de77315c856b7db9b214da13d	gi|1953646721|ref|NR_171516.1|	81.857	463	78	5	1	461	321	779	1.87e-106	385	2493666
dd32807de77315c856b7db9b214da13d	gi|1397641864|ref|NR_156974.1|	81.857	463	79	5	1	461	323	782	1.87e-106	385	1908237
dd32807de77315c856b7db9b214da13d	gi|1441204207|ref|NR_157622.1|	81.779	461	82	2	1	461	306	764	1.87e-106	385	2232097
98046b1f548f73750fd5321c62ae912f	gi|2363081254|ref|NR_178871.1|	89.663	445	40	6	1	443	337	777	7.72e-160	562	1792311
98046b1f548f73750fd5321c62ae912f	gi|2363086264|ref|NR_181384.1|	89.686	446	37	9	1	443	250	689	2.78e-159	560	2763660
98046b1f548f73750fd5321c62ae912f	gi|444304204|ref|NR_074629.1|	89.310	449	36	9	1	443	341	783	4.65e-157	553	1515
98046b1f548f73750fd5321c62ae912f	gi|631251959|ref|NR_113157.1|	89.310	449	36	9	1	443	341	783	4.65e-157	553	1515
98046b1f548f73750fd5321c62ae912f	gi|343200549|ref|NR_041236.1|	89.165	443	46	2	1	443	321	761	1.67e-156	551	1122184
98046b1f548f73750fd5321c62ae912f	gi|2363084120|ref|NR_180309.1|	89.087	449	37	9	1	443	289	731	2.16e-155	547	2487273
98046b1f548f73750fd5321c62ae912f	gi|785794309|ref|NG_041947.1|	89.062	448	39	10	1	443	469	911	2.16e-155	547	394503
98046b1f548f73750fd5321c62ae912f	gi|785497611|ref|NR_102768.2|	89.062	448	39	10	1	443	330	772	2.16e-155	547	1521
98046b1f548f73750fd5321c62ae912f	gi|631252162|ref|NR_113360.1|	89.087	449	37	12	1	443	339	781	2.16e-155	547	1121303
98046b1f548f73750fd5321c62ae912f	gi|645319736|ref|NR_117111.1|	89.087	449	37	12	1	443	336	778	2.16e-155	547	29371
13b94240668fe8a738a9734c2335afb4	gi|343200656|ref|NR_041343.1|	99.348	460	3	0	1	460	340	799	0.0	833	46503
13b94240668fe8a738a9734c2335afb4	gi|645322411|ref|NR_119166.1|	99.130	460	4	0	1	460	319	778	0.0	830	411477
13b94240668fe8a738a9734c2335afb4	gi|343200777|ref|NR_041464.1|	97.391	460	12	0	1	460	340	799	0.0	784	387661
13b94240668fe8a738a9734c2335afb4	gi|2363083816|ref|NR_180156.1|	96.522	460	16	0	1	460	291	750	0.0	761	2290935
13b94240668fe8a738a9734c2335afb4	gi|2363086049|ref|NR_181277.1|	96.087	460	18	0	1	460	309	768	0.0	750	2753162
13b94240668fe8a738a9734c2335afb4	gi|631251878|ref|NR_113076.1|	95.879	461	17	2	1	460	324	783	0.0	745	927665
13b94240668fe8a738a9734c2335afb4	gi|343202832|ref|NR_043317.1|	95.879	461	17	2	1	460	284	743	0.0	745	328812
13b94240668fe8a738a9734c2335afb4	gi|1811131517|ref|NR_165699.1|	95.435	460	21	0	1	460	336	795	0.0	734	2685834
13b94240668fe8a738a9734c2335afb4	gi|2363082715|ref|NR_179605.1|	95.445	461	19	2	1	460	316	775	0.0	734	1944636
13b94240668fe8a738a9734c2335afb4	gi|2363082619|ref|NR_179556.1|	95.217	460	22	0	1	460	316	775	0.0	728	1871013
bb64a07b1d3ef5bbacb4be90789e2fb0	gi|2836274968|ref|NR_197731.1|	97.045	440	13	0	1	440	306	745	0.0	741	3093659
bb64a07b1d3ef5bbacb4be90789e2fb0	gi|2836274966|ref|NR_197729.1|	97.052	441	11	2	1	440	304	743	0.0	741	3093657
bb64a07b1d3ef5bbacb4be90789e2fb0	gi|2836274967|ref|NR_197730.1|	96.818	440	14	0	1	440	312	751	0.0	736	3093658
bb64a07b1d3ef5bbacb4be90789e2fb0	gi|1116030278|ref|NR_144736.1|	96.825	441	12	2	1	440	360	799	0.0	736	1776382
bb64a07b1d3ef5bbacb4be90789e2fb0	gi|1109168013|ref|NR_144605.1|	96.372	441	14	2	1	440	367	806	0.0	725	1796620
bb64a07b1d3ef5bbacb4be90789e2fb0	gi|2363082767|ref|NR_179632.1|	95.918	441	16	2	1	440	337	776	0.0	713	2014781
bb64a07b1d3ef5bbacb4be90789e2fb0	gi|1116030269|ref|NR_144727.1|	92.500	440	33	0	1	440	335	774	2.07e-180	630	1673717
bb64a07b1d3ef5bbacb4be90789e2fb0	gi|2363086260|ref|NR_181382.1|	92.534	442	29	4	1	440	322	761	2.07e-180	630	2763662
bb64a07b1d3ef5bbacb4be90789e2fb0	gi|636558732|ref|NR_114789.1|	92.517	441	31	2	1	440	347	786	2.07e-180	630	1535
bb64a07b1d3ef5bbacb4be90789e2fb0	gi|3248465687|ref|NR_201701.1|	91.892	444	31	4	1	440	330	772	5.80e-176	616	3435187
82574dc806c67f382af6fe4d3ce3c01a	gi|631251747|ref|NR_112945.1|	99.348	460	3	0	1	460	327	786	0.0	833	820
82574dc806c67f382af6fe4d3ce3c01a	gi|343200179|ref|NR_040866.1|	99.348	460	3	0	1	460	334	793	0.0	833	820
82574dc806c67f382af6fe4d3ce3c01a	gi|2363086550|ref|NR_181532.1|	98.913	460	5	0	1	460	322	781	0.0	822	2763025
82574dc806c67f382af6fe4d3ce3c01a	gi|2363082773|ref|NR_179635.1|	97.174	460	13	0	1	460	338	797	0.0	778	2024197
82574dc806c67f382af6fe4d3ce3c01a	gi|631251874|ref|NR_113072.1|	96.957	460	14	0	1	460	338	797	0.0	773	1236512
82574dc806c67f382af6fe4d3ce3c01a	gi|631251816|ref|NR_113014.1|	96.739	460	15	0	1	460	338	797	0.0	767	1236512
82574dc806c67f382af6fe4d3ce3c01a	gi|631251735|ref|NR_112933.1|	96.522	460	16	0	1	460	334	793	0.0	761	246787
82574dc806c67f382af6fe4d3ce3c01a	gi|343200620|ref|NR_041307.1|	96.304	460	17	0	1	460	334	793	0.0	756	329854
82574dc806c67f382af6fe4d3ce3c01a	gi|2363084421|ref|NR_180458.1|	96.087	460	18	0	1	460	340	799	0.0	750	2650157
82574dc806c67f382af6fe4d3ce3c01a	gi|2363082635|ref|NR_179564.1|	96.087	460	18	0	1	460	338	797	0.0	750	1903262
6c30195d18a258731769e15282d83a2a	gi|2363082679|ref|NR_179587.1|	99.545	440	2	0	1	440	328	767	0.0	802	1926283
6c30195d18a258731769e15282d83a2a	gi|2363081854|ref|NR_179173.1|	99.545	440	2	0	1	440	333	772	0.0	802	2126740
6c30195d18a258731769e15282d83a2a	gi|1384992332|ref|NR_156081.1|	97.273	440	12	0	1	440	336	775	0.0	747	1469948
6c30195d18a258731769e15282d83a2a	gi|1384992329|ref|NR_156078.1|	97.273	440	12	0	1	440	336	775	0.0	747	1469948
6c30195d18a258731769e15282d83a2a	gi|3030611230|ref|NR_199906.1|	97.045	440	13	0	1	440	354	793	0.0	741	3123317
6c30195d18a258731769e15282d83a2a	gi|3030611314|ref|NR_199990.1|	97.045	440	13	0	1	440	350	789	0.0	741	3123317
6c30195d18a258731769e15282d83a2a	gi|1384992331|ref|NR_156080.1|	97.045	440	13	0	1	440	336	775	0.0	741	1469948
6c30195d18a258731769e15282d83a2a	gi|1384992328|ref|NR_156077.1|	97.045	440	13	0	1	440	336	775	0.0	741	1469948
6c30195d18a258731769e15282d83a2a	gi|2363085097|ref|NR_180797.1|	97.045	440	13	0	1	440	346	785	0.0	741	2605778
6c30195d18a258731769e15282d83a2a	gi|2363082819|ref|NR_179658.1|	97.045	440	13	0	1	440	353	792	0.0	741	2086584
a07ce18e18c00a9f0abbca51a89a9267	gi|1116030238|ref|NR_144696.1|	99.545	440	2	0	1	440	333	772	0.0	802	1414720
a07ce18e18c00a9f0abbca51a89a9267	gi|219846899|ref|NR_026491.1|	99.545	440	2	0	1	440	319	758	0.0	802	84024
a07ce18e18c00a9f0abbca51a89a9267	gi|219846557|ref|NR_026149.1|	99.091	440	4	0	1	440	325	764	0.0	791	36850
a07ce18e18c00a9f0abbca51a89a9267	gi|219846575|ref|NR_026167.1|	98.416	442	4	2	1	440	246	686	0.0	778	36834
a07ce18e18c00a9f0abbca51a89a9267	gi|2363082288|ref|NR_179391.1|	98.182	440	8	0	1	440	332	771	0.0	769	1499684
a07ce18e18c00a9f0abbca51a89a9267	gi|219846422|ref|NR_026013.1|	97.955	440	9	0	1	440	333	772	0.0	763	46867
a07ce18e18c00a9f0abbca51a89a9267	gi|631252127|ref|NR_113325.1|	97.727	440	10	0	1	440	333	772	0.0	758	1559
a07ce18e18c00a9f0abbca51a89a9267	gi|219846898|ref|NR_026490.1|	97.727	440	10	0	1	440	320	759	0.0	758	84031
a07ce18e18c00a9f0abbca51a89a9267	gi|310975222|ref|NR_037086.1|	97.727	440	10	0	1	440	316	755	0.0	758	1559
a07ce18e18c00a9f0abbca51a89a9267	gi|636558671|ref|NR_114728.1|	97.727	440	10	0	1	440	287	726	0.0	758	1559
fc0958cce75e265025f616a6dcb5938d	gi|559795255|ref|NR_104846.1|	99.318	440	3	0	1	440	288	727	0.0	797	745368
fc0958cce75e265025f616a6dcb5938d	gi|265678692|ref|NR_028997.1|	98.413	441	6	1	1	440	303	743	0.0	774	214851
fc0958cce75e265025f616a6dcb5938d	gi|2363084747|ref|NR_180622.1|	94.545	440	24	0	1	440	335	774	0.0	680	2779354
fc0958cce75e265025f616a6dcb5938d	gi|1277396189|ref|NR_151900.1|	93.636	440	28	0	1	440	351	790	0.0	658	1550024
fc0958cce75e265025f616a6dcb5938d	gi|1397641802|ref|NR_156911.1|	93.409	440	29	0	1	440	351	790	0.0	652	1650663
fc0958cce75e265025f616a6dcb5938d	gi|2363080123|ref|NR_178280.1|	92.727	440	32	0	1	440	331	770	0.0	636	411483
fc0958cce75e265025f616a6dcb5938d	gi|3030611269|ref|NR_199945.1|	92.500	440	33	0	1	440	335	774	2.07e-180	630	3435293
fc0958cce75e265025f616a6dcb5938d	gi|2363082356|ref|NR_179425.1|	92.517	441	31	2	1	440	351	790	2.07e-180	630	1689304
fc0958cce75e265025f616a6dcb5938d	gi|2363082282|ref|NR_179388.1|	92.500	440	33	0	1	440	335	774	2.07e-180	630	2935520
fc0958cce75e265025f616a6dcb5938d	gi|265678656|ref|NR_028961.1|	92.500	440	33	0	1	440	327	766	2.07e-180	630	853
e8239bb992c879e535bc99d483d636eb	gi|219846613|ref|NR_026205.1|	93.118	465	32	0	1	465	337	801	0.0	682	40841
e8239bb992c879e535bc99d483d636eb	gi|219846519|ref|NR_026111.1|	90.323	465	45	0	1	465	339	803	2.86e-174	610	33025
e8239bb992c879e535bc99d483d636eb	gi|645320459|ref|NR_117660.1|	87.580	467	55	3	1	465	445	910	1.37e-152	538	2378
e8239bb992c879e535bc99d483d636eb	gi|343201731|ref|NR_042457.1|	87.607	468	53	5	1	465	259	724	1.37e-152	538	357999
e8239bb992c879e535bc99d483d636eb	gi|645320455|ref|NR_117657.1|	87.366	467	56	3	1	465	443	908	6.37e-151	532	2378
e8239bb992c879e535bc99d483d636eb	gi|645320454|ref|NR_117656.1|	87.366	467	56	3	1	465	437	902	6.37e-151	532	2378
e8239bb992c879e535bc99d483d636eb	gi|645320469|ref|NR_117668.1|	87.207	469	53	7	1	465	341	806	2.96e-149	527	1337886
e8239bb992c879e535bc99d483d636eb	gi|645320468|ref|NR_117667.1|	87.207	469	53	7	1	465	339	804	2.96e-149	527	1337886
e8239bb992c879e535bc99d483d636eb	gi|645320466|ref|NR_117666.1|	87.179	468	55	5	1	465	342	807	2.96e-149	527	1337886
e8239bb992c879e535bc99d483d636eb	gi|645320465|ref|NR_117665.1|	87.207	469	53	7	1	465	336	801	2.96e-149	527	1337886
f241c64cb46859d4f9bb386bb1f0d93a	gi|265678656|ref|NR_028961.1|	99.091	440	4	0	1	440	327	766	0.0	791	853
f241c64cb46859d4f9bb386bb1f0d93a	gi|2363081451|ref|NR_178972.1|	98.864	440	5	0	1	440	285	724	0.0	785	1851428
f241c64cb46859d4f9bb386bb1f0d93a	gi|2363080123|ref|NR_178280.1|	98.864	440	5	0	1	440	331	770	0.0	785	411483
f241c64cb46859d4f9bb386bb1f0d93a	gi|3030611269|ref|NR_199945.1|	98.636	440	6	0	1	440	335	774	0.0	780	3435293
f241c64cb46859d4f9bb386bb1f0d93a	gi|2363081449|ref|NR_178971.1|	99.072	431	4	0	1	431	285	715	0.0	774	1851427
f241c64cb46859d4f9bb386bb1f0d93a	gi|2363082282|ref|NR_179388.1|	98.186	441	6	2	1	440	335	774	0.0	769	2935520
f241c64cb46859d4f9bb386bb1f0d93a	gi|2363080175|ref|NR_178311.1|	96.591	440	15	0	1	440	412	851	0.0	730	2903556
f241c64cb46859d4f9bb386bb1f0d93a	gi|1397641802|ref|NR_156911.1|	92.500	440	33	0	1	440	351	790	2.07e-180	630	1650663
f241c64cb46859d4f9bb386bb1f0d93a	gi|2363084747|ref|NR_180622.1|	92.517	441	31	2	1	440	335	774	2.07e-180	630	2779354
f241c64cb46859d4f9bb386bb1f0d93a	gi|2363082356|ref|NR_179425.1|	92.500	440	33	0	1	440	351	790	2.07e-180	630	1689304
558e5e8691e3aa3841c92df960f488f2	gi|636560687|ref|NR_116747.1|	99.318	440	3	0	1	440	301	740	0.0	797	1298596
558e5e8691e3aa3841c92df960f488f2	gi|2363085133|ref|NR_180815.1|	97.045	440	13	0	1	440	350	789	0.0	741	2606633
558e5e8691e3aa3841c92df960f488f2	gi|2363083556|ref|NR_180026.1|	97.045	440	13	0	1	440	348	787	0.0	741	2696678
558e5e8691e3aa3841c92df960f488f2	gi|1909404440|ref|NR_170495.1|	96.818	440	14	0	1	440	355	794	0.0	736	2509240
558e5e8691e3aa3841c92df960f488f2	gi|2363082374|ref|NR_179434.1|	96.818	440	14	0	1	440	349	788	0.0	736	1720300
558e5e8691e3aa3841c92df960f488f2	gi|228719063|ref|NR_027579.1|	96.591	440	15	0	1	440	316	755	0.0	736	471875
558e5e8691e3aa3841c92df960f488f2	gi|310974914|ref|NR_036777.1|	96.804	438	14	0	1	438	333	770	0.0	734	33039
558e5e8691e3aa3841c92df960f488f2	gi|631251356|ref|NR_112553.1|	96.599	441	14	1	1	440	348	788	0.0	730	342942
558e5e8691e3aa3841c92df960f488f2	gi|2363084846|ref|NR_180671.1|	96.136	440	17	0	1	440	63	502	0.0	719	2594882
558e5e8691e3aa3841c92df960f488f2	gi|2962412221|ref|NR_199415.1|	96.136	440	17	0	1	440	338	777	0.0	719	3136600
98631c6e7be0e7b94f3c0e6ba0e5b146	gi|1116030238|ref|NR_144696.1|	99.318	440	3	0	1	440	333	772	0.0	797	1414720
98631c6e7be0e7b94f3c0e6ba0e5b146	gi|219846899|ref|NR_026491.1|	99.318	440	3	0	1	440	319	758	0.0	797	84024
98631c6e7be0e7b94f3c0e6ba0e5b146	gi|219846557|ref|NR_026149.1|	98.409	440	7	0	1	440	325	764	0.0	774	36850
98631c6e7be0e7b94f3c0e6ba0e5b146	gi|219846575|ref|NR_026167.1|	98.190	442	5	2	1	440	246	686	0.0	773	36834
98631c6e7be0e7b94f3c0e6ba0e5b146	gi|219846422|ref|NR_026013.1|	97.727	440	10	0	1	440	333	772	0.0	758	46867
98631c6e7be0e7b94f3c0e6ba0e5b146	gi|2363082288|ref|NR_179391.1|	97.500	440	11	0	1	440	332	771	0.0	752	1499684
98631c6e7be0e7b94f3c0e6ba0e5b146	gi|631252127|ref|NR_113325.1|	97.500	440	11	0	1	440	333	772	0.0	752	1559
98631c6e7be0e7b94f3c0e6ba0e5b146	gi|219846898|ref|NR_026490.1|	97.500	440	11	0	1	440	320	759	0.0	752	84031
98631c6e7be0e7b94f3c0e6ba0e5b146	gi|310975222|ref|NR_037086.1|	97.500	440	11	0	1	440	316	755	0.0	752	1559
98631c6e7be0e7b94f3c0e6ba0e5b146	gi|636558671|ref|NR_114728.1|	97.500	440	11	0	1	440	287	726	0.0	752	1559
7954d8555e6cbed69d35a6fbc04b0cec	gi|636558732|ref|NR_114789.1|	94.773	440	23	0	1	440	347	786	0.0	686	1535
7954d8555e6cbed69d35a6fbc04b0cec	gi|1146059197|ref|NR_145929.1|	93.694	444	24	2	1	440	319	762	0.0	662	642589
7954d8555e6cbed69d35a6fbc04b0cec	gi|3248465687|ref|NR_201701.1|	93.454	443	26	2	1	440	330	772	0.0	654	3435187
7954d8555e6cbed69d35a6fbc04b0cec	gi|3248465688|ref|NR_201702.1|	93.454	443	26	2	1	440	328	770	0.0	654	3435000
7954d8555e6cbed69d35a6fbc04b0cec	gi|2836274966|ref|NR_197729.1|	93.409	440	29	0	1	440	304	743	0.0	652	3093657
7954d8555e6cbed69d35a6fbc04b0cec	gi|1193829157|ref|NR_147400.1|	92.955	440	31	0	1	440	339	778	0.0	641	1958780
7954d8555e6cbed69d35a6fbc04b0cec	gi|2836274967|ref|NR_197730.1|	92.955	440	31	0	1	440	312	751	0.0	641	3093658
7954d8555e6cbed69d35a6fbc04b0cec	gi|1116030278|ref|NR_144736.1|	92.955	440	31	0	1	440	360	799	0.0	641	1776382
7954d8555e6cbed69d35a6fbc04b0cec	gi|2363082799|ref|NR_179648.1|	92.727	440	32	0	1	440	339	778	0.0	636	2045012
7954d8555e6cbed69d35a6fbc04b0cec	gi|2180566484|ref|NR_174324.1|	92.727	440	32	0	1	440	346	785	0.0	636	2576756
b708c4d71a4ff6f58e2f2fa13e93a2b6	gi|2363082288|ref|NR_179391.1|	97.955	440	9	0	1	440	332	771	0.0	763	1499684
b708c4d71a4ff6f58e2f2fa13e93a2b6	gi|1116030238|ref|NR_144696.1|	97.955	440	9	0	1	440	333	772	0.0	763	1414720
b708c4d71a4ff6f58e2f2fa13e93a2b6	gi|219846899|ref|NR_026491.1|	97.955	440	9	0	1	440	319	758	0.0	763	84024
b708c4d71a4ff6f58e2f2fa13e93a2b6	gi|219846557|ref|NR_026149.1|	97.500	440	11	0	1	440	325	764	0.0	752	36850
b708c4d71a4ff6f58e2f2fa13e93a2b6	gi|219846575|ref|NR_026167.1|	96.833	442	11	2	1	440	246	686	0.0	739	36834
b708c4d71a4ff6f58e2f2fa13e93a2b6	gi|631252127|ref|NR_113325.1|	96.591	440	15	0	1	440	333	772	0.0	730	1559
b708c4d71a4ff6f58e2f2fa13e93a2b6	gi|219846898|ref|NR_026490.1|	96.591	440	15	0	1	440	320	759	0.0	730	84031
b708c4d71a4ff6f58e2f2fa13e93a2b6	gi|310975222|ref|NR_037086.1|	96.591	440	15	0	1	440	316	755	0.0	730	1559
b708c4d71a4ff6f58e2f2fa13e93a2b6	gi|636558671|ref|NR_114728.1|	96.591	440	15	0	1	440	287	726	0.0	730	1559
b708c4d71a4ff6f58e2f2fa13e93a2b6	gi|219846429|ref|NR_026020.1|	96.364	440	16	0	1	440	333	772	0.0	725	1504
87ee384400092e9e39cec413a220a82c	gi|2363081451|ref|NR_178972.1|	99.318	440	3	0	1	440	285	724	0.0	797	1851428
87ee384400092e9e39cec413a220a82c	gi|265678656|ref|NR_028961.1|	98.636	440	6	0	1	440	327	766	0.0	780	853
87ee384400092e9e39cec413a220a82c	gi|2363082282|ref|NR_179388.1|	98.409	440	7	0	1	440	335	774	0.0	774	2935520
87ee384400092e9e39cec413a220a82c	gi|2363080123|ref|NR_178280.1|	98.409	440	7	0	1	440	331	770	0.0	774	411483
87ee384400092e9e39cec413a220a82c	gi|3030611269|ref|NR_199945.1|	98.182	440	8	0	1	440	335	774	0.0	769	3435293
87ee384400092e9e39cec413a220a82c	gi|2363081449|ref|NR_178971.1|	97.955	440	8	1	1	440	285	723	0.0	761	1851427
87ee384400092e9e39cec413a220a82c	gi|2363080175|ref|NR_178311.1|	96.364	440	16	0	1	440	412	851	0.0	725	2903556
87ee384400092e9e39cec413a220a82c	gi|2363084747|ref|NR_180622.1|	92.971	441	29	2	1	440	335	774	0.0	641	2779354
87ee384400092e9e39cec413a220a82c	gi|1397641802|ref|NR_156911.1|	92.727	440	32	0	1	440	351	790	0.0	636	1650663
87ee384400092e9e39cec413a220a82c	gi|2363082356|ref|NR_179425.1|	92.517	441	31	2	1	440	351	790	2.07e-180	630	1689304
d0bd2e37a5f6500d74ce8380320ae5ce	gi|559795255|ref|NR_104846.1|	99.773	440	1	0	1	440	288	727	0.0	808	745368
d0bd2e37a5f6500d74ce8380320ae5ce	gi|265678692|ref|NR_028997.1|	98.866	441	4	1	1	440	303	743	0.0	785	214851
d0bd2e37a5f6500d74ce8380320ae5ce	gi|2363084747|ref|NR_180622.1|	95.000	440	22	0	1	440	335	774	0.0	691	2779354
d0bd2e37a5f6500d74ce8380320ae5ce	gi|1277396189|ref|NR_151900.1|	94.091	440	26	0	1	440	351	790	0.0	669	1550024
d0bd2e37a5f6500d74ce8380320ae5ce	gi|1397641802|ref|NR_156911.1|	93.864	440	27	0	1	440	351	790	0.0	664	1650663
d0bd2e37a5f6500d74ce8380320ae5ce	gi|2363080123|ref|NR_178280.1|	93.182	440	30	0	1	440	331	770	0.0	647	411483
d0bd2e37a5f6500d74ce8380320ae5ce	gi|3030611269|ref|NR_199945.1|	92.955	440	31	0	1	440	335	774	0.0	641	3435293
d0bd2e37a5f6500d74ce8380320ae5ce	gi|2363082356|ref|NR_179425.1|	92.971	441	29	2	1	440	351	790	0.0	641	1689304
d0bd2e37a5f6500d74ce8380320ae5ce	gi|2363082282|ref|NR_179388.1|	92.955	440	31	0	1	440	335	774	0.0	641	2935520
d0bd2e37a5f6500d74ce8380320ae5ce	gi|265678656|ref|NR_028961.1|	92.955	440	31	0	1	440	327	766	0.0	641	853
b8491012674fae80c01c37fe25f0accf	gi|631252675|ref|NR_113873.1|	99.776	447	1	0	1	447	312	758	0.0	821	1681
b8491012674fae80c01c37fe25f0accf	gi|645320595|ref|NR_117764.1|	99.776	447	1	0	1	447	305	751	0.0	821	500634
b8491012674fae80c01c37fe25f0accf	gi|645320256|ref|NR_117505.1|	99.776	447	1	0	1	447	312	758	0.0	821	1681
b8491012674fae80c01c37fe25f0accf	gi|343206179|ref|NR_044771.1|	99.776	447	1	0	1	447	312	758	0.0	821	1681
b8491012674fae80c01c37fe25f0accf	gi|1441204199|ref|NR_157614.1|	97.550	449	9	2	1	447	297	745	0.0	767	1769423
b8491012674fae80c01c37fe25f0accf	gi|559795375|ref|NR_104968.1|	97.327	449	10	2	1	447	280	728	0.0	761	33905
b8491012674fae80c01c37fe25f0accf	gi|219846082|ref|NR_025672.1|	97.327	449	10	2	1	447	332	780	0.0	761	212365
b8491012674fae80c01c37fe25f0accf	gi|310975253|ref|NR_037117.1|	97.092	447	13	0	1	447	331	777	0.0	754	28026
b8491012674fae80c01c37fe25f0accf	gi|631251581|ref|NR_112779.1|	97.092	447	13	0	1	447	331	777	0.0	754	1150460
b8491012674fae80c01c37fe25f0accf	gi|343201160|ref|NR_041875.1|	97.092	447	13	0	1	447	310	756	0.0	754	1686
440f921c0e7a22ab13f5bcf08024a43a	gi|310974936|ref|NR_036800.1|	99.545	440	2	0	1	440	326	765	0.0	802	411470
440f921c0e7a22ab13f5bcf08024a43a	gi|645321810|ref|NR_118690.1|	99.545	440	2	0	1	440	338	777	0.0	802	411470
440f921c0e7a22ab13f5bcf08024a43a	gi|2363085474|ref|NR_180986.1|	97.500	440	11	0	1	440	347	786	0.0	752	2681861
440f921c0e7a22ab13f5bcf08024a43a	gi|265678578|ref|NR_028883.1|	96.380	442	13	3	1	440	226	666	0.0	725	88431
440f921c0e7a22ab13f5bcf08024a43a	gi|631250892|ref|NR_112089.1|	96.372	441	14	2	1	440	336	775	0.0	725	553973
440f921c0e7a22ab13f5bcf08024a43a	gi|224581401|ref|NR_024719.1|	96.372	441	13	3	1	440	341	779	0.0	723	89153
440f921c0e7a22ab13f5bcf08024a43a	gi|2363085103|ref|NR_180800.1|	96.136	440	17	0	1	440	347	786	0.0	719	2652274
440f921c0e7a22ab13f5bcf08024a43a	gi|1397641798|ref|NR_156907.1|	96.154	442	13	4	1	440	348	787	0.0	719	1912855
440f921c0e7a22ab13f5bcf08024a43a	gi|1116030273|ref|NR_144731.1|	96.136	440	17	0	1	440	347	786	0.0	719	1720294
440f921c0e7a22ab13f5bcf08024a43a	gi|219857617|ref|NR_025206.1|	96.136	440	17	0	1	440	314	753	0.0	719	180286
27aee0b6e7d79f726292d989163acd67	gi|2363086284|ref|NR_181394.1|	98.182	440	8	0	1	440	306	745	0.0	769	2763668
27aee0b6e7d79f726292d989163acd67	gi|2136551633|ref|NR_173637.1|	97.727	440	10	0	1	440	294	733	0.0	758	2755051
27aee0b6e7d79f726292d989163acd67	gi|1277396183|ref|NR_151894.1|	97.727	440	10	0	1	440	335	774	0.0	758	433293
27aee0b6e7d79f726292d989163acd67	gi|2363085149|ref|NR_180823.1|	97.273	440	12	0	1	440	357	796	0.0	747	2606634
27aee0b6e7d79f726292d989163acd67	gi|2363086282|ref|NR_181393.1|	97.273	440	12	0	1	440	290	729	0.0	747	2763664
27aee0b6e7d79f726292d989163acd67	gi|559795194|ref|NR_104783.1|	97.273	440	12	0	1	440	353	792	0.0	747	290052
27aee0b6e7d79f726292d989163acd67	gi|2363085153|ref|NR_180825.1|	97.052	441	12	1	1	440	347	787	0.0	741	2605790
27aee0b6e7d79f726292d989163acd67	gi|219846511|ref|NR_026103.1|	96.818	440	14	0	1	440	316	755	0.0	736	37658
27aee0b6e7d79f726292d989163acd67	gi|1277396184|ref|NR_151895.1|	96.818	440	14	0	1	440	336	775	0.0	736	433286
27aee0b6e7d79f726292d989163acd67	gi|2363082059|ref|NR_179276.1|	96.591	440	15	0	1	440	334	773	0.0	730	2316025
34540a9147d321538d4ee69a831ceb60	gi|1193829161|ref|NR_147404.1|	99.349	461	3	0	1	461	340	800	0.0	835	1816687
34540a9147d321538d4ee69a831ceb60	gi|2363085161|ref|NR_180829.1|	91.991	462	34	3	1	461	341	800	0.0	645	2606637
34540a9147d321538d4ee69a831ceb60	gi|1277396175|ref|NR_151886.1|	90.672	461	42	1	1	461	341	800	7.88e-175	612	1703337
34540a9147d321538d4ee69a831ceb60	gi|631251897|ref|NR_113095.1|	90.281	463	40	5	1	461	341	800	1.71e-171	601	242750
34540a9147d321538d4ee69a831ceb60	gi|343200677|ref|NR_041364.1|	90.302	464	38	7	1	461	337	796	1.71e-171	601	1002367
34540a9147d321538d4ee69a831ceb60	gi|343198557|ref|NR_042857.1|	90.281	463	40	5	1	461	321	780	1.71e-171	601	242750
34540a9147d321538d4ee69a831ceb60	gi|485099085|ref|NR_102481.1|	90.043	462	43	3	1	461	337	796	7.94e-170	595	908937
34540a9147d321538d4ee69a831ceb60	gi|631251902|ref|NR_113100.1|	90.043	462	43	3	1	461	328	787	7.94e-170	595	908937
34540a9147d321538d4ee69a831ceb60	gi|265678976|ref|NR_029284.1|	90.043	462	43	3	1	461	308	767	7.94e-170	595	52227
34540a9147d321538d4ee69a831ceb60	gi|343206272|ref|NR_044864.1|	90.043	462	43	3	1	461	318	777	7.94e-170	595	1336250
6ea29f4fa90d8ba1d481c42e15fc191b	gi|2363085892|ref|NR_181198.1|	99.785	465	1	0	1	465	268	732	0.0	854	2735723
6ea29f4fa90d8ba1d481c42e15fc191b	gi|265678513|ref|NR_028816.1|	98.925	465	5	0	1	465	310	774	0.0	832	154288
6ea29f4fa90d8ba1d481c42e15fc191b	gi|566085589|ref|NR_109669.1|	91.613	465	39	0	1	465	329	793	0.0	643	1202712
6ea29f4fa90d8ba1d481c42e15fc191b	gi|636560492|ref|NR_116552.1|	91.613	465	39	0	1	465	291	755	0.0	643	1384057
6ea29f4fa90d8ba1d481c42e15fc191b	gi|636559469|ref|NR_115529.1|	91.613	465	39	0	1	465	320	784	0.0	643	1421
6ea29f4fa90d8ba1d481c42e15fc191b	gi|1811131534|ref|NR_165716.1|	91.398	465	40	0	1	465	317	781	0.0	638	2304605
6ea29f4fa90d8ba1d481c42e15fc191b	gi|2363086993|ref|NR_181753.1|	91.435	467	36	4	1	465	295	759	0.0	638	1547283
6ea29f4fa90d8ba1d481c42e15fc191b	gi|645321097|ref|NR_118146.1|	91.398	465	40	0	1	465	311	775	0.0	638	1130819
6ea29f4fa90d8ba1d481c42e15fc191b	gi|631251372|ref|NR_112569.1|	91.398	465	40	0	1	465	322	786	0.0	638	28031
6ea29f4fa90d8ba1d481c42e15fc191b	gi|631251431|ref|NR_112628.1|	91.398	465	40	0	1	465	322	786	0.0	638	28031
33157b2c0bc3fca9230db62df2a5d5e6	gi|645320257|ref|NR_117506.1|	99.326	445	3	0	1	445	311	755	0.0	806	216816
33157b2c0bc3fca9230db62df2a5d5e6	gi|545589064|ref|NR_044691.2|	99.101	445	4	0	1	445	341	785	0.0	802	216816
33157b2c0bc3fca9230db62df2a5d5e6	gi|1137647753|ref|NR_145535.1|	99.101	445	4	0	1	445	319	763	0.0	800	1931217
33157b2c0bc3fca9230db62df2a5d5e6	gi|343202943|ref|NR_043437.1|	99.101	445	4	0	1	445	328	772	0.0	800	1682
33157b2c0bc3fca9230db62df2a5d5e6	gi|2180566473|ref|NR_174313.1|	98.427	445	7	0	1	445	331	775	0.0	784	2650773
33157b2c0bc3fca9230db62df2a5d5e6	gi|2363087087|ref|NR_181799.1|	98.202	445	8	0	1	445	330	774	0.0	778	2809026
33157b2c0bc3fca9230db62df2a5d5e6	gi|545589069|ref|NR_044693.2|	97.753	445	10	0	1	445	339	783	0.0	778	1695
33157b2c0bc3fca9230db62df2a5d5e6	gi|1040567047|ref|NR_137396.1|	97.528	445	11	0	1	445	264	708	0.0	761	1798158
33157b2c0bc3fca9230db62df2a5d5e6	gi|2363084292|ref|NR_180396.1|	97.528	445	11	0	1	445	330	774	0.0	761	2306975
33157b2c0bc3fca9230db62df2a5d5e6	gi|1491520099|ref|NR_159261.1|	97.309	446	11	1	1	445	262	707	0.0	756	2052941
da05f4e54fa8e6c008fc619325893591	gi|219846340|ref|NR_025930.1|	99.321	442	2	1	1	441	296	737	0.0	798	40518
da05f4e54fa8e6c008fc619325893591	gi|2136551638|ref|NR_173642.1|	98.194	443	6	2	1	441	349	791	0.0	773	2678306
da05f4e54fa8e6c008fc619325893591	gi|2363084544|ref|NR_180520.1|	96.145	441	15	2	1	441	356	794	0.0	719	2564099
da05f4e54fa8e6c008fc619325893591	gi|2363082825|ref|NR_179661.1|	93.228	443	28	2	1	441	342	784	0.0	651	2086583
da05f4e54fa8e6c008fc619325893591	gi|636558732|ref|NR_114789.1|	91.837	441	35	1	1	441	347	786	2.09e-175	614	1535
da05f4e54fa8e6c008fc619325893591	gi|2136551663|ref|NR_173668.1|	91.629	442	34	3	1	441	294	733	9.73e-174	608	2766537
da05f4e54fa8e6c008fc619325893591	gi|3248465687|ref|NR_201701.1|	91.422	443	36	2	1	441	330	772	3.50e-173	606	3435187
da05f4e54fa8e6c008fc619325893591	gi|3248465688|ref|NR_201702.1|	91.422	443	36	2	1	441	328	770	3.50e-173	606	3435000
da05f4e54fa8e6c008fc619325893591	gi|2180566484|ref|NR_174324.1|	91.383	441	37	1	1	441	346	785	4.53e-172	603	2576756
da05f4e54fa8e6c008fc619325893591	gi|3248465658|ref|NR_201672.1|	90.766	444	37	4	1	441	296	738	3.52e-168	590	3381350
1d5ebd369df5fb5affe6ac1efc9d1c50	gi|3248465644|ref|NR_201656.1|	96.825	441	13	1	1	441	329	768	0.0	736	3417633
1d5ebd369df5fb5affe6ac1efc9d1c50	gi|507148077|ref|NR_102884.1|	95.011	441	21	1	1	441	331	770	0.0	691	213810
1d5ebd369df5fb5affe6ac1efc9d1c50	gi|444303976|ref|NR_074399.1|	95.011	441	21	1	1	441	333	772	0.0	691	697329
1d5ebd369df5fb5affe6ac1efc9d1c50	gi|631251834|ref|NR_113032.1|	95.011	441	21	1	1	441	333	772	0.0	691	1264
1d5ebd369df5fb5affe6ac1efc9d1c50	gi|636559173|ref|NR_115230.1|	95.011	441	21	1	1	441	333	772	0.0	691	697329
1d5ebd369df5fb5affe6ac1efc9d1c50	gi|219846339|ref|NR_025929.1|	95.011	441	21	1	1	441	328	767	0.0	691	697329
1d5ebd369df5fb5affe6ac1efc9d1c50	gi|636558832|ref|NR_114889.1|	94.785	441	21	2	1	441	277	715	0.0	686	213810
1d5ebd369df5fb5affe6ac1efc9d1c50	gi|2363082601|ref|NR_179547.1|	94.331	441	24	1	1	441	347	786	0.0	675	1870991
1d5ebd369df5fb5affe6ac1efc9d1c50	gi|3248465648|ref|NR_201660.1|	94.104	441	25	1	1	441	319	758	0.0	669	3417630
1d5ebd369df5fb5affe6ac1efc9d1c50	gi|219846341|ref|NR_025931.1|	93.439	442	26	3	1	441	308	747	0.0	652	1265
d55b4b1d8423248ff8cf1fd93aafcd06	gi|631251734|ref|NR_112932.1|	99.348	460	3	0	1	460	328	787	0.0	833	47678
d55b4b1d8423248ff8cf1fd93aafcd06	gi|219846650|ref|NR_026242.1|	99.348	460	3	0	1	460	318	777	0.0	833	47678
d55b4b1d8423248ff8cf1fd93aafcd06	gi|631251869|ref|NR_113067.1|	97.609	460	11	0	1	460	325	784	0.0	789	1077285
d55b4b1d8423248ff8cf1fd93aafcd06	gi|343200626|ref|NR_041313.1|	97.609	460	11	0	1	460	340	799	0.0	789	338188
d55b4b1d8423248ff8cf1fd93aafcd06	gi|645320100|ref|NR_117387.1|	97.391	460	12	0	1	460	320	779	0.0	784	1077285
d55b4b1d8423248ff8cf1fd93aafcd06	gi|631251749|ref|NR_112947.1|	97.174	460	13	0	1	460	326	785	0.0	780	657309
d55b4b1d8423248ff8cf1fd93aafcd06	gi|2363084431|ref|NR_180463.1|	97.174	460	13	0	1	460	340	799	0.0	778	2650158
d55b4b1d8423248ff8cf1fd93aafcd06	gi|2363084421|ref|NR_180458.1|	97.174	460	13	0	1	460	340	799	0.0	778	2650157
d55b4b1d8423248ff8cf1fd93aafcd06	gi|343201773|ref|NR_042499.1|	97.174	460	13	0	1	460	294	753	0.0	778	657309
d55b4b1d8423248ff8cf1fd93aafcd06	gi|343200620|ref|NR_041307.1|	97.174	460	13	0	1	460	334	793	0.0	778	329854
5e5fbf3d2dcdfdfd83574b07cac89411	gi|265678656|ref|NR_028961.1|	99.318	440	3	0	1	440	327	766	0.0	797	853
5e5fbf3d2dcdfdfd83574b07cac89411	gi|2363081451|ref|NR_178972.1|	98.636	440	6	0	1	440	285	724	0.0	780	1851428
5e5fbf3d2dcdfdfd83574b07cac89411	gi|2363080123|ref|NR_178280.1|	98.636	440	6	0	1	440	331	770	0.0	780	411483
5e5fbf3d2dcdfdfd83574b07cac89411	gi|3030611269|ref|NR_199945.1|	98.409	440	7	0	1	440	335	774	0.0	774	3435293
5e5fbf3d2dcdfdfd83574b07cac89411	gi|2363081449|ref|NR_178971.1|	98.409	440	6	1	1	440	285	723	0.0	773	1851427
5e5fbf3d2dcdfdfd83574b07cac89411	gi|2363082282|ref|NR_179388.1|	97.955	440	9	0	1	440	335	774	0.0	763	2935520
5e5fbf3d2dcdfdfd83574b07cac89411	gi|2363080175|ref|NR_178311.1|	96.818	440	14	0	1	440	412	851	0.0	736	2903556
5e5fbf3d2dcdfdfd83574b07cac89411	gi|1397641802|ref|NR_156911.1|	92.727	440	32	0	1	440	351	790	0.0	636	1650663
5e5fbf3d2dcdfdfd83574b07cac89411	gi|2363082356|ref|NR_179425.1|	92.727	440	32	0	1	440	351	790	0.0	636	1689304
5e5fbf3d2dcdfdfd83574b07cac89411	gi|2363084747|ref|NR_180622.1|	92.500	440	33	0	1	440	335	774	2.07e-180	630	2779354
7da5161c373fde14e771eab57febf77a	gi|1116030238|ref|NR_144696.1|	99.545	440	2	0	1	440	333	772	0.0	802	1414720
7da5161c373fde14e771eab57febf77a	gi|219846899|ref|NR_026491.1|	99.545	440	2	0	1	440	319	758	0.0	802	84024
7da5161c373fde14e771eab57febf77a	gi|219846557|ref|NR_026149.1|	98.636	440	6	0	1	440	325	764	0.0	780	36850
7da5161c373fde14e771eab57febf77a	gi|219846575|ref|NR_026167.1|	98.416	442	4	2	1	440	246	686	0.0	778	36834
7da5161c373fde14e771eab57febf77a	gi|219846422|ref|NR_026013.1|	97.955	440	9	0	1	440	333	772	0.0	763	46867
7da5161c373fde14e771eab57febf77a	gi|2363082288|ref|NR_179391.1|	97.727	440	10	0	1	440	332	771	0.0	758	1499684
7da5161c373fde14e771eab57febf77a	gi|631252127|ref|NR_113325.1|	97.727	440	10	0	1	440	333	772	0.0	758	1559
7da5161c373fde14e771eab57febf77a	gi|219846898|ref|NR_026490.1|	97.727	440	10	0	1	440	320	759	0.0	758	84031
7da5161c373fde14e771eab57febf77a	gi|310975222|ref|NR_037086.1|	97.727	440	10	0	1	440	316	755	0.0	758	1559
7da5161c373fde14e771eab57febf77a	gi|636558671|ref|NR_114728.1|	97.727	440	10	0	1	440	287	726	0.0	758	1559
e2c44ff369fad3ff504cc3422e5c355a	gi|2363082679|ref|NR_179587.1|	96.591	440	15	0	1	440	328	767	0.0	730	1926283
e2c44ff369fad3ff504cc3422e5c355a	gi|1384992332|ref|NR_156081.1|	96.591	440	15	0	1	440	336	775	0.0	730	1469948
e2c44ff369fad3ff504cc3422e5c355a	gi|1384992329|ref|NR_156078.1|	96.591	440	15	0	1	440	336	775	0.0	730	1469948
e2c44ff369fad3ff504cc3422e5c355a	gi|2363081854|ref|NR_179173.1|	96.591	440	15	0	1	440	333	772	0.0	730	2126740
e2c44ff369fad3ff504cc3422e5c355a	gi|3030611230|ref|NR_199906.1|	96.364	440	16	0	1	440	354	793	0.0	725	3123317
e2c44ff369fad3ff504cc3422e5c355a	gi|3030611314|ref|NR_199990.1|	96.364	440	16	0	1	440	350	789	0.0	725	3123317
e2c44ff369fad3ff504cc3422e5c355a	gi|1384992331|ref|NR_156080.1|	96.364	440	16	0	1	440	336	775	0.0	725	1469948
e2c44ff369fad3ff504cc3422e5c355a	gi|1384992328|ref|NR_156077.1|	96.364	440	16	0	1	440	336	775	0.0	725	1469948
e2c44ff369fad3ff504cc3422e5c355a	gi|631253128|ref|NR_114326.1|	96.136	440	17	0	1	440	334	773	0.0	719	1150298
e2c44ff369fad3ff504cc3422e5c355a	gi|2363087259|ref|NR_181885.1|	95.682	440	19	0	1	440	335	774	0.0	710	2885351
4acdf2dc12a18f638a30a8d91a852792	gi|559795255|ref|NR_104846.1|	96.591	440	15	0	1	440	288	727	0.0	730	745368
4acdf2dc12a18f638a30a8d91a852792	gi|265678692|ref|NR_028997.1|	95.692	441	18	1	1	440	303	743	0.0	708	214851
4acdf2dc12a18f638a30a8d91a852792	gi|3030611269|ref|NR_199945.1|	94.773	440	23	0	1	440	335	774	0.0	686	3435293
4acdf2dc12a18f638a30a8d91a852792	gi|265678656|ref|NR_028961.1|	94.318	440	25	0	1	440	327	766	0.0	675	853
4acdf2dc12a18f638a30a8d91a852792	gi|2363081451|ref|NR_178972.1|	94.091	440	26	0	1	440	285	724	0.0	669	1851428
4acdf2dc12a18f638a30a8d91a852792	gi|2363080123|ref|NR_178280.1|	94.091	440	26	0	1	440	331	770	0.0	669	411483
4acdf2dc12a18f638a30a8d91a852792	gi|2363081449|ref|NR_178971.1|	93.864	440	26	1	1	440	285	723	0.0	662	1851427
4acdf2dc12a18f638a30a8d91a852792	gi|2363082356|ref|NR_179425.1|	93.636	440	28	0	1	440	351	790	0.0	658	1689304
4acdf2dc12a18f638a30a8d91a852792	gi|1397641802|ref|NR_156911.1|	93.409	440	29	0	1	440	351	790	0.0	652	1650663
4acdf2dc12a18f638a30a8d91a852792	gi|2363082282|ref|NR_179388.1|	93.424	441	27	2	1	440	335	774	0.0	652	2935520
d0e2879e83d812094371818b377b6b8c	gi|343198925|ref|NR_044049.1|	99.091	440	4	0	1	440	316	755	0.0	791	33043
d0e2879e83d812094371818b377b6b8c	gi|2363086278|ref|NR_181391.1|	95.227	440	21	0	1	440	249	688	0.0	697	2763670
d0e2879e83d812094371818b377b6b8c	gi|219856842|ref|NR_024661.1|	95.227	440	21	0	1	440	361	800	0.0	697	42322
d0e2879e83d812094371818b377b6b8c	gi|559795169|ref|NR_104758.1|	95.000	440	22	0	1	440	345	784	0.0	691	1282887
d0e2879e83d812094371818b377b6b8c	gi|631252121|ref|NR_113319.1|	94.773	440	23	0	1	440	350	789	0.0	686	645466
d0e2879e83d812094371818b377b6b8c	gi|1384992332|ref|NR_156081.1|	94.545	440	24	0	1	440	336	775	0.0	680	1469948
d0e2879e83d812094371818b377b6b8c	gi|1384992329|ref|NR_156078.1|	94.545	440	24	0	1	440	336	775	0.0	680	1469948
d0e2879e83d812094371818b377b6b8c	gi|636560803|ref|NR_116863.1|	94.558	441	23	1	1	440	337	777	0.0	680	645466
d0e2879e83d812094371818b377b6b8c	gi|3030611230|ref|NR_199906.1|	94.318	440	25	0	1	440	354	793	0.0	675	3123317
d0e2879e83d812094371818b377b6b8c	gi|3030611314|ref|NR_199990.1|	94.318	440	25	0	1	440	350	789	0.0	675	3123317
bf0ab02c34505a9437a5099946718c20	gi|343198540|ref|NR_042832.1|	99.546	441	2	0	1	441	330	770	0.0	804	301302
bf0ab02c34505a9437a5099946718c20	gi|444439494|ref|NR_074809.1|	98.639	441	6	0	1	441	350	790	0.0	782	585394
bf0ab02c34505a9437a5099946718c20	gi|645320588|ref|NR_117758.1|	98.643	442	5	1	1	441	322	763	0.0	782	166486
bf0ab02c34505a9437a5099946718c20	gi|228716944|ref|NR_027557.1|	98.643	442	5	1	1	441	343	784	0.0	782	536231
bf0ab02c34505a9437a5099946718c20	gi|444304209|ref|NR_074634.1|	98.413	441	6	1	1	441	350	789	0.0	774	515619
bf0ab02c34505a9437a5099946718c20	gi|343201282|ref|NR_042008.1|	98.413	441	6	1	1	441	341	780	0.0	774	585394
bf0ab02c34505a9437a5099946718c20	gi|1227086116|ref|NR_148619.1|	97.964	442	8	1	1	441	301	742	0.0	765	1712665
bf0ab02c34505a9437a5099946718c20	gi|343201281|ref|NR_042007.1|	97.748	444	5	5	1	441	343	784	0.0	760	622312
bf0ab02c34505a9437a5099946718c20	gi|2363086282|ref|NR_181393.1|	97.506	441	10	1	1	441	290	729	0.0	752	2763664
bf0ab02c34505a9437a5099946718c20	gi|2363085153|ref|NR_180825.1|	97.279	441	12	0	1	441	347	787	0.0	749	2605790
554bc041833d6c16351b174fa55c410a	gi|631251747|ref|NR_112945.1|	99.783	460	1	0	1	460	327	786	0.0	845	820
554bc041833d6c16351b174fa55c410a	gi|343200179|ref|NR_040866.1|	99.783	460	1	0	1	460	334	793	0.0	845	820
554bc041833d6c16351b174fa55c410a	gi|2363086550|ref|NR_181532.1|	99.348	460	3	0	1	460	322	781	0.0	833	2763025
554bc041833d6c16351b174fa55c410a	gi|2363082773|ref|NR_179635.1|	97.609	460	11	0	1	460	338	797	0.0	789	2024197
554bc041833d6c16351b174fa55c410a	gi|631251874|ref|NR_113072.1|	97.391	460	12	0	1	460	338	797	0.0	784	1236512
554bc041833d6c16351b174fa55c410a	gi|631251816|ref|NR_113014.1|	97.174	460	13	0	1	460	338	797	0.0	778	1236512
554bc041833d6c16351b174fa55c410a	gi|631251735|ref|NR_112933.1|	96.957	460	14	0	1	460	334	793	0.0	773	246787
554bc041833d6c16351b174fa55c410a	gi|343200620|ref|NR_041307.1|	96.739	460	15	0	1	460	334	793	0.0	767	329854
554bc041833d6c16351b174fa55c410a	gi|2363084421|ref|NR_180458.1|	96.522	460	16	0	1	460	340	799	0.0	761	2650157
554bc041833d6c16351b174fa55c410a	gi|2363082635|ref|NR_179564.1|	96.522	460	16	0	1	460	338	797	0.0	761	1903262
ba3aab356c26e8c844a7507baa21eb20	gi|310975253|ref|NR_037117.1|	99.553	447	2	0	1	447	331	777	0.0	815	28026
ba3aab356c26e8c844a7507baa21eb20	gi|631251581|ref|NR_112779.1|	99.553	447	2	0	1	447	331	777	0.0	815	1150460
ba3aab356c26e8c844a7507baa21eb20	gi|343201160|ref|NR_041875.1|	99.553	447	2	0	1	447	310	756	0.0	815	1686
ba3aab356c26e8c844a7507baa21eb20	gi|3248465902|ref|NR_201917.1|	99.105	447	4	0	1	447	338	784	0.0	804	3692808
ba3aab356c26e8c844a7507baa21eb20	gi|310974989|ref|NR_036853.1|	98.658	447	6	0	1	447	330	776	0.0	793	1683
ba3aab356c26e8c844a7507baa21eb20	gi|2363087083|ref|NR_181797.1|	98.214	448	6	2	1	447	250	696	0.0	782	2834432
ba3aab356c26e8c844a7507baa21eb20	gi|636559583|ref|NR_115643.1|	98.214	448	6	2	1	447	248	694	0.0	782	78345
ba3aab356c26e8c844a7507baa21eb20	gi|1269801543|ref|NR_074802.2|	97.996	449	7	2	1	447	341	789	0.0	778	367928
ba3aab356c26e8c844a7507baa21eb20	gi|961555015|ref|NR_133982.1|	97.996	449	7	2	1	447	311	759	0.0	778	1680
ba3aab356c26e8c844a7507baa21eb20	gi|645321680|ref|NR_118589.1|	97.996	449	7	2	1	447	335	783	0.0	778	1437612
9eb2583927436906f42980a3c661bb91	gi|1193829153|ref|NR_147396.1|	97.273	440	12	0	1	440	328	767	0.0	747	1917870
9eb2583927436906f42980a3c661bb91	gi|2363085097|ref|NR_180797.1|	97.045	440	13	0	1	440	346	785	0.0	741	2605778
9eb2583927436906f42980a3c661bb91	gi|343198783|ref|NR_043680.1|	96.591	440	15	0	1	440	257	696	0.0	730	358742
9eb2583927436906f42980a3c661bb91	gi|2363082679|ref|NR_179587.1|	96.364	440	16	0	1	440	328	767	0.0	725	1926283
9eb2583927436906f42980a3c661bb91	gi|2363081854|ref|NR_179173.1|	96.364	440	16	0	1	440	333	772	0.0	725	2126740
9eb2583927436906f42980a3c661bb91	gi|2363083601|ref|NR_180048.1|	95.909	440	18	0	1	440	338	777	0.0	713	253257
9eb2583927436906f42980a3c661bb91	gi|2962412268|ref|NR_199462.1|	95.909	440	18	0	1	440	303	742	0.0	713	3111456
9eb2583927436906f42980a3c661bb91	gi|2836274880|ref|NR_197643.1|	95.909	440	18	0	1	440	329	768	0.0	713	2962432
9eb2583927436906f42980a3c661bb91	gi|636559154|ref|NR_115211.1|	95.909	440	18	0	1	440	333	772	0.0	713	253257
9eb2583927436906f42980a3c661bb91	gi|3030611230|ref|NR_199906.1|	95.682	440	19	0	1	440	354	793	0.0	708	3123317
8fd0d23323fc061c043903baf5b6268b	gi|2363082779|ref|NR_179638.1|	99.318	440	3	0	1	440	348	787	0.0	797	2040291
8fd0d23323fc061c043903baf5b6268b	gi|545589044|ref|NR_044645.2|	98.409	440	7	0	1	440	355	794	0.0	782	39486
8fd0d23323fc061c043903baf5b6268b	gi|1397641798|ref|NR_156907.1|	96.591	440	15	0	1	440	348	787	0.0	730	1912855
8fd0d23323fc061c043903baf5b6268b	gi|1109168038|ref|NR_144617.1|	96.591	440	15	0	1	440	340	779	0.0	730	1796634
8fd0d23323fc061c043903baf5b6268b	gi|2363086021|ref|NR_181263.1|	96.136	440	17	0	1	440	334	773	0.0	719	2726362
8fd0d23323fc061c043903baf5b6268b	gi|343203027|ref|NR_043551.1|	95.909	440	18	0	1	440	349	788	0.0	713	341220
8fd0d23323fc061c043903baf5b6268b	gi|3248465643|ref|NR_201655.1|	95.692	441	17	2	1	440	313	752	0.0	708	3380807
8fd0d23323fc061c043903baf5b6268b	gi|2136551567|ref|NR_173570.1|	95.692	441	17	2	1	440	330	769	0.0	708	1912090
8fd0d23323fc061c043903baf5b6268b	gi|2363082765|ref|NR_179631.1|	95.701	442	15	4	1	440	348	787	0.0	708	2014528
8fd0d23323fc061c043903baf5b6268b	gi|631253194|ref|NR_114392.1|	95.692	441	17	2	1	440	350	789	0.0	708	1544
cbbc0582bfdc668d0fe55bee0f199309	gi|1193829161|ref|NR_147404.1|	99.783	461	1	0	1	461	340	800	0.0	846	1816687
cbbc0582bfdc668d0fe55bee0f199309	gi|2363085161|ref|NR_180829.1|	92.424	462	32	3	1	461	341	800	0.0	656	2606637
cbbc0582bfdc668d0fe55bee0f199309	gi|1277396175|ref|NR_151886.1|	91.106	461	40	1	1	461	341	800	3.64e-178	623	1703337
cbbc0582bfdc668d0fe55bee0f199309	gi|631251897|ref|NR_113095.1|	90.713	463	38	5	1	461	341	800	7.88e-175	612	242750
cbbc0582bfdc668d0fe55bee0f199309	gi|343200677|ref|NR_041364.1|	90.733	464	36	7	1	461	337	796	7.88e-175	612	1002367
cbbc0582bfdc668d0fe55bee0f199309	gi|343198557|ref|NR_042857.1|	90.713	463	38	5	1	461	321	780	7.88e-175	612	242750
cbbc0582bfdc668d0fe55bee0f199309	gi|485099085|ref|NR_102481.1|	90.476	462	41	3	1	461	337	796	3.67e-173	606	908937
cbbc0582bfdc668d0fe55bee0f199309	gi|631251902|ref|NR_113100.1|	90.476	462	41	3	1	461	328	787	3.67e-173	606	908937
cbbc0582bfdc668d0fe55bee0f199309	gi|265678976|ref|NR_029284.1|	90.476	462	41	3	1	461	308	767	3.67e-173	606	52227
cbbc0582bfdc668d0fe55bee0f199309	gi|343206272|ref|NR_044864.1|	90.476	462	41	3	1	461	318	777	3.67e-173	606	1336250
957850e5ef88ce9d770bd21eff78d41c	gi|2260349448|ref|NR_176530.1|	96.154	442	17	0	1	442	358	799	0.0	723	2093857
957850e5ef88ce9d770bd21eff78d41c	gi|2363082559|ref|NR_179526.1|	96.154	442	17	0	1	442	349	790	0.0	723	1841866
957850e5ef88ce9d770bd21eff78d41c	gi|2363082170|ref|NR_179331.1|	96.163	443	16	1	1	442	328	770	0.0	723	2714358
957850e5ef88ce9d770bd21eff78d41c	gi|2363082165|ref|NR_179329.1|	93.891	442	27	0	1	442	327	768	0.0	667	2714353
957850e5ef88ce9d770bd21eff78d41c	gi|2363082168|ref|NR_179330.1|	93.665	442	28	0	1	442	327	768	0.0	662	2714355
957850e5ef88ce9d770bd21eff78d41c	gi|645321110|ref|NR_118156.1|	93.439	442	29	0	1	442	304	745	0.0	656	1007096
957850e5ef88ce9d770bd21eff78d41c	gi|2363082569|ref|NR_179531.1|	93.213	442	30	0	1	442	347	788	0.0	651	1852369
957850e5ef88ce9d770bd21eff78d41c	gi|2962412234|ref|NR_199428.1|	93.213	442	30	0	1	442	352	793	0.0	651	3073143
957850e5ef88ce9d770bd21eff78d41c	gi|1269801610|ref|NR_074793.2|	92.986	442	31	0	1	442	355	796	0.0	645	351091
957850e5ef88ce9d770bd21eff78d41c	gi|343200653|ref|NR_041340.1|	92.986	442	31	0	1	442	328	769	0.0	645	351091
41b4da9e199ad214de1eed0a3546c074	gi|2363081451|ref|NR_178972.1|	99.091	440	4	0	1	440	285	724	0.0	791	1851428
41b4da9e199ad214de1eed0a3546c074	gi|265678656|ref|NR_028961.1|	98.409	440	7	0	1	440	327	766	0.0	774	853
41b4da9e199ad214de1eed0a3546c074	gi|2363082282|ref|NR_179388.1|	98.182	440	8	0	1	440	335	774	0.0	769	2935520
41b4da9e199ad214de1eed0a3546c074	gi|2363080123|ref|NR_178280.1|	98.182	440	8	0	1	440	331	770	0.0	769	411483
41b4da9e199ad214de1eed0a3546c074	gi|3030611269|ref|NR_199945.1|	97.955	440	9	0	1	440	335	774	0.0	763	3435293
41b4da9e199ad214de1eed0a3546c074	gi|2363081449|ref|NR_178971.1|	97.955	440	8	1	1	440	285	723	0.0	761	1851427
41b4da9e199ad214de1eed0a3546c074	gi|2363080175|ref|NR_178311.1|	96.136	440	17	0	1	440	412	851	0.0	719	2903556
41b4da9e199ad214de1eed0a3546c074	gi|1397641802|ref|NR_156911.1|	92.727	440	32	0	1	440	351	790	0.0	636	1650663
41b4da9e199ad214de1eed0a3546c074	gi|2363084747|ref|NR_180622.1|	92.727	440	32	0	1	440	335	774	0.0	636	2779354
41b4da9e199ad214de1eed0a3546c074	gi|2363082356|ref|NR_179425.1|	92.517	441	31	2	1	440	351	790	2.07e-180	630	1689304
8c0247139702e245b16c413a0ddc556d	gi|645321785|ref|NR_118670.1|	97.273	440	12	0	1	440	357	796	0.0	754	39496
8c0247139702e245b16c413a0ddc556d	gi|219857617|ref|NR_025206.1|	95.000	440	22	0	1	440	314	753	0.0	691	180286
8c0247139702e245b16c413a0ddc556d	gi|2363086310|ref|NR_181407.1|	94.331	441	23	2	1	440	355	794	0.0	675	2850323
8c0247139702e245b16c413a0ddc556d	gi|1397641798|ref|NR_156907.1|	94.091	440	26	0	1	440	348	787	0.0	669	1912855
8c0247139702e245b16c413a0ddc556d	gi|631250892|ref|NR_112089.1|	94.091	440	26	0	1	440	336	775	0.0	669	553973
8c0247139702e245b16c413a0ddc556d	gi|224581401|ref|NR_024719.1|	94.091	440	25	1	1	440	341	779	0.0	667	89153
8c0247139702e245b16c413a0ddc556d	gi|219857618|ref|NR_025207.1|	93.864	440	27	0	1	440	321	760	0.0	665	180311
8c0247139702e245b16c413a0ddc556d	gi|2363082765|ref|NR_179631.1|	93.864	440	27	0	1	440	348	787	0.0	664	2014528
8c0247139702e245b16c413a0ddc556d	gi|631253194|ref|NR_114392.1|	93.878	441	25	2	1	440	350	789	0.0	664	1544
8c0247139702e245b16c413a0ddc556d	gi|2363086308|ref|NR_181406.1|	93.878	441	25	2	1	440	357	796	0.0	664	2850322
f8f5c6b4ed27fb756e0415c08eedd95c	gi|2621112340|ref|NR_189244.1|	93.034	445	26	5	1	443	363	804	0.0	645	3046382
f8f5c6b4ed27fb756e0415c08eedd95c	gi|2621112341|ref|NR_189245.1|	92.809	445	27	5	1	443	363	804	0.0	640	3046383
f8f5c6b4ed27fb756e0415c08eedd95c	gi|2363086262|ref|NR_181383.1|	89.238	446	43	5	1	443	307	750	4.65e-157	553	2763654
f8f5c6b4ed27fb756e0415c08eedd95c	gi|2363086268|ref|NR_181386.1|	88.989	445	45	4	1	443	303	745	2.16e-155	547	2763655
f8f5c6b4ed27fb756e0415c08eedd95c	gi|559795176|ref|NR_104765.1|	87.162	444	55	2	1	443	323	765	4.75e-142	503	108007
f8f5c6b4ed27fb756e0415c08eedd95c	gi|343205970|ref|NR_044489.1|	87.162	444	55	2	1	443	336	778	4.75e-142	503	857293
f8f5c6b4ed27fb756e0415c08eedd95c	gi|1491509619|ref|NR_159150.1|	87.191	445	52	4	1	443	350	791	1.71e-141	501	489973
f8f5c6b4ed27fb756e0415c08eedd95c	gi|1491509615|ref|NR_159146.1|	86.937	444	55	3	1	443	348	789	7.94e-140	496	1715347
f8f5c6b4ed27fb756e0415c08eedd95c	gi|645320205|ref|NR_117466.1|	86.937	444	55	3	1	443	332	773	7.94e-140	496	699281
f8f5c6b4ed27fb756e0415c08eedd95c	gi|343199076|ref|NR_044503.1|	87.025	447	47	8	1	443	450	889	2.86e-139	494	520762
6e56b2a8970fbf5d42a6dbdc73d5683a	gi|1040567059|ref|NR_137408.1|	98.861	439	5	0	1	439	290	728	0.0	784	1460447
6e56b2a8970fbf5d42a6dbdc73d5683a	gi|559795157|ref|NR_104744.1|	98.633	439	6	0	1	439	320	758	0.0	778	1541
6e56b2a8970fbf5d42a6dbdc73d5683a	gi|645322288|ref|NR_119074.1|	98.633	439	6	0	1	439	297	735	0.0	778	1121315
6e56b2a8970fbf5d42a6dbdc73d5683a	gi|1116030282|ref|NR_144740.1|	97.722	439	10	0	1	439	321	759	0.0	756	1776391
6e56b2a8970fbf5d42a6dbdc73d5683a	gi|228718376|ref|NR_027573.1|	97.494	439	11	0	1	439	303	741	0.0	750	261299
6e56b2a8970fbf5d42a6dbdc73d5683a	gi|2363083072|ref|NR_179784.1|	97.267	439	12	0	1	439	301	739	0.0	745	2020948
6e56b2a8970fbf5d42a6dbdc73d5683a	gi|645322235|ref|NR_119034.1|	97.267	439	11	1	1	439	320	757	0.0	743	1121321
6e56b2a8970fbf5d42a6dbdc73d5683a	gi|2363082877|ref|NR_179687.1|	97.039	439	13	0	1	439	273	711	0.0	739	2662455
6e56b2a8970fbf5d42a6dbdc73d5683a	gi|1230874654|ref|NR_148815.1|	97.039	439	13	0	1	439	319	757	0.0	739	1629550
6e56b2a8970fbf5d42a6dbdc73d5683a	gi|974142280|ref|NR_134800.1|	97.039	439	13	0	1	439	255	693	0.0	739	1368474
6f14f3f1e2e1372e27cf9272b64e43e0	gi|631252118|ref|NR_113316.1|	99.546	441	2	0	1	441	327	767	0.0	804	74426
6f14f3f1e2e1372e27cf9272b64e43e0	gi|265678302|ref|NR_028604.1|	98.639	441	5	1	1	441	327	766	0.0	780	74426
6f14f3f1e2e1372e27cf9272b64e43e0	gi|1193829136|ref|NR_147379.1|	96.833	442	11	3	1	441	328	767	0.0	736	1907654
6f14f3f1e2e1372e27cf9272b64e43e0	gi|1193829156|ref|NR_147399.1|	95.918	441	17	1	1	441	328	767	0.0	713	1871016
6f14f3f1e2e1372e27cf9272b64e43e0	gi|1109167962|ref|NR_144579.1|	95.465	441	19	1	1	441	322	761	0.0	702	1232426
6f14f3f1e2e1372e27cf9272b64e43e0	gi|2363082368|ref|NR_179431.1|	95.238	441	20	1	1	441	328	767	0.0	697	1720204
6f14f3f1e2e1372e27cf9272b64e43e0	gi|631251967|ref|NR_113165.1|	95.238	441	20	1	1	441	328	767	0.0	697	147207
6f14f3f1e2e1372e27cf9272b64e43e0	gi|631251966|ref|NR_113164.1|	95.238	441	20	1	1	441	328	767	0.0	697	147206
6f14f3f1e2e1372e27cf9272b64e43e0	gi|2363084792|ref|NR_180644.1|	95.011	441	21	1	1	441	249	688	0.0	693	2603815
6f14f3f1e2e1372e27cf9272b64e43e0	gi|2363082703|ref|NR_179599.1|	94.796	442	20	3	1	441	308	747	0.0	686	1937461
e7360155c1110100272d8b32b437ceaf	gi|228718376|ref|NR_027573.1|	99.544	439	2	0	1	439	303	741	0.0	800	261299
e7360155c1110100272d8b32b437ceaf	gi|645322235|ref|NR_119034.1|	98.405	439	6	1	1	439	320	757	0.0	771	1121321
e7360155c1110100272d8b32b437ceaf	gi|631251934|ref|NR_113132.1|	98.178	439	8	0	1	439	321	759	0.0	767	1121308
e7360155c1110100272d8b32b437ceaf	gi|2363081240|ref|NR_178864.1|	97.950	439	9	0	1	439	321	759	0.0	761	1507512
e7360155c1110100272d8b32b437ceaf	gi|631251942|ref|NR_113140.1|	97.950	439	9	0	1	439	319	757	0.0	761	1505
e7360155c1110100272d8b32b437ceaf	gi|631250975|ref|NR_112172.1|	97.945	438	9	0	2	439	313	750	0.0	761	1121308
e7360155c1110100272d8b32b437ceaf	gi|645319814|ref|NR_117174.1|	97.722	439	10	0	1	439	316	754	0.0	756	1737
e7360155c1110100272d8b32b437ceaf	gi|631250758|ref|NR_104812.1|	97.722	439	10	0	1	439	318	756	0.0	756	1737
e7360155c1110100272d8b32b437ceaf	gi|559795110|ref|NR_104696.1|	97.722	439	10	0	1	439	319	757	0.0	756	29358
e7360155c1110100272d8b32b437ceaf	gi|636559738|ref|NR_115798.1|	97.722	439	10	0	1	439	321	759	0.0	756	1737
788ea1c1ed04a723c560ab5e690e294f	gi|444304091|ref|NR_074515.1|	98.915	461	3	2	1	460	350	809	0.0	822	435590
788ea1c1ed04a723c560ab5e690e294f	gi|631251748|ref|NR_112946.1|	98.915	461	3	2	1	460	339	798	0.0	822	821
788ea1c1ed04a723c560ab5e690e294f	gi|343200664|ref|NR_041351.1|	98.696	460	6	0	1	460	341	800	0.0	817	357276
788ea1c1ed04a723c560ab5e690e294f	gi|631250946|ref|NR_112143.1|	98.698	461	4	2	1	460	307	766	0.0	817	821
788ea1c1ed04a723c560ab5e690e294f	gi|631251997|ref|NR_113195.1|	93.913	460	28	0	1	460	338	797	0.0	695	1236515
788ea1c1ed04a723c560ab5e690e294f	gi|631251866|ref|NR_113064.1|	93.696	460	29	0	1	460	338	797	0.0	689	1236538
788ea1c1ed04a723c560ab5e690e294f	gi|631251817|ref|NR_113015.1|	93.696	460	29	0	1	460	338	797	0.0	689	1236538
788ea1c1ed04a723c560ab5e690e294f	gi|645320081|ref|NR_117373.1|	93.696	460	29	0	1	460	289	748	0.0	689	1236515
788ea1c1ed04a723c560ab5e690e294f	gi|2363085522|ref|NR_181010.1|	93.261	460	31	0	1	460	297	756	0.0	678	2786956
788ea1c1ed04a723c560ab5e690e294f	gi|2363082773|ref|NR_179635.1|	93.261	460	31	0	1	460	338	797	0.0	678	2024197
76183d90a2b42144b03f5359a7c5dd3d	gi|1116030238|ref|NR_144696.1|	99.091	440	4	0	1	440	333	772	0.0	791	1414720
76183d90a2b42144b03f5359a7c5dd3d	gi|219846899|ref|NR_026491.1|	99.091	440	4	0	1	440	319	758	0.0	791	84024
76183d90a2b42144b03f5359a7c5dd3d	gi|219846557|ref|NR_026149.1|	98.636	440	6	0	1	440	325	764	0.0	780	36850
76183d90a2b42144b03f5359a7c5dd3d	gi|219846575|ref|NR_026167.1|	97.964	442	6	2	1	440	246	686	0.0	767	36834
76183d90a2b42144b03f5359a7c5dd3d	gi|2363082288|ref|NR_179391.1|	97.727	440	10	0	1	440	332	771	0.0	758	1499684
76183d90a2b42144b03f5359a7c5dd3d	gi|219846422|ref|NR_026013.1|	97.500	440	11	0	1	440	333	772	0.0	752	46867
76183d90a2b42144b03f5359a7c5dd3d	gi|631252127|ref|NR_113325.1|	97.273	440	12	0	1	440	333	772	0.0	747	1559
76183d90a2b42144b03f5359a7c5dd3d	gi|219846898|ref|NR_026490.1|	97.273	440	12	0	1	440	320	759	0.0	747	84031
76183d90a2b42144b03f5359a7c5dd3d	gi|310975222|ref|NR_037086.1|	97.273	440	12	0	1	440	316	755	0.0	747	1559
76183d90a2b42144b03f5359a7c5dd3d	gi|636558671|ref|NR_114728.1|	97.273	440	12	0	1	440	287	726	0.0	747	1559
04776383746370e826ebbf56ec8da2e4	gi|559795255|ref|NR_104846.1|	99.545	440	2	0	1	440	288	727	0.0	802	745368
04776383746370e826ebbf56ec8da2e4	gi|265678692|ref|NR_028997.1|	98.639	441	5	1	1	440	303	743	0.0	780	214851
04776383746370e826ebbf56ec8da2e4	gi|2363084747|ref|NR_180622.1|	94.773	440	23	0	1	440	335	774	0.0	686	2779354
04776383746370e826ebbf56ec8da2e4	gi|1277396189|ref|NR_151900.1|	93.864	440	27	0	1	440	351	790	0.0	664	1550024
04776383746370e826ebbf56ec8da2e4	gi|1397641802|ref|NR_156911.1|	93.636	440	28	0	1	440	351	790	0.0	658	1650663
04776383746370e826ebbf56ec8da2e4	gi|2363080123|ref|NR_178280.1|	92.955	440	31	0	1	440	331	770	0.0	641	411483
04776383746370e826ebbf56ec8da2e4	gi|3030611269|ref|NR_199945.1|	92.727	440	32	0	1	440	335	774	0.0	636	3435293
04776383746370e826ebbf56ec8da2e4	gi|2363082356|ref|NR_179425.1|	92.744	441	30	2	1	440	351	790	0.0	636	1689304
04776383746370e826ebbf56ec8da2e4	gi|2363082282|ref|NR_179388.1|	92.727	440	32	0	1	440	335	774	0.0	636	2935520
04776383746370e826ebbf56ec8da2e4	gi|265678656|ref|NR_028961.1|	92.727	440	32	0	1	440	327	766	0.0	636	853
4e6d845ba5cd2d0d0c221797ace2432c	gi|631251955|ref|NR_113153.1|	99.348	460	3	0	1	460	334	793	0.0	833	328814
4e6d845ba5cd2d0d0c221797ace2432c	gi|343202834|ref|NR_043319.1|	99.130	460	4	0	1	460	323	782	0.0	830	717959
4e6d845ba5cd2d0d0c221797ace2432c	gi|507148054|ref|NR_102861.1|	99.130	460	4	0	1	460	334	793	0.0	828	717959
4e6d845ba5cd2d0d0c221797ace2432c	gi|507148137|ref|NR_102944.1|	98.043	460	9	0	1	460	334	793	0.0	800	214856
4e6d845ba5cd2d0d0c221797ace2432c	gi|343198609|ref|NR_043064.1|	98.043	460	9	0	1	460	314	773	0.0	800	214856
4e6d845ba5cd2d0d0c221797ace2432c	gi|631251952|ref|NR_113150.1|	97.826	460	10	0	1	460	334	793	0.0	795	214856
4e6d845ba5cd2d0d0c221797ace2432c	gi|636559243|ref|NR_115300.1|	97.609	460	11	0	1	460	314	773	0.0	789	679935
4e6d845ba5cd2d0d0c221797ace2432c	gi|2363086959|ref|NR_181736.1|	97.391	460	12	0	1	460	334	793	0.0	784	2834113
4e6d845ba5cd2d0d0c221797ace2432c	gi|645321193|ref|NR_118219.1|	96.957	460	14	0	1	460	332	791	0.0	773	1033732
4e6d845ba5cd2d0d0c221797ace2432c	gi|2363082505|ref|NR_179499.1|	96.739	460	15	0	1	460	342	801	0.0	767	2364787
87f7b6b8a44d4c9c96cf82eddb83438c	gi|631251734|ref|NR_112932.1|	99.130	460	4	0	1	460	328	787	0.0	828	47678
87f7b6b8a44d4c9c96cf82eddb83438c	gi|219846650|ref|NR_026242.1|	99.130	460	4	0	1	460	318	777	0.0	828	47678
87f7b6b8a44d4c9c96cf82eddb83438c	gi|631251869|ref|NR_113067.1|	97.391	460	12	0	1	460	325	784	0.0	784	1077285
87f7b6b8a44d4c9c96cf82eddb83438c	gi|343200626|ref|NR_041313.1|	97.391	460	12	0	1	460	340	799	0.0	784	338188
87f7b6b8a44d4c9c96cf82eddb83438c	gi|645320100|ref|NR_117387.1|	97.174	460	13	0	1	460	320	779	0.0	778	1077285
87f7b6b8a44d4c9c96cf82eddb83438c	gi|631251749|ref|NR_112947.1|	96.957	460	14	0	1	460	326	785	0.0	774	657309
87f7b6b8a44d4c9c96cf82eddb83438c	gi|2363084431|ref|NR_180463.1|	96.957	460	14	0	1	460	340	799	0.0	773	2650158
87f7b6b8a44d4c9c96cf82eddb83438c	gi|2363084421|ref|NR_180458.1|	96.957	460	14	0	1	460	340	799	0.0	773	2650157
87f7b6b8a44d4c9c96cf82eddb83438c	gi|343201773|ref|NR_042499.1|	96.957	460	14	0	1	460	294	753	0.0	773	657309
87f7b6b8a44d4c9c96cf82eddb83438c	gi|343200620|ref|NR_041307.1|	96.957	460	14	0	1	460	334	793	0.0	773	329854
aa7c5ea28104d0aca6ed00cc2448732c	gi|2363082165|ref|NR_179329.1|	98.869	442	5	0	1	442	327	768	0.0	789	2714353
aa7c5ea28104d0aca6ed00cc2448732c	gi|2363082168|ref|NR_179330.1|	98.643	442	6	0	1	442	327	768	0.0	784	2714355
aa7c5ea28104d0aca6ed00cc2448732c	gi|645321110|ref|NR_118156.1|	94.131	443	24	2	1	442	304	745	0.0	673	1007096
aa7c5ea28104d0aca6ed00cc2448732c	gi|2962412234|ref|NR_199428.1|	93.905	443	25	2	1	442	352	793	0.0	667	3073143
aa7c5ea28104d0aca6ed00cc2448732c	gi|1269801610|ref|NR_074793.2|	93.679	443	26	2	1	442	355	796	0.0	662	351091
aa7c5ea28104d0aca6ed00cc2448732c	gi|343200653|ref|NR_041340.1|	93.679	443	26	2	1	442	328	769	0.0	662	351091
aa7c5ea28104d0aca6ed00cc2448732c	gi|2363087001|ref|NR_181757.1|	93.483	445	23	6	1	442	289	730	0.0	656	2841504
aa7c5ea28104d0aca6ed00cc2448732c	gi|2260349448|ref|NR_176530.1|	93.002	443	29	2	1	442	358	799	0.0	645	2093857
aa7c5ea28104d0aca6ed00cc2448732c	gi|2363082559|ref|NR_179526.1|	93.002	443	29	2	1	442	349	790	0.0	645	1841866
aa7c5ea28104d0aca6ed00cc2448732c	gi|2363082170|ref|NR_179331.1|	93.002	443	30	1	1	442	328	770	0.0	645	2714358
c16bb0f3aeada1685cb8585969e9fe85	gi|2363081451|ref|NR_178972.1|	99.091	440	4	0	1	440	285	724	0.0	791	1851428
c16bb0f3aeada1685cb8585969e9fe85	gi|265678656|ref|NR_028961.1|	98.409	440	7	0	1	440	327	766	0.0	774	853
c16bb0f3aeada1685cb8585969e9fe85	gi|2363082282|ref|NR_179388.1|	98.182	440	8	0	1	440	335	774	0.0	769	2935520
c16bb0f3aeada1685cb8585969e9fe85	gi|2363080123|ref|NR_178280.1|	98.182	440	8	0	1	440	331	770	0.0	769	411483
c16bb0f3aeada1685cb8585969e9fe85	gi|3030611269|ref|NR_199945.1|	97.955	440	9	0	1	440	335	774	0.0	763	3435293
c16bb0f3aeada1685cb8585969e9fe85	gi|2363081449|ref|NR_178971.1|	97.955	440	8	1	1	440	285	723	0.0	761	1851427
c16bb0f3aeada1685cb8585969e9fe85	gi|2363080175|ref|NR_178311.1|	96.136	440	17	0	1	440	412	851	0.0	719	2903556
c16bb0f3aeada1685cb8585969e9fe85	gi|2363084747|ref|NR_180622.1|	92.744	441	30	2	1	440	335	774	0.0	636	2779354
c16bb0f3aeada1685cb8585969e9fe85	gi|1397641802|ref|NR_156911.1|	92.500	440	33	0	1	440	351	790	2.07e-180	630	1650663
c16bb0f3aeada1685cb8585969e9fe85	gi|2363082356|ref|NR_179425.1|	92.290	441	32	2	1	440	351	790	9.64e-179	625	1689304
b3848784b15a911d85523f855bce54fd	gi|2363081451|ref|NR_178972.1|	98.864	440	5	0	1	440	285	724	0.0	785	1851428
b3848784b15a911d85523f855bce54fd	gi|265678656|ref|NR_028961.1|	98.182	440	8	0	1	440	327	766	0.0	769	853
b3848784b15a911d85523f855bce54fd	gi|2363082282|ref|NR_179388.1|	97.955	440	9	0	1	440	335	774	0.0	763	2935520
b3848784b15a911d85523f855bce54fd	gi|2363080123|ref|NR_178280.1|	97.955	440	9	0	1	440	331	770	0.0	763	411483
b3848784b15a911d85523f855bce54fd	gi|3030611269|ref|NR_199945.1|	97.727	440	10	0	1	440	335	774	0.0	758	3435293
b3848784b15a911d85523f855bce54fd	gi|2363081449|ref|NR_178971.1|	98.144	431	8	0	1	431	285	715	0.0	752	1851427
b3848784b15a911d85523f855bce54fd	gi|2363080175|ref|NR_178311.1|	95.909	440	18	0	1	440	412	851	0.0	713	2903556
b3848784b15a911d85523f855bce54fd	gi|1397641802|ref|NR_156911.1|	92.500	440	33	0	1	440	351	790	2.07e-180	630	1650663
b3848784b15a911d85523f855bce54fd	gi|2363084747|ref|NR_180622.1|	92.500	440	33	0	1	440	335	774	2.07e-180	630	2779354
b3848784b15a911d85523f855bce54fd	gi|2363082356|ref|NR_179425.1|	92.290	441	32	2	1	440	351	790	9.64e-179	625	1689304
9dc816007e6fb48ed75c84e36c869b23	gi|2363082679|ref|NR_179587.1|	98.182	440	8	0	1	440	328	767	0.0	769	1926283
9dc816007e6fb48ed75c84e36c869b23	gi|2363081854|ref|NR_179173.1|	98.182	440	8	0	1	440	333	772	0.0	769	2126740
9dc816007e6fb48ed75c84e36c869b23	gi|2363086280|ref|NR_181392.1|	96.380	442	14	1	1	440	324	765	0.0	726	2763665
9dc816007e6fb48ed75c84e36c869b23	gi|2363085169|ref|NR_180833.1|	95.909	440	18	0	1	440	337	776	0.0	713	2606635
9dc816007e6fb48ed75c84e36c869b23	gi|1384992332|ref|NR_156081.1|	95.909	440	18	0	1	440	336	775	0.0	713	1469948
9dc816007e6fb48ed75c84e36c869b23	gi|1384992329|ref|NR_156078.1|	95.909	440	18	0	1	440	336	775	0.0	713	1469948
9dc816007e6fb48ed75c84e36c869b23	gi|2962412221|ref|NR_199415.1|	95.909	440	18	0	1	440	338	777	0.0	713	3136600
9dc816007e6fb48ed75c84e36c869b23	gi|2363085097|ref|NR_180797.1|	95.909	440	18	0	1	440	346	785	0.0	713	2605778
9dc816007e6fb48ed75c84e36c869b23	gi|3030611230|ref|NR_199906.1|	95.682	440	19	0	1	440	354	793	0.0	708	3123317
9dc816007e6fb48ed75c84e36c869b23	gi|2363085332|ref|NR_180914.1|	95.682	440	19	0	1	440	328	767	0.0	708	2696063
0efb8892e2952ee62f0ce986ebe68df9	gi|3248465644|ref|NR_201656.1|	96.825	441	13	1	1	441	329	768	0.0	736	3417633
0efb8892e2952ee62f0ce986ebe68df9	gi|507148077|ref|NR_102884.1|	95.011	441	21	1	1	441	331	770	0.0	691	213810
0efb8892e2952ee62f0ce986ebe68df9	gi|444303976|ref|NR_074399.1|	95.011	441	21	1	1	441	333	772	0.0	691	697329
0efb8892e2952ee62f0ce986ebe68df9	gi|631251834|ref|NR_113032.1|	95.011	441	21	1	1	441	333	772	0.0	691	1264
0efb8892e2952ee62f0ce986ebe68df9	gi|636559173|ref|NR_115230.1|	95.011	441	21	1	1	441	333	772	0.0	691	697329
0efb8892e2952ee62f0ce986ebe68df9	gi|219846339|ref|NR_025929.1|	95.011	441	21	1	1	441	328	767	0.0	691	697329
0efb8892e2952ee62f0ce986ebe68df9	gi|636558832|ref|NR_114889.1|	94.785	441	21	2	1	441	277	715	0.0	686	213810
0efb8892e2952ee62f0ce986ebe68df9	gi|2363082601|ref|NR_179547.1|	94.331	441	24	1	1	441	347	786	0.0	675	1870991
0efb8892e2952ee62f0ce986ebe68df9	gi|3248465648|ref|NR_201660.1|	94.104	441	25	1	1	441	319	758	0.0	669	3417630
0efb8892e2952ee62f0ce986ebe68df9	gi|219846341|ref|NR_025931.1|	93.439	442	26	3	1	441	308	747	0.0	652	1265
5ef5de0c21927b25504b7fb129a85885	gi|444304189|ref|NR_074613.1|	99.318	440	3	0	1	440	350	789	0.0	797	515620
5ef5de0c21927b25504b7fb129a85885	gi|559795246|ref|NR_104836.1|	96.818	440	14	0	1	440	333	772	0.0	736	706562
5ef5de0c21927b25504b7fb129a85885	gi|559795169|ref|NR_104758.1|	96.136	440	17	0	1	440	345	784	0.0	719	1282887
5ef5de0c21927b25504b7fb129a85885	gi|645321781|ref|NR_118667.1|	95.011	441	20	2	1	440	355	794	0.0	704	28052
5ef5de0c21927b25504b7fb129a85885	gi|343198925|ref|NR_044049.1|	94.091	440	26	0	1	440	316	755	0.0	669	33043
5ef5de0c21927b25504b7fb129a85885	gi|343202586|ref|NR_042953.1|	93.878	441	25	2	1	440	308	747	0.0	664	264463
5ef5de0c21927b25504b7fb129a85885	gi|219846511|ref|NR_026103.1|	93.636	440	28	0	1	440	316	755	0.0	658	37658
5ef5de0c21927b25504b7fb129a85885	gi|1277396183|ref|NR_151894.1|	93.636	440	28	0	1	440	335	774	0.0	658	433293
5ef5de0c21927b25504b7fb129a85885	gi|219857405|ref|NR_024993.1|	93.651	441	26	2	1	440	349	788	0.0	658	99656
5ef5de0c21927b25504b7fb129a85885	gi|645321792|ref|NR_118676.1|	93.182	440	30	0	1	440	370	809	0.0	656	39497
ce5658702282e60f83d30898e397e0f5	gi|2363086284|ref|NR_181394.1|	97.500	440	11	0	1	440	306	745	0.0	752	2763668
ce5658702282e60f83d30898e397e0f5	gi|2136551633|ref|NR_173637.1|	97.045	440	13	0	1	440	294	733	0.0	741	2755051
ce5658702282e60f83d30898e397e0f5	gi|1277396183|ref|NR_151894.1|	97.045	440	13	0	1	440	335	774	0.0	741	433293
ce5658702282e60f83d30898e397e0f5	gi|2363085149|ref|NR_180823.1|	96.591	440	15	0	1	440	357	796	0.0	730	2606634
ce5658702282e60f83d30898e397e0f5	gi|2363086282|ref|NR_181393.1|	96.591	440	15	0	1	440	290	729	0.0	730	2763664
ce5658702282e60f83d30898e397e0f5	gi|559795194|ref|NR_104783.1|	96.591	440	15	0	1	440	353	792	0.0	730	290052
ce5658702282e60f83d30898e397e0f5	gi|2363085153|ref|NR_180825.1|	96.372	441	15	1	1	440	347	787	0.0	725	2605790
ce5658702282e60f83d30898e397e0f5	gi|219846511|ref|NR_026103.1|	96.136	440	17	0	1	440	316	755	0.0	719	37658
ce5658702282e60f83d30898e397e0f5	gi|1277396184|ref|NR_151895.1|	96.136	440	17	0	1	440	336	775	0.0	719	433286
ce5658702282e60f83d30898e397e0f5	gi|2363082059|ref|NR_179276.1|	95.909	440	18	0	1	440	334	773	0.0	713	2316025
09cb560eb12872accf92977f34de3db4	gi|636560687|ref|NR_116747.1|	99.318	440	3	0	1	440	301	740	0.0	797	1298596
09cb560eb12872accf92977f34de3db4	gi|2363085133|ref|NR_180815.1|	97.045	440	13	0	1	440	350	789	0.0	741	2606633
09cb560eb12872accf92977f34de3db4	gi|2363083556|ref|NR_180026.1|	97.045	440	13	0	1	440	348	787	0.0	741	2696678
09cb560eb12872accf92977f34de3db4	gi|1909404440|ref|NR_170495.1|	96.818	440	14	0	1	440	355	794	0.0	736	2509240
09cb560eb12872accf92977f34de3db4	gi|2363082374|ref|NR_179434.1|	96.818	440	14	0	1	440	349	788	0.0	736	1720300
09cb560eb12872accf92977f34de3db4	gi|228719063|ref|NR_027579.1|	96.591	440	15	0	1	440	316	755	0.0	736	471875
09cb560eb12872accf92977f34de3db4	gi|310974914|ref|NR_036777.1|	97.222	432	12	0	1	432	333	764	0.0	734	33039
09cb560eb12872accf92977f34de3db4	gi|631251356|ref|NR_112553.1|	96.599	441	14	1	1	440	348	788	0.0	730	342942
09cb560eb12872accf92977f34de3db4	gi|2363084846|ref|NR_180671.1|	96.136	440	17	0	1	440	63	502	0.0	719	2594882
09cb560eb12872accf92977f34de3db4	gi|2962412221|ref|NR_199415.1|	96.136	440	17	0	1	440	338	777	0.0	719	3136600
214c3d934dcbba19ee87a27b221a9cf6	gi|2363082679|ref|NR_179587.1|	99.545	440	2	0	1	440	328	767	0.0	802	1926283
214c3d934dcbba19ee87a27b221a9cf6	gi|2363081854|ref|NR_179173.1|	99.545	440	2	0	1	440	333	772	0.0	802	2126740
214c3d934dcbba19ee87a27b221a9cf6	gi|1384992332|ref|NR_156081.1|	97.273	440	12	0	1	440	336	775	0.0	747	1469948
214c3d934dcbba19ee87a27b221a9cf6	gi|1384992329|ref|NR_156078.1|	97.273	440	12	0	1	440	336	775	0.0	747	1469948
214c3d934dcbba19ee87a27b221a9cf6	gi|3030611230|ref|NR_199906.1|	97.045	440	13	0	1	440	354	793	0.0	741	3123317
214c3d934dcbba19ee87a27b221a9cf6	gi|3030611314|ref|NR_199990.1|	97.045	440	13	0	1	440	350	789	0.0	741	3123317
214c3d934dcbba19ee87a27b221a9cf6	gi|1384992331|ref|NR_156080.1|	97.045	440	13	0	1	440	336	775	0.0	741	1469948
214c3d934dcbba19ee87a27b221a9cf6	gi|1384992328|ref|NR_156077.1|	97.045	440	13	0	1	440	336	775	0.0	741	1469948
214c3d934dcbba19ee87a27b221a9cf6	gi|2363085097|ref|NR_180797.1|	97.045	440	13	0	1	440	346	785	0.0	741	2605778
214c3d934dcbba19ee87a27b221a9cf6	gi|2363082819|ref|NR_179658.1|	97.045	440	13	0	1	440	353	792	0.0	741	2086584
56215020bc09b3a32b0c6ed80a310d2d	gi|2363082569|ref|NR_179531.1|	94.820	444	19	4	1	442	347	788	0.0	689	1852369
56215020bc09b3a32b0c6ed80a310d2d	gi|2363082168|ref|NR_179330.1|	94.570	442	24	0	1	442	327	768	0.0	684	2714355
56215020bc09b3a32b0c6ed80a310d2d	gi|2363082165|ref|NR_179329.1|	94.344	442	25	0	1	442	327	768	0.0	678	2714353
56215020bc09b3a32b0c6ed80a310d2d	gi|2363082342|ref|NR_179418.1|	93.905	443	26	1	1	442	348	790	0.0	667	1673721
56215020bc09b3a32b0c6ed80a310d2d	gi|645321110|ref|NR_118156.1|	92.584	445	27	5	1	442	304	745	0.0	634	1007096
56215020bc09b3a32b0c6ed80a310d2d	gi|1269801610|ref|NR_074793.2|	92.325	443	32	2	1	442	355	796	7.49e-180	628	351091
56215020bc09b3a32b0c6ed80a310d2d	gi|343200653|ref|NR_041340.1|	92.325	443	32	2	1	442	328	769	7.49e-180	628	351091
56215020bc09b3a32b0c6ed80a310d2d	gi|2260349448|ref|NR_176530.1|	91.910	445	30	5	1	442	358	799	1.62e-176	617	2093857
56215020bc09b3a32b0c6ed80a310d2d	gi|2363084741|ref|NR_180619.1|	91.874	443	35	1	1	442	347	789	1.62e-176	617	2779352
56215020bc09b3a32b0c6ed80a310d2d	gi|2363082559|ref|NR_179526.1|	91.910	445	30	5	1	442	349	790	1.62e-176	617	1841866
7f657dec5f8a07051601277afd91a416	gi|2363081451|ref|NR_178972.1|	99.318	440	3	0	1	440	285	724	0.0	797	1851428
7f657dec5f8a07051601277afd91a416	gi|265678656|ref|NR_028961.1|	98.636	440	6	0	1	440	327	766	0.0	780	853
7f657dec5f8a07051601277afd91a416	gi|2363082282|ref|NR_179388.1|	98.409	440	7	0	1	440	335	774	0.0	774	2935520
7f657dec5f8a07051601277afd91a416	gi|2363080123|ref|NR_178280.1|	98.409	440	7	0	1	440	331	770	0.0	774	411483
7f657dec5f8a07051601277afd91a416	gi|3030611269|ref|NR_199945.1|	98.182	440	8	0	1	440	335	774	0.0	769	3435293
7f657dec5f8a07051601277afd91a416	gi|2363081449|ref|NR_178971.1|	97.955	440	8	1	1	440	285	723	0.0	761	1851427
7f657dec5f8a07051601277afd91a416	gi|2363080175|ref|NR_178311.1|	96.364	440	16	0	1	440	412	851	0.0	725	2903556
7f657dec5f8a07051601277afd91a416	gi|1397641802|ref|NR_156911.1|	92.955	440	31	0	1	440	351	790	0.0	641	1650663
7f657dec5f8a07051601277afd91a416	gi|2363084747|ref|NR_180622.1|	92.955	440	31	0	1	440	335	774	0.0	641	2779354
7f657dec5f8a07051601277afd91a416	gi|2363082356|ref|NR_179425.1|	92.744	441	30	2	1	440	351	790	0.0	636	1689304
cae71c95ffa35c4e0c1c67733a1bb007	gi|265678656|ref|NR_028961.1|	100.000	440	0	0	1	440	327	766	0.0	813	853
cae71c95ffa35c4e0c1c67733a1bb007	gi|2363081451|ref|NR_178972.1|	99.318	440	3	0	1	440	285	724	0.0	797	1851428
cae71c95ffa35c4e0c1c67733a1bb007	gi|2363080123|ref|NR_178280.1|	99.318	440	3	0	1	440	331	770	0.0	797	411483
cae71c95ffa35c4e0c1c67733a1bb007	gi|3030611269|ref|NR_199945.1|	99.091	440	4	0	1	440	335	774	0.0	791	3435293
cae71c95ffa35c4e0c1c67733a1bb007	gi|2363081449|ref|NR_178971.1|	98.864	440	4	1	1	440	285	723	0.0	784	1851427
cae71c95ffa35c4e0c1c67733a1bb007	gi|2363082282|ref|NR_179388.1|	98.636	440	6	0	1	440	335	774	0.0	780	2935520
cae71c95ffa35c4e0c1c67733a1bb007	gi|2363080175|ref|NR_178311.1|	97.500	440	11	0	1	440	412	851	0.0	752	2903556
cae71c95ffa35c4e0c1c67733a1bb007	gi|1397641802|ref|NR_156911.1|	93.409	440	29	0	1	440	351	790	0.0	652	1650663
cae71c95ffa35c4e0c1c67733a1bb007	gi|2363082356|ref|NR_179425.1|	93.409	440	29	0	1	440	351	790	0.0	652	1689304
cae71c95ffa35c4e0c1c67733a1bb007	gi|2363084747|ref|NR_180622.1|	93.182	440	30	0	1	440	335	774	0.0	647	2779354
35b48ff54d1f9e369134cad83a0a1f64	gi|2363086284|ref|NR_181394.1|	97.500	440	11	0	1	440	306	745	0.0	752	2763668
35b48ff54d1f9e369134cad83a0a1f64	gi|2136551633|ref|NR_173637.1|	97.045	440	13	0	1	440	294	733	0.0	741	2755051
35b48ff54d1f9e369134cad83a0a1f64	gi|1277396183|ref|NR_151894.1|	97.045	440	13	0	1	440	335	774	0.0	741	433293
35b48ff54d1f9e369134cad83a0a1f64	gi|2363085149|ref|NR_180823.1|	96.591	440	15	0	1	440	357	796	0.0	730	2606634
35b48ff54d1f9e369134cad83a0a1f64	gi|2363086282|ref|NR_181393.1|	96.591	440	15	0	1	440	290	729	0.0	730	2763664
35b48ff54d1f9e369134cad83a0a1f64	gi|559795194|ref|NR_104783.1|	96.591	440	15	0	1	440	353	792	0.0	730	290052
35b48ff54d1f9e369134cad83a0a1f64	gi|2363085153|ref|NR_180825.1|	96.372	441	15	1	1	440	347	787	0.0	725	2605790
35b48ff54d1f9e369134cad83a0a1f64	gi|219846511|ref|NR_026103.1|	96.136	440	17	0	1	440	316	755	0.0	719	37658
35b48ff54d1f9e369134cad83a0a1f64	gi|1277396184|ref|NR_151895.1|	96.136	440	17	0	1	440	336	775	0.0	719	433286
35b48ff54d1f9e369134cad83a0a1f64	gi|2363082059|ref|NR_179276.1|	95.909	440	18	0	1	440	334	773	0.0	713	2316025
a11907fd7e0c053232c5e91afad65333	gi|645320257|ref|NR_117506.1|	99.326	445	3	0	1	445	311	755	0.0	806	216816
a11907fd7e0c053232c5e91afad65333	gi|545589064|ref|NR_044691.2|	99.101	445	4	0	1	445	341	785	0.0	802	216816
a11907fd7e0c053232c5e91afad65333	gi|1137647753|ref|NR_145535.1|	99.101	445	4	0	1	445	319	763	0.0	800	1931217
a11907fd7e0c053232c5e91afad65333	gi|343202943|ref|NR_043437.1|	99.101	445	4	0	1	445	328	772	0.0	800	1682
a11907fd7e0c053232c5e91afad65333	gi|2180566473|ref|NR_174313.1|	98.427	445	7	0	1	445	331	775	0.0	784	2650773
a11907fd7e0c053232c5e91afad65333	gi|2363087087|ref|NR_181799.1|	98.202	445	8	0	1	445	330	774	0.0	778	2809026
a11907fd7e0c053232c5e91afad65333	gi|545589069|ref|NR_044693.2|	97.753	445	10	0	1	445	339	783	0.0	778	1695
a11907fd7e0c053232c5e91afad65333	gi|1040567047|ref|NR_137396.1|	97.528	445	11	0	1	445	264	708	0.0	761	1798158
a11907fd7e0c053232c5e91afad65333	gi|2363084292|ref|NR_180396.1|	97.528	445	11	0	1	445	330	774	0.0	761	2306975
a11907fd7e0c053232c5e91afad65333	gi|1491520099|ref|NR_159261.1|	97.309	446	11	1	1	445	262	707	0.0	756	2052941
d97fcefbd9700fd2d244c7dcb45e73ff	gi|2363081451|ref|NR_178972.1|	99.091	440	4	0	1	440	285	724	0.0	791	1851428
d97fcefbd9700fd2d244c7dcb45e73ff	gi|265678656|ref|NR_028961.1|	98.409	440	7	0	1	440	327	766	0.0	774	853
d97fcefbd9700fd2d244c7dcb45e73ff	gi|2363082282|ref|NR_179388.1|	98.182	440	8	0	1	440	335	774	0.0	769	2935520
d97fcefbd9700fd2d244c7dcb45e73ff	gi|2363080123|ref|NR_178280.1|	98.182	440	8	0	1	440	331	770	0.0	769	411483
d97fcefbd9700fd2d244c7dcb45e73ff	gi|3030611269|ref|NR_199945.1|	97.955	440	9	0	1	440	335	774	0.0	763	3435293
d97fcefbd9700fd2d244c7dcb45e73ff	gi|2363081449|ref|NR_178971.1|	98.376	431	7	0	1	431	285	715	0.0	758	1851427
d97fcefbd9700fd2d244c7dcb45e73ff	gi|2363080175|ref|NR_178311.1|	96.136	440	17	0	1	440	412	851	0.0	719	2903556
d97fcefbd9700fd2d244c7dcb45e73ff	gi|2363084747|ref|NR_180622.1|	92.744	441	30	2	1	440	335	774	0.0	636	2779354
d97fcefbd9700fd2d244c7dcb45e73ff	gi|1397641802|ref|NR_156911.1|	92.500	440	33	0	1	440	351	790	2.07e-180	630	1650663
d97fcefbd9700fd2d244c7dcb45e73ff	gi|2363082356|ref|NR_179425.1|	92.290	441	32	2	1	440	351	790	9.64e-179	625	1689304
9229cd62998bec0c4d389770e4009ce6	gi|559795255|ref|NR_104846.1|	97.045	440	13	0	1	440	288	727	0.0	741	745368
9229cd62998bec0c4d389770e4009ce6	gi|265678692|ref|NR_028997.1|	96.145	441	16	1	1	440	303	743	0.0	719	214851
9229cd62998bec0c4d389770e4009ce6	gi|3030611269|ref|NR_199945.1|	95.227	440	21	0	1	440	335	774	0.0	697	3435293
9229cd62998bec0c4d389770e4009ce6	gi|265678656|ref|NR_028961.1|	94.773	440	23	0	1	440	327	766	0.0	686	853
9229cd62998bec0c4d389770e4009ce6	gi|2363081451|ref|NR_178972.1|	94.545	440	24	0	1	440	285	724	0.0	680	1851428
9229cd62998bec0c4d389770e4009ce6	gi|2363080123|ref|NR_178280.1|	94.545	440	24	0	1	440	331	770	0.0	680	411483
9229cd62998bec0c4d389770e4009ce6	gi|2363081449|ref|NR_178971.1|	94.318	440	24	1	1	440	285	723	0.0	673	1851427
9229cd62998bec0c4d389770e4009ce6	gi|2363082356|ref|NR_179425.1|	94.091	440	26	0	1	440	351	790	0.0	669	1689304
9229cd62998bec0c4d389770e4009ce6	gi|1397641802|ref|NR_156911.1|	93.864	440	27	0	1	440	351	790	0.0	664	1650663
9229cd62998bec0c4d389770e4009ce6	gi|2363082282|ref|NR_179388.1|	93.878	441	25	2	1	440	335	774	0.0	664	2935520
61a71b940d21cad361da8c40fcc8e8c1	gi|2363082679|ref|NR_179587.1|	96.136	440	17	0	1	440	328	767	0.0	719	1926283
61a71b940d21cad361da8c40fcc8e8c1	gi|2363081854|ref|NR_179173.1|	96.136	440	17	0	1	440	333	772	0.0	719	2126740
61a71b940d21cad361da8c40fcc8e8c1	gi|3030611230|ref|NR_199906.1|	95.909	440	18	0	1	440	354	793	0.0	713	3123317
61a71b940d21cad361da8c40fcc8e8c1	gi|3030611314|ref|NR_199990.1|	95.909	440	18	0	1	440	350	789	0.0	713	3123317
61a71b940d21cad361da8c40fcc8e8c1	gi|1384992331|ref|NR_156080.1|	95.909	440	18	0	1	440	336	775	0.0	713	1469948
61a71b940d21cad361da8c40fcc8e8c1	gi|1384992328|ref|NR_156077.1|	95.909	440	18	0	1	440	336	775	0.0	713	1469948
61a71b940d21cad361da8c40fcc8e8c1	gi|1384992332|ref|NR_156081.1|	95.682	440	19	0	1	440	336	775	0.0	708	1469948
61a71b940d21cad361da8c40fcc8e8c1	gi|1384992329|ref|NR_156078.1|	95.682	440	19	0	1	440	336	775	0.0	708	1469948
61a71b940d21cad361da8c40fcc8e8c1	gi|1441204227|ref|NR_157642.1|	95.682	440	19	0	1	440	301	740	0.0	708	1653435
61a71b940d21cad361da8c40fcc8e8c1	gi|2836274880|ref|NR_197643.1|	95.455	440	20	0	1	440	329	768	0.0	702	2962432
c123085db8effec1f1b83cc82b828318	gi|219846340|ref|NR_025930.1|	98.869	442	4	1	1	441	296	737	0.0	787	40518
c123085db8effec1f1b83cc82b828318	gi|2136551638|ref|NR_173642.1|	97.743	443	8	2	1	441	349	791	0.0	761	2678306
c123085db8effec1f1b83cc82b828318	gi|2363084544|ref|NR_180520.1|	95.692	441	17	2	1	441	356	794	0.0	708	2564099
c123085db8effec1f1b83cc82b828318	gi|2363082825|ref|NR_179661.1|	92.777	443	30	2	1	441	342	784	0.0	640	2086583
c123085db8effec1f1b83cc82b828318	gi|636558732|ref|NR_114789.1|	91.383	441	37	1	1	441	347	786	4.53e-172	603	1535
c123085db8effec1f1b83cc82b828318	gi|2136551663|ref|NR_173668.1|	91.176	442	36	3	1	441	294	733	2.11e-170	597	2766537
c123085db8effec1f1b83cc82b828318	gi|3248465687|ref|NR_201701.1|	90.971	443	38	2	1	441	330	772	7.58e-170	595	3435187
c123085db8effec1f1b83cc82b828318	gi|3248465688|ref|NR_201702.1|	90.971	443	38	2	1	441	328	770	7.58e-170	595	3435000
c123085db8effec1f1b83cc82b828318	gi|2180566484|ref|NR_174324.1|	90.930	441	39	1	1	441	346	785	9.80e-169	592	2576756
c123085db8effec1f1b83cc82b828318	gi|3248465658|ref|NR_201672.1|	90.315	444	39	4	1	441	296	738	7.63e-165	579	3381350
0a7260296807a179ad68d782a8ae70a4	gi|559795255|ref|NR_104846.1|	96.591	440	15	0	1	440	288	727	0.0	730	745368
0a7260296807a179ad68d782a8ae70a4	gi|265678692|ref|NR_028997.1|	95.692	441	18	1	1	440	303	743	0.0	708	214851
0a7260296807a179ad68d782a8ae70a4	gi|3030611269|ref|NR_199945.1|	94.773	440	23	0	1	440	335	774	0.0	686	3435293
0a7260296807a179ad68d782a8ae70a4	gi|265678656|ref|NR_028961.1|	94.318	440	25	0	1	440	327	766	0.0	675	853
0a7260296807a179ad68d782a8ae70a4	gi|2363081451|ref|NR_178972.1|	94.091	440	26	0	1	440	285	724	0.0	669	1851428
0a7260296807a179ad68d782a8ae70a4	gi|2363080123|ref|NR_178280.1|	94.091	440	26	0	1	440	331	770	0.0	669	411483
0a7260296807a179ad68d782a8ae70a4	gi|2363081449|ref|NR_178971.1|	93.864	440	26	1	1	440	285	723	0.0	662	1851427
0a7260296807a179ad68d782a8ae70a4	gi|2363082356|ref|NR_179425.1|	93.636	440	28	0	1	440	351	790	0.0	658	1689304
0a7260296807a179ad68d782a8ae70a4	gi|1397641802|ref|NR_156911.1|	93.409	440	29	0	1	440	351	790	0.0	652	1650663
0a7260296807a179ad68d782a8ae70a4	gi|2363082282|ref|NR_179388.1|	93.424	441	27	2	1	440	335	774	0.0	652	2935520
9cbe29227bc069406c9568100b5c6f44	gi|2836274932|ref|NR_197695.1|	99.355	465	3	0	1	465	344	808	0.0	843	3053355
9cbe29227bc069406c9568100b5c6f44	gi|343198520|ref|NR_042776.1|	99.355	465	3	0	1	465	345	809	0.0	843	1304
9cbe29227bc069406c9568100b5c6f44	gi|343198522|ref|NR_042778.1|	99.140	465	4	0	1	465	345	809	0.0	837	1308
9cbe29227bc069406c9568100b5c6f44	gi|343198521|ref|NR_042777.1|	99.140	465	3	1	1	465	345	808	0.0	835	889206
9cbe29227bc069406c9568100b5c6f44	gi|645322192|ref|NR_118998.1|	98.710	465	6	0	1	465	340	804	0.0	826	1308
9cbe29227bc069406c9568100b5c6f44	gi|566084933|ref|NR_108477.1|	97.849	465	10	0	1	465	251	715	0.0	804	701526
9cbe29227bc069406c9568100b5c6f44	gi|645322122|ref|NR_118942.1|	97.210	466	11	2	1	465	243	707	0.0	804	889206
9cbe29227bc069406c9568100b5c6f44	gi|2363087357|ref|NR_181935.1|	97.419	465	12	0	1	465	355	819	0.0	793	2781599
9cbe29227bc069406c9568100b5c6f44	gi|2363086454|ref|NR_181481.1|	97.419	465	12	0	1	465	348	812	0.0	793	2781599
9cbe29227bc069406c9568100b5c6f44	gi|2363081939|ref|NR_179215.1|	97.419	465	12	0	1	465	336	800	0.0	793	1501662
c63c012347ed43d8fd62867564a83d5c	gi|343205678|ref|NR_044054.1|	99.545	440	2	0	1	440	297	736	0.0	802	1121115
c63c012347ed43d8fd62867564a83d5c	gi|631253117|ref|NR_114315.1|	99.318	440	3	0	1	440	336	775	0.0	798	649762
c63c012347ed43d8fd62867564a83d5c	gi|2363082685|ref|NR_179590.1|	99.093	441	3	1	1	440	327	767	0.0	793	1936059
c63c012347ed43d8fd62867564a83d5c	gi|219846722|ref|NR_026314.1|	97.500	440	11	0	1	440	330	769	0.0	752	53443
c63c012347ed43d8fd62867564a83d5c	gi|219846720|ref|NR_026312.1|	97.045	440	13	0	1	440	327	766	0.0	743	180164
c63c012347ed43d8fd62867564a83d5c	gi|2363084170|ref|NR_180334.1|	97.045	440	13	0	1	440	253	692	0.0	741	2763028
c63c012347ed43d8fd62867564a83d5c	gi|2363086300|ref|NR_181402.1|	97.045	440	13	0	1	440	300	739	0.0	741	2763028
c63c012347ed43d8fd62867564a83d5c	gi|631252033|ref|NR_113231.1|	97.052	441	11	2	1	440	347	786	0.0	741	536633
c63c012347ed43d8fd62867564a83d5c	gi|631251591|ref|NR_112789.1|	97.052	441	11	2	1	440	333	772	0.0	741	536633
c63c012347ed43d8fd62867564a83d5c	gi|2363082673|ref|NR_179584.1|	96.825	441	12	2	1	440	327	766	0.0	736	1917888
1640d6d58df2cc8ec11c8de8f2401c70	gi|1277396189|ref|NR_151900.1|	99.318	440	3	0	1	440	351	790	0.0	797	1550024
1640d6d58df2cc8ec11c8de8f2401c70	gi|2962412223|ref|NR_199417.1|	93.694	444	20	8	1	440	342	781	0.0	658	3136601
1640d6d58df2cc8ec11c8de8f2401c70	gi|559795255|ref|NR_104846.1|	93.636	440	28	0	1	440	288	727	0.0	658	745368
1640d6d58df2cc8ec11c8de8f2401c70	gi|1397641802|ref|NR_156911.1|	93.424	441	27	2	1	440	351	790	0.0	652	1650663
1640d6d58df2cc8ec11c8de8f2401c70	gi|2363084747|ref|NR_180622.1|	93.409	440	29	0	1	440	335	774	0.0	652	2779354
1640d6d58df2cc8ec11c8de8f2401c70	gi|265678692|ref|NR_028997.1|	93.197	441	29	1	1	440	303	743	0.0	647	214851
1640d6d58df2cc8ec11c8de8f2401c70	gi|2363080123|ref|NR_178280.1|	92.273	440	34	0	1	440	331	770	9.64e-179	625	411483
1640d6d58df2cc8ec11c8de8f2401c70	gi|3030611269|ref|NR_199945.1|	92.045	440	35	0	1	440	335	774	4.48e-177	619	3435293
1640d6d58df2cc8ec11c8de8f2401c70	gi|265678656|ref|NR_028961.1|	92.045	440	35	0	1	440	327	766	4.48e-177	619	853
1640d6d58df2cc8ec11c8de8f2401c70	gi|2363081449|ref|NR_178971.1|	92.343	431	33	0	1	431	285	715	2.09e-175	614	1851427
b9467adb10dced278df1057eababd0bc	gi|343200656|ref|NR_041343.1|	99.783	460	1	0	1	460	340	799	0.0	845	46503
b9467adb10dced278df1057eababd0bc	gi|645322411|ref|NR_119166.1|	99.565	460	2	0	1	460	319	778	0.0	841	411477
b9467adb10dced278df1057eababd0bc	gi|343200777|ref|NR_041464.1|	97.826	460	10	0	1	460	340	799	0.0	795	387661
b9467adb10dced278df1057eababd0bc	gi|2363083816|ref|NR_180156.1|	96.957	460	14	0	1	460	291	750	0.0	773	2290935
b9467adb10dced278df1057eababd0bc	gi|2363086049|ref|NR_181277.1|	96.522	460	16	0	1	460	309	768	0.0	761	2753162
b9467adb10dced278df1057eababd0bc	gi|631251878|ref|NR_113076.1|	96.312	461	15	2	1	460	324	783	0.0	756	927665
b9467adb10dced278df1057eababd0bc	gi|343202832|ref|NR_043317.1|	96.312	461	15	2	1	460	284	743	0.0	756	328812
b9467adb10dced278df1057eababd0bc	gi|1811131517|ref|NR_165699.1|	95.870	460	19	0	1	460	336	795	0.0	745	2685834
b9467adb10dced278df1057eababd0bc	gi|2363082715|ref|NR_179605.1|	95.879	461	17	2	1	460	316	775	0.0	745	1944636
b9467adb10dced278df1057eababd0bc	gi|2363082619|ref|NR_179556.1|	95.652	460	20	0	1	460	316	775	0.0	739	1871013
34a3c8dc50375d10ca978ee0cb526a88	gi|631251954|ref|NR_113152.1|	99.565	460	2	0	1	460	337	796	0.0	839	28117
34a3c8dc50375d10ca978ee0cb526a88	gi|219846319|ref|NR_025909.1|	96.739	460	15	0	1	460	344	803	0.0	787	28117
34a3c8dc50375d10ca978ee0cb526a88	gi|645321193|ref|NR_118219.1|	97.180	461	11	2	1	460	332	791	0.0	778	1033732
34a3c8dc50375d10ca978ee0cb526a88	gi|672239000|ref|NR_125589.1|	96.963	461	12	2	1	460	269	728	0.0	773	1033731
34a3c8dc50375d10ca978ee0cb526a88	gi|2363086959|ref|NR_181736.1|	96.746	461	13	2	1	460	334	793	0.0	767	2834113
34a3c8dc50375d10ca978ee0cb526a88	gi|2363082099|ref|NR_179296.1|	96.746	461	13	2	1	460	324	783	0.0	767	2585119
34a3c8dc50375d10ca978ee0cb526a88	gi|631251953|ref|NR_113151.1|	96.320	462	13	4	1	460	338	797	0.0	756	328813
34a3c8dc50375d10ca978ee0cb526a88	gi|343202833|ref|NR_043318.1|	96.320	462	13	4	1	460	324	783	0.0	756	328813
34a3c8dc50375d10ca978ee0cb526a88	gi|2363082505|ref|NR_179499.1|	95.896	463	13	6	1	460	342	801	0.0	745	2364787
34a3c8dc50375d10ca978ee0cb526a88	gi|507148137|ref|NR_102944.1|	95.879	461	17	2	1	460	334	793	0.0	745	214856
5e15096fc3c0d7bde1fea01179d99db1	gi|636560687|ref|NR_116747.1|	99.091	440	4	0	1	440	301	740	0.0	791	1298596
5e15096fc3c0d7bde1fea01179d99db1	gi|2363085133|ref|NR_180815.1|	96.818	440	14	0	1	440	350	789	0.0	736	2606633
5e15096fc3c0d7bde1fea01179d99db1	gi|2363083556|ref|NR_180026.1|	96.818	440	14	0	1	440	348	787	0.0	736	2696678
5e15096fc3c0d7bde1fea01179d99db1	gi|1909404440|ref|NR_170495.1|	96.591	440	15	0	1	440	355	794	0.0	730	2509240
5e15096fc3c0d7bde1fea01179d99db1	gi|2363082374|ref|NR_179434.1|	96.591	440	15	0	1	440	349	788	0.0	730	1720300
5e15096fc3c0d7bde1fea01179d99db1	gi|228719063|ref|NR_027579.1|	96.364	440	16	0	1	440	316	755	0.0	730	471875
5e15096fc3c0d7bde1fea01179d99db1	gi|310974914|ref|NR_036777.1|	96.991	432	13	0	1	432	333	764	0.0	728	33039
5e15096fc3c0d7bde1fea01179d99db1	gi|631251356|ref|NR_112553.1|	96.372	441	15	1	1	440	348	788	0.0	725	342942
5e15096fc3c0d7bde1fea01179d99db1	gi|2363084846|ref|NR_180671.1|	95.909	440	18	0	1	440	63	502	0.0	713	2594882
5e15096fc3c0d7bde1fea01179d99db1	gi|2962412221|ref|NR_199415.1|	95.909	440	18	0	1	440	338	777	0.0	713	3136600
cac52259ab007dfc7a8348bf252eb6be	gi|2621112341|ref|NR_189245.1|	94.570	442	22	2	1	440	363	804	0.0	682	3046383
cac52259ab007dfc7a8348bf252eb6be	gi|2621112340|ref|NR_189244.1|	94.344	442	23	2	1	440	363	804	0.0	676	3046382
cac52259ab007dfc7a8348bf252eb6be	gi|2363086260|ref|NR_181382.1|	85.393	445	55	10	1	440	322	761	4.81e-127	453	2763662
cac52259ab007dfc7a8348bf252eb6be	gi|2621112345|ref|NR_189249.1|	85.360	444	57	8	1	440	344	783	4.81e-127	453	2966552
cac52259ab007dfc7a8348bf252eb6be	gi|566085134|ref|NR_108870.1|	84.650	443	63	4	1	440	328	768	4.85e-122	436	1096341
cac52259ab007dfc7a8348bf252eb6be	gi|1116030281|ref|NR_144739.1|	84.389	442	65	4	1	440	333	772	2.26e-120	431	1776385
cac52259ab007dfc7a8348bf252eb6be	gi|1033657126|ref|NR_137216.1|	84.163	442	65	4	1	440	304	742	3.77e-118	424	1548890
cac52259ab007dfc7a8348bf252eb6be	gi|219846556|ref|NR_026148.1|	83.937	442	67	4	1	440	296	735	4.88e-117	420	36844
cac52259ab007dfc7a8348bf252eb6be	gi|631251824|ref|NR_113022.1|	83.710	442	68	4	1	440	333	772	2.27e-115	414	1542
cac52259ab007dfc7a8348bf252eb6be	gi|343200168|ref|NR_040855.1|	83.710	442	68	4	1	440	313	752	2.27e-115	414	1542
6fb7170e60502b9ae30be89bdb33875d	gi|2363081451|ref|NR_178972.1|	99.545	440	2	0	1	440	285	724	0.0	802	1851428
6fb7170e60502b9ae30be89bdb33875d	gi|265678656|ref|NR_028961.1|	98.864	440	5	0	1	440	327	766	0.0	785	853
6fb7170e60502b9ae30be89bdb33875d	gi|2363082282|ref|NR_179388.1|	98.636	440	6	0	1	440	335	774	0.0	780	2935520
6fb7170e60502b9ae30be89bdb33875d	gi|2363080123|ref|NR_178280.1|	98.636	440	6	0	1	440	331	770	0.0	780	411483
6fb7170e60502b9ae30be89bdb33875d	gi|3030611269|ref|NR_199945.1|	98.409	440	7	0	1	440	335	774	0.0	774	3435293
6fb7170e60502b9ae30be89bdb33875d	gi|2363081449|ref|NR_178971.1|	98.182	440	7	1	1	440	285	723	0.0	767	1851427
6fb7170e60502b9ae30be89bdb33875d	gi|2363080175|ref|NR_178311.1|	96.591	440	15	0	1	440	412	851	0.0	730	2903556
6fb7170e60502b9ae30be89bdb33875d	gi|1397641802|ref|NR_156911.1|	93.182	440	30	0	1	440	351	790	0.0	647	1650663
6fb7170e60502b9ae30be89bdb33875d	gi|2363084747|ref|NR_180622.1|	93.182	440	30	0	1	440	335	774	0.0	647	2779354
6fb7170e60502b9ae30be89bdb33875d	gi|2363082356|ref|NR_179425.1|	92.971	441	29	2	1	440	351	790	0.0	641	1689304
da144712eccf7551313d2343adb84b2d	gi|636560687|ref|NR_116747.1|	99.545	440	2	0	1	440	301	740	0.0	802	1298596
da144712eccf7551313d2343adb84b2d	gi|2363085133|ref|NR_180815.1|	97.273	440	12	0	1	440	350	789	0.0	747	2606633
da144712eccf7551313d2343adb84b2d	gi|2363083556|ref|NR_180026.1|	97.273	440	12	0	1	440	348	787	0.0	747	2696678
da144712eccf7551313d2343adb84b2d	gi|1909404440|ref|NR_170495.1|	97.045	440	13	0	1	440	355	794	0.0	741	2509240
da144712eccf7551313d2343adb84b2d	gi|2363082374|ref|NR_179434.1|	97.045	440	13	0	1	440	349	788	0.0	741	1720300
da144712eccf7551313d2343adb84b2d	gi|228719063|ref|NR_027579.1|	96.818	440	14	0	1	440	316	755	0.0	741	471875
da144712eccf7551313d2343adb84b2d	gi|310974914|ref|NR_036777.1|	97.032	438	13	0	1	438	333	770	0.0	739	33039
da144712eccf7551313d2343adb84b2d	gi|631251356|ref|NR_112553.1|	96.825	441	13	1	1	440	348	788	0.0	736	342942
da144712eccf7551313d2343adb84b2d	gi|2363084846|ref|NR_180671.1|	96.364	440	16	0	1	440	63	502	0.0	725	2594882
da144712eccf7551313d2343adb84b2d	gi|2962412221|ref|NR_199415.1|	96.364	440	16	0	1	440	338	777	0.0	725	3136600
982d65a8d0eb9f47c121695d42d5f54c	gi|1040567056|ref|NR_137405.1|	95.682	440	19	0	1	440	307	746	0.0	708	1619234
982d65a8d0eb9f47c121695d42d5f54c	gi|2363080283|ref|NR_178367.1|	95.682	440	19	0	1	440	328	767	0.0	708	673271
982d65a8d0eb9f47c121695d42d5f54c	gi|219857122|ref|NR_024750.1|	95.475	442	17	3	1	440	300	740	0.0	704	116085
982d65a8d0eb9f47c121695d42d5f54c	gi|1109168027|ref|NR_144612.1|	95.465	441	18	2	1	440	350	789	0.0	702	1796636
982d65a8d0eb9f47c121695d42d5f54c	gi|1277396183|ref|NR_151894.1|	95.455	440	20	0	1	440	335	774	0.0	702	433293
982d65a8d0eb9f47c121695d42d5f54c	gi|3030611230|ref|NR_199906.1|	95.238	441	19	2	1	440	354	793	0.0	697	3123317
982d65a8d0eb9f47c121695d42d5f54c	gi|3030611314|ref|NR_199990.1|	95.238	441	19	2	1	440	350	789	0.0	697	3123317
982d65a8d0eb9f47c121695d42d5f54c	gi|1384992331|ref|NR_156080.1|	95.238	441	19	2	1	440	336	775	0.0	697	1469948
982d65a8d0eb9f47c121695d42d5f54c	gi|1384992328|ref|NR_156077.1|	95.238	441	19	2	1	440	336	775	0.0	697	1469948
982d65a8d0eb9f47c121695d42d5f54c	gi|1227086118|ref|NR_148620.1|	95.227	440	21	0	1	440	195	634	0.0	697	1763509
83c42f42f032d4d064bc913626f44c8d	gi|343200980|ref|NR_041667.1|	99.570	465	2	0	1	465	320	784	0.0	848	487175
83c42f42f032d4d064bc913626f44c8d	gi|631252130|ref|NR_113328.1|	91.649	467	35	4	1	465	332	796	0.0	643	626947
83c42f42f032d4d064bc913626f44c8d	gi|631251705|ref|NR_112903.1|	91.649	467	35	4	1	465	312	776	0.0	643	626947
83c42f42f032d4d064bc913626f44c8d	gi|2363082296|ref|NR_179395.1|	89.936	467	43	4	1	465	330	794	4.79e-172	603	1506471
83c42f42f032d4d064bc913626f44c8d	gi|2136551693|ref|NR_173698.1|	89.507	467	45	4	1	465	318	782	8.01e-170	595	2259133
83c42f42f032d4d064bc913626f44c8d	gi|1811131556|ref|NR_165738.1|	89.722	467	44	4	1	465	309	773	2.88e-169	593	2490857
83c42f42f032d4d064bc913626f44c8d	gi|1246951785|ref|NR_149789.1|	89.462	465	49	0	1	465	297	761	1.34e-167	588	1783360
83c42f42f032d4d064bc913626f44c8d	gi|1246951779|ref|NR_149783.1|	89.507	467	45	4	1	465	337	801	1.34e-167	588	1769758
83c42f42f032d4d064bc913626f44c8d	gi|2363086886|ref|NR_181700.1|	89.507	467	45	4	1	465	329	793	1.34e-167	588	2825886
83c42f42f032d4d064bc913626f44c8d	gi|2363086884|ref|NR_181699.1|	89.507	467	45	4	1	465	329	793	1.34e-167	588	2825884
7cfebfdddb21e284d89eb2605f5807c3	gi|645321792|ref|NR_118676.1|	96.818	440	14	0	1	440	370	809	0.0	745	39497
7cfebfdddb21e284d89eb2605f5807c3	gi|219846511|ref|NR_026103.1|	96.818	440	14	0	1	440	316	755	0.0	736	37658
7cfebfdddb21e284d89eb2605f5807c3	gi|1277396183|ref|NR_151894.1|	96.818	440	14	0	1	440	335	774	0.0	736	433293
7cfebfdddb21e284d89eb2605f5807c3	gi|1277396381|ref|NR_152095.1|	96.591	440	15	0	1	440	348	787	0.0	730	1679721
7cfebfdddb21e284d89eb2605f5807c3	gi|631252121|ref|NR_113319.1|	96.591	440	15	0	1	440	350	789	0.0	730	645466
7cfebfdddb21e284d89eb2605f5807c3	gi|636560803|ref|NR_116863.1|	96.372	441	15	1	1	440	337	777	0.0	725	645466
7cfebfdddb21e284d89eb2605f5807c3	gi|343202586|ref|NR_042953.1|	96.364	440	16	0	1	440	308	747	0.0	725	264463
7cfebfdddb21e284d89eb2605f5807c3	gi|2136551633|ref|NR_173637.1|	96.136	440	17	0	1	440	294	733	0.0	719	2755051
7cfebfdddb21e284d89eb2605f5807c3	gi|219878251|ref|NR_025390.1|	96.136	440	17	0	1	440	330	769	0.0	719	115544
7cfebfdddb21e284d89eb2605f5807c3	gi|2363081778|ref|NR_179135.1|	95.918	441	17	1	1	440	330	770	0.0	713	2025494
dd82af846e0c24918e322d13ea9a0c4a	gi|343201773|ref|NR_042499.1|	98.913	460	5	0	1	460	294	753	0.0	822	657309
dd82af846e0c24918e322d13ea9a0c4a	gi|631251749|ref|NR_112947.1|	98.696	460	6	0	1	460	326	785	0.0	819	657309
dd82af846e0c24918e322d13ea9a0c4a	gi|2363084431|ref|NR_180463.1|	98.478	460	7	0	1	460	340	799	0.0	811	2650158
dd82af846e0c24918e322d13ea9a0c4a	gi|631251733|ref|NR_112931.1|	98.043	460	9	0	1	460	340	799	0.0	800	85831
dd82af846e0c24918e322d13ea9a0c4a	gi|265678305|ref|NR_028607.1|	98.039	459	9	0	2	460	333	791	0.0	798	85831
dd82af846e0c24918e322d13ea9a0c4a	gi|645322410|ref|NR_119165.1|	97.391	460	12	0	1	460	319	778	0.0	791	28116
dd82af846e0c24918e322d13ea9a0c4a	gi|1491509587|ref|NR_159118.1|	97.609	460	11	0	1	460	310	769	0.0	789	28116
dd82af846e0c24918e322d13ea9a0c4a	gi|1491509586|ref|NR_159117.1|	97.609	460	11	0	1	460	301	760	0.0	789	28116
dd82af846e0c24918e322d13ea9a0c4a	gi|631252008|ref|NR_113206.1|	97.391	460	12	0	1	460	336	795	0.0	784	1236513
dd82af846e0c24918e322d13ea9a0c4a	gi|631251742|ref|NR_112940.1|	97.391	460	12	0	1	460	327	786	0.0	784	28116
b4831f26630a0ce934d5e43ab8b25f35	gi|2363086296|ref|NR_181400.1|	93.864	440	24	2	3	442	250	686	0.0	662	2764712
b4831f26630a0ce934d5e43ab8b25f35	gi|2363085330|ref|NR_180913.1|	93.018	444	27	4	1	442	327	768	0.0	645	2697030
b4831f26630a0ce934d5e43ab8b25f35	gi|1491520133|ref|NR_159296.1|	93.002	443	29	2	1	442	335	776	0.0	645	433296
b4831f26630a0ce934d5e43ab8b25f35	gi|2363086298|ref|NR_181401.1|	92.760	442	29	2	1	442	303	741	0.0	636	2763645
b4831f26630a0ce934d5e43ab8b25f35	gi|2136551617|ref|NR_173621.1|	92.534	442	33	0	1	442	354	795	0.0	634	2818044
b4831f26630a0ce934d5e43ab8b25f35	gi|265678606|ref|NR_028911.1|	92.551	443	31	2	1	442	335	776	0.0	634	109327
b4831f26630a0ce934d5e43ab8b25f35	gi|1116030291|ref|NR_144749.1|	92.568	444	28	5	1	442	347	787	0.0	632	1852367
b4831f26630a0ce934d5e43ab8b25f35	gi|2463901899|ref|NR_184630.1|	92.534	442	32	1	1	442	343	783	0.0	632	2839743
b4831f26630a0ce934d5e43ab8b25f35	gi|219846440|ref|NR_026031.1|	92.290	441	34	0	2	442	326	766	2.69e-179	627	51123
b4831f26630a0ce934d5e43ab8b25f35	gi|265678381|ref|NR_028683.1|	92.135	445	28	7	1	442	328	768	1.25e-177	621	65403
94e9ea23f568b2a6ab139a83dd8cb1f8	gi|636560151|ref|NR_116211.1|	99.570	465	2	0	1	465	243	707	0.0	848	760570
94e9ea23f568b2a6ab139a83dd8cb1f8	gi|636559675|ref|NR_115735.1|	99.570	465	2	0	1	465	311	775	0.0	848	760570
94e9ea23f568b2a6ab139a83dd8cb1f8	gi|636559184|ref|NR_115241.1|	99.570	465	2	0	1	465	320	784	0.0	848	760570
94e9ea23f568b2a6ab139a83dd8cb1f8	gi|219857214|ref|NR_024842.1|	99.355	465	3	0	1	465	335	799	0.0	845	760570
94e9ea23f568b2a6ab139a83dd8cb1f8	gi|526641946|ref|NR_103943.1|	99.355	465	3	0	1	465	346	810	0.0	843	1302863
94e9ea23f568b2a6ab139a83dd8cb1f8	gi|566085621|ref|NR_109720.1|	99.355	465	3	0	1	465	314	778	0.0	843	1234680
94e9ea23f568b2a6ab139a83dd8cb1f8	gi|310975072|ref|NR_036936.1|	99.355	465	3	0	1	465	320	784	0.0	843	113107
94e9ea23f568b2a6ab139a83dd8cb1f8	gi|265678747|ref|NR_029052.1|	99.355	465	3	0	1	465	308	772	0.0	843	45634
94e9ea23f568b2a6ab139a83dd8cb1f8	gi|636560144|ref|NR_116204.1|	99.140	465	4	0	1	465	243	707	0.0	837	889201
94e9ea23f568b2a6ab139a83dd8cb1f8	gi|636559217|ref|NR_115274.1|	99.140	465	4	0	1	465	318	782	0.0	837	889201
6241ecb8bc4509b2dcfc39e5207325fd	gi|343200655|ref|NR_041342.1|	98.478	460	7	0	1	460	336	795	0.0	811	823
6241ecb8bc4509b2dcfc39e5207325fd	gi|444303953|ref|NR_074376.1|	97.609	460	11	0	1	460	351	810	0.0	789	435591
6241ecb8bc4509b2dcfc39e5207325fd	gi|1811131517|ref|NR_165699.1|	93.478	460	30	0	1	460	336	795	0.0	684	2685834
6241ecb8bc4509b2dcfc39e5207325fd	gi|2363082619|ref|NR_179556.1|	92.826	460	33	0	1	460	316	775	0.0	667	1871013
6241ecb8bc4509b2dcfc39e5207325fd	gi|631251637|ref|NR_112835.1|	92.174	460	35	1	1	460	336	794	0.0	649	574930
6241ecb8bc4509b2dcfc39e5207325fd	gi|2363082715|ref|NR_179605.1|	91.957	460	37	0	1	460	316	775	0.0	645	1944636
6241ecb8bc4509b2dcfc39e5207325fd	gi|631252010|ref|NR_113208.1|	91.522	460	39	0	1	460	336	795	0.0	634	871327
6241ecb8bc4509b2dcfc39e5207325fd	gi|974142265|ref|NR_134785.1|	91.304	460	40	0	1	460	336	795	2.17e-180	630	1217282
6241ecb8bc4509b2dcfc39e5207325fd	gi|2363086049|ref|NR_181277.1|	91.087	460	41	0	1	460	309	768	3.63e-178	623	2753162
6241ecb8bc4509b2dcfc39e5207325fd	gi|631251878|ref|NR_113076.1|	90.870	460	42	0	1	460	324	783	1.69e-176	617	927665
983bef46957aca4400b253badff56d38	gi|2363082679|ref|NR_179587.1|	97.727	440	10	0	1	440	328	767	0.0	758	1926283
983bef46957aca4400b253badff56d38	gi|2363081854|ref|NR_179173.1|	97.727	440	10	0	1	440	333	772	0.0	758	2126740
983bef46957aca4400b253badff56d38	gi|1384992332|ref|NR_156081.1|	97.273	440	12	0	1	440	336	775	0.0	747	1469948
983bef46957aca4400b253badff56d38	gi|1384992329|ref|NR_156078.1|	97.273	440	12	0	1	440	336	775	0.0	747	1469948
983bef46957aca4400b253badff56d38	gi|3030611230|ref|NR_199906.1|	97.045	440	13	0	1	440	354	793	0.0	741	3123317
983bef46957aca4400b253badff56d38	gi|3030611314|ref|NR_199990.1|	97.045	440	13	0	1	440	350	789	0.0	741	3123317
983bef46957aca4400b253badff56d38	gi|1384992331|ref|NR_156080.1|	97.045	440	13	0	1	440	336	775	0.0	741	1469948
983bef46957aca4400b253badff56d38	gi|1384992328|ref|NR_156077.1|	97.045	440	13	0	1	440	336	775	0.0	741	1469948
983bef46957aca4400b253badff56d38	gi|310975204|ref|NR_037068.1|	96.591	440	15	0	1	440	341	780	0.0	730	29375
983bef46957aca4400b253badff56d38	gi|2363085169|ref|NR_180833.1|	96.372	441	14	2	1	440	337	776	0.0	725	2606635
6dfc85e98e41cd6d3041bba3c499187c	gi|2363081451|ref|NR_178972.1|	99.091	440	4	0	1	440	285	724	0.0	791	1851428
6dfc85e98e41cd6d3041bba3c499187c	gi|265678656|ref|NR_028961.1|	98.409	440	7	0	1	440	327	766	0.0	774	853
6dfc85e98e41cd6d3041bba3c499187c	gi|2363082282|ref|NR_179388.1|	98.182	440	8	0	1	440	335	774	0.0	769	2935520
6dfc85e98e41cd6d3041bba3c499187c	gi|2363080123|ref|NR_178280.1|	98.182	440	8	0	1	440	331	770	0.0	769	411483
6dfc85e98e41cd6d3041bba3c499187c	gi|3030611269|ref|NR_199945.1|	97.955	440	9	0	1	440	335	774	0.0	763	3435293
6dfc85e98e41cd6d3041bba3c499187c	gi|2363081449|ref|NR_178971.1|	97.955	440	8	1	1	440	285	723	0.0	761	1851427
6dfc85e98e41cd6d3041bba3c499187c	gi|2363080175|ref|NR_178311.1|	96.136	440	17	0	1	440	412	851	0.0	719	2903556
6dfc85e98e41cd6d3041bba3c499187c	gi|2363084747|ref|NR_180622.1|	92.744	441	30	2	1	440	335	774	0.0	636	2779354
6dfc85e98e41cd6d3041bba3c499187c	gi|1397641802|ref|NR_156911.1|	92.500	440	33	0	1	440	351	790	2.07e-180	630	1650663
6dfc85e98e41cd6d3041bba3c499187c	gi|2363082356|ref|NR_179425.1|	92.290	441	32	2	1	440	351	790	9.64e-179	625	1689304
8625053943ab5eb36b1561859ff62d7f	gi|2363086268|ref|NR_181386.1|	90.991	444	38	2	1	443	303	745	2.12e-170	597	2763655
8625053943ab5eb36b1561859ff62d7f	gi|2363086270|ref|NR_181387.1|	90.971	443	39	1	1	443	302	743	7.61e-170	595	2763656
8625053943ab5eb36b1561859ff62d7f	gi|343200549|ref|NR_041236.1|	90.315	444	39	3	1	443	321	761	7.67e-165	579	1122184
8625053943ab5eb36b1561859ff62d7f	gi|2363086264|ref|NR_181384.1|	89.616	443	43	2	1	443	250	689	2.78e-159	560	2763660
8625053943ab5eb36b1561859ff62d7f	gi|631251702|ref|NR_112900.1|	89.414	444	45	2	1	443	341	783	9.99e-159	558	626937
8625053943ab5eb36b1561859ff62d7f	gi|636559633|ref|NR_115693.1|	89.414	444	43	3	1	443	442	882	3.59e-158	556	694434
8625053943ab5eb36b1561859ff62d7f	gi|636559632|ref|NR_115692.1|	89.414	444	43	3	1	443	442	882	3.59e-158	556	694434
8625053943ab5eb36b1561859ff62d7f	gi|636559631|ref|NR_115691.1|	89.414	444	43	3	1	443	436	876	3.59e-158	556	694434
8625053943ab5eb36b1561859ff62d7f	gi|636559630|ref|NR_115690.1|	89.414	444	43	3	1	443	448	888	3.59e-158	556	694434
8625053943ab5eb36b1561859ff62d7f	gi|343198739|ref|NR_043559.1|	89.414	444	43	3	1	443	447	887	3.59e-158	556	694434
74ac7c3b4c457a27116c1bf77053bb62	gi|1109168025|ref|NR_144611.1|	93.454	443	29	0	1	443	282	724	0.0	658	1417852
74ac7c3b4c457a27116c1bf77053bb62	gi|2363082168|ref|NR_179330.1|	93.468	444	26	3	1	443	327	768	0.0	656	2714355
74ac7c3b4c457a27116c1bf77053bb62	gi|2363082165|ref|NR_179329.1|	93.243	444	27	3	1	443	327	768	0.0	651	2714353
74ac7c3b4c457a27116c1bf77053bb62	gi|343206380|ref|NR_044972.1|	92.793	444	30	2	1	443	331	773	0.0	645	44749
74ac7c3b4c457a27116c1bf77053bb62	gi|3030611324|ref|NR_200000.1|	92.117	444	33	2	1	443	301	743	9.71e-179	625	3342383
74ac7c3b4c457a27116c1bf77053bb62	gi|2363082342|ref|NR_179418.1|	92.117	444	33	2	1	443	348	790	9.71e-179	625	1673721
74ac7c3b4c457a27116c1bf77053bb62	gi|219857437|ref|NR_025025.1|	91.892	444	32	4	1	443	332	772	3.49e-178	623	100176
74ac7c3b4c457a27116c1bf77053bb62	gi|2363082352|ref|NR_179423.1|	91.928	446	30	6	1	443	349	791	4.52e-177	619	1689270
74ac7c3b4c457a27116c1bf77053bb62	gi|645321636|ref|NR_118554.1|	91.910	445	32	4	1	443	329	771	4.52e-177	619	1297617
74ac7c3b4c457a27116c1bf77053bb62	gi|2363083800|ref|NR_180148.1|	91.441	444	36	2	1	443	349	791	9.78e-174	608	2211183
2db9eacbd053b805a3ddf2b7fbf11dec	gi|939733298|ref|NR_133025.1|	99.565	460	2	0	1	460	275	734	0.0	839	2585118
2db9eacbd053b805a3ddf2b7fbf11dec	gi|631251954|ref|NR_113152.1|	95.435	460	21	0	1	460	337	796	0.0	734	28117
2db9eacbd053b805a3ddf2b7fbf11dec	gi|2363082099|ref|NR_179296.1|	95.000	460	23	0	1	460	324	783	0.0	723	2585119
2db9eacbd053b805a3ddf2b7fbf11dec	gi|672239000|ref|NR_125589.1|	95.011	461	21	2	1	460	269	728	0.0	723	1033731
2db9eacbd053b805a3ddf2b7fbf11dec	gi|2363086959|ref|NR_181736.1|	94.794	461	22	2	1	460	334	793	0.0	717	2834113
2db9eacbd053b805a3ddf2b7fbf11dec	gi|507148054|ref|NR_102861.1|	94.794	461	22	2	1	460	334	793	0.0	717	717959
2db9eacbd053b805a3ddf2b7fbf11dec	gi|645321193|ref|NR_118219.1|	94.794	461	22	2	1	460	332	791	0.0	717	1033732
2db9eacbd053b805a3ddf2b7fbf11dec	gi|343202834|ref|NR_043319.1|	94.577	461	23	2	1	460	323	782	0.0	713	717959
2db9eacbd053b805a3ddf2b7fbf11dec	gi|631251955|ref|NR_113153.1|	94.577	461	23	2	1	460	334	793	0.0	712	328814
2db9eacbd053b805a3ddf2b7fbf11dec	gi|2363082505|ref|NR_179499.1|	94.168	463	21	6	1	460	342	801	0.0	701	2364787
d662f07da7dfab41d77dc989c9f9bfc1	gi|343201234|ref|NR_041960.1|	99.093	441	3	1	1	440	222	662	0.0	791	89014
d662f07da7dfab41d77dc989c9f9bfc1	gi|2363084170|ref|NR_180334.1|	97.273	440	12	0	1	440	253	692	0.0	747	2763028
d662f07da7dfab41d77dc989c9f9bfc1	gi|1953646571|ref|NR_171444.1|	97.273	440	12	0	1	440	301	740	0.0	747	1912897
d662f07da7dfab41d77dc989c9f9bfc1	gi|1953646488|ref|NR_171392.1|	97.273	440	12	0	1	440	355	794	0.0	747	1912897
d662f07da7dfab41d77dc989c9f9bfc1	gi|1953646486|ref|NR_171390.1|	97.273	440	12	0	1	440	355	794	0.0	747	1912897
d662f07da7dfab41d77dc989c9f9bfc1	gi|2363086300|ref|NR_181402.1|	97.273	440	12	0	1	440	300	739	0.0	747	2763028
d662f07da7dfab41d77dc989c9f9bfc1	gi|645320731|ref|NR_117867.1|	97.273	440	12	0	1	440	300	739	0.0	747	871664
d662f07da7dfab41d77dc989c9f9bfc1	gi|1679775916|ref|NR_163638.1|	97.045	440	13	0	1	440	328	767	0.0	741	2025493
d662f07da7dfab41d77dc989c9f9bfc1	gi|1679775915|ref|NR_163637.1|	97.045	440	13	0	1	440	328	767	0.0	741	2025493
d662f07da7dfab41d77dc989c9f9bfc1	gi|1679775914|ref|NR_163636.1|	97.045	440	13	0	1	440	328	767	0.0	741	2025493
2b95ab1ca6ae018db8e74c8d1402a4b3	gi|2363082819|ref|NR_179658.1|	99.545	440	2	0	1	440	353	792	0.0	802	2086584
2b95ab1ca6ae018db8e74c8d1402a4b3	gi|2363082679|ref|NR_179587.1|	97.045	440	13	0	1	440	328	767	0.0	741	1926283
2b95ab1ca6ae018db8e74c8d1402a4b3	gi|2363081854|ref|NR_179173.1|	97.045	440	13	0	1	440	333	772	0.0	741	2126740
2b95ab1ca6ae018db8e74c8d1402a4b3	gi|3030611230|ref|NR_199906.1|	96.591	440	15	0	1	440	354	793	0.0	730	3123317
2b95ab1ca6ae018db8e74c8d1402a4b3	gi|2363084846|ref|NR_180671.1|	96.591	440	15	0	1	440	63	502	0.0	730	2594882
2b95ab1ca6ae018db8e74c8d1402a4b3	gi|3030611314|ref|NR_199990.1|	96.591	440	15	0	1	440	350	789	0.0	730	3123317
2b95ab1ca6ae018db8e74c8d1402a4b3	gi|1384992332|ref|NR_156081.1|	96.591	440	15	0	1	440	336	775	0.0	730	1469948
2b95ab1ca6ae018db8e74c8d1402a4b3	gi|1384992331|ref|NR_156080.1|	96.591	440	15	0	1	440	336	775	0.0	730	1469948
2b95ab1ca6ae018db8e74c8d1402a4b3	gi|1384992329|ref|NR_156078.1|	96.591	440	15	0	1	440	336	775	0.0	730	1469948
2b95ab1ca6ae018db8e74c8d1402a4b3	gi|1384992328|ref|NR_156077.1|	96.591	440	15	0	1	440	336	775	0.0	730	1469948
f5d6578422a7ca5a8933015202734f6b	gi|2260349424|ref|NR_176506.1|	98.922	464	5	0	1	464	315	778	0.0	830	1982626
f5d6578422a7ca5a8933015202734f6b	gi|2260349423|ref|NR_176505.1|	97.845	464	10	0	1	464	314	777	0.0	802	1982628
f5d6578422a7ca5a8933015202734f6b	gi|631253195|ref|NR_114393.1|	92.457	464	35	0	1	464	326	789	0.0	664	29348
f5d6578422a7ca5a8933015202734f6b	gi|228720470|ref|NR_027592.1|	92.241	464	36	0	1	464	316	779	0.0	658	29348
f5d6578422a7ca5a8933015202734f6b	gi|645322231|ref|NR_119030.1|	92.043	465	35	2	1	464	324	787	0.0	652	428126
f5d6578422a7ca5a8933015202734f6b	gi|645322566|ref|NR_119286.1|	92.043	465	35	2	1	464	313	776	0.0	652	69824
f5d6578422a7ca5a8933015202734f6b	gi|1109168034|ref|NR_144615.1|	91.667	468	31	7	1	464	316	779	0.0	641	1796628
f5d6578422a7ca5a8933015202734f6b	gi|343203026|ref|NR_043550.1|	91.379	464	40	0	1	464	327	790	0.0	636	341225
f5d6578422a7ca5a8933015202734f6b	gi|631252045|ref|NR_113243.1|	91.183	465	39	2	1	464	328	791	2.19e-180	630	1547
f5d6578422a7ca5a8933015202734f6b	gi|2363083393|ref|NR_179945.1|	90.987	466	38	3	1	464	280	743	1.02e-178	625	2899121
56461eda44761e231fa3237201029125	gi|1227086126|ref|NR_148624.1|	99.318	440	3	0	1	440	255	694	0.0	797	1653434
56461eda44761e231fa3237201029125	gi|1116030264|ref|NR_144722.1|	99.091	440	4	0	1	440	338	777	0.0	793	1632013
56461eda44761e231fa3237201029125	gi|2962412221|ref|NR_199415.1|	95.455	440	20	0	1	440	338	777	0.0	702	3136600
56461eda44761e231fa3237201029125	gi|2363084846|ref|NR_180671.1|	95.000	440	22	0	1	440	63	502	0.0	691	2594882
56461eda44761e231fa3237201029125	gi|636560687|ref|NR_116747.1|	95.011	441	20	2	1	440	301	740	0.0	691	1298596
56461eda44761e231fa3237201029125	gi|1109168023|ref|NR_144610.1|	94.558	441	22	2	1	440	339	778	0.0	680	1796622
56461eda44761e231fa3237201029125	gi|2621112294|ref|NR_189197.1|	94.558	441	22	2	1	440	340	779	0.0	680	3028070
56461eda44761e231fa3237201029125	gi|2363082374|ref|NR_179434.1|	94.545	440	24	0	1	440	349	788	0.0	680	1720300
56461eda44761e231fa3237201029125	gi|2363086292|ref|NR_181398.1|	94.545	440	24	0	1	440	299	738	0.0	680	2763667
56461eda44761e231fa3237201029125	gi|219857617|ref|NR_025206.1|	94.570	442	20	4	1	440	314	753	0.0	680	180286
975fa2cbf38f2b6e138b73eac478ee93	gi|631253128|ref|NR_114326.1|	99.318	440	3	0	1	440	334	773	0.0	797	1150298
975fa2cbf38f2b6e138b73eac478ee93	gi|2363087259|ref|NR_181885.1|	96.591	440	15	0	1	440	335	774	0.0	732	2885351
975fa2cbf38f2b6e138b73eac478ee93	gi|974142252|ref|NR_134772.1|	96.364	440	16	0	1	440	297	736	0.0	725	1337051
975fa2cbf38f2b6e138b73eac478ee93	gi|343205837|ref|NR_044289.1|	96.136	440	17	0	1	440	328	767	0.0	719	460384
975fa2cbf38f2b6e138b73eac478ee93	gi|3030611230|ref|NR_199906.1|	95.909	440	18	0	1	440	354	793	0.0	713	3123317
975fa2cbf38f2b6e138b73eac478ee93	gi|2363085103|ref|NR_180800.1|	95.909	440	18	0	1	440	347	786	0.0	713	2652274
975fa2cbf38f2b6e138b73eac478ee93	gi|3030611314|ref|NR_199990.1|	95.909	440	18	0	1	440	350	789	0.0	713	3123317
975fa2cbf38f2b6e138b73eac478ee93	gi|1384992331|ref|NR_156080.1|	95.909	440	18	0	1	440	336	775	0.0	713	1469948
975fa2cbf38f2b6e138b73eac478ee93	gi|1384992328|ref|NR_156077.1|	95.909	440	18	0	1	440	336	775	0.0	713	1469948
975fa2cbf38f2b6e138b73eac478ee93	gi|1116030273|ref|NR_144731.1|	95.909	440	18	0	1	440	347	786	0.0	713	1720294
872b67136dc7dc4b00c6f3fd557f5bfc	gi|943392602|ref|NR_117139.2|	99.318	440	3	0	1	440	346	785	0.0	797	649756
872b67136dc7dc4b00c6f3fd557f5bfc	gi|943392601|ref|NR_117138.2|	99.318	440	3	0	1	440	346	785	0.0	797	649756
872b67136dc7dc4b00c6f3fd557f5bfc	gi|559795210|ref|NR_104799.1|	99.318	440	3	0	1	440	338	777	0.0	797	649756
872b67136dc7dc4b00c6f3fd557f5bfc	gi|2363085925|ref|NR_181215.1|	98.864	440	5	0	1	440	331	770	0.0	785	2738446
872b67136dc7dc4b00c6f3fd557f5bfc	gi|631252121|ref|NR_113319.1|	97.506	441	9	2	1	440	350	789	0.0	752	645466
872b67136dc7dc4b00c6f3fd557f5bfc	gi|636560803|ref|NR_116863.1|	97.285	442	9	3	1	440	337	777	0.0	747	645466
872b67136dc7dc4b00c6f3fd557f5bfc	gi|2363081778|ref|NR_179135.1|	95.918	441	17	1	1	440	330	770	0.0	713	2025494
872b67136dc7dc4b00c6f3fd557f5bfc	gi|2363087251|ref|NR_181881.1|	95.918	441	17	1	1	440	307	747	0.0	713	2880702
872b67136dc7dc4b00c6f3fd557f5bfc	gi|265678610|ref|NR_028915.1|	95.701	442	17	2	1	440	315	756	0.0	710	105841
872b67136dc7dc4b00c6f3fd557f5bfc	gi|2363080591|ref|NR_178536.1|	95.465	441	19	1	1	440	286	726	0.0	702	1229621
14b43f24860261ac239ac56285daa64c	gi|2363085097|ref|NR_180797.1|	96.372	441	14	2	1	440	346	785	0.0	725	2605778
14b43f24860261ac239ac56285daa64c	gi|2363082679|ref|NR_179587.1|	95.682	440	19	0	1	440	328	767	0.0	708	1926283
14b43f24860261ac239ac56285daa64c	gi|2363081854|ref|NR_179173.1|	95.682	440	19	0	1	440	333	772	0.0	708	2126740
14b43f24860261ac239ac56285daa64c	gi|645321072|ref|NR_118128.1|	95.475	442	16	4	1	440	174	613	0.0	702	1531
14b43f24860261ac239ac56285daa64c	gi|631252212|ref|NR_113410.1|	95.475	442	16	4	1	440	257	696	0.0	702	208479
14b43f24860261ac239ac56285daa64c	gi|219878428|ref|NR_025567.1|	95.475	442	16	4	1	440	348	787	0.0	702	208479
14b43f24860261ac239ac56285daa64c	gi|2363082583|ref|NR_179538.1|	95.249	442	17	4	1	440	346	785	0.0	697	1852382
14b43f24860261ac239ac56285daa64c	gi|545589118|ref|NR_044715.2|	95.011	441	20	2	1	440	355	794	0.0	693	1531
14b43f24860261ac239ac56285daa64c	gi|631251457|ref|NR_112654.1|	95.011	441	20	2	1	440	338	777	0.0	693	1286362
14b43f24860261ac239ac56285daa64c	gi|2363083601|ref|NR_180048.1|	95.000	440	22	0	1	440	338	777	0.0	691	253257
bdfa0cf0c81d7d79c95f7da958eb63c0	gi|265678854|ref|NR_029160.1|	99.091	440	4	0	1	440	293	732	0.0	791	40519
bdfa0cf0c81d7d79c95f7da958eb63c0	gi|507148077|ref|NR_102884.1|	94.796	442	19	4	1	440	331	770	0.0	686	213810
bdfa0cf0c81d7d79c95f7da958eb63c0	gi|219846341|ref|NR_025931.1|	94.796	442	19	4	1	440	308	747	0.0	686	1265
bdfa0cf0c81d7d79c95f7da958eb63c0	gi|636558832|ref|NR_114889.1|	94.118	442	21	5	1	440	277	715	0.0	667	213810
bdfa0cf0c81d7d79c95f7da958eb63c0	gi|3248465648|ref|NR_201660.1|	93.905	443	21	5	1	440	319	758	0.0	664	3417630
bdfa0cf0c81d7d79c95f7da958eb63c0	gi|3248465644|ref|NR_201656.1|	92.955	440	31	0	1	440	329	768	0.0	641	3417633
bdfa0cf0c81d7d79c95f7da958eb63c0	gi|1864207164|ref|NR_169458.1|	91.855	442	32	4	1	440	345	784	2.09e-175	614	2164149
bdfa0cf0c81d7d79c95f7da958eb63c0	gi|2363082601|ref|NR_179547.1|	91.176	442	35	4	1	440	347	786	2.10e-170	597	1870991
bdfa0cf0c81d7d79c95f7da958eb63c0	gi|444303976|ref|NR_074399.1|	90.909	440	40	0	1	440	333	772	9.78e-169	592	697329
bdfa0cf0c81d7d79c95f7da958eb63c0	gi|631251834|ref|NR_113032.1|	90.909	440	40	0	1	440	333	772	9.78e-169	592	1264
d88d59655e52b8aa2135c80f2cb275b9	gi|265678617|ref|NR_028922.1|	87.768	466	54	3	1	465	281	744	1.06e-153	542	128944
d88d59655e52b8aa2135c80f2cb275b9	gi|1116030282|ref|NR_144740.1|	95.562	338	14	1	128	465	423	759	3.81e-153	540	1776391
d88d59655e52b8aa2135c80f2cb275b9	gi|974142280|ref|NR_134800.1|	94.675	338	17	1	128	465	357	693	3.83e-148	523	1368474
d88d59655e52b8aa2135c80f2cb275b9	gi|507147970|ref|NR_102777.1|	86.809	470	53	9	1	465	354	819	6.42e-146	516	485916
d88d59655e52b8aa2135c80f2cb275b9	gi|228721485|ref|NR_027608.1|	86.837	471	51	11	1	465	314	779	6.42e-146	516	58138
d88d59655e52b8aa2135c80f2cb275b9	gi|672239008|ref|NR_125597.1|	93.824	340	18	3	128	465	420	758	1.07e-143	508	1115758
d88d59655e52b8aa2135c80f2cb275b9	gi|2363083072|ref|NR_179784.1|	93.787	338	20	1	128	465	403	739	3.86e-143	507	2020948
d88d59655e52b8aa2135c80f2cb275b9	gi|645320459|ref|NR_117660.1|	86.354	469	57	6	1	465	445	910	1.39e-142	505	2378
d88d59655e52b8aa2135c80f2cb275b9	gi|2363082807|ref|NR_179652.1|	86.141	469	57	8	1	465	346	810	6.46e-141	499	2058294
d88d59655e52b8aa2135c80f2cb275b9	gi|645320455|ref|NR_117657.1|	86.141	469	58	6	1	465	443	908	6.46e-141	499	2378
353c646da47c65a3c1f65cb9468adc16	gi|1269806089|ref|NR_074784.2|	98.913	460	5	0	1	460	345	804	0.0	822	272559
353c646da47c65a3c1f65cb9468adc16	gi|631251738|ref|NR_112936.1|	98.913	460	5	0	1	460	338	797	0.0	822	817
353c646da47c65a3c1f65cb9468adc16	gi|645322408|ref|NR_119164.1|	98.913	460	5	0	1	460	317	776	0.0	822	817
353c646da47c65a3c1f65cb9468adc16	gi|631250944|ref|NR_112141.1|	97.609	460	9	2	1	460	335	792	0.0	787	817
353c646da47c65a3c1f65cb9468adc16	gi|2363082547|ref|NR_179520.1|	94.577	461	23	2	1	460	314	773	0.0	712	1841855
353c646da47c65a3c1f65cb9468adc16	gi|2363082611|ref|NR_179552.1|	94.360	461	25	1	1	460	340	800	0.0	706	1871006
353c646da47c65a3c1f65cb9468adc16	gi|636560121|ref|NR_116181.1|	94.168	463	20	4	1	460	333	791	0.0	699	28116
353c646da47c65a3c1f65cb9468adc16	gi|631251872|ref|NR_113070.1|	93.913	460	28	0	1	460	334	793	0.0	695	742727
353c646da47c65a3c1f65cb9468adc16	gi|631251697|ref|NR_112895.1|	93.913	460	28	0	1	460	314	773	0.0	695	742727
353c646da47c65a3c1f65cb9468adc16	gi|1109168015|ref|NR_144606.1|	93.696	460	29	0	1	460	340	799	0.0	689	1796613
ad3644b488fc78826f33e77f815d456a	gi|444303855|ref|NR_074277.1|	99.348	460	3	0	1	460	352	811	0.0	833	818
ad3644b488fc78826f33e77f815d456a	gi|631251746|ref|NR_112944.1|	99.348	460	3	0	1	460	324	783	0.0	833	818
ad3644b488fc78826f33e77f815d456a	gi|631252008|ref|NR_113206.1|	98.482	461	5	2	1	460	336	795	0.0	811	1236513
ad3644b488fc78826f33e77f815d456a	gi|631250945|ref|NR_112142.1|	98.472	458	6	1	3	460	336	792	0.0	806	818
ad3644b488fc78826f33e77f815d456a	gi|631251869|ref|NR_113067.1|	97.831	461	8	2	1	460	325	784	0.0	795	1077285
ad3644b488fc78826f33e77f815d456a	gi|645320100|ref|NR_117387.1|	97.831	461	8	2	1	460	320	779	0.0	795	1077285
ad3644b488fc78826f33e77f815d456a	gi|2363084421|ref|NR_180458.1|	97.397	461	10	2	1	460	340	799	0.0	784	2650157
ad3644b488fc78826f33e77f815d456a	gi|631251749|ref|NR_112947.1|	96.963	461	12	2	1	460	326	785	0.0	774	657309
ad3644b488fc78826f33e77f815d456a	gi|2363084431|ref|NR_180463.1|	96.963	461	12	2	1	460	340	799	0.0	773	2650158
ad3644b488fc78826f33e77f815d456a	gi|631251744|ref|NR_112942.1|	96.963	461	12	2	1	460	323	782	0.0	773	291644
f0f33b49fc6d8182475f43478a1f0fe9	gi|631252157|ref|NR_113355.1|	94.769	325	17	0	115	439	496	820	3.63e-143	507	218538
f0f33b49fc6d8182475f43478a1f0fe9	gi|219846090|ref|NR_025680.1|	94.769	325	17	0	115	439	476	800	3.63e-143	507	592028
f0f33b49fc6d8182475f43478a1f0fe9	gi|343198671|ref|NR_043231.1|	93.846	325	20	0	115	439	423	747	3.66e-138	490	308994
f0f33b49fc6d8182475f43478a1f0fe9	gi|631252159|ref|NR_113357.1|	93.558	326	20	1	115	439	496	821	1.70e-136	484	308994
f0f33b49fc6d8182475f43478a1f0fe9	gi|343200979|ref|NR_041666.1|	93.231	325	22	0	115	439	476	800	7.92e-135	479	742743
f0f33b49fc6d8182475f43478a1f0fe9	gi|2363082841|ref|NR_179669.1|	92.923	325	23	0	115	439	500	824	3.69e-133	473	2161821
f0f33b49fc6d8182475f43478a1f0fe9	gi|2363082109|ref|NR_179301.1|	92.923	325	23	0	115	439	484	808	3.69e-133	473	2582419
f0f33b49fc6d8182475f43478a1f0fe9	gi|631252158|ref|NR_113356.1|	91.768	328	25	2	113	439	492	818	1.34e-127	455	309120
f0f33b49fc6d8182475f43478a1f0fe9	gi|343198462|ref|NR_041895.1|	91.768	328	25	2	113	439	433	759	1.34e-127	455	888062
f0f33b49fc6d8182475f43478a1f0fe9	gi|559795150|ref|NR_104737.1|	85.261	441	62	3	1	439	346	785	1.73e-126	451	1732
5744a2f76b264b06dca11b757b6b828e	gi|645321813|ref|NR_118692.1|	99.091	440	3	1	1	440	314	752	0.0	791	411459
5744a2f76b264b06dca11b757b6b828e	gi|2363084170|ref|NR_180334.1|	98.182	440	8	0	1	440	253	692	0.0	769	2763028
5744a2f76b264b06dca11b757b6b828e	gi|2363086300|ref|NR_181402.1|	98.182	440	8	0	1	440	300	739	0.0	769	2763028
5744a2f76b264b06dca11b757b6b828e	gi|219846720|ref|NR_026312.1|	97.500	440	11	0	1	440	327	766	0.0	754	180164
5744a2f76b264b06dca11b757b6b828e	gi|631252033|ref|NR_113231.1|	97.500	440	11	0	1	440	347	786	0.0	752	536633
5744a2f76b264b06dca11b757b6b828e	gi|631251591|ref|NR_112789.1|	97.500	440	11	0	1	440	333	772	0.0	752	536633
5744a2f76b264b06dca11b757b6b828e	gi|1109168017|ref|NR_144607.1|	97.273	440	12	0	1	440	282	721	0.0	747	1796615
5744a2f76b264b06dca11b757b6b828e	gi|343201234|ref|NR_041960.1|	97.279	441	11	1	1	440	222	662	0.0	747	89014
5744a2f76b264b06dca11b757b6b828e	gi|645320731|ref|NR_117867.1|	97.273	440	12	0	1	440	300	739	0.0	747	871664
5744a2f76b264b06dca11b757b6b828e	gi|343205678|ref|NR_044054.1|	97.273	440	12	0	1	440	297	736	0.0	747	1121115
10a168a8c4272c4f953a5069b1ae8571	gi|631251900|ref|NR_113098.1|	99.348	460	3	0	1	460	339	798	0.0	833	28127
10a168a8c4272c4f953a5069b1ae8571	gi|343206050|ref|NR_044630.1|	98.043	460	9	0	1	460	347	806	0.0	811	679190
10a168a8c4272c4f953a5069b1ae8571	gi|631251925|ref|NR_113123.1|	93.089	463	26	5	1	460	339	798	0.0	673	1122992
10a168a8c4272c4f953a5069b1ae8571	gi|343198858|ref|NR_043894.1|	93.089	463	26	5	1	460	319	778	0.0	673	1122992
10a168a8c4272c4f953a5069b1ae8571	gi|631252122|ref|NR_113320.1|	91.739	460	38	0	1	460	339	798	0.0	640	1236516
10a168a8c4272c4f953a5069b1ae8571	gi|636560772|ref|NR_116832.1|	91.739	460	38	0	1	460	319	778	0.0	640	1236516
10a168a8c4272c4f953a5069b1ae8571	gi|2363082394|ref|NR_179444.1|	91.304	460	40	0	1	460	342	801	7.81e-180	628	1776388
10a168a8c4272c4f953a5069b1ae8571	gi|631251919|ref|NR_113117.1|	91.304	460	40	0	1	460	344	803	7.81e-180	628	873533
10a168a8c4272c4f953a5069b1ae8571	gi|343198544|ref|NR_042841.1|	91.304	460	40	0	1	460	324	783	7.81e-180	628	873533
10a168a8c4272c4f953a5069b1ae8571	gi|631251901|ref|NR_113099.1|	91.106	461	39	2	1	460	328	787	3.63e-178	623	28128
f0ccf0446e250ecddff2284466c612d3	gi|343201281|ref|NR_042007.1|	97.059	442	13	0	1	442	343	784	0.0	745	622312
f0ccf0446e250ecddff2284466c612d3	gi|559795150|ref|NR_104737.1|	96.380	442	14	1	1	442	346	785	0.0	726	1732
f0ccf0446e250ecddff2284466c612d3	gi|1315204019|ref|NR_152688.1|	96.163	443	13	3	1	442	348	787	0.0	721	433279
f0ccf0446e250ecddff2284466c612d3	gi|2363085153|ref|NR_180825.1|	95.946	444	13	5	1	442	347	787	0.0	715	2605790
f0ccf0446e250ecddff2284466c612d3	gi|2363082059|ref|NR_179276.1|	95.711	443	15	3	1	442	334	773	0.0	710	2316025
f0ccf0446e250ecddff2284466c612d3	gi|645320588|ref|NR_117758.1|	95.495	444	16	4	1	442	322	763	0.0	706	166486
f0ccf0446e250ecddff2284466c612d3	gi|228716944|ref|NR_027557.1|	95.495	444	16	4	1	442	343	784	0.0	706	536231
f0ccf0446e250ecddff2284466c612d3	gi|2363085133|ref|NR_180815.1|	95.485	443	16	3	1	442	350	789	0.0	704	2606633
f0ccf0446e250ecddff2284466c612d3	gi|1909404440|ref|NR_170495.1|	95.485	443	16	3	1	442	355	794	0.0	704	2509240
f0ccf0446e250ecddff2284466c612d3	gi|2363083556|ref|NR_180026.1|	95.485	443	16	3	1	442	348	787	0.0	704	2696678
23bf5c14fbd8ece788af393dd85a5cd7	gi|2136551628|ref|NR_173632.1|	95.909	440	18	0	1	440	301	740	0.0	713	2068655
23bf5c14fbd8ece788af393dd85a5cd7	gi|3030611230|ref|NR_199906.1|	95.909	440	18	0	1	440	354	793	0.0	713	3123317
23bf5c14fbd8ece788af393dd85a5cd7	gi|3030611314|ref|NR_199990.1|	95.909	440	18	0	1	440	350	789	0.0	713	3123317
23bf5c14fbd8ece788af393dd85a5cd7	gi|1384992331|ref|NR_156080.1|	95.909	440	18	0	1	440	336	775	0.0	713	1469948
23bf5c14fbd8ece788af393dd85a5cd7	gi|1384992328|ref|NR_156077.1|	95.909	440	18	0	1	440	336	775	0.0	713	1469948
23bf5c14fbd8ece788af393dd85a5cd7	gi|1384992332|ref|NR_156081.1|	95.682	440	19	0	1	440	336	775	0.0	708	1469948
23bf5c14fbd8ece788af393dd85a5cd7	gi|1384992329|ref|NR_156078.1|	95.682	440	19	0	1	440	336	775	0.0	708	1469948
23bf5c14fbd8ece788af393dd85a5cd7	gi|2363086292|ref|NR_181398.1|	95.455	440	20	0	1	440	299	738	0.0	702	2763667
23bf5c14fbd8ece788af393dd85a5cd7	gi|2836274880|ref|NR_197643.1|	95.227	440	21	0	1	440	329	768	0.0	697	2962432
23bf5c14fbd8ece788af393dd85a5cd7	gi|2363082679|ref|NR_179587.1|	95.227	440	21	0	1	440	328	767	0.0	697	1926283
b905f4cfd63a971a253dda7d6d1f186a	gi|2363082625|ref|NR_179559.1|	92.760	442	30	2	1	441	333	773	0.0	638	1871018
b905f4cfd63a971a253dda7d6d1f186a	gi|1193829155|ref|NR_147398.1|	91.610	441	35	2	1	441	351	789	9.73e-174	608	1720200
b905f4cfd63a971a253dda7d6d1f186a	gi|2363082601|ref|NR_179547.1|	91.383	441	37	1	1	441	347	786	4.53e-172	603	1870991
b905f4cfd63a971a253dda7d6d1f186a	gi|2363082711|ref|NR_179603.1|	91.156	441	37	2	1	441	317	755	2.11e-170	597	1944642
b905f4cfd63a971a253dda7d6d1f186a	gi|228717037|ref|NR_027558.1|	91.156	441	37	2	1	441	292	730	2.11e-170	597	169435
b905f4cfd63a971a253dda7d6d1f186a	gi|1116030290|ref|NR_144748.1|	90.930	441	38	2	1	441	335	773	9.80e-169	592	2897707
b905f4cfd63a971a253dda7d6d1f186a	gi|3248465644|ref|NR_201656.1|	90.703	441	40	1	1	441	329	768	4.56e-167	586	3417633
b905f4cfd63a971a253dda7d6d1f186a	gi|265679047|ref|NR_029355.1|	90.703	441	40	1	1	441	332	771	4.56e-167	586	84026
b905f4cfd63a971a253dda7d6d1f186a	gi|2363086276|ref|NR_181390.1|	90.249	441	42	1	1	441	304	743	9.87e-164	575	2763659
b905f4cfd63a971a253dda7d6d1f186a	gi|2363082755|ref|NR_179626.1|	90.249	441	41	2	1	441	351	789	9.87e-164	575	1987501
dce000feef4f5723503dec51d358395c	gi|1193829135|ref|NR_147378.1|	99.320	441	3	0	1	441	339	779	0.0	798	1871035
dce000feef4f5723503dec51d358395c	gi|1277396348|ref|NR_152059.1|	95.260	443	18	3	1	441	272	713	0.0	699	1849041
dce000feef4f5723503dec51d358395c	gi|2363082561|ref|NR_179527.1|	95.260	443	18	3	1	441	336	777	0.0	699	1841868
dce000feef4f5723503dec51d358395c	gi|2363086276|ref|NR_181390.1|	92.986	442	28	3	1	441	304	743	0.0	641	2763659
dce000feef4f5723503dec51d358395c	gi|1445136071|ref|NR_158111.1|	92.568	444	25	7	1	441	349	787	2.08e-180	630	2038680
dce000feef4f5723503dec51d358395c	gi|2363082601|ref|NR_179547.1|	92.099	443	30	4	1	441	347	786	4.50e-177	619	1870991
dce000feef4f5723503dec51d358395c	gi|2363082625|ref|NR_179559.1|	91.422	443	34	3	1	441	333	773	1.26e-172	604	1871018
dce000feef4f5723503dec51d358395c	gi|1116030290|ref|NR_144748.1|	91.403	442	34	3	1	441	335	773	4.53e-172	603	2897707
dce000feef4f5723503dec51d358395c	gi|2363082755|ref|NR_179626.1|	91.441	444	30	7	1	441	351	789	4.53e-172	603	1987501
dce000feef4f5723503dec51d358395c	gi|2363082711|ref|NR_179603.1|	91.461	445	28	9	1	441	317	755	4.53e-172	603	1944642
305d0f8cc002493ebf640035e30349b2	gi|631251745|ref|NR_112943.1|	99.783	460	1	0	1	460	326	785	0.0	845	449673
305d0f8cc002493ebf640035e30349b2	gi|224581415|ref|NR_027196.1|	98.913	460	5	0	1	460	317	776	0.0	824	449673
305d0f8cc002493ebf640035e30349b2	gi|343200620|ref|NR_041307.1|	97.391	460	12	0	1	460	334	793	0.0	784	329854
305d0f8cc002493ebf640035e30349b2	gi|631251867|ref|NR_113065.1|	97.174	460	13	0	1	460	338	797	0.0	778	762984
305d0f8cc002493ebf640035e30349b2	gi|631251695|ref|NR_112893.1|	97.174	460	13	0	1	460	318	777	0.0	778	762984
305d0f8cc002493ebf640035e30349b2	gi|2363086949|ref|NR_181731.1|	96.957	460	14	0	1	460	290	749	0.0	773	2834112
305d0f8cc002493ebf640035e30349b2	gi|631251735|ref|NR_112933.1|	96.963	461	12	2	1	460	334	793	0.0	773	246787
305d0f8cc002493ebf640035e30349b2	gi|2363086550|ref|NR_181532.1|	96.304	460	17	0	1	460	322	781	0.0	756	2763025
305d0f8cc002493ebf640035e30349b2	gi|631251747|ref|NR_112945.1|	96.304	460	17	0	1	460	327	786	0.0	756	820
305d0f8cc002493ebf640035e30349b2	gi|631251734|ref|NR_112932.1|	96.304	460	17	0	1	460	328	787	0.0	756	47678
68c6a213665a74583d15a994e79dc394	gi|631251990|ref|NR_113188.1|	99.546	441	2	0	1	441	331	771	0.0	804	572010
68c6a213665a74583d15a994e79dc394	gi|636560403|ref|NR_116463.1|	99.546	441	2	0	1	441	319	759	0.0	804	572010
68c6a213665a74583d15a994e79dc394	gi|631252074|ref|NR_113272.1|	92.063	441	35	0	1	441	331	771	1.25e-177	621	742818
68c6a213665a74583d15a994e79dc394	gi|631251700|ref|NR_112898.1|	92.063	441	35	0	1	441	311	751	1.25e-177	621	742818
68c6a213665a74583d15a994e79dc394	gi|636560235|ref|NR_116295.1|	92.117	444	30	5	1	441	331	772	1.25e-177	621	498718
68c6a213665a74583d15a994e79dc394	gi|343201494|ref|NR_042220.1|	91.629	442	35	2	1	441	311	751	2.71e-174	610	255723
68c6a213665a74583d15a994e79dc394	gi|219857364|ref|NR_024952.1|	90.950	442	38	2	1	441	313	753	2.72e-169	593	649764
68c6a213665a74583d15a994e79dc394	gi|631251978|ref|NR_113176.1|	90.315	444	38	5	1	441	331	772	2.74e-164	577	84110
68c6a213665a74583d15a994e79dc394	gi|444304015|ref|NR_074439.1|	90.090	444	39	5	1	441	331	772	1.28e-162	571	84110
68c6a213665a74583d15a994e79dc394	gi|265678431|ref|NR_028733.1|	90.090	444	39	5	1	441	311	752	1.28e-162	571	84110
8dee662e835d55905f12ceef86baaed8	gi|265678656|ref|NR_028961.1|	97.045	440	13	0	1	440	327	766	0.0	741	853
8dee662e835d55905f12ceef86baaed8	gi|2363081451|ref|NR_178972.1|	96.364	440	16	0	1	440	285	724	0.0	725	1851428
8dee662e835d55905f12ceef86baaed8	gi|2363080123|ref|NR_178280.1|	96.364	440	16	0	1	440	331	770	0.0	725	411483
8dee662e835d55905f12ceef86baaed8	gi|3030611269|ref|NR_199945.1|	96.136	440	17	0	1	440	335	774	0.0	719	3435293
8dee662e835d55905f12ceef86baaed8	gi|2363081449|ref|NR_178971.1|	96.136	440	16	1	1	440	285	723	0.0	717	1851427
8dee662e835d55905f12ceef86baaed8	gi|2363082282|ref|NR_179388.1|	95.682	440	19	0	1	440	335	774	0.0	708	2935520
8dee662e835d55905f12ceef86baaed8	gi|2363080175|ref|NR_178311.1|	94.545	440	24	0	1	440	412	851	0.0	680	2903556
8dee662e835d55905f12ceef86baaed8	gi|2363082356|ref|NR_179425.1|	91.364	440	38	0	1	440	351	790	4.52e-172	603	1689304
8dee662e835d55905f12ceef86baaed8	gi|1397641802|ref|NR_156911.1|	91.136	440	39	0	1	440	351	790	2.10e-170	597	1650663
8dee662e835d55905f12ceef86baaed8	gi|559795255|ref|NR_104846.1|	91.136	440	39	0	1	440	288	727	2.10e-170	597	745368
2cc2831ba731a77a302eee94fc89332a	gi|2363086276|ref|NR_181390.1|	98.639	441	4	2	1	440	304	743	0.0	780	2763659
2cc2831ba731a77a302eee94fc89332a	gi|1445136071|ref|NR_158111.1|	94.785	441	20	2	1	440	349	787	0.0	684	2038680
2cc2831ba731a77a302eee94fc89332a	gi|2363082755|ref|NR_179626.1|	94.104	441	23	2	1	440	351	789	0.0	667	1987501
2cc2831ba731a77a302eee94fc89332a	gi|1277396348|ref|NR_152059.1|	93.665	442	26	2	1	440	272	713	0.0	660	1849041
2cc2831ba731a77a302eee94fc89332a	gi|2363082561|ref|NR_179527.1|	93.665	442	26	2	1	440	336	777	0.0	660	1841868
2cc2831ba731a77a302eee94fc89332a	gi|1193829135|ref|NR_147378.1|	93.651	441	27	1	1	440	339	779	0.0	658	1871035
2cc2831ba731a77a302eee94fc89332a	gi|2363082585|ref|NR_179539.1|	93.424	441	26	2	1	440	351	789	0.0	651	1852384
2cc2831ba731a77a302eee94fc89332a	gi|2363082601|ref|NR_179547.1|	92.517	441	31	2	1	440	347	786	2.07e-180	630	1870991
2cc2831ba731a77a302eee94fc89332a	gi|228717037|ref|NR_027558.1|	91.364	440	37	1	1	440	292	730	1.62e-171	601	169435
2cc2831ba731a77a302eee94fc89332a	gi|343202572|ref|NR_042930.1|	91.383	441	35	2	1	440	366	804	1.62e-171	601	258515
7640f27a24ff229a5a2397314c77d2a8	gi|2962412223|ref|NR_199417.1|	95.465	441	18	2	1	440	342	781	0.0	702	3136601
7640f27a24ff229a5a2397314c77d2a8	gi|1277396189|ref|NR_151900.1|	92.986	442	27	4	1	440	351	790	0.0	641	1550024
7640f27a24ff229a5a2397314c77d2a8	gi|2363082667|ref|NR_179581.1|	92.971	441	28	3	1	440	331	769	0.0	640	1917873
7640f27a24ff229a5a2397314c77d2a8	gi|2363082356|ref|NR_179425.1|	92.744	441	30	2	1	440	351	790	0.0	636	1689304
7640f27a24ff229a5a2397314c77d2a8	gi|1397641802|ref|NR_156911.1|	92.500	440	33	0	1	440	351	790	2.07e-180	630	1650663
7640f27a24ff229a5a2397314c77d2a8	gi|2363084747|ref|NR_180622.1|	92.500	440	33	0	1	440	335	774	2.07e-180	630	2779354
7640f27a24ff229a5a2397314c77d2a8	gi|2363080175|ref|NR_178311.1|	92.273	440	34	0	1	440	412	851	9.64e-179	625	2903556
7640f27a24ff229a5a2397314c77d2a8	gi|2363080123|ref|NR_178280.1|	92.290	441	32	2	1	440	331	770	9.64e-179	625	411483
7640f27a24ff229a5a2397314c77d2a8	gi|3030611269|ref|NR_199945.1|	92.063	441	33	2	1	440	335	774	4.48e-177	619	3435293
7640f27a24ff229a5a2397314c77d2a8	gi|2363081451|ref|NR_178972.1|	92.045	440	35	0	1	440	285	724	4.48e-177	619	1851428
f24cf9e46d5dae6e36330cca0eb4d712	gi|636558732|ref|NR_114789.1|	99.318	440	3	0	1	440	347	786	0.0	797	1535
f24cf9e46d5dae6e36330cca0eb4d712	gi|2363082767|ref|NR_179632.1|	94.318	440	25	0	1	440	337	776	0.0	675	2014781
f24cf9e46d5dae6e36330cca0eb4d712	gi|3248465687|ref|NR_201701.1|	94.131	443	23	1	1	440	330	772	0.0	671	3435187
f24cf9e46d5dae6e36330cca0eb4d712	gi|3248465688|ref|NR_201702.1|	94.131	443	23	1	1	440	328	770	0.0	671	3435000
f24cf9e46d5dae6e36330cca0eb4d712	gi|2836274967|ref|NR_197730.1|	93.409	440	29	0	1	440	312	751	0.0	652	3093658
f24cf9e46d5dae6e36330cca0eb4d712	gi|2180566484|ref|NR_174324.1|	93.409	440	29	0	1	440	346	785	0.0	652	2576756
f24cf9e46d5dae6e36330cca0eb4d712	gi|2836274966|ref|NR_197729.1|	93.182	440	30	0	1	440	304	743	0.0	647	3093657
f24cf9e46d5dae6e36330cca0eb4d712	gi|1109168013|ref|NR_144605.1|	93.182	440	30	0	1	440	367	806	0.0	647	1796620
f24cf9e46d5dae6e36330cca0eb4d712	gi|1116030278|ref|NR_144736.1|	93.182	440	30	0	1	440	360	799	0.0	647	1776382
f24cf9e46d5dae6e36330cca0eb4d712	gi|2363085985|ref|NR_181245.1|	93.182	440	30	0	1	440	284	723	0.0	647	2666138
14cdcf4290f92b441c7077ac54e11bfa	gi|444304189|ref|NR_074613.1|	95.000	440	22	0	1	440	350	789	0.0	691	515620
14cdcf4290f92b441c7077ac54e11bfa	gi|559795169|ref|NR_104758.1|	94.545	440	24	0	1	440	345	784	0.0	680	1282887
14cdcf4290f92b441c7077ac54e11bfa	gi|559795246|ref|NR_104836.1|	94.558	441	22	2	1	440	333	772	0.0	680	706562
14cdcf4290f92b441c7077ac54e11bfa	gi|219846511|ref|NR_026103.1|	94.545	440	24	0	1	440	316	755	0.0	680	37658
14cdcf4290f92b441c7077ac54e11bfa	gi|1277396381|ref|NR_152095.1|	94.318	440	25	0	1	440	348	787	0.0	675	1679721
14cdcf4290f92b441c7077ac54e11bfa	gi|645321749|ref|NR_118643.1|	94.318	440	25	0	1	440	254	693	0.0	675	1432052
14cdcf4290f92b441c7077ac54e11bfa	gi|631252121|ref|NR_113319.1|	94.091	440	26	0	1	440	350	789	0.0	669	645466
14cdcf4290f92b441c7077ac54e11bfa	gi|1277396183|ref|NR_151894.1|	94.091	440	26	0	1	440	335	774	0.0	669	433293
14cdcf4290f92b441c7077ac54e11bfa	gi|343202586|ref|NR_042953.1|	94.091	440	26	0	1	440	308	747	0.0	669	264463
14cdcf4290f92b441c7077ac54e11bfa	gi|2363085103|ref|NR_180800.1|	93.864	440	27	0	1	440	347	786	0.0	664	2652274
15d33538770c9abb7d7b9c9d3247853d	gi|2260349448|ref|NR_176530.1|	99.548	442	2	0	1	442	358	799	0.0	806	2093857
15d33538770c9abb7d7b9c9d3247853d	gi|2363082559|ref|NR_179526.1|	99.548	442	2	0	1	442	349	790	0.0	806	1841866
15d33538770c9abb7d7b9c9d3247853d	gi|645321110|ref|NR_118156.1|	95.701	442	19	0	1	442	304	745	0.0	712	1007096
15d33538770c9abb7d7b9c9d3247853d	gi|2962412234|ref|NR_199428.1|	95.475	442	20	0	1	442	352	793	0.0	706	3073143
15d33538770c9abb7d7b9c9d3247853d	gi|2363087001|ref|NR_181757.1|	95.045	444	18	4	1	442	289	730	0.0	695	2841504
15d33538770c9abb7d7b9c9d3247853d	gi|2363082170|ref|NR_179331.1|	95.034	443	21	1	1	442	328	770	0.0	695	2714358
15d33538770c9abb7d7b9c9d3247853d	gi|1269801610|ref|NR_074793.2|	94.344	442	25	0	1	442	355	796	0.0	678	351091
15d33538770c9abb7d7b9c9d3247853d	gi|343200653|ref|NR_041340.1|	94.344	442	25	0	1	442	328	769	0.0	678	351091
15d33538770c9abb7d7b9c9d3247853d	gi|2363082569|ref|NR_179531.1|	94.118	442	26	0	1	442	347	788	0.0	673	1852369
15d33538770c9abb7d7b9c9d3247853d	gi|2363082165|ref|NR_179329.1|	93.679	443	26	2	1	442	327	768	0.0	662	2714353
721464754172747e7666dcc40e8869a9	gi|2260349448|ref|NR_176530.1|	96.154	442	17	0	1	442	358	799	0.0	723	2093857
721464754172747e7666dcc40e8869a9	gi|2363082559|ref|NR_179526.1|	96.154	442	17	0	1	442	349	790	0.0	723	1841866
721464754172747e7666dcc40e8869a9	gi|2363082165|ref|NR_179329.1|	95.928	442	18	0	1	442	327	768	0.0	717	2714353
721464754172747e7666dcc40e8869a9	gi|2363082168|ref|NR_179330.1|	95.701	442	19	0	1	442	327	768	0.0	712	2714355
721464754172747e7666dcc40e8869a9	gi|2363082170|ref|NR_179331.1|	95.260	443	20	1	1	442	328	770	0.0	701	2714358
721464754172747e7666dcc40e8869a9	gi|645321110|ref|NR_118156.1|	94.796	442	23	0	1	442	304	745	0.0	689	1007096
721464754172747e7666dcc40e8869a9	gi|2363082569|ref|NR_179531.1|	94.369	444	21	4	1	442	347	788	0.0	678	1852369
721464754172747e7666dcc40e8869a9	gi|2962412234|ref|NR_199428.1|	94.344	442	25	0	1	442	352	793	0.0	678	3073143
721464754172747e7666dcc40e8869a9	gi|1269801610|ref|NR_074793.2|	93.665	442	28	0	1	442	355	796	0.0	662	351091
721464754172747e7666dcc40e8869a9	gi|343200653|ref|NR_041340.1|	93.665	442	28	0	1	442	328	769	0.0	662	351091
3365536a7307e3f7d49c596f39232f16	gi|636560687|ref|NR_116747.1|	95.392	434	20	0	5	438	307	740	0.0	691	1298596
3365536a7307e3f7d49c596f39232f16	gi|2363082374|ref|NR_179434.1|	93.779	434	27	0	5	438	355	788	0.0	652	1720300
3365536a7307e3f7d49c596f39232f16	gi|310974914|ref|NR_036777.1|	93.750	432	27	0	5	436	339	770	0.0	651	33039
3365536a7307e3f7d49c596f39232f16	gi|631251356|ref|NR_112553.1|	93.349	436	26	3	5	438	354	788	0.0	641	342942
3365536a7307e3f7d49c596f39232f16	gi|2363085133|ref|NR_180815.1|	93.088	434	30	0	5	438	356	789	0.0	636	2606633
3365536a7307e3f7d49c596f39232f16	gi|2363084846|ref|NR_180671.1|	93.088	434	30	0	5	438	69	502	0.0	636	2594882
3365536a7307e3f7d49c596f39232f16	gi|2363083556|ref|NR_180026.1|	93.088	434	30	0	5	438	354	787	0.0	636	2696678
3365536a7307e3f7d49c596f39232f16	gi|2962412221|ref|NR_199415.1|	93.088	434	30	0	5	438	344	777	0.0	636	3136600
3365536a7307e3f7d49c596f39232f16	gi|2363086282|ref|NR_181393.1|	93.103	435	28	2	5	438	296	729	0.0	636	2763664
3365536a7307e3f7d49c596f39232f16	gi|2363082603|ref|NR_179548.1|	92.938	439	21	9	5	438	354	787	0.0	632	1870993
8acd9c0229b29e9d8df3a1ec6ced4b1e	gi|1116030238|ref|NR_144696.1|	94.131	443	20	6	1	440	333	772	0.0	669	1414720
8acd9c0229b29e9d8df3a1ec6ced4b1e	gi|219846899|ref|NR_026491.1|	94.131	443	20	6	1	440	319	758	0.0	669	84024
8acd9c0229b29e9d8df3a1ec6ced4b1e	gi|219846422|ref|NR_026013.1|	93.905	443	21	6	1	440	333	772	0.0	664	46867
8acd9c0229b29e9d8df3a1ec6ced4b1e	gi|545589120|ref|NR_044716.2|	93.665	442	24	4	1	440	340	779	0.0	662	1530
8acd9c0229b29e9d8df3a1ec6ced4b1e	gi|631252127|ref|NR_113325.1|	93.679	443	22	6	1	440	333	772	0.0	658	1559
8acd9c0229b29e9d8df3a1ec6ced4b1e	gi|219846898|ref|NR_026490.1|	93.679	443	22	6	1	440	320	759	0.0	658	84031
8acd9c0229b29e9d8df3a1ec6ced4b1e	gi|310975222|ref|NR_037086.1|	93.679	443	22	6	1	440	316	755	0.0	658	1559
8acd9c0229b29e9d8df3a1ec6ced4b1e	gi|636558671|ref|NR_114728.1|	93.679	443	22	6	1	440	287	726	0.0	658	1559
8acd9c0229b29e9d8df3a1ec6ced4b1e	gi|219846557|ref|NR_026149.1|	93.679	443	22	6	1	440	325	764	0.0	658	36850
8acd9c0229b29e9d8df3a1ec6ced4b1e	gi|1269847389|ref|NR_041006.2|	93.439	442	25	4	1	440	340	779	0.0	652	29369
86df6a46059d2e186b4df33e1a98dabf	gi|1811131545|ref|NR_165727.1|	98.874	444	5	0	1	444	358	801	0.0	793	2358141
86df6a46059d2e186b4df33e1a98dabf	gi|219846061|ref|NR_025651.1|	94.820	444	22	1	1	444	350	792	0.0	691	160404
86df6a46059d2e186b4df33e1a98dabf	gi|631252210|ref|NR_113408.1|	94.595	444	23	1	1	444	351	793	0.0	686	28446
86df6a46059d2e186b4df33e1a98dabf	gi|1445136073|ref|NR_158113.1|	94.607	445	21	3	1	444	328	770	0.0	686	433287
86df6a46059d2e186b4df33e1a98dabf	gi|265678961|ref|NR_029269.1|	94.369	444	23	2	1	444	350	791	0.0	680	28446
86df6a46059d2e186b4df33e1a98dabf	gi|2621112349|ref|NR_189253.1|	93.919	444	27	0	1	444	345	788	0.0	671	2918914
86df6a46059d2e186b4df33e1a98dabf	gi|1397641803|ref|NR_156912.1|	93.694	444	27	1	1	444	307	749	0.0	664	1450156
86df6a46059d2e186b4df33e1a98dabf	gi|645320791|ref|NR_117912.1|	93.694	444	27	1	1	444	325	767	0.0	664	879970
86df6a46059d2e186b4df33e1a98dabf	gi|219846558|ref|NR_026150.1|	93.694	444	26	2	1	444	350	791	0.0	664	36847
86df6a46059d2e186b4df33e1a98dabf	gi|1230874676|ref|NR_148837.1|	93.483	445	23	4	1	444	347	786	0.0	656	1675854
0d0edbfe4cc21201cc568158319229f8	gi|265679027|ref|NR_029335.1|	99.784	464	1	0	1	464	250	713	0.0	852	61171
0d0edbfe4cc21201cc568158319229f8	gi|672239039|ref|NR_125628.1|	98.491	464	7	0	1	464	336	799	0.0	819	1211819
0d0edbfe4cc21201cc568158319229f8	gi|645320615|ref|NR_117779.1|	94.397	464	21	4	1	464	333	791	0.0	708	118967
0d0edbfe4cc21201cc568158319229f8	gi|559795259|ref|NR_104850.1|	94.397	464	21	4	1	464	323	781	0.0	708	118967
0d0edbfe4cc21201cc568158319229f8	gi|219878455|ref|NR_025594.1|	91.221	467	35	6	1	464	329	792	2.19e-180	630	225084
0d0edbfe4cc21201cc568158319229f8	gi|2363087359|ref|NR_181936.1|	91.006	467	36	6	1	464	269	732	1.02e-178	625	2683713
0d0edbfe4cc21201cc568158319229f8	gi|672239004|ref|NR_125593.1|	90.753	465	41	2	1	464	338	801	4.74e-177	619	1034346
0d0edbfe4cc21201cc568158319229f8	gi|1270532561|ref|NR_146814.2|	90.517	464	44	0	1	464	350	813	2.21e-175	614	1514105
0d0edbfe4cc21201cc568158319229f8	gi|1150406785|ref|NR_146039.1|	90.517	464	44	0	1	464	266	729	2.21e-175	614	1514105
0d0edbfe4cc21201cc568158319229f8	gi|2363087361|ref|NR_181937.1|	90.364	467	39	6	1	464	291	754	1.03e-173	608	2683717
1d8267d5df21f59e9fb3cbf536c7f02e	gi|343205972|ref|NR_044491.1|	98.698	461	6	0	1	461	327	787	0.0	819	501496
1d8267d5df21f59e9fb3cbf536c7f02e	gi|631252030|ref|NR_113228.1|	98.482	461	7	0	1	461	339	799	0.0	813	501496
1d8267d5df21f59e9fb3cbf536c7f02e	gi|631251892|ref|NR_113090.1|	89.009	464	44	7	1	461	329	788	1.73e-161	568	1122975
1d8267d5df21f59e9fb3cbf536c7f02e	gi|343202829|ref|NR_043312.1|	89.009	464	44	7	1	461	326	785	1.73e-161	568	1122975
1d8267d5df21f59e9fb3cbf536c7f02e	gi|1018196564|ref|NR_136443.1|	84.764	466	61	10	1	461	300	760	1.09e-128	459	867595
1d8267d5df21f59e9fb3cbf536c7f02e	gi|2221405216|ref|NR_175436.1|	84.599	461	70	1	1	461	316	775	3.91e-128	457	712710
1d8267d5df21f59e9fb3cbf536c7f02e	gi|631251887|ref|NR_113085.1|	84.516	465	64	8	1	461	328	788	5.06e-127	453	28124
1d8267d5df21f59e9fb3cbf536c7f02e	gi|343198529|ref|NR_042803.1|	84.516	465	64	8	1	461	319	779	5.06e-127	453	28124
1d8267d5df21f59e9fb3cbf536c7f02e	gi|2621112336|ref|NR_189240.1|	84.582	467	59	12	1	461	342	801	1.82e-126	451	2944915
1d8267d5df21f59e9fb3cbf536c7f02e	gi|2962412224|ref|NR_199418.1|	84.255	470	57	17	1	461	323	784	1.09e-123	442	3137470
69a01c20db2a41545f163c550c571490	gi|631251893|ref|NR_113091.1|	98.482	461	7	0	1	461	335	795	0.0	813	281920
69a01c20db2a41545f163c550c571490	gi|343202607|ref|NR_042986.1|	98.265	461	8	0	1	461	321	781	0.0	811	281920
69a01c20db2a41545f163c550c571490	gi|444304164|ref|NR_074588.1|	98.048	461	9	0	1	461	335	795	0.0	802	879243
69a01c20db2a41545f163c550c571490	gi|631251881|ref|NR_113079.1|	98.048	461	9	0	1	461	324	784	0.0	802	879243
69a01c20db2a41545f163c550c571490	gi|636560751|ref|NR_116811.1|	98.048	461	9	0	1	461	300	760	0.0	802	879243
69a01c20db2a41545f163c550c571490	gi|343206055|ref|NR_044635.1|	97.614	461	11	0	1	461	344	804	0.0	795	879243
69a01c20db2a41545f163c550c571490	gi|2962412224|ref|NR_199418.1|	88.248	468	42	11	1	461	323	784	2.25e-155	547	3137470
69a01c20db2a41545f163c550c571490	gi|559795100|ref|NR_104686.1|	87.041	463	55	5	1	461	339	798	1.77e-146	518	36875
69a01c20db2a41545f163c550c571490	gi|631251882|ref|NR_113080.1|	86.638	464	55	7	1	461	339	798	3.83e-143	507	36874
69a01c20db2a41545f163c550c571490	gi|631251887|ref|NR_113085.1|	86.393	463	59	4	1	461	328	788	4.95e-142	503	28124
988234bf6adcec5d02ddebce6045559e	gi|1227086020|ref|NR_148574.1|	91.156	441	35	3	1	439	331	769	7.54e-170	595	1907662
988234bf6adcec5d02ddebce6045559e	gi|1116030293|ref|NR_144751.1|	90.930	441	36	3	1	439	331	769	3.51e-168	590	1852371
988234bf6adcec5d02ddebce6045559e	gi|645320082|ref|NR_117374.1|	88.662	441	46	2	1	439	319	757	1.67e-151	534	747645
988234bf6adcec5d02ddebce6045559e	gi|343198543|ref|NR_042840.1|	88.409	440	50	1	1	439	311	750	7.76e-150	529	883107
988234bf6adcec5d02ddebce6045559e	gi|1193829137|ref|NR_147380.1|	88.182	440	51	1	1	439	331	770	3.61e-148	523	1871008
988234bf6adcec5d02ddebce6045559e	gi|2363082557|ref|NR_179525.1|	88.235	442	46	5	1	439	331	769	3.61e-148	523	1841863
988234bf6adcec5d02ddebce6045559e	gi|2363084900|ref|NR_180698.1|	88.182	440	51	1	1	439	331	770	3.61e-148	523	2690837
988234bf6adcec5d02ddebce6045559e	gi|444303954|ref|NR_074377.1|	88.182	440	51	1	1	439	331	770	3.61e-148	523	84112
988234bf6adcec5d02ddebce6045559e	gi|631251960|ref|NR_113158.1|	88.182	440	51	1	1	439	331	770	3.61e-148	523	84112
988234bf6adcec5d02ddebce6045559e	gi|310975225|ref|NR_037089.1|	88.182	440	51	1	1	439	331	770	3.61e-148	523	84112
96f37b0f68b98e14110aab8438f6f9a2	gi|939733311|ref|NR_133038.1|	99.318	440	3	0	1	440	350	789	0.0	797	938288
96f37b0f68b98e14110aab8438f6f9a2	gi|1811131498|ref|NR_165680.1|	91.403	442	34	3	1	440	284	723	4.52e-172	603	1766203
96f37b0f68b98e14110aab8438f6f9a2	gi|2363086334|ref|NR_181419.1|	91.403	442	33	4	1	440	327	765	1.62e-171	601	2769485
96f37b0f68b98e14110aab8438f6f9a2	gi|2288518057|ref|NR_176802.2|	91.403	442	33	4	1	440	335	773	1.62e-171	601	226526
96f37b0f68b98e14110aab8438f6f9a2	gi|636559982|ref|NR_116042.1|	91.364	440	37	1	1	440	353	791	1.62e-171	601	1123352
96f37b0f68b98e14110aab8438f6f9a2	gi|2363082771|ref|NR_179634.1|	91.136	440	38	1	1	440	346	784	7.56e-170	595	2024205
96f37b0f68b98e14110aab8438f6f9a2	gi|2363082623|ref|NR_179558.1|	90.930	441	37	3	1	440	347	785	3.52e-168	590	1871017
96f37b0f68b98e14110aab8438f6f9a2	gi|2363082344|ref|NR_179419.1|	90.950	442	35	4	1	440	349	787	3.52e-168	590	1673724
96f37b0f68b98e14110aab8438f6f9a2	gi|2363082775|ref|NR_179636.1|	90.930	441	37	3	1	440	351	789	3.52e-168	590	2040296
96f37b0f68b98e14110aab8438f6f9a2	gi|2363082422|ref|NR_179458.1|	90.930	441	37	3	1	440	252	690	3.52e-168	590	2040296
6980a2083142bd641be2483804bf97e5	gi|636560687|ref|NR_116747.1|	93.228	443	24	6	1	440	301	740	0.0	647	1298596
6980a2083142bd641be2483804bf97e5	gi|2363085133|ref|NR_180815.1|	92.099	443	29	6	1	440	350	789	4.48e-177	619	2606633
6980a2083142bd641be2483804bf97e5	gi|2363083556|ref|NR_180026.1|	92.099	443	29	6	1	440	348	787	4.48e-177	619	2696678
6980a2083142bd641be2483804bf97e5	gi|1909404440|ref|NR_170495.1|	91.874	443	30	6	1	440	355	794	2.09e-175	614	2509240
6980a2083142bd641be2483804bf97e5	gi|1953646571|ref|NR_171444.1|	91.855	442	32	4	1	440	301	740	2.09e-175	614	1912897
6980a2083142bd641be2483804bf97e5	gi|1953646488|ref|NR_171392.1|	91.855	442	32	4	1	440	355	794	2.09e-175	614	1912897
6980a2083142bd641be2483804bf97e5	gi|1953646486|ref|NR_171390.1|	91.855	442	32	4	1	440	355	794	2.09e-175	614	1912897
6980a2083142bd641be2483804bf97e5	gi|631252033|ref|NR_113231.1|	91.855	442	32	4	1	440	347	786	2.09e-175	614	536633
6980a2083142bd641be2483804bf97e5	gi|631251591|ref|NR_112789.1|	91.855	442	32	4	1	440	333	772	2.09e-175	614	536633
6980a2083142bd641be2483804bf97e5	gi|228719063|ref|NR_027579.1|	91.648	443	31	6	1	440	316	755	2.09e-175	614	471875
432d68f6e6627a776efbfe7e95b3e5e6	gi|265678656|ref|NR_028961.1|	93.228	443	24	6	1	440	327	766	0.0	647	853
432d68f6e6627a776efbfe7e95b3e5e6	gi|3030611269|ref|NR_199945.1|	92.986	442	27	4	1	440	335	774	0.0	641	3435293
432d68f6e6627a776efbfe7e95b3e5e6	gi|2363082356|ref|NR_179425.1|	92.727	440	32	0	1	440	351	790	0.0	636	1689304
432d68f6e6627a776efbfe7e95b3e5e6	gi|2363081451|ref|NR_178972.1|	92.551	443	27	6	1	440	285	724	2.07e-180	630	1851428
432d68f6e6627a776efbfe7e95b3e5e6	gi|2363080123|ref|NR_178280.1|	92.551	443	27	6	1	440	331	770	2.07e-180	630	411483
432d68f6e6627a776efbfe7e95b3e5e6	gi|2962412223|ref|NR_199417.1|	92.273	440	34	0	1	440	342	781	9.64e-179	625	3136601
432d68f6e6627a776efbfe7e95b3e5e6	gi|1397641802|ref|NR_156911.1|	92.308	442	30	4	1	440	351	790	9.64e-179	625	1650663
432d68f6e6627a776efbfe7e95b3e5e6	gi|2363084747|ref|NR_180622.1|	92.045	440	35	0	1	440	335	774	4.48e-177	619	2779354
432d68f6e6627a776efbfe7e95b3e5e6	gi|2363081449|ref|NR_178971.1|	92.099	443	28	7	1	440	285	723	1.61e-176	617	1851427
432d68f6e6627a776efbfe7e95b3e5e6	gi|2363082282|ref|NR_179388.1|	91.874	443	30	6	1	440	335	774	2.09e-175	614	2935520
4eb374a4110bffb5b1d9d44e0f7974ef	gi|265679047|ref|NR_029355.1|	93.454	443	25	4	1	442	332	771	0.0	654	84026
4eb374a4110bffb5b1d9d44e0f7974ef	gi|2363082601|ref|NR_179547.1|	93.228	443	26	4	1	442	347	786	0.0	649	1870991
4eb374a4110bffb5b1d9d44e0f7974ef	gi|228717037|ref|NR_027558.1|	92.534	442	30	2	1	442	292	730	2.08e-180	630	169435
4eb374a4110bffb5b1d9d44e0f7974ef	gi|343205927|ref|NR_044425.1|	91.648	443	33	4	1	442	346	785	2.71e-174	610	474960
4eb374a4110bffb5b1d9d44e0f7974ef	gi|2363082625|ref|NR_179559.1|	91.461	445	31	7	1	442	333	773	1.26e-172	604	1871018
4eb374a4110bffb5b1d9d44e0f7974ef	gi|2363082340|ref|NR_179417.1|	91.422	443	33	4	1	442	345	783	4.54e-172	603	1673720
4eb374a4110bffb5b1d9d44e0f7974ef	gi|2363082755|ref|NR_179626.1|	91.403	442	35	3	1	442	351	789	4.54e-172	603	1987501
4eb374a4110bffb5b1d9d44e0f7974ef	gi|2363086272|ref|NR_181388.1|	91.196	443	35	3	1	442	388	827	5.87e-171	599	2763658
4eb374a4110bffb5b1d9d44e0f7974ef	gi|2363082711|ref|NR_179603.1|	91.236	445	30	7	1	442	317	755	2.11e-170	597	1944642
4eb374a4110bffb5b1d9d44e0f7974ef	gi|2363082585|ref|NR_179539.1|	91.176	442	36	3	1	442	351	789	2.11e-170	597	1852384
d27bcadc4e63ba86947345727892deb9	gi|559795314|ref|NR_104907.1|	92.081	442	34	1	1	442	315	755	1.25e-177	621	290054
d27bcadc4e63ba86947345727892deb9	gi|2136551683|ref|NR_173688.1|	90.724	442	39	2	1	442	321	760	1.27e-167	588	2780922
d27bcadc4e63ba86947345727892deb9	gi|444303976|ref|NR_074399.1|	90.271	442	41	1	1	442	333	772	2.75e-164	577	697329
d27bcadc4e63ba86947345727892deb9	gi|631251834|ref|NR_113032.1|	90.271	442	41	1	1	442	333	772	2.75e-164	577	1264
d27bcadc4e63ba86947345727892deb9	gi|636559173|ref|NR_115230.1|	90.271	442	41	1	1	442	333	772	2.75e-164	577	697329
d27bcadc4e63ba86947345727892deb9	gi|219846339|ref|NR_025929.1|	90.271	442	41	1	1	442	328	767	2.75e-164	577	697329
d27bcadc4e63ba86947345727892deb9	gi|1277396348|ref|NR_152059.1|	90.090	444	40	4	1	442	272	713	3.56e-163	573	1849041
d27bcadc4e63ba86947345727892deb9	gi|2363082561|ref|NR_179527.1|	90.090	444	40	4	1	442	336	777	3.56e-163	573	1841868
d27bcadc4e63ba86947345727892deb9	gi|2363082601|ref|NR_179547.1|	89.842	443	41	4	1	442	347	786	5.95e-161	566	1870991
d27bcadc4e63ba86947345727892deb9	gi|2136551692|ref|NR_173697.1|	89.593	442	46	0	1	442	349	790	7.70e-160	562	2108523
cd1ead4fb8eb54a9bbf69a32645854cd	gi|219846613|ref|NR_026205.1|	89.247	465	50	0	1	465	337	801	6.24e-166	582	40841
cd1ead4fb8eb54a9bbf69a32645854cd	gi|1116030271|ref|NR_144729.1|	86.882	465	61	0	1	465	351	815	1.38e-147	521	1702287
cd1ead4fb8eb54a9bbf69a32645854cd	gi|219846519|ref|NR_026111.1|	86.882	465	61	0	1	465	339	803	1.38e-147	521	33025
cd1ead4fb8eb54a9bbf69a32645854cd	gi|636560717|ref|NR_116777.1|	86.452	465	63	0	1	465	308	772	2.99e-144	510	620903
cd1ead4fb8eb54a9bbf69a32645854cd	gi|343201731|ref|NR_042457.1|	86.538	468	58	5	1	465	259	724	2.99e-144	510	357999
cd1ead4fb8eb54a9bbf69a32645854cd	gi|645320459|ref|NR_117660.1|	86.296	467	61	3	1	465	445	910	1.39e-142	505	2378
cd1ead4fb8eb54a9bbf69a32645854cd	gi|645320455|ref|NR_117657.1|	86.081	467	62	3	1	465	443	908	6.46e-141	499	2378
cd1ead4fb8eb54a9bbf69a32645854cd	gi|645320454|ref|NR_117656.1|	86.081	467	62	3	1	465	437	902	6.46e-141	499	2378
cd1ead4fb8eb54a9bbf69a32645854cd	gi|645320469|ref|NR_117668.1|	85.928	469	59	7	1	465	341	806	3.01e-139	494	1337886
cd1ead4fb8eb54a9bbf69a32645854cd	gi|645320468|ref|NR_117667.1|	85.928	469	59	7	1	465	339	804	3.01e-139	494	1337886
09c7093317ba477a54ef3e126b6edf93	gi|2136551683|ref|NR_173688.1|	90.337	445	36	7	1	443	321	760	2.76e-164	577	2780922
09c7093317ba477a54ef3e126b6edf93	gi|3248465658|ref|NR_201672.1|	89.933	447	37	8	1	443	296	738	4.61e-162	569	3381350
09c7093317ba477a54ef3e126b6edf93	gi|2363082711|ref|NR_179603.1|	89.910	446	35	10	1	443	317	755	5.97e-161	566	1944642
09c7093317ba477a54ef3e126b6edf93	gi|265679047|ref|NR_029355.1|	89.663	445	39	7	1	443	332	771	2.78e-159	560	84026
09c7093317ba477a54ef3e126b6edf93	gi|2363086272|ref|NR_181388.1|	89.462	446	38	7	1	443	388	827	1.29e-157	555	2763658
09c7093317ba477a54ef3e126b6edf93	gi|2363082585|ref|NR_179539.1|	89.414	444	41	6	1	443	351	789	1.29e-157	555	1852384
09c7093317ba477a54ef3e126b6edf93	gi|343205927|ref|NR_044425.1|	89.485	447	36	10	1	443	346	785	1.29e-157	555	474960
09c7093317ba477a54ef3e126b6edf93	gi|785794309|ref|NG_041947.1|	89.165	443	48	0	1	443	469	911	4.65e-157	553	394503
09c7093317ba477a54ef3e126b6edf93	gi|785497611|ref|NR_102768.2|	89.165	443	48	0	1	443	330	772	4.65e-157	553	1521
09c7093317ba477a54ef3e126b6edf93	gi|559795314|ref|NR_104907.1|	89.189	444	44	4	1	443	315	755	1.67e-156	551	290054
7ef3cad5e95c22749502bae7acc8df6f	gi|2363084737|ref|NR_180617.1|	95.475	442	16	4	1	440	337	776	0.0	702	2779355
7ef3cad5e95c22749502bae7acc8df6f	gi|1491516029|ref|NR_159227.1|	95.227	440	21	0	1	440	351	790	0.0	697	1981510
7ef3cad5e95c22749502bae7acc8df6f	gi|672238876|ref|NR_125464.1|	93.002	443	27	4	1	440	325	766	0.0	643	1297424
7ef3cad5e95c22749502bae7acc8df6f	gi|2363084629|ref|NR_180563.1|	92.777	443	28	3	1	440	291	732	0.0	638	2488810
7ef3cad5e95c22749502bae7acc8df6f	gi|507148180|ref|NR_102987.1|	92.727	440	32	0	1	440	464	903	0.0	636	720554
7ef3cad5e95c22749502bae7acc8df6f	gi|219846327|ref|NR_025917.1|	92.727	440	31	1	1	440	309	747	0.0	634	35830
7ef3cad5e95c22749502bae7acc8df6f	gi|444304204|ref|NR_074629.1|	92.551	443	30	2	1	440	341	783	0.0	632	1515
7ef3cad5e95c22749502bae7acc8df6f	gi|631251959|ref|NR_113157.1|	92.551	443	30	2	1	440	341	783	0.0	632	1515
7ef3cad5e95c22749502bae7acc8df6f	gi|343200810|ref|NR_041497.1|	92.568	444	28	3	1	440	293	735	0.0	632	396504
7ef3cad5e95c22749502bae7acc8df6f	gi|636559288|ref|NR_115345.1|	92.551	443	29	3	1	440	338	779	0.0	632	320502
c815d610fe3c015ac953259e33085228	gi|2363082819|ref|NR_179658.1|	97.500	440	11	0	1	440	353	792	0.0	752	2086584
c815d610fe3c015ac953259e33085228	gi|1441204227|ref|NR_157642.1|	97.045	440	13	0	1	440	301	740	0.0	741	1653435
c815d610fe3c015ac953259e33085228	gi|2363082679|ref|NR_179587.1|	96.818	440	14	0	1	440	328	767	0.0	736	1926283
c815d610fe3c015ac953259e33085228	gi|2363081854|ref|NR_179173.1|	96.818	440	14	0	1	440	333	772	0.0	736	2126740
c815d610fe3c015ac953259e33085228	gi|2363085097|ref|NR_180797.1|	96.606	442	11	4	1	440	346	785	0.0	730	2605778
c815d610fe3c015ac953259e33085228	gi|1384992332|ref|NR_156081.1|	96.136	440	17	0	1	440	336	775	0.0	719	1469948
c815d610fe3c015ac953259e33085228	gi|1384992329|ref|NR_156078.1|	96.136	440	17	0	1	440	336	775	0.0	719	1469948
c815d610fe3c015ac953259e33085228	gi|1193829163|ref|NR_147406.1|	96.136	440	17	0	1	440	350	789	0.0	719	1871024
c815d610fe3c015ac953259e33085228	gi|2962412221|ref|NR_199415.1|	96.136	440	17	0	1	440	338	777	0.0	719	3136600
c815d610fe3c015ac953259e33085228	gi|3030611230|ref|NR_199906.1|	95.909	440	18	0	1	440	354	793	0.0	713	3123317
9e2dd590bbe5e86538e91731786abcd4	gi|219878251|ref|NR_025390.1|	95.455	440	20	0	1	440	330	769	0.0	702	115544
9e2dd590bbe5e86538e91731786abcd4	gi|1040567056|ref|NR_137405.1|	95.227	440	21	0	1	440	307	746	0.0	697	1619234
9e2dd590bbe5e86538e91731786abcd4	gi|559795252|ref|NR_104842.1|	95.238	441	19	2	1	440	345	784	0.0	697	39495
9e2dd590bbe5e86538e91731786abcd4	gi|1227086118|ref|NR_148620.1|	94.773	440	23	0	1	440	195	634	0.0	686	1763509
9e2dd590bbe5e86538e91731786abcd4	gi|2363086310|ref|NR_181407.1|	94.773	440	23	0	1	440	355	794	0.0	686	2850323
9e2dd590bbe5e86538e91731786abcd4	gi|219857617|ref|NR_025206.1|	94.773	440	23	0	1	440	314	753	0.0	686	180286
9e2dd590bbe5e86538e91731786abcd4	gi|1109168019|ref|NR_144608.1|	94.570	442	22	2	1	440	348	789	0.0	682	1796618
9e2dd590bbe5e86538e91731786abcd4	gi|2363082679|ref|NR_179587.1|	94.545	440	24	0	1	440	328	767	0.0	680	1926283
9e2dd590bbe5e86538e91731786abcd4	gi|1384992332|ref|NR_156081.1|	94.545	440	24	0	1	440	336	775	0.0	680	1469948
9e2dd590bbe5e86538e91731786abcd4	gi|1384992329|ref|NR_156078.1|	94.545	440	24	0	1	440	336	775	0.0	680	1469948
34e46fce68e321e1d91df620998cdbd9	gi|631251702|ref|NR_112900.1|	99.097	443	4	0	1	443	341	783	0.0	797	626937
34e46fce68e321e1d91df620998cdbd9	gi|2363081417|ref|NR_178955.1|	97.968	443	9	0	1	443	288	730	0.0	769	1851429
34e46fce68e321e1d91df620998cdbd9	gi|1116030284|ref|NR_144742.1|	97.523	444	9	2	1	443	352	794	0.0	758	1805714
34e46fce68e321e1d91df620998cdbd9	gi|1116030285|ref|NR_144743.1|	96.840	443	14	0	1	443	352	794	0.0	741	1816678
34e46fce68e321e1d91df620998cdbd9	gi|636559212|ref|NR_115269.1|	96.840	443	14	0	1	443	332	774	0.0	741	270498
34e46fce68e321e1d91df620998cdbd9	gi|2363086270|ref|NR_181387.1|	93.002	443	30	1	1	443	302	743	0.0	645	2763656
34e46fce68e321e1d91df620998cdbd9	gi|2363086268|ref|NR_181386.1|	92.777	443	32	0	1	443	303	745	0.0	641	2763655
34e46fce68e321e1d91df620998cdbd9	gi|636559633|ref|NR_115693.1|	90.745	443	39	2	1	443	442	882	3.54e-168	590	694434
34e46fce68e321e1d91df620998cdbd9	gi|636559632|ref|NR_115692.1|	90.745	443	39	2	1	443	442	882	3.54e-168	590	694434
34e46fce68e321e1d91df620998cdbd9	gi|636559631|ref|NR_115691.1|	90.745	443	39	2	1	443	436	876	3.54e-168	590	694434
c3b468022bd29baa8bf5b90dafb65495	gi|2621112340|ref|NR_189244.1|	93.891	442	27	0	1	442	363	804	0.0	667	3046382
c3b468022bd29baa8bf5b90dafb65495	gi|2621112341|ref|NR_189245.1|	93.665	442	28	0	1	442	363	804	0.0	662	3046383
c3b468022bd29baa8bf5b90dafb65495	gi|636559633|ref|NR_115693.1|	87.892	446	45	8	1	442	442	882	6.08e-146	516	694434
c3b468022bd29baa8bf5b90dafb65495	gi|636559632|ref|NR_115692.1|	87.892	446	45	8	1	442	442	882	6.08e-146	516	694434
c3b468022bd29baa8bf5b90dafb65495	gi|636559631|ref|NR_115691.1|	87.892	446	45	8	1	442	436	876	6.08e-146	516	694434
c3b468022bd29baa8bf5b90dafb65495	gi|636559630|ref|NR_115690.1|	87.892	446	45	8	1	442	448	888	6.08e-146	516	694434
c3b468022bd29baa8bf5b90dafb65495	gi|343198739|ref|NR_043559.1|	87.892	446	45	8	1	442	447	887	6.08e-146	516	694434
c3b468022bd29baa8bf5b90dafb65495	gi|2363086262|ref|NR_181383.1|	87.054	448	48	10	1	442	307	750	2.20e-140	497	2763654
c3b468022bd29baa8bf5b90dafb65495	gi|636558822|ref|NR_114879.1|	86.937	444	52	6	1	442	329	768	2.85e-139	494	132925
c3b468022bd29baa8bf5b90dafb65495	gi|310975227|ref|NR_037091.1|	86.937	444	52	6	1	442	329	768	2.85e-139	494	132925
60f31196aeadb66298d4ac6f30fce3f0	gi|631252157|ref|NR_113355.1|	88.172	465	29	14	1	439	356	820	2.16e-150	531	218538
60f31196aeadb66298d4ac6f30fce3f0	gi|219846090|ref|NR_025680.1|	88.172	465	29	14	1	439	336	800	2.16e-150	531	592028
60f31196aeadb66298d4ac6f30fce3f0	gi|3030611224|ref|NR_199900.1|	87.528	441	51	4	1	439	358	796	3.63e-143	507	3118105
60f31196aeadb66298d4ac6f30fce3f0	gi|3030611223|ref|NR_199899.1|	87.528	441	51	4	1	439	358	796	3.63e-143	507	3118105
60f31196aeadb66298d4ac6f30fce3f0	gi|3030611272|ref|NR_199948.1|	87.528	441	51	4	1	439	302	740	3.63e-143	507	3118105
60f31196aeadb66298d4ac6f30fce3f0	gi|343200979|ref|NR_041666.1|	87.097	465	34	10	1	439	336	800	4.70e-142	503	742743
60f31196aeadb66298d4ac6f30fce3f0	gi|2363082376|ref|NR_179435.1|	87.075	441	53	4	1	439	349	787	2.19e-140	497	1723382
60f31196aeadb66298d4ac6f30fce3f0	gi|343198671|ref|NR_043231.1|	86.882	465	35	9	1	439	283	747	2.19e-140	497	308994
60f31196aeadb66298d4ac6f30fce3f0	gi|631252159|ref|NR_113357.1|	86.695	466	35	10	1	439	356	821	1.02e-138	492	308994
60f31196aeadb66298d4ac6f30fce3f0	gi|219857405|ref|NR_024993.1|	86.591	440	58	1	1	439	349	788	1.70e-136	484	99656
fde8658d7293b96df8e2ec9a8e932a32	gi|2363082679|ref|NR_179587.1|	96.372	441	14	2	1	440	328	767	0.0	725	1926283
fde8658d7293b96df8e2ec9a8e932a32	gi|2363081854|ref|NR_179173.1|	96.372	441	14	2	1	440	333	772	0.0	725	2126740
fde8658d7293b96df8e2ec9a8e932a32	gi|3030611230|ref|NR_199906.1|	96.145	441	15	2	1	440	354	793	0.0	719	3123317
fde8658d7293b96df8e2ec9a8e932a32	gi|3030611314|ref|NR_199990.1|	96.145	441	15	2	1	440	350	789	0.0	719	3123317
fde8658d7293b96df8e2ec9a8e932a32	gi|1384992331|ref|NR_156080.1|	96.145	441	15	2	1	440	336	775	0.0	719	1469948
fde8658d7293b96df8e2ec9a8e932a32	gi|1384992328|ref|NR_156077.1|	96.145	441	15	2	1	440	336	775	0.0	719	1469948
fde8658d7293b96df8e2ec9a8e932a32	gi|1384992332|ref|NR_156081.1|	95.918	441	16	2	1	440	336	775	0.0	713	1469948
fde8658d7293b96df8e2ec9a8e932a32	gi|1384992329|ref|NR_156078.1|	95.918	441	16	2	1	440	336	775	0.0	713	1469948
fde8658d7293b96df8e2ec9a8e932a32	gi|2363085097|ref|NR_180797.1|	95.928	442	14	4	1	440	346	785	0.0	713	2605778
fde8658d7293b96df8e2ec9a8e932a32	gi|343205837|ref|NR_044289.1|	95.928	442	14	4	1	440	328	767	0.0	713	460384
ad1f15b3ae132ca27f486661b07948a2	gi|2363086296|ref|NR_181400.1|	99.542	437	2	0	3	439	250	686	0.0	798	2764712
ad1f15b3ae132ca27f486661b07948a2	gi|2363086298|ref|NR_181401.1|	97.039	439	13	0	1	439	303	741	0.0	739	2763645
ad1f15b3ae132ca27f486661b07948a2	gi|1116030291|ref|NR_144749.1|	93.213	442	26	3	1	439	347	787	0.0	647	1852367
ad1f15b3ae132ca27f486661b07948a2	gi|2463901899|ref|NR_184630.1|	93.197	441	28	1	1	439	343	783	0.0	647	2839743
ad1f15b3ae132ca27f486661b07948a2	gi|2136551617|ref|NR_173621.1|	92.760	442	29	1	1	439	354	795	0.0	636	2818044
ad1f15b3ae132ca27f486661b07948a2	gi|1116030279|ref|NR_144737.1|	92.308	442	31	1	1	439	347	788	9.62e-179	625	1776384
ad1f15b3ae132ca27f486661b07948a2	gi|645321915|ref|NR_118779.1|	92.290	441	32	2	1	439	327	767	9.62e-179	625	35517
ad1f15b3ae132ca27f486661b07948a2	gi|310975129|ref|NR_036993.1|	92.290	441	32	2	1	439	359	799	9.62e-179	625	35517
ad1f15b3ae132ca27f486661b07948a2	gi|2363082665|ref|NR_179580.1|	92.063	441	33	2	1	439	327	767	1.24e-177	621	1917867
ad1f15b3ae132ca27f486661b07948a2	gi|2363085330|ref|NR_180913.1|	92.081	442	32	2	1	439	327	768	4.47e-177	619	2697030
1b4b868c56abb74f93fda17c57915f68	gi|219846613|ref|NR_026205.1|	91.828	465	38	0	1	465	337	801	0.0	649	40841
1b4b868c56abb74f93fda17c57915f68	gi|219846519|ref|NR_026111.1|	87.742	465	57	0	1	465	339	803	2.94e-154	544	33025
1b4b868c56abb74f93fda17c57915f68	gi|2363082609|ref|NR_179551.1|	87.021	470	51	10	1	465	345	809	3.83e-148	523	1871002
1b4b868c56abb74f93fda17c57915f68	gi|631251704|ref|NR_112902.1|	86.910	466	59	2	1	465	427	891	1.38e-147	521	626940
1b4b868c56abb74f93fda17c57915f68	gi|343201731|ref|NR_042457.1|	85.470	468	63	5	1	465	259	724	6.51e-136	483	357999
1b4b868c56abb74f93fda17c57915f68	gi|645320455|ref|NR_117657.1|	85.225	467	66	3	1	465	443	908	3.03e-134	477	2378
1b4b868c56abb74f93fda17c57915f68	gi|645320466|ref|NR_117666.1|	85.043	468	65	5	1	465	342	807	1.41e-132	472	1337886
1b4b868c56abb74f93fda17c57915f68	gi|645320459|ref|NR_117660.1|	85.011	467	67	3	1	465	445	910	1.41e-132	472	2378
1b4b868c56abb74f93fda17c57915f68	gi|559795212|ref|NR_104801.1|	85.043	468	65	5	1	465	340	805	1.41e-132	472	2376
1b4b868c56abb74f93fda17c57915f68	gi|265678686|ref|NR_028991.1|	85.106	470	61	9	1	465	328	793	1.41e-132	472	204936
d80b1cd7c0228c8521b100e137d848c3	gi|2363086268|ref|NR_181386.1|	98.871	443	5	0	1	443	303	745	0.0	791	2763655
d80b1cd7c0228c8521b100e137d848c3	gi|2363086270|ref|NR_181387.1|	93.228	443	29	1	1	443	302	743	0.0	651	2763656
d80b1cd7c0228c8521b100e137d848c3	gi|631251702|ref|NR_112900.1|	92.777	443	32	0	1	443	341	783	0.0	641	626937
d80b1cd7c0228c8521b100e137d848c3	gi|1116030284|ref|NR_144742.1|	92.551	443	33	0	1	443	352	794	0.0	636	1805714
d80b1cd7c0228c8521b100e137d848c3	gi|2363081417|ref|NR_178955.1|	91.648	443	37	0	1	443	288	730	2.10e-175	614	1851429
d80b1cd7c0228c8521b100e137d848c3	gi|2363086262|ref|NR_181383.1|	91.480	446	33	5	1	443	307	750	9.78e-174	608	2763654
d80b1cd7c0228c8521b100e137d848c3	gi|1116030285|ref|NR_144743.1|	91.236	445	35	3	1	443	352	794	4.55e-172	603	1816678
d80b1cd7c0228c8521b100e137d848c3	gi|636559212|ref|NR_115269.1|	90.971	443	40	0	1	443	332	774	2.12e-170	597	270498
d80b1cd7c0228c8521b100e137d848c3	gi|2363082320|ref|NR_179407.1|	90.112	445	37	6	1	443	331	770	1.28e-162	571	1622073
d80b1cd7c0228c8521b100e137d848c3	gi|343200549|ref|NR_041236.1|	89.910	446	37	8	1	443	321	761	1.66e-161	568	1122184
e095f3d96b221b0c1183be85abf6ecc5	gi|631253195|ref|NR_114393.1|	99.784	464	1	0	1	464	326	789	0.0	852	29348
e095f3d96b221b0c1183be85abf6ecc5	gi|228720470|ref|NR_027592.1|	99.569	464	2	0	1	464	316	779	0.0	846	29348
e095f3d96b221b0c1183be85abf6ecc5	gi|645322231|ref|NR_119030.1|	99.355	465	1	2	1	464	324	787	0.0	841	428126
e095f3d96b221b0c1183be85abf6ecc5	gi|645322566|ref|NR_119286.1|	97.198	464	13	0	1	464	313	776	0.0	785	69824
e095f3d96b221b0c1183be85abf6ecc5	gi|343203026|ref|NR_043550.1|	96.121	464	18	0	1	464	327	790	0.0	758	341225
e095f3d96b221b0c1183be85abf6ecc5	gi|631252045|ref|NR_113243.1|	95.043	464	23	0	1	464	328	791	0.0	730	1547
e095f3d96b221b0c1183be85abf6ecc5	gi|265678939|ref|NR_029247.1|	94.421	466	23	2	1	464	330	794	0.0	713	1547
e095f3d96b221b0c1183be85abf6ecc5	gi|2260349424|ref|NR_176506.1|	93.319	464	31	0	1	464	315	778	0.0	686	1982626
e095f3d96b221b0c1183be85abf6ecc5	gi|1116030260|ref|NR_144718.1|	93.319	464	31	0	1	464	326	789	0.0	686	1585974
e095f3d96b221b0c1183be85abf6ecc5	gi|3030611330|ref|NR_200006.1|	92.903	465	31	2	1	464	333	796	0.0	675	3035606
7f35ab138a600a5e26566ba21c0de6a9	gi|559795314|ref|NR_104907.1|	95.692	441	19	0	1	441	315	755	0.0	710	290054
7f35ab138a600a5e26566ba21c0de6a9	gi|2136551683|ref|NR_173688.1|	92.290	441	33	1	1	441	321	760	9.66e-179	625	2780922
7f35ab138a600a5e26566ba21c0de6a9	gi|1864207164|ref|NR_169458.1|	90.476	441	41	1	1	441	345	784	2.12e-165	580	2164149
7f35ab138a600a5e26566ba21c0de6a9	gi|507148077|ref|NR_102884.1|	90.293	443	38	5	1	441	331	770	9.87e-164	575	213810
7f35ab138a600a5e26566ba21c0de6a9	gi|1445136071|ref|NR_158111.1|	89.865	444	37	7	1	441	349	787	2.14e-160	564	2038680
7f35ab138a600a5e26566ba21c0de6a9	gi|3248465648|ref|NR_201660.1|	89.569	441	45	1	1	441	319	758	9.94e-159	558	3417630
7f35ab138a600a5e26566ba21c0de6a9	gi|2363082601|ref|NR_179547.1|	89.616	443	41	5	1	441	347	786	9.94e-159	558	1870991
7f35ab138a600a5e26566ba21c0de6a9	gi|2363082585|ref|NR_179539.1|	89.616	443	40	6	1	441	351	789	9.94e-159	558	1852384
7f35ab138a600a5e26566ba21c0de6a9	gi|636558832|ref|NR_114889.1|	89.616	443	40	6	1	441	277	715	9.94e-159	558	213810
7f35ab138a600a5e26566ba21c0de6a9	gi|636558732|ref|NR_114789.1|	89.616	443	41	5	1	441	347	786	9.94e-159	558	1535
36df8a66a7dc6fdf5aff0dadb6ef70ee	gi|219857122|ref|NR_024750.1|	98.866	441	4	1	1	440	300	740	0.0	787	116085
36df8a66a7dc6fdf5aff0dadb6ef70ee	gi|2363080283|ref|NR_178367.1|	95.455	440	20	0	1	440	328	767	0.0	702	673271
36df8a66a7dc6fdf5aff0dadb6ef70ee	gi|219878251|ref|NR_025390.1|	95.000	440	22	0	1	440	330	769	0.0	691	115544
36df8a66a7dc6fdf5aff0dadb6ef70ee	gi|1040567056|ref|NR_137405.1|	94.773	440	23	0	1	440	307	746	0.0	686	1619234
36df8a66a7dc6fdf5aff0dadb6ef70ee	gi|1109168027|ref|NR_144612.1|	94.545	440	24	0	1	440	350	789	0.0	680	1796636
36df8a66a7dc6fdf5aff0dadb6ef70ee	gi|3248465643|ref|NR_201655.1|	94.344	442	21	4	1	440	313	752	0.0	675	3380807
36df8a66a7dc6fdf5aff0dadb6ef70ee	gi|3030611230|ref|NR_199906.1|	94.318	440	25	0	1	440	354	793	0.0	675	3123317
36df8a66a7dc6fdf5aff0dadb6ef70ee	gi|3030611314|ref|NR_199990.1|	94.318	440	25	0	1	440	350	789	0.0	675	3123317
36df8a66a7dc6fdf5aff0dadb6ef70ee	gi|2136551567|ref|NR_173570.1|	94.344	442	21	4	1	440	330	769	0.0	675	1912090
36df8a66a7dc6fdf5aff0dadb6ef70ee	gi|1384992332|ref|NR_156081.1|	94.318	440	25	0	1	440	336	775	0.0	675	1469948
3a8d49609b407ec405d7c4b8cada83d3	gi|2363083495|ref|NR_179996.1|	99.545	440	2	0	1	440	363	802	0.0	802	2764322
3a8d49609b407ec405d7c4b8cada83d3	gi|1116030269|ref|NR_144727.1|	93.636	440	28	0	1	440	335	774	0.0	658	1673717
3a8d49609b407ec405d7c4b8cada83d3	gi|1146059197|ref|NR_145929.1|	92.793	444	28	3	1	440	319	762	0.0	640	642589
3a8d49609b407ec405d7c4b8cada83d3	gi|2363082799|ref|NR_179648.1|	92.727	440	32	0	1	440	339	778	0.0	636	2045012
3a8d49609b407ec405d7c4b8cada83d3	gi|602269312|ref|NR_044835.2|	92.727	440	32	0	1	440	259	698	0.0	636	1549
3a8d49609b407ec405d7c4b8cada83d3	gi|2136551663|ref|NR_173668.1|	92.500	440	33	0	1	440	294	733	2.07e-180	630	2766537
3a8d49609b407ec405d7c4b8cada83d3	gi|636558732|ref|NR_114789.1|	92.500	440	33	0	1	440	347	786	2.07e-180	630	1535
3a8d49609b407ec405d7c4b8cada83d3	gi|3248465687|ref|NR_201701.1|	92.325	443	31	2	1	440	330	772	2.68e-179	627	3435187
3a8d49609b407ec405d7c4b8cada83d3	gi|3248465688|ref|NR_201702.1|	92.325	443	31	2	1	440	328	770	2.68e-179	627	3435000
3a8d49609b407ec405d7c4b8cada83d3	gi|2836274968|ref|NR_197731.1|	92.273	440	34	0	1	440	306	745	9.64e-179	625	3093659
319b3aca7b0b51a8a7735765de265214	gi|631252073|ref|NR_113271.1|	96.739	460	15	0	1	460	339	798	0.0	767	742725
319b3aca7b0b51a8a7735765de265214	gi|631251698|ref|NR_112896.1|	96.739	460	15	0	1	460	319	778	0.0	767	742725
319b3aca7b0b51a8a7735765de265214	gi|1116030248|ref|NR_144706.1|	96.522	460	16	0	1	460	342	801	0.0	761	1211813
319b3aca7b0b51a8a7735765de265214	gi|2363082099|ref|NR_179296.1|	91.957	460	37	0	1	460	324	783	0.0	645	2585119
319b3aca7b0b51a8a7735765de265214	gi|631251954|ref|NR_113152.1|	91.974	461	35	2	1	460	337	796	0.0	645	28117
319b3aca7b0b51a8a7735765de265214	gi|645321193|ref|NR_118219.1|	91.540	461	37	2	1	460	332	791	0.0	634	1033732
319b3aca7b0b51a8a7735765de265214	gi|672239000|ref|NR_125589.1|	91.540	461	37	2	1	460	269	728	0.0	634	1033731
319b3aca7b0b51a8a7735765de265214	gi|2363086959|ref|NR_181736.1|	91.304	460	40	0	1	460	334	793	7.81e-180	628	2834113
319b3aca7b0b51a8a7735765de265214	gi|631251953|ref|NR_113151.1|	91.304	460	40	0	1	460	338	797	7.81e-180	628	328813
319b3aca7b0b51a8a7735765de265214	gi|343202833|ref|NR_043318.1|	91.304	460	40	0	1	460	324	783	7.81e-180	628	328813
8c4f929eff010734625707860d7090fd	gi|343198636|ref|NR_043142.1|	97.291	443	12	0	1	443	323	765	0.0	752	292800
8c4f929eff010734625707860d7090fd	gi|265679048|ref|NR_029356.1|	97.291	443	12	0	1	443	336	778	0.0	752	292800
8c4f929eff010734625707860d7090fd	gi|2363082342|ref|NR_179418.1|	96.840	443	14	0	1	443	348	790	0.0	741	1673721
8c4f929eff010734625707860d7090fd	gi|2363084741|ref|NR_180619.1|	96.388	443	16	0	1	443	347	789	0.0	730	2779352
8c4f929eff010734625707860d7090fd	gi|2363082326|ref|NR_179410.1|	95.711	443	19	0	1	443	349	791	0.0	713	1650661
8c4f929eff010734625707860d7090fd	gi|1193829127|ref|NR_147370.1|	95.260	443	21	0	1	443	349	791	0.0	702	1870988
8c4f929eff010734625707860d7090fd	gi|2136551692|ref|NR_173697.1|	95.260	443	20	1	1	443	349	790	0.0	701	2108523
8c4f929eff010734625707860d7090fd	gi|219846080|ref|NR_025670.1|	95.034	443	22	0	1	443	329	771	0.0	697	411467
8c4f929eff010734625707860d7090fd	gi|3030611323|ref|NR_199999.1|	94.582	443	24	0	1	443	301	743	0.0	686	3133422
8c4f929eff010734625707860d7090fd	gi|2363082358|ref|NR_179426.1|	94.582	443	24	0	1	443	349	791	0.0	686	1702285
a81787832173603d3acb73b6e6203f1f	gi|2363082288|ref|NR_179391.1|	93.213	442	26	4	1	440	332	771	0.0	647	1499684
a81787832173603d3acb73b6e6203f1f	gi|2221405456|ref|NR_175533.1|	92.534	442	29	4	1	440	317	756	2.07e-180	630	2665504
a81787832173603d3acb73b6e6203f1f	gi|559795300|ref|NR_104892.1|	92.534	442	29	4	1	440	313	752	2.07e-180	630	39489
a81787832173603d3acb73b6e6203f1f	gi|631251839|ref|NR_113037.1|	92.534	442	29	4	1	440	333	772	2.07e-180	630	39489
a81787832173603d3acb73b6e6203f1f	gi|2363082813|ref|NR_179655.1|	92.342	444	26	8	1	440	336	775	9.64e-179	625	2080751
a81787832173603d3acb73b6e6203f1f	gi|1269847389|ref|NR_041006.2|	92.308	442	30	4	1	440	340	779	9.64e-179	625	29369
a81787832173603d3acb73b6e6203f1f	gi|1269801278|ref|NR_112226.2|	92.308	442	30	4	1	440	340	779	9.64e-179	625	29369
a81787832173603d3acb73b6e6203f1f	gi|2836274945|ref|NR_197708.1|	92.342	444	26	8	1	440	335	774	9.64e-179	625	3073603
a81787832173603d3acb73b6e6203f1f	gi|545589120|ref|NR_044716.2|	92.081	442	31	4	1	440	340	779	3.47e-178	623	1530
a81787832173603d3acb73b6e6203f1f	gi|219856864|ref|NR_024683.1|	92.308	442	28	6	1	440	332	769	3.47e-178	623	83339
d9b1eb91ca47020ad588be018b450e61	gi|2363086270|ref|NR_181387.1|	95.034	443	21	1	1	443	302	743	0.0	695	2763656
d9b1eb91ca47020ad588be018b450e61	gi|2363086268|ref|NR_181386.1|	94.131	443	26	0	1	443	303	745	0.0	675	2763655
d9b1eb91ca47020ad588be018b450e61	gi|2363086262|ref|NR_181383.1|	91.928	446	31	5	1	443	307	750	4.52e-177	619	2763654
d9b1eb91ca47020ad588be018b450e61	gi|1116030284|ref|NR_144742.1|	91.196	443	39	0	1	443	352	794	4.55e-172	603	1805714
d9b1eb91ca47020ad588be018b450e61	gi|631251702|ref|NR_112900.1|	91.196	443	39	0	1	443	341	783	4.55e-172	603	626937
d9b1eb91ca47020ad588be018b450e61	gi|2363081417|ref|NR_178955.1|	90.519	443	42	0	1	443	288	730	4.58e-167	586	1851429
d9b1eb91ca47020ad588be018b450e61	gi|1116030285|ref|NR_144743.1|	90.541	444	40	2	1	443	352	794	4.58e-167	586	1816678
d9b1eb91ca47020ad588be018b450e61	gi|2363082320|ref|NR_179407.1|	90.112	445	37	6	1	443	331	770	1.28e-162	571	1622073
d9b1eb91ca47020ad588be018b450e61	gi|943392597|ref|NR_117133.2|	89.933	447	34	10	1	443	330	769	5.97e-161	566	1543
d9b1eb91ca47020ad588be018b450e61	gi|943392596|ref|NR_117132.2|	89.732	448	34	11	1	443	330	770	7.72e-160	562	1543
87a2a226d2f60dcb2f13f48b0685ec09	gi|444304189|ref|NR_074613.1|	90.971	443	34	6	1	440	350	789	9.78e-169	592	515620
87a2a226d2f60dcb2f13f48b0685ec09	gi|1040567056|ref|NR_137405.1|	90.023	441	42	2	1	440	307	746	4.58e-162	569	1619234
87a2a226d2f60dcb2f13f48b0685ec09	gi|1109168027|ref|NR_144612.1|	89.773	440	45	0	1	440	350	789	2.13e-160	564	1796636
87a2a226d2f60dcb2f13f48b0685ec09	gi|2363082282|ref|NR_179388.1|	89.663	445	36	8	1	440	335	774	9.92e-159	558	2935520
87a2a226d2f60dcb2f13f48b0685ec09	gi|566085050|ref|NR_108636.1|	89.569	441	44	2	1	440	348	787	9.92e-159	558	682400
87a2a226d2f60dcb2f13f48b0685ec09	gi|265678656|ref|NR_028961.1|	89.640	444	38	6	1	440	327	766	9.92e-159	558	853
87a2a226d2f60dcb2f13f48b0685ec09	gi|219857405|ref|NR_024993.1|	89.616	443	40	6	1	440	349	788	9.92e-159	558	99656
87a2a226d2f60dcb2f13f48b0685ec09	gi|1227086118|ref|NR_148620.1|	89.367	442	43	4	1	440	195	634	4.61e-157	553	1763509
87a2a226d2f60dcb2f13f48b0685ec09	gi|219878251|ref|NR_025390.1|	89.318	440	47	0	1	440	330	769	4.61e-157	553	115544
87a2a226d2f60dcb2f13f48b0685ec09	gi|2363081451|ref|NR_178972.1|	89.189	444	40	6	1	440	285	724	2.15e-155	547	1851428
820d4cc0ce6f3f296bae7b9a627adcc0	gi|2363080123|ref|NR_178280.1|	96.364	440	16	0	1	440	331	770	0.0	725	411483
820d4cc0ce6f3f296bae7b9a627adcc0	gi|2363081449|ref|NR_178971.1|	96.136	440	16	1	1	440	285	723	0.0	717	1851427
820d4cc0ce6f3f296bae7b9a627adcc0	gi|265678656|ref|NR_028961.1|	95.682	440	19	0	1	440	327	766	0.0	708	853
820d4cc0ce6f3f296bae7b9a627adcc0	gi|2363081451|ref|NR_178972.1|	95.455	440	20	0	1	440	285	724	0.0	702	1851428
820d4cc0ce6f3f296bae7b9a627adcc0	gi|3030611269|ref|NR_199945.1|	95.227	440	21	0	1	440	335	774	0.0	697	3435293
820d4cc0ce6f3f296bae7b9a627adcc0	gi|2363082282|ref|NR_179388.1|	94.785	441	21	2	1	440	335	774	0.0	686	2935520
820d4cc0ce6f3f296bae7b9a627adcc0	gi|2363080175|ref|NR_178311.1|	94.091	440	26	0	1	440	412	851	0.0	669	2903556
820d4cc0ce6f3f296bae7b9a627adcc0	gi|559795255|ref|NR_104846.1|	90.227	440	43	0	1	440	288	727	9.85e-164	575	745368
820d4cc0ce6f3f296bae7b9a627adcc0	gi|1277396189|ref|NR_151900.1|	90.023	441	42	2	1	440	351	790	4.58e-162	569	1550024
820d4cc0ce6f3f296bae7b9a627adcc0	gi|2363084747|ref|NR_180622.1|	90.023	441	42	2	1	440	335	774	4.58e-162	569	2779354
bc3ef960e56fdbb443a7984756f5832c	gi|3030611351|ref|NR_200027.1|	99.528	424	2	0	1	424	198	621	0.0	773	2911853
bc3ef960e56fdbb443a7984756f5832c	gi|444303813|ref|NR_074235.1|	99.528	424	2	0	1	424	319	742	0.0	773	420247
bc3ef960e56fdbb443a7984756f5832c	gi|636559112|ref|NR_115169.1|	99.528	424	2	0	1	424	235	658	0.0	773	420247
bc3ef960e56fdbb443a7984756f5832c	gi|343206194|ref|NR_044786.1|	99.528	424	2	0	1	424	294	717	0.0	773	420247
bc3ef960e56fdbb443a7984756f5832c	gi|645321389|ref|NR_118367.1|	99.292	424	3	0	1	424	235	658	0.0	767	420247
bc3ef960e56fdbb443a7984756f5832c	gi|559795287|ref|NR_104878.1|	98.113	424	8	0	1	424	317	740	0.0	739	66851
bc3ef960e56fdbb443a7984756f5832c	gi|343202475|ref|NR_042785.1|	98.113	424	8	0	1	424	235	658	0.0	739	230361
bc3ef960e56fdbb443a7984756f5832c	gi|343206195|ref|NR_044787.1|	97.170	424	12	0	1	424	275	698	0.0	723	190975
bc3ef960e56fdbb443a7984756f5832c	gi|343206197|ref|NR_044789.1|	97.170	424	12	0	1	424	299	722	0.0	717	190974
bc3ef960e56fdbb443a7984756f5832c	gi|343206196|ref|NR_044788.1|	97.170	424	12	0	1	424	301	724	0.0	717	190976
66c20824f16aaac8e50b6101af3ec312	gi|2363085163|ref|NR_180830.1|	82.729	469	63	15	1	461	336	794	1.86e-111	401	2606626
66c20824f16aaac8e50b6101af3ec312	gi|1909404454|ref|NR_170509.1|	81.857	463	78	6	1	461	347	805	1.87e-106	385	2530391
66c20824f16aaac8e50b6101af3ec312	gi|1491509600|ref|NR_159131.1|	81.780	472	63	18	1	461	331	790	4.05e-103	374	2045106
66c20824f16aaac8e50b6101af3ec312	gi|2363087247|ref|NR_181879.1|	81.585	467	72	13	1	461	285	743	4.05e-103	374	2880704
66c20824f16aaac8e50b6101af3ec312	gi|959494898|ref|NR_133765.1|	81.385	462	83	3	1	461	225	684	4.05e-103	374	1348471
66c20824f16aaac8e50b6101af3ec312	gi|1018196564|ref|NR_136443.1|	81.410	468	73	13	1	461	300	760	5.24e-102	370	867595
66c20824f16aaac8e50b6101af3ec312	gi|1909404453|ref|NR_170508.1|	81.250	464	79	7	1	461	352	810	1.88e-101	368	2518971
66c20824f16aaac8e50b6101af3ec312	gi|1953646721|ref|NR_171516.1|	80.819	464	81	7	1	461	321	779	4.08e-98	357	2493666
66c20824f16aaac8e50b6101af3ec312	gi|1441204207|ref|NR_157622.1|	80.736	462	85	4	1	461	306	764	4.08e-98	357	2232097
66c20824f16aaac8e50b6101af3ec312	gi|1384992368|ref|NR_156144.1|	80.736	462	85	4	1	461	310	768	4.08e-98	357	1867106
50dc0e44448ead74ff216d7f27fa316c	gi|2363086290|ref|NR_181397.1|	95.682	440	19	0	1	440	303	742	0.0	708	2763671
50dc0e44448ead74ff216d7f27fa316c	gi|2363087259|ref|NR_181885.1|	95.455	440	20	0	1	440	335	774	0.0	704	2885351
50dc0e44448ead74ff216d7f27fa316c	gi|3030611230|ref|NR_199906.1|	95.227	440	21	0	1	440	354	793	0.0	697	3123317
50dc0e44448ead74ff216d7f27fa316c	gi|3030611314|ref|NR_199990.1|	95.227	440	21	0	1	440	350	789	0.0	697	3123317
50dc0e44448ead74ff216d7f27fa316c	gi|1384992331|ref|NR_156080.1|	95.227	440	21	0	1	440	336	775	0.0	697	1469948
50dc0e44448ead74ff216d7f27fa316c	gi|1384992328|ref|NR_156077.1|	95.227	440	21	0	1	440	336	775	0.0	697	1469948
50dc0e44448ead74ff216d7f27fa316c	gi|974142252|ref|NR_134772.1|	95.227	440	21	0	1	440	297	736	0.0	697	1337051
50dc0e44448ead74ff216d7f27fa316c	gi|2363086292|ref|NR_181398.1|	95.227	440	21	0	1	440	299	738	0.0	697	2763667
50dc0e44448ead74ff216d7f27fa316c	gi|2363085169|ref|NR_180833.1|	95.000	440	22	0	1	440	337	776	0.0	691	2606635
50dc0e44448ead74ff216d7f27fa316c	gi|1384992332|ref|NR_156081.1|	95.000	440	22	0	1	440	336	775	0.0	691	1469948
54b1cf1ac81cc777d934fab488389751	gi|1445136073|ref|NR_158113.1|	96.622	444	14	1	1	444	328	770	0.0	736	433287
54b1cf1ac81cc777d934fab488389751	gi|1811131545|ref|NR_165727.1|	96.171	444	17	0	1	444	358	801	0.0	726	2358141
54b1cf1ac81cc777d934fab488389751	gi|631252210|ref|NR_113408.1|	95.946	444	17	1	1	444	351	793	0.0	719	28446
54b1cf1ac81cc777d934fab488389751	gi|219846061|ref|NR_025651.1|	95.946	444	17	1	1	444	350	792	0.0	719	160404
54b1cf1ac81cc777d934fab488389751	gi|265678961|ref|NR_029269.1|	95.721	444	17	2	1	444	350	791	0.0	713	28446
54b1cf1ac81cc777d934fab488389751	gi|219846558|ref|NR_026150.1|	95.045	444	20	2	1	444	350	791	0.0	697	36847
54b1cf1ac81cc777d934fab488389751	gi|2621112349|ref|NR_189253.1|	94.144	444	26	0	1	444	345	788	0.0	676	2918914
54b1cf1ac81cc777d934fab488389751	gi|3030611264|ref|NR_199940.1|	92.809	445	26	4	1	444	338	777	0.0	640	3074433
54b1cf1ac81cc777d934fab488389751	gi|566085043|ref|NR_108630.1|	92.584	445	30	3	1	444	335	777	0.0	636	680378
54b1cf1ac81cc777d934fab488389751	gi|2363083221|ref|NR_179859.1|	92.568	444	29	2	1	444	347	786	0.0	634	2078660
1cf5fef246c8a7053fd55da5a7917ee1	gi|444304209|ref|NR_074634.1|	95.000	440	22	0	1	440	350	789	0.0	691	515619
1cf5fef246c8a7053fd55da5a7917ee1	gi|1227086116|ref|NR_148619.1|	94.344	442	23	2	1	440	301	742	0.0	676	1712665
1cf5fef246c8a7053fd55da5a7917ee1	gi|343198540|ref|NR_042832.1|	94.331	441	24	1	1	440	330	770	0.0	675	301302
1cf5fef246c8a7053fd55da5a7917ee1	gi|2363086282|ref|NR_181393.1|	93.864	440	27	0	1	440	290	729	0.0	664	2763664
1cf5fef246c8a7053fd55da5a7917ee1	gi|559795194|ref|NR_104783.1|	93.864	440	27	0	1	440	353	792	0.0	664	290052
1cf5fef246c8a7053fd55da5a7917ee1	gi|645320588|ref|NR_117758.1|	93.665	442	26	1	1	440	322	763	0.0	660	166486
1cf5fef246c8a7053fd55da5a7917ee1	gi|228716944|ref|NR_027557.1|	93.665	442	26	1	1	440	343	784	0.0	660	536231
1cf5fef246c8a7053fd55da5a7917ee1	gi|444439494|ref|NR_074809.1|	93.651	441	27	1	1	440	350	790	0.0	658	585394
1cf5fef246c8a7053fd55da5a7917ee1	gi|219846723|ref|NR_026315.1|	93.636	440	28	0	1	440	317	756	0.0	658	46206
1cf5fef246c8a7053fd55da5a7917ee1	gi|343201281|ref|NR_042007.1|	93.454	443	25	3	1	440	343	784	0.0	654	622312
cdff69a97f7e5343c08444d6ac2c2a60	gi|2962412224|ref|NR_199418.1|	95.671	462	19	1	1	461	323	784	0.0	741	3137470
cdff69a97f7e5343c08444d6ac2c2a60	gi|631251887|ref|NR_113085.1|	91.613	465	31	8	1	461	328	788	0.0	636	28124
cdff69a97f7e5343c08444d6ac2c2a60	gi|631251885|ref|NR_113083.1|	91.595	464	33	6	1	461	321	781	0.0	636	29524
cdff69a97f7e5343c08444d6ac2c2a60	gi|343198529|ref|NR_042803.1|	91.613	465	31	8	1	461	319	779	0.0	636	28124
cdff69a97f7e5343c08444d6ac2c2a60	gi|343206058|ref|NR_044639.1|	90.948	464	36	6	1	461	344	804	1.01e-178	625	29524
cdff69a97f7e5343c08444d6ac2c2a60	gi|559795243|ref|NR_104833.1|	90.517	464	38	6	1	461	320	780	1.02e-173	608	266762
cdff69a97f7e5343c08444d6ac2c2a60	gi|631251889|ref|NR_113087.1|	90.517	464	38	6	1	461	339	799	1.02e-173	608	266762
cdff69a97f7e5343c08444d6ac2c2a60	gi|631251584|ref|NR_112782.1|	90.517	464	38	6	1	461	287	747	1.02e-173	608	266762
cdff69a97f7e5343c08444d6ac2c2a60	gi|636559795|ref|NR_115855.1|	90.517	464	38	6	1	461	116	576	1.02e-173	608	266762
cdff69a97f7e5343c08444d6ac2c2a60	gi|631251892|ref|NR_113090.1|	87.473	463	53	5	1	461	329	788	8.17e-150	529	1122975
c730ee64888b78a8dbc29f1c490a8c66	gi|631252928|ref|NR_114126.1|	99.570	465	2	0	1	465	314	778	0.0	848	329
c730ee64888b78a8dbc29f1c490a8c66	gi|343202726|ref|NR_043152.1|	99.570	465	2	0	1	465	316	780	0.0	848	329
c730ee64888b78a8dbc29f1c490a8c66	gi|631252154|ref|NR_113352.1|	99.570	465	2	0	1	465	314	778	0.0	848	329
c730ee64888b78a8dbc29f1c490a8c66	gi|219878246|ref|NR_025385.1|	98.065	465	9	0	1	465	296	760	0.0	809	105219
c730ee64888b78a8dbc29f1c490a8c66	gi|961555180|ref|NR_134149.1|	97.419	465	12	0	1	465	273	737	0.0	793	1310168
c730ee64888b78a8dbc29f1c490a8c66	gi|961555181|ref|NR_134150.1|	97.419	465	12	0	1	465	273	737	0.0	793	1310167
c730ee64888b78a8dbc29f1c490a8c66	gi|961555179|ref|NR_134148.1|	97.419	465	12	0	1	465	273	737	0.0	793	1310165
c730ee64888b78a8dbc29f1c490a8c66	gi|343200116|ref|NR_040803.1|	97.419	465	12	0	1	465	323	787	0.0	793	28097
c730ee64888b78a8dbc29f1c490a8c66	gi|219846384|ref|NR_025975.1|	97.419	465	12	0	1	465	305	769	0.0	793	28097
c730ee64888b78a8dbc29f1c490a8c66	gi|645322175|ref|NR_118984.1|	96.989	465	14	0	1	465	303	767	0.0	782	305
e6eb2c5903aee3990bb557317652ca00	gi|631253197|ref|NR_114395.1|	98.690	458	5	1	1	458	333	789	0.0	811	1660
e6eb2c5903aee3990bb557317652ca00	gi|343201257|ref|NR_041983.1|	98.690	458	5	1	1	458	301	757	0.0	811	1660
e6eb2c5903aee3990bb557317652ca00	gi|265678978|ref|NR_029286.1|	98.253	458	8	0	1	458	327	784	0.0	802	52773
e6eb2c5903aee3990bb557317652ca00	gi|2363082563|ref|NR_179528.1|	97.817	458	10	0	1	458	317	774	0.0	791	1852361
e6eb2c5903aee3990bb557317652ca00	gi|2363082675|ref|NR_179585.1|	97.817	458	9	1	1	458	318	774	0.0	789	1926276
e6eb2c5903aee3990bb557317652ca00	gi|645322323|ref|NR_119102.1|	97.380	458	12	0	1	458	302	759	0.0	787	1660
e6eb2c5903aee3990bb557317652ca00	gi|2363082577|ref|NR_179535.1|	97.598	458	11	0	1	458	335	792	0.0	785	1852376
e6eb2c5903aee3990bb557317652ca00	gi|219846590|ref|NR_026182.1|	97.386	459	11	1	1	458	329	787	0.0	780	52768
e6eb2c5903aee3990bb557317652ca00	gi|310975156|ref|NR_037020.1|	96.725	458	15	0	1	458	314	771	0.0	765	131111
e6eb2c5903aee3990bb557317652ca00	gi|2363082579|ref|NR_179536.1|	96.725	458	14	1	1	458	335	791	0.0	761	1852377
7feed9ed7fc17a45374d0a70415538ce	gi|631253140|ref|NR_114338.1|	99.544	439	2	0	1	439	347	785	0.0	800	33033
7feed9ed7fc17a45374d0a70415538ce	gi|310975070|ref|NR_036934.1|	99.544	439	2	0	1	439	327	765	0.0	800	33033
7feed9ed7fc17a45374d0a70415538ce	gi|636558618|ref|NR_114675.1|	99.544	439	2	0	1	439	307	745	0.0	800	411465
7feed9ed7fc17a45374d0a70415538ce	gi|2288518057|ref|NR_176802.2|	98.861	439	5	0	1	439	335	773	0.0	784	226526
7feed9ed7fc17a45374d0a70415538ce	gi|2363086334|ref|NR_181419.1|	98.405	439	7	0	1	439	327	765	0.0	773	2769485
7feed9ed7fc17a45374d0a70415538ce	gi|645319790|ref|NR_117155.1|	92.500	440	31	2	1	439	346	784	7.43e-180	628	43143
7feed9ed7fc17a45374d0a70415538ce	gi|559795216|ref|NR_104805.1|	92.500	440	31	2	1	439	348	786	7.43e-180	628	43143
7feed9ed7fc17a45374d0a70415538ce	gi|3030611224|ref|NR_199900.1|	92.255	439	34	0	1	439	358	796	3.46e-178	623	3118105
7feed9ed7fc17a45374d0a70415538ce	gi|3030611223|ref|NR_199899.1|	92.255	439	34	0	1	439	358	796	3.46e-178	623	3118105
7feed9ed7fc17a45374d0a70415538ce	gi|3030611272|ref|NR_199948.1|	92.255	439	34	0	1	439	302	740	3.46e-178	623	3118105
895f2374392dc6470eeaddd6a297546f	gi|2363086298|ref|NR_181401.1|	96.977	430	13	0	1	430	303	732	0.0	723	2763645
895f2374392dc6470eeaddd6a297546f	gi|2363086296|ref|NR_181400.1|	96.729	428	14	0	3	430	250	677	0.0	715	2764712
895f2374392dc6470eeaddd6a297546f	gi|1116030291|ref|NR_144749.1|	93.303	433	25	3	1	430	347	778	0.0	636	1852367
895f2374392dc6470eeaddd6a297546f	gi|1116030279|ref|NR_144737.1|	92.610	433	29	1	1	430	347	779	4.46e-177	619	1776384
895f2374392dc6470eeaddd6a297546f	gi|2463901899|ref|NR_184630.1|	92.593	432	30	1	1	430	343	774	4.46e-177	619	2839743
895f2374392dc6470eeaddd6a297546f	gi|645321917|ref|NR_118780.1|	90.783	434	36	2	1	430	326	759	2.72e-164	577	56774
895f2374392dc6470eeaddd6a297546f	gi|265678606|ref|NR_028911.1|	90.762	433	37	1	1	430	335	767	9.80e-164	575	109327
895f2374392dc6470eeaddd6a297546f	gi|219878150|ref|NR_025289.1|	90.783	434	35	3	1	430	321	753	9.80e-164	575	888727
895f2374392dc6470eeaddd6a297546f	gi|645321915|ref|NR_118779.1|	90.741	432	38	2	1	430	327	758	9.80e-164	575	35517
895f2374392dc6470eeaddd6a297546f	gi|310975129|ref|NR_036993.1|	90.741	432	38	2	1	430	359	790	9.80e-164	575	35517
5fbde250ecc95be7201c2ed6ca1f8c5c	gi|265678578|ref|NR_028883.1|	95.692	441	18	1	1	440	226	666	0.0	708	88431
5fbde250ecc95be7201c2ed6ca1f8c5c	gi|265678482|ref|NR_028785.1|	93.651	441	26	2	1	440	351	790	0.0	658	29347
5fbde250ecc95be7201c2ed6ca1f8c5c	gi|219857617|ref|NR_025206.1|	93.439	442	25	4	1	440	314	753	0.0	652	180286
5fbde250ecc95be7201c2ed6ca1f8c5c	gi|645322565|ref|NR_119285.1|	93.424	441	27	2	1	440	325	764	0.0	652	29347
5fbde250ecc95be7201c2ed6ca1f8c5c	gi|1397641798|ref|NR_156907.1|	93.213	442	26	4	1	440	348	787	0.0	647	1912855
5fbde250ecc95be7201c2ed6ca1f8c5c	gi|343203027|ref|NR_043551.1|	93.197	441	28	2	1	440	349	788	0.0	647	341220
5fbde250ecc95be7201c2ed6ca1f8c5c	gi|631250855|ref|NR_112051.1|	93.197	441	28	2	1	440	350	789	0.0	647	29347
5fbde250ecc95be7201c2ed6ca1f8c5c	gi|310974936|ref|NR_036800.1|	93.197	441	28	2	1	440	326	765	0.0	647	411470
5fbde250ecc95be7201c2ed6ca1f8c5c	gi|645321810|ref|NR_118690.1|	93.197	441	28	2	1	440	338	777	0.0	647	411470
5fbde250ecc95be7201c2ed6ca1f8c5c	gi|1109168038|ref|NR_144617.1|	92.971	441	29	2	1	440	340	779	0.0	641	1796634
42112733230b1dfd4a27c6feb826bec4	gi|645321636|ref|NR_118554.1|	93.258	445	26	4	1	443	329	771	0.0	652	1297617
42112733230b1dfd4a27c6feb826bec4	gi|2136551692|ref|NR_173697.1|	93.002	443	30	1	1	443	349	790	0.0	645	2108523
42112733230b1dfd4a27c6feb826bec4	gi|2363082358|ref|NR_179426.1|	92.777	443	32	0	1	443	349	791	0.0	641	1702285
42112733230b1dfd4a27c6feb826bec4	gi|1109168025|ref|NR_144611.1|	92.568	444	31	2	1	443	282	724	0.0	636	1417852
42112733230b1dfd4a27c6feb826bec4	gi|2363082342|ref|NR_179418.1|	92.342	444	32	2	1	443	348	790	2.09e-180	630	1673721
42112733230b1dfd4a27c6feb826bec4	gi|1193829127|ref|NR_147370.1|	92.342	444	32	2	1	443	349	791	2.09e-180	630	1870988
42112733230b1dfd4a27c6feb826bec4	gi|2363082165|ref|NR_179329.1|	92.377	446	27	7	1	443	327	768	7.50e-180	628	2714353
42112733230b1dfd4a27c6feb826bec4	gi|2363082352|ref|NR_179423.1|	92.099	443	35	0	1	443	349	791	9.71e-179	625	1689270
42112733230b1dfd4a27c6feb826bec4	gi|2363082326|ref|NR_179410.1|	92.117	444	33	2	1	443	349	791	9.71e-179	625	1650661
42112733230b1dfd4a27c6feb826bec4	gi|2363082168|ref|NR_179330.1|	92.117	444	32	3	1	443	327	768	3.49e-178	623	2714355
215485b9107a62f506f1636b5bf0cd23	gi|1116030282|ref|NR_144740.1|	89.677	465	22	13	1	465	321	759	4.86e-162	569	1776391
215485b9107a62f506f1636b5bf0cd23	gi|974142280|ref|NR_134800.1|	89.032	465	25	13	1	465	255	693	4.89e-157	553	1368474
215485b9107a62f506f1636b5bf0cd23	gi|672239008|ref|NR_125597.1|	88.437	467	26	15	1	465	318	758	1.37e-152	538	1115758
215485b9107a62f506f1636b5bf0cd23	gi|2363083072|ref|NR_179784.1|	88.387	465	28	13	1	465	301	739	4.93e-152	536	2020948
215485b9107a62f506f1636b5bf0cd23	gi|1040567059|ref|NR_137408.1|	88.172	465	29	13	1	465	290	728	2.29e-150	531	1460447
215485b9107a62f506f1636b5bf0cd23	gi|673541011|ref|NR_125498.2|	87.207	469	53	7	1	465	292	757	2.96e-149	527	520043
215485b9107a62f506f1636b5bf0cd23	gi|1269785414|ref|NR_118728.2|	87.742	465	31	13	1	465	330	768	3.83e-148	523	1121325
215485b9107a62f506f1636b5bf0cd23	gi|444439599|ref|NR_074914.1|	86.966	468	56	5	1	465	342	807	1.38e-147	521	580165
215485b9107a62f506f1636b5bf0cd23	gi|2363082877|ref|NR_179687.1|	87.742	465	31	13	1	465	273	711	4.96e-147	520	2662455
215485b9107a62f506f1636b5bf0cd23	gi|1230874654|ref|NR_148815.1|	87.742	465	31	13	1	465	319	757	4.96e-147	520	1629550
0630b83a79eae2f53257546e05b2faa5	gi|1116030271|ref|NR_144729.1|	98.925	465	5	0	1	465	351	815	0.0	832	1702287
0630b83a79eae2f53257546e05b2faa5	gi|636560717|ref|NR_116777.1|	98.280	465	8	0	1	465	308	772	0.0	815	620903
0630b83a79eae2f53257546e05b2faa5	gi|343199044|ref|NR_044400.1|	91.649	467	35	4	1	465	314	778	0.0	643	464322
0630b83a79eae2f53257546e05b2faa5	gi|631252179|ref|NR_113377.1|	91.202	466	39	2	1	465	353	817	0.0	632	103892
0630b83a79eae2f53257546e05b2faa5	gi|961555257|ref|NR_134226.1|	91.202	466	39	2	1	465	264	728	0.0	632	1502943
0630b83a79eae2f53257546e05b2faa5	gi|636558482|ref|NR_114538.1|	91.202	466	39	2	1	465	330	794	0.0	632	103892
0630b83a79eae2f53257546e05b2faa5	gi|631252158|ref|NR_113356.1|	91.202	466	38	3	1	465	355	818	2.20e-180	630	309120
0630b83a79eae2f53257546e05b2faa5	gi|343198462|ref|NR_041895.1|	91.202	466	38	3	1	465	296	759	2.20e-180	630	888062
0630b83a79eae2f53257546e05b2faa5	gi|265678796|ref|NR_029101.1|	90.987	466	40	2	1	465	288	752	2.84e-179	627	103892
0630b83a79eae2f53257546e05b2faa5	gi|219857458|ref|NR_025046.1|	90.150	467	42	3	1	465	322	786	3.70e-173	606	103891
0c15e34c873cb180a8ca320cde43a3aa	gi|2363087087|ref|NR_181799.1|	91.461	445	33	5	1	440	330	774	3.49e-173	606	2809026
0c15e34c873cb180a8ca320cde43a3aa	gi|2180566473|ref|NR_174313.1|	91.236	445	34	5	1	440	331	775	1.62e-171	601	2650773
0c15e34c873cb180a8ca320cde43a3aa	gi|2363084294|ref|NR_180397.1|	91.236	445	34	2	1	440	332	776	1.62e-171	601	2306974
0c15e34c873cb180a8ca320cde43a3aa	gi|631251975|ref|NR_113173.1|	90.604	447	35	5	1	440	323	769	1.26e-167	588	1437607
0c15e34c873cb180a8ca320cde43a3aa	gi|1137647753|ref|NR_145535.1|	90.562	445	37	5	1	440	319	763	1.64e-166	584	1931217
0c15e34c873cb180a8ca320cde43a3aa	gi|645320257|ref|NR_117506.1|	90.562	445	37	4	1	440	311	755	1.64e-166	584	216816
0c15e34c873cb180a8ca320cde43a3aa	gi|343202943|ref|NR_043437.1|	90.562	445	37	5	1	440	328	772	1.64e-166	584	1682
0c15e34c873cb180a8ca320cde43a3aa	gi|545589064|ref|NR_044691.2|	90.337	445	38	4	1	440	341	785	2.12e-165	580	216816
0c15e34c873cb180a8ca320cde43a3aa	gi|3248465902|ref|NR_201917.1|	90.157	447	37	4	1	440	338	784	9.85e-164	575	3692808
0c15e34c873cb180a8ca320cde43a3aa	gi|343200096|ref|NR_040783.1|	90.044	452	31	12	1	440	328	777	3.54e-163	573	518634
238022de2a9109da6ae0def10dd41cff	gi|2621112340|ref|NR_189244.1|	92.342	444	31	3	1	443	363	804	7.50e-180	628	3046382
238022de2a9109da6ae0def10dd41cff	gi|2621112341|ref|NR_189245.1|	92.117	444	32	3	1	443	363	804	3.49e-178	623	3046383
238022de2a9109da6ae0def10dd41cff	gi|2363084132|ref|NR_180315.1|	87.191	445	53	4	1	443	323	765	4.75e-142	503	2496273
238022de2a9109da6ae0def10dd41cff	gi|219857574|ref|NR_025162.1|	87.220	446	50	7	1	443	328	769	1.71e-141	501	159292
238022de2a9109da6ae0def10dd41cff	gi|219846854|ref|NR_026446.1|	87.191	445	51	6	1	443	328	768	1.71e-141	501	69895
238022de2a9109da6ae0def10dd41cff	gi|219846469|ref|NR_026061.1|	87.220	446	50	7	1	443	348	789	1.71e-141	501	57172
238022de2a9109da6ae0def10dd41cff	gi|343199076|ref|NR_044503.1|	86.907	443	55	3	1	443	450	889	2.86e-139	494	520762
238022de2a9109da6ae0def10dd41cff	gi|2621112296|ref|NR_189199.1|	86.261	444	59	2	1	443	342	784	2.22e-135	481	2086585
238022de2a9109da6ae0def10dd41cff	gi|1491509619|ref|NR_159150.1|	86.292	445	56	5	1	443	350	791	8.00e-135	479	489973
238022de2a9109da6ae0def10dd41cff	gi|631252050|ref|NR_113248.1|	86.292	445	55	6	1	443	347	787	8.00e-135	479	1736
1bb2de2157fb9dd9f4c907ca478dac86	gi|3030611324|ref|NR_200000.1|	95.260	443	20	1	1	442	301	743	0.0	701	3342383
1bb2de2157fb9dd9f4c907ca478dac86	gi|1109168025|ref|NR_144611.1|	94.808	443	22	1	1	442	282	724	0.0	689	1417852
1bb2de2157fb9dd9f4c907ca478dac86	gi|2363084741|ref|NR_180619.1|	94.131	443	25	1	1	442	347	789	0.0	673	2779352
1bb2de2157fb9dd9f4c907ca478dac86	gi|1193829127|ref|NR_147370.1|	93.454	443	28	1	1	442	349	791	0.0	656	1870988
1bb2de2157fb9dd9f4c907ca478dac86	gi|219846080|ref|NR_025670.1|	93.002	443	30	1	1	442	329	771	0.0	645	411467
1bb2de2157fb9dd9f4c907ca478dac86	gi|343198636|ref|NR_043142.1|	92.777	443	31	1	1	442	323	765	0.0	640	292800
1bb2de2157fb9dd9f4c907ca478dac86	gi|265679048|ref|NR_029356.1|	92.777	443	31	1	1	442	336	778	0.0	640	292800
1bb2de2157fb9dd9f4c907ca478dac86	gi|2363082168|ref|NR_179330.1|	92.342	444	30	4	1	442	327	768	7.49e-180	628	2714355
1bb2de2157fb9dd9f4c907ca478dac86	gi|2363082165|ref|NR_179329.1|	92.117	444	31	4	1	442	327	768	3.48e-178	623	2714353
1bb2de2157fb9dd9f4c907ca478dac86	gi|645321636|ref|NR_118554.1|	92.099	443	34	1	1	442	329	771	3.48e-178	623	1297617
3a483432e29342203066505caf243371	gi|631252372|ref|NR_113570.1|	89.316	468	45	5	1	466	333	797	6.25e-166	582	1110546
3a483432e29342203066505caf243371	gi|2363082157|ref|NR_179325.1|	89.079	467	48	3	1	466	300	764	2.91e-164	577	2682456
3a483432e29342203066505caf243371	gi|444439665|ref|NR_074980.1|	89.103	468	46	5	1	466	353	817	2.91e-164	577	479436
3a483432e29342203066505caf243371	gi|631251833|ref|NR_113031.1|	89.103	468	46	5	1	466	353	817	2.91e-164	577	29466
3a483432e29342203066505caf243371	gi|343201163|ref|NR_041879.1|	89.079	467	48	3	1	466	283	747	2.91e-164	577	39778
3a483432e29342203066505caf243371	gi|636559298|ref|NR_115355.1|	89.079	467	48	3	1	466	326	790	2.91e-164	577	39778
3a483432e29342203066505caf243371	gi|645322414|ref|NR_119168.1|	89.103	468	46	5	1	466	331	795	2.91e-164	577	479436
3a483432e29342203066505caf243371	gi|645320589|ref|NR_117759.1|	88.889	468	47	5	1	466	329	793	3.76e-163	573	479436
3a483432e29342203066505caf243371	gi|343202841|ref|NR_043332.1|	88.889	468	47	5	1	466	326	790	3.76e-163	573	479436
3a483432e29342203066505caf243371	gi|645322415|ref|NR_119169.1|	88.865	467	49	3	1	466	331	795	3.76e-163	573	39778
6ffb18a7f4f1a5351c41f9254010139f	gi|3030611269|ref|NR_199945.1|	92.955	440	31	0	1	440	335	774	0.0	641	3435293
6ffb18a7f4f1a5351c41f9254010139f	gi|2363080123|ref|NR_178280.1|	92.727	440	32	0	1	440	331	770	0.0	636	411483
6ffb18a7f4f1a5351c41f9254010139f	gi|265678656|ref|NR_028961.1|	92.500	440	33	0	1	440	327	766	2.07e-180	630	853
6ffb18a7f4f1a5351c41f9254010139f	gi|2363082282|ref|NR_179388.1|	92.273	440	34	0	1	440	335	774	9.64e-179	625	2935520
6ffb18a7f4f1a5351c41f9254010139f	gi|2363081449|ref|NR_178971.1|	92.273	440	33	1	1	440	285	723	3.47e-178	623	1851427
6ffb18a7f4f1a5351c41f9254010139f	gi|2363081451|ref|NR_178972.1|	92.045	440	35	0	1	440	285	724	4.48e-177	619	1851428
6ffb18a7f4f1a5351c41f9254010139f	gi|1193829128|ref|NR_147371.1|	90.971	443	35	5	1	440	277	717	9.78e-169	592	1871029
6ffb18a7f4f1a5351c41f9254010139f	gi|1277396189|ref|NR_151900.1|	90.909	440	40	0	1	440	351	790	9.78e-169	592	1550024
6ffb18a7f4f1a5351c41f9254010139f	gi|2363080175|ref|NR_178311.1|	90.909	440	40	0	1	440	412	851	9.78e-169	592	2903556
6ffb18a7f4f1a5351c41f9254010139f	gi|559795255|ref|NR_104846.1|	90.909	440	40	0	1	440	288	727	9.78e-169	592	745368
b4beefe796de06b4af83b9506f3eee2f	gi|219846613|ref|NR_026205.1|	88.387	465	54	0	1	465	337	801	2.92e-159	560	40841
b4beefe796de06b4af83b9506f3eee2f	gi|219846519|ref|NR_026111.1|	86.452	465	63	0	1	465	339	803	2.99e-144	510	33025
b4beefe796de06b4af83b9506f3eee2f	gi|343201731|ref|NR_042457.1|	85.075	469	63	7	1	465	259	724	1.41e-132	472	357999
b4beefe796de06b4af83b9506f3eee2f	gi|645320459|ref|NR_117660.1|	84.797	467	68	3	1	465	445	910	6.55e-131	466	2378
b4beefe796de06b4af83b9506f3eee2f	gi|645320455|ref|NR_117657.1|	84.582	467	69	3	1	465	443	908	3.05e-129	460	2378
b4beefe796de06b4af83b9506f3eee2f	gi|645320454|ref|NR_117656.1|	84.582	467	69	3	1	465	437	902	3.05e-129	460	2378
b4beefe796de06b4af83b9506f3eee2f	gi|645320469|ref|NR_117668.1|	84.435	469	66	7	1	465	341	806	1.42e-127	455	1337886
b4beefe796de06b4af83b9506f3eee2f	gi|645320468|ref|NR_117667.1|	84.435	469	66	7	1	465	339	804	1.42e-127	455	1337886
b4beefe796de06b4af83b9506f3eee2f	gi|645320466|ref|NR_117666.1|	84.402	468	68	5	1	465	342	807	1.42e-127	455	1337886
b4beefe796de06b4af83b9506f3eee2f	gi|645320465|ref|NR_117665.1|	84.435	469	66	7	1	465	336	801	1.42e-127	455	1337886
e4b8beaa8facff2a008a97273c8eff19	gi|1277396271|ref|NR_151982.1|	94.582	443	24	0	1	443	248	690	0.0	686	1628085
e4b8beaa8facff2a008a97273c8eff19	gi|1277396349|ref|NR_152060.1|	94.357	443	25	0	1	443	336	778	0.0	682	1712515
e4b8beaa8facff2a008a97273c8eff19	gi|343205971|ref|NR_044490.1|	91.892	444	35	1	1	443	348	791	4.52e-177	619	501571
e4b8beaa8facff2a008a97273c8eff19	gi|545589041|ref|NR_044644.2|	91.422	443	36	1	1	443	354	794	2.10e-175	614	39484
e4b8beaa8facff2a008a97273c8eff19	gi|1193829128|ref|NR_147371.1|	91.196	443	37	1	1	443	277	717	1.64e-171	601	1871029
e4b8beaa8facff2a008a97273c8eff19	gi|2363082930|ref|NR_179713.1|	90.519	443	42	0	1	443	319	761	4.58e-167	586	1945634
e4b8beaa8facff2a008a97273c8eff19	gi|2363087009|ref|NR_181761.1|	90.293	443	42	1	1	443	269	710	7.67e-165	579	2841509
e4b8beaa8facff2a008a97273c8eff19	gi|2363084747|ref|NR_180622.1|	89.865	444	40	4	1	443	335	774	5.97e-161	566	2779354
e4b8beaa8facff2a008a97273c8eff19	gi|265678692|ref|NR_028997.1|	89.414	444	43	3	1	443	303	743	3.59e-158	556	214851
e4b8beaa8facff2a008a97273c8eff19	gi|2363082667|ref|NR_179581.1|	89.391	443	43	2	1	443	331	769	1.29e-157	555	1917873
35acb26f9d1d92a3ed62308b6c79783d	gi|2363082569|ref|NR_179531.1|	98.869	442	5	0	1	442	347	788	0.0	789	1852369
35acb26f9d1d92a3ed62308b6c79783d	gi|1269801610|ref|NR_074793.2|	94.118	442	26	0	1	442	355	796	0.0	673	351091
35acb26f9d1d92a3ed62308b6c79783d	gi|343200653|ref|NR_041340.1|	94.118	442	26	0	1	442	328	769	0.0	673	351091
35acb26f9d1d92a3ed62308b6c79783d	gi|2260349448|ref|NR_176530.1|	93.891	442	27	0	1	442	358	799	0.0	667	2093857
35acb26f9d1d92a3ed62308b6c79783d	gi|2363082559|ref|NR_179526.1|	93.891	442	27	0	1	442	349	790	0.0	667	1841866
35acb26f9d1d92a3ed62308b6c79783d	gi|645321110|ref|NR_118156.1|	93.665	442	28	0	1	442	304	745	0.0	662	1007096
35acb26f9d1d92a3ed62308b6c79783d	gi|2962412234|ref|NR_199428.1|	92.986	442	31	0	1	442	352	793	0.0	645	3073143
35acb26f9d1d92a3ed62308b6c79783d	gi|2363082170|ref|NR_179331.1|	92.777	443	31	1	1	442	328	770	0.0	640	2714358
35acb26f9d1d92a3ed62308b6c79783d	gi|2363082168|ref|NR_179330.1|	92.568	444	29	4	1	442	327	768	0.0	634	2714355
35acb26f9d1d92a3ed62308b6c79783d	gi|2363087001|ref|NR_181757.1|	92.342	444	30	4	1	442	289	730	7.49e-180	628	2841504
8a3a302f8f4a0fe7e2fda1a7ef035148	gi|645321093|ref|NR_118143.1|	89.677	465	23	16	1	440	316	780	4.58e-162	569	1035839
8a3a302f8f4a0fe7e2fda1a7ef035148	gi|636560108|ref|NR_116168.1|	89.677	465	23	16	1	440	335	799	4.58e-162	569	888828
8a3a302f8f4a0fe7e2fda1a7ef035148	gi|343202529|ref|NR_042878.1|	89.677	465	23	16	1	440	314	778	4.58e-162	569	888828
8a3a302f8f4a0fe7e2fda1a7ef035148	gi|645321091|ref|NR_118142.1|	89.247	465	25	15	1	440	314	778	9.92e-159	558	736
8a3a302f8f4a0fe7e2fda1a7ef035148	gi|343202522|ref|NR_042871.1|	89.032	465	26	16	1	440	316	780	3.57e-158	556	123820
8a3a302f8f4a0fe7e2fda1a7ef035148	gi|1491522540|ref|NR_159347.1|	89.032	465	26	18	1	440	340	804	3.57e-158	556	28161
8a3a302f8f4a0fe7e2fda1a7ef035148	gi|645321895|ref|NR_118762.1|	88.769	463	27	16	3	440	340	802	1.28e-157	555	888828
8a3a302f8f4a0fe7e2fda1a7ef035148	gi|636558707|ref|NR_114764.1|	88.817	465	27	15	1	440	317	781	1.66e-156	551	735
8a3a302f8f4a0fe7e2fda1a7ef035148	gi|343202528|ref|NR_042877.1|	88.817	465	27	17	1	440	312	776	2.15e-155	547	733
8a3a302f8f4a0fe7e2fda1a7ef035148	gi|343202516|ref|NR_042865.1|	88.627	466	26	15	1	440	317	781	9.99e-154	542	51161
86069bb77f793815e8e3a1ef1aa013c2	gi|444304189|ref|NR_074613.1|	97.273	440	12	0	1	440	350	789	0.0	747	515620
86069bb77f793815e8e3a1ef1aa013c2	gi|559795246|ref|NR_104836.1|	95.682	440	19	0	1	440	333	772	0.0	708	706562
86069bb77f793815e8e3a1ef1aa013c2	gi|645321781|ref|NR_118667.1|	94.331	441	23	2	1	440	355	794	0.0	688	28052
86069bb77f793815e8e3a1ef1aa013c2	gi|559795169|ref|NR_104758.1|	94.773	440	23	0	1	440	345	784	0.0	686	1282887
86069bb77f793815e8e3a1ef1aa013c2	gi|343198925|ref|NR_044049.1|	93.197	441	28	2	1	440	316	755	0.0	647	33043
86069bb77f793815e8e3a1ef1aa013c2	gi|1193829153|ref|NR_147396.1|	92.744	441	30	2	1	440	328	767	0.0	636	1917870
86069bb77f793815e8e3a1ef1aa013c2	gi|343205837|ref|NR_044289.1|	92.760	442	28	4	1	440	328	767	0.0	636	460384
86069bb77f793815e8e3a1ef1aa013c2	gi|3248465636|ref|NR_201647.1|	92.500	440	33	0	1	440	300	739	2.07e-180	630	3380806
86069bb77f793815e8e3a1ef1aa013c2	gi|3030611230|ref|NR_199906.1|	92.500	440	33	0	1	440	354	793	2.07e-180	630	3123317
86069bb77f793815e8e3a1ef1aa013c2	gi|2363082059|ref|NR_179276.1|	92.534	442	29	4	1	440	334	773	2.07e-180	630	2316025
36941fcf26d9621be75709b3e7805db8	gi|2363080123|ref|NR_178280.1|	98.706	309	2	2	153	460	463	770	2.25e-155	547	411483
36941fcf26d9621be75709b3e7805db8	gi|2363081449|ref|NR_178971.1|	98.058	309	3	3	153	460	417	723	1.75e-151	534	1851427
36941fcf26d9621be75709b3e7805db8	gi|3030611269|ref|NR_199945.1|	97.735	309	5	2	153	460	467	774	2.27e-150	531	3435293
36941fcf26d9621be75709b3e7805db8	gi|265678656|ref|NR_028961.1|	97.735	309	5	2	153	460	459	766	2.27e-150	531	853
36941fcf26d9621be75709b3e7805db8	gi|2363081451|ref|NR_178972.1|	97.411	309	6	2	153	460	417	724	1.05e-148	525	1851428
36941fcf26d9621be75709b3e7805db8	gi|2363082282|ref|NR_179388.1|	96.452	310	7	4	153	460	467	774	1.06e-143	508	2935520
36941fcf26d9621be75709b3e7805db8	gi|2363080175|ref|NR_178311.1|	96.440	309	9	2	153	460	544	851	1.06e-143	508	2903556
36941fcf26d9621be75709b3e7805db8	gi|2363084747|ref|NR_180622.1|	95.380	303	12	2	159	460	473	774	2.31e-135	481	2779354
36941fcf26d9621be75709b3e7805db8	gi|265678692|ref|NR_028997.1|	93.506	308	20	0	153	460	436	743	1.08e-128	459	214851
36941fcf26d9621be75709b3e7805db8	gi|1193829148|ref|NR_147391.1|	84.665	463	65	6	1	460	330	789	3.90e-128	457	1852362
5aece9af36920b7ab38b926d50b84a06	gi|2363087259|ref|NR_181885.1|	99.091	440	4	0	1	440	335	774	0.0	793	2885351
5aece9af36920b7ab38b926d50b84a06	gi|631253128|ref|NR_114326.1|	96.818	440	14	0	1	440	334	773	0.0	736	1150298
5aece9af36920b7ab38b926d50b84a06	gi|228719063|ref|NR_027579.1|	96.591	440	15	0	1	440	316	755	0.0	736	471875
5aece9af36920b7ab38b926d50b84a06	gi|974142252|ref|NR_134772.1|	96.591	440	15	0	1	440	297	736	0.0	730	1337051
5aece9af36920b7ab38b926d50b84a06	gi|2363082679|ref|NR_179587.1|	96.136	440	17	0	1	440	328	767	0.0	719	1926283
5aece9af36920b7ab38b926d50b84a06	gi|2363081854|ref|NR_179173.1|	96.136	440	17	0	1	440	333	772	0.0	719	2126740
5aece9af36920b7ab38b926d50b84a06	gi|2363086292|ref|NR_181398.1|	96.136	440	17	0	1	440	299	738	0.0	719	2763667
5aece9af36920b7ab38b926d50b84a06	gi|2363086290|ref|NR_181397.1|	96.136	440	17	0	1	440	303	742	0.0	719	2763671
5aece9af36920b7ab38b926d50b84a06	gi|645321072|ref|NR_118128.1|	96.136	440	17	0	1	440	174	613	0.0	719	1531
5aece9af36920b7ab38b926d50b84a06	gi|631252212|ref|NR_113410.1|	96.136	440	17	0	1	440	257	696	0.0	719	208479
e3bae1bc9c092ae8839754d45764bec0	gi|219846341|ref|NR_025931.1|	98.866	441	3	2	1	440	308	747	0.0	785	1265
e3bae1bc9c092ae8839754d45764bec0	gi|507148077|ref|NR_102884.1|	95.918	441	16	2	1	440	331	770	0.0	713	213810
e3bae1bc9c092ae8839754d45764bec0	gi|265678854|ref|NR_029160.1|	95.701	442	15	4	1	440	293	732	0.0	708	40519
e3bae1bc9c092ae8839754d45764bec0	gi|636558832|ref|NR_114889.1|	95.238	441	18	3	1	440	277	715	0.0	695	213810
e3bae1bc9c092ae8839754d45764bec0	gi|3248465644|ref|NR_201656.1|	94.331	441	23	2	1	440	329	768	0.0	675	3417633
e3bae1bc9c092ae8839754d45764bec0	gi|1864207164|ref|NR_169458.1|	94.091	440	26	0	1	440	345	784	0.0	669	2164149
e3bae1bc9c092ae8839754d45764bec0	gi|3248465648|ref|NR_201660.1|	93.905	443	21	5	1	440	319	758	0.0	664	3417630
e3bae1bc9c092ae8839754d45764bec0	gi|2363082601|ref|NR_179547.1|	92.955	440	31	0	1	440	347	786	0.0	641	1870991
e3bae1bc9c092ae8839754d45764bec0	gi|444303976|ref|NR_074399.1|	92.727	440	32	0	1	440	333	772	0.0	636	697329
e3bae1bc9c092ae8839754d45764bec0	gi|631251834|ref|NR_113032.1|	92.727	440	32	0	1	440	333	772	0.0	636	1264
8fc39840ff32f701f2b382f136da7a4f	gi|343200664|ref|NR_041351.1|	99.007	302	3	0	165	466	499	800	1.06e-153	542	357276
8fc39840ff32f701f2b382f136da7a4f	gi|444304091|ref|NR_074515.1|	98.675	302	4	0	165	466	508	809	4.94e-152	536	435590
8fc39840ff32f701f2b382f136da7a4f	gi|631251748|ref|NR_112946.1|	98.675	302	4	0	165	466	497	798	4.94e-152	536	821
8fc39840ff32f701f2b382f136da7a4f	gi|631250946|ref|NR_112143.1|	98.675	302	4	0	165	466	465	766	4.94e-152	536	821
8fc39840ff32f701f2b382f136da7a4f	gi|2363085522|ref|NR_181010.1|	94.719	303	14	2	165	466	455	756	5.08e-132	470	2786956
8fc39840ff32f701f2b382f136da7a4f	gi|631251873|ref|NR_113071.1|	94.702	302	16	0	165	466	499	800	5.08e-132	470	1236498
8fc39840ff32f701f2b382f136da7a4f	gi|631251997|ref|NR_113195.1|	94.702	302	16	0	165	466	496	797	5.08e-132	470	1236515
8fc39840ff32f701f2b382f136da7a4f	gi|631251740|ref|NR_112938.1|	94.702	302	16	0	165	466	484	785	5.08e-132	470	204516
8fc39840ff32f701f2b382f136da7a4f	gi|631251471|ref|NR_112668.1|	94.702	302	16	0	165	466	488	789	5.08e-132	470	732242
8fc39840ff32f701f2b382f136da7a4f	gi|343198509|ref|NR_042745.1|	94.702	302	16	0	165	466	496	797	5.08e-132	470	204516
f39e0cec0f2be6d68a5f7c9b9d664b5d	gi|1491505229|ref|NR_159077.1|	99.318	440	3	0	1	440	351	790	0.0	797	1852374
f39e0cec0f2be6d68a5f7c9b9d664b5d	gi|974142203|ref|NR_134723.1|	99.318	440	3	0	1	440	326	765	0.0	797	1464038
f39e0cec0f2be6d68a5f7c9b9d664b5d	gi|631250761|ref|NR_104900.1|	95.701	442	15	4	1	440	329	768	0.0	708	46507
f39e0cec0f2be6d68a5f7c9b9d664b5d	gi|631251868|ref|NR_113066.1|	95.701	442	15	4	1	440	336	775	0.0	708	46507
f39e0cec0f2be6d68a5f7c9b9d664b5d	gi|2363082344|ref|NR_179419.1|	89.091	440	47	1	1	440	349	787	7.72e-155	545	1673724
f39e0cec0f2be6d68a5f7c9b9d664b5d	gi|2136551690|ref|NR_173695.1|	88.939	443	42	6	1	440	349	787	3.59e-153	540	1689303
f39e0cec0f2be6d68a5f7c9b9d664b5d	gi|2463901663|ref|NR_184596.1|	88.462	442	46	5	1	440	353	791	7.77e-150	529	2899727
f39e0cec0f2be6d68a5f7c9b9d664b5d	gi|939733311|ref|NR_133038.1|	88.235	442	48	4	1	440	350	789	1.01e-148	525	938288
f39e0cec0f2be6d68a5f7c9b9d664b5d	gi|2363084964|ref|NR_180730.1|	87.104	442	52	5	1	440	297	735	7.89e-140	496	2931922
f39e0cec0f2be6d68a5f7c9b9d664b5d	gi|343200156|ref|NR_040843.1|	86.697	436	55	3	6	440	335	768	1.32e-137	488	116087
0af680bc7d8ff10b21b1f5176d22eef2	gi|2363080123|ref|NR_178280.1|	90.157	447	37	4	1	447	331	770	1.00e-163	575	411483
0af680bc7d8ff10b21b1f5176d22eef2	gi|3030611269|ref|NR_199945.1|	89.933	447	38	5	1	447	335	774	4.66e-162	569	3435293
0af680bc7d8ff10b21b1f5176d22eef2	gi|2363081449|ref|NR_178971.1|	90.183	438	36	4	1	438	285	715	2.17e-160	564	1851427
0af680bc7d8ff10b21b1f5176d22eef2	gi|265678656|ref|NR_028961.1|	89.485	447	40	4	1	447	327	766	1.01e-158	558	853
0af680bc7d8ff10b21b1f5176d22eef2	gi|2363081451|ref|NR_178972.1|	89.262	447	41	4	1	447	285	724	4.69e-157	553	1851428
0af680bc7d8ff10b21b1f5176d22eef2	gi|2363084747|ref|NR_180622.1|	88.839	448	41	6	1	447	335	774	1.02e-153	542	2779354
0af680bc7d8ff10b21b1f5176d22eef2	gi|265678692|ref|NR_028997.1|	88.591	447	45	4	1	447	303	743	1.31e-152	538	214851
0af680bc7d8ff10b21b1f5176d22eef2	gi|2363082282|ref|NR_179388.1|	88.616	448	42	6	1	447	335	774	4.72e-152	536	2935520
0af680bc7d8ff10b21b1f5176d22eef2	gi|2363082667|ref|NR_179581.1|	88.393	448	42	7	1	447	331	769	2.20e-150	531	1917873
0af680bc7d8ff10b21b1f5176d22eef2	gi|1277396189|ref|NR_151900.1|	88.143	447	46	5	1	447	351	790	1.02e-148	525	1550024
8d4424982aa2a2cd227286af63c18290	gi|631252045|ref|NR_113243.1|	99.353	464	3	0	1	464	328	791	0.0	841	1547
8d4424982aa2a2cd227286af63c18290	gi|265678939|ref|NR_029247.1|	98.712	466	3	2	1	464	330	794	0.0	824	1547
8d4424982aa2a2cd227286af63c18290	gi|343203026|ref|NR_043550.1|	96.767	464	15	0	1	464	327	790	0.0	774	341225
8d4424982aa2a2cd227286af63c18290	gi|645322566|ref|NR_119286.1|	95.690	464	20	0	1	464	313	776	0.0	747	69824
8d4424982aa2a2cd227286af63c18290	gi|631253195|ref|NR_114393.1|	94.612	464	25	0	1	464	326	789	0.0	719	29348
8d4424982aa2a2cd227286af63c18290	gi|228720470|ref|NR_027592.1|	94.397	464	26	0	1	464	316	779	0.0	713	29348
8d4424982aa2a2cd227286af63c18290	gi|645322231|ref|NR_119030.1|	94.194	465	25	2	1	464	324	787	0.0	708	428126
8d4424982aa2a2cd227286af63c18290	gi|1116030260|ref|NR_144718.1|	93.333	465	29	2	1	464	326	789	0.0	686	1585974
8d4424982aa2a2cd227286af63c18290	gi|3030611330|ref|NR_200006.1|	92.672	464	34	0	1	464	333	796	0.0	669	3035606
8d4424982aa2a2cd227286af63c18290	gi|1109168034|ref|NR_144615.1|	91.828	465	36	2	1	464	316	779	0.0	647	1796628
db065095f5124538c9b8cb439857e256	gi|3248465644|ref|NR_201656.1|	93.424	441	28	1	1	441	329	768	0.0	652	3417633
db065095f5124538c9b8cb439857e256	gi|507148077|ref|NR_102884.1|	92.063	441	34	1	1	441	331	770	4.50e-177	619	213810
db065095f5124538c9b8cb439857e256	gi|444303976|ref|NR_074399.1|	92.063	441	34	1	1	441	333	772	4.50e-177	619	697329
db065095f5124538c9b8cb439857e256	gi|631251834|ref|NR_113032.1|	92.063	441	34	1	1	441	333	772	4.50e-177	619	1264
db065095f5124538c9b8cb439857e256	gi|636559173|ref|NR_115230.1|	92.063	441	34	1	1	441	333	772	4.50e-177	619	697329
db065095f5124538c9b8cb439857e256	gi|219846339|ref|NR_025929.1|	92.063	441	34	1	1	441	328	767	4.50e-177	619	697329
db065095f5124538c9b8cb439857e256	gi|636558832|ref|NR_114889.1|	91.837	441	34	2	1	441	277	715	2.09e-175	614	213810
db065095f5124538c9b8cb439857e256	gi|2363082601|ref|NR_179547.1|	91.610	441	36	1	1	441	347	786	9.73e-174	608	1870991
db065095f5124538c9b8cb439857e256	gi|3248465648|ref|NR_201660.1|	90.930	441	39	1	1	441	319	758	9.80e-169	592	3417630
db065095f5124538c9b8cb439857e256	gi|1864207164|ref|NR_169458.1|	90.703	441	40	1	1	441	345	784	4.56e-167	586	2164149
58f12979a800ab5cbc0082b847f662ef	gi|265678578|ref|NR_028883.1|	92.081	442	32	3	1	440	226	666	4.48e-177	619	88431
58f12979a800ab5cbc0082b847f662ef	gi|310974936|ref|NR_036800.1|	90.766	444	33	8	1	440	326	765	4.55e-167	586	411470
58f12979a800ab5cbc0082b847f662ef	gi|645321810|ref|NR_118690.1|	90.766	444	33	8	1	440	338	777	4.55e-167	586	411470
58f12979a800ab5cbc0082b847f662ef	gi|1397641798|ref|NR_156907.1|	90.519	443	36	6	1	440	348	787	2.12e-165	580	1912855
58f12979a800ab5cbc0082b847f662ef	gi|265678482|ref|NR_028785.1|	90.498	442	38	4	1	440	351	790	2.12e-165	580	29347
58f12979a800ab5cbc0082b847f662ef	gi|1109168023|ref|NR_144610.1|	90.271	442	39	4	1	440	339	778	9.85e-164	575	1796622
58f12979a800ab5cbc0082b847f662ef	gi|219857617|ref|NR_025206.1|	90.271	442	39	4	1	440	314	753	9.85e-164	575	180286
58f12979a800ab5cbc0082b847f662ef	gi|343200549|ref|NR_041236.1|	90.293	443	38	5	1	440	321	761	9.85e-164	575	1122184
58f12979a800ab5cbc0082b847f662ef	gi|645322565|ref|NR_119285.1|	90.271	442	39	4	1	440	325	764	9.85e-164	575	29347
58f12979a800ab5cbc0082b847f662ef	gi|631250892|ref|NR_112089.1|	90.293	443	37	6	1	440	336	775	9.85e-164	575	553973
d0fb137e366761938d3765498ffc510b	gi|2363082679|ref|NR_179587.1|	94.357	443	19	6	1	440	328	767	0.0	675	1926283
d0fb137e366761938d3765498ffc510b	gi|2363081854|ref|NR_179173.1|	94.357	443	19	6	1	440	333	772	0.0	675	2126740
d0fb137e366761938d3765498ffc510b	gi|219846720|ref|NR_026312.1|	93.213	442	26	4	1	440	327	766	0.0	649	180164
d0fb137e366761938d3765498ffc510b	gi|1679775916|ref|NR_163638.1|	93.213	442	26	4	1	440	328	767	0.0	647	2025493
d0fb137e366761938d3765498ffc510b	gi|1679775915|ref|NR_163637.1|	93.213	442	26	4	1	440	328	767	0.0	647	2025493
d0fb137e366761938d3765498ffc510b	gi|1679775914|ref|NR_163636.1|	93.213	442	26	4	1	440	328	767	0.0	647	2025493
d0fb137e366761938d3765498ffc510b	gi|1679775913|ref|NR_163635.1|	93.213	442	26	4	1	440	328	767	0.0	647	2025493
d0fb137e366761938d3765498ffc510b	gi|1679775912|ref|NR_163634.1|	93.213	442	26	4	1	440	328	767	0.0	647	2025493
d0fb137e366761938d3765498ffc510b	gi|1193829152|ref|NR_147395.1|	93.213	442	26	4	1	440	348	787	0.0	647	1917868
d0fb137e366761938d3765498ffc510b	gi|2363081194|ref|NR_178840.1|	93.213	442	26	4	1	440	348	787	0.0	647	1796616
0fc267cf06b116b54f31198aef749d73	gi|1109168027|ref|NR_144612.1|	96.818	440	14	0	1	440	350	789	0.0	736	1796636
0fc267cf06b116b54f31198aef749d73	gi|2363080283|ref|NR_178367.1|	95.682	440	19	0	1	440	328	767	0.0	708	673271
0fc267cf06b116b54f31198aef749d73	gi|219857122|ref|NR_024750.1|	94.558	441	23	1	1	440	300	740	0.0	682	116085
0fc267cf06b116b54f31198aef749d73	gi|631250892|ref|NR_112089.1|	94.331	441	23	2	1	440	336	775	0.0	675	553973
0fc267cf06b116b54f31198aef749d73	gi|224581401|ref|NR_024719.1|	94.331	441	22	3	1	440	341	779	0.0	673	89153
0fc267cf06b116b54f31198aef749d73	gi|1397641798|ref|NR_156907.1|	94.091	440	26	0	1	440	348	787	0.0	669	1912855
0fc267cf06b116b54f31198aef749d73	gi|1040567056|ref|NR_137405.1|	94.104	441	24	2	1	440	307	746	0.0	669	1619234
0fc267cf06b116b54f31198aef749d73	gi|1109168038|ref|NR_144617.1|	93.864	440	27	0	1	440	340	779	0.0	664	1796634
0fc267cf06b116b54f31198aef749d73	gi|2260349417|ref|NR_176499.1|	93.651	441	26	2	1	440	350	789	0.0	658	1812858
0fc267cf06b116b54f31198aef749d73	gi|1109168023|ref|NR_144610.1|	93.636	440	28	0	1	440	339	778	0.0	658	1796622
274d62f67992ab817df1e27365c89d30	gi|1116030278|ref|NR_144736.1|	96.591	440	15	0	1	440	360	799	0.0	730	1776382
274d62f67992ab817df1e27365c89d30	gi|2836274966|ref|NR_197729.1|	96.364	440	16	0	1	440	304	743	0.0	725	3093657
274d62f67992ab817df1e27365c89d30	gi|1109168013|ref|NR_144605.1|	96.364	440	16	0	1	440	367	806	0.0	725	1796620
274d62f67992ab817df1e27365c89d30	gi|2836274967|ref|NR_197730.1|	96.136	440	17	0	1	440	312	751	0.0	719	3093658
274d62f67992ab817df1e27365c89d30	gi|2836274968|ref|NR_197731.1|	95.909	440	18	0	1	440	306	745	0.0	713	3093659
274d62f67992ab817df1e27365c89d30	gi|2363082767|ref|NR_179632.1|	95.227	440	21	0	1	440	337	776	0.0	697	2014781
274d62f67992ab817df1e27365c89d30	gi|1116030269|ref|NR_144727.1|	92.045	440	35	0	1	440	335	774	4.48e-177	619	1673717
274d62f67992ab817df1e27365c89d30	gi|636558732|ref|NR_114789.1|	92.045	440	35	0	1	440	347	786	4.48e-177	619	1535
274d62f67992ab817df1e27365c89d30	gi|2363082799|ref|NR_179648.1|	91.818	440	36	0	1	440	339	778	2.09e-175	614	2045012
274d62f67992ab817df1e27365c89d30	gi|1116030239|ref|NR_144697.1|	91.855	442	32	2	1	440	249	688	2.09e-175	614	1414721
4fbc425f3f3aad44a284baf214bd3240	gi|2363082170|ref|NR_179331.1|	99.323	443	2	1	1	442	328	770	0.0	800	2714358
4fbc425f3f3aad44a284baf214bd3240	gi|2260349448|ref|NR_176530.1|	95.475	442	20	0	1	442	358	799	0.0	706	2093857
4fbc425f3f3aad44a284baf214bd3240	gi|2363082559|ref|NR_179526.1|	95.475	442	20	0	1	442	349	790	0.0	706	1841866
4fbc425f3f3aad44a284baf214bd3240	gi|645321110|ref|NR_118156.1|	93.665	442	28	0	1	442	304	745	0.0	662	1007096
4fbc425f3f3aad44a284baf214bd3240	gi|2363087001|ref|NR_181757.1|	93.468	444	25	4	1	442	289	730	0.0	656	2841504
4fbc425f3f3aad44a284baf214bd3240	gi|2363082569|ref|NR_179531.1|	93.439	442	29	0	1	442	347	788	0.0	656	1852369
4fbc425f3f3aad44a284baf214bd3240	gi|2363082168|ref|NR_179330.1|	93.439	442	29	0	1	442	327	768	0.0	656	2714355
4fbc425f3f3aad44a284baf214bd3240	gi|2962412234|ref|NR_199428.1|	93.439	442	29	0	1	442	352	793	0.0	656	3073143
4fbc425f3f3aad44a284baf214bd3240	gi|2363082165|ref|NR_179329.1|	93.213	442	30	0	1	442	327	768	0.0	651	2714353
4fbc425f3f3aad44a284baf214bd3240	gi|1269801610|ref|NR_074793.2|	92.760	442	32	0	1	442	355	796	0.0	640	351091
d4b0358089ded3b289fcc4a673622f01	gi|343201091|ref|NR_041778.1|	98.710	465	6	0	1	465	340	804	0.0	826	901
d4b0358089ded3b289fcc4a673622f01	gi|559795397|ref|NR_104990.1|	96.559	465	16	0	1	465	340	804	0.0	771	876
d4b0358089ded3b289fcc4a673622f01	gi|2363085125|ref|NR_180811.1|	96.360	467	13	4	1	465	329	793	0.0	765	2605782
d4b0358089ded3b289fcc4a673622f01	gi|566084868|ref|NR_108301.1|	96.154	468	15	3	1	465	324	791	0.0	761	571438
d4b0358089ded3b289fcc4a673622f01	gi|2962412215|ref|NR_199409.1|	94.861	467	20	3	1	465	328	792	0.0	726	3136602
d4b0358089ded3b289fcc4a673622f01	gi|631252098|ref|NR_113296.1|	94.670	469	17	5	1	465	341	805	0.0	721	54565
d4b0358089ded3b289fcc4a673622f01	gi|645319734|ref|NR_117110.1|	94.670	469	17	5	1	465	337	801	0.0	721	54565
d4b0358089ded3b289fcc4a673622f01	gi|219846821|ref|NR_026413.1|	94.658	468	19	4	1	465	320	784	0.0	721	58621
d4b0358089ded3b289fcc4a673622f01	gi|343198744|ref|NR_043567.1|	93.590	468	24	4	1	465	340	804	0.0	693	32016
d4b0358089ded3b289fcc4a673622f01	gi|636558706|ref|NR_114763.1|	93.590	468	24	4	1	465	200	664	0.0	693	32016
d598528277fa249540c164b82d2be6ba	gi|219846557|ref|NR_026149.1|	90.724	442	37	4	1	440	325	764	4.55e-167	586	36850
d598528277fa249540c164b82d2be6ba	gi|1116030238|ref|NR_144696.1|	89.888	445	35	8	1	440	333	772	2.13e-160	564	1414720
d598528277fa249540c164b82d2be6ba	gi|219846899|ref|NR_026491.1|	89.888	445	35	8	1	440	319	758	2.13e-160	564	84024
d598528277fa249540c164b82d2be6ba	gi|602269306|ref|NR_044841.2|	89.796	441	42	3	1	440	331	769	7.67e-160	562	36839
d598528277fa249540c164b82d2be6ba	gi|2363082288|ref|NR_179391.1|	89.640	444	38	5	1	440	332	771	9.92e-159	558	1499684
d598528277fa249540c164b82d2be6ba	gi|1237079451|ref|NR_029239.3|	89.438	445	37	6	1	440	306	745	4.61e-157	553	29356
d598528277fa249540c164b82d2be6ba	gi|219846898|ref|NR_026490.1|	89.367	442	43	4	1	440	320	759	4.61e-157	553	84031
d598528277fa249540c164b82d2be6ba	gi|219846429|ref|NR_026020.1|	89.367	442	43	4	1	440	333	772	4.61e-157	553	1504
d598528277fa249540c164b82d2be6ba	gi|545589120|ref|NR_044716.2|	89.140	442	44	4	1	440	340	779	1.66e-156	551	1530
d598528277fa249540c164b82d2be6ba	gi|485099121|ref|NR_102516.1|	89.140	442	44	4	1	440	331	770	2.15e-155	547	36745
f5935829dd4473553f2ef7583e4f8d2d	gi|343201281|ref|NR_042007.1|	92.568	444	29	3	1	442	343	784	0.0	634	622312
f5935829dd4473553f2ef7583e4f8d2d	gi|2363085133|ref|NR_180815.1|	91.874	443	32	3	1	442	350	789	5.83e-176	616	2606633
f5935829dd4473553f2ef7583e4f8d2d	gi|2363082059|ref|NR_179276.1|	91.910	445	28	6	1	442	334	773	5.83e-176	616	2316025
f5935829dd4473553f2ef7583e4f8d2d	gi|1909404440|ref|NR_170495.1|	91.874	443	32	3	1	442	355	794	5.83e-176	616	2509240
f5935829dd4473553f2ef7583e4f8d2d	gi|2363083556|ref|NR_180026.1|	91.874	443	32	3	1	442	348	787	5.83e-176	616	2696678
f5935829dd4473553f2ef7583e4f8d2d	gi|559795150|ref|NR_104737.1|	91.855	442	34	1	1	442	346	785	5.83e-176	616	1732
f5935829dd4473553f2ef7583e4f8d2d	gi|2363085153|ref|NR_180825.1|	91.704	446	28	9	1	442	347	787	2.71e-174	610	2605790
f5935829dd4473553f2ef7583e4f8d2d	gi|2363087259|ref|NR_181885.1|	91.629	442	35	1	1	442	335	774	2.71e-174	610	2885351
f5935829dd4473553f2ef7583e4f8d2d	gi|1779814939|ref|NR_165013.1|	91.461	445	30	6	1	442	299	738	1.26e-172	604	2044587
f5935829dd4473553f2ef7583e4f8d2d	gi|1384992332|ref|NR_156081.1|	91.422	443	34	3	1	442	336	775	1.26e-172	604	1469948
b7878de5a02acf472894d056d4562234	gi|2363086282|ref|NR_181393.1|	89.773	440	44	1	1	439	290	729	7.65e-160	562	2763664
b7878de5a02acf472894d056d4562234	gi|2363085149|ref|NR_180823.1|	89.616	443	39	7	1	439	357	796	3.56e-158	556	2606634
b7878de5a02acf472894d056d4562234	gi|2136551593|ref|NR_173596.1|	89.367	442	43	4	1	439	301	741	4.60e-157	553	1703332
b7878de5a02acf472894d056d4562234	gi|2363086308|ref|NR_181406.1|	89.318	440	46	1	1	439	357	796	1.66e-156	551	2850322
b7878de5a02acf472894d056d4562234	gi|559795150|ref|NR_104737.1|	89.342	441	44	3	1	439	346	785	1.66e-156	551	1732
b7878de5a02acf472894d056d4562234	gi|343198540|ref|NR_042832.1|	89.165	443	42	6	1	439	330	770	2.14e-155	547	301302
b7878de5a02acf472894d056d4562234	gi|2363086310|ref|NR_181407.1|	89.091	440	47	1	1	439	355	794	7.70e-155	545	2850323
b7878de5a02acf472894d056d4562234	gi|1315204019|ref|NR_152688.1|	89.116	441	45	3	1	439	348	787	7.70e-155	545	433279
b7878de5a02acf472894d056d4562234	gi|219846723|ref|NR_026315.1|	89.116	441	45	3	1	439	317	756	7.70e-155	545	46206
b7878de5a02acf472894d056d4562234	gi|444304209|ref|NR_074634.1|	88.914	442	44	5	1	439	350	789	3.58e-153	540	515619
86dcc5d6f0671b8697c6409bf4e299fa	gi|2136551683|ref|NR_173688.1|	92.290	441	32	2	1	440	321	760	9.64e-179	625	2780922
86dcc5d6f0671b8697c6409bf4e299fa	gi|343205927|ref|NR_044425.1|	92.045	440	35	0	1	440	346	785	4.48e-177	619	474960
86dcc5d6f0671b8697c6409bf4e299fa	gi|1277396348|ref|NR_152059.1|	91.422	443	34	3	1	440	272	713	1.26e-172	604	1849041
86dcc5d6f0671b8697c6409bf4e299fa	gi|2363082561|ref|NR_179527.1|	91.422	443	34	3	1	440	336	777	1.26e-172	604	1841868
86dcc5d6f0671b8697c6409bf4e299fa	gi|559795314|ref|NR_104907.1|	91.383	441	37	1	1	440	315	755	4.52e-172	603	290054
86dcc5d6f0671b8697c6409bf4e299fa	gi|1864207164|ref|NR_169458.1|	91.136	440	39	0	1	440	345	784	2.10e-170	597	2164149
86dcc5d6f0671b8697c6409bf4e299fa	gi|2836274968|ref|NR_197731.1|	91.136	440	39	0	1	440	306	745	2.10e-170	597	3093659
86dcc5d6f0671b8697c6409bf4e299fa	gi|1445136071|ref|NR_158111.1|	91.136	440	38	1	1	440	349	787	7.56e-170	595	2038680
86dcc5d6f0671b8697c6409bf4e299fa	gi|2363082601|ref|NR_179547.1|	90.909	440	40	0	1	440	347	786	9.78e-169	592	1870991
86dcc5d6f0671b8697c6409bf4e299fa	gi|2180566484|ref|NR_174324.1|	90.909	440	40	0	1	440	346	785	9.78e-169	592	2576756
0c50e579b4ee84d44dc3750d894eb949	gi|1116030282|ref|NR_144740.1|	93.409	440	28	1	1	440	321	759	0.0	651	1776391
0c50e579b4ee84d44dc3750d894eb949	gi|974142280|ref|NR_134800.1|	92.727	440	31	1	1	440	255	693	0.0	634	1368474
0c50e579b4ee84d44dc3750d894eb949	gi|672239008|ref|NR_125597.1|	92.081	442	32	3	1	440	318	758	4.48e-177	619	1115758
0c50e579b4ee84d44dc3750d894eb949	gi|2363083072|ref|NR_179784.1|	92.045	440	34	1	1	440	301	739	1.61e-176	617	2020948
0c50e579b4ee84d44dc3750d894eb949	gi|219846863|ref|NR_026455.1|	91.610	441	35	2	1	440	327	766	9.71e-174	608	89959
0c50e579b4ee84d44dc3750d894eb949	gi|2363082877|ref|NR_179687.1|	91.364	440	37	1	1	440	273	711	1.62e-171	601	2662455
0c50e579b4ee84d44dc3750d894eb949	gi|1230874654|ref|NR_148815.1|	91.364	440	37	1	1	440	319	757	1.62e-171	601	1629550
0c50e579b4ee84d44dc3750d894eb949	gi|1040567059|ref|NR_137408.1|	91.364	440	37	1	1	440	290	728	1.62e-171	601	1460447
0c50e579b4ee84d44dc3750d894eb949	gi|631252125|ref|NR_113323.1|	91.364	440	37	1	1	440	319	757	1.62e-171	601	1490
0c50e579b4ee84d44dc3750d894eb949	gi|1269785414|ref|NR_118728.2|	91.136	440	38	1	1	440	330	768	5.84e-171	599	1121325
11b5ca39c91e75bbccc9c6dd8d5a0ac8	gi|219846045|ref|NR_025635.1|	99.140	465	4	0	1	465	287	751	0.0	837	244366
11b5ca39c91e75bbccc9c6dd8d5a0ac8	gi|645320493|ref|NR_117686.1|	98.925	465	5	0	1	465	329	793	0.0	832	573
11b5ca39c91e75bbccc9c6dd8d5a0ac8	gi|645320492|ref|NR_117685.1|	98.925	465	5	0	1	465	329	793	0.0	832	573
11b5ca39c91e75bbccc9c6dd8d5a0ac8	gi|645320491|ref|NR_117684.1|	98.925	465	5	0	1	465	329	793	0.0	832	573
11b5ca39c91e75bbccc9c6dd8d5a0ac8	gi|645320488|ref|NR_117682.1|	98.925	465	5	0	1	465	323	787	0.0	832	573
11b5ca39c91e75bbccc9c6dd8d5a0ac8	gi|631250813|ref|NR_112009.1|	98.925	465	5	0	1	465	307	771	0.0	832	573
11b5ca39c91e75bbccc9c6dd8d5a0ac8	gi|2363087291|ref|NR_181901.1|	98.925	465	4	1	1	465	333	796	0.0	830	2026240
11b5ca39c91e75bbccc9c6dd8d5a0ac8	gi|645322555|ref|NR_119278.1|	98.710	465	6	0	1	465	310	774	0.0	828	573
11b5ca39c91e75bbccc9c6dd8d5a0ac8	gi|636558450|ref|NR_114506.1|	98.710	465	6	0	1	465	324	788	0.0	826	573
11b5ca39c91e75bbccc9c6dd8d5a0ac8	gi|310974930|ref|NR_036794.1|	98.712	466	5	1	1	465	332	797	0.0	826	573
50588bae48eb6076171528f9aa63aa2b	gi|265678792|ref|NR_029097.1|	99.091	440	4	0	1	440	291	730	0.0	791	237576
50588bae48eb6076171528f9aa63aa2b	gi|672238981|ref|NR_125570.1|	98.409	440	7	0	1	440	273	712	0.0	774	796943
50588bae48eb6076171528f9aa63aa2b	gi|672238982|ref|NR_125571.1|	97.506	441	9	2	1	440	315	754	0.0	752	796944
50588bae48eb6076171528f9aa63aa2b	gi|2363082059|ref|NR_179276.1|	94.558	441	22	2	1	440	334	773	0.0	680	2316025
50588bae48eb6076171528f9aa63aa2b	gi|645321072|ref|NR_118128.1|	94.344	442	21	4	1	440	174	613	0.0	675	1531
50588bae48eb6076171528f9aa63aa2b	gi|631252212|ref|NR_113410.1|	94.344	442	21	4	1	440	257	696	0.0	675	208479
50588bae48eb6076171528f9aa63aa2b	gi|343205837|ref|NR_044289.1|	94.344	442	21	4	1	440	328	767	0.0	675	460384
50588bae48eb6076171528f9aa63aa2b	gi|219878428|ref|NR_025567.1|	94.344	442	21	4	1	440	348	787	0.0	675	208479
50588bae48eb6076171528f9aa63aa2b	gi|2363082679|ref|NR_179587.1|	94.091	440	26	0	1	440	328	767	0.0	669	1926283
50588bae48eb6076171528f9aa63aa2b	gi|2363082583|ref|NR_179538.1|	94.118	442	22	4	1	440	346	785	0.0	669	1852382
1c46c9d67655c592280dd635b8f63c37	gi|444304209|ref|NR_074634.1|	95.227	440	21	0	1	440	350	789	0.0	697	515619
1c46c9d67655c592280dd635b8f63c37	gi|343198540|ref|NR_042832.1|	94.104	441	25	1	1	440	330	770	0.0	669	301302
1c46c9d67655c592280dd635b8f63c37	gi|1227086116|ref|NR_148619.1|	93.891	442	25	2	1	440	301	742	0.0	665	1712665
1c46c9d67655c592280dd635b8f63c37	gi|645320588|ref|NR_117758.1|	93.439	442	27	1	1	440	322	763	0.0	654	166486
1c46c9d67655c592280dd635b8f63c37	gi|228716944|ref|NR_027557.1|	93.439	442	27	1	1	440	343	784	0.0	654	536231
1c46c9d67655c592280dd635b8f63c37	gi|444439494|ref|NR_074809.1|	93.424	441	28	1	1	440	350	790	0.0	652	585394
1c46c9d67655c592280dd635b8f63c37	gi|343201282|ref|NR_042008.1|	93.197	441	28	2	1	440	341	780	0.0	647	585394
1c46c9d67655c592280dd635b8f63c37	gi|2363085153|ref|NR_180825.1|	92.971	441	30	1	1	440	347	787	0.0	641	2605790
1c46c9d67655c592280dd635b8f63c37	gi|219846723|ref|NR_026315.1|	92.955	440	31	0	1	440	317	756	0.0	641	46206
1c46c9d67655c592280dd635b8f63c37	gi|2363086282|ref|NR_181393.1|	92.500	440	33	0	1	440	290	729	2.07e-180	630	2763664
8d23a62c309bea6842eb56ee9d04dbfb	gi|2363086264|ref|NR_181384.1|	91.383	441	36	2	1	440	250	689	4.52e-172	603	2763660
8d23a62c309bea6842eb56ee9d04dbfb	gi|566085050|ref|NR_108636.1|	91.364	440	38	0	1	440	348	787	4.52e-172	603	682400
8d23a62c309bea6842eb56ee9d04dbfb	gi|2363081254|ref|NR_178871.1|	91.156	441	38	1	1	440	337	777	2.10e-170	597	1792311
8d23a62c309bea6842eb56ee9d04dbfb	gi|507148180|ref|NR_102987.1|	90.930	441	38	2	1	440	464	903	9.78e-169	592	720554
8d23a62c309bea6842eb56ee9d04dbfb	gi|343200548|ref|NR_041235.1|	90.476	441	40	2	1	440	444	883	2.12e-165	580	720554
8d23a62c309bea6842eb56ee9d04dbfb	gi|219878419|ref|NR_025558.1|	90.476	441	40	2	1	440	327	766	2.12e-165	580	205328
8d23a62c309bea6842eb56ee9d04dbfb	gi|636558708|ref|NR_114765.1|	90.476	441	40	2	1	440	303	742	2.12e-165	580	132925
8d23a62c309bea6842eb56ee9d04dbfb	gi|645319803|ref|NR_117165.1|	90.315	444	37	5	1	440	476	917	2.74e-164	577	48256
8d23a62c309bea6842eb56ee9d04dbfb	gi|645319802|ref|NR_117164.1|	90.315	444	37	5	1	440	476	917	2.74e-164	577	48256
8d23a62c309bea6842eb56ee9d04dbfb	gi|645319800|ref|NR_117163.1|	90.315	444	37	5	1	440	445	886	2.74e-164	577	48256
4e199a2d72f9d95be3e7866c2e3077a9	gi|265678656|ref|NR_028961.1|	91.156	441	37	2	1	440	327	766	2.10e-170	597	853
4e199a2d72f9d95be3e7866c2e3077a9	gi|2363081451|ref|NR_178972.1|	90.703	441	39	2	1	440	285	724	4.55e-167	586	1851428
4e199a2d72f9d95be3e7866c2e3077a9	gi|2363082282|ref|NR_179388.1|	90.519	443	36	6	1	440	335	774	2.12e-165	580	2935520
4e199a2d72f9d95be3e7866c2e3077a9	gi|2363080123|ref|NR_178280.1|	90.476	441	40	2	1	440	331	770	2.12e-165	580	411483
4e199a2d72f9d95be3e7866c2e3077a9	gi|3030611269|ref|NR_199945.1|	90.249	441	41	2	1	440	335	774	9.85e-164	575	3435293
4e199a2d72f9d95be3e7866c2e3077a9	gi|2363081449|ref|NR_178971.1|	90.741	432	38	2	1	431	285	715	9.85e-164	575	1851427
4e199a2d72f9d95be3e7866c2e3077a9	gi|631252162|ref|NR_113360.1|	90.090	444	39	4	1	440	339	781	1.27e-162	571	1121303
4e199a2d72f9d95be3e7866c2e3077a9	gi|645319736|ref|NR_117111.1|	90.090	444	39	4	1	440	336	778	1.27e-162	571	29371
4e199a2d72f9d95be3e7866c2e3077a9	gi|2363080175|ref|NR_178311.1|	90.023	441	42	2	1	440	412	851	4.58e-162	569	2903556
4e199a2d72f9d95be3e7866c2e3077a9	gi|507148180|ref|NR_102987.1|	90.000	440	44	0	1	440	464	903	4.58e-162	569	720554
5fe2ee7310554d04cd85f4663a58c04a	gi|645321093|ref|NR_118143.1|	98.718	312	4	0	150	461	469	780	1.35e-157	555	1035839
5fe2ee7310554d04cd85f4663a58c04a	gi|645321091|ref|NR_118142.1|	98.718	312	4	0	150	461	467	778	1.35e-157	555	736
5fe2ee7310554d04cd85f4663a58c04a	gi|636560108|ref|NR_116168.1|	98.718	312	4	0	150	461	488	799	1.35e-157	555	888828
5fe2ee7310554d04cd85f4663a58c04a	gi|343202529|ref|NR_042878.1|	98.718	312	4	0	150	461	467	778	1.35e-157	555	888828
5fe2ee7310554d04cd85f4663a58c04a	gi|219846439|ref|NR_026030.1|	98.397	312	5	0	150	461	471	782	6.27e-156	549	51048
5fe2ee7310554d04cd85f4663a58c04a	gi|1491522540|ref|NR_159347.1|	98.077	312	6	0	150	461	493	804	2.25e-155	547	28161
5fe2ee7310554d04cd85f4663a58c04a	gi|636558707|ref|NR_114764.1|	98.077	312	6	0	150	461	470	781	2.25e-155	547	735
5fe2ee7310554d04cd85f4663a58c04a	gi|645321895|ref|NR_118762.1|	98.077	312	6	0	150	461	491	802	2.25e-155	547	888828
5fe2ee7310554d04cd85f4663a58c04a	gi|343202516|ref|NR_042865.1|	88.060	469	44	11	1	461	317	781	8.11e-155	545	51161
5fe2ee7310554d04cd85f4663a58c04a	gi|343202528|ref|NR_042877.1|	98.077	312	6	0	150	461	465	776	2.92e-154	544	733
92d00e454f9b0f5049a72d05bdf64407	gi|507148077|ref|NR_102884.1|	92.342	444	28	6	1	442	331	770	2.69e-179	627	213810
92d00e454f9b0f5049a72d05bdf64407	gi|636558832|ref|NR_114889.1|	91.667	444	30	7	1	442	277	715	9.75e-174	608	213810
92d00e454f9b0f5049a72d05bdf64407	gi|2363082352|ref|NR_179423.1|	91.422	443	37	1	1	442	349	791	3.51e-173	606	1689270
92d00e454f9b0f5049a72d05bdf64407	gi|2363082569|ref|NR_179531.1|	91.196	443	37	2	1	442	347	788	1.63e-171	601	1852369
92d00e454f9b0f5049a72d05bdf64407	gi|3248465648|ref|NR_201660.1|	90.950	442	38	2	1	442	319	758	2.73e-169	593	3417630
92d00e454f9b0f5049a72d05bdf64407	gi|3248465644|ref|NR_201656.1|	90.991	444	34	6	1	442	329	768	2.73e-169	593	3417633
92d00e454f9b0f5049a72d05bdf64407	gi|2363082342|ref|NR_179418.1|	90.745	443	40	1	1	442	348	790	3.53e-168	590	1673721
92d00e454f9b0f5049a72d05bdf64407	gi|1193829132|ref|NR_147375.1|	90.724	442	39	2	1	442	347	786	1.27e-167	588	1870986
92d00e454f9b0f5049a72d05bdf64407	gi|444303976|ref|NR_074399.1|	90.541	444	36	6	1	442	333	772	5.91e-166	582	697329
92d00e454f9b0f5049a72d05bdf64407	gi|631251834|ref|NR_113032.1|	90.541	444	36	6	1	442	333	772	5.91e-166	582	1264
3be818c4b394ca5c5c0b6c92faaa1189	gi|2363085169|ref|NR_180833.1|	88.636	440	49	1	1	439	337	776	1.67e-151	534	2606635
3be818c4b394ca5c5c0b6c92faaa1189	gi|961555123|ref|NR_134091.1|	88.688	442	45	5	1	439	335	774	1.67e-151	534	1462919
3be818c4b394ca5c5c0b6c92faaa1189	gi|2136551633|ref|NR_173637.1|	88.636	440	49	1	1	439	294	733	1.67e-151	534	2755051
3be818c4b394ca5c5c0b6c92faaa1189	gi|2363085149|ref|NR_180823.1|	88.435	441	48	3	1	439	357	796	7.76e-150	529	2606634
3be818c4b394ca5c5c0b6c92faaa1189	gi|631252001|ref|NR_113199.1|	88.435	441	48	3	1	439	366	805	7.76e-150	529	1527
3be818c4b394ca5c5c0b6c92faaa1189	gi|1277396183|ref|NR_151894.1|	88.435	441	48	3	1	439	335	774	7.76e-150	529	433293
3be818c4b394ca5c5c0b6c92faaa1189	gi|265678937|ref|NR_029245.1|	88.009	442	49	4	1	439	328	768	2.79e-149	527	1527
3be818c4b394ca5c5c0b6c92faaa1189	gi|2363086284|ref|NR_181394.1|	88.209	441	49	3	1	439	306	745	3.61e-148	523	2763668
3be818c4b394ca5c5c0b6c92faaa1189	gi|559795194|ref|NR_104783.1|	88.209	441	49	3	1	439	353	792	3.61e-148	523	290052
3be818c4b394ca5c5c0b6c92faaa1189	gi|2363085925|ref|NR_181215.1|	87.982	441	50	3	1	439	331	770	1.68e-146	518	2738446
d9767d07ac8f249326c58009ef218fe8	gi|265678578|ref|NR_028883.1|	93.878	441	26	1	1	440	226	666	0.0	664	88431
d9767d07ac8f249326c58009ef218fe8	gi|310974936|ref|NR_036800.1|	93.651	441	26	2	1	440	326	765	0.0	658	411470
d9767d07ac8f249326c58009ef218fe8	gi|645321810|ref|NR_118690.1|	93.651	441	26	2	1	440	338	777	0.0	658	411470
d9767d07ac8f249326c58009ef218fe8	gi|2363085474|ref|NR_180986.1|	92.744	441	30	2	1	440	347	786	0.0	636	2681861
d9767d07ac8f249326c58009ef218fe8	gi|2363082059|ref|NR_179276.1|	92.727	440	32	0	1	440	334	773	0.0	636	2316025
d9767d07ac8f249326c58009ef218fe8	gi|1397641798|ref|NR_156907.1|	92.308	442	30	4	1	440	348	787	9.64e-179	625	1912855
d9767d07ac8f249326c58009ef218fe8	gi|265678482|ref|NR_028785.1|	92.290	441	32	2	1	440	351	790	9.64e-179	625	29347
d9767d07ac8f249326c58009ef218fe8	gi|2363085149|ref|NR_180823.1|	92.063	441	33	2	1	440	357	796	4.48e-177	619	2606634
d9767d07ac8f249326c58009ef218fe8	gi|1109168023|ref|NR_144610.1|	92.063	441	33	2	1	440	339	778	4.48e-177	619	1796622
d9767d07ac8f249326c58009ef218fe8	gi|645322565|ref|NR_119285.1|	92.063	441	33	2	1	440	325	764	4.48e-177	619	29347
f94a42c4ee16e81ba7f598a3c87a116e	gi|1277396348|ref|NR_152059.1|	95.701	442	19	0	1	442	272	713	0.0	712	1849041
f94a42c4ee16e81ba7f598a3c87a116e	gi|2363082561|ref|NR_179527.1|	95.701	442	19	0	1	442	336	777	0.0	712	1841868
f94a42c4ee16e81ba7f598a3c87a116e	gi|1193829135|ref|NR_147378.1|	95.249	442	20	1	1	442	339	779	0.0	699	1871035
f94a42c4ee16e81ba7f598a3c87a116e	gi|343202572|ref|NR_042930.1|	93.213	442	27	1	1	442	366	804	0.0	647	258515
f94a42c4ee16e81ba7f598a3c87a116e	gi|343205927|ref|NR_044425.1|	93.002	443	27	2	1	442	346	785	0.0	643	474960
f94a42c4ee16e81ba7f598a3c87a116e	gi|2363082625|ref|NR_179559.1|	92.342	444	29	3	1	442	333	773	2.69e-179	627	1871018
f94a42c4ee16e81ba7f598a3c87a116e	gi|228717037|ref|NR_027558.1|	92.099	443	30	3	1	442	292	730	4.51e-177	619	169435
f94a42c4ee16e81ba7f598a3c87a116e	gi|2363082601|ref|NR_179547.1|	91.874	443	32	2	1	442	347	786	5.83e-176	616	1870991
f94a42c4ee16e81ba7f598a3c87a116e	gi|1193829155|ref|NR_147398.1|	91.874	443	31	4	1	442	351	789	2.10e-175	614	1720200
f94a42c4ee16e81ba7f598a3c87a116e	gi|1116030290|ref|NR_144748.1|	91.629	442	34	1	1	442	335	773	9.75e-174	608	2897707
13e1b1e08d9e39562e04c7bdbdc17504	gi|444304189|ref|NR_074613.1|	97.500	440	11	0	1	440	350	789	0.0	752	515620
13e1b1e08d9e39562e04c7bdbdc17504	gi|559795169|ref|NR_104758.1|	95.000	440	22	0	1	440	345	784	0.0	691	1282887
13e1b1e08d9e39562e04c7bdbdc17504	gi|559795246|ref|NR_104836.1|	95.000	440	22	0	1	440	333	772	0.0	691	706562
13e1b1e08d9e39562e04c7bdbdc17504	gi|1227086118|ref|NR_148620.1|	93.878	441	25	2	1	440	195	634	0.0	664	1763509
13e1b1e08d9e39562e04c7bdbdc17504	gi|1040567056|ref|NR_137405.1|	93.878	441	25	2	1	440	307	746	0.0	664	1619234
13e1b1e08d9e39562e04c7bdbdc17504	gi|645321781|ref|NR_118667.1|	92.971	441	29	2	1	440	355	794	0.0	654	28052
13e1b1e08d9e39562e04c7bdbdc17504	gi|559795252|ref|NR_104842.1|	93.409	440	29	0	1	440	345	784	0.0	652	39495
13e1b1e08d9e39562e04c7bdbdc17504	gi|2363082757|ref|NR_179627.1|	93.182	440	30	0	1	440	340	779	0.0	647	2002841
13e1b1e08d9e39562e04c7bdbdc17504	gi|1109168027|ref|NR_144612.1|	93.182	440	30	0	1	440	350	789	0.0	647	1796636
13e1b1e08d9e39562e04c7bdbdc17504	gi|2363086310|ref|NR_181407.1|	92.727	440	32	0	1	440	355	794	0.0	636	2850323
ef8362566d06b7fc9dee5f18812408ba	gi|1811131545|ref|NR_165727.1|	95.270	444	20	1	1	443	358	801	0.0	702	2358141
ef8362566d06b7fc9dee5f18812408ba	gi|1445136073|ref|NR_158113.1|	94.369	444	23	2	1	443	328	770	0.0	680	433287
ef8362566d06b7fc9dee5f18812408ba	gi|631252210|ref|NR_113408.1|	93.228	443	30	0	1	443	351	793	0.0	652	28446
ef8362566d06b7fc9dee5f18812408ba	gi|265678961|ref|NR_029269.1|	93.002	443	30	1	1	443	350	791	0.0	645	28446
ef8362566d06b7fc9dee5f18812408ba	gi|1397641803|ref|NR_156912.1|	92.793	444	30	2	1	443	307	749	0.0	641	1450156
ef8362566d06b7fc9dee5f18812408ba	gi|645320791|ref|NR_117912.1|	92.793	444	30	2	1	443	325	767	0.0	641	879970
ef8362566d06b7fc9dee5f18812408ba	gi|219846061|ref|NR_025651.1|	92.793	444	30	2	1	443	350	792	0.0	641	160404
ef8362566d06b7fc9dee5f18812408ba	gi|2363080848|ref|NR_178667.1|	92.517	441	31	2	1	440	340	779	2.09e-180	630	1473580
ef8362566d06b7fc9dee5f18812408ba	gi|219846558|ref|NR_026150.1|	92.325	443	33	1	1	443	350	791	7.50e-180	628	36847
ef8362566d06b7fc9dee5f18812408ba	gi|1230874676|ref|NR_148837.1|	92.117	444	30	3	1	443	347	786	1.26e-177	621	1675854
5a90ec9d954861e7a9a240198c2553c6	gi|2962412224|ref|NR_199418.1|	99.134	462	3	1	1	461	323	784	0.0	830	3137470
5a90ec9d954861e7a9a240198c2553c6	gi|631251887|ref|NR_113085.1|	91.416	466	30	10	1	461	328	788	2.18e-180	630	28124
5a90ec9d954861e7a9a240198c2553c6	gi|343198529|ref|NR_042803.1|	91.416	466	30	10	1	461	319	779	2.18e-180	630	28124
5a90ec9d954861e7a9a240198c2553c6	gi|631251885|ref|NR_113083.1|	90.773	466	33	10	1	461	321	781	2.19e-175	614	29524
5a90ec9d954861e7a9a240198c2553c6	gi|343206058|ref|NR_044639.1|	89.914	466	37	10	1	461	344	804	6.14e-171	599	29524
5a90ec9d954861e7a9a240198c2553c6	gi|631251893|ref|NR_113091.1|	88.462	468	40	12	1	461	335	795	4.85e-157	553	281920
5a90ec9d954861e7a9a240198c2553c6	gi|343202607|ref|NR_042986.1|	88.248	468	41	12	1	461	321	781	1.74e-156	551	281920
5a90ec9d954861e7a9a240198c2553c6	gi|444304164|ref|NR_074588.1|	88.197	466	45	9	1	461	335	795	2.25e-155	547	879243
5a90ec9d954861e7a9a240198c2553c6	gi|631251881|ref|NR_113079.1|	88.197	466	45	9	1	461	324	784	2.25e-155	547	879243
5a90ec9d954861e7a9a240198c2553c6	gi|636560751|ref|NR_116811.1|	88.197	466	45	9	1	461	300	760	2.25e-155	547	879243
1f4bcb0626d1eabea1f9f559b26e47bb	gi|343206380|ref|NR_044972.1|	93.905	443	26	1	1	442	331	773	0.0	671	44749
1f4bcb0626d1eabea1f9f559b26e47bb	gi|2363082165|ref|NR_179329.1|	92.825	446	24	8	1	442	327	768	0.0	640	2714353
1f4bcb0626d1eabea1f9f559b26e47bb	gi|2363082168|ref|NR_179330.1|	92.601	446	25	8	1	442	327	768	0.0	634	2714355
1f4bcb0626d1eabea1f9f559b26e47bb	gi|1109168025|ref|NR_144611.1|	92.360	445	29	5	1	442	282	724	7.49e-180	628	1417852
1f4bcb0626d1eabea1f9f559b26e47bb	gi|2363082342|ref|NR_179418.1|	92.099	443	34	1	1	442	348	790	3.48e-178	623	1673721
1f4bcb0626d1eabea1f9f559b26e47bb	gi|3030611324|ref|NR_200000.1|	91.874	443	35	1	1	442	301	743	1.62e-176	617	3342383
1f4bcb0626d1eabea1f9f559b26e47bb	gi|2363082352|ref|NR_179423.1|	91.892	444	33	3	1	442	349	791	1.62e-176	617	1689270
1f4bcb0626d1eabea1f9f559b26e47bb	gi|3248465658|ref|NR_201672.1|	91.480	446	31	7	1	442	296	738	3.51e-173	606	3381350
1f4bcb0626d1eabea1f9f559b26e47bb	gi|2136551692|ref|NR_173697.1|	91.461	445	32	6	1	442	349	790	3.51e-173	606	2108523
1f4bcb0626d1eabea1f9f559b26e47bb	gi|2363082358|ref|NR_179426.1|	91.461	445	33	5	1	442	349	791	3.51e-173	606	1702285
46e70406f51bd26fda7accd66ca31e29	gi|631253128|ref|NR_114326.1|	94.357	443	19	6	1	440	334	773	0.0	675	1150298
46e70406f51bd26fda7accd66ca31e29	gi|2363087259|ref|NR_181885.1|	91.648	443	31	6	1	440	335	774	2.70e-174	610	2885351
46e70406f51bd26fda7accd66ca31e29	gi|1679775916|ref|NR_163638.1|	91.648	443	31	6	1	440	328	767	9.71e-174	608	2025493
46e70406f51bd26fda7accd66ca31e29	gi|1679775915|ref|NR_163637.1|	91.648	443	31	6	1	440	328	767	9.71e-174	608	2025493
46e70406f51bd26fda7accd66ca31e29	gi|1679775914|ref|NR_163636.1|	91.648	443	31	6	1	440	328	767	9.71e-174	608	2025493
46e70406f51bd26fda7accd66ca31e29	gi|1679775913|ref|NR_163635.1|	91.648	443	31	6	1	440	328	767	9.71e-174	608	2025493
46e70406f51bd26fda7accd66ca31e29	gi|1679775912|ref|NR_163634.1|	91.648	443	31	6	1	440	328	767	9.71e-174	608	2025493
46e70406f51bd26fda7accd66ca31e29	gi|1953646571|ref|NR_171444.1|	91.629	442	33	4	1	440	301	740	9.71e-174	608	1912897
46e70406f51bd26fda7accd66ca31e29	gi|1193829152|ref|NR_147395.1|	91.648	443	31	6	1	440	348	787	9.71e-174	608	1917868
46e70406f51bd26fda7accd66ca31e29	gi|2363081194|ref|NR_178840.1|	91.648	443	31	6	1	440	348	787	9.71e-174	608	1796616
44769cb7ae0579a13efecec41cd3d5a1	gi|265678656|ref|NR_028961.1|	91.403	442	34	4	1	440	327	766	4.52e-172	603	853
44769cb7ae0579a13efecec41cd3d5a1	gi|2363082282|ref|NR_179388.1|	90.930	441	38	2	1	440	335	774	9.78e-169	592	2935520
44769cb7ae0579a13efecec41cd3d5a1	gi|2363081451|ref|NR_178972.1|	90.930	441	38	2	1	440	285	724	9.78e-169	592	1851428
44769cb7ae0579a13efecec41cd3d5a1	gi|559795150|ref|NR_104737.1|	90.930	441	38	2	1	440	346	785	9.78e-169	592	1732
44769cb7ae0579a13efecec41cd3d5a1	gi|2363080123|ref|NR_178280.1|	90.724	442	37	4	1	440	331	770	4.55e-167	586	411483
44769cb7ae0579a13efecec41cd3d5a1	gi|343201281|ref|NR_042007.1|	90.583	446	32	9	1	440	343	784	5.88e-166	582	622312
44769cb7ae0579a13efecec41cd3d5a1	gi|3030611269|ref|NR_199945.1|	90.498	442	38	4	1	440	335	774	2.12e-165	580	3435293
44769cb7ae0579a13efecec41cd3d5a1	gi|2363081449|ref|NR_178971.1|	90.762	433	36	4	1	431	285	715	9.85e-164	575	1851427
44769cb7ae0579a13efecec41cd3d5a1	gi|1315204019|ref|NR_152688.1|	90.315	444	35	8	1	440	348	787	9.85e-164	575	433279
44769cb7ae0579a13efecec41cd3d5a1	gi|2363085149|ref|NR_180823.1|	90.090	444	36	8	1	440	357	796	4.58e-162	569	2606634
2c045b3ba2e51e105f9793849ba020b6	gi|3248465826|ref|NR_201841.1|	99.318	440	3	0	1	440	259	698	0.0	797	3096162
2c045b3ba2e51e105f9793849ba020b6	gi|631252608|ref|NR_113806.1|	99.318	440	3	0	1	440	282	721	0.0	797	59803
2c045b3ba2e51e105f9793849ba020b6	gi|645319888|ref|NR_117230.1|	99.318	440	3	0	1	440	302	741	0.0	797	653931
2c045b3ba2e51e105f9793849ba020b6	gi|219856866|ref|NR_024685.1|	99.318	440	3	0	1	440	282	721	0.0	797	301154
2c045b3ba2e51e105f9793849ba020b6	gi|3248465828|ref|NR_201843.1|	99.091	440	4	0	1	440	241	680	0.0	791	3096161
2c045b3ba2e51e105f9793849ba020b6	gi|2363084021|ref|NR_180259.1|	99.091	440	4	0	1	440	259	698	0.0	791	2484750
2c045b3ba2e51e105f9793849ba020b6	gi|645321250|ref|NR_118263.1|	99.091	440	4	0	1	440	302	741	0.0	791	1069987
2c045b3ba2e51e105f9793849ba020b6	gi|631252564|ref|NR_113762.1|	99.091	440	4	0	1	440	282	721	0.0	791	40682
2c045b3ba2e51e105f9793849ba020b6	gi|631252563|ref|NR_113761.1|	99.091	440	4	0	1	440	282	721	0.0	791	40681
2c045b3ba2e51e105f9793849ba020b6	gi|631252562|ref|NR_113760.1|	99.091	440	4	0	1	440	282	721	0.0	791	40683
d7805b1cd01de51c1af8e164a645aed2	gi|228717350|ref|NR_027562.1|	96.825	441	12	2	1	440	318	757	0.0	736	214853
d7805b1cd01de51c1af8e164a645aed2	gi|631250900|ref|NR_112097.1|	89.842	443	41	3	1	440	359	800	5.93e-161	566	887929
d7805b1cd01de51c1af8e164a645aed2	gi|219846520|ref|NR_026112.1|	89.593	442	42	4	1	440	329	768	9.92e-159	558	29373
d7805b1cd01de51c1af8e164a645aed2	gi|1269828324|ref|NR_044719.2|	89.391	443	42	4	1	440	353	793	3.57e-158	556	1736
d7805b1cd01de51c1af8e164a645aed2	gi|265678629|ref|NR_028934.1|	89.367	442	45	1	1	440	322	763	1.28e-157	555	132932
d7805b1cd01de51c1af8e164a645aed2	gi|631252050|ref|NR_113248.1|	89.391	443	42	4	1	440	347	787	4.61e-157	553	1736
d7805b1cd01de51c1af8e164a645aed2	gi|219846732|ref|NR_026324.1|	89.342	441	46	1	1	440	326	766	4.61e-157	553	52694
d7805b1cd01de51c1af8e164a645aed2	gi|3030611255|ref|NR_199931.1|	89.140	442	46	1	1	440	349	790	5.97e-156	549	1068975
d7805b1cd01de51c1af8e164a645aed2	gi|3030611254|ref|NR_199930.1|	89.140	442	46	1	1	440	349	790	5.97e-156	549	1068975
d7805b1cd01de51c1af8e164a645aed2	gi|3030611253|ref|NR_199929.1|	89.140	442	46	1	1	440	349	790	5.97e-156	549	1068975
d5dcdb6de1df0c8b6dc0bcb2e163fb4b	gi|219846272|ref|NR_025862.1|	96.636	327	9	2	115	440	480	805	2.78e-154	544	46124
d5dcdb6de1df0c8b6dc0bcb2e163fb4b	gi|1269847389|ref|NR_041006.2|	88.914	442	45	4	1	440	340	779	9.99e-154	542	29369
d5dcdb6de1df0c8b6dc0bcb2e163fb4b	gi|1269801278|ref|NR_112226.2|	88.914	442	45	4	1	440	340	779	9.99e-154	542	29369
d5dcdb6de1df0c8b6dc0bcb2e163fb4b	gi|219846862|ref|NR_026454.1|	88.486	469	23	17	1	440	316	782	1.29e-152	538	137733
d5dcdb6de1df0c8b6dc0bcb2e163fb4b	gi|1269785370|ref|NR_121697.2|	88.688	442	46	4	1	440	340	779	4.65e-152	536	195103
d5dcdb6de1df0c8b6dc0bcb2e163fb4b	gi|2363084808|ref|NR_180652.1|	96.330	327	10	2	115	440	470	795	4.65e-152	536	2714946
d5dcdb6de1df0c8b6dc0bcb2e163fb4b	gi|2363080399|ref|NR_178427.1|	88.713	443	44	6	1	440	333	772	4.65e-152	536	1347366
d5dcdb6de1df0c8b6dc0bcb2e163fb4b	gi|631252006|ref|NR_113204.1|	88.688	442	46	4	1	440	333	772	4.65e-152	536	1502
d5dcdb6de1df0c8b6dc0bcb2e163fb4b	gi|631250972|ref|NR_112169.1|	88.688	442	46	4	1	440	307	746	4.65e-152	536	195103
d5dcdb6de1df0c8b6dc0bcb2e163fb4b	gi|219846875|ref|NR_026467.1|	96.330	327	10	2	115	440	462	787	4.65e-152	536	81947
cd56732cb9745faa17ce392c2018e1ab	gi|2363080123|ref|NR_178280.1|	98.382	309	3	2	153	460	463	770	1.05e-153	542	411483
cd56732cb9745faa17ce392c2018e1ab	gi|2363081449|ref|NR_178971.1|	98.058	309	3	3	153	460	417	723	1.75e-151	534	1851427
cd56732cb9745faa17ce392c2018e1ab	gi|3030611269|ref|NR_199945.1|	97.411	309	6	2	153	460	467	774	1.05e-148	525	3435293
cd56732cb9745faa17ce392c2018e1ab	gi|265678656|ref|NR_028961.1|	97.411	309	6	2	153	460	459	766	1.05e-148	525	853
cd56732cb9745faa17ce392c2018e1ab	gi|2363081451|ref|NR_178972.1|	97.087	309	7	2	153	460	417	724	4.90e-147	520	1851428
cd56732cb9745faa17ce392c2018e1ab	gi|2363082282|ref|NR_179388.1|	96.129	310	8	4	153	460	467	774	4.94e-142	503	2935520
cd56732cb9745faa17ce392c2018e1ab	gi|2363080175|ref|NR_178311.1|	96.117	309	10	2	153	460	544	851	4.94e-142	503	2903556
cd56732cb9745faa17ce392c2018e1ab	gi|631251871|ref|NR_113069.1|	86.177	463	58	6	1	460	336	795	8.26e-140	496	477666
cd56732cb9745faa17ce392c2018e1ab	gi|343200955|ref|NR_041642.1|	86.177	463	58	6	1	460	302	761	8.26e-140	496	477666
cd56732cb9745faa17ce392c2018e1ab	gi|2363084747|ref|NR_180622.1|	95.050	303	13	2	159	460	473	774	1.08e-133	475	2779354
928300521183dd5351b3a0ecbfbe578e	gi|2136551683|ref|NR_173688.1|	93.636	440	28	0	1	440	321	760	0.0	658	2780922
928300521183dd5351b3a0ecbfbe578e	gi|343205927|ref|NR_044425.1|	91.591	440	37	0	1	440	346	785	9.71e-174	608	474960
928300521183dd5351b3a0ecbfbe578e	gi|2363082585|ref|NR_179539.1|	91.591	440	36	1	1	440	351	789	3.49e-173	606	1852384
928300521183dd5351b3a0ecbfbe578e	gi|2180566484|ref|NR_174324.1|	91.136	440	39	0	1	440	346	785	2.10e-170	597	2576756
928300521183dd5351b3a0ecbfbe578e	gi|636558732|ref|NR_114789.1|	90.909	440	40	0	1	440	347	786	9.78e-169	592	1535
928300521183dd5351b3a0ecbfbe578e	gi|228717037|ref|NR_027558.1|	90.930	441	37	3	1	440	292	730	3.52e-168	590	169435
928300521183dd5351b3a0ecbfbe578e	gi|444303910|ref|NR_074333.1|	90.724	442	39	2	1	440	323	764	1.26e-167	588	663278
928300521183dd5351b3a0ecbfbe578e	gi|343202504|ref|NR_042828.1|	90.724	442	39	2	1	440	323	764	1.26e-167	588	663278
928300521183dd5351b3a0ecbfbe578e	gi|636559250|ref|NR_115307.1|	90.724	442	39	2	1	440	323	764	1.26e-167	588	663278
928300521183dd5351b3a0ecbfbe578e	gi|559795314|ref|NR_104907.1|	90.703	441	40	1	1	440	315	755	4.55e-167	586	290054
96b8cf4137d42a6874d91b7ee8492920	gi|444304189|ref|NR_074613.1|	91.667	444	29	7	1	440	350	789	9.71e-174	608	515620
96b8cf4137d42a6874d91b7ee8492920	gi|559795169|ref|NR_104758.1|	90.519	443	36	5	1	440	345	784	2.12e-165	580	1282887
96b8cf4137d42a6874d91b7ee8492920	gi|645321781|ref|NR_118667.1|	89.842	443	39	5	1	440	355	794	2.74e-164	577	28052
96b8cf4137d42a6874d91b7ee8492920	gi|2363082601|ref|NR_179547.1|	89.140	442	44	4	1	440	347	786	2.15e-155	547	1870991
96b8cf4137d42a6874d91b7ee8492920	gi|343198925|ref|NR_044049.1|	89.116	441	46	2	1	440	316	755	2.15e-155	547	33043
96b8cf4137d42a6874d91b7ee8492920	gi|659364459|ref|NR_121686.1|	88.914	442	45	3	1	440	348	787	9.99e-154	542	384638
96b8cf4137d42a6874d91b7ee8492920	gi|559795098|ref|NR_104684.1|	88.889	441	47	2	1	440	348	787	9.99e-154	542	887325
96b8cf4137d42a6874d91b7ee8492920	gi|2363080125|ref|NR_178281.1|	88.864	440	49	0	1	440	340	779	9.99e-154	542	105843
96b8cf4137d42a6874d91b7ee8492920	gi|645322302|ref|NR_119085.1|	88.914	442	43	4	1	440	347	784	3.59e-153	540	29364
96b8cf4137d42a6874d91b7ee8492920	gi|2363086280|ref|NR_181392.1|	88.688	442	48	1	1	440	324	765	1.29e-152	538	2763665
bd04e7852a1f6f53732dfc08875558c3	gi|310975048|ref|NR_036912.1|	85.532	470	57	11	1	466	302	764	2.35e-135	481	114197
bd04e7852a1f6f53732dfc08875558c3	gi|645320398|ref|NR_117612.1|	85.225	467	66	3	1	466	316	780	3.03e-134	477	1117041
bd04e7852a1f6f53732dfc08875558c3	gi|1491520127|ref|NR_159290.1|	85.106	470	62	6	1	466	306	771	3.93e-133	473	2011011
bd04e7852a1f6f53732dfc08875558c3	gi|631252162|ref|NR_113360.1|	85.837	466	43	12	1	466	339	781	3.93e-133	473	1121303
bd04e7852a1f6f53732dfc08875558c3	gi|645319736|ref|NR_117111.1|	85.837	466	43	12	1	466	336	778	3.93e-133	473	29371
bd04e7852a1f6f53732dfc08875558c3	gi|265678536|ref|NR_028840.1|	85.075	469	63	7	1	466	345	809	1.41e-132	472	187979
bd04e7852a1f6f53732dfc08875558c3	gi|1024974788|ref|NR_136805.1|	84.894	470	63	8	1	466	353	818	1.83e-131	468	1571185
bd04e7852a1f6f53732dfc08875558c3	gi|1811131499|ref|NR_165681.1|	84.861	469	65	4	1	466	317	782	1.83e-131	468	1433543
bd04e7852a1f6f53732dfc08875558c3	gi|470466547|ref|NR_074128.1|	84.989	473	57	10	1	466	340	805	1.83e-131	468	36854
bd04e7852a1f6f53732dfc08875558c3	gi|1811131601|ref|NR_165783.1|	84.681	470	64	6	1	466	323	788	8.50e-130	462	2045244
85e02b6f24ac4ae3888de053d65a659d	gi|631252157|ref|NR_113355.1|	87.768	466	56	1	1	466	356	820	2.95e-154	544	218538
85e02b6f24ac4ae3888de053d65a659d	gi|219846090|ref|NR_025680.1|	87.768	466	56	1	1	466	336	800	2.95e-154	544	592028
85e02b6f24ac4ae3888de053d65a659d	gi|2621112341|ref|NR_189245.1|	94.534	311	17	0	156	466	494	804	2.35e-135	481	3046383
85e02b6f24ac4ae3888de053d65a659d	gi|2621112340|ref|NR_189244.1|	94.212	311	18	0	156	466	494	804	1.09e-133	475	3046382
85e02b6f24ac4ae3888de053d65a659d	gi|2363086570|ref|NR_181542.1|	84.648	469	65	7	1	466	327	791	3.06e-129	460	2790012
85e02b6f24ac4ae3888de053d65a659d	gi|343199049|ref|NR_044413.1|	84.615	468	67	5	1	466	327	791	3.06e-129	460	471514
85e02b6f24ac4ae3888de053d65a659d	gi|2363085995|ref|NR_181250.1|	84.501	471	62	10	1	466	307	771	1.42e-127	455	2931921
85e02b6f24ac4ae3888de053d65a659d	gi|265678509|ref|NR_028812.1|	83.864	471	66	10	1	466	270	735	3.98e-123	440	156456
85e02b6f24ac4ae3888de053d65a659d	gi|631253077|ref|NR_114275.1|	83.262	466	78	0	1	466	299	764	8.62e-120	429	517424
85e02b6f24ac4ae3888de053d65a659d	gi|636560311|ref|NR_116371.1|	83.262	466	78	0	1	466	312	777	8.62e-120	429	517424
ae8deffb56d924902a4b6ef52c993585	gi|228717037|ref|NR_027558.1|	99.089	439	4	0	1	439	292	730	0.0	789	169435
ae8deffb56d924902a4b6ef52c993585	gi|2363082340|ref|NR_179417.1|	97.039	439	13	0	1	439	345	783	0.0	739	1673720
ae8deffb56d924902a4b6ef52c993585	gi|1116030290|ref|NR_144748.1|	94.305	439	25	0	1	439	335	773	0.0	673	2897707
ae8deffb56d924902a4b6ef52c993585	gi|1193829155|ref|NR_147398.1|	94.305	439	25	0	1	439	351	789	0.0	673	1720200
ae8deffb56d924902a4b6ef52c993585	gi|2363082711|ref|NR_179603.1|	93.850	439	27	0	1	439	317	755	0.0	662	1944642
ae8deffb56d924902a4b6ef52c993585	gi|2363082755|ref|NR_179626.1|	93.166	439	30	0	1	439	351	789	0.0	645	1987501
ae8deffb56d924902a4b6ef52c993585	gi|2363082585|ref|NR_179539.1|	92.711	439	32	0	1	439	351	789	0.0	634	1852384
ae8deffb56d924902a4b6ef52c993585	gi|343205927|ref|NR_044425.1|	92.727	440	31	1	1	439	346	785	0.0	634	474960
ae8deffb56d924902a4b6ef52c993585	gi|343202572|ref|NR_042930.1|	92.255	439	34	0	1	439	366	804	3.46e-178	623	258515
ae8deffb56d924902a4b6ef52c993585	gi|265679047|ref|NR_029355.1|	92.273	440	33	1	1	439	332	771	3.46e-178	623	84026
d2bfd7de4679cee6eac2972b9a054094	gi|631252157|ref|NR_113355.1|	93.148	467	29	3	1	466	356	820	0.0	682	218538
d2bfd7de4679cee6eac2972b9a054094	gi|219846090|ref|NR_025680.1|	93.148	467	29	3	1	466	336	800	0.0	682	592028
d2bfd7de4679cee6eac2972b9a054094	gi|631252158|ref|NR_113356.1|	89.979	469	39	7	1	466	355	818	6.21e-171	599	309120
d2bfd7de4679cee6eac2972b9a054094	gi|343198462|ref|NR_041895.1|	89.979	469	39	7	1	466	296	759	6.21e-171	599	888062
d2bfd7de4679cee6eac2972b9a054094	gi|2363082841|ref|NR_179669.1|	89.574	470	40	8	1	466	360	824	1.34e-167	588	2161821
d2bfd7de4679cee6eac2972b9a054094	gi|2363082109|ref|NR_179301.1|	89.574	470	40	8	1	466	344	808	1.34e-167	588	2582419
d2bfd7de4679cee6eac2972b9a054094	gi|2363081072|ref|NR_178779.1|	89.126	469	44	7	1	466	296	760	2.91e-164	577	1588748
d2bfd7de4679cee6eac2972b9a054094	gi|265678509|ref|NR_028812.1|	88.936	470	44	8	1	466	270	735	3.76e-163	573	156456
d2bfd7de4679cee6eac2972b9a054094	gi|2363083367|ref|NR_179932.1|	88.936	470	43	8	1	466	283	747	1.35e-162	571	2144175
d2bfd7de4679cee6eac2972b9a054094	gi|1193829130|ref|NR_147373.1|	88.248	468	51	3	1	466	355	820	3.79e-158	556	1852379
1278a4de9146f6e6fa3ae8902659074a	gi|645322411|ref|NR_119166.1|	97.391	460	12	0	1	460	319	778	0.0	785	411477
1278a4de9146f6e6fa3ae8902659074a	gi|343200656|ref|NR_041343.1|	97.391	460	12	0	1	460	340	799	0.0	784	46503
1278a4de9146f6e6fa3ae8902659074a	gi|343200777|ref|NR_041464.1|	95.435	460	21	0	1	460	340	799	0.0	734	387661
1278a4de9146f6e6fa3ae8902659074a	gi|631251878|ref|NR_113076.1|	94.794	461	22	2	1	460	324	783	0.0	717	927665
1278a4de9146f6e6fa3ae8902659074a	gi|343202832|ref|NR_043317.1|	94.794	461	22	2	1	460	284	743	0.0	717	328812
1278a4de9146f6e6fa3ae8902659074a	gi|2363083816|ref|NR_180156.1|	94.565	460	25	0	1	460	291	750	0.0	712	2290935
1278a4de9146f6e6fa3ae8902659074a	gi|1811131517|ref|NR_165699.1|	94.348	460	26	0	1	460	336	795	0.0	706	2685834
1278a4de9146f6e6fa3ae8902659074a	gi|2363082715|ref|NR_179605.1|	94.360	461	24	2	1	460	316	775	0.0	706	1944636
1278a4de9146f6e6fa3ae8902659074a	gi|2363086049|ref|NR_181277.1|	94.130	460	27	0	1	460	309	768	0.0	701	2753162
1278a4de9146f6e6fa3ae8902659074a	gi|2363082619|ref|NR_179556.1|	94.130	460	27	0	1	460	316	775	0.0	701	1871013
b9181527bf6dc05fdef6b350beae468f	gi|2363084747|ref|NR_180622.1|	91.946	447	25	11	1	443	335	774	5.84e-176	616	2779354
b9181527bf6dc05fdef6b350beae468f	gi|2363082356|ref|NR_179425.1|	91.031	446	31	8	1	443	351	790	2.74e-169	593	1689304
b9181527bf6dc05fdef6b350beae468f	gi|1397641802|ref|NR_156911.1|	90.583	446	33	8	1	443	351	790	5.93e-166	582	1650663
b9181527bf6dc05fdef6b350beae468f	gi|265678692|ref|NR_028997.1|	89.865	444	41	3	1	443	303	743	1.66e-161	568	214851
b9181527bf6dc05fdef6b350beae468f	gi|645321636|ref|NR_118554.1|	89.616	443	46	0	1	443	329	771	2.15e-160	564	1297617
b9181527bf6dc05fdef6b350beae468f	gi|2962412223|ref|NR_199417.1|	89.640	444	41	4	1	443	342	781	2.78e-159	560	3136601
b9181527bf6dc05fdef6b350beae468f	gi|1277396189|ref|NR_151900.1|	89.663	445	39	7	1	443	351	790	2.78e-159	560	1550024
b9181527bf6dc05fdef6b350beae468f	gi|1277396349|ref|NR_152060.1|	89.391	443	47	0	1	443	336	778	9.99e-159	558	1712515
b9181527bf6dc05fdef6b350beae468f	gi|1277396271|ref|NR_151982.1|	89.391	443	47	0	1	443	248	690	9.99e-159	558	1628085
b9181527bf6dc05fdef6b350beae468f	gi|2363082352|ref|NR_179423.1|	89.414	444	45	2	1	443	349	791	9.99e-159	558	1689270
1098e38e79d0053aa5f75703c3dfddb4	gi|1116030282|ref|NR_144740.1|	94.305	439	25	0	1	439	321	759	0.0	673	1776391
1098e38e79d0053aa5f75703c3dfddb4	gi|974142280|ref|NR_134800.1|	93.622	439	28	0	1	439	255	693	0.0	656	1368474
1098e38e79d0053aa5f75703c3dfddb4	gi|672239008|ref|NR_125597.1|	92.971	441	29	2	1	439	318	758	0.0	641	1115758
1098e38e79d0053aa5f75703c3dfddb4	gi|2363083072|ref|NR_179784.1|	92.938	439	31	0	1	439	301	739	0.0	640	2020948
1098e38e79d0053aa5f75703c3dfddb4	gi|1269785414|ref|NR_118728.2|	92.255	439	34	0	1	439	330	768	2.67e-179	627	1121325
1098e38e79d0053aa5f75703c3dfddb4	gi|2363082877|ref|NR_179687.1|	92.255	439	34	0	1	439	273	711	3.46e-178	623	2662455
1098e38e79d0053aa5f75703c3dfddb4	gi|1230874654|ref|NR_148815.1|	92.255	439	34	0	1	439	319	757	3.46e-178	623	1629550
1098e38e79d0053aa5f75703c3dfddb4	gi|2363086278|ref|NR_181391.1|	92.273	440	33	1	1	439	249	688	3.46e-178	623	2763670
1098e38e79d0053aa5f75703c3dfddb4	gi|631252125|ref|NR_113323.1|	92.255	439	34	0	1	439	319	757	3.46e-178	623	1490
1098e38e79d0053aa5f75703c3dfddb4	gi|645322278|ref|NR_119066.1|	92.027	439	33	2	1	439	312	748	4.47e-177	619	1490
be8620b584dfe19cf5269ee91308d022	gi|2621112340|ref|NR_189244.1|	92.135	445	30	5	1	443	363	804	3.49e-178	623	3046382
be8620b584dfe19cf5269ee91308d022	gi|2621112341|ref|NR_189245.1|	91.910	445	31	5	1	443	363	804	1.62e-176	617	3046383
be8620b584dfe19cf5269ee91308d022	gi|2363086262|ref|NR_181383.1|	89.238	446	43	5	1	443	307	750	4.65e-157	553	2763654
be8620b584dfe19cf5269ee91308d022	gi|2363086268|ref|NR_181386.1|	88.989	445	45	4	1	443	303	745	2.16e-155	547	2763655
be8620b584dfe19cf5269ee91308d022	gi|1491509615|ref|NR_159146.1|	87.838	444	51	3	1	443	348	789	1.69e-146	518	1715347
be8620b584dfe19cf5269ee91308d022	gi|1491509619|ref|NR_159150.1|	87.640	445	50	4	1	443	350	791	7.89e-145	512	489973
be8620b584dfe19cf5269ee91308d022	gi|343199076|ref|NR_044503.1|	87.472	447	45	8	1	443	450	889	1.32e-142	505	520762
be8620b584dfe19cf5269ee91308d022	gi|1397641787|ref|NR_156896.1|	87.191	445	50	7	1	443	347	786	6.14e-141	499	1859103
be8620b584dfe19cf5269ee91308d022	gi|645320205|ref|NR_117466.1|	86.937	444	55	3	1	443	332	773	7.94e-140	496	699281
be8620b584dfe19cf5269ee91308d022	gi|219846098|ref|NR_025688.1|	86.937	444	55	3	1	443	315	756	7.94e-140	496	218205
c65b0186bd4097afca3cdbb7193aeed2	gi|265678656|ref|NR_028961.1|	94.570	442	20	3	1	440	327	766	0.0	680	853
c65b0186bd4097afca3cdbb7193aeed2	gi|3030611269|ref|NR_199945.1|	94.118	442	22	3	1	440	335	774	0.0	669	3435293
c65b0186bd4097afca3cdbb7193aeed2	gi|2363082282|ref|NR_179388.1|	94.118	442	22	3	1	440	335	774	0.0	669	2935520
c65b0186bd4097afca3cdbb7193aeed2	gi|2363081451|ref|NR_178972.1|	94.118	442	22	3	1	440	285	724	0.0	669	1851428
c65b0186bd4097afca3cdbb7193aeed2	gi|2363080123|ref|NR_178280.1|	93.891	442	23	3	1	440	331	770	0.0	664	411483
c65b0186bd4097afca3cdbb7193aeed2	gi|2363081449|ref|NR_178971.1|	93.439	442	24	4	1	440	285	723	0.0	651	1851427
c65b0186bd4097afca3cdbb7193aeed2	gi|2363080175|ref|NR_178311.1|	92.325	443	28	5	1	440	412	851	9.64e-179	625	2903556
c65b0186bd4097afca3cdbb7193aeed2	gi|1116030269|ref|NR_144727.1|	91.403	442	34	4	1	440	335	774	4.52e-172	603	1673717
c65b0186bd4097afca3cdbb7193aeed2	gi|2836274968|ref|NR_197731.1|	90.950	442	36	4	1	440	306	745	9.78e-169	592	3093659
c65b0186bd4097afca3cdbb7193aeed2	gi|2836274966|ref|NR_197729.1|	90.971	443	34	6	1	440	304	743	9.78e-169	592	3093657
97edbb938dcc5507d88387c460b9404b	gi|2363080123|ref|NR_178280.1|	96.626	326	11	0	141	466	445	770	1.06e-153	542	411483
97edbb938dcc5507d88387c460b9404b	gi|3030611269|ref|NR_199945.1|	96.012	326	13	0	141	466	449	774	2.30e-150	531	3435293
97edbb938dcc5507d88387c460b9404b	gi|2363081449|ref|NR_178971.1|	96.012	326	12	1	141	466	399	723	8.26e-150	529	1851427
97edbb938dcc5507d88387c460b9404b	gi|265678656|ref|NR_028961.1|	95.706	326	14	0	141	466	441	766	1.07e-148	525	853
97edbb938dcc5507d88387c460b9404b	gi|2363084747|ref|NR_180622.1|	95.413	327	13	2	141	466	449	774	4.97e-147	520	2779354
97edbb938dcc5507d88387c460b9404b	gi|2363081451|ref|NR_178972.1|	95.399	326	15	0	141	466	399	724	4.97e-147	520	1851428
97edbb938dcc5507d88387c460b9404b	gi|2363082282|ref|NR_179388.1|	94.495	327	16	2	141	466	449	774	5.01e-142	503	2935520
97edbb938dcc5507d88387c460b9404b	gi|2363080175|ref|NR_178311.1|	94.479	326	18	0	141	466	526	851	5.01e-142	503	2903556
97edbb938dcc5507d88387c460b9404b	gi|631252159|ref|NR_113357.1|	85.867	467	64	2	1	466	356	821	8.38e-140	496	308994
97edbb938dcc5507d88387c460b9404b	gi|2363082356|ref|NR_179425.1|	93.558	326	21	0	141	466	465	790	5.04e-137	486	1689304
5e2c3413fdb168e5aced867d14bd3a7a	gi|636560687|ref|NR_116747.1|	94.545	440	24	0	1	440	301	740	0.0	680	1298596
5e2c3413fdb168e5aced867d14bd3a7a	gi|2363085133|ref|NR_180815.1|	93.182	440	30	0	1	440	350	789	0.0	647	2606633
5e2c3413fdb168e5aced867d14bd3a7a	gi|2363083556|ref|NR_180026.1|	93.182	440	30	0	1	440	348	787	0.0	647	2696678
5e2c3413fdb168e5aced867d14bd3a7a	gi|1909404440|ref|NR_170495.1|	92.955	440	31	0	1	440	355	794	0.0	641	2509240
5e2c3413fdb168e5aced867d14bd3a7a	gi|228719063|ref|NR_027579.1|	92.727	440	32	0	1	440	316	755	0.0	641	471875
5e2c3413fdb168e5aced867d14bd3a7a	gi|2136551628|ref|NR_173632.1|	92.290	441	32	2	1	440	301	740	9.64e-179	625	2068655
5e2c3413fdb168e5aced867d14bd3a7a	gi|343205837|ref|NR_044289.1|	92.273	440	34	0	1	440	328	767	9.64e-179	625	460384
5e2c3413fdb168e5aced867d14bd3a7a	gi|2363087259|ref|NR_181885.1|	92.045	440	35	0	1	440	335	774	1.25e-177	621	2885351
5e2c3413fdb168e5aced867d14bd3a7a	gi|2363082374|ref|NR_179434.1|	92.045	440	35	0	1	440	349	788	4.48e-177	619	1720300
5e2c3413fdb168e5aced867d14bd3a7a	gi|974142252|ref|NR_134772.1|	92.045	440	35	0	1	440	297	736	4.48e-177	619	1337051
c3debe38f3abccf6d64e346095a99bd2	gi|1491509587|ref|NR_159118.1|	95.652	460	20	0	1	460	310	769	0.0	739	28116
c3debe38f3abccf6d64e346095a99bd2	gi|1491509586|ref|NR_159117.1|	95.652	460	20	0	1	460	301	760	0.0	739	28116
c3debe38f3abccf6d64e346095a99bd2	gi|631251742|ref|NR_112940.1|	95.435	460	21	0	1	460	327	786	0.0	734	28116
c3debe38f3abccf6d64e346095a99bd2	gi|636559244|ref|NR_115301.1|	95.435	460	21	0	1	460	320	779	0.0	734	28116
c3debe38f3abccf6d64e346095a99bd2	gi|636560121|ref|NR_116181.1|	95.435	460	20	1	1	460	333	791	0.0	732	28116
c3debe38f3abccf6d64e346095a99bd2	gi|645322410|ref|NR_119165.1|	95.000	460	23	0	1	460	319	778	0.0	730	28116
c3debe38f3abccf6d64e346095a99bd2	gi|343200178|ref|NR_040865.1|	95.011	461	21	2	1	460	333	792	0.0	723	28116
c3debe38f3abccf6d64e346095a99bd2	gi|631251749|ref|NR_112947.1|	94.348	460	26	0	1	460	326	785	0.0	708	657309
c3debe38f3abccf6d64e346095a99bd2	gi|2363084431|ref|NR_180463.1|	94.348	460	26	0	1	460	340	799	0.0	706	2650158
c3debe38f3abccf6d64e346095a99bd2	gi|343201773|ref|NR_042499.1|	94.348	460	26	0	1	460	294	753	0.0	706	657309
6e8cdcf7a33ea4f507ac69f60846264c	gi|2363082186|ref|NR_179340.1|	99.355	465	3	0	1	465	355	819	0.0	843	2748301
6e8cdcf7a33ea4f507ac69f60846264c	gi|645321328|ref|NR_118320.1|	99.355	465	3	0	1	465	286	750	0.0	843	1272910
6e8cdcf7a33ea4f507ac69f60846264c	gi|645321286|ref|NR_118289.1|	99.140	465	4	0	1	465	328	792	0.0	837	1328
6e8cdcf7a33ea4f507ac69f60846264c	gi|631251508|ref|NR_112705.1|	99.140	465	4	0	1	465	239	703	0.0	837	1000570
6e8cdcf7a33ea4f507ac69f60846264c	gi|645322115|ref|NR_118937.1|	98.710	465	6	0	1	465	243	707	0.0	832	1328
6e8cdcf7a33ea4f507ac69f60846264c	gi|265678434|ref|NR_028736.1|	98.710	465	6	0	1	465	344	808	0.0	826	1338
6e8cdcf7a33ea4f507ac69f60846264c	gi|1269847384|ref|NR_041722.2|	98.280	465	8	0	1	465	355	819	0.0	822	1000570
6e8cdcf7a33ea4f507ac69f60846264c	gi|645321325|ref|NR_118318.1|	98.065	465	9	0	1	465	286	750	0.0	809	1035184
6e8cdcf7a33ea4f507ac69f60846264c	gi|631251507|ref|NR_112704.1|	98.065	465	9	0	1	465	239	703	0.0	809	76860
6e8cdcf7a33ea4f507ac69f60846264c	gi|645320152|ref|NR_117426.1|	98.065	465	9	0	1	465	320	784	0.0	809	1000570
b25211f16ef12e5b955595fc7ab0b694	gi|2363085097|ref|NR_180797.1|	93.018	444	23	8	1	440	346	785	0.0	641	2605778
b25211f16ef12e5b955595fc7ab0b694	gi|2363082679|ref|NR_179587.1|	92.777	443	26	6	1	440	328	767	0.0	636	1926283
b25211f16ef12e5b955595fc7ab0b694	gi|2363081854|ref|NR_179173.1|	92.777	443	26	6	1	440	333	772	0.0	636	2126740
b25211f16ef12e5b955595fc7ab0b694	gi|631253128|ref|NR_114326.1|	92.809	445	22	10	1	440	334	773	0.0	636	1150298
b25211f16ef12e5b955595fc7ab0b694	gi|645321072|ref|NR_118128.1|	92.584	445	23	10	1	440	174	613	2.07e-180	630	1531
b25211f16ef12e5b955595fc7ab0b694	gi|631252212|ref|NR_113410.1|	92.584	445	23	10	1	440	257	696	2.07e-180	630	208479
b25211f16ef12e5b955595fc7ab0b694	gi|265678792|ref|NR_029097.1|	92.568	444	25	8	1	440	291	730	2.07e-180	630	237576
b25211f16ef12e5b955595fc7ab0b694	gi|219878428|ref|NR_025567.1|	92.584	445	23	10	1	440	348	787	2.07e-180	630	208479
b25211f16ef12e5b955595fc7ab0b694	gi|219846901|ref|NR_026493.1|	92.568	444	25	8	1	440	338	777	2.07e-180	630	69825
b25211f16ef12e5b955595fc7ab0b694	gi|1193829153|ref|NR_147396.1|	92.342	444	26	8	1	440	328	767	9.64e-179	625	1917870
27f235ccca2ca575b9366d7bbe51acaf	gi|2962412285|ref|NR_199479.1|	99.101	445	4	0	1	445	330	774	0.0	800	3041922
27f235ccca2ca575b9366d7bbe51acaf	gi|1397641844|ref|NR_156954.1|	98.876	445	5	0	1	445	311	755	0.0	795	1840605
27f235ccca2ca575b9366d7bbe51acaf	gi|961555118|ref|NR_134086.1|	98.876	445	5	0	1	445	331	775	0.0	795	1263636
27f235ccca2ca575b9366d7bbe51acaf	gi|974142248|ref|NR_134768.1|	98.876	445	5	0	1	445	294	738	0.0	795	985759
27f235ccca2ca575b9366d7bbe51acaf	gi|1246951812|ref|NR_149816.1|	98.652	445	6	0	1	445	294	738	0.0	789	1749037
27f235ccca2ca575b9366d7bbe51acaf	gi|1182956134|ref|NR_146842.1|	98.652	445	6	0	1	445	267	711	0.0	789	1678237
27f235ccca2ca575b9366d7bbe51acaf	gi|1013172402|ref|NR_135869.1|	98.652	445	6	0	1	445	283	727	0.0	789	1572644
27f235ccca2ca575b9366d7bbe51acaf	gi|961555117|ref|NR_134085.1|	98.652	445	6	0	1	445	329	773	0.0	789	1263637
27f235ccca2ca575b9366d7bbe51acaf	gi|265678639|ref|NR_028944.1|	98.427	445	7	0	1	445	241	685	0.0	785	153731
27f235ccca2ca575b9366d7bbe51acaf	gi|2962412286|ref|NR_199480.1|	98.427	445	7	0	1	445	331	775	0.0	784	3041921
f2d3c1021fe4e3f6a40a54486dd2edb0	gi|2363080123|ref|NR_178280.1|	88.739	444	42	7	1	440	331	770	4.65e-152	536	411483
f2d3c1021fe4e3f6a40a54486dd2edb0	gi|265678656|ref|NR_028961.1|	88.514	444	43	7	1	440	327	766	2.16e-150	531	853
f2d3c1021fe4e3f6a40a54486dd2edb0	gi|2363081451|ref|NR_178972.1|	88.288	444	44	7	1	440	285	724	1.01e-148	525	1851428
f2d3c1021fe4e3f6a40a54486dd2edb0	gi|2363081449|ref|NR_178971.1|	88.288	444	43	8	1	440	285	723	3.62e-148	523	1851427
f2d3c1021fe4e3f6a40a54486dd2edb0	gi|3030611269|ref|NR_199945.1|	88.063	444	45	7	1	440	335	774	4.68e-147	520	3435293
f2d3c1021fe4e3f6a40a54486dd2edb0	gi|2363082282|ref|NR_179388.1|	88.117	446	41	11	1	440	335	774	4.68e-147	520	2935520
f2d3c1021fe4e3f6a40a54486dd2edb0	gi|2363080175|ref|NR_178311.1|	87.416	445	46	9	1	440	412	851	4.71e-142	503	2903556
f2d3c1021fe4e3f6a40a54486dd2edb0	gi|631251954|ref|NR_113152.1|	93.204	309	19	2	133	440	489	796	4.81e-127	453	28117
f2d3c1021fe4e3f6a40a54486dd2edb0	gi|265678854|ref|NR_029160.1|	84.615	442	64	4	1	440	293	732	4.85e-122	436	40519
f2d3c1021fe4e3f6a40a54486dd2edb0	gi|1397641802|ref|NR_156911.1|	84.199	443	64	5	1	440	351	790	1.05e-118	425	1650663
c3831cb11b0f94cd89556e4e07b596db	gi|2363087413|ref|NR_181963.1|	89.871	464	33	13	1	456	129	586	1.73e-166	584	51515
c3831cb11b0f94cd89556e4e07b596db	gi|1397641866|ref|NR_156976.1|	89.293	467	46	3	1	464	333	798	6.22e-166	582	2018669
c3831cb11b0f94cd89556e4e07b596db	gi|2962412246|ref|NR_199440.1|	88.627	466	51	2	1	464	357	822	6.27e-161	566	3115649
c3831cb11b0f94cd89556e4e07b596db	gi|636560808|ref|NR_116868.1|	88.675	468	47	4	1	464	352	817	6.27e-161	566	646529
c3831cb11b0f94cd89556e4e07b596db	gi|343201476|ref|NR_042202.1|	88.651	467	49	3	1	464	346	811	6.27e-161	566	329936
c3831cb11b0f94cd89556e4e07b596db	gi|974142199|ref|NR_134719.1|	88.412	466	52	2	1	464	340	805	2.92e-159	560	476652
c3831cb11b0f94cd89556e4e07b596db	gi|470466616|ref|NR_074132.1|	88.462	468	48	4	1	464	342	807	2.92e-159	560	646529
c3831cb11b0f94cd89556e4e07b596db	gi|645320452|ref|NR_117655.1|	88.535	471	42	11	1	464	340	805	2.92e-159	560	112901
c3831cb11b0f94cd89556e4e07b596db	gi|645320448|ref|NR_117652.1|	88.535	471	42	11	1	464	339	804	2.92e-159	560	112901
c3831cb11b0f94cd89556e4e07b596db	gi|219878277|ref|NR_025416.1|	88.535	471	42	11	1	464	342	807	2.92e-159	560	112901
964dbd5e713c96708bf42c466f85211d	gi|631251745|ref|NR_112943.1|	87.284	464	51	8	1	460	326	785	3.79e-148	523	449673
964dbd5e713c96708bf42c466f85211d	gi|224581415|ref|NR_027196.1|	86.882	465	51	10	1	460	317	776	2.28e-145	514	449673
964dbd5e713c96708bf42c466f85211d	gi|631251735|ref|NR_112933.1|	86.825	463	55	6	1	460	334	793	8.21e-145	512	246787
964dbd5e713c96708bf42c466f85211d	gi|343200620|ref|NR_041307.1|	86.825	463	55	6	1	460	334	793	8.21e-145	512	329854
964dbd5e713c96708bf42c466f85211d	gi|2363082779|ref|NR_179638.1|	97.020	302	9	0	159	460	486	787	1.06e-143	508	2040291
964dbd5e713c96708bf42c466f85211d	gi|545589044|ref|NR_044645.2|	96.026	302	12	0	159	460	493	794	6.39e-141	499	39486
964dbd5e713c96708bf42c466f85211d	gi|1116030246|ref|NR_144704.1|	85.991	464	57	8	1	460	251	710	3.84e-138	490	1203465
964dbd5e713c96708bf42c466f85211d	gi|631251867|ref|NR_113065.1|	86.052	466	53	11	1	460	338	797	3.84e-138	490	762984
964dbd5e713c96708bf42c466f85211d	gi|631251695|ref|NR_112893.1|	86.052	466	53	11	1	460	318	777	3.84e-138	490	762984
964dbd5e713c96708bf42c466f85211d	gi|343200626|ref|NR_041313.1|	85.991	464	57	8	1	460	340	799	3.84e-138	490	338188
4bdf47670210600be0ba6782feed2d1d	gi|636560687|ref|NR_116747.1|	87.097	465	35	14	1	465	301	740	5.00e-142	503	1298596
4bdf47670210600be0ba6782feed2d1d	gi|2463901691|ref|NR_184601.1|	85.653	467	63	4	1	465	336	800	1.40e-137	488	2899785
4bdf47670210600be0ba6782feed2d1d	gi|2363087233|ref|NR_181872.1|	85.653	467	63	4	1	465	238	702	1.40e-137	488	2815358
4bdf47670210600be0ba6782feed2d1d	gi|631252910|ref|NR_114108.1|	85.439	467	64	4	1	465	312	776	1.81e-136	484	580
4bdf47670210600be0ba6782feed2d1d	gi|645320312|ref|NR_117547.1|	85.439	467	64	4	1	465	335	799	1.81e-136	484	1354262
4bdf47670210600be0ba6782feed2d1d	gi|2363085854|ref|NR_181179.1|	85.439	467	64	4	1	465	289	753	6.51e-136	483	2725494
4bdf47670210600be0ba6782feed2d1d	gi|2363083439|ref|NR_179968.1|	85.439	467	64	4	1	465	336	800	6.51e-136	483	2080838
4bdf47670210600be0ba6782feed2d1d	gi|2363081544|ref|NR_179018.1|	85.439	467	64	4	1	465	259	723	6.51e-136	483	1907578
4bdf47670210600be0ba6782feed2d1d	gi|1040567066|ref|NR_137415.1|	85.376	465	68	0	1	465	314	778	6.51e-136	483	1458355
4bdf47670210600be0ba6782feed2d1d	gi|2363087051|ref|NR_181782.1|	85.376	465	68	0	1	465	332	796	6.51e-136	483	2853256
b5202115d3927040b84b68ce291ce328	gi|631252121|ref|NR_113319.1|	91.610	441	35	2	1	440	350	789	9.71e-174	608	645466
b5202115d3927040b84b68ce291ce328	gi|2363087259|ref|NR_181885.1|	91.383	441	36	2	1	440	335	774	1.26e-172	604	2885351
b5202115d3927040b84b68ce291ce328	gi|2180566484|ref|NR_174324.1|	91.364	440	38	0	1	440	346	785	4.52e-172	603	2576756
b5202115d3927040b84b68ce291ce328	gi|636560803|ref|NR_116863.1|	91.403	442	35	3	1	440	337	777	4.52e-172	603	645466
b5202115d3927040b84b68ce291ce328	gi|943392602|ref|NR_117139.2|	91.196	443	33	6	1	440	346	785	2.10e-170	597	649756
b5202115d3927040b84b68ce291ce328	gi|943392601|ref|NR_117138.2|	91.196	443	33	6	1	440	346	785	2.10e-170	597	649756
b5202115d3927040b84b68ce291ce328	gi|559795210|ref|NR_104799.1|	91.196	443	33	6	1	440	338	777	2.10e-170	597	649756
b5202115d3927040b84b68ce291ce328	gi|1277396183|ref|NR_151894.1|	91.136	440	39	0	1	440	335	774	2.10e-170	597	433293
b5202115d3927040b84b68ce291ce328	gi|1315204019|ref|NR_152688.1|	91.136	440	39	0	1	440	348	787	2.10e-170	597	433279
b5202115d3927040b84b68ce291ce328	gi|2363085925|ref|NR_181215.1|	90.971	443	34	6	1	440	331	770	9.78e-169	592	2738446
43db0a4a40ec4dcb7907be40d1e37c65	gi|2363081451|ref|NR_178972.1|	98.675	302	4	0	159	460	423	724	4.87e-152	536	1851428
43db0a4a40ec4dcb7907be40d1e37c65	gi|3030611269|ref|NR_199945.1|	97.682	302	7	0	159	460	473	774	4.90e-147	520	3435293
43db0a4a40ec4dcb7907be40d1e37c65	gi|265678656|ref|NR_028961.1|	97.682	302	7	0	159	460	465	766	4.90e-147	520	853
43db0a4a40ec4dcb7907be40d1e37c65	gi|2363082282|ref|NR_179388.1|	97.351	302	8	0	159	460	473	774	2.28e-145	514	2935520
43db0a4a40ec4dcb7907be40d1e37c65	gi|2363080123|ref|NR_178280.1|	97.351	302	8	0	159	460	469	770	2.28e-145	514	411483
43db0a4a40ec4dcb7907be40d1e37c65	gi|2363081449|ref|NR_178971.1|	97.020	302	8	1	159	460	423	723	3.82e-143	507	1851427
43db0a4a40ec4dcb7907be40d1e37c65	gi|2363080175|ref|NR_178311.1|	95.364	302	14	0	159	460	550	851	2.31e-135	481	2903556
43db0a4a40ec4dcb7907be40d1e37c65	gi|2363084747|ref|NR_180622.1|	92.547	322	22	2	140	460	454	774	3.01e-129	460	2779354
43db0a4a40ec4dcb7907be40d1e37c65	gi|1397641802|ref|NR_156911.1|	85.000	460	49	12	1	460	351	790	6.53e-126	449	1650663
43db0a4a40ec4dcb7907be40d1e37c65	gi|2363082356|ref|NR_179425.1|	85.033	461	47	13	1	460	351	790	6.53e-126	449	1689304
8c9b2eac612c73b19087c488afad6d57	gi|2363082282|ref|NR_179388.1|	91.685	445	27	9	1	440	335	774	9.71e-174	608	2935520
8c9b2eac612c73b19087c488afad6d57	gi|2363081451|ref|NR_178972.1|	91.667	444	29	7	1	440	285	724	9.71e-174	608	1851428
8c9b2eac612c73b19087c488afad6d57	gi|3030611269|ref|NR_199945.1|	91.422	443	32	5	1	440	335	774	4.52e-172	603	3435293
8c9b2eac612c73b19087c488afad6d57	gi|265678656|ref|NR_028961.1|	91.422	443	32	5	1	440	327	766	4.52e-172	603	853
8c9b2eac612c73b19087c488afad6d57	gi|2363080175|ref|NR_178311.1|	90.271	442	39	4	1	440	412	851	9.85e-164	575	2903556
8c9b2eac612c73b19087c488afad6d57	gi|343200549|ref|NR_041236.1|	89.865	444	38	7	1	440	321	761	2.13e-160	564	1122184
8c9b2eac612c73b19087c488afad6d57	gi|2363086264|ref|NR_181384.1|	88.713	443	44	5	1	440	250	689	4.65e-152	536	2763660
8c9b2eac612c73b19087c488afad6d57	gi|1397641802|ref|NR_156911.1|	88.539	445	41	9	1	440	351	790	2.16e-150	531	1650663
8c9b2eac612c73b19087c488afad6d57	gi|1116030269|ref|NR_144727.1|	88.288	444	44	8	1	440	335	774	1.01e-148	525	1673717
8c9b2eac612c73b19087c488afad6d57	gi|566085050|ref|NR_108636.1|	88.288	444	44	8	1	440	348	787	1.01e-148	525	682400
90cd5e102d4740c0d258524a41d83697	gi|636560687|ref|NR_116747.1|	93.424	441	28	1	1	441	301	740	0.0	652	1298596
90cd5e102d4740c0d258524a41d83697	gi|2363085133|ref|NR_180815.1|	91.383	441	37	1	1	441	350	789	4.53e-172	603	2606633
90cd5e102d4740c0d258524a41d83697	gi|2363083556|ref|NR_180026.1|	91.383	441	37	1	1	441	348	787	4.53e-172	603	2696678
90cd5e102d4740c0d258524a41d83697	gi|1116030264|ref|NR_144722.1|	91.176	442	36	3	1	441	338	777	5.86e-171	599	1632013
90cd5e102d4740c0d258524a41d83697	gi|631251356|ref|NR_112553.1|	91.156	441	39	0	1	441	348	788	5.86e-171	599	342942
90cd5e102d4740c0d258524a41d83697	gi|1909404440|ref|NR_170495.1|	91.156	441	38	1	1	441	355	794	2.11e-170	597	2509240
90cd5e102d4740c0d258524a41d83697	gi|1953646571|ref|NR_171444.1|	91.156	441	38	1	1	441	301	740	2.11e-170	597	1912897
90cd5e102d4740c0d258524a41d83697	gi|1109168017|ref|NR_144607.1|	91.156	441	38	1	1	441	282	721	2.11e-170	597	1796615
90cd5e102d4740c0d258524a41d83697	gi|1227086126|ref|NR_148624.1|	91.176	442	36	3	1	441	255	694	2.11e-170	597	1653434
90cd5e102d4740c0d258524a41d83697	gi|1953646488|ref|NR_171392.1|	91.156	441	38	1	1	441	355	794	2.11e-170	597	1912897
7fd9fc69a55622663fb2548190485ee8	gi|559795255|ref|NR_104846.1|	93.636	440	28	0	1	440	288	727	0.0	658	745368
7fd9fc69a55622663fb2548190485ee8	gi|265678692|ref|NR_028997.1|	92.971	441	30	1	1	440	303	743	0.0	641	214851
7fd9fc69a55622663fb2548190485ee8	gi|2836274968|ref|NR_197731.1|	91.176	442	35	3	1	440	306	745	2.10e-170	597	3093659
7fd9fc69a55622663fb2548190485ee8	gi|1116030278|ref|NR_144736.1|	90.950	442	36	3	1	440	360	799	9.78e-169	592	1776382
7fd9fc69a55622663fb2548190485ee8	gi|2363084747|ref|NR_180622.1|	90.909	440	40	0	1	440	335	774	9.78e-169	592	2779354
7fd9fc69a55622663fb2548190485ee8	gi|2836274966|ref|NR_197729.1|	90.745	443	35	5	1	440	304	743	4.55e-167	586	3093657
7fd9fc69a55622663fb2548190485ee8	gi|1277396189|ref|NR_151900.1|	90.682	440	41	0	1	440	351	790	4.55e-167	586	1550024
7fd9fc69a55622663fb2548190485ee8	gi|2363082767|ref|NR_179632.1|	90.519	443	36	5	1	440	337	776	2.12e-165	580	2014781
7fd9fc69a55622663fb2548190485ee8	gi|2962412223|ref|NR_199417.1|	90.249	441	41	2	1	440	342	781	9.85e-164	575	3136601
7fd9fc69a55622663fb2548190485ee8	gi|2836274967|ref|NR_197730.1|	90.045	442	40	3	1	440	312	751	4.58e-162	569	3093658
9c382a23ab6b83a01bd6255b56fb6e37	gi|631251990|ref|NR_113188.1|	93.468	444	22	7	1	440	331	771	0.0	652	572010
9c382a23ab6b83a01bd6255b56fb6e37	gi|636560403|ref|NR_116463.1|	93.468	444	22	7	1	440	319	759	0.0	652	572010
9c382a23ab6b83a01bd6255b56fb6e37	gi|631252074|ref|NR_113272.1|	88.939	443	44	5	1	440	331	771	9.99e-154	542	742818
9c382a23ab6b83a01bd6255b56fb6e37	gi|631251700|ref|NR_112898.1|	88.939	443	44	5	1	440	311	751	9.99e-154	542	742818
9c382a23ab6b83a01bd6255b56fb6e37	gi|343201494|ref|NR_042220.1|	88.713	443	45	5	1	440	311	751	4.65e-152	536	255723
9c382a23ab6b83a01bd6255b56fb6e37	gi|636560235|ref|NR_116295.1|	88.117	446	43	9	1	440	331	772	1.30e-147	521	498718
9c382a23ab6b83a01bd6255b56fb6e37	gi|219857364|ref|NR_024952.1|	88.063	444	46	7	1	440	313	753	4.68e-147	520	649764
9c382a23ab6b83a01bd6255b56fb6e37	gi|444304015|ref|NR_074439.1|	86.996	446	48	10	1	440	331	772	2.84e-139	494	84110
9c382a23ab6b83a01bd6255b56fb6e37	gi|265678431|ref|NR_028733.1|	86.996	446	48	10	1	440	311	752	2.84e-139	494	84110
9c382a23ab6b83a01bd6255b56fb6e37	gi|2463901825|ref|NR_184617.1|	86.966	445	48	10	1	440	333	772	1.02e-138	492	2682776
53756e504930f81414fedd3061157286	gi|645321785|ref|NR_118670.1|	92.273	440	34	0	1	440	357	796	0.0	632	39496
53756e504930f81414fedd3061157286	gi|219857617|ref|NR_025206.1|	90.703	441	39	2	1	440	314	753	4.55e-167	586	180286
53756e504930f81414fedd3061157286	gi|2363086310|ref|NR_181407.1|	90.519	443	36	6	1	440	355	794	2.12e-165	580	2850323
53756e504930f81414fedd3061157286	gi|444304209|ref|NR_074634.1|	90.068	443	38	6	1	440	350	789	4.58e-162	569	515619
53756e504930f81414fedd3061157286	gi|2363086308|ref|NR_181406.1|	90.068	443	38	6	1	440	357	796	4.58e-162	569	2850322
53756e504930f81414fedd3061157286	gi|2363086282|ref|NR_181393.1|	90.068	443	38	6	1	440	290	729	4.58e-162	569	2763664
53756e504930f81414fedd3061157286	gi|1227086116|ref|NR_148619.1|	89.888	445	37	8	1	440	301	742	5.93e-161	566	1712665
53756e504930f81414fedd3061157286	gi|645320588|ref|NR_117758.1|	89.888	445	37	7	1	440	322	763	5.93e-161	566	166486
53756e504930f81414fedd3061157286	gi|219857618|ref|NR_025207.1|	89.796	441	43	2	1	440	321	760	5.93e-161	566	180311
53756e504930f81414fedd3061157286	gi|228716944|ref|NR_027557.1|	89.888	445	37	7	1	440	343	784	5.93e-161	566	536231
64f8aa1b09cb03cf6afa26f9b2eced5f	gi|2363080123|ref|NR_178280.1|	95.701	442	15	3	1	440	331	770	0.0	708	411483
64f8aa1b09cb03cf6afa26f9b2eced5f	gi|2363081449|ref|NR_178971.1|	95.249	442	16	4	1	440	285	723	0.0	695	1851427
64f8aa1b09cb03cf6afa26f9b2eced5f	gi|265678656|ref|NR_028961.1|	95.023	442	18	3	1	440	327	766	0.0	691	853
64f8aa1b09cb03cf6afa26f9b2eced5f	gi|2363081451|ref|NR_178972.1|	94.796	442	19	3	1	440	285	724	0.0	686	1851428
64f8aa1b09cb03cf6afa26f9b2eced5f	gi|3030611269|ref|NR_199945.1|	94.570	442	20	3	1	440	335	774	0.0	680	3435293
64f8aa1b09cb03cf6afa26f9b2eced5f	gi|2363082282|ref|NR_179388.1|	94.582	443	18	5	1	440	335	774	0.0	680	2935520
64f8aa1b09cb03cf6afa26f9b2eced5f	gi|2363080175|ref|NR_178311.1|	93.665	442	24	3	1	440	412	851	0.0	658	2903556
64f8aa1b09cb03cf6afa26f9b2eced5f	gi|1397641802|ref|NR_156911.1|	90.909	440	40	0	1	440	351	790	9.78e-169	592	1650663
64f8aa1b09cb03cf6afa26f9b2eced5f	gi|2363084747|ref|NR_180622.1|	90.745	443	35	5	1	440	335	774	4.55e-167	586	2779354
64f8aa1b09cb03cf6afa26f9b2eced5f	gi|559795255|ref|NR_104846.1|	90.724	442	37	3	1	440	288	727	4.55e-167	586	745368
957e4183451627f4eae0d1932c773956	gi|2363081451|ref|NR_178972.1|	90.909	440	40	0	1	440	285	724	9.78e-169	592	1851428
957e4183451627f4eae0d1932c773956	gi|265678656|ref|NR_028961.1|	90.909	440	40	0	1	440	327	766	9.78e-169	592	853
957e4183451627f4eae0d1932c773956	gi|2363082282|ref|NR_179388.1|	90.682	440	41	0	1	440	335	774	4.55e-167	586	2935520
957e4183451627f4eae0d1932c773956	gi|2136551628|ref|NR_173632.1|	90.293	443	37	6	1	440	301	740	9.85e-164	575	2068655
957e4183451627f4eae0d1932c773956	gi|3248465643|ref|NR_201655.1|	90.271	442	39	4	1	440	313	752	9.85e-164	575	3380807
957e4183451627f4eae0d1932c773956	gi|2136551567|ref|NR_173570.1|	90.271	442	39	4	1	440	330	769	9.85e-164	575	1912090
957e4183451627f4eae0d1932c773956	gi|2363080123|ref|NR_178280.1|	90.227	440	43	0	1	440	331	770	9.85e-164	575	411483
957e4183451627f4eae0d1932c773956	gi|3030611230|ref|NR_199906.1|	90.068	443	38	6	1	440	354	793	4.58e-162	569	3123317
957e4183451627f4eae0d1932c773956	gi|3030611269|ref|NR_199945.1|	90.000	440	44	0	1	440	335	774	4.58e-162	569	3435293
957e4183451627f4eae0d1932c773956	gi|3030611314|ref|NR_199990.1|	90.068	443	38	6	1	440	350	789	4.58e-162	569	3123317
d9e723ac0493c2009bc4aeb1c4610116	gi|2363080123|ref|NR_178280.1|	95.682	440	19	0	1	440	331	770	0.0	708	411483
d9e723ac0493c2009bc4aeb1c4610116	gi|2363081449|ref|NR_178971.1|	95.455	440	19	1	1	440	285	723	0.0	701	1851427
d9e723ac0493c2009bc4aeb1c4610116	gi|265678656|ref|NR_028961.1|	95.000	440	22	0	1	440	327	766	0.0	691	853
d9e723ac0493c2009bc4aeb1c4610116	gi|2363082282|ref|NR_179388.1|	94.785	441	21	2	1	440	335	774	0.0	686	2935520
d9e723ac0493c2009bc4aeb1c4610116	gi|2363081451|ref|NR_178972.1|	94.773	440	23	0	1	440	285	724	0.0	686	1851428
d9e723ac0493c2009bc4aeb1c4610116	gi|3030611269|ref|NR_199945.1|	94.545	440	24	0	1	440	335	774	0.0	680	3435293
d9e723ac0493c2009bc4aeb1c4610116	gi|2363080175|ref|NR_178311.1|	93.409	440	29	0	1	440	412	851	0.0	652	2903556
d9e723ac0493c2009bc4aeb1c4610116	gi|559795255|ref|NR_104846.1|	92.273	440	34	0	1	440	288	727	9.64e-179	625	745368
d9e723ac0493c2009bc4aeb1c4610116	gi|265678692|ref|NR_028997.1|	91.837	441	35	1	1	440	303	743	2.09e-175	614	214851
d9e723ac0493c2009bc4aeb1c4610116	gi|2363084747|ref|NR_180622.1|	91.156	441	37	2	1	440	335	774	2.10e-170	597	2779354
