455e62f3c8c558b96ccc9c25c79f6e95	gi|444304091|ref|NR_074515.1|	94.794	461	22	2	1	460	350	809	0.0	717	435590
455e62f3c8c558b96ccc9c25c79f6e95	gi|631251748|ref|NR_112946.1|	94.794	461	22	2	1	460	339	798	0.0	717	821
455e62f3c8c558b96ccc9c25c79f6e95	gi|343200664|ref|NR_041351.1|	94.577	461	23	2	1	460	341	800	0.0	712	357276
455e62f3c8c558b96ccc9c25c79f6e95	gi|631250946|ref|NR_112143.1|	94.577	461	23	2	1	460	307	766	0.0	712	821
455e62f3c8c558b96ccc9c25c79f6e95	gi|631251737|ref|NR_112935.1|	93.290	462	27	4	1	460	338	797	0.0	678	28111
455e62f3c8c558b96ccc9c25c79f6e95	gi|343200177|ref|NR_040864.1|	93.290	462	27	4	1	460	336	795	0.0	678	28111
455e62f3c8c558b96ccc9c25c79f6e95	gi|1109168015|ref|NR_144606.1|	93.043	460	32	0	1	460	340	799	0.0	673	1796613
455e62f3c8c558b96ccc9c25c79f6e95	gi|2363082547|ref|NR_179520.1|	93.043	460	32	0	1	460	314	773	0.0	673	1841855
455e62f3c8c558b96ccc9c25c79f6e95	gi|444304122|ref|NR_074546.1|	93.059	461	30	2	1	460	336	795	0.0	673	290053
455e62f3c8c558b96ccc9c25c79f6e95	gi|631251872|ref|NR_113070.1|	93.043	460	32	0	1	460	334	793	0.0	673	742727
1f96113bc71ca4093da2597745ab549c	gi|343200980|ref|NR_041667.1|	99.140	465	4	0	1	465	320	784	0.0	837	487175
1f96113bc71ca4093da2597745ab549c	gi|631252130|ref|NR_113328.1|	91.221	467	37	4	1	465	332	796	0.0	632	626947
1f96113bc71ca4093da2597745ab549c	gi|631251705|ref|NR_112903.1|	91.221	467	37	4	1	465	312	776	0.0	632	626947
1f96113bc71ca4093da2597745ab549c	gi|2363082296|ref|NR_179395.1|	89.507	467	45	4	1	465	330	794	1.04e-168	592	1506471
1f96113bc71ca4093da2597745ab549c	gi|2136551693|ref|NR_173698.1|	89.079	467	47	4	1	465	318	782	1.74e-166	584	2259133
1f96113bc71ca4093da2597745ab549c	gi|1811131556|ref|NR_165738.1|	89.293	467	46	4	1	465	309	773	6.27e-166	582	2490857
1f96113bc71ca4093da2597745ab549c	gi|1246951785|ref|NR_149789.1|	89.032	465	51	0	1	465	297	761	2.92e-164	577	1783360
1f96113bc71ca4093da2597745ab549c	gi|1246951779|ref|NR_149783.1|	89.079	467	47	4	1	465	337	801	2.92e-164	577	1769758
1f96113bc71ca4093da2597745ab549c	gi|2363086886|ref|NR_181700.1|	89.079	467	47	4	1	465	329	793	2.92e-164	577	2825886
1f96113bc71ca4093da2597745ab549c	gi|2363086884|ref|NR_181699.1|	89.079	467	47	4	1	465	329	793	2.92e-164	577	2825884
2c61144343f60492001a2d840cdc91a6	gi|2221405488|ref|NR_175548.1|	99.348	460	3	0	1	460	346	805	0.0	833	2739389
2c61144343f60492001a2d840cdc91a6	gi|343200590|ref|NR_041277.1|	96.104	462	14	4	1	460	339	798	0.0	750	484018
2c61144343f60492001a2d840cdc91a6	gi|343200591|ref|NR_041278.1|	94.372	462	22	4	1	460	339	798	0.0	706	470145
2c61144343f60492001a2d840cdc91a6	gi|1146059112|ref|NR_145844.1|	93.074	462	28	3	1	460	339	798	0.0	673	1411144
2c61144343f60492001a2d840cdc91a6	gi|631251740|ref|NR_112938.1|	93.043	460	32	0	1	460	326	785	0.0	673	204516
2c61144343f60492001a2d840cdc91a6	gi|343198509|ref|NR_042745.1|	93.043	460	32	0	1	460	338	797	0.0	673	204516
2c61144343f60492001a2d840cdc91a6	gi|444304192|ref|NR_074616.1|	92.873	463	27	6	1	460	341	800	0.0	667	376805
2c61144343f60492001a2d840cdc91a6	gi|444304122|ref|NR_074546.1|	92.826	460	33	0	1	460	336	795	0.0	667	290053
2c61144343f60492001a2d840cdc91a6	gi|343200760|ref|NR_041447.1|	92.873	463	27	6	1	460	326	785	0.0	667	376805
2c61144343f60492001a2d840cdc91a6	gi|1116030286|ref|NR_144744.1|	92.625	461	32	2	1	460	339	798	0.0	664	1841856
7afb7721b0adfc8f566e421d6ae1132c	gi|1491509587|ref|NR_159118.1|	96.963	461	12	2	1	460	310	769	0.0	773	28116
7afb7721b0adfc8f566e421d6ae1132c	gi|1491509586|ref|NR_159117.1|	96.963	461	12	2	1	460	301	760	0.0	773	28116
7afb7721b0adfc8f566e421d6ae1132c	gi|631251742|ref|NR_112940.1|	96.963	461	12	2	1	460	327	786	0.0	773	28116
7afb7721b0adfc8f566e421d6ae1132c	gi|636559244|ref|NR_115301.1|	96.963	461	12	2	1	460	320	779	0.0	773	28116
7afb7721b0adfc8f566e421d6ae1132c	gi|636560121|ref|NR_116181.1|	96.963	461	11	3	1	460	333	791	0.0	771	28116
7afb7721b0adfc8f566e421d6ae1132c	gi|645322410|ref|NR_119165.1|	96.529	461	14	2	1	460	319	778	0.0	769	28116
7afb7721b0adfc8f566e421d6ae1132c	gi|2363084431|ref|NR_180463.1|	96.529	461	14	2	1	460	340	799	0.0	761	2650158
7afb7721b0adfc8f566e421d6ae1132c	gi|343200178|ref|NR_040865.1|	96.537	462	12	4	1	460	333	792	0.0	761	28116
7afb7721b0adfc8f566e421d6ae1132c	gi|631251749|ref|NR_112947.1|	96.095	461	16	2	1	460	326	785	0.0	752	657309
7afb7721b0adfc8f566e421d6ae1132c	gi|343201773|ref|NR_042499.1|	96.095	461	16	2	1	460	294	753	0.0	750	657309
2649f5e5d65eb701e9e99e271a7ecca9	gi|2221405488|ref|NR_175548.1|	95.652	460	20	0	1	460	346	805	0.0	739	2739389
2649f5e5d65eb701e9e99e271a7ecca9	gi|343201773|ref|NR_042499.1|	94.783	460	24	0	1	460	294	753	0.0	717	657309
2649f5e5d65eb701e9e99e271a7ecca9	gi|631251749|ref|NR_112947.1|	94.565	460	25	0	1	460	326	785	0.0	713	657309
2649f5e5d65eb701e9e99e271a7ecca9	gi|343200590|ref|NR_041277.1|	94.565	460	25	0	1	460	339	798	0.0	712	484018
2649f5e5d65eb701e9e99e271a7ecca9	gi|2363084431|ref|NR_180463.1|	94.348	460	26	0	1	460	340	799	0.0	706	2650158
2649f5e5d65eb701e9e99e271a7ecca9	gi|631251734|ref|NR_112932.1|	94.348	460	26	0	1	460	328	787	0.0	706	47678
2649f5e5d65eb701e9e99e271a7ecca9	gi|219846650|ref|NR_026242.1|	94.348	460	26	0	1	460	318	777	0.0	706	47678
2649f5e5d65eb701e9e99e271a7ecca9	gi|631252008|ref|NR_113206.1|	94.130	460	27	0	1	460	336	795	0.0	701	1236513
2649f5e5d65eb701e9e99e271a7ecca9	gi|631251735|ref|NR_112933.1|	93.926	461	26	2	1	460	334	793	0.0	695	246787
2649f5e5d65eb701e9e99e271a7ecca9	gi|631251733|ref|NR_112931.1|	93.913	460	28	0	1	460	340	799	0.0	695	85831
0ec63befa0093e5f8a55aaeb1b472197	gi|2363084431|ref|NR_180463.1|	98.261	460	8	0	1	460	340	799	0.0	806	2650158
0ec63befa0093e5f8a55aaeb1b472197	gi|631251749|ref|NR_112947.1|	97.826	460	10	0	1	460	326	785	0.0	797	657309
0ec63befa0093e5f8a55aaeb1b472197	gi|631251733|ref|NR_112931.1|	97.826	460	10	0	1	460	340	799	0.0	795	85831
0ec63befa0093e5f8a55aaeb1b472197	gi|343201773|ref|NR_042499.1|	97.826	460	10	0	1	460	294	753	0.0	795	657309
0ec63befa0093e5f8a55aaeb1b472197	gi|265678305|ref|NR_028607.1|	97.821	459	10	0	2	460	333	791	0.0	793	85831
0ec63befa0093e5f8a55aaeb1b472197	gi|631251869|ref|NR_113067.1|	97.609	460	11	0	1	460	325	784	0.0	789	1077285
0ec63befa0093e5f8a55aaeb1b472197	gi|343200626|ref|NR_041313.1|	97.609	460	11	0	1	460	340	799	0.0	789	338188
0ec63befa0093e5f8a55aaeb1b472197	gi|645320100|ref|NR_117387.1|	97.391	460	12	0	1	460	320	779	0.0	784	1077285
0ec63befa0093e5f8a55aaeb1b472197	gi|2363084421|ref|NR_180458.1|	97.174	460	13	0	1	460	340	799	0.0	778	2650157
0ec63befa0093e5f8a55aaeb1b472197	gi|631251734|ref|NR_112932.1|	97.174	460	13	0	1	460	328	787	0.0	778	47678
0d7b0e16f49c467ac624a25f9d2e99f7	gi|343200980|ref|NR_041667.1|	99.355	465	3	0	1	465	320	784	0.0	843	487175
0d7b0e16f49c467ac624a25f9d2e99f7	gi|631252130|ref|NR_113328.1|	91.435	467	36	4	1	465	332	796	0.0	638	626947
0d7b0e16f49c467ac624a25f9d2e99f7	gi|631251705|ref|NR_112903.1|	91.435	467	36	4	1	465	312	776	0.0	638	626947
0d7b0e16f49c467ac624a25f9d2e99f7	gi|2363082296|ref|NR_179395.1|	89.722	467	44	4	1	465	330	794	2.24e-170	597	1506471
0d7b0e16f49c467ac624a25f9d2e99f7	gi|2136551693|ref|NR_173698.1|	89.293	467	46	4	1	465	318	782	3.74e-168	590	2259133
0d7b0e16f49c467ac624a25f9d2e99f7	gi|1811131556|ref|NR_165738.1|	89.507	467	45	4	1	465	309	773	1.35e-167	588	2490857
0d7b0e16f49c467ac624a25f9d2e99f7	gi|1246951785|ref|NR_149789.1|	89.247	465	50	0	1	465	297	761	6.27e-166	582	1783360
0d7b0e16f49c467ac624a25f9d2e99f7	gi|1246951779|ref|NR_149783.1|	89.293	467	46	4	1	465	337	801	6.27e-166	582	1769758
0d7b0e16f49c467ac624a25f9d2e99f7	gi|2363086886|ref|NR_181700.1|	89.293	467	46	4	1	465	329	793	6.27e-166	582	2825886
0d7b0e16f49c467ac624a25f9d2e99f7	gi|2363086884|ref|NR_181699.1|	89.293	467	46	4	1	465	329	793	6.27e-166	582	2825884
4e70f876ec50d482638e8b8c97bb82b9	gi|2221405488|ref|NR_175548.1|	97.609	460	11	0	1	460	346	805	0.0	789	2739389
4e70f876ec50d482638e8b8c97bb82b9	gi|343200590|ref|NR_041277.1|	95.238	462	18	4	1	460	339	798	0.0	728	484018
4e70f876ec50d482638e8b8c97bb82b9	gi|631251734|ref|NR_112932.1|	94.130	460	27	0	1	460	328	787	0.0	701	47678
4e70f876ec50d482638e8b8c97bb82b9	gi|219846650|ref|NR_026242.1|	94.130	460	27	0	1	460	318	777	0.0	701	47678
4e70f876ec50d482638e8b8c97bb82b9	gi|631251869|ref|NR_113067.1|	93.478	460	30	0	1	460	325	784	0.0	684	1077285
4e70f876ec50d482638e8b8c97bb82b9	gi|631251735|ref|NR_112933.1|	93.492	461	28	2	1	460	334	793	0.0	684	246787
4e70f876ec50d482638e8b8c97bb82b9	gi|645320100|ref|NR_117387.1|	93.478	460	30	0	1	460	320	779	0.0	684	1077285
4e70f876ec50d482638e8b8c97bb82b9	gi|631251749|ref|NR_112947.1|	93.261	460	31	0	1	460	326	785	0.0	680	657309
4e70f876ec50d482638e8b8c97bb82b9	gi|2363084431|ref|NR_180463.1|	93.261	460	31	0	1	460	340	799	0.0	678	2650158
4e70f876ec50d482638e8b8c97bb82b9	gi|2363084421|ref|NR_180458.1|	93.261	460	31	0	1	460	340	799	0.0	678	2650157
3c9189be2c56d3e31bdc037a1f1b5886	gi|631251749|ref|NR_112947.1|	98.261	460	8	0	1	460	326	785	0.0	808	657309
3c9189be2c56d3e31bdc037a1f1b5886	gi|2363084431|ref|NR_180463.1|	98.261	460	8	0	1	460	340	799	0.0	806	2650158
3c9189be2c56d3e31bdc037a1f1b5886	gi|343201773|ref|NR_042499.1|	98.261	460	8	0	1	460	294	753	0.0	806	657309
3c9189be2c56d3e31bdc037a1f1b5886	gi|631251869|ref|NR_113067.1|	98.043	460	9	0	1	460	325	784	0.0	800	1077285
3c9189be2c56d3e31bdc037a1f1b5886	gi|631251734|ref|NR_112932.1|	98.043	460	9	0	1	460	328	787	0.0	800	47678
3c9189be2c56d3e31bdc037a1f1b5886	gi|343200626|ref|NR_041313.1|	98.043	460	9	0	1	460	340	799	0.0	800	338188
3c9189be2c56d3e31bdc037a1f1b5886	gi|219846650|ref|NR_026242.1|	98.043	460	9	0	1	460	318	777	0.0	800	47678
3c9189be2c56d3e31bdc037a1f1b5886	gi|631251733|ref|NR_112931.1|	97.826	460	10	0	1	460	340	799	0.0	795	85831
3c9189be2c56d3e31bdc037a1f1b5886	gi|645320100|ref|NR_117387.1|	97.826	460	10	0	1	460	320	779	0.0	795	1077285
3c9189be2c56d3e31bdc037a1f1b5886	gi|265678305|ref|NR_028607.1|	97.821	459	10	0	2	460	333	791	0.0	793	85831
530b828212e0f8e1bdceff81cff70fa2	gi|631251869|ref|NR_113067.1|	98.696	460	6	0	1	460	325	784	0.0	817	1077285
530b828212e0f8e1bdceff81cff70fa2	gi|645320100|ref|NR_117387.1|	98.696	460	6	0	1	460	320	779	0.0	817	1077285
530b828212e0f8e1bdceff81cff70fa2	gi|444303855|ref|NR_074277.1|	98.482	461	5	2	1	460	352	811	0.0	811	818
530b828212e0f8e1bdceff81cff70fa2	gi|631252008|ref|NR_113206.1|	98.478	460	7	0	1	460	336	795	0.0	811	1236513
530b828212e0f8e1bdceff81cff70fa2	gi|631251746|ref|NR_112944.1|	98.482	461	5	2	1	460	324	783	0.0	811	818
530b828212e0f8e1bdceff81cff70fa2	gi|2363084421|ref|NR_180458.1|	98.261	460	8	0	1	460	340	799	0.0	806	2650157
530b828212e0f8e1bdceff81cff70fa2	gi|631251749|ref|NR_112947.1|	97.826	460	10	0	1	460	326	785	0.0	797	657309
530b828212e0f8e1bdceff81cff70fa2	gi|2363084431|ref|NR_180463.1|	97.826	460	10	0	1	460	340	799	0.0	795	2650158
530b828212e0f8e1bdceff81cff70fa2	gi|343201773|ref|NR_042499.1|	97.826	460	10	0	1	460	294	753	0.0	795	657309
530b828212e0f8e1bdceff81cff70fa2	gi|631251733|ref|NR_112931.1|	97.609	460	11	0	1	460	340	799	0.0	789	85831
8de1b0e0393f7d1c4d3f5b50d493ddc4	gi|265678656|ref|NR_028961.1|	99.091	440	4	0	1	440	327	766	0.0	791	853
8de1b0e0393f7d1c4d3f5b50d493ddc4	gi|2363081451|ref|NR_178972.1|	98.864	440	5	0	1	440	285	724	0.0	785	1851428
8de1b0e0393f7d1c4d3f5b50d493ddc4	gi|2363080123|ref|NR_178280.1|	98.864	440	5	0	1	440	331	770	0.0	785	411483
8de1b0e0393f7d1c4d3f5b50d493ddc4	gi|3030611269|ref|NR_199945.1|	98.636	440	6	0	1	440	335	774	0.0	780	3435293
8de1b0e0393f7d1c4d3f5b50d493ddc4	gi|2363081449|ref|NR_178971.1|	98.409	440	6	1	1	440	285	723	0.0	773	1851427
8de1b0e0393f7d1c4d3f5b50d493ddc4	gi|2363082282|ref|NR_179388.1|	98.186	441	6	2	1	440	335	774	0.0	769	2935520
8de1b0e0393f7d1c4d3f5b50d493ddc4	gi|2363080175|ref|NR_178311.1|	96.591	440	15	0	1	440	412	851	0.0	730	2903556
8de1b0e0393f7d1c4d3f5b50d493ddc4	gi|1397641802|ref|NR_156911.1|	92.500	440	33	0	1	440	351	790	2.08e-180	630	1650663
8de1b0e0393f7d1c4d3f5b50d493ddc4	gi|2363084747|ref|NR_180622.1|	92.517	441	31	2	1	440	335	774	2.08e-180	630	2779354
8de1b0e0393f7d1c4d3f5b50d493ddc4	gi|2363082356|ref|NR_179425.1|	92.500	440	33	0	1	440	351	790	2.08e-180	630	1689304
b2492213128e88086620d46e33c6c933	gi|631251953|ref|NR_113151.1|	99.348	460	3	0	1	460	338	797	0.0	833	328813
b2492213128e88086620d46e33c6c933	gi|343202833|ref|NR_043318.1|	99.348	460	3	0	1	460	324	783	0.0	833	328813
b2492213128e88086620d46e33c6c933	gi|2363082099|ref|NR_179296.1|	97.391	460	12	0	1	460	324	783	0.0	784	2585119
b2492213128e88086620d46e33c6c933	gi|507148054|ref|NR_102861.1|	96.957	460	14	0	1	460	334	793	0.0	773	717959
b2492213128e88086620d46e33c6c933	gi|672239000|ref|NR_125589.1|	96.963	461	12	2	1	460	269	728	0.0	773	1033731
b2492213128e88086620d46e33c6c933	gi|343202834|ref|NR_043319.1|	96.739	460	15	0	1	460	323	782	0.0	769	717959
b2492213128e88086620d46e33c6c933	gi|2363082505|ref|NR_179499.1|	96.739	460	15	0	1	460	342	801	0.0	767	2364787
b2492213128e88086620d46e33c6c933	gi|507148137|ref|NR_102944.1|	96.739	460	15	0	1	460	334	793	0.0	767	214856
b2492213128e88086620d46e33c6c933	gi|631251955|ref|NR_113153.1|	96.739	460	15	0	1	460	334	793	0.0	767	328814
b2492213128e88086620d46e33c6c933	gi|636559243|ref|NR_115300.1|	96.739	460	15	0	1	460	314	773	0.0	767	679935
0e47ee6cb4f3f07729f2861a032b3a18	gi|645320556|ref|NR_117734.1|	99.097	443	4	0	1	443	309	751	0.0	797	850
0e47ee6cb4f3f07729f2861a032b3a18	gi|631252186|ref|NR_113384.1|	97.968	443	9	0	1	443	321	763	0.0	769	856
0e47ee6cb4f3f07729f2861a032b3a18	gi|645322306|ref|NR_119089.1|	98.402	438	3	4	1	436	323	758	0.0	767	850
0e47ee6cb4f3f07729f2861a032b3a18	gi|343206228|ref|NR_044820.1|	96.840	443	14	0	1	443	246	688	0.0	749	861
0e47ee6cb4f3f07729f2861a032b3a18	gi|1269235450|ref|NR_146837.2|	96.614	443	15	0	1	443	326	768	0.0	736	1755100
0e47ee6cb4f3f07729f2861a032b3a18	gi|228720055|ref|NR_027588.1|	96.388	443	16	0	1	443	246	688	0.0	734	469615
0e47ee6cb4f3f07729f2861a032b3a18	gi|2363082567|ref|NR_179530.1|	96.163	443	17	0	1	443	319	761	0.0	725	1852365
0e47ee6cb4f3f07729f2861a032b3a18	gi|631252181|ref|NR_113379.1|	96.163	443	17	0	1	443	321	763	0.0	725	134605
0e47ee6cb4f3f07729f2861a032b3a18	gi|265678628|ref|NR_028933.1|	96.163	443	17	0	1	443	321	763	0.0	725	134605
0e47ee6cb4f3f07729f2861a032b3a18	gi|2260473024|ref|NR_176801.1|	95.946	444	16	2	1	443	246	688	0.0	725	854
a609a47fd340d7434e1df81e1ffb40ac	gi|2221405488|ref|NR_175548.1|	98.043	460	9	0	1	460	346	805	0.0	800	2739389
a609a47fd340d7434e1df81e1ffb40ac	gi|343200590|ref|NR_041277.1|	94.805	462	20	4	1	460	339	798	0.0	717	484018
a609a47fd340d7434e1df81e1ffb40ac	gi|343200591|ref|NR_041278.1|	93.074	462	28	4	1	460	339	798	0.0	673	470145
a609a47fd340d7434e1df81e1ffb40ac	gi|645322410|ref|NR_119165.1|	92.625	461	32	2	1	460	319	778	0.0	669	28116
a609a47fd340d7434e1df81e1ffb40ac	gi|444304192|ref|NR_074616.1|	92.873	463	27	6	1	460	341	800	0.0	667	376805
a609a47fd340d7434e1df81e1ffb40ac	gi|343200760|ref|NR_041447.1|	92.873	463	27	6	1	460	326	785	0.0	667	376805
a609a47fd340d7434e1df81e1ffb40ac	gi|1491509587|ref|NR_159118.1|	92.625	461	32	2	1	460	310	769	0.0	662	28116
a609a47fd340d7434e1df81e1ffb40ac	gi|1491509586|ref|NR_159117.1|	92.625	461	32	2	1	460	301	760	0.0	662	28116
a609a47fd340d7434e1df81e1ffb40ac	gi|2363084421|ref|NR_180458.1|	92.625	461	32	2	1	460	340	799	0.0	662	2650157
a609a47fd340d7434e1df81e1ffb40ac	gi|1146059112|ref|NR_145844.1|	92.641	462	30	3	1	460	339	798	0.0	662	1411144
cdbcc3c6c5e7ff562ec1d95de3e3b64d	gi|631251869|ref|NR_113067.1|	98.478	460	7	0	1	460	325	784	0.0	811	1077285
cdbcc3c6c5e7ff562ec1d95de3e3b64d	gi|645320100|ref|NR_117387.1|	98.478	460	7	0	1	460	320	779	0.0	811	1077285
cdbcc3c6c5e7ff562ec1d95de3e3b64d	gi|444303855|ref|NR_074277.1|	98.265	461	6	2	1	460	352	811	0.0	806	818
cdbcc3c6c5e7ff562ec1d95de3e3b64d	gi|631252008|ref|NR_113206.1|	98.261	460	8	0	1	460	336	795	0.0	806	1236513
cdbcc3c6c5e7ff562ec1d95de3e3b64d	gi|631251746|ref|NR_112944.1|	98.265	461	6	2	1	460	324	783	0.0	806	818
cdbcc3c6c5e7ff562ec1d95de3e3b64d	gi|2363084421|ref|NR_180458.1|	98.043	460	9	0	1	460	340	799	0.0	800	2650157
cdbcc3c6c5e7ff562ec1d95de3e3b64d	gi|631251749|ref|NR_112947.1|	97.609	460	11	0	1	460	326	785	0.0	791	657309
cdbcc3c6c5e7ff562ec1d95de3e3b64d	gi|2363084431|ref|NR_180463.1|	97.609	460	11	0	1	460	340	799	0.0	789	2650158
cdbcc3c6c5e7ff562ec1d95de3e3b64d	gi|343201773|ref|NR_042499.1|	97.609	460	11	0	1	460	294	753	0.0	789	657309
cdbcc3c6c5e7ff562ec1d95de3e3b64d	gi|631251733|ref|NR_112931.1|	97.391	460	12	0	1	460	340	799	0.0	784	85831
6ad4bbae658522a60039454988cd540e	gi|631251734|ref|NR_112932.1|	98.261	460	8	0	1	460	328	787	0.0	806	47678
6ad4bbae658522a60039454988cd540e	gi|219846650|ref|NR_026242.1|	98.261	460	8	0	1	460	318	777	0.0	806	47678
6ad4bbae658522a60039454988cd540e	gi|343201773|ref|NR_042499.1|	97.826	460	10	0	1	460	294	753	0.0	795	657309
6ad4bbae658522a60039454988cd540e	gi|631251749|ref|NR_112947.1|	97.609	460	11	0	1	460	326	785	0.0	791	657309
6ad4bbae658522a60039454988cd540e	gi|2363084431|ref|NR_180463.1|	97.391	460	12	0	1	460	340	799	0.0	784	2650158
6ad4bbae658522a60039454988cd540e	gi|631251733|ref|NR_112931.1|	97.391	460	12	0	1	460	340	799	0.0	784	85831
6ad4bbae658522a60039454988cd540e	gi|265678305|ref|NR_028607.1|	97.386	459	12	0	2	460	333	791	0.0	782	85831
6ad4bbae658522a60039454988cd540e	gi|631252008|ref|NR_113206.1|	97.174	460	13	0	1	460	336	795	0.0	778	1236513
6ad4bbae658522a60039454988cd540e	gi|631251869|ref|NR_113067.1|	96.739	460	15	0	1	460	325	784	0.0	767	1077285
6ad4bbae658522a60039454988cd540e	gi|645320100|ref|NR_117387.1|	96.739	460	15	0	1	460	320	779	0.0	767	1077285
ad2d9d0d90c0250c7be49f976933a405	gi|444303855|ref|NR_074277.1|	99.130	460	4	0	1	460	352	811	0.0	828	818
ad2d9d0d90c0250c7be49f976933a405	gi|631251746|ref|NR_112944.1|	99.130	460	4	0	1	460	324	783	0.0	828	818
ad2d9d0d90c0250c7be49f976933a405	gi|631252008|ref|NR_113206.1|	98.265	461	6	2	1	460	336	795	0.0	806	1236513
ad2d9d0d90c0250c7be49f976933a405	gi|631250945|ref|NR_112142.1|	98.253	458	7	1	3	460	336	792	0.0	800	818
ad2d9d0d90c0250c7be49f976933a405	gi|631251869|ref|NR_113067.1|	97.614	461	9	2	1	460	325	784	0.0	789	1077285
ad2d9d0d90c0250c7be49f976933a405	gi|645320100|ref|NR_117387.1|	97.614	461	9	2	1	460	320	779	0.0	789	1077285
ad2d9d0d90c0250c7be49f976933a405	gi|2363084421|ref|NR_180458.1|	97.180	461	11	2	1	460	340	799	0.0	778	2650157
ad2d9d0d90c0250c7be49f976933a405	gi|631251749|ref|NR_112947.1|	96.746	461	13	2	1	460	326	785	0.0	769	657309
ad2d9d0d90c0250c7be49f976933a405	gi|2363084431|ref|NR_180463.1|	96.746	461	13	2	1	460	340	799	0.0	767	2650158
ad2d9d0d90c0250c7be49f976933a405	gi|631251744|ref|NR_112942.1|	96.746	461	13	2	1	460	323	782	0.0	767	291644
db7c6a3cbcd29dc19819312d9d64545b	gi|2221405488|ref|NR_175548.1|	98.696	460	6	0	1	460	346	805	0.0	817	2739389
db7c6a3cbcd29dc19819312d9d64545b	gi|343200590|ref|NR_041277.1|	95.455	462	17	4	1	460	339	798	0.0	734	484018
db7c6a3cbcd29dc19819312d9d64545b	gi|343200591|ref|NR_041278.1|	93.723	462	25	4	1	460	339	798	0.0	689	470145
db7c6a3cbcd29dc19819312d9d64545b	gi|1146059112|ref|NR_145844.1|	92.424	462	31	3	1	460	339	798	0.0	656	1411144
db7c6a3cbcd29dc19819312d9d64545b	gi|631251740|ref|NR_112938.1|	92.391	460	35	0	1	460	326	785	0.0	656	204516
db7c6a3cbcd29dc19819312d9d64545b	gi|343198509|ref|NR_042745.1|	92.391	460	35	0	1	460	338	797	0.0	656	204516
db7c6a3cbcd29dc19819312d9d64545b	gi|444304192|ref|NR_074616.1|	92.225	463	30	6	1	460	341	800	0.0	651	376805
db7c6a3cbcd29dc19819312d9d64545b	gi|444304122|ref|NR_074546.1|	92.174	460	36	0	1	460	336	795	0.0	651	290053
db7c6a3cbcd29dc19819312d9d64545b	gi|343200760|ref|NR_041447.1|	92.225	463	30	6	1	460	326	785	0.0	651	376805
db7c6a3cbcd29dc19819312d9d64545b	gi|1116030286|ref|NR_144744.1|	91.974	461	35	2	1	460	339	798	0.0	647	1841856
beef1b24835eb1807aa36e861649eee5	gi|265678656|ref|NR_028961.1|	98.864	440	5	0	1	440	327	766	0.0	785	853
beef1b24835eb1807aa36e861649eee5	gi|2363081451|ref|NR_178972.1|	98.636	440	6	0	1	440	285	724	0.0	780	1851428
beef1b24835eb1807aa36e861649eee5	gi|2363080123|ref|NR_178280.1|	98.636	440	6	0	1	440	331	770	0.0	780	411483
beef1b24835eb1807aa36e861649eee5	gi|3030611269|ref|NR_199945.1|	98.409	440	7	0	1	440	335	774	0.0	774	3435293
beef1b24835eb1807aa36e861649eee5	gi|2363081449|ref|NR_178971.1|	98.840	431	5	0	1	431	285	715	0.0	769	1851427
beef1b24835eb1807aa36e861649eee5	gi|2363082282|ref|NR_179388.1|	97.959	441	7	2	1	440	335	774	0.0	763	2935520
beef1b24835eb1807aa36e861649eee5	gi|2363080175|ref|NR_178311.1|	96.364	440	16	0	1	440	412	851	0.0	725	2903556
beef1b24835eb1807aa36e861649eee5	gi|1397641802|ref|NR_156911.1|	92.273	440	34	0	1	440	351	790	9.69e-179	625	1650663
beef1b24835eb1807aa36e861649eee5	gi|2363084747|ref|NR_180622.1|	92.290	441	32	2	1	440	335	774	9.69e-179	625	2779354
beef1b24835eb1807aa36e861649eee5	gi|2363082356|ref|NR_179425.1|	92.273	440	34	0	1	440	351	790	9.69e-179	625	1689304
a2b4612521718dd78a02491ef61967af	gi|2363084431|ref|NR_180463.1|	99.130	460	4	0	1	460	340	799	0.0	828	2650158
a2b4612521718dd78a02491ef61967af	gi|343201773|ref|NR_042499.1|	99.130	460	4	0	1	460	294	753	0.0	828	657309
a2b4612521718dd78a02491ef61967af	gi|631251749|ref|NR_112947.1|	98.913	460	5	0	1	460	326	785	0.0	824	657309
a2b4612521718dd78a02491ef61967af	gi|631251733|ref|NR_112931.1|	98.696	460	6	0	1	460	340	799	0.0	817	85831
a2b4612521718dd78a02491ef61967af	gi|265678305|ref|NR_028607.1|	98.693	459	6	0	2	460	333	791	0.0	815	85831
a2b4612521718dd78a02491ef61967af	gi|631252008|ref|NR_113206.1|	97.609	460	11	0	1	460	336	795	0.0	789	1236513
a2b4612521718dd78a02491ef61967af	gi|645322410|ref|NR_119165.1|	97.174	460	13	0	1	460	319	778	0.0	785	28116
a2b4612521718dd78a02491ef61967af	gi|631251869|ref|NR_113067.1|	97.174	460	13	0	1	460	325	784	0.0	778	1077285
a2b4612521718dd78a02491ef61967af	gi|645320100|ref|NR_117387.1|	97.174	460	13	0	1	460	320	779	0.0	778	1077285
a2b4612521718dd78a02491ef61967af	gi|343200626|ref|NR_041313.1|	97.174	460	13	0	1	460	340	799	0.0	778	338188
6cfa8526064613f3ff3a09031171c866	gi|2221405488|ref|NR_175548.1|	99.130	460	4	0	1	460	346	805	0.0	828	2739389
6cfa8526064613f3ff3a09031171c866	gi|343200590|ref|NR_041277.1|	95.887	462	15	4	1	460	339	798	0.0	745	484018
6cfa8526064613f3ff3a09031171c866	gi|343200591|ref|NR_041278.1|	94.156	462	23	4	1	460	339	798	0.0	701	470145
6cfa8526064613f3ff3a09031171c866	gi|1146059112|ref|NR_145844.1|	92.857	462	29	3	1	460	339	798	0.0	667	1411144
6cfa8526064613f3ff3a09031171c866	gi|631251740|ref|NR_112938.1|	92.826	460	33	0	1	460	326	785	0.0	667	204516
6cfa8526064613f3ff3a09031171c866	gi|343198509|ref|NR_042745.1|	92.826	460	33	0	1	460	338	797	0.0	667	204516
6cfa8526064613f3ff3a09031171c866	gi|444304192|ref|NR_074616.1|	92.657	463	28	6	1	460	341	800	0.0	662	376805
6cfa8526064613f3ff3a09031171c866	gi|444304122|ref|NR_074546.1|	92.609	460	34	0	1	460	336	795	0.0	662	290053
6cfa8526064613f3ff3a09031171c866	gi|343200760|ref|NR_041447.1|	92.657	463	28	6	1	460	326	785	0.0	662	376805
6cfa8526064613f3ff3a09031171c866	gi|1116030286|ref|NR_144744.1|	92.408	461	33	2	1	460	339	798	0.0	658	1841856
fdcd3442837794c66c5393a5461becf8	gi|444304091|ref|NR_074515.1|	98.261	460	8	0	1	460	350	809	0.0	806	435590
fdcd3442837794c66c5393a5461becf8	gi|631251748|ref|NR_112946.1|	98.261	460	8	0	1	460	339	798	0.0	806	821
fdcd3442837794c66c5393a5461becf8	gi|631250946|ref|NR_112143.1|	98.043	460	9	0	1	460	307	766	0.0	800	821
fdcd3442837794c66c5393a5461becf8	gi|343200664|ref|NR_041351.1|	97.826	460	10	0	1	460	341	800	0.0	795	357276
fdcd3442837794c66c5393a5461becf8	gi|631251997|ref|NR_113195.1|	93.696	460	29	0	1	460	338	797	0.0	689	1236515
fdcd3442837794c66c5393a5461becf8	gi|2363082547|ref|NR_179520.1|	93.478	460	30	0	1	460	314	773	0.0	684	1841855
fdcd3442837794c66c5393a5461becf8	gi|631251866|ref|NR_113064.1|	93.478	460	30	0	1	460	338	797	0.0	684	1236538
fdcd3442837794c66c5393a5461becf8	gi|631251817|ref|NR_113015.1|	93.478	460	30	0	1	460	338	797	0.0	684	1236538
fdcd3442837794c66c5393a5461becf8	gi|645320081|ref|NR_117373.1|	93.478	460	30	0	1	460	289	748	0.0	684	1236515
fdcd3442837794c66c5393a5461becf8	gi|631251874|ref|NR_113072.1|	93.261	460	31	0	1	460	338	797	0.0	678	1236512
e6cce4634248afa6970ab4849600fb4c	gi|343200980|ref|NR_041667.1|	99.355	465	3	0	1	465	320	784	0.0	843	487175
e6cce4634248afa6970ab4849600fb4c	gi|631252130|ref|NR_113328.1|	91.435	467	36	4	1	465	332	796	0.0	638	626947
e6cce4634248afa6970ab4849600fb4c	gi|631251705|ref|NR_112903.1|	91.435	467	36	4	1	465	312	776	0.0	638	626947
e6cce4634248afa6970ab4849600fb4c	gi|2363082296|ref|NR_179395.1|	89.722	467	44	4	1	465	330	794	2.24e-170	597	1506471
e6cce4634248afa6970ab4849600fb4c	gi|2136551693|ref|NR_173698.1|	89.293	467	46	4	1	465	318	782	3.74e-168	590	2259133
e6cce4634248afa6970ab4849600fb4c	gi|1811131556|ref|NR_165738.1|	89.507	467	45	4	1	465	309	773	1.35e-167	588	2490857
e6cce4634248afa6970ab4849600fb4c	gi|1246951785|ref|NR_149789.1|	89.247	465	50	0	1	465	297	761	6.27e-166	582	1783360
e6cce4634248afa6970ab4849600fb4c	gi|1246951779|ref|NR_149783.1|	89.293	467	46	4	1	465	337	801	6.27e-166	582	1769758
e6cce4634248afa6970ab4849600fb4c	gi|2363086886|ref|NR_181700.1|	89.293	467	46	4	1	465	329	793	6.27e-166	582	2825886
e6cce4634248afa6970ab4849600fb4c	gi|2363086884|ref|NR_181699.1|	89.293	467	46	4	1	465	329	793	6.27e-166	582	2825884
d1532aa717f533dd45ec325812f7f64b	gi|2221405488|ref|NR_175548.1|	99.348	460	3	0	1	460	346	805	0.0	833	2739389
d1532aa717f533dd45ec325812f7f64b	gi|343200590|ref|NR_041277.1|	96.104	462	14	4	1	460	339	798	0.0	750	484018
d1532aa717f533dd45ec325812f7f64b	gi|343200591|ref|NR_041278.1|	94.372	462	22	4	1	460	339	798	0.0	706	470145
d1532aa717f533dd45ec325812f7f64b	gi|1146059112|ref|NR_145844.1|	93.074	462	28	3	1	460	339	798	0.0	673	1411144
d1532aa717f533dd45ec325812f7f64b	gi|631251740|ref|NR_112938.1|	93.043	460	32	0	1	460	326	785	0.0	673	204516
d1532aa717f533dd45ec325812f7f64b	gi|343198509|ref|NR_042745.1|	93.043	460	32	0	1	460	338	797	0.0	673	204516
d1532aa717f533dd45ec325812f7f64b	gi|444304192|ref|NR_074616.1|	92.873	463	27	6	1	460	341	800	0.0	667	376805
d1532aa717f533dd45ec325812f7f64b	gi|444304122|ref|NR_074546.1|	92.826	460	33	0	1	460	336	795	0.0	667	290053
d1532aa717f533dd45ec325812f7f64b	gi|343200760|ref|NR_041447.1|	92.873	463	27	6	1	460	326	785	0.0	667	376805
d1532aa717f533dd45ec325812f7f64b	gi|1116030286|ref|NR_144744.1|	92.625	461	32	2	1	460	339	798	0.0	664	1841856
4b58819fce3e5b012e3bd9d15c873208	gi|645320556|ref|NR_117734.1|	98.871	443	5	0	1	443	309	751	0.0	791	850
4b58819fce3e5b012e3bd9d15c873208	gi|645322306|ref|NR_119089.1|	98.398	437	3	4	1	435	323	757	0.0	765	850
4b58819fce3e5b012e3bd9d15c873208	gi|631252186|ref|NR_113384.1|	97.743	443	10	0	1	443	321	763	0.0	763	856
4b58819fce3e5b012e3bd9d15c873208	gi|343206228|ref|NR_044820.1|	96.614	443	15	0	1	443	246	688	0.0	743	861
4b58819fce3e5b012e3bd9d15c873208	gi|1269235450|ref|NR_146837.2|	96.388	443	16	0	1	443	326	768	0.0	730	1755100
4b58819fce3e5b012e3bd9d15c873208	gi|228720055|ref|NR_027588.1|	96.163	443	17	0	1	443	246	688	0.0	728	469615
4b58819fce3e5b012e3bd9d15c873208	gi|2363082567|ref|NR_179530.1|	95.937	443	18	0	1	443	319	761	0.0	719	1852365
4b58819fce3e5b012e3bd9d15c873208	gi|631252181|ref|NR_113379.1|	95.937	443	18	0	1	443	321	763	0.0	719	134605
4b58819fce3e5b012e3bd9d15c873208	gi|265678628|ref|NR_028933.1|	95.937	443	18	0	1	443	321	763	0.0	719	134605
4b58819fce3e5b012e3bd9d15c873208	gi|2260473024|ref|NR_176801.1|	95.721	444	17	2	1	443	246	688	0.0	719	854
8b1ffadc111dc3660025d9bbeef53517	gi|631251734|ref|NR_112932.1|	98.913	460	5	0	1	460	328	787	0.0	822	47678
8b1ffadc111dc3660025d9bbeef53517	gi|219846650|ref|NR_026242.1|	98.913	460	5	0	1	460	318	777	0.0	822	47678
8b1ffadc111dc3660025d9bbeef53517	gi|631251869|ref|NR_113067.1|	97.174	460	13	0	1	460	325	784	0.0	778	1077285
8b1ffadc111dc3660025d9bbeef53517	gi|343200626|ref|NR_041313.1|	97.174	460	13	0	1	460	340	799	0.0	778	338188
8b1ffadc111dc3660025d9bbeef53517	gi|645320100|ref|NR_117387.1|	96.957	460	14	0	1	460	320	779	0.0	773	1077285
8b1ffadc111dc3660025d9bbeef53517	gi|2363084421|ref|NR_180458.1|	96.739	460	15	0	1	460	340	799	0.0	767	2650157
8b1ffadc111dc3660025d9bbeef53517	gi|343200620|ref|NR_041307.1|	96.739	460	15	0	1	460	334	793	0.0	767	329854
8b1ffadc111dc3660025d9bbeef53517	gi|631251749|ref|NR_112947.1|	96.522	460	16	0	1	460	326	785	0.0	763	657309
8b1ffadc111dc3660025d9bbeef53517	gi|2363084431|ref|NR_180463.1|	96.522	460	16	0	1	460	340	799	0.0	761	2650158
8b1ffadc111dc3660025d9bbeef53517	gi|631251733|ref|NR_112931.1|	96.522	460	16	0	1	460	340	799	0.0	761	85831
1ad16d04cb455e0743c8d6e15389e983	gi|2363084431|ref|NR_180463.1|	98.913	460	5	0	1	460	340	799	0.0	822	2650158
1ad16d04cb455e0743c8d6e15389e983	gi|343201773|ref|NR_042499.1|	98.913	460	5	0	1	460	294	753	0.0	822	657309
1ad16d04cb455e0743c8d6e15389e983	gi|631251749|ref|NR_112947.1|	98.696	460	6	0	1	460	326	785	0.0	819	657309
1ad16d04cb455e0743c8d6e15389e983	gi|631251733|ref|NR_112931.1|	98.478	460	7	0	1	460	340	799	0.0	811	85831
1ad16d04cb455e0743c8d6e15389e983	gi|265678305|ref|NR_028607.1|	98.475	459	7	0	2	460	333	791	0.0	809	85831
1ad16d04cb455e0743c8d6e15389e983	gi|631252008|ref|NR_113206.1|	97.391	460	12	0	1	460	336	795	0.0	784	1236513
1ad16d04cb455e0743c8d6e15389e983	gi|645322410|ref|NR_119165.1|	96.957	460	14	0	1	460	319	778	0.0	780	28116
1ad16d04cb455e0743c8d6e15389e983	gi|631251869|ref|NR_113067.1|	96.957	460	14	0	1	460	325	784	0.0	773	1077285
1ad16d04cb455e0743c8d6e15389e983	gi|645320100|ref|NR_117387.1|	96.957	460	14	0	1	460	320	779	0.0	773	1077285
1ad16d04cb455e0743c8d6e15389e983	gi|343200626|ref|NR_041313.1|	96.957	460	14	0	1	460	340	799	0.0	773	338188
80aea217f24229b19483f42e1e9b6a59	gi|343201773|ref|NR_042499.1|	99.348	460	3	0	1	460	294	753	0.0	833	657309
80aea217f24229b19483f42e1e9b6a59	gi|631251749|ref|NR_112947.1|	99.130	460	4	0	1	460	326	785	0.0	830	657309
80aea217f24229b19483f42e1e9b6a59	gi|2363084431|ref|NR_180463.1|	98.913	460	5	0	1	460	340	799	0.0	822	2650158
80aea217f24229b19483f42e1e9b6a59	gi|631251733|ref|NR_112931.1|	98.478	460	7	0	1	460	340	799	0.0	811	85831
80aea217f24229b19483f42e1e9b6a59	gi|265678305|ref|NR_028607.1|	98.475	459	7	0	2	460	333	791	0.0	809	85831
80aea217f24229b19483f42e1e9b6a59	gi|631252008|ref|NR_113206.1|	97.826	460	10	0	1	460	336	795	0.0	795	1236513
80aea217f24229b19483f42e1e9b6a59	gi|645322410|ref|NR_119165.1|	97.391	460	12	0	1	460	319	778	0.0	791	28116
80aea217f24229b19483f42e1e9b6a59	gi|631251869|ref|NR_113067.1|	97.391	460	12	0	1	460	325	784	0.0	784	1077285
80aea217f24229b19483f42e1e9b6a59	gi|645320100|ref|NR_117387.1|	97.391	460	12	0	1	460	320	779	0.0	784	1077285
80aea217f24229b19483f42e1e9b6a59	gi|343200626|ref|NR_041313.1|	97.391	460	12	0	1	460	340	799	0.0	784	338188
7042ff1bd923878b934c39fbfbcfbb59	gi|444304091|ref|NR_074515.1|	98.478	460	7	0	1	460	350	809	0.0	811	435590
7042ff1bd923878b934c39fbfbcfbb59	gi|631251748|ref|NR_112946.1|	98.478	460	7	0	1	460	339	798	0.0	811	821
7042ff1bd923878b934c39fbfbcfbb59	gi|631250946|ref|NR_112143.1|	98.261	460	8	0	1	460	307	766	0.0	806	821
7042ff1bd923878b934c39fbfbcfbb59	gi|343200664|ref|NR_041351.1|	98.043	460	9	0	1	460	341	800	0.0	800	357276
7042ff1bd923878b934c39fbfbcfbb59	gi|631251997|ref|NR_113195.1|	93.043	460	32	0	1	460	338	797	0.0	673	1236515
7042ff1bd923878b934c39fbfbcfbb59	gi|631251874|ref|NR_113072.1|	92.826	460	33	0	1	460	338	797	0.0	667	1236512
7042ff1bd923878b934c39fbfbcfbb59	gi|631251866|ref|NR_113064.1|	92.826	460	33	0	1	460	338	797	0.0	667	1236538
7042ff1bd923878b934c39fbfbcfbb59	gi|631251817|ref|NR_113015.1|	92.826	460	33	0	1	460	338	797	0.0	667	1236538
7042ff1bd923878b934c39fbfbcfbb59	gi|645320081|ref|NR_117373.1|	92.826	460	33	0	1	460	289	748	0.0	667	1236515
7042ff1bd923878b934c39fbfbcfbb59	gi|2363082547|ref|NR_179520.1|	92.609	460	34	0	1	460	314	773	0.0	662	1841855
3248f8691df210545c90b6acdf3771f2	gi|265678656|ref|NR_028961.1|	99.318	440	3	0	1	440	327	766	0.0	797	853
3248f8691df210545c90b6acdf3771f2	gi|2363081451|ref|NR_178972.1|	99.091	440	4	0	1	440	285	724	0.0	791	1851428
3248f8691df210545c90b6acdf3771f2	gi|2363080123|ref|NR_178280.1|	99.091	440	4	0	1	440	331	770	0.0	791	411483
3248f8691df210545c90b6acdf3771f2	gi|3030611269|ref|NR_199945.1|	98.864	440	5	0	1	440	335	774	0.0	785	3435293
3248f8691df210545c90b6acdf3771f2	gi|2363081449|ref|NR_178971.1|	98.636	440	5	1	1	440	285	723	0.0	778	1851427
3248f8691df210545c90b6acdf3771f2	gi|2363082282|ref|NR_179388.1|	98.413	441	5	2	1	440	335	774	0.0	774	2935520
3248f8691df210545c90b6acdf3771f2	gi|2363080175|ref|NR_178311.1|	96.818	440	14	0	1	440	412	851	0.0	736	2903556
3248f8691df210545c90b6acdf3771f2	gi|1397641802|ref|NR_156911.1|	92.727	440	32	0	1	440	351	790	0.0	636	1650663
3248f8691df210545c90b6acdf3771f2	gi|2363084747|ref|NR_180622.1|	92.744	441	30	2	1	440	335	774	0.0	636	2779354
3248f8691df210545c90b6acdf3771f2	gi|2363082356|ref|NR_179425.1|	92.727	440	32	0	1	440	351	790	0.0	636	1689304
595c89c9e8c49c4ac27544cbd13170be	gi|444304091|ref|NR_074515.1|	98.696	460	6	0	1	460	350	809	0.0	817	435590
595c89c9e8c49c4ac27544cbd13170be	gi|631251748|ref|NR_112946.1|	98.696	460	6	0	1	460	339	798	0.0	817	821
595c89c9e8c49c4ac27544cbd13170be	gi|631250946|ref|NR_112143.1|	98.478	460	7	0	1	460	307	766	0.0	811	821
595c89c9e8c49c4ac27544cbd13170be	gi|343200664|ref|NR_041351.1|	98.261	460	8	0	1	460	341	800	0.0	806	357276
595c89c9e8c49c4ac27544cbd13170be	gi|2363082547|ref|NR_179520.1|	93.696	460	29	0	1	460	314	773	0.0	689	1841855
595c89c9e8c49c4ac27544cbd13170be	gi|631251997|ref|NR_113195.1|	93.696	460	29	0	1	460	338	797	0.0	689	1236515
595c89c9e8c49c4ac27544cbd13170be	gi|631251874|ref|NR_113072.1|	93.478	460	30	0	1	460	338	797	0.0	684	1236512
595c89c9e8c49c4ac27544cbd13170be	gi|631251872|ref|NR_113070.1|	93.478	460	30	0	1	460	334	793	0.0	684	742727
595c89c9e8c49c4ac27544cbd13170be	gi|631251866|ref|NR_113064.1|	93.478	460	30	0	1	460	338	797	0.0	684	1236538
595c89c9e8c49c4ac27544cbd13170be	gi|631251817|ref|NR_113015.1|	93.478	460	30	0	1	460	338	797	0.0	684	1236538
1ec76c13eb352edc4c75afe44e03e63b	gi|2363082603|ref|NR_179548.1|	99.091	440	4	0	1	440	348	787	0.0	793	1870993
1ec76c13eb352edc4c75afe44e03e63b	gi|265678940|ref|NR_029248.1|	98.636	440	4	2	1	440	349	786	0.0	780	500632
1ec76c13eb352edc4c75afe44e03e63b	gi|3248465636|ref|NR_201647.1|	97.273	440	12	0	1	440	300	739	0.0	747	3380806
1ec76c13eb352edc4c75afe44e03e63b	gi|343198924|ref|NR_044048.1|	97.273	440	12	0	1	440	328	767	0.0	747	470146
1ec76c13eb352edc4c75afe44e03e63b	gi|1116030277|ref|NR_144735.1|	96.818	440	14	0	1	440	350	789	0.0	736	1745713
1ec76c13eb352edc4c75afe44e03e63b	gi|645319776|ref|NR_117142.1|	96.591	440	15	0	1	440	347	786	0.0	730	290055
1ec76c13eb352edc4c75afe44e03e63b	gi|645319775|ref|NR_117141.1|	96.591	440	15	0	1	440	347	786	0.0	730	290055
1ec76c13eb352edc4c75afe44e03e63b	gi|645319774|ref|NR_117140.1|	96.591	440	15	0	1	440	348	787	0.0	730	290055
1ec76c13eb352edc4c75afe44e03e63b	gi|559795211|ref|NR_104800.1|	96.591	440	15	0	1	440	346	785	0.0	730	290055
1ec76c13eb352edc4c75afe44e03e63b	gi|645320334|ref|NR_117563.1|	96.591	440	15	0	1	440	351	790	0.0	730	290055
dcb0f759f78efa034386cd43e3a79aaa	gi|343201773|ref|NR_042499.1|	98.913	460	5	0	1	460	294	753	0.0	822	657309
dcb0f759f78efa034386cd43e3a79aaa	gi|631251749|ref|NR_112947.1|	98.696	460	6	0	1	460	326	785	0.0	819	657309
dcb0f759f78efa034386cd43e3a79aaa	gi|2363084431|ref|NR_180463.1|	98.478	460	7	0	1	460	340	799	0.0	811	2650158
dcb0f759f78efa034386cd43e3a79aaa	gi|631251733|ref|NR_112931.1|	98.261	460	8	0	1	460	340	799	0.0	806	85831
dcb0f759f78efa034386cd43e3a79aaa	gi|265678305|ref|NR_028607.1|	98.257	459	8	0	2	460	333	791	0.0	804	85831
dcb0f759f78efa034386cd43e3a79aaa	gi|645322410|ref|NR_119165.1|	97.174	460	13	0	1	460	319	778	0.0	785	28116
dcb0f759f78efa034386cd43e3a79aaa	gi|631252008|ref|NR_113206.1|	97.391	460	12	0	1	460	336	795	0.0	784	1236513
dcb0f759f78efa034386cd43e3a79aaa	gi|1491509587|ref|NR_159118.1|	97.174	460	13	0	1	460	310	769	0.0	778	28116
dcb0f759f78efa034386cd43e3a79aaa	gi|1491509586|ref|NR_159117.1|	97.174	460	13	0	1	460	301	760	0.0	778	28116
dcb0f759f78efa034386cd43e3a79aaa	gi|631251869|ref|NR_113067.1|	97.174	460	13	0	1	460	325	784	0.0	778	1077285
98e4ae751408184782fada2c307a595e	gi|2363082603|ref|NR_179548.1|	98.864	440	5	0	1	440	348	787	0.0	787	1870993
98e4ae751408184782fada2c307a595e	gi|265678940|ref|NR_029248.1|	98.409	440	5	2	1	440	349	786	0.0	774	500632
98e4ae751408184782fada2c307a595e	gi|3248465636|ref|NR_201647.1|	97.045	440	13	0	1	440	300	739	0.0	741	3380806
98e4ae751408184782fada2c307a595e	gi|343198924|ref|NR_044048.1|	97.045	440	13	0	1	440	328	767	0.0	741	470146
98e4ae751408184782fada2c307a595e	gi|1116030277|ref|NR_144735.1|	96.591	440	15	0	1	440	350	789	0.0	730	1745713
98e4ae751408184782fada2c307a595e	gi|645319776|ref|NR_117142.1|	96.364	440	16	0	1	440	347	786	0.0	725	290055
98e4ae751408184782fada2c307a595e	gi|645319775|ref|NR_117141.1|	96.364	440	16	0	1	440	347	786	0.0	725	290055
98e4ae751408184782fada2c307a595e	gi|645319774|ref|NR_117140.1|	96.364	440	16	0	1	440	348	787	0.0	725	290055
98e4ae751408184782fada2c307a595e	gi|559795211|ref|NR_104800.1|	96.364	440	16	0	1	440	346	785	0.0	725	290055
98e4ae751408184782fada2c307a595e	gi|645320334|ref|NR_117563.1|	96.364	440	16	0	1	440	351	790	0.0	725	290055
75f77dcb28401e4d17c4692d20a91050	gi|1277396189|ref|NR_151900.1|	99.091	440	4	0	1	440	351	790	0.0	791	1550024
75f77dcb28401e4d17c4692d20a91050	gi|2962412223|ref|NR_199417.1|	93.468	444	21	8	1	440	342	781	0.0	652	3136601
75f77dcb28401e4d17c4692d20a91050	gi|559795255|ref|NR_104846.1|	93.409	440	29	0	1	440	288	727	0.0	652	745368
75f77dcb28401e4d17c4692d20a91050	gi|1397641802|ref|NR_156911.1|	93.197	441	28	2	1	440	351	790	0.0	647	1650663
75f77dcb28401e4d17c4692d20a91050	gi|2363084747|ref|NR_180622.1|	93.182	440	30	0	1	440	335	774	0.0	647	2779354
75f77dcb28401e4d17c4692d20a91050	gi|265678692|ref|NR_028997.1|	92.971	441	30	1	1	440	303	743	0.0	641	214851
75f77dcb28401e4d17c4692d20a91050	gi|2363080123|ref|NR_178280.1|	92.045	440	35	0	1	440	331	770	4.51e-177	619	411483
75f77dcb28401e4d17c4692d20a91050	gi|3030611269|ref|NR_199945.1|	91.818	440	36	0	1	440	335	774	2.10e-175	614	3435293
75f77dcb28401e4d17c4692d20a91050	gi|265678656|ref|NR_028961.1|	91.818	440	36	0	1	440	327	766	2.10e-175	614	853
75f77dcb28401e4d17c4692d20a91050	gi|2363081449|ref|NR_178971.1|	92.111	431	34	0	1	431	285	715	9.75e-174	608	1851427
fafa18e8428ecdfba488e2214af62652	gi|645321785|ref|NR_118670.1|	98.636	440	6	0	1	440	357	796	0.0	787	39496
fafa18e8428ecdfba488e2214af62652	gi|219857617|ref|NR_025206.1|	95.000	440	22	0	1	440	314	753	0.0	691	180286
fafa18e8428ecdfba488e2214af62652	gi|1040567056|ref|NR_137405.1|	94.773	440	23	0	1	440	307	746	0.0	686	1619234
fafa18e8428ecdfba488e2214af62652	gi|631250892|ref|NR_112089.1|	94.773	440	23	0	1	440	336	775	0.0	686	553973
fafa18e8428ecdfba488e2214af62652	gi|224581401|ref|NR_024719.1|	94.773	440	22	1	1	440	341	779	0.0	684	89153
fafa18e8428ecdfba488e2214af62652	gi|1397641798|ref|NR_156907.1|	94.558	441	22	2	1	440	348	787	0.0	680	1912855
fafa18e8428ecdfba488e2214af62652	gi|1109168027|ref|NR_144612.1|	94.558	441	22	2	1	440	350	789	0.0	680	1796636
fafa18e8428ecdfba488e2214af62652	gi|559795252|ref|NR_104842.1|	94.545	440	24	0	1	440	345	784	0.0	680	39495
fafa18e8428ecdfba488e2214af62652	gi|343203027|ref|NR_043551.1|	94.558	441	22	2	1	440	349	788	0.0	680	341220
fafa18e8428ecdfba488e2214af62652	gi|3248465643|ref|NR_201655.1|	94.091	440	26	0	1	440	313	752	0.0	669	3380807
2779daf8e52d10ae1ebbfe75455fab1f	gi|631251734|ref|NR_112932.1|	99.130	460	4	0	1	460	328	787	0.0	828	47678
2779daf8e52d10ae1ebbfe75455fab1f	gi|219846650|ref|NR_026242.1|	99.130	460	4	0	1	460	318	777	0.0	828	47678
2779daf8e52d10ae1ebbfe75455fab1f	gi|631251869|ref|NR_113067.1|	97.391	460	12	0	1	460	325	784	0.0	784	1077285
2779daf8e52d10ae1ebbfe75455fab1f	gi|343200626|ref|NR_041313.1|	97.391	460	12	0	1	460	340	799	0.0	784	338188
2779daf8e52d10ae1ebbfe75455fab1f	gi|645320100|ref|NR_117387.1|	97.174	460	13	0	1	460	320	779	0.0	778	1077285
2779daf8e52d10ae1ebbfe75455fab1f	gi|2363084421|ref|NR_180458.1|	96.957	460	14	0	1	460	340	799	0.0	773	2650157
2779daf8e52d10ae1ebbfe75455fab1f	gi|343200620|ref|NR_041307.1|	96.957	460	14	0	1	460	334	793	0.0	773	329854
2779daf8e52d10ae1ebbfe75455fab1f	gi|631251749|ref|NR_112947.1|	96.739	460	15	0	1	460	326	785	0.0	769	657309
2779daf8e52d10ae1ebbfe75455fab1f	gi|2363084431|ref|NR_180463.1|	96.739	460	15	0	1	460	340	799	0.0	767	2650158
2779daf8e52d10ae1ebbfe75455fab1f	gi|631251733|ref|NR_112931.1|	96.739	460	15	0	1	460	340	799	0.0	767	85831
e81115b8932a151d260b18673e752774	gi|645320556|ref|NR_117734.1|	98.871	443	5	0	1	443	309	751	0.0	791	850
e81115b8932a151d260b18673e752774	gi|645322306|ref|NR_119089.1|	98.398	437	3	4	1	435	323	757	0.0	765	850
e81115b8932a151d260b18673e752774	gi|631252186|ref|NR_113384.1|	97.743	443	10	0	1	443	321	763	0.0	763	856
e81115b8932a151d260b18673e752774	gi|343206228|ref|NR_044820.1|	96.614	443	15	0	1	443	246	688	0.0	743	861
e81115b8932a151d260b18673e752774	gi|1269235450|ref|NR_146837.2|	96.388	443	16	0	1	443	326	768	0.0	730	1755100
e81115b8932a151d260b18673e752774	gi|228720055|ref|NR_027588.1|	96.163	443	17	0	1	443	246	688	0.0	728	469615
e81115b8932a151d260b18673e752774	gi|2363082567|ref|NR_179530.1|	95.937	443	18	0	1	443	319	761	0.0	719	1852365
e81115b8932a151d260b18673e752774	gi|631252181|ref|NR_113379.1|	95.937	443	18	0	1	443	321	763	0.0	719	134605
e81115b8932a151d260b18673e752774	gi|265678628|ref|NR_028933.1|	95.937	443	18	0	1	443	321	763	0.0	719	134605
e81115b8932a151d260b18673e752774	gi|2260473024|ref|NR_176801.1|	95.721	444	17	2	1	443	246	688	0.0	719	854
421d146dfe95d46d22e5813d74a8408f	gi|2363082603|ref|NR_179548.1|	99.091	440	4	0	1	440	348	787	0.0	793	1870993
421d146dfe95d46d22e5813d74a8408f	gi|265678940|ref|NR_029248.1|	98.636	440	4	2	1	440	349	786	0.0	780	500632
421d146dfe95d46d22e5813d74a8408f	gi|3248465636|ref|NR_201647.1|	97.273	440	12	0	1	440	300	739	0.0	747	3380806
421d146dfe95d46d22e5813d74a8408f	gi|343198924|ref|NR_044048.1|	97.273	440	12	0	1	440	328	767	0.0	747	470146
421d146dfe95d46d22e5813d74a8408f	gi|1116030277|ref|NR_144735.1|	96.818	440	14	0	1	440	350	789	0.0	736	1745713
421d146dfe95d46d22e5813d74a8408f	gi|645319776|ref|NR_117142.1|	96.591	440	15	0	1	440	347	786	0.0	730	290055
421d146dfe95d46d22e5813d74a8408f	gi|645319775|ref|NR_117141.1|	96.591	440	15	0	1	440	347	786	0.0	730	290055
421d146dfe95d46d22e5813d74a8408f	gi|645319774|ref|NR_117140.1|	96.591	440	15	0	1	440	348	787	0.0	730	290055
421d146dfe95d46d22e5813d74a8408f	gi|559795211|ref|NR_104800.1|	96.591	440	15	0	1	440	346	785	0.0	730	290055
421d146dfe95d46d22e5813d74a8408f	gi|645320334|ref|NR_117563.1|	96.591	440	15	0	1	440	351	790	0.0	730	290055
4ae9e19edd0fd83ea83ff5df8a92d688	gi|310974936|ref|NR_036800.1|	99.091	440	4	0	1	440	326	765	0.0	791	411470
4ae9e19edd0fd83ea83ff5df8a92d688	gi|645321810|ref|NR_118690.1|	99.091	440	4	0	1	440	338	777	0.0	791	411470
4ae9e19edd0fd83ea83ff5df8a92d688	gi|2363085474|ref|NR_180986.1|	97.045	440	13	0	1	440	347	786	0.0	741	2681861
4ae9e19edd0fd83ea83ff5df8a92d688	gi|265678578|ref|NR_028883.1|	95.928	442	15	3	1	440	226	666	0.0	713	88431
4ae9e19edd0fd83ea83ff5df8a92d688	gi|631250892|ref|NR_112089.1|	95.918	441	16	2	1	440	336	775	0.0	713	553973
4ae9e19edd0fd83ea83ff5df8a92d688	gi|224581401|ref|NR_024719.1|	95.918	441	15	3	1	440	341	779	0.0	712	89153
4ae9e19edd0fd83ea83ff5df8a92d688	gi|2363085103|ref|NR_180800.1|	95.682	440	19	0	1	440	347	786	0.0	708	2652274
4ae9e19edd0fd83ea83ff5df8a92d688	gi|1397641798|ref|NR_156907.1|	95.701	442	15	4	1	440	348	787	0.0	708	1912855
4ae9e19edd0fd83ea83ff5df8a92d688	gi|1116030273|ref|NR_144731.1|	95.682	440	19	0	1	440	347	786	0.0	708	1720294
4ae9e19edd0fd83ea83ff5df8a92d688	gi|219857617|ref|NR_025206.1|	95.682	440	19	0	1	440	314	753	0.0	708	180286
2527a3748727ddff4bf8d5080e1f0481	gi|2221405488|ref|NR_175548.1|	98.913	460	5	0	1	460	346	805	0.0	822	2739389
2527a3748727ddff4bf8d5080e1f0481	gi|343200590|ref|NR_041277.1|	95.671	462	16	4	1	460	339	798	0.0	739	484018
2527a3748727ddff4bf8d5080e1f0481	gi|343200591|ref|NR_041278.1|	93.939	462	24	4	1	460	339	798	0.0	695	470145
2527a3748727ddff4bf8d5080e1f0481	gi|1146059112|ref|NR_145844.1|	92.641	462	30	3	1	460	339	798	0.0	662	1411144
2527a3748727ddff4bf8d5080e1f0481	gi|631251740|ref|NR_112938.1|	92.609	460	34	0	1	460	326	785	0.0	662	204516
2527a3748727ddff4bf8d5080e1f0481	gi|343198509|ref|NR_042745.1|	92.609	460	34	0	1	460	338	797	0.0	662	204516
2527a3748727ddff4bf8d5080e1f0481	gi|444304192|ref|NR_074616.1|	92.441	463	29	6	1	460	341	800	0.0	656	376805
2527a3748727ddff4bf8d5080e1f0481	gi|444304122|ref|NR_074546.1|	92.391	460	35	0	1	460	336	795	0.0	656	290053
2527a3748727ddff4bf8d5080e1f0481	gi|343200760|ref|NR_041447.1|	92.441	463	29	6	1	460	326	785	0.0	656	376805
2527a3748727ddff4bf8d5080e1f0481	gi|1116030286|ref|NR_144744.1|	92.191	461	34	2	1	460	339	798	0.0	652	1841856
c0fdd2b5ad701f94a64ad8289ce0f2a3	gi|631251869|ref|NR_113067.1|	98.478	460	7	0	1	460	325	784	0.0	811	1077285
c0fdd2b5ad701f94a64ad8289ce0f2a3	gi|645320100|ref|NR_117387.1|	98.478	460	7	0	1	460	320	779	0.0	811	1077285
c0fdd2b5ad701f94a64ad8289ce0f2a3	gi|444303855|ref|NR_074277.1|	98.265	461	6	2	1	460	352	811	0.0	806	818
c0fdd2b5ad701f94a64ad8289ce0f2a3	gi|631252008|ref|NR_113206.1|	98.261	460	8	0	1	460	336	795	0.0	806	1236513
c0fdd2b5ad701f94a64ad8289ce0f2a3	gi|631251746|ref|NR_112944.1|	98.265	461	6	2	1	460	324	783	0.0	806	818
c0fdd2b5ad701f94a64ad8289ce0f2a3	gi|2363084421|ref|NR_180458.1|	98.043	460	9	0	1	460	340	799	0.0	800	2650157
c0fdd2b5ad701f94a64ad8289ce0f2a3	gi|631251749|ref|NR_112947.1|	97.609	460	11	0	1	460	326	785	0.0	791	657309
c0fdd2b5ad701f94a64ad8289ce0f2a3	gi|2363084431|ref|NR_180463.1|	97.609	460	11	0	1	460	340	799	0.0	789	2650158
c0fdd2b5ad701f94a64ad8289ce0f2a3	gi|343201773|ref|NR_042499.1|	97.609	460	11	0	1	460	294	753	0.0	789	657309
c0fdd2b5ad701f94a64ad8289ce0f2a3	gi|631251733|ref|NR_112931.1|	97.391	460	12	0	1	460	340	799	0.0	784	85831
5efba7423a48b5603f4b52c9eacfdc96	gi|310974936|ref|NR_036800.1|	99.318	440	3	0	1	440	326	765	0.0	797	411470
5efba7423a48b5603f4b52c9eacfdc96	gi|645321810|ref|NR_118690.1|	99.318	440	3	0	1	440	338	777	0.0	797	411470
5efba7423a48b5603f4b52c9eacfdc96	gi|2363085474|ref|NR_180986.1|	97.273	440	12	0	1	440	347	786	0.0	747	2681861
5efba7423a48b5603f4b52c9eacfdc96	gi|265678578|ref|NR_028883.1|	96.154	442	14	3	1	440	226	666	0.0	719	88431
5efba7423a48b5603f4b52c9eacfdc96	gi|631250892|ref|NR_112089.1|	96.145	441	15	2	1	440	336	775	0.0	719	553973
5efba7423a48b5603f4b52c9eacfdc96	gi|224581401|ref|NR_024719.1|	96.145	441	14	3	1	440	341	779	0.0	717	89153
5efba7423a48b5603f4b52c9eacfdc96	gi|2363085103|ref|NR_180800.1|	95.909	440	18	0	1	440	347	786	0.0	713	2652274
5efba7423a48b5603f4b52c9eacfdc96	gi|1397641798|ref|NR_156907.1|	95.928	442	14	4	1	440	348	787	0.0	713	1912855
5efba7423a48b5603f4b52c9eacfdc96	gi|1116030273|ref|NR_144731.1|	95.909	440	18	0	1	440	347	786	0.0	713	1720294
5efba7423a48b5603f4b52c9eacfdc96	gi|219857617|ref|NR_025206.1|	95.909	440	18	0	1	440	314	753	0.0	713	180286
2322dc864789e7b560558839a65864c4	gi|2363082603|ref|NR_179548.1|	99.091	440	4	0	1	440	348	787	0.0	793	1870993
2322dc864789e7b560558839a65864c4	gi|265678940|ref|NR_029248.1|	98.636	440	4	2	1	440	349	786	0.0	780	500632
2322dc864789e7b560558839a65864c4	gi|3248465636|ref|NR_201647.1|	97.273	440	12	0	1	440	300	739	0.0	747	3380806
2322dc864789e7b560558839a65864c4	gi|343198924|ref|NR_044048.1|	97.273	440	12	0	1	440	328	767	0.0	747	470146
2322dc864789e7b560558839a65864c4	gi|1116030277|ref|NR_144735.1|	96.818	440	14	0	1	440	350	789	0.0	736	1745713
2322dc864789e7b560558839a65864c4	gi|645319776|ref|NR_117142.1|	96.591	440	15	0	1	440	347	786	0.0	730	290055
2322dc864789e7b560558839a65864c4	gi|645319775|ref|NR_117141.1|	96.591	440	15	0	1	440	347	786	0.0	730	290055
2322dc864789e7b560558839a65864c4	gi|645319774|ref|NR_117140.1|	96.591	440	15	0	1	440	348	787	0.0	730	290055
2322dc864789e7b560558839a65864c4	gi|559795211|ref|NR_104800.1|	96.591	440	15	0	1	440	346	785	0.0	730	290055
2322dc864789e7b560558839a65864c4	gi|645320334|ref|NR_117563.1|	96.591	440	15	0	1	440	351	790	0.0	730	290055
55a09f49b2ac2e835a6af89058df7c07	gi|219846519|ref|NR_026111.1|	99.140	465	4	0	1	465	339	803	0.0	837	33025
55a09f49b2ac2e835a6af89058df7c07	gi|631251704|ref|NR_112902.1|	93.133	466	30	2	1	465	427	891	0.0	682	626940
55a09f49b2ac2e835a6af89058df7c07	gi|2363082047|ref|NR_179270.1|	91.880	468	33	5	1	465	326	791	0.0	652	2654621
55a09f49b2ac2e835a6af89058df7c07	gi|2363082805|ref|NR_179651.1|	91.258	469	33	8	1	465	350	814	0.0	632	2058289
55a09f49b2ac2e835a6af89058df7c07	gi|2621112327|ref|NR_189230.1|	91.258	469	33	8	1	465	298	762	0.0	632	2897706
55a09f49b2ac2e835a6af89058df7c07	gi|343198461|ref|NR_041894.1|	91.221	467	37	4	1	465	286	750	0.0	632	187327
55a09f49b2ac2e835a6af89058df7c07	gi|2363082575|ref|NR_179534.1|	90.851	470	33	8	1	465	345	809	1.33e-177	621	1852375
55a09f49b2ac2e835a6af89058df7c07	gi|636558634|ref|NR_114691.1|	90.343	466	42	3	2	465	332	796	1.03e-173	608	78126
55a09f49b2ac2e835a6af89058df7c07	gi|645320469|ref|NR_117668.1|	89.914	466	46	1	1	465	341	806	6.22e-171	599	1337886
55a09f49b2ac2e835a6af89058df7c07	gi|645320468|ref|NR_117667.1|	89.914	466	46	1	1	465	339	804	6.22e-171	599	1337886
377a6dd58e2262550eae6f0f8f50a62f	gi|2363082168|ref|NR_179330.1|	94.570	442	24	0	1	442	327	768	0.0	684	2714355
377a6dd58e2262550eae6f0f8f50a62f	gi|2363082569|ref|NR_179531.1|	94.369	444	21	4	1	442	347	788	0.0	678	1852369
377a6dd58e2262550eae6f0f8f50a62f	gi|2363082165|ref|NR_179329.1|	94.344	442	25	0	1	442	327	768	0.0	678	2714353
377a6dd58e2262550eae6f0f8f50a62f	gi|2363082342|ref|NR_179418.1|	93.483	445	24	3	1	442	348	790	0.0	656	1673721
377a6dd58e2262550eae6f0f8f50a62f	gi|1269801610|ref|NR_074793.2|	92.325	443	32	2	1	442	355	796	7.52e-180	628	351091
377a6dd58e2262550eae6f0f8f50a62f	gi|645321110|ref|NR_118156.1|	92.360	445	28	5	1	442	304	745	7.52e-180	628	1007096
377a6dd58e2262550eae6f0f8f50a62f	gi|343200653|ref|NR_041340.1|	92.325	443	32	2	1	442	328	769	7.52e-180	628	351091
377a6dd58e2262550eae6f0f8f50a62f	gi|2260349448|ref|NR_176530.1|	91.910	445	30	5	1	442	358	799	1.63e-176	617	2093857
377a6dd58e2262550eae6f0f8f50a62f	gi|2363082559|ref|NR_179526.1|	91.910	445	30	5	1	442	349	790	1.63e-176	617	1841866
377a6dd58e2262550eae6f0f8f50a62f	gi|2962412234|ref|NR_199428.1|	91.704	446	29	7	1	442	352	793	7.58e-175	612	3073143
73badaec0bade78675a9caff839751a7	gi|444304091|ref|NR_074515.1|	96.957	460	14	0	1	460	350	809	0.0	773	435590
73badaec0bade78675a9caff839751a7	gi|631251748|ref|NR_112946.1|	96.957	460	14	0	1	460	339	798	0.0	773	821
73badaec0bade78675a9caff839751a7	gi|631250946|ref|NR_112143.1|	96.739	460	15	0	1	460	307	766	0.0	767	821
73badaec0bade78675a9caff839751a7	gi|343200664|ref|NR_041351.1|	96.522	460	16	0	1	460	341	800	0.0	761	357276
73badaec0bade78675a9caff839751a7	gi|1109168015|ref|NR_144606.1|	94.783	460	24	0	1	460	340	799	0.0	717	1796613
73badaec0bade78675a9caff839751a7	gi|2363082611|ref|NR_179552.1|	94.577	461	24	1	1	460	340	800	0.0	712	1871006
73badaec0bade78675a9caff839751a7	gi|2363082547|ref|NR_179520.1|	94.348	460	26	0	1	460	314	773	0.0	706	1841855
73badaec0bade78675a9caff839751a7	gi|631251997|ref|NR_113195.1|	94.348	460	26	0	1	460	338	797	0.0	706	1236515
73badaec0bade78675a9caff839751a7	gi|631251866|ref|NR_113064.1|	94.130	460	27	0	1	460	338	797	0.0	701	1236538
73badaec0bade78675a9caff839751a7	gi|631251817|ref|NR_113015.1|	94.130	460	27	0	1	460	338	797	0.0	701	1236538
0c9584dba76fca713cb99da661eedf4f	gi|1491509587|ref|NR_159118.1|	97.180	461	11	2	1	460	310	769	0.0	778	28116
0c9584dba76fca713cb99da661eedf4f	gi|1491509586|ref|NR_159117.1|	97.180	461	11	2	1	460	301	760	0.0	778	28116
0c9584dba76fca713cb99da661eedf4f	gi|631251742|ref|NR_112940.1|	97.180	461	11	2	1	460	327	786	0.0	778	28116
0c9584dba76fca713cb99da661eedf4f	gi|636559244|ref|NR_115301.1|	97.180	461	11	2	1	460	320	779	0.0	778	28116
0c9584dba76fca713cb99da661eedf4f	gi|636560121|ref|NR_116181.1|	96.963	461	11	3	1	460	333	791	0.0	771	28116
0c9584dba76fca713cb99da661eedf4f	gi|645322410|ref|NR_119165.1|	96.529	461	14	2	1	460	319	778	0.0	769	28116
0c9584dba76fca713cb99da661eedf4f	gi|343200178|ref|NR_040865.1|	96.753	462	11	4	1	460	333	792	0.0	767	28116
0c9584dba76fca713cb99da661eedf4f	gi|2363084431|ref|NR_180463.1|	96.312	461	15	2	1	460	340	799	0.0	756	2650158
0c9584dba76fca713cb99da661eedf4f	gi|444303855|ref|NR_074277.1|	96.087	460	18	0	1	460	352	811	0.0	750	818
0c9584dba76fca713cb99da661eedf4f	gi|631251746|ref|NR_112944.1|	96.087	460	18	0	1	460	324	783	0.0	750	818
c1dd3848c74955124f2baa4dd7e86fff	gi|2221405488|ref|NR_175548.1|	98.696	460	6	0	1	460	346	805	0.0	817	2739389
c1dd3848c74955124f2baa4dd7e86fff	gi|343200590|ref|NR_041277.1|	95.455	462	17	4	1	460	339	798	0.0	734	484018
c1dd3848c74955124f2baa4dd7e86fff	gi|343200591|ref|NR_041278.1|	93.723	462	25	4	1	460	339	798	0.0	689	470145
c1dd3848c74955124f2baa4dd7e86fff	gi|1146059112|ref|NR_145844.1|	92.424	462	31	3	1	460	339	798	0.0	656	1411144
c1dd3848c74955124f2baa4dd7e86fff	gi|631251740|ref|NR_112938.1|	92.391	460	35	0	1	460	326	785	0.0	656	204516
c1dd3848c74955124f2baa4dd7e86fff	gi|343198509|ref|NR_042745.1|	92.391	460	35	0	1	460	338	797	0.0	656	204516
c1dd3848c74955124f2baa4dd7e86fff	gi|444304192|ref|NR_074616.1|	92.225	463	30	6	1	460	341	800	0.0	651	376805
c1dd3848c74955124f2baa4dd7e86fff	gi|444304122|ref|NR_074546.1|	92.174	460	36	0	1	460	336	795	0.0	651	290053
c1dd3848c74955124f2baa4dd7e86fff	gi|343200760|ref|NR_041447.1|	92.225	463	30	6	1	460	326	785	0.0	651	376805
c1dd3848c74955124f2baa4dd7e86fff	gi|1116030286|ref|NR_144744.1|	91.974	461	35	2	1	460	339	798	0.0	647	1841856
cf53ba71de1c0d492dd0f34dfcea508a	gi|444303855|ref|NR_074277.1|	98.261	460	8	0	1	460	352	811	0.0	806	818
cf53ba71de1c0d492dd0f34dfcea508a	gi|631251746|ref|NR_112944.1|	98.261	460	8	0	1	460	324	783	0.0	806	818
cf53ba71de1c0d492dd0f34dfcea508a	gi|631251749|ref|NR_112947.1|	98.048	461	7	2	1	460	326	785	0.0	802	657309
cf53ba71de1c0d492dd0f34dfcea508a	gi|2363084431|ref|NR_180463.1|	98.048	461	7	2	1	460	340	799	0.0	800	2650158
cf53ba71de1c0d492dd0f34dfcea508a	gi|343201773|ref|NR_042499.1|	98.048	461	7	2	1	460	294	753	0.0	800	657309
cf53ba71de1c0d492dd0f34dfcea508a	gi|645322410|ref|NR_119165.1|	97.614	461	9	2	1	460	319	778	0.0	797	28116
cf53ba71de1c0d492dd0f34dfcea508a	gi|1491509587|ref|NR_159118.1|	97.614	461	9	2	1	460	310	769	0.0	789	28116
cf53ba71de1c0d492dd0f34dfcea508a	gi|1491509586|ref|NR_159117.1|	97.614	461	9	2	1	460	301	760	0.0	789	28116
cf53ba71de1c0d492dd0f34dfcea508a	gi|631251742|ref|NR_112940.1|	97.614	461	9	2	1	460	327	786	0.0	789	28116
cf53ba71de1c0d492dd0f34dfcea508a	gi|636559244|ref|NR_115301.1|	97.614	461	9	2	1	460	320	779	0.0	789	28116
a1c4b106d14c4d4c8da2f0d3e78e351e	gi|444304091|ref|NR_074515.1|	96.746	461	13	2	1	460	350	809	0.0	767	435590
a1c4b106d14c4d4c8da2f0d3e78e351e	gi|631251748|ref|NR_112946.1|	96.746	461	13	2	1	460	339	798	0.0	767	821
a1c4b106d14c4d4c8da2f0d3e78e351e	gi|343200664|ref|NR_041351.1|	96.529	461	14	2	1	460	341	800	0.0	761	357276
a1c4b106d14c4d4c8da2f0d3e78e351e	gi|631250946|ref|NR_112143.1|	96.529	461	14	2	1	460	307	766	0.0	761	821
a1c4b106d14c4d4c8da2f0d3e78e351e	gi|2363085522|ref|NR_181010.1|	93.696	460	29	0	1	460	297	756	0.0	689	2786956
a1c4b106d14c4d4c8da2f0d3e78e351e	gi|631251997|ref|NR_113195.1|	93.478	460	30	0	1	460	338	797	0.0	684	1236515
a1c4b106d14c4d4c8da2f0d3e78e351e	gi|631251866|ref|NR_113064.1|	93.261	460	31	0	1	460	338	797	0.0	678	1236538
a1c4b106d14c4d4c8da2f0d3e78e351e	gi|631251817|ref|NR_113015.1|	93.261	460	31	0	1	460	338	797	0.0	678	1236538
a1c4b106d14c4d4c8da2f0d3e78e351e	gi|645320081|ref|NR_117373.1|	93.261	460	31	0	1	460	289	748	0.0	678	1236515
a1c4b106d14c4d4c8da2f0d3e78e351e	gi|2363082547|ref|NR_179520.1|	92.826	460	33	0	1	460	314	773	0.0	667	1841855
05122a83aaf4e2535536aeb74c6cd478	gi|343201773|ref|NR_042499.1|	99.130	460	4	0	1	460	294	753	0.0	828	657309
05122a83aaf4e2535536aeb74c6cd478	gi|631251749|ref|NR_112947.1|	98.913	460	5	0	1	460	326	785	0.0	824	657309
05122a83aaf4e2535536aeb74c6cd478	gi|2363084431|ref|NR_180463.1|	98.696	460	6	0	1	460	340	799	0.0	817	2650158
05122a83aaf4e2535536aeb74c6cd478	gi|631251733|ref|NR_112931.1|	98.478	460	7	0	1	460	340	799	0.0	811	85831
05122a83aaf4e2535536aeb74c6cd478	gi|265678305|ref|NR_028607.1|	98.475	459	7	0	2	460	333	791	0.0	809	85831
05122a83aaf4e2535536aeb74c6cd478	gi|645322410|ref|NR_119165.1|	97.391	460	12	0	1	460	319	778	0.0	791	28116
05122a83aaf4e2535536aeb74c6cd478	gi|631252008|ref|NR_113206.1|	97.609	460	11	0	1	460	336	795	0.0	789	1236513
05122a83aaf4e2535536aeb74c6cd478	gi|1491509587|ref|NR_159118.1|	97.391	460	12	0	1	460	310	769	0.0	784	28116
05122a83aaf4e2535536aeb74c6cd478	gi|1491509586|ref|NR_159117.1|	97.391	460	12	0	1	460	301	760	0.0	784	28116
05122a83aaf4e2535536aeb74c6cd478	gi|631251869|ref|NR_113067.1|	97.391	460	12	0	1	460	325	784	0.0	784	1077285
dd7f00ec98e6a6049985b9179917dc98	gi|636558732|ref|NR_114789.1|	94.545	440	24	0	1	440	347	786	0.0	680	1535
dd7f00ec98e6a6049985b9179917dc98	gi|1146059197|ref|NR_145929.1|	93.468	444	25	2	1	440	319	762	0.0	656	642589
dd7f00ec98e6a6049985b9179917dc98	gi|3248465687|ref|NR_201701.1|	93.228	443	27	2	1	440	330	772	0.0	649	3435187
dd7f00ec98e6a6049985b9179917dc98	gi|3248465688|ref|NR_201702.1|	93.228	443	27	2	1	440	328	770	0.0	649	3435000
dd7f00ec98e6a6049985b9179917dc98	gi|2836274966|ref|NR_197729.1|	93.182	440	30	0	1	440	304	743	0.0	647	3093657
dd7f00ec98e6a6049985b9179917dc98	gi|1193829157|ref|NR_147400.1|	92.727	440	32	0	1	440	339	778	0.0	636	1958780
dd7f00ec98e6a6049985b9179917dc98	gi|2836274967|ref|NR_197730.1|	92.727	440	32	0	1	440	312	751	0.0	636	3093658
dd7f00ec98e6a6049985b9179917dc98	gi|1116030278|ref|NR_144736.1|	92.727	440	32	0	1	440	360	799	0.0	636	1776382
dd7f00ec98e6a6049985b9179917dc98	gi|2363082799|ref|NR_179648.1|	92.500	440	33	0	1	440	339	778	2.08e-180	630	2045012
dd7f00ec98e6a6049985b9179917dc98	gi|2180566484|ref|NR_174324.1|	92.500	440	33	0	1	440	346	785	2.08e-180	630	2576756
c92d198b164de2a5a72d0eeeca5fcfd0	gi|1679775916|ref|NR_163638.1|	99.091	440	4	0	1	440	328	767	0.0	791	2025493
c92d198b164de2a5a72d0eeeca5fcfd0	gi|1679775915|ref|NR_163637.1|	99.091	440	4	0	1	440	328	767	0.0	791	2025493
c92d198b164de2a5a72d0eeeca5fcfd0	gi|1679775914|ref|NR_163636.1|	99.091	440	4	0	1	440	328	767	0.0	791	2025493
c92d198b164de2a5a72d0eeeca5fcfd0	gi|1679775913|ref|NR_163635.1|	99.091	440	4	0	1	440	328	767	0.0	791	2025493
c92d198b164de2a5a72d0eeeca5fcfd0	gi|1679775912|ref|NR_163634.1|	99.091	440	4	0	1	440	328	767	0.0	791	2025493
c92d198b164de2a5a72d0eeeca5fcfd0	gi|1193829152|ref|NR_147395.1|	99.091	440	4	0	1	440	348	787	0.0	791	1917868
c92d198b164de2a5a72d0eeeca5fcfd0	gi|2363081194|ref|NR_178840.1|	99.091	440	4	0	1	440	348	787	0.0	791	1796616
c92d198b164de2a5a72d0eeeca5fcfd0	gi|559795101|ref|NR_104687.1|	99.091	440	4	0	1	440	348	787	0.0	791	537007
c92d198b164de2a5a72d0eeeca5fcfd0	gi|631252072|ref|NR_113270.1|	98.864	440	5	0	1	440	348	787	0.0	785	1121114
c92d198b164de2a5a72d0eeeca5fcfd0	gi|645320731|ref|NR_117867.1|	98.864	440	5	0	1	440	300	739	0.0	785	871664
7ae243fcb44ba0882ebe7f2528174bde	gi|645320556|ref|NR_117734.1|	99.549	443	2	0	1	443	309	751	0.0	808	850
7ae243fcb44ba0882ebe7f2528174bde	gi|631252186|ref|NR_113384.1|	98.420	443	7	0	1	443	321	763	0.0	780	856
7ae243fcb44ba0882ebe7f2528174bde	gi|645322306|ref|NR_119089.1|	98.856	437	1	4	1	435	323	757	0.0	776	850
7ae243fcb44ba0882ebe7f2528174bde	gi|343206228|ref|NR_044820.1|	97.065	443	13	0	1	443	246	688	0.0	754	861
7ae243fcb44ba0882ebe7f2528174bde	gi|1269235450|ref|NR_146837.2|	97.065	443	13	0	1	443	326	768	0.0	747	1755100
7ae243fcb44ba0882ebe7f2528174bde	gi|228720055|ref|NR_027588.1|	96.614	443	15	0	1	443	246	688	0.0	739	469615
7ae243fcb44ba0882ebe7f2528174bde	gi|2363082567|ref|NR_179530.1|	96.614	443	15	0	1	443	319	761	0.0	736	1852365
7ae243fcb44ba0882ebe7f2528174bde	gi|631252181|ref|NR_113379.1|	96.614	443	15	0	1	443	321	763	0.0	736	134605
7ae243fcb44ba0882ebe7f2528174bde	gi|265678628|ref|NR_028933.1|	96.614	443	15	0	1	443	321	763	0.0	736	134605
7ae243fcb44ba0882ebe7f2528174bde	gi|2260473024|ref|NR_176801.1|	96.171	444	15	2	1	443	246	688	0.0	730	854
0f33e583335e3dfa32fe2f91967b4bda	gi|343200980|ref|NR_041667.1|	99.355	465	3	0	1	465	320	784	0.0	843	487175
0f33e583335e3dfa32fe2f91967b4bda	gi|631252130|ref|NR_113328.1|	91.435	467	36	4	1	465	332	796	0.0	638	626947
0f33e583335e3dfa32fe2f91967b4bda	gi|631251705|ref|NR_112903.1|	91.435	467	36	4	1	465	312	776	0.0	638	626947
0f33e583335e3dfa32fe2f91967b4bda	gi|2363082296|ref|NR_179395.1|	89.722	467	44	4	1	465	330	794	2.24e-170	597	1506471
0f33e583335e3dfa32fe2f91967b4bda	gi|2136551693|ref|NR_173698.1|	89.293	467	46	4	1	465	318	782	3.74e-168	590	2259133
0f33e583335e3dfa32fe2f91967b4bda	gi|1811131556|ref|NR_165738.1|	89.507	467	45	4	1	465	309	773	1.35e-167	588	2490857
0f33e583335e3dfa32fe2f91967b4bda	gi|1246951785|ref|NR_149789.1|	89.247	465	50	0	1	465	297	761	6.27e-166	582	1783360
0f33e583335e3dfa32fe2f91967b4bda	gi|1246951779|ref|NR_149783.1|	89.293	467	46	4	1	465	337	801	6.27e-166	582	1769758
0f33e583335e3dfa32fe2f91967b4bda	gi|2363086886|ref|NR_181700.1|	89.293	467	46	4	1	465	329	793	6.27e-166	582	2825886
0f33e583335e3dfa32fe2f91967b4bda	gi|2363086884|ref|NR_181699.1|	89.293	467	46	4	1	465	329	793	6.27e-166	582	2825884
af636103d61bb1e005e36b76aa5c9d27	gi|343201773|ref|NR_042499.1|	98.478	460	7	0	1	460	294	753	0.0	811	657309
af636103d61bb1e005e36b76aa5c9d27	gi|631251749|ref|NR_112947.1|	98.261	460	8	0	1	460	326	785	0.0	808	657309
af636103d61bb1e005e36b76aa5c9d27	gi|2363084431|ref|NR_180463.1|	98.043	460	9	0	1	460	340	799	0.0	800	2650158
af636103d61bb1e005e36b76aa5c9d27	gi|631251733|ref|NR_112931.1|	98.043	460	9	0	1	460	340	799	0.0	800	85831
af636103d61bb1e005e36b76aa5c9d27	gi|265678305|ref|NR_028607.1|	98.039	459	9	0	2	460	333	791	0.0	798	85831
af636103d61bb1e005e36b76aa5c9d27	gi|631251734|ref|NR_112932.1|	97.609	460	11	0	1	460	328	787	0.0	789	47678
af636103d61bb1e005e36b76aa5c9d27	gi|219846650|ref|NR_026242.1|	97.609	460	11	0	1	460	318	777	0.0	789	47678
af636103d61bb1e005e36b76aa5c9d27	gi|631252008|ref|NR_113206.1|	97.391	460	12	0	1	460	336	795	0.0	784	1236513
af636103d61bb1e005e36b76aa5c9d27	gi|645322410|ref|NR_119165.1|	96.739	460	15	0	1	460	319	778	0.0	774	28116
af636103d61bb1e005e36b76aa5c9d27	gi|631251869|ref|NR_113067.1|	96.957	460	14	0	1	460	325	784	0.0	773	1077285
130a48db2c03ea287a2dd024a89b01a5	gi|1193829129|ref|NR_147372.1|	99.130	460	4	0	1	460	339	798	0.0	828	1871003
130a48db2c03ea287a2dd024a89b01a5	gi|1146059150|ref|NR_145882.1|	99.130	460	4	0	1	460	286	745	0.0	828	1501391
130a48db2c03ea287a2dd024a89b01a5	gi|2363082099|ref|NR_179296.1|	90.672	461	41	2	1	460	324	783	7.90e-175	612	2585119
130a48db2c03ea287a2dd024a89b01a5	gi|672239000|ref|NR_125589.1|	90.672	461	41	2	1	460	269	728	7.90e-175	612	1033731
130a48db2c03ea287a2dd024a89b01a5	gi|2363087245|ref|NR_181878.1|	90.517	464	36	8	1	460	284	743	3.68e-173	606	2880705
130a48db2c03ea287a2dd024a89b01a5	gi|631251954|ref|NR_113152.1|	90.517	464	36	8	1	460	337	796	3.68e-173	606	28117
130a48db2c03ea287a2dd024a89b01a5	gi|2363082505|ref|NR_179499.1|	90.281	463	39	6	1	460	342	801	1.71e-171	601	2364787
130a48db2c03ea287a2dd024a89b01a5	gi|631251953|ref|NR_113151.1|	90.281	463	39	6	1	460	338	797	1.71e-171	601	328813
130a48db2c03ea287a2dd024a89b01a5	gi|343202833|ref|NR_043318.1|	90.281	463	39	6	1	460	324	783	1.71e-171	601	328813
130a48db2c03ea287a2dd024a89b01a5	gi|2363082531|ref|NR_179512.1|	90.022	461	44	2	1	460	338	797	2.21e-170	597	1816676
2609a21d7161ac22bf7e16e3c14c29b9	gi|2363084431|ref|NR_180463.1|	99.348	460	3	0	1	460	340	799	0.0	833	2650158
2609a21d7161ac22bf7e16e3c14c29b9	gi|343201773|ref|NR_042499.1|	99.348	460	3	0	1	460	294	753	0.0	833	657309
2609a21d7161ac22bf7e16e3c14c29b9	gi|631251749|ref|NR_112947.1|	99.130	460	4	0	1	460	326	785	0.0	830	657309
2609a21d7161ac22bf7e16e3c14c29b9	gi|631251733|ref|NR_112931.1|	98.913	460	5	0	1	460	340	799	0.0	822	85831
2609a21d7161ac22bf7e16e3c14c29b9	gi|265678305|ref|NR_028607.1|	98.911	459	5	0	2	460	333	791	0.0	821	85831
2609a21d7161ac22bf7e16e3c14c29b9	gi|631252008|ref|NR_113206.1|	97.826	460	10	0	1	460	336	795	0.0	795	1236513
2609a21d7161ac22bf7e16e3c14c29b9	gi|645322410|ref|NR_119165.1|	97.391	460	12	0	1	460	319	778	0.0	791	28116
2609a21d7161ac22bf7e16e3c14c29b9	gi|631251869|ref|NR_113067.1|	97.391	460	12	0	1	460	325	784	0.0	784	1077285
2609a21d7161ac22bf7e16e3c14c29b9	gi|645320100|ref|NR_117387.1|	97.391	460	12	0	1	460	320	779	0.0	784	1077285
2609a21d7161ac22bf7e16e3c14c29b9	gi|343200626|ref|NR_041313.1|	97.391	460	12	0	1	460	340	799	0.0	784	338188
e05a66f9ee2436b58cfa51c54e3581d9	gi|1109168027|ref|NR_144612.1|	98.182	440	8	0	1	440	350	789	0.0	769	1796636
e05a66f9ee2436b58cfa51c54e3581d9	gi|2363080283|ref|NR_178367.1|	95.682	440	19	0	1	440	328	767	0.0	708	673271
e05a66f9ee2436b58cfa51c54e3581d9	gi|1040567056|ref|NR_137405.1|	95.238	441	19	2	1	440	307	746	0.0	697	1619234
e05a66f9ee2436b58cfa51c54e3581d9	gi|631250892|ref|NR_112089.1|	95.011	441	20	2	1	440	336	775	0.0	691	553973
e05a66f9ee2436b58cfa51c54e3581d9	gi|224581401|ref|NR_024719.1|	95.011	441	19	3	1	440	341	779	0.0	689	89153
e05a66f9ee2436b58cfa51c54e3581d9	gi|1397641798|ref|NR_156907.1|	94.773	440	23	0	1	440	348	787	0.0	686	1912855
e05a66f9ee2436b58cfa51c54e3581d9	gi|1109168038|ref|NR_144617.1|	94.545	440	24	0	1	440	340	779	0.0	680	1796634
e05a66f9ee2436b58cfa51c54e3581d9	gi|219878251|ref|NR_025390.1|	94.545	440	24	0	1	440	330	769	0.0	680	115544
e05a66f9ee2436b58cfa51c54e3581d9	gi|219857122|ref|NR_024750.1|	94.331	441	24	1	1	440	300	740	0.0	676	116085
e05a66f9ee2436b58cfa51c54e3581d9	gi|1109168023|ref|NR_144610.1|	94.318	440	25	0	1	440	339	778	0.0	675	1796622
ab02d04ac3b598268c0a443c9a92c1b2	gi|219846519|ref|NR_026111.1|	99.570	465	2	0	1	465	339	803	0.0	848	33025
ab02d04ac3b598268c0a443c9a92c1b2	gi|631251704|ref|NR_112902.1|	93.562	466	28	2	1	465	427	891	0.0	693	626940
ab02d04ac3b598268c0a443c9a92c1b2	gi|2363082047|ref|NR_179270.1|	92.308	468	31	5	1	465	326	791	0.0	664	2654621
ab02d04ac3b598268c0a443c9a92c1b2	gi|2363082805|ref|NR_179651.1|	91.684	469	31	8	1	465	350	814	0.0	643	2058289
ab02d04ac3b598268c0a443c9a92c1b2	gi|2621112327|ref|NR_189230.1|	91.684	469	31	8	1	465	298	762	0.0	643	2897706
ab02d04ac3b598268c0a443c9a92c1b2	gi|343198461|ref|NR_041894.1|	91.649	467	35	4	1	465	286	750	0.0	643	187327
ab02d04ac3b598268c0a443c9a92c1b2	gi|2363082575|ref|NR_179534.1|	91.277	470	31	8	1	465	345	809	0.0	632	1852375
ab02d04ac3b598268c0a443c9a92c1b2	gi|636558634|ref|NR_114691.1|	90.773	466	40	3	2	465	332	796	4.78e-177	619	78126
ab02d04ac3b598268c0a443c9a92c1b2	gi|645320469|ref|NR_117668.1|	90.343	466	44	1	1	465	341	806	2.87e-174	610	1337886
ab02d04ac3b598268c0a443c9a92c1b2	gi|645320468|ref|NR_117667.1|	90.343	466	44	1	1	465	339	804	2.87e-174	610	1337886
d1495d1eb232b7ec5fe346a263061da1	gi|1277396189|ref|NR_151900.1|	99.091	440	4	0	1	440	351	790	0.0	791	1550024
d1495d1eb232b7ec5fe346a263061da1	gi|2962412223|ref|NR_199417.1|	93.468	444	21	8	1	440	342	781	0.0	652	3136601
d1495d1eb232b7ec5fe346a263061da1	gi|559795255|ref|NR_104846.1|	93.409	440	29	0	1	440	288	727	0.0	652	745368
d1495d1eb232b7ec5fe346a263061da1	gi|1397641802|ref|NR_156911.1|	93.197	441	28	2	1	440	351	790	0.0	647	1650663
d1495d1eb232b7ec5fe346a263061da1	gi|2363084747|ref|NR_180622.1|	93.182	440	30	0	1	440	335	774	0.0	647	2779354
d1495d1eb232b7ec5fe346a263061da1	gi|265678692|ref|NR_028997.1|	92.971	441	30	1	1	440	303	743	0.0	641	214851
d1495d1eb232b7ec5fe346a263061da1	gi|2363080123|ref|NR_178280.1|	92.045	440	35	0	1	440	331	770	4.51e-177	619	411483
d1495d1eb232b7ec5fe346a263061da1	gi|3030611269|ref|NR_199945.1|	91.818	440	36	0	1	440	335	774	2.10e-175	614	3435293
d1495d1eb232b7ec5fe346a263061da1	gi|265678656|ref|NR_028961.1|	91.818	440	36	0	1	440	327	766	2.10e-175	614	853
d1495d1eb232b7ec5fe346a263061da1	gi|2363081449|ref|NR_178971.1|	92.111	431	34	0	1	431	285	715	9.75e-174	608	1851427
fef7c02bd21cde65af72b6f9fba29f1c	gi|444303855|ref|NR_074277.1|	99.348	460	3	0	1	460	352	811	0.0	833	818
fef7c02bd21cde65af72b6f9fba29f1c	gi|631251746|ref|NR_112944.1|	99.348	460	3	0	1	460	324	783	0.0	833	818
fef7c02bd21cde65af72b6f9fba29f1c	gi|631252008|ref|NR_113206.1|	98.482	461	5	2	1	460	336	795	0.0	811	1236513
fef7c02bd21cde65af72b6f9fba29f1c	gi|631250945|ref|NR_112142.1|	98.472	458	6	1	3	460	336	792	0.0	806	818
fef7c02bd21cde65af72b6f9fba29f1c	gi|631251869|ref|NR_113067.1|	97.831	461	8	2	1	460	325	784	0.0	795	1077285
fef7c02bd21cde65af72b6f9fba29f1c	gi|645320100|ref|NR_117387.1|	97.831	461	8	2	1	460	320	779	0.0	795	1077285
fef7c02bd21cde65af72b6f9fba29f1c	gi|2363084421|ref|NR_180458.1|	97.397	461	10	2	1	460	340	799	0.0	784	2650157
fef7c02bd21cde65af72b6f9fba29f1c	gi|631251749|ref|NR_112947.1|	96.963	461	12	2	1	460	326	785	0.0	774	657309
fef7c02bd21cde65af72b6f9fba29f1c	gi|2363084431|ref|NR_180463.1|	96.963	461	12	2	1	460	340	799	0.0	773	2650158
fef7c02bd21cde65af72b6f9fba29f1c	gi|631251744|ref|NR_112942.1|	96.963	461	12	2	1	460	323	782	0.0	773	291644
55d9b175ce43421e734cdff3089b3d99	gi|2363082168|ref|NR_179330.1|	99.095	442	4	0	1	442	327	768	0.0	795	2714355
55d9b175ce43421e734cdff3089b3d99	gi|2363082165|ref|NR_179329.1|	98.416	442	7	0	1	442	327	768	0.0	778	2714353
55d9b175ce43421e734cdff3089b3d99	gi|645321110|ref|NR_118156.1|	94.131	443	24	2	1	442	304	745	0.0	673	1007096
55d9b175ce43421e734cdff3089b3d99	gi|2962412234|ref|NR_199428.1|	93.905	443	25	2	1	442	352	793	0.0	667	3073143
55d9b175ce43421e734cdff3089b3d99	gi|2363087001|ref|NR_181757.1|	93.483	445	23	6	1	442	289	730	0.0	656	2841504
55d9b175ce43421e734cdff3089b3d99	gi|1109168025|ref|NR_144611.1|	93.483	445	24	3	1	442	282	724	0.0	656	1417852
55d9b175ce43421e734cdff3089b3d99	gi|1269801610|ref|NR_074793.2|	93.228	443	28	2	1	442	355	796	0.0	651	351091
55d9b175ce43421e734cdff3089b3d99	gi|343200653|ref|NR_041340.1|	93.228	443	28	2	1	442	328	769	0.0	651	351091
55d9b175ce43421e734cdff3089b3d99	gi|2260349448|ref|NR_176530.1|	93.002	443	29	2	1	442	358	799	0.0	645	2093857
55d9b175ce43421e734cdff3089b3d99	gi|2136551692|ref|NR_173697.1|	92.986	442	31	0	1	442	349	790	0.0	645	2108523
a159cf2a250a53c8f0c176c1c7ba3edf	gi|2221405488|ref|NR_175548.1|	99.565	460	2	0	1	460	346	805	0.0	839	2739389
a159cf2a250a53c8f0c176c1c7ba3edf	gi|343200590|ref|NR_041277.1|	96.320	462	13	4	1	460	339	798	0.0	756	484018
a159cf2a250a53c8f0c176c1c7ba3edf	gi|343200591|ref|NR_041278.1|	94.589	462	21	4	1	460	339	798	0.0	712	470145
a159cf2a250a53c8f0c176c1c7ba3edf	gi|1146059112|ref|NR_145844.1|	93.290	462	27	3	1	460	339	798	0.0	678	1411144
a159cf2a250a53c8f0c176c1c7ba3edf	gi|631251740|ref|NR_112938.1|	93.261	460	31	0	1	460	326	785	0.0	678	204516
a159cf2a250a53c8f0c176c1c7ba3edf	gi|343198509|ref|NR_042745.1|	93.261	460	31	0	1	460	338	797	0.0	678	204516
a159cf2a250a53c8f0c176c1c7ba3edf	gi|444304192|ref|NR_074616.1|	93.089	463	26	6	1	460	341	800	0.0	673	376805
a159cf2a250a53c8f0c176c1c7ba3edf	gi|444304122|ref|NR_074546.1|	93.043	460	32	0	1	460	336	795	0.0	673	290053
a159cf2a250a53c8f0c176c1c7ba3edf	gi|343200760|ref|NR_041447.1|	93.089	463	26	6	1	460	326	785	0.0	673	376805
a159cf2a250a53c8f0c176c1c7ba3edf	gi|1116030286|ref|NR_144744.1|	92.842	461	31	2	1	460	339	798	0.0	669	1841856
8be5b5a9722726e59575029f68d80efc	gi|343201773|ref|NR_042499.1|	99.348	460	3	0	1	460	294	753	0.0	833	657309
8be5b5a9722726e59575029f68d80efc	gi|631251749|ref|NR_112947.1|	99.130	460	4	0	1	460	326	785	0.0	830	657309
8be5b5a9722726e59575029f68d80efc	gi|2363084431|ref|NR_180463.1|	98.913	460	5	0	1	460	340	799	0.0	822	2650158
8be5b5a9722726e59575029f68d80efc	gi|631251733|ref|NR_112931.1|	98.696	460	6	0	1	460	340	799	0.0	817	85831
8be5b5a9722726e59575029f68d80efc	gi|265678305|ref|NR_028607.1|	98.693	459	6	0	2	460	333	791	0.0	815	85831
8be5b5a9722726e59575029f68d80efc	gi|645322410|ref|NR_119165.1|	97.609	460	11	0	1	460	319	778	0.0	797	28116
8be5b5a9722726e59575029f68d80efc	gi|631252008|ref|NR_113206.1|	97.826	460	10	0	1	460	336	795	0.0	795	1236513
8be5b5a9722726e59575029f68d80efc	gi|1491509587|ref|NR_159118.1|	97.609	460	11	0	1	460	310	769	0.0	789	28116
8be5b5a9722726e59575029f68d80efc	gi|1491509586|ref|NR_159117.1|	97.609	460	11	0	1	460	301	760	0.0	789	28116
8be5b5a9722726e59575029f68d80efc	gi|631251869|ref|NR_113067.1|	97.609	460	11	0	1	460	325	784	0.0	789	1077285
52dae8383b5789e42eed17b703a925e4	gi|2363084431|ref|NR_180463.1|	99.130	460	4	0	1	460	340	799	0.0	828	2650158
52dae8383b5789e42eed17b703a925e4	gi|343201773|ref|NR_042499.1|	99.130	460	4	0	1	460	294	753	0.0	828	657309
52dae8383b5789e42eed17b703a925e4	gi|631251749|ref|NR_112947.1|	98.913	460	5	0	1	460	326	785	0.0	824	657309
52dae8383b5789e42eed17b703a925e4	gi|631251733|ref|NR_112931.1|	98.696	460	6	0	1	460	340	799	0.0	817	85831
52dae8383b5789e42eed17b703a925e4	gi|265678305|ref|NR_028607.1|	98.693	459	6	0	2	460	333	791	0.0	815	85831
52dae8383b5789e42eed17b703a925e4	gi|631252008|ref|NR_113206.1|	97.609	460	11	0	1	460	336	795	0.0	789	1236513
52dae8383b5789e42eed17b703a925e4	gi|645322410|ref|NR_119165.1|	97.174	460	13	0	1	460	319	778	0.0	785	28116
52dae8383b5789e42eed17b703a925e4	gi|631251869|ref|NR_113067.1|	97.174	460	13	0	1	460	325	784	0.0	778	1077285
52dae8383b5789e42eed17b703a925e4	gi|645320100|ref|NR_117387.1|	97.174	460	13	0	1	460	320	779	0.0	778	1077285
52dae8383b5789e42eed17b703a925e4	gi|343200626|ref|NR_041313.1|	97.174	460	13	0	1	460	340	799	0.0	778	338188
e590c970930cda30c02aa9f24ed65722	gi|1193829129|ref|NR_147372.1|	99.565	460	2	0	1	460	339	798	0.0	839	1871003
e590c970930cda30c02aa9f24ed65722	gi|1146059150|ref|NR_145882.1|	99.565	460	2	0	1	460	286	745	0.0	839	1501391
e590c970930cda30c02aa9f24ed65722	gi|2363082099|ref|NR_179296.1|	91.106	461	39	2	1	460	324	783	3.65e-178	623	2585119
e590c970930cda30c02aa9f24ed65722	gi|672239000|ref|NR_125589.1|	91.106	461	39	2	1	460	269	728	3.65e-178	623	1033731
e590c970930cda30c02aa9f24ed65722	gi|2363087245|ref|NR_181878.1|	90.948	464	34	8	1	460	284	743	1.70e-176	617	2880705
e590c970930cda30c02aa9f24ed65722	gi|631251954|ref|NR_113152.1|	90.948	464	34	8	1	460	337	796	1.70e-176	617	28117
e590c970930cda30c02aa9f24ed65722	gi|2363082505|ref|NR_179499.1|	90.713	463	37	6	1	460	342	801	7.90e-175	612	2364787
e590c970930cda30c02aa9f24ed65722	gi|631251953|ref|NR_113151.1|	90.713	463	37	6	1	460	338	797	7.90e-175	612	328813
e590c970930cda30c02aa9f24ed65722	gi|343202833|ref|NR_043318.1|	90.713	463	37	6	1	460	324	783	7.90e-175	612	328813
e590c970930cda30c02aa9f24ed65722	gi|2363082531|ref|NR_179512.1|	90.456	461	42	2	1	460	338	797	1.02e-173	608	1816676
ff0d093cd323591e65cb14e0137bce5d	gi|2221405488|ref|NR_175548.1|	98.043	460	9	0	1	460	346	805	0.0	800	2739389
ff0d093cd323591e65cb14e0137bce5d	gi|343200590|ref|NR_041277.1|	95.032	463	17	6	1	460	339	798	0.0	723	484018
ff0d093cd323591e65cb14e0137bce5d	gi|1146059112|ref|NR_145844.1|	93.506	462	26	3	1	460	339	798	0.0	684	1411144
ff0d093cd323591e65cb14e0137bce5d	gi|631251734|ref|NR_112932.1|	93.261	460	31	0	1	460	328	787	0.0	678	47678
ff0d093cd323591e65cb14e0137bce5d	gi|219846650|ref|NR_026242.1|	93.261	460	31	0	1	460	318	777	0.0	678	47678
ff0d093cd323591e65cb14e0137bce5d	gi|343200591|ref|NR_041278.1|	93.074	462	28	4	1	460	339	798	0.0	673	470145
ff0d093cd323591e65cb14e0137bce5d	gi|444304192|ref|NR_074616.1|	92.441	463	29	6	1	460	341	800	0.0	656	376805
ff0d093cd323591e65cb14e0137bce5d	gi|444304122|ref|NR_074546.1|	92.391	460	35	0	1	460	336	795	0.0	656	290053
ff0d093cd323591e65cb14e0137bce5d	gi|343200760|ref|NR_041447.1|	92.441	463	29	6	1	460	326	785	0.0	656	376805
ff0d093cd323591e65cb14e0137bce5d	gi|645322410|ref|NR_119165.1|	91.974	461	35	2	1	460	319	778	0.0	652	28116
23aaf313b378e84526a3d480083dba26	gi|444304091|ref|NR_074515.1|	95.435	460	21	0	1	460	350	809	0.0	734	435590
23aaf313b378e84526a3d480083dba26	gi|631251748|ref|NR_112946.1|	95.435	460	21	0	1	460	339	798	0.0	734	821
23aaf313b378e84526a3d480083dba26	gi|343200664|ref|NR_041351.1|	95.217	460	22	0	1	460	341	800	0.0	728	357276
23aaf313b378e84526a3d480083dba26	gi|631250946|ref|NR_112143.1|	95.217	460	22	0	1	460	307	766	0.0	728	821
23aaf313b378e84526a3d480083dba26	gi|2363082547|ref|NR_179520.1|	94.348	460	26	0	1	460	314	773	0.0	706	1841855
23aaf313b378e84526a3d480083dba26	gi|1109168015|ref|NR_144606.1|	94.130	460	27	0	1	460	340	799	0.0	701	1796613
23aaf313b378e84526a3d480083dba26	gi|2363082611|ref|NR_179552.1|	93.709	461	28	1	1	460	340	800	0.0	689	1871006
23aaf313b378e84526a3d480083dba26	gi|631251872|ref|NR_113070.1|	93.696	460	29	0	1	460	334	793	0.0	689	742727
23aaf313b378e84526a3d480083dba26	gi|631251866|ref|NR_113064.1|	93.696	460	29	0	1	460	338	797	0.0	689	1236538
23aaf313b378e84526a3d480083dba26	gi|631251817|ref|NR_113015.1|	93.696	460	29	0	1	460	338	797	0.0	689	1236538
dcc1a55bf59935fef27b47d634773e62	gi|444304091|ref|NR_074515.1|	97.609	460	11	0	1	460	350	809	0.0	789	435590
dcc1a55bf59935fef27b47d634773e62	gi|631251748|ref|NR_112946.1|	97.609	460	11	0	1	460	339	798	0.0	789	821
dcc1a55bf59935fef27b47d634773e62	gi|631250946|ref|NR_112143.1|	97.391	460	12	0	1	460	307	766	0.0	784	821
dcc1a55bf59935fef27b47d634773e62	gi|343200664|ref|NR_041351.1|	97.174	460	13	0	1	460	341	800	0.0	778	357276
dcc1a55bf59935fef27b47d634773e62	gi|2363082547|ref|NR_179520.1|	94.348	460	26	0	1	460	314	773	0.0	706	1841855
dcc1a55bf59935fef27b47d634773e62	gi|1109168015|ref|NR_144606.1|	94.130	460	27	0	1	460	340	799	0.0	701	1796613
dcc1a55bf59935fef27b47d634773e62	gi|631251872|ref|NR_113070.1|	93.696	460	29	0	1	460	334	793	0.0	689	742727
dcc1a55bf59935fef27b47d634773e62	gi|631251697|ref|NR_112895.1|	93.696	460	29	0	1	460	314	773	0.0	689	742727
dcc1a55bf59935fef27b47d634773e62	gi|631252009|ref|NR_113207.1|	93.478	460	30	0	1	460	334	793	0.0	684	1236514
dcc1a55bf59935fef27b47d634773e62	gi|631251737|ref|NR_112935.1|	93.478	460	30	0	1	460	338	797	0.0	684	28111
a8d1ab87e746815816a765117bba181f	gi|343201773|ref|NR_042499.1|	99.348	460	3	0	1	460	294	753	0.0	833	657309
a8d1ab87e746815816a765117bba181f	gi|631251749|ref|NR_112947.1|	99.130	460	4	0	1	460	326	785	0.0	830	657309
a8d1ab87e746815816a765117bba181f	gi|2363084431|ref|NR_180463.1|	98.913	460	5	0	1	460	340	799	0.0	822	2650158
a8d1ab87e746815816a765117bba181f	gi|631251733|ref|NR_112931.1|	98.478	460	7	0	1	460	340	799	0.0	811	85831
a8d1ab87e746815816a765117bba181f	gi|265678305|ref|NR_028607.1|	98.475	459	7	0	2	460	333	791	0.0	809	85831
a8d1ab87e746815816a765117bba181f	gi|631252008|ref|NR_113206.1|	97.826	460	10	0	1	460	336	795	0.0	795	1236513
a8d1ab87e746815816a765117bba181f	gi|645322410|ref|NR_119165.1|	97.391	460	12	0	1	460	319	778	0.0	791	28116
a8d1ab87e746815816a765117bba181f	gi|631251869|ref|NR_113067.1|	97.391	460	12	0	1	460	325	784	0.0	784	1077285
a8d1ab87e746815816a765117bba181f	gi|645320100|ref|NR_117387.1|	97.391	460	12	0	1	460	320	779	0.0	784	1077285
a8d1ab87e746815816a765117bba181f	gi|343200626|ref|NR_041313.1|	97.391	460	12	0	1	460	340	799	0.0	784	338188
312591ba2e76bb7a89bd16ade4b231a7	gi|2221405488|ref|NR_175548.1|	99.348	460	3	0	1	460	346	805	0.0	833	2739389
312591ba2e76bb7a89bd16ade4b231a7	gi|343200590|ref|NR_041277.1|	96.104	462	14	4	1	460	339	798	0.0	750	484018
312591ba2e76bb7a89bd16ade4b231a7	gi|343200591|ref|NR_041278.1|	94.372	462	22	4	1	460	339	798	0.0	706	470145
312591ba2e76bb7a89bd16ade4b231a7	gi|1146059112|ref|NR_145844.1|	93.074	462	28	3	1	460	339	798	0.0	673	1411144
312591ba2e76bb7a89bd16ade4b231a7	gi|631251740|ref|NR_112938.1|	93.043	460	32	0	1	460	326	785	0.0	673	204516
312591ba2e76bb7a89bd16ade4b231a7	gi|343198509|ref|NR_042745.1|	93.043	460	32	0	1	460	338	797	0.0	673	204516
312591ba2e76bb7a89bd16ade4b231a7	gi|444304192|ref|NR_074616.1|	92.873	463	27	6	1	460	341	800	0.0	667	376805
312591ba2e76bb7a89bd16ade4b231a7	gi|444304122|ref|NR_074546.1|	92.826	460	33	0	1	460	336	795	0.0	667	290053
312591ba2e76bb7a89bd16ade4b231a7	gi|343200760|ref|NR_041447.1|	92.873	463	27	6	1	460	326	785	0.0	667	376805
312591ba2e76bb7a89bd16ade4b231a7	gi|1116030286|ref|NR_144744.1|	92.625	461	32	2	1	460	339	798	0.0	664	1841856
e2c1c5cb095fad69a687323c8b63d546	gi|310974936|ref|NR_036800.1|	99.318	440	3	0	1	440	326	765	0.0	797	411470
e2c1c5cb095fad69a687323c8b63d546	gi|645321810|ref|NR_118690.1|	99.318	440	3	0	1	440	338	777	0.0	797	411470
e2c1c5cb095fad69a687323c8b63d546	gi|2363085474|ref|NR_180986.1|	97.273	440	12	0	1	440	347	786	0.0	747	2681861
e2c1c5cb095fad69a687323c8b63d546	gi|265678578|ref|NR_028883.1|	96.154	442	14	3	1	440	226	666	0.0	719	88431
e2c1c5cb095fad69a687323c8b63d546	gi|631250892|ref|NR_112089.1|	96.145	441	15	2	1	440	336	775	0.0	719	553973
e2c1c5cb095fad69a687323c8b63d546	gi|224581401|ref|NR_024719.1|	96.145	441	14	3	1	440	341	779	0.0	717	89153
e2c1c5cb095fad69a687323c8b63d546	gi|2363085103|ref|NR_180800.1|	95.909	440	18	0	1	440	347	786	0.0	713	2652274
e2c1c5cb095fad69a687323c8b63d546	gi|1397641798|ref|NR_156907.1|	95.928	442	14	4	1	440	348	787	0.0	713	1912855
e2c1c5cb095fad69a687323c8b63d546	gi|1116030273|ref|NR_144731.1|	95.909	440	18	0	1	440	347	786	0.0	713	1720294
e2c1c5cb095fad69a687323c8b63d546	gi|219857617|ref|NR_025206.1|	95.909	440	18	0	1	440	314	753	0.0	713	180286
51c54704dcdbe8886efc079024261244	gi|343201773|ref|NR_042499.1|	99.130	460	4	0	1	460	294	753	0.0	828	657309
51c54704dcdbe8886efc079024261244	gi|631251749|ref|NR_112947.1|	98.913	460	5	0	1	460	326	785	0.0	824	657309
51c54704dcdbe8886efc079024261244	gi|2363084431|ref|NR_180463.1|	98.696	460	6	0	1	460	340	799	0.0	817	2650158
51c54704dcdbe8886efc079024261244	gi|631251733|ref|NR_112931.1|	98.478	460	7	0	1	460	340	799	0.0	811	85831
51c54704dcdbe8886efc079024261244	gi|265678305|ref|NR_028607.1|	98.475	459	7	0	2	460	333	791	0.0	809	85831
51c54704dcdbe8886efc079024261244	gi|645322410|ref|NR_119165.1|	97.391	460	12	0	1	460	319	778	0.0	791	28116
51c54704dcdbe8886efc079024261244	gi|631252008|ref|NR_113206.1|	97.609	460	11	0	1	460	336	795	0.0	789	1236513
51c54704dcdbe8886efc079024261244	gi|1491509587|ref|NR_159118.1|	97.391	460	12	0	1	460	310	769	0.0	784	28116
51c54704dcdbe8886efc079024261244	gi|1491509586|ref|NR_159117.1|	97.391	460	12	0	1	460	301	760	0.0	784	28116
51c54704dcdbe8886efc079024261244	gi|631251869|ref|NR_113067.1|	97.391	460	12	0	1	460	325	784	0.0	784	1077285
11980268706e442f69e5fec6d91a1244	gi|444303855|ref|NR_074277.1|	95.870	460	19	0	1	460	352	811	0.0	745	818
11980268706e442f69e5fec6d91a1244	gi|631251746|ref|NR_112944.1|	95.870	460	19	0	1	460	324	783	0.0	745	818
11980268706e442f69e5fec6d91a1244	gi|631252008|ref|NR_113206.1|	95.011	461	21	2	1	460	336	795	0.0	723	1236513
11980268706e442f69e5fec6d91a1244	gi|631251749|ref|NR_112947.1|	94.794	461	22	2	1	460	326	785	0.0	719	657309
11980268706e442f69e5fec6d91a1244	gi|645322410|ref|NR_119165.1|	94.577	461	23	2	1	460	319	778	0.0	719	28116
11980268706e442f69e5fec6d91a1244	gi|1491509587|ref|NR_159118.1|	94.794	461	22	2	1	460	310	769	0.0	717	28116
11980268706e442f69e5fec6d91a1244	gi|1491509586|ref|NR_159117.1|	94.794	461	22	2	1	460	301	760	0.0	717	28116
11980268706e442f69e5fec6d91a1244	gi|2363084431|ref|NR_180463.1|	94.794	461	22	2	1	460	340	799	0.0	717	2650158
11980268706e442f69e5fec6d91a1244	gi|631251742|ref|NR_112940.1|	94.794	461	22	2	1	460	327	786	0.0	717	28116
11980268706e442f69e5fec6d91a1244	gi|631251734|ref|NR_112932.1|	94.783	460	24	0	1	460	328	787	0.0	717	47678
4173002a9273b3637d0820097aa79f23	gi|219846519|ref|NR_026111.1|	99.355	465	3	0	1	465	339	803	0.0	843	33025
4173002a9273b3637d0820097aa79f23	gi|631251704|ref|NR_112902.1|	93.348	466	29	2	1	465	427	891	0.0	688	626940
4173002a9273b3637d0820097aa79f23	gi|2363082047|ref|NR_179270.1|	92.094	468	32	5	1	465	326	791	0.0	658	2654621
4173002a9273b3637d0820097aa79f23	gi|2363082805|ref|NR_179651.1|	91.471	469	32	8	1	465	350	814	0.0	638	2058289
4173002a9273b3637d0820097aa79f23	gi|2621112327|ref|NR_189230.1|	91.471	469	32	8	1	465	298	762	0.0	638	2897706
4173002a9273b3637d0820097aa79f23	gi|343198461|ref|NR_041894.1|	91.435	467	36	4	1	465	286	750	0.0	638	187327
4173002a9273b3637d0820097aa79f23	gi|2363082575|ref|NR_179534.1|	91.064	470	32	8	1	465	345	809	2.85e-179	627	1852375
4173002a9273b3637d0820097aa79f23	gi|636558634|ref|NR_114691.1|	90.558	466	41	3	2	465	332	796	2.22e-175	614	78126
4173002a9273b3637d0820097aa79f23	gi|645320469|ref|NR_117668.1|	90.129	466	45	1	1	465	341	806	1.34e-172	604	1337886
4173002a9273b3637d0820097aa79f23	gi|645320468|ref|NR_117667.1|	90.129	466	45	1	1	465	339	804	1.34e-172	604	1337886
3af8d95eec018cd8aeaf24ce62e80c48	gi|1193829129|ref|NR_147372.1|	99.783	460	1	0	1	460	339	798	0.0	845	1871003
3af8d95eec018cd8aeaf24ce62e80c48	gi|1146059150|ref|NR_145882.1|	99.783	460	1	0	1	460	286	745	0.0	845	1501391
3af8d95eec018cd8aeaf24ce62e80c48	gi|2363082099|ref|NR_179296.1|	91.323	461	38	2	1	460	324	783	7.85e-180	628	2585119
3af8d95eec018cd8aeaf24ce62e80c48	gi|672239000|ref|NR_125589.1|	91.323	461	38	2	1	460	269	728	7.85e-180	628	1033731
3af8d95eec018cd8aeaf24ce62e80c48	gi|2363087245|ref|NR_181878.1|	91.164	464	33	8	1	460	284	743	3.65e-178	623	2880705
3af8d95eec018cd8aeaf24ce62e80c48	gi|631251954|ref|NR_113152.1|	91.164	464	33	8	1	460	337	796	3.65e-178	623	28117
3af8d95eec018cd8aeaf24ce62e80c48	gi|2363082505|ref|NR_179499.1|	90.929	463	36	6	1	460	342	801	1.70e-176	617	2364787
3af8d95eec018cd8aeaf24ce62e80c48	gi|631251953|ref|NR_113151.1|	90.929	463	36	6	1	460	338	797	1.70e-176	617	328813
3af8d95eec018cd8aeaf24ce62e80c48	gi|343202833|ref|NR_043318.1|	90.929	463	36	6	1	460	324	783	1.70e-176	617	328813
3af8d95eec018cd8aeaf24ce62e80c48	gi|2363082531|ref|NR_179512.1|	90.672	461	41	2	1	460	338	797	2.20e-175	614	1816676
5b32f417c875e955d5f252481c87fb6c	gi|2363082168|ref|NR_179330.1|	99.321	442	3	0	1	442	327	768	0.0	800	2714355
5b32f417c875e955d5f252481c87fb6c	gi|2363082165|ref|NR_179329.1|	98.643	442	6	0	1	442	327	768	0.0	784	2714353
5b32f417c875e955d5f252481c87fb6c	gi|645321110|ref|NR_118156.1|	94.357	443	23	2	1	442	304	745	0.0	678	1007096
5b32f417c875e955d5f252481c87fb6c	gi|2962412234|ref|NR_199428.1|	94.131	443	24	2	1	442	352	793	0.0	673	3073143
5b32f417c875e955d5f252481c87fb6c	gi|2363087001|ref|NR_181757.1|	93.708	445	22	6	1	442	289	730	0.0	662	2841504
5b32f417c875e955d5f252481c87fb6c	gi|1109168025|ref|NR_144611.1|	93.708	445	23	3	1	442	282	724	0.0	662	1417852
5b32f417c875e955d5f252481c87fb6c	gi|1269801610|ref|NR_074793.2|	93.454	443	27	2	1	442	355	796	0.0	656	351091
5b32f417c875e955d5f252481c87fb6c	gi|343200653|ref|NR_041340.1|	93.454	443	27	2	1	442	328	769	0.0	656	351091
5b32f417c875e955d5f252481c87fb6c	gi|2260349448|ref|NR_176530.1|	93.228	443	28	2	1	442	358	799	0.0	651	2093857
5b32f417c875e955d5f252481c87fb6c	gi|2136551692|ref|NR_173697.1|	93.213	442	30	0	1	442	349	790	0.0	651	2108523
98ec596876666260dc3a313b40d560fe	gi|645320556|ref|NR_117734.1|	98.871	443	5	0	1	443	309	751	0.0	791	850
98ec596876666260dc3a313b40d560fe	gi|631252186|ref|NR_113384.1|	97.743	443	10	0	1	443	321	763	0.0	763	856
98ec596876666260dc3a313b40d560fe	gi|645322306|ref|NR_119089.1|	98.169	437	4	4	1	435	323	757	0.0	760	850
98ec596876666260dc3a313b40d560fe	gi|343206228|ref|NR_044820.1|	96.614	443	15	0	1	443	246	688	0.0	743	861
98ec596876666260dc3a313b40d560fe	gi|1269235450|ref|NR_146837.2|	96.840	443	14	0	1	443	326	768	0.0	741	1755100
98ec596876666260dc3a313b40d560fe	gi|2363082567|ref|NR_179530.1|	96.388	443	16	0	1	443	319	761	0.0	730	1852365
98ec596876666260dc3a313b40d560fe	gi|631252181|ref|NR_113379.1|	96.388	443	16	0	1	443	321	763	0.0	730	134605
98ec596876666260dc3a313b40d560fe	gi|265678628|ref|NR_028933.1|	96.388	443	16	0	1	443	321	763	0.0	730	134605
98ec596876666260dc3a313b40d560fe	gi|2260473024|ref|NR_176801.1|	96.171	444	15	2	1	443	246	688	0.0	730	854
98ec596876666260dc3a313b40d560fe	gi|228720055|ref|NR_027588.1|	96.163	443	17	0	1	443	246	688	0.0	728	469615
424ec04a157489237284397f167a257d	gi|645320556|ref|NR_117734.1|	99.323	443	3	0	1	443	309	751	0.0	802	850
424ec04a157489237284397f167a257d	gi|631252186|ref|NR_113384.1|	98.194	443	8	0	1	443	321	763	0.0	774	856
424ec04a157489237284397f167a257d	gi|645322306|ref|NR_119089.1|	98.627	437	2	4	1	435	323	757	0.0	771	850
424ec04a157489237284397f167a257d	gi|343206228|ref|NR_044820.1|	96.840	443	14	0	1	443	246	688	0.0	749	861
424ec04a157489237284397f167a257d	gi|1269235450|ref|NR_146837.2|	96.840	443	14	0	1	443	326	768	0.0	741	1755100
424ec04a157489237284397f167a257d	gi|228720055|ref|NR_027588.1|	96.388	443	16	0	1	443	246	688	0.0	734	469615
424ec04a157489237284397f167a257d	gi|2363082567|ref|NR_179530.1|	96.388	443	16	0	1	443	319	761	0.0	730	1852365
424ec04a157489237284397f167a257d	gi|631252181|ref|NR_113379.1|	96.388	443	16	0	1	443	321	763	0.0	730	134605
424ec04a157489237284397f167a257d	gi|265678628|ref|NR_028933.1|	96.388	443	16	0	1	443	321	763	0.0	730	134605
424ec04a157489237284397f167a257d	gi|2260473024|ref|NR_176801.1|	95.946	444	16	2	1	443	246	688	0.0	725	854
3f16be6caef7c350716bf5c57ceeb64f	gi|1193829129|ref|NR_147372.1|	99.130	460	4	0	1	460	339	798	0.0	828	1871003
3f16be6caef7c350716bf5c57ceeb64f	gi|1146059150|ref|NR_145882.1|	99.130	460	4	0	1	460	286	745	0.0	828	1501391
3f16be6caef7c350716bf5c57ceeb64f	gi|2363082099|ref|NR_179296.1|	90.672	461	41	2	1	460	324	783	7.90e-175	612	2585119
3f16be6caef7c350716bf5c57ceeb64f	gi|672239000|ref|NR_125589.1|	90.672	461	41	2	1	460	269	728	7.90e-175	612	1033731
3f16be6caef7c350716bf5c57ceeb64f	gi|2363087245|ref|NR_181878.1|	90.517	464	36	8	1	460	284	743	3.68e-173	606	2880705
3f16be6caef7c350716bf5c57ceeb64f	gi|631251954|ref|NR_113152.1|	90.517	464	36	8	1	460	337	796	3.68e-173	606	28117
3f16be6caef7c350716bf5c57ceeb64f	gi|2363082505|ref|NR_179499.1|	90.281	463	39	6	1	460	342	801	1.71e-171	601	2364787
3f16be6caef7c350716bf5c57ceeb64f	gi|631251953|ref|NR_113151.1|	90.281	463	39	6	1	460	338	797	1.71e-171	601	328813
3f16be6caef7c350716bf5c57ceeb64f	gi|343202833|ref|NR_043318.1|	90.281	463	39	6	1	460	324	783	1.71e-171	601	328813
3f16be6caef7c350716bf5c57ceeb64f	gi|2363082531|ref|NR_179512.1|	90.022	461	44	2	1	460	338	797	2.21e-170	597	1816676
da1ba3c452972fd63781d0994eec4c64	gi|444304091|ref|NR_074515.1|	98.261	460	8	0	1	460	350	809	0.0	806	435590
da1ba3c452972fd63781d0994eec4c64	gi|631251748|ref|NR_112946.1|	98.261	460	8	0	1	460	339	798	0.0	806	821
da1ba3c452972fd63781d0994eec4c64	gi|343200664|ref|NR_041351.1|	98.261	460	8	0	1	460	341	800	0.0	806	357276
da1ba3c452972fd63781d0994eec4c64	gi|631250946|ref|NR_112143.1|	98.043	460	9	0	1	460	307	766	0.0	800	821
da1ba3c452972fd63781d0994eec4c64	gi|631251997|ref|NR_113195.1|	94.565	460	25	0	1	460	338	797	0.0	712	1236515
da1ba3c452972fd63781d0994eec4c64	gi|1109168015|ref|NR_144606.1|	94.348	460	26	0	1	460	340	799	0.0	706	1796613
da1ba3c452972fd63781d0994eec4c64	gi|631251866|ref|NR_113064.1|	94.348	460	26	0	1	460	338	797	0.0	706	1236538
da1ba3c452972fd63781d0994eec4c64	gi|631251817|ref|NR_113015.1|	94.348	460	26	0	1	460	338	797	0.0	706	1236538
da1ba3c452972fd63781d0994eec4c64	gi|645320081|ref|NR_117373.1|	94.348	460	26	0	1	460	289	748	0.0	706	1236515
da1ba3c452972fd63781d0994eec4c64	gi|2363082547|ref|NR_179520.1|	94.130	460	27	0	1	460	314	773	0.0	701	1841855
c63580de891d531690b39bec5196d770	gi|3030611324|ref|NR_200000.1|	98.194	443	8	0	1	443	301	743	0.0	774	3342383
c63580de891d531690b39bec5196d770	gi|1109168025|ref|NR_144611.1|	98.194	443	8	0	1	443	282	724	0.0	774	1417852
c63580de891d531690b39bec5196d770	gi|2363084741|ref|NR_180619.1|	95.260	443	21	0	1	443	347	789	0.0	702	2779352
c63580de891d531690b39bec5196d770	gi|219846080|ref|NR_025670.1|	95.034	443	22	0	1	443	329	771	0.0	697	411467
c63580de891d531690b39bec5196d770	gi|2363082326|ref|NR_179410.1|	94.808	443	23	0	1	443	349	791	0.0	691	1650661
c63580de891d531690b39bec5196d770	gi|2136551692|ref|NR_173697.1|	94.582	443	23	1	1	443	349	790	0.0	684	2108523
c63580de891d531690b39bec5196d770	gi|1193829127|ref|NR_147370.1|	94.357	443	25	0	1	443	349	791	0.0	680	1870988
c63580de891d531690b39bec5196d770	gi|2363082358|ref|NR_179426.1|	94.357	443	25	0	1	443	349	791	0.0	680	1702285
c63580de891d531690b39bec5196d770	gi|645321636|ref|NR_118554.1|	94.357	443	25	0	1	443	329	771	0.0	680	1297617
c63580de891d531690b39bec5196d770	gi|2363082342|ref|NR_179418.1|	94.131	443	26	0	1	443	348	790	0.0	675	1673721
4ca34980333eff14e5542b63ff80d785	gi|2260349448|ref|NR_176530.1|	99.095	442	4	0	1	442	358	799	0.0	795	2093857
4ca34980333eff14e5542b63ff80d785	gi|2363082559|ref|NR_179526.1|	99.095	442	4	0	1	442	349	790	0.0	795	1841866
4ca34980333eff14e5542b63ff80d785	gi|645321110|ref|NR_118156.1|	95.249	442	21	0	1	442	304	745	0.0	701	1007096
4ca34980333eff14e5542b63ff80d785	gi|2962412234|ref|NR_199428.1|	95.023	442	22	0	1	442	352	793	0.0	695	3073143
4ca34980333eff14e5542b63ff80d785	gi|2363087001|ref|NR_181757.1|	94.595	444	20	4	1	442	289	730	0.0	684	2841504
4ca34980333eff14e5542b63ff80d785	gi|2363082170|ref|NR_179331.1|	94.582	443	23	1	1	442	328	770	0.0	684	2714358
4ca34980333eff14e5542b63ff80d785	gi|1269801610|ref|NR_074793.2|	93.891	442	27	0	1	442	355	796	0.0	667	351091
4ca34980333eff14e5542b63ff80d785	gi|343200653|ref|NR_041340.1|	93.891	442	27	0	1	442	328	769	0.0	667	351091
4ca34980333eff14e5542b63ff80d785	gi|2363082569|ref|NR_179531.1|	93.665	442	28	0	1	442	347	788	0.0	662	1852369
4ca34980333eff14e5542b63ff80d785	gi|2363082165|ref|NR_179329.1|	93.228	443	28	2	1	442	327	768	0.0	651	2714353
cbe3a087fc8c487d13a828bd7c9ab9ab	gi|219846519|ref|NR_026111.1|	99.355	465	3	0	1	465	339	803	0.0	843	33025
cbe3a087fc8c487d13a828bd7c9ab9ab	gi|631251704|ref|NR_112902.1|	93.348	466	29	2	1	465	427	891	0.0	688	626940
cbe3a087fc8c487d13a828bd7c9ab9ab	gi|2363082047|ref|NR_179270.1|	92.094	468	32	5	1	465	326	791	0.0	658	2654621
cbe3a087fc8c487d13a828bd7c9ab9ab	gi|2363082805|ref|NR_179651.1|	91.471	469	32	8	1	465	350	814	0.0	638	2058289
cbe3a087fc8c487d13a828bd7c9ab9ab	gi|2621112327|ref|NR_189230.1|	91.471	469	32	8	1	465	298	762	0.0	638	2897706
cbe3a087fc8c487d13a828bd7c9ab9ab	gi|343198461|ref|NR_041894.1|	91.435	467	36	4	1	465	286	750	0.0	638	187327
cbe3a087fc8c487d13a828bd7c9ab9ab	gi|2363082575|ref|NR_179534.1|	91.064	470	32	8	1	465	345	809	2.85e-179	627	1852375
cbe3a087fc8c487d13a828bd7c9ab9ab	gi|636558634|ref|NR_114691.1|	90.558	466	41	3	2	465	332	796	2.22e-175	614	78126
cbe3a087fc8c487d13a828bd7c9ab9ab	gi|645320469|ref|NR_117668.1|	90.129	466	45	1	1	465	341	806	1.34e-172	604	1337886
cbe3a087fc8c487d13a828bd7c9ab9ab	gi|645320468|ref|NR_117667.1|	90.129	466	45	1	1	465	339	804	1.34e-172	604	1337886
c32a7ed356cdf2d4a0106ca23dcb004f	gi|2221405488|ref|NR_175548.1|	99.348	460	3	0	1	460	346	805	0.0	833	2739389
c32a7ed356cdf2d4a0106ca23dcb004f	gi|343200590|ref|NR_041277.1|	96.104	462	14	4	1	460	339	798	0.0	750	484018
c32a7ed356cdf2d4a0106ca23dcb004f	gi|343200591|ref|NR_041278.1|	94.372	462	22	4	1	460	339	798	0.0	706	470145
c32a7ed356cdf2d4a0106ca23dcb004f	gi|1146059112|ref|NR_145844.1|	93.074	462	28	3	1	460	339	798	0.0	673	1411144
c32a7ed356cdf2d4a0106ca23dcb004f	gi|631251740|ref|NR_112938.1|	93.043	460	32	0	1	460	326	785	0.0	673	204516
c32a7ed356cdf2d4a0106ca23dcb004f	gi|343198509|ref|NR_042745.1|	93.043	460	32	0	1	460	338	797	0.0	673	204516
c32a7ed356cdf2d4a0106ca23dcb004f	gi|444304192|ref|NR_074616.1|	92.873	463	27	6	1	460	341	800	0.0	667	376805
c32a7ed356cdf2d4a0106ca23dcb004f	gi|444304122|ref|NR_074546.1|	92.826	460	33	0	1	460	336	795	0.0	667	290053
c32a7ed356cdf2d4a0106ca23dcb004f	gi|343200760|ref|NR_041447.1|	92.873	463	27	6	1	460	326	785	0.0	667	376805
c32a7ed356cdf2d4a0106ca23dcb004f	gi|1116030286|ref|NR_144744.1|	92.625	461	32	2	1	460	339	798	0.0	664	1841856
dac10a548421a6bd8f571ee5cd154916	gi|2221405488|ref|NR_175548.1|	95.435	460	21	0	1	460	346	805	0.0	734	2739389
dac10a548421a6bd8f571ee5cd154916	gi|645322410|ref|NR_119165.1|	94.348	460	26	0	1	460	319	778	0.0	713	28116
dac10a548421a6bd8f571ee5cd154916	gi|2363084431|ref|NR_180463.1|	94.565	460	25	0	1	460	340	799	0.0	712	2650158
dac10a548421a6bd8f571ee5cd154916	gi|631251733|ref|NR_112931.1|	94.565	460	25	0	1	460	340	799	0.0	712	85831
dac10a548421a6bd8f571ee5cd154916	gi|265678305|ref|NR_028607.1|	94.553	459	25	0	2	460	333	791	0.0	710	85831
dac10a548421a6bd8f571ee5cd154916	gi|1491509587|ref|NR_159118.1|	94.348	460	26	0	1	460	310	769	0.0	706	28116
dac10a548421a6bd8f571ee5cd154916	gi|1491509586|ref|NR_159117.1|	94.348	460	26	0	1	460	301	760	0.0	706	28116
dac10a548421a6bd8f571ee5cd154916	gi|631251742|ref|NR_112940.1|	94.348	460	26	0	1	460	327	786	0.0	706	28116
dac10a548421a6bd8f571ee5cd154916	gi|636559244|ref|NR_115301.1|	94.348	460	26	0	1	460	320	779	0.0	706	28116
dac10a548421a6bd8f571ee5cd154916	gi|636560121|ref|NR_116181.1|	94.348	460	25	1	1	460	333	791	0.0	704	28116
2a497dbc02a706f334a46b0750226b63	gi|1109168017|ref|NR_144607.1|	99.091	440	4	0	1	440	282	721	0.0	791	1796615
2a497dbc02a706f334a46b0750226b63	gi|631252033|ref|NR_113231.1|	98.409	440	7	0	1	440	347	786	0.0	774	536633
2a497dbc02a706f334a46b0750226b63	gi|631251591|ref|NR_112789.1|	98.409	440	7	0	1	440	333	772	0.0	774	536633
2a497dbc02a706f334a46b0750226b63	gi|631252072|ref|NR_113270.1|	97.500	440	11	0	1	440	348	787	0.0	752	1121114
2a497dbc02a706f334a46b0750226b63	gi|645320731|ref|NR_117867.1|	97.500	440	11	0	1	440	300	739	0.0	752	871664
2a497dbc02a706f334a46b0750226b63	gi|559795114|ref|NR_104700.1|	97.500	440	11	0	1	440	348	787	0.0	752	33035
2a497dbc02a706f334a46b0750226b63	gi|2363082673|ref|NR_179584.1|	97.273	440	12	0	1	440	327	766	0.0	749	1917888
2a497dbc02a706f334a46b0750226b63	gi|219846720|ref|NR_026312.1|	97.273	440	12	0	1	440	327	766	0.0	749	180164
2a497dbc02a706f334a46b0750226b63	gi|1679775916|ref|NR_163638.1|	97.273	440	12	0	1	440	328	767	0.0	747	2025493
2a497dbc02a706f334a46b0750226b63	gi|1679775915|ref|NR_163637.1|	97.273	440	12	0	1	440	328	767	0.0	747	2025493
24ae414698e445e5e58db900ad6524d3	gi|645320556|ref|NR_117734.1|	98.871	443	5	0	1	443	309	751	0.0	791	850
24ae414698e445e5e58db900ad6524d3	gi|631252186|ref|NR_113384.1|	97.743	443	10	0	1	443	321	763	0.0	763	856
24ae414698e445e5e58db900ad6524d3	gi|645322306|ref|NR_119089.1|	98.174	438	4	4	1	436	323	758	0.0	761	850
24ae414698e445e5e58db900ad6524d3	gi|343206228|ref|NR_044820.1|	96.614	443	15	0	1	443	246	688	0.0	743	861
24ae414698e445e5e58db900ad6524d3	gi|1269235450|ref|NR_146837.2|	96.388	443	16	0	1	443	326	768	0.0	730	1755100
24ae414698e445e5e58db900ad6524d3	gi|228720055|ref|NR_027588.1|	96.163	443	17	0	1	443	246	688	0.0	728	469615
24ae414698e445e5e58db900ad6524d3	gi|2363082567|ref|NR_179530.1|	95.937	443	18	0	1	443	319	761	0.0	719	1852365
24ae414698e445e5e58db900ad6524d3	gi|631252181|ref|NR_113379.1|	95.937	443	18	0	1	443	321	763	0.0	719	134605
24ae414698e445e5e58db900ad6524d3	gi|265678628|ref|NR_028933.1|	95.937	443	18	0	1	443	321	763	0.0	719	134605
24ae414698e445e5e58db900ad6524d3	gi|2260473024|ref|NR_176801.1|	95.721	444	17	2	1	443	246	688	0.0	719	854
804f466cc711689560907a6c0512c537	gi|444304091|ref|NR_074515.1|	97.174	460	13	0	1	460	350	809	0.0	778	435590
804f466cc711689560907a6c0512c537	gi|631251748|ref|NR_112946.1|	97.174	460	13	0	1	460	339	798	0.0	778	821
804f466cc711689560907a6c0512c537	gi|343200664|ref|NR_041351.1|	97.174	460	13	0	1	460	341	800	0.0	778	357276
804f466cc711689560907a6c0512c537	gi|631250946|ref|NR_112143.1|	96.957	460	14	0	1	460	307	766	0.0	773	821
804f466cc711689560907a6c0512c537	gi|1109168015|ref|NR_144606.1|	94.565	460	25	0	1	460	340	799	0.0	712	1796613
804f466cc711689560907a6c0512c537	gi|2363082547|ref|NR_179520.1|	94.565	460	25	0	1	460	314	773	0.0	712	1841855
804f466cc711689560907a6c0512c537	gi|631251997|ref|NR_113195.1|	94.348	460	26	0	1	460	338	797	0.0	706	1236515
804f466cc711689560907a6c0512c537	gi|2363082611|ref|NR_179552.1|	94.143	461	26	1	1	460	340	800	0.0	701	1871006
804f466cc711689560907a6c0512c537	gi|631251866|ref|NR_113064.1|	94.130	460	27	0	1	460	338	797	0.0	701	1236538
804f466cc711689560907a6c0512c537	gi|631251817|ref|NR_113015.1|	94.130	460	27	0	1	460	338	797	0.0	701	1236538
ca3c6285da38072ead11dc91e4eb2819	gi|631252008|ref|NR_113206.1|	96.304	460	17	0	1	460	336	795	0.0	756	1236513
ca3c6285da38072ead11dc91e4eb2819	gi|2363084431|ref|NR_180463.1|	95.870	460	19	0	1	460	340	799	0.0	745	2650158
ca3c6285da38072ead11dc91e4eb2819	gi|444303855|ref|NR_074277.1|	95.879	461	17	2	1	460	352	811	0.0	745	818
ca3c6285da38072ead11dc91e4eb2819	gi|631251746|ref|NR_112944.1|	95.879	461	17	2	1	460	324	783	0.0	745	818
ca3c6285da38072ead11dc91e4eb2819	gi|343201773|ref|NR_042499.1|	95.870	460	19	0	1	460	294	753	0.0	745	657309
ca3c6285da38072ead11dc91e4eb2819	gi|631251749|ref|NR_112947.1|	95.652	460	20	0	1	460	326	785	0.0	741	657309
ca3c6285da38072ead11dc91e4eb2819	gi|631251733|ref|NR_112931.1|	95.652	460	20	0	1	460	340	799	0.0	739	85831
ca3c6285da38072ead11dc91e4eb2819	gi|265678305|ref|NR_028607.1|	95.643	459	20	0	2	460	333	791	0.0	737	85831
ca3c6285da38072ead11dc91e4eb2819	gi|645322410|ref|NR_119165.1|	95.000	460	23	0	1	460	319	778	0.0	730	28116
ca3c6285da38072ead11dc91e4eb2819	gi|631251869|ref|NR_113067.1|	95.217	460	22	0	1	460	325	784	0.0	728	1077285
e4710d97c0b5d34f898aac0233f93be0	gi|2221405488|ref|NR_175548.1|	98.913	460	5	0	1	460	346	805	0.0	822	2739389
e4710d97c0b5d34f898aac0233f93be0	gi|343200590|ref|NR_041277.1|	95.671	462	16	4	1	460	339	798	0.0	739	484018
e4710d97c0b5d34f898aac0233f93be0	gi|343200591|ref|NR_041278.1|	93.939	462	24	4	1	460	339	798	0.0	695	470145
e4710d97c0b5d34f898aac0233f93be0	gi|1146059112|ref|NR_145844.1|	92.641	462	30	3	1	460	339	798	0.0	662	1411144
e4710d97c0b5d34f898aac0233f93be0	gi|631251740|ref|NR_112938.1|	92.609	460	34	0	1	460	326	785	0.0	662	204516
e4710d97c0b5d34f898aac0233f93be0	gi|343198509|ref|NR_042745.1|	92.609	460	34	0	1	460	338	797	0.0	662	204516
e4710d97c0b5d34f898aac0233f93be0	gi|444304192|ref|NR_074616.1|	92.441	463	29	6	1	460	341	800	0.0	656	376805
e4710d97c0b5d34f898aac0233f93be0	gi|444304122|ref|NR_074546.1|	92.391	460	35	0	1	460	336	795	0.0	656	290053
e4710d97c0b5d34f898aac0233f93be0	gi|343200760|ref|NR_041447.1|	92.441	463	29	6	1	460	326	785	0.0	656	376805
e4710d97c0b5d34f898aac0233f93be0	gi|1116030286|ref|NR_144744.1|	92.191	461	34	2	1	460	339	798	0.0	652	1841856
37b674c491c7506a9175ab989875697a	gi|1109168015|ref|NR_144606.1|	95.217	460	22	0	1	460	340	799	0.0	728	1796613
37b674c491c7506a9175ab989875697a	gi|444304091|ref|NR_074515.1|	95.228	461	20	2	1	460	350	809	0.0	728	435590
37b674c491c7506a9175ab989875697a	gi|631251748|ref|NR_112946.1|	95.228	461	20	2	1	460	339	798	0.0	728	821
37b674c491c7506a9175ab989875697a	gi|343200664|ref|NR_041351.1|	95.228	461	20	2	1	460	341	800	0.0	728	357276
37b674c491c7506a9175ab989875697a	gi|2363082547|ref|NR_179520.1|	95.000	460	23	0	1	460	314	773	0.0	723	1841855
37b674c491c7506a9175ab989875697a	gi|631250946|ref|NR_112143.1|	95.011	461	21	2	1	460	307	766	0.0	723	821
37b674c491c7506a9175ab989875697a	gi|631251737|ref|NR_112935.1|	94.143	461	25	2	1	460	338	797	0.0	701	28111
37b674c491c7506a9175ab989875697a	gi|343200177|ref|NR_040864.1|	94.143	461	25	2	1	460	336	795	0.0	701	28111
37b674c491c7506a9175ab989875697a	gi|2363082611|ref|NR_179552.1|	93.939	462	25	3	1	460	340	800	0.0	695	1871006
37b674c491c7506a9175ab989875697a	gi|631251866|ref|NR_113064.1|	93.913	460	28	0	1	460	338	797	0.0	695	1236538
5e68f53dbb66d04f8f316935a7ea1f83	gi|645320556|ref|NR_117734.1|	99.097	443	4	0	1	443	309	751	0.0	797	850
5e68f53dbb66d04f8f316935a7ea1f83	gi|631252186|ref|NR_113384.1|	97.968	443	9	0	1	443	321	763	0.0	769	856
5e68f53dbb66d04f8f316935a7ea1f83	gi|645322306|ref|NR_119089.1|	98.182	440	4	4	1	438	323	760	0.0	765	850
5e68f53dbb66d04f8f316935a7ea1f83	gi|343206228|ref|NR_044820.1|	96.840	443	14	0	1	443	246	688	0.0	749	861
5e68f53dbb66d04f8f316935a7ea1f83	gi|1269235450|ref|NR_146837.2|	97.065	443	13	0	1	443	326	768	0.0	747	1755100
5e68f53dbb66d04f8f316935a7ea1f83	gi|2363082567|ref|NR_179530.1|	96.614	443	15	0	1	443	319	761	0.0	736	1852365
5e68f53dbb66d04f8f316935a7ea1f83	gi|631252181|ref|NR_113379.1|	96.614	443	15	0	1	443	321	763	0.0	736	134605
5e68f53dbb66d04f8f316935a7ea1f83	gi|265678628|ref|NR_028933.1|	96.614	443	15	0	1	443	321	763	0.0	736	134605
5e68f53dbb66d04f8f316935a7ea1f83	gi|2260473024|ref|NR_176801.1|	96.396	444	14	2	1	443	246	688	0.0	736	854
5e68f53dbb66d04f8f316935a7ea1f83	gi|228720055|ref|NR_027588.1|	96.388	443	16	0	1	443	246	688	0.0	734	469615
d7c7c069a08149a6d15c256ad168f40c	gi|636560687|ref|NR_116747.1|	99.091	440	4	0	1	440	301	740	0.0	791	1298596
d7c7c069a08149a6d15c256ad168f40c	gi|2363085133|ref|NR_180815.1|	96.818	440	14	0	1	440	350	789	0.0	736	2606633
d7c7c069a08149a6d15c256ad168f40c	gi|2363083556|ref|NR_180026.1|	96.818	440	14	0	1	440	348	787	0.0	736	2696678
d7c7c069a08149a6d15c256ad168f40c	gi|1909404440|ref|NR_170495.1|	96.591	440	15	0	1	440	355	794	0.0	730	2509240
d7c7c069a08149a6d15c256ad168f40c	gi|2363082374|ref|NR_179434.1|	96.591	440	15	0	1	440	349	788	0.0	730	1720300
d7c7c069a08149a6d15c256ad168f40c	gi|310974914|ref|NR_036777.1|	96.991	432	13	0	1	432	333	764	0.0	728	33039
d7c7c069a08149a6d15c256ad168f40c	gi|631251356|ref|NR_112553.1|	96.372	441	15	1	1	440	348	788	0.0	725	342942
d7c7c069a08149a6d15c256ad168f40c	gi|228719063|ref|NR_027579.1|	95.909	440	18	0	1	440	316	755	0.0	719	471875
d7c7c069a08149a6d15c256ad168f40c	gi|2363084846|ref|NR_180671.1|	95.909	440	18	0	1	440	63	502	0.0	713	2594882
d7c7c069a08149a6d15c256ad168f40c	gi|2962412221|ref|NR_199415.1|	95.909	440	18	0	1	440	338	777	0.0	713	3136600
888f1d681e11204c584e09ebd9b35a9b	gi|2221405488|ref|NR_175548.1|	96.522	460	16	0	1	460	346	805	0.0	761	2739389
888f1d681e11204c584e09ebd9b35a9b	gi|645322410|ref|NR_119165.1|	93.275	461	29	2	1	460	319	778	0.0	686	28116
888f1d681e11204c584e09ebd9b35a9b	gi|2363084431|ref|NR_180463.1|	93.492	461	28	2	1	460	340	799	0.0	684	2650158
888f1d681e11204c584e09ebd9b35a9b	gi|631251733|ref|NR_112931.1|	93.492	461	28	2	1	460	340	799	0.0	684	85831
888f1d681e11204c584e09ebd9b35a9b	gi|343200590|ref|NR_041277.1|	93.521	463	24	6	1	460	339	798	0.0	684	484018
888f1d681e11204c584e09ebd9b35a9b	gi|265678305|ref|NR_028607.1|	93.478	460	28	2	2	460	333	791	0.0	682	85831
888f1d681e11204c584e09ebd9b35a9b	gi|1491509587|ref|NR_159118.1|	93.275	461	29	2	1	460	310	769	0.0	678	28116
888f1d681e11204c584e09ebd9b35a9b	gi|1491509586|ref|NR_159117.1|	93.275	461	29	2	1	460	301	760	0.0	678	28116
888f1d681e11204c584e09ebd9b35a9b	gi|2363084156|ref|NR_180327.1|	93.290	462	28	3	1	460	322	782	0.0	678	2447885
888f1d681e11204c584e09ebd9b35a9b	gi|631251742|ref|NR_112940.1|	93.275	461	29	2	1	460	327	786	0.0	678	28116
fb283e6baf2ea7f3450990276ae9f678	gi|2363082168|ref|NR_179330.1|	97.738	442	10	0	1	442	327	768	0.0	761	2714355
fb283e6baf2ea7f3450990276ae9f678	gi|2363082165|ref|NR_179329.1|	97.285	442	12	0	1	442	327	768	0.0	750	2714353
fb283e6baf2ea7f3450990276ae9f678	gi|2363084741|ref|NR_180619.1|	93.018	444	28	3	1	442	347	789	0.0	645	2779352
fb283e6baf2ea7f3450990276ae9f678	gi|2962412234|ref|NR_199428.1|	93.002	443	29	2	1	442	352	793	0.0	645	3073143
fb283e6baf2ea7f3450990276ae9f678	gi|2260349448|ref|NR_176530.1|	92.777	443	30	2	1	442	358	799	0.0	640	2093857
fb283e6baf2ea7f3450990276ae9f678	gi|2363082342|ref|NR_179418.1|	92.809	445	27	3	1	442	348	790	0.0	640	1673721
fb283e6baf2ea7f3450990276ae9f678	gi|2363082559|ref|NR_179526.1|	92.777	443	30	2	1	442	349	790	0.0	640	1841866
fb283e6baf2ea7f3450990276ae9f678	gi|645321110|ref|NR_118156.1|	92.777	443	30	2	1	442	304	745	0.0	640	1007096
fb283e6baf2ea7f3450990276ae9f678	gi|219846080|ref|NR_025670.1|	92.777	443	31	1	1	442	329	771	0.0	640	411467
fb283e6baf2ea7f3450990276ae9f678	gi|2136551692|ref|NR_173697.1|	92.534	442	33	0	1	442	349	790	0.0	634	2108523
4dae2561b236e6d0378345451b7ab976	gi|444304091|ref|NR_074515.1|	97.180	461	11	2	1	460	350	809	0.0	778	435590
4dae2561b236e6d0378345451b7ab976	gi|631251748|ref|NR_112946.1|	97.180	461	11	2	1	460	339	798	0.0	778	821
4dae2561b236e6d0378345451b7ab976	gi|343200664|ref|NR_041351.1|	96.963	461	12	2	1	460	341	800	0.0	773	357276
4dae2561b236e6d0378345451b7ab976	gi|631250946|ref|NR_112143.1|	96.963	461	12	2	1	460	307	766	0.0	773	821
4dae2561b236e6d0378345451b7ab976	gi|631251997|ref|NR_113195.1|	93.478	460	30	0	1	460	338	797	0.0	684	1236515
4dae2561b236e6d0378345451b7ab976	gi|2363085522|ref|NR_181010.1|	93.261	460	31	0	1	460	297	756	0.0	678	2786956
4dae2561b236e6d0378345451b7ab976	gi|444304122|ref|NR_074546.1|	93.275	461	29	2	1	460	336	795	0.0	678	290053
4dae2561b236e6d0378345451b7ab976	gi|631251866|ref|NR_113064.1|	93.261	460	31	0	1	460	338	797	0.0	678	1236538
4dae2561b236e6d0378345451b7ab976	gi|631251817|ref|NR_113015.1|	93.261	460	31	0	1	460	338	797	0.0	678	1236538
4dae2561b236e6d0378345451b7ab976	gi|645320081|ref|NR_117373.1|	93.261	460	31	0	1	460	289	748	0.0	678	1236515
5a6294cd2e1d594d4e462093cc87fbcc	gi|265678656|ref|NR_028961.1|	98.864	440	5	0	1	440	327	766	0.0	785	853
5a6294cd2e1d594d4e462093cc87fbcc	gi|2363081451|ref|NR_178972.1|	98.636	440	6	0	1	440	285	724	0.0	780	1851428
5a6294cd2e1d594d4e462093cc87fbcc	gi|2363080123|ref|NR_178280.1|	98.636	440	6	0	1	440	331	770	0.0	780	411483
5a6294cd2e1d594d4e462093cc87fbcc	gi|3030611269|ref|NR_199945.1|	98.409	440	7	0	1	440	335	774	0.0	774	3435293
5a6294cd2e1d594d4e462093cc87fbcc	gi|2363081449|ref|NR_178971.1|	98.182	440	7	1	1	440	285	723	0.0	767	1851427
5a6294cd2e1d594d4e462093cc87fbcc	gi|2363082282|ref|NR_179388.1|	97.959	441	7	2	1	440	335	774	0.0	763	2935520
5a6294cd2e1d594d4e462093cc87fbcc	gi|2363080175|ref|NR_178311.1|	96.364	440	16	0	1	440	412	851	0.0	725	2903556
5a6294cd2e1d594d4e462093cc87fbcc	gi|1397641802|ref|NR_156911.1|	92.273	440	34	0	1	440	351	790	9.69e-179	625	1650663
5a6294cd2e1d594d4e462093cc87fbcc	gi|2363084747|ref|NR_180622.1|	92.290	441	32	2	1	440	335	774	9.69e-179	625	2779354
5a6294cd2e1d594d4e462093cc87fbcc	gi|2363082356|ref|NR_179425.1|	92.273	440	34	0	1	440	351	790	9.69e-179	625	1689304
eac78aea0009221a6dc7e70766c26eef	gi|343200980|ref|NR_041667.1|	98.925	465	5	0	1	465	320	784	0.0	832	487175
eac78aea0009221a6dc7e70766c26eef	gi|631252130|ref|NR_113328.1|	91.667	468	33	6	1	465	332	796	0.0	643	626947
eac78aea0009221a6dc7e70766c26eef	gi|631251705|ref|NR_112903.1|	91.667	468	33	6	1	465	312	776	0.0	643	626947
eac78aea0009221a6dc7e70766c26eef	gi|1109168043|ref|NR_144619.1|	91.026	468	36	6	1	465	340	804	2.85e-179	627	1796652
eac78aea0009221a6dc7e70766c26eef	gi|1193829159|ref|NR_147402.1|	89.936	467	43	4	1	465	332	796	6.22e-171	599	1907660
eac78aea0009221a6dc7e70766c26eef	gi|1811131556|ref|NR_165738.1|	89.507	467	45	4	1	465	309	773	1.35e-167	588	2490857
eac78aea0009221a6dc7e70766c26eef	gi|2363082296|ref|NR_179395.1|	89.339	469	42	7	1	465	330	794	4.84e-167	586	1506471
eac78aea0009221a6dc7e70766c26eef	gi|1246951785|ref|NR_149789.1|	89.270	466	48	2	1	465	297	761	6.27e-166	582	1783360
eac78aea0009221a6dc7e70766c26eef	gi|2363086886|ref|NR_181700.1|	89.339	469	42	7	1	465	329	793	6.27e-166	582	2825886
eac78aea0009221a6dc7e70766c26eef	gi|2363086884|ref|NR_181699.1|	89.339	469	42	7	1	465	329	793	6.27e-166	582	2825884
6f2647cb40401c2751c6035f7c3f9ea8	gi|1116030290|ref|NR_144748.1|	99.544	439	2	0	1	439	335	773	0.0	800	2897707
6f2647cb40401c2751c6035f7c3f9ea8	gi|228717037|ref|NR_027558.1|	94.761	439	23	0	1	439	292	730	0.0	684	169435
6f2647cb40401c2751c6035f7c3f9ea8	gi|343202572|ref|NR_042930.1|	94.761	439	23	0	1	439	366	804	0.0	684	258515
6f2647cb40401c2751c6035f7c3f9ea8	gi|1193829155|ref|NR_147398.1|	94.533	439	24	0	1	439	351	789	0.0	678	1720200
6f2647cb40401c2751c6035f7c3f9ea8	gi|2363082711|ref|NR_179603.1|	94.533	439	24	0	1	439	317	755	0.0	678	1944642
6f2647cb40401c2751c6035f7c3f9ea8	gi|2363082340|ref|NR_179417.1|	94.305	439	25	0	1	439	345	783	0.0	673	1673720
6f2647cb40401c2751c6035f7c3f9ea8	gi|2363082625|ref|NR_179559.1|	93.197	441	28	2	1	439	333	773	0.0	647	1871018
6f2647cb40401c2751c6035f7c3f9ea8	gi|2363082755|ref|NR_179626.1|	92.938	439	31	0	1	439	351	789	0.0	640	1987501
6f2647cb40401c2751c6035f7c3f9ea8	gi|2363082585|ref|NR_179539.1|	92.938	439	31	0	1	439	351	789	0.0	640	1852384
6f2647cb40401c2751c6035f7c3f9ea8	gi|2363082601|ref|NR_179547.1|	92.500	440	32	1	1	439	347	786	7.47e-180	628	1870991
62fa9c4cf2075da32fc20416cbd8e107	gi|343198540|ref|NR_042832.1|	99.320	441	3	0	1	441	330	770	0.0	798	301302
62fa9c4cf2075da32fc20416cbd8e107	gi|444439494|ref|NR_074809.1|	98.413	441	7	0	1	441	350	790	0.0	776	585394
62fa9c4cf2075da32fc20416cbd8e107	gi|645320588|ref|NR_117758.1|	98.416	442	6	1	1	441	322	763	0.0	776	166486
62fa9c4cf2075da32fc20416cbd8e107	gi|228716944|ref|NR_027557.1|	98.416	442	6	1	1	441	343	784	0.0	776	536231
62fa9c4cf2075da32fc20416cbd8e107	gi|444304209|ref|NR_074634.1|	98.186	441	7	1	1	441	350	789	0.0	769	515619
62fa9c4cf2075da32fc20416cbd8e107	gi|343201282|ref|NR_042008.1|	98.186	441	7	1	1	441	341	780	0.0	769	585394
62fa9c4cf2075da32fc20416cbd8e107	gi|1227086116|ref|NR_148619.1|	97.738	442	9	1	1	441	301	742	0.0	760	1712665
62fa9c4cf2075da32fc20416cbd8e107	gi|343201281|ref|NR_042007.1|	97.523	444	6	5	1	441	343	784	0.0	754	622312
62fa9c4cf2075da32fc20416cbd8e107	gi|2363086282|ref|NR_181393.1|	97.279	441	11	1	1	441	290	729	0.0	747	2763664
62fa9c4cf2075da32fc20416cbd8e107	gi|2363085153|ref|NR_180825.1|	97.052	441	13	0	1	441	347	787	0.0	743	2605790
818f483149b5b676165f861b00c64282	gi|1269806089|ref|NR_074784.2|	99.348	460	3	0	1	460	345	804	0.0	833	272559
818f483149b5b676165f861b00c64282	gi|631251738|ref|NR_112936.1|	99.348	460	3	0	1	460	338	797	0.0	833	817
818f483149b5b676165f861b00c64282	gi|645322408|ref|NR_119164.1|	99.348	460	3	0	1	460	317	776	0.0	833	817
818f483149b5b676165f861b00c64282	gi|631250944|ref|NR_112141.1|	98.043	460	7	2	1	460	335	792	0.0	798	817
818f483149b5b676165f861b00c64282	gi|2363082611|ref|NR_179552.1|	94.794	461	23	1	1	460	340	800	0.0	717	1871006
818f483149b5b676165f861b00c64282	gi|2363082547|ref|NR_179520.1|	94.794	461	22	2	1	460	314	773	0.0	717	1841855
818f483149b5b676165f861b00c64282	gi|636560121|ref|NR_116181.1|	94.384	463	19	4	1	460	333	791	0.0	704	28116
818f483149b5b676165f861b00c64282	gi|631251872|ref|NR_113070.1|	94.130	460	27	0	1	460	334	793	0.0	701	742727
818f483149b5b676165f861b00c64282	gi|631251697|ref|NR_112895.1|	94.130	460	27	0	1	460	314	773	0.0	701	742727
818f483149b5b676165f861b00c64282	gi|1109168015|ref|NR_144606.1|	93.913	460	28	0	1	460	340	799	0.0	695	1796613
e734c5c4c3a95522113648be0966f6ef	gi|631251734|ref|NR_112932.1|	94.577	461	23	2	1	460	328	787	0.0	712	47678
e734c5c4c3a95522113648be0966f6ef	gi|219846650|ref|NR_026242.1|	94.577	461	23	2	1	460	318	777	0.0	712	47678
e734c5c4c3a95522113648be0966f6ef	gi|631251869|ref|NR_113067.1|	94.348	460	26	0	1	460	325	784	0.0	706	1077285
e734c5c4c3a95522113648be0966f6ef	gi|2363084431|ref|NR_180463.1|	94.130	460	27	0	1	460	340	799	0.0	701	2650158
e734c5c4c3a95522113648be0966f6ef	gi|645320100|ref|NR_117387.1|	94.130	460	27	0	1	460	320	779	0.0	701	1077285
e734c5c4c3a95522113648be0966f6ef	gi|2363084421|ref|NR_180458.1|	93.926	461	26	2	1	460	340	799	0.0	695	2650157
e734c5c4c3a95522113648be0966f6ef	gi|343200626|ref|NR_041313.1|	93.926	461	26	2	1	460	340	799	0.0	695	338188
e734c5c4c3a95522113648be0966f6ef	gi|631251749|ref|NR_112947.1|	93.696	460	29	0	1	460	326	785	0.0	691	657309
e734c5c4c3a95522113648be0966f6ef	gi|2221405488|ref|NR_175548.1|	93.696	460	29	0	1	460	346	805	0.0	689	2739389
e734c5c4c3a95522113648be0966f6ef	gi|631251735|ref|NR_112933.1|	93.709	461	27	2	1	460	334	793	0.0	689	246787
f15ffcbe6a2f4355f4e43703ebb1639a	gi|3248465636|ref|NR_201647.1|	99.545	440	2	0	1	440	300	739	0.0	802	3380806
f15ffcbe6a2f4355f4e43703ebb1639a	gi|343198924|ref|NR_044048.1|	99.545	440	2	0	1	440	328	767	0.0	802	470146
f15ffcbe6a2f4355f4e43703ebb1639a	gi|1116030277|ref|NR_144735.1|	99.091	440	4	0	1	440	350	789	0.0	791	1745713
f15ffcbe6a2f4355f4e43703ebb1639a	gi|2363082603|ref|NR_179548.1|	97.273	440	12	0	1	440	348	787	0.0	749	1870993
f15ffcbe6a2f4355f4e43703ebb1639a	gi|265678940|ref|NR_029248.1|	96.818	440	12	2	1	440	349	786	0.0	736	500632
f15ffcbe6a2f4355f4e43703ebb1639a	gi|2363084846|ref|NR_180671.1|	96.136	440	17	0	1	440	63	502	0.0	719	2594882
f15ffcbe6a2f4355f4e43703ebb1639a	gi|2962412221|ref|NR_199415.1|	96.136	440	17	0	1	440	338	777	0.0	719	3136600
f15ffcbe6a2f4355f4e43703ebb1639a	gi|2363086021|ref|NR_181263.1|	96.136	440	17	0	1	440	334	773	0.0	719	2726362
f15ffcbe6a2f4355f4e43703ebb1639a	gi|2363086282|ref|NR_181393.1|	95.928	442	14	4	1	440	290	729	0.0	713	2763664
f15ffcbe6a2f4355f4e43703ebb1639a	gi|343203027|ref|NR_043551.1|	95.909	440	18	0	1	440	349	788	0.0	713	341220
406530b632b54188b63f9377eae086a6	gi|645320556|ref|NR_117734.1|	99.097	443	4	0	1	443	309	751	0.0	797	850
406530b632b54188b63f9377eae086a6	gi|631252186|ref|NR_113384.1|	97.968	443	9	0	1	443	321	763	0.0	769	856
406530b632b54188b63f9377eae086a6	gi|645322306|ref|NR_119089.1|	98.402	438	3	4	1	436	323	758	0.0	767	850
406530b632b54188b63f9377eae086a6	gi|343206228|ref|NR_044820.1|	96.840	443	14	0	1	443	246	688	0.0	749	861
406530b632b54188b63f9377eae086a6	gi|1269235450|ref|NR_146837.2|	96.614	443	15	0	1	443	326	768	0.0	736	1755100
406530b632b54188b63f9377eae086a6	gi|228720055|ref|NR_027588.1|	96.388	443	16	0	1	443	246	688	0.0	734	469615
406530b632b54188b63f9377eae086a6	gi|2363082567|ref|NR_179530.1|	96.163	443	17	0	1	443	319	761	0.0	725	1852365
406530b632b54188b63f9377eae086a6	gi|631252181|ref|NR_113379.1|	96.163	443	17	0	1	443	321	763	0.0	725	134605
406530b632b54188b63f9377eae086a6	gi|265678628|ref|NR_028933.1|	96.163	443	17	0	1	443	321	763	0.0	725	134605
406530b632b54188b63f9377eae086a6	gi|2260473024|ref|NR_176801.1|	95.946	444	16	2	1	443	246	688	0.0	725	854
bf78a602c17530ad86bd0c057707d867	gi|444304012|ref|NR_074436.1|	99.327	446	3	0	1	446	321	766	0.0	808	239935
bf78a602c17530ad86bd0c057707d867	gi|343202494|ref|NR_042817.1|	99.327	446	3	0	1	446	301	746	0.0	808	349741
bf78a602c17530ad86bd0c057707d867	gi|1315204026|ref|NR_152695.1|	91.537	449	34	3	1	446	300	747	5.91e-176	616	1679444
bf78a602c17530ad86bd0c057707d867	gi|343200983|ref|NR_041670.1|	84.979	466	49	7	1	446	298	762	1.36e-127	455	490092
bf78a602c17530ad86bd0c057707d867	gi|343200984|ref|NR_041671.1|	84.582	467	49	11	1	446	320	784	1.06e-123	442	490093
bf78a602c17530ad86bd0c057707d867	gi|2260349445|ref|NR_176527.1|	84.516	465	51	7	1	446	318	780	3.82e-123	440	2576071
bf78a602c17530ad86bd0c057707d867	gi|219846674|ref|NR_026266.1|	84.335	466	51	8	1	446	304	767	3.82e-123	440	240016
bf78a602c17530ad86bd0c057707d867	gi|343200937|ref|NR_041624.1|	84.402	468	48	11	1	446	321	785	4.94e-122	436	454151
bf78a602c17530ad86bd0c057707d867	gi|343200987|ref|NR_041674.1|	84.154	467	51	11	1	446	319	783	2.30e-120	431	490096
bf78a602c17530ad86bd0c057707d867	gi|566085532|ref|NR_109603.1|	83.940	467	52	11	1	446	281	745	1.07e-118	425	1157309
b2df3fb8a6a791957efa8a4fcc553f3a	gi|1491516029|ref|NR_159227.1|	99.091	440	4	0	1	440	351	790	0.0	791	1981510
b2df3fb8a6a791957efa8a4fcc553f3a	gi|2363084737|ref|NR_180617.1|	94.785	441	21	2	1	440	337	776	0.0	686	2779355
b2df3fb8a6a791957efa8a4fcc553f3a	gi|2363084120|ref|NR_180309.1|	93.018	444	26	4	1	440	289	731	0.0	643	2487273
b2df3fb8a6a791957efa8a4fcc553f3a	gi|219846327|ref|NR_025917.1|	92.955	440	30	1	1	440	309	747	0.0	640	35830
b2df3fb8a6a791957efa8a4fcc553f3a	gi|444304204|ref|NR_074629.1|	92.777	443	29	2	1	440	341	783	0.0	638	1515
b2df3fb8a6a791957efa8a4fcc553f3a	gi|631251959|ref|NR_113157.1|	92.777	443	29	2	1	440	341	783	0.0	638	1515
b2df3fb8a6a791957efa8a4fcc553f3a	gi|219857201|ref|NR_024829.1|	92.777	443	29	2	1	440	321	763	0.0	638	253314
b2df3fb8a6a791957efa8a4fcc553f3a	gi|507148180|ref|NR_102987.1|	92.727	440	32	0	1	440	464	903	0.0	636	720554
b2df3fb8a6a791957efa8a4fcc553f3a	gi|343200548|ref|NR_041235.1|	92.727	440	32	0	1	440	444	883	0.0	636	720554
b2df3fb8a6a791957efa8a4fcc553f3a	gi|219873437|ref|NR_026099.2|	92.273	440	34	0	1	440	309	748	2.69e-179	627	29353
f03a9deb2e2748b15fbc4019c15512fd	gi|265678656|ref|NR_028961.1|	99.091	440	4	0	1	440	327	766	0.0	791	853
f03a9deb2e2748b15fbc4019c15512fd	gi|2363081451|ref|NR_178972.1|	98.864	440	5	0	1	440	285	724	0.0	785	1851428
f03a9deb2e2748b15fbc4019c15512fd	gi|2363080123|ref|NR_178280.1|	98.864	440	5	0	1	440	331	770	0.0	785	411483
f03a9deb2e2748b15fbc4019c15512fd	gi|3030611269|ref|NR_199945.1|	98.636	440	6	0	1	440	335	774	0.0	780	3435293
f03a9deb2e2748b15fbc4019c15512fd	gi|2363081449|ref|NR_178971.1|	98.409	440	6	1	1	440	285	723	0.0	773	1851427
f03a9deb2e2748b15fbc4019c15512fd	gi|2363082282|ref|NR_179388.1|	98.186	441	6	2	1	440	335	774	0.0	769	2935520
f03a9deb2e2748b15fbc4019c15512fd	gi|2363080175|ref|NR_178311.1|	96.591	440	15	0	1	440	412	851	0.0	730	2903556
f03a9deb2e2748b15fbc4019c15512fd	gi|1397641802|ref|NR_156911.1|	92.500	440	33	0	1	440	351	790	2.08e-180	630	1650663
f03a9deb2e2748b15fbc4019c15512fd	gi|2363084747|ref|NR_180622.1|	92.517	441	31	2	1	440	335	774	2.08e-180	630	2779354
f03a9deb2e2748b15fbc4019c15512fd	gi|2363082356|ref|NR_179425.1|	92.500	440	33	0	1	440	351	790	2.08e-180	630	1689304
41cfb384b90d1c4a4d51e34223135821	gi|1193829129|ref|NR_147372.1|	99.565	460	2	0	1	460	339	798	0.0	839	1871003
41cfb384b90d1c4a4d51e34223135821	gi|1146059150|ref|NR_145882.1|	99.565	460	2	0	1	460	286	745	0.0	839	1501391
41cfb384b90d1c4a4d51e34223135821	gi|2363082099|ref|NR_179296.1|	91.106	461	39	2	1	460	324	783	3.65e-178	623	2585119
41cfb384b90d1c4a4d51e34223135821	gi|672239000|ref|NR_125589.1|	91.106	461	39	2	1	460	269	728	3.65e-178	623	1033731
41cfb384b90d1c4a4d51e34223135821	gi|2363087245|ref|NR_181878.1|	90.948	464	34	8	1	460	284	743	1.70e-176	617	2880705
41cfb384b90d1c4a4d51e34223135821	gi|631251954|ref|NR_113152.1|	90.948	464	34	8	1	460	337	796	1.70e-176	617	28117
41cfb384b90d1c4a4d51e34223135821	gi|2363082505|ref|NR_179499.1|	90.713	463	37	6	1	460	342	801	7.90e-175	612	2364787
41cfb384b90d1c4a4d51e34223135821	gi|631251953|ref|NR_113151.1|	90.713	463	37	6	1	460	338	797	7.90e-175	612	328813
41cfb384b90d1c4a4d51e34223135821	gi|343202833|ref|NR_043318.1|	90.713	463	37	6	1	460	324	783	7.90e-175	612	328813
41cfb384b90d1c4a4d51e34223135821	gi|2363082531|ref|NR_179512.1|	90.456	461	42	2	1	460	338	797	1.02e-173	608	1816676
a0f91176d9124165575a190f59b9699c	gi|645320556|ref|NR_117734.1|	99.097	443	4	0	1	443	309	751	0.0	797	850
a0f91176d9124165575a190f59b9699c	gi|631252186|ref|NR_113384.1|	97.968	443	9	0	1	443	321	763	0.0	769	856
a0f91176d9124165575a190f59b9699c	gi|645322306|ref|NR_119089.1|	98.402	438	3	4	1	436	323	758	0.0	767	850
a0f91176d9124165575a190f59b9699c	gi|1269235450|ref|NR_146837.2|	97.065	443	13	0	1	443	326	768	0.0	747	1755100
a0f91176d9124165575a190f59b9699c	gi|343206228|ref|NR_044820.1|	96.614	443	15	0	1	443	246	688	0.0	743	861
a0f91176d9124165575a190f59b9699c	gi|2363082567|ref|NR_179530.1|	96.614	443	15	0	1	443	319	761	0.0	736	1852365
a0f91176d9124165575a190f59b9699c	gi|631252181|ref|NR_113379.1|	96.614	443	15	0	1	443	321	763	0.0	736	134605
a0f91176d9124165575a190f59b9699c	gi|265678628|ref|NR_028933.1|	96.614	443	15	0	1	443	321	763	0.0	736	134605
a0f91176d9124165575a190f59b9699c	gi|2260473024|ref|NR_176801.1|	96.171	444	15	2	1	443	246	688	0.0	730	854
a0f91176d9124165575a190f59b9699c	gi|228720055|ref|NR_027588.1|	96.163	443	17	0	1	443	246	688	0.0	728	469615
f85045f5f76d2231107ccbbbfe837fd8	gi|2363082342|ref|NR_179418.1|	99.097	443	4	0	1	443	348	790	0.0	797	1673721
f85045f5f76d2231107ccbbbfe837fd8	gi|3030611323|ref|NR_199999.1|	96.163	443	17	0	1	443	301	743	0.0	725	3133422
f85045f5f76d2231107ccbbbfe837fd8	gi|2363082326|ref|NR_179410.1|	96.163	443	17	0	1	443	349	791	0.0	725	1650661
f85045f5f76d2231107ccbbbfe837fd8	gi|1193829127|ref|NR_147370.1|	95.937	443	18	0	1	443	349	791	0.0	719	1870988
f85045f5f76d2231107ccbbbfe837fd8	gi|219846080|ref|NR_025670.1|	95.937	443	18	0	1	443	329	771	0.0	719	411467
f85045f5f76d2231107ccbbbfe837fd8	gi|2136551692|ref|NR_173697.1|	95.937	443	17	1	1	443	349	790	0.0	717	2108523
f85045f5f76d2231107ccbbbfe837fd8	gi|2363084741|ref|NR_180619.1|	95.485	443	20	0	1	443	347	789	0.0	708	2779352
f85045f5f76d2231107ccbbbfe837fd8	gi|2363082358|ref|NR_179426.1|	95.485	443	20	0	1	443	349	791	0.0	708	1702285
f85045f5f76d2231107ccbbbfe837fd8	gi|2363082352|ref|NR_179423.1|	95.034	443	22	0	1	443	349	791	0.0	697	1689270
f85045f5f76d2231107ccbbbfe837fd8	gi|343198636|ref|NR_043142.1|	95.034	443	22	0	1	443	323	765	0.0	697	292800
a1c9b0b4bf6c1b1994f7e19c29af2b03	gi|310974914|ref|NR_036777.1|	98.630	438	6	0	1	438	333	770	0.0	778	33039
a1c9b0b4bf6c1b1994f7e19c29af2b03	gi|2363084846|ref|NR_180671.1|	97.955	440	9	0	1	440	63	502	0.0	763	2594882
a1c9b0b4bf6c1b1994f7e19c29af2b03	gi|2363082374|ref|NR_179434.1|	97.727	440	10	0	1	440	349	788	0.0	758	1720300
a1c9b0b4bf6c1b1994f7e19c29af2b03	gi|2962412221|ref|NR_199415.1|	97.273	440	12	0	1	440	338	777	0.0	747	3136600
a1c9b0b4bf6c1b1994f7e19c29af2b03	gi|636560687|ref|NR_116747.1|	97.045	440	13	0	1	440	301	740	0.0	741	1298596
a1c9b0b4bf6c1b1994f7e19c29af2b03	gi|636559443|ref|NR_115502.1|	95.928	442	15	3	1	440	349	789	0.0	726	33039
a1c9b0b4bf6c1b1994f7e19c29af2b03	gi|631251356|ref|NR_112553.1|	96.145	441	16	1	1	440	348	788	0.0	719	342942
a1c9b0b4bf6c1b1994f7e19c29af2b03	gi|2363085133|ref|NR_180815.1|	95.909	440	18	0	1	440	350	789	0.0	713	2606633
a1c9b0b4bf6c1b1994f7e19c29af2b03	gi|2363082059|ref|NR_179276.1|	95.909	440	18	0	1	440	334	773	0.0	713	2316025
a1c9b0b4bf6c1b1994f7e19c29af2b03	gi|2363083556|ref|NR_180026.1|	95.909	440	18	0	1	440	348	787	0.0	713	2696678
85bc1bd7061d20bc62a438fdd8c8b271	gi|2363082679|ref|NR_179587.1|	97.273	440	12	0	1	440	328	767	0.0	747	1926283
85bc1bd7061d20bc62a438fdd8c8b271	gi|2363081854|ref|NR_179173.1|	97.273	440	12	0	1	440	333	772	0.0	747	2126740
85bc1bd7061d20bc62a438fdd8c8b271	gi|3030611230|ref|NR_199906.1|	96.818	440	14	0	1	440	354	793	0.0	736	3123317
85bc1bd7061d20bc62a438fdd8c8b271	gi|3030611314|ref|NR_199990.1|	96.818	440	14	0	1	440	350	789	0.0	736	3123317
85bc1bd7061d20bc62a438fdd8c8b271	gi|1193829153|ref|NR_147396.1|	96.818	440	14	0	1	440	328	767	0.0	736	1917870
85bc1bd7061d20bc62a438fdd8c8b271	gi|1384992332|ref|NR_156081.1|	96.818	440	14	0	1	440	336	775	0.0	736	1469948
85bc1bd7061d20bc62a438fdd8c8b271	gi|1384992331|ref|NR_156080.1|	96.818	440	14	0	1	440	336	775	0.0	736	1469948
85bc1bd7061d20bc62a438fdd8c8b271	gi|1384992329|ref|NR_156078.1|	96.818	440	14	0	1	440	336	775	0.0	736	1469948
85bc1bd7061d20bc62a438fdd8c8b271	gi|1384992328|ref|NR_156077.1|	96.818	440	14	0	1	440	336	775	0.0	736	1469948
85bc1bd7061d20bc62a438fdd8c8b271	gi|2363085097|ref|NR_180797.1|	96.818	440	14	0	1	440	346	785	0.0	736	2605778
2f3d329e2c85af8381c4806342b7a433	gi|1277396271|ref|NR_151982.1|	99.097	443	4	0	1	443	248	690	0.0	797	1628085
2f3d329e2c85af8381c4806342b7a433	gi|1277396349|ref|NR_152060.1|	98.871	443	5	0	1	443	336	778	0.0	793	1712515
2f3d329e2c85af8381c4806342b7a433	gi|545589041|ref|NR_044644.2|	95.711	443	17	1	1	443	354	794	0.0	719	39484
2f3d329e2c85af8381c4806342b7a433	gi|1193829128|ref|NR_147371.1|	95.711	443	17	1	1	443	277	717	0.0	712	1871029
2f3d329e2c85af8381c4806342b7a433	gi|343205971|ref|NR_044490.1|	94.820	444	22	1	1	443	348	791	0.0	691	501571
2f3d329e2c85af8381c4806342b7a433	gi|2363082930|ref|NR_179713.1|	94.131	443	26	0	1	443	319	761	0.0	675	1945634
2f3d329e2c85af8381c4806342b7a433	gi|2363087009|ref|NR_181761.1|	92.325	443	33	1	1	443	269	710	7.54e-180	628	2841509
2f3d329e2c85af8381c4806342b7a433	gi|645321636|ref|NR_118554.1|	90.293	443	43	0	1	443	329	771	2.14e-165	580	1297617
2f3d329e2c85af8381c4806342b7a433	gi|3248465658|ref|NR_201672.1|	90.090	444	42	2	1	443	296	738	9.96e-164	575	3381350
2f3d329e2c85af8381c4806342b7a433	gi|2363082352|ref|NR_179423.1|	90.090	444	42	2	1	443	349	791	9.96e-164	575	1689270
26717e9678962d2f9892fbac6b11dd2f	gi|265678656|ref|NR_028961.1|	98.864	440	5	0	1	440	327	766	0.0	785	853
26717e9678962d2f9892fbac6b11dd2f	gi|2363081451|ref|NR_178972.1|	98.636	440	6	0	1	440	285	724	0.0	780	1851428
26717e9678962d2f9892fbac6b11dd2f	gi|2363080123|ref|NR_178280.1|	98.636	440	6	0	1	440	331	770	0.0	780	411483
26717e9678962d2f9892fbac6b11dd2f	gi|3030611269|ref|NR_199945.1|	98.409	440	7	0	1	440	335	774	0.0	774	3435293
26717e9678962d2f9892fbac6b11dd2f	gi|2363081449|ref|NR_178971.1|	98.182	440	7	1	1	440	285	723	0.0	767	1851427
26717e9678962d2f9892fbac6b11dd2f	gi|2363082282|ref|NR_179388.1|	97.959	441	7	2	1	440	335	774	0.0	763	2935520
26717e9678962d2f9892fbac6b11dd2f	gi|2363080175|ref|NR_178311.1|	96.364	440	16	0	1	440	412	851	0.0	725	2903556
26717e9678962d2f9892fbac6b11dd2f	gi|1397641802|ref|NR_156911.1|	92.273	440	34	0	1	440	351	790	9.69e-179	625	1650663
26717e9678962d2f9892fbac6b11dd2f	gi|2363084747|ref|NR_180622.1|	92.290	441	32	2	1	440	335	774	9.69e-179	625	2779354
26717e9678962d2f9892fbac6b11dd2f	gi|2363082356|ref|NR_179425.1|	92.273	440	34	0	1	440	351	790	9.69e-179	625	1689304
9c22207181c9782303c0091533576f07	gi|1811131545|ref|NR_165727.1|	98.198	444	8	0	1	444	358	801	0.0	776	2358141
9c22207181c9782303c0091533576f07	gi|219846061|ref|NR_025651.1|	94.144	444	25	1	1	444	350	792	0.0	675	160404
9c22207181c9782303c0091533576f07	gi|631252210|ref|NR_113408.1|	93.919	444	26	1	1	444	351	793	0.0	669	28446
9c22207181c9782303c0091533576f07	gi|1445136073|ref|NR_158113.1|	93.933	445	24	3	1	444	328	770	0.0	669	433287
9c22207181c9782303c0091533576f07	gi|265678961|ref|NR_029269.1|	93.694	444	26	2	1	444	350	791	0.0	664	28446
9c22207181c9782303c0091533576f07	gi|2621112349|ref|NR_189253.1|	93.243	444	30	0	1	444	345	788	0.0	654	2918914
9c22207181c9782303c0091533576f07	gi|1397641803|ref|NR_156912.1|	93.018	444	30	1	1	444	307	749	0.0	647	1450156
9c22207181c9782303c0091533576f07	gi|645320791|ref|NR_117912.1|	93.018	444	30	1	1	444	325	767	0.0	647	879970
9c22207181c9782303c0091533576f07	gi|219846558|ref|NR_026150.1|	93.018	444	29	2	1	444	350	791	0.0	647	36847
9c22207181c9782303c0091533576f07	gi|1230874676|ref|NR_148837.1|	92.809	445	26	4	1	444	347	786	0.0	640	1675854
7567c6fdeca1d88bbd67dcf9a3b2910d	gi|2221405488|ref|NR_175548.1|	95.435	460	21	0	1	460	346	805	0.0	734	2739389
7567c6fdeca1d88bbd67dcf9a3b2910d	gi|631251734|ref|NR_112932.1|	95.217	460	22	0	1	460	328	787	0.0	728	47678
7567c6fdeca1d88bbd67dcf9a3b2910d	gi|219846650|ref|NR_026242.1|	95.217	460	22	0	1	460	318	777	0.0	728	47678
7567c6fdeca1d88bbd67dcf9a3b2910d	gi|343201773|ref|NR_042499.1|	94.348	460	26	0	1	460	294	753	0.0	706	657309
7567c6fdeca1d88bbd67dcf9a3b2910d	gi|631251749|ref|NR_112947.1|	94.130	460	27	0	1	460	326	785	0.0	702	657309
7567c6fdeca1d88bbd67dcf9a3b2910d	gi|631251869|ref|NR_113067.1|	94.130	460	27	0	1	460	325	784	0.0	701	1077285
7567c6fdeca1d88bbd67dcf9a3b2910d	gi|631251735|ref|NR_112933.1|	94.143	461	25	2	1	460	334	793	0.0	701	246787
7567c6fdeca1d88bbd67dcf9a3b2910d	gi|2363084431|ref|NR_180463.1|	93.913	460	28	0	1	460	340	799	0.0	695	2650158
7567c6fdeca1d88bbd67dcf9a3b2910d	gi|631251733|ref|NR_112931.1|	93.913	460	28	0	1	460	340	799	0.0	695	85831
7567c6fdeca1d88bbd67dcf9a3b2910d	gi|645320100|ref|NR_117387.1|	93.913	460	28	0	1	460	320	779	0.0	695	1077285
319b8660950e87ce888ebf93e4357ca7	gi|2221405488|ref|NR_175548.1|	99.348	460	3	0	1	460	346	805	0.0	833	2739389
319b8660950e87ce888ebf93e4357ca7	gi|343200590|ref|NR_041277.1|	96.104	462	14	4	1	460	339	798	0.0	750	484018
319b8660950e87ce888ebf93e4357ca7	gi|343200591|ref|NR_041278.1|	94.372	462	22	4	1	460	339	798	0.0	706	470145
319b8660950e87ce888ebf93e4357ca7	gi|1146059112|ref|NR_145844.1|	93.074	462	28	3	1	460	339	798	0.0	673	1411144
319b8660950e87ce888ebf93e4357ca7	gi|631251740|ref|NR_112938.1|	93.043	460	32	0	1	460	326	785	0.0	673	204516
319b8660950e87ce888ebf93e4357ca7	gi|343198509|ref|NR_042745.1|	93.043	460	32	0	1	460	338	797	0.0	673	204516
319b8660950e87ce888ebf93e4357ca7	gi|444304192|ref|NR_074616.1|	92.873	463	27	6	1	460	341	800	0.0	667	376805
319b8660950e87ce888ebf93e4357ca7	gi|444304122|ref|NR_074546.1|	92.826	460	33	0	1	460	336	795	0.0	667	290053
319b8660950e87ce888ebf93e4357ca7	gi|343200760|ref|NR_041447.1|	92.873	463	27	6	1	460	326	785	0.0	667	376805
319b8660950e87ce888ebf93e4357ca7	gi|1116030286|ref|NR_144744.1|	92.625	461	32	2	1	460	339	798	0.0	664	1841856
279d15aeda36683942ec48cd7afdfeca	gi|559795255|ref|NR_104846.1|	96.591	440	15	0	1	440	288	727	0.0	730	745368
279d15aeda36683942ec48cd7afdfeca	gi|265678692|ref|NR_028997.1|	95.692	441	18	1	1	440	303	743	0.0	708	214851
279d15aeda36683942ec48cd7afdfeca	gi|3030611269|ref|NR_199945.1|	94.773	440	23	0	1	440	335	774	0.0	686	3435293
279d15aeda36683942ec48cd7afdfeca	gi|265678656|ref|NR_028961.1|	94.318	440	25	0	1	440	327	766	0.0	675	853
279d15aeda36683942ec48cd7afdfeca	gi|2363081451|ref|NR_178972.1|	94.091	440	26	0	1	440	285	724	0.0	669	1851428
279d15aeda36683942ec48cd7afdfeca	gi|2363080123|ref|NR_178280.1|	94.091	440	26	0	1	440	331	770	0.0	669	411483
279d15aeda36683942ec48cd7afdfeca	gi|2363081449|ref|NR_178971.1|	93.864	440	26	1	1	440	285	723	0.0	662	1851427
279d15aeda36683942ec48cd7afdfeca	gi|2363082356|ref|NR_179425.1|	93.636	440	28	0	1	440	351	790	0.0	658	1689304
279d15aeda36683942ec48cd7afdfeca	gi|1397641802|ref|NR_156911.1|	93.409	440	29	0	1	440	351	790	0.0	652	1650663
279d15aeda36683942ec48cd7afdfeca	gi|2363082282|ref|NR_179388.1|	93.424	441	27	2	1	440	335	774	0.0	652	2935520
b494df29bf931333385eef6595cfae42	gi|636560108|ref|NR_116168.1|	98.495	465	7	0	1	465	335	799	0.0	821	888828
b494df29bf931333385eef6595cfae42	gi|343202529|ref|NR_042878.1|	98.495	465	7	0	1	465	314	778	0.0	821	888828
b494df29bf931333385eef6595cfae42	gi|645321895|ref|NR_118762.1|	97.408	463	12	0	3	465	340	802	0.0	800	888828
b494df29bf931333385eef6595cfae42	gi|645321093|ref|NR_118143.1|	97.419	465	12	0	1	465	316	780	0.0	795	1035839
b494df29bf931333385eef6595cfae42	gi|219878284|ref|NR_025423.1|	96.989	465	14	0	1	465	319	783	0.0	782	249188
b494df29bf931333385eef6595cfae42	gi|3248465850|ref|NR_201865.1|	95.494	466	19	2	1	465	261	725	0.0	743	3414265
b494df29bf931333385eef6595cfae42	gi|343202522|ref|NR_042871.1|	95.269	465	22	0	1	465	316	780	0.0	741	123820
b494df29bf931333385eef6595cfae42	gi|1491522540|ref|NR_159347.1|	95.269	465	22	0	1	465	340	804	0.0	741	28161
b494df29bf931333385eef6595cfae42	gi|694281134|ref|NR_115546.2|	95.289	467	18	4	1	465	344	808	0.0	737	715
b494df29bf931333385eef6595cfae42	gi|636559161|ref|NR_115218.1|	95.289	467	18	4	1	465	314	778	0.0	737	157339
7390673710274cdaeaefb1cddae33504	gi|2363084431|ref|NR_180463.1|	96.746	461	13	2	1	460	340	799	0.0	767	2650158
7390673710274cdaeaefb1cddae33504	gi|444303855|ref|NR_074277.1|	96.522	460	16	0	1	460	352	811	0.0	761	818
7390673710274cdaeaefb1cddae33504	gi|631251746|ref|NR_112944.1|	96.522	460	16	0	1	460	324	783	0.0	761	818
7390673710274cdaeaefb1cddae33504	gi|631251749|ref|NR_112947.1|	96.312	461	15	2	1	460	326	785	0.0	758	657309
7390673710274cdaeaefb1cddae33504	gi|343201773|ref|NR_042499.1|	96.312	461	15	2	1	460	294	753	0.0	756	657309
7390673710274cdaeaefb1cddae33504	gi|645322410|ref|NR_119165.1|	95.879	461	17	2	1	460	319	778	0.0	752	28116
7390673710274cdaeaefb1cddae33504	gi|631251733|ref|NR_112931.1|	96.095	461	16	2	1	460	340	799	0.0	750	85831
7390673710274cdaeaefb1cddae33504	gi|265678305|ref|NR_028607.1|	96.087	460	16	2	2	460	333	791	0.0	749	85831
7390673710274cdaeaefb1cddae33504	gi|1491509587|ref|NR_159118.1|	95.879	461	17	2	1	460	310	769	0.0	745	28116
7390673710274cdaeaefb1cddae33504	gi|1491509586|ref|NR_159117.1|	95.879	461	17	2	1	460	301	760	0.0	745	28116
6429b231b47aece4713b300349729bba	gi|343205678|ref|NR_044054.1|	98.864	440	5	0	1	440	297	736	0.0	785	1121115
6429b231b47aece4713b300349729bba	gi|631253117|ref|NR_114315.1|	98.636	440	6	0	1	440	336	775	0.0	782	649762
6429b231b47aece4713b300349729bba	gi|2363082685|ref|NR_179590.1|	98.413	441	6	1	1	440	327	767	0.0	776	1936059
6429b231b47aece4713b300349729bba	gi|219846722|ref|NR_026314.1|	96.818	440	14	0	1	440	330	769	0.0	736	53443
6429b231b47aece4713b300349729bba	gi|219846720|ref|NR_026312.1|	96.364	440	16	0	1	440	327	766	0.0	726	180164
6429b231b47aece4713b300349729bba	gi|2363084170|ref|NR_180334.1|	96.364	440	16	0	1	440	253	692	0.0	725	2763028
6429b231b47aece4713b300349729bba	gi|2363086300|ref|NR_181402.1|	96.364	440	16	0	1	440	300	739	0.0	725	2763028
6429b231b47aece4713b300349729bba	gi|631252033|ref|NR_113231.1|	96.372	441	14	2	1	440	347	786	0.0	725	536633
6429b231b47aece4713b300349729bba	gi|631251591|ref|NR_112789.1|	96.372	441	14	2	1	440	333	772	0.0	725	536633
6429b231b47aece4713b300349729bba	gi|2363082673|ref|NR_179584.1|	96.145	441	15	2	1	440	327	766	0.0	719	1917888
2509926c38d9a8a5d5b51ed3fe0e4592	gi|2363082679|ref|NR_179587.1|	96.591	440	15	0	1	440	328	767	0.0	730	1926283
2509926c38d9a8a5d5b51ed3fe0e4592	gi|2363082819|ref|NR_179658.1|	96.591	440	15	0	1	440	353	792	0.0	730	2086584
2509926c38d9a8a5d5b51ed3fe0e4592	gi|2363081854|ref|NR_179173.1|	96.591	440	15	0	1	440	333	772	0.0	730	2126740
2509926c38d9a8a5d5b51ed3fe0e4592	gi|2836274880|ref|NR_197643.1|	96.136	440	17	0	1	440	329	768	0.0	719	2962432
2509926c38d9a8a5d5b51ed3fe0e4592	gi|1397641798|ref|NR_156907.1|	96.136	440	17	0	1	440	348	787	0.0	719	1912855
2509926c38d9a8a5d5b51ed3fe0e4592	gi|1384992332|ref|NR_156081.1|	96.136	440	17	0	1	440	336	775	0.0	719	1469948
2509926c38d9a8a5d5b51ed3fe0e4592	gi|1384992329|ref|NR_156078.1|	96.136	440	17	0	1	440	336	775	0.0	719	1469948
2509926c38d9a8a5d5b51ed3fe0e4592	gi|2363080261|ref|NR_178356.1|	96.136	440	17	0	1	440	313	752	0.0	719	558153
2509926c38d9a8a5d5b51ed3fe0e4592	gi|310975204|ref|NR_037068.1|	96.136	440	17	0	1	440	341	780	0.0	719	29375
2509926c38d9a8a5d5b51ed3fe0e4592	gi|219846508|ref|NR_026100.1|	96.136	440	17	0	1	440	323	762	0.0	719	1286362
9f4b4bd2f7de34ccf3071b702ed4f115	gi|1193829129|ref|NR_147372.1|	96.087	460	18	0	1	460	339	798	0.0	750	1871003
9f4b4bd2f7de34ccf3071b702ed4f115	gi|1146059150|ref|NR_145882.1|	96.087	460	18	0	1	460	286	745	0.0	750	1501391
9f4b4bd2f7de34ccf3071b702ed4f115	gi|2363082099|ref|NR_179296.1|	88.720	461	50	2	1	460	324	783	8.07e-160	562	2585119
9f4b4bd2f7de34ccf3071b702ed4f115	gi|672239000|ref|NR_125589.1|	88.720	461	50	2	1	460	269	728	8.07e-160	562	1033731
9f4b4bd2f7de34ccf3071b702ed4f115	gi|631251954|ref|NR_113152.1|	88.578	464	45	8	1	460	337	796	3.75e-158	556	28117
9f4b4bd2f7de34ccf3071b702ed4f115	gi|2363082505|ref|NR_179499.1|	88.337	463	48	6	1	460	342	801	1.75e-156	551	2364787
9f4b4bd2f7de34ccf3071b702ed4f115	gi|631251953|ref|NR_113151.1|	88.337	463	48	6	1	460	338	797	1.75e-156	551	328813
9f4b4bd2f7de34ccf3071b702ed4f115	gi|343202833|ref|NR_043318.1|	88.337	463	48	6	1	460	324	783	1.75e-156	551	328813
9f4b4bd2f7de34ccf3071b702ed4f115	gi|2363087245|ref|NR_181878.1|	88.147	464	47	8	1	460	284	743	8.13e-155	545	2880705
9f4b4bd2f7de34ccf3071b702ed4f115	gi|2363086959|ref|NR_181736.1|	88.147	464	47	8	1	460	334	793	8.13e-155	545	2834113
cb278000a3573d7039e01a8a072cd07c	gi|631252008|ref|NR_113206.1|	92.826	460	32	1	1	459	336	795	0.0	665	1236513
cb278000a3573d7039e01a8a072cd07c	gi|2363084431|ref|NR_180463.1|	92.174	460	35	1	1	459	340	799	0.0	649	2650158
cb278000a3573d7039e01a8a072cd07c	gi|631251733|ref|NR_112931.1|	92.174	460	35	1	1	459	340	799	0.0	649	85831
cb278000a3573d7039e01a8a072cd07c	gi|343201773|ref|NR_042499.1|	92.174	460	35	1	1	459	294	753	0.0	649	657309
cb278000a3573d7039e01a8a072cd07c	gi|265678305|ref|NR_028607.1|	92.157	459	35	1	2	459	333	791	0.0	647	85831
cb278000a3573d7039e01a8a072cd07c	gi|631251749|ref|NR_112947.1|	91.957	460	36	1	1	459	326	785	0.0	645	657309
cb278000a3573d7039e01a8a072cd07c	gi|444303855|ref|NR_074277.1|	91.974	461	34	3	1	459	352	811	0.0	643	818
cb278000a3573d7039e01a8a072cd07c	gi|631251746|ref|NR_112944.1|	91.974	461	34	3	1	459	324	783	0.0	643	818
cb278000a3573d7039e01a8a072cd07c	gi|631251869|ref|NR_113067.1|	91.522	460	38	1	1	459	325	784	0.0	632	1077285
cb278000a3573d7039e01a8a072cd07c	gi|631251744|ref|NR_112942.1|	91.558	462	34	4	1	459	323	782	0.0	632	291644
775cca779c9e4a619e61c1b4d905248c	gi|645322410|ref|NR_119165.1|	95.217	460	22	0	1	460	319	778	0.0	736	28116
775cca779c9e4a619e61c1b4d905248c	gi|2221405488|ref|NR_175548.1|	95.435	460	21	0	1	460	346	805	0.0	734	2739389
775cca779c9e4a619e61c1b4d905248c	gi|2363084431|ref|NR_180463.1|	95.435	460	21	0	1	460	340	799	0.0	734	2650158
775cca779c9e4a619e61c1b4d905248c	gi|631251733|ref|NR_112931.1|	95.435	460	21	0	1	460	340	799	0.0	734	85831
775cca779c9e4a619e61c1b4d905248c	gi|265678305|ref|NR_028607.1|	95.425	459	21	0	2	460	333	791	0.0	732	85831
775cca779c9e4a619e61c1b4d905248c	gi|1491509587|ref|NR_159118.1|	95.217	460	22	0	1	460	310	769	0.0	728	28116
775cca779c9e4a619e61c1b4d905248c	gi|1491509586|ref|NR_159117.1|	95.217	460	22	0	1	460	301	760	0.0	728	28116
775cca779c9e4a619e61c1b4d905248c	gi|631251742|ref|NR_112940.1|	95.217	460	22	0	1	460	327	786	0.0	728	28116
775cca779c9e4a619e61c1b4d905248c	gi|636559244|ref|NR_115301.1|	95.217	460	22	0	1	460	320	779	0.0	728	28116
775cca779c9e4a619e61c1b4d905248c	gi|343200626|ref|NR_041313.1|	95.217	460	22	0	1	460	340	799	0.0	728	338188
570112d42462c7088f4daf9fd72f4e5b	gi|2363082547|ref|NR_179520.1|	93.478	460	30	0	1	460	314	773	0.0	684	1841855
570112d42462c7088f4daf9fd72f4e5b	gi|444304091|ref|NR_074515.1|	93.261	460	31	0	1	460	350	809	0.0	678	435590
570112d42462c7088f4daf9fd72f4e5b	gi|631251748|ref|NR_112946.1|	93.261	460	31	0	1	460	339	798	0.0	678	821
570112d42462c7088f4daf9fd72f4e5b	gi|343200664|ref|NR_041351.1|	93.261	460	31	0	1	460	341	800	0.0	678	357276
570112d42462c7088f4daf9fd72f4e5b	gi|631250946|ref|NR_112143.1|	93.043	460	32	0	1	460	307	766	0.0	673	821
570112d42462c7088f4daf9fd72f4e5b	gi|1109168015|ref|NR_144606.1|	92.609	460	34	0	1	460	340	799	0.0	662	1796613
570112d42462c7088f4daf9fd72f4e5b	gi|631251874|ref|NR_113072.1|	91.957	460	37	0	1	460	338	797	0.0	645	1236512
570112d42462c7088f4daf9fd72f4e5b	gi|2363082611|ref|NR_179552.1|	91.757	461	37	1	1	460	340	800	0.0	640	1871006
570112d42462c7088f4daf9fd72f4e5b	gi|631251872|ref|NR_113070.1|	91.757	461	36	2	1	460	334	793	0.0	640	742727
570112d42462c7088f4daf9fd72f4e5b	gi|631251816|ref|NR_113014.1|	91.739	460	38	0	1	460	338	797	0.0	640	1236512
39d49c10bc960f6d4b2f704153ce9964	gi|2260349448|ref|NR_176530.1|	99.774	442	1	0	1	442	358	799	0.0	811	2093857
39d49c10bc960f6d4b2f704153ce9964	gi|2363082559|ref|NR_179526.1|	99.774	442	1	0	1	442	349	790	0.0	811	1841866
39d49c10bc960f6d4b2f704153ce9964	gi|645321110|ref|NR_118156.1|	95.928	442	18	0	1	442	304	745	0.0	717	1007096
39d49c10bc960f6d4b2f704153ce9964	gi|2962412234|ref|NR_199428.1|	95.701	442	19	0	1	442	352	793	0.0	712	3073143
39d49c10bc960f6d4b2f704153ce9964	gi|2363087001|ref|NR_181757.1|	95.270	444	17	4	1	442	289	730	0.0	701	2841504
39d49c10bc960f6d4b2f704153ce9964	gi|2363082170|ref|NR_179331.1|	95.260	443	20	1	1	442	328	770	0.0	701	2714358
39d49c10bc960f6d4b2f704153ce9964	gi|1269801610|ref|NR_074793.2|	94.570	442	24	0	1	442	355	796	0.0	684	351091
39d49c10bc960f6d4b2f704153ce9964	gi|343200653|ref|NR_041340.1|	94.570	442	24	0	1	442	328	769	0.0	684	351091
39d49c10bc960f6d4b2f704153ce9964	gi|2363082569|ref|NR_179531.1|	94.344	442	25	0	1	442	347	788	0.0	678	1852369
39d49c10bc960f6d4b2f704153ce9964	gi|2363082165|ref|NR_179329.1|	93.905	443	25	2	1	442	327	768	0.0	667	2714353
f5872e27e4480c75b2dc9b6c5b235d5e	gi|645321013|ref|NR_118082.1|	99.355	465	3	0	1	465	241	705	0.0	843	60552
f5872e27e4480c75b2dc9b6c5b235d5e	gi|645320981|ref|NR_118057.1|	99.355	465	3	0	1	465	241	705	0.0	843	983594
f5872e27e4480c75b2dc9b6c5b235d5e	gi|265678901|ref|NR_029209.1|	99.355	465	3	0	1	465	283	747	0.0	843	292
f5872e27e4480c75b2dc9b6c5b235d5e	gi|645322034|ref|NR_118872.1|	99.355	465	3	0	1	465	280	744	0.0	843	60552
f5872e27e4480c75b2dc9b6c5b235d5e	gi|1018196617|ref|NR_136496.1|	99.140	465	4	0	1	465	310	774	0.0	839	1503055
f5872e27e4480c75b2dc9b6c5b235d5e	gi|219857425|ref|NR_025013.1|	99.140	465	4	0	1	465	310	774	0.0	839	95486
f5872e27e4480c75b2dc9b6c5b235d5e	gi|2180566354|ref|NR_174230.1|	99.140	465	4	0	1	465	310	774	0.0	837	2015348
f5872e27e4480c75b2dc9b6c5b235d5e	gi|2363081214|ref|NR_178850.1|	99.140	465	4	0	1	465	330	794	0.0	837	1506587
f5872e27e4480c75b2dc9b6c5b235d5e	gi|507148083|ref|NR_102890.1|	99.140	465	4	0	1	465	330	794	0.0	837	482957
f5872e27e4480c75b2dc9b6c5b235d5e	gi|559795385|ref|NR_104978.1|	99.140	465	4	0	1	465	310	774	0.0	837	488447
9e2c13d3629c5af2e3f0a7d96a76235e	gi|1116030282|ref|NR_144740.1|	99.089	439	4	0	1	439	321	759	0.0	789	1776391
9e2c13d3629c5af2e3f0a7d96a76235e	gi|974142280|ref|NR_134800.1|	98.405	439	7	0	1	439	255	693	0.0	773	1368474
9e2c13d3629c5af2e3f0a7d96a76235e	gi|672239008|ref|NR_125597.1|	97.732	441	8	2	1	439	318	758	0.0	758	1115758
9e2c13d3629c5af2e3f0a7d96a76235e	gi|2363083072|ref|NR_179784.1|	97.722	439	10	0	1	439	301	739	0.0	756	2020948
9e2c13d3629c5af2e3f0a7d96a76235e	gi|2363082877|ref|NR_179687.1|	97.039	439	13	0	1	439	273	711	0.0	739	2662455
9e2c13d3629c5af2e3f0a7d96a76235e	gi|1230874654|ref|NR_148815.1|	97.039	439	13	0	1	439	319	757	0.0	739	1629550
9e2c13d3629c5af2e3f0a7d96a76235e	gi|631252125|ref|NR_113323.1|	97.039	439	13	0	1	439	319	757	0.0	739	1490
9e2c13d3629c5af2e3f0a7d96a76235e	gi|1269785414|ref|NR_118728.2|	96.811	439	14	0	1	439	330	768	0.0	737	1121325
9e2c13d3629c5af2e3f0a7d96a76235e	gi|631250974|ref|NR_112171.1|	96.811	439	14	0	1	439	309	747	0.0	734	1490
9e2c13d3629c5af2e3f0a7d96a76235e	gi|1040567059|ref|NR_137408.1|	96.583	439	15	0	1	439	290	728	0.0	728	1460447
437dfce2281857fbe7d9f8b42ebb1803	gi|1193829153|ref|NR_147396.1|	94.773	440	23	0	1	440	328	767	0.0	686	1917870
437dfce2281857fbe7d9f8b42ebb1803	gi|2363082679|ref|NR_179587.1|	94.545	440	24	0	1	440	328	767	0.0	680	1926283
437dfce2281857fbe7d9f8b42ebb1803	gi|2363081854|ref|NR_179173.1|	94.545	440	24	0	1	440	333	772	0.0	680	2126740
437dfce2281857fbe7d9f8b42ebb1803	gi|2136551628|ref|NR_173632.1|	94.318	440	25	0	1	440	301	740	0.0	675	2068655
437dfce2281857fbe7d9f8b42ebb1803	gi|2836274880|ref|NR_197643.1|	94.318	440	25	0	1	440	329	768	0.0	675	2962432
437dfce2281857fbe7d9f8b42ebb1803	gi|1397641798|ref|NR_156907.1|	94.318	440	25	0	1	440	348	787	0.0	675	1912855
437dfce2281857fbe7d9f8b42ebb1803	gi|1384992332|ref|NR_156081.1|	94.318	440	25	0	1	440	336	775	0.0	675	1469948
437dfce2281857fbe7d9f8b42ebb1803	gi|1384992329|ref|NR_156078.1|	94.318	440	25	0	1	440	336	775	0.0	675	1469948
437dfce2281857fbe7d9f8b42ebb1803	gi|2363082400|ref|NR_179447.1|	94.318	440	25	0	1	440	351	790	0.0	675	2479838
437dfce2281857fbe7d9f8b42ebb1803	gi|2363080261|ref|NR_178356.1|	94.318	440	25	0	1	440	313	752	0.0	675	558153
5b5ece6c53943ce92c03ec0a6ab57bc6	gi|2221405488|ref|NR_175548.1|	96.522	460	16	0	1	460	346	805	0.0	761	2739389
5b5ece6c53943ce92c03ec0a6ab57bc6	gi|1116030286|ref|NR_144744.1|	94.143	461	25	2	1	460	339	798	0.0	702	1841856
5b5ece6c53943ce92c03ec0a6ab57bc6	gi|444304192|ref|NR_074616.1|	93.952	463	22	6	1	460	341	800	0.0	695	376805
5b5ece6c53943ce92c03ec0a6ab57bc6	gi|343200760|ref|NR_041447.1|	93.952	463	22	6	1	460	326	785	0.0	695	376805
5b5ece6c53943ce92c03ec0a6ab57bc6	gi|343200590|ref|NR_041277.1|	93.939	462	24	4	1	460	339	798	0.0	695	484018
5b5ece6c53943ce92c03ec0a6ab57bc6	gi|343200591|ref|NR_041278.1|	93.723	462	25	4	1	460	339	798	0.0	689	470145
5b5ece6c53943ce92c03ec0a6ab57bc6	gi|1146059112|ref|NR_145844.1|	93.305	463	25	5	1	460	339	798	0.0	678	1411144
5b5ece6c53943ce92c03ec0a6ab57bc6	gi|343200759|ref|NR_041446.1|	93.074	462	28	4	1	460	323	782	0.0	673	376804
5b5ece6c53943ce92c03ec0a6ab57bc6	gi|444304122|ref|NR_074546.1|	92.609	460	34	0	1	460	336	795	0.0	662	290053
5b5ece6c53943ce92c03ec0a6ab57bc6	gi|2363082641|ref|NR_179567.1|	92.391	460	35	0	1	460	339	798	0.0	658	1907658
be136836d35205c324c17efdbee77623	gi|343201063|ref|NR_041750.1|	99.355	465	3	0	1	465	324	788	0.0	843	574
be136836d35205c324c17efdbee77623	gi|961555094|ref|NR_134062.1|	99.140	465	4	0	1	465	312	776	0.0	837	1667327
be136836d35205c324c17efdbee77623	gi|645320489|ref|NR_117683.1|	99.140	465	4	0	1	465	329	793	0.0	837	573
be136836d35205c324c17efdbee77623	gi|636558451|ref|NR_114507.1|	99.140	465	4	0	1	465	324	788	0.0	837	667127
be136836d35205c324c17efdbee77623	gi|310975220|ref|NR_037084.1|	99.140	465	4	0	1	465	310	774	0.0	837	39831
be136836d35205c324c17efdbee77623	gi|645322553|ref|NR_119276.1|	98.710	465	6	0	1	465	310	774	0.0	832	574
be136836d35205c324c17efdbee77623	gi|961555095|ref|NR_134063.1|	98.710	465	6	0	1	465	312	776	0.0	828	1463164
be136836d35205c324c17efdbee77623	gi|636558658|ref|NR_114715.1|	98.710	465	6	0	1	465	299	763	0.0	828	573
be136836d35205c324c17efdbee77623	gi|2363083969|ref|NR_180233.1|	98.710	465	6	0	1	465	312	776	0.0	826	2489010
be136836d35205c324c17efdbee77623	gi|1269801491|ref|NR_102493.2|	98.710	465	6	0	1	465	339	803	0.0	826	1028307
96e9261623e2a346b6515fd17357e67d	gi|1193829129|ref|NR_147372.1|	95.000	460	23	0	1	460	339	798	0.0	723	1871003
96e9261623e2a346b6515fd17357e67d	gi|1146059150|ref|NR_145882.1|	95.000	460	23	0	1	460	286	745	0.0	723	1501391
96e9261623e2a346b6515fd17357e67d	gi|2363082099|ref|NR_179296.1|	88.503	461	51	2	1	460	324	783	3.75e-158	556	2585119
96e9261623e2a346b6515fd17357e67d	gi|672239000|ref|NR_125589.1|	88.503	461	51	2	1	460	269	728	3.75e-158	556	1033731
96e9261623e2a346b6515fd17357e67d	gi|631251954|ref|NR_113152.1|	88.362	464	46	8	1	460	337	796	1.75e-156	551	28117
96e9261623e2a346b6515fd17357e67d	gi|2363082505|ref|NR_179499.1|	88.121	463	49	6	1	460	342	801	8.13e-155	545	2364787
96e9261623e2a346b6515fd17357e67d	gi|631251953|ref|NR_113151.1|	88.121	463	49	6	1	460	338	797	8.13e-155	545	328813
96e9261623e2a346b6515fd17357e67d	gi|343202833|ref|NR_043318.1|	88.121	463	49	6	1	460	324	783	8.13e-155	545	328813
96e9261623e2a346b6515fd17357e67d	gi|2363087245|ref|NR_181878.1|	87.931	464	48	8	1	460	284	743	3.78e-153	540	2880705
96e9261623e2a346b6515fd17357e67d	gi|2363086959|ref|NR_181736.1|	87.931	464	48	8	1	460	334	793	3.78e-153	540	2834113
85082c02582d7635aedc8502b22a76e7	gi|2363082603|ref|NR_179548.1|	94.796	442	19	3	1	440	348	787	0.0	688	1870993
85082c02582d7635aedc8502b22a76e7	gi|265678940|ref|NR_029248.1|	94.570	442	18	5	1	440	349	786	0.0	680	500632
85082c02582d7635aedc8502b22a76e7	gi|636560687|ref|NR_116747.1|	94.331	441	23	2	1	440	301	740	0.0	675	1298596
85082c02582d7635aedc8502b22a76e7	gi|310974914|ref|NR_036777.1|	94.292	438	25	0	1	438	333	770	0.0	673	33039
85082c02582d7635aedc8502b22a76e7	gi|2363082374|ref|NR_179434.1|	94.091	440	26	0	1	440	349	788	0.0	669	1720300
85082c02582d7635aedc8502b22a76e7	gi|2363084846|ref|NR_180671.1|	93.864	440	27	0	1	440	63	502	0.0	664	2594882
85082c02582d7635aedc8502b22a76e7	gi|3248465636|ref|NR_201647.1|	93.636	440	28	0	1	440	300	739	0.0	658	3380806
85082c02582d7635aedc8502b22a76e7	gi|2962412221|ref|NR_199415.1|	93.636	440	28	0	1	440	338	777	0.0	658	3136600
85082c02582d7635aedc8502b22a76e7	gi|2363086282|ref|NR_181393.1|	93.665	442	24	4	1	440	290	729	0.0	658	2763664
85082c02582d7635aedc8502b22a76e7	gi|343198924|ref|NR_044048.1|	93.636	440	28	0	1	440	328	767	0.0	658	470146
d0ab375882ffbb2298c79096712bc0d2	gi|2363082679|ref|NR_179587.1|	98.409	440	7	0	1	440	328	767	0.0	774	1926283
d0ab375882ffbb2298c79096712bc0d2	gi|2363081854|ref|NR_179173.1|	98.409	440	7	0	1	440	333	772	0.0	774	2126740
d0ab375882ffbb2298c79096712bc0d2	gi|2363086280|ref|NR_181392.1|	97.059	442	11	1	1	440	324	765	0.0	743	2763665
d0ab375882ffbb2298c79096712bc0d2	gi|3030611230|ref|NR_199906.1|	97.052	441	11	2	1	440	354	793	0.0	741	3123317
d0ab375882ffbb2298c79096712bc0d2	gi|3030611314|ref|NR_199990.1|	97.052	441	11	2	1	440	350	789	0.0	741	3123317
d0ab375882ffbb2298c79096712bc0d2	gi|1384992331|ref|NR_156080.1|	97.052	441	11	2	1	440	336	775	0.0	741	1469948
d0ab375882ffbb2298c79096712bc0d2	gi|1384992328|ref|NR_156077.1|	97.052	441	11	2	1	440	336	775	0.0	741	1469948
d0ab375882ffbb2298c79096712bc0d2	gi|2363086290|ref|NR_181397.1|	97.045	440	13	0	1	440	303	742	0.0	741	2763671
d0ab375882ffbb2298c79096712bc0d2	gi|1384992332|ref|NR_156081.1|	96.825	441	12	2	1	440	336	775	0.0	736	1469948
d0ab375882ffbb2298c79096712bc0d2	gi|1384992329|ref|NR_156078.1|	96.825	441	12	2	1	440	336	775	0.0	736	1469948
b8e81c0ef7b61f03fadf40cff7e00ae9	gi|631252372|ref|NR_113570.1|	98.925	465	5	0	1	465	333	797	0.0	832	1110546
b8e81c0ef7b61f03fadf40cff7e00ae9	gi|444439665|ref|NR_074980.1|	98.710	465	6	0	1	465	353	817	0.0	826	479436
b8e81c0ef7b61f03fadf40cff7e00ae9	gi|631251833|ref|NR_113031.1|	98.710	465	6	0	1	465	353	817	0.0	826	29466
b8e81c0ef7b61f03fadf40cff7e00ae9	gi|645322414|ref|NR_119168.1|	98.710	465	6	0	1	465	331	795	0.0	826	479436
b8e81c0ef7b61f03fadf40cff7e00ae9	gi|645320589|ref|NR_117759.1|	98.495	465	7	0	1	465	329	793	0.0	822	479436
b8e81c0ef7b61f03fadf40cff7e00ae9	gi|343202841|ref|NR_043332.1|	98.495	465	7	0	1	465	326	790	0.0	822	479436
b8e81c0ef7b61f03fadf40cff7e00ae9	gi|343205749|ref|NR_044153.1|	98.280	465	8	0	1	465	326	790	0.0	817	419208
b8e81c0ef7b61f03fadf40cff7e00ae9	gi|343202582|ref|NR_042940.1|	98.280	465	8	0	1	465	238	702	0.0	815	248315
b8e81c0ef7b61f03fadf40cff7e00ae9	gi|2363082157|ref|NR_179325.1|	98.065	465	9	0	1	465	300	764	0.0	809	2682456
b8e81c0ef7b61f03fadf40cff7e00ae9	gi|343205705|ref|NR_044091.1|	98.065	465	9	0	1	465	240	704	0.0	809	423477
23e95b2ca06ef5a9ee751cac84efb520	gi|343200655|ref|NR_041342.1|	98.478	460	7	0	1	460	336	795	0.0	811	823
23e95b2ca06ef5a9ee751cac84efb520	gi|444303953|ref|NR_074376.1|	97.609	460	11	0	1	460	351	810	0.0	789	435591
23e95b2ca06ef5a9ee751cac84efb520	gi|2363082619|ref|NR_179556.1|	93.261	460	31	0	1	460	316	775	0.0	678	1871013
23e95b2ca06ef5a9ee751cac84efb520	gi|1811131517|ref|NR_165699.1|	93.043	460	32	0	1	460	336	795	0.0	673	2685834
23e95b2ca06ef5a9ee751cac84efb520	gi|631251637|ref|NR_112835.1|	92.609	460	33	1	1	460	336	794	0.0	660	574930
23e95b2ca06ef5a9ee751cac84efb520	gi|2363082715|ref|NR_179605.1|	92.391	460	35	0	1	460	316	775	0.0	656	1944636
23e95b2ca06ef5a9ee751cac84efb520	gi|631252010|ref|NR_113208.1|	91.957	460	37	0	1	460	336	795	0.0	645	871327
23e95b2ca06ef5a9ee751cac84efb520	gi|974142265|ref|NR_134785.1|	91.739	460	38	0	1	460	336	795	0.0	641	1217282
23e95b2ca06ef5a9ee751cac84efb520	gi|2363086049|ref|NR_181277.1|	91.522	460	39	0	1	460	309	768	0.0	634	2753162
23e95b2ca06ef5a9ee751cac84efb520	gi|645322411|ref|NR_119166.1|	91.304	460	40	0	1	460	319	778	2.18e-180	630	411477
e70e83a3fdfe77d316859345b28bd361	gi|559795255|ref|NR_104846.1|	98.409	440	7	0	1	440	288	727	0.0	774	745368
e70e83a3fdfe77d316859345b28bd361	gi|265678692|ref|NR_028997.1|	97.959	441	8	1	1	440	303	743	0.0	763	214851
e70e83a3fdfe77d316859345b28bd361	gi|2363084747|ref|NR_180622.1|	94.091	440	26	0	1	440	335	774	0.0	669	2779354
e70e83a3fdfe77d316859345b28bd361	gi|1397641802|ref|NR_156911.1|	93.636	440	28	0	1	440	351	790	0.0	658	1650663
e70e83a3fdfe77d316859345b28bd361	gi|1277396189|ref|NR_151900.1|	93.182	440	30	0	1	440	351	790	0.0	647	1550024
e70e83a3fdfe77d316859345b28bd361	gi|3030611269|ref|NR_199945.1|	92.955	440	31	0	1	440	335	774	0.0	641	3435293
e70e83a3fdfe77d316859345b28bd361	gi|2363082282|ref|NR_179388.1|	92.955	440	31	0	1	440	335	774	0.0	641	2935520
e70e83a3fdfe77d316859345b28bd361	gi|265678656|ref|NR_028961.1|	92.955	440	31	0	1	440	327	766	0.0	641	853
e70e83a3fdfe77d316859345b28bd361	gi|2363082356|ref|NR_179425.1|	92.517	441	31	2	1	440	351	790	2.08e-180	630	1689304
e70e83a3fdfe77d316859345b28bd361	gi|2363081451|ref|NR_178972.1|	92.500	440	33	0	1	440	285	724	2.08e-180	630	1851428
cf1a5b680ce08ec5feb7ae01887495a6	gi|1277396189|ref|NR_151900.1|	94.558	441	22	2	1	440	351	790	0.0	680	1550024
cf1a5b680ce08ec5feb7ae01887495a6	gi|2363080123|ref|NR_178280.1|	94.331	441	23	2	1	440	331	770	0.0	675	411483
cf1a5b680ce08ec5feb7ae01887495a6	gi|265678656|ref|NR_028961.1|	94.104	441	24	2	1	440	327	766	0.0	669	853
cf1a5b680ce08ec5feb7ae01887495a6	gi|2363081449|ref|NR_178971.1|	93.878	441	24	3	1	440	285	723	0.0	662	1851427
cf1a5b680ce08ec5feb7ae01887495a6	gi|2363082282|ref|NR_179388.1|	93.651	441	26	2	1	440	335	774	0.0	658	2935520
cf1a5b680ce08ec5feb7ae01887495a6	gi|2363081451|ref|NR_178972.1|	93.651	441	26	2	1	440	285	724	0.0	658	1851428
cf1a5b680ce08ec5feb7ae01887495a6	gi|2363080175|ref|NR_178311.1|	93.439	442	25	4	1	440	412	851	0.0	652	2903556
cf1a5b680ce08ec5feb7ae01887495a6	gi|3030611269|ref|NR_199945.1|	93.197	441	28	2	1	440	335	774	0.0	647	3435293
cf1a5b680ce08ec5feb7ae01887495a6	gi|559795255|ref|NR_104846.1|	92.063	441	33	2	1	440	288	727	4.51e-177	619	745368
cf1a5b680ce08ec5feb7ae01887495a6	gi|2962412223|ref|NR_199417.1|	91.874	443	30	6	1	440	342	781	2.10e-175	614	3136601
dcefe225ec31c4efcb5837ad3832fa33	gi|631252118|ref|NR_113316.1|	99.320	441	3	0	1	441	327	767	0.0	798	74426
dcefe225ec31c4efcb5837ad3832fa33	gi|265678302|ref|NR_028604.1|	98.413	441	6	1	1	441	327	766	0.0	774	74426
dcefe225ec31c4efcb5837ad3832fa33	gi|1193829136|ref|NR_147379.1|	96.606	442	12	3	1	441	328	767	0.0	730	1907654
dcefe225ec31c4efcb5837ad3832fa33	gi|1193829156|ref|NR_147399.1|	95.692	441	18	1	1	441	328	767	0.0	708	1871016
dcefe225ec31c4efcb5837ad3832fa33	gi|1109167962|ref|NR_144579.1|	95.238	441	20	1	1	441	322	761	0.0	697	1232426
dcefe225ec31c4efcb5837ad3832fa33	gi|2363082368|ref|NR_179431.1|	95.011	441	21	1	1	441	328	767	0.0	691	1720204
dcefe225ec31c4efcb5837ad3832fa33	gi|631251967|ref|NR_113165.1|	95.011	441	21	1	1	441	328	767	0.0	691	147207
dcefe225ec31c4efcb5837ad3832fa33	gi|631251966|ref|NR_113164.1|	95.011	441	21	1	1	441	328	767	0.0	691	147206
dcefe225ec31c4efcb5837ad3832fa33	gi|2363084792|ref|NR_180644.1|	94.785	441	22	1	1	441	249	688	0.0	688	2603815
dcefe225ec31c4efcb5837ad3832fa33	gi|2363082703|ref|NR_179599.1|	94.570	442	21	3	1	441	308	747	0.0	680	1937461
f6e7d10c91821f62305eb7f9847266b2	gi|219857618|ref|NR_025207.1|	92.290	441	32	2	1	440	321	760	2.69e-179	627	180311
f6e7d10c91821f62305eb7f9847266b2	gi|645321785|ref|NR_118670.1|	92.081	442	31	4	1	440	357	796	9.69e-179	625	39496
f6e7d10c91821f62305eb7f9847266b2	gi|219857617|ref|NR_025206.1|	92.308	442	30	4	1	440	314	753	9.69e-179	625	180286
f6e7d10c91821f62305eb7f9847266b2	gi|2363082765|ref|NR_179631.1|	92.081	442	31	4	1	440	348	787	4.51e-177	619	2014528
f6e7d10c91821f62305eb7f9847266b2	gi|631252033|ref|NR_113231.1|	92.045	440	35	0	1	440	347	786	4.51e-177	619	536633
f6e7d10c91821f62305eb7f9847266b2	gi|631251591|ref|NR_112789.1|	92.045	440	35	0	1	440	333	772	4.51e-177	619	536633
f6e7d10c91821f62305eb7f9847266b2	gi|219846722|ref|NR_026314.1|	92.063	441	33	2	1	440	330	769	4.51e-177	619	53443
f6e7d10c91821f62305eb7f9847266b2	gi|2363086310|ref|NR_181407.1|	91.818	440	36	0	1	440	355	794	2.10e-175	614	2850323
f6e7d10c91821f62305eb7f9847266b2	gi|2363086212|ref|NR_181358.1|	91.837	441	34	2	1	440	340	779	2.10e-175	614	2788944
f6e7d10c91821f62305eb7f9847266b2	gi|343203027|ref|NR_043551.1|	91.818	440	36	0	1	440	349	788	2.10e-175	614	341220
e43d9d55222d4fad4d9bc57ed4f37642	gi|2363082168|ref|NR_179330.1|	97.059	442	13	0	1	442	327	768	0.0	745	2714355
e43d9d55222d4fad4d9bc57ed4f37642	gi|2363082165|ref|NR_179329.1|	96.380	442	16	0	1	442	327	768	0.0	728	2714353
e43d9d55222d4fad4d9bc57ed4f37642	gi|1109168025|ref|NR_144611.1|	93.258	445	25	3	1	442	282	724	0.0	651	1417852
e43d9d55222d4fad4d9bc57ed4f37642	gi|645321110|ref|NR_118156.1|	92.551	443	31	2	1	442	304	745	0.0	634	1007096
e43d9d55222d4fad4d9bc57ed4f37642	gi|3030611324|ref|NR_200000.1|	92.360	445	29	3	1	442	301	743	7.52e-180	628	3342383
e43d9d55222d4fad4d9bc57ed4f37642	gi|2962412234|ref|NR_199428.1|	92.325	443	32	2	1	442	352	793	7.52e-180	628	3073143
e43d9d55222d4fad4d9bc57ed4f37642	gi|2136551692|ref|NR_173697.1|	92.081	442	35	0	1	442	349	790	3.50e-178	623	2108523
e43d9d55222d4fad4d9bc57ed4f37642	gi|2363087001|ref|NR_181757.1|	91.910	445	30	6	1	442	289	730	1.63e-176	617	2841504
e43d9d55222d4fad4d9bc57ed4f37642	gi|2260349448|ref|NR_176530.1|	91.648	443	35	2	1	442	358	799	7.58e-175	612	2093857
e43d9d55222d4fad4d9bc57ed4f37642	gi|1269801610|ref|NR_074793.2|	91.648	443	35	2	1	442	355	796	7.58e-175	612	351091
8c60bbff1c1c912212c7c102db3d0d85	gi|2363084431|ref|NR_180463.1|	95.662	461	18	2	1	460	340	799	0.0	739	2650158
8c60bbff1c1c912212c7c102db3d0d85	gi|631251749|ref|NR_112947.1|	95.228	461	20	2	1	460	326	785	0.0	730	657309
8c60bbff1c1c912212c7c102db3d0d85	gi|343201773|ref|NR_042499.1|	95.228	461	20	2	1	460	294	753	0.0	728	657309
8c60bbff1c1c912212c7c102db3d0d85	gi|631251733|ref|NR_112931.1|	95.011	461	21	2	1	460	340	799	0.0	723	85831
8c60bbff1c1c912212c7c102db3d0d85	gi|265678305|ref|NR_028607.1|	95.000	460	21	2	2	460	333	791	0.0	721	85831
8c60bbff1c1c912212c7c102db3d0d85	gi|631251869|ref|NR_113067.1|	94.348	460	26	0	1	460	325	784	0.0	706	1077285
8c60bbff1c1c912212c7c102db3d0d85	gi|645320100|ref|NR_117387.1|	94.348	460	26	0	1	460	320	779	0.0	706	1077285
8c60bbff1c1c912212c7c102db3d0d85	gi|343200626|ref|NR_041313.1|	94.360	461	24	2	1	460	340	799	0.0	706	338188
8c60bbff1c1c912212c7c102db3d0d85	gi|645322410|ref|NR_119165.1|	93.926	461	26	2	1	460	319	778	0.0	702	28116
8c60bbff1c1c912212c7c102db3d0d85	gi|2221405488|ref|NR_175548.1|	94.130	460	27	0	1	460	346	805	0.0	701	2739389
b7eb6fd2beec4c13eb5d06e33816958d	gi|631251356|ref|NR_112553.1|	98.866	441	4	1	1	440	348	788	0.0	785	342942
b7eb6fd2beec4c13eb5d06e33816958d	gi|636560687|ref|NR_116747.1|	97.500	440	11	0	1	440	301	740	0.0	752	1298596
b7eb6fd2beec4c13eb5d06e33816958d	gi|2363082374|ref|NR_179434.1|	97.273	440	12	0	1	440	349	788	0.0	747	1720300
b7eb6fd2beec4c13eb5d06e33816958d	gi|2363082059|ref|NR_179276.1|	97.045	440	13	0	1	440	334	773	0.0	741	2316025
b7eb6fd2beec4c13eb5d06e33816958d	gi|310974914|ref|NR_036777.1|	96.804	438	14	0	1	438	333	770	0.0	734	33039
b7eb6fd2beec4c13eb5d06e33816958d	gi|2962412221|ref|NR_199415.1|	96.591	440	15	0	1	440	338	777	0.0	730	3136600
b7eb6fd2beec4c13eb5d06e33816958d	gi|631253194|ref|NR_114392.1|	96.591	440	15	0	1	440	350	789	0.0	730	1544
b7eb6fd2beec4c13eb5d06e33816958d	gi|645319759|ref|NR_117128.1|	96.591	440	15	0	1	440	347	786	0.0	730	1544
b7eb6fd2beec4c13eb5d06e33816958d	gi|645319756|ref|NR_117127.1|	96.591	440	15	0	1	440	347	786	0.0	730	1544
b7eb6fd2beec4c13eb5d06e33816958d	gi|645319755|ref|NR_117126.1|	96.591	440	15	0	1	440	347	786	0.0	730	1544
4c3d30bfcf4d8a515206f76ac6e96687	gi|2363082168|ref|NR_179330.1|	94.344	442	25	0	1	442	327	768	0.0	678	2714355
4c3d30bfcf4d8a515206f76ac6e96687	gi|2363082165|ref|NR_179329.1|	93.665	442	28	0	1	442	327	768	0.0	662	2714353
4c3d30bfcf4d8a515206f76ac6e96687	gi|645321110|ref|NR_118156.1|	90.519	443	40	2	1	442	304	745	1.65e-166	584	1007096
4c3d30bfcf4d8a515206f76ac6e96687	gi|2962412234|ref|NR_199428.1|	90.293	443	41	2	1	442	352	793	7.68e-165	579	3073143
4c3d30bfcf4d8a515206f76ac6e96687	gi|2260349448|ref|NR_176530.1|	90.068	443	42	2	1	442	358	799	3.58e-163	573	2093857
4c3d30bfcf4d8a515206f76ac6e96687	gi|2136551692|ref|NR_173697.1|	90.068	443	42	2	1	442	349	790	3.58e-163	573	2108523
4c3d30bfcf4d8a515206f76ac6e96687	gi|2363082559|ref|NR_179526.1|	90.068	443	42	2	1	442	349	790	3.58e-163	573	1841866
4c3d30bfcf4d8a515206f76ac6e96687	gi|1109168025|ref|NR_144611.1|	90.135	446	37	5	1	442	282	724	3.58e-163	573	1417852
4c3d30bfcf4d8a515206f76ac6e96687	gi|1269801610|ref|NR_074793.2|	89.616	443	44	2	1	442	355	796	7.74e-160	562	351091
4c3d30bfcf4d8a515206f76ac6e96687	gi|2363087001|ref|NR_181757.1|	89.663	445	40	6	1	442	289	730	7.74e-160	562	2841504
92e987034504382d5a1dcd8bfde5c05e	gi|2363085169|ref|NR_180833.1|	98.182	440	8	0	1	440	337	776	0.0	769	2606635
92e987034504382d5a1dcd8bfde5c05e	gi|559795307|ref|NR_104899.1|	96.591	440	15	0	1	440	328	767	0.0	730	384636
92e987034504382d5a1dcd8bfde5c05e	gi|310975204|ref|NR_037068.1|	96.591	440	15	0	1	440	341	780	0.0	730	29375
92e987034504382d5a1dcd8bfde5c05e	gi|2363082679|ref|NR_179587.1|	96.364	440	16	0	1	440	328	767	0.0	725	1926283
92e987034504382d5a1dcd8bfde5c05e	gi|1384992332|ref|NR_156081.1|	96.364	440	16	0	1	440	336	775	0.0	725	1469948
92e987034504382d5a1dcd8bfde5c05e	gi|1384992329|ref|NR_156078.1|	96.364	440	16	0	1	440	336	775	0.0	725	1469948
92e987034504382d5a1dcd8bfde5c05e	gi|2363081854|ref|NR_179173.1|	96.364	440	16	0	1	440	333	772	0.0	725	2126740
92e987034504382d5a1dcd8bfde5c05e	gi|645322280|ref|NR_119068.1|	96.364	440	15	1	1	440	315	753	0.0	723	36832
92e987034504382d5a1dcd8bfde5c05e	gi|3030611230|ref|NR_199906.1|	96.136	440	17	0	1	440	354	793	0.0	719	3123317
92e987034504382d5a1dcd8bfde5c05e	gi|3030611314|ref|NR_199990.1|	96.136	440	17	0	1	440	350	789	0.0	719	3123317
8733b188ac3bfb529974bdc809a39153	gi|645322410|ref|NR_119165.1|	96.044	455	18	0	5	459	324	778	0.0	749	28116
8733b188ac3bfb529974bdc809a39153	gi|1491509587|ref|NR_159118.1|	96.264	455	17	0	5	459	315	769	0.0	747	28116
8733b188ac3bfb529974bdc809a39153	gi|1491509586|ref|NR_159117.1|	96.264	455	17	0	5	459	306	760	0.0	747	28116
8733b188ac3bfb529974bdc809a39153	gi|631251742|ref|NR_112940.1|	96.264	455	17	0	5	459	332	786	0.0	747	28116
8733b188ac3bfb529974bdc809a39153	gi|636559244|ref|NR_115301.1|	96.264	455	17	0	5	459	325	779	0.0	747	28116
8733b188ac3bfb529974bdc809a39153	gi|636560121|ref|NR_116181.1|	96.264	455	16	1	5	459	338	791	0.0	745	28116
8733b188ac3bfb529974bdc809a39153	gi|631251733|ref|NR_112931.1|	96.044	455	18	0	5	459	345	799	0.0	741	85831
8733b188ac3bfb529974bdc809a39153	gi|265678305|ref|NR_028607.1|	96.044	455	18	0	5	459	337	791	0.0	741	85831
8733b188ac3bfb529974bdc809a39153	gi|343201773|ref|NR_042499.1|	96.044	455	18	0	5	459	299	753	0.0	741	657309
8733b188ac3bfb529974bdc809a39153	gi|631251749|ref|NR_112947.1|	95.824	455	19	0	5	459	331	785	0.0	737	657309
be62de663d9fcc1532e80342893085fa	gi|631251953|ref|NR_113151.1|	95.879	461	17	2	1	460	338	797	0.0	745	328813
be62de663d9fcc1532e80342893085fa	gi|343202833|ref|NR_043318.1|	95.879	461	17	2	1	460	324	783	0.0	745	328813
be62de663d9fcc1532e80342893085fa	gi|672239000|ref|NR_125589.1|	95.445	461	19	2	1	460	269	728	0.0	734	1033731
be62de663d9fcc1532e80342893085fa	gi|2363082505|ref|NR_179499.1|	95.238	462	18	4	1	460	342	801	0.0	728	2364787
be62de663d9fcc1532e80342893085fa	gi|507148137|ref|NR_102944.1|	95.228	461	20	2	1	460	334	793	0.0	728	214856
be62de663d9fcc1532e80342893085fa	gi|631251952|ref|NR_113150.1|	95.228	461	20	2	1	460	334	793	0.0	728	214856
be62de663d9fcc1532e80342893085fa	gi|636559243|ref|NR_115300.1|	95.228	461	20	2	1	460	314	773	0.0	728	679935
be62de663d9fcc1532e80342893085fa	gi|2363086959|ref|NR_181736.1|	95.022	462	19	4	1	460	334	793	0.0	723	2834113
be62de663d9fcc1532e80342893085fa	gi|2363082099|ref|NR_179296.1|	95.000	460	23	0	1	460	324	783	0.0	723	2585119
be62de663d9fcc1532e80342893085fa	gi|645321193|ref|NR_118219.1|	94.816	463	18	6	1	460	332	791	0.0	717	1033732
b28a3948654b7a45ebace4fd451d3ed6	gi|2363084431|ref|NR_180463.1|	93.261	460	31	0	1	460	340	799	0.0	678	2650158
b28a3948654b7a45ebace4fd451d3ed6	gi|343201773|ref|NR_042499.1|	93.261	460	31	0	1	460	294	753	0.0	678	657309
b28a3948654b7a45ebace4fd451d3ed6	gi|631251749|ref|NR_112947.1|	93.043	460	32	0	1	460	326	785	0.0	675	657309
b28a3948654b7a45ebace4fd451d3ed6	gi|631251735|ref|NR_112933.1|	92.842	461	31	2	1	460	334	793	0.0	667	246787
b28a3948654b7a45ebace4fd451d3ed6	gi|631251734|ref|NR_112932.1|	92.826	460	33	0	1	460	328	787	0.0	667	47678
b28a3948654b7a45ebace4fd451d3ed6	gi|631251733|ref|NR_112931.1|	92.826	460	33	0	1	460	340	799	0.0	667	85831
b28a3948654b7a45ebace4fd451d3ed6	gi|219846650|ref|NR_026242.1|	92.826	460	33	0	1	460	318	777	0.0	667	47678
b28a3948654b7a45ebace4fd451d3ed6	gi|265678305|ref|NR_028607.1|	92.810	459	33	0	2	460	333	791	0.0	665	85831
b28a3948654b7a45ebace4fd451d3ed6	gi|631252008|ref|NR_113206.1|	92.609	460	34	0	1	460	336	795	0.0	662	1236513
b28a3948654b7a45ebace4fd451d3ed6	gi|2221405488|ref|NR_175548.1|	92.391	460	35	0	1	460	346	805	0.0	656	2739389
4a88cfb64a55d6f4b4336ec0c390b3f5	gi|2363084409|ref|NR_180452.1|	98.261	460	8	0	1	460	321	780	0.0	806	2518605
4a88cfb64a55d6f4b4336ec0c390b3f5	gi|631252213|ref|NR_113411.1|	96.522	460	16	0	1	460	341	800	0.0	761	537011
4a88cfb64a55d6f4b4336ec0c390b3f5	gi|343200190|ref|NR_040877.1|	96.304	460	17	0	1	460	341	800	0.0	758	537011
4a88cfb64a55d6f4b4336ec0c390b3f5	gi|631251922|ref|NR_113120.1|	93.506	462	26	4	1	460	339	798	0.0	684	28136
4a88cfb64a55d6f4b4336ec0c390b3f5	gi|631251907|ref|NR_113105.1|	93.492	461	28	2	1	460	329	788	0.0	684	470565
4a88cfb64a55d6f4b4336ec0c390b3f5	gi|631251894|ref|NR_113092.1|	93.492	461	28	2	1	460	329	788	0.0	684	77768
4a88cfb64a55d6f4b4336ec0c390b3f5	gi|265678842|ref|NR_029147.1|	93.521	463	24	6	1	460	344	803	0.0	684	28136
4a88cfb64a55d6f4b4336ec0c390b3f5	gi|343199048|ref|NR_044407.1|	93.492	461	28	2	1	460	321	780	0.0	684	470565
4a88cfb64a55d6f4b4336ec0c390b3f5	gi|219878161|ref|NR_025300.1|	93.492	461	28	2	1	460	341	800	0.0	684	77768
4a88cfb64a55d6f4b4336ec0c390b3f5	gi|566085557|ref|NR_109628.1|	93.059	461	30	2	1	460	322	781	0.0	673	1177574
308ca6691218bfa50c6f360de39bc599	gi|2363084431|ref|NR_180463.1|	96.304	460	17	0	1	460	340	799	0.0	756	2650158
308ca6691218bfa50c6f360de39bc599	gi|631251869|ref|NR_113067.1|	96.304	460	17	0	1	460	325	784	0.0	756	1077285
308ca6691218bfa50c6f360de39bc599	gi|2363084421|ref|NR_180458.1|	96.087	460	18	0	1	460	340	799	0.0	750	2650157
308ca6691218bfa50c6f360de39bc599	gi|631251734|ref|NR_112932.1|	96.087	460	18	0	1	460	328	787	0.0	750	47678
308ca6691218bfa50c6f360de39bc599	gi|645320100|ref|NR_117387.1|	96.087	460	18	0	1	460	320	779	0.0	750	1077285
308ca6691218bfa50c6f360de39bc599	gi|343200626|ref|NR_041313.1|	96.087	460	18	0	1	460	340	799	0.0	750	338188
308ca6691218bfa50c6f360de39bc599	gi|219846650|ref|NR_026242.1|	96.087	460	18	0	1	460	318	777	0.0	750	47678
308ca6691218bfa50c6f360de39bc599	gi|631251749|ref|NR_112947.1|	95.870	460	19	0	1	460	326	785	0.0	747	657309
308ca6691218bfa50c6f360de39bc599	gi|631252008|ref|NR_113206.1|	95.870	460	19	0	1	460	336	795	0.0	745	1236513
308ca6691218bfa50c6f360de39bc599	gi|631251733|ref|NR_112931.1|	95.870	460	19	0	1	460	340	799	0.0	745	85831
c237696c6dc33c5716ad156418b72554	gi|2363082547|ref|NR_179520.1|	96.746	461	13	2	1	460	314	773	0.0	767	1841855
c237696c6dc33c5716ad156418b72554	gi|1109168015|ref|NR_144606.1|	95.879	461	17	2	1	460	340	799	0.0	745	1796613
c237696c6dc33c5716ad156418b72554	gi|1269806089|ref|NR_074784.2|	95.435	460	21	0	1	460	345	804	0.0	734	272559
c237696c6dc33c5716ad156418b72554	gi|631251738|ref|NR_112936.1|	95.435	460	21	0	1	460	338	797	0.0	734	817
c237696c6dc33c5716ad156418b72554	gi|645322408|ref|NR_119164.1|	95.435	460	21	0	1	460	317	776	0.0	734	817
c237696c6dc33c5716ad156418b72554	gi|2363082611|ref|NR_179552.1|	95.228	461	21	1	1	460	340	800	0.0	728	1871006
c237696c6dc33c5716ad156418b72554	gi|343200664|ref|NR_041351.1|	94.360	461	24	2	1	460	341	800	0.0	706	357276
c237696c6dc33c5716ad156418b72554	gi|631250944|ref|NR_112141.1|	94.130	460	25	2	1	460	335	792	0.0	699	817
c237696c6dc33c5716ad156418b72554	gi|444304091|ref|NR_074515.1|	93.952	463	22	6	1	460	350	809	0.0	695	435590
c237696c6dc33c5716ad156418b72554	gi|631251748|ref|NR_112946.1|	93.952	463	22	6	1	460	339	798	0.0	695	821
5cc12364a03bb6f1beb22fb3fb4f2714	gi|444304091|ref|NR_074515.1|	91.323	461	38	2	1	460	350	809	7.85e-180	628	435590
5cc12364a03bb6f1beb22fb3fb4f2714	gi|631251748|ref|NR_112946.1|	91.323	461	38	2	1	460	339	798	7.85e-180	628	821
5cc12364a03bb6f1beb22fb3fb4f2714	gi|343200664|ref|NR_041351.1|	91.106	461	39	2	1	460	341	800	3.65e-178	623	357276
5cc12364a03bb6f1beb22fb3fb4f2714	gi|631250946|ref|NR_112143.1|	91.106	461	39	2	1	460	307	766	3.65e-178	623	821
5cc12364a03bb6f1beb22fb3fb4f2714	gi|631251872|ref|NR_113070.1|	89.783	460	47	0	1	460	334	793	3.70e-168	590	742727
5cc12364a03bb6f1beb22fb3fb4f2714	gi|631251697|ref|NR_112895.1|	89.783	460	47	0	1	460	314	773	3.70e-168	590	742727
5cc12364a03bb6f1beb22fb3fb4f2714	gi|444304122|ref|NR_074546.1|	89.588	461	46	2	1	460	336	795	1.72e-166	584	290053
5cc12364a03bb6f1beb22fb3fb4f2714	gi|631251737|ref|NR_112935.1|	89.610	462	44	4	1	460	338	797	1.72e-166	584	28111
5cc12364a03bb6f1beb22fb3fb4f2714	gi|343200177|ref|NR_040864.1|	89.610	462	44	4	1	460	336	795	1.72e-166	584	28111
5cc12364a03bb6f1beb22fb3fb4f2714	gi|2363082547|ref|NR_179520.1|	89.348	460	49	0	1	460	314	773	8.01e-165	579	1841855
5b6fadb3ce09a2f503e586cdc490b0ac	gi|343198636|ref|NR_043142.1|	99.323	443	3	0	1	443	323	765	0.0	802	292800
5b6fadb3ce09a2f503e586cdc490b0ac	gi|265679048|ref|NR_029356.1|	99.323	443	3	0	1	443	336	778	0.0	802	292800
5b6fadb3ce09a2f503e586cdc490b0ac	gi|2363084741|ref|NR_180619.1|	97.968	443	9	0	1	443	347	789	0.0	769	2779352
5b6fadb3ce09a2f503e586cdc490b0ac	gi|219846080|ref|NR_025670.1|	96.614	443	15	0	1	443	329	771	0.0	736	411467
5b6fadb3ce09a2f503e586cdc490b0ac	gi|2136551692|ref|NR_173697.1|	96.614	443	14	1	1	443	349	790	0.0	734	2108523
5b6fadb3ce09a2f503e586cdc490b0ac	gi|1193829127|ref|NR_147370.1|	96.388	443	16	0	1	443	349	791	0.0	730	1870988
5b6fadb3ce09a2f503e586cdc490b0ac	gi|2363082326|ref|NR_179410.1|	96.388	443	16	0	1	443	349	791	0.0	730	1650661
5b6fadb3ce09a2f503e586cdc490b0ac	gi|2363082358|ref|NR_179426.1|	96.163	443	17	0	1	443	349	791	0.0	725	1702285
5b6fadb3ce09a2f503e586cdc490b0ac	gi|3030611323|ref|NR_199999.1|	95.937	443	18	0	1	443	301	743	0.0	719	3133422
5b6fadb3ce09a2f503e586cdc490b0ac	gi|2363082342|ref|NR_179418.1|	95.711	443	19	0	1	443	348	790	0.0	713	1673721
b2ba41d9f51182c076139373d2537add	gi|1109168027|ref|NR_144612.1|	93.665	442	24	4	1	440	350	789	0.0	658	1796636
b2ba41d9f51182c076139373d2537add	gi|2363080283|ref|NR_178367.1|	91.176	442	35	4	1	440	328	767	2.11e-170	597	673271
b2ba41d9f51182c076139373d2537add	gi|1040567056|ref|NR_137405.1|	90.745	443	35	6	1	440	307	746	4.57e-167	586	1619234
b2ba41d9f51182c076139373d2537add	gi|631250892|ref|NR_112089.1|	90.519	443	36	6	1	440	336	775	2.13e-165	580	553973
b2ba41d9f51182c076139373d2537add	gi|224581401|ref|NR_024719.1|	90.519	443	35	7	1	440	341	779	7.65e-165	579	89153
b2ba41d9f51182c076139373d2537add	gi|1397641798|ref|NR_156907.1|	90.271	442	39	4	1	440	348	787	9.89e-164	575	1912855
b2ba41d9f51182c076139373d2537add	gi|219857122|ref|NR_024750.1|	90.068	443	39	5	1	440	300	740	1.28e-162	571	116085
b2ba41d9f51182c076139373d2537add	gi|1109168038|ref|NR_144617.1|	90.045	442	40	4	1	440	340	779	4.60e-162	569	1796634
b2ba41d9f51182c076139373d2537add	gi|219878251|ref|NR_025390.1|	90.045	442	40	4	1	440	330	769	4.60e-162	569	115544
b2ba41d9f51182c076139373d2537add	gi|1109168023|ref|NR_144610.1|	89.819	442	41	4	1	440	339	778	2.14e-160	564	1796622
6119c7f5be9a036e6ab543a06cf2c78d	gi|2962412221|ref|NR_199415.1|	95.682	440	19	0	1	440	338	777	0.0	708	3136600
6119c7f5be9a036e6ab543a06cf2c78d	gi|3248465636|ref|NR_201647.1|	95.227	440	21	0	1	440	300	739	0.0	697	3380806
6119c7f5be9a036e6ab543a06cf2c78d	gi|2363086282|ref|NR_181393.1|	95.227	440	21	0	1	440	290	729	0.0	697	2763664
6119c7f5be9a036e6ab543a06cf2c78d	gi|343198924|ref|NR_044048.1|	95.227	440	21	0	1	440	328	767	0.0	697	470146
6119c7f5be9a036e6ab543a06cf2c78d	gi|1109168027|ref|NR_144612.1|	95.000	440	22	0	1	440	350	789	0.0	691	1796636
6119c7f5be9a036e6ab543a06cf2c78d	gi|2363084846|ref|NR_180671.1|	94.773	440	23	0	1	440	63	502	0.0	686	2594882
6119c7f5be9a036e6ab543a06cf2c78d	gi|1116030277|ref|NR_144735.1|	94.773	440	23	0	1	440	350	789	0.0	686	1745713
6119c7f5be9a036e6ab543a06cf2c78d	gi|2363082374|ref|NR_179434.1|	94.785	441	21	2	1	440	349	788	0.0	686	1720300
6119c7f5be9a036e6ab543a06cf2c78d	gi|3030611230|ref|NR_199906.1|	94.545	440	24	0	1	440	354	793	0.0	680	3123317
6119c7f5be9a036e6ab543a06cf2c78d	gi|3030611314|ref|NR_199990.1|	94.545	440	24	0	1	440	350	789	0.0	680	3123317
0f5ce86caaafe0cf33cf5bf88a656c94	gi|2363082773|ref|NR_179635.1|	90.456	461	41	3	1	459	338	797	1.32e-172	604	2024197
0f5ce86caaafe0cf33cf5bf88a656c94	gi|631251872|ref|NR_113070.1|	90.456	461	41	3	1	459	334	793	1.32e-172	604	742727
0f5ce86caaafe0cf33cf5bf88a656c94	gi|631251697|ref|NR_112895.1|	90.456	461	41	3	1	459	314	773	1.32e-172	604	742727
0f5ce86caaafe0cf33cf5bf88a656c94	gi|444304091|ref|NR_074515.1|	90.065	463	39	7	1	459	350	809	2.86e-169	593	435590
0f5ce86caaafe0cf33cf5bf88a656c94	gi|2363086550|ref|NR_181532.1|	90.000	460	45	1	1	459	322	781	2.86e-169	593	2763025
0f5ce86caaafe0cf33cf5bf88a656c94	gi|631252009|ref|NR_113207.1|	90.022	461	43	3	1	459	334	793	2.86e-169	593	1236514
0f5ce86caaafe0cf33cf5bf88a656c94	gi|631251748|ref|NR_112946.1|	90.065	463	39	7	1	459	339	798	2.86e-169	593	821
0f5ce86caaafe0cf33cf5bf88a656c94	gi|631251747|ref|NR_112945.1|	90.000	460	45	1	1	459	327	786	2.86e-169	593	820
0f5ce86caaafe0cf33cf5bf88a656c94	gi|343200179|ref|NR_040866.1|	90.000	460	45	1	1	459	334	793	2.86e-169	593	820
0f5ce86caaafe0cf33cf5bf88a656c94	gi|631251874|ref|NR_113072.1|	89.783	460	46	1	1	459	338	797	1.33e-167	588	1236512
08801bccde83775c1449e602b6dbd05a	gi|444304091|ref|NR_074515.1|	92.842	461	31	2	1	460	350	809	0.0	667	435590
08801bccde83775c1449e602b6dbd05a	gi|631251748|ref|NR_112946.1|	92.842	461	31	2	1	460	339	798	0.0	667	821
08801bccde83775c1449e602b6dbd05a	gi|631250946|ref|NR_112143.1|	92.625	461	32	2	1	460	307	766	0.0	662	821
08801bccde83775c1449e602b6dbd05a	gi|343200664|ref|NR_041351.1|	92.408	461	33	2	1	460	341	800	0.0	656	357276
08801bccde83775c1449e602b6dbd05a	gi|631251866|ref|NR_113064.1|	91.304	460	40	0	1	460	338	797	7.85e-180	628	1236538
08801bccde83775c1449e602b6dbd05a	gi|631251817|ref|NR_113015.1|	91.304	460	40	0	1	460	338	797	7.85e-180	628	1236538
08801bccde83775c1449e602b6dbd05a	gi|645320081|ref|NR_117373.1|	91.304	460	40	0	1	460	289	748	7.85e-180	628	1236515
08801bccde83775c1449e602b6dbd05a	gi|631251997|ref|NR_113195.1|	91.087	460	41	0	1	460	338	797	3.65e-178	623	1236515
08801bccde83775c1449e602b6dbd05a	gi|2363085522|ref|NR_181010.1|	90.870	460	42	0	1	460	297	756	1.70e-176	617	2786956
08801bccde83775c1449e602b6dbd05a	gi|444304122|ref|NR_074546.1|	90.889	461	40	2	1	460	336	795	1.70e-176	617	290053
cd8b1f32a898d71ab152c4d4e1e4d31b	gi|2221405488|ref|NR_175548.1|	91.793	463	32	5	1	460	346	805	0.0	640	2739389
cd8b1f32a898d71ab152c4d4e1e4d31b	gi|343200591|ref|NR_041278.1|	89.827	462	43	4	1	460	339	798	3.70e-168	590	470145
cd8b1f32a898d71ab152c4d4e1e4d31b	gi|343200759|ref|NR_041446.1|	88.696	460	52	0	1	460	323	782	8.07e-160	562	376804
cd8b1f32a898d71ab152c4d4e1e4d31b	gi|631251873|ref|NR_113071.1|	87.609	460	57	0	1	460	341	800	1.76e-151	534	1236498
cd8b1f32a898d71ab152c4d4e1e4d31b	gi|631251471|ref|NR_112668.1|	87.609	460	57	0	1	460	330	789	1.76e-151	534	732242
cd8b1f32a898d71ab152c4d4e1e4d31b	gi|1116030246|ref|NR_144704.1|	87.284	464	51	7	1	460	251	710	3.81e-148	523	1203465
cd8b1f32a898d71ab152c4d4e1e4d31b	gi|631251735|ref|NR_112933.1|	87.257	463	53	5	1	460	334	793	3.81e-148	523	246787
cd8b1f32a898d71ab152c4d4e1e4d31b	gi|2363083816|ref|NR_180156.1|	86.957	460	60	0	1	460	291	750	1.77e-146	518	2290935
cd8b1f32a898d71ab152c4d4e1e4d31b	gi|2363082338|ref|NR_179416.1|	86.985	461	59	1	1	460	342	802	1.77e-146	518	1673718
cd8b1f32a898d71ab152c4d4e1e4d31b	gi|1024974747|ref|NR_136788.1|	87.013	462	56	4	1	460	339	798	1.77e-146	518	1583331
bd9e247dfcda8b0c4e1c2d66bdaef092	gi|2962412282|ref|NR_199476.1|	84.615	104	15	1	8	110	904	801	1.91e-21	102	2609417
bd9e247dfcda8b0c4e1c2d66bdaef092	gi|1590091783|ref|NR_044727.2|	84.314	102	15	1	10	110	923	822	2.47e-20	99.0	937775
bd9e247dfcda8b0c4e1c2d66bdaef092	gi|959494918|ref|NR_133782.1|	84.314	102	15	1	10	110	841	740	2.47e-20	99.0	1390225
bd9e247dfcda8b0c4e1c2d66bdaef092	gi|507148095|ref|NR_102902.1|	84.314	102	15	1	10	110	923	822	2.47e-20	99.0	54120
bd9e247dfcda8b0c4e1c2d66bdaef092	gi|470467532|ref|NR_074180.1|	84.314	102	15	1	10	110	920	819	2.47e-20	99.0	456442
bd9e247dfcda8b0c4e1c2d66bdaef092	gi|470467480|ref|NR_074177.1|	84.314	102	15	1	10	110	922	821	2.47e-20	99.0	323259
bd9e247dfcda8b0c4e1c2d66bdaef092	gi|645321393|ref|NR_118370.1|	84.314	102	15	1	10	110	838	737	2.47e-20	99.0	230356
bd9e247dfcda8b0c4e1c2d66bdaef092	gi|645321388|ref|NR_118366.1|	84.314	102	15	1	10	110	848	747	2.47e-20	99.0	323259
bd9e247dfcda8b0c4e1c2d66bdaef092	gi|559795201|ref|NR_104790.1|	84.314	102	15	1	10	110	916	815	2.47e-20	99.0	62970
bd9e247dfcda8b0c4e1c2d66bdaef092	gi|559795151|ref|NR_104738.1|	84.314	102	15	1	10	110	918	817	2.47e-20	99.0	33865
48007532be684fdc58cee300dda7b7f9	gi|219878150|ref|NR_025289.1|	99.539	434	2	0	1	434	321	754	0.0	791	888727
48007532be684fdc58cee300dda7b7f9	gi|645321917|ref|NR_118780.1|	98.161	435	7	1	1	434	326	760	0.0	758	56774
48007532be684fdc58cee300dda7b7f9	gi|1116030279|ref|NR_144737.1|	95.402	435	18	2	1	434	347	780	0.0	691	1776384
48007532be684fdc58cee300dda7b7f9	gi|265678606|ref|NR_028911.1|	94.009	434	26	0	1	434	335	768	0.0	658	109327
48007532be684fdc58cee300dda7b7f9	gi|1116030291|ref|NR_144749.1|	93.793	435	24	3	1	434	347	779	0.0	651	1852367
48007532be684fdc58cee300dda7b7f9	gi|939733310|ref|NR_133037.1|	92.414	435	31	2	1	434	348	781	4.53e-177	619	938278
48007532be684fdc58cee300dda7b7f9	gi|2363082665|ref|NR_179580.1|	92.166	434	33	1	1	434	327	759	2.11e-175	614	1917867
48007532be684fdc58cee300dda7b7f9	gi|219856893|ref|NR_024712.1|	92.148	433	33	1	2	434	347	778	2.72e-174	610	86333
48007532be684fdc58cee300dda7b7f9	gi|2136551617|ref|NR_173621.1|	91.935	434	35	0	1	434	354	787	9.80e-174	608	2818044
48007532be684fdc58cee300dda7b7f9	gi|224581422|ref|NR_027203.1|	91.935	434	33	2	2	434	346	778	3.52e-173	606	114528
0d8bc2a4213ee6cfdf0b839f58d5d933	gi|219856912|ref|NR_024733.1|	98.491	464	6	1	2	464	327	790	0.0	817	1297794
0d8bc2a4213ee6cfdf0b839f58d5d933	gi|1109168034|ref|NR_144615.1|	94.670	469	15	6	1	464	316	779	0.0	719	1796628
0d8bc2a4213ee6cfdf0b839f58d5d933	gi|2363083393|ref|NR_179945.1|	93.991	466	24	4	1	464	280	743	0.0	702	2899121
0d8bc2a4213ee6cfdf0b839f58d5d933	gi|1116030260|ref|NR_144718.1|	92.735	468	26	7	1	464	326	789	0.0	669	1585974
0d8bc2a4213ee6cfdf0b839f58d5d933	gi|631252045|ref|NR_113243.1|	92.258	465	34	2	1	464	328	791	0.0	658	1547
0d8bc2a4213ee6cfdf0b839f58d5d933	gi|631253195|ref|NR_114393.1|	92.060	466	33	4	1	464	326	789	0.0	652	29348
0d8bc2a4213ee6cfdf0b839f58d5d933	gi|645322566|ref|NR_119286.1|	92.111	469	27	5	1	464	313	776	0.0	652	69824
0d8bc2a4213ee6cfdf0b839f58d5d933	gi|2260349424|ref|NR_176506.1|	91.898	469	28	9	1	464	315	778	0.0	647	1982626
0d8bc2a4213ee6cfdf0b839f58d5d933	gi|228720470|ref|NR_027592.1|	91.845	466	34	4	1	464	316	779	0.0	647	29348
0d8bc2a4213ee6cfdf0b839f58d5d933	gi|645322231|ref|NR_119030.1|	91.649	467	33	6	1	464	324	787	0.0	641	428126
f2dc77e7bf0ab66764fbf6c5d5ae8100	gi|507148129|ref|NR_102936.1|	98.649	444	6	0	1	444	331	774	0.0	787	521095
f2dc77e7bf0ab66764fbf6c5d5ae8100	gi|631251961|ref|NR_113159.1|	98.649	444	6	0	1	444	331	774	0.0	787	521095
f2dc77e7bf0ab66764fbf6c5d5ae8100	gi|219846501|ref|NR_026093.1|	98.649	444	6	0	1	444	238	681	0.0	787	1382
f2dc77e7bf0ab66764fbf6c5d5ae8100	gi|631251840|ref|NR_113038.1|	97.973	444	9	0	1	444	332	775	0.0	771	1383
f2dc77e7bf0ab66764fbf6c5d5ae8100	gi|310974955|ref|NR_036819.1|	97.973	444	9	0	1	444	312	755	0.0	771	1383
f2dc77e7bf0ab66764fbf6c5d5ae8100	gi|645320597|ref|NR_117765.1|	95.302	447	18	3	1	444	317	763	0.0	706	1381
f2dc77e7bf0ab66764fbf6c5d5ae8100	gi|645319533|ref|NR_116940.1|	95.302	447	18	3	1	444	313	759	0.0	706	1381
f2dc77e7bf0ab66764fbf6c5d5ae8100	gi|343206246|ref|NR_044838.1|	95.302	447	18	3	1	444	341	787	0.0	706	1381
f2dc77e7bf0ab66764fbf6c5d5ae8100	gi|2363087345|ref|NR_181929.1|	95.067	446	20	2	1	444	315	760	0.0	701	2930083
f2dc77e7bf0ab66764fbf6c5d5ae8100	gi|2363084739|ref|NR_180618.1|	95.067	446	20	2	1	444	320	765	0.0	701	2779357
be40f35a1bcccc041b1c8408eed8c641	gi|2221405488|ref|NR_175548.1|	93.723	462	25	4	1	460	346	805	0.0	689	2739389
be40f35a1bcccc041b1c8408eed8c641	gi|343200591|ref|NR_041278.1|	92.208	462	32	4	1	460	339	798	0.0	651	470145
be40f35a1bcccc041b1c8408eed8c641	gi|1116030286|ref|NR_144744.1|	91.974	461	35	2	1	460	339	798	0.0	647	1841856
be40f35a1bcccc041b1c8408eed8c641	gi|444304192|ref|NR_074616.1|	92.026	464	29	8	1	460	341	800	0.0	645	376805
be40f35a1bcccc041b1c8408eed8c641	gi|343200760|ref|NR_041447.1|	92.026	464	29	8	1	460	326	785	0.0	645	376805
be40f35a1bcccc041b1c8408eed8c641	gi|343200590|ref|NR_041277.1|	91.775	462	34	4	1	460	339	798	0.0	640	484018
be40f35a1bcccc041b1c8408eed8c641	gi|1146059112|ref|NR_145844.1|	91.613	465	29	9	1	460	339	798	0.0	634	1411144
be40f35a1bcccc041b1c8408eed8c641	gi|631251740|ref|NR_112938.1|	91.558	462	35	3	1	460	326	785	0.0	634	204516
be40f35a1bcccc041b1c8408eed8c641	gi|343198509|ref|NR_042745.1|	91.558	462	35	3	1	460	338	797	0.0	634	204516
be40f35a1bcccc041b1c8408eed8c641	gi|444304122|ref|NR_074546.1|	91.361	463	34	5	1	460	336	795	7.85e-180	628	290053
41c9788f405c17e1d780d57892f19b38	gi|2363082168|ref|NR_179330.1|	94.131	443	25	1	1	443	327	768	0.0	673	2714355
41c9788f405c17e1d780d57892f19b38	gi|2363082165|ref|NR_179329.1|	93.454	443	28	1	1	443	327	768	0.0	656	2714353
41c9788f405c17e1d780d57892f19b38	gi|1269801610|ref|NR_074793.2|	91.216	444	36	3	1	443	355	796	1.64e-171	601	351091
41c9788f405c17e1d780d57892f19b38	gi|645321110|ref|NR_118156.1|	91.216	444	36	3	1	443	304	745	1.64e-171	601	1007096
41c9788f405c17e1d780d57892f19b38	gi|343200653|ref|NR_041340.1|	91.216	444	36	3	1	443	328	769	1.64e-171	601	351091
41c9788f405c17e1d780d57892f19b38	gi|2363087001|ref|NR_181757.1|	90.359	446	36	7	1	443	289	730	7.70e-165	579	2841504
41c9788f405c17e1d780d57892f19b38	gi|2363082569|ref|NR_179531.1|	90.337	445	38	5	1	443	347	788	7.70e-165	579	1852369
41c9788f405c17e1d780d57892f19b38	gi|2962412234|ref|NR_199428.1|	90.112	445	39	5	1	443	352	793	3.58e-163	573	3073143
41c9788f405c17e1d780d57892f19b38	gi|2363082342|ref|NR_179418.1|	88.964	444	47	2	1	443	348	790	2.17e-155	547	1673721
41c9788f405c17e1d780d57892f19b38	gi|2363082352|ref|NR_179423.1|	88.989	445	45	4	1	443	349	791	2.17e-155	547	1689270
0a6ab8ea44ec84fc789d51e7da2cabdf	gi|566085000|ref|NR_108538.1|	98.416	442	7	0	1	442	306	747	0.0	778	651822
0a6ab8ea44ec84fc789d51e7da2cabdf	gi|672238863|ref|NR_125451.1|	90.971	443	38	2	1	442	304	745	7.63e-170	595	760261
0a6ab8ea44ec84fc789d51e7da2cabdf	gi|631252133|ref|NR_113331.1|	90.337	445	37	6	1	442	302	743	7.68e-165	579	1005740
0a6ab8ea44ec84fc789d51e7da2cabdf	gi|444304200|ref|NR_074624.1|	87.613	444	51	4	1	442	335	776	7.90e-145	512	81468
0a6ab8ea44ec84fc789d51e7da2cabdf	gi|2363080840|ref|NR_178662.1|	87.248	447	50	6	1	442	334	778	4.76e-142	503	1482737
0a6ab8ea44ec84fc789d51e7da2cabdf	gi|586661315|ref|NR_027531.2|	86.486	444	55	5	1	442	332	772	1.72e-136	484	572547
0a6ab8ea44ec84fc789d51e7da2cabdf	gi|1491509619|ref|NR_159150.1|	85.811	444	59	4	1	442	350	791	1.74e-131	468	489973
0a6ab8ea44ec84fc789d51e7da2cabdf	gi|1193829132|ref|NR_147375.1|	85.874	446	53	10	1	442	347	786	6.24e-131	466	1870986
0a6ab8ea44ec84fc789d51e7da2cabdf	gi|2363085121|ref|NR_180809.1|	85.714	448	52	12	1	442	325	766	8.07e-130	462	2605789
0a6ab8ea44ec84fc789d51e7da2cabdf	gi|636560369|ref|NR_116429.1|	85.682	447	54	10	1	442	286	727	8.07e-130	462	561720
a0addcf82e2d4a971b539ecec09e2a46	gi|645322240|ref|NR_119038.1|	98.913	460	5	0	1	460	309	768	0.0	824	837
a0addcf82e2d4a971b539ecec09e2a46	gi|444303812|ref|NR_074234.1|	98.913	460	5	0	1	460	346	805	0.0	822	431947
a0addcf82e2d4a971b539ecec09e2a46	gi|631251888|ref|NR_113086.1|	98.913	460	5	0	1	460	339	798	0.0	822	837
a0addcf82e2d4a971b539ecec09e2a46	gi|636558581|ref|NR_114638.1|	98.913	460	5	0	1	460	319	778	0.0	822	431947
a0addcf82e2d4a971b539ecec09e2a46	gi|636558517|ref|NR_114574.1|	98.913	460	5	0	1	460	313	772	0.0	822	431947
a0addcf82e2d4a971b539ecec09e2a46	gi|343200151|ref|NR_040838.1|	98.913	460	5	0	1	460	343	802	0.0	822	431947
a0addcf82e2d4a971b539ecec09e2a46	gi|631251890|ref|NR_113088.1|	97.609	460	11	0	1	460	327	786	0.0	789	111105
a0addcf82e2d4a971b539ecec09e2a46	gi|219857464|ref|NR_025052.1|	97.609	460	11	0	1	460	315	774	0.0	789	111105
a0addcf82e2d4a971b539ecec09e2a46	gi|1277396324|ref|NR_152035.1|	93.696	460	29	0	1	460	340	799	0.0	689	1884669
a0addcf82e2d4a971b539ecec09e2a46	gi|1024974747|ref|NR_136788.1|	87.229	462	55	4	1	460	339	798	3.81e-148	523	1583331
fbfc8830f9f9f50987809b09b02a86e3	gi|2363084629|ref|NR_180563.1|	88.009	442	52	1	1	441	291	732	1.31e-147	521	2488810
fbfc8830f9f9f50987809b09b02a86e3	gi|672238876|ref|NR_125464.1|	88.009	442	52	1	1	441	325	766	1.31e-147	521	1297424
fbfc8830f9f9f50987809b09b02a86e3	gi|219846512|ref|NR_026104.1|	87.613	444	51	3	1	441	312	754	7.89e-145	512	1121303
fbfc8830f9f9f50987809b09b02a86e3	gi|343200810|ref|NR_041497.1|	87.585	443	53	2	1	441	293	735	7.89e-145	512	396504
fbfc8830f9f9f50987809b09b02a86e3	gi|645319803|ref|NR_117165.1|	87.557	442	54	1	1	441	476	917	2.84e-144	510	48256
fbfc8830f9f9f50987809b09b02a86e3	gi|645319802|ref|NR_117164.1|	87.557	442	54	1	1	441	476	917	2.84e-144	510	48256
fbfc8830f9f9f50987809b09b02a86e3	gi|645319800|ref|NR_117163.1|	87.557	442	54	1	1	441	445	886	2.84e-144	510	48256
fbfc8830f9f9f50987809b09b02a86e3	gi|645319799|ref|NR_117162.1|	87.557	442	54	1	1	441	472	913	2.84e-144	510	48256
fbfc8830f9f9f50987809b09b02a86e3	gi|3030611263|ref|NR_199939.1|	87.585	443	50	5	1	441	332	771	1.02e-143	508	3074434
fbfc8830f9f9f50987809b09b02a86e3	gi|672239088|ref|NR_125677.1|	87.585	443	50	5	1	441	346	785	1.02e-143	508	1348613
9327bcaf69b32ee1f18e5392652d9b2f	gi|631251879|ref|NR_113077.1|	88.696	460	50	2	1	459	329	787	2.88e-159	560	454154
9327bcaf69b32ee1f18e5392652d9b2f	gi|343200939|ref|NR_041626.1|	88.696	460	50	2	1	459	321	779	2.88e-159	560	762968
9327bcaf69b32ee1f18e5392652d9b2f	gi|631251745|ref|NR_112943.1|	87.473	463	51	7	1	459	326	785	2.92e-149	527	449673
9327bcaf69b32ee1f18e5392652d9b2f	gi|224581415|ref|NR_027196.1|	87.041	463	53	7	1	459	317	776	1.76e-146	518	449673
9327bcaf69b32ee1f18e5392652d9b2f	gi|1116030246|ref|NR_144704.1|	87.041	463	53	7	1	459	251	710	6.33e-146	516	1203465
9327bcaf69b32ee1f18e5392652d9b2f	gi|631251735|ref|NR_112933.1|	87.013	462	55	5	1	459	334	793	6.33e-146	516	246787
9327bcaf69b32ee1f18e5392652d9b2f	gi|1116030289|ref|NR_144747.1|	86.825	463	54	7	1	459	337	796	2.94e-144	510	1841865
9327bcaf69b32ee1f18e5392652d9b2f	gi|2363082635|ref|NR_179564.1|	86.825	463	54	7	1	459	338	797	2.94e-144	510	1903262
9327bcaf69b32ee1f18e5392652d9b2f	gi|444304122|ref|NR_074546.1|	86.825	463	54	7	1	459	336	795	2.94e-144	510	290053
9327bcaf69b32ee1f18e5392652d9b2f	gi|343200620|ref|NR_041307.1|	86.825	463	54	7	1	459	334	793	2.94e-144	510	329854
ee19a8c8fd39094a0e73926f9f4fa219	gi|2363082352|ref|NR_179423.1|	86.323	446	54	7	1	442	349	791	8.02e-135	479	1689270
ee19a8c8fd39094a0e73926f9f4fa219	gi|2363082569|ref|NR_179531.1|	85.618	445	58	6	1	442	347	788	8.07e-130	462	1852369
ee19a8c8fd39094a0e73926f9f4fa219	gi|1269801610|ref|NR_074793.2|	85.102	443	64	2	1	442	355	796	1.75e-126	451	351091
ee19a8c8fd39094a0e73926f9f4fa219	gi|2363082342|ref|NR_179418.1|	85.301	449	53	11	1	442	348	790	1.75e-126	451	1673721
ee19a8c8fd39094a0e73926f9f4fa219	gi|343200653|ref|NR_041340.1|	85.102	443	64	2	1	442	328	769	1.75e-126	451	351091
ee19a8c8fd39094a0e73926f9f4fa219	gi|2363083800|ref|NR_180148.1|	85.011	447	58	8	1	442	349	791	8.13e-125	446	2211183
ee19a8c8fd39094a0e73926f9f4fa219	gi|645321110|ref|NR_118156.1|	84.876	443	65	2	1	442	304	745	8.13e-125	446	1007096
ee19a8c8fd39094a0e73926f9f4fa219	gi|2136551692|ref|NR_173697.1|	84.719	445	62	6	1	442	349	790	3.78e-123	440	2108523
ee19a8c8fd39094a0e73926f9f4fa219	gi|2363082358|ref|NR_179426.1|	84.787	447	59	8	1	442	349	791	3.78e-123	440	1702285
ee19a8c8fd39094a0e73926f9f4fa219	gi|2962412234|ref|NR_199428.1|	84.650	443	66	2	1	442	352	793	3.78e-123	440	3073143
6fed993a9786549e1ff30bdaeb23fa3f	gi|444304091|ref|NR_074515.1|	92.576	458	30	4	5	460	354	809	0.0	654	435590
6fed993a9786549e1ff30bdaeb23fa3f	gi|631251748|ref|NR_112946.1|	92.576	458	30	4	5	460	343	798	0.0	654	821
6fed993a9786549e1ff30bdaeb23fa3f	gi|631250946|ref|NR_112143.1|	92.358	458	31	4	5	460	311	766	0.0	649	821
6fed993a9786549e1ff30bdaeb23fa3f	gi|343200664|ref|NR_041351.1|	92.140	458	32	4	5	460	345	800	0.0	643	357276
6fed993a9786549e1ff30bdaeb23fa3f	gi|2363085522|ref|NR_181010.1|	89.934	457	44	2	5	460	301	756	1.33e-167	588	2786956
6fed993a9786549e1ff30bdaeb23fa3f	gi|2363082773|ref|NR_179635.1|	89.716	457	45	2	5	460	342	797	6.19e-166	582	2024197
6fed993a9786549e1ff30bdaeb23fa3f	gi|631251997|ref|NR_113195.1|	89.716	457	45	2	5	460	342	797	6.19e-166	582	1236515
6fed993a9786549e1ff30bdaeb23fa3f	gi|631251874|ref|NR_113072.1|	89.474	456	48	0	5	460	342	797	2.88e-164	577	1236512
6fed993a9786549e1ff30bdaeb23fa3f	gi|631251866|ref|NR_113064.1|	89.497	457	46	2	5	460	342	797	2.88e-164	577	1236538
6fed993a9786549e1ff30bdaeb23fa3f	gi|631251817|ref|NR_113015.1|	89.497	457	46	2	5	460	342	797	2.88e-164	577	1236538
599028a3a7f183cb1e24f4ccd76bdcc0	gi|1491516029|ref|NR_159227.1|	95.455	440	20	0	1	440	351	790	0.0	702	1981510
599028a3a7f183cb1e24f4ccd76bdcc0	gi|2363084737|ref|NR_180617.1|	92.500	440	33	0	1	440	337	776	2.08e-180	630	2779355
599028a3a7f183cb1e24f4ccd76bdcc0	gi|2260349448|ref|NR_176530.1|	91.256	446	29	10	1	440	358	799	5.87e-171	599	2093857
599028a3a7f183cb1e24f4ccd76bdcc0	gi|2363082569|ref|NR_179531.1|	91.216	444	33	6	1	440	347	788	5.87e-171	599	1852369
599028a3a7f183cb1e24f4ccd76bdcc0	gi|2363082559|ref|NR_179526.1|	91.256	446	29	10	1	440	349	790	5.87e-171	599	1841866
599028a3a7f183cb1e24f4ccd76bdcc0	gi|2363084120|ref|NR_180309.1|	90.541	444	37	4	1	440	289	731	5.91e-166	582	2487273
599028a3a7f183cb1e24f4ccd76bdcc0	gi|219846327|ref|NR_025917.1|	90.455	440	41	1	1	440	309	747	7.65e-165	579	35830
599028a3a7f183cb1e24f4ccd76bdcc0	gi|444304204|ref|NR_074629.1|	90.293	443	40	2	1	440	341	783	2.75e-164	577	1515
599028a3a7f183cb1e24f4ccd76bdcc0	gi|631251959|ref|NR_113157.1|	90.293	443	40	2	1	440	341	783	2.75e-164	577	1515
599028a3a7f183cb1e24f4ccd76bdcc0	gi|219857201|ref|NR_024829.1|	90.293	443	40	2	1	440	321	763	2.75e-164	577	253314
5e7b7f6baed439b584a5c77ff2e61f7e	gi|1116030290|ref|NR_144748.1|	95.216	439	21	0	1	439	335	773	0.0	695	2897707
5e7b7f6baed439b584a5c77ff2e61f7e	gi|228717037|ref|NR_027558.1|	90.888	439	40	0	1	439	292	730	3.52e-168	590	169435
5e7b7f6baed439b584a5c77ff2e61f7e	gi|1193829155|ref|NR_147398.1|	90.661	439	41	0	1	439	351	789	1.64e-166	584	1720200
5e7b7f6baed439b584a5c77ff2e61f7e	gi|2363082711|ref|NR_179603.1|	90.661	439	41	0	1	439	317	755	1.64e-166	584	1944642
5e7b7f6baed439b584a5c77ff2e61f7e	gi|2363082340|ref|NR_179417.1|	90.433	439	42	0	1	439	345	783	7.63e-165	579	1673720
5e7b7f6baed439b584a5c77ff2e61f7e	gi|343202572|ref|NR_042930.1|	90.433	439	42	0	1	439	366	804	7.63e-165	579	258515
5e7b7f6baed439b584a5c77ff2e61f7e	gi|2363082755|ref|NR_179626.1|	89.522	439	46	0	1	439	351	789	3.57e-158	556	1987501
5e7b7f6baed439b584a5c77ff2e61f7e	gi|2363082585|ref|NR_179539.1|	89.522	439	46	0	1	439	351	789	3.57e-158	556	1852384
5e7b7f6baed439b584a5c77ff2e61f7e	gi|2363082625|ref|NR_179559.1|	89.342	441	45	2	1	439	333	773	4.62e-157	553	1871018
5e7b7f6baed439b584a5c77ff2e61f7e	gi|2363082601|ref|NR_179547.1|	89.091	440	47	1	1	439	347	786	7.74e-155	545	1870991
e3147c3ba7fffb95774a40990328bd62	gi|559795318|ref|NR_104911.1|	85.491	448	50	13	2	443	317	755	4.86e-127	453	758823
e3147c3ba7fffb95774a40990328bd62	gi|2363082332|ref|NR_179413.1|	84.494	445	62	6	1	443	333	772	6.33e-121	433	1658110
e3147c3ba7fffb95774a40990328bd62	gi|1227086105|ref|NR_148615.1|	84.270	445	63	6	1	443	333	772	2.95e-119	427	1380675
e3147c3ba7fffb95774a40990328bd62	gi|219857431|ref|NR_025019.1|	84.045	445	64	6	1	443	311	750	1.37e-117	422	100174
e3147c3ba7fffb95774a40990328bd62	gi|219846730|ref|NR_026322.1|	84.045	445	64	6	1	443	310	749	1.37e-117	422	46609
e3147c3ba7fffb95774a40990328bd62	gi|1109168029|ref|NR_144613.1|	83.784	444	70	2	1	443	330	772	4.93e-117	420	1796619
e3147c3ba7fffb95774a40990328bd62	gi|631251702|ref|NR_112900.1|	83.784	444	70	2	1	443	341	783	4.93e-117	420	626937
e3147c3ba7fffb95774a40990328bd62	gi|219846520|ref|NR_026112.1|	83.820	445	65	6	1	443	329	768	1.77e-116	418	29373
e3147c3ba7fffb95774a40990328bd62	gi|265678924|ref|NR_029232.1|	83.784	444	67	4	1	443	333	772	6.38e-116	416	29341
e3147c3ba7fffb95774a40990328bd62	gi|343205649|ref|NR_044011.1|	83.596	445	71	2	1	443	278	722	6.38e-116	416	405782
28f81c881c7f3f17552a5f2eeeda4a75	gi|2363087249|ref|NR_181880.1|	95.643	459	20	0	1	459	294	752	0.0	737	2880703
28f81c881c7f3f17552a5f2eeeda4a75	gi|2363083455|ref|NR_179976.1|	91.522	460	37	2	1	459	289	747	0.0	632	2094151
28f81c881c7f3f17552a5f2eeeda4a75	gi|2363084366|ref|NR_180431.1|	91.323	461	37	3	1	459	350	809	2.81e-179	627	2530390
28f81c881c7f3f17552a5f2eeeda4a75	gi|1909404453|ref|NR_170508.1|	90.196	459	45	0	1	459	352	810	6.12e-171	599	2518971
28f81c881c7f3f17552a5f2eeeda4a75	gi|2363083453|ref|NR_179975.1|	90.196	459	45	0	1	459	339	797	6.12e-171	599	2094150
28f81c881c7f3f17552a5f2eeeda4a75	gi|2363087247|ref|NR_181879.1|	89.805	461	43	4	1	459	285	743	1.33e-167	588	2880704
28f81c881c7f3f17552a5f2eeeda4a75	gi|2363084938|ref|NR_180717.1|	89.805	461	44	3	1	459	259	718	1.33e-167	588	2601703
28f81c881c7f3f17552a5f2eeeda4a75	gi|1109168036|ref|NR_144616.1|	89.224	464	41	5	1	459	280	739	1.33e-162	571	1796646
28f81c881c7f3f17552a5f2eeeda4a75	gi|1909404454|ref|NR_170509.1|	88.261	460	52	2	1	459	347	805	6.25e-156	549	2530391
28f81c881c7f3f17552a5f2eeeda4a75	gi|631251875|ref|NR_113073.1|	88.069	461	52	3	1	459	329	788	2.91e-154	544	487174
f15c4c2a85ae65dc2b4f998ed8699684	gi|2363082773|ref|NR_179635.1|	87.636	461	55	2	1	460	338	797	1.76e-151	534	2024197
f15c4c2a85ae65dc2b4f998ed8699684	gi|444304091|ref|NR_074515.1|	87.662	462	53	4	1	460	350	809	1.76e-151	534	435590
f15c4c2a85ae65dc2b4f998ed8699684	gi|631251748|ref|NR_112946.1|	87.662	462	53	4	1	460	339	798	1.76e-151	534	821
f15c4c2a85ae65dc2b4f998ed8699684	gi|631250946|ref|NR_112143.1|	87.446	462	54	4	1	460	307	766	8.19e-150	529	821
f15c4c2a85ae65dc2b4f998ed8699684	gi|2363086550|ref|NR_181532.1|	87.174	460	59	0	1	460	322	781	3.81e-148	523	2763025
f15c4c2a85ae65dc2b4f998ed8699684	gi|631251872|ref|NR_113070.1|	87.202	461	57	2	1	460	334	793	3.81e-148	523	742727
f15c4c2a85ae65dc2b4f998ed8699684	gi|631251747|ref|NR_112945.1|	87.174	460	59	0	1	460	327	786	3.81e-148	523	820
f15c4c2a85ae65dc2b4f998ed8699684	gi|631251697|ref|NR_112895.1|	87.202	461	57	2	1	460	314	773	3.81e-148	523	742727
f15c4c2a85ae65dc2b4f998ed8699684	gi|343200664|ref|NR_041351.1|	87.229	462	55	4	1	460	341	800	3.81e-148	523	357276
f15c4c2a85ae65dc2b4f998ed8699684	gi|343200179|ref|NR_040866.1|	87.174	460	59	0	1	460	334	793	3.81e-148	523	820
18e3ef2ccfae3fb2694325607ad2d64d	gi|2363082168|ref|NR_179330.1|	91.403	442	38	0	1	442	327	768	3.52e-173	606	2714355
18e3ef2ccfae3fb2694325607ad2d64d	gi|2363082165|ref|NR_179329.1|	90.724	442	41	0	1	442	327	768	3.55e-168	590	2714353
18e3ef2ccfae3fb2694325607ad2d64d	gi|1109168025|ref|NR_144611.1|	89.686	446	39	5	1	442	282	724	7.74e-160	562	1417852
18e3ef2ccfae3fb2694325607ad2d64d	gi|2136551692|ref|NR_173697.1|	89.391	443	45	2	1	442	349	790	3.60e-158	556	2108523
18e3ef2ccfae3fb2694325607ad2d64d	gi|2363082358|ref|NR_179426.1|	88.989	445	44	4	1	442	349	791	7.79e-155	545	1702285
18e3ef2ccfae3fb2694325607ad2d64d	gi|2962412234|ref|NR_199428.1|	89.013	446	41	7	1	442	352	793	7.79e-155	545	3073143
18e3ef2ccfae3fb2694325607ad2d64d	gi|645321110|ref|NR_118156.1|	88.989	445	43	5	1	442	304	745	7.79e-155	545	1007096
18e3ef2ccfae3fb2694325607ad2d64d	gi|2260349448|ref|NR_176530.1|	88.764	445	44	5	1	442	358	799	3.63e-153	540	2093857
18e3ef2ccfae3fb2694325607ad2d64d	gi|2363082559|ref|NR_179526.1|	88.764	445	44	5	1	442	349	790	3.63e-153	540	1841866
18e3ef2ccfae3fb2694325607ad2d64d	gi|2363082170|ref|NR_179331.1|	88.713	443	49	1	1	442	328	770	3.63e-153	540	2714358
3419960a639eac42d0e22b7f26e18fc1	gi|645319776|ref|NR_117142.1|	93.197	441	27	3	1	439	347	786	0.0	645	290055
3419960a639eac42d0e22b7f26e18fc1	gi|645319775|ref|NR_117141.1|	93.197	441	27	3	1	439	347	786	0.0	645	290055
3419960a639eac42d0e22b7f26e18fc1	gi|645319774|ref|NR_117140.1|	93.197	441	27	3	1	439	348	787	0.0	645	290055
3419960a639eac42d0e22b7f26e18fc1	gi|559795211|ref|NR_104800.1|	93.197	441	27	3	1	439	346	785	0.0	645	290055
3419960a639eac42d0e22b7f26e18fc1	gi|645320334|ref|NR_117563.1|	93.197	441	27	3	1	439	351	790	0.0	645	290055
3419960a639eac42d0e22b7f26e18fc1	gi|645319781|ref|NR_117147.1|	92.971	441	28	3	1	439	346	785	0.0	640	39482
3419960a639eac42d0e22b7f26e18fc1	gi|559795214|ref|NR_104803.1|	92.971	441	28	3	1	439	343	782	0.0	640	39482
3419960a639eac42d0e22b7f26e18fc1	gi|219846720|ref|NR_026312.1|	92.517	441	30	3	1	439	327	766	2.08e-180	630	180164
3419960a639eac42d0e22b7f26e18fc1	gi|2260349417|ref|NR_176499.1|	92.517	441	30	3	1	439	350	789	7.47e-180	628	1812858
3419960a639eac42d0e22b7f26e18fc1	gi|631253194|ref|NR_114392.1|	92.500	440	32	1	1	439	350	789	7.47e-180	628	1544
ada674948c265a0558bc2ccc8ba44ed7	gi|265678656|ref|NR_028961.1|	95.023	442	18	3	1	440	327	766	0.0	691	853
ada674948c265a0558bc2ccc8ba44ed7	gi|2363081451|ref|NR_178972.1|	94.582	443	18	5	1	440	285	724	0.0	680	1851428
ada674948c265a0558bc2ccc8ba44ed7	gi|2363082282|ref|NR_179388.1|	94.357	443	19	5	1	440	335	774	0.0	675	2935520
ada674948c265a0558bc2ccc8ba44ed7	gi|2363080123|ref|NR_178280.1|	94.344	442	21	3	1	440	331	770	0.0	675	411483
ada674948c265a0558bc2ccc8ba44ed7	gi|3030611269|ref|NR_199945.1|	94.091	440	26	0	1	440	335	774	0.0	669	3435293
ada674948c265a0558bc2ccc8ba44ed7	gi|2363081449|ref|NR_178971.1|	93.891	442	22	4	1	440	285	723	0.0	662	1851427
ada674948c265a0558bc2ccc8ba44ed7	gi|2363080175|ref|NR_178311.1|	92.986	442	27	3	1	440	412	851	0.0	641	2903556
ada674948c265a0558bc2ccc8ba44ed7	gi|1397641802|ref|NR_156911.1|	90.455	440	42	0	1	440	351	790	2.13e-165	580	1650663
ada674948c265a0558bc2ccc8ba44ed7	gi|2962412223|ref|NR_199417.1|	89.773	440	45	0	1	440	342	781	2.14e-160	564	3136601
ada674948c265a0558bc2ccc8ba44ed7	gi|1277396189|ref|NR_151900.1|	89.796	441	43	2	1	440	351	790	2.14e-160	564	1550024
05d7a5c7d5c9ae85b864a48bcd66a86e	gi|2363084431|ref|NR_180463.1|	92.191	461	17	6	1	443	340	799	0.0	634	2650158
05d7a5c7d5c9ae85b864a48bcd66a86e	gi|1109168015|ref|NR_144606.1|	91.974	461	18	10	1	443	340	799	7.54e-180	628	1796613
05d7a5c7d5c9ae85b864a48bcd66a86e	gi|631251749|ref|NR_112947.1|	91.974	461	18	9	1	443	326	785	7.54e-180	628	657309
05d7a5c7d5c9ae85b864a48bcd66a86e	gi|631251733|ref|NR_112931.1|	91.974	461	18	10	1	443	340	799	7.54e-180	628	85831
05d7a5c7d5c9ae85b864a48bcd66a86e	gi|343201773|ref|NR_042499.1|	91.974	461	18	9	1	443	294	753	7.54e-180	628	657309
05d7a5c7d5c9ae85b864a48bcd66a86e	gi|265678305|ref|NR_028607.1|	91.957	460	18	10	2	443	333	791	2.71e-179	627	85831
05d7a5c7d5c9ae85b864a48bcd66a86e	gi|2363082611|ref|NR_179552.1|	91.558	462	19	11	1	443	340	800	4.54e-177	619	1871006
05d7a5c7d5c9ae85b864a48bcd66a86e	gi|645322410|ref|NR_119165.1|	91.323	461	21	6	1	443	319	778	1.63e-176	617	28116
05d7a5c7d5c9ae85b864a48bcd66a86e	gi|631252008|ref|NR_113206.1|	91.323	461	21	9	1	443	336	795	7.59e-175	612	1236513
05d7a5c7d5c9ae85b864a48bcd66a86e	gi|636560121|ref|NR_116181.1|	91.304	460	22	6	1	443	333	791	7.59e-175	612	28116
